#include "10_5.h"
#include <inttypes.h>
#include "roo_display/hal/progmem.h"
#include "roo_display/font/smooth_font_v2.h"

namespace roo_display {

// Font NotoSans-Medium (Noto Sans Medium)
// Generated on Fri Jul 31 17:49:44 EEST 2026.
// 347 glyphs (97 compressed, 250 uncompressed), 11779 bytes total, 265 bytes saved by RLE.
static const uint8_t font_NotoSans_Medium_10_5_data[] PROGMEM = {
  
  // Header (32 bytes).
  0x02, 0x00, 0x04, 0x02, 0x01, 0x02, 0x01, 0x01, 0x5B, 0x00, 0x06,
  0xFE, 0xFE, 0x0C, 0x0B, 0x08, 0xFD, 0x03, 0x01, 0x0D, 0x04, 0x03, 0x00, 0x5F,
  0x02, 0x00, 0x84, 0x00, 0x0D, 0xFB, 0x00, 0x00,
  
  // Cmap (347 glyphs, 100 bytes).
  0x00, 0x21, 0x00, 0x5E, 0x00, 0x00, 0x00, 0x00, 0x00, 0x00, 0x00, 0x00, // U+0021..U+007E dense.
  0x00, 0xA1, 0x00, 0x0C, 0x00, 0x5E, 0x00, 0x00, 0x00, 0x00, 0x00, 0x00, // U+00A1..U+00AC dense.
  0x00, 0xAE, 0x00, 0xD2, 0x00, 0x6A, 0x00, 0x00, 0x00, 0x00, 0x00, 0x00, // U+00AE..U+017F dense.
  0x03, 0xA9, 0x1C, 0x6C, 0x01, 0x3C, 0x00, 0x05, 0x00, 0x00, 0x68, 0x01, // U+03A9..U+2014 sparse.
  0x20, 0x18, 0x00, 0x0B, 0x01, 0x47, 0x00, 0x00, 0x00, 0x00, 0x00, 0x00, // U+2018..U+2022 dense.
  0x20, 0x26, 0xDA, 0xDD, 0x01, 0x52, 0x00, 0x09, 0x00, 0x00, 0x72, 0x01, // U+2026..U+FB02 sparse.
  
  // Sparse indirection: glyphs 316..320, range U+03A9..U+2014.
  0x00, 0x00, // U+03A9.
  0x00, 0x13, // U+03BC.
  0x00, 0x17, // U+03C0.
  0x1C, 0x6A, // U+2013.
  0x1C, 0x6B, // U+2014.
  
  // Sparse indirection: glyphs 338..346, range U+2026..U+FB02.
  0x00, 0x00, // U+2026.
  0x00, 0x0A, // U+2030.
  0x00, 0x13, // U+2039.
  0x00, 0x14, // U+203A.
  0x00, 0x1E, // U+2044.
  0x00, 0xFC, // U+2122.
  0x01, 0x2C, // U+2152.
  0xDA, 0xDB, // U+FB01.
  0xDA, 0xDC, // U+FB02.
  
  // Glyph metrics (347 glyphs, 2429 bytes).
  0x40, 0x01, 0x02, 0x08, 0x03, 0x00, 0x00, // "!" (U+0021)
  0x40, 0x06, 0x03, 0x08, 0x04, 0x00, 0x0C, // """ (U+0022)
  0x40, 0x01, 0x06, 0x08, 0x07, 0x00, 0x12, // "#" (U+0023)
  0x40, 0x00, 0x05, 0x08, 0x06, 0x00, 0x2E, // "$" (U+0024)
  0x40, 0x01, 0x08, 0x08, 0x09, 0x00, 0x49, // "%" (U+0025)
  0x40, 0x01, 0x07, 0x08, 0x08, 0x00, 0x6D, // "&" (U+0026)
  0x40, 0x06, 0x01, 0x08, 0x02, 0x00, 0x8D, // "'" (U+0027)
  0x40, 0xFF, 0x02, 0x08, 0x03, 0x00, 0x90, // "(" (U+0028)
  0x40, 0xFF, 0x02, 0x08, 0x03, 0x00, 0x9F, // ")" (U+0029)
  0x40, 0x04, 0x05, 0x08, 0x06, 0x00, 0xAE, // "*" (U+002A)
  0x00, 0x02, 0x05, 0x06, 0x06, 0x00, 0xBD, // "+" (U+002B)
  0x40, 0x00, 0x01, 0x02, 0x03, 0x00, 0xCA, // "," (U+002C)
  0x40, 0x03, 0x02, 0x03, 0x03, 0x00, 0xCD, // "-" (U+002D)
  0x40, 0x01, 0x01, 0x01, 0x03, 0x00, 0xCF, // "." (U+002E)
  0x40, 0x01, 0x03, 0x08, 0x04, 0x00, 0xD0, // "/" (U+002F)
  0x40, 0x01, 0x05, 0x08, 0x06, 0x00, 0xE0, // "0" (U+0030)
  0x41, 0x01, 0x03, 0x08, 0x06, 0x00, 0xF8, // "1" (U+0031)
  0x40, 0x01, 0x05, 0x08, 0x06, 0x01, 0x04, // "2" (U+0032)
  0x40, 0x01, 0x05, 0x08, 0x06, 0x01, 0x1C, // "3" (U+0033)
  0x40, 0x01, 0x05, 0x08, 0x06, 0x01, 0x34, // "4" (U+0034)
  0x40, 0x01, 0x05, 0x08, 0x06, 0x01, 0x4C, // "5" (U+0035)
  0x40, 0x01, 0x05, 0x08, 0x06, 0x01, 0x64, // "6" (U+0036)
  0x00, 0x01, 0x05, 0x08, 0x06, 0x01, 0x7C, // "7" (U+0037)
  0x40, 0x01, 0x05, 0x08, 0x06, 0x01, 0x92, // "8" (U+0038)
  0x40, 0x01, 0x05, 0x08, 0x06, 0x01, 0xAA, // "9" (U+0039)
  0x00, 0x01, 0x01, 0x06, 0x03, 0x01, 0xC2, // ":" (U+003A)
  0x00, 0xFF, 0x02, 0x06, 0x03, 0x01, 0xC7, // ";" (U+003B)
  0x00, 0x02, 0x05, 0x07, 0x06, 0x01, 0xD1, // "<" (U+003C)
  0x40, 0x03, 0x05, 0x05, 0x06, 0x01, 0xE1, // "=" (U+003D)
  0x00, 0x02, 0x05, 0x07, 0x06, 0x01, 0xEA, // ">" (U+003E)
  0x40, 0x01, 0x04, 0x08, 0x05, 0x01, 0xF9, // "?" (U+003F)
  0x40, 0x00, 0x08, 0x08, 0x09, 0x02, 0x0D, // "@" (U+0040)
  0x40, 0x01, 0x06, 0x08, 0x07, 0x02, 0x36, // "A" (U+0041)
  0x41, 0x01, 0x06, 0x08, 0x07, 0x02, 0x52, // "B" (U+0042)
  0x00, 0x01, 0x06, 0x08, 0x07, 0x02, 0x6A, // "C" (U+0043)
  0x41, 0x01, 0x06, 0x08, 0x08, 0x02, 0x84, // "D" (U+0044)
  0x01, 0x01, 0x05, 0x08, 0x06, 0x02, 0x9C, // "E" (U+0045)
  0x01, 0x01, 0x05, 0x08, 0x06, 0x02, 0xAF, // "F" (U+0046)
  0x40, 0x01, 0x06, 0x08, 0x08, 0x02, 0xC1, // "G" (U+0047)
  0x41, 0x01, 0x06, 0x08, 0x08, 0x02, 0xDD, // "H" (U+0048)
  0x40, 0x01, 0x03, 0x08, 0x04, 0x02, 0xF5, // "I" (U+0049)
  0xBF, 0xFF, 0x02, 0x08, 0x03, 0x03, 0x05, // "J" (U+004A)
  0x41, 0x01, 0x06, 0x08, 0x07, 0x03, 0x19, // "K" (U+004B)
  0x01, 0x01, 0x05, 0x08, 0x06, 0x03, 0x31, // "L" (U+004C)
  0x41, 0x01, 0x08, 0x08, 0x0A, 0x03, 0x41, // "M" (U+004D)
  0x41, 0x01, 0x07, 0x08, 0x08, 0x03, 0x61, // "N" (U+004E)
  0x40, 0x01, 0x07, 0x08, 0x08, 0x03, 0x7D, // "O" (U+004F)
  0x41, 0x01, 0x05, 0x08, 0x06, 0x03, 0x9D, // "P" (U+0050)
  0x00, 0xFF, 0x07, 0x08, 0x08, 0x03, 0xB1, // "Q" (U+0051)
  0x41, 0x01, 0x06, 0x08, 0x07, 0x03, 0xD8, // "R" (U+0052)
  0x40, 0x01, 0x05, 0x08, 0x06, 0x03, 0xF0, // "S" (U+0053)
  0x00, 0x01, 0x05, 0x08, 0x06, 0x04, 0x08, // "T" (U+0054)
  0x40, 0x01, 0x06, 0x08, 0x08, 0x04, 0x1F, // "U" (U+0055)
  0x40, 0x01, 0x06, 0x08, 0x06, 0x04, 0x3B, // "V" (U+0056)
  0x40, 0x01, 0x09, 0x08, 0x0A, 0x04, 0x57, // "W" (U+0057)
  0x40, 0x01, 0x06, 0x08, 0x06, 0x04, 0x7F, // "X" (U+0058)
  0x40, 0x01, 0x05, 0x08, 0x06, 0x04, 0x9B, // "Y" (U+0059)
  0x40, 0x01, 0x05, 0x08, 0x06, 0x04, 0xB3, // "Z" (U+005A)
  0x40, 0xFF, 0x03, 0x08, 0x03, 0x04, 0xCB, // "[" (U+005B)
  0x40, 0x01, 0x03, 0x08, 0x04, 0x04, 0xDF, // "\" (U+005C)
  0x40, 0xFF, 0x02, 0x08, 0x03, 0x04, 0xEF, // "]" (U+005D)
  0x40, 0x04, 0x05, 0x08, 0x06, 0x04, 0xFE, // "^" (U+005E)
  0x40, 0xFF, 0x04, 0xFF, 0x05, 0x05, 0x0D, // "_" (U+005F)
  0x40, 0x08, 0x02, 0x09, 0x03, 0x05, 0x10, // "`" (U+0060)
  0x40, 0x01, 0x05, 0x06, 0x06, 0x05, 0x13, // "a" (U+0061)
  0x40, 0x01, 0x05, 0x08, 0x07, 0x05, 0x25, // "b" (U+0062)
  0x40, 0x01, 0x04, 0x06, 0x05, 0x05, 0x3D, // "c" (U+0063)
  0x40, 0x01, 0x05, 0x08, 0x07, 0x05, 0x4C, // "d" (U+0064)
  0x40, 0x01, 0x05, 0x06, 0x06, 0x05, 0x64, // "e" (U+0065)
  0x40, 0x01, 0x04, 0x08, 0x04, 0x05, 0x76, // "f" (U+0066)
  0x40, 0xFE, 0x05, 0x06, 0x07, 0x05, 0x8A, // "g" (U+0067)
  0x40, 0x01, 0x05, 0x08, 0x07, 0x05, 0xA5, // "h" (U+0068)
  0x40, 0x01, 0x01, 0x08, 0x03, 0x05, 0xBD, // "i" (U+0069)
  0xBF, 0xFE, 0x01, 0x08, 0x03, 0x05, 0xC5, // "j" (U+006A)
  0x40, 0x01, 0x05, 0x08, 0x06, 0x05, 0xD6, // "k" (U+006B)
  0x40, 0x01, 0x01, 0x08, 0x03, 0x05, 0xEE, // "l" (U+006C)
  0x40, 0x01, 0x09, 0x06, 0x0A, 0x05, 0xF6, // "m" (U+006D)
  0x40, 0x01, 0x05, 0x06, 0x07, 0x06, 0x14, // "n" (U+006E)
  0x40, 0x01, 0x05, 0x06, 0x06, 0x06, 0x26, // "o" (U+006F)
  0x40, 0xFE, 0x05, 0x06, 0x07, 0x06, 0x38, // "p" (U+0070)
  0x40, 0xFE, 0x05, 0x06, 0x07, 0x06, 0x53, // "q" (U+0071)
  0x00, 0x01, 0x04, 0x06, 0x04, 0x06, 0x6E, // "r" (U+0072)
  0x40, 0x01, 0x04, 0x06, 0x05, 0x06, 0x7C, // "s" (U+0073)
  0x40, 0x01, 0x03, 0x08, 0x04, 0x06, 0x8B, // "t" (U+0074)
  0x40, 0x01, 0x05, 0x06, 0x07, 0x06, 0x9B, // "u" (U+0075)
  0x40, 0x01, 0x05, 0x06, 0x06, 0x06, 0xAD, // "v" (U+0076)
  0x40, 0x01, 0x08, 0x06, 0x08, 0x06, 0xBF, // "w" (U+0077)
  0x40, 0x01, 0x05, 0x06, 0x06, 0x06, 0xDA, // "x" (U+0078)
  0x40, 0xFE, 0x05, 0x06, 0x06, 0x06, 0xEC, // "y" (U+0079)
  0x40, 0x01, 0x04, 0x06, 0x05, 0x07, 0x07, // "z" (U+007A)
  0x40, 0xFF, 0x03, 0x08, 0x04, 0x07, 0x16, // "{" (U+007B)
  0x42, 0xFE, 0x03, 0x08, 0x06, 0x07, 0x2A, // "|" (U+007C)
  0x40, 0xFF, 0x03, 0x08, 0x04, 0x07, 0x35, // "}" (U+007D)
  0x40, 0x04, 0x05, 0x05, 0x06, 0x07, 0x49, // "~" (U+007E)
  0x40, 0xFF, 0x02, 0x06, 0x03, 0x07, 0x4F, // "¡" (U+00A1)
  0x40, 0x01, 0x04, 0x08, 0x06, 0x07, 0x5B, // "¢" (U+00A2)
  0x40, 0x01, 0x05, 0x08, 0x06, 0x07, 0x6F, // "£" (U+00A3)
  0x40, 0x02, 0x05, 0x07, 0x06, 0x07, 0x87, // "¤" (U+00A4)
  0x40, 0x01, 0x05, 0x08, 0x06, 0x07, 0x99, // "¥" (U+00A5)
  0x42, 0xFE, 0x03, 0x08, 0x06, 0x07, 0xB1, // "¦" (U+00A6)
  0x40, 0x01, 0x04, 0x08, 0x05, 0x07, 0xBC, // "§" (U+00A7)
  0x41, 0x08, 0x04, 0x08, 0x06, 0x07, 0xD0, // "¨" (U+00A8)
  0x40, 0x01, 0x08, 0x08, 0x09, 0x07, 0xD2, // "©" (U+00A9)
  0x40, 0x06, 0x03, 0x08, 0x04, 0x07, 0xF6, // "ª" (U+00AA)
  0x40, 0x01, 0x05, 0x05, 0x06, 0x07, 0xFC, // "«" (U+00AB)
  0x40, 0x02, 0x05, 0x04, 0x06, 0x08, 0x0B, // "¬" (U+00AC)
  0x40, 0x01, 0x08, 0x08, 0x09, 0x08, 0x14, // "®" (U+00AE)
  0x40, 0x09, 0x05, 0x09, 0x05, 0x08, 0x38, // "¯" (U+00AF)
  0x40, 0x05, 0x03, 0x08, 0x05, 0x08, 0x3B, // "°" (U+00B0)
  0x00, 0x01, 0x05, 0x06, 0x06, 0x08, 0x43, // "±" (U+00B1)
  0x40, 0x05, 0x03, 0x09, 0x04, 0x08, 0x54, // "²" (U+00B2)
  0x40, 0x05, 0x03, 0x09, 0x04, 0x08, 0x5E, // "³" (U+00B3)
  0x40, 0x08, 0x02, 0x09, 0x03, 0x08, 0x68, // "´" (U+00B4)
  0x40, 0xFE, 0x05, 0x06, 0x07, 0x08, 0x6B, // "µ" (U+00B5)
  0x40, 0xFF, 0x05, 0x08, 0x07, 0x08, 0x86, // "¶" (U+00B6)
  0x40, 0x04, 0x01, 0x04, 0x03, 0x08, 0xA4, // "·" (U+00B7)
  0x40, 0xFE, 0x02, 0x00, 0x02, 0x08, 0xA5, // "¸" (U+00B8)
  0x40, 0x05, 0x02, 0x08, 0x04, 0x08, 0xAA, // "¹" (U+00B9)
  0x40, 0x05, 0x03, 0x08, 0x04, 0x08, 0xB0, // "º" (U+00BA)
  0x40, 0x01, 0x05, 0x05, 0x06, 0x08, 0xB8, // "»" (U+00BB)
  0x40, 0x01, 0x07, 0x08, 0x08, 0x08, 0xC7, // "¼" (U+00BC)
  0x40, 0x01, 0x07, 0x08, 0x08, 0x08, 0xE7, // "½" (U+00BD)
  0x40, 0x01, 0x08, 0x08, 0x08, 0x09, 0x07, // "¾" (U+00BE)
  0x40, 0xFF, 0x04, 0x06, 0x05, 0x09, 0x2B, // "¿" (U+00BF)
  0x00, 0x01, 0x06, 0x0B, 0x07, 0x09, 0x3F, // "À" (U+00C0)
  0x00, 0x01, 0x06, 0x0B, 0x07, 0x09, 0x62, // "Á" (U+00C1)
  0x00, 0x01, 0x06, 0x0B, 0x07, 0x09, 0x85, // "Â" (U+00C2)
  0x00, 0x01, 0x06, 0x0B, 0x07, 0x09, 0xAA, // "Ã" (U+00C3)
  0x00, 0x01, 0x06, 0x0A, 0x07, 0x09, 0xCF, // "Ä" (U+00C4)
  0x40, 0x01, 0x06, 0x0A, 0x07, 0x09, 0xF0, // "Å" (U+00C5)
  0x40, 0x01, 0x08, 0x08, 0x09, 0x0A, 0x13, // "Æ" (U+00C6)
  0x00, 0xFE, 0x06, 0x08, 0x07, 0x0A, 0x37, // "Ç" (U+00C7)
  0x01, 0x01, 0x05, 0x0B, 0x06, 0x0A, 0x59, // "È" (U+00C8)
  0x01, 0x01, 0x05, 0x0B, 0x06, 0x0A, 0x71, // "É" (U+00C9)
  0x01, 0x01, 0x05, 0x0B, 0x06, 0x0A, 0x89, // "Ê" (U+00CA)
  0x01, 0x01, 0x05, 0x0A, 0x06, 0x0A, 0xA2, // "Ë" (U+00CB)
  0x40, 0x01, 0x03, 0x0B, 0x04, 0x0A, 0xB8, // "Ì" (U+00CC)
  0x40, 0x01, 0x03, 0x0B, 0x04, 0x0A, 0xCE, // "Í" (U+00CD)
  0x40, 0x01, 0x04, 0x0B, 0x04, 0x0A, 0xE4, // "Î" (U+00CE)
  0x40, 0x01, 0x03, 0x0A, 0x04, 0x0B, 0x00, // "Ï" (U+00CF)
  0x40, 0x01, 0x06, 0x08, 0x08, 0x0B, 0x14, // "Ð" (U+00D0)
  0x41, 0x01, 0x07, 0x0B, 0x08, 0x0B, 0x30, // "Ñ" (U+00D1)
  0x00, 0x01, 0x07, 0x0B, 0x08, 0x0B, 0x57, // "Ò" (U+00D2)
  0x00, 0x01, 0x07, 0x0B, 0x08, 0x0B, 0x7E, // "Ó" (U+00D3)
  0x00, 0x01, 0x07, 0x0B, 0x08, 0x0B, 0xA5, // "Ô" (U+00D4)
  0x00, 0x01, 0x07, 0x0B, 0x08, 0x0B, 0xCE, // "Õ" (U+00D5)
  0x00, 0x01, 0x07, 0x0A, 0x08, 0x0B, 0xF8, // "Ö" (U+00D6)
  0x40, 0x02, 0x05, 0x06, 0x06, 0x0C, 0x1E, // "×" (U+00D7)
  0x00, 0x00, 0x07, 0x09, 0x08, 0x0C, 0x2D, // "Ø" (U+00D8)
  0x40, 0x01, 0x06, 0x0B, 0x08, 0x0C, 0x53, // "Ù" (U+00D9)
  0x40, 0x01, 0x06, 0x0B, 0x08, 0x0C, 0x7A, // "Ú" (U+00DA)
  0x40, 0x01, 0x06, 0x0B, 0x08, 0x0C, 0xA1, // "Û" (U+00DB)
  0x40, 0x01, 0x06, 0x0A, 0x08, 0x0C, 0xC8, // "Ü" (U+00DC)
  0x00, 0x01, 0x05, 0x0B, 0x06, 0x0C, 0xEB, // "Ý" (U+00DD)
  0x01, 0x01, 0x05, 0x08, 0x06, 0x0D, 0x0A, // "Þ" (U+00DE)
  0x40, 0x01, 0x06, 0x08, 0x07, 0x0D, 0x1D, // "ß" (U+00DF)
  0x00, 0x01, 0x05, 0x09, 0x06, 0x0D, 0x39, // "à" (U+00E0)
  0x00, 0x01, 0x05, 0x09, 0x06, 0x0D, 0x53, // "á" (U+00E1)
  0x40, 0x01, 0x05, 0x09, 0x06, 0x0D, 0x6D, // "â" (U+00E2)
  0x40, 0x01, 0x05, 0x09, 0x06, 0x0D, 0x88, // "ã" (U+00E3)
  0x40, 0x01, 0x05, 0x08, 0x06, 0x0D, 0xA3, // "ä" (U+00E4)
  0x40, 0x01, 0x05, 0x09, 0x06, 0x0D, 0xBB, // "å" (U+00E5)
  0x40, 0x01, 0x08, 0x06, 0x09, 0x0D, 0xD6, // "æ" (U+00E6)
  0x40, 0xFE, 0x04, 0x06, 0x05, 0x0D, 0xF1, // "ç" (U+00E7)
  0x00, 0x01, 0x05, 0x09, 0x06, 0x0E, 0x08, // "è" (U+00E8)
  0x00, 0x01, 0x05, 0x09, 0x06, 0x0E, 0x21, // "é" (U+00E9)
  0x40, 0x01, 0x05, 0x09, 0x06, 0x0E, 0x3A, // "ê" (U+00EA)
  0x40, 0x01, 0x05, 0x08, 0x06, 0x0E, 0x55, // "ë" (U+00EB)
  0xBF, 0x01, 0x01, 0x09, 0x03, 0x0E, 0x6D, // "ì" (U+00EC)
  0x40, 0x01, 0x02, 0x09, 0x03, 0x0E, 0x7B, // "í" (U+00ED)
  0xFF, 0x01, 0x03, 0x09, 0x03, 0x0E, 0x89, // "î" (U+00EE)
  0xBF, 0x01, 0x02, 0x08, 0x03, 0x0E, 0x9C, // "ï" (U+00EF)
  0x40, 0x01, 0x05, 0x08, 0x06, 0x0E, 0xAC, // "ð" (U+00F0)
  0x40, 0x01, 0x05, 0x09, 0x07, 0x0E, 0xC4, // "ñ" (U+00F1)
  0x40, 0x01, 0x05, 0x09, 0x06, 0x0E, 0xDF, // "ò" (U+00F2)
  0x40, 0x01, 0x05, 0x09, 0x06, 0x0E, 0xFA, // "ó" (U+00F3)
  0x40, 0x01, 0x05, 0x09, 0x06, 0x0F, 0x15, // "ô" (U+00F4)
  0x40, 0x01, 0x05, 0x09, 0x06, 0x0F, 0x30, // "õ" (U+00F5)
  0x40, 0x01, 0x05, 0x08, 0x06, 0x0F, 0x4B, // "ö" (U+00F6)
  0x00, 0x02, 0x05, 0x06, 0x06, 0x0F, 0x63, // "÷" (U+00F7)
  0x40, 0x00, 0x05, 0x06, 0x06, 0x0F, 0x6D, // "ø" (U+00F8)
  0x40, 0x01, 0x05, 0x09, 0x07, 0x0F, 0x82, // "ù" (U+00F9)
  0x40, 0x01, 0x05, 0x09, 0x07, 0x0F, 0x9D, // "ú" (U+00FA)
  0x40, 0x01, 0x05, 0x09, 0x07, 0x0F, 0xB8, // "û" (U+00FB)
  0x40, 0x01, 0x05, 0x08, 0x07, 0x0F, 0xD3, // "ü" (U+00FC)
  0x00, 0xFE, 0x05, 0x09, 0x06, 0x0F, 0xEB, // "ý" (U+00FD)
  0x00, 0xFE, 0x05, 0x08, 0x07, 0x10, 0x0D, // "þ" (U+00FE)
  0x00, 0xFE, 0x05, 0x08, 0x06, 0x10, 0x2C, // "ÿ" (U+00FF)
  0x00, 0x01, 0x06, 0x0A, 0x07, 0x10, 0x4C, // "Ā" (U+0100)
  0x40, 0x01, 0x05, 0x08, 0x06, 0x10, 0x6D, // "ā" (U+0101)
  0x00, 0x01, 0x06, 0x0B, 0x07, 0x10, 0x85, // "Ă" (U+0102)
  0x40, 0x01, 0x05, 0x09, 0x06, 0x10, 0xAA, // "ă" (U+0103)
  0x00, 0xFE, 0x07, 0x08, 0x07, 0x10, 0xC5, // "Ą" (U+0104)
  0x40, 0xFE, 0x05, 0x06, 0x06, 0x10, 0xED, // "ą" (U+0105)
  0x00, 0x01, 0x06, 0x0B, 0x07, 0x11, 0x08, // "Ć" (U+0106)
  0x00, 0x01, 0x04, 0x09, 0x05, 0x11, 0x28, // "ć" (U+0107)
  0x00, 0x01, 0x06, 0x0B, 0x07, 0x11, 0x3E, // "Ĉ" (U+0108)
  0x00, 0x01, 0x05, 0x09, 0x05, 0x11, 0x60, // "ĉ" (U+0109)
  0x00, 0x01, 0x06, 0x0A, 0x07, 0x11, 0x7A, // "Ċ" (U+010A)
  0x40, 0x01, 0x04, 0x08, 0x05, 0x11, 0x97, // "ċ" (U+010B)
  0x00, 0x01, 0x06, 0x0B, 0x07, 0x11, 0xAB, // "Č" (U+010C)
  0x40, 0x01, 0x05, 0x09, 0x05, 0x11, 0xCD, // "č" (U+010D)
  0x41, 0x01, 0x06, 0x0B, 0x08, 0x11, 0xE8, // "Ď" (U+010E)
  0x40, 0x01, 0x07, 0x08, 0x07, 0x12, 0x09, // "ď" (U+010F)
  0x40, 0x01, 0x06, 0x08, 0x08, 0x12, 0x29, // "Đ" (U+0110)
  0x40, 0x01, 0x06, 0x08, 0x07, 0x12, 0x45, // "đ" (U+0111)
  0x01, 0x01, 0x05, 0x0A, 0x06, 0x12, 0x61, // "Ē" (U+0112)
  0x40, 0x01, 0x05, 0x08, 0x06, 0x12, 0x77, // "ē" (U+0113)
  0x01, 0x01, 0x05, 0x0B, 0x06, 0x12, 0x8F, // "Ĕ" (U+0114)
  0x40, 0x01, 0x05, 0x09, 0x06, 0x12, 0xA8, // "ĕ" (U+0115)
  0x01, 0x01, 0x05, 0x0A, 0x06, 0x12, 0xC3, // "Ė" (U+0116)
  0x00, 0x01, 0x05, 0x08, 0x06, 0x12, 0xD9, // "ė" (U+0117)
  0x01, 0xFE, 0x05, 0x08, 0x06, 0x12, 0xF0, // "Ę" (U+0118)
  0x40, 0xFE, 0x05, 0x06, 0x06, 0x13, 0x0B, // "ę" (U+0119)
  0x01, 0x01, 0x05, 0x0B, 0x06, 0x13, 0x26, // "Ě" (U+011A)
  0x40, 0x01, 0x05, 0x09, 0x06, 0x13, 0x3F, // "ě" (U+011B)
  0x00, 0x01, 0x06, 0x0B, 0x08, 0x13, 0x5A, // "Ĝ" (U+011C)
  0x40, 0xFE, 0x05, 0x09, 0x07, 0x13, 0x7F, // "ĝ" (U+011D)
  0x00, 0x01, 0x06, 0x0B, 0x08, 0x13, 0xA3, // "Ğ" (U+011E)
  0x40, 0xFE, 0x05, 0x09, 0x07, 0x13, 0xC8, // "ğ" (U+011F)
  0x00, 0x01, 0x06, 0x0A, 0x08, 0x13, 0xEC, // "Ġ" (U+0120)
  0x40, 0xFE, 0x05, 0x08, 0x07, 0x14, 0x0C, // "ġ" (U+0121)
  0x00, 0xFE, 0x06, 0x08, 0x08, 0x14, 0x2D, // "Ģ" (U+0122)
  0x40, 0xFE, 0x05, 0x08, 0x07, 0x14, 0x50, // "ģ" (U+0123)
  0x41, 0x01, 0x06, 0x0B, 0x08, 0x14, 0x71, // "Ĥ" (U+0124)
  0xFF, 0x01, 0x05, 0x0B, 0x07, 0x14, 0x92, // "ĥ" (U+0125)
  0x40, 0x01, 0x07, 0x08, 0x08, 0x14, 0xB6, // "Ħ" (U+0126)
  0x40, 0x01, 0x05, 0x08, 0x07, 0x14, 0xD6, // "ħ" (U+0127)
  0xFF, 0x01, 0x03, 0x0B, 0x04, 0x14, 0xEE, // "Ĩ" (U+0128)
  0xFF, 0x01, 0x03, 0x09, 0x03, 0x15, 0x09, // "ĩ" (U+0129)
  0x40, 0x01, 0x03, 0x0A, 0x04, 0x15, 0x1B, // "Ī" (U+012A)
  0xBF, 0x01, 0x02, 0x08, 0x03, 0x15, 0x2F, // "ī" (U+012B)
  0x40, 0x01, 0x03, 0x0B, 0x04, 0x15, 0x3F, // "Ĭ" (U+012C)
  0xBF, 0x01, 0x02, 0x09, 0x03, 0x15, 0x55, // "ĭ" (U+012D)
  0x40, 0xFE, 0x03, 0x08, 0x04, 0x15, 0x67, // "Į" (U+012E)
  0x40, 0xFE, 0x02, 0x08, 0x03, 0x15, 0x7D, // "į" (U+012F)
  0x40, 0x01, 0x03, 0x0A, 0x04, 0x15, 0x8E, // "İ" (U+0130)
  0x40, 0x01, 0x01, 0x06, 0x03, 0x15, 0xA2, // "ı" (U+0131)
  0x40, 0xFF, 0x06, 0x08, 0x07, 0x15, 0xA8, // "Ĳ" (U+0132)
  0x40, 0xFE, 0x04, 0x08, 0x06, 0x15, 0xCB, // "ĳ" (U+0133)
  0xFF, 0xFF, 0x03, 0x0B, 0x03, 0x15, 0xE7, // "Ĵ" (U+0134)
  0xFF, 0xFE, 0x03, 0x09, 0x03, 0x16, 0x03, // "ĵ" (U+0135)
  0x41, 0xFE, 0x06, 0x08, 0x07, 0x16, 0x1D, // "Ķ" (U+0136)
  0x00, 0xFE, 0x05, 0x08, 0x06, 0x16, 0x3E, // "ķ" (U+0137)
  0x40, 0x01, 0x05, 0x06, 0x06, 0x16, 0x5D, // "ĸ" (U+0138)
  0x00, 0x01, 0x05, 0x0B, 0x06, 0x16, 0x6F, // "Ĺ" (U+0139)
  0x40, 0x01, 0x02, 0x0B, 0x03, 0x16, 0x85, // "ĺ" (U+013A)
  0x01, 0xFE, 0x05, 0x08, 0x06, 0x16, 0x96, // "Ļ" (U+013B)
  0x40, 0xFE, 0x01, 0x08, 0x03, 0x16, 0xAB, // "ļ" (U+013C)
  0x01, 0x01, 0x05, 0x08, 0x06, 0x16, 0xB6, // "Ľ" (U+013D)
  0x40, 0x01, 0x03, 0x08, 0x03, 0x16, 0xC8, // "ľ" (U+013E)
  0x01, 0x01, 0x05, 0x08, 0x06, 0x16, 0xD8, // "Ŀ" (U+013F)
  0x40, 0x01, 0x03, 0x08, 0x03, 0x16, 0xE9, // "ŀ" (U+0140)
  0x00, 0x01, 0x05, 0x08, 0x06, 0x16, 0xF9, // "Ł" (U+0141)
  0x40, 0x01, 0x02, 0x08, 0x03, 0x17, 0x0C, // "ł" (U+0142)
  0x01, 0x01, 0x07, 0x0B, 0x08, 0x17, 0x18, // "Ń" (U+0143)
  0x40, 0x01, 0x05, 0x09, 0x07, 0x17, 0x3D, // "ń" (U+0144)
  0x01, 0xFE, 0x07, 0x08, 0x08, 0x17, 0x58, // "Ņ" (U+0145)
  0x40, 0xFE, 0x05, 0x06, 0x07, 0x17, 0x7D, // "ņ" (U+0146)
  0x41, 0x01, 0x07, 0x0B, 0x08, 0x17, 0x98, // "Ň" (U+0147)
  0x40, 0x01, 0x05, 0x09, 0x07, 0x17, 0xBF, // "ň" (U+0148)
  0x40, 0x01, 0x06, 0x08, 0x07, 0x17, 0xDA, // "ŉ" (U+0149)
  0x41, 0xFF, 0x07, 0x08, 0x08, 0x17, 0xF6, // "Ŋ" (U+014A)
  0x40, 0xFE, 0x05, 0x06, 0x07, 0x18, 0x19, // "ŋ" (U+014B)
  0x00, 0x01, 0x07, 0x0A, 0x08, 0x18, 0x34, // "Ō" (U+014C)
  0x40, 0x01, 0x05, 0x08, 0x06, 0x18, 0x5A, // "ō" (U+014D)
  0x00, 0x01, 0x07, 0x0B, 0x08, 0x18, 0x72, // "Ŏ" (U+014E)
  0x40, 0x01, 0x05, 0x09, 0x06, 0x18, 0x9B, // "ŏ" (U+014F)
  0x00, 0x01, 0x07, 0x0B, 0x08, 0x18, 0xB6, // "Ő" (U+0150)
  0x40, 0x01, 0x05, 0x09, 0x06, 0x18, 0xDF, // "ő" (U+0151)
  0x40, 0x01, 0x09, 0x08, 0x0A, 0x18, 0xFA, // "Œ" (U+0152)
  0x40, 0x01, 0x09, 0x06, 0x0A, 0x19, 0x22, // "œ" (U+0153)
  0x41, 0x01, 0x06, 0x0B, 0x07, 0x19, 0x40, // "Ŕ" (U+0154)
  0x00, 0x01, 0x04, 0x09, 0x04, 0x19, 0x61, // "ŕ" (U+0155)
  0x41, 0xFE, 0x06, 0x08, 0x07, 0x19, 0x74, // "Ŗ" (U+0156)
  0x00, 0xFE, 0x04, 0x06, 0x04, 0x19, 0x95, // "ŗ" (U+0157)
  0x41, 0x01, 0x06, 0x0B, 0x07, 0x19, 0xA7, // "Ř" (U+0158)
  0x00, 0x01, 0x04, 0x09, 0x04, 0x19, 0xC8, // "ř" (U+0159)
  0x00, 0x01, 0x05, 0x0B, 0x06, 0x19, 0xDC, // "Ś" (U+015A)
  0x40, 0x01, 0x04, 0x09, 0x05, 0x19, 0xFA, // "ś" (U+015B)
  0x00, 0x01, 0x05, 0x0B, 0x06, 0x1A, 0x11, // "Ŝ" (U+015C)
  0x40, 0x01, 0x04, 0x09, 0x05, 0x1A, 0x30, // "ŝ" (U+015D)
  0x00, 0xFE, 0x05, 0x08, 0x06, 0x1A, 0x47, // "Ş" (U+015E)
  0x40, 0xFE, 0x04, 0x06, 0x05, 0x1A, 0x67, // "ş" (U+015F)
  0x00, 0x01, 0x05, 0x0B, 0x06, 0x1A, 0x7E, // "Š" (U+0160)
  0x40, 0x01, 0x04, 0x09, 0x05, 0x1A, 0x9E, // "š" (U+0161)
  0x00, 0xFE, 0x05, 0x08, 0x06, 0x1A, 0xB5, // "Ţ" (U+0162)
  0x40, 0xFE, 0x03, 0x08, 0x04, 0x1A, 0xD3, // "ţ" (U+0163)
  0x00, 0x01, 0x05, 0x0B, 0x06, 0x1A, 0xE9, // "Ť" (U+0164)
  0x00, 0x01, 0x05, 0x08, 0x04, 0x1B, 0x07, // "ť" (U+0165)
  0x40, 0x01, 0x05, 0x08, 0x06, 0x1B, 0x1B, // "Ŧ" (U+0166)
  0x40, 0x01, 0x03, 0x08, 0x04, 0x1B, 0x33, // "ŧ" (U+0167)
  0x40, 0x01, 0x06, 0x0B, 0x08, 0x1B, 0x43, // "Ũ" (U+0168)
  0x40, 0x01, 0x05, 0x09, 0x07, 0x1B, 0x6A, // "ũ" (U+0169)
  0x40, 0x01, 0x06, 0x0A, 0x08, 0x1B, 0x85, // "Ū" (U+016A)
  0x40, 0x01, 0x05, 0x08, 0x07, 0x1B, 0xA8, // "ū" (U+016B)
  0x40, 0x01, 0x06, 0x0B, 0x08, 0x1B, 0xC0, // "Ŭ" (U+016C)
  0x40, 0x01, 0x05, 0x09, 0x07, 0x1B, 0xE7, // "ŭ" (U+016D)
  0x40, 0x01, 0x06, 0x0B, 0x08, 0x1C, 0x02, // "Ů" (U+016E)
  0x40, 0x01, 0x05, 0x09, 0x07, 0x1C, 0x29, // "ů" (U+016F)
  0x40, 0x01, 0x06, 0x0B, 0x08, 0x1C, 0x44, // "Ű" (U+0170)
  0x40, 0x01, 0x06, 0x09, 0x07, 0x1C, 0x6B, // "ű" (U+0171)
  0x40, 0xFE, 0x06, 0x08, 0x08, 0x1C, 0x8B, // "Ų" (U+0172)
  0x40, 0xFE, 0x06, 0x06, 0x07, 0x1C, 0xB2, // "ų" (U+0173)
  0x00, 0x01, 0x09, 0x0B, 0x0A, 0x1C, 0xD2, // "Ŵ" (U+0174)
  0x00, 0x01, 0x08, 0x09, 0x08, 0x1D, 0x08, // "ŵ" (U+0175)
  0x00, 0x01, 0x05, 0x0B, 0x06, 0x1D, 0x2E, // "Ŷ" (U+0176)
  0x40, 0xFE, 0x05, 0x09, 0x06, 0x1D, 0x4E, // "ŷ" (U+0177)
  0x00, 0x01, 0x05, 0x0A, 0x06, 0x1D, 0x72, // "Ÿ" (U+0178)
  0x00, 0x01, 0x05, 0x0B, 0x06, 0x1D, 0x8F, // "Ź" (U+0179)
  0x40, 0x01, 0x04, 0x09, 0x05, 0x1D, 0xAE, // "ź" (U+017A)
  0x00, 0x01, 0x05, 0x0A, 0x06, 0x1D, 0xC5, // "Ż" (U+017B)
  0x40, 0x01, 0x04, 0x08, 0x05, 0x1D, 0xE2, // "ż" (U+017C)
  0x40, 0x01, 0x05, 0x0B, 0x06, 0x1D, 0xF6, // "Ž" (U+017D)
  0x40, 0x01, 0x04, 0x09, 0x05, 0x1E, 0x17, // "ž" (U+017E)
  0x40, 0x01, 0x03, 0x08, 0x04, 0x1E, 0x2E, // "ſ" (U+017F)
  0x40, 0x01, 0x07, 0x08, 0x08, 0x1E, 0x3E, // "Ω" (U+03A9)
  0x40, 0xFE, 0x05, 0x06, 0x07, 0x1E, 0x5E, // "μ" (U+03BC)
  0x40, 0x01, 0x06, 0x06, 0x07, 0x1E, 0x79, // "π" (U+03C0)
  0x40, 0x03, 0x04, 0x03, 0x05, 0x1E, 0x8E, // "–" (U+2013)
  0x00, 0x03, 0x0A, 0x03, 0x0B, 0x1E, 0x91, // "—" (U+2014)
  0x40, 0xFF, 0x03, 0x03, 0x04, 0x1E, 0x95, // "₂" (U+2082)
  0x40, 0xFF, 0x03, 0x03, 0x04, 0x1E, 0x9F, // "₃" (U+2083)
  0x40, 0xFF, 0x03, 0x03, 0x04, 0x1E, 0xA9, // "₄" (U+2084)
  0x40, 0xFF, 0x03, 0x03, 0x04, 0x1E, 0xB3, // "₅" (U+2085)
  0x40, 0x01, 0x05, 0x08, 0x06, 0x1E, 0xBD, // "€" (U+20AC)
  0x41, 0x00, 0x05, 0x0A, 0x06, 0x1E, 0xD5, // "₿" (U+20BF)
  0x40, 0x06, 0x01, 0x08, 0x02, 0x1E, 0xF1, // "‘" (U+2018)
  0x40, 0x06, 0x01, 0x08, 0x02, 0x1E, 0xF4, // "’" (U+2019)
  0x40, 0x00, 0x01, 0x02, 0x03, 0x1E, 0xF7, // "‚" (U+201A)
  0x40, 0x06, 0x01, 0x08, 0x02, 0x1E, 0xFA, // "‛" (U+201B)
  0x40, 0x06, 0x03, 0x08, 0x04, 0x1E, 0xFD, // "“" (U+201C)
  0x40, 0x06, 0x03, 0x08, 0x04, 0x1F, 0x03, // "”" (U+201D)
  0x40, 0x00, 0x03, 0x02, 0x05, 0x1F, 0x09, // "„" (U+201E)
  0x40, 0x06, 0x03, 0x08, 0x04, 0x1F, 0x0F, // "‟" (U+201F)
  0x00, 0x01, 0x04, 0x08, 0x05, 0x1F, 0x15, // "†" (U+2020)
  0x40, 0x01, 0x04, 0x08, 0x05, 0x1F, 0x28, // "‡" (U+2021)
  0x40, 0x04, 0x03, 0x06, 0x04, 0x1F, 0x3C, // "•" (U+2022)
  0x40, 0x01, 0x07, 0x01, 0x09, 0x1F, 0x42, // "…" (U+2026)
  0x00, 0x01, 0x0C, 0x08, 0x0D, 0x1F, 0x46, // "‰" (U+2030)
  0x40, 0x01, 0x02, 0x05, 0x03, 0x1F, 0x79, // "‹" (U+2039)
  0x40, 0x01, 0x02, 0x05, 0x03, 0x1F, 0x81, // "›" (U+203A)
  0xFE, 0x01, 0x03, 0x08, 0x01, 0x1F, 0x89, // "⁄" (U+2044)
  0x40, 0x05, 0x07, 0x08, 0x08, 0x1F, 0x9D, // "™" (U+2122)
  0x00, 0x01, 0x0A, 0x08, 0x0B, 0x1F, 0xAD, // "⅒" (U+2152)
  0x40, 0x01, 0x05, 0x08, 0x07, 0x1F, 0xD8, // "ﬁ" (U+FB01)
  0x40, 0x01, 0x05, 0x08, 0x07, 0x1F, 0xF0, // "ﬂ" (U+FB02)
  
  // Kerning (10 classes, 47 sources, 277 entries, 1018 bytes).
  
  // Kerning header.
  0x00, 0x0A, 0x00, 0x2F, 0x01, 0x15,
  
  // Kerning sources.
  0x00, 0x01, 0x00, // """ (U+0022) -> class 0
  0x00, 0x05, 0x01, // "&" (U+0026) -> class 1
  0x00, 0x06, 0x00, // "'" (U+0027) -> class 0
  0x00, 0x0B, 0x02, // "," (U+002C) -> class 2
  0x00, 0x0D, 0x02, // "." (U+002E) -> class 2
  0x00, 0x20, 0x03, // "A" (U+0041) -> class 3
  0x00, 0x25, 0x04, // "F" (U+0046) -> class 4
  0x00, 0x2B, 0x05, // "L" (U+004C) -> class 5
  0x00, 0x2F, 0x06, // "P" (U+0050) -> class 6
  0x00, 0x33, 0x07, // "T" (U+0054) -> class 7
  0x00, 0x35, 0x04, // "V" (U+0056) -> class 4
  0x00, 0x36, 0x04, // "W" (U+0057) -> class 4
  0x00, 0x38, 0x08, // "Y" (U+0059) -> class 8
  0x00, 0x51, 0x04, // "r" (U+0072) -> class 4
  0x00, 0x77, 0x09, // "»" (U+00BB) -> class 9
  0x00, 0x7C, 0x03, // "À" (U+00C0) -> class 3
  0x00, 0x7D, 0x03, // "Á" (U+00C1) -> class 3
  0x00, 0x7E, 0x03, // "Â" (U+00C2) -> class 3
  0x00, 0x7F, 0x03, // "Ã" (U+00C3) -> class 3
  0x00, 0x80, 0x03, // "Ä" (U+00C4) -> class 3
  0x00, 0x81, 0x03, // "Å" (U+00C5) -> class 3
  0x00, 0x99, 0x08, // "Ý" (U+00DD) -> class 8
  0x00, 0x9A, 0x06, // "Þ" (U+00DE) -> class 6
  0x00, 0xBC, 0x03, // "Ā" (U+0100) -> class 3
  0x00, 0xBE, 0x03, // "Ă" (U+0102) -> class 3
  0x00, 0xC0, 0x03, // "Ą" (U+0104) -> class 3
  0x00, 0xF5, 0x05, // "Ĺ" (U+0139) -> class 5
  0x00, 0xF7, 0x05, // "Ļ" (U+013B) -> class 5
  0x00, 0xF9, 0x05, // "Ľ" (U+013D) -> class 5
  0x00, 0xFB, 0x05, // "Ŀ" (U+013F) -> class 5
  0x00, 0xFD, 0x05, // "Ł" (U+0141) -> class 5
  0x01, 0x11, 0x04, // "ŕ" (U+0155) -> class 4
  0x01, 0x13, 0x04, // "ŗ" (U+0157) -> class 4
  0x01, 0x15, 0x04, // "ř" (U+0159) -> class 4
  0x01, 0x1E, 0x07, // "Ţ" (U+0162) -> class 7
  0x01, 0x20, 0x07, // "Ť" (U+0164) -> class 7
  0x01, 0x22, 0x07, // "Ŧ" (U+0166) -> class 7
  0x01, 0x30, 0x04, // "Ŵ" (U+0174) -> class 4
  0x01, 0x32, 0x08, // "Ŷ" (U+0176) -> class 8
  0x01, 0x34, 0x08, // "Ÿ" (U+0178) -> class 8
  0x01, 0x47, 0x00, // "‘" (U+2018) -> class 0
  0x01, 0x48, 0x00, // "’" (U+2019) -> class 0
  0x01, 0x49, 0x02, // "‚" (U+201A) -> class 2
  0x01, 0x4B, 0x00, // "“" (U+201C) -> class 0
  0x01, 0x4C, 0x00, // "”" (U+201D) -> class 0
  0x01, 0x4D, 0x02, // "„" (U+201E) -> class 2
  0x01, 0x55, 0x09, // "›" (U+203A) -> class 9
  
  // Kerning classes.
  0x00, 0x00, 0x00, 0x2B, // class 0 entries
  0x00, 0x2B, 0x00, 0x04, // class 1 entries
  0x00, 0x2F, 0x00, 0x22, // class 2 entries
  0x00, 0x51, 0x00, 0x0C, // class 3 entries
  0x00, 0x5D, 0x00, 0x05, // class 4 entries
  0x00, 0x62, 0x00, 0x04, // class 5 entries
  0x00, 0x66, 0x00, 0x0F, // class 6 entries
  0x00, 0x75, 0x00, 0x58, // class 7 entries
  0x00, 0xCD, 0x00, 0x40, // class 8 entries
  0x01, 0x0D, 0x00, 0x08, // class 9 entries
  
  // Kerning destinations.
  0x00, 0x20, 0x01, // class 0 -> "A" (U+0041)
  0x00, 0x42, 0x01, // class 0 -> "c" (U+0063)
  0x00, 0x43, 0x01, // class 0 -> "d" (U+0064)
  0x00, 0x44, 0x01, // class 0 -> "e" (U+0065)
  0x00, 0x4E, 0x01, // class 0 -> "o" (U+006F)
  0x00, 0x50, 0x01, // class 0 -> "q" (U+0071)
  0x00, 0x7C, 0x01, // class 0 -> "À" (U+00C0)
  0x00, 0x7D, 0x01, // class 0 -> "Á" (U+00C1)
  0x00, 0x7E, 0x01, // class 0 -> "Â" (U+00C2)
  0x00, 0x7F, 0x01, // class 0 -> "Ã" (U+00C3)
  0x00, 0x80, 0x01, // class 0 -> "Ä" (U+00C4)
  0x00, 0x81, 0x01, // class 0 -> "Å" (U+00C5)
  0x00, 0x82, 0x01, // class 0 -> "Æ" (U+00C6)
  0x00, 0x9C, 0x01, // class 0 -> "à" (U+00E0)
  0x00, 0xA3, 0x01, // class 0 -> "ç" (U+00E7)
  0x00, 0xA4, 0x01, // class 0 -> "è" (U+00E8)
  0x00, 0xA5, 0x01, // class 0 -> "é" (U+00E9)
  0x00, 0xA6, 0x01, // class 0 -> "ê" (U+00EA)
  0x00, 0xA7, 0x01, // class 0 -> "ë" (U+00EB)
  0x00, 0xAE, 0x01, // class 0 -> "ò" (U+00F2)
  0x00, 0xAF, 0x01, // class 0 -> "ó" (U+00F3)
  0x00, 0xB0, 0x01, // class 0 -> "ô" (U+00F4)
  0x00, 0xB1, 0x01, // class 0 -> "õ" (U+00F5)
  0x00, 0xB2, 0x01, // class 0 -> "ö" (U+00F6)
  0x00, 0xB4, 0x01, // class 0 -> "ø" (U+00F8)
  0x00, 0xBC, 0x01, // class 0 -> "Ā" (U+0100)
  0x00, 0xBE, 0x01, // class 0 -> "Ă" (U+0102)
  0x00, 0xC0, 0x01, // class 0 -> "Ą" (U+0104)
  0x00, 0xC3, 0x01, // class 0 -> "ć" (U+0107)
  0x00, 0xC5, 0x01, // class 0 -> "ĉ" (U+0109)
  0x00, 0xC7, 0x01, // class 0 -> "ċ" (U+010B)
  0x00, 0xC9, 0x01, // class 0 -> "č" (U+010D)
  0x00, 0xCB, 0x01, // class 0 -> "ď" (U+010F)
  0x00, 0xCD, 0x01, // class 0 -> "đ" (U+0111)
  0x00, 0xCF, 0x01, // class 0 -> "ē" (U+0113)
  0x00, 0xD1, 0x01, // class 0 -> "ĕ" (U+0115)
  0x00, 0xD3, 0x01, // class 0 -> "ė" (U+0117)
  0x00, 0xD5, 0x01, // class 0 -> "ę" (U+0119)
  0x00, 0xD7, 0x01, // class 0 -> "ě" (U+011B)
  0x01, 0x09, 0x01, // class 0 -> "ō" (U+014D)
  0x01, 0x0B, 0x01, // class 0 -> "ŏ" (U+014F)
  0x01, 0x0D, 0x01, // class 0 -> "ő" (U+0151)
  0x01, 0x0F, 0x01, // class 0 -> "œ" (U+0153)
  0x00, 0x33, 0x01, // class 1 -> "T" (U+0054)
  0x01, 0x1E, 0x01, // class 1 -> "Ţ" (U+0162)
  0x01, 0x20, 0x01, // class 1 -> "Ť" (U+0164)
  0x01, 0x22, 0x01, // class 1 -> "Ŧ" (U+0166)
  0x00, 0x22, 0x01, // class 2 -> "C" (U+0043)
  0x00, 0x26, 0x01, // class 2 -> "G" (U+0047)
  0x00, 0x2E, 0x01, // class 2 -> "O" (U+004F)
  0x00, 0x30, 0x01, // class 2 -> "Q" (U+0051)
  0x00, 0x33, 0x01, // class 2 -> "T" (U+0054)
  0x00, 0x35, 0x01, // class 2 -> "V" (U+0056)
  0x00, 0x36, 0x01, // class 2 -> "W" (U+0057)
  0x00, 0x38, 0x01, // class 2 -> "Y" (U+0059)
  0x00, 0x83, 0x01, // class 2 -> "Ç" (U+00C7)
  0x00, 0x8E, 0x01, // class 2 -> "Ò" (U+00D2)
  0x00, 0x8F, 0x01, // class 2 -> "Ó" (U+00D3)
  0x00, 0x90, 0x01, // class 2 -> "Ô" (U+00D4)
  0x00, 0x91, 0x01, // class 2 -> "Õ" (U+00D5)
  0x00, 0x92, 0x01, // class 2 -> "Ö" (U+00D6)
  0x00, 0x94, 0x01, // class 2 -> "Ø" (U+00D8)
  0x00, 0x99, 0x01, // class 2 -> "Ý" (U+00DD)
  0x00, 0xC2, 0x01, // class 2 -> "Ć" (U+0106)
  0x00, 0xC4, 0x01, // class 2 -> "Ĉ" (U+0108)
  0x00, 0xC6, 0x01, // class 2 -> "Ċ" (U+010A)
  0x00, 0xC8, 0x01, // class 2 -> "Č" (U+010C)
  0x00, 0xD8, 0x01, // class 2 -> "Ĝ" (U+011C)
  0x00, 0xDA, 0x01, // class 2 -> "Ğ" (U+011E)
  0x00, 0xDC, 0x01, // class 2 -> "Ġ" (U+0120)
  0x00, 0xDE, 0x01, // class 2 -> "Ģ" (U+0122)
  0x01, 0x08, 0x01, // class 2 -> "Ō" (U+014C)
  0x01, 0x0A, 0x01, // class 2 -> "Ŏ" (U+014E)
  0x01, 0x0C, 0x01, // class 2 -> "Ő" (U+0150)
  0x01, 0x0E, 0x01, // class 2 -> "Œ" (U+0152)
  0x01, 0x1E, 0x01, // class 2 -> "Ţ" (U+0162)
  0x01, 0x20, 0x01, // class 2 -> "Ť" (U+0164)
  0x01, 0x22, 0x01, // class 2 -> "Ŧ" (U+0166)
  0x01, 0x30, 0x01, // class 2 -> "Ŵ" (U+0174)
  0x01, 0x32, 0x01, // class 2 -> "Ŷ" (U+0176)
  0x01, 0x34, 0x01, // class 2 -> "Ÿ" (U+0178)
  0x00, 0x01, 0x01, // class 3 -> """ (U+0022)
  0x00, 0x06, 0x01, // class 3 -> "'" (U+0027)
  0x00, 0x33, 0x01, // class 3 -> "T" (U+0054)
  0x00, 0x38, 0x01, // class 3 -> "Y" (U+0059)
  0x00, 0x99, 0x01, // class 3 -> "Ý" (U+00DD)
  0x01, 0x1E, 0x01, // class 3 -> "Ţ" (U+0162)
  0x01, 0x20, 0x01, // class 3 -> "Ť" (U+0164)
  0x01, 0x22, 0x01, // class 3 -> "Ŧ" (U+0166)
  0x01, 0x32, 0x01, // class 3 -> "Ŷ" (U+0176)
  0x01, 0x34, 0x01, // class 3 -> "Ÿ" (U+0178)
  0x01, 0x48, 0x01, // class 3 -> "’" (U+2019)
  0x01, 0x4C, 0x01, // class 3 -> "”" (U+201D)
  0x00, 0x0B, 0x01, // class 4 -> "," (U+002C)
  0x00, 0x0D, 0x01, // class 4 -> "." (U+002E)
  0x01, 0x49, 0x01, // class 4 -> "‚" (U+201A)
  0x01, 0x4D, 0x01, // class 4 -> "„" (U+201E)
  0x01, 0x52, 0x01, // class 4 -> "…" (U+2026)
  0x00, 0x01, 0x01, // class 5 -> """ (U+0022)
  0x00, 0x06, 0x01, // class 5 -> "'" (U+0027)
  0x01, 0x48, 0x01, // class 5 -> "’" (U+2019)
  0x01, 0x4C, 0x01, // class 5 -> "”" (U+201D)
  0x00, 0x0B, 0x01, // class 6 -> "," (U+002C)
  0x00, 0x0D, 0x01, // class 6 -> "." (U+002E)
  0x00, 0x20, 0x01, // class 6 -> "A" (U+0041)
  0x00, 0x7C, 0x01, // class 6 -> "À" (U+00C0)
  0x00, 0x7D, 0x01, // class 6 -> "Á" (U+00C1)
  0x00, 0x7E, 0x01, // class 6 -> "Â" (U+00C2)
  0x00, 0x7F, 0x01, // class 6 -> "Ã" (U+00C3)
  0x00, 0x80, 0x01, // class 6 -> "Ä" (U+00C4)
  0x00, 0x81, 0x01, // class 6 -> "Å" (U+00C5)
  0x00, 0xBC, 0x01, // class 6 -> "Ā" (U+0100)
  0x00, 0xBE, 0x01, // class 6 -> "Ă" (U+0102)
  0x00, 0xC0, 0x01, // class 6 -> "Ą" (U+0104)
  0x01, 0x49, 0x01, // class 6 -> "‚" (U+201A)
  0x01, 0x4D, 0x01, // class 6 -> "„" (U+201E)
  0x01, 0x52, 0x01, // class 6 -> "…" (U+2026)
  0x00, 0x0B, 0x01, // class 7 -> "," (U+002C)
  0x00, 0x0D, 0x01, // class 7 -> "." (U+002E)
  0x00, 0x20, 0x01, // class 7 -> "A" (U+0041)
  0x00, 0x40, 0x01, // class 7 -> "a" (U+0061)
  0x00, 0x42, 0x01, // class 7 -> "c" (U+0063)
  0x00, 0x43, 0x01, // class 7 -> "d" (U+0064)
  0x00, 0x44, 0x01, // class 7 -> "e" (U+0065)
  0x00, 0x46, 0x01, // class 7 -> "g" (U+0067)
  0x00, 0x4C, 0x01, // class 7 -> "m" (U+006D)
  0x00, 0x4D, 0x01, // class 7 -> "n" (U+006E)
  0x00, 0x4E, 0x01, // class 7 -> "o" (U+006F)
  0x00, 0x4F, 0x01, // class 7 -> "p" (U+0070)
  0x00, 0x50, 0x01, // class 7 -> "q" (U+0071)
  0x00, 0x51, 0x01, // class 7 -> "r" (U+0072)
  0x00, 0x52, 0x01, // class 7 -> "s" (U+0073)
  0x00, 0x54, 0x01, // class 7 -> "u" (U+0075)
  0x00, 0x68, 0x01, // class 7 -> "«" (U+00AB)
  0x00, 0x7C, 0x01, // class 7 -> "À" (U+00C0)
  0x00, 0x7D, 0x01, // class 7 -> "Á" (U+00C1)
  0x00, 0x7E, 0x01, // class 7 -> "Â" (U+00C2)
  0x00, 0x7F, 0x01, // class 7 -> "Ã" (U+00C3)
  0x00, 0x80, 0x01, // class 7 -> "Ä" (U+00C4)
  0x00, 0x81, 0x01, // class 7 -> "Å" (U+00C5)
  0x00, 0x9C, 0x01, // class 7 -> "à" (U+00E0)
  0x00, 0x9D, 0x01, // class 7 -> "á" (U+00E1)
  0x00, 0x9E, 0x01, // class 7 -> "â" (U+00E2)
  0x00, 0x9F, 0x01, // class 7 -> "ã" (U+00E3)
  0x00, 0xA0, 0x01, // class 7 -> "ä" (U+00E4)
  0x00, 0xA1, 0x01, // class 7 -> "å" (U+00E5)
  0x00, 0xA2, 0x01, // class 7 -> "æ" (U+00E6)
  0x00, 0xA3, 0x01, // class 7 -> "ç" (U+00E7)
  0x00, 0xA4, 0x01, // class 7 -> "è" (U+00E8)
  0x00, 0xA5, 0x01, // class 7 -> "é" (U+00E9)
  0x00, 0xA6, 0x01, // class 7 -> "ê" (U+00EA)
  0x00, 0xA7, 0x01, // class 7 -> "ë" (U+00EB)
  0x00, 0xAE, 0x01, // class 7 -> "ò" (U+00F2)
  0x00, 0xAF, 0x01, // class 7 -> "ó" (U+00F3)
  0x00, 0xB0, 0x01, // class 7 -> "ô" (U+00F4)
  0x00, 0xB1, 0x01, // class 7 -> "õ" (U+00F5)
  0x00, 0xB2, 0x01, // class 7 -> "ö" (U+00F6)
  0x00, 0xB4, 0x01, // class 7 -> "ø" (U+00F8)
  0x00, 0xB5, 0x01, // class 7 -> "ù" (U+00F9)
  0x00, 0xB6, 0x01, // class 7 -> "ú" (U+00FA)
  0x00, 0xB7, 0x01, // class 7 -> "û" (U+00FB)
  0x00, 0xB8, 0x01, // class 7 -> "ü" (U+00FC)
  0x00, 0xBC, 0x01, // class 7 -> "Ā" (U+0100)
  0x00, 0xBD, 0x01, // class 7 -> "ā" (U+0101)
  0x00, 0xBE, 0x01, // class 7 -> "Ă" (U+0102)
  0x00, 0xBF, 0x01, // class 7 -> "ă" (U+0103)
  0x00, 0xC0, 0x01, // class 7 -> "Ą" (U+0104)
  0x00, 0xC1, 0x01, // class 7 -> "ą" (U+0105)
  0x00, 0xC3, 0x01, // class 7 -> "ć" (U+0107)
  0x00, 0xC5, 0x01, // class 7 -> "ĉ" (U+0109)
  0x00, 0xC7, 0x01, // class 7 -> "ċ" (U+010B)
  0x00, 0xC9, 0x01, // class 7 -> "č" (U+010D)
  0x00, 0xCB, 0x01, // class 7 -> "ď" (U+010F)
  0x00, 0xCD, 0x01, // class 7 -> "đ" (U+0111)
  0x00, 0xCF, 0x01, // class 7 -> "ē" (U+0113)
  0x00, 0xD1, 0x01, // class 7 -> "ĕ" (U+0115)
  0x00, 0xD3, 0x01, // class 7 -> "ė" (U+0117)
  0x00, 0xD5, 0x01, // class 7 -> "ę" (U+0119)
  0x00, 0xD7, 0x01, // class 7 -> "ě" (U+011B)
  0x00, 0xD9, 0x01, // class 7 -> "ĝ" (U+011D)
  0x00, 0xDB, 0x01, // class 7 -> "ğ" (U+011F)
  0x00, 0xDD, 0x01, // class 7 -> "ġ" (U+0121)
  0x00, 0xDF, 0x01, // class 7 -> "ģ" (U+0123)
  0x00, 0xF4, 0x01, // class 7 -> "ĸ" (U+0138)
  0x01, 0x00, 0x01, // class 7 -> "ń" (U+0144)
  0x01, 0x02, 0x01, // class 7 -> "ņ" (U+0146)
  0x01, 0x07, 0x01, // class 7 -> "ŋ" (U+014B)
  0x01, 0x09, 0x01, // class 7 -> "ō" (U+014D)
  0x01, 0x0B, 0x01, // class 7 -> "ŏ" (U+014F)
  0x01, 0x0D, 0x01, // class 7 -> "ő" (U+0151)
  0x01, 0x0F, 0x01, // class 7 -> "œ" (U+0153)
  0x01, 0x11, 0x01, // class 7 -> "ŕ" (U+0155)
  0x01, 0x13, 0x01, // class 7 -> "ŗ" (U+0157)
  0x01, 0x17, 0x01, // class 7 -> "ś" (U+015B)
  0x01, 0x1B, 0x01, // class 7 -> "ş" (U+015F)
  0x01, 0x25, 0x01, // class 7 -> "ũ" (U+0169)
  0x01, 0x27, 0x01, // class 7 -> "ū" (U+016B)
  0x01, 0x29, 0x01, // class 7 -> "ŭ" (U+016D)
  0x01, 0x2B, 0x01, // class 7 -> "ů" (U+016F)
  0x01, 0x2D, 0x01, // class 7 -> "ű" (U+0171)
  0x01, 0x2F, 0x01, // class 7 -> "ų" (U+0173)
  0x01, 0x49, 0x01, // class 7 -> "‚" (U+201A)
  0x01, 0x4D, 0x01, // class 7 -> "„" (U+201E)
  0x01, 0x52, 0x01, // class 7 -> "…" (U+2026)
  0x01, 0x54, 0x01, // class 7 -> "‹" (U+2039)
  0x00, 0x0B, 0x01, // class 8 -> "," (U+002C)
  0x00, 0x0D, 0x01, // class 8 -> "." (U+002E)
  0x00, 0x20, 0x01, // class 8 -> "A" (U+0041)
  0x00, 0x40, 0x01, // class 8 -> "a" (U+0061)
  0x00, 0x42, 0x01, // class 8 -> "c" (U+0063)
  0x00, 0x43, 0x01, // class 8 -> "d" (U+0064)
  0x00, 0x44, 0x01, // class 8 -> "e" (U+0065)
  0x00, 0x46, 0x01, // class 8 -> "g" (U+0067)
  0x00, 0x4E, 0x01, // class 8 -> "o" (U+006F)
  0x00, 0x50, 0x01, // class 8 -> "q" (U+0071)
  0x00, 0x68, 0x01, // class 8 -> "«" (U+00AB)
  0x00, 0x7C, 0x01, // class 8 -> "À" (U+00C0)
  0x00, 0x7D, 0x01, // class 8 -> "Á" (U+00C1)
  0x00, 0x7E, 0x01, // class 8 -> "Â" (U+00C2)
  0x00, 0x7F, 0x01, // class 8 -> "Ã" (U+00C3)
  0x00, 0x80, 0x01, // class 8 -> "Ä" (U+00C4)
  0x00, 0x81, 0x01, // class 8 -> "Å" (U+00C5)
  0x00, 0x9C, 0x01, // class 8 -> "à" (U+00E0)
  0x00, 0x9D, 0x01, // class 8 -> "á" (U+00E1)
  0x00, 0x9E, 0x01, // class 8 -> "â" (U+00E2)
  0x00, 0x9F, 0x01, // class 8 -> "ã" (U+00E3)
  0x00, 0xA0, 0x01, // class 8 -> "ä" (U+00E4)
  0x00, 0xA1, 0x01, // class 8 -> "å" (U+00E5)
  0x00, 0xA2, 0x01, // class 8 -> "æ" (U+00E6)
  0x00, 0xA3, 0x01, // class 8 -> "ç" (U+00E7)
  0x00, 0xA4, 0x01, // class 8 -> "è" (U+00E8)
  0x00, 0xA5, 0x01, // class 8 -> "é" (U+00E9)
  0x00, 0xA6, 0x01, // class 8 -> "ê" (U+00EA)
  0x00, 0xA7, 0x01, // class 8 -> "ë" (U+00EB)
  0x00, 0xAE, 0x01, // class 8 -> "ò" (U+00F2)
  0x00, 0xAF, 0x01, // class 8 -> "ó" (U+00F3)
  0x00, 0xB0, 0x01, // class 8 -> "ô" (U+00F4)
  0x00, 0xB1, 0x01, // class 8 -> "õ" (U+00F5)
  0x00, 0xB2, 0x01, // class 8 -> "ö" (U+00F6)
  0x00, 0xB4, 0x01, // class 8 -> "ø" (U+00F8)
  0x00, 0xBC, 0x01, // class 8 -> "Ā" (U+0100)
  0x00, 0xBD, 0x01, // class 8 -> "ā" (U+0101)
  0x00, 0xBE, 0x01, // class 8 -> "Ă" (U+0102)
  0x00, 0xBF, 0x01, // class 8 -> "ă" (U+0103)
  0x00, 0xC0, 0x01, // class 8 -> "Ą" (U+0104)
  0x00, 0xC1, 0x01, // class 8 -> "ą" (U+0105)
  0x00, 0xC3, 0x01, // class 8 -> "ć" (U+0107)
  0x00, 0xC5, 0x01, // class 8 -> "ĉ" (U+0109)
  0x00, 0xC7, 0x01, // class 8 -> "ċ" (U+010B)
  0x00, 0xC9, 0x01, // class 8 -> "č" (U+010D)
  0x00, 0xCB, 0x01, // class 8 -> "ď" (U+010F)
  0x00, 0xCD, 0x01, // class 8 -> "đ" (U+0111)
  0x00, 0xCF, 0x01, // class 8 -> "ē" (U+0113)
  0x00, 0xD1, 0x01, // class 8 -> "ĕ" (U+0115)
  0x00, 0xD3, 0x01, // class 8 -> "ė" (U+0117)
  0x00, 0xD5, 0x01, // class 8 -> "ę" (U+0119)
  0x00, 0xD7, 0x01, // class 8 -> "ě" (U+011B)
  0x00, 0xD9, 0x01, // class 8 -> "ĝ" (U+011D)
  0x00, 0xDB, 0x01, // class 8 -> "ğ" (U+011F)
  0x00, 0xDD, 0x01, // class 8 -> "ġ" (U+0121)
  0x00, 0xDF, 0x01, // class 8 -> "ģ" (U+0123)
  0x01, 0x09, 0x01, // class 8 -> "ō" (U+014D)
  0x01, 0x0B, 0x01, // class 8 -> "ŏ" (U+014F)
  0x01, 0x0D, 0x01, // class 8 -> "ő" (U+0151)
  0x01, 0x0F, 0x01, // class 8 -> "œ" (U+0153)
  0x01, 0x49, 0x01, // class 8 -> "‚" (U+201A)
  0x01, 0x4D, 0x01, // class 8 -> "„" (U+201E)
  0x01, 0x52, 0x01, // class 8 -> "…" (U+2026)
  0x01, 0x54, 0x01, // class 8 -> "‹" (U+2039)
  0x00, 0x33, 0x01, // class 9 -> "T" (U+0054)
  0x00, 0x38, 0x01, // class 9 -> "Y" (U+0059)
  0x00, 0x99, 0x01, // class 9 -> "Ý" (U+00DD)
  0x01, 0x1E, 0x01, // class 9 -> "Ţ" (U+0162)
  0x01, 0x20, 0x01, // class 9 -> "Ť" (U+0164)
  0x01, 0x22, 0x01, // class 9 -> "Ŧ" (U+0166)
  0x01, 0x32, 0x01, // class 9 -> "Ŷ" (U+0176)
  0x01, 0x34, 0x01, // class 9 -> "Ÿ" (U+0178)
  
  // Glyph data (8200 bytes).
  
  // "!" (U+0021), uncompressed
  0x3F, 0x12, 0xF0, 0x1F, 0x01, 0xE0, 0x0E, 0x00, 0xD0, 0x00, 0x02, 0xC0,
  // """ (U+0022), uncompressed
  0x4B, 0x4B, 0x3A, 0x3A, 0x18, 0x18,
  // "#" (U+0023), uncompressed
  0x00, 0x85, 0x48, 0x00, 0x0B, 0x17, 0x50, 0x5E, 0xFE, 0xFE, 0x70, 0x1C, 0x0D, 0x00, 0x03, 0x90,
  0xC0, 0x0A, 0xEF, 0xEF, 0xE2, 0x08, 0x45, 0x70, 0x00, 0xB1, 0x84, 0x00,
  // "$" (U+0024), uncompressed
  0x00, 0x55, 0x00, 0x0B, 0xFF, 0xC1, 0x5D, 0x65, 0x30, 0x3E, 0x85, 0x00, 0x06, 0xDD, 0x60, 0x00,
  0x58, 0xD5, 0x22, 0x56, 0xC5, 0x4D, 0xFE, 0x80, 0x00, 0x55, 0x00,
  // "%" (U+0025), uncompressed
  0x1C, 0xD2, 0x02, 0xB0, 0x06, 0x85, 0x80, 0xA3, 0x00, 0x76, 0x3A, 0x3B, 0x00, 0x06, 0x86, 0x8B,
  0x6D, 0xB0, 0x1C, 0xD6, 0xAA, 0x59, 0x50, 0x00, 0xB2, 0xB2, 0x77, 0x00, 0x49, 0x09, 0x49, 0x50,
  0x0C, 0x20, 0x3D, 0xC0,
  // "&" (U+0026), uncompressed
  0x04, 0xDE, 0x80, 0x00, 0x0B, 0x61, 0xF0, 0x00, 0x09, 0x74, 0xD0, 0x00, 0x02, 0xFD, 0x20, 0x00,
  0x1D, 0xAE, 0x40, 0xE2, 0x6C, 0x03, 0xEA, 0xB0, 0x5D, 0x10, 0x9F, 0x60, 0x09, 0xEE, 0xA5, 0xE4,
  // "'" (U+0027), uncompressed
  0x4B, 0x3A, 0x18,
  // "(" (U+0028), uncompressed
  0x05, 0xA0, 0xD2, 0x3C, 0x06, 0x90, 0x88, 0x08, 0x70, 0x79, 0x03, 0xC0, 0x0D, 0x20, 0x5A,
  // ")" (U+0029), uncompressed
  0x69, 0x00, 0xD2, 0x09, 0x70, 0x5B, 0x04, 0xC0, 0x3C, 0x05, 0xB0, 0x87, 0x0D, 0x26, 0x90,
  // "*" (U+002A), uncompressed
  0x00, 0xA5, 0x00, 0x33, 0x84, 0x41, 0x5A, 0xED, 0xA2, 0x04, 0xBD, 0x10, 0x08, 0x47, 0x50,
  // "+" (U+002B), RLE, 2 bytes saved (13.3%)
  0x20, 0x06, 0x40, 0x06, 0x28, 0x47, 0xEF, 0xEE, 0x72, 0x00, 0x64, 0x00, 0x62,
  // "," (U+002C), uncompressed
  0x1C, 0x4B, 0x76,
  // "-" (U+002D), uncompressed
  0x8E, 0xE0,
  // "." (U+002E), uncompressed
  0x2C,
  // "/" (U+002F), uncompressed
  0x00, 0x4C, 0x00, 0x96, 0x00, 0xE1, 0x05, 0xB0, 0x0A, 0x50, 0x0E, 0x00, 0x5A, 0x00, 0xB5, 0x00,
  // "0" (U+0030), uncompressed
  0x06, 0xEE, 0x60, 0x2E, 0x22, 0xE1, 0x6A, 0x00, 0xB5, 0x79, 0x00, 0x97, 0x79, 0x00, 0x97, 0x5A,
  0x00, 0xB6, 0x1E, 0x22, 0xE2, 0x06, 0xEE, 0x60,
  // "1" (U+0031), uncompressed
  0x09, 0xEA, 0xBE, 0x53, 0xE0, 0x3E, 0x03, 0xE0, 0x3E, 0x03, 0xE0, 0x3E,
  // "2" (U+0032), uncompressed
  0x1A, 0xEE, 0x60, 0x17, 0x02, 0xF1, 0x00, 0x00, 0xE2, 0x00, 0x05, 0xD0, 0x00, 0x2E, 0x40, 0x01,
  0xD5, 0x00, 0x0C, 0x60, 0x00, 0x7F, 0xEE, 0xE7,
  // "3" (U+0033), uncompressed
  0x2B, 0xEE, 0x80, 0x14, 0x01, 0xE2, 0x00, 0x03, 0xE1, 0x05, 0xFE, 0x50, 0x00, 0x03, 0xE3, 0x00,
  0x00, 0xB6, 0x31, 0x02, 0xE3, 0x5D, 0xED, 0x60,
  // "4" (U+0034), uncompressed
  0x00, 0x0A, 0xB0, 0x00, 0x5D, 0xB0, 0x01, 0xD6, 0xB0, 0x0A, 0x44, 0xB0, 0x59, 0x04, 0xB0, 0xBE,
  0xEE, 0xFB, 0x00, 0x04, 0xB0, 0x00, 0x04, 0xB0,
  // "5" (U+0035), uncompressed
  0x0E, 0xEE, 0xD0, 0x0F, 0x00, 0x00, 0x1E, 0x00, 0x00, 0x2F, 0xED, 0x70, 0x01, 0x02, 0xE3, 0x00,
  0x00, 0xB6, 0x21, 0x02, 0xE2, 0x4D, 0xED, 0x50,
  // "6" (U+0036), uncompressed
  0x01, 0xAE, 0xE0, 0x0C, 0x80, 0x00, 0x3D, 0x00, 0x00, 0x6B, 0xBE, 0x90, 0x7E, 0x20, 0xC5, 0x6A,
  0x00, 0x87, 0x1E, 0x20, 0xC4, 0x05, 0xDE, 0x80,
  // "7" (U+0037), RLE, 2 bytes saved (8.3%)
  0x84, 0x8E, 0xEE, 0xF8, 0x40, 0xD0, 0x33, 0x04, 0x0C, 0x40, 0xB0, 0x63, 0x02, 0x0E, 0x40, 0x09,
  0x40, 0xE0, 0x23, 0x06, 0x0B, 0x30,
  // "8" (U+0038), uncompressed
  0x07, 0xDD, 0x70, 0x3E, 0x11, 0xE3, 0x2E, 0x00, 0xE2, 0x06, 0xDD, 0x50, 0x0C, 0x8A, 0xB0, 0x6A,
  0x00, 0xA6, 0x6B, 0x00, 0xC6, 0x09, 0xED, 0x90,
  // "9" (U+0039), uncompressed
  0x08, 0xED, 0x50, 0x4D, 0x12, 0xE2, 0x79, 0x00, 0xA6, 0x5C, 0x12, 0xD7, 0x09, 0xEB, 0xB6, 0x00,
  0x00, 0xD3, 0x00, 0x08, 0xC0, 0x0E, 0xEA, 0x10,
  // ":" (U+003A), RLE, 1 byte saved (16.7%)
  0x02, 0x0C, 0x71, 0x02, 0x0C,
  // ";" (U+003B), RLE, 2 bytes saved (16.7%)
  0x83, 0x3D, 0x12, 0xB7, 0x38, 0x63, 0xE0, 0x69, 0x07, 0x31,
  // "<" (U+003C), RLE, 2 bytes saved (11.1%)
  0x50, 0x23, 0x85, 0x6C, 0x40, 0x7C, 0x62, 0x81, 0x5E, 0x54, 0x83, 0x18, 0xC8, 0x14, 0x06, 0x05,
  // "=" (U+003D), uncompressed
  0x6E, 0xEE, 0xE6, 0x00, 0x00, 0x00, 0x6E, 0xEE, 0xE6,
  // ">" (U+003E), RLE, 3 bytes saved (16.7%)
  0x02, 0x58, 0x14, 0xC6, 0x58, 0x16, 0xC6, 0x48, 0x91, 0x5E, 0x51, 0x8C, 0x71, 0x05, 0x64,
  // "?" (U+003F), uncompressed
  0x8D, 0xE9, 0x03, 0x10, 0xC4, 0x00, 0x0B, 0x50, 0x06, 0xD0, 0x03, 0xD2, 0x00, 0x76, 0x00, 0x00,
  0x00, 0x00, 0x87, 0x00,
  // "@" (U+0040), uncompressed
  0x00, 0x3B, 0xEE, 0xA2, 0x00, 0x4C, 0x40, 0x05, 0xD1, 0x0D, 0x16, 0xEE, 0x75, 0x83, 0x92, 0xD1,
  0x58, 0x0C, 0x57, 0x59, 0x06, 0x80, 0xC5, 0x83, 0xB0, 0xA9, 0x59, 0x2C, 0x0A, 0xE5, 0xBC, 0x10,
  0x9A, 0x20, 0x03, 0x00, 0x00, 0x7D, 0xED, 0x80, 0x00,
  // "A" (U+0041), uncompressed
  0x00, 0x5F, 0x20, 0x00, 0x0A, 0xD8, 0x00, 0x01, 0xF5, 0xD0, 0x00, 0x6C, 0x0E, 0x30, 0x0B, 0x70,
  0x99, 0x01, 0xFE, 0xEF, 0xE0, 0x7C, 0x11, 0x1E, 0x5C, 0x50, 0x00, 0x8A,
  // "B" (U+0042), uncompressed
  0xFE, 0xED, 0x60, 0xF1, 0x04, 0xF0, 0xF1, 0x04, 0xD0, 0xFE, 0xFE, 0x40, 0xF1, 0x04, 0xE1, 0xF1,
  0x00, 0xD4, 0xF1, 0x03, 0xF2, 0xFE, 0xED, 0x50,
  // "C" (U+0043), RLE, 2 bytes saved (7.1%)
  0x28, 0x95, 0x9E, 0xEC, 0x10, 0xAB, 0x10, 0x30, 0x2F, 0x14, 0x05, 0x0D, 0x50, 0x50, 0xD5, 0x81,
  0x2F, 0x15, 0x83, 0xBA, 0x10, 0x22, 0x83, 0x1A, 0xEE, 0xD1,
  // "D" (U+0044), uncompressed
  0xFE, 0xEC, 0x50, 0xF1, 0x03, 0xD6, 0xF1, 0x00, 0x6D, 0xF1, 0x00, 0x2F, 0xF1, 0x00, 0x3F, 0xF1,
  0x00, 0x6D, 0xF1, 0x04, 0xE5, 0xFE, 0xEC, 0x50,
  // "E" (U+0045), RLE, 1 byte saved (5.0%)
  0x90, 0xFE, 0x81, 0x3F, 0x13, 0x90, 0x13, 0x90, 0xFE, 0x19, 0x01, 0x39, 0x01, 0x39, 0x01, 0x39,
  0x0F, 0xE0, 0x30,
  // "F" (U+0046), RLE, 2 bytes saved (10.0%)
  0x90, 0xFE, 0x81, 0x3F, 0x13, 0x90, 0x13, 0x90, 0x13, 0x90, 0xFE, 0x19, 0x01, 0x39, 0x01, 0x39,
  0x01, 0x30,
  // "G" (U+0047), uncompressed
  0x00, 0x7D, 0xED, 0x70, 0x9C, 0x20, 0x22, 0x2F, 0x20, 0x00, 0x05, 0xD0, 0x00, 0x00, 0x4D, 0x00,
  0xCE, 0xC2, 0xF1, 0x00, 0x4C, 0x0A, 0xA1, 0x04, 0xC0, 0x19, 0xEE, 0xD9,
  // "H" (U+0048), uncompressed
  0xF1, 0x00, 0x4D, 0xF1, 0x00, 0x4D, 0xF1, 0x00, 0x4D, 0xFE, 0xEE, 0xED, 0xF1, 0x00, 0x4D, 0xF1,
  0x00, 0x4D, 0xF1, 0x00, 0x4D, 0xF1, 0x00, 0x4D,
  // "I" (U+0049), uncompressed
  0x8F, 0xF4, 0x0A, 0x60, 0x0A, 0x60, 0x0A, 0x60, 0x0A, 0x60, 0x0A, 0x60, 0x0A, 0x60, 0x7F, 0xE3,
  // "J" (U+004A), uncompressed
  0x00, 0xF1, 0x00, 0xF1, 0x00, 0xF1, 0x00, 0xF1, 0x00, 0xF1, 0x00, 0xF1, 0x00, 0xF1, 0x00, 0xF1,
  0x04, 0xE0, 0xBD, 0x50,
  // "K" (U+004B), uncompressed
  0xF1, 0x02, 0xE2, 0xF1, 0x1D, 0x50, 0xF2, 0xB8, 0x00, 0xFA, 0xD0, 0x00, 0xFA, 0xE4, 0x00, 0xF1,
  0x5E, 0x10, 0xF1, 0x0A, 0x90, 0xF1, 0x01, 0xE4,
  // "L" (U+004C), RLE, 4 bytes saved (20.0%)
  0x90, 0x13, 0x90, 0x13, 0x90, 0x13, 0x90, 0x13, 0x90, 0x13, 0x90, 0x13, 0x90, 0x13, 0xC0, 0x50,
  // "M" (U+004D), uncompressed
  0xFC, 0x00, 0x02, 0xF9, 0xFF, 0x10, 0x07, 0xD9, 0xFA, 0x60, 0x0C, 0x99, 0xF5, 0xC0, 0x2C, 0x79,
  0xF1, 0xE1, 0x87, 0x79, 0xF0, 0x97, 0xD1, 0x79, 0xF0, 0x4E, 0xB0, 0x79, 0xF0, 0x0D, 0x60, 0x79,
  // "N" (U+004E), uncompressed
  0xFA, 0x00, 0x0E, 0x2F, 0xE4, 0x00, 0xE2, 0xF7, 0xD0, 0x0E, 0x2F, 0x0D, 0x80, 0xE2, 0xF0, 0x4F,
  0x3D, 0x2F, 0x00, 0xAC, 0xD2, 0xF0, 0x02, 0xFF, 0x2F, 0x00, 0x08, 0xF2,
  // "O" (U+004F), uncompressed
  0x01, 0x9E, 0xEB, 0x20, 0x0B, 0xA1, 0x06, 0xE1, 0x2F, 0x10, 0x00, 0xC6, 0x5D, 0x00, 0x00, 0x98,
  0x5D, 0x00, 0x00, 0x98, 0x2F, 0x10, 0x00, 0xC6, 0x0B, 0xA1, 0x06, 0xE1, 0x01, 0x9E, 0xEB, 0x20,
  // "P" (U+0050), uncompressed
  0xFE, 0xEB, 0x2F, 0x10, 0x9B, 0xF1, 0x04, 0xDF, 0x11, 0xAA, 0xFE, 0xEA, 0x1F, 0x10, 0x00, 0xF1,
  0x00, 0x0F, 0x10, 0x00,
  // "Q" (U+0051), RLE, 1 byte saved (2.5%)
  0x18, 0x41, 0x9E, 0xEB, 0x22, 0x89, 0x0B, 0xA1, 0x06, 0xE0, 0x2F, 0x13, 0x82, 0xC6, 0x5D, 0x48,
  0x29, 0x85, 0xD4, 0x83, 0x98, 0x2F, 0x13, 0x89, 0x7C, 0x60, 0xBA, 0x10, 0x6E, 0x10, 0x19, 0xEF,
  0xD3, 0x58, 0x13, 0xE4, 0x60, 0x30, 0x71,
  // "R" (U+0052), uncompressed
  0xFE, 0xEB, 0x20, 0xF1, 0x09, 0xB0, 0xF1, 0x04, 0xD0, 0xF1, 0x09, 0x90, 0xFE, 0xFB, 0x00, 0xF1,
  0x3D, 0x00, 0xF1, 0x0A, 0x90, 0xF1, 0x01, 0xE3,
  // "S" (U+0053), uncompressed
  0x08, 0xEE, 0xB0, 0x4D, 0x10, 0x30, 0x4D, 0x00, 0x00, 0x0C, 0xD6, 0x00, 0x00, 0x6D, 0xC0, 0x00,
  0x01, 0xE3, 0x21, 0x02, 0xE2, 0x5D, 0xED, 0x50,
  // "T" (U+0054), RLE, 1 byte saved (4.2%)
  0x0C, 0x0E, 0xA0, 0xE0, 0xB2, 0x09, 0x08, 0x40, 0x90, 0x84, 0x09, 0x08, 0x40, 0x90, 0x84, 0x09,
  0x08, 0x40, 0x90, 0x84, 0x09, 0x08, 0x20,
  // "U" (U+0055), uncompressed
  0x1F, 0x10, 0x04, 0xC1, 0xF1, 0x00, 0x4C, 0x1F, 0x10, 0x04, 0xC1, 0xF1, 0x00, 0x4C, 0x1F, 0x10,
  0x04, 0xC0, 0xF1, 0x00, 0x5B, 0x0B, 0x80, 0x1B, 0x70, 0x1A, 0xEE, 0x80,
  // "V" (U+0056), uncompressed
  0xD5, 0x00, 0x0D, 0x47, 0x90, 0x03, 0xE0, 0x2E, 0x00, 0x89, 0x00, 0xD4, 0x0D, 0x40, 0x08, 0x92,
  0xE0, 0x00, 0x2D, 0x79, 0x00, 0x00, 0xDD, 0x40, 0x00, 0x08, 0xE0, 0x00,
  // "W" (U+0057), uncompressed
  0xC5, 0x00, 0xC9, 0x00, 0x7A, 0x89, 0x01, 0xED, 0x00, 0xB6, 0x4C, 0x04, 0xAD, 0x20, 0xE2, 0x1F,
  0x19, 0x79, 0x62, 0xE0, 0x0C, 0x4D, 0x35, 0xA6, 0xA0, 0x08, 0x9E, 0x01, 0xE9, 0x60, 0x05, 0xEA,
  0x00, 0xCE, 0x20, 0x01, 0xF5, 0x00, 0x8E, 0x00,
  // "X" (U+0058), uncompressed
  0x8B, 0x00, 0x4D, 0x00, 0xD4, 0x0D, 0x40, 0x04, 0xD7, 0xA0, 0x00, 0x0B, 0xF1, 0x00, 0x00, 0xCE,
  0x30, 0x00, 0x7A, 0x5C, 0x00, 0x1E, 0x20, 0xC7, 0x0A, 0x80, 0x03, 0xE1,
  // "Y" (U+0059), uncompressed
  0xB7, 0x00, 0x5D, 0x3E, 0x10, 0xD5, 0x0B, 0x86, 0xD0, 0x03, 0xED, 0x50, 0x00, 0xBD, 0x00, 0x00,
  0x79, 0x00, 0x00, 0x79, 0x00, 0x00, 0x79, 0x00,
  // "Z" (U+005A), uncompressed
  0x7E, 0xEE, 0xF8, 0x00, 0x02, 0xE2, 0x00, 0x0B, 0x70, 0x00, 0x5D, 0x00, 0x01, 0xE4, 0x00, 0x09,
  0xA0, 0x00, 0x3E, 0x10, 0x00, 0x9F, 0xEE, 0xE9,
  // "[" (U+005B), uncompressed
  0x2F, 0xE2, 0x2D, 0x00, 0x2D, 0x00, 0x2D, 0x00, 0x2D, 0x00, 0x2D, 0x00, 0x2D, 0x00, 0x2D, 0x00,
  0x2D, 0x00, 0x2E, 0xE2,
  // "\" (U+005C), uncompressed
  0xB4, 0x00, 0x5A, 0x00, 0x1E, 0x00, 0x0A, 0x50, 0x05, 0xB0, 0x00, 0xE1, 0x00, 0x96, 0x00, 0x4C,
  // "]" (U+005D), uncompressed
  0xAE, 0xA0, 0x6A, 0x06, 0xA0, 0x6A, 0x06, 0xA0, 0x6A, 0x06, 0xA0, 0x6A, 0x06, 0xAA, 0xE9,
  // "^" (U+005E), uncompressed
  0x00, 0xA6, 0x00, 0x01, 0xCC, 0x00, 0x08, 0x57, 0x60, 0x0C, 0x01, 0xC0, 0x67, 0x00, 0x86,
  // "_" (U+005F), uncompressed
  0xEE, 0xEE, 0x80,
  // "`" (U+0060), uncompressed
  0x4E, 0x00, 0x78,
  // "a" (U+0061), uncompressed
  0x08, 0xDE, 0x80, 0x01, 0x01, 0xE1, 0x09, 0xDE, 0xF2, 0x6C, 0x10, 0xE2, 0x7B, 0x04, 0xF2, 0x1C,
  0xE9, 0xB2,
  // "b" (U+0062), uncompressed
  0x1F, 0x00, 0x00, 0x1F, 0x00, 0x00, 0x1E, 0x8E, 0xC2, 0x1F, 0x50, 0x9A, 0x1F, 0x00, 0x3E, 0x1F,
  0x00, 0x3E, 0x1F, 0x50, 0x9A, 0x1D, 0x9E, 0xC2,
  // "c" (U+0063), uncompressed
  0x06, 0xDE, 0x82, 0xE2, 0x01, 0x6B, 0x00, 0x06, 0xB0, 0x00, 0x2E, 0x20, 0x10, 0x6D, 0xE8,
  // "d" (U+0064), uncompressed
  0x00, 0x00, 0x79, 0x00, 0x00, 0x79, 0x07, 0xEC, 0xA9, 0x2E, 0x20, 0xC9, 0x6B, 0x00, 0x79, 0x6B,
  0x00, 0x79, 0x2E, 0x20, 0xB9, 0x07, 0xEC, 0x89,
  // "e" (U+0065), uncompressed
  0x06, 0xDE, 0x80, 0x2D, 0x10, 0xC4, 0x6F, 0xEE, 0xE7, 0x6B, 0x00, 0x00, 0x2F, 0x30, 0x11, 0x05,
  0xDE, 0xD2,
  // "f" (U+0066), uncompressed
  0x06, 0xEE, 0x10, 0xD5, 0x00, 0x9F, 0xE9, 0x00, 0xD3, 0x00, 0x0D, 0x30, 0x00, 0xD3, 0x00, 0x0D,
  0x30, 0x00, 0xD3, 0x00,
  // "g" (U+0067), uncompressed
  0x07, 0xEC, 0x89, 0x2E, 0x20, 0xC9, 0x6B, 0x00, 0x79, 0x6B, 0x00, 0x79, 0x2E, 0x20, 0xB9, 0x07,
  0xEC, 0xA9, 0x00, 0x00, 0x79, 0x04, 0x00, 0xC6, 0x0C, 0xEE, 0x90,
  // "h" (U+0068), uncompressed
  0x1F, 0x00, 0x00, 0x1F, 0x00, 0x00, 0x1E, 0x8E, 0xD3, 0x1F, 0x60, 0x8A, 0x1F, 0x00, 0x5C, 0x1F,
  0x00, 0x5C, 0x1F, 0x00, 0x5C, 0x1F, 0x00, 0x5C,
  // "i" (U+0069), uncompressed
  0x1C, 0x00, 0x1F, 0x1F, 0x1F, 0x1F, 0x1F, 0x1F,
  // "j" (U+006A), uncompressed
  0x01, 0xC0, 0x00, 0x01, 0xF0, 0x1F, 0x01, 0xF0, 0x1F, 0x01, 0xF0, 0x1F, 0x01, 0xF0, 0x3E, 0x8E,
  0x70,
  // "k" (U+006B), uncompressed
  0x1F, 0x00, 0x00, 0x1F, 0x00, 0x00, 0x1F, 0x02, 0xD3, 0x1F, 0x1D, 0x50, 0x1E, 0xB9, 0x00, 0x1F,
  0x9E, 0x10, 0x1F, 0x08, 0xB0, 0x1F, 0x00, 0xC7,
  // "l" (U+006C), uncompressed
  0x1F, 0x1F, 0x1F, 0x1F, 0x1F, 0x1F, 0x1F, 0x1F,
  // "m" (U+006D), uncompressed
  0x1D, 0x9E, 0xC4, 0xCE, 0x80, 0x1F, 0x50, 0xBD, 0x13, 0xF0, 0x1F, 0x00, 0x89, 0x00, 0xF2, 0x1F,
  0x00, 0x88, 0x00, 0xF2, 0x1F, 0x00, 0x88, 0x00, 0xF2, 0x1F, 0x00, 0x88, 0x00, 0xF2,
  // "n" (U+006E), uncompressed
  0x1D, 0x8E, 0xD3, 0x1F, 0x60, 0x8A, 0x1F, 0x00, 0x5C, 0x1F, 0x00, 0x5C, 0x1F, 0x00, 0x5C, 0x1F,
  0x00, 0x5C,
  // "o" (U+006F), uncompressed
  0x05, 0xDE, 0x90, 0x2E, 0x20, 0xA8, 0x5B, 0x00, 0x5C, 0x6B, 0x00, 0x5C, 0x2E, 0x20, 0xB8, 0x05,
  0xDE, 0x90,
  // "p" (U+0070), uncompressed
  0x1D, 0x8E, 0xC2, 0x1F, 0x50, 0x9A, 0x1F, 0x00, 0x3E, 0x1F, 0x00, 0x3E, 0x1F, 0x50, 0x9A, 0x1E,
  0x9E, 0xC2, 0x1F, 0x00, 0x00, 0x1F, 0x00, 0x00, 0x1F, 0x00, 0x00,
  // "q" (U+0071), uncompressed
  0x07, 0xED, 0x89, 0x2E, 0x20, 0xC9, 0x6B, 0x00, 0x79, 0x6B, 0x00, 0x79, 0x2E, 0x20, 0xB9, 0x07,
  0xEC, 0x99, 0x00, 0x00, 0x79, 0x00, 0x00, 0x79, 0x00, 0x00, 0x79,
  // "r" (U+0072), RLE, 1 byte saved (6.7%)
  0x86, 0x1C, 0x7E, 0x31, 0xF8, 0x20, 0x19, 0x30, 0x19, 0x30, 0x19, 0x30, 0x19, 0x30,
  // "s" (U+0073), uncompressed
  0x1B, 0xED, 0x46, 0xB0, 0x11, 0x2D, 0xA3, 0x00, 0x06, 0xE5, 0x21, 0x09, 0x85, 0xEE, 0xC2,
  // "t" (U+0074), uncompressed
  0x05, 0x00, 0x0D, 0x10, 0x9F, 0xEA, 0x0F, 0x10, 0x0F, 0x10, 0x0F, 0x10, 0x0F, 0x30, 0x08, 0xEA,
  // "u" (U+0075), uncompressed
  0x2E, 0x00, 0x5B, 0x2E, 0x00, 0x5B, 0x2E, 0x00, 0x5B, 0x2E, 0x00, 0x6B, 0x1F, 0x10, 0xBB, 0x08,
  0xDC, 0x8B,
  // "v" (U+0076), uncompressed
  0xC5, 0x00, 0xC5, 0x7A, 0x02, 0xE0, 0x1E, 0x07, 0x90, 0x0B, 0x5C, 0x40, 0x06, 0xBD, 0x00, 0x01,
  0xF8, 0x00,
  // "w" (U+0077), uncompressed
  0xB5, 0x07, 0xE0, 0x0D, 0x37, 0x90, 0xCC, 0x32, 0xE0, 0x3D, 0x1D, 0x68, 0x5A, 0x00, 0xE6, 0x92,
  0xC9, 0x60, 0x0B, 0xC5, 0x0D, 0xD2, 0x00, 0x6F, 0x10, 0x9D, 0x00,
  // "x" (U+0078), uncompressed
  0x6C, 0x02, 0xE2, 0x0C, 0x6B, 0x70, 0x02, 0xEC, 0x00, 0x03, 0xED, 0x00, 0x0D, 0x5A, 0x80, 0x8B,
  0x01, 0xE3,
  // "y" (U+0079), uncompressed
  0xC5, 0x00, 0xC5, 0x6A, 0x02, 0xE0, 0x1E, 0x06, 0xA0, 0x0B, 0x5B, 0x50, 0x05, 0xAE, 0x00, 0x00,
  0xEA, 0x00, 0x00, 0xC4, 0x00, 0x04, 0xD0, 0x00, 0xBD, 0x30, 0x00,
  // "z" (U+007A), uncompressed
  0x6E, 0xEF, 0x80, 0x02, 0xE2, 0x00, 0xB6, 0x00, 0x6B, 0x00, 0x2E, 0x10, 0x09, 0xFE, 0xE8,
  // "{" (U+007B), uncompressed
  0x01, 0xC9, 0x06, 0xA0, 0x07, 0x90, 0x09, 0x70, 0xBD, 0x10, 0x0A, 0x70, 0x07, 0x80, 0x07, 0x90,
  0x05, 0xB0, 0x00, 0xB9,
  // "|" (U+007C), uncompressed
  0x85, 0x85, 0x85, 0x85, 0x85, 0x85, 0x85, 0x85, 0x85, 0x85, 0x85,
  // "}" (U+007D), uncompressed
  0x9C, 0x10, 0x0A, 0x70, 0x08, 0x70, 0x07, 0xA0, 0x01, 0xCB, 0x06, 0xA0, 0x08, 0x70, 0x08, 0x70,
  0x0B, 0x60, 0x9B, 0x00,
  // "~" (U+007E), uncompressed
  0x3D, 0xC4, 0x25, 0x51, 0x3C, 0xD2,
  // "¡" (U+00A1), uncompressed
  0x2D, 0x12, 0xB0, 0x00, 0x00, 0xD0, 0x0E, 0x01, 0xE0, 0x2F, 0x03, 0xF1,
  // "¢" (U+00A2), uncompressed
  0x00, 0x0B, 0x00, 0x3B, 0xFD, 0x0D, 0x70, 0x21, 0xF1, 0x00, 0x0F, 0x10, 0x00, 0xD7, 0x02, 0x03,
  0xCF, 0xD0, 0x00, 0xB0,
  // "£" (U+00A3), uncompressed
  0x00, 0xBE, 0xD3, 0x07, 0xA0, 0x20, 0x09, 0x70, 0x00, 0x09, 0x70, 0x00, 0x8F, 0xFE, 0x70, 0x09,
  0x70, 0x00, 0x0C, 0x40, 0x00, 0x9F, 0xEE, 0xE9,
  // "¤" (U+00A4), uncompressed
  0x01, 0x00, 0x10, 0x2D, 0xDD, 0xD2, 0x0C, 0x11, 0xC0, 0x0C, 0x11, 0xC0, 0x2D, 0xDD, 0xD2, 0x01,
  0x00, 0x10,
  // "¥" (U+00A5), uncompressed
  0x98, 0x00, 0x89, 0x2E, 0x11, 0xE1, 0x09, 0x77, 0x90, 0x02, 0xEE, 0x10, 0x0E, 0xFF, 0xE0, 0x00,
  0x88, 0x00, 0x0E, 0xFF, 0xE0, 0x00, 0x88, 0x00,
  // "¦" (U+00A6), uncompressed
  0x85, 0x85, 0x85, 0x85, 0x00, 0x00, 0x00, 0x85, 0x85, 0x85, 0x85,
  // "§" (U+00A7), uncompressed
  0x0A, 0xED, 0x53, 0xC0, 0x11, 0x0C, 0xC5, 0x02, 0xB1, 0xA7, 0x2D, 0x47, 0x70, 0x18, 0xE3, 0x11,
  0x07, 0x94, 0xDE, 0xC2,
  // "¨" (U+00A8), uncompressed
  0x57, 0x47,
  // "©" (U+00A9), uncompressed
  0x00, 0x49, 0x99, 0x20, 0x00, 0x76, 0x9E, 0xA9, 0x30, 0x27, 0x59, 0x01, 0x0A, 0x06, 0x38, 0x40,
  0x00, 0x82, 0x63, 0x68, 0x01, 0x08, 0x22, 0x70, 0xAE, 0x80, 0xA0, 0x07, 0x50, 0x01, 0x94, 0x00,
  0x04, 0x99, 0x92, 0x00,
  // "ª" (U+00AA), uncompressed
  0x39, 0xB2, 0x6A, 0xC5, 0x79, 0xA5,
  // "«" (U+00AB), uncompressed
  0x03, 0xB1, 0xC1, 0x2D, 0x3C, 0x50, 0x5C, 0x3E, 0x20, 0x08, 0x95, 0xC0, 0x00, 0x30, 0x30,
  // "¬" (U+00AC), uncompressed
  0x7E, 0xEE, 0xE7, 0x00, 0x00, 0x57, 0x00, 0x00, 0x57,
  // "®" (U+00AE), uncompressed
  0x00, 0x49, 0x99, 0x20, 0x00, 0x77, 0xFE, 0x99, 0x30, 0x27, 0x1B, 0x1D, 0x0A, 0x06, 0x31, 0xFF,
  0x60, 0x82, 0x63, 0x1B, 0x58, 0x08, 0x22, 0x71, 0xB0, 0xC1, 0xA0, 0x07, 0x61, 0x01, 0x94, 0x00,
  0x04, 0x99, 0x92, 0x00,
  // "¯" (U+00AF), uncompressed
  0xEE, 0xEE, 0xE4,
  // "°" (U+00B0), uncompressed
  0x0B, 0xD5, 0x67, 0x1C, 0x67, 0x1C, 0x0B, 0xD5,
  // "±" (U+00B1), RLE, 1 byte saved (5.6%)
  0x20, 0x06, 0x40, 0x06, 0x28, 0x47, 0xEF, 0xEE, 0x72, 0x00, 0x64, 0x00, 0x62, 0x84, 0x7E, 0xEE,
  0xE7,
  // "²" (U+00B2), uncompressed
  0x5B, 0xB0, 0x20, 0xA3, 0x02, 0xC0, 0x1B, 0x10, 0x9C, 0xC3,
  // "³" (U+00B3), uncompressed
  0x5C, 0xB0, 0x10, 0xA3, 0x1C, 0xC0, 0x10, 0x85, 0x8C, 0xB1,
  // "´" (U+00B4), uncompressed
  0x0C, 0x75, 0xA0,
  // "µ" (U+00B5), uncompressed
  0x1F, 0x00, 0x5C, 0x1F, 0x00, 0x5C, 0x1F, 0x00, 0x5C, 0x1F, 0x00, 0x5C, 0x1F, 0x30, 0xBC, 0x1F,
  0xDD, 0x8C, 0x1F, 0x00, 0x00, 0x1F, 0x00, 0x00, 0x1F, 0x00, 0x00,
  // "¶" (U+00B6), uncompressed
  0x08, 0xEF, 0xEC, 0x3F, 0xFF, 0x2A, 0x6F, 0xFF, 0x2A, 0x5F, 0xFF, 0x2A, 0x2F, 0xFF, 0x2A, 0x04,
  0x9C, 0x2A, 0x00, 0x08, 0x2A, 0x00, 0x08, 0x2A, 0x00, 0x08, 0x2A, 0x00, 0x07, 0x29,
  // "·" (U+00B7), uncompressed
  0x2C,
  // "¸" (U+00B8), uncompressed
  0x34, 0x02, 0xC1, 0xAA, 0x00,
  // "¹" (U+00B9), uncompressed
  0x2B, 0xA2, 0x4A, 0x03, 0xA0, 0x3A,
  // "º" (U+00BA), uncompressed
  0x3B, 0xB2, 0x92, 0x29, 0x83, 0x38, 0x1A, 0xA1,
  // "»" (U+00BB), uncompressed
  0x4A, 0x1C, 0x00, 0x0A, 0x77, 0xB0, 0x06, 0xC3, 0xE1, 0x3D, 0x2D, 0x30, 0x12, 0x03, 0x00,
  // "¼" (U+00BC), uncompressed
  0x2C, 0x80, 0x06, 0x70, 0x46, 0x80, 0x0C, 0x00, 0x04, 0x80, 0x86, 0x00, 0x04, 0x81, 0xC0, 0xD5,
  0x04, 0x89, 0x47, 0xD5, 0x00, 0x3B, 0x29, 0x85, 0x00, 0xB2, 0x7B, 0xDC, 0x04, 0x90, 0x00, 0x85,
  // "½" (U+00BD), uncompressed
  0x2C, 0x70, 0x09, 0x40, 0x57, 0x70, 0x3B, 0x00, 0x06, 0x70, 0xB2, 0x00, 0x06, 0x74, 0x99, 0xE8,
  0x06, 0x7C, 0x14, 0x1D, 0x00, 0x67, 0x00, 0x67, 0x00, 0xC0, 0x06, 0x80, 0x07, 0x50, 0x1F, 0xEE,
  // "¾" (U+00BE), uncompressed
  0x5B, 0xB1, 0x00, 0xB0, 0x01, 0x0A, 0x30, 0x76, 0x00, 0x0E, 0xD0, 0x1C, 0x00, 0x01, 0x08, 0x59,
  0x48, 0xA0, 0x7B, 0xA4, 0xB3, 0xCA, 0x00, 0x00, 0xB3, 0xA4, 0xA0, 0x00, 0x49, 0x3C, 0xCE, 0x30,
  0x0C, 0x10, 0x03, 0xA0,
  // "¿" (U+00BF), uncompressed
  0x00, 0x78, 0x00, 0x00, 0x00, 0x00, 0x67, 0x00, 0x2D, 0x30, 0x0D, 0x60, 0x05, 0xB0, 0x00, 0x4C,
  0x01, 0x30, 0x9E, 0xD8,
  // "À" (U+00C0), RLE, 4 bytes saved (10.3%)
  0x10, 0x40, 0xE6, 0x07, 0x08, 0x75, 0x81, 0x5F, 0x24, 0x81, 0xAD, 0x83, 0x82, 0x1F, 0x5D, 0x38,
  0x36, 0xC0, 0xE3, 0x28, 0xA4, 0xB7, 0x09, 0x90, 0x1F, 0xEE, 0xFE, 0x07, 0xC1, 0x11, 0xE5, 0xC5,
  0x30, 0x80, 0xA0,
  // "Á" (U+00C1), RLE, 4 bytes saved (10.3%)
  0x30, 0xC0, 0x74, 0x05, 0x0A, 0x75, 0x81, 0x5F, 0x24, 0x81, 0xAD, 0x83, 0x82, 0x1F, 0x5D, 0x38,
  0x36, 0xC0, 0xE3, 0x28, 0xA4, 0xB7, 0x09, 0x90, 0x1F, 0xEE, 0xFE, 0x07, 0xC1, 0x11, 0xE5, 0xC5,
  0x30, 0x80, 0xA0,
  // "Â" (U+00C2), RLE, 2 bytes saved (5.1%)
  0x28, 0x19, 0xF3, 0x38, 0x34, 0xA3, 0xC1, 0x73, 0x81, 0x5F, 0x24, 0x81, 0xAD, 0x83, 0x82, 0x1F,
  0x5D, 0x38, 0x36, 0xC0, 0xE3, 0x28, 0xA4, 0xB7, 0x09, 0x90, 0x1F, 0xEE, 0xFE, 0x07, 0xC1, 0x11,
  0xE5, 0xC5, 0x30, 0x80, 0xA0,
  // "Ã" (U+00C3), RLE, 2 bytes saved (5.1%)
  0x18, 0x32, 0xD7, 0x64, 0x28, 0x27, 0x39, 0xC7, 0x48, 0x15, 0xF2, 0x48, 0x1A, 0xD8, 0x38, 0x21,
  0xF5, 0xD3, 0x83, 0x6C, 0x0E, 0x32, 0x8A, 0x4B, 0x70, 0x99, 0x01, 0xFE, 0xEF, 0xE0, 0x7C, 0x11,
  0x1E, 0x5C, 0x53, 0x08, 0x0A,
  // "Ä" (U+00C4), RLE, 2 bytes saved (5.7%)
  0x18, 0x25, 0x74, 0x77, 0x48, 0x15, 0xF2, 0x48, 0x1A, 0xD8, 0x38, 0x21, 0xF5, 0xD3, 0x83, 0x6C,
  0x0E, 0x32, 0x8A, 0x4B, 0x70, 0x99, 0x01, 0xFE, 0xEF, 0xE0, 0x7C, 0x11, 0x1E, 0x5C, 0x53, 0x08,
  0x0A,
  // "Å" (U+00C5), uncompressed
  0x00, 0x3A, 0x50, 0x00, 0x08, 0x1A, 0x00, 0x00, 0x8F, 0x80, 0x00, 0x0A, 0xD8, 0x00, 0x01, 0xF5,
  0xD0, 0x00, 0x6C, 0x0E, 0x30, 0x0B, 0x70, 0x99, 0x01, 0xFE, 0xEF, 0xE0, 0x7C, 0x11, 0x1E, 0x5C,
  0x50, 0x00, 0x8A,
  // "Æ" (U+00C6), uncompressed
  0x00, 0x0B, 0xEF, 0xEE, 0xC0, 0x02, 0xE3, 0xE0, 0x00, 0x00, 0x98, 0x3E, 0x00, 0x00, 0x1E, 0x23,
  0xFE, 0xE9, 0x07, 0xC0, 0x3E, 0x00, 0x00, 0xDE, 0xEE, 0xE0, 0x00, 0x5D, 0x00, 0x3E, 0x00, 0x0C,
  0x60, 0x03, 0xFE, 0xEC,
  // "Ç" (U+00C7), RLE, 5 bytes saved (12.8%)
  0x28, 0x95, 0x9E, 0xEC, 0x10, 0xAB, 0x10, 0x30, 0x2F, 0x14, 0x05, 0x0D, 0x50, 0x50, 0xD5, 0x81,
  0x2F, 0x15, 0x83, 0xBA, 0x10, 0x22, 0x83, 0x1A, 0xEE, 0xD4, 0x03, 0x04, 0x58, 0x12, 0xC1, 0x40,
  0x0A, 0x20,
  // "È" (U+00C8), RLE, 4 bytes saved (14.3%)
  0x04, 0x0E, 0x40, 0x70, 0x87, 0x90, 0xFE, 0x81, 0x3F, 0x13, 0x90, 0x13, 0x90, 0xFE, 0x19, 0x01,
  0x39, 0x01, 0x39, 0x01, 0x39, 0x0F, 0xE0, 0x30,
  // "É" (U+00C9), RLE, 4 bytes saved (14.3%)
  0x20, 0xC0, 0x72, 0x05, 0x0A, 0x79, 0x0F, 0xE8, 0x13, 0xF1, 0x39, 0x01, 0x39, 0x0F, 0xE1, 0x90,
  0x13, 0x90, 0x13, 0x90, 0x13, 0x90, 0xFE, 0x03,
  // "Ê" (U+00CA), RLE, 3 bytes saved (10.7%)
  0x18, 0x79, 0xF3, 0x04, 0xA3, 0xC1, 0x59, 0x0F, 0xE8, 0x13, 0xF1, 0x39, 0x01, 0x39, 0x0F, 0xE1,
  0x90, 0x13, 0x90, 0x13, 0x90, 0x13, 0x90, 0xFE, 0x03,
  // "Ë" (U+00CB), RLE, 3 bytes saved (12.0%)
  0x82, 0x57, 0x47, 0x69, 0x0F, 0xE8, 0x13, 0xF1, 0x39, 0x01, 0x39, 0x0F, 0xE1, 0x90, 0x13, 0x90,
  0x13, 0x90, 0x13, 0x90, 0xFE, 0x03,
  // "Ì" (U+00CC), uncompressed
  0x4E, 0x00, 0x07, 0x80, 0x00, 0x00, 0x8F, 0xF4, 0x0A, 0x60, 0x0A, 0x60, 0x0A, 0x60, 0x0A, 0x60,
  0x0A, 0x60, 0x0A, 0x60, 0x7F, 0xE3,
  // "Í" (U+00CD), uncompressed
  0x00, 0xC7, 0x05, 0xA0, 0x00, 0x00, 0x8F, 0xF4, 0x0A, 0x60, 0x0A, 0x60, 0x0A, 0x60, 0x0A, 0x60,
  0x0A, 0x60, 0x0A, 0x60, 0x7F, 0xE3,
  // "Î" (U+00CE), uncompressed
  0x09, 0xF3, 0x04, 0xA3, 0xC1, 0x00, 0x00, 0x08, 0xFF, 0x40, 0x0A, 0x60, 0x00, 0xA6, 0x00, 0x0A,
  0x60, 0x00, 0xA6, 0x00, 0x0A, 0x60, 0x00, 0xA6, 0x00, 0x7F, 0xE3, 0x00,
  // "Ï" (U+00CF), uncompressed
  0x57, 0x47, 0x00, 0x00, 0x8F, 0xF4, 0x0A, 0x60, 0x0A, 0x60, 0x0A, 0x60, 0x0A, 0x60, 0x0A, 0x60,
  0x0A, 0x60, 0x7F, 0xE3,
  // "Ð" (U+00D0), uncompressed
  0x0E, 0xEE, 0xC5, 0x00, 0xE2, 0x03, 0xD6, 0x0E, 0x20, 0x06, 0xD0, 0xE2, 0x00, 0x2F, 0xAF, 0xEC,
  0x03, 0xF0, 0xE2, 0x00, 0x6D, 0x0E, 0x20, 0x4E, 0x50, 0xEE, 0xEC, 0x50,
  // "Ñ" (U+00D1), uncompressed
  0x02, 0xD7, 0x64, 0x00, 0x73, 0x9C, 0x00, 0x00, 0x00, 0x00, 0x0F, 0xA0, 0x00, 0xE2, 0xFE, 0x40,
  0x0E, 0x2F, 0x7D, 0x00, 0xE2, 0xF0, 0xD8, 0x0E, 0x2F, 0x04, 0xF3, 0xD2, 0xF0, 0x0A, 0xCD, 0x2F,
  0x00, 0x2F, 0xF2, 0xF0, 0x00, 0x8F, 0x20,
  // "Ò" (U+00D2), RLE, 5 bytes saved (11.4%)
  0x20, 0x40, 0xE7, 0x07, 0x08, 0x75, 0x84, 0x19, 0xEE, 0xB2, 0x28, 0x90, 0xBA, 0x10, 0x6E, 0x12,
  0xF1, 0x38, 0x2C, 0x65, 0xD4, 0x82, 0x98, 0x5D, 0x48, 0x39, 0x82, 0xF1, 0x38, 0x97, 0xC6, 0x0B,
  0xA1, 0x06, 0xE1, 0x01, 0x9E, 0xEB, 0x21,
  // "Ó" (U+00D3), RLE, 5 bytes saved (11.4%)
  0x40, 0xC0, 0x75, 0x05, 0x0A, 0x75, 0x84, 0x19, 0xEE, 0xB2, 0x28, 0x90, 0xBA, 0x10, 0x6E, 0x12,
  0xF1, 0x38, 0x2C, 0x65, 0xD4, 0x82, 0x98, 0x5D, 0x48, 0x39, 0x82, 0xF1, 0x38, 0x97, 0xC6, 0x0B,
  0xA1, 0x06, 0xE1, 0x01, 0x9E, 0xEB, 0x21,
  // "Ô" (U+00D4), RLE, 3 bytes saved (6.8%)
  0x38, 0x19, 0xF3, 0x48, 0x34, 0xA3, 0xC1, 0x73, 0x84, 0x19, 0xEE, 0xB2, 0x28, 0x90, 0xBA, 0x10,
  0x6E, 0x12, 0xF1, 0x38, 0x2C, 0x65, 0xD4, 0x82, 0x98, 0x5D, 0x48, 0x39, 0x82, 0xF1, 0x38, 0x97,
  0xC6, 0x0B, 0xA1, 0x06, 0xE1, 0x01, 0x9E, 0xEB, 0x21,
  // "Õ" (U+00D5), RLE, 2 bytes saved (4.5%)
  0x28, 0x32, 0xD7, 0x64, 0x38, 0x27, 0x39, 0xC7, 0x48, 0x41, 0x9E, 0xEB, 0x22, 0x89, 0x0B, 0xA1,
  0x06, 0xE1, 0x2F, 0x13, 0x82, 0xC6, 0x5D, 0x48, 0x29, 0x85, 0xD4, 0x83, 0x98, 0x2F, 0x13, 0x89,
  0x7C, 0x60, 0xBA, 0x10, 0x6E, 0x10, 0x19, 0xEE, 0xB2, 0x10,
  // "Ö" (U+00D6), RLE, 2 bytes saved (5.0%)
  0x28, 0x25, 0x74, 0x77, 0x48, 0x41, 0x9E, 0xEB, 0x22, 0x89, 0x0B, 0xA1, 0x06, 0xE1, 0x2F, 0x13,
  0x82, 0xC6, 0x5D, 0x48, 0x29, 0x85, 0xD4, 0x83, 0x98, 0x2F, 0x13, 0x89, 0x7C, 0x60, 0xBA, 0x10,
  0x6E, 0x10, 0x19, 0xEE, 0xB2, 0x10,
  // "×" (U+00D7), uncompressed
  0x1B, 0x00, 0xB1, 0x06, 0xBB, 0x60, 0x00, 0xDD, 0x00, 0x0B, 0x66, 0xB0, 0x05, 0x00, 0x50,
  // "Ø" (U+00D8), RLE, 2 bytes saved (5.0%)
  0x60, 0x12, 0x84, 0x19, 0xEE, 0xBC, 0x28, 0xC1, 0xBA, 0x10, 0xDE, 0x02, 0xF1, 0x06, 0x9C, 0x65,
  0xD0, 0x1D, 0x09, 0x84, 0xD0, 0xB4, 0x09, 0x82, 0xF7, 0x92, 0x87, 0xC6, 0x0B, 0xF1, 0x06, 0xD2,
  0x84, 0xAB, 0xEE, 0xB2, 0x20, 0x16,
  // "Ù" (U+00D9), uncompressed
  0x00, 0x4E, 0x00, 0x00, 0x00, 0x78, 0x00, 0x00, 0x00, 0x00, 0x01, 0xF1, 0x00, 0x4C, 0x1F, 0x10,
  0x04, 0xC1, 0xF1, 0x00, 0x4C, 0x1F, 0x10, 0x04, 0xC1, 0xF1, 0x00, 0x4C, 0x0F, 0x10, 0x05, 0xB0,
  0xB8, 0x01, 0xB7, 0x01, 0xAE, 0xE8, 0x00,
  // "Ú" (U+00DA), uncompressed
  0x00, 0x00, 0xC7, 0x00, 0x00, 0x5A, 0x00, 0x00, 0x00, 0x00, 0x01, 0xF1, 0x00, 0x4C, 0x1F, 0x10,
  0x04, 0xC1, 0xF1, 0x00, 0x4C, 0x1F, 0x10, 0x04, 0xC1, 0xF1, 0x00, 0x4C, 0x0F, 0x10, 0x05, 0xB0,
  0xB8, 0x01, 0xB7, 0x01, 0xAE, 0xE8, 0x00,
  // "Û" (U+00DB), uncompressed
  0x00, 0x09, 0xF3, 0x00, 0x04, 0xA3, 0xC1, 0x00, 0x00, 0x00, 0x01, 0xF1, 0x00, 0x4C, 0x1F, 0x10,
  0x04, 0xC1, 0xF1, 0x00, 0x4C, 0x1F, 0x10, 0x04, 0xC1, 0xF1, 0x00, 0x4C, 0x0F, 0x10, 0x05, 0xB0,
  0xB8, 0x01, 0xB7, 0x01, 0xAE, 0xE8, 0x00,
  // "Ü" (U+00DC), uncompressed
  0x00, 0x57, 0x47, 0x00, 0x00, 0x00, 0x00, 0x1F, 0x10, 0x04, 0xC1, 0xF1, 0x00, 0x4C, 0x1F, 0x10,
  0x04, 0xC1, 0xF1, 0x00, 0x4C, 0x1F, 0x10, 0x04, 0xC0, 0xF1, 0x00, 0x5B, 0x0B, 0x80, 0x1B, 0x70,
  0x1A, 0xEE, 0x80,
  // "Ý" (U+00DD), RLE, 2 bytes saved (6.1%)
  0x30, 0xC0, 0x73, 0x05, 0x0A, 0x71, 0x0B, 0x07, 0x28, 0x93, 0x5D, 0x3E, 0x10, 0xD5, 0x0B, 0x86,
  0xD2, 0x82, 0x3E, 0xD5, 0x30, 0xB0, 0xD4, 0x07, 0x09, 0x40, 0x70, 0x94, 0x07, 0x09, 0x20,
  // "Þ" (U+00DE), RLE, 1 byte saved (5.0%)
  0x90, 0x13, 0x90, 0x13, 0x98, 0xA3, 0xEE, 0xB3, 0xF1, 0x07, 0xCF, 0x10, 0x8C, 0xFE, 0xEB, 0x2F,
  0x13, 0x90, 0x13,
  // "ß" (U+00DF), uncompressed
  0x05, 0xDE, 0xC3, 0x00, 0xF3, 0x08, 0xA0, 0x1F, 0x01, 0xC5, 0x01, 0xF0, 0xB6, 0x00, 0x1F, 0x06,
  0xD3, 0x01, 0xF0, 0x03, 0xE3, 0x1F, 0x01, 0x0C, 0x51, 0xF1, 0xDE, 0xB1,
  // "à" (U+00E0), RLE, 1 byte saved (3.7%)
  0x10, 0x40, 0xE5, 0x07, 0x08, 0x72, 0x82, 0x8D, 0xE8, 0x28, 0xB3, 0x10, 0x1E, 0x10, 0x9D, 0xEF,
  0x26, 0xC1, 0x0E, 0x27, 0xB0, 0x4F, 0x21, 0xCE, 0x9B, 0x20,
  // "á" (U+00E1), RLE, 1 byte saved (3.7%)
  0x30, 0xC0, 0x73, 0x05, 0x0A, 0x72, 0x82, 0x8D, 0xE8, 0x28, 0xB3, 0x10, 0x1E, 0x10, 0x9D, 0xEF,
  0x26, 0xC1, 0x0E, 0x27, 0xB0, 0x4F, 0x21, 0xCE, 0x9B, 0x20,
  // "â" (U+00E2), uncompressed
  0x00, 0x9F, 0x30, 0x04, 0xA3, 0xC1, 0x00, 0x00, 0x00, 0x08, 0xDE, 0x80, 0x01, 0x01, 0xE1, 0x09,
  0xDE, 0xF2, 0x6C, 0x10, 0xE2, 0x7B, 0x04, 0xF2, 0x1C, 0xE9, 0xB2,
  // "ã" (U+00E3), uncompressed
  0x02, 0xD7, 0x64, 0x07, 0x39, 0xC0, 0x00, 0x00, 0x00, 0x08, 0xDE, 0x80, 0x01, 0x01, 0xE1, 0x09,
  0xDE, 0xF2, 0x6C, 0x10, 0xE2, 0x7B, 0x04, 0xF2, 0x1C, 0xE9, 0xB2,
  // "ä" (U+00E4), uncompressed
  0x05, 0x74, 0x70, 0x00, 0x00, 0x00, 0x08, 0xDE, 0x80, 0x01, 0x01, 0xE1, 0x09, 0xDE, 0xF2, 0x6C,
  0x10, 0xE2, 0x7B, 0x04, 0xF2, 0x1C, 0xE9, 0xB2,
  // "å" (U+00E5), uncompressed
  0x03, 0xA5, 0x00, 0x08, 0x1A, 0x00, 0x03, 0xA5, 0x00, 0x08, 0xDE, 0x80, 0x01, 0x01, 0xE1, 0x09,
  0xDE, 0xF2, 0x6C, 0x10, 0xE2, 0x7B, 0x04, 0xF2, 0x1C, 0xE9, 0xB2,
  // "æ" (U+00E6), uncompressed
  0x09, 0xED, 0x5B, 0xEB, 0x00, 0x10, 0x2F, 0x50, 0x98, 0x0A, 0xEE, 0xFE, 0xEE, 0xA6, 0xC1, 0x1F,
  0x20, 0x00, 0x6B, 0x06, 0xE8, 0x01, 0x21, 0xCE, 0xA1, 0xBE, 0xE5,
  // "ç" (U+00E7), uncompressed
  0x06, 0xDE, 0x82, 0xE2, 0x01, 0x6B, 0x00, 0x06, 0xB0, 0x00, 0x2E, 0x20, 0x10, 0x6D, 0xE8, 0x00,
  0x34, 0x00, 0x02, 0xC1, 0x00, 0xAA, 0x00,
  // "è" (U+00E8), RLE, 2 bytes saved (7.4%)
  0x10, 0x40, 0xE5, 0x07, 0x08, 0x72, 0x8A, 0x16, 0xDE, 0x80, 0x2D, 0x10, 0xC4, 0x6F, 0xEE, 0xE7,
  0x6B, 0x48, 0x92, 0x2F, 0x30, 0x11, 0x05, 0xDE, 0xD2,
  // "é" (U+00E9), RLE, 2 bytes saved (7.4%)
  0x30, 0xC0, 0x73, 0x05, 0x0A, 0x72, 0x8A, 0x16, 0xDE, 0x80, 0x2D, 0x10, 0xC4, 0x6F, 0xEE, 0xE7,
  0x6B, 0x48, 0x92, 0x2F, 0x30, 0x11, 0x05, 0xDE, 0xD2,
  // "ê" (U+00EA), uncompressed
  0x00, 0x9F, 0x30, 0x04, 0xA3, 0xC1, 0x00, 0x00, 0x00, 0x06, 0xDE, 0x80, 0x2D, 0x10, 0xC4, 0x6F,
  0xEE, 0xE7, 0x6B, 0x00, 0x00, 0x2F, 0x30, 0x11, 0x05, 0xDE, 0xD2,
  // "ë" (U+00EB), uncompressed
  0x05, 0x74, 0x70, 0x00, 0x00, 0x00, 0x06, 0xDE, 0x80, 0x2D, 0x10, 0xC4, 0x6F, 0xEE, 0xE7, 0x6B,
  0x00, 0x00, 0x2F, 0x30, 0x11, 0x05, 0xDE, 0xD2,
  // "ì" (U+00EC), uncompressed
  0x4E, 0x00, 0x78, 0x00, 0x00, 0x1F, 0x01, 0xF0, 0x1F, 0x01, 0xF0, 0x1F, 0x01, 0xF0,
  // "í" (U+00ED), uncompressed
  0x0C, 0x75, 0xA0, 0x00, 0x01, 0xF0, 0x1F, 0x01, 0xF0, 0x1F, 0x01, 0xF0, 0x1F, 0x00,
  // "î" (U+00EE), RLE, 4 bytes saved (17.4%)
  0x18, 0x79, 0xF3, 0x04, 0xA3, 0xC1, 0x60, 0x19, 0x30, 0x19, 0x30, 0x19, 0x30, 0x19, 0x30, 0x19,
  0x30, 0x19, 0x20,
  // "ï" (U+00EF), uncompressed
  0x57, 0x47, 0x00, 0x00, 0x01, 0xF0, 0x01, 0xF0, 0x01, 0xF0, 0x01, 0xF0, 0x01, 0xF0, 0x01, 0xF0,
  // "ð" (U+00F0), uncompressed
  0x00, 0xC7, 0xB0, 0x01, 0xBE, 0x80, 0x00, 0x41, 0xD3, 0x07, 0xDD, 0xC9, 0x3E, 0x20, 0x9C, 0x6B,
  0x00, 0x4C, 0x3E, 0x10, 0x98, 0x06, 0xDE, 0xA0,
  // "ñ" (U+00F1), uncompressed
  0x02, 0xD7, 0x64, 0x07, 0x39, 0xC0, 0x00, 0x00, 0x00, 0x1D, 0x8E, 0xD3, 0x1F, 0x60, 0x8A, 0x1F,
  0x00, 0x5C, 0x1F, 0x00, 0x5C, 0x1F, 0x00, 0x5C, 0x1F, 0x00, 0x5C,
  // "ò" (U+00F2), uncompressed
  0x04, 0xE0, 0x00, 0x00, 0x78, 0x00, 0x00, 0x00, 0x00, 0x05, 0xDE, 0x90, 0x2E, 0x20, 0xA8, 0x5B,
  0x00, 0x5C, 0x6B, 0x00, 0x5C, 0x2E, 0x20, 0xB8, 0x05, 0xDE, 0x90,
  // "ó" (U+00F3), uncompressed
  0x00, 0x0C, 0x70, 0x00, 0x5A, 0x00, 0x00, 0x00, 0x00, 0x05, 0xDE, 0x90, 0x2E, 0x20, 0xA8, 0x5B,
  0x00, 0x5C, 0x6B, 0x00, 0x5C, 0x2E, 0x20, 0xB8, 0x05, 0xDE, 0x90,
  // "ô" (U+00F4), uncompressed
  0x00, 0x9F, 0x30, 0x04, 0xA3, 0xC1, 0x00, 0x00, 0x00, 0x05, 0xDE, 0x90, 0x2E, 0x20, 0xA8, 0x5B,
  0x00, 0x5C, 0x6B, 0x00, 0x5C, 0x2E, 0x20, 0xB8, 0x05, 0xDE, 0x90,
  // "õ" (U+00F5), uncompressed
  0x02, 0xD7, 0x64, 0x07, 0x39, 0xC0, 0x00, 0x00, 0x00, 0x05, 0xDE, 0x90, 0x2E, 0x20, 0xA8, 0x5B,
  0x00, 0x5C, 0x6B, 0x00, 0x5C, 0x2E, 0x20, 0xB8, 0x05, 0xDE, 0x90,
  // "ö" (U+00F6), uncompressed
  0x05, 0x74, 0x70, 0x00, 0x00, 0x00, 0x05, 0xDE, 0x90, 0x2E, 0x20, 0xA8, 0x5B, 0x00, 0x5C, 0x6B,
  0x00, 0x5C, 0x2E, 0x20, 0xB8, 0x05, 0xDE, 0x90,
  // "÷" (U+00F7), RLE, 5 bytes saved (33.3%)
  0x20, 0x06, 0x71, 0x84, 0x7E, 0xEE, 0xE7, 0x71, 0x00, 0x62,
  // "ø" (U+00F8), uncompressed
  0x05, 0xDE, 0xC5, 0x2E, 0x24, 0xF7, 0x5B, 0x0C, 0x7C, 0x6B, 0x95, 0x5C, 0x2E, 0xB0, 0xB8, 0x0D,
  0xDE, 0x90, 0x01, 0x00, 0x00,
  // "ù" (U+00F9), uncompressed
  0x04, 0xE0, 0x00, 0x00, 0x78, 0x00, 0x00, 0x00, 0x00, 0x2E, 0x00, 0x5B, 0x2E, 0x00, 0x5B, 0x2E,
  0x00, 0x5B, 0x2E, 0x00, 0x6B, 0x1F, 0x10, 0xBB, 0x08, 0xDC, 0x8B,
  // "ú" (U+00FA), uncompressed
  0x00, 0x0C, 0x70, 0x00, 0x5A, 0x00, 0x00, 0x00, 0x00, 0x2E, 0x00, 0x5B, 0x2E, 0x00, 0x5B, 0x2E,
  0x00, 0x5B, 0x2E, 0x00, 0x6B, 0x1F, 0x10, 0xBB, 0x08, 0xDC, 0x8B,
  // "û" (U+00FB), uncompressed
  0x00, 0x9F, 0x30, 0x04, 0xA3, 0xC1, 0x00, 0x00, 0x00, 0x2E, 0x00, 0x5B, 0x2E, 0x00, 0x5B, 0x2E,
  0x00, 0x5B, 0x2E, 0x00, 0x6B, 0x1F, 0x10, 0xBB, 0x08, 0xDC, 0x8B,
  // "ü" (U+00FC), uncompressed
  0x05, 0x74, 0x70, 0x00, 0x00, 0x00, 0x2E, 0x00, 0x5B, 0x2E, 0x00, 0x5B, 0x2E, 0x00, 0x5B, 0x2E,
  0x00, 0x6B, 0x1F, 0x10, 0xBB, 0x08, 0xDC, 0x8B,
  // "ý" (U+00FD), RLE, 2 bytes saved (5.6%)
  0x30, 0xC0, 0x73, 0x05, 0x0A, 0x71, 0x0C, 0x05, 0x28, 0x93, 0xC5, 0x6A, 0x02, 0xE0, 0x1E, 0x06,
  0xA2, 0x82, 0xB5, 0xB5, 0x28, 0x15, 0xAE, 0x40, 0xE0, 0xA4, 0x0C, 0x04, 0x30, 0x40, 0xD3, 0x81,
  0xBD, 0x33,
  // "þ" (U+00FE), RLE, 2 bytes saved (6.1%)
  0x01, 0x94, 0x01, 0x94, 0x89, 0x31, 0xF8, 0xEC, 0x21, 0xF5, 0x09, 0xA1, 0x92, 0x81, 0x3E, 0x19,
  0x28, 0x95, 0x3E, 0x1F, 0x50, 0x9A, 0x1E, 0x9E, 0xC2, 0x19, 0x40, 0x19, 0x40, 0x19, 0x40,
  // "ÿ" (U+00FF), RLE, 1 byte saved (3.0%)
  0x18, 0x25, 0x74, 0x77, 0x0C, 0x05, 0x28, 0x93, 0xC5, 0x6A, 0x02, 0xE0, 0x1E, 0x06, 0xA2, 0x82,
  0xB5, 0xB5, 0x28, 0x15, 0xAE, 0x40, 0xE0, 0xA4, 0x0C, 0x04, 0x30, 0x40, 0xD3, 0x81, 0xBD, 0x33,
  // "Ā" (U+0100), RLE, 2 bytes saved (5.7%)
  0x18, 0x28, 0xEE, 0x97, 0x48, 0x15, 0xF2, 0x48, 0x1A, 0xD8, 0x38, 0x21, 0xF5, 0xD3, 0x83, 0x6C,
  0x0E, 0x32, 0x8A, 0x4B, 0x70, 0x99, 0x01, 0xFE, 0xEF, 0xE0, 0x7C, 0x11, 0x1E, 0x5C, 0x53, 0x08,
  0x0A,
  // "ā" (U+0101), uncompressed
  0x08, 0xEE, 0x90, 0x00, 0x00, 0x00, 0x08, 0xDE, 0x80, 0x01, 0x01, 0xE1, 0x09, 0xDE, 0xF2, 0x6C,
  0x10, 0xE2, 0x7B, 0x04, 0xF2, 0x1C, 0xE9, 0xB2,
  // "Ă" (U+0102), RLE, 2 bytes saved (5.1%)
  0x18, 0x24, 0x20, 0x63, 0x82, 0x2D, 0xD5, 0x74, 0x81, 0x5F, 0x24, 0x81, 0xAD, 0x83, 0x82, 0x1F,
  0x5D, 0x38, 0x36, 0xC0, 0xE3, 0x28, 0xA4, 0xB7, 0x09, 0x90, 0x1F, 0xEE, 0xFE, 0x07, 0xC1, 0x11,
  0xE5, 0xC5, 0x30, 0x80, 0xA0,
  // "ă" (U+0103), uncompressed
  0x04, 0x20, 0x60, 0x02, 0xDD, 0x50, 0x00, 0x00, 0x00, 0x08, 0xDE, 0x80, 0x01, 0x01, 0xE1, 0x09,
  0xDE, 0xF2, 0x6C, 0x10, 0xE2, 0x7B, 0x04, 0xF2, 0x1C, 0xE9, 0xB2,
  // "Ą" (U+0104), RLE, 4 bytes saved (9.1%)
  0x28, 0x15, 0xF2, 0x58, 0x1A, 0xD8, 0x48, 0x21, 0xF5, 0xD4, 0x83, 0x6C, 0x0E, 0x33, 0x83, 0xB7,
  0x09, 0x92, 0x84, 0x1F, 0xEE, 0xFE, 0x28, 0x90, 0x7C, 0x11, 0x1E, 0x50, 0xC5, 0x30, 0x80, 0xA6,
  0x01, 0x08, 0x60, 0x70, 0x56, 0x81, 0x5E, 0x30,
  // "ą" (U+0105), uncompressed
  0x08, 0xDE, 0x80, 0x01, 0x01, 0xE1, 0x09, 0xDE, 0xF2, 0x6C, 0x10, 0xE2, 0x7B, 0x04, 0xF2, 0x1C,
  0xE9, 0xB2, 0x00, 0x01, 0x80, 0x00, 0x07, 0x50, 0x00, 0x05, 0xE3,
  // "Ć" (U+0106), RLE, 7 bytes saved (17.9%)
  0x40, 0xC0, 0x74, 0x05, 0x0A, 0x74, 0x89, 0x59, 0xEE, 0xC1, 0x0A, 0xB1, 0x03, 0x02, 0xF1, 0x40,
  0x50, 0xD5, 0x05, 0x0D, 0x58, 0x12, 0xF1, 0x58, 0x3B, 0xA1, 0x02, 0x28, 0x31, 0xAE, 0xED, 0x10,
  // "ć" (U+0107), RLE, 1 byte saved (4.3%)
  0x30, 0xC0, 0x72, 0x05, 0x0A, 0x78, 0x91, 0x6D, 0xE8, 0x2E, 0x20, 0x16, 0xB3, 0x06, 0x0B, 0x38,
  0x90, 0x2E, 0x20, 0x10, 0x6D, 0xE8,
  // "Ĉ" (U+0108), RLE, 5 bytes saved (12.8%)
  0x38, 0x19, 0xF3, 0x38, 0x34, 0xA3, 0xC1, 0x72, 0x89, 0x59, 0xEE, 0xC1, 0x0A, 0xB1, 0x03, 0x02,
  0xF1, 0x40, 0x50, 0xD5, 0x05, 0x0D, 0x58, 0x12, 0xF1, 0x58, 0x3B, 0xA1, 0x02, 0x28, 0x31, 0xAE,
  0xED, 0x10,
  // "ĉ" (U+0109), RLE, 1 byte saved (3.7%)
  0x28, 0x19, 0xF3, 0x28, 0x34, 0xA3, 0xC1, 0x78, 0x93, 0x6D, 0xE8, 0x02, 0xE2, 0x01, 0x06, 0xB4,
  0x06, 0x0B, 0x48, 0x32, 0xE2, 0x01, 0x28, 0x26, 0xDE, 0x81,
  // "Ċ" (U+010A), RLE, 6 bytes saved (17.1%)
  0x30, 0x60, 0x77, 0x48, 0x95, 0x9E, 0xEC, 0x10, 0xAB, 0x10, 0x30, 0x2F, 0x14, 0x05, 0x0D, 0x50,
  0x50, 0xD5, 0x81, 0x2F, 0x15, 0x83, 0xBA, 0x10, 0x22, 0x83, 0x1A, 0xEE, 0xD1,
  // "ċ" (U+010B), uncompressed
  0x00, 0x67, 0x00, 0x00, 0x00, 0x06, 0xDE, 0x82, 0xE2, 0x01, 0x6B, 0x00, 0x06, 0xB0, 0x00, 0x2E,
  0x20, 0x10, 0x6D, 0xE8,
  // "Č" (U+010C), RLE, 5 bytes saved (12.8%)
  0x28, 0x34, 0xA3, 0xC1, 0x38, 0x19, 0xF3, 0x73, 0x89, 0x59, 0xEE, 0xC1, 0x0A, 0xB1, 0x03, 0x02,
  0xF1, 0x40, 0x50, 0xD5, 0x05, 0x0D, 0x58, 0x12, 0xF1, 0x58, 0x3B, 0xA1, 0x02, 0x28, 0x31, 0xAE,
  0xED, 0x10,
  // "č" (U+010D), uncompressed
  0x04, 0xA3, 0xC1, 0x00, 0x9F, 0x30, 0x00, 0x00, 0x00, 0x06, 0xDE, 0x80, 0x2E, 0x20, 0x10, 0x6B,
  0x00, 0x00, 0x6B, 0x00, 0x00, 0x2E, 0x20, 0x10, 0x06, 0xDE, 0x80,
  // "Ď" (U+010E), uncompressed
  0x04, 0xA3, 0xC1, 0x00, 0x9F, 0x30, 0x00, 0x00, 0x00, 0xFE, 0xEC, 0x50, 0xF1, 0x03, 0xD6, 0xF1,
  0x00, 0x6D, 0xF1, 0x00, 0x2F, 0xF1, 0x00, 0x3F, 0xF1, 0x00, 0x6D, 0xF1, 0x04, 0xE5, 0xFE, 0xEC,
  0x50,
  // "ď" (U+010F), uncompressed
  0x00, 0x00, 0x79, 0xB4, 0x00, 0x00, 0x79, 0xA0, 0x07, 0xEC, 0xA9, 0x00, 0x2E, 0x20, 0xC9, 0x00,
  0x6B, 0x00, 0x79, 0x00, 0x6B, 0x00, 0x79, 0x00, 0x2E, 0x20, 0xB9, 0x00, 0x07, 0xEC, 0x89, 0x00,
  // "Đ" (U+0110), uncompressed
  0x0E, 0xEE, 0xC5, 0x00, 0xE2, 0x03, 0xD6, 0x0E, 0x20, 0x06, 0xD0, 0xE2, 0x00, 0x2F, 0xAF, 0xEC,
  0x03, 0xF0, 0xE2, 0x00, 0x6D, 0x0E, 0x20, 0x4E, 0x50, 0xEE, 0xEC, 0x50,
  // "đ" (U+0111), uncompressed
  0x00, 0x7E, 0xFF, 0x60, 0x00, 0x07, 0x90, 0x07, 0xEC, 0xA9, 0x02, 0xE2, 0x0C, 0x90, 0x6B, 0x00,
  0x79, 0x06, 0xB0, 0x07, 0x90, 0x3E, 0x20, 0xB9, 0x00, 0x7E, 0xC8, 0x90,
  // "Ē" (U+0112), RLE, 3 bytes saved (12.0%)
  0x82, 0x8E, 0xE9, 0x69, 0x0F, 0xE8, 0x13, 0xF1, 0x39, 0x01, 0x39, 0x0F, 0xE1, 0x90, 0x13, 0x90,
  0x13, 0x90, 0x13, 0x90, 0xFE, 0x03,
  // "ē" (U+0113), uncompressed
  0x08, 0xEE, 0x90, 0x00, 0x00, 0x00, 0x06, 0xDE, 0x80, 0x2D, 0x10, 0xC4, 0x6F, 0xEE, 0xE7, 0x6B,
  0x00, 0x00, 0x2F, 0x30, 0x11, 0x05, 0xDE, 0xD2,
  // "Ĕ" (U+0114), RLE, 3 bytes saved (10.7%)
  0x87, 0x42, 0x06, 0x02, 0xDD, 0x56, 0x90, 0xFE, 0x81, 0x3F, 0x13, 0x90, 0x13, 0x90, 0xFE, 0x19,
  0x01, 0x39, 0x01, 0x39, 0x01, 0x39, 0x0F, 0xE0, 0x30,
  // "ĕ" (U+0115), uncompressed
  0x04, 0x20, 0x60, 0x02, 0xDD, 0x50, 0x00, 0x00, 0x00, 0x06, 0xDE, 0x80, 0x2D, 0x10, 0xC4, 0x6F,
  0xEE, 0xE7, 0x6B, 0x00, 0x00, 0x2F, 0x30, 0x11, 0x05, 0xDE, 0xD2,
  // "Ė" (U+0116), RLE, 3 bytes saved (12.0%)
  0x10, 0x60, 0x77, 0x90, 0xFE, 0x81, 0x3F, 0x13, 0x90, 0x13, 0x90, 0xFE, 0x19, 0x01, 0x39, 0x01,
  0x39, 0x01, 0x39, 0x0F, 0xE0, 0x30,
  // "ė" (U+0117), RLE, 1 byte saved (4.2%)
  0x20, 0x60, 0x77, 0x28, 0xA1, 0x6D, 0xE8, 0x02, 0xD1, 0x0C, 0x46, 0xFE, 0xEE, 0x76, 0xB4, 0x89,
  0x22, 0xF3, 0x01, 0x10, 0x5D, 0xED, 0x20,
  // "Ę" (U+0118), RLE, 1 byte saved (3.6%)
  0x90, 0xFE, 0x81, 0x3F, 0x13, 0x90, 0x13, 0x90, 0xFE, 0x19, 0x01, 0x39, 0x01, 0x39, 0x01, 0x39,
  0x0F, 0xE0, 0x32, 0x01, 0x08, 0x30, 0x70, 0x53, 0x81, 0x5E, 0x30,
  // "ę" (U+0119), uncompressed
  0x06, 0xDD, 0x60, 0x2F, 0x31, 0xE2, 0x6C, 0x00, 0xA6, 0x6F, 0xEE, 0xE7, 0x2D, 0x10, 0x00, 0x05,
  0xDE, 0xF2, 0x00, 0x04, 0x80, 0x00, 0x09, 0x30, 0x00, 0x06, 0xE1,
  // "Ě" (U+011A), RLE, 3 bytes saved (10.7%)
  0x87, 0x4A, 0x3C, 0x10, 0x9F, 0x36, 0x90, 0xFE, 0x81, 0x3F, 0x13, 0x90, 0x13, 0x90, 0xFE, 0x19,
  0x01, 0x39, 0x01, 0x39, 0x01, 0x39, 0x0F, 0xE0, 0x30,
  // "ě" (U+011B), uncompressed
  0x04, 0xA3, 0xC1, 0x00, 0x9F, 0x30, 0x00, 0x00, 0x00, 0x06, 0xDE, 0x80, 0x2D, 0x10, 0xC4, 0x6F,
  0xEE, 0xE7, 0x6B, 0x00, 0x00, 0x2F, 0x30, 0x11, 0x05, 0xDE, 0xD2,
  // "Ĝ" (U+011C), RLE, 2 bytes saved (5.1%)
  0x38, 0x19, 0xF3, 0x38, 0x34, 0xA3, 0xC1, 0x72, 0x89, 0x57, 0xDE, 0xD7, 0x09, 0xC2, 0x02, 0x22,
  0xF2, 0x40, 0x50, 0xD5, 0x04, 0x0D, 0x28, 0x4C, 0xEC, 0x2F, 0x12, 0x89, 0x64, 0xC0, 0xAA, 0x10,
  0x4C, 0x01, 0x9E, 0xED, 0x90,
  // "ĝ" (U+011D), uncompressed
  0x00, 0x9F, 0x30, 0x04, 0xA3, 0xC1, 0x00, 0x00, 0x00, 0x07, 0xEC, 0x89, 0x2E, 0x20, 0xC9, 0x6B,
  0x00, 0x79, 0x6B, 0x00, 0x79, 0x2E, 0x20, 0xB9, 0x07, 0xEC, 0xA9, 0x00, 0x00, 0x79, 0x04, 0x00,
  0xC6, 0x0C, 0xEE, 0x90,
  // "Ğ" (U+011E), RLE, 2 bytes saved (5.1%)
  0x28, 0x24, 0x20, 0x63, 0x82, 0x2D, 0xD5, 0x73, 0x89, 0x57, 0xDE, 0xD7, 0x09, 0xC2, 0x02, 0x22,
  0xF2, 0x40, 0x50, 0xD5, 0x04, 0x0D, 0x28, 0x4C, 0xEC, 0x2F, 0x12, 0x89, 0x64, 0xC0, 0xAA, 0x10,
  0x4C, 0x01, 0x9E, 0xED, 0x90,
  // "ğ" (U+011F), uncompressed
  0x04, 0x20, 0x60, 0x02, 0xDD, 0x50, 0x00, 0x00, 0x00, 0x07, 0xEC, 0x89, 0x2E, 0x20, 0xC9, 0x6B,
  0x00, 0x79, 0x6B, 0x00, 0x79, 0x2E, 0x20, 0xB9, 0x07, 0xEC, 0xA9, 0x00, 0x00, 0x79, 0x04, 0x00,
  0xC6, 0x0C, 0xEE, 0x90,
  // "Ġ" (U+0120), RLE, 3 bytes saved (8.6%)
  0x30, 0x60, 0x77, 0x48, 0x95, 0x7D, 0xED, 0x70, 0x9C, 0x20, 0x22, 0x2F, 0x24, 0x05, 0x0D, 0x50,
  0x40, 0xD2, 0x84, 0xCE, 0xC2, 0xF1, 0x28, 0x96, 0x4C, 0x0A, 0xA1, 0x04, 0xC0, 0x19, 0xEE, 0xD9,
  // "ġ" (U+0121), uncompressed
  0x00, 0x67, 0x00, 0x00, 0x00, 0x00, 0x07, 0xEC, 0x89, 0x2E, 0x20, 0xC9, 0x6B, 0x00, 0x79, 0x6B,
  0x00, 0x79, 0x2E, 0x20, 0xB9, 0x07, 0xEC, 0xA9, 0x00, 0x00, 0x79, 0x04, 0x00, 0xC6, 0x0C, 0xEE,
  0x90,
  // "Ģ" (U+0122), RLE, 4 bytes saved (10.3%)
  0x28, 0x95, 0x7D, 0xED, 0x70, 0x9C, 0x20, 0x22, 0x2F, 0x24, 0x05, 0x0D, 0x50, 0x40, 0xD2, 0x84,
  0xCE, 0xC2, 0xF1, 0x28, 0x96, 0x4C, 0x0A, 0xA1, 0x04, 0xC0, 0x19, 0xEE, 0xD9, 0x73, 0x03, 0x0A,
  0x50, 0x60, 0x52,
  // "ģ" (U+0123), uncompressed
  0x00, 0x1B, 0x00, 0x00, 0x57, 0x00, 0x07, 0xEC, 0x89, 0x2E, 0x20, 0xC9, 0x6B, 0x00, 0x79, 0x6B,
  0x00, 0x79, 0x2E, 0x20, 0xB9, 0x07, 0xEC, 0xA9, 0x00, 0x00, 0x79, 0x04, 0x00, 0xC6, 0x0C, 0xEE,
  0x90,
  // "Ĥ" (U+0124), uncompressed
  0x00, 0x9F, 0x30, 0x04, 0xA3, 0xC1, 0x00, 0x00, 0x00, 0xF1, 0x00, 0x4D, 0xF1, 0x00, 0x4D, 0xF1,
  0x00, 0x4D, 0xFE, 0xEE, 0xED, 0xF1, 0x00, 0x4D, 0xF1, 0x00, 0x4D, 0xF1, 0x00, 0x4D, 0xF1, 0x00,
  0x4D,
  // "ĥ" (U+0125), RLE, 3 bytes saved (7.7%)
  0x18, 0x19, 0xF3, 0x38, 0x34, 0xA3, 0xC1, 0x73, 0x01, 0x95, 0x01, 0x95, 0x89, 0x51, 0xE8, 0xED,
  0x30, 0x1F, 0x60, 0x8A, 0x01, 0x92, 0x82, 0x5C, 0x01, 0x92, 0x82, 0x5C, 0x01, 0x92, 0x82, 0x5C,
  0x01, 0x92, 0x05, 0x0C,
  // "Ħ" (U+0126), uncompressed
  0x0F, 0x10, 0x04, 0xD0, 0xEF, 0xEE, 0xEE, 0xFC, 0x0F, 0x10, 0x04, 0xD0, 0x0F, 0xEE, 0xEE, 0xD0,
  0x0F, 0x10, 0x04, 0xD0, 0x0F, 0x10, 0x04, 0xD0, 0x0F, 0x10, 0x04, 0xD0, 0x0F, 0x10, 0x04, 0xD0,
  // "ħ" (U+0127), uncompressed
  0x1F, 0x00, 0x00, 0xDF, 0xEE, 0x00, 0x1F, 0x8E, 0xD2, 0x1F, 0x60, 0x8A, 0x1F, 0x00, 0x5C, 0x1F,
  0x00, 0x5C, 0x1F, 0x00, 0x5C, 0x1F, 0x00, 0x5C,
  // "Ĩ" (U+0128), RLE, 1 byte saved (3.6%)
  0x87, 0x2D, 0x76, 0x47, 0x39, 0xC7, 0x08, 0xA0, 0x42, 0x0A, 0x06, 0x30, 0xA0, 0x63, 0x0A, 0x06,
  0x30, 0xA0, 0x63, 0x0A, 0x06, 0x30, 0xA0, 0x62, 0x82, 0x7F, 0xE3,
  // "ĩ" (U+0129), RLE, 5 bytes saved (21.7%)
  0x87, 0x2D, 0x76, 0x47, 0x39, 0xC7, 0x01, 0x93, 0x01, 0x93, 0x01, 0x93, 0x01, 0x93, 0x01, 0x93,
  0x01, 0x92,
  // "Ī" (U+012A), uncompressed
  0x8E, 0xE9, 0x00, 0x00, 0x8F, 0xF4, 0x0A, 0x60, 0x0A, 0x60, 0x0A, 0x60, 0x0A, 0x60, 0x0A, 0x60,
  0x0A, 0x60, 0x7F, 0xE3,
  // "ī" (U+012B), uncompressed
  0x8E, 0xE9, 0x00, 0x00, 0x01, 0xF0, 0x01, 0xF0, 0x01, 0xF0, 0x01, 0xF0, 0x01, 0xF0, 0x01, 0xF0,
  // "Ĭ" (U+012C), uncompressed
  0x42, 0x06, 0x2D, 0xD5, 0x00, 0x00, 0x8F, 0xF4, 0x0A, 0x60, 0x0A, 0x60, 0x0A, 0x60, 0x0A, 0x60,
  0x0A, 0x60, 0x0A, 0x60, 0x7F, 0xE3,
  // "ĭ" (U+012D), uncompressed
  0x42, 0x06, 0x2D, 0xD5, 0x00, 0x00, 0x01, 0xF0, 0x01, 0xF0, 0x01, 0xF0, 0x01, 0xF0, 0x01, 0xF0,
  0x01, 0xF0,
  // "Į" (U+012E), uncompressed
  0x8F, 0xF4, 0x0A, 0x60, 0x0A, 0x60, 0x0A, 0x60, 0x0A, 0x60, 0x0A, 0x60, 0x0A, 0x60, 0x7F, 0xE3,
  0x01, 0x80, 0x07, 0x50, 0x05, 0xE3,
  // "į" (U+012F), uncompressed
  0x1C, 0x00, 0x00, 0x1F, 0x01, 0xF0, 0x1F, 0x01, 0xF0, 0x1F, 0x01, 0xF0, 0x18, 0x07, 0x50, 0x5E,
  0x30,
  // "İ" (U+0130), uncompressed
  0x06, 0x70, 0x00, 0x00, 0x8F, 0xF4, 0x0A, 0x60, 0x0A, 0x60, 0x0A, 0x60, 0x0A, 0x60, 0x0A, 0x60,
  0x0A, 0x60, 0x7F, 0xE3,
  // "ı" (U+0131), uncompressed
  0x1F, 0x1F, 0x1F, 0x1F, 0x1F, 0x1F,
  // "Ĳ" (U+0132), uncompressed
  0x8F, 0xF4, 0x0F, 0x10, 0xA6, 0x00, 0xF1, 0x0A, 0x60, 0x0F, 0x10, 0xA6, 0x00, 0xF1, 0x0A, 0x60,
  0x0F, 0x10, 0xA6, 0x00, 0xF1, 0x0A, 0x60, 0x0F, 0x17, 0xFE, 0x30, 0xF1, 0x00, 0x00, 0x4E, 0x00,
  0x00, 0xBD, 0x50,
  // "ĳ" (U+0133), uncompressed
  0x1C, 0x01, 0xC0, 0x00, 0x00, 0x1F, 0x01, 0xF1, 0xF0, 0x1F, 0x1F, 0x01, 0xF1, 0xF0, 0x1F, 0x1F,
  0x01, 0xF1, 0xF0, 0x1F, 0x00, 0x01, 0xF0, 0x00, 0x3E, 0x00, 0x8E, 0x70,
  // "Ĵ" (U+0134), RLE, 5 bytes saved (15.2%)
  0x18, 0x79, 0xF3, 0x04, 0xA3, 0xC1, 0x79, 0x01, 0x39, 0x01, 0x39, 0x01, 0x39, 0x01, 0x39, 0x01,
  0x39, 0x01, 0x39, 0x01, 0x39, 0x01, 0x20, 0x40, 0xE2, 0x81, 0xBD, 0x52,
  // "ĵ" (U+0135), RLE, 4 bytes saved (13.3%)
  0x18, 0x79, 0xF3, 0x04, 0xA3, 0xC1, 0x60, 0x19, 0x30, 0x19, 0x30, 0x19, 0x30, 0x19, 0x30, 0x19,
  0x30, 0x19, 0x30, 0x19, 0x30, 0x30, 0xE2, 0x81, 0x8E, 0x72,
  // "Ķ" (U+0136), uncompressed
  0xF1, 0x02, 0xE2, 0xF1, 0x1D, 0x50, 0xF2, 0xB8, 0x00, 0xFA, 0xD0, 0x00, 0xFA, 0xE4, 0x00, 0xF1,
  0x5E, 0x10, 0xF1, 0x0A, 0x90, 0xF1, 0x01, 0xE4, 0x00, 0x00, 0x00, 0x00, 0xB1, 0x00, 0x01, 0xA0,
  0x00,
  // "ķ" (U+0137), RLE, 2 bytes saved (6.1%)
  0x01, 0x94, 0x01, 0x94, 0x89, 0x61, 0xF0, 0x2D, 0x31, 0xF1, 0xD5, 0x01, 0xEB, 0x92, 0x89, 0x31,
  0xF9, 0xE1, 0x01, 0xF0, 0x8B, 0x01, 0x92, 0x0C, 0x07, 0x71, 0x06, 0x07, 0x40, 0xA0, 0x22,
  // "ĸ" (U+0138), uncompressed
  0x1F, 0x01, 0xD4, 0x1F, 0x0C, 0x60, 0x1F, 0x9A, 0x00, 0x1F, 0xAE, 0x10, 0x1F, 0x08, 0xB0, 0x1F,
  0x00, 0xC7,
  // "Ĺ" (U+0139), RLE, 11 bytes saved (33.3%)
  0x10, 0xC0, 0x73, 0x05, 0x0A, 0x74, 0x90, 0x14, 0x90, 0x14, 0x90, 0x14, 0x90, 0x14, 0x90, 0x14,
  0x90, 0x14, 0x90, 0x14, 0xC0, 0x50,
  // "ĺ" (U+013A), uncompressed
  0x0C, 0x75, 0xA0, 0x00, 0x01, 0xF0, 0x1F, 0x01, 0xF0, 0x1F, 0x01, 0xF0, 0x1F, 0x01, 0xF0, 0x1F,
  0x00,
  // "Ļ" (U+013B), RLE, 7 bytes saved (25.0%)
  0x90, 0x13, 0x90, 0x13, 0x90, 0x13, 0x90, 0x13, 0x90, 0x13, 0x90, 0x13, 0x90, 0x13, 0xC0, 0x56,
  0x03, 0x0A, 0x30, 0x70, 0x52,
  // "ļ" (U+013C), uncompressed
  0x1F, 0x1F, 0x1F, 0x1F, 0x1F, 0x1F, 0x1F, 0x1F, 0x00, 0x0C, 0x39,
  // "Ľ" (U+013D), RLE, 2 bytes saved (10.0%)
  0x98, 0x91, 0x10, 0xB4, 0xF1, 0x0A, 0x0F, 0x13, 0x90, 0x13, 0x90, 0x13, 0x90, 0x13, 0x90, 0x13,
  0xC0, 0x50,
  // "ľ" (U+013E), uncompressed
  0x1F, 0x5A, 0x1F, 0x73, 0x1F, 0x00, 0x1F, 0x00, 0x1F, 0x00, 0x1F, 0x00, 0x1F, 0x00, 0x1F, 0x00,
  // "Ŀ" (U+013F), RLE, 3 bytes saved (15.0%)
  0x90, 0x13, 0x90, 0x13, 0x90, 0x13, 0x98, 0x41, 0x67, 0x0F, 0x13, 0x90, 0x13, 0x90, 0x13, 0xC0,
  0x50,
  // "ŀ" (U+0140), uncompressed
  0x1F, 0x00, 0x1F, 0x00, 0x1F, 0x00, 0x1F, 0x67, 0x1F, 0x00, 0x1F, 0x00, 0x1F, 0x00, 0x1F, 0x00,
  // "Ł" (U+0141), RLE, 5 bytes saved (20.8%)
  0x19, 0x01, 0x49, 0x01, 0x49, 0x01, 0x49, 0x0C, 0x08, 0x28, 0x16, 0xF6, 0x38, 0x14, 0xF1, 0x49,
  0x01, 0x4C, 0x05,
  // "ł" (U+0142), uncompressed
  0x2E, 0x02, 0xE0, 0x2E, 0x02, 0xF9, 0xAF, 0x26, 0xE0, 0x2E, 0x02, 0xE0,
  // "Ń" (U+0143), RLE, 2 bytes saved (5.1%)
  0x30, 0xC0, 0x74, 0x05, 0x0A, 0x73, 0x90, 0xA3, 0x83, 0xE2, 0xFE, 0x42, 0x83, 0xE2, 0xF7, 0xD2,
  0x89, 0x6E, 0x2F, 0x0D, 0x80, 0xE2, 0xF0, 0x4F, 0x3D, 0x29, 0x28, 0x2A, 0xCD, 0x29, 0x20, 0x2A,
  0x02, 0x93, 0x81, 0x8F, 0x20,
  // "ń" (U+0144), uncompressed
  0x00, 0x0C, 0x70, 0x00, 0x5A, 0x00, 0x00, 0x00, 0x00, 0x1D, 0x8E, 0xD3, 0x1F, 0x60, 0x8A, 0x1F,
  0x00, 0x5C, 0x1F, 0x00, 0x5C, 0x1F, 0x00, 0x5C, 0x1F, 0x00, 0x5C,
  // "Ņ" (U+0145), RLE, 2 bytes saved (5.1%)
  0x90, 0xA3, 0x83, 0xE2, 0xFE, 0x42, 0x83, 0xE2, 0xF7, 0xD2, 0x89, 0x6E, 0x2F, 0x0D, 0x80, 0xE2,
  0xF0, 0x4F, 0x3D, 0x29, 0x28, 0x2A, 0xCD, 0x29, 0x20, 0x2A, 0x02, 0x93, 0x81, 0x8F, 0x27, 0x20,
  0x40, 0x95, 0x08, 0x03, 0x30,
  // "ņ" (U+0146), uncompressed
  0x1D, 0x8E, 0xD3, 0x1F, 0x60, 0x8A, 0x1F, 0x00, 0x5C, 0x1F, 0x00, 0x5C, 0x1F, 0x00, 0x5C, 0x1F,
  0x00, 0x5C, 0x00, 0x00, 0x00, 0x00, 0x1B, 0x00, 0x00, 0x57, 0x00,
  // "Ň" (U+0147), uncompressed
  0x04, 0xA3, 0xC1, 0x00, 0x09, 0xF3, 0x00, 0x00, 0x00, 0x00, 0x0F, 0xA0, 0x00, 0xE2, 0xFE, 0x40,
  0x0E, 0x2F, 0x7D, 0x00, 0xE2, 0xF0, 0xD8, 0x0E, 0x2F, 0x04, 0xF3, 0xD2, 0xF0, 0x0A, 0xCD, 0x2F,
  0x00, 0x2F, 0xF2, 0xF0, 0x00, 0x8F, 0x20,
  // "ň" (U+0148), uncompressed
  0x04, 0xA3, 0xC1, 0x00, 0x9F, 0x30, 0x00, 0x00, 0x00, 0x1D, 0x8E, 0xD3, 0x1F, 0x60, 0x8A, 0x1F,
  0x00, 0x5C, 0x1F, 0x00, 0x5C, 0x1F, 0x00, 0x5C, 0x1F, 0x00, 0x5C,
  // "ŉ" (U+0149), uncompressed
  0x6B, 0x00, 0x00, 0x09, 0x60, 0x00, 0x00, 0xA3, 0xD8, 0xED, 0x30, 0x1F, 0x60, 0x8A, 0x01, 0xF0,
  0x05, 0xC0, 0x1F, 0x00, 0x5C, 0x01, 0xF0, 0x05, 0xC0, 0x1F, 0x00, 0x5C,
  // "Ŋ" (U+014A), uncompressed
  0xFA, 0x00, 0x0E, 0x2F, 0xF5, 0x00, 0xE2, 0xF9, 0xE1, 0x0E, 0x2F, 0x1D, 0xB0, 0xE2, 0xF0, 0x4F,
  0x6D, 0x2F, 0x00, 0x9E, 0xE2, 0xF0, 0x00, 0xDF, 0x2F, 0x00, 0x03, 0xF2, 0x00, 0x00, 0x2E, 0x00,
  0x00, 0xBD, 0x60,
  // "ŋ" (U+014B), uncompressed
  0x1D, 0x8E, 0xD3, 0x1F, 0x60, 0x8A, 0x1F, 0x00, 0x5C, 0x1F, 0x00, 0x5C, 0x1F, 0x00, 0x5C, 0x1F,
  0x00, 0x5C, 0x00, 0x00, 0x5C, 0x00, 0x00, 0x6B, 0x00, 0x09, 0xE4,
  // "Ō" (U+014C), RLE, 2 bytes saved (5.0%)
  0x28, 0x28, 0xEE, 0x97, 0x48, 0x41, 0x9E, 0xEB, 0x22, 0x89, 0x0B, 0xA1, 0x06, 0xE1, 0x2F, 0x13,
  0x82, 0xC6, 0x5D, 0x48, 0x29, 0x85, 0xD4, 0x83, 0x98, 0x2F, 0x13, 0x89, 0x7C, 0x60, 0xBA, 0x10,
  0x6E, 0x10, 0x19, 0xEE, 0xB2, 0x10,
  // "ō" (U+014D), uncompressed
  0x08, 0xEE, 0x90, 0x00, 0x00, 0x00, 0x05, 0xDE, 0x90, 0x2E, 0x20, 0xA8, 0x5B, 0x00, 0x5C, 0x6B,
  0x00, 0x5C, 0x2E, 0x20, 0xB8, 0x05, 0xDE, 0x90,
  // "Ŏ" (U+014E), RLE, 3 bytes saved (6.8%)
  0x28, 0x24, 0x20, 0x64, 0x82, 0x2D, 0xD5, 0x74, 0x84, 0x19, 0xEE, 0xB2, 0x28, 0x90, 0xBA, 0x10,
  0x6E, 0x12, 0xF1, 0x38, 0x2C, 0x65, 0xD4, 0x82, 0x98, 0x5D, 0x48, 0x39, 0x82, 0xF1, 0x38, 0x97,
  0xC6, 0x0B, 0xA1, 0x06, 0xE1, 0x01, 0x9E, 0xEB, 0x21,
  // "ŏ" (U+014F), uncompressed
  0x04, 0x20, 0x60, 0x02, 0xDD, 0x50, 0x00, 0x00, 0x00, 0x05, 0xDE, 0x90, 0x2E, 0x20, 0xA8, 0x5B,
  0x00, 0x5C, 0x6B, 0x00, 0x5C, 0x2E, 0x20, 0xB8, 0x05, 0xDE, 0x90,
  // "Ő" (U+0150), RLE, 3 bytes saved (6.8%)
  0x38, 0x2B, 0x4B, 0x23, 0x82, 0x58, 0x66, 0x74, 0x84, 0x19, 0xEE, 0xB2, 0x28, 0x90, 0xBA, 0x10,
  0x6E, 0x12, 0xF1, 0x38, 0x2C, 0x65, 0xD4, 0x82, 0x98, 0x5D, 0x48, 0x39, 0x82, 0xF1, 0x38, 0x97,
  0xC6, 0x0B, 0xA1, 0x06, 0xE1, 0x01, 0x9E, 0xEB, 0x21,
  // "ő" (U+0151), uncompressed
  0x00, 0xB4, 0xB2, 0x05, 0x86, 0x60, 0x00, 0x00, 0x00, 0x05, 0xDE, 0x90, 0x2E, 0x20, 0xA8, 0x5B,
  0x00, 0x5C, 0x6B, 0x00, 0x5C, 0x2E, 0x20, 0xB8, 0x05, 0xDE, 0x90,
  // "Œ" (U+0152), uncompressed
  0x01, 0xAE, 0xEF, 0xEE, 0xE3, 0x0B, 0xA0, 0x0D, 0x40, 0x00, 0x2F, 0x10, 0x0D, 0x40, 0x00, 0x5D,
  0x00, 0x0D, 0xEE, 0xE0, 0x5D, 0x00, 0x0D, 0x40, 0x00, 0x2F, 0x10, 0x0D, 0x40, 0x00, 0x0B, 0xA0,
  0x0D, 0x40, 0x00, 0x01, 0xAE, 0xEF, 0xEE, 0xE3,
  // "œ" (U+0153), uncompressed
  0x05, 0xDE, 0x85, 0xDE, 0x90, 0x2E, 0x20, 0xBE, 0x10, 0xC5, 0x6B, 0x00, 0x6F, 0xEE, 0xE7, 0x6B,
  0x00, 0x6C, 0x00, 0x00, 0x2E, 0x20, 0xBF, 0x40, 0x11, 0x05, 0xDE, 0x94, 0xDE, 0xD2,
  // "Ŕ" (U+0154), uncompressed
  0x00, 0xC7, 0x00, 0x05, 0xA0, 0x00, 0x00, 0x00, 0x00, 0xFE, 0xEB, 0x20, 0xF1, 0x09, 0xB0, 0xF1,
  0x04, 0xD0, 0xF1, 0x09, 0x90, 0xFE, 0xFB, 0x00, 0xF1, 0x3D, 0x00, 0xF1, 0x0A, 0x90, 0xF1, 0x01,
  0xE3,
  // "ŕ" (U+0155), RLE, 4 bytes saved (17.4%)
  0x20, 0xC0, 0x72, 0x05, 0x0A, 0x78, 0x61, 0xC7, 0xE3, 0x1F, 0x82, 0x01, 0x93, 0x01, 0x93, 0x01,
  0x93, 0x01, 0x93,
  // "Ŗ" (U+0156), uncompressed
  0xFE, 0xEB, 0x20, 0xF1, 0x09, 0xB0, 0xF1, 0x04, 0xD0, 0xF1, 0x09, 0x90, 0xFE, 0xFB, 0x00, 0xF1,
  0x3D, 0x00, 0xF1, 0x0A, 0x90, 0xF1, 0x01, 0xE3, 0x00, 0x00, 0x00, 0x00, 0xB2, 0x00, 0x01, 0xB0,
  0x00,
  // "ŗ" (U+0157), RLE, 5 bytes saved (21.7%)
  0x86, 0x1C, 0x7E, 0x31, 0xF8, 0x20, 0x19, 0x30, 0x19, 0x30, 0x19, 0x30, 0x19, 0x72, 0x0C, 0x30,
  0x30, 0x93,
  // "Ř" (U+0158), uncompressed
  0x4A, 0x3C, 0x10, 0x09, 0xF3, 0x00, 0x00, 0x00, 0x00, 0xFE, 0xEB, 0x20, 0xF1, 0x09, 0xB0, 0xF1,
  0x04, 0xD0, 0xF1, 0x09, 0x90, 0xFE, 0xFB, 0x00, 0xF1, 0x3D, 0x00, 0xF1, 0x0A, 0x90, 0xF1, 0x01,
  0xE3,
  // "ř" (U+0159), RLE, 3 bytes saved (13.0%)
  0x87, 0x4A, 0x3C, 0x10, 0x9F, 0x36, 0x86, 0x1C, 0x7E, 0x31, 0xF8, 0x20, 0x19, 0x30, 0x19, 0x30,
  0x19, 0x30, 0x19, 0x30,
  // "Ś" (U+015A), RLE, 3 bytes saved (9.1%)
  0x30, 0xC0, 0x73, 0x05, 0x0A, 0x72, 0x89, 0x38, 0xEE, 0xB0, 0x4D, 0x10, 0x30, 0x4D, 0x58, 0x1C,
  0xD6, 0x48, 0x16, 0xDC, 0x48, 0x94, 0x1E, 0x32, 0x10, 0x2E, 0x25, 0xDE, 0xD5, 0x10,
  // "ś" (U+015B), uncompressed
  0x00, 0xC7, 0x00, 0x5A, 0x00, 0x00, 0x00, 0x01, 0xBE, 0xD4, 0x6B, 0x01, 0x12, 0xDA, 0x30, 0x00,
  0x6E, 0x52, 0x10, 0x98, 0x5E, 0xEC, 0x20,
  // "Ŝ" (U+015C), RLE, 2 bytes saved (6.1%)
  0x28, 0x19, 0xF3, 0x28, 0x34, 0xA3, 0xC1, 0x78, 0x93, 0x8E, 0xEB, 0x04, 0xD1, 0x03, 0x04, 0xD5,
  0x81, 0xCD, 0x64, 0x81, 0x6D, 0xC4, 0x89, 0x41, 0xE3, 0x21, 0x02, 0xE2, 0x5D, 0xED, 0x51,
  // "ŝ" (U+015D), uncompressed
  0x09, 0xF3, 0x04, 0xA3, 0xC1, 0x00, 0x00, 0x01, 0xBE, 0xD4, 0x6B, 0x01, 0x12, 0xDA, 0x30, 0x00,
  0x6E, 0x52, 0x10, 0x98, 0x5E, 0xEC, 0x20,
  // "Ş" (U+015E), RLE, 1 byte saved (3.0%)
  0x18, 0x93, 0x8E, 0xEB, 0x04, 0xD1, 0x03, 0x04, 0xD5, 0x81, 0xCD, 0x64, 0x81, 0x6D, 0xC4, 0x89,
  0x41, 0xE3, 0x21, 0x02, 0xE2, 0x5D, 0xED, 0x53, 0x03, 0x04, 0x48, 0x12, 0xC1, 0x30, 0x0A, 0x20,
  // "ş" (U+015F), uncompressed
  0x1B, 0xED, 0x46, 0xB0, 0x11, 0x2D, 0xA3, 0x00, 0x06, 0xE5, 0x21, 0x09, 0x85, 0xEE, 0xC2, 0x03,
  0x40, 0x00, 0x2C, 0x10, 0x0A, 0xA0, 0x00,
  // "Š" (U+0160), RLE, 1 byte saved (3.0%)
  0x18, 0x34, 0xA3, 0xC1, 0x28, 0x19, 0xF3, 0x71, 0x89, 0x38, 0xEE, 0xB0, 0x4D, 0x10, 0x30, 0x4D,
  0x58, 0x1C, 0xD6, 0x48, 0x16, 0xDC, 0x48, 0x94, 0x1E, 0x32, 0x10, 0x2E, 0x25, 0xDE, 0xD5, 0x10,
  // "š" (U+0161), uncompressed
  0x4A, 0x3C, 0x10, 0x9F, 0x30, 0x00, 0x00, 0x01, 0xBE, 0xD4, 0x6B, 0x01, 0x12, 0xDA, 0x30, 0x00,
  0x6E, 0x52, 0x10, 0x98, 0x5E, 0xEC, 0x20,
  // "Ţ" (U+0162), RLE, 3 bytes saved (9.1%)
  0x0C, 0x0E, 0xA0, 0xE0, 0xB2, 0x09, 0x08, 0x40, 0x90, 0x84, 0x09, 0x08, 0x40, 0x90, 0x84, 0x09,
  0x08, 0x40, 0x90, 0x84, 0x09, 0x08, 0x40, 0x30, 0x44, 0x81, 0x2C, 0x13, 0x00, 0xA2,
  // "ţ" (U+0163), uncompressed
  0x05, 0x00, 0x0D, 0x10, 0x9F, 0xEA, 0x0F, 0x10, 0x0F, 0x10, 0x0F, 0x10, 0x0F, 0x30, 0x08, 0xEA,
  0x03, 0x40, 0x02, 0xC1, 0x0A, 0xA0,
  // "Ť" (U+0164), RLE, 3 bytes saved (9.1%)
  0x18, 0x34, 0xA3, 0xC1, 0x28, 0x19, 0xF3, 0x70, 0xC0, 0xEA, 0x0E, 0x0B, 0x20, 0x90, 0x84, 0x09,
  0x08, 0x40, 0x90, 0x84, 0x09, 0x08, 0x40, 0x90, 0x84, 0x09, 0x08, 0x40, 0x90, 0x82,
  // "ť" (U+0165), RLE, 4 bytes saved (16.7%)
  0x48, 0x92, 0xD1, 0x0A, 0x11, 0x80, 0x8F, 0xEA, 0x39, 0x01, 0x49, 0x01, 0x49, 0x01, 0x49, 0x03,
  0x48, 0x18, 0xEA, 0x20,
  // "Ŧ" (U+0166), uncompressed
  0xCE, 0xFF, 0xEB, 0x00, 0x98, 0x00, 0x00, 0x98, 0x00, 0x00, 0x98, 0x00, 0x1E, 0xFF, 0xE0, 0x00,
  0x98, 0x00, 0x00, 0x98, 0x00, 0x00, 0x98, 0x00,
  // "ŧ" (U+0167), uncompressed
  0x05, 0x00, 0x0D, 0x10, 0x9F, 0xEA, 0x0F, 0x10, 0xAF, 0xE8, 0x0F, 0x10, 0x0F, 0x30, 0x08, 0xEA,
  // "Ũ" (U+0168), uncompressed
  0x02, 0xD7, 0x64, 0x00, 0x73, 0x9C, 0x00, 0x00, 0x00, 0x00, 0x01, 0xF1, 0x00, 0x4C, 0x1F, 0x10,
  0x04, 0xC1, 0xF1, 0x00, 0x4C, 0x1F, 0x10, 0x04, 0xC1, 0xF1, 0x00, 0x4C, 0x0F, 0x10, 0x05, 0xB0,
  0xB8, 0x01, 0xB7, 0x01, 0xAE, 0xE8, 0x00,
  // "ũ" (U+0169), uncompressed
  0x02, 0xD7, 0x64, 0x07, 0x39, 0xC0, 0x00, 0x00, 0x00, 0x2E, 0x00, 0x5B, 0x2E, 0x00, 0x5B, 0x2E,
  0x00, 0x5B, 0x2E, 0x00, 0x6B, 0x1F, 0x10, 0xBB, 0x08, 0xDC, 0x8B,
  // "Ū" (U+016A), uncompressed
  0x00, 0x8E, 0xE9, 0x00, 0x00, 0x00, 0x00, 0x1F, 0x10, 0x04, 0xC1, 0xF1, 0x00, 0x4C, 0x1F, 0x10,
  0x04, 0xC1, 0xF1, 0x00, 0x4C, 0x1F, 0x10, 0x04, 0xC0, 0xF1, 0x00, 0x5B, 0x0B, 0x80, 0x1B, 0x70,
  0x1A, 0xEE, 0x80,
  // "ū" (U+016B), uncompressed
  0x08, 0xEE, 0x90, 0x00, 0x00, 0x00, 0x2E, 0x00, 0x5B, 0x2E, 0x00, 0x5B, 0x2E, 0x00, 0x5B, 0x2E,
  0x00, 0x6B, 0x1F, 0x10, 0xBB, 0x08, 0xDC, 0x8B,
  // "Ŭ" (U+016C), uncompressed
  0x00, 0x42, 0x06, 0x00, 0x02, 0xDD, 0x50, 0x00, 0x00, 0x00, 0x01, 0xF1, 0x00, 0x4C, 0x1F, 0x10,
  0x04, 0xC1, 0xF1, 0x00, 0x4C, 0x1F, 0x10, 0x04, 0xC1, 0xF1, 0x00, 0x4C, 0x0F, 0x10, 0x05, 0xB0,
  0xB8, 0x01, 0xB7, 0x01, 0xAE, 0xE8, 0x00,
  // "ŭ" (U+016D), uncompressed
  0x04, 0x20, 0x60, 0x02, 0xDD, 0x50, 0x00, 0x00, 0x00, 0x2E, 0x00, 0x5B, 0x2E, 0x00, 0x5B, 0x2E,
  0x00, 0x5B, 0x2E, 0x00, 0x6B, 0x1F, 0x10, 0xBB, 0x08, 0xDC, 0x8B,
  // "Ů" (U+016E), uncompressed
  0x00, 0x3A, 0x50, 0x00, 0x08, 0x1A, 0x00, 0x00, 0x3A, 0x50, 0x01, 0xF1, 0x00, 0x4C, 0x1F, 0x10,
  0x04, 0xC1, 0xF1, 0x00, 0x4C, 0x1F, 0x10, 0x04, 0xC1, 0xF1, 0x00, 0x4C, 0x0F, 0x10, 0x05, 0xB0,
  0xB8, 0x01, 0xB7, 0x01, 0xAE, 0xE8, 0x00,
  // "ů" (U+016F), uncompressed
  0x00, 0x3A, 0x50, 0x00, 0x81, 0xA0, 0x00, 0x3A, 0x50, 0x2E, 0x00, 0x5B, 0x2E, 0x00, 0x5B, 0x2E,
  0x00, 0x5B, 0x2E, 0x00, 0x6B, 0x1F, 0x10, 0xBB, 0x08, 0xDC, 0x8B,
  // "Ű" (U+0170), uncompressed
  0x00, 0x0B, 0x4B, 0x20, 0x05, 0x86, 0x60, 0x00, 0x00, 0x00, 0x01, 0xF1, 0x00, 0x4C, 0x1F, 0x10,
  0x04, 0xC1, 0xF1, 0x00, 0x4C, 0x1F, 0x10, 0x04, 0xC1, 0xF1, 0x00, 0x4C, 0x0F, 0x10, 0x05, 0xB0,
  0xB8, 0x01, 0xB7, 0x01, 0xAE, 0xE8, 0x00,
  // "ű" (U+0171), uncompressed
  0x00, 0x0B, 0x4B, 0x20, 0x05, 0x86, 0x60, 0x00, 0x00, 0x00, 0x02, 0xE0, 0x05, 0xB0, 0x2E, 0x00,
  0x5B, 0x02, 0xE0, 0x05, 0xB0, 0x2E, 0x00, 0x6B, 0x01, 0xF1, 0x0B, 0xB0, 0x08, 0xDC, 0x8B, 0x00,
  // "Ų" (U+0172), uncompressed
  0x1F, 0x10, 0x04, 0xC1, 0xF1, 0x00, 0x4C, 0x1F, 0x10, 0x04, 0xC1, 0xF1, 0x00, 0x4C, 0x1F, 0x10,
  0x04, 0xC0, 0xF1, 0x00, 0x5B, 0x0B, 0x80, 0x1B, 0x90, 0x1A, 0xEF, 0xE1, 0x00, 0x00, 0x94, 0x00,
  0x00, 0x0D, 0x00, 0x00, 0x00, 0x9D, 0x00,
  // "ų" (U+0173), uncompressed
  0x2E, 0x00, 0x5B, 0x02, 0xE0, 0x05, 0xB0, 0x2E, 0x00, 0x5B, 0x02, 0xE0, 0x06, 0xB0, 0x1F, 0x10,
  0xBB, 0x00, 0x8D, 0xC8, 0xB0, 0x00, 0x00, 0x18, 0x00, 0x00, 0x07, 0x50, 0x00, 0x00, 0x5E, 0x30,
  // "Ŵ" (U+0174), RLE, 1 byte saved (1.8%)
  0x48, 0x19, 0xF3, 0x68, 0x34, 0xA3, 0xC1, 0x75, 0x0C, 0x05, 0x20, 0xC0, 0x92, 0x86, 0x7A, 0x89,
  0x01, 0xED, 0x28, 0xA3, 0xB6, 0x4C, 0x04, 0xAD, 0x20, 0xE2, 0x1F, 0x19, 0x79, 0x62, 0xE2, 0x86,
  0xC4, 0xD3, 0x5A, 0x6A, 0x28, 0x68, 0x9E, 0x01, 0xE9, 0x62, 0x81, 0x5E, 0xA2, 0x81, 0xCE, 0x22,
  0x81, 0x1F, 0x52, 0x08, 0x0E, 0x20,
  // "ŵ" (U+0175), RLE, 3 bytes saved (7.3%)
  0x38, 0x19, 0xF3, 0x58, 0x34, 0xA3, 0xC1, 0x74, 0x83, 0xB5, 0x07, 0xE2, 0x8A, 0x1D, 0x37, 0x90,
  0xCC, 0x32, 0xE0, 0x3D, 0x1D, 0x68, 0x5A, 0x28, 0x5E, 0x69, 0x2C, 0x96, 0x28, 0x5B, 0xC5, 0x0D,
  0xD2, 0x28, 0x46, 0xF1, 0x09, 0xD2,
  // "Ŷ" (U+0176), RLE, 1 byte saved (3.0%)
  0x28, 0x19, 0xF3, 0x28, 0x34, 0xA3, 0xC1, 0x60, 0xB0, 0x72, 0x89, 0x35, 0xD3, 0xE1, 0x0D, 0x50,
  0xB8, 0x6D, 0x28, 0x23, 0xED, 0x53, 0x0B, 0x0D, 0x40, 0x70, 0x94, 0x07, 0x09, 0x40, 0x70, 0x92,
  // "ŷ" (U+0177), uncompressed
  0x09, 0xF3, 0x00, 0x4A, 0x3C, 0x10, 0x00, 0x00, 0x00, 0xC5, 0x00, 0xC5, 0x6A, 0x02, 0xE0, 0x1E,
  0x06, 0xA0, 0x0B, 0x5B, 0x50, 0x05, 0xAE, 0x00, 0x00, 0xEA, 0x00, 0x00, 0xC4, 0x00, 0x04, 0xD0,
  0x00, 0xBD, 0x30, 0x00,
  // "Ÿ" (U+0178), RLE, 1 byte saved (3.3%)
  0x18, 0x25, 0x74, 0x77, 0x0B, 0x07, 0x28, 0x93, 0x5D, 0x3E, 0x10, 0xD5, 0x0B, 0x86, 0xD2, 0x82,
  0x3E, 0xD5, 0x30, 0xB0, 0xD4, 0x07, 0x09, 0x40, 0x70, 0x94, 0x07, 0x09, 0x20,
  // "Ź" (U+0179), RLE, 2 bytes saved (6.1%)
  0x30, 0xC0, 0x73, 0x05, 0x0A, 0x71, 0x84, 0x7E, 0xEE, 0xF8, 0x38, 0x12, 0xE2, 0x30, 0xB0, 0x73,
  0x05, 0x0D, 0x38, 0x11, 0xE4, 0x30, 0x90, 0xA3, 0x81, 0x3E, 0x13, 0x84, 0x9F, 0xEE, 0xE9,
  // "ź" (U+017A), uncompressed
  0x00, 0xC7, 0x00, 0x5A, 0x00, 0x00, 0x00, 0x06, 0xEE, 0xF8, 0x00, 0x2E, 0x20, 0x0B, 0x60, 0x06,
  0xB0, 0x02, 0xE1, 0x00, 0x9F, 0xEE, 0x80,
  // "Ż" (U+017B), RLE, 1 byte saved (3.3%)
  0x20, 0x60, 0x77, 0x18, 0x47, 0xEE, 0xEF, 0x83, 0x81, 0x2E, 0x23, 0x0B, 0x07, 0x30, 0x50, 0xD3,
  0x81, 0x1E, 0x43, 0x09, 0x0A, 0x38, 0x13, 0xE1, 0x38, 0x49, 0xFE, 0xEE, 0x90,
  // "ż" (U+017C), uncompressed
  0x06, 0x70, 0x00, 0x00, 0x00, 0x6E, 0xEF, 0x80, 0x02, 0xE2, 0x00, 0xB6, 0x00, 0x6B, 0x00, 0x2E,
  0x10, 0x09, 0xFE, 0xE8,
  // "Ž" (U+017D), uncompressed
  0x04, 0xA3, 0xC1, 0x00, 0x9F, 0x30, 0x00, 0x00, 0x00, 0x7E, 0xEE, 0xF8, 0x00, 0x02, 0xE2, 0x00,
  0x0B, 0x70, 0x00, 0x5D, 0x00, 0x01, 0xE4, 0x00, 0x09, 0xA0, 0x00, 0x3E, 0x10, 0x00, 0x9F, 0xEE,
  0xE9,
  // "ž" (U+017E), uncompressed
  0x4A, 0x3C, 0x10, 0x9F, 0x30, 0x00, 0x00, 0x06, 0xEE, 0xF8, 0x00, 0x2E, 0x20, 0x0B, 0x60, 0x06,
  0xB0, 0x02, 0xE1, 0x00, 0x9F, 0xEE, 0x80,
  // "ſ" (U+017F), uncompressed
  0x08, 0xEB, 0x1F, 0x10, 0x1F, 0x00, 0x1F, 0x00, 0x1F, 0x00, 0x1F, 0x00, 0x1F, 0x00, 0x1F, 0x00,
  // "Ω" (U+03A9), uncompressed
  0x01, 0xAE, 0xEB, 0x30, 0x0C, 0x90, 0x06, 0xE1, 0x3E, 0x00, 0x00, 0xB7, 0x5D, 0x00, 0x00, 0x98,
  0x3E, 0x00, 0x00, 0xA7, 0x0E, 0x30, 0x00, 0xE2, 0x04, 0xC1, 0x09, 0x80, 0x9E, 0xF7, 0x3F, 0xEC,
  // "μ" (U+03BC), uncompressed
  0x1F, 0x00, 0x5C, 0x1F, 0x00, 0x5C, 0x1F, 0x00, 0x5C, 0x1F, 0x00, 0x5C, 0x1F, 0x30, 0xBC, 0x1F,
  0xDD, 0x8C, 0x1F, 0x00, 0x00, 0x1F, 0x00, 0x00, 0x1F, 0x00, 0x00,
  // "π" (U+03C0), uncompressed
  0xAF, 0xEE, 0xEF, 0xC0, 0xB6, 0x06, 0xA0, 0x0B, 0x60, 0x6A, 0x00, 0xB6, 0x06, 0xA0, 0x0B, 0x60,
  0x6B, 0x00, 0xB6, 0x02, 0xE9,
  // "–" (U+2013), uncompressed
  0x8E, 0xEE, 0xC0,
  // "—" (U+2014), RLE, 2 bytes saved (33.3%)
  0x08, 0x80, 0x5E, 0x01,
  // "₂" (U+2082), uncompressed
  0x5B, 0xB0, 0x20, 0xA3, 0x02, 0xC0, 0x1B, 0x10, 0x9C, 0xC3,
  // "₃" (U+2083), uncompressed
  0x5C, 0xB0, 0x10, 0xA3, 0x1C, 0xC0, 0x10, 0x85, 0x8C, 0xB1,
  // "₄" (U+2084), uncompressed
  0x03, 0xF0, 0x0A, 0xE0, 0x74, 0xD0, 0xCC, 0xF8, 0x00, 0xD0,
  // "₅" (U+2085), uncompressed
  0x5C, 0xC2, 0x73, 0x00, 0x7C, 0xB1, 0x00, 0x86, 0x7C, 0xB1,
  // "€" (U+20AC), uncompressed
  0x00, 0x7D, 0xE8, 0x06, 0xC1, 0x03, 0x0C, 0x50, 0x00, 0x8F, 0xCC, 0x70, 0x8F, 0xCC, 0x30, 0x0B,
  0x50, 0x00, 0x05, 0xC1, 0x02, 0x00, 0x7D, 0xE7,
  // "₿" (U+20BF), uncompressed
  0x01, 0x10, 0x00, 0xA9, 0x10, 0xFE, 0xFA, 0x0F, 0x10, 0xD5, 0xF1, 0x1D, 0x4F, 0xEF, 0xB0, 0xF1,
  0x1C, 0x6F, 0x10, 0x99, 0xF1, 0x0C, 0x7F, 0xEF, 0xA0, 0x0A, 0x91, 0x00,
  // "‘" (U+2018), uncompressed
  0x2B, 0x88, 0xA5,
  // "’" (U+2019), uncompressed
  0x6B, 0x96, 0xA1,
  // "‚" (U+201A), uncompressed
  0x6B, 0x96, 0xA1,
  // "‛" (U+201B), uncompressed
  0xB6, 0x78, 0x19,
  // "“" (U+201C), uncompressed
  0x2B, 0x1C, 0x88, 0x79, 0xA4, 0x95,
  // "”" (U+201D), uncompressed
  0x6B, 0x5C, 0x96, 0x87, 0xA1, 0x92,
  // "„" (U+201E), uncompressed
  0x6B, 0x5C, 0x96, 0x87, 0xA1, 0x92,
  // "‟" (U+201F), uncompressed
  0xB6, 0xA7, 0x78, 0x69, 0x19, 0x1A,
  // "†" (U+2020), RLE, 1 byte saved (5.0%)
  0x20, 0xD0, 0x23, 0x0B, 0x28, 0x34, 0xDE, 0xCA, 0x20, 0xA4, 0x0B, 0x40, 0xC0, 0x13, 0x0D, 0x02,
  0x30, 0xE0, 0x31,
  // "‡" (U+2021), uncompressed
  0x00, 0xD3, 0x00, 0x0B, 0x11, 0x4C, 0xDB, 0x90, 0x0C, 0x20, 0x00, 0xC2, 0x04, 0xAD, 0xA8, 0x12,
  0xB2, 0x20, 0x0D, 0x30,
  // "•" (U+2022), uncompressed
  0x0B, 0xB0, 0x3F, 0xF3, 0x1D, 0xD0,
  // "…" (U+2026), uncompressed
  0x2C, 0x02, 0xC0, 0x2C,
  // "‰" (U+2030), RLE, 1 byte saved (1.9%)
  0x85, 0x1C, 0xD2, 0x02, 0xB6, 0x85, 0x68, 0x58, 0x0A, 0x36, 0x84, 0x76, 0x3A, 0x3B, 0x78, 0xB0,
  0x68, 0x68, 0xB6, 0xDB, 0x06, 0xE8, 0x01, 0xCD, 0x6A, 0xA5, 0x95, 0xD1, 0xD1, 0x38, 0x90, 0xB2,
  0xB2, 0x77, 0xE0, 0xB3, 0x28, 0x91, 0x49, 0x09, 0x49, 0x5D, 0x1D, 0x12, 0x89, 0x0C, 0x20, 0x3D,
  0xC0, 0x6E, 0x91,
  // "‹" (U+2039), uncompressed
  0x03, 0xB2, 0xD2, 0x5C, 0x00, 0x89, 0x00, 0x30,
  // "›" (U+203A), uncompressed
  0x4A, 0x00, 0xA7, 0x06, 0xC3, 0xD1, 0x12, 0x00,
  // "⁄" (U+2044), RLE, 4 bytes saved (16.7%)
  0x40, 0xC0, 0x13, 0x05, 0x08, 0x40, 0xC4, 0x07, 0x06, 0x30, 0x10, 0xC4, 0x09, 0x04, 0x30, 0x20,
  0xB4, 0x0B, 0x03, 0x40,
  // "™" (U+2122), uncompressed
  0xBE, 0xD8, 0x80, 0xB5, 0x0A, 0x09, 0xB1, 0xD5, 0x0A, 0x09, 0x89, 0x75, 0x09, 0x08, 0x2B, 0x45,
  // "⅒" (U+2152), RLE, 1 byte saved (2.3%)
  0x50, 0xC0, 0x14, 0x84, 0x2B, 0xA0, 0x58, 0x58, 0x32, 0x4A, 0x0C, 0x78, 0x23, 0xA7, 0x62, 0x81,
  0x3C, 0xA2, 0x89, 0x03, 0xBC, 0x2B, 0xAA, 0x48, 0x62, 0x89, 0x29, 0x42, 0x4A, 0xB2, 0x58, 0x02,
  0xB2, 0x87, 0x3A, 0xA4, 0x86, 0x0B, 0x32, 0x84, 0x3A, 0x2B, 0xB1,
  // "ﬁ" (U+FB01), uncompressed
  0x06, 0xEE, 0x2C, 0x0D, 0x50, 0x00, 0x9F, 0xE9, 0x1F, 0x0D, 0x30, 0x1F, 0x0D, 0x30, 0x1F, 0x0D,
  0x30, 0x1F, 0x0D, 0x30, 0x1F, 0x0D, 0x30, 0x1F,
  // "ﬂ" (U+FB02), uncompressed
  0x06, 0xEE, 0x3F, 0x0D, 0x50, 0x1F, 0x9F, 0xE9, 0x1F, 0x0D, 0x30, 0x1F, 0x0D, 0x30, 0x1F, 0x0D,
  0x30, 0x1F, 0x0D, 0x30, 0x1F, 0x0D, 0x30, 0x1F,
  // Total: 11779 bytes.
};

const Font& font_NotoSans_Medium_10_5() {
  static SmoothFontV2 font(font_NotoSans_Medium_10_5_data);
  return font;
}

}  // namespace roo_display
