#include "16_5.h"
#include <inttypes.h>
#include "roo_display/hal/progmem.h"
#include "roo_display/font/smooth_font_v2.h"

namespace roo_display {

// Font NotoSans-Medium (Noto Sans Medium)
// Generated on Thu Jul 30 01:09:59 EEST 2026.
// 343 glyphs (258 compressed, 85 uncompressed), 20118 bytes total, 2410 bytes saved by RLE.
static const uint8_t font_NotoSans_Medium_16_5_data[] PROGMEM = {
  
  // Header (32 bytes).
  0x02, 0x00, 0x04, 0x02, 0x01, 0x02, 0x01, 0x01, 0x57, 0x00, 0x06,
  0xFD, 0xFC, 0x13, 0x11, 0x0C, 0xFC, 0x06, 0x02, 0x14, 0x05, 0x04, 0x00, 0x5F,
  0x02, 0x00, 0x84, 0x00, 0x0E, 0xB6, 0x00, 0x00,
  
  // Cmap (343 glyphs, 100 bytes).
  0x00, 0x21, 0x00, 0x5E, 0x00, 0x00, 0x00, 0x00, 0x00, 0x00, 0x00, 0x00, // U+0021..U+007E dense.
  0x00, 0xA1, 0x00, 0x0C, 0x00, 0x5E, 0x00, 0x00, 0x00, 0x00, 0x00, 0x00, // U+00A1..U+00AC dense.
  0x00, 0xAE, 0x00, 0xD2, 0x00, 0x6A, 0x00, 0x00, 0x00, 0x00, 0x00, 0x00, // U+00AE..U+017F dense.
  0x03, 0xA9, 0x1C, 0x6C, 0x01, 0x3C, 0x00, 0x05, 0x00, 0x00, 0x68, 0x01, // U+03A9..U+2014 sparse.
  0x20, 0x18, 0x00, 0x0B, 0x01, 0x43, 0x00, 0x00, 0x00, 0x00, 0x00, 0x00, // U+2018..U+2022 dense.
  0x20, 0x26, 0xDA, 0xDD, 0x01, 0x4E, 0x00, 0x09, 0x00, 0x00, 0x72, 0x01, // U+2026..U+FB02 sparse.
  
  // Sparse indirection: glyphs 316..320, range U+03A9..U+2014.
  0x00, 0x00, // U+03A9.
  0x00, 0x13, // U+03BC.
  0x00, 0x17, // U+03C0.
  0x1C, 0x6A, // U+2013.
  0x1C, 0x6B, // U+2014.
  
  // Sparse indirection: glyphs 334..342, range U+2026..U+FB02.
  0x00, 0x00, // U+2026.
  0x00, 0x0A, // U+2030.
  0x00, 0x13, // U+2039.
  0x00, 0x14, // U+203A.
  0x00, 0x1E, // U+2044.
  0x00, 0xFC, // U+2122.
  0x01, 0x2C, // U+2152.
  0xDA, 0xDB, // U+FB01.
  0xDA, 0xDC, // U+FB02.
  
  // Glyph metrics (343 glyphs, 2401 bytes).
  0x41, 0x01, 0x03, 0x0C, 0x05, 0x00, 0x00, // "!" (U+0021)
  0x41, 0x09, 0x05, 0x0C, 0x07, 0x00, 0x12, // """ (U+0022)
  0x00, 0x01, 0x0A, 0x0C, 0x0B, 0x00, 0x1C, // "#" (U+0023)
  0x01, 0x00, 0x08, 0x0C, 0x09, 0x00, 0x54, // "$" (U+0024)
  0x00, 0x01, 0x0D, 0x0C, 0x0E, 0x00, 0x87, // "%" (U+0025)
  0x00, 0x01, 0x0B, 0x0C, 0x0C, 0x00, 0xDA, // "&" (U+0026)
  0x41, 0x09, 0x02, 0x0C, 0x04, 0x01, 0x1C, // "'" (U+0027)
  0x40, 0xFF, 0x04, 0x0C, 0x05, 0x01, 0x20, // "(" (U+0028)
  0x40, 0xFF, 0x04, 0x0C, 0x05, 0x01, 0x43, // ")" (U+0029)
  0x00, 0x05, 0x08, 0x0C, 0x09, 0x01, 0x66, // "*" (U+002A)
  0x00, 0x03, 0x08, 0x0A, 0x09, 0x01, 0x87, // "+" (U+002B)
  0x40, 0xFF, 0x03, 0x02, 0x05, 0x01, 0x9F, // "," (U+002C)
  0x40, 0x04, 0x04, 0x06, 0x05, 0x01, 0xA7, // "-" (U+002D)
  0x41, 0x01, 0x03, 0x03, 0x05, 0x01, 0xAF, // "." (U+002E)
  0x00, 0x01, 0x05, 0x0C, 0x06, 0x01, 0xB4, // "/" (U+002F)
  0x40, 0x01, 0x08, 0x0C, 0x09, 0x01, 0xD6, // "0" (U+0030)
  0x41, 0x01, 0x06, 0x0C, 0x09, 0x02, 0x0C, // "1" (U+0031)
  0x00, 0x01, 0x08, 0x0C, 0x09, 0x02, 0x30, // "2" (U+0032)
  0x00, 0x01, 0x08, 0x0C, 0x09, 0x02, 0x5D, // "3" (U+0033)
  0x00, 0x01, 0x09, 0x0C, 0x09, 0x02, 0x8C, // "4" (U+0034)
  0x01, 0x01, 0x08, 0x0C, 0x09, 0x02, 0xBE, // "5" (U+0035)
  0x40, 0x01, 0x08, 0x0C, 0x09, 0x02, 0xE7, // "6" (U+0036)
  0x00, 0x01, 0x08, 0x0C, 0x09, 0x03, 0x1D, // "7" (U+0037)
  0x40, 0x01, 0x08, 0x0C, 0x09, 0x03, 0x43, // "8" (U+0038)
  0x40, 0x01, 0x08, 0x0C, 0x09, 0x03, 0x79, // "9" (U+0039)
  0x01, 0x01, 0x03, 0x09, 0x05, 0x03, 0xAF, // ":" (U+003A)
  0x00, 0xFF, 0x03, 0x09, 0x05, 0x03, 0xBA, // ";" (U+003B)
  0x00, 0x03, 0x08, 0x0A, 0x09, 0x03, 0xCB, // "<" (U+003C)
  0x00, 0x04, 0x08, 0x09, 0x09, 0x03, 0xE9, // "=" (U+003D)
  0x00, 0x03, 0x08, 0x0A, 0x09, 0x03, 0xFA, // ">" (U+003E)
  0x00, 0x01, 0x06, 0x0C, 0x07, 0x04, 0x18, // "?" (U+003F)
  0x01, 0xFF, 0x0D, 0x0C, 0x0F, 0x04, 0x3A, // "@" (U+0040)
  0x00, 0x01, 0x0A, 0x0C, 0x0B, 0x04, 0x93, // "A" (U+0041)
  0x41, 0x01, 0x09, 0x0C, 0x0B, 0x04, 0xC6, // "B" (U+0042)
  0x01, 0x01, 0x09, 0x0C, 0x0A, 0x04, 0xFC, // "C" (U+0043)
  0x01, 0x01, 0x0B, 0x0C, 0x0C, 0x05, 0x24, // "D" (U+0044)
  0x01, 0x01, 0x08, 0x0C, 0x09, 0x05, 0x61, // "E" (U+0045)
  0x01, 0x01, 0x08, 0x0C, 0x09, 0x05, 0x89, // "F" (U+0046)
  0x01, 0x01, 0x0A, 0x0C, 0x0C, 0x05, 0xB0, // "G" (U+0047)
  0x01, 0x01, 0x0A, 0x0C, 0x0C, 0x05, 0xE6, // "H" (U+0048)
  0x00, 0x01, 0x05, 0x0C, 0x06, 0x06, 0x19, // "I" (U+0049)
  0xBE, 0xFD, 0x03, 0x0C, 0x05, 0x06, 0x35, // "J" (U+004A)
  0x41, 0x01, 0x0A, 0x0C, 0x0A, 0x06, 0x65, // "K" (U+004B)
  0x01, 0x01, 0x08, 0x0C, 0x09, 0x06, 0xA1, // "L" (U+004C)
  0x41, 0x01, 0x0D, 0x0C, 0x0F, 0x06, 0xC6, // "M" (U+004D)
  0x41, 0x01, 0x0B, 0x0C, 0x0D, 0x07, 0x14, // "N" (U+004E)
  0x01, 0x01, 0x0B, 0x0C, 0x0D, 0x07, 0x56, // "O" (U+004F)
  0x01, 0x01, 0x09, 0x0C, 0x0A, 0x07, 0x90, // "P" (U+0050)
  0x01, 0xFE, 0x0B, 0x0C, 0x0D, 0x07, 0xC0, // "Q" (U+0051)
  0x41, 0x01, 0x09, 0x0C, 0x0A, 0x08, 0x05, // "R" (U+0052)
  0x00, 0x01, 0x08, 0x0C, 0x09, 0x08, 0x3B, // "S" (U+0053)
  0x00, 0x01, 0x09, 0x0C, 0x09, 0x08, 0x68, // "T" (U+0054)
  0x01, 0x01, 0x0A, 0x0C, 0x0C, 0x08, 0x8F, // "U" (U+0055)
  0x00, 0x01, 0x09, 0x0C, 0x0A, 0x08, 0xC7, // "V" (U+0056)
  0x00, 0x01, 0x0F, 0x0C, 0x10, 0x08, 0xFB, // "W" (U+0057)
  0x00, 0x01, 0x09, 0x0C, 0x0A, 0x09, 0x58, // "X" (U+0058)
  0x00, 0x01, 0x09, 0x0C, 0x0A, 0x09, 0x8E, // "Y" (U+0059)
  0x00, 0x01, 0x08, 0x0C, 0x09, 0x09, 0xBE, // "Z" (U+005A)
  0x41, 0xFE, 0x04, 0x0C, 0x05, 0x09, 0xE5, // "[" (U+005B)
  0x00, 0x01, 0x05, 0x0C, 0x06, 0x0A, 0x03, // "\" (U+005C)
  0x40, 0xFE, 0x04, 0x0C, 0x05, 0x0A, 0x24, // "]" (U+005D)
  0x00, 0x05, 0x08, 0x0C, 0x09, 0x0A, 0x4A, // "^" (U+005E)
  0x00, 0xFE, 0x07, 0x00, 0x07, 0x0A, 0x6A, // "_" (U+005F)
  0x40, 0x0B, 0x04, 0x0D, 0x05, 0x0A, 0x71, // "`" (U+0060)
  0x00, 0x01, 0x08, 0x09, 0x09, 0x0A, 0x79, // "a" (U+0061)
  0x01, 0x01, 0x09, 0x0C, 0x0A, 0x0A, 0xA1, // "b" (U+0062)
  0x00, 0x01, 0x07, 0x09, 0x08, 0x0A, 0xD5, // "c" (U+0063)
  0x00, 0x01, 0x08, 0x0C, 0x0A, 0x0A, 0xF5, // "d" (U+0064)
  0x40, 0x01, 0x08, 0x09, 0x09, 0x0B, 0x25, // "e" (U+0065)
  0x00, 0x01, 0x06, 0x0C, 0x06, 0x0B, 0x4E, // "f" (U+0066)
  0x00, 0xFD, 0x08, 0x09, 0x0A, 0x0B, 0x76, // "g" (U+0067)
  0x01, 0x01, 0x09, 0x0C, 0x0A, 0x0B, 0xAF, // "h" (U+0068)
  0x41, 0x01, 0x03, 0x0C, 0x04, 0x0B, 0xE2, // "i" (U+0069)
  0xBF, 0xFD, 0x03, 0x0C, 0x04, 0x0B, 0xF4, // "j" (U+006A)
  0x41, 0x01, 0x08, 0x0C, 0x09, 0x0C, 0x1C, // "k" (U+006B)
  0x41, 0x01, 0x03, 0x0C, 0x04, 0x0C, 0x4C, // "l" (U+006C)
  0x01, 0x01, 0x0E, 0x09, 0x10, 0x0C, 0x5E, // "m" (U+006D)
  0x41, 0x01, 0x09, 0x09, 0x0A, 0x0C, 0x9C, // "n" (U+006E)
  0x40, 0x01, 0x09, 0x09, 0x0A, 0x0C, 0xC5, // "o" (U+006F)
  0x01, 0xFD, 0x09, 0x09, 0x0A, 0x0C, 0xF2, // "p" (U+0070)
  0x00, 0xFD, 0x08, 0x09, 0x0A, 0x0D, 0x29, // "q" (U+0071)
  0x41, 0x01, 0x06, 0x09, 0x07, 0x0D, 0x5B, // "r" (U+0072)
  0x00, 0x01, 0x07, 0x09, 0x08, 0x0D, 0x76, // "s" (U+0073)
  0x40, 0x01, 0x05, 0x0B, 0x06, 0x0D, 0x98, // "t" (U+0074)
  0x01, 0x01, 0x08, 0x09, 0x0A, 0x0D, 0xB9, // "u" (U+0075)
  0x00, 0x01, 0x08, 0x09, 0x09, 0x0D, 0xDC, // "v" (U+0076)
  0x40, 0x01, 0x0C, 0x09, 0x0D, 0x0E, 0x03, // "w" (U+0077)
  0x40, 0x01, 0x08, 0x09, 0x09, 0x0E, 0x3E, // "x" (U+0078)
  0x00, 0xFD, 0x08, 0x09, 0x09, 0x0E, 0x67, // "y" (U+0079)
  0x00, 0x01, 0x07, 0x09, 0x08, 0x0E, 0x9C, // "z" (U+007A)
  0x40, 0xFE, 0x05, 0x0C, 0x06, 0x0E, 0xB9, // "{" (U+007B)
  0x43, 0xFD, 0x05, 0x0C, 0x09, 0x0E, 0xE6, // "|" (U+007C)
  0x00, 0xFE, 0x05, 0x0C, 0x06, 0x0E, 0xFE, // "}" (U+007D)
  0x00, 0x05, 0x08, 0x08, 0x09, 0x0F, 0x2A, // "~" (U+007E)
  0x41, 0xFE, 0x03, 0x09, 0x05, 0x0F, 0x3A, // "¡" (U+00A1)
  0x01, 0x01, 0x07, 0x0C, 0x09, 0x0F, 0x4C, // "¢" (U+00A2)
  0x00, 0x01, 0x08, 0x0C, 0x09, 0x0F, 0x73, // "£" (U+00A3)
  0x41, 0x03, 0x08, 0x0A, 0x09, 0x0F, 0x9C, // "¤" (U+00A4)
  0x00, 0x01, 0x08, 0x0C, 0x09, 0x0F, 0xBC, // "¥" (U+00A5)
  0x03, 0xFD, 0x05, 0x0C, 0x09, 0x0F, 0xEF, // "¦" (U+00A6)
  0x40, 0x01, 0x07, 0x0C, 0x08, 0x10, 0x05, // "§" (U+00A7)
  0x42, 0x0B, 0x07, 0x0C, 0x0A, 0x10, 0x35, // "¨" (U+00A8)
  0x00, 0x00, 0x0C, 0x0D, 0x0E, 0x10, 0x3B, // "©" (U+00A9)
  0x40, 0x08, 0x05, 0x0C, 0x06, 0x10, 0x90, // "ª" (U+00AA)
  0x40, 0x02, 0x08, 0x08, 0x09, 0x10, 0x9F, // "«" (U+00AB)
  0x00, 0x02, 0x08, 0x07, 0x09, 0x10, 0xBF, // "¬" (U+00AC)
  0x00, 0x00, 0x0C, 0x0D, 0x0E, 0x10, 0xD1, // "®" (U+00AE)
  0x00, 0x0D, 0x08, 0x0F, 0x08, 0x11, 0x2A, // "¯" (U+00AF)
  0x00, 0x07, 0x06, 0x0D, 0x07, 0x11, 0x31, // "°" (U+00B0)
  0x00, 0x01, 0x08, 0x0A, 0x09, 0x11, 0x49, // "±" (U+00B1)
  0x40, 0x07, 0x05, 0x0E, 0x06, 0x11, 0x67, // "²" (U+00B2)
  0x40, 0x07, 0x05, 0x0E, 0x06, 0x11, 0x7F, // "³" (U+00B3)
  0x40, 0x0B, 0x04, 0x0D, 0x05, 0x11, 0x97, // "´" (U+00B4)
  0x01, 0xFD, 0x09, 0x09, 0x0A, 0x11, 0x9F, // "µ" (U+00B5)
  0x00, 0xFE, 0x09, 0x0C, 0x0B, 0x11, 0xD5, // "¶" (U+00B6)
  0x41, 0x06, 0x03, 0x08, 0x05, 0x12, 0x16, // "·" (U+00B7)
  0x40, 0xFC, 0x03, 0x00, 0x04, 0x12, 0x1B, // "¸" (U+00B8)
  0x40, 0x08, 0x04, 0x0E, 0x06, 0x12, 0x25, // "¹" (U+00B9)
  0x40, 0x08, 0x05, 0x0C, 0x06, 0x12, 0x37, // "º" (U+00BA)
  0x40, 0x02, 0x08, 0x08, 0x09, 0x12, 0x46, // "»" (U+00BB)
  0x00, 0x01, 0x0C, 0x0C, 0x0D, 0x12, 0x66, // "¼" (U+00BC)
  0x00, 0x00, 0x0C, 0x0B, 0x0D, 0x12, 0xAE, // "½" (U+00BD)
  0x00, 0x01, 0x0C, 0x0C, 0x0D, 0x12, 0xF8, // "¾" (U+00BE)
  0x00, 0xFE, 0x06, 0x09, 0x07, 0x13, 0x44, // "¿" (U+00BF)
  0x00, 0x01, 0x0A, 0x10, 0x0B, 0x13, 0x66, // "À" (U+00C0)
  0x00, 0x01, 0x0A, 0x10, 0x0B, 0x13, 0xA4, // "Á" (U+00C1)
  0x00, 0x01, 0x0A, 0x10, 0x0B, 0x13, 0xE1, // "Â" (U+00C2)
  0x00, 0x01, 0x0A, 0x10, 0x0B, 0x14, 0x21, // "Ã" (U+00C3)
  0x00, 0x01, 0x0A, 0x0F, 0x0B, 0x14, 0x65, // "Ä" (U+00C4)
  0x00, 0x01, 0x0A, 0x0F, 0x0B, 0x14, 0xA2, // "Å" (U+00C5)
  0x00, 0x01, 0x0D, 0x0C, 0x0F, 0x14, 0xDF, // "Æ" (U+00C6)
  0x01, 0xFC, 0x09, 0x0C, 0x0A, 0x15, 0x22, // "Ç" (U+00C7)
  0x01, 0x01, 0x08, 0x10, 0x09, 0x15, 0x58, // "È" (U+00C8)
  0x01, 0x01, 0x08, 0x10, 0x09, 0x15, 0x8A, // "É" (U+00C9)
  0x01, 0x01, 0x08, 0x10, 0x09, 0x15, 0xBC, // "Ê" (U+00CA)
  0x01, 0x01, 0x08, 0x0F, 0x09, 0x15, 0xF1, // "Ë" (U+00CB)
  0x00, 0x01, 0x05, 0x10, 0x06, 0x16, 0x23, // "Ì" (U+00CC)
  0x00, 0x01, 0x05, 0x10, 0x06, 0x16, 0x48, // "Í" (U+00CD)
  0xFF, 0x01, 0x05, 0x10, 0x06, 0x16, 0x6E, // "Î" (U+00CE)
  0x00, 0x01, 0x05, 0x0F, 0x06, 0x16, 0x97, // "Ï" (U+00CF)
  0x00, 0x01, 0x0B, 0x0C, 0x0C, 0x16, 0xBA, // "Ð" (U+00D0)
  0x01, 0x01, 0x0B, 0x10, 0x0D, 0x16, 0xFF, // "Ñ" (U+00D1)
  0x01, 0x01, 0x0B, 0x10, 0x0D, 0x17, 0x53, // "Ò" (U+00D2)
  0x01, 0x01, 0x0B, 0x10, 0x0D, 0x17, 0x98, // "Ó" (U+00D3)
  0x01, 0x01, 0x0B, 0x10, 0x0D, 0x17, 0xDC, // "Ô" (U+00D4)
  0x01, 0x01, 0x0B, 0x10, 0x0D, 0x18, 0x23, // "Õ" (U+00D5)
  0x01, 0x01, 0x0B, 0x0F, 0x0D, 0x18, 0x6E, // "Ö" (U+00D6)
  0x41, 0x03, 0x08, 0x0A, 0x09, 0x18, 0xB2, // "×" (U+00D7)
  0x01, 0x00, 0x0B, 0x0D, 0x0D, 0x18, 0xD2, // "Ø" (U+00D8)
  0x01, 0x01, 0x0A, 0x10, 0x0C, 0x19, 0x1C, // "Ù" (U+00D9)
  0x01, 0x01, 0x0A, 0x10, 0x0C, 0x19, 0x5F, // "Ú" (U+00DA)
  0x01, 0x01, 0x0A, 0x10, 0x0C, 0x19, 0xA1, // "Û" (U+00DB)
  0x01, 0x01, 0x0A, 0x0F, 0x0C, 0x19, 0xE6, // "Ü" (U+00DC)
  0x00, 0x01, 0x09, 0x10, 0x0A, 0x1A, 0x28, // "Ý" (U+00DD)
  0x01, 0x01, 0x09, 0x0C, 0x0A, 0x1A, 0x62, // "Þ" (U+00DE)
  0x41, 0x01, 0x0A, 0x0C, 0x0B, 0x1A, 0x92, // "ß" (U+00DF)
  0x00, 0x01, 0x08, 0x0D, 0x09, 0x1A, 0xCE, // "à" (U+00E0)
  0x00, 0x01, 0x08, 0x0D, 0x09, 0x1A, 0xFF, // "á" (U+00E1)
  0x00, 0x01, 0x08, 0x0D, 0x09, 0x1B, 0x30, // "â" (U+00E2)
  0x00, 0x01, 0x08, 0x0D, 0x09, 0x1B, 0x64, // "ã" (U+00E3)
  0x00, 0x01, 0x08, 0x0C, 0x09, 0x1B, 0x9D, // "ä" (U+00E4)
  0x00, 0x01, 0x08, 0x0E, 0x09, 0x1B, 0xCE, // "å" (U+00E5)
  0x00, 0x01, 0x0D, 0x09, 0x0F, 0x1C, 0x06, // "æ" (U+00E6)
  0x00, 0xFC, 0x07, 0x09, 0x08, 0x1C, 0x44, // "ç" (U+00E7)
  0x00, 0x01, 0x08, 0x0D, 0x09, 0x1C, 0x72, // "è" (U+00E8)
  0x00, 0x01, 0x08, 0x0D, 0x09, 0x1C, 0xA4, // "é" (U+00E9)
  0x00, 0x01, 0x08, 0x0D, 0x09, 0x1C, 0xD6, // "ê" (U+00EA)
  0x00, 0x01, 0x08, 0x0C, 0x09, 0x1D, 0x0B, // "ë" (U+00EB)
  0xBF, 0x01, 0x03, 0x0D, 0x04, 0x1D, 0x3D, // "ì" (U+00EC)
  0x40, 0x01, 0x04, 0x0D, 0x04, 0x1D, 0x5E, // "í" (U+00ED)
  0xFF, 0x01, 0x05, 0x0D, 0x04, 0x1D, 0x7F, // "î" (U+00EE)
  0xFF, 0x01, 0x04, 0x0C, 0x04, 0x1D, 0xA7, // "ï" (U+00EF)
  0x00, 0x01, 0x09, 0x0D, 0x0A, 0x1D, 0xCA, // "ð" (U+00F0)
  0x41, 0x01, 0x09, 0x0D, 0x0A, 0x1E, 0x07, // "ñ" (U+00F1)
  0x00, 0x01, 0x09, 0x0D, 0x0A, 0x1E, 0x42, // "ò" (U+00F2)
  0x00, 0x01, 0x09, 0x0D, 0x0A, 0x1E, 0x7B, // "ó" (U+00F3)
  0x00, 0x01, 0x09, 0x0D, 0x0A, 0x1E, 0xB3, // "ô" (U+00F4)
  0x00, 0x01, 0x09, 0x0D, 0x0A, 0x1E, 0xED, // "õ" (U+00F5)
  0x00, 0x01, 0x09, 0x0C, 0x0A, 0x1F, 0x2C, // "ö" (U+00F6)
  0x00, 0x03, 0x08, 0x0A, 0x09, 0x1F, 0x63, // "÷" (U+00F7)
  0x00, 0x00, 0x09, 0x0A, 0x0A, 0x1F, 0x7B, // "ø" (U+00F8)
  0x01, 0x01, 0x08, 0x0D, 0x0A, 0x1F, 0xAF, // "ù" (U+00F9)
  0x01, 0x01, 0x08, 0x0D, 0x0A, 0x1F, 0xDC, // "ú" (U+00FA)
  0x01, 0x01, 0x08, 0x0D, 0x0A, 0x20, 0x09, // "û" (U+00FB)
  0x01, 0x01, 0x08, 0x0C, 0x0A, 0x20, 0x39, // "ü" (U+00FC)
  0x00, 0xFD, 0x08, 0x0D, 0x09, 0x20, 0x65, // "ý" (U+00FD)
  0x01, 0xFD, 0x09, 0x0C, 0x0A, 0x20, 0xA4, // "þ" (U+00FE)
  0x00, 0xFD, 0x08, 0x0C, 0x09, 0x20, 0xE4, // "ÿ" (U+00FF)
  0x00, 0x01, 0x0A, 0x0F, 0x0B, 0x21, 0x22, // "Ā" (U+0100)
  0x00, 0x01, 0x08, 0x0C, 0x09, 0x21, 0x5F, // "ā" (U+0101)
  0x00, 0x01, 0x0A, 0x10, 0x0B, 0x21, 0x91, // "Ă" (U+0102)
  0x00, 0x01, 0x08, 0x0D, 0x09, 0x21, 0xD2, // "ă" (U+0103)
  0x00, 0xFC, 0x0A, 0x0C, 0x0B, 0x22, 0x07, // "Ą" (U+0104)
  0x00, 0xFC, 0x08, 0x09, 0x09, 0x22, 0x4C, // "ą" (U+0105)
  0x01, 0x01, 0x09, 0x10, 0x0A, 0x22, 0x83, // "Ć" (U+0106)
  0x00, 0x01, 0x07, 0x0D, 0x08, 0x22, 0xB5, // "ć" (U+0107)
  0x01, 0x01, 0x09, 0x10, 0x0A, 0x22, 0xDF, // "Ĉ" (U+0108)
  0x00, 0x01, 0x07, 0x0D, 0x08, 0x23, 0x14, // "ĉ" (U+0109)
  0x01, 0x01, 0x09, 0x0F, 0x0A, 0x23, 0x41, // "Ċ" (U+010A)
  0x00, 0x01, 0x07, 0x0C, 0x08, 0x23, 0x6F, // "ċ" (U+010B)
  0x01, 0x01, 0x09, 0x10, 0x0A, 0x23, 0x95, // "Č" (U+010C)
  0x00, 0x01, 0x07, 0x0D, 0x08, 0x23, 0xCB, // "č" (U+010D)
  0x01, 0x01, 0x0B, 0x10, 0x0C, 0x23, 0xF9, // "Ď" (U+010E)
  0x00, 0x01, 0x0B, 0x0C, 0x0A, 0x24, 0x45, // "ď" (U+010F)
  0x00, 0x01, 0x0B, 0x0C, 0x0C, 0x24, 0x82, // "Đ" (U+0110)
  0x00, 0x01, 0x0A, 0x0C, 0x0A, 0x24, 0xC7, // "đ" (U+0111)
  0x01, 0x01, 0x08, 0x0F, 0x09, 0x25, 0x05, // "Ē" (U+0112)
  0x00, 0x01, 0x08, 0x0C, 0x09, 0x25, 0x37, // "ē" (U+0113)
  0x01, 0x01, 0x08, 0x10, 0x09, 0x25, 0x6A, // "Ĕ" (U+0114)
  0x00, 0x01, 0x08, 0x0D, 0x09, 0x25, 0xA0, // "ĕ" (U+0115)
  0x01, 0x01, 0x08, 0x0F, 0x09, 0x25, 0xD6, // "Ė" (U+0116)
  0x00, 0x01, 0x08, 0x0C, 0x09, 0x26, 0x05, // "ė" (U+0117)
  0x01, 0xFC, 0x08, 0x0C, 0x09, 0x26, 0x34, // "Ę" (U+0118)
  0x00, 0xFD, 0x08, 0x09, 0x09, 0x26, 0x6C, // "ę" (U+0119)
  0x01, 0x01, 0x08, 0x10, 0x09, 0x26, 0xA1, // "Ě" (U+011A)
  0x00, 0x01, 0x08, 0x0D, 0x09, 0x26, 0xD7, // "ě" (U+011B)
  0x01, 0x01, 0x0A, 0x10, 0x0C, 0x27, 0x0E, // "Ĝ" (U+011C)
  0x00, 0xFD, 0x08, 0x0D, 0x0A, 0x27, 0x50, // "ĝ" (U+011D)
  0x01, 0x01, 0x0A, 0x10, 0x0C, 0x27, 0x96, // "Ğ" (U+011E)
  0x00, 0xFD, 0x08, 0x0D, 0x0A, 0x27, 0xD9, // "ğ" (U+011F)
  0x01, 0x01, 0x0A, 0x0F, 0x0C, 0x28, 0x20, // "Ġ" (U+0120)
  0x00, 0xFD, 0x08, 0x0C, 0x0A, 0x28, 0x5D, // "ġ" (U+0121)
  0x01, 0xFD, 0x0A, 0x0C, 0x0C, 0x28, 0x9C, // "Ģ" (U+0122)
  0x00, 0xFD, 0x08, 0x0C, 0x0A, 0x28, 0xDB, // "ģ" (U+0123)
  0x01, 0x01, 0x0A, 0x10, 0x0C, 0x29, 0x1C, // "Ĥ" (U+0124)
  0xFF, 0x01, 0x09, 0x11, 0x0A, 0x29, 0x5C, // "ĥ" (U+0125)
  0x00, 0x01, 0x0C, 0x0C, 0x0C, 0x29, 0xA9, // "Ħ" (U+0126)
  0x40, 0x01, 0x09, 0x0C, 0x0A, 0x29, 0xEA, // "ħ" (U+0127)
  0xFF, 0x01, 0x05, 0x10, 0x06, 0x2A, 0x26, // "Ĩ" (U+0128)
  0xFE, 0x01, 0x04, 0x0D, 0x04, 0x2A, 0x52, // "ĩ" (U+0129)
  0x00, 0x01, 0x05, 0x0F, 0x06, 0x2A, 0x7C, // "Ī" (U+012A)
  0xBF, 0x01, 0x04, 0x0C, 0x04, 0x2A, 0xA0, // "ī" (U+012B)
  0x00, 0x01, 0x05, 0x10, 0x06, 0x2A, 0xC4, // "Ĭ" (U+012C)
  0xBF, 0x01, 0x04, 0x0D, 0x04, 0x2A, 0xEC, // "ĭ" (U+012D)
  0x00, 0xFC, 0x05, 0x0C, 0x06, 0x2B, 0x13, // "Į" (U+012E)
  0x40, 0xFC, 0x03, 0x0C, 0x04, 0x2B, 0x3E, // "į" (U+012F)
  0x00, 0x01, 0x05, 0x0F, 0x06, 0x2B, 0x60, // "İ" (U+0130)
  0x41, 0x01, 0x03, 0x09, 0x04, 0x2B, 0x82, // "ı" (U+0131)
  0x00, 0xFD, 0x09, 0x0C, 0x0B, 0x2B, 0x90, // "Ĳ" (U+0132)
  0x41, 0xFD, 0x07, 0x0C, 0x09, 0x2B, 0xDB, // "ĳ" (U+0133)
  0xFE, 0xFD, 0x05, 0x10, 0x05, 0x2C, 0x13, // "Ĵ" (U+0134)
  0xFF, 0xFD, 0x05, 0x0D, 0x04, 0x2C, 0x52, // "ĵ" (U+0135)
  0x01, 0xFD, 0x0A, 0x0C, 0x0A, 0x2C, 0x87, // "Ķ" (U+0136)
  0x01, 0xFD, 0x08, 0x0C, 0x09, 0x2C, 0xCE, // "ķ" (U+0137)
  0x41, 0x01, 0x08, 0x09, 0x09, 0x2D, 0x08, // "ĸ" (U+0138)
  0x01, 0x01, 0x08, 0x10, 0x09, 0x2D, 0x2C, // "Ĺ" (U+0139)
  0x40, 0x01, 0x04, 0x11, 0x04, 0x2D, 0x5B, // "ĺ" (U+013A)
  0x01, 0xFD, 0x08, 0x0C, 0x09, 0x2D, 0x86, // "Ļ" (U+013B)
  0x41, 0xFD, 0x03, 0x0C, 0x04, 0x2D, 0xB4, // "ļ" (U+013C)
  0x01, 0x01, 0x08, 0x0C, 0x09, 0x2D, 0xCC, // "Ľ" (U+013D)
  0x41, 0x01, 0x05, 0x0C, 0x04, 0x2D, 0xF6, // "ľ" (U+013E)
  0x01, 0x01, 0x08, 0x0C, 0x09, 0x2E, 0x14, // "Ŀ" (U+013F)
  0x41, 0x01, 0x05, 0x0C, 0x05, 0x2E, 0x3C, // "ŀ" (U+0140)
  0x00, 0x01, 0x08, 0x0C, 0x09, 0x2E, 0x5A, // "Ł" (U+0141)
  0x00, 0x01, 0x04, 0x0C, 0x04, 0x2E, 0x84, // "ł" (U+0142)
  0x01, 0x01, 0x0B, 0x10, 0x0D, 0x2E, 0xA0, // "Ń" (U+0143)
  0x01, 0x01, 0x09, 0x0D, 0x0A, 0x2E, 0xED, // "ń" (U+0144)
  0x01, 0xFD, 0x0B, 0x0C, 0x0D, 0x2F, 0x21, // "Ņ" (U+0145)
  0x01, 0xFD, 0x09, 0x09, 0x0A, 0x2F, 0x6F, // "ņ" (U+0146)
  0x01, 0x01, 0x0B, 0x10, 0x0D, 0x2F, 0xA2, // "Ň" (U+0147)
  0x01, 0x01, 0x09, 0x0D, 0x0A, 0x2F, 0xF3, // "ň" (U+0148)
  0x00, 0x01, 0x0A, 0x0C, 0x0C, 0x30, 0x2C, // "ŉ" (U+0149)
  0x01, 0xFD, 0x0B, 0x0C, 0x0D, 0x30, 0x6C, // "Ŋ" (U+014A)
  0x01, 0xFD, 0x09, 0x09, 0x0A, 0x30, 0xBE, // "ŋ" (U+014B)
  0x01, 0x01, 0x0B, 0x0F, 0x0D, 0x30, 0xF5, // "Ō" (U+014C)
  0x00, 0x01, 0x09, 0x0C, 0x0A, 0x31, 0x39, // "ō" (U+014D)
  0x01, 0x01, 0x0B, 0x10, 0x0D, 0x31, 0x71, // "Ŏ" (U+014E)
  0x00, 0x01, 0x09, 0x0D, 0x0A, 0x31, 0xB9, // "ŏ" (U+014F)
  0x01, 0x01, 0x0B, 0x10, 0x0D, 0x31, 0xF4, // "Ő" (U+0150)
  0x00, 0x01, 0x09, 0x0D, 0x0A, 0x32, 0x3D, // "ő" (U+0151)
  0x01, 0x01, 0x0E, 0x0C, 0x10, 0x32, 0x79, // "Œ" (U+0152)
  0x40, 0x01, 0x0E, 0x09, 0x10, 0x32, 0xBE, // "œ" (U+0153)
  0x01, 0x01, 0x09, 0x10, 0x0A, 0x33, 0x02, // "Ŕ" (U+0154)
  0x01, 0x01, 0x06, 0x0D, 0x07, 0x33, 0x45, // "ŕ" (U+0155)
  0x01, 0xFD, 0x09, 0x0C, 0x0A, 0x33, 0x6B, // "Ŗ" (U+0156)
  0x01, 0xFD, 0x06, 0x09, 0x07, 0x33, 0xAD, // "ŗ" (U+0157)
  0x01, 0x01, 0x09, 0x10, 0x0A, 0x33, 0xD1, // "Ř" (U+0158)
  0x00, 0x01, 0x06, 0x0D, 0x07, 0x34, 0x18, // "ř" (U+0159)
  0x00, 0x01, 0x08, 0x10, 0x09, 0x34, 0x42, // "Ś" (U+015A)
  0x00, 0x01, 0x07, 0x0D, 0x08, 0x34, 0x78, // "ś" (U+015B)
  0x00, 0x01, 0x08, 0x10, 0x09, 0x34, 0xA4, // "Ŝ" (U+015C)
  0x00, 0x01, 0x07, 0x0D, 0x08, 0x34, 0xDD, // "ŝ" (U+015D)
  0x00, 0xFC, 0x08, 0x0C, 0x09, 0x35, 0x0C, // "Ş" (U+015E)
  0x00, 0xFC, 0x07, 0x09, 0x08, 0x35, 0x46, // "ş" (U+015F)
  0x00, 0x01, 0x08, 0x10, 0x09, 0x35, 0x75, // "Š" (U+0160)
  0x00, 0x01, 0x07, 0x0D, 0x08, 0x35, 0xB0, // "š" (U+0161)
  0x00, 0xFC, 0x09, 0x0C, 0x09, 0x35, 0xE0, // "Ţ" (U+0162)
  0x40, 0xFC, 0x05, 0x0B, 0x06, 0x36, 0x15, // "ţ" (U+0163)
  0x00, 0x01, 0x09, 0x10, 0x09, 0x36, 0x45, // "Ť" (U+0164)
  0x00, 0x01, 0x08, 0x0C, 0x06, 0x36, 0x7A, // "ť" (U+0165)
  0x00, 0x01, 0x09, 0x0C, 0x09, 0x36, 0xA5, // "Ŧ" (U+0166)
  0x40, 0x01, 0x05, 0x0B, 0x06, 0x36, 0xD0, // "ŧ" (U+0167)
  0x01, 0x01, 0x0A, 0x10, 0x0C, 0x36, 0xF1, // "Ũ" (U+0168)
  0x01, 0x01, 0x08, 0x0D, 0x0A, 0x37, 0x3B, // "ũ" (U+0169)
  0x01, 0x01, 0x0A, 0x0F, 0x0C, 0x37, 0x6E, // "Ū" (U+016A)
  0x01, 0x01, 0x08, 0x0C, 0x0A, 0x37, 0xB1, // "ū" (U+016B)
  0x01, 0x01, 0x0A, 0x10, 0x0C, 0x37, 0xDE, // "Ŭ" (U+016C)
  0x01, 0x01, 0x08, 0x0D, 0x0A, 0x38, 0x24, // "ŭ" (U+016D)
  0x01, 0x01, 0x0A, 0x11, 0x0C, 0x38, 0x55, // "Ů" (U+016E)
  0x01, 0x01, 0x08, 0x0E, 0x0A, 0x38, 0x9E, // "ů" (U+016F)
  0x01, 0x01, 0x0A, 0x10, 0x0C, 0x38, 0xD1, // "Ű" (U+0170)
  0x01, 0x01, 0x08, 0x0D, 0x0A, 0x39, 0x18, // "ű" (U+0171)
  0x01, 0xFD, 0x0A, 0x0C, 0x0C, 0x39, 0x49, // "Ų" (U+0172)
  0x01, 0xFC, 0x09, 0x09, 0x0A, 0x39, 0x8F, // "ų" (U+0173)
  0x00, 0x01, 0x0F, 0x10, 0x10, 0x39, 0xC5, // "Ŵ" (U+0174)
  0x00, 0x01, 0x0C, 0x0D, 0x0D, 0x3A, 0x31, // "ŵ" (U+0175)
  0x00, 0x01, 0x09, 0x10, 0x0A, 0x3A, 0x7E, // "Ŷ" (U+0176)
  0x00, 0xFD, 0x08, 0x0D, 0x09, 0x3A, 0xBB, // "ŷ" (U+0177)
  0x00, 0x01, 0x09, 0x0F, 0x0A, 0x3A, 0xFD, // "Ÿ" (U+0178)
  0x00, 0x01, 0x08, 0x10, 0x09, 0x3B, 0x37, // "Ź" (U+0179)
  0x00, 0x01, 0x07, 0x0D, 0x08, 0x3B, 0x68, // "ź" (U+017A)
  0x00, 0x01, 0x08, 0x0F, 0x09, 0x3B, 0x8F, // "Ż" (U+017B)
  0x00, 0x01, 0x07, 0x0C, 0x08, 0x3B, 0xBD, // "ż" (U+017C)
  0x00, 0x01, 0x08, 0x10, 0x09, 0x3B, 0xE1, // "Ž" (U+017D)
  0x00, 0x01, 0x07, 0x0D, 0x08, 0x3C, 0x17, // "ž" (U+017E)
  0x41, 0x01, 0x05, 0x0C, 0x06, 0x3C, 0x42, // "ſ" (U+017F)
  0x00, 0x01, 0x0C, 0x0C, 0x0D, 0x3C, 0x60, // "Ω" (U+03A9)
  0x01, 0xFD, 0x09, 0x09, 0x0A, 0x3C, 0xA3, // "μ" (U+03BC)
  0x00, 0x01, 0x0A, 0x09, 0x0B, 0x3C, 0xD9, // "π" (U+03C0)
  0x00, 0x04, 0x07, 0x06, 0x08, 0x3D, 0x05, // "–" (U+2013)
  0x00, 0x04, 0x0F, 0x06, 0x11, 0x3D, 0x0E, // "—" (U+2014)
  0x00, 0x01, 0x08, 0x0C, 0x09, 0x3D, 0x18, // "€" (U+20AC)
  0x41, 0xFF, 0x08, 0x0E, 0x09, 0x3D, 0x47, // "₿" (U+20BF)
  0x40, 0x09, 0x02, 0x0C, 0x03, 0x3D, 0x87, // "‘" (U+2018)
  0x40, 0x09, 0x02, 0x0C, 0x03, 0x3D, 0x8D, // "’" (U+2019)
  0x40, 0xFF, 0x02, 0x02, 0x04, 0x3D, 0x93, // "‚" (U+201A)
  0x40, 0x09, 0x02, 0x0C, 0x03, 0x3D, 0x99, // "‛" (U+201B)
  0x40, 0x09, 0x05, 0x0C, 0x06, 0x3D, 0x9F, // "“" (U+201C)
  0x40, 0x09, 0x05, 0x0C, 0x06, 0x3D, 0xAB, // "”" (U+201D)
  0x40, 0xFF, 0x05, 0x02, 0x07, 0x3D, 0xB7, // "„" (U+201E)
  0x40, 0x09, 0x05, 0x0C, 0x06, 0x3D, 0xC3, // "‟" (U+201F)
  0x01, 0x01, 0x07, 0x0C, 0x08, 0x3D, 0xCF, // "†" (U+2020)
  0x01, 0x01, 0x07, 0x0C, 0x08, 0x3D, 0xF0, // "‡" (U+2021)
  0x41, 0x05, 0x04, 0x08, 0x06, 0x3E, 0x13, // "•" (U+2022)
  0x41, 0x01, 0x0C, 0x03, 0x0D, 0x3E, 0x1B, // "…" (U+2026)
  0x00, 0x01, 0x13, 0x0C, 0x14, 0x3E, 0x2D, // "‰" (U+2030)
  0x40, 0x02, 0x04, 0x08, 0x05, 0x3E, 0x9B, // "‹" (U+2039)
  0x40, 0x02, 0x04, 0x08, 0x05, 0x3E, 0xAD, // "›" (U+203A)
  0xFD, 0x01, 0x05, 0x0C, 0x02, 0x3E, 0xBF, // "⁄" (U+2044)
  0x40, 0x07, 0x0B, 0x0C, 0x0D, 0x3E, 0xE1, // "™" (U+2122)
  0x00, 0x00, 0x11, 0x0C, 0x12, 0x3F, 0x05, // "⅒" (U+2152)
  0x40, 0x01, 0x09, 0x0C, 0x0A, 0x3F, 0x68, // "ﬁ" (U+FB01)
  0x40, 0x01, 0x09, 0x0C, 0x0A, 0x3F, 0xA4, // "ﬂ" (U+FB02)
  
  // Kerning (12 classes, 73 sources, 320 entries, 1233 bytes).
  
  // Kerning header.
  0x00, 0x0C, 0x00, 0x49, 0x01, 0x40,
  
  // Kerning sources.
  0x00, 0x01, 0x00, // """ (U+0022) -> class 0
  0x00, 0x05, 0x01, // "&" (U+0026) -> class 1
  0x00, 0x06, 0x00, // "'" (U+0027) -> class 0
  0x00, 0x0B, 0x02, // "," (U+002C) -> class 2
  0x00, 0x0C, 0x01, // "-" (U+002D) -> class 1
  0x00, 0x0D, 0x02, // "." (U+002E) -> class 2
  0x00, 0x20, 0x03, // "A" (U+0041) -> class 3
  0x00, 0x23, 0x04, // "D" (U+0044) -> class 4
  0x00, 0x25, 0x04, // "F" (U+0046) -> class 4
  0x00, 0x2B, 0x05, // "L" (U+004C) -> class 5
  0x00, 0x2E, 0x04, // "O" (U+004F) -> class 4
  0x00, 0x2F, 0x06, // "P" (U+0050) -> class 6
  0x00, 0x30, 0x04, // "Q" (U+0051) -> class 4
  0x00, 0x33, 0x07, // "T" (U+0054) -> class 7
  0x00, 0x35, 0x08, // "V" (U+0056) -> class 8
  0x00, 0x36, 0x08, // "W" (U+0057) -> class 8
  0x00, 0x38, 0x09, // "Y" (U+0059) -> class 9
  0x00, 0x51, 0x0A, // "r" (U+0072) -> class 10
  0x00, 0x55, 0x04, // "v" (U+0076) -> class 4
  0x00, 0x56, 0x04, // "w" (U+0077) -> class 4
  0x00, 0x58, 0x04, // "y" (U+0079) -> class 4
  0x00, 0x77, 0x0B, // "»" (U+00BB) -> class 11
  0x00, 0x7B, 0x0B, // "¿" (U+00BF) -> class 11
  0x00, 0x7C, 0x03, // "À" (U+00C0) -> class 3
  0x00, 0x7D, 0x03, // "Á" (U+00C1) -> class 3
  0x00, 0x7E, 0x03, // "Â" (U+00C2) -> class 3
  0x00, 0x7F, 0x03, // "Ã" (U+00C3) -> class 3
  0x00, 0x80, 0x03, // "Ä" (U+00C4) -> class 3
  0x00, 0x81, 0x03, // "Å" (U+00C5) -> class 3
  0x00, 0x8C, 0x04, // "Ð" (U+00D0) -> class 4
  0x00, 0x8E, 0x04, // "Ò" (U+00D2) -> class 4
  0x00, 0x8F, 0x04, // "Ó" (U+00D3) -> class 4
  0x00, 0x90, 0x04, // "Ô" (U+00D4) -> class 4
  0x00, 0x91, 0x04, // "Õ" (U+00D5) -> class 4
  0x00, 0x92, 0x04, // "Ö" (U+00D6) -> class 4
  0x00, 0x94, 0x04, // "Ø" (U+00D8) -> class 4
  0x00, 0x99, 0x09, // "Ý" (U+00DD) -> class 9
  0x00, 0x9A, 0x06, // "Þ" (U+00DE) -> class 6
  0x00, 0xB9, 0x04, // "ý" (U+00FD) -> class 4
  0x00, 0xBB, 0x04, // "ÿ" (U+00FF) -> class 4
  0x00, 0xBC, 0x03, // "Ā" (U+0100) -> class 3
  0x00, 0xBE, 0x03, // "Ă" (U+0102) -> class 3
  0x00, 0xC0, 0x03, // "Ą" (U+0104) -> class 3
  0x00, 0xCA, 0x04, // "Ď" (U+010E) -> class 4
  0x00, 0xCC, 0x04, // "Đ" (U+0110) -> class 4
  0x00, 0xF5, 0x05, // "Ĺ" (U+0139) -> class 5
  0x00, 0xF7, 0x05, // "Ļ" (U+013B) -> class 5
  0x00, 0xF9, 0x05, // "Ľ" (U+013D) -> class 5
  0x00, 0xFB, 0x05, // "Ŀ" (U+013F) -> class 5
  0x00, 0xFD, 0x05, // "Ł" (U+0141) -> class 5
  0x01, 0x08, 0x04, // "Ō" (U+014C) -> class 4
  0x01, 0x0A, 0x04, // "Ŏ" (U+014E) -> class 4
  0x01, 0x0C, 0x04, // "Ő" (U+0150) -> class 4
  0x01, 0x11, 0x0A, // "ŕ" (U+0155) -> class 10
  0x01, 0x13, 0x0A, // "ŗ" (U+0157) -> class 10
  0x01, 0x15, 0x0A, // "ř" (U+0159) -> class 10
  0x01, 0x1E, 0x07, // "Ţ" (U+0162) -> class 7
  0x01, 0x20, 0x07, // "Ť" (U+0164) -> class 7
  0x01, 0x22, 0x07, // "Ŧ" (U+0166) -> class 7
  0x01, 0x30, 0x08, // "Ŵ" (U+0174) -> class 8
  0x01, 0x31, 0x04, // "ŵ" (U+0175) -> class 4
  0x01, 0x32, 0x09, // "Ŷ" (U+0176) -> class 9
  0x01, 0x33, 0x04, // "ŷ" (U+0177) -> class 4
  0x01, 0x34, 0x09, // "Ÿ" (U+0178) -> class 9
  0x01, 0x3F, 0x01, // "–" (U+2013) -> class 1
  0x01, 0x40, 0x01, // "—" (U+2014) -> class 1
  0x01, 0x43, 0x00, // "‘" (U+2018) -> class 0
  0x01, 0x44, 0x00, // "’" (U+2019) -> class 0
  0x01, 0x45, 0x02, // "‚" (U+201A) -> class 2
  0x01, 0x47, 0x00, // "“" (U+201C) -> class 0
  0x01, 0x48, 0x00, // "”" (U+201D) -> class 0
  0x01, 0x49, 0x02, // "„" (U+201E) -> class 2
  0x01, 0x51, 0x0B, // "›" (U+203A) -> class 11
  
  // Kerning classes.
  0x00, 0x00, 0x00, 0x35, // class 0 entries
  0x00, 0x35, 0x00, 0x04, // class 1 entries
  0x00, 0x39, 0x00, 0x22, // class 2 entries
  0x00, 0x5B, 0x00, 0x0F, // class 3 entries
  0x00, 0x6A, 0x00, 0x05, // class 4 entries
  0x00, 0x6F, 0x00, 0x04, // class 5 entries
  0x00, 0x73, 0x00, 0x0F, // class 6 entries
  0x00, 0x82, 0x00, 0x5F, // class 7 entries
  0x00, 0xE1, 0x00, 0x0F, // class 8 entries
  0x00, 0xF0, 0x00, 0x43, // class 9 entries
  0x01, 0x33, 0x00, 0x05, // class 10 entries
  0x01, 0x38, 0x00, 0x08, // class 11 entries
  
  // Kerning destinations.
  0x00, 0x20, 0x01, // class 0 -> "A" (U+0041)
  0x00, 0x40, 0x01, // class 0 -> "a" (U+0061)
  0x00, 0x42, 0x01, // class 0 -> "c" (U+0063)
  0x00, 0x43, 0x01, // class 0 -> "d" (U+0064)
  0x00, 0x44, 0x01, // class 0 -> "e" (U+0065)
  0x00, 0x4E, 0x01, // class 0 -> "o" (U+006F)
  0x00, 0x50, 0x01, // class 0 -> "q" (U+0071)
  0x00, 0x7C, 0x01, // class 0 -> "À" (U+00C0)
  0x00, 0x7D, 0x01, // class 0 -> "Á" (U+00C1)
  0x00, 0x7E, 0x01, // class 0 -> "Â" (U+00C2)
  0x00, 0x7F, 0x01, // class 0 -> "Ã" (U+00C3)
  0x00, 0x80, 0x01, // class 0 -> "Ä" (U+00C4)
  0x00, 0x81, 0x01, // class 0 -> "Å" (U+00C5)
  0x00, 0x82, 0x01, // class 0 -> "Æ" (U+00C6)
  0x00, 0x9C, 0x01, // class 0 -> "à" (U+00E0)
  0x00, 0x9D, 0x01, // class 0 -> "á" (U+00E1)
  0x00, 0x9E, 0x01, // class 0 -> "â" (U+00E2)
  0x00, 0x9F, 0x01, // class 0 -> "ã" (U+00E3)
  0x00, 0xA0, 0x01, // class 0 -> "ä" (U+00E4)
  0x00, 0xA1, 0x01, // class 0 -> "å" (U+00E5)
  0x00, 0xA2, 0x01, // class 0 -> "æ" (U+00E6)
  0x00, 0xA3, 0x01, // class 0 -> "ç" (U+00E7)
  0x00, 0xA4, 0x01, // class 0 -> "è" (U+00E8)
  0x00, 0xA5, 0x01, // class 0 -> "é" (U+00E9)
  0x00, 0xA6, 0x01, // class 0 -> "ê" (U+00EA)
  0x00, 0xA7, 0x01, // class 0 -> "ë" (U+00EB)
  0x00, 0xAE, 0x01, // class 0 -> "ò" (U+00F2)
  0x00, 0xAF, 0x01, // class 0 -> "ó" (U+00F3)
  0x00, 0xB0, 0x01, // class 0 -> "ô" (U+00F4)
  0x00, 0xB1, 0x01, // class 0 -> "õ" (U+00F5)
  0x00, 0xB2, 0x01, // class 0 -> "ö" (U+00F6)
  0x00, 0xB4, 0x01, // class 0 -> "ø" (U+00F8)
  0x00, 0xBC, 0x01, // class 0 -> "Ā" (U+0100)
  0x00, 0xBD, 0x01, // class 0 -> "ā" (U+0101)
  0x00, 0xBE, 0x01, // class 0 -> "Ă" (U+0102)
  0x00, 0xBF, 0x01, // class 0 -> "ă" (U+0103)
  0x00, 0xC0, 0x01, // class 0 -> "Ą" (U+0104)
  0x00, 0xC1, 0x01, // class 0 -> "ą" (U+0105)
  0x00, 0xC3, 0x01, // class 0 -> "ć" (U+0107)
  0x00, 0xC5, 0x01, // class 0 -> "ĉ" (U+0109)
  0x00, 0xC7, 0x01, // class 0 -> "ċ" (U+010B)
  0x00, 0xC9, 0x01, // class 0 -> "č" (U+010D)
  0x00, 0xCB, 0x01, // class 0 -> "ď" (U+010F)
  0x00, 0xCD, 0x01, // class 0 -> "đ" (U+0111)
  0x00, 0xCF, 0x01, // class 0 -> "ē" (U+0113)
  0x00, 0xD1, 0x01, // class 0 -> "ĕ" (U+0115)
  0x00, 0xD3, 0x01, // class 0 -> "ė" (U+0117)
  0x00, 0xD5, 0x01, // class 0 -> "ę" (U+0119)
  0x00, 0xD7, 0x01, // class 0 -> "ě" (U+011B)
  0x01, 0x09, 0x01, // class 0 -> "ō" (U+014D)
  0x01, 0x0B, 0x01, // class 0 -> "ŏ" (U+014F)
  0x01, 0x0D, 0x01, // class 0 -> "ő" (U+0151)
  0x01, 0x0F, 0x01, // class 0 -> "œ" (U+0153)
  0x00, 0x33, 0x01, // class 1 -> "T" (U+0054)
  0x01, 0x1E, 0x01, // class 1 -> "Ţ" (U+0162)
  0x01, 0x20, 0x01, // class 1 -> "Ť" (U+0164)
  0x01, 0x22, 0x01, // class 1 -> "Ŧ" (U+0166)
  0x00, 0x22, 0x01, // class 2 -> "C" (U+0043)
  0x00, 0x26, 0x01, // class 2 -> "G" (U+0047)
  0x00, 0x2E, 0x01, // class 2 -> "O" (U+004F)
  0x00, 0x30, 0x01, // class 2 -> "Q" (U+0051)
  0x00, 0x33, 0x01, // class 2 -> "T" (U+0054)
  0x00, 0x35, 0x01, // class 2 -> "V" (U+0056)
  0x00, 0x36, 0x01, // class 2 -> "W" (U+0057)
  0x00, 0x38, 0x01, // class 2 -> "Y" (U+0059)
  0x00, 0x83, 0x01, // class 2 -> "Ç" (U+00C7)
  0x00, 0x8E, 0x01, // class 2 -> "Ò" (U+00D2)
  0x00, 0x8F, 0x01, // class 2 -> "Ó" (U+00D3)
  0x00, 0x90, 0x01, // class 2 -> "Ô" (U+00D4)
  0x00, 0x91, 0x01, // class 2 -> "Õ" (U+00D5)
  0x00, 0x92, 0x01, // class 2 -> "Ö" (U+00D6)
  0x00, 0x94, 0x01, // class 2 -> "Ø" (U+00D8)
  0x00, 0x99, 0x01, // class 2 -> "Ý" (U+00DD)
  0x00, 0xC2, 0x01, // class 2 -> "Ć" (U+0106)
  0x00, 0xC4, 0x01, // class 2 -> "Ĉ" (U+0108)
  0x00, 0xC6, 0x01, // class 2 -> "Ċ" (U+010A)
  0x00, 0xC8, 0x01, // class 2 -> "Č" (U+010C)
  0x00, 0xD8, 0x01, // class 2 -> "Ĝ" (U+011C)
  0x00, 0xDA, 0x01, // class 2 -> "Ğ" (U+011E)
  0x00, 0xDC, 0x01, // class 2 -> "Ġ" (U+0120)
  0x00, 0xDE, 0x01, // class 2 -> "Ģ" (U+0122)
  0x01, 0x08, 0x01, // class 2 -> "Ō" (U+014C)
  0x01, 0x0A, 0x01, // class 2 -> "Ŏ" (U+014E)
  0x01, 0x0C, 0x01, // class 2 -> "Ő" (U+0150)
  0x01, 0x0E, 0x01, // class 2 -> "Œ" (U+0152)
  0x01, 0x1E, 0x01, // class 2 -> "Ţ" (U+0162)
  0x01, 0x20, 0x01, // class 2 -> "Ť" (U+0164)
  0x01, 0x22, 0x01, // class 2 -> "Ŧ" (U+0166)
  0x01, 0x30, 0x01, // class 2 -> "Ŵ" (U+0174)
  0x01, 0x32, 0x01, // class 2 -> "Ŷ" (U+0176)
  0x01, 0x34, 0x01, // class 2 -> "Ÿ" (U+0178)
  0x00, 0x01, 0x01, // class 3 -> """ (U+0022)
  0x00, 0x06, 0x01, // class 3 -> "'" (U+0027)
  0x00, 0x33, 0x01, // class 3 -> "T" (U+0054)
  0x00, 0x35, 0x01, // class 3 -> "V" (U+0056)
  0x00, 0x36, 0x01, // class 3 -> "W" (U+0057)
  0x00, 0x38, 0x01, // class 3 -> "Y" (U+0059)
  0x00, 0x99, 0x01, // class 3 -> "Ý" (U+00DD)
  0x01, 0x1E, 0x01, // class 3 -> "Ţ" (U+0162)
  0x01, 0x20, 0x01, // class 3 -> "Ť" (U+0164)
  0x01, 0x22, 0x01, // class 3 -> "Ŧ" (U+0166)
  0x01, 0x30, 0x01, // class 3 -> "Ŵ" (U+0174)
  0x01, 0x32, 0x01, // class 3 -> "Ŷ" (U+0176)
  0x01, 0x34, 0x01, // class 3 -> "Ÿ" (U+0178)
  0x01, 0x44, 0x01, // class 3 -> "’" (U+2019)
  0x01, 0x48, 0x01, // class 3 -> "”" (U+201D)
  0x00, 0x0B, 0x01, // class 4 -> "," (U+002C)
  0x00, 0x0D, 0x01, // class 4 -> "." (U+002E)
  0x01, 0x45, 0x01, // class 4 -> "‚" (U+201A)
  0x01, 0x49, 0x01, // class 4 -> "„" (U+201E)
  0x01, 0x4E, 0x01, // class 4 -> "…" (U+2026)
  0x00, 0x01, 0x01, // class 5 -> """ (U+0022)
  0x00, 0x06, 0x01, // class 5 -> "'" (U+0027)
  0x01, 0x44, 0x01, // class 5 -> "’" (U+2019)
  0x01, 0x48, 0x01, // class 5 -> "”" (U+201D)
  0x00, 0x0B, 0x02, // class 6 -> "," (U+002C)
  0x00, 0x0D, 0x02, // class 6 -> "." (U+002E)
  0x00, 0x20, 0x01, // class 6 -> "A" (U+0041)
  0x00, 0x7C, 0x01, // class 6 -> "À" (U+00C0)
  0x00, 0x7D, 0x01, // class 6 -> "Á" (U+00C1)
  0x00, 0x7E, 0x01, // class 6 -> "Â" (U+00C2)
  0x00, 0x7F, 0x01, // class 6 -> "Ã" (U+00C3)
  0x00, 0x80, 0x01, // class 6 -> "Ä" (U+00C4)
  0x00, 0x81, 0x01, // class 6 -> "Å" (U+00C5)
  0x00, 0xBC, 0x01, // class 6 -> "Ā" (U+0100)
  0x00, 0xBE, 0x01, // class 6 -> "Ă" (U+0102)
  0x00, 0xC0, 0x01, // class 6 -> "Ą" (U+0104)
  0x01, 0x45, 0x02, // class 6 -> "‚" (U+201A)
  0x01, 0x49, 0x02, // class 6 -> "„" (U+201E)
  0x01, 0x4E, 0x02, // class 6 -> "…" (U+2026)
  0x00, 0x0B, 0x01, // class 7 -> "," (U+002C)
  0x00, 0x0C, 0x01, // class 7 -> "-" (U+002D)
  0x00, 0x0D, 0x01, // class 7 -> "." (U+002E)
  0x00, 0x20, 0x01, // class 7 -> "A" (U+0041)
  0x00, 0x40, 0x01, // class 7 -> "a" (U+0061)
  0x00, 0x42, 0x01, // class 7 -> "c" (U+0063)
  0x00, 0x43, 0x01, // class 7 -> "d" (U+0064)
  0x00, 0x44, 0x01, // class 7 -> "e" (U+0065)
  0x00, 0x46, 0x01, // class 7 -> "g" (U+0067)
  0x00, 0x4C, 0x01, // class 7 -> "m" (U+006D)
  0x00, 0x4D, 0x01, // class 7 -> "n" (U+006E)
  0x00, 0x4E, 0x01, // class 7 -> "o" (U+006F)
  0x00, 0x4F, 0x01, // class 7 -> "p" (U+0070)
  0x00, 0x50, 0x01, // class 7 -> "q" (U+0071)
  0x00, 0x51, 0x01, // class 7 -> "r" (U+0072)
  0x00, 0x52, 0x01, // class 7 -> "s" (U+0073)
  0x00, 0x54, 0x01, // class 7 -> "u" (U+0075)
  0x00, 0x59, 0x01, // class 7 -> "z" (U+007A)
  0x00, 0x68, 0x01, // class 7 -> "«" (U+00AB)
  0x00, 0x7C, 0x01, // class 7 -> "À" (U+00C0)
  0x00, 0x7D, 0x01, // class 7 -> "Á" (U+00C1)
  0x00, 0x7E, 0x01, // class 7 -> "Â" (U+00C2)
  0x00, 0x7F, 0x01, // class 7 -> "Ã" (U+00C3)
  0x00, 0x80, 0x01, // class 7 -> "Ä" (U+00C4)
  0x00, 0x81, 0x01, // class 7 -> "Å" (U+00C5)
  0x00, 0x9C, 0x01, // class 7 -> "à" (U+00E0)
  0x00, 0x9D, 0x01, // class 7 -> "á" (U+00E1)
  0x00, 0x9E, 0x01, // class 7 -> "â" (U+00E2)
  0x00, 0x9F, 0x01, // class 7 -> "ã" (U+00E3)
  0x00, 0xA0, 0x01, // class 7 -> "ä" (U+00E4)
  0x00, 0xA1, 0x01, // class 7 -> "å" (U+00E5)
  0x00, 0xA2, 0x01, // class 7 -> "æ" (U+00E6)
  0x00, 0xA3, 0x01, // class 7 -> "ç" (U+00E7)
  0x00, 0xA4, 0x01, // class 7 -> "è" (U+00E8)
  0x00, 0xA5, 0x01, // class 7 -> "é" (U+00E9)
  0x00, 0xA6, 0x01, // class 7 -> "ê" (U+00EA)
  0x00, 0xA7, 0x01, // class 7 -> "ë" (U+00EB)
  0x00, 0xAE, 0x01, // class 7 -> "ò" (U+00F2)
  0x00, 0xAF, 0x01, // class 7 -> "ó" (U+00F3)
  0x00, 0xB0, 0x01, // class 7 -> "ô" (U+00F4)
  0x00, 0xB1, 0x01, // class 7 -> "õ" (U+00F5)
  0x00, 0xB2, 0x01, // class 7 -> "ö" (U+00F6)
  0x00, 0xB4, 0x01, // class 7 -> "ø" (U+00F8)
  0x00, 0xB5, 0x01, // class 7 -> "ù" (U+00F9)
  0x00, 0xB6, 0x01, // class 7 -> "ú" (U+00FA)
  0x00, 0xB7, 0x01, // class 7 -> "û" (U+00FB)
  0x00, 0xB8, 0x01, // class 7 -> "ü" (U+00FC)
  0x00, 0xBC, 0x01, // class 7 -> "Ā" (U+0100)
  0x00, 0xBD, 0x01, // class 7 -> "ā" (U+0101)
  0x00, 0xBE, 0x01, // class 7 -> "Ă" (U+0102)
  0x00, 0xBF, 0x01, // class 7 -> "ă" (U+0103)
  0x00, 0xC0, 0x01, // class 7 -> "Ą" (U+0104)
  0x00, 0xC1, 0x01, // class 7 -> "ą" (U+0105)
  0x00, 0xC3, 0x01, // class 7 -> "ć" (U+0107)
  0x00, 0xC5, 0x01, // class 7 -> "ĉ" (U+0109)
  0x00, 0xC7, 0x01, // class 7 -> "ċ" (U+010B)
  0x00, 0xC9, 0x01, // class 7 -> "č" (U+010D)
  0x00, 0xCB, 0x01, // class 7 -> "ď" (U+010F)
  0x00, 0xCD, 0x01, // class 7 -> "đ" (U+0111)
  0x00, 0xCF, 0x01, // class 7 -> "ē" (U+0113)
  0x00, 0xD1, 0x01, // class 7 -> "ĕ" (U+0115)
  0x00, 0xD3, 0x01, // class 7 -> "ė" (U+0117)
  0x00, 0xD5, 0x01, // class 7 -> "ę" (U+0119)
  0x00, 0xD7, 0x01, // class 7 -> "ě" (U+011B)
  0x00, 0xD9, 0x01, // class 7 -> "ĝ" (U+011D)
  0x00, 0xDB, 0x01, // class 7 -> "ğ" (U+011F)
  0x00, 0xDD, 0x01, // class 7 -> "ġ" (U+0121)
  0x00, 0xDF, 0x01, // class 7 -> "ģ" (U+0123)
  0x00, 0xF4, 0x01, // class 7 -> "ĸ" (U+0138)
  0x01, 0x00, 0x01, // class 7 -> "ń" (U+0144)
  0x01, 0x02, 0x01, // class 7 -> "ņ" (U+0146)
  0x01, 0x07, 0x01, // class 7 -> "ŋ" (U+014B)
  0x01, 0x09, 0x01, // class 7 -> "ō" (U+014D)
  0x01, 0x0B, 0x01, // class 7 -> "ŏ" (U+014F)
  0x01, 0x0D, 0x01, // class 7 -> "ő" (U+0151)
  0x01, 0x0F, 0x01, // class 7 -> "œ" (U+0153)
  0x01, 0x11, 0x01, // class 7 -> "ŕ" (U+0155)
  0x01, 0x13, 0x01, // class 7 -> "ŗ" (U+0157)
  0x01, 0x17, 0x01, // class 7 -> "ś" (U+015B)
  0x01, 0x1B, 0x01, // class 7 -> "ş" (U+015F)
  0x01, 0x25, 0x01, // class 7 -> "ũ" (U+0169)
  0x01, 0x27, 0x01, // class 7 -> "ū" (U+016B)
  0x01, 0x29, 0x01, // class 7 -> "ŭ" (U+016D)
  0x01, 0x2B, 0x01, // class 7 -> "ů" (U+016F)
  0x01, 0x2D, 0x01, // class 7 -> "ű" (U+0171)
  0x01, 0x2F, 0x01, // class 7 -> "ų" (U+0173)
  0x01, 0x36, 0x01, // class 7 -> "ź" (U+017A)
  0x01, 0x38, 0x01, // class 7 -> "ż" (U+017C)
  0x01, 0x3A, 0x01, // class 7 -> "ž" (U+017E)
  0x01, 0x3F, 0x01, // class 7 -> "–" (U+2013)
  0x01, 0x40, 0x01, // class 7 -> "—" (U+2014)
  0x01, 0x45, 0x01, // class 7 -> "‚" (U+201A)
  0x01, 0x49, 0x01, // class 7 -> "„" (U+201E)
  0x01, 0x4E, 0x01, // class 7 -> "…" (U+2026)
  0x01, 0x50, 0x01, // class 7 -> "‹" (U+2039)
  0x00, 0x0B, 0x01, // class 8 -> "," (U+002C)
  0x00, 0x0D, 0x01, // class 8 -> "." (U+002E)
  0x00, 0x20, 0x01, // class 8 -> "A" (U+0041)
  0x00, 0x7C, 0x01, // class 8 -> "À" (U+00C0)
  0x00, 0x7D, 0x01, // class 8 -> "Á" (U+00C1)
  0x00, 0x7E, 0x01, // class 8 -> "Â" (U+00C2)
  0x00, 0x7F, 0x01, // class 8 -> "Ã" (U+00C3)
  0x00, 0x80, 0x01, // class 8 -> "Ä" (U+00C4)
  0x00, 0x81, 0x01, // class 8 -> "Å" (U+00C5)
  0x00, 0xBC, 0x01, // class 8 -> "Ā" (U+0100)
  0x00, 0xBE, 0x01, // class 8 -> "Ă" (U+0102)
  0x00, 0xC0, 0x01, // class 8 -> "Ą" (U+0104)
  0x01, 0x45, 0x01, // class 8 -> "‚" (U+201A)
  0x01, 0x49, 0x01, // class 8 -> "„" (U+201E)
  0x01, 0x4E, 0x01, // class 8 -> "…" (U+2026)
  0x00, 0x0B, 0x01, // class 9 -> "," (U+002C)
  0x00, 0x0D, 0x01, // class 9 -> "." (U+002E)
  0x00, 0x20, 0x01, // class 9 -> "A" (U+0041)
  0x00, 0x40, 0x01, // class 9 -> "a" (U+0061)
  0x00, 0x42, 0x01, // class 9 -> "c" (U+0063)
  0x00, 0x43, 0x01, // class 9 -> "d" (U+0064)
  0x00, 0x44, 0x01, // class 9 -> "e" (U+0065)
  0x00, 0x46, 0x01, // class 9 -> "g" (U+0067)
  0x00, 0x4E, 0x01, // class 9 -> "o" (U+006F)
  0x00, 0x50, 0x01, // class 9 -> "q" (U+0071)
  0x00, 0x52, 0x01, // class 9 -> "s" (U+0073)
  0x00, 0x68, 0x01, // class 9 -> "«" (U+00AB)
  0x00, 0x7C, 0x01, // class 9 -> "À" (U+00C0)
  0x00, 0x7D, 0x01, // class 9 -> "Á" (U+00C1)
  0x00, 0x7E, 0x01, // class 9 -> "Â" (U+00C2)
  0x00, 0x7F, 0x01, // class 9 -> "Ã" (U+00C3)
  0x00, 0x80, 0x01, // class 9 -> "Ä" (U+00C4)
  0x00, 0x81, 0x01, // class 9 -> "Å" (U+00C5)
  0x00, 0x9C, 0x01, // class 9 -> "à" (U+00E0)
  0x00, 0x9D, 0x01, // class 9 -> "á" (U+00E1)
  0x00, 0x9E, 0x01, // class 9 -> "â" (U+00E2)
  0x00, 0x9F, 0x01, // class 9 -> "ã" (U+00E3)
  0x00, 0xA0, 0x01, // class 9 -> "ä" (U+00E4)
  0x00, 0xA1, 0x01, // class 9 -> "å" (U+00E5)
  0x00, 0xA2, 0x01, // class 9 -> "æ" (U+00E6)
  0x00, 0xA3, 0x01, // class 9 -> "ç" (U+00E7)
  0x00, 0xA4, 0x01, // class 9 -> "è" (U+00E8)
  0x00, 0xA5, 0x01, // class 9 -> "é" (U+00E9)
  0x00, 0xA6, 0x01, // class 9 -> "ê" (U+00EA)
  0x00, 0xA7, 0x01, // class 9 -> "ë" (U+00EB)
  0x00, 0xAE, 0x01, // class 9 -> "ò" (U+00F2)
  0x00, 0xAF, 0x01, // class 9 -> "ó" (U+00F3)
  0x00, 0xB0, 0x01, // class 9 -> "ô" (U+00F4)
  0x00, 0xB1, 0x01, // class 9 -> "õ" (U+00F5)
  0x00, 0xB2, 0x01, // class 9 -> "ö" (U+00F6)
  0x00, 0xB4, 0x01, // class 9 -> "ø" (U+00F8)
  0x00, 0xBC, 0x01, // class 9 -> "Ā" (U+0100)
  0x00, 0xBD, 0x01, // class 9 -> "ā" (U+0101)
  0x00, 0xBE, 0x01, // class 9 -> "Ă" (U+0102)
  0x00, 0xBF, 0x01, // class 9 -> "ă" (U+0103)
  0x00, 0xC0, 0x01, // class 9 -> "Ą" (U+0104)
  0x00, 0xC1, 0x01, // class 9 -> "ą" (U+0105)
  0x00, 0xC3, 0x01, // class 9 -> "ć" (U+0107)
  0x00, 0xC5, 0x01, // class 9 -> "ĉ" (U+0109)
  0x00, 0xC7, 0x01, // class 9 -> "ċ" (U+010B)
  0x00, 0xC9, 0x01, // class 9 -> "č" (U+010D)
  0x00, 0xCB, 0x01, // class 9 -> "ď" (U+010F)
  0x00, 0xCD, 0x01, // class 9 -> "đ" (U+0111)
  0x00, 0xCF, 0x01, // class 9 -> "ē" (U+0113)
  0x00, 0xD1, 0x01, // class 9 -> "ĕ" (U+0115)
  0x00, 0xD3, 0x01, // class 9 -> "ė" (U+0117)
  0x00, 0xD5, 0x01, // class 9 -> "ę" (U+0119)
  0x00, 0xD7, 0x01, // class 9 -> "ě" (U+011B)
  0x00, 0xD9, 0x01, // class 9 -> "ĝ" (U+011D)
  0x00, 0xDB, 0x01, // class 9 -> "ğ" (U+011F)
  0x00, 0xDD, 0x01, // class 9 -> "ġ" (U+0121)
  0x00, 0xDF, 0x01, // class 9 -> "ģ" (U+0123)
  0x01, 0x09, 0x01, // class 9 -> "ō" (U+014D)
  0x01, 0x0B, 0x01, // class 9 -> "ŏ" (U+014F)
  0x01, 0x0D, 0x01, // class 9 -> "ő" (U+0151)
  0x01, 0x0F, 0x01, // class 9 -> "œ" (U+0153)
  0x01, 0x17, 0x01, // class 9 -> "ś" (U+015B)
  0x01, 0x1B, 0x01, // class 9 -> "ş" (U+015F)
  0x01, 0x45, 0x01, // class 9 -> "‚" (U+201A)
  0x01, 0x49, 0x01, // class 9 -> "„" (U+201E)
  0x01, 0x4E, 0x01, // class 9 -> "…" (U+2026)
  0x01, 0x50, 0x01, // class 9 -> "‹" (U+2039)
  0x00, 0x0B, 0x02, // class 10 -> "," (U+002C)
  0x00, 0x0D, 0x02, // class 10 -> "." (U+002E)
  0x01, 0x45, 0x02, // class 10 -> "‚" (U+201A)
  0x01, 0x49, 0x02, // class 10 -> "„" (U+201E)
  0x01, 0x4E, 0x02, // class 10 -> "…" (U+2026)
  0x00, 0x33, 0x01, // class 11 -> "T" (U+0054)
  0x00, 0x38, 0x01, // class 11 -> "Y" (U+0059)
  0x00, 0x99, 0x01, // class 11 -> "Ý" (U+00DD)
  0x01, 0x1E, 0x01, // class 11 -> "Ţ" (U+0162)
  0x01, 0x20, 0x01, // class 11 -> "Ť" (U+0164)
  0x01, 0x22, 0x01, // class 11 -> "Ŧ" (U+0166)
  0x01, 0x32, 0x01, // class 11 -> "Ŷ" (U+0176)
  0x01, 0x34, 0x01, // class 11 -> "Ÿ" (U+0178)
  
  // Glyph data (16352 bytes).
  
  // "!" (U+0021), uncompressed
  0xBF, 0x4A, 0xF3, 0x9F, 0x29, 0xF1, 0x8F, 0x17, 0xF0, 0x6E, 0x05, 0xE0, 0x00, 0x00, 0x10, 0xBF,
  0x39, 0xD2,
  // """ (U+0022), uncompressed
  0xDC, 0x0B, 0xEC, 0xB0, 0xAD, 0xB9, 0x09, 0xB9, 0x80, 0x7A,
  // "#" (U+0023), RLE, 10 bytes saved (15.2%)
  0x49, 0x82, 0x40, 0x8B, 0x58, 0x43, 0xF2, 0x0B, 0x95, 0x06, 0x0E, 0x20, 0xD0, 0x63, 0x87, 0x11,
  0x9C, 0x12, 0xF5, 0x12, 0xFA, 0x8A, 0x63, 0x04, 0x4E, 0x84, 0xAD, 0x44, 0x11, 0x14, 0xF3, 0x1B,
  0xA1, 0x10, 0x9F, 0x98, 0x92, 0xA0, 0x24, 0xBC, 0x46, 0xF6, 0x43, 0x38, 0x2C, 0x80, 0x59, 0x68,
  0x3E, 0x60, 0x7D, 0x58, 0x41, 0xF3, 0x0A, 0xA4,
  // "$" (U+0024), RLE, 1 byte saved (1.9%)
  0x30, 0xC0, 0x34, 0x89, 0x24, 0x8E, 0xA7, 0x30, 0x8F, 0xEF, 0xDA, 0x89, 0x41, 0xFC, 0x0C, 0x30,
  0x30, 0xEC, 0x0C, 0x33, 0x83, 0x7F, 0xDE, 0x64, 0x04, 0x0A, 0xA0, 0xD0, 0x54, 0x83, 0xC9, 0xCF,
  0x43, 0x89, 0x4C, 0x32, 0xF8, 0x95, 0x3D, 0x7A, 0xF5, 0xEC, 0x0E, 0x07, 0x28, 0x22, 0x4D, 0x66,
  0x0C, 0x03, 0x30,
  // "%" (U+0025), RLE, 1 byte saved (1.2%)
  0x18, 0x23, 0xDE, 0x94, 0x00, 0xB4, 0x83, 0xDC, 0x8F, 0x62, 0x81, 0x4F, 0x33, 0x84, 0x2F, 0x40,
  0xBA, 0x20, 0xC0, 0xA4, 0x89, 0x03, 0xF2, 0x0A, 0xC0, 0x5F, 0x24, 0x87, 0x3F, 0x30, 0xAB, 0x0D,
  0x86, 0x89, 0x2E, 0x93, 0xE8, 0x7E, 0x2B, 0xEE, 0x52, 0x06, 0xA8, 0x7D, 0x2E, 0x76, 0xE1, 0x6E,
  0x38, 0x92, 0x23, 0x08, 0xD0, 0xAB, 0x02, 0xF3, 0x48, 0x90, 0x1F, 0x60, 0xBB, 0x02, 0xF4, 0x40,
  0x90, 0xC2, 0x84, 0xAC, 0x04, 0xF3, 0x38, 0x12, 0xF4, 0x28, 0x35, 0xF9, 0xCE, 0x40, 0x0B, 0x48,
  0x28, 0xED, 0x41,
  // "&" (U+0026), RLE, 6 bytes saved (8.3%)
  0x28, 0x41, 0xAE, 0xEA, 0x16, 0x84, 0xCF, 0x88, 0xFB, 0x58, 0x11, 0xF9, 0x20, 0xA9, 0x60, 0xE0,
  0xB2, 0x0D, 0x0C, 0x68, 0x47, 0xF8, 0xCE, 0x36, 0x83, 0x1E, 0xFE, 0x36, 0x84, 0x3E, 0xEB, 0xF7,
  0x28, 0xA0, 0x7F, 0x40, 0xDE, 0x20, 0xAF, 0x80, 0xCE, 0x02, 0xFA, 0x38, 0x7A, 0xFC, 0xF6, 0x01,
  0xFD, 0x48, 0x1C, 0xFE, 0x38, 0x90, 0xAF, 0xC7, 0x7C, 0xFD, 0xF9, 0x38, 0x90, 0x7D, 0xFE, 0xB4,
  0x09, 0xF9,
  // "'" (U+0027), uncompressed
  0xDC, 0xCB, 0xB9, 0x98,
  // "(" (U+0028), uncompressed
  0x00, 0x4F, 0x50, 0x0D, 0xB0, 0x06, 0xF3, 0x00, 0xCD, 0x00, 0x0F, 0x90, 0x03, 0xF6, 0x00, 0x4F,
  0x50, 0x04, 0xF5, 0x00, 0x3F, 0x60, 0x01, 0xF9, 0x00, 0x0C, 0xD0, 0x00, 0x7F, 0x30, 0x00, 0xEA,
  0x00, 0x04, 0xF5,
  // ")" (U+0029), uncompressed
  0x3F, 0x60, 0x00, 0x8E, 0x10, 0x02, 0xF8, 0x00, 0x0B, 0xE0, 0x00, 0x7F, 0x20, 0x04, 0xF5, 0x00,
  0x3F, 0x60, 0x03, 0xF7, 0x00, 0x4F, 0x50, 0x07, 0xF3, 0x00, 0xBE, 0x00, 0x1F, 0x80, 0x08, 0xF2,
  0x02, 0xF6, 0x00,
  // "*" (U+002A), RLE, 3 bytes saved (8.3%)
  0x38, 0x15, 0xF4, 0x68, 0x13, 0xF3, 0x38, 0x91, 0x29, 0x42, 0xF2, 0x49, 0x24, 0xED, 0x0E, 0x04,
  0x38, 0x1C, 0xEC, 0x58, 0x37, 0xF4, 0xF7, 0x38, 0x51, 0xEA, 0x0A, 0xF2, 0x38, 0x31, 0x20, 0x12,
  0x20,
  // "+" (U+002B), RLE, 12 bytes saved (33.3%)
  0x49, 0x05, 0x79, 0x05, 0x40, 0xF1, 0x98, 0x37, 0x11, 0x13, 0xF8, 0x90, 0x91, 0x44, 0x4F, 0x84,
  0x42, 0x49, 0x05, 0x79, 0x05, 0x79, 0x05, 0x30,
  // "," (U+002C), uncompressed
  0x09, 0xF3, 0x0C, 0xD0, 0x0F, 0x80, 0x4F, 0x10,
  // "-" (U+002D), uncompressed
  0x01, 0x11, 0x16, 0xFF, 0xFA, 0x14, 0x44, 0x30,
  // "." (U+002E), uncompressed
  0x01, 0x0B, 0xF3, 0x9D, 0x20,
  // "/" (U+002F), RLE, 2 bytes saved (5.6%)
  0x40, 0xA0, 0xE4, 0x0E, 0x0A, 0x38, 0x15, 0xF4, 0x30, 0xB0, 0xE3, 0x81, 0x1F, 0x83, 0x81, 0x7F,
  0x23, 0x0D, 0x0C, 0x38, 0x13, 0xF7, 0x38, 0x18, 0xF1, 0x30, 0xE0, 0xB3, 0x81, 0x4F, 0x53, 0x0A,
  0x0E, 0x40,
  // "0" (U+0030), uncompressed
  0x00, 0x4C, 0xED, 0x80, 0x00, 0x4F, 0xD7, 0xAF, 0x90, 0x0B, 0xE1, 0x00, 0xAF, 0x20, 0xFB, 0x00,
  0x04, 0xF6, 0x2F, 0x80, 0x00, 0x2F, 0x93, 0xF7, 0x00, 0x01, 0xFA, 0x3F, 0x70, 0x00, 0x1F, 0xA2,
  0xF8, 0x00, 0x02, 0xF9, 0x0F, 0xB0, 0x00, 0x4F, 0x60, 0xAE, 0x10, 0x09, 0xF2, 0x03, 0xFD, 0x79,
  0xFA, 0x00, 0x04, 0xCF, 0xD8, 0x00,
  // "1" (U+0031), uncompressed
  0x00, 0x1C, 0xF2, 0x03, 0xEF, 0xF2, 0x5F, 0xCA, 0xF2, 0x29, 0x09, 0xF2, 0x00, 0x09, 0xF2, 0x00,
  0x09, 0xF2, 0x00, 0x09, 0xF2, 0x00, 0x09, 0xF2, 0x00, 0x09, 0xF2, 0x00, 0x09, 0xF2, 0x00, 0x09,
  0xF2, 0x00, 0x09, 0xF2,
  // "2" (U+0032), RLE, 9 bytes saved (16.7%)
  0x18, 0x41, 0x8D, 0xFD, 0x83, 0x85, 0xDF, 0x97, 0xAF, 0xA2, 0x04, 0x02, 0x38, 0x1B, 0xF1, 0x68,
  0x18, 0xF3, 0x60, 0xC9, 0x68, 0x15, 0xF8, 0x58, 0x13, 0xEC, 0x58, 0x22, 0xED, 0x14, 0x82, 0x2D,
  0xD2, 0x48, 0x21, 0xDD, 0x24, 0x89, 0x01, 0xDF, 0x86, 0x66, 0x64, 0x3F, 0x0A,
  // "3" (U+0033), RLE, 7 bytes saved (13.0%)
  0x18, 0x53, 0xAE, 0xFD, 0x91, 0x28, 0x5E, 0xD8, 0x7A, 0xFC, 0x20, 0x24, 0x81, 0xAF, 0x26, 0x81,
  0xAF, 0x13, 0x83, 0x23, 0x8F, 0x73, 0x07, 0xB0, 0x74, 0x84, 0x25, 0x69, 0xFC, 0x78, 0x17, 0xF6,
  0x68, 0x14, 0xF8, 0x68, 0xA1, 0x9F, 0x54, 0xE9, 0x77, 0xBF, 0xC0, 0x19, 0xDE, 0xED, 0x82,
  // "4" (U+0034), RLE, 10 bytes saved (16.7%)
  0x58, 0x19, 0xF7, 0x60, 0x4A, 0x07, 0x68, 0x2D, 0xBF, 0x75, 0x83, 0x9D, 0x3F, 0x74, 0x84, 0x4F,
  0x43, 0xF7, 0x38, 0x51, 0xE9, 0x03, 0xF7, 0x30, 0xA0, 0xD2, 0x81, 0x3F, 0x72, 0x89, 0x15, 0xF5,
  0x11, 0x4F, 0x81, 0x0A, 0xF9, 0x89, 0x01, 0x34, 0x44, 0x47, 0xFA, 0x46, 0x81, 0x3F, 0x77, 0x81,
  0x3F, 0x72,
  // "5" (U+0035), RLE, 7 bytes saved (14.6%)
  0x05, 0xD8, 0x93, 0xB0, 0x6F, 0x86, 0x66, 0x50, 0x7F, 0x15, 0x08, 0x96, 0x82, 0xAF, 0x01, 0x40,
  0xBC, 0x89, 0x1B, 0x30, 0x37, 0x55, 0x9F, 0xE1, 0x58, 0x17, 0xF7, 0x58, 0x14, 0xF7, 0x58, 0x97,
  0x9F, 0x5E, 0xA7, 0x7B, 0xFC, 0x08, 0xDE, 0xFD, 0x72,
  // "6" (U+0036), uncompressed
  0x00, 0x05, 0xBE, 0xFC, 0x00, 0x09, 0xFD, 0x87, 0x70, 0x04, 0xFA, 0x00, 0x00, 0x00, 0xAF, 0x20,
  0x00, 0x00, 0x0E, 0xC0, 0x01, 0x00, 0x01, 0xF9, 0x8F, 0xFE, 0x60, 0x2F, 0xEB, 0x56, 0xDF, 0x42,
  0xFB, 0x00, 0x02, 0xF9, 0x0F, 0x90, 0x00, 0x0F, 0xA0, 0xBE, 0x10, 0x04, 0xF8, 0x02, 0xFD, 0x78,
  0xEE, 0x20, 0x03, 0xBE, 0xEA, 0x20,
  // "7" (U+0037), RLE, 16 bytes saved (29.6%)
  0x05, 0xF0, 0xB0, 0x28, 0x01, 0x68, 0x19, 0xF8, 0x68, 0x1A, 0xF2, 0x58, 0x11, 0xFA, 0x68, 0x18,
  0xF4, 0x60, 0xE0, 0xC6, 0x81, 0x6F, 0x66, 0x0D, 0x0E, 0x68, 0x15, 0xF8, 0x68, 0x1B, 0xF1, 0x58,
  0x13, 0xFA, 0x68, 0x1A, 0xF3, 0x40,
  // "8" (U+0038), uncompressed
  0x00, 0x7D, 0xFE, 0xA2, 0x00, 0x7F, 0xB7, 0x9F, 0xD0, 0x0C, 0xE0, 0x00, 0x8F, 0x30, 0xBE, 0x00,
  0x08, 0xF2, 0x04, 0xFB, 0x26, 0xEA, 0x00, 0x05, 0xFF, 0xF8, 0x00, 0x02, 0xCE, 0x9E, 0xE5, 0x00,
  0xDD, 0x10, 0x0A, 0xF4, 0x3F, 0x70, 0x00, 0x1F, 0x92, 0xF9, 0x00, 0x03, 0xF8, 0x0C, 0xFA, 0x78,
  0xEE, 0x20, 0x18, 0xDF, 0xEA, 0x30,
  // "9" (U+0039), uncompressed
  0x00, 0x7D, 0xFD, 0x70, 0x00, 0x8F, 0xB7, 0xAF, 0x90, 0x1F, 0xB0, 0x00, 0x8F, 0x23, 0xF7, 0x00,
  0x03, 0xF7, 0x2F, 0x90, 0x00, 0x3F, 0x90, 0xDE, 0x52, 0x4D, 0xF9, 0x03, 0xDF, 0xFE, 0x7F, 0x80,
  0x00, 0x34, 0x14, 0xF6, 0x00, 0x00, 0x00, 0x9F, 0x20, 0x00, 0x00, 0x3F, 0xB0, 0x04, 0x87, 0xAF,
  0xE2, 0x00, 0x5F, 0xFD, 0x81, 0x00,
  // ":" (U+003A), RLE, 3 bytes saved (21.4%)
  0x86, 0x9D, 0x2B, 0xF3, 0x01, 0x74, 0x86, 0x10, 0xBF, 0x39, 0xD2,
  // ";" (U+003B), RLE, 5 bytes saved (22.7%)
  0x18, 0x59, 0xD2, 0x0B, 0xF3, 0x20, 0x17, 0x74, 0x89, 0x3B, 0xF1, 0x0E, 0xC0, 0x2F, 0x60, 0x5E,
  0x20,
  // "<" (U+003C), RLE, 6 bytes saved (16.7%)
  0x68, 0x11, 0x89, 0x48, 0x31, 0x8E, 0xD4, 0x28, 0x31, 0x8E, 0xC5, 0x38, 0x28, 0xEC, 0x44, 0x82,
  0x2E, 0xE6, 0x68, 0x41, 0x7D, 0xE9, 0x26, 0x83, 0x5C, 0xFB, 0x46, 0x81, 0x3A, 0x90,
  // "=" (U+003D), RLE, 10 bytes saved (37.0%)
  0x18, 0x04, 0x10, 0x2F, 0x08, 0x18, 0x03, 0x40, 0x21, 0x80, 0x41, 0x02, 0xF0, 0x81, 0x80, 0x34,
  0x02,
  // ">" (U+003E), RLE, 6 bytes saved (16.7%)
  0x81, 0x3B, 0x46, 0x83, 0x1A, 0xFB, 0x46, 0x83, 0x29, 0xFB, 0x46, 0x83, 0x29, 0xFB, 0x35, 0x82,
  0x3B, 0xF8, 0x38, 0x92, 0x6D, 0xFA, 0x30, 0x19, 0xEE, 0x81, 0x38, 0x13, 0xD6, 0x60,
  // "?" (U+003F), RLE, 8 bytes saved (19.0%)
  0x89, 0x44, 0xAD, 0xED, 0x80, 0x8D, 0x97, 0xAF, 0x85, 0x0C, 0x0D, 0x50, 0x0D, 0x48, 0x17, 0xF7,
  0x38, 0x18, 0xF9, 0x38, 0x15, 0xF7, 0x40, 0xA0, 0xD5, 0x00, 0x57, 0x58, 0x1E, 0xE1, 0x48, 0x1C,
  0xD1, 0x20,
  // "@" (U+0040), RLE, 2 bytes saved (2.2%)
  0x38, 0x52, 0x9D, 0xEE, 0xC7, 0x58, 0x90, 0x8F, 0xD9, 0x77, 0xAF, 0xD2, 0x28, 0x18, 0xF6, 0x58,
  0xC1, 0x2C, 0xC0, 0x3F, 0x60, 0x3B, 0xEE, 0xB3, 0x1F, 0x69, 0xC0, 0x2F, 0xC7, 0x8F, 0x50, 0xAB,
  0xE7, 0x09, 0xE2, 0x89, 0x11, 0xF4, 0x07, 0xDF, 0x50, 0xCA, 0x28, 0x91, 0x2F, 0x30, 0x7D, 0xF4,
  0x0C, 0xA2, 0x8A, 0x65, 0xF3, 0x0A, 0xBE, 0x60, 0x9E, 0x43, 0xDE, 0x84, 0xF5, 0xAB, 0x01, 0xDA,
  0x09, 0x05, 0xA8, 0x3A, 0x04, 0xF6, 0x20, 0x03, 0x20, 0x03, 0x38, 0x78, 0xFA, 0x52, 0x23, 0x57,
  0x50, 0x50, 0xCC, 0x0E, 0x08, 0x78, 0x22, 0x34, 0x25,
  // "A" (U+0041), RLE, 15 bytes saved (22.7%)
  0x48, 0x1B, 0xF7, 0x70, 0x1A, 0x0D, 0x78, 0x37, 0xF8, 0xF3, 0x68, 0x3C, 0xD1, 0xF9, 0x58, 0x43,
  0xF7, 0x0B, 0xE5, 0x85, 0x9F, 0x20, 0x5F, 0x54, 0x0E, 0x0C, 0x39, 0x0B, 0x30, 0x5F, 0x01, 0x28,
  0x93, 0xAF, 0x88, 0x88, 0xAF, 0x70, 0x1F, 0xB5, 0x84, 0xED, 0x06, 0xF6, 0x58, 0x29, 0xF3, 0xC9,
  0x68, 0x14, 0xF9,
  // "B" (U+0042), uncompressed
  0x6F, 0xFF, 0xFD, 0xA4, 0x06, 0xF9, 0x67, 0x9F, 0xF3, 0x6F, 0x50, 0x00, 0x6F, 0x86, 0xF5, 0x00,
  0x05, 0xF7, 0x6F, 0x61, 0x24, 0xCE, 0x16, 0xFF, 0xFF, 0xFD, 0x20, 0x6F, 0x84, 0x57, 0xDF, 0x46,
  0xF5, 0x00, 0x02, 0xFC, 0x6F, 0x50, 0x00, 0x0F, 0xE6, 0xF5, 0x00, 0x03, 0xFC, 0x6F, 0x96, 0x79,
  0xEF, 0x56, 0xFF, 0xFF, 0xEB, 0x30,
  // "C" (U+0043), RLE, 14 bytes saved (25.9%)
  0x28, 0xA2, 0x29, 0xDF, 0xEB, 0x60, 0x5F, 0xE9, 0x79, 0xD8, 0x2E, 0xE2, 0x58, 0x18, 0xF6, 0x60,
  0xD9, 0x79, 0x0E, 0x79, 0x0E, 0x70, 0xD9, 0x78, 0x19, 0xF5, 0x68, 0x23, 0xFD, 0x16, 0x86, 0x7F,
  0xE9, 0x78, 0xA6, 0x28, 0x54, 0xBE, 0xFE, 0xC4,
  // "D" (U+0044), RLE, 5 bytes saved (7.6%)
  0x06, 0xC8, 0x1D, 0x93, 0x38, 0x76, 0xF9, 0x67, 0x9E, 0xF6, 0x28, 0x16, 0xF5, 0x38, 0x61, 0xCF,
  0x30, 0x6F, 0x54, 0x85, 0x3F, 0xA0, 0x6F, 0x55, 0x84, 0xEE, 0x06, 0xF5, 0x58, 0x4C, 0xF1, 0x6F,
  0x55, 0x84, 0xCF, 0x06, 0xF5, 0x58, 0x4E, 0xE0, 0x6F, 0x54, 0x85, 0x4F, 0xA0, 0x6F, 0x53, 0x89,
  0x12, 0xDF, 0x30, 0x6F, 0x96, 0x7A, 0xA0, 0x62, 0x06, 0xB8, 0x2E, 0xD9, 0x23,
  // "E" (U+0045), RLE, 8 bytes saved (16.7%)
  0x06, 0xE8, 0x92, 0x36, 0xF9, 0x66, 0x66, 0x16, 0xF5, 0x58, 0x16, 0xF5, 0x58, 0x76, 0xF6, 0x11,
  0x11, 0x06, 0xD8, 0x93, 0xE0, 0x6F, 0x84, 0x44, 0x40, 0x6F, 0x55, 0x81, 0x6F, 0x55, 0x81, 0x6F,
  0x55, 0x87, 0x6F, 0x96, 0x66, 0x61, 0x6E, 0x03,
  // "F" (U+0046), RLE, 9 bytes saved (18.8%)
  0x06, 0xE8, 0x92, 0x36, 0xF9, 0x66, 0x66, 0x16, 0xF5, 0x58, 0x16, 0xF5, 0x58, 0x16, 0xF5, 0x58,
  0x76, 0xF6, 0x11, 0x11, 0x06, 0xD8, 0x93, 0xD0, 0x6F, 0x84, 0x44, 0x40, 0x6F, 0x55, 0x81, 0x6F,
  0x55, 0x81, 0x6F, 0x55, 0x81, 0x6F, 0x55,
  // "G" (U+0047), RLE, 6 bytes saved (10.0%)
  0x28, 0xA4, 0x18, 0xCE, 0xED, 0xA3, 0x04, 0xEF, 0xA7, 0x7A, 0xE4, 0x1E, 0xE3, 0x68, 0x18, 0xF6,
  0x70, 0xD9, 0x71, 0x0E, 0x0D, 0x38, 0x01, 0x19, 0x0D, 0x30, 0x8B, 0x0B, 0x0D, 0x93, 0x86, 0x24,
  0x5F, 0xB9, 0xF5, 0x59, 0x83, 0xB3, 0xFD, 0x24, 0x98, 0x91, 0xB0, 0x6F, 0xE9, 0x77, 0x9F, 0xB2,
  0x81, 0x3A, 0xEA, 0x81, 0xDA, 0x50,
  // "H" (U+0048), RLE, 9 bytes saved (15.0%)
  0x81, 0x6F, 0x55, 0x98, 0x2B, 0x6F, 0x55, 0x98, 0x2B, 0x6F, 0x55, 0x98, 0x2B, 0x6F, 0x55, 0x98,
  0x92, 0xB6, 0xF6, 0x11, 0x11, 0x2F, 0xB6, 0xF9, 0x89, 0x4B, 0x6F, 0x84, 0x44, 0x45, 0xFB, 0x6F,
  0x55, 0x98, 0x2B, 0x6F, 0x55, 0x98, 0x2B, 0x6F, 0x55, 0x98, 0x2B, 0x6F, 0x55, 0x98, 0x2B, 0x6F,
  0x55, 0x90, 0xB0,
  // "I" (U+0049), RLE, 8 bytes saved (22.2%)
  0x05, 0xC8, 0x43, 0x16, 0xFE, 0x53, 0x90, 0xC4, 0x90, 0xC4, 0x90, 0xC4, 0x90, 0xC4, 0x90, 0xC4,
  0x90, 0xC4, 0x90, 0xC4, 0x90, 0xC3, 0x84, 0x4F, 0xD3, 0x05, 0xC0, 0x30,
  // "J" (U+004A), uncompressed
  0x00, 0x07, 0xF4, 0x00, 0x07, 0xF4, 0x00, 0x07, 0xF4, 0x00, 0x07, 0xF4, 0x00, 0x07, 0xF4, 0x00,
  0x07, 0xF4, 0x00, 0x07, 0xF4, 0x00, 0x07, 0xF4, 0x00, 0x07, 0xF4, 0x00, 0x07, 0xF4, 0x00, 0x07,
  0xF4, 0x00, 0x07, 0xF4, 0x00, 0x08, 0xF3, 0x12, 0x4E, 0xE0, 0x4F, 0xFE, 0x40, 0x04, 0x30, 0x00,
  // "K" (U+004B), uncompressed
  0x6F, 0x50, 0x00, 0x3E, 0xC0, 0x6F, 0x50, 0x01, 0xDD, 0x10, 0x6F, 0x50, 0x0C, 0xE3, 0x00, 0x6F,
  0x50, 0xAF, 0x50, 0x00, 0x6F, 0x58, 0xF7, 0x00, 0x00, 0x6F, 0xAF, 0xE0, 0x00, 0x00, 0x6F, 0xFC,
  0xF9, 0x00, 0x00, 0x6F, 0x70, 0xCF, 0x50, 0x00, 0x6F, 0x50, 0x2E, 0xE1, 0x00, 0x6F, 0x50, 0x06,
  0xFA, 0x00, 0x6F, 0x50, 0x00, 0xAF, 0x60, 0x6F, 0x50, 0x00, 0x1E, 0xE1,
  // "L" (U+004C), RLE, 11 bytes saved (22.9%)
  0x81, 0x6F, 0x55, 0x81, 0x6F, 0x55, 0x81, 0x6F, 0x55, 0x81, 0x6F, 0x55, 0x81, 0x6F, 0x55, 0x81,
  0x6F, 0x55, 0x81, 0x6F, 0x55, 0x81, 0x6F, 0x55, 0x81, 0x6F, 0x55, 0x81, 0x6F, 0x55, 0x87, 0x6F,
  0xA8, 0x88, 0x83, 0x6E, 0x05,
  // "M" (U+004D), uncompressed
  0x6F, 0xF4, 0x00, 0x00, 0x02, 0xFF, 0x96, 0xFF, 0x90, 0x00, 0x00, 0x7F, 0xF9, 0x6F, 0xBE, 0x00,
  0x00, 0x0D, 0xBF, 0x96, 0xF7, 0xF5, 0x00, 0x03, 0xF6, 0xF9, 0x6F, 0x3E, 0xA0, 0x00, 0x9E, 0x2F,
  0x96, 0xF2, 0x9F, 0x00, 0x0E, 0x92, 0xF9, 0x6F, 0x23, 0xF5, 0x04, 0xF3, 0x2F, 0x96, 0xF2, 0x0D,
  0xB0, 0xAD, 0x02, 0xF9, 0x6F, 0x20, 0x8F, 0x2F, 0x70, 0x2F, 0x96, 0xF2, 0x02, 0xFC, 0xF2, 0x02,
  0xF9, 0x6F, 0x20, 0x0C, 0xFC, 0x00, 0x2F, 0x96, 0xF2, 0x00, 0x7F, 0x60, 0x02, 0xF9,
  // "N" (U+004E), uncompressed
  0x6F, 0xE1, 0x00, 0x00, 0x6F, 0x36, 0xFF, 0xA0, 0x00, 0x06, 0xF3, 0x6F, 0xDF, 0x40, 0x00, 0x6F,
  0x36, 0xF4, 0xFD, 0x00, 0x06, 0xF3, 0x6F, 0x28, 0xF8, 0x00, 0x6F, 0x36, 0xF2, 0x0D, 0xF2, 0x06,
  0xF3, 0x6F, 0x20, 0x5F, 0xC0, 0x6F, 0x36, 0xF2, 0x00, 0xBF, 0x65, 0xF3, 0x6F, 0x20, 0x02, 0xEE,
  0x6F, 0x36, 0xF2, 0x00, 0x07, 0xFE, 0xF3, 0x6F, 0x20, 0x00, 0x0C, 0xFF, 0x36, 0xF2, 0x00, 0x00,
  0x3F, 0xF3,
  // "O" (U+004F), RLE, 8 bytes saved (12.1%)
  0x28, 0x53, 0xAD, 0xFD, 0xA3, 0x38, 0x94, 0x7F, 0xE8, 0x78, 0xEF, 0x60, 0x3F, 0xD1, 0x38, 0x51,
  0xDF, 0x29, 0xF5, 0x58, 0x26, 0xF8, 0xD9, 0x68, 0x31, 0xFC, 0xFE, 0x79, 0x81, 0xEF, 0xE7, 0x90,
  0xE0, 0xD9, 0x68, 0x41, 0xFC, 0x9F, 0x55, 0x85, 0x6F, 0x83, 0xFD, 0x13, 0x89, 0x41, 0xDF, 0x20,
  0x7F, 0xE8, 0x78, 0xEF, 0x63, 0x85, 0x4A, 0xDF, 0xDA, 0x32,
  // "P" (U+0050), RLE, 6 bytes saved (11.1%)
  0x06, 0xC0, 0xC0, 0x72, 0x89, 0x26, 0xF9, 0x68, 0xCF, 0xA0, 0x6F, 0x53, 0x84, 0xCF, 0x26, 0xF5,
  0x38, 0x49, 0xF4, 0x6F, 0x53, 0x89, 0x3B, 0xF2, 0x6F, 0x62, 0x39, 0xFB, 0x06, 0xD8, 0x7A, 0x10,
  0x6F, 0x84, 0x31, 0x38, 0x16, 0xF5, 0x68, 0x16, 0xF5, 0x68, 0x16, 0xF5, 0x68, 0x16, 0xF5, 0x60,
  // "Q" (U+0051), RLE, 14 bytes saved (16.9%)
  0x28, 0x53, 0xAD, 0xFD, 0xA3, 0x38, 0x94, 0x7F, 0xE8, 0x78, 0xEF, 0x60, 0x3F, 0xD1, 0x38, 0x51,
  0xDF, 0x29, 0xF5, 0x58, 0x26, 0xF8, 0xD9, 0x68, 0x31, 0xFC, 0xFE, 0x79, 0x81, 0xEF, 0xE7, 0x90,
  0xE0, 0xD9, 0x68, 0x41, 0xFC, 0x9F, 0x55, 0x85, 0x6F, 0x83, 0xFD, 0x13, 0x89, 0x41, 0xDF, 0x20,
  0x7F, 0xE8, 0x78, 0xEF, 0x63, 0x81, 0x4A, 0xDA, 0x0E, 0x03, 0x71, 0x81, 0xAF, 0x87, 0x28, 0x1C,
  0xF8, 0x71, 0x82, 0x17, 0x72,
  // "R" (U+0052), uncompressed
  0x6F, 0xFF, 0xEC, 0x70, 0x06, 0xF9, 0x68, 0xCF, 0xB0, 0x6F, 0x50, 0x00, 0xCF, 0x26, 0xF5, 0x00,
  0x09, 0xF4, 0x6F, 0x50, 0x00, 0xBF, 0x26, 0xF6, 0x13, 0x8F, 0xA0, 0x6F, 0xFF, 0xFF, 0x80, 0x06,
  0xF8, 0x49, 0xF6, 0x00, 0x6F, 0x50, 0x0D, 0xE1, 0x06, 0xF5, 0x00, 0x4F, 0xA0, 0x6F, 0x50, 0x00,
  0xAF, 0x46, 0xF5, 0x00, 0x01, 0xED,
  // "S" (U+0053), RLE, 9 bytes saved (16.7%)
  0x28, 0x46, 0xCE, 0xEC, 0x82, 0x85, 0x8F, 0xB7, 0x8B, 0xC2, 0x90, 0xD7, 0x90, 0xD7, 0x82, 0xBF,
  0x91, 0x50, 0x10, 0xCA, 0x09, 0x02, 0x50, 0x50, 0xCA, 0x06, 0x68, 0x25, 0xEF, 0x16, 0x81, 0x8F,
  0x46, 0x8A, 0x19, 0xF3, 0x2E, 0xA8, 0x7A, 0xFB, 0x01, 0x9D, 0xEE, 0xC7, 0x20,
  // "T" (U+0054), RLE, 21 bytes saved (35.0%)
  0x0C, 0xF9, 0x85, 0x15, 0x66, 0x9F, 0xB0, 0xF6, 0x48, 0x13, 0xF8, 0x78, 0x13, 0xF8, 0x78, 0x13,
  0xF8, 0x78, 0x13, 0xF8, 0x78, 0x13, 0xF8, 0x78, 0x13, 0xF8, 0x78, 0x13, 0xF8, 0x78, 0x13, 0xF8,
  0x78, 0x13, 0xF8, 0x78, 0x13, 0xF8, 0x40,
  // "U" (U+0055), RLE, 4 bytes saved (6.7%)
  0x81, 0x8F, 0x34, 0x84, 0x1F, 0xA8, 0xF3, 0x48, 0x41, 0xFA, 0x8F, 0x34, 0x84, 0x1F, 0xA8, 0xF3,
  0x48, 0x41, 0xFA, 0x8F, 0x34, 0x84, 0x1F, 0xA8, 0xF3, 0x48, 0x41, 0xFA, 0x8F, 0x34, 0x84, 0x1F,
  0xA8, 0xF4, 0x48, 0x41, 0xFA, 0x6F, 0x54, 0x84, 0x3F, 0x92, 0xFC, 0x48, 0x92, 0x9F, 0x50, 0x9F,
  0xC8, 0x7B, 0xFB, 0x38, 0x46, 0xCF, 0xEC, 0x72,
  // "V" (U+0056), RLE, 8 bytes saved (13.3%)
  0x0C, 0x0E, 0x68, 0x3D, 0xE7, 0xF5, 0x48, 0x43, 0xF9, 0x2F, 0xA4, 0x84, 0x8F, 0x40, 0xCE, 0x40,
  0xD0, 0xE2, 0x81, 0x7F, 0x52, 0x81, 0x3F, 0x92, 0x81, 0x1F, 0xA2, 0x81, 0x8F, 0x33, 0x0B, 0x0E,
  0x20, 0x0D, 0x48, 0x46, 0xF5, 0x3F, 0x84, 0x84, 0x1F, 0xA8, 0xF3, 0x58, 0x2B, 0xEC, 0xD6, 0x05,
  0xA0, 0x77, 0xA0, 0x23,
  // "W" (U+0057), RLE, 3 bytes saved (3.1%)
  0x81, 0xBF, 0x13, 0x81, 0x4F, 0xB4, 0x84, 0x8F, 0x37, 0xF5, 0x30, 0x9A, 0x48, 0x4C, 0xE0, 0x3F,
  0x93, 0x82, 0xDD, 0xF4, 0x39, 0x0B, 0x20, 0xE0, 0xC2, 0x83, 0x2F, 0x7F, 0x92, 0x81, 0x4F, 0x72,
  0x87, 0xBF, 0x10, 0x6F, 0x3B, 0xD2, 0x81, 0x8F, 0x32, 0x89, 0x37, 0xF4, 0x0A, 0xE0, 0x7F, 0x20,
  0xCE, 0x38, 0x93, 0x3F, 0x80, 0xEA, 0x02, 0xF7, 0x0F, 0xA4, 0x83, 0xEC, 0x3F, 0x52, 0x83, 0xDB,
  0x4F, 0x64, 0x83, 0xAF, 0x7F, 0x12, 0x83, 0x9E, 0x7F, 0x24, 0x82, 0x6F, 0xCC, 0x38, 0x25, 0xFC,
  0xE5, 0x02, 0xA0, 0x83, 0x01, 0xA0, 0xA6, 0x81, 0xEF, 0x34, 0x81, 0xBF, 0x63,
  // "X" (U+0058), RLE, 6 bytes saved (10.0%)
  0x81, 0x6F, 0x84, 0x85, 0x7F, 0x60, 0xBF, 0x22, 0x81, 0x1E, 0xC2, 0x81, 0x2F, 0xB2, 0x81, 0xAF,
  0x23, 0x84, 0x7F, 0x54, 0xF8, 0x58, 0x00, 0xD6, 0x04, 0xA0, 0x46, 0x07, 0xA0, 0x75, 0x84, 0x2F,
  0xAB, 0xF2, 0x48, 0x4B, 0xE1, 0x2F, 0xB3, 0x81, 0x5F, 0x72, 0x85, 0x8F, 0x60, 0x1E, 0xD4, 0x84,
  0xDE, 0x19, 0xF4, 0x48, 0x14, 0xFA,
  // "Y" (U+0059), RLE, 12 bytes saved (20.0%)
  0x81, 0xBF, 0x34, 0x84, 0x8F, 0x53, 0xFB, 0x38, 0x11, 0xFC, 0x28, 0x1A, 0xF3, 0x28, 0x19, 0xF4,
  0x28, 0x52, 0xFB, 0x02, 0xFB, 0x48, 0x49, 0xF4, 0xAF, 0x34, 0x83, 0x2F, 0xDF, 0xA6, 0x09, 0xA0,
  0x26, 0x81, 0x2F, 0xB7, 0x81, 0x1F, 0xA7, 0x81, 0x1F, 0xA7, 0x81, 0x1F, 0xA7, 0x81, 0x1F, 0xA4,
  // "Z" (U+005A), RLE, 15 bytes saved (27.8%)
  0x03, 0xF0, 0xB0, 0x18, 0x01, 0x68, 0x1B, 0xF8, 0x58, 0x12, 0xED, 0x68, 0x1B, 0xF4, 0x58, 0x15,
  0xF9, 0x58, 0x21, 0xEE, 0x15, 0x81, 0xAF, 0x55, 0x81, 0x4F, 0xA6, 0x81, 0xDE, 0x15, 0x81, 0x9F,
  0x55, 0x81, 0x3F, 0xE8, 0x03, 0x6F, 0x0D,
  // "[" (U+005B), uncompressed
  0xBF, 0xFF, 0xBE, 0x66, 0xBD, 0x00, 0xBD, 0x00, 0xBD, 0x00, 0xBD, 0x00, 0xBD, 0x00, 0xBD, 0x00,
  0xBD, 0x00, 0xBD, 0x00, 0xBD, 0x00, 0xBD, 0x00, 0xBE, 0x11, 0xBF, 0xFF, 0x34, 0x44,
  // "\" (U+005C), RLE, 3 bytes saved (8.3%)
  0x0A, 0x0E, 0x48, 0x14, 0xF5, 0x40, 0xE0, 0xB4, 0x81, 0x8F, 0x13, 0x81, 0x3F, 0x64, 0x0D, 0x0C,
  0x48, 0x17, 0xF2, 0x38, 0x11, 0xF8, 0x40, 0xB0, 0xD4, 0x81, 0x5F, 0x44, 0x0E, 0x0A, 0x40, 0xA0,
  0xE0,
  // "]" (U+005D), uncompressed
  0x9F, 0xFF, 0x24, 0x6A, 0xF2, 0x00, 0x7F, 0x20, 0x07, 0xF2, 0x00, 0x7F, 0x20, 0x07, 0xF2, 0x00,
  0x7F, 0x20, 0x07, 0xF2, 0x00, 0x7F, 0x20, 0x07, 0xF2, 0x00, 0x7F, 0x20, 0x07, 0xF2, 0x11, 0x8F,
  0x29, 0xFF, 0xF2, 0x24, 0x44, 0x00,
  // "^" (U+005E), RLE, 4 bytes saved (11.1%)
  0x40, 0x77, 0x81, 0x6F, 0x76, 0x82, 0xDC, 0xE1, 0x48, 0x35, 0xE1, 0xD8, 0x48, 0x4C, 0x90, 0x5E,
  0x12, 0x81, 0x4F, 0x22, 0x0D, 0x08, 0x20, 0xB0, 0xA3, 0x84, 0x5F, 0x13, 0xF3, 0x40, 0xD0, 0x90,
  // "_" (U+005F), RLE, 5 bytes saved (41.7%)
  0x80, 0x31, 0x1F, 0x02, 0x80, 0x34, 0x10,
  // "`" (U+0060), uncompressed
  0x27, 0x60, 0x00, 0x8F, 0x50, 0x00, 0x6E, 0x20,
  // "a" (U+0061), RLE, 1 byte saved (2.4%)
  0x18, 0x51, 0x7C, 0xEE, 0xA2, 0x28, 0x51, 0xEA, 0x79, 0xFC, 0x78, 0x1B, 0xF1, 0x48, 0x61, 0x19,
  0xF2, 0x03, 0xCD, 0x89, 0x32, 0x1E, 0xF8, 0x54, 0xBF, 0x23, 0xF9, 0x38, 0xA3, 0xBF, 0x21, 0xEE,
  0x77, 0xCD, 0xF2, 0x04, 0xCF, 0xD7, 0x3F, 0x20,
  // "b" (U+0062), RLE, 2 bytes saved (3.7%)
  0x81, 0x9F, 0x16, 0x81, 0x9F, 0x16, 0x81, 0x9F, 0x16, 0x85, 0x9F, 0x3B, 0xEE, 0x82, 0x89, 0x29,
  0xFE, 0x97, 0xCF, 0x90, 0x9F, 0x73, 0x84, 0xCF, 0x19, 0xF3, 0x38, 0x48, 0xF4, 0x9F, 0x23, 0x84,
  0x7F, 0x59, 0xF3, 0x38, 0x48, 0xF4, 0x9F, 0x83, 0x8A, 0x1D, 0xF1, 0x9F, 0xE9, 0x7C, 0xF9, 0x09,
  0xC3, 0xCF, 0xE8, 0x20,
  // "c" (U+0063), RLE, 4 bytes saved (11.1%)
  0x28, 0xA0, 0x3B, 0xEE, 0xC4, 0x04, 0xFE, 0x87, 0xB3, 0x0C, 0xF2, 0x59, 0x0C, 0x58, 0x11, 0xFA,
  0x58, 0x11, 0xFB, 0x68, 0x1D, 0xF2, 0x58, 0x55, 0xFE, 0x87, 0xA5, 0x20, 0x40, 0xCA, 0x0C, 0x03,
  // "d" (U+0064), RLE, 6 bytes saved (11.1%)
  0x70, 0x0D, 0x70, 0x0D, 0x70, 0x0D, 0x28, 0xA2, 0x6D, 0xFC, 0x4D, 0xD0, 0x6F, 0xD7, 0x8E, 0xED,
  0x0D, 0xF2, 0x28, 0x43, 0xFD, 0x1F, 0xC4, 0x83, 0xED, 0x1F, 0xA4, 0x83, 0xDD, 0x1F, 0xB4, 0x84,
  0xED, 0x0D, 0xF1, 0x28, 0x92, 0x3F, 0xD0, 0x6F, 0xD7, 0x8D, 0xED, 0x28, 0x56, 0xDF, 0xC4, 0x9D,
  // "e" (U+0065), uncompressed
  0x00, 0x3B, 0xEE, 0x91, 0x00, 0x3F, 0xD7, 0x9F, 0xC0, 0x0C, 0xF2, 0x00, 0x7F, 0x50, 0xFC, 0x11,
  0x14, 0xF8, 0x1F, 0xFF, 0xFF, 0xFF, 0x90, 0xFC, 0x44, 0x44, 0x43, 0x0C, 0xE1, 0x00, 0x00, 0x00,
  0x3F, 0xE8, 0x78, 0xB2, 0x00, 0x3A, 0xEF, 0xE9, 0x10,
  // "f" (U+0066), RLE, 2 bytes saved (4.8%)
  0x28, 0x34, 0xCE, 0xE5, 0x29, 0x86, 0xE7, 0x72, 0x03, 0xF8, 0x30, 0x60, 0xDB, 0x86, 0xA0, 0x58,
  0xFB, 0x64, 0x28, 0x13, 0xF8, 0x48, 0x13, 0xF8, 0x48, 0x13, 0xF8, 0x48, 0x13, 0xF8, 0x48, 0x13,
  0xF8, 0x48, 0x13, 0xF8, 0x48, 0x13, 0xF8, 0x30,
  // "g" (U+0067), RLE, 2 bytes saved (3.4%)
  0x28, 0xA2, 0x6D, 0xFC, 0x49, 0xD0, 0x5F, 0xD7, 0x8E, 0xED, 0x0C, 0xF1, 0x28, 0x43, 0xFD, 0x0F,
  0xB4, 0x83, 0xED, 0x1F, 0xA4, 0x83, 0xCD, 0x0F, 0xB4, 0x84, 0xDD, 0x0C, 0xF1, 0x28, 0x92, 0x2F,
  0xD0, 0x5F, 0xD7, 0x8D, 0xED, 0x28, 0x56, 0xDF, 0xC4, 0xDD, 0x70, 0xE0, 0xC6, 0x8A, 0x23, 0xFA,
  0x07, 0xC8, 0x78, 0xEF, 0x30, 0x4B, 0xEF, 0xEB, 0x41,
  // "h" (U+0068), RLE, 3 bytes saved (5.6%)
  0x81, 0x9F, 0x16, 0x81, 0x9F, 0x16, 0x81, 0x9F, 0x16, 0x8A, 0x39, 0xF3, 0xBE, 0xE9, 0x10, 0x9F,
  0xDA, 0x7B, 0xFA, 0x09, 0xF8, 0x38, 0x4D, 0xE0, 0x9F, 0x33, 0x84, 0xAF, 0x19, 0xF2, 0x38, 0x4A,
  0xF1, 0x9F, 0x13, 0x84, 0xAF, 0x19, 0xF1, 0x38, 0x4A, 0xF1, 0x9F, 0x13, 0x84, 0xAF, 0x19, 0xF1,
  0x38, 0x1A, 0xF1,
  // "i" (U+0069), uncompressed
  0x9E, 0x22, 0x50, 0x00, 0x09, 0xF1, 0x9F, 0x19, 0xF1, 0x9F, 0x19, 0xF1, 0x9F, 0x19, 0xF1, 0x9F,
  0x19, 0xF1,
  // "j" (U+006A), uncompressed
  0x00, 0x9E, 0x20, 0x02, 0x50, 0x00, 0x00, 0x00, 0x09, 0xF1, 0x00, 0x9F, 0x10, 0x09, 0xF1, 0x00,
  0x9F, 0x10, 0x09, 0xF1, 0x00, 0x9F, 0x10, 0x09, 0xF1, 0x00, 0x9F, 0x10, 0x09, 0xF1, 0x00, 0x9F,
  0x10, 0x0A, 0xF1, 0x77, 0xFD, 0x0D, 0xFC, 0x30,
  // "k" (U+006B), uncompressed
  0x9F, 0x10, 0x00, 0x00, 0x9F, 0x10, 0x00, 0x00, 0x9F, 0x10, 0x00, 0x00, 0x9F, 0x10, 0x09, 0xF6,
  0x9F, 0x10, 0x8F, 0x70, 0x9F, 0x16, 0xF9, 0x00, 0x9F, 0x5F, 0xA0, 0x00, 0x9F, 0xEF, 0xB0, 0x00,
  0x9F, 0x87, 0xF8, 0x00, 0x9F, 0x10, 0xBF, 0x40, 0x9F, 0x10, 0x1E, 0xE1, 0x9F, 0x10, 0x04, 0xFB,
  // "l" (U+006C), uncompressed
  0x9F, 0x19, 0xF1, 0x9F, 0x19, 0xF1, 0x9F, 0x19, 0xF1, 0x9F, 0x19, 0xF1, 0x9F, 0x19, 0xF1, 0x9F,
  0x19, 0xF1,
  // "m" (U+006D), RLE, 1 byte saved (1.6%)
  0x8B, 0x59, 0xD2, 0xBF, 0xE8, 0x07, 0xDE, 0xC3, 0x09, 0xFE, 0x97, 0xDF, 0xCD, 0x88, 0xFE, 0x19,
  0xF8, 0x20, 0x2A, 0x01, 0x28, 0x48, 0xF4, 0x9F, 0x33, 0x90, 0xC3, 0x84, 0x6F, 0x59, 0xF2, 0x39,
  0x0B, 0x38, 0x46, 0xF5, 0x9F, 0x13, 0x90, 0xB3, 0x84, 0x6F, 0x59, 0xF1, 0x39, 0x0B, 0x38, 0x46,
  0xF5, 0x9F, 0x13, 0x90, 0xB3, 0x84, 0x6F, 0x59, 0xF1, 0x39, 0x0B, 0x38, 0x16, 0xF5,
  // "n" (U+006E), uncompressed
  0x9D, 0x2B, 0xEE, 0x91, 0x09, 0xFE, 0xA7, 0xBF, 0xA0, 0x9F, 0x80, 0x00, 0xDE, 0x09, 0xF3, 0x00,
  0x0A, 0xF1, 0x9F, 0x20, 0x00, 0xAF, 0x19, 0xF1, 0x00, 0x0A, 0xF1, 0x9F, 0x10, 0x00, 0xAF, 0x19,
  0xF1, 0x00, 0x0A, 0xF1, 0x9F, 0x10, 0x00, 0xAF, 0x10,
  // "o" (U+006F), uncompressed
  0x00, 0x3B, 0xEE, 0xB3, 0x00, 0x04, 0xFD, 0x88, 0xDF, 0x40, 0x0C, 0xF2, 0x00, 0x1F, 0xC0, 0x0F,
  0xB0, 0x00, 0x0B, 0xF1, 0x1F, 0xA0, 0x00, 0x09, 0xF2, 0x0F, 0xC0, 0x00, 0x0B, 0xF1, 0x0B, 0xF2,
  0x00, 0x1F, 0xD0, 0x03, 0xFE, 0x88, 0xDF, 0x40, 0x00, 0x3B, 0xEE, 0xB4, 0x00,
  // "p" (U+0070), RLE, 4 bytes saved (6.8%)
  0x85, 0x9D, 0x1B, 0xEE, 0x82, 0x89, 0x29, 0xFD, 0x97, 0xCF, 0x90, 0x9F, 0x73, 0x84, 0xDF, 0x19,
  0xF3, 0x38, 0x48, 0xF4, 0x9F, 0x23, 0x84, 0x7F, 0x59, 0xF3, 0x38, 0x48, 0xF4, 0x9F, 0x83, 0x8A,
  0x1D, 0xF1, 0x9F, 0xE9, 0x7C, 0xF9, 0x09, 0xF3, 0xBF, 0xE8, 0x28, 0x19, 0xF1, 0x68, 0x19, 0xF1,
  0x68, 0x19, 0xF1, 0x68, 0x19, 0xF1, 0x60,
  // "q" (U+0071), RLE, 9 bytes saved (15.3%)
  0x28, 0xA2, 0x6D, 0xFC, 0x49, 0xD0, 0x5F, 0xD7, 0x8E, 0xED, 0x0D, 0xF2, 0x28, 0x44, 0xFD, 0x1F,
  0xC4, 0x83, 0xED, 0x1F, 0xA4, 0x83, 0xDD, 0x1F, 0xB4, 0x84, 0xED, 0x0D, 0xF1, 0x28, 0x92, 0x3F,
  0xD0, 0x6F, 0xD7, 0x8D, 0xED, 0x28, 0x56, 0xDF, 0xC4, 0xDD, 0x70, 0x0D, 0x70, 0x0D, 0x70, 0x0D,
  0x70, 0x0D,
  // "r" (U+0072), uncompressed
  0x9C, 0x0A, 0xEA, 0x9E, 0xCB, 0x74, 0x9F, 0xA0, 0x00, 0x9F, 0x30, 0x00, 0x9F, 0x10, 0x00, 0x9F,
  0x10, 0x00, 0x9F, 0x10, 0x00, 0x9F, 0x10, 0x00, 0x9F, 0x10, 0x00,
  // "s" (U+0073), RLE, 2 bytes saved (5.6%)
  0x18, 0x43, 0xBE, 0xED, 0x82, 0x89, 0x0E, 0xE8, 0x7A, 0xB0, 0x2F, 0x96, 0x82, 0xCF, 0x93, 0x58,
  0x37, 0xDF, 0xB3, 0x58, 0x25, 0xDE, 0x15, 0x8A, 0x07, 0xF3, 0x2D, 0x97, 0x8E, 0xE0, 0x1A, 0xEF,
  0xEA, 0x21,
  // "t" (U+0074), uncompressed
  0x00, 0xE4, 0x00, 0x04, 0xF4, 0x00, 0x6E, 0xFF, 0xFC, 0x4A, 0xF9, 0x65, 0x07, 0xF4, 0x00, 0x07,
  0xF4, 0x00, 0x07, 0xF4, 0x00, 0x07, 0xF4, 0x00, 0x06, 0xF5, 0x00, 0x04, 0xFD, 0x77, 0x00, 0x7D,
  0xFB,
  // "u" (U+0075), RLE, 1 byte saved (2.8%)
  0x0B, 0x94, 0x81, 0xBF, 0xB9, 0x48, 0x1B, 0xFB, 0x94, 0x81, 0xBF, 0xB9, 0x48, 0x1B, 0xFB, 0x94,
  0x81, 0xBF, 0xB9, 0x48, 0x3C, 0xF9, 0xF2, 0x20, 0x1A, 0x84, 0x5F, 0xC5, 0x5C, 0xA1, 0x84, 0x7D,
  0xFD, 0x77, 0x90,
  // "v" (U+0076), RLE, 2 bytes saved (4.9%)
  0x0C, 0x0E, 0x48, 0x45, 0xF7, 0x6F, 0x53, 0x84, 0xAF, 0x11, 0xFB, 0x28, 0x11, 0xFB, 0x28, 0x5A,
  0xF1, 0x06, 0xF5, 0x28, 0x45, 0xF6, 0x0B, 0xE4, 0x83, 0xEC, 0x1F, 0x94, 0x83, 0x8F, 0x7F, 0x34,
  0x82, 0x3F, 0xED, 0x68, 0x1C, 0xF7, 0x30,
  // "w" (U+0077), uncompressed
  0xAF, 0x10, 0x06, 0xFB, 0x00, 0x0B, 0xF6, 0xF5, 0x00, 0xBE, 0xF1, 0x00, 0xFB, 0x2F, 0x90, 0x0F,
  0x8F, 0x50, 0x4F, 0x60, 0xDD, 0x04, 0xF2, 0xD9, 0x08, 0xF2, 0x09, 0xF1, 0x9E, 0x09, 0xE0, 0xCD,
  0x00, 0x4F, 0x5D, 0x90, 0x5F, 0x3F, 0x90, 0x00, 0xF9, 0xF5, 0x01, 0xFA, 0xF5, 0x00, 0x0B, 0xEF,
  0x00, 0x0C, 0xEF, 0x10, 0x00, 0x7F, 0xB0, 0x00, 0x7F, 0xC0, 0x00,
  // "x" (U+0078), uncompressed
  0x4F, 0xA0, 0x00, 0xBF, 0x30, 0x9F, 0x50, 0x5F, 0x80, 0x00, 0xDE, 0x2E, 0xC0, 0x00, 0x03, 0xFE,
  0xF3, 0x00, 0x00, 0x0B, 0xFB, 0x00, 0x00, 0x05, 0xFD, 0xF4, 0x00, 0x01, 0xED, 0x1D, 0xE1, 0x00,
  0xBF, 0x30, 0x3F, 0xA0, 0x6F, 0x80, 0x00, 0x9F, 0x60,
  // "y" (U+0079), RLE, 6 bytes saved (10.2%)
  0x81, 0xCF, 0x13, 0x84, 0x5F, 0x76, 0xF6, 0x38, 0x4A, 0xF2, 0x0E, 0xC2, 0x81, 0x1F, 0xB2, 0x85,
  0x9F, 0x20, 0x6F, 0x62, 0x84, 0x3F, 0x80, 0xBE, 0x48, 0x3C, 0xD1, 0xFA, 0x48, 0x36, 0xF8, 0xF4,
  0x48, 0x21, 0xEE, 0xD6, 0x81, 0x9F, 0x86, 0x81, 0x9F, 0x25, 0x81, 0x1E, 0xB4, 0x83, 0x47, 0xDF,
  0x34, 0x82, 0xAF, 0xC4, 0x50,
  // "z" (U+007A), RLE, 7 bytes saved (19.4%)
  0x02, 0xE8, 0x61, 0x06, 0x66, 0x7F, 0xE5, 0x81, 0x9F, 0x44, 0x81, 0x4F, 0x84, 0x81, 0x1E, 0xC5,
  0x81, 0xBE, 0x24, 0x81, 0x7F, 0x64, 0x87, 0x2F, 0xE6, 0x66, 0x61, 0x6E, 0x03,
  // "{" (U+007B), uncompressed
  0x00, 0x06, 0xDB, 0x00, 0x4F, 0xC5, 0x00, 0x8F, 0x20, 0x00, 0x9F, 0x10, 0x00, 0x9F, 0x10, 0x00,
  0x9F, 0x00, 0x15, 0xEC, 0x00, 0x9F, 0xB1, 0x00, 0x37, 0xFB, 0x00, 0x00, 0x9F, 0x00, 0x00, 0x9F,
  0x10, 0x00, 0x9F, 0x10, 0x00, 0x7F, 0x81, 0x00, 0x1C, 0xFC, 0x00, 0x00, 0x23,
  // "|" (U+007C), uncompressed
  0x2F, 0x32, 0xF3, 0x2F, 0x32, 0xF3, 0x2F, 0x32, 0xF3, 0x2F, 0x32, 0xF3, 0x2F, 0x32, 0xF3, 0x2F,
  0x32, 0xF3, 0x2F, 0x32, 0xF3, 0x2F, 0x32, 0xF3,
  // "}" (U+007D), RLE, 1 byte saved (2.2%)
  0x82, 0x6D, 0x91, 0x28, 0x23, 0x9F, 0x94, 0x0C, 0x0D, 0x40, 0xB0, 0xE4, 0x0B, 0x0E, 0x40, 0xA0,
  0xE4, 0x82, 0x6F, 0x82, 0x38, 0x17, 0xFE, 0x28, 0x26, 0xFA, 0x52, 0x0A, 0x0E, 0x40, 0xB0, 0xE4,
  0x0B, 0x0E, 0x28, 0x21, 0x4E, 0xC2, 0x82, 0x6F, 0xE4, 0x20, 0x10, 0x34,
  // "~" (U+007E), RLE, 2 bytes saved (11.1%)
  0x20, 0x16, 0x01, 0x0B, 0xA8, 0x90, 0xB6, 0x25, 0x83, 0xB5, 0x7C, 0xB0, 0x65, 0x81, 0x24, 0x11,
  // "¡" (U+00A1), uncompressed
  0x9E, 0x2B, 0xF3, 0x01, 0x00, 0x00, 0x6D, 0x07, 0xE0, 0x8F, 0x08, 0xF0, 0x9F, 0x1A, 0xF2, 0xBF,
  0x3C, 0xF3,
  // "¢" (U+00A2), RLE, 3 bytes saved (7.1%)
  0x30, 0x50, 0xD3, 0x01, 0x0A, 0xB8, 0x91, 0xC0, 0xCF, 0x95, 0x78, 0x4F, 0x94, 0x81, 0x7F, 0x44,
  0x81, 0x8F, 0x34, 0x81, 0x8F, 0x44, 0x81, 0x5F, 0x74, 0x89, 0x01, 0xEE, 0x62, 0x37, 0x03, 0xDB,
  0x0D, 0x38, 0x16, 0xD3, 0x40, 0x50, 0xD2,
  // "£" (U+00A3), RLE, 13 bytes saved (24.1%)
  0x38, 0x45, 0xCE, 0xDA, 0x32, 0x85, 0x4F, 0xC7, 0x9E, 0x32, 0x81, 0xAF, 0x16, 0x0D, 0x0E, 0x70,
  0x0D, 0x68, 0x11, 0xDE, 0x0F, 0x12, 0x06, 0xE8, 0x42, 0x01, 0x4E, 0xE0, 0xF4, 0x40, 0x0D, 0x68,
  0x11, 0xFB, 0x58, 0x22, 0xCF, 0x88, 0x02, 0x6F, 0x0E,
  // "¤" (U+00A4), uncompressed
  0x20, 0x00, 0x00, 0x30, 0xCC, 0xAE, 0xC9, 0xF3, 0x3F, 0xD7, 0xAF, 0x90, 0x5E, 0x00, 0x08, 0xC0,
  0x6D, 0x00, 0x06, 0xD0, 0x2F, 0x83, 0x5E, 0x90, 0xAE, 0xEF, 0xFD, 0xE2, 0x63, 0x14, 0x20, 0x80,
  // "¥" (U+00A5), RLE, 3 bytes saved (5.6%)
  0x81, 0x8F, 0x44, 0x83, 0xCD, 0x1E, 0xB3, 0x85, 0x5F, 0x60, 0x7F, 0x32, 0x00, 0xC3, 0x84, 0xDB,
  0x04, 0xF4, 0x38, 0x35, 0xF3, 0xCB, 0x48, 0x42, 0xDD, 0xF4, 0x12, 0x07, 0xD0, 0xD2, 0x85, 0x24,
  0x6F, 0xA4, 0x43, 0x84, 0x13, 0xF9, 0x11, 0x20, 0x7D, 0x0D, 0x28, 0x52, 0x46, 0xFA, 0x44, 0x48,
  0x12, 0xF8, 0x30,
  // "¦" (U+00A6), RLE, 2 bytes saved (8.3%)
  0x8A, 0x02, 0xF3, 0x2F, 0x32, 0xF3, 0x2F, 0x32, 0xF3, 0x2F, 0x37, 0x58, 0xA0, 0x2F, 0x32, 0xF3,
  0x2F, 0x32, 0xF3, 0x2F, 0x32, 0xF3,
  // "§" (U+00A7), uncompressed
  0x01, 0xAE, 0xFD, 0x80, 0x0B, 0xE8, 0x79, 0xC0, 0x0C, 0xC0, 0x00, 0x00, 0x05, 0xFD, 0x71, 0x00,
  0x05, 0xE9, 0xCF, 0x70, 0x0D, 0x80, 0x06, 0xF3, 0x0B, 0xD2, 0x03, 0xF3, 0x01, 0xAF, 0xBD, 0x90,
  0x00, 0x01, 0x7E, 0xC0, 0x00, 0x00, 0x05, 0xF4, 0x1D, 0x97, 0x7D, 0xE1, 0x08, 0xDF, 0xEB, 0x30,
  // "¨" (U+00A8), uncompressed
  0x7F, 0x15, 0xF3, 0x13, 0x00, 0x30,
  // "©" (U+00A9), RLE, 6 bytes saved (6.6%)
  0x60, 0x01, 0x71, 0x81, 0x29, 0xEA, 0x0D, 0x07, 0x58, 0x90, 0x4E, 0xD7, 0x55, 0x9E, 0xC1, 0x28,
  0x12, 0xE7, 0x38, 0x31, 0x01, 0xBC, 0x28, 0x3A, 0x90, 0x1A, 0xA0, 0xC2, 0x89, 0x1D, 0x50, 0xE1,
  0x0A, 0xE7, 0x58, 0x28, 0x26, 0xB2, 0xD2, 0x90, 0x55, 0x86, 0x2D, 0x2D, 0x02, 0xF2, 0x58, 0x22,
  0xD0, 0xE2, 0x90, 0x45, 0x89, 0x15, 0xB0, 0xB7, 0x0B, 0xC3, 0x24, 0x28, 0x6B, 0x70, 0x4F, 0x53,
  0xEA, 0x83, 0xD0, 0x8E, 0x12, 0x89, 0x07, 0xFA, 0x56, 0x66, 0xCE, 0x44, 0x05, 0x0D, 0xC0, 0xB0,
  0x27, 0x82, 0x24, 0x31, 0x40,
  // "ª" (U+00AA), uncompressed
  0x0B, 0xDE, 0x90, 0x01, 0x01, 0xF2, 0x1B, 0xDD, 0xF3, 0x7C, 0x01, 0xF3, 0x2D, 0xD9, 0xC3,
  // "«" (U+00AB), uncompressed
  0x00, 0x0A, 0x40, 0x5A, 0x00, 0x0A, 0xE3, 0x3E, 0xA0, 0x07, 0xF5, 0x1D, 0xC0, 0x03, 0xFA, 0x0A,
  0xF2, 0x00, 0x0A, 0xF3, 0x3F, 0xA0, 0x00, 0x0C, 0xD1, 0x5F, 0x80, 0x00, 0x1D, 0x60, 0x7D, 0x10,
  // "¬" (U+00AC), RLE, 9 bytes saved (33.3%)
  0x18, 0x04, 0x10, 0x3F, 0x09, 0x01, 0x80, 0x24, 0x0C, 0x09, 0x70, 0xB0, 0x97, 0x0B, 0x09, 0x70,
  0x30, 0x20,
  // "®" (U+00AE), RLE, 2 bytes saved (2.2%)
  0x60, 0x01, 0x71, 0x81, 0x29, 0xEA, 0x0D, 0x07, 0x58, 0x90, 0x4E, 0xD7, 0x55, 0x9E, 0xC1, 0x28,
  0x42, 0xE7, 0x01, 0x12, 0x81, 0x1B, 0xC2, 0x82, 0xA9, 0x06, 0xB0, 0xA2, 0x89, 0x7D, 0x50, 0xE1,
  0x06, 0xE4, 0x7F, 0x30, 0x6B, 0x2D, 0x28, 0x91, 0x6D, 0x25, 0xF3, 0x02, 0xD2, 0xD2, 0x06, 0xB0,
  0x72, 0x82, 0x2D, 0x0E, 0x28, 0x36, 0xE5, 0xE7, 0x28, 0xA3, 0x5B, 0x0B, 0x70, 0x6D, 0x04, 0xF3,
  0x0B, 0x70, 0x4F, 0x53, 0x82, 0x83, 0x67, 0x8E, 0x12, 0x89, 0x07, 0xFA, 0x42, 0x26, 0xCE, 0x44,
  0x05, 0x0D, 0xC0, 0xB0, 0x27, 0x82, 0x24, 0x31, 0x40,
  // "¯" (U+00AF), RLE, 7 bytes saved (50.0%)
  0x80, 0x41, 0x1F, 0x98, 0x05, 0x40, 0x10,
  // "°" (U+00B0), RLE, 1 byte saved (4.0%)
  0x30, 0x14, 0x83, 0x4D, 0xFE, 0x42, 0x87, 0xEA, 0x5A, 0xE0, 0x2F, 0x12, 0x98, 0x90, 0x20, 0xF8,
  0x27, 0xF1, 0x06, 0xB0, 0x63, 0x81, 0x14, 0x12,
  // "±" (U+00B1), RLE, 15 bytes saved (33.3%)
  0x49, 0x05, 0x79, 0x05, 0x40, 0xF1, 0x98, 0x37, 0x11, 0x13, 0xF8, 0x90, 0x91, 0x44, 0x4F, 0x84,
  0x42, 0x49, 0x05, 0x79, 0x05, 0x79, 0x05, 0x30, 0x18, 0x03, 0x60, 0x40, 0x3F, 0x09,
  // "²" (U+00B2), uncompressed
  0x1A, 0xFE, 0x70, 0x3A, 0x48, 0xF1, 0x00, 0x04, 0xF1, 0x00, 0x0C, 0x80, 0x01, 0xCA, 0x00, 0x1C,
  0x90, 0x00, 0x9F, 0xFF, 0xF3, 0x13, 0x33, 0x30,
  // "³" (U+00B3), uncompressed
  0x2B, 0xFE, 0x70, 0x38, 0x48, 0xF1, 0x00, 0x07, 0xE0, 0x09, 0xFF, 0x50, 0x01, 0x36, 0xF3, 0x42,
  0x03, 0xF4, 0x7F, 0xFF, 0xA0, 0x01, 0x21, 0x00,
  // "´" (U+00B4), uncompressed
  0x00, 0x67, 0x20, 0x5F, 0x80, 0x2E, 0x70, 0x00,
  // "µ" (U+00B5), RLE, 5 bytes saved (8.5%)
  0x81, 0x9F, 0x13, 0x84, 0xAF, 0x19, 0xF1, 0x38, 0x4A, 0xF1, 0x9F, 0x13, 0x84, 0xAF, 0x19, 0xF1,
  0x38, 0x4A, 0xF1, 0x9F, 0x13, 0x84, 0xAF, 0x19, 0xF2, 0x38, 0x4B, 0xF1, 0x9F, 0x42, 0x01, 0xA8,
  0xA4, 0x19, 0xFE, 0x78, 0xDE, 0xF1, 0x9F, 0x9E, 0xE8, 0x6F, 0x19, 0xF1, 0x68, 0x19, 0xF1, 0x68,
  0x19, 0xF1, 0x68, 0x19, 0xF1, 0x60,
  // "¶" (U+00B6), RLE, 10 bytes saved (13.3%)
  0x20, 0x70, 0xDD, 0x81, 0x20, 0x7C, 0x84, 0xB6, 0xE2, 0x0D, 0xC8, 0x28, 0x0E, 0x21, 0xD8, 0x38,
  0x0E, 0x21, 0xD8, 0x28, 0x0E, 0x21, 0xD8, 0x48, 0x0E, 0x20, 0xBC, 0x85, 0x80, 0xE2, 0x03, 0xEB,
  0x82, 0x80, 0xE2, 0x28, 0x61, 0x67, 0xB8, 0x0E, 0x25, 0x83, 0x88, 0x0E, 0x25, 0x83, 0x88, 0x0E,
  0x25, 0x83, 0x88, 0x0E, 0x25, 0x83, 0x88, 0x0E, 0x25, 0x83, 0x88, 0x0E, 0x25, 0x83, 0x77, 0x0C,
  0x20,
  // "·" (U+00B7), uncompressed
  0x01, 0x0B, 0xF3, 0x9D, 0x20,
  // "¸" (U+00B8), uncompressed
  0x0C, 0x30, 0x2C, 0xD2, 0x00, 0xF6, 0xDF, 0xC1, 0x10, 0x00,
  // "¹" (U+00B9), uncompressed
  0x01, 0xBF, 0x21, 0xEB, 0xF2, 0x04, 0x3F, 0x20, 0x03, 0xF2, 0x00, 0x3F, 0x20, 0x03, 0xF2, 0x00,
  0x3F, 0x20,
  // "º" (U+00BA), uncompressed
  0x07, 0xDD, 0xA0, 0x4E, 0x00, 0xB8, 0x6B, 0x00, 0x7B, 0x3E, 0x10, 0xB8, 0x06, 0xCD, 0x90,
  // "»" (U+00BB), uncompressed
  0x1A, 0x40, 0x5A, 0x00, 0x00, 0xBE, 0x24, 0xF9, 0x00, 0x01, 0xDD, 0x06, 0xF6, 0x00, 0x04, 0xF9,
  0x0B, 0xF1, 0x00, 0xBE, 0x24, 0xF9, 0x00, 0x9F, 0x42, 0xEB, 0x00, 0x1D, 0x60, 0x7D, 0x10, 0x00,
  // "¼" (U+00BC), RLE, 6 bytes saved (7.7%)
  0x10, 0x10, 0xC9, 0x48, 0x11, 0xE5, 0x28, 0x12, 0xEC, 0x94, 0x0A, 0x0C, 0x38, 0x11, 0x65, 0x93,
  0x81, 0x3F, 0x35, 0x05, 0x93, 0x0C, 0x09, 0x60, 0x59, 0x28, 0x16, 0xE1, 0x68, 0x90, 0x5F, 0x01,
  0xE6, 0x03, 0xF8, 0x38, 0x90, 0x5F, 0x08, 0xD0, 0x1C, 0xE8, 0x58, 0x62, 0xF4, 0x0B, 0x5D, 0x85,
  0x86, 0xBA, 0x08, 0x90, 0xD8, 0x48, 0x54, 0xF2, 0x0F, 0xEE, 0xA0, 0x83, 0x0D, 0x08, 0x20, 0xF1,
  0x81, 0xE9, 0x12, 0x07, 0x0D, 0x60, 0xD0, 0x81,
  // "½" (U+00BD), RLE, 4 bytes saved (5.1%)
  0x18, 0x14, 0xDD, 0x48, 0x16, 0xE1, 0x28, 0x25, 0xDA, 0xD3, 0x81, 0x1E, 0x55, 0x07, 0x0D, 0x30,
  0xA0, 0xB6, 0x07, 0x0D, 0x28, 0x14, 0xF2, 0x60, 0x70, 0xD2, 0x84, 0xD8, 0x7C, 0xE9, 0x38, 0x91,
  0x7D, 0x08, 0xD1, 0xC5, 0x4F, 0x62, 0x83, 0x7D, 0x2F, 0x44, 0x90, 0x54, 0x0B, 0x0A, 0x40, 0x90,
  0xC4, 0x81, 0x6E, 0x13, 0x81, 0x9C, 0x13, 0x81, 0x1E, 0x63, 0x83, 0x9D, 0x31, 0x12, 0x09, 0x0C,
  0x30, 0x4C, 0x08, 0x20, 0x40, 0x13, 0x84, 0x14, 0x44, 0x42,
  // "¾" (U+00BE), RLE, 2 bytes saved (2.6%)
  0x83, 0x2A, 0xDD, 0x74, 0x89, 0x05, 0xE1, 0x02, 0x72, 0x6F, 0x23, 0x0D, 0x07, 0x38, 0x31, 0x27,
  0xE1, 0x20, 0x80, 0xD4, 0x08, 0xA0, 0x62, 0x81, 0x2F, 0x54, 0x86, 0x25, 0x7F, 0x30, 0xAB, 0x48,
  0x94, 0x21, 0x02, 0xF5, 0x4F, 0x20, 0xBF, 0x07, 0xB8, 0x59, 0x0D, 0x90, 0x8B, 0x93, 0x01, 0x28,
  0x47, 0xE1, 0x4B, 0x69, 0x58, 0x51, 0xE6, 0x1D, 0x16, 0x95, 0x84, 0x9C, 0x08, 0xFE, 0xA0, 0xE3,
  0x89, 0x03, 0xF3, 0x01, 0x11, 0x7F, 0x23, 0x0C, 0x0A, 0x50, 0x69, 0x10,
  // "¿" (U+00BF), RLE, 8 bytes saved (19.0%)
  0x28, 0x11, 0xDC, 0x48, 0x11, 0xFE, 0x75, 0x00, 0x55, 0x0D, 0x0A, 0x48, 0x17, 0xF5, 0x38, 0x19,
  0xF8, 0x38, 0x17, 0xF7, 0x40, 0x0D, 0x50, 0xD0, 0xC5, 0x89, 0x48, 0xFA, 0x79, 0xD8, 0x08, 0xDF,
  0xDA, 0x40,
  // "À" (U+00C0), RLE, 26 bytes saved (29.5%)
  0x28, 0x12, 0x76, 0x72, 0x81, 0x8F, 0x57, 0x28, 0x16, 0xE2, 0x77, 0x58, 0x1B, 0xF7, 0x70, 0x1A,
  0x0D, 0x78, 0x37, 0xF8, 0xF3, 0x68, 0x3C, 0xD1, 0xF9, 0x58, 0x43, 0xF7, 0x0B, 0xE5, 0x85, 0x9F,
  0x20, 0x5F, 0x54, 0x0E, 0x0C, 0x39, 0x0B, 0x30, 0x5F, 0x01, 0x28, 0x93, 0xAF, 0x88, 0x88, 0xAF,
  0x70, 0x1F, 0xB5, 0x84, 0xED, 0x06, 0xF6, 0x58, 0x29, 0xF3, 0xC9, 0x68, 0x14, 0xF9,
  // "Á" (U+00C1), RLE, 27 bytes saved (30.7%)
  0x68, 0x16, 0x72, 0x78, 0x15, 0xF8, 0x78, 0x12, 0xE7, 0x77, 0x58, 0x1B, 0xF7, 0x70, 0x1A, 0x0D,
  0x78, 0x37, 0xF8, 0xF3, 0x68, 0x3C, 0xD1, 0xF9, 0x58, 0x43, 0xF7, 0x0B, 0xE5, 0x85, 0x9F, 0x20,
  0x5F, 0x54, 0x0E, 0x0C, 0x39, 0x0B, 0x30, 0x5F, 0x01, 0x28, 0x93, 0xAF, 0x88, 0x88, 0xAF, 0x70,
  0x1F, 0xB5, 0x84, 0xED, 0x06, 0xF6, 0x58, 0x29, 0xF3, 0xC9, 0x68, 0x14, 0xF9,
  // "Â" (U+00C2), RLE, 24 bytes saved (27.3%)
  0x48, 0x13, 0x76, 0x78, 0x32, 0xED, 0xF5, 0x58, 0x51, 0xD8, 0x05, 0xE5, 0x77, 0x38, 0x1B, 0xF7,
  0x70, 0x1A, 0x0D, 0x78, 0x37, 0xF8, 0xF3, 0x68, 0x3C, 0xD1, 0xF9, 0x58, 0x43, 0xF7, 0x0B, 0xE5,
  0x85, 0x9F, 0x20, 0x5F, 0x54, 0x0E, 0x0C, 0x39, 0x0B, 0x30, 0x5F, 0x01, 0x28, 0x93, 0xAF, 0x88,
  0x88, 0xAF, 0x70, 0x1F, 0xB5, 0x84, 0xED, 0x06, 0xF6, 0x58, 0x29, 0xF3, 0xC9, 0x68, 0x14, 0xF9,
  // "Ã" (U+00C3), RLE, 20 bytes saved (22.7%)
  0x40, 0x13, 0x01, 0x58, 0x49, 0xFC, 0x56, 0xB4, 0x82, 0x2E, 0x6B, 0xA0, 0x54, 0x01, 0x03, 0x20,
  0x02, 0x78, 0x1B, 0xF7, 0x70, 0x1A, 0x0D, 0x78, 0x37, 0xF8, 0xF3, 0x68, 0x3C, 0xD1, 0xF9, 0x58,
  0x43, 0xF7, 0x0B, 0xE5, 0x85, 0x9F, 0x20, 0x5F, 0x54, 0x0E, 0x0C, 0x39, 0x0B, 0x30, 0x5F, 0x01,
  0x28, 0x93, 0xAF, 0x88, 0x88, 0xAF, 0x70, 0x1F, 0xB5, 0x84, 0xED, 0x06, 0xF6, 0x58, 0x29, 0xF3,
  0xC9, 0x68, 0x14, 0xF9,
  // "Ä" (U+00C4), RLE, 22 bytes saved (26.5%)
  0x38, 0x47, 0xF1, 0x5F, 0x35, 0x01, 0x03, 0x20, 0x37, 0x74, 0x81, 0xBF, 0x77, 0x01, 0xA0, 0xD7,
  0x83, 0x7F, 0x8F, 0x36, 0x83, 0xCD, 0x1F, 0x95, 0x84, 0x3F, 0x70, 0xBE, 0x58, 0x59, 0xF2, 0x05,
  0xF5, 0x40, 0xE0, 0xC3, 0x90, 0xB3, 0x05, 0xF0, 0x12, 0x89, 0x3A, 0xF8, 0x88, 0x8A, 0xF7, 0x01,
  0xFB, 0x58, 0x4E, 0xD0, 0x6F, 0x65, 0x82, 0x9F, 0x3C, 0x96, 0x81, 0x4F, 0x90,
  // "Å" (U+00C5), RLE, 22 bytes saved (26.5%)
  0x50, 0x17, 0x28, 0x2C, 0xFD, 0x16, 0x83, 0x4D, 0x7D, 0x56, 0x01, 0xB0, 0x26, 0x01, 0xA0, 0xE7,
  0x83, 0x7F, 0x8F, 0x36, 0x83, 0xCD, 0x1F, 0x95, 0x84, 0x3F, 0x70, 0xBE, 0x58, 0x59, 0xF2, 0x05,
  0xF5, 0x40, 0xE0, 0xC3, 0x90, 0xB3, 0x05, 0xF0, 0x12, 0x89, 0x3A, 0xF8, 0x88, 0x8A, 0xF7, 0x01,
  0xFB, 0x58, 0x4E, 0xD0, 0x6F, 0x65, 0x82, 0x9F, 0x3C, 0x96, 0x81, 0x4F, 0x90,
  // "Æ" (U+00C6), RLE, 17 bytes saved (20.2%)
  0x50, 0xBF, 0x0D, 0x48, 0x43, 0xFA, 0xBF, 0x98, 0x00, 0x64, 0x84, 0xAE, 0x18, 0xF4, 0x78, 0x51,
  0xF9, 0x08, 0xF4, 0x78, 0x58, 0xF2, 0x08, 0xF5, 0x80, 0x01, 0x28, 0x11, 0xEA, 0x20, 0x8D, 0x09,
  0x28, 0x92, 0x7F, 0x51, 0x18, 0xF7, 0x44, 0x42, 0x20, 0xEE, 0x04, 0x58, 0x76, 0xF7, 0x44, 0x4A,
  0xF4, 0x50, 0x0D, 0x48, 0x18, 0xF4, 0x48, 0x15, 0xF7, 0x48, 0x90, 0x8F, 0x96, 0x66, 0x6C, 0xE1,
  0x40, 0x8D, 0x0D,
  // "Ç" (U+00C7), RLE, 23 bytes saved (29.9%)
  0x28, 0xA2, 0x29, 0xDF, 0xEB, 0x60, 0x5F, 0xE9, 0x79, 0xD8, 0x2E, 0xE2, 0x58, 0x18, 0xF6, 0x60,
  0xD9, 0x79, 0x0E, 0x79, 0x0E, 0x70, 0xD9, 0x78, 0x19, 0xF5, 0x68, 0x23, 0xFD, 0x16, 0x86, 0x7F,
  0xE9, 0x78, 0xA6, 0x28, 0x54, 0xBE, 0xFE, 0xC4, 0x40, 0xC0, 0x36, 0x82, 0x2C, 0xD2, 0x79, 0x06,
  0x58, 0x2D, 0xFC, 0x15, 0x01, 0x50,
  // "È" (U+00C8), RLE, 14 bytes saved (21.9%)
  0x18, 0x12, 0x76, 0x68, 0x18, 0xF5, 0x68, 0x16, 0xE2, 0x73, 0x06, 0xE8, 0x92, 0x36, 0xF9, 0x66,
  0x66, 0x16, 0xF5, 0x58, 0x16, 0xF5, 0x58, 0x76, 0xF6, 0x11, 0x11, 0x06, 0xD8, 0x93, 0xE0, 0x6F,
  0x84, 0x44, 0x40, 0x6F, 0x55, 0x81, 0x6F, 0x55, 0x81, 0x6F, 0x55, 0x87, 0x6F, 0x96, 0x66, 0x61,
  0x6E, 0x03,
  // "É" (U+00C9), RLE, 14 bytes saved (21.9%)
  0x48, 0x16, 0x72, 0x48, 0x15, 0xF8, 0x48, 0x12, 0xE7, 0x74, 0x06, 0xE8, 0x92, 0x36, 0xF9, 0x66,
  0x66, 0x16, 0xF5, 0x58, 0x16, 0xF5, 0x58, 0x76, 0xF6, 0x11, 0x11, 0x06, 0xD8, 0x93, 0xE0, 0x6F,
  0x84, 0x44, 0x40, 0x6F, 0x55, 0x81, 0x6F, 0x55, 0x81, 0x6F, 0x55, 0x87, 0x6F, 0x96, 0x66, 0x61,
  0x6E, 0x03,
  // "Ê" (U+00CA), RLE, 11 bytes saved (17.2%)
  0x28, 0x13, 0x76, 0x48, 0x32, 0xED, 0xF5, 0x28, 0x51, 0xD8, 0x05, 0xE5, 0x72, 0x06, 0xE8, 0x92,
  0x36, 0xF9, 0x66, 0x66, 0x16, 0xF5, 0x58, 0x16, 0xF5, 0x58, 0x76, 0xF6, 0x11, 0x11, 0x06, 0xD8,
  0x93, 0xE0, 0x6F, 0x84, 0x44, 0x40, 0x6F, 0x55, 0x81, 0x6F, 0x55, 0x81, 0x6F, 0x55, 0x87, 0x6F,
  0x96, 0x66, 0x61, 0x6E, 0x03,
  // "Ë" (U+00CB), RLE, 10 bytes saved (16.7%)
  0x18, 0x47, 0xF1, 0x5F, 0x32, 0x01, 0x03, 0x20, 0x37, 0x30, 0x6E, 0x89, 0x23, 0x6F, 0x96, 0x66,
  0x61, 0x6F, 0x55, 0x81, 0x6F, 0x55, 0x87, 0x6F, 0x61, 0x11, 0x10, 0x6D, 0x89, 0x3E, 0x06, 0xF8,
  0x44, 0x44, 0x06, 0xF5, 0x58, 0x16, 0xF5, 0x58, 0x16, 0xF5, 0x58, 0x76, 0xF9, 0x66, 0x66, 0x16,
  0xE0, 0x30,
  // "Ì" (U+00CC), RLE, 11 bytes saved (22.9%)
  0x81, 0x27, 0x64, 0x81, 0x8F, 0x54, 0x81, 0x6E, 0x27, 0x05, 0xC8, 0x43, 0x16, 0xFE, 0x53, 0x90,
  0xC4, 0x90, 0xC4, 0x90, 0xC4, 0x90, 0xC4, 0x90, 0xC4, 0x90, 0xC4, 0x90, 0xC4, 0x90, 0xC3, 0x84,
  0x4F, 0xD3, 0x05, 0xC0, 0x30,
  // "Í" (U+00CD), RLE, 10 bytes saved (20.8%)
  0x38, 0x16, 0x72, 0x28, 0x15, 0xF8, 0x28, 0x12, 0xE7, 0x71, 0x05, 0xC8, 0x43, 0x16, 0xFE, 0x53,
  0x90, 0xC4, 0x90, 0xC4, 0x90, 0xC4, 0x90, 0xC4, 0x90, 0xC4, 0x90, 0xC4, 0x90, 0xC4, 0x90, 0xC3,
  0x84, 0x4F, 0xD3, 0x05, 0xC0, 0x30,
  // "Î" (U+00CE), RLE, 15 bytes saved (26.8%)
  0x28, 0x13, 0x76, 0x38, 0x93, 0x2E, 0xDF, 0x50, 0x1D, 0x80, 0x5E, 0x57, 0x10, 0x5C, 0x85, 0x30,
  0x16, 0xFE, 0x54, 0x90, 0xC5, 0x90, 0xC5, 0x90, 0xC5, 0x90, 0xC5, 0x90, 0xC5, 0x90, 0xC5, 0x90,
  0xC5, 0x90, 0xC4, 0x82, 0x4F, 0xD3, 0x20, 0x5C, 0x03,
  // "Ï" (U+00CF), RLE, 10 bytes saved (22.2%)
  0x86, 0x7F, 0x15, 0xF3, 0x13, 0x20, 0x37, 0x05, 0xC8, 0x43, 0x16, 0xFE, 0x53, 0x90, 0xC4, 0x90,
  0xC4, 0x90, 0xC4, 0x90, 0xC4, 0x90, 0xC4, 0x90, 0xC4, 0x90, 0xC4, 0x90, 0xC3, 0x84, 0x4F, 0xD3,
  0x05, 0xC0, 0x30,
  // "Ð" (U+00D0), RLE, 3 bytes saved (4.2%)
  0x10, 0x5C, 0x81, 0xD9, 0x34, 0x87, 0x5F, 0xA6, 0x79, 0xEF, 0x63, 0x81, 0x5F, 0x63, 0x82, 0x1D,
  0xF3, 0x28, 0x15, 0xF6, 0x48, 0x13, 0xFA, 0x28, 0x15, 0xF6, 0x58, 0x7E, 0xE0, 0x16, 0xF7, 0x11,
  0x38, 0x2C, 0xF1, 0x8D, 0x01, 0x28, 0x7C, 0xF0, 0x28, 0xF9, 0x44, 0x30, 0x0E, 0x28, 0x15, 0xF6,
  0x48, 0x14, 0xFA, 0x28, 0x15, 0xF6, 0x38, 0x22, 0xDF, 0x32, 0x84, 0x5F, 0xA6, 0x7A, 0xA0, 0x53,
  0x05, 0xB8, 0x2E, 0xD9, 0x23,
  // "Ñ" (U+00D1), RLE, 4 bytes saved (4.5%)
  0x40, 0x13, 0x01, 0x58, 0x49, 0xFC, 0x56, 0xB4, 0x82, 0x2E, 0x6B, 0xA0, 0x54, 0x01, 0x03, 0x20,
  0x02, 0x38, 0x26, 0xFE, 0x14, 0x82, 0x6F, 0x36, 0xA0, 0xA4, 0x86, 0x6F, 0x36, 0xFD, 0xF4, 0x38,
  0x66, 0xF3, 0x6F, 0x4F, 0xD3, 0x87, 0x6F, 0x36, 0xF2, 0x8F, 0x82, 0x8B, 0x26, 0xF3, 0x6F, 0x20,
  0xDF, 0x20, 0x6F, 0x36, 0xF2, 0x05, 0xFC, 0x06, 0xF3, 0x6F, 0x22, 0x87, 0xBF, 0x65, 0xF3, 0x6F,
  0x22, 0x87, 0x2E, 0xE6, 0xF3, 0x6F, 0x23, 0x86, 0x7F, 0xEF, 0x36, 0xF2, 0x40, 0xCA, 0x82, 0x36,
  0xF2, 0x40, 0x3A, 0x03,
  // "Ò" (U+00D2), RLE, 19 bytes saved (21.6%)
  0x28, 0x12, 0x76, 0x72, 0x81, 0x8F, 0x57, 0x28, 0x16, 0xE2, 0x77, 0x38, 0x53, 0xAD, 0xFD, 0xA3,
  0x38, 0x94, 0x7F, 0xE8, 0x78, 0xEF, 0x60, 0x3F, 0xD1, 0x38, 0x51, 0xDF, 0x29, 0xF5, 0x58, 0x26,
  0xF8, 0xD9, 0x68, 0x31, 0xFC, 0xFE, 0x79, 0x81, 0xEF, 0xE7, 0x90, 0xE0, 0xD9, 0x68, 0x41, 0xFC,
  0x9F, 0x55, 0x85, 0x6F, 0x83, 0xFD, 0x13, 0x89, 0x41, 0xDF, 0x20, 0x7F, 0xE8, 0x78, 0xEF, 0x63,
  0x85, 0x4A, 0xDF, 0xDA, 0x32,
  // "Ó" (U+00D3), RLE, 20 bytes saved (22.7%)
  0x68, 0x16, 0x72, 0x78, 0x15, 0xF8, 0x78, 0x12, 0xE7, 0x77, 0x38, 0x53, 0xAD, 0xFD, 0xA3, 0x38,
  0x94, 0x7F, 0xE8, 0x78, 0xEF, 0x60, 0x3F, 0xD1, 0x38, 0x51, 0xDF, 0x29, 0xF5, 0x58, 0x26, 0xF8,
  0xD9, 0x68, 0x31, 0xFC, 0xFE, 0x79, 0x81, 0xEF, 0xE7, 0x90, 0xE0, 0xD9, 0x68, 0x41, 0xFC, 0x9F,
  0x55, 0x85, 0x6F, 0x83, 0xFD, 0x13, 0x89, 0x41, 0xDF, 0x20, 0x7F, 0xE8, 0x78, 0xEF, 0x63, 0x85,
  0x4A, 0xDF, 0xDA, 0x32,
  // "Ô" (U+00D4), RLE, 17 bytes saved (19.3%)
  0x48, 0x13, 0x76, 0x78, 0x32, 0xED, 0xF5, 0x58, 0x51, 0xD8, 0x05, 0xE5, 0x77, 0x18, 0x53, 0xAD,
  0xFD, 0xA3, 0x38, 0x94, 0x7F, 0xE8, 0x78, 0xEF, 0x60, 0x3F, 0xD1, 0x38, 0x51, 0xDF, 0x29, 0xF5,
  0x58, 0x26, 0xF8, 0xD9, 0x68, 0x31, 0xFC, 0xFE, 0x79, 0x81, 0xEF, 0xE7, 0x90, 0xE0, 0xD9, 0x68,
  0x41, 0xFC, 0x9F, 0x55, 0x85, 0x6F, 0x83, 0xFD, 0x13, 0x89, 0x41, 0xDF, 0x20, 0x7F, 0xE8, 0x78,
  0xEF, 0x63, 0x85, 0x4A, 0xDF, 0xDA, 0x32,
  // "Õ" (U+00D5), RLE, 13 bytes saved (14.8%)
  0x40, 0x13, 0x01, 0x58, 0x49, 0xFC, 0x56, 0xB4, 0x82, 0x2E, 0x6B, 0xA0, 0x54, 0x01, 0x03, 0x20,
  0x02, 0x58, 0x53, 0xAD, 0xFD, 0xA3, 0x38, 0x94, 0x7F, 0xE8, 0x78, 0xEF, 0x60, 0x3F, 0xD1, 0x38,
  0x51, 0xDF, 0x29, 0xF5, 0x58, 0x26, 0xF8, 0xD9, 0x68, 0x31, 0xFC, 0xFE, 0x79, 0x81, 0xEF, 0xE7,
  0x90, 0xE0, 0xD9, 0x68, 0x41, 0xFC, 0x9F, 0x55, 0x85, 0x6F, 0x83, 0xFD, 0x13, 0x89, 0x41, 0xDF,
  0x20, 0x7F, 0xE8, 0x78, 0xEF, 0x63, 0x85, 0x4A, 0xDF, 0xDA, 0x32,
  // "Ö" (U+00D6), RLE, 15 bytes saved (18.1%)
  0x38, 0x47, 0xF1, 0x5F, 0x35, 0x01, 0x03, 0x20, 0x37, 0x72, 0x85, 0x3A, 0xDF, 0xDA, 0x33, 0x89,
  0x47, 0xFE, 0x87, 0x8E, 0xF6, 0x03, 0xFD, 0x13, 0x85, 0x1D, 0xF2, 0x9F, 0x55, 0x82, 0x6F, 0x8D,
  0x96, 0x83, 0x1F, 0xCF, 0xE7, 0x98, 0x1E, 0xFE, 0x79, 0x0E, 0x0D, 0x96, 0x84, 0x1F, 0xC9, 0xF5,
  0x58, 0x56, 0xF8, 0x3F, 0xD1, 0x38, 0x94, 0x1D, 0xF2, 0x07, 0xFE, 0x87, 0x8E, 0xF6, 0x38, 0x54,
  0xAD, 0xFD, 0xA3, 0x20,
  // "×" (U+00D7), uncompressed
  0x11, 0x00, 0x00, 0x30, 0xAD, 0x10, 0x08, 0xF1, 0x1C, 0xD1, 0x8F, 0x50, 0x01, 0xCE, 0xF5, 0x00,
  0x00, 0x9F, 0xD1, 0x00, 0x08, 0xF6, 0xDD, 0x10, 0x8F, 0x50, 0x1D, 0xD1, 0x55, 0x00, 0x01, 0x80,
  // "Ø" (U+00D8), RLE, 3 bytes saved (3.9%)
  0x72, 0x02, 0x38, 0x63, 0xAD, 0xFD, 0xA9, 0xE2, 0x84, 0x6F, 0xE8, 0x79, 0xA8, 0x49, 0x03, 0xFD,
  0x13, 0x0C, 0xA8, 0x23, 0x9F, 0x53, 0x84, 0x8E, 0x8F, 0x9D, 0x93, 0x86, 0x3F, 0x51, 0xFD, 0xFE,
  0x28, 0x11, 0xD9, 0x29, 0x81, 0xEF, 0xE2, 0x0A, 0x0D, 0x39, 0x85, 0xED, 0xF0, 0x5F, 0x32, 0x86,
  0x1F, 0xCA, 0xF6, 0xE8, 0x38, 0x26, 0xF8, 0x3A, 0x0C, 0x38, 0xA6, 0x1D, 0xF2, 0x0B, 0xFE, 0x97,
  0x8E, 0xF5, 0x01, 0xF8, 0xAE, 0xFD, 0xA3, 0x30, 0x37, 0x20,
  // "Ù" (U+00D9), RLE, 13 bytes saved (16.3%)
  0x28, 0x12, 0x76, 0x71, 0x81, 0x8F, 0x57, 0x18, 0x16, 0xE2, 0x76, 0x81, 0x8F, 0x34, 0x84, 0x1F,
  0xA8, 0xF3, 0x48, 0x41, 0xFA, 0x8F, 0x34, 0x84, 0x1F, 0xA8, 0xF3, 0x48, 0x41, 0xFA, 0x8F, 0x34,
  0x84, 0x1F, 0xA8, 0xF3, 0x48, 0x41, 0xFA, 0x8F, 0x34, 0x84, 0x1F, 0xA8, 0xF4, 0x48, 0x41, 0xFA,
  0x6F, 0x54, 0x84, 0x3F, 0x92, 0xFC, 0x48, 0x92, 0x9F, 0x50, 0x9F, 0xC8, 0x7B, 0xFB, 0x38, 0x46,
  0xCF, 0xEC, 0x72,
  // "Ú" (U+00DA), RLE, 14 bytes saved (17.5%)
  0x58, 0x16, 0x72, 0x68, 0x15, 0xF8, 0x68, 0x12, 0xE7, 0x77, 0x81, 0x8F, 0x34, 0x84, 0x1F, 0xA8,
  0xF3, 0x48, 0x41, 0xFA, 0x8F, 0x34, 0x84, 0x1F, 0xA8, 0xF3, 0x48, 0x41, 0xFA, 0x8F, 0x34, 0x84,
  0x1F, 0xA8, 0xF3, 0x48, 0x41, 0xFA, 0x8F, 0x34, 0x84, 0x1F, 0xA8, 0xF4, 0x48, 0x41, 0xFA, 0x6F,
  0x54, 0x84, 0x3F, 0x92, 0xFC, 0x48, 0x92, 0x9F, 0x50, 0x9F, 0xC8, 0x7B, 0xFB, 0x38, 0x46, 0xCF,
  0xEC, 0x72,
  // "Û" (U+00DB), RLE, 11 bytes saved (13.8%)
  0x38, 0x13, 0x76, 0x68, 0x32, 0xED, 0xF5, 0x48, 0x51, 0xD8, 0x05, 0xE5, 0x75, 0x81, 0x8F, 0x34,
  0x84, 0x1F, 0xA8, 0xF3, 0x48, 0x41, 0xFA, 0x8F, 0x34, 0x84, 0x1F, 0xA8, 0xF3, 0x48, 0x41, 0xFA,
  0x8F, 0x34, 0x84, 0x1F, 0xA8, 0xF3, 0x48, 0x41, 0xFA, 0x8F, 0x34, 0x84, 0x1F, 0xA8, 0xF4, 0x48,
  0x41, 0xFA, 0x6F, 0x54, 0x84, 0x3F, 0x92, 0xFC, 0x48, 0x92, 0x9F, 0x50, 0x9F, 0xC8, 0x7B, 0xFB,
  0x38, 0x46, 0xCF, 0xEC, 0x72,
  // "Ü" (U+00DC), RLE, 9 bytes saved (12.0%)
  0x28, 0x47, 0xF1, 0x5F, 0x34, 0x01, 0x03, 0x20, 0x37, 0x68, 0x18, 0xF3, 0x48, 0x41, 0xFA, 0x8F,
  0x34, 0x84, 0x1F, 0xA8, 0xF3, 0x48, 0x41, 0xFA, 0x8F, 0x34, 0x84, 0x1F, 0xA8, 0xF3, 0x48, 0x41,
  0xFA, 0x8F, 0x34, 0x84, 0x1F, 0xA8, 0xF3, 0x48, 0x41, 0xFA, 0x8F, 0x44, 0x84, 0x1F, 0xA6, 0xF5,
  0x48, 0x43, 0xF9, 0x2F, 0xC4, 0x89, 0x29, 0xF5, 0x09, 0xFC, 0x87, 0xBF, 0xB3, 0x84, 0x6C, 0xFE,
  0xC7, 0x20,
  // "Ý" (U+00DD), RLE, 22 bytes saved (27.5%)
  0x58, 0x16, 0x72, 0x68, 0x15, 0xF8, 0x68, 0x12, 0xE7, 0x77, 0x81, 0xBF, 0x34, 0x84, 0x8F, 0x53,
  0xFB, 0x38, 0x11, 0xFC, 0x28, 0x1A, 0xF3, 0x28, 0x19, 0xF4, 0x28, 0x52, 0xFB, 0x02, 0xFB, 0x48,
  0x49, 0xF4, 0xAF, 0x34, 0x83, 0x2F, 0xDF, 0xA6, 0x09, 0xA0, 0x26, 0x81, 0x2F, 0xB7, 0x81, 0x1F,
  0xA7, 0x81, 0x1F, 0xA7, 0x81, 0x1F, 0xA7, 0x81, 0x1F, 0xA4,
  // "Þ" (U+00DE), RLE, 6 bytes saved (11.1%)
  0x81, 0x6F, 0x56, 0x83, 0x6F, 0x61, 0x14, 0x06, 0xC8, 0x96, 0xE9, 0x10, 0x6F, 0x84, 0x6B, 0xFB,
  0x06, 0xF5, 0x38, 0x4C, 0xF2, 0x6F, 0x53, 0x84, 0x9F, 0x46, 0xF5, 0x38, 0x93, 0xBF, 0x26, 0xF6,
  0x23, 0x9F, 0xB0, 0x6D, 0x87, 0xA1, 0x06, 0xF8, 0x43, 0x13, 0x81, 0x6F, 0x56, 0x81, 0x6F, 0x56,
  // "ß" (U+00DF), uncompressed
  0x04, 0xBE, 0xFD, 0x91, 0x00, 0x3F, 0xE8, 0x7A, 0xFC, 0x00, 0x8F, 0x30, 0x00, 0xCF, 0x00, 0x9F,
  0x10, 0x04, 0xF9, 0x00, 0x9F, 0x10, 0x6F, 0x80, 0x00, 0x9F, 0x10, 0xED, 0x00, 0x00, 0x9F, 0x10,
  0xAF, 0x91, 0x00, 0x9F, 0x10, 0x07, 0xFD, 0x30, 0x9F, 0x10, 0x00, 0x2E, 0xD0, 0x9F, 0x10, 0x00,
  0x0A, 0xF1, 0x9F, 0x18, 0xA7, 0x8F, 0xD0, 0x9F, 0x14, 0xCE, 0xEA, 0x20,
  // "à" (U+00E0), RLE, 10 bytes saved (16.9%)
  0x28, 0x12, 0x76, 0x78, 0x18, 0xF5, 0x78, 0x16, 0xE2, 0x75, 0x85, 0x17, 0xCE, 0xEA, 0x22, 0x85,
  0x1E, 0xA7, 0x9F, 0xC7, 0x81, 0xBF, 0x14, 0x86, 0x11, 0x9F, 0x20, 0x3C, 0xD8, 0x93, 0x21, 0xEF,
  0x85, 0x4B, 0xF2, 0x3F, 0x93, 0x8A, 0x3B, 0xF2, 0x1E, 0xE7, 0x7C, 0xDF, 0x20, 0x4C, 0xFD, 0x73,
  0xF2,
  // "á" (U+00E1), RLE, 10 bytes saved (16.9%)
  0x58, 0x16, 0x72, 0x58, 0x15, 0xF8, 0x58, 0x12, 0xE7, 0x76, 0x85, 0x17, 0xCE, 0xEA, 0x22, 0x85,
  0x1E, 0xA7, 0x9F, 0xC7, 0x81, 0xBF, 0x14, 0x86, 0x11, 0x9F, 0x20, 0x3C, 0xD8, 0x93, 0x21, 0xEF,
  0x85, 0x4B, 0xF2, 0x3F, 0x93, 0x8A, 0x3B, 0xF2, 0x1E, 0xE7, 0x7C, 0xDF, 0x20, 0x4C, 0xFD, 0x73,
  0xF2,
  // "â" (U+00E2), RLE, 7 bytes saved (11.9%)
  0x38, 0x13, 0x76, 0x58, 0x32, 0xED, 0xF5, 0x38, 0x51, 0xD8, 0x05, 0xE5, 0x74, 0x85, 0x17, 0xCE,
  0xEA, 0x22, 0x85, 0x1E, 0xA7, 0x9F, 0xC7, 0x81, 0xBF, 0x14, 0x86, 0x11, 0x9F, 0x20, 0x3C, 0xD8,
  0x93, 0x21, 0xEF, 0x85, 0x4B, 0xF2, 0x3F, 0x93, 0x8A, 0x3B, 0xF2, 0x1E, 0xE7, 0x7C, 0xDF, 0x20,
  0x4C, 0xFD, 0x73, 0xF2,
  // "ã" (U+00E3), RLE, 2 bytes saved (3.4%)
  0x30, 0x13, 0x01, 0x38, 0x49, 0xFC, 0x56, 0xB2, 0x82, 0x2E, 0x6B, 0xA0, 0x52, 0x01, 0x03, 0x20,
  0x02, 0x38, 0x51, 0x7C, 0xEE, 0xA2, 0x28, 0x51, 0xEA, 0x79, 0xFC, 0x78, 0x1B, 0xF1, 0x48, 0x61,
  0x19, 0xF2, 0x03, 0xCD, 0x89, 0x32, 0x1E, 0xF8, 0x54, 0xBF, 0x23, 0xF9, 0x38, 0xA3, 0xBF, 0x21,
  0xEE, 0x77, 0xCD, 0xF2, 0x04, 0xCF, 0xD7, 0x3F, 0x20,
  // "ä" (U+00E4), RLE, 5 bytes saved (9.3%)
  0x28, 0x47, 0xF1, 0x5F, 0x33, 0x01, 0x03, 0x20, 0x37, 0x58, 0x51, 0x7C, 0xEE, 0xA2, 0x28, 0x51,
  0xEA, 0x79, 0xFC, 0x78, 0x1B, 0xF1, 0x48, 0x61, 0x19, 0xF2, 0x03, 0xCD, 0x89, 0x32, 0x1E, 0xF8,
  0x54, 0xBF, 0x23, 0xF9, 0x38, 0xA3, 0xBF, 0x21, 0xEE, 0x77, 0xCD, 0xF2, 0x04, 0xCF, 0xD7, 0x3F,
  0x20,
  // "å" (U+00E5), RLE, 7 bytes saved (11.1%)
  0x40, 0x17, 0x82, 0xCF, 0xD1, 0x48, 0x34, 0xD7, 0xD5, 0x48, 0x31, 0xEF, 0xE2, 0x58, 0x11, 0x41,
  0x48, 0x51, 0x7C, 0xEE, 0xA2, 0x28, 0x51, 0xEA, 0x79, 0xFC, 0x78, 0x1B, 0xF1, 0x48, 0x61, 0x19,
  0xF2, 0x03, 0xCD, 0x89, 0x32, 0x1E, 0xF8, 0x54, 0xBF, 0x23, 0xF9, 0x38, 0xA3, 0xBF, 0x21, 0xEE,
  0x77, 0xCD, 0xF2, 0x04, 0xCF, 0xD7, 0x3F, 0x20,
  // "æ" (U+00E6), RLE, 1 byte saved (1.6%)
  0x18, 0x92, 0x18, 0xDE, 0xD7, 0x08, 0xEE, 0xA2, 0x28, 0x92, 0x3E, 0x97, 0xBF, 0xDF, 0x88, 0xED,
  0x78, 0x1E, 0xF6, 0x28, 0x15, 0xF6, 0x48, 0x93, 0x11, 0xCF, 0x31, 0x13, 0xFA, 0x03, 0xBF, 0xB8,
  0xA0, 0xB0, 0xEE, 0x85, 0x4D, 0xF5, 0x44, 0x44, 0x33, 0xF9, 0x38, 0x1E, 0xF5, 0x58, 0xA2, 0x1F,
  0xE8, 0x7D, 0xBB, 0xF9, 0x78, 0xB3, 0x04, 0xDF, 0xD8, 0x28, 0x48, 0xDF, 0xDA, 0x10,
  // "ç" (U+00E7), RLE, 10 bytes saved (17.9%)
  0x28, 0xA0, 0x3B, 0xEE, 0xC4, 0x04, 0xFE, 0x87, 0xB3, 0x0C, 0xF2, 0x59, 0x0C, 0x58, 0x11, 0xFA,
  0x58, 0x11, 0xFB, 0x68, 0x1D, 0xF2, 0x58, 0x55, 0xFE, 0x87, 0xA5, 0x20, 0x40, 0xCA, 0x0C, 0x03,
  0x40, 0xC0, 0x35, 0x82, 0x2C, 0xD2, 0x69, 0x06, 0x48, 0x2D, 0xFC, 0x14, 0x01, 0x40,
  // "è" (U+00E8), RLE, 9 bytes saved (15.3%)
  0x28, 0x12, 0x76, 0x78, 0x18, 0xF5, 0x78, 0x16, 0xE2, 0x76, 0x84, 0x3B, 0xEE, 0x91, 0x28, 0x53,
  0xFD, 0x79, 0xFC, 0x28, 0x1C, 0xF2, 0x28, 0x93, 0x7F, 0x50, 0xFC, 0x11, 0x14, 0xF8, 0x1F, 0x82,
  0x90, 0xFC, 0x80, 0x14, 0x83, 0x30, 0xCE, 0x16, 0x86, 0x3F, 0xE8, 0x78, 0xB2, 0x28, 0x53, 0xAE,
  0xFE, 0x91,
  // "é" (U+00E9), RLE, 9 bytes saved (15.3%)
  0x58, 0x16, 0x72, 0x58, 0x15, 0xF8, 0x58, 0x12, 0xE7, 0x77, 0x84, 0x3B, 0xEE, 0x91, 0x28, 0x53,
  0xFD, 0x79, 0xFC, 0x28, 0x1C, 0xF2, 0x28, 0x93, 0x7F, 0x50, 0xFC, 0x11, 0x14, 0xF8, 0x1F, 0x82,
  0x90, 0xFC, 0x80, 0x14, 0x83, 0x30, 0xCE, 0x16, 0x86, 0x3F, 0xE8, 0x78, 0xB2, 0x28, 0x53, 0xAE,
  0xFE, 0x91,
  // "ê" (U+00EA), RLE, 6 bytes saved (10.2%)
  0x38, 0x13, 0x76, 0x58, 0x32, 0xED, 0xF5, 0x38, 0x51, 0xD8, 0x05, 0xE5, 0x75, 0x84, 0x3B, 0xEE,
  0x91, 0x28, 0x53, 0xFD, 0x79, 0xFC, 0x28, 0x1C, 0xF2, 0x28, 0x93, 0x7F, 0x50, 0xFC, 0x11, 0x14,
  0xF8, 0x1F, 0x82, 0x90, 0xFC, 0x80, 0x14, 0x83, 0x30, 0xCE, 0x16, 0x86, 0x3F, 0xE8, 0x78, 0xB2,
  0x28, 0x53, 0xAE, 0xFE, 0x91,
  // "ë" (U+00EB), RLE, 4 bytes saved (7.4%)
  0x28, 0x47, 0xF1, 0x5F, 0x33, 0x01, 0x03, 0x20, 0x37, 0x68, 0x43, 0xBE, 0xE9, 0x12, 0x85, 0x3F,
  0xD7, 0x9F, 0xC2, 0x81, 0xCF, 0x22, 0x89, 0x37, 0xF5, 0x0F, 0xC1, 0x11, 0x4F, 0x81, 0xF8, 0x29,
  0x0F, 0xC8, 0x01, 0x48, 0x33, 0x0C, 0xE1, 0x68, 0x63, 0xFE, 0x87, 0x8B, 0x22, 0x85, 0x3A, 0xEF,
  0xE9, 0x10,
  // "ì" (U+00EC), uncompressed
  0x27, 0x60, 0x00, 0x8F, 0x50, 0x00, 0x6E, 0x20, 0x00, 0x00, 0x00, 0x9F, 0x10, 0x09, 0xF1, 0x00,
  0x9F, 0x10, 0x09, 0xF1, 0x00, 0x9F, 0x10, 0x09, 0xF1, 0x00, 0x9F, 0x10, 0x09, 0xF1, 0x00, 0x9F,
  0x10,
  // "í" (U+00ED), uncompressed
  0x00, 0x67, 0x20, 0x5F, 0x80, 0x2E, 0x70, 0x00, 0x00, 0x00, 0x09, 0xF1, 0x00, 0x9F, 0x10, 0x09,
  0xF1, 0x00, 0x9F, 0x10, 0x09, 0xF1, 0x00, 0x9F, 0x10, 0x09, 0xF1, 0x00, 0x9F, 0x10, 0x09, 0xF1,
  0x00,
  // "î" (U+00EE), RLE, 6 bytes saved (13.0%)
  0x28, 0x13, 0x76, 0x38, 0x93, 0x2E, 0xDF, 0x50, 0x1D, 0x80, 0x5E, 0x57, 0x28, 0x19, 0xF1, 0x48,
  0x19, 0xF1, 0x48, 0x19, 0xF1, 0x48, 0x19, 0xF1, 0x48, 0x19, 0xF1, 0x48, 0x19, 0xF1, 0x48, 0x19,
  0xF1, 0x48, 0x19, 0xF1, 0x48, 0x19, 0xF1, 0x20,
  // "ï" (U+00EF), RLE, 1 byte saved (2.8%)
  0x86, 0x7F, 0x15, 0xF3, 0x13, 0x20, 0x37, 0x28, 0x19, 0xF1, 0x38, 0x19, 0xF1, 0x38, 0x19, 0xF1,
  0x38, 0x19, 0xF1, 0x38, 0x19, 0xF1, 0x38, 0x19, 0xF1, 0x38, 0x19, 0xF1, 0x38, 0x19, 0xF1, 0x38,
  0x19, 0xF1, 0x10,
  // "ð" (U+00F0), RLE, 4 bytes saved (6.2%)
  0x38, 0x37, 0x50, 0x28, 0x58, 0x39, 0xFD, 0xF9, 0x58, 0x36, 0xEF, 0xE1, 0x48, 0x42, 0xD6, 0x3E,
  0xC6, 0x83, 0x10, 0x5F, 0x53, 0x07, 0x0E, 0xA8, 0x1B, 0xEB, 0x28, 0x47, 0xFC, 0x66, 0xBA, 0x20,
  0x0E, 0x48, 0x4D, 0xF2, 0x1F, 0xA4, 0x84, 0x9F, 0x21, 0xFB, 0x48, 0x5A, 0xF1, 0x0D, 0xE1, 0x28,
  0x11, 0xEC, 0x28, 0x64, 0xFD, 0x88, 0xDF, 0x43, 0x84, 0x4B, 0xEE, 0xB4, 0x20,
  // "ñ" (U+00F1), uncompressed
  0x00, 0x10, 0x00, 0x10, 0x00, 0x9F, 0xC5, 0x6B, 0x00, 0x2E, 0x6B, 0xFF, 0x50, 0x01, 0x30, 0x02,
  0x20, 0x00, 0x9D, 0x2B, 0xEE, 0x91, 0x09, 0xFE, 0xA7, 0xBF, 0xA0, 0x9F, 0x80, 0x00, 0xDE, 0x09,
  0xF3, 0x00, 0x0A, 0xF1, 0x9F, 0x20, 0x00, 0xAF, 0x19, 0xF1, 0x00, 0x0A, 0xF1, 0x9F, 0x10, 0x00,
  0xAF, 0x19, 0xF1, 0x00, 0x0A, 0xF1, 0x9F, 0x10, 0x00, 0xAF, 0x10,
  // "ò" (U+00F2), RLE, 8 bytes saved (12.3%)
  0x28, 0x12, 0x76, 0x71, 0x81, 0x8F, 0x57, 0x18, 0x16, 0xE2, 0x77, 0x18, 0x43, 0xBE, 0xEB, 0x33,
  0x86, 0x4F, 0xD8, 0x8D, 0xF4, 0x28, 0x1C, 0xF2, 0x28, 0x11, 0xFC, 0x29, 0x0B, 0x48, 0x4B, 0xF1,
  0x1F, 0xA4, 0x84, 0x9F, 0x20, 0xFC, 0x48, 0x5B, 0xF1, 0x0B, 0xF2, 0x28, 0x11, 0xFD, 0x28, 0x63,
  0xFE, 0x88, 0xDF, 0x43, 0x84, 0x3B, 0xEE, 0xB4, 0x20,
  // "ó" (U+00F3), RLE, 9 bytes saved (13.8%)
  0x58, 0x16, 0x72, 0x68, 0x15, 0xF8, 0x68, 0x12, 0xE7, 0x77, 0x28, 0x43, 0xBE, 0xEB, 0x33, 0x86,
  0x4F, 0xD8, 0x8D, 0xF4, 0x28, 0x1C, 0xF2, 0x28, 0x11, 0xFC, 0x29, 0x0B, 0x48, 0x4B, 0xF1, 0x1F,
  0xA4, 0x84, 0x9F, 0x20, 0xFC, 0x48, 0x5B, 0xF1, 0x0B, 0xF2, 0x28, 0x11, 0xFD, 0x28, 0x63, 0xFE,
  0x88, 0xDF, 0x43, 0x84, 0x3B, 0xEE, 0xB4, 0x20,
  // "ô" (U+00F4), RLE, 7 bytes saved (10.8%)
  0x38, 0x13, 0x76, 0x68, 0x32, 0xED, 0xF5, 0x48, 0x51, 0xD8, 0x05, 0xE5, 0x77, 0x84, 0x3B, 0xEE,
  0xB3, 0x38, 0x64, 0xFD, 0x88, 0xDF, 0x42, 0x81, 0xCF, 0x22, 0x81, 0x1F, 0xC2, 0x90, 0xB4, 0x84,
  0xBF, 0x11, 0xFA, 0x48, 0x49, 0xF2, 0x0F, 0xC4, 0x85, 0xBF, 0x10, 0xBF, 0x22, 0x81, 0x1F, 0xD2,
  0x86, 0x3F, 0xE8, 0x8D, 0xF4, 0x38, 0x43, 0xBE, 0xEB, 0x42,
  // "õ" (U+00F5), RLE, 2 bytes saved (3.1%)
  0x30, 0x13, 0x01, 0x48, 0x49, 0xFC, 0x56, 0xB3, 0x82, 0x2E, 0x6B, 0xA0, 0x53, 0x01, 0x03, 0x20,
  0x02, 0x58, 0x43, 0xBE, 0xEB, 0x33, 0x86, 0x4F, 0xD8, 0x8D, 0xF4, 0x28, 0x1C, 0xF2, 0x28, 0x11,
  0xFC, 0x29, 0x0B, 0x48, 0x4B, 0xF1, 0x1F, 0xA4, 0x84, 0x9F, 0x20, 0xFC, 0x48, 0x5B, 0xF1, 0x0B,
  0xF2, 0x28, 0x11, 0xFD, 0x28, 0x63, 0xFE, 0x88, 0xDF, 0x43, 0x84, 0x3B, 0xEE, 0xB4, 0x20,
  // "ö" (U+00F6), RLE, 5 bytes saved (8.3%)
  0x28, 0x47, 0xF1, 0x5F, 0x34, 0x01, 0x03, 0x20, 0x37, 0x71, 0x84, 0x3B, 0xEE, 0xB3, 0x38, 0x64,
  0xFD, 0x88, 0xDF, 0x42, 0x81, 0xCF, 0x22, 0x81, 0x1F, 0xC2, 0x90, 0xB4, 0x84, 0xBF, 0x11, 0xFA,
  0x48, 0x49, 0xF2, 0x0F, 0xC4, 0x85, 0xBF, 0x10, 0xBF, 0x22, 0x81, 0x1F, 0xD2, 0x86, 0x3F, 0xE8,
  0x8D, 0xF4, 0x38, 0x43, 0xBE, 0xEB, 0x42,
  // "÷" (U+00F7), RLE, 12 bytes saved (33.3%)
  0x38, 0x12, 0xD7, 0x68, 0x12, 0xF8, 0x76, 0x80, 0x41, 0x03, 0xF8, 0x90, 0x91, 0x44, 0x45, 0x44,
  0x43, 0x38, 0x12, 0xF8, 0x68, 0x12, 0xD7, 0x30,
  // "ø" (U+00F8), RLE, 3 bytes saved (5.5%)
  0x70, 0x14, 0x85, 0x3B, 0xEE, 0xBC, 0x82, 0x86, 0x4F, 0xD8, 0x7E, 0xF4, 0x28, 0x3C, 0xF2, 0x03,
  0xA0, 0xC2, 0x98, 0xB4, 0xB0, 0x1D, 0x9B, 0xF1, 0x1F, 0xA0, 0xAC, 0x09, 0xF2, 0x0F, 0xB6, 0xE2,
  0x0B, 0xF1, 0x0B, 0xA8, 0x35, 0x01, 0xFD, 0x20, 0x3A, 0x83, 0x78, 0xDF, 0x42, 0x85, 0x7D, 0xBE,
  0xEB, 0x44, 0x02, 0x70,
  // "ù" (U+00F9), RLE, 7 bytes saved (13.5%)
  0x18, 0x12, 0x76, 0x68, 0x18, 0xF5, 0x68, 0x16, 0xE2, 0x73, 0x0B, 0x94, 0x81, 0xBF, 0xB9, 0x48,
  0x1B, 0xFB, 0x94, 0x81, 0xBF, 0xB9, 0x48, 0x1B, 0xFB, 0x94, 0x81, 0xBF, 0xB9, 0x48, 0x3C, 0xF9,
  0xF2, 0x20, 0x1A, 0x84, 0x5F, 0xC5, 0x5C, 0xA1, 0x84, 0x7D, 0xFD, 0x77, 0x90,
  // "ú" (U+00FA), RLE, 7 bytes saved (13.5%)
  0x48, 0x16, 0x72, 0x48, 0x15, 0xF8, 0x48, 0x12, 0xE7, 0x74, 0x0B, 0x94, 0x81, 0xBF, 0xB9, 0x48,
  0x1B, 0xFB, 0x94, 0x81, 0xBF, 0xB9, 0x48, 0x1B, 0xFB, 0x94, 0x81, 0xBF, 0xB9, 0x48, 0x3C, 0xF9,
  0xF2, 0x20, 0x1A, 0x84, 0x5F, 0xC5, 0x5C, 0xA1, 0x84, 0x7D, 0xFD, 0x77, 0x90,
  // "û" (U+00FB), RLE, 4 bytes saved (7.7%)
  0x38, 0x13, 0x76, 0x48, 0x32, 0xED, 0xF5, 0x28, 0x51, 0xD8, 0x05, 0xE5, 0x71, 0x0B, 0x94, 0x81,
  0xBF, 0xB9, 0x48, 0x1B, 0xFB, 0x94, 0x81, 0xBF, 0xB9, 0x48, 0x1B, 0xFB, 0x94, 0x81, 0xBF, 0xB9,
  0x48, 0x3C, 0xF9, 0xF2, 0x20, 0x1A, 0x84, 0x5F, 0xC5, 0x5C, 0xA1, 0x84, 0x7D, 0xFD, 0x77, 0x90,
  // "ü" (U+00FC), RLE, 4 bytes saved (8.3%)
  0x18, 0x47, 0xF1, 0x5F, 0x32, 0x01, 0x03, 0x20, 0x37, 0x30, 0xB9, 0x48, 0x1B, 0xFB, 0x94, 0x81,
  0xBF, 0xB9, 0x48, 0x1B, 0xFB, 0x94, 0x81, 0xBF, 0xB9, 0x48, 0x1B, 0xFB, 0x94, 0x83, 0xCF, 0x9F,
  0x22, 0x01, 0xA8, 0x45, 0xFC, 0x55, 0xCA, 0x18, 0x47, 0xDF, 0xD7, 0x79,
  // "ý" (U+00FD), RLE, 14 bytes saved (18.2%)
  0x58, 0x16, 0x72, 0x58, 0x15, 0xF8, 0x58, 0x12, 0xE7, 0x75, 0x81, 0xCF, 0x13, 0x84, 0x5F, 0x76,
  0xF6, 0x38, 0x4A, 0xF2, 0x0E, 0xC2, 0x81, 0x1F, 0xB2, 0x85, 0x9F, 0x20, 0x6F, 0x62, 0x84, 0x3F,
  0x80, 0xBE, 0x48, 0x3C, 0xD1, 0xFA, 0x48, 0x36, 0xF8, 0xF4, 0x48, 0x21, 0xEE, 0xD6, 0x81, 0x9F,
  0x86, 0x81, 0x9F, 0x25, 0x81, 0x1E, 0xB4, 0x83, 0x47, 0xDF, 0x34, 0x82, 0xAF, 0xC4, 0x50,
  // "þ" (U+00FE), RLE, 8 bytes saved (11.1%)
  0x81, 0x9F, 0x16, 0x81, 0x9F, 0x16, 0x81, 0x9F, 0x16, 0x85, 0x9F, 0x3B, 0xEE, 0x82, 0x89, 0x29,
  0xFD, 0x97, 0xBF, 0x90, 0x9F, 0x73, 0x84, 0xCF, 0x19, 0xF3, 0x38, 0x48, 0xF4, 0x9F, 0x23, 0x84,
  0x6F, 0x59, 0xF3, 0x38, 0x48, 0xF4, 0x9F, 0x83, 0x8A, 0x1D, 0xF1, 0x9F, 0xE9, 0x7B, 0xF9, 0x09,
  0xF4, 0xBF, 0xE8, 0x28, 0x19, 0xF1, 0x68, 0x19, 0xF1, 0x68, 0x19, 0xF1, 0x68, 0x19, 0xF1, 0x60,
  // "ÿ" (U+00FF), RLE, 10 bytes saved (13.9%)
  0x28, 0x47, 0xF1, 0x5F, 0x33, 0x01, 0x03, 0x20, 0x37, 0x48, 0x1C, 0xF1, 0x38, 0x45, 0xF7, 0x6F,
  0x63, 0x84, 0xAF, 0x20, 0xEC, 0x28, 0x11, 0xFB, 0x28, 0x59, 0xF2, 0x06, 0xF6, 0x28, 0x43, 0xF8,
  0x0B, 0xE4, 0x83, 0xCD, 0x1F, 0xA4, 0x83, 0x6F, 0x8F, 0x44, 0x82, 0x1E, 0xED, 0x68, 0x19, 0xF8,
  0x68, 0x19, 0xF2, 0x58, 0x11, 0xEB, 0x48, 0x34, 0x7D, 0xF3, 0x48, 0x2A, 0xFC, 0x45,
  // "Ā" (U+0100), RLE, 22 bytes saved (26.5%)
  0x38, 0x01, 0x15, 0x05, 0xC0, 0xB5, 0x84, 0x14, 0x44, 0x43, 0x78, 0x1B, 0xF7, 0x70, 0x1A, 0x0D,
  0x78, 0x37, 0xF8, 0xF3, 0x68, 0x3C, 0xD1, 0xF9, 0x58, 0x43, 0xF7, 0x0B, 0xE5, 0x85, 0x9F, 0x20,
  0x5F, 0x54, 0x0E, 0x0C, 0x39, 0x0B, 0x30, 0x5F, 0x01, 0x28, 0x93, 0xAF, 0x88, 0x88, 0xAF, 0x70,
  0x1F, 0xB5, 0x84, 0xED, 0x06, 0xF6, 0x58, 0x29, 0xF3, 0xC9, 0x68, 0x14, 0xF9,
  // "ā" (U+0101), RLE, 4 bytes saved (7.4%)
  0x38, 0x01, 0x13, 0x05, 0xC0, 0xB3, 0x84, 0x14, 0x44, 0x43, 0x28, 0x51, 0x7C, 0xEE, 0xA2, 0x28,
  0x51, 0xEA, 0x79, 0xFC, 0x78, 0x1B, 0xF1, 0x48, 0x61, 0x19, 0xF2, 0x03, 0xCD, 0x89, 0x32, 0x1E,
  0xF8, 0x54, 0xBF, 0x23, 0xF9, 0x38, 0xA3, 0xBF, 0x21, 0xEE, 0x77, 0xCD, 0xF2, 0x04, 0xCF, 0xD7,
  0x3F, 0x20,
  // "Ă" (U+0102), RLE, 23 bytes saved (26.1%)
  0x30, 0x23, 0x02, 0x58, 0x43, 0xE3, 0x26, 0xE6, 0x09, 0xB0, 0x57, 0x81, 0x24, 0x17, 0x18, 0x1B,
  0xF7, 0x70, 0x1A, 0x0D, 0x78, 0x37, 0xF8, 0xF3, 0x68, 0x3C, 0xD1, 0xF9, 0x58, 0x43, 0xF7, 0x0B,
  0xE5, 0x85, 0x9F, 0x20, 0x5F, 0x54, 0x0E, 0x0C, 0x39, 0x0B, 0x30, 0x5F, 0x01, 0x28, 0x93, 0xAF,
  0x88, 0x88, 0xAF, 0x70, 0x1F, 0xB5, 0x84, 0xED, 0x06, 0xF6, 0x58, 0x29, 0xF3, 0xC9, 0x68, 0x14,
  0xF9,
  // "ă" (U+0103), RLE, 6 bytes saved (10.2%)
  0x20, 0x23, 0x02, 0x38, 0x43, 0xE3, 0x26, 0xE4, 0x09, 0xB0, 0x55, 0x81, 0x24, 0x14, 0x85, 0x17,
  0xCE, 0xEA, 0x22, 0x85, 0x1E, 0xA7, 0x9F, 0xC7, 0x81, 0xBF, 0x14, 0x86, 0x11, 0x9F, 0x20, 0x3C,
  0xD8, 0x93, 0x21, 0xEF, 0x85, 0x4B, 0xF2, 0x3F, 0x93, 0x8A, 0x3B, 0xF2, 0x1E, 0xE7, 0x7C, 0xDF,
  0x20, 0x4C, 0xFD, 0x73, 0xF2,
  // "Ą" (U+0104), RLE, 25 bytes saved (26.6%)
  0x48, 0x1B, 0xF7, 0x70, 0x1A, 0x0D, 0x78, 0x37, 0xF8, 0xF3, 0x68, 0x3C, 0xD1, 0xF9, 0x58, 0x43,
  0xF7, 0x0B, 0xE5, 0x85, 0x9F, 0x20, 0x5F, 0x54, 0x0E, 0x0C, 0x39, 0x0B, 0x30, 0x5F, 0x01, 0x28,
  0x93, 0xAF, 0x88, 0x88, 0xAF, 0x70, 0x1F, 0xB5, 0x84, 0xED, 0x06, 0xF6, 0x58, 0x29, 0xF3, 0xC9,
  0x68, 0x14, 0xF9, 0x71, 0x04, 0x0B, 0x71, 0x81, 0x1E, 0x37, 0x18, 0x24, 0xF3, 0x17, 0x82, 0x1E,
  0xF8, 0x71, 0x81, 0x14, 0x10,
  // "ą" (U+0105), RLE, 8 bytes saved (12.7%)
  0x18, 0x51, 0x7C, 0xEE, 0xA2, 0x28, 0x51, 0xEA, 0x79, 0xFC, 0x78, 0x1B, 0xF1, 0x48, 0x61, 0x19,
  0xF2, 0x03, 0xCD, 0x89, 0x32, 0x1E, 0xF8, 0x54, 0xBF, 0x23, 0xF9, 0x38, 0xA3, 0xBF, 0x21, 0xEE,
  0x77, 0xCD, 0xF2, 0x04, 0xCF, 0xD7, 0x3F, 0x26, 0x04, 0x0B, 0x68, 0x11, 0xE3, 0x68, 0x24, 0xF3,
  0x15, 0x82, 0x1E, 0xF8, 0x68, 0x11, 0x41,
  // "Ć" (U+0106), RLE, 22 bytes saved (30.6%)
  0x58, 0x16, 0x72, 0x58, 0x15, 0xF8, 0x58, 0x12, 0xE7, 0x77, 0x8A, 0x22, 0x9D, 0xFE, 0xB6, 0x05,
  0xFE, 0x97, 0x9D, 0x82, 0xEE, 0x25, 0x81, 0x8F, 0x66, 0x0D, 0x97, 0x90, 0xE7, 0x90, 0xE7, 0x0D,
  0x97, 0x81, 0x9F, 0x56, 0x82, 0x3F, 0xD1, 0x68, 0x67, 0xFE, 0x97, 0x8A, 0x62, 0x85, 0x4B, 0xEF,
  0xEC, 0x40,
  // "ć" (U+0107), RLE, 10 bytes saved (19.2%)
  0x58, 0x16, 0x72, 0x48, 0x15, 0xF8, 0x48, 0x12, 0xE7, 0x75, 0x8A, 0x03, 0xBE, 0xEC, 0x40, 0x4F,
  0xE8, 0x7B, 0x30, 0xCF, 0x25, 0x90, 0xC5, 0x81, 0x1F, 0xA5, 0x81, 0x1F, 0xB6, 0x81, 0xDF, 0x25,
  0x85, 0x5F, 0xE8, 0x7A, 0x52, 0x04, 0x0C, 0xA0, 0xC0, 0x30,
  // "Ĉ" (U+0108), RLE, 19 bytes saved (26.4%)
  0x48, 0x13, 0x76, 0x58, 0x32, 0xED, 0xF5, 0x38, 0x51, 0xD8, 0x05, 0xE5, 0x74, 0x8A, 0x22, 0x9D,
  0xFE, 0xB6, 0x05, 0xFE, 0x97, 0x9D, 0x82, 0xEE, 0x25, 0x81, 0x8F, 0x66, 0x0D, 0x97, 0x90, 0xE7,
  0x90, 0xE7, 0x0D, 0x97, 0x81, 0x9F, 0x56, 0x82, 0x3F, 0xD1, 0x68, 0x67, 0xFE, 0x97, 0x8A, 0x62,
  0x85, 0x4B, 0xEF, 0xEC, 0x40,
  // "ĉ" (U+0109), RLE, 7 bytes saved (13.5%)
  0x38, 0x13, 0x76, 0x48, 0x32, 0xED, 0xF5, 0x28, 0x51, 0xD8, 0x05, 0xE5, 0x73, 0x8A, 0x03, 0xBE,
  0xEC, 0x40, 0x4F, 0xE8, 0x7B, 0x30, 0xCF, 0x25, 0x90, 0xC5, 0x81, 0x1F, 0xA5, 0x81, 0x1F, 0xB6,
  0x81, 0xDF, 0x25, 0x85, 0x5F, 0xE8, 0x7A, 0x52, 0x04, 0x0C, 0xA0, 0xC0, 0x30,
  // "Ċ" (U+010A), RLE, 22 bytes saved (32.4%)
  0x48, 0x14, 0xF8, 0x70, 0x30, 0x17, 0x68, 0xA2, 0x29, 0xDF, 0xEB, 0x60, 0x5F, 0xE9, 0x79, 0xD8,
  0x2E, 0xE2, 0x58, 0x18, 0xF6, 0x60, 0xD9, 0x79, 0x0E, 0x79, 0x0E, 0x70, 0xD9, 0x78, 0x19, 0xF5,
  0x68, 0x23, 0xFD, 0x16, 0x86, 0x7F, 0xE9, 0x78, 0xA6, 0x28, 0x54, 0xBE, 0xFE, 0xC4,
  // "ċ" (U+010B), RLE, 10 bytes saved (20.8%)
  0x38, 0x14, 0xF8, 0x60, 0x30, 0x17, 0x58, 0xA0, 0x3B, 0xEE, 0xC4, 0x04, 0xFE, 0x87, 0xB3, 0x0C,
  0xF2, 0x59, 0x0C, 0x58, 0x11, 0xFA, 0x58, 0x11, 0xFB, 0x68, 0x1D, 0xF2, 0x58, 0x55, 0xFE, 0x87,
  0xA5, 0x20, 0x40, 0xCA, 0x0C, 0x03,
  // "Č" (U+010C), RLE, 18 bytes saved (25.0%)
  0x28, 0x12, 0x71, 0x20, 0x60, 0x43, 0x84, 0x9E, 0x4C, 0xC1, 0x48, 0x2A, 0xFD, 0x17, 0x58, 0xA2,
  0x29, 0xDF, 0xEB, 0x60, 0x5F, 0xE9, 0x79, 0xD8, 0x2E, 0xE2, 0x58, 0x18, 0xF6, 0x60, 0xD9, 0x79,
  0x0E, 0x79, 0x0E, 0x70, 0xD9, 0x78, 0x19, 0xF5, 0x68, 0x23, 0xFD, 0x16, 0x86, 0x7F, 0xE9, 0x78,
  0xA6, 0x28, 0x54, 0xBE, 0xFE, 0xC4,
  // "č" (U+010D), RLE, 6 bytes saved (11.5%)
  0x18, 0x12, 0x71, 0x20, 0x60, 0x42, 0x84, 0x9E, 0x4C, 0xC1, 0x38, 0x2A, 0xFD, 0x17, 0x48, 0xA0,
  0x3B, 0xEE, 0xC4, 0x04, 0xFE, 0x87, 0xB3, 0x0C, 0xF2, 0x59, 0x0C, 0x58, 0x11, 0xFA, 0x58, 0x11,
  0xFB, 0x68, 0x1D, 0xF2, 0x58, 0x55, 0xFE, 0x87, 0xA5, 0x20, 0x40, 0xCA, 0x0C, 0x03,
  // "Ď" (U+010E), RLE, 12 bytes saved (13.6%)
  0x18, 0x12, 0x71, 0x20, 0x60, 0x45, 0x84, 0x9E, 0x4C, 0xC1, 0x68, 0x2A, 0xFD, 0x17, 0x71, 0x06,
  0xC8, 0x1D, 0x93, 0x38, 0x76, 0xF9, 0x67, 0x9E, 0xF6, 0x28, 0x16, 0xF5, 0x38, 0x61, 0xCF, 0x30,
  0x6F, 0x54, 0x85, 0x3F, 0xA0, 0x6F, 0x55, 0x84, 0xEE, 0x06, 0xF5, 0x58, 0x4C, 0xF1, 0x6F, 0x55,
  0x84, 0xCF, 0x06, 0xF5, 0x58, 0x4E, 0xE0, 0x6F, 0x54, 0x85, 0x4F, 0xA0, 0x6F, 0x53, 0x89, 0x12,
  0xDF, 0x30, 0x6F, 0x96, 0x7A, 0xA0, 0x62, 0x06, 0xB8, 0x2E, 0xD9, 0x23,
  // "ď" (U+010F), RLE, 11 bytes saved (15.3%)
  0x78, 0x3D, 0xD1, 0xF8, 0x78, 0x3D, 0xD3, 0xF2, 0x78, 0x2D, 0xD6, 0x93, 0x85, 0x6D, 0xFC, 0x4D,
  0xD4, 0x86, 0x6F, 0xD7, 0x8E, 0xED, 0x48, 0x1D, 0xF2, 0x28, 0x13, 0xFD, 0x38, 0x11, 0xFC, 0x40,
  0xE0, 0xD3, 0x81, 0x1F, 0xA4, 0x00, 0xD3, 0x81, 0x1F, 0xB4, 0x0E, 0x0D, 0x48, 0x1D, 0xF1, 0x28,
  0x13, 0xFD, 0x48, 0x66, 0xFD, 0x78, 0xDE, 0xD5, 0x85, 0x6D, 0xFC, 0x49, 0xD3,
  // "Đ" (U+0110), RLE, 3 bytes saved (4.2%)
  0x10, 0x5C, 0x81, 0xD9, 0x34, 0x87, 0x5F, 0xA6, 0x79, 0xEF, 0x63, 0x81, 0x5F, 0x63, 0x82, 0x1D,
  0xF3, 0x28, 0x15, 0xF6, 0x48, 0x13, 0xFA, 0x28, 0x15, 0xF6, 0x58, 0x7E, 0xE0, 0x16, 0xF7, 0x11,
  0x38, 0x2C, 0xF1, 0x8D, 0x01, 0x28, 0x7C, 0xF0, 0x28, 0xF9, 0x44, 0x30, 0x0E, 0x28, 0x15, 0xF6,
  0x48, 0x14, 0xFA, 0x28, 0x15, 0xF6, 0x38, 0x22, 0xDF, 0x32, 0x84, 0x5F, 0xA6, 0x7A, 0xA0, 0x53,
  0x05, 0xB8, 0x2E, 0xD9, 0x23,
  // "đ" (U+0111), RLE, 4 bytes saved (6.1%)
  0x40, 0xF1, 0x81, 0xED, 0x14, 0x01, 0xE0, 0x14, 0x0F, 0x48, 0x1E, 0xE4, 0x38, 0x56, 0xDF, 0xD4,
  0xDD, 0x38, 0x66, 0xFD, 0x78, 0xEE, 0xD3, 0x81, 0xDF, 0x22, 0x81, 0x3F, 0xD2, 0x81, 0x1F, 0xC4,
  0x0E, 0x0D, 0x28, 0x11, 0xFA, 0x40, 0x0D, 0x28, 0x11, 0xFB, 0x40, 0xE0, 0xD3, 0x81, 0xDF, 0x12,
  0x81, 0x3F, 0xD3, 0x86, 0x6F, 0xD7, 0x8D, 0xED, 0x48, 0x56, 0xDF, 0xC4, 0x9D, 0x20,
  // "Ē" (U+0112), RLE, 10 bytes saved (16.7%)
  0x28, 0x01, 0x12, 0x05, 0xC0, 0xB2, 0x86, 0x14, 0x44, 0x43, 0x06, 0xE8, 0x92, 0x36, 0xF9, 0x66,
  0x66, 0x16, 0xF5, 0x58, 0x16, 0xF5, 0x58, 0x76, 0xF6, 0x11, 0x11, 0x06, 0xD8, 0x93, 0xE0, 0x6F,
  0x84, 0x44, 0x40, 0x6F, 0x55, 0x81, 0x6F, 0x55, 0x81, 0x6F, 0x55, 0x87, 0x6F, 0x96, 0x66, 0x61,
  0x6E, 0x03,
  // "ē" (U+0113), RLE, 3 bytes saved (5.6%)
  0x38, 0x01, 0x13, 0x05, 0xC0, 0xB3, 0x84, 0x14, 0x44, 0x43, 0x38, 0x43, 0xBE, 0xE9, 0x12, 0x85,
  0x3F, 0xD7, 0x9F, 0xC2, 0x81, 0xCF, 0x22, 0x89, 0x37, 0xF5, 0x0F, 0xC1, 0x11, 0x4F, 0x81, 0xF8,
  0x29, 0x0F, 0xC8, 0x01, 0x48, 0x33, 0x0C, 0xE1, 0x68, 0x63, 0xFE, 0x87, 0x8B, 0x22, 0x85, 0x3A,
  0xEF, 0xE9, 0x10,
  // "Ĕ" (U+0114), RLE, 10 bytes saved (15.6%)
  0x20, 0x23, 0x02, 0x28, 0x43, 0xE3, 0x26, 0xE3, 0x09, 0xB0, 0x54, 0x81, 0x24, 0x12, 0x06, 0xE8,
  0x92, 0x36, 0xF9, 0x66, 0x66, 0x16, 0xF5, 0x58, 0x16, 0xF5, 0x58, 0x76, 0xF6, 0x11, 0x11, 0x06,
  0xD8, 0x93, 0xE0, 0x6F, 0x84, 0x44, 0x40, 0x6F, 0x55, 0x81, 0x6F, 0x55, 0x81, 0x6F, 0x55, 0x87,
  0x6F, 0x96, 0x66, 0x61, 0x6E, 0x03,
  // "ĕ" (U+0115), RLE, 5 bytes saved (8.5%)
  0x20, 0x23, 0x02, 0x38, 0x43, 0xE3, 0x26, 0xE4, 0x09, 0xB0, 0x55, 0x81, 0x24, 0x15, 0x84, 0x3B,
  0xEE, 0x91, 0x28, 0x53, 0xFD, 0x79, 0xFC, 0x28, 0x1C, 0xF2, 0x28, 0x93, 0x7F, 0x50, 0xFC, 0x11,
  0x14, 0xF8, 0x1F, 0x82, 0x90, 0xFC, 0x80, 0x14, 0x83, 0x30, 0xCE, 0x16, 0x86, 0x3F, 0xE8, 0x78,
  0xB2, 0x28, 0x53, 0xAE, 0xFE, 0x91,
  // "Ė" (U+0116), RLE, 13 bytes saved (21.7%)
  0x28, 0x14, 0xF8, 0x60, 0x30, 0x17, 0x40, 0x6E, 0x89, 0x23, 0x6F, 0x96, 0x66, 0x61, 0x6F, 0x55,
  0x81, 0x6F, 0x55, 0x87, 0x6F, 0x61, 0x11, 0x10, 0x6D, 0x89, 0x3E, 0x06, 0xF8, 0x44, 0x44, 0x06,
  0xF5, 0x58, 0x16, 0xF5, 0x58, 0x16, 0xF5, 0x58, 0x76, 0xF9, 0x66, 0x66, 0x16, 0xE0, 0x30,
  // "ė" (U+0117), RLE, 7 bytes saved (13.0%)
  0x38, 0x14, 0xF8, 0x70, 0x30, 0x17, 0x78, 0x43, 0xBE, 0xE9, 0x12, 0x85, 0x3F, 0xD7, 0x9F, 0xC2,
  0x81, 0xCF, 0x22, 0x89, 0x37, 0xF5, 0x0F, 0xC1, 0x11, 0x4F, 0x81, 0xF8, 0x29, 0x0F, 0xC8, 0x01,
  0x48, 0x33, 0x0C, 0xE1, 0x68, 0x63, 0xFE, 0x87, 0x8B, 0x22, 0x85, 0x3A, 0xEF, 0xE9, 0x10,
  // "Ę" (U+0118), RLE, 12 bytes saved (17.6%)
  0x06, 0xE8, 0x92, 0x36, 0xF9, 0x66, 0x66, 0x16, 0xF5, 0x58, 0x16, 0xF5, 0x58, 0x76, 0xF6, 0x11,
  0x11, 0x06, 0xD8, 0x93, 0xE0, 0x6F, 0x84, 0x44, 0x40, 0x6F, 0x55, 0x81, 0x6F, 0x55, 0x81, 0x6F,
  0x55, 0x87, 0x6F, 0x96, 0x66, 0x61, 0x6E, 0x03, 0x50, 0x40, 0xB5, 0x81, 0x1E, 0x35, 0x82, 0x4F,
  0x31, 0x48, 0x21, 0xEF, 0x85, 0x81, 0x14, 0x10,
  // "ę" (U+0119), RLE, 6 bytes saved (10.2%)
  0x28, 0x43, 0xBE, 0xE9, 0x12, 0x85, 0x3F, 0xD7, 0x9F, 0xC2, 0x81, 0xCF, 0x22, 0x89, 0x37, 0xF5,
  0x0F, 0xC1, 0x11, 0x4F, 0x81, 0xF8, 0x29, 0x0F, 0xC8, 0x01, 0x48, 0x33, 0x0C, 0xE1, 0x68, 0x63,
  0xFE, 0x87, 0x8B, 0x22, 0x81, 0x3A, 0xEA, 0x0E, 0x01, 0x58, 0x12, 0xD2, 0x60, 0xA0, 0x97, 0x81,
  0xBD, 0x76, 0x82, 0x4E, 0xE1,
  // "Ě" (U+011A), RLE, 10 bytes saved (15.6%)
  0x81, 0x27, 0x12, 0x06, 0x04, 0x28, 0x49, 0xE4, 0xCC, 0x13, 0x82, 0xAF, 0xD1, 0x73, 0x06, 0xE8,
  0x92, 0x36, 0xF9, 0x66, 0x66, 0x16, 0xF5, 0x58, 0x16, 0xF5, 0x58, 0x76, 0xF6, 0x11, 0x11, 0x06,
  0xD8, 0x93, 0xE0, 0x6F, 0x84, 0x44, 0x40, 0x6F, 0x55, 0x81, 0x6F, 0x55, 0x81, 0x6F, 0x55, 0x87,
  0x6F, 0x96, 0x66, 0x61, 0x6E, 0x03,
  // "ě" (U+011B), RLE, 4 bytes saved (6.8%)
  0x18, 0x12, 0x71, 0x20, 0x60, 0x43, 0x84, 0x9E, 0x4C, 0xC1, 0x48, 0x2A, 0xFD, 0x17, 0x68, 0x43,
  0xBE, 0xE9, 0x12, 0x85, 0x3F, 0xD7, 0x9F, 0xC2, 0x81, 0xCF, 0x22, 0x89, 0x37, 0xF5, 0x0F, 0xC1,
  0x11, 0x4F, 0x81, 0xF8, 0x29, 0x0F, 0xC8, 0x01, 0x48, 0x33, 0x0C, 0xE1, 0x68, 0x63, 0xFE, 0x87,
  0x8B, 0x22, 0x85, 0x3A, 0xEF, 0xE9, 0x10,
  // "Ĝ" (U+011C), RLE, 14 bytes saved (17.5%)
  0x48, 0x13, 0x76, 0x68, 0x32, 0xED, 0xF5, 0x48, 0x51, 0xD8, 0x05, 0xE5, 0x76, 0x8A, 0x41, 0x8C,
  0xEE, 0xDA, 0x30, 0x4E, 0xFA, 0x77, 0xAE, 0x41, 0xEE, 0x36, 0x81, 0x8F, 0x67, 0x0D, 0x97, 0x10,
  0xE0, 0xD3, 0x80, 0x11, 0x90, 0xD3, 0x08, 0xB0, 0xB0, 0xD9, 0x38, 0x62, 0x45, 0xFB, 0x9F, 0x55,
  0x98, 0x3B, 0x3F, 0xD2, 0x49, 0x89, 0x1B, 0x06, 0xFE, 0x97, 0x79, 0xFB, 0x28, 0x13, 0xAE, 0xA8,
  0x1D, 0xA5,
  // "ĝ" (U+011D), RLE, 7 bytes saved (9.1%)
  0x38, 0x13, 0x76, 0x58, 0x32, 0xED, 0xF5, 0x38, 0x51, 0xD8, 0x05, 0xE5, 0x75, 0x8A, 0x26, 0xDF,
  0xC4, 0x9D, 0x05, 0xFD, 0x78, 0xEE, 0xD0, 0xCF, 0x12, 0x84, 0x3F, 0xD0, 0xFB, 0x48, 0x3E, 0xD1,
  0xFA, 0x48, 0x3C, 0xD0, 0xFB, 0x48, 0x4D, 0xD0, 0xCF, 0x12, 0x89, 0x22, 0xFD, 0x05, 0xFD, 0x78,
  0xDE, 0xD2, 0x85, 0x6D, 0xFC, 0x4D, 0xD7, 0x0E, 0x0C, 0x68, 0xA2, 0x3F, 0xA0, 0x7C, 0x87, 0x8E,
  0xF3, 0x04, 0xBE, 0xFE, 0xB4, 0x10,
  // "Ğ" (U+011E), RLE, 13 bytes saved (16.3%)
  0x30, 0x23, 0x02, 0x48, 0x43, 0xE3, 0x26, 0xE5, 0x09, 0xB0, 0x56, 0x81, 0x24, 0x15, 0x8A, 0x41,
  0x8C, 0xEE, 0xDA, 0x30, 0x4E, 0xFA, 0x77, 0xAE, 0x41, 0xEE, 0x36, 0x81, 0x8F, 0x67, 0x0D, 0x97,
  0x10, 0xE0, 0xD3, 0x80, 0x11, 0x90, 0xD3, 0x08, 0xB0, 0xB0, 0xD9, 0x38, 0x62, 0x45, 0xFB, 0x9F,
  0x55, 0x98, 0x3B, 0x3F, 0xD2, 0x49, 0x89, 0x1B, 0x06, 0xFE, 0x97, 0x79, 0xFB, 0x28, 0x13, 0xAE,
  0xA8, 0x1D, 0xA5,
  // "ğ" (U+011F), RLE, 6 bytes saved (7.8%)
  0x30, 0x23, 0x02, 0x38, 0x43, 0xE3, 0x26, 0xE4, 0x09, 0xB0, 0x55, 0x81, 0x24, 0x14, 0x8A, 0x26,
  0xDF, 0xC4, 0x9D, 0x05, 0xFD, 0x78, 0xEE, 0xD0, 0xCF, 0x12, 0x84, 0x3F, 0xD0, 0xFB, 0x48, 0x3E,
  0xD1, 0xFA, 0x48, 0x3C, 0xD0, 0xFB, 0x48, 0x4D, 0xD0, 0xCF, 0x12, 0x89, 0x22, 0xFD, 0x05, 0xFD,
  0x78, 0xDE, 0xD2, 0x85, 0x6D, 0xFC, 0x4D, 0xD7, 0x0E, 0x0C, 0x68, 0xA2, 0x3F, 0xA0, 0x7C, 0x87,
  0x8E, 0xF3, 0x04, 0xBE, 0xFE, 0xB4, 0x10,
  // "Ġ" (U+0120), RLE, 14 bytes saved (18.7%)
  0x48, 0x14, 0xF8, 0x71, 0x03, 0x01, 0x77, 0x18, 0xA4, 0x18, 0xCE, 0xED, 0xA3, 0x04, 0xEF, 0xA7,
  0x7A, 0xE4, 0x1E, 0xE3, 0x68, 0x18, 0xF6, 0x70, 0xD9, 0x71, 0x0E, 0x0D, 0x38, 0x01, 0x19, 0x0D,
  0x30, 0x8B, 0x0B, 0x0D, 0x93, 0x86, 0x24, 0x5F, 0xB9, 0xF5, 0x59, 0x83, 0xB3, 0xFD, 0x24, 0x98,
  0x91, 0xB0, 0x6F, 0xE9, 0x77, 0x9F, 0xB2, 0x81, 0x3A, 0xEA, 0x81, 0xDA, 0x50,
  // "ġ" (U+0121), RLE, 9 bytes saved (12.5%)
  0x38, 0x14, 0xF8, 0x70, 0x30, 0x17, 0x78, 0xA2, 0x6D, 0xFC, 0x49, 0xD0, 0x5F, 0xD7, 0x8E, 0xED,
  0x0C, 0xF1, 0x28, 0x43, 0xFD, 0x0F, 0xB4, 0x83, 0xED, 0x1F, 0xA4, 0x83, 0xCD, 0x0F, 0xB4, 0x84,
  0xDD, 0x0C, 0xF1, 0x28, 0x92, 0x2F, 0xD0, 0x5F, 0xD7, 0x8D, 0xED, 0x28, 0x56, 0xDF, 0xC4, 0xDD,
  0x70, 0xE0, 0xC6, 0x8A, 0x23, 0xFA, 0x07, 0xC8, 0x78, 0xEF, 0x30, 0x4B, 0xEF, 0xEB, 0x41,
  // "Ģ" (U+0122), RLE, 17 bytes saved (21.3%)
  0x28, 0xA4, 0x18, 0xCE, 0xED, 0xA3, 0x04, 0xEF, 0xA7, 0x7A, 0xE4, 0x1E, 0xE3, 0x68, 0x18, 0xF6,
  0x70, 0xD9, 0x71, 0x0E, 0x0D, 0x38, 0x01, 0x19, 0x0D, 0x30, 0x8B, 0x0B, 0x0D, 0x93, 0x86, 0x24,
  0x5F, 0xB9, 0xF5, 0x59, 0x83, 0xB3, 0xFD, 0x24, 0x98, 0x91, 0xB0, 0x6F, 0xE9, 0x77, 0x9F, 0xB2,
  0x81, 0x3A, 0xEA, 0x81, 0xDA, 0x57, 0x71, 0x0D, 0x08, 0x78, 0x13, 0xF3, 0x70, 0x70, 0xA4,
  // "ģ" (U+0123), RLE, 7 bytes saved (9.7%)
  0x40, 0x29, 0x70, 0xA0, 0xB6, 0x81, 0x1C, 0x75, 0x8A, 0x26, 0xDF, 0xC4, 0x9D, 0x05, 0xFD, 0x78,
  0xEE, 0xD0, 0xCF, 0x12, 0x84, 0x3F, 0xD0, 0xFB, 0x48, 0x3E, 0xD1, 0xFA, 0x48, 0x3C, 0xD0, 0xFB,
  0x48, 0x4D, 0xD0, 0xCF, 0x12, 0x89, 0x22, 0xFD, 0x05, 0xFD, 0x78, 0xDE, 0xD2, 0x85, 0x6D, 0xFC,
  0x4D, 0xD7, 0x0E, 0x0C, 0x68, 0xA2, 0x3F, 0xA0, 0x7C, 0x87, 0x8E, 0xF3, 0x04, 0xBE, 0xFE, 0xB4,
  0x10,
  // "Ĥ" (U+0124), RLE, 16 bytes saved (20.0%)
  0x48, 0x13, 0x76, 0x68, 0x32, 0xED, 0xF5, 0x48, 0x51, 0xD8, 0x05, 0xE5, 0x74, 0x81, 0x6F, 0x55,
  0x98, 0x2B, 0x6F, 0x55, 0x98, 0x2B, 0x6F, 0x55, 0x98, 0x2B, 0x6F, 0x55, 0x98, 0x92, 0xB6, 0xF6,
  0x11, 0x11, 0x2F, 0xB6, 0xF9, 0x89, 0x4B, 0x6F, 0x84, 0x44, 0x45, 0xFB, 0x6F, 0x55, 0x98, 0x2B,
  0x6F, 0x55, 0x98, 0x2B, 0x6F, 0x55, 0x98, 0x2B, 0x6F, 0x55, 0x98, 0x2B, 0x6F, 0x55, 0x90, 0xB0,
  // "ĥ" (U+0125), RLE, 17 bytes saved (18.1%)
  0x28, 0x13, 0x76, 0x78, 0x32, 0xED, 0xF5, 0x58, 0x51, 0xD8, 0x05, 0xE5, 0x77, 0x77, 0x81, 0x9F,
  0x17, 0x18, 0x19, 0xF1, 0x71, 0x81, 0x9F, 0x17, 0x18, 0x69, 0xF3, 0xBE, 0xE9, 0x13, 0x86, 0x9F,
  0xDA, 0x7B, 0xFA, 0x38, 0x19, 0xF8, 0x30, 0xD0, 0xE3, 0x81, 0x9F, 0x33, 0x81, 0xAF, 0x12, 0x81,
  0x9F, 0x23, 0x81, 0xAF, 0x12, 0x81, 0x9F, 0x13, 0x81, 0xAF, 0x12, 0x81, 0x9F, 0x13, 0x81, 0xAF,
  0x12, 0x81, 0x9F, 0x13, 0x81, 0xAF, 0x12, 0x81, 0x9F, 0x13, 0x81, 0xAF, 0x10,
  // "Ħ" (U+0126), RLE, 13 bytes saved (16.7%)
  0x18, 0x16, 0xF5, 0x59, 0x0B, 0x28, 0x92, 0x17, 0xF6, 0x11, 0x11, 0x2F, 0xC1, 0x1F, 0xD8, 0xA7,
  0x54, 0x9F, 0x84, 0x44, 0x45, 0xFD, 0x41, 0x06, 0xF6, 0x11, 0x11, 0x2F, 0xB3, 0x06, 0xF9, 0x0B,
  0x38, 0x90, 0x6F, 0x84, 0x44, 0x45, 0xFB, 0x38, 0x16, 0xF5, 0x59, 0x0B, 0x38, 0x16, 0xF5, 0x59,
  0x0B, 0x38, 0x16, 0xF5, 0x59, 0x0B, 0x38, 0x16, 0xF5, 0x59, 0x0B, 0x38, 0x16, 0xF5, 0x59, 0x0B,
  0x20,
  // "ħ" (U+0127), uncompressed
  0x1A, 0xF3, 0x11, 0x00, 0x00, 0xDF, 0xFF, 0xFF, 0x50, 0x00, 0x4B, 0xF6, 0x44, 0x10, 0x00, 0x09,
  0xF3, 0xBE, 0xE9, 0x10, 0x09, 0xFE, 0xA7, 0xBF, 0xA0, 0x09, 0xF8, 0x00, 0x0D, 0xE0, 0x09, 0xF3,
  0x00, 0x0A, 0xF1, 0x09, 0xF2, 0x00, 0x0A, 0xF1, 0x09, 0xF1, 0x00, 0x0A, 0xF1, 0x09, 0xF1, 0x00,
  0x0A, 0xF1, 0x09, 0xF1, 0x00, 0x0A, 0xF1, 0x09, 0xF1, 0x00, 0x0A, 0xF1,
  // "Ĩ" (U+0128), RLE, 12 bytes saved (21.4%)
  0x20, 0x13, 0x89, 0x21, 0x09, 0xFC, 0x56, 0xB2, 0xE6, 0xBA, 0x81, 0x51, 0x32, 0x00, 0x22, 0x05,
  0xC8, 0x53, 0x01, 0x6F, 0xE5, 0x49, 0x0C, 0x59, 0x0C, 0x59, 0x0C, 0x59, 0x0C, 0x59, 0x0C, 0x59,
  0x0C, 0x59, 0x0C, 0x59, 0x0C, 0x48, 0x24, 0xFD, 0x32, 0x05, 0xC0, 0x30,
  // "ĩ" (U+0129), RLE, 4 bytes saved (8.7%)
  0x20, 0x13, 0x89, 0x21, 0x09, 0xFC, 0x56, 0xB2, 0xE6, 0xBA, 0x81, 0x51, 0x32, 0x00, 0x24, 0x81,
  0x9F, 0x14, 0x81, 0x9F, 0x14, 0x81, 0x9F, 0x14, 0x81, 0x9F, 0x14, 0x81, 0x9F, 0x14, 0x81, 0x9F,
  0x14, 0x81, 0x9F, 0x14, 0x81, 0x9F, 0x14, 0x81, 0x9F, 0x11,
  // "Ī" (U+012A), RLE, 9 bytes saved (20.0%)
  0x18, 0x01, 0x10, 0x5C, 0x86, 0xB1, 0x44, 0x44, 0x35, 0xC8, 0x43, 0x16, 0xFE, 0x53, 0x90, 0xC4,
  0x90, 0xC4, 0x90, 0xC4, 0x90, 0xC4, 0x90, 0xC4, 0x90, 0xC4, 0x90, 0xC4, 0x90, 0xC3, 0x84, 0x4F,
  0xD3, 0x05, 0xC0, 0x30,
  // "ī" (U+012B), uncompressed
  0x01, 0x11, 0x11, 0x5F, 0xFF, 0xFB, 0x14, 0x44, 0x43, 0x00, 0x9F, 0x10, 0x00, 0x9F, 0x10, 0x00,
  0x9F, 0x10, 0x00, 0x9F, 0x10, 0x00, 0x9F, 0x10, 0x00, 0x9F, 0x10, 0x00, 0x9F, 0x10, 0x00, 0x9F,
  0x10, 0x00, 0x9F, 0x10,
  // "Ĭ" (U+012C), RLE, 8 bytes saved (16.7%)
  0x10, 0x23, 0x87, 0x23, 0xE3, 0x26, 0xE0, 0x9B, 0x05, 0x28, 0x32, 0x41, 0x05, 0xC8, 0x43, 0x16,
  0xFE, 0x53, 0x90, 0xC4, 0x90, 0xC4, 0x90, 0xC4, 0x90, 0xC4, 0x90, 0xC4, 0x90, 0xC4, 0x90, 0xC4,
  0x90, 0xC3, 0x84, 0x4F, 0xD3, 0x05, 0xC0, 0x30,
  // "ĭ" (U+012D), uncompressed
  0x02, 0x00, 0x02, 0x3E, 0x32, 0x6E, 0x09, 0xFF, 0xF5, 0x00, 0x24, 0x10, 0x00, 0x9F, 0x10, 0x00,
  0x9F, 0x10, 0x00, 0x9F, 0x10, 0x00, 0x9F, 0x10, 0x00, 0x9F, 0x10, 0x00, 0x9F, 0x10, 0x00, 0x9F,
  0x10, 0x00, 0x9F, 0x10, 0x00, 0x9F, 0x10,
  // "Į" (U+012E), RLE, 8 bytes saved (15.7%)
  0x05, 0xC8, 0x43, 0x16, 0xFE, 0x53, 0x90, 0xC4, 0x90, 0xC4, 0x90, 0xC4, 0x90, 0xC4, 0x90, 0xC4,
  0x90, 0xC4, 0x90, 0xC4, 0x90, 0xC3, 0x84, 0x4F, 0xD3, 0x05, 0xC0, 0x33, 0x04, 0x0B, 0x38, 0x11,
  0xE3, 0x38, 0x24, 0xF3, 0x12, 0x82, 0x1E, 0xF8, 0x38, 0x11, 0x41,
  // "į" (U+012F), uncompressed
  0x09, 0xE2, 0x02, 0x50, 0x00, 0x00, 0x09, 0xF1, 0x09, 0xF1, 0x09, 0xF1, 0x09, 0xF1, 0x09, 0xF1,
  0x09, 0xF1, 0x09, 0xF1, 0x09, 0xF1, 0x09, 0xF1, 0x04, 0xB0, 0x1E, 0x30, 0x4F, 0x31, 0x1E, 0xF8,
  0x01, 0x41,
  // "İ" (U+0130), RLE, 11 bytes saved (24.4%)
  0x18, 0x14, 0xF8, 0x40, 0x30, 0x17, 0x10, 0x5C, 0x84, 0x31, 0x6F, 0xE5, 0x39, 0x0C, 0x49, 0x0C,
  0x49, 0x0C, 0x49, 0x0C, 0x49, 0x0C, 0x49, 0x0C, 0x49, 0x0C, 0x49, 0x0C, 0x38, 0x44, 0xFD, 0x30,
  0x5C, 0x03,
  // "ı" (U+0131), uncompressed
  0x9F, 0x19, 0xF1, 0x9F, 0x19, 0xF1, 0x9F, 0x19, 0xF1, 0x9F, 0x19, 0xF1, 0x9F, 0x10,
  // "Ĳ" (U+0132), RLE, 5 bytes saved (6.3%)
  0x05, 0xC8, 0x90, 0x30, 0x7F, 0x41, 0x6F, 0xE5, 0x28, 0x17, 0xF4, 0x29, 0x0C, 0x38, 0x17, 0xF4,
  0x29, 0x0C, 0x38, 0x17, 0xF4, 0x29, 0x0C, 0x38, 0x17, 0xF4, 0x29, 0x0C, 0x38, 0x17, 0xF4, 0x29,
  0x0C, 0x38, 0x17, 0xF4, 0x29, 0x0C, 0x38, 0x17, 0xF4, 0x29, 0x0C, 0x38, 0x17, 0xF4, 0x29, 0x0C,
  0x38, 0x67, 0xF4, 0x04, 0xFD, 0x32, 0x82, 0x7F, 0x45, 0xC8, 0x33, 0x07, 0xF4, 0x78, 0x18, 0xF3,
  0x48, 0x31, 0x24, 0xEE, 0x50, 0x4A, 0x0E, 0x04, 0x60, 0x40, 0x33,
  // "ĳ" (U+0133), uncompressed
  0x9E, 0x20, 0x9E, 0x22, 0x50, 0x02, 0x50, 0x00, 0x00, 0x00, 0x09, 0xF1, 0x09, 0xF1, 0x9F, 0x10,
  0x9F, 0x19, 0xF1, 0x09, 0xF1, 0x9F, 0x10, 0x9F, 0x19, 0xF1, 0x09, 0xF1, 0x9F, 0x10, 0x9F, 0x19,
  0xF1, 0x09, 0xF1, 0x9F, 0x10, 0x9F, 0x19, 0xF1, 0x09, 0xF1, 0x00, 0x00, 0x9F, 0x10, 0x00, 0x0A,
  0xF1, 0x00, 0x77, 0xFD, 0x00, 0x0D, 0xFC, 0x30,
  // "Ĵ" (U+0134), RLE, 17 bytes saved (21.3%)
  0x38, 0x13, 0x76, 0x48, 0x32, 0xED, 0xF5, 0x28, 0x51, 0xD8, 0x05, 0xE5, 0x74, 0x81, 0x7F, 0x45,
  0x81, 0x7F, 0x45, 0x81, 0x7F, 0x45, 0x81, 0x7F, 0x45, 0x81, 0x7F, 0x45, 0x81, 0x7F, 0x45, 0x81,
  0x7F, 0x45, 0x81, 0x7F, 0x45, 0x81, 0x7F, 0x45, 0x81, 0x7F, 0x45, 0x81, 0x7F, 0x45, 0x81, 0x7F,
  0x45, 0x81, 0x8F, 0x32, 0x83, 0x12, 0x4E, 0xE3, 0x04, 0xA0, 0xE0, 0x44, 0x04, 0x03, 0x50,
  // "ĵ" (U+0135), RLE, 7 bytes saved (11.7%)
  0x28, 0x13, 0x76, 0x38, 0x93, 0x2E, 0xDF, 0x50, 0x1D, 0x80, 0x5E, 0x57, 0x28, 0x19, 0xF1, 0x48,
  0x19, 0xF1, 0x48, 0x19, 0xF1, 0x48, 0x19, 0xF1, 0x48, 0x19, 0xF1, 0x48, 0x19, 0xF1, 0x48, 0x19,
  0xF1, 0x48, 0x19, 0xF1, 0x48, 0x19, 0xF1, 0x48, 0x19, 0xF1, 0x48, 0x1A, 0xF1, 0x28, 0x27, 0x7F,
  0xD3, 0x82, 0xDF, 0xC3, 0x30,
  // "Ķ" (U+0136), RLE, 9 bytes saved (11.3%)
  0x81, 0x6F, 0x53, 0x85, 0x3E, 0xC0, 0x6F, 0x52, 0x86, 0x1D, 0xD1, 0x06, 0xF5, 0x28, 0x1C, 0xE3,
  0x28, 0x56, 0xF5, 0x0A, 0xF5, 0x38, 0x46, 0xF5, 0x8F, 0x74, 0x83, 0x6F, 0xAF, 0xE5, 0x06, 0xA8,
  0x1C, 0xF9, 0x48, 0x56, 0xF7, 0x0C, 0xF5, 0x38, 0x66, 0xF5, 0x02, 0xEE, 0x12, 0x81, 0x6F, 0x52,
  0x81, 0x6F, 0xA2, 0x81, 0x6F, 0x53, 0x85, 0xAF, 0x60, 0x6F, 0x53, 0x82, 0x1E, 0xE1, 0x77, 0x0D,
  0x07, 0x78, 0x14, 0xF3, 0x70, 0x80, 0xA5,
  // "ķ" (U+0137), RLE, 6 bytes saved (9.4%)
  0x81, 0x9F, 0x15, 0x81, 0x9F, 0x15, 0x81, 0x9F, 0x15, 0x81, 0x9F, 0x12, 0x89, 0x79, 0xF6, 0x9F,
  0x10, 0x8F, 0x70, 0x9F, 0x16, 0xF9, 0x28, 0x39, 0xF5, 0xFA, 0x38, 0x39, 0xFE, 0xFB, 0x38, 0x49,
  0xF8, 0x7F, 0x82, 0x8A, 0x19, 0xF1, 0x0B, 0xF4, 0x09, 0xF1, 0x01, 0xEE, 0x19, 0xF1, 0x28, 0x14,
  0xFB, 0x74, 0x0C, 0x09, 0x58, 0x12, 0xF4, 0x50, 0x60, 0xB4,
  // "ĸ" (U+0138), uncompressed
  0x9F, 0x20, 0x08, 0xF7, 0x9F, 0x20, 0x6F, 0x90, 0x9F, 0x23, 0xFB, 0x00, 0x9F, 0x4E, 0xD1, 0x00,
  0x9F, 0xDF, 0xC0, 0x00, 0x9F, 0xB7, 0xF8, 0x00, 0x9F, 0x20, 0xBF, 0x40, 0x9F, 0x20, 0x1E, 0xE1,
  0x9F, 0x20, 0x04, 0xFB,
  // "Ĺ" (U+0139), RLE, 17 bytes saved (26.6%)
  0x28, 0x16, 0x72, 0x48, 0x15, 0xF8, 0x48, 0x12, 0xE7, 0x76, 0x81, 0x6F, 0x55, 0x81, 0x6F, 0x55,
  0x81, 0x6F, 0x55, 0x81, 0x6F, 0x55, 0x81, 0x6F, 0x55, 0x81, 0x6F, 0x55, 0x81, 0x6F, 0x55, 0x81,
  0x6F, 0x55, 0x81, 0x6F, 0x55, 0x81, 0x6F, 0x55, 0x87, 0x6F, 0xA8, 0x88, 0x83, 0x6E, 0x05,
  // "ĺ" (U+013A), uncompressed
  0x00, 0x67, 0x20, 0x5F, 0x80, 0x2E, 0x70, 0x00, 0x00, 0x00, 0x00, 0x00, 0x00, 0x9F, 0x10, 0x09,
  0xF1, 0x00, 0x9F, 0x10, 0x09, 0xF1, 0x00, 0x9F, 0x10, 0x09, 0xF1, 0x00, 0x9F, 0x10, 0x09, 0xF1,
  0x00, 0x9F, 0x10, 0x09, 0xF1, 0x00, 0x9F, 0x10, 0x09, 0xF1, 0x00,
  // "Ļ" (U+013B), RLE, 18 bytes saved (28.1%)
  0x81, 0x6F, 0x55, 0x81, 0x6F, 0x55, 0x81, 0x6F, 0x55, 0x81, 0x6F, 0x55, 0x81, 0x6F, 0x55, 0x81,
  0x6F, 0x55, 0x81, 0x6F, 0x55, 0x81, 0x6F, 0x55, 0x81, 0x6F, 0x55, 0x81, 0x6F, 0x55, 0x87, 0x6F,
  0xA8, 0x88, 0x83, 0x6E, 0x05, 0x74, 0x08, 0x0C, 0x60, 0xC0, 0xA5, 0x81, 0x1E, 0x23,
  // "ļ" (U+013C), uncompressed
  0x9F, 0x19, 0xF1, 0x9F, 0x19, 0xF1, 0x9F, 0x19, 0xF1, 0x9F, 0x19, 0xF1, 0x9F, 0x19, 0xF1, 0x9F,
  0x19, 0xF1, 0x00, 0x04, 0xD4, 0x8D, 0x0C, 0x50,
  // "Ľ" (U+013D), RLE, 6 bytes saved (12.5%)
  0x81, 0x6F, 0x52, 0x84, 0x3F, 0x66, 0xF5, 0x28, 0x46, 0xE0, 0x6F, 0x52, 0x84, 0x86, 0x06, 0xF5,
  0x58, 0x16, 0xF5, 0x58, 0x16, 0xF5, 0x58, 0x16, 0xF5, 0x58, 0x16, 0xF5, 0x58, 0x16, 0xF5, 0x58,
  0x16, 0xF5, 0x58, 0x76, 0xFA, 0x88, 0x88, 0x36, 0xE0, 0x50,
  // "ľ" (U+013E), uncompressed
  0x9F, 0x1C, 0xD9, 0xF2, 0xE6, 0x9F, 0x4C, 0x09, 0xF1, 0x00, 0x9F, 0x10, 0x09, 0xF1, 0x00, 0x9F,
  0x10, 0x09, 0xF1, 0x00, 0x9F, 0x10, 0x09, 0xF1, 0x00, 0x9F, 0x10, 0x09, 0xF1, 0x00,
  // "Ŀ" (U+013F), RLE, 8 bytes saved (16.7%)
  0x81, 0x6F, 0x55, 0x81, 0x6F, 0x55, 0x81, 0x6F, 0x55, 0x81, 0x6F, 0x55, 0x81, 0x6F, 0x55, 0x89,
  0x16, 0xF5, 0x04, 0xF8, 0x06, 0xF5, 0x28, 0x43, 0x10, 0x6F, 0x55, 0x81, 0x6F, 0x55, 0x81, 0x6F,
  0x55, 0x87, 0x6F, 0xA8, 0x88, 0x83, 0x6E, 0x05,
  // "ŀ" (U+0140), uncompressed
  0x9F, 0x10, 0x09, 0xF1, 0x00, 0x9F, 0x10, 0x09, 0xF1, 0x00, 0x9F, 0x10, 0x09, 0xF5, 0xF8, 0x9F,
  0x23, 0x19, 0xF1, 0x00, 0x9F, 0x10, 0x09, 0xF1, 0x00, 0x9F, 0x10, 0x09, 0xF1, 0x00,
  // "Ł" (U+0141), RLE, 12 bytes saved (22.2%)
  0x18, 0x16, 0xF5, 0x68, 0x16, 0xF5, 0x68, 0x16, 0xF5, 0x68, 0x16, 0xF5, 0x68, 0x36, 0xF5, 0x67,
  0x48, 0x36, 0xFE, 0xF8, 0x38, 0x31, 0xBF, 0xC3, 0x40, 0x9A, 0x05, 0x58, 0x21, 0x7F, 0x56, 0x81,
  0x6F, 0x56, 0x89, 0x06, 0xFA, 0x88, 0x88, 0x30, 0x6E, 0x05,
  // "ł" (U+0142), RLE, 2 bytes saved (6.7%)
  0x10, 0xB9, 0x30, 0xB9, 0x30, 0xB9, 0x30, 0xB9, 0x38, 0x1B, 0xF2, 0x28, 0x91, 0xBF, 0xE6, 0x4E,
  0xF7, 0x0D, 0xE9, 0x30, 0xB9, 0x30, 0xB9, 0x30, 0xB9, 0x30, 0xB9, 0x20,
  // "Ń" (U+0143), RLE, 11 bytes saved (12.5%)
  0x68, 0x16, 0x72, 0x78, 0x15, 0xF8, 0x78, 0x12, 0xE7, 0x77, 0x18, 0x26, 0xFE, 0x14, 0x82, 0x6F,
  0x36, 0xA0, 0xA4, 0x86, 0x6F, 0x36, 0xFD, 0xF4, 0x38, 0x66, 0xF3, 0x6F, 0x4F, 0xD3, 0x87, 0x6F,
  0x36, 0xF2, 0x8F, 0x82, 0x8B, 0x26, 0xF3, 0x6F, 0x20, 0xDF, 0x20, 0x6F, 0x36, 0xF2, 0x05, 0xFC,
  0x06, 0xF3, 0x6F, 0x22, 0x87, 0xBF, 0x65, 0xF3, 0x6F, 0x22, 0x87, 0x2E, 0xE6, 0xF3, 0x6F, 0x23,
  0x86, 0x7F, 0xEF, 0x36, 0xF2, 0x40, 0xCA, 0x82, 0x36, 0xF2, 0x40, 0x3A, 0x03,
  // "ń" (U+0144), RLE, 7 bytes saved (11.9%)
  0x48, 0x16, 0x72, 0x58, 0x15, 0xF8, 0x58, 0x12, 0xE7, 0x76, 0x8A, 0x39, 0xD2, 0xBE, 0xE9, 0x10,
  0x9F, 0xEA, 0x7B, 0xFA, 0x09, 0xF8, 0x38, 0x4D, 0xE0, 0x9F, 0x33, 0x84, 0xAF, 0x19, 0xF2, 0x38,
  0x4A, 0xF1, 0x9F, 0x13, 0x84, 0xAF, 0x19, 0xF1, 0x38, 0x4A, 0xF1, 0x9F, 0x13, 0x84, 0xAF, 0x19,
  0xF1, 0x38, 0x1A, 0xF1,
  // "Ņ" (U+0145), RLE, 10 bytes saved (11.4%)
  0x82, 0x6F, 0xE1, 0x48, 0x26, 0xF3, 0x6A, 0x0A, 0x48, 0x66, 0xF3, 0x6F, 0xDF, 0x43, 0x86, 0x6F,
  0x36, 0xF4, 0xFD, 0x38, 0x76, 0xF3, 0x6F, 0x28, 0xF8, 0x28, 0xB2, 0x6F, 0x36, 0xF2, 0x0D, 0xF2,
  0x06, 0xF3, 0x6F, 0x20, 0x5F, 0xC0, 0x6F, 0x36, 0xF2, 0x28, 0x7B, 0xF6, 0x5F, 0x36, 0xF2, 0x28,
  0x72, 0xEE, 0x6F, 0x36, 0xF2, 0x38, 0x67, 0xFE, 0xF3, 0x6F, 0x24, 0x0C, 0xA8, 0x23, 0x6F, 0x24,
  0x03, 0xA0, 0x37, 0x71, 0x81, 0x2D, 0x67, 0x18, 0x16, 0xF1, 0x71, 0x0A, 0x08, 0x50,
  // "ņ" (U+0146), RLE, 8 bytes saved (13.6%)
  0x8A, 0x39, 0xD2, 0xBE, 0xE9, 0x10, 0x9F, 0xEA, 0x7B, 0xFA, 0x09, 0xF8, 0x38, 0x4D, 0xE0, 0x9F,
  0x33, 0x84, 0xAF, 0x19, 0xF2, 0x38, 0x4A, 0xF1, 0x9F, 0x13, 0x84, 0xAF, 0x19, 0xF1, 0x38, 0x4A,
  0xF1, 0x9F, 0x13, 0x84, 0xAF, 0x19, 0xF1, 0x38, 0x1A, 0xF1, 0x75, 0x81, 0x5D, 0x36, 0x09, 0x0D,
  0x70, 0xD0, 0x54,
  // "Ň" (U+0147), RLE, 7 bytes saved (8.0%)
  0x28, 0x12, 0x71, 0x20, 0x60, 0x45, 0x84, 0x9E, 0x4C, 0xC1, 0x68, 0x2A, 0xFD, 0x17, 0x78, 0x26,
  0xFE, 0x14, 0x82, 0x6F, 0x36, 0xA0, 0xA4, 0x86, 0x6F, 0x36, 0xFD, 0xF4, 0x38, 0x66, 0xF3, 0x6F,
  0x4F, 0xD3, 0x87, 0x6F, 0x36, 0xF2, 0x8F, 0x82, 0x8B, 0x26, 0xF3, 0x6F, 0x20, 0xDF, 0x20, 0x6F,
  0x36, 0xF2, 0x05, 0xFC, 0x06, 0xF3, 0x6F, 0x22, 0x87, 0xBF, 0x65, 0xF3, 0x6F, 0x22, 0x87, 0x2E,
  0xE6, 0xF3, 0x6F, 0x23, 0x86, 0x7F, 0xEF, 0x36, 0xF2, 0x40, 0xCA, 0x82, 0x36, 0xF2, 0x40, 0x3A,
  0x03,
  // "ň" (U+0148), RLE, 2 bytes saved (3.4%)
  0x18, 0x12, 0x71, 0x20, 0x60, 0x43, 0x84, 0x9E, 0x4C, 0xC1, 0x48, 0x2A, 0xFD, 0x17, 0x48, 0xA3,
  0x9D, 0x2B, 0xEE, 0x91, 0x09, 0xFE, 0xA7, 0xBF, 0xA0, 0x9F, 0x83, 0x84, 0xDE, 0x09, 0xF3, 0x38,
  0x4A, 0xF1, 0x9F, 0x23, 0x84, 0xAF, 0x19, 0xF1, 0x38, 0x4A, 0xF1, 0x9F, 0x13, 0x84, 0xAF, 0x19,
  0xF1, 0x38, 0x4A, 0xF1, 0x9F, 0x13, 0x81, 0xAF, 0x10,
  // "ŉ" (U+0149), RLE, 2 bytes saved (3.0%)
  0x81, 0x1F, 0xB7, 0x18, 0x13, 0xF7, 0x71, 0x81, 0x7F, 0x17, 0x18, 0x90, 0xAA, 0x9D, 0x2B, 0xEE,
  0x91, 0x38, 0x69, 0xFE, 0xA7, 0xBF, 0xA3, 0x81, 0x9F, 0x83, 0x0D, 0x0E, 0x38, 0x19, 0xF3, 0x38,
  0x1A, 0xF1, 0x28, 0x19, 0xF2, 0x38, 0x1A, 0xF1, 0x28, 0x19, 0xF1, 0x38, 0x1A, 0xF1, 0x28, 0x19,
  0xF1, 0x38, 0x1A, 0xF1, 0x28, 0x19, 0xF1, 0x38, 0x1A, 0xF1, 0x28, 0x19, 0xF1, 0x38, 0x1A, 0xF1,
  // "Ŋ" (U+014A), RLE, 6 bytes saved (6.8%)
  0x82, 0x6F, 0xE1, 0x48, 0x26, 0xF3, 0x6A, 0x0B, 0x48, 0x66, 0xF3, 0x6F, 0xDF, 0x63, 0x87, 0x6F,
  0x36, 0xF4, 0xFE, 0x22, 0x87, 0x6F, 0x36, 0xF2, 0x7F, 0xB2, 0x8B, 0x26, 0xF3, 0x6F, 0x20, 0xCF,
  0x60, 0x6F, 0x36, 0xF2, 0x02, 0xFE, 0x26, 0xF3, 0x6F, 0x22, 0x87, 0x6F, 0xB5, 0xF3, 0x6F, 0x23,
  0x86, 0xBF, 0xBF, 0x36, 0xF2, 0x30, 0x10, 0xEA, 0x82, 0x36, 0xF2, 0x40, 0x6A, 0x82, 0x36, 0xF2,
  0x58, 0x1A, 0xF3, 0x71, 0x81, 0x7F, 0x25, 0x83, 0x12, 0x4D, 0xE6, 0x06, 0xA0, 0xE0, 0x46, 0x81,
  0x14, 0x33,
  // "ŋ" (U+014B), RLE, 4 bytes saved (6.8%)
  0x8A, 0x39, 0xD2, 0xBE, 0xEA, 0x10, 0x9F, 0xEA, 0x7B, 0xFA, 0x09, 0xF8, 0x38, 0x4D, 0xF0, 0x9F,
  0x33, 0x84, 0xAF, 0x19, 0xF2, 0x38, 0x4A, 0xF1, 0x9F, 0x13, 0x84, 0xAF, 0x19, 0xF1, 0x38, 0x4A,
  0xF1, 0x9F, 0x13, 0x84, 0xAF, 0x19, 0xF1, 0x38, 0x1A, 0xF1, 0x68, 0x1A, 0xF1, 0x60, 0xA9, 0x58,
  0x25, 0x7F, 0xD5, 0x82, 0x9F, 0xC3, 0x10,
  // "Ō" (U+014C), RLE, 15 bytes saved (18.1%)
  0x38, 0x01, 0x15, 0x05, 0xC0, 0xB5, 0x84, 0x14, 0x44, 0x43, 0x58, 0x53, 0xAD, 0xFD, 0xA3, 0x38,
  0x94, 0x7F, 0xE8, 0x78, 0xEF, 0x60, 0x3F, 0xD1, 0x38, 0x51, 0xDF, 0x29, 0xF5, 0x58, 0x26, 0xF8,
  0xD9, 0x68, 0x31, 0xFC, 0xFE, 0x79, 0x81, 0xEF, 0xE7, 0x90, 0xE0, 0xD9, 0x68, 0x41, 0xFC, 0x9F,
  0x55, 0x85, 0x6F, 0x83, 0xFD, 0x13, 0x89, 0x41, 0xDF, 0x20, 0x7F, 0xE8, 0x78, 0xEF, 0x63, 0x85,
  0x4A, 0xDF, 0xDA, 0x32,
  // "ō" (U+014D), RLE, 4 bytes saved (6.7%)
  0x38, 0x01, 0x14, 0x05, 0xC0, 0xB4, 0x84, 0x14, 0x44, 0x43, 0x48, 0x43, 0xBE, 0xEB, 0x33, 0x86,
  0x4F, 0xD8, 0x8D, 0xF4, 0x28, 0x1C, 0xF2, 0x28, 0x11, 0xFC, 0x29, 0x0B, 0x48, 0x4B, 0xF1, 0x1F,
  0xA4, 0x84, 0x9F, 0x20, 0xFC, 0x48, 0x5B, 0xF1, 0x0B, 0xF2, 0x28, 0x11, 0xFD, 0x28, 0x63, 0xFE,
  0x88, 0xDF, 0x43, 0x84, 0x3B, 0xEE, 0xB4, 0x20,
  // "Ŏ" (U+014E), RLE, 16 bytes saved (18.2%)
  0x30, 0x23, 0x02, 0x58, 0x43, 0xE3, 0x26, 0xE6, 0x09, 0xB0, 0x57, 0x81, 0x24, 0x16, 0x85, 0x3A,
  0xDF, 0xDA, 0x33, 0x89, 0x47, 0xFE, 0x87, 0x8E, 0xF6, 0x03, 0xFD, 0x13, 0x85, 0x1D, 0xF2, 0x9F,
  0x55, 0x82, 0x6F, 0x8D, 0x96, 0x83, 0x1F, 0xCF, 0xE7, 0x98, 0x1E, 0xFE, 0x79, 0x0E, 0x0D, 0x96,
  0x84, 0x1F, 0xC9, 0xF5, 0x58, 0x56, 0xF8, 0x3F, 0xD1, 0x38, 0x94, 0x1D, 0xF2, 0x07, 0xFE, 0x87,
  0x8E, 0xF6, 0x38, 0x54, 0xAD, 0xFD, 0xA3, 0x20,
  // "ŏ" (U+014F), RLE, 6 bytes saved (9.2%)
  0x30, 0x23, 0x02, 0x48, 0x43, 0xE3, 0x26, 0xE5, 0x09, 0xB0, 0x56, 0x81, 0x24, 0x15, 0x84, 0x3B,
  0xEE, 0xB3, 0x38, 0x64, 0xFD, 0x88, 0xDF, 0x42, 0x81, 0xCF, 0x22, 0x81, 0x1F, 0xC2, 0x90, 0xB4,
  0x84, 0xBF, 0x11, 0xFA, 0x48, 0x49, 0xF2, 0x0F, 0xC4, 0x85, 0xBF, 0x10, 0xBF, 0x22, 0x81, 0x1F,
  0xD2, 0x86, 0x3F, 0xE8, 0x8D, 0xF4, 0x38, 0x43, 0xBE, 0xEB, 0x42,
  // "Ő" (U+0150), RLE, 15 bytes saved (17.0%)
  0x48, 0x41, 0xCA, 0x1C, 0xA5, 0x84, 0x9E, 0x28, 0xE2, 0x48, 0x42, 0xE3, 0x2E, 0x37, 0x71, 0x85,
  0x3A, 0xDF, 0xDA, 0x33, 0x89, 0x47, 0xFE, 0x87, 0x8E, 0xF6, 0x03, 0xFD, 0x13, 0x85, 0x1D, 0xF2,
  0x9F, 0x55, 0x82, 0x6F, 0x8D, 0x96, 0x83, 0x1F, 0xCF, 0xE7, 0x98, 0x1E, 0xFE, 0x79, 0x0E, 0x0D,
  0x96, 0x84, 0x1F, 0xC9, 0xF5, 0x58, 0x56, 0xF8, 0x3F, 0xD1, 0x38, 0x94, 0x1D, 0xF2, 0x07, 0xFE,
  0x87, 0x8E, 0xF6, 0x38, 0x54, 0xAD, 0xFD, 0xA3, 0x20,
  // "ő" (U+0151), RLE, 5 bytes saved (7.7%)
  0x38, 0x41, 0xCA, 0x1C, 0xA4, 0x84, 0x9E, 0x28, 0xE2, 0x38, 0x42, 0xE3, 0x2E, 0x37, 0x78, 0x43,
  0xBE, 0xEB, 0x33, 0x86, 0x4F, 0xD8, 0x8D, 0xF4, 0x28, 0x1C, 0xF2, 0x28, 0x11, 0xFC, 0x29, 0x0B,
  0x48, 0x4B, 0xF1, 0x1F, 0xA4, 0x84, 0x9F, 0x20, 0xFC, 0x48, 0x5B, 0xF1, 0x0B, 0xF2, 0x28, 0x11,
  0xFD, 0x28, 0x63, 0xFE, 0x88, 0xDF, 0x43, 0x84, 0x3B, 0xEE, 0xB4, 0x20,
  // "Œ" (U+0152), RLE, 15 bytes saved (17.9%)
  0x28, 0x14, 0xBE, 0xF9, 0x8A, 0x18, 0x07, 0xFD, 0x87, 0x7E, 0xE6, 0x66, 0x63, 0x3F, 0xC1, 0x30,
  0xE0, 0xD5, 0x81, 0x9F, 0x54, 0x0E, 0x0D, 0x50, 0xD9, 0x58, 0x7E, 0xD1, 0x11, 0x10, 0xFD, 0x50,
  0xED, 0x81, 0x3F, 0xD5, 0x86, 0xEE, 0x44, 0x44, 0x1D, 0x95, 0x0E, 0x0D, 0x58, 0x19, 0xF5, 0x40,
  0xE0, 0xD5, 0x81, 0x3F, 0xC4, 0x0E, 0x0D, 0x68, 0x93, 0x7F, 0xD8, 0x77, 0xEE, 0x66, 0x66, 0x32,
  0x81, 0x4B, 0xEF, 0x90, 0x80,
  // "œ" (U+0153), uncompressed
  0x00, 0x4B, 0xEE, 0xA1, 0x08, 0xEF, 0xC3, 0x00, 0x4F, 0xD8, 0x8E, 0xDA, 0xF9, 0x7D, 0xF3, 0x0C,
  0xF1, 0x00, 0x2F, 0xF7, 0x00, 0x2F, 0xA1, 0xFB, 0x00, 0x00, 0xDF, 0x41, 0x11, 0xDD, 0x2F, 0xA0,
  0x00, 0x0B, 0xFF, 0xFF, 0xFF, 0xE0, 0xFB, 0x00, 0x00, 0xDF, 0x64, 0x44, 0x44, 0x0C, 0xF1, 0x00,
  0x2F, 0xF6, 0x00, 0x00, 0x00, 0x3F, 0xD8, 0x8E, 0xEB, 0xF9, 0x77, 0xA6, 0x00, 0x3B, 0xEE, 0xA2,
  0x07, 0xDF, 0xEB, 0x30,
  // "Ŕ" (U+0154), RLE, 5 bytes saved (6.9%)
  0x48, 0x16, 0x72, 0x58, 0x15, 0xF8, 0x58, 0x12, 0xE7, 0x76, 0x06, 0xB8, 0x1E, 0xC7, 0x28, 0x92,
  0x6F, 0x96, 0x8C, 0xFB, 0x06, 0xF5, 0x38, 0x4C, 0xF2, 0x6F, 0x53, 0x84, 0x9F, 0x46, 0xF5, 0x38,
  0x93, 0xBF, 0x26, 0xF6, 0x13, 0x8F, 0xA0, 0x6D, 0x08, 0x28, 0x56, 0xF8, 0x49, 0xF6, 0x28, 0x16,
  0xF5, 0x28, 0x5D, 0xE1, 0x06, 0xF5, 0x28, 0x54, 0xFA, 0x06, 0xF5, 0x38, 0x4A, 0xF4, 0x6F, 0x53,
  0x81, 0x1E, 0xD0,
  // "ŕ" (U+0155), RLE, 1 byte saved (2.6%)
  0x38, 0x16, 0x72, 0x28, 0x15, 0xF8, 0x28, 0x12, 0xE7, 0x71, 0x89, 0x59, 0xC0, 0xAE, 0xA9, 0xEC,
  0xB7, 0x49, 0xFA, 0x38, 0x19, 0xF3, 0x38, 0x19, 0xF1, 0x38, 0x19, 0xF1, 0x38, 0x19, 0xF1, 0x38,
  0x19, 0xF1, 0x38, 0x19, 0xF1, 0x30,
  // "Ŗ" (U+0156), RLE, 6 bytes saved (8.3%)
  0x06, 0xB8, 0x1E, 0xC7, 0x28, 0x92, 0x6F, 0x96, 0x8C, 0xFB, 0x06, 0xF5, 0x38, 0x4C, 0xF2, 0x6F,
  0x53, 0x84, 0x9F, 0x46, 0xF5, 0x38, 0x93, 0xBF, 0x26, 0xF6, 0x13, 0x8F, 0xA0, 0x6D, 0x08, 0x28,
  0x56, 0xF8, 0x49, 0xF6, 0x28, 0x16, 0xF5, 0x28, 0x5D, 0xE1, 0x06, 0xF5, 0x28, 0x54, 0xFA, 0x06,
  0xF5, 0x38, 0x4A, 0xF4, 0x6F, 0x53, 0x81, 0x1E, 0xD7, 0x60, 0xD0, 0x86, 0x81, 0x3F, 0x36, 0x07,
  0x0A, 0x40,
  // "ŗ" (U+0157), RLE, 3 bytes saved (7.7%)
  0x89, 0x59, 0xC0, 0xAE, 0xA9, 0xEC, 0xB7, 0x49, 0xFA, 0x38, 0x19, 0xF3, 0x38, 0x19, 0xF1, 0x38,
  0x19, 0xF1, 0x38, 0x19, 0xF1, 0x38, 0x19, 0xF1, 0x38, 0x19, 0xF1, 0x72, 0x81, 0x4D, 0x33, 0x08,
  0x0D, 0x40, 0xC0, 0x54,
  // "Ř" (U+0158), RLE, 1 byte saved (1.4%)
  0x18, 0x12, 0x71, 0x20, 0x60, 0x43, 0x84, 0x9E, 0x4C, 0xC1, 0x48, 0x2A, 0xFD, 0x17, 0x40, 0x6B,
  0x81, 0xEC, 0x72, 0x89, 0x26, 0xF9, 0x68, 0xCF, 0xB0, 0x6F, 0x53, 0x84, 0xCF, 0x26, 0xF5, 0x38,
  0x49, 0xF4, 0x6F, 0x53, 0x89, 0x3B, 0xF2, 0x6F, 0x61, 0x38, 0xFA, 0x06, 0xD0, 0x82, 0x85, 0x6F,
  0x84, 0x9F, 0x62, 0x81, 0x6F, 0x52, 0x85, 0xDE, 0x10, 0x6F, 0x52, 0x85, 0x4F, 0xA0, 0x6F, 0x53,
  0x84, 0xAF, 0x46, 0xF5, 0x38, 0x11, 0xED,
  // "ř" (U+0159), RLE, 4 bytes saved (8.7%)
  0x81, 0x27, 0x12, 0x87, 0x64, 0x09, 0xE4, 0xCC, 0x12, 0x82, 0xAF, 0xD1, 0x72, 0x89, 0x79, 0xC0,
  0xAE, 0xA0, 0x9E, 0xCB, 0x74, 0x09, 0xFA, 0x48, 0x19, 0xF3, 0x48, 0x19, 0xF1, 0x48, 0x19, 0xF1,
  0x48, 0x19, 0xF1, 0x48, 0x19, 0xF1, 0x48, 0x19, 0xF1, 0x30,
  // "Ś" (U+015A), RLE, 18 bytes saved (25.0%)
  0x58, 0x16, 0x72, 0x58, 0x15, 0xF8, 0x58, 0x12, 0xE7, 0x77, 0x84, 0x6C, 0xEE, 0xC8, 0x28, 0x58,
  0xFB, 0x78, 0xBC, 0x29, 0x0D, 0x79, 0x0D, 0x78, 0x2B, 0xF9, 0x15, 0x01, 0x0C, 0xA0, 0x90, 0x25,
  0x05, 0x0C, 0xA0, 0x66, 0x82, 0x5E, 0xF1, 0x68, 0x18, 0xF4, 0x68, 0xA1, 0x9F, 0x32, 0xEA, 0x87,
  0xAF, 0xB0, 0x19, 0xDE, 0xEC, 0x72,
  // "ś" (U+015B), RLE, 8 bytes saved (15.4%)
  0x48, 0x16, 0x72, 0x48, 0x15, 0xF8, 0x48, 0x12, 0xE7, 0x75, 0x84, 0x3B, 0xEE, 0xD8, 0x28, 0x90,
  0xEE, 0x87, 0xAB, 0x02, 0xF9, 0x68, 0x2C, 0xF9, 0x35, 0x83, 0x7D, 0xFB, 0x35, 0x82, 0x5D, 0xE1,
  0x58, 0xA0, 0x7F, 0x32, 0xD9, 0x78, 0xEE, 0x01, 0xAE, 0xFE, 0xA2, 0x10,
  // "Ŝ" (U+015C), RLE, 15 bytes saved (20.8%)
  0x38, 0x13, 0x76, 0x58, 0x32, 0xED, 0xF5, 0x38, 0x51, 0xD8, 0x05, 0xE5, 0x75, 0x84, 0x6C, 0xEE,
  0xC8, 0x28, 0x58, 0xFB, 0x78, 0xBC, 0x29, 0x0D, 0x79, 0x0D, 0x78, 0x2B, 0xF9, 0x15, 0x01, 0x0C,
  0xA0, 0x90, 0x25, 0x05, 0x0C, 0xA0, 0x66, 0x82, 0x5E, 0xF1, 0x68, 0x18, 0xF4, 0x68, 0xA1, 0x9F,
  0x32, 0xEA, 0x87, 0xAF, 0xB0, 0x19, 0xDE, 0xEC, 0x72,
  // "ŝ" (U+015D), RLE, 5 bytes saved (9.6%)
  0x28, 0x13, 0x76, 0x48, 0x32, 0xED, 0xF5, 0x28, 0x51, 0xD8, 0x05, 0xE5, 0x73, 0x84, 0x3B, 0xEE,
  0xD8, 0x28, 0x90, 0xEE, 0x87, 0xAB, 0x02, 0xF9, 0x68, 0x2C, 0xF9, 0x35, 0x83, 0x7D, 0xFB, 0x35,
  0x82, 0x5D, 0xE1, 0x58, 0xA0, 0x7F, 0x32, 0xD9, 0x78, 0xEE, 0x01, 0xAE, 0xFE, 0xA2, 0x10,
  // "Ş" (U+015E), RLE, 19 bytes saved (24.7%)
  0x28, 0x46, 0xCE, 0xEC, 0x82, 0x85, 0x8F, 0xB7, 0x8B, 0xC2, 0x90, 0xD7, 0x90, 0xD7, 0x82, 0xBF,
  0x91, 0x50, 0x10, 0xCA, 0x09, 0x02, 0x50, 0x50, 0xCA, 0x06, 0x68, 0x25, 0xEF, 0x16, 0x81, 0x8F,
  0x46, 0x8A, 0x19, 0xF3, 0x2E, 0xA8, 0x7A, 0xFB, 0x01, 0x9D, 0xEE, 0xC7, 0x60, 0xC0, 0x36, 0x82,
  0x2C, 0xD2, 0x79, 0x06, 0x58, 0x2D, 0xFC, 0x15, 0x01, 0x50,
  // "ş" (U+015F), RLE, 9 bytes saved (16.1%)
  0x18, 0x43, 0xBE, 0xED, 0x82, 0x89, 0x0E, 0xE8, 0x7A, 0xB0, 0x2F, 0x96, 0x82, 0xCF, 0x93, 0x58,
  0x37, 0xDF, 0xB3, 0x58, 0x25, 0xDE, 0x15, 0x8A, 0x07, 0xF3, 0x2D, 0x97, 0x8E, 0xE0, 0x1A, 0xEF,
  0xEA, 0x24, 0x0C, 0x03, 0x58, 0x22, 0xCD, 0x26, 0x90, 0x64, 0x82, 0xDF, 0xC1, 0x40, 0x15,
  // "Š" (U+0160), RLE, 13 bytes saved (18.1%)
  0x18, 0x12, 0x71, 0x20, 0x60, 0x43, 0x84, 0x9E, 0x4C, 0xC1, 0x48, 0x2A, 0xFD, 0x17, 0x68, 0x46,
  0xCE, 0xEC, 0x82, 0x85, 0x8F, 0xB7, 0x8B, 0xC2, 0x90, 0xD7, 0x90, 0xD7, 0x82, 0xBF, 0x91, 0x50,
  0x10, 0xCA, 0x09, 0x02, 0x50, 0x50, 0xCA, 0x06, 0x68, 0x25, 0xEF, 0x16, 0x81, 0x8F, 0x46, 0x8A,
  0x19, 0xF3, 0x2E, 0xA8, 0x7A, 0xFB, 0x01, 0x9D, 0xEE, 0xC7, 0x20,
  // "š" (U+0161), RLE, 4 bytes saved (7.7%)
  0x81, 0x27, 0x12, 0x06, 0x04, 0x28, 0x49, 0xE4, 0xCC, 0x13, 0x82, 0xAF, 0xD1, 0x74, 0x84, 0x3B,
  0xEE, 0xD8, 0x28, 0x90, 0xEE, 0x87, 0xAB, 0x02, 0xF9, 0x68, 0x2C, 0xF9, 0x35, 0x83, 0x7D, 0xFB,
  0x35, 0x82, 0x5D, 0xE1, 0x58, 0xA0, 0x7F, 0x32, 0xD9, 0x78, 0xEE, 0x01, 0xAE, 0xFE, 0xA2, 0x10,
  // "Ţ" (U+0162), RLE, 32 bytes saved (37.6%)
  0x0C, 0xF9, 0x85, 0x15, 0x66, 0x9F, 0xB0, 0xF6, 0x48, 0x13, 0xF8, 0x78, 0x13, 0xF8, 0x78, 0x13,
  0xF8, 0x78, 0x13, 0xF8, 0x78, 0x13, 0xF8, 0x78, 0x13, 0xF8, 0x78, 0x13, 0xF8, 0x78, 0x13, 0xF8,
  0x78, 0x13, 0xF8, 0x78, 0x13, 0xF8, 0x71, 0x0C, 0x03, 0x78, 0x22, 0xCD, 0x27, 0x19, 0x06, 0x68,
  0x2D, 0xFC, 0x16, 0x01, 0x60,
  // "ţ" (U+0163), uncompressed
  0x00, 0xE4, 0x00, 0x04, 0xF4, 0x00, 0x6E, 0xFF, 0xFC, 0x4A, 0xF9, 0x65, 0x07, 0xF4, 0x00, 0x07,
  0xF4, 0x00, 0x07, 0xF4, 0x00, 0x07, 0xF4, 0x00, 0x06, 0xF5, 0x00, 0x04, 0xFD, 0x77, 0x00, 0x7D,
  0xFB, 0x00, 0x0C, 0x30, 0x00, 0x2C, 0xD2, 0x00, 0x00, 0xF6, 0x00, 0xDF, 0xC1, 0x00, 0x10, 0x00,
  // "Ť" (U+0164), RLE, 27 bytes saved (33.8%)
  0x18, 0x12, 0x71, 0x20, 0x60, 0x44, 0x84, 0x9E, 0x4C, 0xC1, 0x58, 0x2A, 0xFD, 0x17, 0x60, 0xCF,
  0x98, 0x51, 0x56, 0x69, 0xFB, 0x0F, 0x64, 0x81, 0x3F, 0x87, 0x81, 0x3F, 0x87, 0x81, 0x3F, 0x87,
  0x81, 0x3F, 0x87, 0x81, 0x3F, 0x87, 0x81, 0x3F, 0x87, 0x81, 0x3F, 0x87, 0x81, 0x3F, 0x87, 0x81,
  0x3F, 0x87, 0x81, 0x3F, 0x84,
  // "ť" (U+0165), RLE, 11 bytes saved (20.4%)
  0x68, 0x18, 0xF1, 0x20, 0x23, 0x00, 0xA2, 0x81, 0x2F, 0x42, 0x83, 0xC3, 0x05, 0xDB, 0x0C, 0x38,
  0x44, 0xAF, 0x96, 0x54, 0x81, 0x7F, 0x46, 0x81, 0x7F, 0x46, 0x81, 0x7F, 0x46, 0x81, 0x7F, 0x46,
  0x81, 0x6F, 0x56, 0x83, 0x4F, 0xD7, 0x75, 0x82, 0x7D, 0xFB, 0x30,
  // "Ŧ" (U+0166), RLE, 17 bytes saved (28.3%)
  0x0C, 0xF9, 0x85, 0x15, 0x66, 0x9F, 0xB0, 0xF6, 0x48, 0x13, 0xF8, 0x78, 0x13, 0xF8, 0x58, 0x51,
  0x15, 0xF9, 0x11, 0x30, 0x9D, 0x0D, 0x38, 0x52, 0x47, 0xFA, 0x44, 0x58, 0x13, 0xF8, 0x78, 0x13,
  0xF8, 0x78, 0x13, 0xF8, 0x78, 0x13, 0xF8, 0x78, 0x13, 0xF8, 0x40,
  // "ŧ" (U+0167), uncompressed
  0x00, 0xE4, 0x00, 0x04, 0xF4, 0x00, 0x6E, 0xFF, 0xFC, 0x4A, 0xF9, 0x65, 0x18, 0xF5, 0x11, 0x9F,
  0xFF, 0xF9, 0x29, 0xF7, 0x43, 0x07, 0xF4, 0x00, 0x06, 0xF5, 0x00, 0x03, 0xFD, 0x77, 0x00, 0x7D,
  0xFB,
  // "Ũ" (U+0168), RLE, 6 bytes saved (7.5%)
  0x30, 0x13, 0x01, 0x48, 0x49, 0xFC, 0x56, 0xB3, 0x82, 0x2E, 0x6B, 0xA0, 0x53, 0x01, 0x03, 0x20,
  0x02, 0x38, 0x18, 0xF3, 0x48, 0x41, 0xFA, 0x8F, 0x34, 0x84, 0x1F, 0xA8, 0xF3, 0x48, 0x41, 0xFA,
  0x8F, 0x34, 0x84, 0x1F, 0xA8, 0xF3, 0x48, 0x41, 0xFA, 0x8F, 0x34, 0x84, 0x1F, 0xA8, 0xF3, 0x48,
  0x41, 0xFA, 0x8F, 0x44, 0x84, 0x1F, 0xA6, 0xF5, 0x48, 0x43, 0xF9, 0x2F, 0xC4, 0x89, 0x29, 0xF5,
  0x09, 0xFC, 0x87, 0xBF, 0xB3, 0x84, 0x6C, 0xFE, 0xC7, 0x20,
  // "ũ" (U+0169), RLE, 1 byte saved (1.9%)
  0x20, 0x13, 0x01, 0x28, 0x91, 0x9F, 0xC5, 0x6B, 0x02, 0xE6, 0xBA, 0x82, 0x50, 0x13, 0x20, 0x02,
  0x20, 0xB9, 0x48, 0x1B, 0xFB, 0x94, 0x81, 0xBF, 0xB9, 0x48, 0x1B, 0xFB, 0x94, 0x81, 0xBF, 0xB9,
  0x48, 0x1B, 0xFB, 0x94, 0x83, 0xCF, 0x9F, 0x22, 0x01, 0xA8, 0x45, 0xFC, 0x55, 0xCA, 0x18, 0x47,
  0xDF, 0xD7, 0x79,
  // "Ū" (U+016A), RLE, 8 bytes saved (10.7%)
  0x38, 0x01, 0x14, 0x05, 0xC0, 0xB4, 0x84, 0x14, 0x44, 0x43, 0x28, 0x18, 0xF3, 0x48, 0x41, 0xFA,
  0x8F, 0x34, 0x84, 0x1F, 0xA8, 0xF3, 0x48, 0x41, 0xFA, 0x8F, 0x34, 0x84, 0x1F, 0xA8, 0xF3, 0x48,
  0x41, 0xFA, 0x8F, 0x34, 0x84, 0x1F, 0xA8, 0xF3, 0x48, 0x41, 0xFA, 0x8F, 0x44, 0x84, 0x1F, 0xA6,
  0xF5, 0x48, 0x43, 0xF9, 0x2F, 0xC4, 0x89, 0x29, 0xF5, 0x09, 0xFC, 0x87, 0xBF, 0xB3, 0x84, 0x6C,
  0xFE, 0xC7, 0x20,
  // "ū" (U+016B), RLE, 3 bytes saved (6.3%)
  0x28, 0x01, 0x12, 0x05, 0xC0, 0xB2, 0x86, 0x14, 0x44, 0x43, 0x0B, 0x94, 0x81, 0xBF, 0xB9, 0x48,
  0x1B, 0xFB, 0x94, 0x81, 0xBF, 0xB9, 0x48, 0x1B, 0xFB, 0x94, 0x81, 0xBF, 0xB9, 0x48, 0x3C, 0xF9,
  0xF2, 0x20, 0x1A, 0x84, 0x5F, 0xC5, 0x5C, 0xA1, 0x84, 0x7D, 0xFD, 0x77, 0x90,
  // "Ŭ" (U+016C), RLE, 10 bytes saved (12.5%)
  0x30, 0x23, 0x02, 0x48, 0x43, 0xE3, 0x26, 0xE5, 0x09, 0xB0, 0x56, 0x81, 0x24, 0x13, 0x81, 0x8F,
  0x34, 0x84, 0x1F, 0xA8, 0xF3, 0x48, 0x41, 0xFA, 0x8F, 0x34, 0x84, 0x1F, 0xA8, 0xF3, 0x48, 0x41,
  0xFA, 0x8F, 0x34, 0x84, 0x1F, 0xA8, 0xF3, 0x48, 0x41, 0xFA, 0x8F, 0x34, 0x84, 0x1F, 0xA8, 0xF4,
  0x48, 0x41, 0xFA, 0x6F, 0x54, 0x84, 0x3F, 0x92, 0xFC, 0x48, 0x92, 0x9F, 0x50, 0x9F, 0xC8, 0x7B,
  0xFB, 0x38, 0x46, 0xCF, 0xEC, 0x72,
  // "ŭ" (U+016D), RLE, 3 bytes saved (5.8%)
  0x20, 0x23, 0x02, 0x28, 0x43, 0xE3, 0x26, 0xE3, 0x09, 0xB0, 0x54, 0x81, 0x24, 0x12, 0x0B, 0x94,
  0x81, 0xBF, 0xB9, 0x48, 0x1B, 0xFB, 0x94, 0x81, 0xBF, 0xB9, 0x48, 0x1B, 0xFB, 0x94, 0x81, 0xBF,
  0xB9, 0x48, 0x3C, 0xF9, 0xF2, 0x20, 0x1A, 0x84, 0x5F, 0xC5, 0x5C, 0xA1, 0x84, 0x7D, 0xFD, 0x77,
  0x90,
  // "Ů" (U+016E), RLE, 12 bytes saved (14.1%)
  0x50, 0x17, 0x18, 0x2C, 0xFD, 0x15, 0x83, 0x4D, 0x7D, 0x55, 0x83, 0x1E, 0xFE, 0x26, 0x81, 0x14,
  0x13, 0x81, 0x8F, 0x34, 0x84, 0x1F, 0xA8, 0xF3, 0x48, 0x41, 0xFA, 0x8F, 0x34, 0x84, 0x1F, 0xA8,
  0xF3, 0x48, 0x41, 0xFA, 0x8F, 0x34, 0x84, 0x1F, 0xA8, 0xF3, 0x48, 0x41, 0xFA, 0x8F, 0x34, 0x84,
  0x1F, 0xA8, 0xF4, 0x48, 0x41, 0xFA, 0x6F, 0x54, 0x84, 0x3F, 0x92, 0xFC, 0x48, 0x92, 0x9F, 0x50,
  0x9F, 0xC8, 0x7B, 0xFB, 0x38, 0x46, 0xCF, 0xEC, 0x72,
  // "ů" (U+016F), RLE, 5 bytes saved (8.9%)
  0x40, 0x16, 0x82, 0xCF, 0xD1, 0x38, 0x34, 0xD7, 0xD5, 0x38, 0x31, 0xEF, 0xE2, 0x48, 0x11, 0x41,
  0x20, 0xB9, 0x48, 0x1B, 0xFB, 0x94, 0x81, 0xBF, 0xB9, 0x48, 0x1B, 0xFB, 0x94, 0x81, 0xBF, 0xB9,
  0x48, 0x1B, 0xFB, 0x94, 0x83, 0xCF, 0x9F, 0x22, 0x01, 0xA8, 0x45, 0xFC, 0x55, 0xCA, 0x18, 0x47,
  0xDF, 0xD7, 0x79,
  // "Ű" (U+0170), RLE, 9 bytes saved (11.3%)
  0x38, 0x41, 0xCA, 0x1C, 0xA4, 0x84, 0x9E, 0x28, 0xE2, 0x38, 0x42, 0xE3, 0x2E, 0x37, 0x58, 0x18,
  0xF3, 0x48, 0x41, 0xFA, 0x8F, 0x34, 0x84, 0x1F, 0xA8, 0xF3, 0x48, 0x41, 0xFA, 0x8F, 0x34, 0x84,
  0x1F, 0xA8, 0xF3, 0x48, 0x41, 0xFA, 0x8F, 0x34, 0x84, 0x1F, 0xA8, 0xF3, 0x48, 0x41, 0xFA, 0x8F,
  0x44, 0x84, 0x1F, 0xA6, 0xF5, 0x48, 0x43, 0xF9, 0x2F, 0xC4, 0x89, 0x29, 0xF5, 0x09, 0xFC, 0x87,
  0xBF, 0xB3, 0x84, 0x6C, 0xFE, 0xC7, 0x20,
  // "ű" (U+0171), RLE, 3 bytes saved (5.8%)
  0x28, 0x41, 0xCA, 0x1C, 0xA2, 0x89, 0x39, 0xE2, 0x8E, 0x20, 0x2E, 0x32, 0xE3, 0x72, 0x0B, 0x94,
  0x81, 0xBF, 0xB9, 0x48, 0x1B, 0xFB, 0x94, 0x81, 0xBF, 0xB9, 0x48, 0x1B, 0xFB, 0x94, 0x81, 0xBF,
  0xB9, 0x48, 0x3C, 0xF9, 0xF2, 0x20, 0x1A, 0x84, 0x5F, 0xC5, 0x5C, 0xA1, 0x84, 0x7D, 0xFD, 0x77,
  0x90,
  // "Ų" (U+0172), RLE, 10 bytes saved (12.5%)
  0x81, 0x8F, 0x34, 0x84, 0x1F, 0xA8, 0xF3, 0x48, 0x41, 0xFA, 0x8F, 0x34, 0x84, 0x1F, 0xA8, 0xF3,
  0x48, 0x41, 0xFA, 0x8F, 0x34, 0x84, 0x1F, 0xA8, 0xF3, 0x48, 0x41, 0xFA, 0x8F, 0x34, 0x84, 0x1F,
  0xA8, 0xF4, 0x48, 0x41, 0xFA, 0x6F, 0x54, 0x84, 0x3F, 0x92, 0xFC, 0x48, 0x92, 0x9F, 0x50, 0x9F,
  0xC8, 0x7B, 0xFC, 0x38, 0x56, 0xCF, 0xEF, 0xD1, 0x68, 0x11, 0xE2, 0x70, 0x70, 0xC7, 0x18, 0x27,
  0xF7, 0x26, 0x82, 0x1C, 0xE4, 0x10,
  // "ų" (U+0173), RLE, 9 bytes saved (14.3%)
  0x0B, 0x94, 0x82, 0xBF, 0x0B, 0x94, 0x82, 0xBF, 0x0B, 0x94, 0x82, 0xBF, 0x0B, 0x94, 0x82, 0xBF,
  0x0B, 0x94, 0x82, 0xBF, 0x0B, 0x94, 0x84, 0xCF, 0x09, 0xF2, 0x20, 0x1A, 0x18, 0x45, 0xFC, 0x55,
  0xCA, 0x28, 0x47, 0xDF, 0xD7, 0x79, 0x70, 0x40, 0xB6, 0x81, 0x1E, 0x36, 0x82, 0x4F, 0x31, 0x58,
  0x21, 0xEF, 0x86, 0x81, 0x14, 0x10,
  // "Ŵ" (U+0174), RLE, 20 bytes saved (15.6%)
  0x68, 0x13, 0x76, 0x75, 0x83, 0x2E, 0xDF, 0x57, 0x38, 0x51, 0xD8, 0x05, 0xE5, 0x77, 0x78, 0x1B,
  0xF1, 0x38, 0x14, 0xFB, 0x48, 0x48, 0xF3, 0x7F, 0x53, 0x09, 0xA4, 0x84, 0xCE, 0x03, 0xF9, 0x38,
  0x2D, 0xDF, 0x43, 0x90, 0xB2, 0x0E, 0x0C, 0x28, 0x32, 0xF7, 0xF9, 0x28, 0x14, 0xF7, 0x28, 0x7B,
  0xF1, 0x06, 0xF3, 0xBD, 0x28, 0x18, 0xF3, 0x28, 0x93, 0x7F, 0x40, 0xAE, 0x07, 0xF2, 0x0C, 0xE3,
  0x89, 0x33, 0xF8, 0x0E, 0xA0, 0x2F, 0x70, 0xFA, 0x48, 0x3E, 0xC3, 0xF5, 0x28, 0x3D, 0xB4, 0xF6,
  0x48, 0x3A, 0xF7, 0xF1, 0x28, 0x39, 0xE7, 0xF2, 0x48, 0x26, 0xFC, 0xC3, 0x82, 0x5F, 0xCE, 0x50,
  0x2A, 0x08, 0x30, 0x1A, 0x0A, 0x68, 0x1E, 0xF3, 0x48, 0x1B, 0xF6, 0x30,
  // "ŵ" (U+0175), RLE, 8 bytes saved (9.4%)
  0x58, 0x13, 0x76, 0x72, 0x83, 0x2E, 0xDF, 0x57, 0x85, 0x1D, 0x80, 0x5E, 0x57, 0x72, 0x81, 0xAF,
  0x12, 0x81, 0x6F, 0xB3, 0x83, 0xBF, 0x6F, 0x52, 0x82, 0xBE, 0xF1, 0x29, 0x82, 0xB2, 0xF9, 0x29,
  0x8B, 0x68, 0xF5, 0x04, 0xF6, 0x0D, 0xD0, 0x4F, 0x2D, 0x90, 0x8F, 0x20, 0x9F, 0x19, 0xE0, 0x9E,
  0x0C, 0xD2, 0x89, 0x14, 0xF5, 0xD9, 0x05, 0xF3, 0xF9, 0x39, 0x87, 0x9F, 0x50, 0x1F, 0xAF, 0x53,
  0x0B, 0x0E, 0x93, 0x82, 0xCE, 0xF1, 0x38, 0x17, 0xFB, 0x38, 0x17, 0xFC, 0x20,
  // "Ŷ" (U+0176), RLE, 19 bytes saved (23.8%)
  0x38, 0x13, 0x76, 0x68, 0x32, 0xED, 0xF5, 0x48, 0x51, 0xD8, 0x05, 0xE5, 0x75, 0x81, 0xBF, 0x34,
  0x84, 0x8F, 0x53, 0xFB, 0x38, 0x11, 0xFC, 0x28, 0x1A, 0xF3, 0x28, 0x19, 0xF4, 0x28, 0x52, 0xFB,
  0x02, 0xFB, 0x48, 0x49, 0xF4, 0xAF, 0x34, 0x83, 0x2F, 0xDF, 0xA6, 0x09, 0xA0, 0x26, 0x81, 0x2F,
  0xB7, 0x81, 0x1F, 0xA7, 0x81, 0x1F, 0xA7, 0x81, 0x1F, 0xA7, 0x81, 0x1F, 0xA4,
  // "ŷ" (U+0177), RLE, 11 bytes saved (14.3%)
  0x38, 0x13, 0x76, 0x58, 0x32, 0xED, 0xF5, 0x38, 0x51, 0xD8, 0x05, 0xE5, 0x73, 0x81, 0xCF, 0x13,
  0x84, 0x5F, 0x76, 0xF6, 0x38, 0x4A, 0xF2, 0x0E, 0xC2, 0x81, 0x1F, 0xB2, 0x85, 0x9F, 0x20, 0x6F,
  0x62, 0x84, 0x3F, 0x80, 0xBE, 0x48, 0x3C, 0xD1, 0xFA, 0x48, 0x36, 0xF8, 0xF4, 0x48, 0x21, 0xEE,
  0xD6, 0x81, 0x9F, 0x86, 0x81, 0x9F, 0x25, 0x81, 0x1E, 0xB4, 0x83, 0x47, 0xDF, 0x34, 0x82, 0xAF,
  0xC4, 0x50,
  // "Ÿ" (U+0178), RLE, 17 bytes saved (22.7%)
  0x28, 0x47, 0xF1, 0x5F, 0x34, 0x01, 0x03, 0x20, 0x37, 0x68, 0x1B, 0xF3, 0x48, 0x48, 0xF5, 0x3F,
  0xB3, 0x81, 0x1F, 0xC2, 0x81, 0xAF, 0x32, 0x81, 0x9F, 0x42, 0x85, 0x2F, 0xB0, 0x2F, 0xB4, 0x84,
  0x9F, 0x4A, 0xF3, 0x48, 0x32, 0xFD, 0xFA, 0x60, 0x9A, 0x02, 0x68, 0x12, 0xFB, 0x78, 0x11, 0xFA,
  0x78, 0x11, 0xFA, 0x78, 0x11, 0xFA, 0x78, 0x11, 0xFA, 0x40,
  // "Ź" (U+0179), RLE, 23 bytes saved (31.9%)
  0x58, 0x16, 0x72, 0x58, 0x15, 0xF8, 0x58, 0x12, 0xE7, 0x75, 0x03, 0xF0, 0xB0, 0x18, 0x01, 0x68,
  0x1B, 0xF8, 0x58, 0x12, 0xED, 0x68, 0x1B, 0xF4, 0x58, 0x15, 0xF9, 0x58, 0x21, 0xEE, 0x15, 0x81,
  0xAF, 0x55, 0x81, 0x4F, 0xA6, 0x81, 0xDE, 0x15, 0x81, 0x9F, 0x55, 0x81, 0x3F, 0xE8, 0x03, 0x6F,
  0x0D,
  // "ź" (U+017A), RLE, 13 bytes saved (25.0%)
  0x48, 0x16, 0x72, 0x48, 0x15, 0xF8, 0x48, 0x12, 0xE7, 0x74, 0x02, 0xE8, 0x61, 0x06, 0x66, 0x7F,
  0xE5, 0x81, 0x9F, 0x44, 0x81, 0x4F, 0x84, 0x81, 0x1E, 0xC5, 0x81, 0xBE, 0x24, 0x81, 0x7F, 0x64,
  0x87, 0x2F, 0xE6, 0x66, 0x61, 0x6E, 0x03,
  // "Ż" (U+017B), RLE, 22 bytes saved (32.4%)
  0x38, 0x14, 0xF8, 0x70, 0x30, 0x17, 0x50, 0x3F, 0x0B, 0x01, 0x80, 0x16, 0x81, 0xBF, 0x85, 0x81,
  0x2E, 0xD6, 0x81, 0xBF, 0x45, 0x81, 0x5F, 0x95, 0x82, 0x1E, 0xE1, 0x58, 0x1A, 0xF5, 0x58, 0x14,
  0xFA, 0x68, 0x1D, 0xE1, 0x58, 0x19, 0xF5, 0x58, 0x13, 0xFE, 0x80, 0x36, 0xF0, 0xD0,
  // "ż" (U+017C), RLE, 12 bytes saved (25.0%)
  0x28, 0x14, 0xF8, 0x60, 0x30, 0x17, 0x40, 0x2E, 0x86, 0x10, 0x66, 0x67, 0xFE, 0x58, 0x19, 0xF4,
  0x48, 0x14, 0xF8, 0x48, 0x11, 0xEC, 0x58, 0x1B, 0xE2, 0x48, 0x17, 0xF6, 0x48, 0x72, 0xFE, 0x66,
  0x66, 0x16, 0xE0, 0x30,
  // "Ž" (U+017D), RLE, 18 bytes saved (25.0%)
  0x18, 0x12, 0x71, 0x20, 0x60, 0x43, 0x84, 0x9E, 0x4C, 0xC1, 0x48, 0x2A, 0xFD, 0x17, 0x40, 0x3F,
  0x0B, 0x01, 0x80, 0x16, 0x81, 0xBF, 0x85, 0x81, 0x2E, 0xD6, 0x81, 0xBF, 0x45, 0x81, 0x5F, 0x95,
  0x82, 0x1E, 0xE1, 0x58, 0x1A, 0xF5, 0x58, 0x14, 0xFA, 0x68, 0x1D, 0xE1, 0x58, 0x19, 0xF5, 0x58,
  0x13, 0xFE, 0x80, 0x36, 0xF0, 0xD0,
  // "ž" (U+017E), RLE, 9 bytes saved (17.3%)
  0x81, 0x27, 0x12, 0x06, 0x04, 0x28, 0x49, 0xE4, 0xCC, 0x13, 0x82, 0xAF, 0xD1, 0x73, 0x02, 0xE8,
  0x61, 0x06, 0x66, 0x7F, 0xE5, 0x81, 0x9F, 0x44, 0x81, 0x4F, 0x84, 0x81, 0x1E, 0xC5, 0x81, 0xBE,
  0x24, 0x81, 0x7F, 0x64, 0x87, 0x2F, 0xE6, 0x66, 0x61, 0x6E, 0x03,
  // "ſ" (U+017F), uncompressed
  0x07, 0xDF, 0xD5, 0xFC, 0x79, 0x8F, 0x30, 0x09, 0xF1, 0x00, 0x9F, 0x10, 0x09, 0xF1, 0x00, 0x9F,
  0x10, 0x09, 0xF1, 0x00, 0x9F, 0x10, 0x09, 0xF1, 0x00, 0x9F, 0x10, 0x09, 0xF1, 0x00,
  // "Ω" (U+03A9), RLE, 11 bytes saved (14.1%)
  0x38, 0x54, 0xBE, 0xFD, 0xA4, 0x58, 0x78, 0xFD, 0x87, 0x8D, 0xF7, 0x38, 0x15, 0xFC, 0x58, 0x1C,
  0xF3, 0x28, 0x1B, 0xF3, 0x58, 0x14, 0xFA, 0x20, 0xE9, 0x79, 0x0D, 0x29, 0x0D, 0x70, 0xE0, 0xD2,
  0x0D, 0x97, 0x90, 0xC2, 0x81, 0x9F, 0x35, 0x81, 0x3F, 0x82, 0x81, 0x3F, 0x95, 0x81, 0xAF, 0x23,
  0x81, 0x8F, 0x43, 0x81, 0x5F, 0x72, 0x89, 0x42, 0x66, 0xDF, 0x40, 0x5F, 0xD6, 0x62, 0x6C, 0x81,
  0x60, 0x8C, 0x05,
  // "μ" (U+03BC), RLE, 5 bytes saved (8.5%)
  0x81, 0x9F, 0x13, 0x84, 0xAF, 0x19, 0xF1, 0x38, 0x4A, 0xF1, 0x9F, 0x13, 0x84, 0xAF, 0x19, 0xF1,
  0x38, 0x4A, 0xF1, 0x9F, 0x13, 0x84, 0xAF, 0x19, 0xF2, 0x38, 0x4B, 0xF1, 0x9F, 0x42, 0x01, 0xA8,
  0xA4, 0x19, 0xFE, 0x78, 0xDE, 0xF1, 0x9F, 0x9E, 0xE8, 0x6F, 0x19, 0xF1, 0x68, 0x19, 0xF1, 0x68,
  0x19, 0xF1, 0x68, 0x19, 0xF1, 0x60,
  // "π" (U+03C0), RLE, 6 bytes saved (12.0%)
  0x06, 0x0E, 0xF9, 0x89, 0x2B, 0x56, 0xFD, 0x66, 0x6D, 0xF6, 0x42, 0x90, 0xB3, 0x0C, 0x0E, 0x49,
  0x0B, 0x30, 0xC0, 0xE4, 0x90, 0xB3, 0x0C, 0x0E, 0x49, 0x0B, 0x30, 0xC0, 0xE4, 0x90, 0xB3, 0x0C,
  0x0E, 0x49, 0x0B, 0x38, 0x2A, 0xF8, 0x42, 0x90, 0xB3, 0x82, 0x3D, 0xE6,
  // "–" (U+2013), RLE, 3 bytes saved (25.0%)
  0x18, 0x03, 0x10, 0x5E, 0x09, 0x01, 0x80, 0x24, 0x02,
  // "—" (U+2014), RLE, 14 bytes saved (58.3%)
  0x18, 0x09, 0x31, 0x05, 0xFF, 0x0D, 0x01, 0x80, 0x93, 0x40,
  // "€" (U+20AC), RLE, 7 bytes saved (13.0%)
  0x38, 0x42, 0xAE, 0xFD, 0x92, 0x85, 0x2E, 0xE9, 0x7A, 0xC2, 0x81, 0xCE, 0x25, 0x81, 0x2F, 0x95,
  0x08, 0xE8, 0x43, 0x01, 0x8F, 0x60, 0xF2, 0x38, 0x17, 0xF4, 0x50, 0x8D, 0x0A, 0x28, 0x51, 0x4F,
  0xA2, 0x21, 0x48, 0x1D, 0xE2, 0x68, 0x53, 0xFE, 0x97, 0x8A, 0x38, 0x43, 0xAE, 0xFD, 0x80,
  // "₿" (U+20BF), uncompressed
  0x00, 0x61, 0x53, 0x00, 0x00, 0xD3, 0xA6, 0x00, 0x6F, 0xFF, 0xFC, 0x30, 0x6F, 0x97, 0x9E, 0xF2,
  0x6F, 0x50, 0x06, 0xF7, 0x6F, 0x50, 0x05, 0xF7, 0x6F, 0x62, 0x3C, 0xE2, 0x6F, 0xFF, 0xFE, 0x40,
  0x6F, 0x84, 0x6D, 0xF4, 0x6F, 0x50, 0x03, 0xFB, 0x6F, 0x50, 0x00, 0xFC, 0x6F, 0x50, 0x04, 0xFB,
  0x6F, 0x96, 0x8E, 0xF4, 0x6F, 0xFF, 0xFD, 0x40, 0x00, 0xD3, 0xA6, 0x00, 0x00, 0x61, 0x43, 0x00,
  // "‘" (U+2018), uncompressed
  0x09, 0xC0, 0xE8, 0x5F, 0x5A, 0xF2,
  // "’" (U+2019), uncompressed
  0x1F, 0xB3, 0xF7, 0x7F, 0x1A, 0xA0,
  // "‚" (U+201A), uncompressed
  0x1F, 0xB3, 0xF7, 0x7F, 0x1A, 0xA0,
  // "‛" (U+201B), uncompressed
  0xAF, 0x25, 0xF5, 0x0E, 0x80, 0x9C,
  // "“" (U+201C), uncompressed
  0x09, 0xB0, 0x5F, 0x0E, 0x80, 0xBC, 0x5F, 0x52, 0xF9, 0xAF, 0x26, 0xF6,
  // "”" (U+201D), uncompressed
  0x1F, 0xB0, 0xCF, 0x3F, 0x60, 0xFB, 0x7F, 0x13, 0xF5, 0xAA, 0x06, 0xE0,
  // "„" (U+201E), uncompressed
  0x1F, 0xB0, 0xCF, 0x3F, 0x60, 0xFB, 0x7F, 0x13, 0xF5, 0xAA, 0x06, 0xE0,
  // "‟" (U+201F), uncompressed
  0xAF, 0x26, 0xF6, 0x5F, 0x42, 0xF9, 0x0E, 0x80, 0xCC, 0x09, 0xB0, 0x5F,
  // "†" (U+2020), RLE, 9 bytes saved (21.4%)
  0x20, 0xA9, 0x50, 0x80, 0xD5, 0x06, 0x0B, 0x30, 0xFC, 0x89, 0x1E, 0xBD, 0x57, 0x69, 0xC6, 0x73,
  0x20, 0x60, 0xB5, 0x07, 0x0C, 0x50, 0x70, 0xC5, 0x08, 0x0D, 0x50, 0x90, 0xE5, 0x0A, 0x95, 0x0B,
  0x93,
  // "‡" (U+2021), RLE, 7 bytes saved (16.7%)
  0x20, 0x99, 0x50, 0x70, 0xE3, 0x85, 0x21, 0x5C, 0x02, 0x1E, 0x86, 0x73, 0x16, 0xC1, 0x21, 0x20,
  0x89, 0x50, 0x89, 0x38, 0x51, 0x06, 0xC0, 0x11, 0xE8, 0x67, 0x43, 0x6C, 0x23, 0x22, 0x07, 0x0E,
  0x50, 0x99, 0x30,
  // "•" (U+2022), uncompressed
  0x4D, 0xE6, 0xCF, 0xFF, 0xCF, 0xFF, 0x4D, 0xE6,
  // "…" (U+2026), uncompressed
  0x01, 0x00, 0x01, 0x00, 0x00, 0x10, 0xBF, 0x30, 0xBF, 0x30, 0x0B, 0xF3, 0x9D, 0x20, 0x9D, 0x20,
  0x09, 0xD2,
  // "‰" (U+2030), RLE, 10 bytes saved (8.3%)
  0x18, 0x23, 0xDE, 0x94, 0x00, 0xB7, 0x38, 0x3D, 0xC8, 0xF6, 0x28, 0x14, 0xF3, 0x72, 0x84, 0x2F,
  0x40, 0xBA, 0x20, 0xC0, 0xA7, 0x38, 0x90, 0x3F, 0x20, 0xAC, 0x05, 0xF2, 0x73, 0x87, 0x3F, 0x30,
  0xAB, 0x0D, 0x87, 0x01, 0x48, 0xA0, 0xE9, 0x3E, 0x87, 0xE2, 0xBE, 0xE5, 0x01, 0xCE, 0xE3, 0x20,
  0x6A, 0x89, 0x5D, 0x2E, 0x76, 0xE1, 0x6E, 0x08, 0xD0, 0x8D, 0x38, 0xA0, 0x23, 0x08, 0xD0, 0xAB,
  0x02, 0xF3, 0xC9, 0x04, 0xF1, 0x48, 0x96, 0x1F, 0x60, 0xBB, 0x02, 0xF4, 0xD9, 0x04, 0xF2, 0x40,
  0x90, 0xC2, 0x89, 0x2A, 0xC0, 0x4F, 0x3C, 0xA0, 0x6F, 0x13, 0x81, 0x2F, 0x42, 0x89, 0x15, 0xF9,
  0xCE, 0x07, 0xF8, 0xDC, 0x40, 0x0B, 0x48, 0x28, 0xED, 0x42, 0x82, 0xAE, 0xC2, 0x10,
  // "‹" (U+2039), uncompressed
  0x00, 0x0A, 0x40, 0x0A, 0xE3, 0x07, 0xF5, 0x03, 0xFA, 0x00, 0x0A, 0xF3, 0x00, 0x0C, 0xD1, 0x00,
  0x1D, 0x60,
  // "›" (U+203A), uncompressed
  0x1A, 0x40, 0x00, 0xBE, 0x20, 0x01, 0xDD, 0x00, 0x04, 0xF9, 0x00, 0xBE, 0x20, 0x9F, 0x40, 0x1D,
  0x60, 0x00,
  // "⁄" (U+2044), RLE, 20 bytes saved (37.0%)
  0x68, 0x17, 0xE1, 0x58, 0x11, 0xE6, 0x60, 0x90, 0xC6, 0x81, 0x3F, 0x36, 0x0C, 0x0A, 0x68, 0x15,
  0xE1, 0x60, 0xD0, 0x76, 0x08, 0x0D, 0x68, 0x12, 0xF5, 0x60, 0xA0, 0xB6, 0x81, 0x4F, 0x26, 0x0D,
  0x08, 0x70,
  // "™" (U+2122), uncompressed
  0x9D, 0xED, 0x99, 0xE1, 0x01, 0xE8, 0x00, 0xF0, 0x09, 0xE6, 0x07, 0xE8, 0x00, 0xF0, 0x09, 0x9B,
  0x0C, 0x98, 0x00, 0xF0, 0x09, 0x5D, 0x3B, 0x78, 0x00, 0xF0, 0x09, 0x58, 0xD5, 0x78, 0x00, 0xE0,
  0x09, 0x53, 0xD0, 0x68,
  // "⅒" (U+2152), RLE, 18 bytes saved (15.4%)
  0x18, 0x21, 0xBF, 0x23, 0x81, 0x7E, 0x17, 0x83, 0x1E, 0xBF, 0x22, 0x81, 0x1E, 0x67, 0x28, 0x24,
  0x3F, 0x22, 0x09, 0x0C, 0x74, 0x85, 0x3F, 0x20, 0x3F, 0x37, 0x48, 0x43, 0xF2, 0x0C, 0xA7, 0x58,
  0x95, 0x3F, 0x25, 0xE1, 0x1B, 0xF2, 0x08, 0xED, 0x63, 0x89, 0x63, 0xF3, 0xD7, 0x1E, 0xBF, 0x24,
  0xF6, 0x7F, 0x24, 0x08, 0x0D, 0x28, 0x44, 0x3F, 0x28, 0xD2, 0x0E, 0x07, 0x38, 0x12, 0xF5, 0x38,
  0x33, 0xF2, 0xAC, 0x20, 0xD0, 0x83, 0x0A, 0x0B, 0x48, 0x33, 0xF2, 0x9D, 0x20, 0xE0, 0x72, 0x81,
  0x4F, 0x24, 0x87, 0x3F, 0x25, 0xF3, 0x5F, 0x42, 0x0D, 0x08, 0x58, 0x33, 0xF2, 0x0A, 0xA0, 0xA7,
  0x71, 0x00, 0x12,
  // "ﬁ" (U+FB01), uncompressed
  0x00, 0x4C, 0xEE, 0x59, 0xE2, 0x00, 0xFE, 0x77, 0x22, 0x50, 0x03, 0xF8, 0x00, 0x00, 0x00, 0x6D,
  0xFF, 0xFA, 0x09, 0xF1, 0x58, 0xFB, 0x64, 0x09, 0xF1, 0x03, 0xF8, 0x00, 0x09, 0xF1, 0x03, 0xF8,
  0x00, 0x09, 0xF1, 0x03, 0xF8, 0x00, 0x09, 0xF1, 0x03, 0xF8, 0x00, 0x09, 0xF1, 0x03, 0xF8, 0x00,
  0x09, 0xF1, 0x03, 0xF8, 0x00, 0x09, 0xF1, 0x03, 0xF8, 0x00, 0x09, 0xF1,
  // "ﬂ" (U+FB02), uncompressed
  0x00, 0x4C, 0xEE, 0x59, 0xF1, 0x00, 0xFE, 0x77, 0x29, 0xF1, 0x03, 0xF8, 0x00, 0x09, 0xF1, 0x6D,
  0xFF, 0xFA, 0x09, 0xF1, 0x58, 0xFB, 0x64, 0x09, 0xF1, 0x03, 0xF8, 0x00, 0x09, 0xF1, 0x03, 0xF8,
  0x00, 0x09, 0xF1, 0x03, 0xF8, 0x00, 0x09, 0xF1, 0x03, 0xF8, 0x00, 0x09, 0xF1, 0x03, 0xF8, 0x00,
  0x09, 0xF1, 0x03, 0xF8, 0x00, 0x09, 0xF1, 0x03, 0xF8, 0x00, 0x09, 0xF1,
  // Total: 20118 bytes.
};

const Font& font_NotoSans_Medium_16_5() {
  static SmoothFontV2 font(font_NotoSans_Medium_16_5_data);
  return font;
}

}  // namespace roo_display
