#include "22.h"
#include <inttypes.h>
#include "roo_display/hal/progmem.h"
#include "roo_display/font/smooth_font_v2.h"

namespace roo_display {

// Font NotoSans-Medium (Noto Sans Medium)
// Generated on Thu Jul 30 01:09:59 EEST 2026.
// 343 glyphs (302 compressed, 41 uncompressed), 28298 bytes total, 6995 bytes saved by RLE.
static const uint8_t font_NotoSans_Medium_22_data[] PROGMEM = {
  
  // Header (32 bytes).
  0x02, 0x00, 0x04, 0x02, 0x01, 0x02, 0x01, 0x01, 0x57, 0x00, 0x06,
  0xFC, 0xFB, 0x19, 0x16, 0x10, 0xFB, 0x07, 0x03, 0x1B, 0x07, 0x06, 0x00, 0x5F,
  0x02, 0x00, 0x84, 0x00, 0x0F, 0xF2, 0x00, 0x00,
  
  // Cmap (343 glyphs, 100 bytes).
  0x00, 0x21, 0x00, 0x5E, 0x00, 0x00, 0x00, 0x00, 0x00, 0x00, 0x00, 0x00, // U+0021..U+007E dense.
  0x00, 0xA1, 0x00, 0x0C, 0x00, 0x5E, 0x00, 0x00, 0x00, 0x00, 0x00, 0x00, // U+00A1..U+00AC dense.
  0x00, 0xAE, 0x00, 0xD2, 0x00, 0x6A, 0x00, 0x00, 0x00, 0x00, 0x00, 0x00, // U+00AE..U+017F dense.
  0x03, 0xA9, 0x1C, 0x6C, 0x01, 0x3C, 0x00, 0x05, 0x00, 0x00, 0x68, 0x01, // U+03A9..U+2014 sparse.
  0x20, 0x18, 0x00, 0x0B, 0x01, 0x43, 0x00, 0x00, 0x00, 0x00, 0x00, 0x00, // U+2018..U+2022 dense.
  0x20, 0x26, 0xDA, 0xDD, 0x01, 0x4E, 0x00, 0x09, 0x00, 0x00, 0x72, 0x01, // U+2026..U+FB02 sparse.
  
  // Sparse indirection: glyphs 316..320, range U+03A9..U+2014.
  0x00, 0x00, // U+03A9.
  0x00, 0x13, // U+03BC.
  0x00, 0x17, // U+03C0.
  0x1C, 0x6A, // U+2013.
  0x1C, 0x6B, // U+2014.
  
  // Sparse indirection: glyphs 334..342, range U+2026..U+FB02.
  0x00, 0x00, // U+2026.
  0x00, 0x0A, // U+2030.
  0x00, 0x13, // U+2039.
  0x00, 0x14, // U+203A.
  0x00, 0x1E, // U+2044.
  0x00, 0xFC, // U+2122.
  0x01, 0x2C, // U+2152.
  0xDA, 0xDB, // U+FB01.
  0xDA, 0xDC, // U+FB02.
  
  // Glyph metrics (343 glyphs, 2401 bytes).
  0x41, 0x01, 0x04, 0x10, 0x06, 0x00, 0x00, // "!" (U+0021)
  0x41, 0x0B, 0x07, 0x10, 0x09, 0x00, 0x20, // """ (U+0022)
  0x00, 0x01, 0x0D, 0x10, 0x0E, 0x00, 0x35, // "#" (U+0023)
  0x01, 0xFF, 0x0B, 0x10, 0x0D, 0x00, 0x8E, // "$" (U+0024)
  0x01, 0x01, 0x11, 0x10, 0x13, 0x00, 0xDD, // "%" (U+0025)
  0x01, 0x01, 0x0F, 0x10, 0x10, 0x01, 0x59, // "&" (U+0026)
  0x41, 0x0B, 0x03, 0x10, 0x05, 0x01, 0xC1, // "'" (U+0027)
  0x00, 0xFE, 0x05, 0x10, 0x07, 0x01, 0xCA, // "(" (U+0028)
  0x40, 0xFE, 0x05, 0x10, 0x07, 0x02, 0x00, // ")" (U+0029)
  0x01, 0x07, 0x0B, 0x10, 0x0C, 0x02, 0x39, // "*" (U+002A)
  0x01, 0x03, 0x0B, 0x0D, 0x0D, 0x02, 0x65, // "+" (U+002B)
  0x41, 0xFE, 0x04, 0x02, 0x06, 0x02, 0x8E, // "," (U+002C)
  0x40, 0x06, 0x06, 0x07, 0x07, 0x02, 0x98, // "-" (U+002D)
  0x41, 0x01, 0x04, 0x03, 0x06, 0x02, 0x9F, // "." (U+002E)
  0x00, 0x01, 0x08, 0x10, 0x08, 0x02, 0xA5, // "/" (U+002F)
  0x01, 0x01, 0x0B, 0x10, 0x0D, 0x02, 0xD6, // "0" (U+0030)
  0x02, 0x01, 0x08, 0x10, 0x0D, 0x03, 0x25, // "1" (U+0031)
  0x01, 0x01, 0x0B, 0x10, 0x0D, 0x03, 0x58, // "2" (U+0032)
  0x01, 0x01, 0x0B, 0x10, 0x0D, 0x03, 0x97, // "3" (U+0033)
  0x00, 0x01, 0x0C, 0x10, 0x0D, 0x03, 0xDF, // "4" (U+0034)
  0x01, 0x01, 0x0B, 0x10, 0x0D, 0x04, 0x1C, // "5" (U+0035)
  0x01, 0x01, 0x0B, 0x10, 0x0D, 0x04, 0x5C, // "6" (U+0036)
  0x00, 0x01, 0x0B, 0x10, 0x0D, 0x04, 0xAA, // "7" (U+0037)
  0x01, 0x01, 0x0B, 0x10, 0x0D, 0x04, 0xE5, // "8" (U+0038)
  0x01, 0x01, 0x0B, 0x10, 0x0D, 0x05, 0x39, // "9" (U+0039)
  0x01, 0x01, 0x04, 0x0C, 0x06, 0x05, 0x88, // ":" (U+003A)
  0x00, 0xFE, 0x04, 0x0C, 0x06, 0x05, 0x99, // ";" (U+003B)
  0x01, 0x03, 0x0B, 0x0E, 0x0D, 0x05, 0xB2, // "<" (U+003C)
  0x01, 0x06, 0x0B, 0x0B, 0x0D, 0x05, 0xE1, // "=" (U+003D)
  0x01, 0x03, 0x0B, 0x0E, 0x0D, 0x05, 0xF1, // ">" (U+003E)
  0x00, 0x01, 0x09, 0x10, 0x0A, 0x06, 0x21, // "?" (U+003F)
  0x01, 0xFF, 0x12, 0x10, 0x14, 0x06, 0x55, // "@" (U+0040)
  0x00, 0x01, 0x0E, 0x10, 0x0E, 0x06, 0xE9, // "A" (U+0041)
  0x02, 0x01, 0x0D, 0x10, 0x0E, 0x07, 0x3A, // "B" (U+0042)
  0x01, 0x01, 0x0C, 0x10, 0x0E, 0x07, 0x90, // "C" (U+0043)
  0x02, 0x01, 0x0E, 0x10, 0x10, 0x07, 0xD8, // "D" (U+0044)
  0x02, 0x01, 0x0A, 0x10, 0x0C, 0x08, 0x2D, // "E" (U+0045)
  0x02, 0x01, 0x0A, 0x10, 0x0C, 0x08, 0x5F, // "F" (U+0046)
  0x01, 0x01, 0x0E, 0x10, 0x10, 0x08, 0x90, // "G" (U+0047)
  0x02, 0x01, 0x0E, 0x10, 0x10, 0x08, 0xE2, // "H" (U+0048)
  0x00, 0x01, 0x06, 0x10, 0x08, 0x09, 0x23, // "I" (U+0049)
  0xFE, 0xFD, 0x04, 0x10, 0x06, 0x09, 0x55, // "J" (U+004A)
  0x02, 0x01, 0x0D, 0x10, 0x0E, 0x09, 0x82, // "K" (U+004B)
  0x02, 0x01, 0x0B, 0x10, 0x0C, 0x09, 0xDD, // "L" (U+004C)
  0x02, 0x01, 0x12, 0x10, 0x14, 0x0A, 0x0D, // "M" (U+004D)
  0x02, 0x01, 0x0E, 0x10, 0x11, 0x0A, 0x91, // "N" (U+004E)
  0x01, 0x01, 0x0F, 0x10, 0x11, 0x0A, 0xEF, // "O" (U+004F)
  0x02, 0x01, 0x0C, 0x10, 0x0D, 0x0B, 0x4E, // "P" (U+0050)
  0x01, 0xFD, 0x0F, 0x10, 0x11, 0x0B, 0x97, // "Q" (U+0051)
  0x02, 0x01, 0x0D, 0x10, 0x0E, 0x0C, 0x03, // "R" (U+0052)
  0x01, 0x01, 0x0B, 0x10, 0x0C, 0x0C, 0x5C, // "S" (U+0053)
  0x00, 0x01, 0x0C, 0x10, 0x0C, 0x0C, 0xA1, // "T" (U+0054)
  0x02, 0x01, 0x0E, 0x10, 0x10, 0x0C, 0xCE, // "U" (U+0055)
  0x00, 0x01, 0x0D, 0x10, 0x0E, 0x0D, 0x1C, // "V" (U+0056)
  0x00, 0x01, 0x14, 0x10, 0x15, 0x0D, 0x71, // "W" (U+0057)
  0x00, 0x01, 0x0D, 0x10, 0x0D, 0x0D, 0xFC, // "X" (U+0058)
  0x00, 0x01, 0x0C, 0x10, 0x0D, 0x0E, 0x53, // "Y" (U+0059)
  0x00, 0x01, 0x0B, 0x10, 0x0D, 0x0E, 0x9C, // "Z" (U+005A)
  0x41, 0xFE, 0x06, 0x10, 0x07, 0x0E, 0xD5, // "[" (U+005B)
  0x00, 0x01, 0x08, 0x10, 0x08, 0x0F, 0x0E, // "\" (U+005C)
  0x40, 0xFE, 0x05, 0x10, 0x07, 0x0F, 0x3E, // "]" (U+005D)
  0x00, 0x07, 0x0B, 0x10, 0x0D, 0x0F, 0x77, // "^" (U+005E)
  0x00, 0xFE, 0x09, 0xFF, 0x0A, 0x0F, 0xA7, // "_" (U+005F)
  0x41, 0x0E, 0x05, 0x11, 0x07, 0x0F, 0xAC, // "`" (U+0060)
  0x01, 0x01, 0x0A, 0x0C, 0x0D, 0x0F, 0xB6, // "a" (U+0061)
  0x01, 0x01, 0x0C, 0x10, 0x0E, 0x0F, 0xEF, // "b" (U+0062)
  0x01, 0x01, 0x09, 0x0C, 0x0B, 0x10, 0x42, // "c" (U+0063)
  0x01, 0x01, 0x0B, 0x10, 0x0E, 0x10, 0x72, // "d" (U+0064)
  0x01, 0x01, 0x0B, 0x0C, 0x0D, 0x10, 0xC1, // "e" (U+0065)
  0x00, 0x01, 0x08, 0x10, 0x08, 0x10, 0xFC, // "f" (U+0066)
  0x01, 0xFC, 0x0B, 0x0C, 0x0E, 0x11, 0x33, // "g" (U+0067)
  0x01, 0x01, 0x0C, 0x10, 0x0E, 0x11, 0x8A, // "h" (U+0068)
  0x41, 0x01, 0x04, 0x10, 0x06, 0x11, 0xDC, // "i" (U+0069)
  0xFE, 0xFC, 0x04, 0x10, 0x06, 0x11, 0xFC, // "j" (U+006A)
  0x01, 0x01, 0x0B, 0x10, 0x0C, 0x12, 0x3A, // "k" (U+006B)
  0x41, 0x01, 0x04, 0x10, 0x06, 0x12, 0x89, // "l" (U+006C)
  0x01, 0x01, 0x13, 0x0C, 0x15, 0x12, 0xA9, // "m" (U+006D)
  0x01, 0x01, 0x0C, 0x0C, 0x0E, 0x13, 0x10, // "n" (U+006E)
  0x01, 0x01, 0x0C, 0x0C, 0x0D, 0x13, 0x55, // "o" (U+006F)
  0x01, 0xFC, 0x0C, 0x0C, 0x0E, 0x13, 0x98, // "p" (U+0070)
  0x01, 0xFC, 0x0B, 0x0C, 0x0E, 0x13, 0xF0, // "q" (U+0071)
  0x01, 0x01, 0x08, 0x0C, 0x09, 0x14, 0x42, // "r" (U+0072)
  0x01, 0x01, 0x09, 0x0C, 0x0B, 0x14, 0x6B, // "s" (U+0073)
  0x00, 0x01, 0x07, 0x0F, 0x08, 0x14, 0x9C, // "t" (U+0074)
  0x01, 0x01, 0x0B, 0x0C, 0x0E, 0x14, 0xCE, // "u" (U+0075)
  0x00, 0x01, 0x0B, 0x0C, 0x0C, 0x15, 0x07, // "v" (U+0076)
  0x00, 0x01, 0x11, 0x0C, 0x12, 0x15, 0x43, // "w" (U+0077)
  0x00, 0x01, 0x0B, 0x0C, 0x0C, 0x15, 0xA8, // "x" (U+0078)
  0x00, 0xFC, 0x0B, 0x0C, 0x0C, 0x15, 0xE6, // "y" (U+0079)
  0x00, 0x01, 0x09, 0x0C, 0x0A, 0x16, 0x36, // "z" (U+007A)
  0x00, 0xFE, 0x07, 0x10, 0x08, 0x16, 0x60, // "{" (U+007B)
  0x45, 0xFC, 0x06, 0x10, 0x0C, 0x16, 0x9E, // "|" (U+007C)
  0x00, 0xFE, 0x07, 0x10, 0x08, 0x16, 0xB3, // "}" (U+007D)
  0x41, 0x07, 0x0B, 0x09, 0x0D, 0x16, 0xE9, // "~" (U+007E)
  0x41, 0xFD, 0x04, 0x0C, 0x06, 0x16, 0xFA, // "¡" (U+00A1)
  0x01, 0x01, 0x0A, 0x10, 0x0D, 0x17, 0x1A, // "¢" (U+00A2)
  0x00, 0x01, 0x0B, 0x10, 0x0D, 0x17, 0x50, // "£" (U+00A3)
  0x01, 0x03, 0x0B, 0x0D, 0x0D, 0x17, 0x91, // "¤" (U+00A4)
  0x00, 0x01, 0x0C, 0x10, 0x0D, 0x17, 0xCA, // "¥" (U+00A5)
  0x05, 0xFC, 0x06, 0x10, 0x0C, 0x18, 0x14, // "¦" (U+00A6)
  0x01, 0x01, 0x09, 0x10, 0x0B, 0x18, 0x28, // "§" (U+00A7)
  0x43, 0x0F, 0x09, 0x10, 0x0D, 0x18, 0x6F, // "¨" (U+00A8)
  0x01, 0x01, 0x11, 0x10, 0x12, 0x18, 0x76, // "©" (U+00A9)
  0x40, 0x09, 0x06, 0x10, 0x08, 0x18, 0xF2, // "ª" (U+00AA)
  0x41, 0x02, 0x0A, 0x0B, 0x0C, 0x19, 0x0E, // "«" (U+00AB)
  0x01, 0x04, 0x0B, 0x09, 0x0D, 0x19, 0x40, // "¬" (U+00AC)
  0x01, 0x01, 0x11, 0x10, 0x12, 0x19, 0x55, // "®" (U+00AE)
  0xFF, 0x12, 0x0B, 0x13, 0x0B, 0x19, 0xD6, // "¯" (U+00AF)
  0x41, 0x0A, 0x08, 0x10, 0x09, 0x19, 0xDC, // "°" (U+00B0)
  0x01, 0x01, 0x0B, 0x0D, 0x0D, 0x19, 0xF8, // "±" (U+00B1)
  0x00, 0x0A, 0x06, 0x13, 0x08, 0x1A, 0x28, // "²" (U+00B2)
  0x00, 0x0A, 0x07, 0x13, 0x08, 0x1A, 0x47, // "³" (U+00B3)
  0x41, 0x0E, 0x05, 0x11, 0x07, 0x1A, 0x6D, // "´" (U+00B4)
  0x01, 0xFC, 0x0C, 0x0C, 0x0E, 0x1A, 0x77, // "µ" (U+00B5)
  0x01, 0xFD, 0x0C, 0x10, 0x0E, 0x1A, 0xCD, // "¶" (U+00B6)
  0x41, 0x07, 0x04, 0x09, 0x06, 0x1B, 0x2B, // "·" (U+00B7)
  0x40, 0xFB, 0x04, 0x00, 0x05, 0x1B, 0x31, // "¸" (U+00B8)
  0x41, 0x0A, 0x05, 0x12, 0x08, 0x1B, 0x40, // "¹" (U+00B9)
  0x40, 0x09, 0x07, 0x10, 0x08, 0x1B, 0x57, // "º" (U+00BA)
  0x41, 0x02, 0x0A, 0x0B, 0x0C, 0x1B, 0x77, // "»" (U+00BB)
  0x00, 0x01, 0x10, 0x0F, 0x11, 0x1B, 0xA9, // "¼" (U+00BC)
  0x00, 0x01, 0x10, 0x0F, 0x12, 0x1C, 0x17, // "½" (U+00BD)
  0x00, 0x01, 0x11, 0x11, 0x12, 0x1C, 0x7E, // "¾" (U+00BE)
  0x00, 0xFD, 0x09, 0x0C, 0x0A, 0x1C, 0xFB, // "¿" (U+00BF)
  0x00, 0x01, 0x0E, 0x15, 0x0E, 0x1D, 0x30, // "À" (U+00C0)
  0x00, 0x01, 0x0E, 0x15, 0x0E, 0x1D, 0x90, // "Á" (U+00C1)
  0x00, 0x01, 0x0E, 0x15, 0x0E, 0x1D, 0xF1, // "Â" (U+00C2)
  0x00, 0x01, 0x0E, 0x14, 0x0E, 0x1E, 0x57, // "Ã" (U+00C3)
  0x00, 0x01, 0x0E, 0x14, 0x0E, 0x1E, 0xBB, // "Ä" (U+00C4)
  0x00, 0x01, 0x0E, 0x13, 0x0E, 0x1F, 0x18, // "Å" (U+00C5)
  0x00, 0x01, 0x12, 0x10, 0x14, 0x1F, 0x76, // "Æ" (U+00C6)
  0x01, 0xFB, 0x0C, 0x10, 0x0E, 0x1F, 0xCE, // "Ç" (U+00C7)
  0x02, 0x01, 0x0A, 0x15, 0x0C, 0x20, 0x2B, // "È" (U+00C8)
  0x02, 0x01, 0x0A, 0x15, 0x0C, 0x20, 0x6A, // "É" (U+00C9)
  0x02, 0x01, 0x0A, 0x15, 0x0C, 0x20, 0xAA, // "Ê" (U+00CA)
  0x02, 0x01, 0x0A, 0x14, 0x0C, 0x20, 0xEF, // "Ë" (U+00CB)
  0x00, 0x01, 0x06, 0x15, 0x08, 0x21, 0x2C, // "Ì" (U+00CC)
  0x00, 0x01, 0x07, 0x15, 0x08, 0x21, 0x6B, // "Í" (U+00CD)
  0x00, 0x01, 0x07, 0x15, 0x08, 0x21, 0xAC, // "Î" (U+00CE)
  0x00, 0x01, 0x06, 0x14, 0x08, 0x21, 0xF2, // "Ï" (U+00CF)
  0x00, 0x01, 0x0E, 0x10, 0x10, 0x22, 0x2D, // "Ð" (U+00D0)
  0x02, 0x01, 0x0E, 0x14, 0x11, 0x22, 0x90, // "Ñ" (U+00D1)
  0x01, 0x01, 0x0F, 0x15, 0x11, 0x23, 0x01, // "Ò" (U+00D2)
  0x01, 0x01, 0x0F, 0x15, 0x11, 0x23, 0x6F, // "Ó" (U+00D3)
  0x01, 0x01, 0x0F, 0x15, 0x11, 0x23, 0xDF, // "Ô" (U+00D4)
  0x01, 0x01, 0x0F, 0x14, 0x11, 0x24, 0x54, // "Õ" (U+00D5)
  0x01, 0x01, 0x0F, 0x14, 0x11, 0x24, 0xC6, // "Ö" (U+00D6)
  0x01, 0x04, 0x0A, 0x0D, 0x0D, 0x25, 0x32, // "×" (U+00D7)
  0x01, 0x00, 0x0F, 0x11, 0x11, 0x25, 0x5E, // "Ø" (U+00D8)
  0x02, 0x01, 0x0E, 0x15, 0x10, 0x25, 0xD6, // "Ù" (U+00D9)
  0x02, 0x01, 0x0E, 0x15, 0x10, 0x26, 0x33, // "Ú" (U+00DA)
  0x02, 0x01, 0x0E, 0x15, 0x10, 0x26, 0x91, // "Û" (U+00DB)
  0x02, 0x01, 0x0E, 0x14, 0x10, 0x26, 0xF3, // "Ü" (U+00DC)
  0x00, 0x01, 0x0C, 0x15, 0x0D, 0x27, 0x4D, // "Ý" (U+00DD)
  0x02, 0x01, 0x0C, 0x10, 0x0D, 0x27, 0xA6, // "Þ" (U+00DE)
  0x01, 0x01, 0x0D, 0x10, 0x0E, 0x27, 0xEE, // "ß" (U+00DF)
  0x01, 0x01, 0x0A, 0x11, 0x0D, 0x28, 0x51, // "à" (U+00E0)
  0x01, 0x01, 0x0A, 0x11, 0x0D, 0x28, 0x97, // "á" (U+00E1)
  0x01, 0x01, 0x0A, 0x11, 0x0D, 0x28, 0xDE, // "â" (U+00E2)
  0x01, 0x01, 0x0A, 0x10, 0x0D, 0x29, 0x2A, // "ã" (U+00E3)
  0x01, 0x01, 0x0A, 0x10, 0x0D, 0x29, 0x75, // "ä" (U+00E4)
  0x01, 0x01, 0x0A, 0x12, 0x0D, 0x29, 0xBA, // "å" (U+00E5)
  0x01, 0x01, 0x12, 0x0C, 0x13, 0x2A, 0x08, // "æ" (U+00E6)
  0x01, 0xFB, 0x09, 0x0C, 0x0B, 0x2A, 0x65, // "ç" (U+00E7)
  0x01, 0x01, 0x0B, 0x11, 0x0D, 0x2A, 0xAA, // "è" (U+00E8)
  0x01, 0x01, 0x0B, 0x11, 0x0D, 0x2A, 0xF4, // "é" (U+00E9)
  0x01, 0x01, 0x0B, 0x11, 0x0D, 0x2B, 0x3D, // "ê" (U+00EA)
  0x01, 0x01, 0x0B, 0x10, 0x0D, 0x2B, 0x8B, // "ë" (U+00EB)
  0x40, 0x01, 0x04, 0x11, 0x06, 0x2B, 0xD2, // "ì" (U+00EC)
  0x01, 0x01, 0x06, 0x11, 0x06, 0x2B, 0xFD, // "í" (U+00ED)
  0xFF, 0x01, 0x06, 0x11, 0x06, 0x2C, 0x2E, // "î" (U+00EE)
  0x00, 0x01, 0x06, 0x10, 0x06, 0x2C, 0x65, // "ï" (U+00EF)
  0x01, 0x01, 0x0C, 0x11, 0x0D, 0x2C, 0x93, // "ð" (U+00F0)
  0x01, 0x01, 0x0C, 0x10, 0x0E, 0x2C, 0xE9, // "ñ" (U+00F1)
  0x01, 0x01, 0x0C, 0x11, 0x0D, 0x2D, 0x40, // "ò" (U+00F2)
  0x01, 0x01, 0x0C, 0x11, 0x0D, 0x2D, 0x91, // "ó" (U+00F3)
  0x01, 0x01, 0x0C, 0x11, 0x0D, 0x2D, 0xE3, // "ô" (U+00F4)
  0x01, 0x01, 0x0C, 0x10, 0x0D, 0x2E, 0x39, // "õ" (U+00F5)
  0x01, 0x01, 0x0C, 0x10, 0x0D, 0x2E, 0x8E, // "ö" (U+00F6)
  0x01, 0x04, 0x0B, 0x0D, 0x0D, 0x2E, 0xDD, // "÷" (U+00F7)
  0x01, 0x00, 0x0C, 0x0D, 0x0D, 0x2E, 0xF9, // "ø" (U+00F8)
  0x01, 0x01, 0x0B, 0x11, 0x0E, 0x2F, 0x4A, // "ù" (U+00F9)
  0x01, 0x01, 0x0B, 0x11, 0x0E, 0x2F, 0x91, // "ú" (U+00FA)
  0x01, 0x01, 0x0B, 0x11, 0x0E, 0x2F, 0xD8, // "û" (U+00FB)
  0x01, 0x01, 0x0B, 0x10, 0x0E, 0x30, 0x24, // "ü" (U+00FC)
  0x00, 0xFC, 0x0B, 0x11, 0x0C, 0x30, 0x69, // "ý" (U+00FD)
  0x01, 0xFC, 0x0C, 0x10, 0x0E, 0x30, 0xC8, // "þ" (U+00FE)
  0x00, 0xFC, 0x0B, 0x10, 0x0C, 0x31, 0x2D, // "ÿ" (U+00FF)
  0x00, 0x01, 0x0E, 0x13, 0x0E, 0x31, 0x89, // "Ā" (U+0100)
  0x01, 0x01, 0x0A, 0x0F, 0x0D, 0x31, 0xE3, // "ā" (U+0101)
  0x00, 0x01, 0x0E, 0x14, 0x0E, 0x32, 0x24, // "Ă" (U+0102)
  0x01, 0x01, 0x0A, 0x10, 0x0D, 0x32, 0x84, // "ă" (U+0103)
  0x00, 0xFC, 0x0E, 0x10, 0x0E, 0x32, 0xCB, // "Ą" (U+0104)
  0x01, 0xFC, 0x0B, 0x0C, 0x0D, 0x33, 0x2E, // "ą" (U+0105)
  0x01, 0x01, 0x0C, 0x15, 0x0E, 0x33, 0x7E, // "Ć" (U+0106)
  0x01, 0x01, 0x09, 0x11, 0x0B, 0x33, 0xD5, // "ć" (U+0107)
  0x01, 0x01, 0x0C, 0x15, 0x0E, 0x34, 0x13, // "Ĉ" (U+0108)
  0x01, 0x01, 0x09, 0x11, 0x0B, 0x34, 0x6E, // "ĉ" (U+0109)
  0x01, 0x01, 0x0C, 0x15, 0x0E, 0x34, 0xB1, // "Ċ" (U+010A)
  0x01, 0x01, 0x09, 0x11, 0x0B, 0x35, 0x05, // "ċ" (U+010B)
  0x01, 0x01, 0x0C, 0x15, 0x0E, 0x35, 0x40, // "Č" (U+010C)
  0x01, 0x01, 0x09, 0x11, 0x0B, 0x35, 0x9B, // "č" (U+010D)
  0x02, 0x01, 0x0E, 0x15, 0x10, 0x35, 0xDD, // "Ď" (U+010E)
  0x01, 0x01, 0x0F, 0x10, 0x0E, 0x36, 0x46, // "ď" (U+010F)
  0x00, 0x01, 0x0E, 0x10, 0x10, 0x36, 0xA4, // "Đ" (U+0110)
  0x01, 0x01, 0x0D, 0x10, 0x0E, 0x37, 0x07, // "đ" (U+0111)
  0x02, 0x01, 0x0A, 0x13, 0x0C, 0x37, 0x62, // "Ē" (U+0112)
  0x01, 0x01, 0x0B, 0x0F, 0x0D, 0x37, 0x9C, // "ē" (U+0113)
  0x02, 0x01, 0x0A, 0x14, 0x0C, 0x37, 0xE0, // "Ĕ" (U+0114)
  0x01, 0x01, 0x0B, 0x10, 0x0D, 0x38, 0x20, // "ĕ" (U+0115)
  0x02, 0x01, 0x0A, 0x15, 0x0C, 0x38, 0x6A, // "Ė" (U+0116)
  0x01, 0x01, 0x0B, 0x11, 0x0D, 0x38, 0xA6, // "ė" (U+0117)
  0x02, 0xFC, 0x0A, 0x10, 0x0C, 0x38, 0xEC, // "Ę" (U+0118)
  0x01, 0xFC, 0x0B, 0x0C, 0x0D, 0x39, 0x2D, // "ę" (U+0119)
  0x02, 0x01, 0x0A, 0x15, 0x0C, 0x39, 0x78, // "Ě" (U+011A)
  0x01, 0x01, 0x0B, 0x11, 0x0D, 0x39, 0xBC, // "ě" (U+011B)
  0x01, 0x01, 0x0E, 0x15, 0x10, 0x3A, 0x0A, // "Ĝ" (U+011C)
  0x01, 0xFC, 0x0B, 0x11, 0x0E, 0x3A, 0x71, // "ĝ" (U+011D)
  0x01, 0x01, 0x0E, 0x14, 0x10, 0x3A, 0xDB, // "Ğ" (U+011E)
  0x01, 0xFC, 0x0B, 0x10, 0x0E, 0x3B, 0x3D, // "ğ" (U+011F)
  0x01, 0x01, 0x0E, 0x15, 0x10, 0x3B, 0xA3, // "Ġ" (U+0120)
  0x01, 0xFC, 0x0B, 0x11, 0x0E, 0x3C, 0x01, // "ġ" (U+0121)
  0x01, 0xFC, 0x0E, 0x10, 0x10, 0x3C, 0x63, // "Ģ" (U+0122)
  0x01, 0xFC, 0x0B, 0x10, 0x0E, 0x3C, 0xBF, // "ģ" (U+0123)
  0x02, 0x01, 0x0E, 0x15, 0x10, 0x3D, 0x21, // "Ĥ" (U+0124)
  0xFF, 0x01, 0x0C, 0x16, 0x0E, 0x3D, 0x76, // "ĥ" (U+0125)
  0x00, 0x01, 0x10, 0x10, 0x10, 0x3D, 0xE2, // "Ħ" (U+0126)
  0x00, 0x01, 0x0C, 0x10, 0x0E, 0x3E, 0x32, // "ħ" (U+0127)
  0x00, 0x01, 0x08, 0x14, 0x08, 0x3E, 0x8A, // "Ĩ" (U+0128)
  0xFF, 0x01, 0x07, 0x10, 0x06, 0x3E, 0xCF, // "ĩ" (U+0129)
  0x00, 0x01, 0x07, 0x13, 0x08, 0x3F, 0x04, // "Ī" (U+012A)
  0xFF, 0x01, 0x06, 0x0F, 0x06, 0x3F, 0x3F, // "ī" (U+012B)
  0x00, 0x01, 0x07, 0x14, 0x08, 0x3F, 0x6B, // "Ĭ" (U+012C)
  0x00, 0x01, 0x07, 0x10, 0x06, 0x3F, 0xAB, // "ĭ" (U+012D)
  0x00, 0xFC, 0x06, 0x10, 0x08, 0x3F, 0xDC, // "Į" (U+012E)
  0x40, 0xFC, 0x04, 0x10, 0x06, 0x40, 0x1D, // "į" (U+012F)
  0x00, 0x01, 0x06, 0x15, 0x08, 0x40, 0x52, // "İ" (U+0130)
  0x41, 0x01, 0x04, 0x0C, 0x06, 0x40, 0x8E, // "ı" (U+0131)
  0x00, 0xFD, 0x0C, 0x10, 0x0E, 0x40, 0xA6, // "Ĳ" (U+0132)
  0x01, 0xFC, 0x0A, 0x10, 0x0C, 0x41, 0x07, // "ĳ" (U+0133)
  0xFE, 0xFD, 0x06, 0x15, 0x06, 0x41, 0x65, // "Ĵ" (U+0134)
  0xFE, 0xFC, 0x06, 0x11, 0x06, 0x41, 0xA7, // "ĵ" (U+0135)
  0x02, 0xFC, 0x0D, 0x10, 0x0E, 0x41, 0xEF, // "Ķ" (U+0136)
  0x01, 0xFC, 0x0B, 0x10, 0x0C, 0x42, 0x56, // "ķ" (U+0137)
  0x41, 0x01, 0x0B, 0x0C, 0x0C, 0x42, 0xB0, // "ĸ" (U+0138)
  0x02, 0x01, 0x0B, 0x15, 0x0C, 0x42, 0xF2, // "Ĺ" (U+0139)
  0x01, 0x01, 0x06, 0x16, 0x06, 0x43, 0x31, // "ĺ" (U+013A)
  0x02, 0xFC, 0x0B, 0x10, 0x0C, 0x43, 0x6E, // "Ļ" (U+013B)
  0x01, 0xFC, 0x04, 0x10, 0x06, 0x43, 0xA9, // "ļ" (U+013C)
  0x02, 0x01, 0x0B, 0x10, 0x0C, 0x43, 0xD2, // "Ľ" (U+013D)
  0x01, 0x01, 0x07, 0x10, 0x06, 0x44, 0x0A, // "ľ" (U+013E)
  0x02, 0x01, 0x0B, 0x10, 0x0C, 0x44, 0x3D, // "Ŀ" (U+013F)
  0x01, 0x01, 0x07, 0x10, 0x07, 0x44, 0x74, // "ŀ" (U+0140)
  0x00, 0x01, 0x0B, 0x10, 0x0C, 0x44, 0xA7, // "Ł" (U+0141)
  0x00, 0x01, 0x05, 0x10, 0x06, 0x44, 0xE3, // "ł" (U+0142)
  0x02, 0x01, 0x0E, 0x15, 0x11, 0x45, 0x08, // "Ń" (U+0143)
  0x01, 0x01, 0x0C, 0x11, 0x0E, 0x45, 0x76, // "ń" (U+0144)
  0x02, 0xFC, 0x0E, 0x10, 0x11, 0x45, 0xCA, // "Ņ" (U+0145)
  0x01, 0xFC, 0x0C, 0x0C, 0x0E, 0x46, 0x34, // "ņ" (U+0146)
  0x02, 0x01, 0x0E, 0x15, 0x11, 0x46, 0x85, // "Ň" (U+0147)
  0x01, 0x01, 0x0C, 0x11, 0x0E, 0x46, 0xF7, // "ň" (U+0148)
  0x00, 0x01, 0x0E, 0x10, 0x10, 0x47, 0x4F, // "ŉ" (U+0149)
  0x02, 0xFD, 0x0E, 0x10, 0x11, 0x47, 0xA8, // "Ŋ" (U+014A)
  0x01, 0xFC, 0x0C, 0x0C, 0x0E, 0x48, 0x17, // "ŋ" (U+014B)
  0x01, 0x01, 0x0F, 0x13, 0x11, 0x48, 0x6D, // "Ō" (U+014C)
  0x01, 0x01, 0x0C, 0x0F, 0x0D, 0x48, 0xD5, // "ō" (U+014D)
  0x01, 0x01, 0x0F, 0x14, 0x11, 0x49, 0x20, // "Ŏ" (U+014E)
  0x01, 0x01, 0x0C, 0x10, 0x0D, 0x49, 0x8F, // "ŏ" (U+014F)
  0x01, 0x01, 0x0F, 0x15, 0x11, 0x49, 0xE0, // "Ő" (U+0150)
  0x01, 0x01, 0x0C, 0x11, 0x0D, 0x4A, 0x56, // "ő" (U+0151)
  0x01, 0x01, 0x13, 0x10, 0x15, 0x4A, 0xAE, // "Œ" (U+0152)
  0x01, 0x01, 0x13, 0x0C, 0x15, 0x4B, 0x14, // "œ" (U+0153)
  0x02, 0x01, 0x0D, 0x15, 0x0E, 0x4B, 0x76, // "Ŕ" (U+0154)
  0x01, 0x01, 0x08, 0x11, 0x09, 0x4B, 0xDF, // "ŕ" (U+0155)
  0x02, 0xFC, 0x0D, 0x10, 0x0E, 0x4C, 0x16, // "Ŗ" (U+0156)
  0x01, 0xFC, 0x08, 0x0C, 0x09, 0x4C, 0x7B, // "ŗ" (U+0157)
  0x02, 0x01, 0x0D, 0x15, 0x0E, 0x4C, 0xAE, // "Ř" (U+0158)
  0x01, 0x01, 0x09, 0x11, 0x09, 0x4D, 0x1B, // "ř" (U+0159)
  0x01, 0x01, 0x0B, 0x15, 0x0C, 0x4D, 0x57, // "Ś" (U+015A)
  0x01, 0x01, 0x09, 0x11, 0x0B, 0x4D, 0xAA, // "ś" (U+015B)
  0x01, 0x01, 0x0B, 0x15, 0x0C, 0x4D, 0xE9, // "Ŝ" (U+015C)
  0x01, 0x01, 0x09, 0x11, 0x0B, 0x4E, 0x42, // "ŝ" (U+015D)
  0x01, 0xFB, 0x0B, 0x10, 0x0C, 0x4E, 0x86, // "Ş" (U+015E)
  0x01, 0xFB, 0x09, 0x0C, 0x0B, 0x4E, 0xE0, // "ş" (U+015F)
  0x01, 0x01, 0x0B, 0x15, 0x0C, 0x4F, 0x25, // "Š" (U+0160)
  0x01, 0x01, 0x09, 0x11, 0x0B, 0x4F, 0x7D, // "š" (U+0161)
  0x00, 0xFB, 0x0C, 0x10, 0x0C, 0x4F, 0xC0, // "Ţ" (U+0162)
  0x00, 0xFB, 0x07, 0x0F, 0x08, 0x50, 0x04, // "ţ" (U+0163)
  0x00, 0x01, 0x0C, 0x15, 0x0C, 0x50, 0x4A, // "Ť" (U+0164)
  0x00, 0x01, 0x0A, 0x10, 0x08, 0x50, 0x8B, // "ť" (U+0165)
  0x00, 0x01, 0x0C, 0x10, 0x0C, 0x50, 0xCA, // "Ŧ" (U+0166)
  0x00, 0x01, 0x07, 0x0F, 0x08, 0x50, 0xFB, // "ŧ" (U+0167)
  0x02, 0x01, 0x0E, 0x14, 0x10, 0x51, 0x2F, // "Ũ" (U+0168)
  0x01, 0x01, 0x0B, 0x10, 0x0E, 0x51, 0x90, // "ũ" (U+0169)
  0x02, 0x01, 0x0E, 0x13, 0x10, 0x51, 0xDB, // "Ū" (U+016A)
  0x01, 0x01, 0x0B, 0x0F, 0x0E, 0x52, 0x32, // "ū" (U+016B)
  0x02, 0x01, 0x0E, 0x14, 0x10, 0x52, 0x73, // "Ŭ" (U+016C)
  0x01, 0x01, 0x0B, 0x10, 0x0E, 0x52, 0xD0, // "ŭ" (U+016D)
  0x02, 0x01, 0x0E, 0x16, 0x10, 0x53, 0x17, // "Ů" (U+016E)
  0x01, 0x01, 0x0B, 0x12, 0x0E, 0x53, 0x7C, // "ů" (U+016F)
  0x02, 0x01, 0x0E, 0x15, 0x10, 0x53, 0xCA, // "Ű" (U+0170)
  0x01, 0x01, 0x0C, 0x11, 0x0E, 0x54, 0x2E, // "ű" (U+0171)
  0x02, 0xFC, 0x0E, 0x10, 0x10, 0x54, 0x81, // "Ų" (U+0172)
  0x01, 0xFC, 0x0B, 0x0C, 0x0E, 0x54, 0xE1, // "ų" (U+0173)
  0x00, 0x01, 0x14, 0x15, 0x15, 0x55, 0x2A, // "Ŵ" (U+0174)
  0x00, 0x01, 0x11, 0x11, 0x12, 0x55, 0xCD, // "ŵ" (U+0175)
  0x00, 0x01, 0x0C, 0x15, 0x0D, 0x56, 0x48, // "Ŷ" (U+0176)
  0x00, 0xFC, 0x0B, 0x11, 0x0C, 0x56, 0xA5, // "ŷ" (U+0177)
  0x00, 0x01, 0x0C, 0x14, 0x0D, 0x57, 0x08, // "Ÿ" (U+0178)
  0x00, 0x01, 0x0B, 0x15, 0x0D, 0x57, 0x5D, // "Ź" (U+0179)
  0x00, 0x01, 0x09, 0x11, 0x0A, 0x57, 0xA5, // "ź" (U+017A)
  0x00, 0x01, 0x0B, 0x15, 0x0D, 0x57, 0xDD, // "Ż" (U+017B)
  0x00, 0x01, 0x09, 0x11, 0x0A, 0x58, 0x22, // "ż" (U+017C)
  0x00, 0x01, 0x0B, 0x15, 0x0D, 0x58, 0x57, // "Ž" (U+017D)
  0x00, 0x01, 0x09, 0x11, 0x0A, 0x58, 0xA3, // "ž" (U+017E)
  0x01, 0x01, 0x08, 0x10, 0x08, 0x58, 0xE0, // "ſ" (U+017F)
  0x00, 0x01, 0x10, 0x10, 0x11, 0x59, 0x12, // "Ω" (U+03A9)
  0x01, 0xFC, 0x0C, 0x0C, 0x0E, 0x59, 0x78, // "μ" (U+03BC)
  0x00, 0x01, 0x0E, 0x0C, 0x0F, 0x59, 0xCE, // "π" (U+03C0)
  0x00, 0x06, 0x0A, 0x07, 0x0B, 0x5A, 0x0C, // "–" (U+2013)
  0x00, 0x06, 0x15, 0x07, 0x16, 0x5A, 0x13, // "—" (U+2014)
  0x00, 0x01, 0x0C, 0x10, 0x0D, 0x5A, 0x1B, // "€" (U+20AC)
  0x02, 0xFF, 0x0B, 0x12, 0x0D, 0x5A, 0x64, // "₿" (U+20BF)
  0x40, 0x0C, 0x03, 0x10, 0x04, 0x5A, 0xC4, // "‘" (U+2018)
  0x40, 0x0C, 0x03, 0x10, 0x04, 0x5A, 0xCE, // "’" (U+2019)
  0x40, 0xFF, 0x03, 0x03, 0x06, 0x5A, 0xD8, // "‚" (U+201A)
  0x40, 0x0C, 0x03, 0x10, 0x04, 0x5A, 0xE2, // "‛" (U+201B)
  0x40, 0x0C, 0x08, 0x10, 0x08, 0x5A, 0xEC, // "“" (U+201C)
  0x40, 0x0C, 0x08, 0x10, 0x08, 0x5B, 0x03, // "”" (U+201D)
  0x40, 0xFF, 0x08, 0x03, 0x0A, 0x5B, 0x1A, // "„" (U+201E)
  0x40, 0x0C, 0x08, 0x10, 0x08, 0x5B, 0x31, // "‟" (U+201F)
  0x01, 0x01, 0x09, 0x10, 0x0B, 0x5B, 0x48, // "†" (U+2020)
  0x01, 0x01, 0x09, 0x10, 0x0B, 0x5B, 0x7E, // "‡" (U+2021)
  0x01, 0x06, 0x06, 0x0B, 0x08, 0x5B, 0xB8, // "•" (U+2022)
  0x41, 0x01, 0x10, 0x03, 0x12, 0x5B, 0xC9, // "…" (U+2026)
  0x01, 0x01, 0x19, 0x10, 0x1B, 0x5B, 0xE1, // "‰" (U+2030)
  0x41, 0x02, 0x06, 0x0B, 0x07, 0x5C, 0x89, // "‹" (U+2039)
  0x41, 0x02, 0x06, 0x0B, 0x07, 0x5C, 0xA7, // "›" (U+203A)
  0xFC, 0x01, 0x06, 0x10, 0x03, 0x5C, 0xC5, // "⁄" (U+2044)
  0x40, 0x09, 0x0F, 0x10, 0x11, 0x5C, 0xFA, // "™" (U+2122)
  0x01, 0x01, 0x17, 0x10, 0x18, 0x5D, 0x3A, // "⅒" (U+2152)
  0x00, 0x01, 0x0C, 0x10, 0x0E, 0x5D, 0xD4, // "ﬁ" (U+FB01)
  0x00, 0x01, 0x0C, 0x10, 0x0E, 0x5E, 0x35, // "ﬂ" (U+FB02)
  
  // Kerning (16 classes, 76 sources, 417 entries, 1549 bytes).
  
  // Kerning header.
  0x00, 0x10, 0x00, 0x4C, 0x01, 0xA1,
  
  // Kerning sources.
  0x00, 0x01, 0x00, // """ (U+0022) -> class 0
  0x00, 0x05, 0x01, // "&" (U+0026) -> class 1
  0x00, 0x06, 0x00, // "'" (U+0027) -> class 0
  0x00, 0x0B, 0x02, // "," (U+002C) -> class 2
  0x00, 0x0C, 0x03, // "-" (U+002D) -> class 3
  0x00, 0x0D, 0x02, // "." (U+002E) -> class 2
  0x00, 0x20, 0x04, // "A" (U+0041) -> class 4
  0x00, 0x23, 0x05, // "D" (U+0044) -> class 5
  0x00, 0x25, 0x06, // "F" (U+0046) -> class 6
  0x00, 0x2B, 0x07, // "L" (U+004C) -> class 7
  0x00, 0x2E, 0x05, // "O" (U+004F) -> class 5
  0x00, 0x2F, 0x08, // "P" (U+0050) -> class 8
  0x00, 0x30, 0x05, // "Q" (U+0051) -> class 5
  0x00, 0x33, 0x09, // "T" (U+0054) -> class 9
  0x00, 0x35, 0x0A, // "V" (U+0056) -> class 10
  0x00, 0x36, 0x0A, // "W" (U+0057) -> class 10
  0x00, 0x38, 0x0B, // "Y" (U+0059) -> class 11
  0x00, 0x51, 0x0C, // "r" (U+0072) -> class 12
  0x00, 0x55, 0x06, // "v" (U+0076) -> class 6
  0x00, 0x56, 0x06, // "w" (U+0077) -> class 6
  0x00, 0x58, 0x06, // "y" (U+0079) -> class 6
  0x00, 0x5E, 0x0D, // "¡" (U+00A1) -> class 13
  0x00, 0x68, 0x01, // "«" (U+00AB) -> class 1
  0x00, 0x77, 0x0E, // "»" (U+00BB) -> class 14
  0x00, 0x7B, 0x0F, // "¿" (U+00BF) -> class 15
  0x00, 0x7C, 0x04, // "À" (U+00C0) -> class 4
  0x00, 0x7D, 0x04, // "Á" (U+00C1) -> class 4
  0x00, 0x7E, 0x04, // "Â" (U+00C2) -> class 4
  0x00, 0x7F, 0x04, // "Ã" (U+00C3) -> class 4
  0x00, 0x80, 0x04, // "Ä" (U+00C4) -> class 4
  0x00, 0x81, 0x04, // "Å" (U+00C5) -> class 4
  0x00, 0x8C, 0x05, // "Ð" (U+00D0) -> class 5
  0x00, 0x8E, 0x05, // "Ò" (U+00D2) -> class 5
  0x00, 0x8F, 0x05, // "Ó" (U+00D3) -> class 5
  0x00, 0x90, 0x05, // "Ô" (U+00D4) -> class 5
  0x00, 0x91, 0x05, // "Õ" (U+00D5) -> class 5
  0x00, 0x92, 0x05, // "Ö" (U+00D6) -> class 5
  0x00, 0x94, 0x05, // "Ø" (U+00D8) -> class 5
  0x00, 0x99, 0x0B, // "Ý" (U+00DD) -> class 11
  0x00, 0x9A, 0x08, // "Þ" (U+00DE) -> class 8
  0x00, 0xB9, 0x06, // "ý" (U+00FD) -> class 6
  0x00, 0xBB, 0x06, // "ÿ" (U+00FF) -> class 6
  0x00, 0xBC, 0x04, // "Ā" (U+0100) -> class 4
  0x00, 0xBE, 0x04, // "Ă" (U+0102) -> class 4
  0x00, 0xC0, 0x04, // "Ą" (U+0104) -> class 4
  0x00, 0xCA, 0x05, // "Ď" (U+010E) -> class 5
  0x00, 0xCC, 0x05, // "Đ" (U+0110) -> class 5
  0x00, 0xF5, 0x07, // "Ĺ" (U+0139) -> class 7
  0x00, 0xF7, 0x07, // "Ļ" (U+013B) -> class 7
  0x00, 0xF9, 0x07, // "Ľ" (U+013D) -> class 7
  0x00, 0xFB, 0x07, // "Ŀ" (U+013F) -> class 7
  0x00, 0xFD, 0x07, // "Ł" (U+0141) -> class 7
  0x01, 0x08, 0x05, // "Ō" (U+014C) -> class 5
  0x01, 0x0A, 0x05, // "Ŏ" (U+014E) -> class 5
  0x01, 0x0C, 0x05, // "Ő" (U+0150) -> class 5
  0x01, 0x11, 0x0C, // "ŕ" (U+0155) -> class 12
  0x01, 0x13, 0x0C, // "ŗ" (U+0157) -> class 12
  0x01, 0x15, 0x0C, // "ř" (U+0159) -> class 12
  0x01, 0x1E, 0x09, // "Ţ" (U+0162) -> class 9
  0x01, 0x20, 0x09, // "Ť" (U+0164) -> class 9
  0x01, 0x22, 0x09, // "Ŧ" (U+0166) -> class 9
  0x01, 0x30, 0x0A, // "Ŵ" (U+0174) -> class 10
  0x01, 0x31, 0x06, // "ŵ" (U+0175) -> class 6
  0x01, 0x32, 0x0B, // "Ŷ" (U+0176) -> class 11
  0x01, 0x33, 0x06, // "ŷ" (U+0177) -> class 6
  0x01, 0x34, 0x0B, // "Ÿ" (U+0178) -> class 11
  0x01, 0x3F, 0x03, // "–" (U+2013) -> class 3
  0x01, 0x40, 0x03, // "—" (U+2014) -> class 3
  0x01, 0x43, 0x00, // "‘" (U+2018) -> class 0
  0x01, 0x44, 0x00, // "’" (U+2019) -> class 0
  0x01, 0x45, 0x02, // "‚" (U+201A) -> class 2
  0x01, 0x47, 0x00, // "“" (U+201C) -> class 0
  0x01, 0x48, 0x00, // "”" (U+201D) -> class 0
  0x01, 0x49, 0x02, // "„" (U+201E) -> class 2
  0x01, 0x50, 0x01, // "‹" (U+2039) -> class 1
  0x01, 0x51, 0x0E, // "›" (U+203A) -> class 14
  
  // Kerning classes.
  0x00, 0x00, 0x00, 0x52, // class 0 entries
  0x00, 0x52, 0x00, 0x08, // class 1 entries
  0x00, 0x5A, 0x00, 0x22, // class 2 entries
  0x00, 0x7C, 0x00, 0x04, // class 3 entries
  0x00, 0x80, 0x00, 0x0F, // class 4 entries
  0x00, 0x8F, 0x00, 0x09, // class 5 entries
  0x00, 0x98, 0x00, 0x05, // class 6 entries
  0x00, 0x9D, 0x00, 0x08, // class 7 entries
  0x00, 0xA5, 0x00, 0x10, // class 8 entries
  0x00, 0xB5, 0x00, 0x61, // class 9 entries
  0x01, 0x16, 0x00, 0x11, // class 10 entries
  0x01, 0x27, 0x00, 0x5B, // class 11 entries
  0x01, 0x82, 0x00, 0x05, // class 12 entries
  0x01, 0x87, 0x00, 0x04, // class 13 entries
  0x01, 0x8B, 0x00, 0x0B, // class 14 entries
  0x01, 0x96, 0x00, 0x0B, // class 15 entries
  
  // Kerning destinations.
  0x00, 0x20, 0x02, // class 0 -> "A" (U+0041)
  0x00, 0x40, 0x01, // class 0 -> "a" (U+0061)
  0x00, 0x42, 0x01, // class 0 -> "c" (U+0063)
  0x00, 0x43, 0x01, // class 0 -> "d" (U+0064)
  0x00, 0x44, 0x01, // class 0 -> "e" (U+0065)
  0x00, 0x46, 0x01, // class 0 -> "g" (U+0067)
  0x00, 0x4C, 0x01, // class 0 -> "m" (U+006D)
  0x00, 0x4D, 0x01, // class 0 -> "n" (U+006E)
  0x00, 0x4E, 0x01, // class 0 -> "o" (U+006F)
  0x00, 0x4F, 0x01, // class 0 -> "p" (U+0070)
  0x00, 0x50, 0x01, // class 0 -> "q" (U+0071)
  0x00, 0x51, 0x01, // class 0 -> "r" (U+0072)
  0x00, 0x52, 0x01, // class 0 -> "s" (U+0073)
  0x00, 0x54, 0x01, // class 0 -> "u" (U+0075)
  0x00, 0x7C, 0x02, // class 0 -> "À" (U+00C0)
  0x00, 0x7D, 0x02, // class 0 -> "Á" (U+00C1)
  0x00, 0x7E, 0x02, // class 0 -> "Â" (U+00C2)
  0x00, 0x7F, 0x02, // class 0 -> "Ã" (U+00C3)
  0x00, 0x80, 0x02, // class 0 -> "Ä" (U+00C4)
  0x00, 0x81, 0x02, // class 0 -> "Å" (U+00C5)
  0x00, 0x82, 0x02, // class 0 -> "Æ" (U+00C6)
  0x00, 0x9C, 0x01, // class 0 -> "à" (U+00E0)
  0x00, 0x9D, 0x01, // class 0 -> "á" (U+00E1)
  0x00, 0x9E, 0x01, // class 0 -> "â" (U+00E2)
  0x00, 0x9F, 0x01, // class 0 -> "ã" (U+00E3)
  0x00, 0xA0, 0x01, // class 0 -> "ä" (U+00E4)
  0x00, 0xA1, 0x01, // class 0 -> "å" (U+00E5)
  0x00, 0xA2, 0x01, // class 0 -> "æ" (U+00E6)
  0x00, 0xA3, 0x01, // class 0 -> "ç" (U+00E7)
  0x00, 0xA4, 0x01, // class 0 -> "è" (U+00E8)
  0x00, 0xA5, 0x01, // class 0 -> "é" (U+00E9)
  0x00, 0xA6, 0x01, // class 0 -> "ê" (U+00EA)
  0x00, 0xA7, 0x01, // class 0 -> "ë" (U+00EB)
  0x00, 0xAE, 0x01, // class 0 -> "ò" (U+00F2)
  0x00, 0xAF, 0x01, // class 0 -> "ó" (U+00F3)
  0x00, 0xB0, 0x01, // class 0 -> "ô" (U+00F4)
  0x00, 0xB1, 0x01, // class 0 -> "õ" (U+00F5)
  0x00, 0xB2, 0x01, // class 0 -> "ö" (U+00F6)
  0x00, 0xB4, 0x01, // class 0 -> "ø" (U+00F8)
  0x00, 0xB5, 0x01, // class 0 -> "ù" (U+00F9)
  0x00, 0xB6, 0x01, // class 0 -> "ú" (U+00FA)
  0x00, 0xB7, 0x01, // class 0 -> "û" (U+00FB)
  0x00, 0xB8, 0x01, // class 0 -> "ü" (U+00FC)
  0x00, 0xBC, 0x02, // class 0 -> "Ā" (U+0100)
  0x00, 0xBD, 0x01, // class 0 -> "ā" (U+0101)
  0x00, 0xBE, 0x02, // class 0 -> "Ă" (U+0102)
  0x00, 0xBF, 0x01, // class 0 -> "ă" (U+0103)
  0x00, 0xC0, 0x02, // class 0 -> "Ą" (U+0104)
  0x00, 0xC1, 0x01, // class 0 -> "ą" (U+0105)
  0x00, 0xC3, 0x01, // class 0 -> "ć" (U+0107)
  0x00, 0xC5, 0x01, // class 0 -> "ĉ" (U+0109)
  0x00, 0xC7, 0x01, // class 0 -> "ċ" (U+010B)
  0x00, 0xC9, 0x01, // class 0 -> "č" (U+010D)
  0x00, 0xCB, 0x01, // class 0 -> "ď" (U+010F)
  0x00, 0xCD, 0x01, // class 0 -> "đ" (U+0111)
  0x00, 0xCF, 0x01, // class 0 -> "ē" (U+0113)
  0x00, 0xD1, 0x01, // class 0 -> "ĕ" (U+0115)
  0x00, 0xD3, 0x01, // class 0 -> "ė" (U+0117)
  0x00, 0xD5, 0x01, // class 0 -> "ę" (U+0119)
  0x00, 0xD7, 0x01, // class 0 -> "ě" (U+011B)
  0x00, 0xD9, 0x01, // class 0 -> "ĝ" (U+011D)
  0x00, 0xDB, 0x01, // class 0 -> "ğ" (U+011F)
  0x00, 0xDD, 0x01, // class 0 -> "ġ" (U+0121)
  0x00, 0xDF, 0x01, // class 0 -> "ģ" (U+0123)
  0x00, 0xF4, 0x01, // class 0 -> "ĸ" (U+0138)
  0x01, 0x00, 0x01, // class 0 -> "ń" (U+0144)
  0x01, 0x02, 0x01, // class 0 -> "ņ" (U+0146)
  0x01, 0x07, 0x01, // class 0 -> "ŋ" (U+014B)
  0x01, 0x09, 0x01, // class 0 -> "ō" (U+014D)
  0x01, 0x0B, 0x01, // class 0 -> "ŏ" (U+014F)
  0x01, 0x0D, 0x01, // class 0 -> "ő" (U+0151)
  0x01, 0x0F, 0x01, // class 0 -> "œ" (U+0153)
  0x01, 0x11, 0x01, // class 0 -> "ŕ" (U+0155)
  0x01, 0x13, 0x01, // class 0 -> "ŗ" (U+0157)
  0x01, 0x17, 0x01, // class 0 -> "ś" (U+015B)
  0x01, 0x1B, 0x01, // class 0 -> "ş" (U+015F)
  0x01, 0x25, 0x01, // class 0 -> "ũ" (U+0169)
  0x01, 0x27, 0x01, // class 0 -> "ū" (U+016B)
  0x01, 0x29, 0x01, // class 0 -> "ŭ" (U+016D)
  0x01, 0x2B, 0x01, // class 0 -> "ů" (U+016F)
  0x01, 0x2D, 0x01, // class 0 -> "ű" (U+0171)
  0x01, 0x2F, 0x01, // class 0 -> "ų" (U+0173)
  0x00, 0x33, 0x01, // class 1 -> "T" (U+0054)
  0x00, 0x38, 0x01, // class 1 -> "Y" (U+0059)
  0x00, 0x99, 0x01, // class 1 -> "Ý" (U+00DD)
  0x01, 0x1E, 0x01, // class 1 -> "Ţ" (U+0162)
  0x01, 0x20, 0x01, // class 1 -> "Ť" (U+0164)
  0x01, 0x22, 0x01, // class 1 -> "Ŧ" (U+0166)
  0x01, 0x32, 0x01, // class 1 -> "Ŷ" (U+0176)
  0x01, 0x34, 0x01, // class 1 -> "Ÿ" (U+0178)
  0x00, 0x22, 0x01, // class 2 -> "C" (U+0043)
  0x00, 0x26, 0x01, // class 2 -> "G" (U+0047)
  0x00, 0x2E, 0x01, // class 2 -> "O" (U+004F)
  0x00, 0x30, 0x01, // class 2 -> "Q" (U+0051)
  0x00, 0x33, 0x02, // class 2 -> "T" (U+0054)
  0x00, 0x35, 0x01, // class 2 -> "V" (U+0056)
  0x00, 0x36, 0x01, // class 2 -> "W" (U+0057)
  0x00, 0x38, 0x01, // class 2 -> "Y" (U+0059)
  0x00, 0x83, 0x01, // class 2 -> "Ç" (U+00C7)
  0x00, 0x8E, 0x01, // class 2 -> "Ò" (U+00D2)
  0x00, 0x8F, 0x01, // class 2 -> "Ó" (U+00D3)
  0x00, 0x90, 0x01, // class 2 -> "Ô" (U+00D4)
  0x00, 0x91, 0x01, // class 2 -> "Õ" (U+00D5)
  0x00, 0x92, 0x01, // class 2 -> "Ö" (U+00D6)
  0x00, 0x94, 0x01, // class 2 -> "Ø" (U+00D8)
  0x00, 0x99, 0x01, // class 2 -> "Ý" (U+00DD)
  0x00, 0xC2, 0x01, // class 2 -> "Ć" (U+0106)
  0x00, 0xC4, 0x01, // class 2 -> "Ĉ" (U+0108)
  0x00, 0xC6, 0x01, // class 2 -> "Ċ" (U+010A)
  0x00, 0xC8, 0x01, // class 2 -> "Č" (U+010C)
  0x00, 0xD8, 0x01, // class 2 -> "Ĝ" (U+011C)
  0x00, 0xDA, 0x01, // class 2 -> "Ğ" (U+011E)
  0x00, 0xDC, 0x01, // class 2 -> "Ġ" (U+0120)
  0x00, 0xDE, 0x01, // class 2 -> "Ģ" (U+0122)
  0x01, 0x08, 0x01, // class 2 -> "Ō" (U+014C)
  0x01, 0x0A, 0x01, // class 2 -> "Ŏ" (U+014E)
  0x01, 0x0C, 0x01, // class 2 -> "Ő" (U+0150)
  0x01, 0x0E, 0x01, // class 2 -> "Œ" (U+0152)
  0x01, 0x1E, 0x02, // class 2 -> "Ţ" (U+0162)
  0x01, 0x20, 0x02, // class 2 -> "Ť" (U+0164)
  0x01, 0x22, 0x02, // class 2 -> "Ŧ" (U+0166)
  0x01, 0x30, 0x01, // class 2 -> "Ŵ" (U+0174)
  0x01, 0x32, 0x01, // class 2 -> "Ŷ" (U+0176)
  0x01, 0x34, 0x01, // class 2 -> "Ÿ" (U+0178)
  0x00, 0x33, 0x01, // class 3 -> "T" (U+0054)
  0x01, 0x1E, 0x01, // class 3 -> "Ţ" (U+0162)
  0x01, 0x20, 0x01, // class 3 -> "Ť" (U+0164)
  0x01, 0x22, 0x01, // class 3 -> "Ŧ" (U+0166)
  0x00, 0x01, 0x02, // class 4 -> """ (U+0022)
  0x00, 0x06, 0x02, // class 4 -> "'" (U+0027)
  0x00, 0x33, 0x02, // class 4 -> "T" (U+0054)
  0x00, 0x35, 0x01, // class 4 -> "V" (U+0056)
  0x00, 0x36, 0x01, // class 4 -> "W" (U+0057)
  0x00, 0x38, 0x01, // class 4 -> "Y" (U+0059)
  0x00, 0x99, 0x01, // class 4 -> "Ý" (U+00DD)
  0x01, 0x1E, 0x02, // class 4 -> "Ţ" (U+0162)
  0x01, 0x20, 0x02, // class 4 -> "Ť" (U+0164)
  0x01, 0x22, 0x02, // class 4 -> "Ŧ" (U+0166)
  0x01, 0x30, 0x01, // class 4 -> "Ŵ" (U+0174)
  0x01, 0x32, 0x01, // class 4 -> "Ŷ" (U+0176)
  0x01, 0x34, 0x01, // class 4 -> "Ÿ" (U+0178)
  0x01, 0x44, 0x02, // class 4 -> "’" (U+2019)
  0x01, 0x48, 0x02, // class 4 -> "”" (U+201D)
  0x00, 0x0B, 0x01, // class 5 -> "," (U+002C)
  0x00, 0x0D, 0x01, // class 5 -> "." (U+002E)
  0x00, 0x33, 0x01, // class 5 -> "T" (U+0054)
  0x01, 0x1E, 0x01, // class 5 -> "Ţ" (U+0162)
  0x01, 0x20, 0x01, // class 5 -> "Ť" (U+0164)
  0x01, 0x22, 0x01, // class 5 -> "Ŧ" (U+0166)
  0x01, 0x45, 0x01, // class 5 -> "‚" (U+201A)
  0x01, 0x49, 0x01, // class 5 -> "„" (U+201E)
  0x01, 0x4E, 0x01, // class 5 -> "…" (U+2026)
  0x00, 0x0B, 0x01, // class 6 -> "," (U+002C)
  0x00, 0x0D, 0x01, // class 6 -> "." (U+002E)
  0x01, 0x45, 0x01, // class 6 -> "‚" (U+201A)
  0x01, 0x49, 0x01, // class 6 -> "„" (U+201E)
  0x01, 0x4E, 0x01, // class 6 -> "…" (U+2026)
  0x00, 0x01, 0x02, // class 7 -> """ (U+0022)
  0x00, 0x06, 0x02, // class 7 -> "'" (U+0027)
  0x00, 0x38, 0x01, // class 7 -> "Y" (U+0059)
  0x00, 0x99, 0x01, // class 7 -> "Ý" (U+00DD)
  0x01, 0x32, 0x01, // class 7 -> "Ŷ" (U+0176)
  0x01, 0x34, 0x01, // class 7 -> "Ÿ" (U+0178)
  0x01, 0x44, 0x02, // class 7 -> "’" (U+2019)
  0x01, 0x48, 0x02, // class 7 -> "”" (U+201D)
  0x00, 0x0B, 0x03, // class 8 -> "," (U+002C)
  0x00, 0x0D, 0x03, // class 8 -> "." (U+002E)
  0x00, 0x20, 0x01, // class 8 -> "A" (U+0041)
  0x00, 0x7C, 0x01, // class 8 -> "À" (U+00C0)
  0x00, 0x7D, 0x01, // class 8 -> "Á" (U+00C1)
  0x00, 0x7E, 0x01, // class 8 -> "Â" (U+00C2)
  0x00, 0x7F, 0x01, // class 8 -> "Ã" (U+00C3)
  0x00, 0x80, 0x01, // class 8 -> "Ä" (U+00C4)
  0x00, 0x81, 0x01, // class 8 -> "Å" (U+00C5)
  0x00, 0x82, 0x01, // class 8 -> "Æ" (U+00C6)
  0x00, 0xBC, 0x01, // class 8 -> "Ā" (U+0100)
  0x00, 0xBE, 0x01, // class 8 -> "Ă" (U+0102)
  0x00, 0xC0, 0x01, // class 8 -> "Ą" (U+0104)
  0x01, 0x45, 0x03, // class 8 -> "‚" (U+201A)
  0x01, 0x49, 0x03, // class 8 -> "„" (U+201E)
  0x01, 0x4E, 0x03, // class 8 -> "…" (U+2026)
  0x00, 0x0B, 0x01, // class 9 -> "," (U+002C)
  0x00, 0x0C, 0x01, // class 9 -> "-" (U+002D)
  0x00, 0x0D, 0x01, // class 9 -> "." (U+002E)
  0x00, 0x20, 0x02, // class 9 -> "A" (U+0041)
  0x00, 0x40, 0x02, // class 9 -> "a" (U+0061)
  0x00, 0x42, 0x02, // class 9 -> "c" (U+0063)
  0x00, 0x43, 0x02, // class 9 -> "d" (U+0064)
  0x00, 0x44, 0x02, // class 9 -> "e" (U+0065)
  0x00, 0x46, 0x02, // class 9 -> "g" (U+0067)
  0x00, 0x4C, 0x01, // class 9 -> "m" (U+006D)
  0x00, 0x4D, 0x01, // class 9 -> "n" (U+006E)
  0x00, 0x4E, 0x02, // class 9 -> "o" (U+006F)
  0x00, 0x4F, 0x01, // class 9 -> "p" (U+0070)
  0x00, 0x50, 0x02, // class 9 -> "q" (U+0071)
  0x00, 0x51, 0x01, // class 9 -> "r" (U+0072)
  0x00, 0x52, 0x01, // class 9 -> "s" (U+0073)
  0x00, 0x54, 0x01, // class 9 -> "u" (U+0075)
  0x00, 0x59, 0x01, // class 9 -> "z" (U+007A)
  0x00, 0x68, 0x01, // class 9 -> "«" (U+00AB)
  0x00, 0x77, 0x01, // class 9 -> "»" (U+00BB)
  0x00, 0x7C, 0x02, // class 9 -> "À" (U+00C0)
  0x00, 0x7D, 0x02, // class 9 -> "Á" (U+00C1)
  0x00, 0x7E, 0x02, // class 9 -> "Â" (U+00C2)
  0x00, 0x7F, 0x02, // class 9 -> "Ã" (U+00C3)
  0x00, 0x80, 0x02, // class 9 -> "Ä" (U+00C4)
  0x00, 0x81, 0x02, // class 9 -> "Å" (U+00C5)
  0x00, 0x9C, 0x02, // class 9 -> "à" (U+00E0)
  0x00, 0x9D, 0x02, // class 9 -> "á" (U+00E1)
  0x00, 0x9E, 0x02, // class 9 -> "â" (U+00E2)
  0x00, 0x9F, 0x02, // class 9 -> "ã" (U+00E3)
  0x00, 0xA0, 0x02, // class 9 -> "ä" (U+00E4)
  0x00, 0xA1, 0x02, // class 9 -> "å" (U+00E5)
  0x00, 0xA2, 0x02, // class 9 -> "æ" (U+00E6)
  0x00, 0xA3, 0x02, // class 9 -> "ç" (U+00E7)
  0x00, 0xA4, 0x02, // class 9 -> "è" (U+00E8)
  0x00, 0xA5, 0x02, // class 9 -> "é" (U+00E9)
  0x00, 0xA6, 0x02, // class 9 -> "ê" (U+00EA)
  0x00, 0xA7, 0x02, // class 9 -> "ë" (U+00EB)
  0x00, 0xAE, 0x02, // class 9 -> "ò" (U+00F2)
  0x00, 0xAF, 0x02, // class 9 -> "ó" (U+00F3)
  0x00, 0xB0, 0x02, // class 9 -> "ô" (U+00F4)
  0x00, 0xB1, 0x02, // class 9 -> "õ" (U+00F5)
  0x00, 0xB2, 0x02, // class 9 -> "ö" (U+00F6)
  0x00, 0xB4, 0x02, // class 9 -> "ø" (U+00F8)
  0x00, 0xB5, 0x01, // class 9 -> "ù" (U+00F9)
  0x00, 0xB6, 0x01, // class 9 -> "ú" (U+00FA)
  0x00, 0xB7, 0x01, // class 9 -> "û" (U+00FB)
  0x00, 0xB8, 0x01, // class 9 -> "ü" (U+00FC)
  0x00, 0xBC, 0x02, // class 9 -> "Ā" (U+0100)
  0x00, 0xBD, 0x02, // class 9 -> "ā" (U+0101)
  0x00, 0xBE, 0x02, // class 9 -> "Ă" (U+0102)
  0x00, 0xBF, 0x02, // class 9 -> "ă" (U+0103)
  0x00, 0xC0, 0x02, // class 9 -> "Ą" (U+0104)
  0x00, 0xC1, 0x02, // class 9 -> "ą" (U+0105)
  0x00, 0xC3, 0x02, // class 9 -> "ć" (U+0107)
  0x00, 0xC5, 0x02, // class 9 -> "ĉ" (U+0109)
  0x00, 0xC7, 0x02, // class 9 -> "ċ" (U+010B)
  0x00, 0xC9, 0x02, // class 9 -> "č" (U+010D)
  0x00, 0xCB, 0x02, // class 9 -> "ď" (U+010F)
  0x00, 0xCD, 0x02, // class 9 -> "đ" (U+0111)
  0x00, 0xCF, 0x02, // class 9 -> "ē" (U+0113)
  0x00, 0xD1, 0x02, // class 9 -> "ĕ" (U+0115)
  0x00, 0xD3, 0x02, // class 9 -> "ė" (U+0117)
  0x00, 0xD5, 0x02, // class 9 -> "ę" (U+0119)
  0x00, 0xD7, 0x02, // class 9 -> "ě" (U+011B)
  0x00, 0xD9, 0x02, // class 9 -> "ĝ" (U+011D)
  0x00, 0xDB, 0x02, // class 9 -> "ğ" (U+011F)
  0x00, 0xDD, 0x02, // class 9 -> "ġ" (U+0121)
  0x00, 0xDF, 0x02, // class 9 -> "ģ" (U+0123)
  0x00, 0xF4, 0x01, // class 9 -> "ĸ" (U+0138)
  0x01, 0x00, 0x01, // class 9 -> "ń" (U+0144)
  0x01, 0x02, 0x01, // class 9 -> "ņ" (U+0146)
  0x01, 0x07, 0x01, // class 9 -> "ŋ" (U+014B)
  0x01, 0x09, 0x02, // class 9 -> "ō" (U+014D)
  0x01, 0x0B, 0x02, // class 9 -> "ŏ" (U+014F)
  0x01, 0x0D, 0x02, // class 9 -> "ő" (U+0151)
  0x01, 0x0F, 0x02, // class 9 -> "œ" (U+0153)
  0x01, 0x11, 0x01, // class 9 -> "ŕ" (U+0155)
  0x01, 0x13, 0x01, // class 9 -> "ŗ" (U+0157)
  0x01, 0x17, 0x01, // class 9 -> "ś" (U+015B)
  0x01, 0x1B, 0x01, // class 9 -> "ş" (U+015F)
  0x01, 0x25, 0x01, // class 9 -> "ũ" (U+0169)
  0x01, 0x27, 0x01, // class 9 -> "ū" (U+016B)
  0x01, 0x29, 0x01, // class 9 -> "ŭ" (U+016D)
  0x01, 0x2B, 0x01, // class 9 -> "ů" (U+016F)
  0x01, 0x2D, 0x01, // class 9 -> "ű" (U+0171)
  0x01, 0x2F, 0x01, // class 9 -> "ų" (U+0173)
  0x01, 0x36, 0x01, // class 9 -> "ź" (U+017A)
  0x01, 0x38, 0x01, // class 9 -> "ż" (U+017C)
  0x01, 0x3A, 0x01, // class 9 -> "ž" (U+017E)
  0x01, 0x3F, 0x01, // class 9 -> "–" (U+2013)
  0x01, 0x40, 0x01, // class 9 -> "—" (U+2014)
  0x01, 0x45, 0x01, // class 9 -> "‚" (U+201A)
  0x01, 0x49, 0x01, // class 9 -> "„" (U+201E)
  0x01, 0x4E, 0x01, // class 9 -> "…" (U+2026)
  0x01, 0x50, 0x01, // class 9 -> "‹" (U+2039)
  0x01, 0x51, 0x01, // class 9 -> "›" (U+203A)
  0x00, 0x0B, 0x01, // class 10 -> "," (U+002C)
  0x00, 0x0D, 0x01, // class 10 -> "." (U+002E)
  0x00, 0x20, 0x01, // class 10 -> "A" (U+0041)
  0x00, 0x68, 0x01, // class 10 -> "«" (U+00AB)
  0x00, 0x7C, 0x01, // class 10 -> "À" (U+00C0)
  0x00, 0x7D, 0x01, // class 10 -> "Á" (U+00C1)
  0x00, 0x7E, 0x01, // class 10 -> "Â" (U+00C2)
  0x00, 0x7F, 0x01, // class 10 -> "Ã" (U+00C3)
  0x00, 0x80, 0x01, // class 10 -> "Ä" (U+00C4)
  0x00, 0x81, 0x01, // class 10 -> "Å" (U+00C5)
  0x00, 0xBC, 0x01, // class 10 -> "Ā" (U+0100)
  0x00, 0xBE, 0x01, // class 10 -> "Ă" (U+0102)
  0x00, 0xC0, 0x01, // class 10 -> "Ą" (U+0104)
  0x01, 0x45, 0x01, // class 10 -> "‚" (U+201A)
  0x01, 0x49, 0x01, // class 10 -> "„" (U+201E)
  0x01, 0x4E, 0x01, // class 10 -> "…" (U+2026)
  0x01, 0x50, 0x01, // class 10 -> "‹" (U+2039)
  0x00, 0x05, 0x01, // class 11 -> "&" (U+0026)
  0x00, 0x0B, 0x01, // class 11 -> "," (U+002C)
  0x00, 0x0D, 0x01, // class 11 -> "." (U+002E)
  0x00, 0x20, 0x01, // class 11 -> "A" (U+0041)
  0x00, 0x40, 0x01, // class 11 -> "a" (U+0061)
  0x00, 0x42, 0x01, // class 11 -> "c" (U+0063)
  0x00, 0x43, 0x01, // class 11 -> "d" (U+0064)
  0x00, 0x44, 0x01, // class 11 -> "e" (U+0065)
  0x00, 0x46, 0x01, // class 11 -> "g" (U+0067)
  0x00, 0x4C, 0x01, // class 11 -> "m" (U+006D)
  0x00, 0x4D, 0x01, // class 11 -> "n" (U+006E)
  0x00, 0x4E, 0x01, // class 11 -> "o" (U+006F)
  0x00, 0x4F, 0x01, // class 11 -> "p" (U+0070)
  0x00, 0x50, 0x01, // class 11 -> "q" (U+0071)
  0x00, 0x51, 0x01, // class 11 -> "r" (U+0072)
  0x00, 0x52, 0x01, // class 11 -> "s" (U+0073)
  0x00, 0x54, 0x01, // class 11 -> "u" (U+0075)
  0x00, 0x68, 0x02, // class 11 -> "«" (U+00AB)
  0x00, 0x77, 0x01, // class 11 -> "»" (U+00BB)
  0x00, 0x7C, 0x01, // class 11 -> "À" (U+00C0)
  0x00, 0x7D, 0x01, // class 11 -> "Á" (U+00C1)
  0x00, 0x7E, 0x01, // class 11 -> "Â" (U+00C2)
  0x00, 0x7F, 0x01, // class 11 -> "Ã" (U+00C3)
  0x00, 0x80, 0x01, // class 11 -> "Ä" (U+00C4)
  0x00, 0x81, 0x01, // class 11 -> "Å" (U+00C5)
  0x00, 0x9C, 0x01, // class 11 -> "à" (U+00E0)
  0x00, 0x9D, 0x01, // class 11 -> "á" (U+00E1)
  0x00, 0x9E, 0x01, // class 11 -> "â" (U+00E2)
  0x00, 0x9F, 0x01, // class 11 -> "ã" (U+00E3)
  0x00, 0xA0, 0x01, // class 11 -> "ä" (U+00E4)
  0x00, 0xA1, 0x01, // class 11 -> "å" (U+00E5)
  0x00, 0xA2, 0x01, // class 11 -> "æ" (U+00E6)
  0x00, 0xA3, 0x01, // class 11 -> "ç" (U+00E7)
  0x00, 0xA4, 0x01, // class 11 -> "è" (U+00E8)
  0x00, 0xA5, 0x01, // class 11 -> "é" (U+00E9)
  0x00, 0xA6, 0x01, // class 11 -> "ê" (U+00EA)
  0x00, 0xA7, 0x01, // class 11 -> "ë" (U+00EB)
  0x00, 0xAE, 0x01, // class 11 -> "ò" (U+00F2)
  0x00, 0xAF, 0x01, // class 11 -> "ó" (U+00F3)
  0x00, 0xB0, 0x01, // class 11 -> "ô" (U+00F4)
  0x00, 0xB1, 0x01, // class 11 -> "õ" (U+00F5)
  0x00, 0xB2, 0x01, // class 11 -> "ö" (U+00F6)
  0x00, 0xB4, 0x01, // class 11 -> "ø" (U+00F8)
  0x00, 0xB5, 0x01, // class 11 -> "ù" (U+00F9)
  0x00, 0xB6, 0x01, // class 11 -> "ú" (U+00FA)
  0x00, 0xB7, 0x01, // class 11 -> "û" (U+00FB)
  0x00, 0xB8, 0x01, // class 11 -> "ü" (U+00FC)
  0x00, 0xBC, 0x01, // class 11 -> "Ā" (U+0100)
  0x00, 0xBD, 0x01, // class 11 -> "ā" (U+0101)
  0x00, 0xBE, 0x01, // class 11 -> "Ă" (U+0102)
  0x00, 0xBF, 0x01, // class 11 -> "ă" (U+0103)
  0x00, 0xC0, 0x01, // class 11 -> "Ą" (U+0104)
  0x00, 0xC1, 0x01, // class 11 -> "ą" (U+0105)
  0x00, 0xC3, 0x01, // class 11 -> "ć" (U+0107)
  0x00, 0xC5, 0x01, // class 11 -> "ĉ" (U+0109)
  0x00, 0xC7, 0x01, // class 11 -> "ċ" (U+010B)
  0x00, 0xC9, 0x01, // class 11 -> "č" (U+010D)
  0x00, 0xCB, 0x01, // class 11 -> "ď" (U+010F)
  0x00, 0xCD, 0x01, // class 11 -> "đ" (U+0111)
  0x00, 0xCF, 0x01, // class 11 -> "ē" (U+0113)
  0x00, 0xD1, 0x01, // class 11 -> "ĕ" (U+0115)
  0x00, 0xD3, 0x01, // class 11 -> "ė" (U+0117)
  0x00, 0xD5, 0x01, // class 11 -> "ę" (U+0119)
  0x00, 0xD7, 0x01, // class 11 -> "ě" (U+011B)
  0x00, 0xD9, 0x01, // class 11 -> "ĝ" (U+011D)
  0x00, 0xDB, 0x01, // class 11 -> "ğ" (U+011F)
  0x00, 0xDD, 0x01, // class 11 -> "ġ" (U+0121)
  0x00, 0xDF, 0x01, // class 11 -> "ģ" (U+0123)
  0x00, 0xF4, 0x01, // class 11 -> "ĸ" (U+0138)
  0x01, 0x00, 0x01, // class 11 -> "ń" (U+0144)
  0x01, 0x02, 0x01, // class 11 -> "ņ" (U+0146)
  0x01, 0x07, 0x01, // class 11 -> "ŋ" (U+014B)
  0x01, 0x09, 0x01, // class 11 -> "ō" (U+014D)
  0x01, 0x0B, 0x01, // class 11 -> "ŏ" (U+014F)
  0x01, 0x0D, 0x01, // class 11 -> "ő" (U+0151)
  0x01, 0x0F, 0x01, // class 11 -> "œ" (U+0153)
  0x01, 0x11, 0x01, // class 11 -> "ŕ" (U+0155)
  0x01, 0x13, 0x01, // class 11 -> "ŗ" (U+0157)
  0x01, 0x17, 0x01, // class 11 -> "ś" (U+015B)
  0x01, 0x1B, 0x01, // class 11 -> "ş" (U+015F)
  0x01, 0x25, 0x01, // class 11 -> "ũ" (U+0169)
  0x01, 0x27, 0x01, // class 11 -> "ū" (U+016B)
  0x01, 0x29, 0x01, // class 11 -> "ŭ" (U+016D)
  0x01, 0x2B, 0x01, // class 11 -> "ů" (U+016F)
  0x01, 0x2D, 0x01, // class 11 -> "ű" (U+0171)
  0x01, 0x2F, 0x01, // class 11 -> "ų" (U+0173)
  0x01, 0x45, 0x01, // class 11 -> "‚" (U+201A)
  0x01, 0x49, 0x01, // class 11 -> "„" (U+201E)
  0x01, 0x4E, 0x01, // class 11 -> "…" (U+2026)
  0x01, 0x50, 0x02, // class 11 -> "‹" (U+2039)
  0x01, 0x51, 0x01, // class 11 -> "›" (U+203A)
  0x00, 0x0B, 0x03, // class 12 -> "," (U+002C)
  0x00, 0x0D, 0x03, // class 12 -> "." (U+002E)
  0x01, 0x45, 0x03, // class 12 -> "‚" (U+201A)
  0x01, 0x49, 0x03, // class 12 -> "„" (U+201E)
  0x01, 0x4E, 0x03, // class 12 -> "…" (U+2026)
  0x00, 0x38, 0x01, // class 13 -> "Y" (U+0059)
  0x00, 0x99, 0x01, // class 13 -> "Ý" (U+00DD)
  0x01, 0x32, 0x01, // class 13 -> "Ŷ" (U+0176)
  0x01, 0x34, 0x01, // class 13 -> "Ÿ" (U+0178)
  0x00, 0x33, 0x01, // class 14 -> "T" (U+0054)
  0x00, 0x35, 0x01, // class 14 -> "V" (U+0056)
  0x00, 0x36, 0x01, // class 14 -> "W" (U+0057)
  0x00, 0x38, 0x02, // class 14 -> "Y" (U+0059)
  0x00, 0x99, 0x02, // class 14 -> "Ý" (U+00DD)
  0x01, 0x1E, 0x01, // class 14 -> "Ţ" (U+0162)
  0x01, 0x20, 0x01, // class 14 -> "Ť" (U+0164)
  0x01, 0x22, 0x01, // class 14 -> "Ŧ" (U+0166)
  0x01, 0x30, 0x01, // class 14 -> "Ŵ" (U+0174)
  0x01, 0x32, 0x02, // class 14 -> "Ŷ" (U+0176)
  0x01, 0x34, 0x02, // class 14 -> "Ÿ" (U+0178)
  0x00, 0x33, 0x01, // class 15 -> "T" (U+0054)
  0x00, 0x35, 0x01, // class 15 -> "V" (U+0056)
  0x00, 0x36, 0x01, // class 15 -> "W" (U+0057)
  0x00, 0x38, 0x01, // class 15 -> "Y" (U+0059)
  0x00, 0x99, 0x01, // class 15 -> "Ý" (U+00DD)
  0x01, 0x1E, 0x01, // class 15 -> "Ţ" (U+0162)
  0x01, 0x20, 0x01, // class 15 -> "Ť" (U+0164)
  0x01, 0x22, 0x01, // class 15 -> "Ŧ" (U+0166)
  0x01, 0x30, 0x01, // class 15 -> "Ŵ" (U+0174)
  0x01, 0x32, 0x01, // class 15 -> "Ŷ" (U+0176)
  0x01, 0x34, 0x01, // class 15 -> "Ÿ" (U+0178)
  
  // Glyph data (24216 bytes).
  
  // "!" (U+0021), uncompressed
  0x5F, 0xF5, 0x4F, 0xF5, 0x3F, 0xF4, 0x2F, 0xF3, 0x1F, 0xF2, 0x1F, 0xF1, 0x0F, 0xF1, 0x0F, 0xF0,
  0x0E, 0xF0, 0x0D, 0xE0, 0x0C, 0xD0, 0x00, 0x00, 0x00, 0x00, 0x2D, 0xD3, 0x7F, 0xF7, 0x2D, 0xD2,
  // """ (U+0022), uncompressed
  0x8F, 0xB0, 0x5F, 0xE7, 0xFA, 0x04, 0xFD, 0x5F, 0x90, 0x3F, 0xC4, 0xF8, 0x02, 0xFB, 0x3F, 0x70,
  0x1F, 0x92, 0xF5, 0x00, 0xF8,
  // "#" (U+0023), RLE, 23 bytes saved (20.5%)
  0x58, 0x1B, 0xF1, 0x29, 0x0B, 0x70, 0xD0, 0xE2, 0x81, 0x3F, 0x87, 0x90, 0xB2, 0x81, 0x5F, 0x56,
  0x81, 0x3F, 0x82, 0x81, 0x8F, 0x36, 0x81, 0x6F, 0x62, 0x0B, 0x94, 0x0A, 0xFC, 0x83, 0xA0, 0x9E,
  0xEA, 0x0F, 0xE9, 0x0F, 0xE0, 0x94, 0x0E, 0x0D, 0x28, 0x14, 0xF7, 0x68, 0x11, 0xFA, 0x28, 0x17,
  0xF4, 0x68, 0x15, 0xF6, 0x28, 0x1B, 0xF1, 0x30, 0x7F, 0xC8, 0x3E, 0x06, 0xEE, 0xA0, 0xFE, 0xA8,
  0x1E, 0xEC, 0x40, 0x0D, 0x28, 0x14, 0xF8, 0x68, 0x11, 0xFA, 0x28, 0x17, 0xF4, 0x68, 0x14, 0xF7,
  0x28, 0x1B, 0xF1, 0x68, 0x17, 0xF4, 0x20, 0xE0, 0xD5,
  // "$" (U+0024), RLE, 20 bytes saved (20.2%)
  0x40, 0x69, 0x72, 0x06, 0x96, 0x81, 0x19, 0xDA, 0x85, 0xED, 0xA5, 0x02, 0xEF, 0x8A, 0x0C, 0x09,
  0xFE, 0x47, 0xF0, 0x37, 0x50, 0xBF, 0x80, 0x69, 0x58, 0x3A, 0xFC, 0x06, 0x95, 0x04, 0xA0, 0xD0,
  0xB9, 0x60, 0x50, 0xEB, 0x0C, 0x06, 0x58, 0x11, 0x7D, 0xB0, 0xD0, 0x35, 0x85, 0x6F, 0x8E, 0xFE,
  0x14, 0x85, 0x6F, 0x01, 0xEF, 0x64, 0x06, 0x92, 0x89, 0x1D, 0xF6, 0x98, 0x31, 0x6F, 0x39, 0xA0,
  0x20, 0xBF, 0x98, 0x91, 0x60, 0x38, 0xBD, 0xEF, 0xC8, 0x26, 0x06, 0x97, 0x20, 0x69, 0x50,
  // "%" (U+0025), RLE, 12 bytes saved (8.8%)
  0x18, 0x36, 0xDF, 0xB2, 0x58, 0x18, 0xF6, 0x30, 0x4C, 0x0E, 0x48, 0x11, 0xFD, 0x48, 0x5B, 0xF6,
  0x0B, 0xF6, 0x38, 0x19, 0xF5, 0x40, 0xE9, 0x28, 0x15, 0xF9, 0x28, 0x12, 0xFC, 0x59, 0x0E, 0x28,
  0x13, 0xFB, 0x28, 0x1B, 0xF3, 0x59, 0x0E, 0x28, 0x53, 0xFB, 0x04, 0xFA, 0x60, 0xE9, 0x28, 0xA6,
  0x5F, 0x90, 0xCF, 0x25, 0xCD, 0xA2, 0x0A, 0xF6, 0x0B, 0xF6, 0x5F, 0x93, 0xC8, 0x1D, 0x03, 0xC8,
  0xB3, 0xE1, 0xDE, 0x1A, 0xF7, 0x1B, 0xF6, 0x05, 0xDF, 0xC3, 0x6F, 0x80, 0xEF, 0x10, 0x5F, 0xA6,
  0x00, 0xE2, 0x90, 0xE2, 0x81, 0x3F, 0xB5, 0x81, 0x8F, 0x62, 0x90, 0xE2, 0x81, 0x2F, 0xB4, 0x81,
  0x1E, 0xD3, 0x0D, 0x92, 0x81, 0x4F, 0x94, 0x81, 0x9F, 0x53, 0x85, 0x9F, 0x60, 0xAF, 0x63, 0x81,
  0x2F, 0xC4, 0x03, 0xC0, 0xE4, 0x81, 0xAF, 0x35, 0x83, 0x5D, 0xFC, 0x31,
  // "&" (U+0026), RLE, 16 bytes saved (13.3%)
  0x38, 0x47, 0xCE, 0xDA, 0x27, 0x10, 0xCA, 0x0E, 0xA0, 0xE0, 0x26, 0x05, 0xA8, 0x44, 0x01, 0xDF,
  0x96, 0x81, 0x7F, 0xC3, 0x81, 0x9F, 0xA6, 0x81, 0x5F, 0xE3, 0x81, 0xCF, 0x87, 0x86, 0xEF, 0x70,
  0x9F, 0xE1, 0x70, 0x4A, 0x82, 0xDF, 0xE3, 0x71, 0x02, 0x0E, 0xA0, 0xD0, 0x17, 0x10, 0x5A, 0x0D,
  0xA0, 0x63, 0x03, 0xA0, 0x20, 0x4A, 0x81, 0x80, 0x6A, 0x07, 0x28, 0x58, 0xFC, 0x0B, 0xFC, 0x30,
  0x6A, 0x87, 0x81, 0xEF, 0x60, 0xDF, 0x84, 0x05, 0xA8, 0x1D, 0xFD, 0x28, 0x1D, 0xFB, 0x50, 0x5B,
  0x03, 0x20, 0x8A, 0x07, 0x30, 0x50, 0xDB, 0x0A, 0x20, 0x10, 0xCB, 0x0E, 0xB0, 0xD0, 0x7A, 0x0A,
  0x38, 0x57, 0xCE, 0xFE, 0xB5, 0x20, 0x5A, 0x0A,
  // "'" (U+0027), uncompressed
  0x8F, 0xB7, 0xFA, 0x5F, 0x94, 0xF8, 0x3F, 0x72, 0xF5,
  // "(" (U+0028), RLE, 3 bytes saved (5.3%)
  0x38, 0x13, 0xFD, 0x38, 0x1D, 0xF4, 0x28, 0x17, 0xFA, 0x38, 0x1E, 0xF4, 0x28, 0x15, 0xFD, 0x38,
  0x19, 0xFA, 0x38, 0x1C, 0xF6, 0x3A, 0x04, 0x3A, 0x02, 0x20, 0x1A, 0x01, 0x3A, 0x02, 0x3A, 0x03,
  0x38, 0x1D, 0xF6, 0x38, 0x19, 0xF9, 0x38, 0x15, 0xFD, 0x48, 0x1E, 0xF4, 0x38, 0x18, 0xFA, 0x38,
  0x21, 0xDF, 0x33, 0x81, 0x3F, 0xD0,
  // ")" (U+0029), uncompressed
  0x1E, 0xE2, 0x00, 0x06, 0xFB, 0x00, 0x00, 0xDF, 0x50, 0x00, 0x7F, 0xC0, 0x00, 0x1F, 0xF2, 0x00,
  0x0C, 0xF6, 0x00, 0x09, 0xFA, 0x00, 0x06, 0xFC, 0x00, 0x05, 0xFD, 0x00, 0x04, 0xFE, 0x00, 0x05,
  0xFE, 0x00, 0x06, 0xFD, 0x00, 0x08, 0xFA, 0x00, 0x0C, 0xF7, 0x00, 0x0F, 0xF3, 0x00, 0x6F, 0xC0,
  0x00, 0xCF, 0x50, 0x05, 0xFC, 0x00, 0x1E, 0xE2, 0x00,
  // "*" (U+002A), RLE, 11 bytes saved (20.0%)
  0x30, 0x2A, 0x01, 0x71, 0xA7, 0x20, 0x0E, 0x58, 0x90, 0xDA, 0x51, 0xCC, 0x15, 0xAD, 0x1F, 0xB8,
  0x31, 0x34, 0x5A, 0xA8, 0x2B, 0x54, 0x33, 0x84, 0x1E, 0xDD, 0xE1, 0x58, 0x4B, 0xF6, 0x6F, 0xC4,
  0x81, 0x7F, 0xE2, 0x81, 0xEF, 0x83, 0x81, 0x18, 0x72, 0x81, 0x68, 0x12,
  // "+" (U+002B), RLE, 20 bytes saved (32.8%)
  0x48, 0x19, 0xF2, 0x71, 0x81, 0x9F, 0x27, 0x18, 0x19, 0xF2, 0x71, 0x81, 0x9F, 0x27, 0x18, 0x19,
  0xF2, 0x40, 0xEF, 0xA0, 0x70, 0xD0, 0xFE, 0xA8, 0x00, 0xE0, 0x64, 0x81, 0x9F, 0x27, 0x18, 0x19,
  0xF2, 0x71, 0x81, 0x9F, 0x27, 0x18, 0x19, 0xF2, 0x40,
  // "," (U+002C), uncompressed
  0x2F, 0xF4, 0x5F, 0xE0, 0x8F, 0x90, 0xCF, 0x30, 0xFB, 0x00,
  // "-" (U+002D), uncompressed
  0x2E, 0xEE, 0xEE, 0x32, 0xFF, 0xFF, 0xF4,
  // "." (U+002E), uncompressed
  0x3D, 0xD3, 0x7F, 0xF7, 0x2D, 0xD2,
  // "/" (U+002F), RLE, 23 bytes saved (31.9%)
  0x50, 0x2A, 0x01, 0x58, 0x17, 0xFB, 0x68, 0x1D, 0xF5, 0x58, 0x13, 0xFE, 0x68, 0x19, 0xF9, 0x68,
  0x1E, 0xF3, 0x58, 0x15, 0xFD, 0x68, 0x1A, 0xF8, 0x50, 0x1A, 0x02, 0x58, 0x16, 0xFC, 0x68, 0x1C,
  0xF6, 0x50, 0x2A, 0x01, 0x58, 0x18, 0xFA, 0x68, 0x1D, 0xF5, 0x58, 0x13, 0xFE, 0x68, 0x19, 0xF9,
  0x60,
  // "0" (U+0030), RLE, 9 bytes saved (10.2%)
  0x28, 0x43, 0xAD, 0xFD, 0x74, 0x04, 0xB0, 0xEA, 0x0B, 0x38, 0x1E, 0xFA, 0x28, 0x63, 0xEF, 0x70,
  0x6F, 0xE4, 0x85, 0x7F, 0xD0, 0xAF, 0xA4, 0x01, 0xA8, 0x23, 0xDF, 0x75, 0x84, 0xEF, 0x6E, 0xF5,
  0x58, 0x1C, 0xF8, 0xA0, 0x55, 0x81, 0xCF, 0x8A, 0x05, 0x58, 0x4C, 0xF8, 0xEF, 0x55, 0x84, 0xCF,
  0x7C, 0xF7, 0x58, 0x4E, 0xF6, 0x9F, 0xA4, 0x01, 0xA8, 0x23, 0x5F, 0xE4, 0x81, 0x6F, 0xE2, 0x81,
  0xDF, 0xA2, 0x82, 0x3E, 0xF8, 0x20, 0x3B, 0x0E, 0xA0, 0xC4, 0x84, 0x3A, 0xEE, 0xC7, 0x30,
  // "1" (U+0031), RLE, 5 bytes saved (8.9%)
  0x30, 0x5A, 0x02, 0x20, 0x8B, 0x83, 0x20, 0xBF, 0xEA, 0x83, 0x2D, 0xFD, 0x3A, 0x83, 0x29, 0xB1,
  0x1A, 0x02, 0x30, 0x1A, 0x02, 0x30, 0x1A, 0x02, 0x30, 0x1A, 0x02, 0x30, 0x1A, 0x02, 0x30, 0x1A,
  0x02, 0x30, 0x1A, 0x02, 0x30, 0x1A, 0x02, 0x30, 0x1A, 0x02, 0x30, 0x1A, 0x02, 0x30, 0x1A, 0x02,
  0x30, 0x1A, 0x02,
  // "2" (U+0032), RLE, 25 bytes saved (28.4%)
  0x18, 0x61, 0x7C, 0xEF, 0xD8, 0x12, 0x05, 0x0E, 0xB0, 0xEA, 0x85, 0xD1, 0x06, 0xFB, 0x32, 0x82,
  0x4E, 0xF9, 0x20, 0x45, 0x81, 0x8F, 0xD7, 0x18, 0x16, 0xFE, 0x71, 0x81, 0x8F, 0xC7, 0x18, 0x1D,
  0xF8, 0x78, 0x28, 0xFE, 0x16, 0x06, 0xA0, 0x46, 0x05, 0xA0, 0x76, 0x04, 0xA0, 0x86, 0x82, 0x3E,
  0xF8, 0x68, 0x23, 0xEF, 0x86, 0x82, 0x2E, 0xF8, 0x70, 0xEA, 0x80, 0x3E, 0x08, 0xFB, 0x09,
  // "3" (U+0033), RLE, 16 bytes saved (18.2%)
  0x18, 0x64, 0x9D, 0xEF, 0xD8, 0x12, 0x0A, 0xB0, 0xEB, 0x85, 0xE2, 0x05, 0xE7, 0x12, 0x82, 0x4E,
  0xFA, 0x20, 0x15, 0x81, 0x8F, 0xE7, 0x18, 0x17, 0xFD, 0x71, 0x81, 0xBF, 0x96, 0x83, 0x3A, 0xFD,
  0x13, 0x0A, 0xB8, 0x1E, 0x71, 0x48, 0x19, 0xEE, 0xA0, 0xE0, 0x87, 0x18, 0x24, 0xDF, 0xC7, 0x10,
  0x2A, 0x04, 0x71, 0xA0, 0x67, 0x04, 0xA8, 0x24, 0xA5, 0x13, 0x82, 0x4D, 0xFD, 0x1C, 0x0E, 0xB8,
  0x92, 0xE3, 0x06, 0xAD, 0xEF, 0xEC, 0x71, 0x20,
  // "4" (U+0034), RLE, 43 bytes saved (41.3%)
  0x70, 0xAA, 0x72, 0x04, 0xB7, 0x20, 0xDB, 0x71, 0x81, 0x9F, 0x9A, 0x78, 0x23, 0xFD, 0x4A, 0x78,
  0x2D, 0xF3, 0x4A, 0x68, 0x38, 0xF8, 0x04, 0xA5, 0x81, 0x3F, 0xD2, 0x04, 0xA5, 0x81, 0xCF, 0x42,
  0x04, 0xA4, 0x81, 0x7F, 0x93, 0x04, 0xA3, 0x82, 0x2F, 0xD1, 0x30, 0x4A, 0x30, 0x8F, 0xC0, 0x20,
  0x78, 0x03, 0xEA, 0x81, 0xEE, 0x27, 0x04, 0xA7, 0x30, 0x4A, 0x73, 0x04, 0xA3,
  // "5" (U+0035), RLE, 24 bytes saved (27.3%)
  0x10, 0xCF, 0x04, 0x20, 0xD9, 0x80, 0x2E, 0x04, 0x28, 0x1E, 0xF3, 0x71, 0xA0, 0x27, 0x01, 0xA0,
  0x17, 0x02, 0xA7, 0x10, 0x3A, 0x84, 0xBD, 0xDC, 0x71, 0x20, 0x4F, 0x0E, 0x03, 0x28, 0x73, 0x31,
  0x01, 0x6E, 0xFD, 0x71, 0x05, 0xA0, 0x37, 0x01, 0xA0, 0x57, 0x01, 0xA0, 0x57, 0x05, 0xA8, 0x21,
  0x86, 0x23, 0x84, 0x6E, 0xFA, 0x0A, 0xB0, 0xEB, 0x89, 0x1C, 0x10, 0x39, 0xCE, 0xFE, 0xB6, 0x30,
  // "6" (U+0036), RLE, 10 bytes saved (11.4%)
  0x38, 0x51, 0x7C, 0xEF, 0xE6, 0x30, 0x40, 0xEB, 0x81, 0xEF, 0x72, 0x03, 0xA0, 0xB0, 0x36, 0x81,
  0xCF, 0xA7, 0x03, 0xA0, 0x17, 0x81, 0x8F, 0xB7, 0x18, 0x7B, 0xF8, 0x3B, 0xEF, 0xC6, 0x28, 0x1C,
  0xF9, 0xA0, 0xEB, 0x81, 0x80, 0xDA, 0x83, 0x91, 0x01, 0x9A, 0x82, 0x3D, 0xFB, 0x58, 0x4D, 0xF7,
  0xCF, 0x75, 0x84, 0xBF, 0x9A, 0xF9, 0x58, 0x4B, 0xF9, 0x5F, 0xE4, 0x8A, 0x01, 0xEF, 0x60, 0xDF,
  0xB1, 0x01, 0xBF, 0xE1, 0x03, 0xEA, 0x0E, 0xB0, 0x53, 0x85, 0x18, 0xDF, 0xEA, 0x32,
  // "7" (U+0037), RLE, 37 bytes saved (38.5%)
  0x02, 0xFB, 0x09, 0x01, 0x80, 0x4E, 0xA0, 0x87, 0x10, 0x2A, 0x03, 0x71, 0x81, 0x9F, 0xB7, 0x18,
  0x21, 0xEF, 0x57, 0x18, 0x17, 0xFD, 0x72, 0x81, 0xEF, 0x77, 0x18, 0x25, 0xFE, 0x17, 0x18, 0x1C,
  0xF9, 0x71, 0x04, 0xA0, 0x27, 0x18, 0x1B, 0xFB, 0x71, 0x02, 0xA0, 0x47, 0x18, 0x19, 0xFD, 0x71,
  0x82, 0x1E, 0xF7, 0x71, 0x82, 0x7F, 0xE1, 0x71, 0x81, 0xEF, 0x96,
  // "8" (U+0038), RLE, 4 bytes saved (4.5%)
  0x28, 0x55, 0xBE, 0xFD, 0x92, 0x30, 0x9B, 0x0E, 0xA8, 0x2E, 0x30, 0x3A, 0x07, 0x28, 0x62, 0xCF,
  0xC0, 0x7F, 0xC4, 0x04, 0xA1, 0x81, 0x6F, 0xD4, 0x86, 0x4F, 0xE0, 0x1E, 0xF6, 0x38, 0x1C, 0xF8,
  0x20, 0x5A, 0x83, 0xB6, 0xDF, 0xA4, 0x04, 0xC0, 0x84, 0x83, 0x3D, 0xFD, 0xDA, 0x08, 0x20, 0x3A,
  0x07, 0x28, 0x65, 0xEF, 0xB0, 0xBF, 0x94, 0x82, 0x2E, 0xF4, 0xA0, 0x45, 0x84, 0xBF, 0x8E, 0xF6,
  0x58, 0x5D, 0xF7, 0xAF, 0xE4, 0x20, 0x10, 0x9A, 0x81, 0x21, 0xDB, 0x0E, 0xB0, 0x72, 0x86, 0x18,
  0xCE, 0xFD, 0xA3, 0x20,
  // "9" (U+0039), RLE, 9 bytes saved (10.2%)
  0x28, 0x46, 0xCE, 0xEC, 0x64, 0x0A, 0xB0, 0xEA, 0x0A, 0x20, 0x5A, 0x06, 0x28, 0x64, 0xEF, 0x70,
  0xCF, 0x94, 0x85, 0x5F, 0xE0, 0xEF, 0x55, 0x81, 0xEF, 0x4A, 0x05, 0x58, 0x4C, 0xF6, 0xDF, 0x84,
  0x01, 0xA8, 0x37, 0x9F, 0xE5, 0x20, 0x30, 0xDA, 0x81, 0x71, 0xDB, 0x89, 0x7E, 0xFB, 0xCF, 0x60,
  0x19, 0xDF, 0xD8, 0x0E, 0xF5, 0x70, 0x1A, 0x02, 0x78, 0x16, 0xFD, 0x78, 0x22, 0xEF, 0x62, 0x01,
  0x28, 0x31, 0x5D, 0xFC, 0x38, 0x1D, 0xEE, 0xB0, 0xC0, 0x13, 0x0C, 0xA8, 0x1D, 0xA5, 0x40,
  // ":" (U+003A), RLE, 7 bytes saved (29.2%)
  0x83, 0x2D, 0xD2, 0x7A, 0x83, 0x72, 0xDD, 0x27, 0x77, 0x38, 0x33, 0xDD, 0x37, 0xA8, 0x37, 0x2D,
  0xD2,
  // ";" (U+003B), RLE, 13 bytes saved (34.2%)
  0x18, 0x43, 0xED, 0x20, 0x7A, 0x84, 0x60, 0x3E, 0xD2, 0x80, 0xC0, 0x00, 0x4A, 0x83, 0x20, 0x7F,
  0xD2, 0x81, 0xBF, 0x72, 0x85, 0xEF, 0x10, 0x2F, 0x92,
  // "<" (U+003C), RLE, 19 bytes saved (28.8%)
  0x73, 0x02, 0x71, 0x81, 0x7E, 0x76, 0x83, 0x7E, 0xFE, 0x44, 0x83, 0x7E, 0xFD, 0x64, 0x83, 0x7E,
  0xFC, 0x54, 0x83, 0x7E, 0xFC, 0x46, 0x82, 0xEF, 0xD4, 0x78, 0x52, 0x9E, 0xFD, 0x71, 0x68, 0x11,
  0x7D, 0xA0, 0x90, 0x37, 0x05, 0x0C, 0xA0, 0xC0, 0x37, 0x82, 0x3A, 0xF7, 0x72, 0x02, 0x03,
  // "=" (U+003D), RLE, 17 bytes saved (51.5%)
  0x0D, 0xFA, 0x06, 0x0C, 0x80, 0x5E, 0x05, 0x77, 0x71, 0x0C, 0x80, 0x5E, 0x05, 0x0D, 0xFA, 0x06,
  // ">" (U+003E), RLE, 18 bytes saved (27.3%)
  0x03, 0x73, 0x81, 0xEB, 0x47, 0x10, 0xAA, 0x0B, 0x04, 0x70, 0x20, 0x9A, 0x0B, 0x04, 0x78, 0x41,
  0x8E, 0xFB, 0x47, 0x84, 0x18, 0xEF, 0xB3, 0x60, 0x10, 0x8A, 0x07, 0x40, 0x30, 0xAA, 0x0D, 0x06,
  0x30, 0x60, 0xCA, 0x0B, 0x04, 0x30, 0x80, 0xEA, 0x09, 0x02, 0x58, 0x2E, 0xE7, 0x17, 0x05, 0x73,
  // "?" (U+003F), RLE, 28 bytes saved (35.0%)
  0x18, 0x55, 0xBE, 0xFE, 0xB5, 0x20, 0x9B, 0x0E, 0xB8, 0x37, 0x02, 0xB4, 0x30, 0x9A, 0x71, 0xA0,
  0x36, 0x01, 0xA0, 0x36, 0x81, 0x8F, 0xD6, 0x08, 0xA0, 0x45, 0x82, 0xAF, 0xE4, 0x58, 0x26, 0xFD,
  0x26, 0x81, 0xCF, 0x47, 0x0E, 0x97, 0x10, 0x20, 0x37, 0x73, 0x82, 0x2D, 0xE4, 0x60, 0x5A, 0x08,
  0x68, 0x21, 0xDE, 0x34,
  // "@" (U+0040), RLE, 14 bytes saved (8.6%)
  0x58, 0x72, 0x7C, 0xEF, 0xDC, 0x71, 0x70, 0x10, 0x9C, 0x0E, 0xC0, 0x65, 0x84, 0x1C, 0xFD, 0x72,
  0x30, 0x20, 0x8A, 0x08, 0x48, 0x1C, 0xFA, 0x71, 0x82, 0x2E, 0xF4, 0x28, 0x17, 0xFA, 0x28, 0x91,
  0x29, 0xDF, 0xDB, 0x60, 0x3F, 0xC2, 0x84, 0xEE, 0x10, 0x2E, 0xA0, 0xEA, 0x0C, 0x28, 0x4B, 0xF2,
  0x4F, 0x92, 0x86, 0xCF, 0x91, 0x02, 0xFC, 0x28, 0x90, 0x6F, 0x68, 0xF4, 0x03, 0xFD, 0x38, 0x12,
  0xFB, 0x28, 0x90, 0x4F, 0x7A, 0xF2, 0x06, 0xF8, 0x38, 0x13, 0xFA, 0x28, 0x24, 0xF7, 0xB9, 0x28,
  0x17, 0xF7, 0x38, 0x15, 0xF9, 0x28, 0x90, 0x6F, 0x6A, 0xF1, 0x05, 0xF9, 0x38, 0x19, 0xFA, 0x28,
  0xA6, 0x9F, 0x39, 0xF3, 0x01, 0xFE, 0x40, 0x5F, 0xED, 0x14, 0xFC, 0x05, 0xF8, 0x20, 0x9C, 0x0B,
  0x05, 0xC0, 0x42, 0x81, 0xEE, 0x12, 0x82, 0x7C, 0xD9, 0x28, 0x27, 0xDB, 0x43, 0x82, 0x7F, 0xC1,
  0x77, 0x18, 0x92, 0xAF, 0xE8, 0x31, 0x01, 0x24, 0x84, 0x70, 0x7F, 0xA0, 0x67, 0x18, 0x71, 0x6A,
  0xCD, 0xDB, 0x83, 0x50,
  // "A" (U+0041), RLE, 39 bytes saved (32.5%)
  0x50, 0x3A, 0x09, 0x74, 0x09, 0xA0, 0xE7, 0x48, 0x3E, 0xFC, 0xF5, 0x72, 0x84, 0x5F, 0xC6, 0xFB,
  0x72, 0x82, 0xBF, 0x71, 0xA0, 0x17, 0x01, 0xA8, 0x31, 0x0B, 0xF7, 0x78, 0x17, 0xFB, 0x28, 0x15,
  0xFC, 0x78, 0x1C, 0xF6, 0x38, 0x1E, 0xF3, 0x50, 0x3A, 0x48, 0x19, 0xF8, 0x50, 0x9F, 0x90, 0xE5,
  0x0E, 0xFA, 0x04, 0x38, 0x25, 0xFE, 0x15, 0x81, 0xAF, 0xA3, 0x81, 0xAF, 0xA6, 0x04, 0xA8, 0x11,
  0x01, 0xA0, 0x47, 0x85, 0xEF, 0x60, 0x6F, 0xE7, 0x18, 0x59, 0xFC, 0x0C, 0xF9, 0x71, 0x04, 0xA0,
  0x20,
  // "B" (U+0042), RLE, 10 bytes saved (10.4%)
  0x0E, 0xC8, 0x2E, 0xDB, 0x63, 0x0E, 0x90, 0xFE, 0xC0, 0xC2, 0x81, 0xEF, 0x73, 0x01, 0x09, 0xA8,
  0x37, 0x0E, 0xF7, 0x58, 0x5D, 0xFB, 0x0E, 0xF7, 0x58, 0x5B, 0xFB, 0x0E, 0xF7, 0x58, 0x5D, 0xF8,
  0x0E, 0xF7, 0x38, 0x52, 0x9F, 0xE1, 0x0E, 0xF0, 0x90, 0x22, 0x0E, 0x98, 0x00, 0xEA, 0x0D, 0x08,
  0x28, 0x1E, 0xF7, 0x48, 0x65, 0xEF, 0xA0, 0xEF, 0x75, 0x07, 0xA8, 0x21, 0xEF, 0x75, 0x04, 0xA8,
  0x23, 0xEF, 0x75, 0x07, 0xA8, 0x22, 0xEF, 0x74, 0x84, 0x5E, 0xFC, 0x0E, 0x98, 0x00, 0xEB, 0x82,
  0xE2, 0x0E, 0xD8, 0x2E, 0xC8, 0x12,
  // "C" (U+0043), RLE, 24 bytes saved (25.0%)
  0x48, 0x65, 0xAD, 0xFE, 0xCA, 0x52, 0x01, 0x0B, 0xB0, 0x0E, 0xA0, 0xE2, 0x83, 0xDF, 0xE7, 0x12,
  0x83, 0x28, 0x60, 0x9A, 0x03, 0x71, 0xA0, 0x87, 0x10, 0x5A, 0x02, 0x71, 0x81, 0x8F, 0xE7, 0x28,
  0x19, 0xFD, 0x72, 0x81, 0xAF, 0xD7, 0x28, 0x18, 0xFE, 0x72, 0x06, 0xA0, 0x17, 0x10, 0x1A, 0x07,
  0x72, 0x82, 0xBF, 0xE2, 0x71, 0x83, 0x2E, 0xFE, 0x63, 0x81, 0x14, 0x42, 0x03, 0x0E, 0xB0, 0xEB,
  0x09, 0x38, 0x21, 0x6B, 0xDA, 0x81, 0xDA, 0x40,
  // "D" (U+0044), RLE, 19 bytes saved (18.3%)
  0x0E, 0xC8, 0x2E, 0xDA, 0x44, 0x0E, 0x98, 0x00, 0xEB, 0x0C, 0x02, 0x28, 0x1E, 0xF7, 0x38, 0x90,
  0x17, 0xEF, 0xE1, 0x0E, 0xF7, 0x58, 0x62, 0xEF, 0xC0, 0xEF, 0x76, 0x05, 0xA8, 0x23, 0xEF, 0x77,
  0xA8, 0x28, 0xEF, 0x77, 0x84, 0xCF, 0xAE, 0xF7, 0x78, 0x4B, 0xFC, 0xEF, 0x77, 0x84, 0xBF, 0xBE,
  0xF7, 0x78, 0x4C, 0xFA, 0xEF, 0x76, 0x01, 0xA8, 0x27, 0xEF, 0x76, 0x07, 0xA8, 0x23, 0xEF, 0x75,
  0x86, 0x3E, 0xFB, 0x0E, 0xF7, 0x30, 0x20, 0x8A, 0x82, 0xD1, 0x0E, 0x90, 0xFE, 0xC0, 0xB0, 0x12,
  0x0E, 0xC8, 0x2E, 0xC9, 0x44,
  // "E" (U+0045), RLE, 22 bytes saved (30.6%)
  0x0E, 0xF0, 0x0E, 0x98, 0x02, 0xE8, 0x2D, 0xEF, 0x76, 0x81, 0xEF, 0x76, 0x81, 0xEF, 0x76, 0x81,
  0xEF, 0x76, 0x81, 0xEF, 0x76, 0x0E, 0xF0, 0x80, 0xE9, 0x80, 0x2E, 0x82, 0x7E, 0xF7, 0x68, 0x1E,
  0xF7, 0x68, 0x1E, 0xF7, 0x68, 0x1E, 0xF7, 0x68, 0x1E, 0xF7, 0x60, 0xE9, 0x80, 0x2E, 0x0D, 0x0E,
  0xF0, 0xE0,
  // "F" (U+0046), RLE, 23 bytes saved (31.9%)
  0x0E, 0xF0, 0x0E, 0x98, 0x02, 0xE8, 0x2D, 0xEF, 0x66, 0x81, 0xEF, 0x66, 0x81, 0xEF, 0x66, 0x81,
  0xEF, 0x66, 0x81, 0xEF, 0x66, 0x0E, 0x98, 0x02, 0xE0, 0x70, 0xEF, 0x82, 0x8E, 0xF6, 0x68, 0x1E,
  0xF6, 0x68, 0x1E, 0xF6, 0x68, 0x1E, 0xF6, 0x68, 0x1E, 0xF6, 0x68, 0x1E, 0xF6, 0x68, 0x1E, 0xF6,
  0x60,
  // "G" (U+0047), RLE, 30 bytes saved (26.8%)
  0x48, 0x72, 0x8C, 0xDF, 0xEC, 0x94, 0x40, 0x9C, 0x0E, 0xB0, 0xD3, 0x0B, 0xA0, 0x90, 0x33, 0x81,
  0x38, 0x52, 0x08, 0xA0, 0x57, 0x38, 0x1E, 0xF9, 0x73, 0x05, 0xA0, 0x27, 0x38, 0x18, 0xFE, 0x74,
  0x81, 0x9F, 0xC4, 0x05, 0x80, 0x1E, 0x82, 0x4A, 0xFC, 0x40, 0x5D, 0x82, 0x59, 0xFE, 0x71, 0xA0,
  0x50, 0x6A, 0x02, 0x7A, 0x05, 0x02, 0xA0, 0x87, 0xA8, 0x15, 0x0A, 0xA0, 0x36, 0xA8, 0x65, 0x01,
  0xEF, 0xE7, 0x13, 0x03, 0xA0, 0x52, 0x02, 0x0D, 0xC0, 0xEC, 0x05, 0x48, 0x16, 0xBD, 0xA8, 0x3E,
  0xC9, 0x61,
  // "H" (U+0048), RLE, 39 bytes saved (37.5%)
  0x81, 0xEF, 0x77, 0xA8, 0x25, 0xEF, 0x77, 0xA8, 0x25, 0xEF, 0x77, 0xA8, 0x25, 0xEF, 0x77, 0xA8,
  0x25, 0xEF, 0x77, 0xA8, 0x25, 0xEF, 0x77, 0xA8, 0x25, 0xEF, 0x77, 0xA0, 0x50, 0xEF, 0xC0, 0x50,
  0xE9, 0x80, 0x4E, 0xA8, 0x25, 0xEF, 0x77, 0xA8, 0x25, 0xEF, 0x77, 0xA8, 0x25, 0xEF, 0x77, 0xA8,
  0x25, 0xEF, 0x77, 0xA8, 0x25, 0xEF, 0x77, 0xA8, 0x25, 0xEF, 0x77, 0xA8, 0x25, 0xEF, 0x77, 0xA0,
  0x50,
  // "I" (U+0049), RLE, 6 bytes saved (10.7%)
  0x02, 0xD8, 0x1E, 0x1B, 0xB0, 0xE0, 0x92, 0x04, 0xA0, 0x13, 0x04, 0xA0, 0x13, 0x04, 0xA0, 0x13,
  0x04, 0xA0, 0x13, 0x04, 0xA0, 0x13, 0x04, 0xA0, 0x13, 0x04, 0xA0, 0x13, 0x04, 0xA0, 0x13, 0x04,
  0xA0, 0x13, 0x04, 0xA0, 0x13, 0x04, 0xA0, 0x13, 0x04, 0xA0, 0x12, 0x08, 0x0D, 0xA8, 0x1C, 0x72,
  0xD0, 0xE0,
  // "J" (U+004A), RLE, 25 bytes saved (35.7%)
  0x4A, 0x05, 0x4A, 0x05, 0x4A, 0x05, 0x4A, 0x05, 0x4A, 0x05, 0x4A, 0x05, 0x4A, 0x05, 0x4A, 0x05,
  0x4A, 0x05, 0x4A, 0x05, 0x4A, 0x05, 0x4A, 0x05, 0x4A, 0x05, 0x4A, 0x05, 0x4A, 0x05, 0x4A, 0x05,
  0x30, 0x2A, 0x87, 0x31, 0x02, 0xAF, 0xE0, 0xAC, 0x85, 0x50, 0x7D, 0xDA, 0x32,
  // "K" (U+004B), RLE, 5 bytes saved (5.2%)
  0x81, 0xEF, 0x75, 0x06, 0xA8, 0x24, 0xEF, 0x74, 0x04, 0xA8, 0x37, 0x0E, 0xF7, 0x38, 0x22, 0xEF,
  0x92, 0x81, 0xEF, 0x72, 0x82, 0x1D, 0xFB, 0x38, 0x1E, 0xF7, 0x28, 0x2B, 0xFD, 0x13, 0x86, 0xEF,
  0x70, 0x9F, 0xE2, 0x48, 0x2E, 0xF7, 0x6A, 0x03, 0x58, 0x1E, 0xFB, 0xA0, 0xE0, 0x15, 0x0E, 0xA0,
  0xEA, 0x0B, 0x58, 0x3E, 0xFD, 0x26, 0xA0, 0x64, 0x81, 0xEF, 0x72, 0x82, 0xBF, 0xE2, 0x38, 0x1E,
  0xF7, 0x28, 0x21, 0xEF, 0xC3, 0x81, 0xEF, 0x73, 0x04, 0xA0, 0x72, 0x81, 0xEF, 0x74, 0x09, 0xA8,
  0x33, 0x0E, 0xF7, 0x58, 0x5D, 0xFC, 0x0E, 0xF7, 0x50, 0x3A, 0x08,
  // "L" (U+004C), RLE, 32 bytes saved (40.0%)
  0x81, 0xEF, 0x77, 0x81, 0xEF, 0x77, 0x81, 0xEF, 0x77, 0x81, 0xEF, 0x77, 0x81, 0xEF, 0x77, 0x81,
  0xEF, 0x77, 0x81, 0xEF, 0x77, 0x81, 0xEF, 0x77, 0x81, 0xEF, 0x77, 0x81, 0xEF, 0x77, 0x81, 0xEF,
  0x77, 0x81, 0xEF, 0x77, 0x81, 0xEF, 0x77, 0x81, 0xEF, 0x77, 0x0E, 0xF9, 0x02, 0x0E, 0xF9, 0x02,
  // "M" (U+004D), RLE, 4 bytes saved (2.9%)
  0x0E, 0xA0, 0xA7, 0x10, 0x7B, 0x01, 0x0E, 0xA0, 0xE7, 0x10, 0xCB, 0x84, 0x1E, 0xFE, 0xF5, 0x68,
  0x12, 0xFE, 0xA8, 0x41, 0xEF, 0xAF, 0xB6, 0x81, 0x8F, 0x9A, 0x82, 0x1E, 0xF5, 0xA0, 0x15, 0x81,
  0xDF, 0x4A, 0x85, 0x1E, 0xF3, 0xCF, 0x64, 0x82, 0x4F, 0xC2, 0xA8, 0x51, 0xEF, 0x36, 0xFB, 0x48,
  0x29, 0xF6, 0x3A, 0x83, 0x1E, 0xF3, 0x1A, 0x01, 0x38, 0x2E, 0xF1, 0x3A, 0x86, 0x1E, 0xF3, 0x0B,
  0xF7, 0x28, 0x35, 0xFA, 0x03, 0xA8, 0x61, 0xEF, 0x30, 0x5F, 0xC2, 0x83, 0xBF, 0x50, 0x3A, 0x82,
  0x1E, 0xF3, 0x2A, 0x82, 0x21, 0xFE, 0x20, 0x3A, 0x82, 0x1E, 0xF3, 0x28, 0x4A, 0xF7, 0x6F, 0x92,
  0x03, 0xA8, 0x21, 0xEF, 0x32, 0x84, 0x4F, 0xDC, 0xF3, 0x20, 0x3A, 0x82, 0x1E, 0xF3, 0x30, 0xEA,
  0x0D, 0x30, 0x3A, 0x82, 0x1E, 0xF3, 0x30, 0x9A, 0x08, 0x30, 0x3A, 0x82, 0x1E, 0xF3, 0x30, 0x3A,
  0x02, 0x30, 0x3A, 0x01,
  // "N" (U+004E), RLE, 10 bytes saved (9.6%)
  0x0E, 0xA0, 0x46, 0x03, 0xA0, 0xEA, 0x0D, 0x60, 0x3A, 0x0E, 0xB0, 0x85, 0x03, 0xA8, 0x1E, 0xFB,
  0xA0, 0x24, 0x03, 0xA8, 0x4E, 0xF3, 0xEF, 0xB4, 0x03, 0xA8, 0x2E, 0xF2, 0x6A, 0x06, 0x30, 0x3A,
  0x86, 0xEF, 0x30, 0xCF, 0xE1, 0x20, 0x3A, 0x83, 0xEF, 0x30, 0x2A, 0x0A, 0x20, 0x3A, 0x81, 0xEF,
  0x32, 0x08, 0xA8, 0x14, 0x03, 0xA8, 0x1E, 0xF3, 0x38, 0x3D, 0xFD, 0x03, 0xA8, 0x1E, 0xF3, 0x30,
  0x4A, 0x08, 0x02, 0xA8, 0x1E, 0xF3, 0x40, 0xAA, 0x04, 0xA8, 0x1E, 0xF3, 0x48, 0x21, 0xEF, 0xDA,
  0x81, 0xEF, 0x35, 0x07, 0xC8, 0x1E, 0xF3, 0x60, 0xCB, 0x81, 0xEF, 0x36, 0x03, 0xB0,
  // "O" (U+004F), RLE, 25 bytes saved (20.8%)
  0x48, 0x65, 0xBD, 0xFE, 0xC7, 0x15, 0x02, 0x0D, 0xB0, 0xEB, 0x0E, 0x05, 0x38, 0x31, 0xEF, 0xD5,
  0x30, 0x30, 0xBA, 0x04, 0x28, 0x2A, 0xFE, 0x16, 0x83, 0xBF, 0xD0, 0x1A, 0x07, 0x70, 0x3A, 0x05,
  0x06, 0xA0, 0x17, 0x18, 0x4D, 0xFA, 0x8F, 0xE7, 0x28, 0x4A, 0xFC, 0xAF, 0xD7, 0x28, 0x49, 0xFE,
  0x9F, 0xD7, 0x28, 0x49, 0xFE, 0x8F, 0xE7, 0x28, 0x2A, 0xFC, 0x6A, 0x02, 0x71, 0x82, 0xDF, 0xA1,
  0xA0, 0x77, 0x03, 0xA8, 0x45, 0x0A, 0xFE, 0x26, 0x81, 0xBF, 0xD2, 0x83, 0x1E, 0xFD, 0x53, 0x03,
  0x0B, 0xA0, 0x43, 0x02, 0x0D, 0xB0, 0xEB, 0x0E, 0x05, 0x68, 0x66, 0xBD, 0xFE, 0xC7, 0x13,
  // "P" (U+0050), RLE, 15 bytes saved (17.0%)
  0x0E, 0xC8, 0x2E, 0xC8, 0x12, 0x0E, 0x90, 0xFE, 0xB8, 0x4E, 0x30, 0xEF, 0x73, 0x86, 0x5E, 0xFD,
  0x0E, 0xF7, 0x40, 0x6A, 0x82, 0x3E, 0xF7, 0x40, 0x2A, 0x82, 0x5E, 0xF7, 0x40, 0x1A, 0x82, 0x4E,
  0xF7, 0x40, 0x6A, 0x82, 0x1E, 0xF7, 0x28, 0x90, 0x17, 0xEF, 0xA0, 0xEF, 0xEE, 0xC8, 0x2C, 0x10,
  0xEC, 0x81, 0xDB, 0x53, 0x81, 0xEF, 0x77, 0x18, 0x1E, 0xF7, 0x71, 0x81, 0xEF, 0x77, 0x18, 0x1E,
  0xF7, 0x71, 0x81, 0xEF, 0x77, 0x18, 0x1E, 0xF7, 0x71,
  // "Q" (U+0051), RLE, 42 bytes saved (28.0%)
  0x48, 0x65, 0xBD, 0xFE, 0xC7, 0x15, 0x02, 0x0D, 0xB0, 0xEB, 0x0E, 0x05, 0x38, 0x31, 0xEF, 0xD5,
  0x30, 0x30, 0xBA, 0x04, 0x28, 0x2A, 0xFE, 0x16, 0x83, 0xBF, 0xD0, 0x1A, 0x07, 0x70, 0x3A, 0x05,
  0x06, 0xA0, 0x17, 0x18, 0x4D, 0xFA, 0x8F, 0xE7, 0x28, 0x4A, 0xFC, 0xAF, 0xD7, 0x28, 0x49, 0xFE,
  0x9F, 0xD7, 0x28, 0x49, 0xFE, 0x8F, 0xE7, 0x28, 0x2A, 0xFD, 0x6A, 0x02, 0x71, 0x82, 0xDF, 0xA1,
  0xA0, 0x77, 0x03, 0xA8, 0x46, 0x0A, 0xFE, 0x26, 0x81, 0xBF, 0xE2, 0x83, 0x1E, 0xFD, 0x53, 0x03,
  0x0B, 0xA0, 0x53, 0x02, 0x0D, 0xB0, 0xEC, 0x06, 0x68, 0x16, 0xBD, 0xB0, 0xD0, 0x27, 0x40, 0x7A,
  0x07, 0x75, 0x09, 0xA0, 0x77, 0x50, 0xBA, 0x06, 0x75, 0x0F, 0x70, 0x10,
  // "R" (U+0052), RLE, 7 bytes saved (7.3%)
  0x0E, 0xC8, 0x2E, 0xC8, 0x13, 0x0E, 0x90, 0xFE, 0xB0, 0xE0, 0x32, 0x81, 0xEF, 0x73, 0x82, 0x5E,
  0xFD, 0x28, 0x1E, 0xF7, 0x40, 0x5A, 0x83, 0x30, 0xEF, 0x74, 0x01, 0xA8, 0x35, 0x0E, 0xF7, 0x40,
  0x2A, 0x83, 0x50, 0xEF, 0x74, 0x07, 0xA8, 0x31, 0x0E, 0xF7, 0x28, 0x32, 0x7E, 0xF9, 0x20, 0xEF,
  0x09, 0x30, 0xE9, 0x0F, 0xEA, 0x08, 0x48, 0x1E, 0xF7, 0x28, 0x26, 0xFE, 0x13, 0x81, 0xEF, 0x73,
  0x81, 0xCF, 0xB3, 0x81, 0xEF, 0x73, 0x03, 0xA0, 0x62, 0x81, 0xEF, 0x74, 0x86, 0x8F, 0xE1, 0x0E,
  0xF7, 0x58, 0x5D, 0xFB, 0x0E, 0xF7, 0x50, 0x5A, 0x05,
  // "S" (U+0053), RLE, 19 bytes saved (21.6%)
  0x28, 0x65, 0xBE, 0xFD, 0xC8, 0x32, 0x0A, 0xB0, 0xEB, 0x81, 0x90, 0x5A, 0x06, 0x38, 0x53, 0x82,
  0x0A, 0xFB, 0x71, 0x81, 0xAF, 0xB7, 0x10, 0x7A, 0x04, 0x70, 0x10, 0xEA, 0x0A, 0x03, 0x60, 0x30,
  0xDB, 0x0C, 0x04, 0x60, 0x70, 0xDB, 0x0A, 0x70, 0x50, 0xDA, 0x09, 0x71, 0x81, 0xBF, 0xE7, 0x10,
  0x4A, 0x01, 0x70, 0x6A, 0x18, 0x1A, 0x62, 0x38, 0x44, 0xEF, 0x90, 0xEB, 0x0E, 0xB8, 0x91, 0xC1,
  0x05, 0xAD, 0xEF, 0xEB, 0x63,
  // "T" (U+0054), RLE, 59 bytes saved (56.7%)
  0x0B, 0xFC, 0x01, 0x0A, 0x80, 0x0E, 0xA8, 0x01, 0xE0, 0x15, 0xA0, 0x57, 0x3A, 0x05, 0x73, 0xA0,
  0x57, 0x3A, 0x05, 0x73, 0xA0, 0x57, 0x3A, 0x05, 0x73, 0xA0, 0x57, 0x3A, 0x05, 0x73, 0xA0, 0x57,
  0x3A, 0x05, 0x73, 0xA0, 0x57, 0x3A, 0x05, 0x73, 0xA0, 0x57, 0x3A, 0x05, 0x50,
  // "U" (U+0055), RLE, 26 bytes saved (25.0%)
  0xA0, 0x56, 0x01, 0xA0, 0x4A, 0x05, 0x60, 0x1A, 0x04, 0xA0, 0x56, 0x01, 0xA0, 0x4A, 0x05, 0x60,
  0x1A, 0x04, 0xA0, 0x56, 0x01, 0xA0, 0x4A, 0x05, 0x60, 0x1A, 0x04, 0xA0, 0x56, 0x01, 0xA0, 0x4A,
  0x05, 0x60, 0x1A, 0x04, 0xA0, 0x56, 0x01, 0xA0, 0x4A, 0x05, 0x60, 0x1A, 0x04, 0xA0, 0x56, 0x02,
  0xA8, 0x23, 0xEF, 0x86, 0x04, 0xA8, 0x22, 0xAF, 0xD6, 0x83, 0xAF, 0xC0, 0x2A, 0x0B, 0x03, 0x20,
  0x10, 0x8A, 0x05, 0x20, 0x5C, 0x0E, 0xB0, 0x74, 0x86, 0x29, 0xDF, 0xED, 0x93, 0x30,
  // "V" (U+0056), RLE, 27 bytes saved (24.1%)
  0x81, 0xCF, 0x97, 0x01, 0xA8, 0x25, 0x7F, 0xE7, 0x83, 0x6F, 0xE0, 0x2A, 0x04, 0x68, 0x1C, 0xFA,
  0x28, 0x1C, 0xF9, 0x50, 0x1A, 0x04, 0x28, 0x17, 0xFE, 0x58, 0x16, 0xFE, 0x30, 0x1A, 0x04, 0x48,
  0x1C, 0xF9, 0x48, 0x1B, 0xF9, 0x30, 0x1A, 0x04, 0x48, 0x16, 0xFE, 0x38, 0x17, 0xFE, 0x50, 0x1A,
  0x04, 0x28, 0x1C, 0xF9, 0x68, 0x3B, 0xF9, 0x01, 0xA0, 0x36, 0x85, 0x5F, 0xE0, 0x6F, 0xD7, 0x01,
  0xA8, 0x23, 0xBF, 0x87, 0x18, 0x1A, 0xF8, 0xA0, 0x37, 0x18, 0x35, 0xFE, 0xFD, 0x73, 0x0E, 0xA0,
  0x77, 0x30, 0xAA, 0x02, 0x50,
  // "W" (U+0057), RLE, 29 bytes saved (17.3%)
  0x81, 0xAF, 0xB6, 0xA0, 0x96, 0xA8, 0x25, 0x6F, 0xE5, 0x04, 0xA0, 0xE5, 0x04, 0xA0, 0x10, 0x2A,
  0x03, 0x40, 0x9B, 0x03, 0x48, 0x18, 0xFD, 0x28, 0x1E, 0xF7, 0x48, 0x3D, 0xFC, 0xF7, 0x48, 0x1C,
  0xF9, 0x28, 0x1A, 0xFB, 0x38, 0x42, 0xFE, 0x6F, 0xB4, 0xA0, 0x52, 0x81, 0x6F, 0xE3, 0x82, 0x6F,
  0xB2, 0xA3, 0x04, 0xA0, 0x12, 0x02, 0xA0, 0x32, 0x85, 0xAF, 0x70, 0xDF, 0x52, 0x81, 0x7F, 0xC4,
  0x81, 0xDF, 0x62, 0x85, 0xEF, 0x30, 0x8F, 0x92, 0x81, 0xBF, 0x84, 0x85, 0x9F, 0xA0, 0x3F, 0xE2,
  0x81, 0x4F, 0xD2, 0x81, 0xEF, 0x44, 0x85, 0x5F, 0xE0, 0x8F, 0x93, 0xA0, 0x20, 0x3A, 0x50, 0x1A,
  0x82, 0x2B, 0xF5, 0x38, 0x4B, 0xF6, 0x7F, 0xC6, 0x81, 0xDF, 0x5A, 0x01, 0x38, 0x46, 0xFA, 0xAF,
  0x86, 0x83, 0x9F, 0xAF, 0xC4, 0x84, 0x2F, 0xDD, 0xF4, 0x60, 0x5B, 0x08, 0x50, 0xDB, 0x70, 0x1B,
  0x03, 0x50, 0x9A, 0x0B, 0x71, 0x81, 0xCF, 0xE6, 0x04, 0xA0, 0x74,
  // "X" (U+0058), RLE, 25 bytes saved (22.3%)
  0x04, 0xA0, 0x56, 0x81, 0xCF, 0xA2, 0x81, 0xAF, 0xD5, 0x82, 0x7F, 0xE1, 0x28, 0x21, 0xEF, 0x83,
  0x82, 0x1E, 0xF6, 0x40, 0x6A, 0x02, 0x28, 0x1A, 0xFC, 0x68, 0x3B, 0xFB, 0x03, 0xA0, 0x26, 0x02,
  0xA8, 0x25, 0xCF, 0x87, 0x10, 0x8B, 0x0D, 0x73, 0x0D, 0xA0, 0x47, 0x20, 0x3B, 0x08, 0x72, 0x81,
  0xCF, 0xBA, 0x03, 0x78, 0x57, 0xFD, 0x0A, 0xFC, 0x68, 0x71, 0xEF, 0x50, 0x1E, 0xF7, 0x58, 0x1B,
  0xFB, 0x30, 0x7A, 0x02, 0x30, 0x5A, 0x02, 0x48, 0x1D, 0xFB, 0x28, 0x21, 0xEF, 0x75, 0x04, 0xA8,
  0x36, 0x09, 0xFD, 0x78, 0x2A, 0xFE, 0x10,
  // "Y" (U+0059), RLE, 31 bytes saved (29.8%)
  0x81, 0xBF, 0xC7, 0x82, 0xEF, 0x83, 0xA0, 0x55, 0x86, 0x7F, 0xE1, 0x0A, 0xFD, 0x48, 0x21, 0xEF,
  0x72, 0x02, 0xA0, 0x63, 0x81, 0x8F, 0xE4, 0x81, 0x9F, 0xD2, 0x01, 0xA0, 0x64, 0x01, 0xA8, 0x37,
  0x09, 0xFD, 0x68, 0x29, 0xFE, 0x3A, 0x05, 0x68, 0x41, 0xEF, 0xEF, 0xC7, 0x10, 0x8B, 0x04, 0x71,
  0x82, 0x1E, 0xFC, 0x73, 0x81, 0xBF, 0x97, 0x38, 0x1B, 0xF9, 0x73, 0x81, 0xBF, 0x97, 0x38, 0x1B,
  0xF9, 0x73, 0x81, 0xBF, 0x97, 0x38, 0x1B, 0xF9, 0x50,
  // "Z" (U+005A), RLE, 39 bytes saved (40.6%)
  0x1F, 0xB0, 0xA1, 0x80, 0x4E, 0xA0, 0x97, 0x18, 0x29, 0xFE, 0x17, 0x03, 0xA0, 0x67, 0x18, 0x1D,
  0xFB, 0x71, 0x07, 0xA0, 0x27, 0x02, 0xA0, 0x77, 0x18, 0x1C, 0xFC, 0x71, 0x06, 0xA0, 0x37, 0x82,
  0x1E, 0xF8, 0x71, 0x81, 0xBF, 0xD7, 0x10, 0x5A, 0x04, 0x78, 0x21, 0xEF, 0x97, 0x18, 0x2A, 0xFE,
  0x17, 0x02, 0xB8, 0x03, 0xE0, 0xC0, 0x3F, 0xB0, 0xD0,
  // "[" (U+005B), uncompressed
  0x4F, 0xFF, 0xFA, 0x4F, 0xFE, 0xE9, 0x4F, 0xD0, 0x00, 0x4F, 0xD0, 0x00, 0x4F, 0xD0, 0x00, 0x4F,
  0xD0, 0x00, 0x4F, 0xD0, 0x00, 0x4F, 0xD0, 0x00, 0x4F, 0xD0, 0x00, 0x4F, 0xD0, 0x00, 0x4F, 0xD0,
  0x00, 0x4F, 0xD0, 0x00, 0x4F, 0xD0, 0x00, 0x4F, 0xD0, 0x00, 0x4F, 0xD0, 0x00, 0x4F, 0xD0, 0x00,
  0x4F, 0xD0, 0x00, 0x4F, 0xFE, 0xE9, 0x4F, 0xFF, 0xFA,
  // "\" (U+005C), RLE, 24 bytes saved (33.3%)
  0x81, 0x9F, 0x86, 0x81, 0x3F, 0xE7, 0x81, 0xDF, 0x46, 0x81, 0x8F, 0xA6, 0x02, 0xA0, 0x16, 0x81,
  0xCF, 0x66, 0x81, 0x6F, 0xC6, 0x01, 0xA0, 0x26, 0x81, 0xAF, 0x76, 0x81, 0x5F, 0xD7, 0x81, 0xEF,
  0x36, 0x81, 0x9F, 0x96, 0x81, 0x3F, 0xE7, 0x81, 0xDF, 0x56, 0x81, 0x7F, 0xB6, 0x02, 0xA0, 0x10,
  // "]" (U+005D), uncompressed
  0x7F, 0xFF, 0xF8, 0x6E, 0xEE, 0xF8, 0x00, 0x09, 0xF8, 0x00, 0x09, 0xF8, 0x00, 0x09, 0xF8, 0x00,
  0x09, 0xF8, 0x00, 0x09, 0xF8, 0x00, 0x09, 0xF8, 0x00, 0x09, 0xF8, 0x00, 0x09, 0xF8, 0x00, 0x09,
  0xF8, 0x00, 0x09, 0xF8, 0x00, 0x09, 0xF8, 0x00, 0x09, 0xF8, 0x00, 0x09, 0xF8, 0x00, 0x09, 0xF8,
  0x00, 0x09, 0xF8, 0x6E, 0xEE, 0xF8, 0x7F, 0xFF, 0xF8,
  // "^" (U+005E), RLE, 12 bytes saved (20.0%)
  0x50, 0xC0, 0xD7, 0x20, 0x4A, 0x06, 0x71, 0x82, 0xBF, 0xDD, 0x78, 0x43, 0xF9, 0x6F, 0x76, 0x84,
  0xAF, 0x20, 0xDE, 0x58, 0x12, 0xFA, 0x28, 0x16, 0xF7, 0x48, 0x19, 0xF3, 0x38, 0x1D, 0xE1, 0x28,
  0x11, 0xFC, 0x48, 0x15, 0xF8, 0x28, 0x18, 0xF5, 0x58, 0x4D, 0xE1, 0x1E, 0xD6, 0x81, 0x5F, 0x90,
  // "_" (U+005F), RLE, 5 bytes saved (50.0%)
  0x80, 0x5E, 0x08, 0xFA, 0x09,
  // "`" (U+0060), uncompressed
  0x77, 0x50, 0x07, 0xFF, 0x30, 0x07, 0xFD, 0x00, 0x05, 0xF9,
  // "a" (U+0061), RLE, 3 bytes saved (5.0%)
  0x18, 0x61, 0x6B, 0xEF, 0xEA, 0x32, 0x09, 0xB0, 0xEB, 0x83, 0x30, 0x29, 0x32, 0x82, 0x3E, 0xFA,
  0x78, 0x18, 0xFC, 0x78, 0x66, 0xFD, 0x02, 0x9C, 0xEC, 0x0D, 0x04, 0xC0, 0xFE, 0x98, 0x3D, 0xDF,
  0xD3, 0x38, 0x16, 0xFD, 0xA0, 0x74, 0x84, 0x9F, 0xDD, 0xFB, 0x20, 0x10, 0x7A, 0x0D, 0x07, 0xB0,
  0xEA, 0x89, 0x36, 0xFD, 0x06, 0xCE, 0xEB, 0x30, 0xDD,
  // "b" (U+0062), RLE, 13 bytes saved (13.5%)
  0x02, 0xA0, 0x27, 0x10, 0x2A, 0x02, 0x71, 0x02, 0xA0, 0x27, 0x10, 0x2A, 0x02, 0x71, 0x02, 0xA8,
  0x52, 0x6C, 0xFE, 0xA2, 0x20, 0x2A, 0x0A, 0xA0, 0xEA, 0x82, 0xE2, 0x02, 0xA0, 0xE0, 0x42, 0x84,
  0x3D, 0xFC, 0x02, 0xA0, 0x84, 0x05, 0xA0, 0x02, 0xA0, 0x45, 0xA0, 0x60, 0x2A, 0x02, 0x58, 0x2E,
  0xF7, 0x2A, 0x03, 0x58, 0x2E, 0xF7, 0x2A, 0x04, 0x40, 0x1A, 0x05, 0x02, 0xA0, 0x94, 0x06, 0xA0,
  0x02, 0xB0, 0x52, 0x87, 0x3E, 0xFC, 0x02, 0xFE, 0xAA, 0x0E, 0xA8, 0x93, 0xE2, 0x02, 0xFA, 0x07,
  0xDF, 0xEA, 0x22,
  // "c" (U+0063), RLE, 6 bytes saved (11.1%)
  0x28, 0x90, 0x29, 0xDF, 0xEC, 0x80, 0x4E, 0xA0, 0xEA, 0x84, 0xB1, 0xEF, 0xB2, 0x28, 0x43, 0x37,
  0xFE, 0x15, 0x81, 0xBF, 0xA6, 0x81, 0xCF, 0x86, 0x81, 0xCF, 0x96, 0x81, 0xBF, 0xB6, 0x08, 0xA0,
  0x15, 0x02, 0xA0, 0xB0, 0x12, 0x82, 0x26, 0x06, 0xB0, 0xEA, 0x0C, 0x28, 0x53, 0xAE, 0xFE, 0xC5,
  // "d" (U+0064), RLE, 9 bytes saved (10.2%)
  0x71, 0x81, 0x8F, 0xC7, 0x18, 0x18, 0xFC, 0x71, 0x81, 0x8F, 0xC7, 0x18, 0x18, 0xFC, 0x28, 0x91,
  0x5B, 0xEE, 0xB3, 0x7F, 0xC0, 0x7B, 0x0E, 0xA8, 0x2B, 0xFC, 0x2A, 0x83, 0xB1, 0x01, 0x9A, 0x0C,
  0x08, 0xA0, 0x14, 0x84, 0xDF, 0xCB, 0xFB, 0x58, 0x49, 0xFC, 0xCF, 0x95, 0x84, 0x7F, 0xCC, 0xF9,
  0x58, 0x47, 0xFC, 0xBF, 0xA5, 0x85, 0x8F, 0xC8, 0xFE, 0x14, 0x82, 0xCF, 0xC2, 0xA8, 0x3A, 0x10,
  0x18, 0xA8, 0x1C, 0x07, 0xB0, 0xEA, 0x81, 0x9F, 0xC2, 0x87, 0x5C, 0xEE, 0xB3, 0x1F, 0xC0,
  // "e" (U+0065), RLE, 7 bytes saved (10.6%)
  0x28, 0x52, 0x9D, 0xFD, 0x92, 0x30, 0x40, 0xEA, 0x0E, 0xA8, 0xA0, 0xE2, 0x01, 0xEF, 0xB1, 0x01,
  0xBF, 0xC0, 0x6F, 0xE1, 0x30, 0x2A, 0x82, 0x3A, 0xFA, 0x58, 0x2D, 0xF6, 0xCF, 0xA0, 0x70, 0xC9,
  0x80, 0x4E, 0x82, 0x7B, 0xFA, 0x71, 0x82, 0x6F, 0xE1, 0x78, 0x31, 0xEF, 0xB3, 0x30, 0x30, 0x62,
  0x03, 0x0E, 0xB0, 0xEA, 0x0E, 0x38, 0x61, 0x8D, 0xEF, 0xDA, 0x51,
  // "f" (U+0066), RLE, 17 bytes saved (23.6%)
  0x38, 0x43, 0xBE, 0xFD, 0x72, 0x03, 0xB8, 0x1E, 0xF6, 0x28, 0x28, 0xFE, 0x25, 0x81, 0x9F, 0xA4,
  0x03, 0x0A, 0xD8, 0x29, 0x09, 0xEB, 0x81, 0xEE, 0x83, 0x81, 0x9F, 0xA6, 0x81, 0x9F, 0xA6, 0x81,
  0x9F, 0xA6, 0x81, 0x9F, 0xA6, 0x81, 0x9F, 0xA6, 0x81, 0x9F, 0xA6, 0x81, 0x9F, 0xA6, 0x81, 0x9F,
  0xA6, 0x81, 0x9F, 0xA6, 0x81, 0x9F, 0xA4,
  // "g" (U+0067), RLE, 7 bytes saved (7.4%)
  0x28, 0x91, 0x5C, 0xEE, 0xB3, 0x2F, 0xC0, 0x6B, 0x0E, 0xA8, 0x29, 0xFC, 0x2A, 0x83, 0xA1, 0x01,
  0x9A, 0x0C, 0x07, 0xA0, 0x14, 0x84, 0xCF, 0xCB, 0xFB, 0x58, 0x48, 0xFC, 0xCF, 0x95, 0x84, 0x6F,
  0xCC, 0xF9, 0x58, 0x46, 0xFC, 0xBF, 0xB5, 0x85, 0x7F, 0xC8, 0xFE, 0x14, 0x82, 0xBF, 0xC2, 0xA8,
  0x3A, 0x10, 0x18, 0xA8, 0x1C, 0x07, 0xB0, 0xEA, 0x81, 0xBF, 0xC2, 0x87, 0x5C, 0xEE, 0xB3, 0x7F,
  0xC7, 0x18, 0x18, 0xFB, 0x71, 0x85, 0xCF, 0x90, 0x94, 0x12, 0x01, 0x09, 0xA0, 0x41, 0xC0, 0xEB,
  0x09, 0x28, 0x66, 0xAD, 0xEF, 0xEB, 0x52,
  // "h" (U+0068), RLE, 14 bytes saved (14.6%)
  0x02, 0xA0, 0x27, 0x10, 0x2A, 0x02, 0x71, 0x02, 0xA0, 0x27, 0x10, 0x2A, 0x02, 0x71, 0x02, 0xA8,
  0x52, 0x6C, 0xFE, 0xB4, 0x20, 0x2A, 0x09, 0xA0, 0xEB, 0x81, 0x50, 0x2B, 0x05, 0x28, 0x42, 0xDF,
  0xC0, 0x2A, 0x09, 0x40, 0x6A, 0x10, 0x2A, 0x04, 0x40, 0x3A, 0x01, 0x02, 0xA0, 0x34, 0x03, 0xA0,
  0x10, 0x2A, 0x02, 0x40, 0x3A, 0x01, 0x02, 0xA0, 0x24, 0x03, 0xA0, 0x10, 0x2A, 0x02, 0x40, 0x3A,
  0x01, 0x02, 0xA0, 0x24, 0x03, 0xA0, 0x10, 0x2A, 0x02, 0x40, 0x3A, 0x01, 0x02, 0xA0, 0x24, 0x03,
  0xA0, 0x10,
  // "i" (U+0069), uncompressed
  0x1D, 0xD1, 0x4F, 0xF4, 0x0B, 0xB0, 0x00, 0x00, 0x2F, 0xF2, 0x2F, 0xF2, 0x2F, 0xF2, 0x2F, 0xF2,
  0x2F, 0xF2, 0x2F, 0xF2, 0x2F, 0xF2, 0x2F, 0xF2, 0x2F, 0xF2, 0x2F, 0xF2, 0x2F, 0xF2, 0x2F, 0xF2,
  // "j" (U+006A), RLE, 12 bytes saved (16.2%)
  0x38, 0x21, 0xDD, 0x13, 0x04, 0xA0, 0x44, 0x00, 0xB7, 0x40, 0x2A, 0x02, 0x30, 0x2A, 0x02, 0x30,
  0x2A, 0x02, 0x30, 0x2A, 0x02, 0x30, 0x2A, 0x02, 0x30, 0x2A, 0x02, 0x30, 0x2A, 0x02, 0x30, 0x2A,
  0x02, 0x30, 0x2A, 0x02, 0x30, 0x2A, 0x02, 0x30, 0x2A, 0x02, 0x30, 0x2A, 0x02, 0x30, 0x2A, 0x02,
  0x30, 0x3A, 0x01, 0x30, 0x8A, 0x18, 0x14, 0xEE, 0xA8, 0x59, 0x03, 0xEF, 0xE9, 0x20,
  // "k" (U+006B), RLE, 9 bytes saved (10.2%)
  0x02, 0xA0, 0x27, 0x02, 0xA0, 0x27, 0x02, 0xA0, 0x27, 0x02, 0xA0, 0x27, 0x02, 0xA0, 0x23, 0x04,
  0xA0, 0x60, 0x2A, 0x02, 0x20, 0x3A, 0x81, 0x70, 0x2A, 0x84, 0x20, 0x3E, 0xF8, 0x20, 0x2A, 0x83,
  0x22, 0xEF, 0x93, 0x02, 0xA8, 0x22, 0xDF, 0xA4, 0x02, 0xA0, 0xBA, 0x05, 0x40, 0x2B, 0x82, 0xDF,
  0xE2, 0x30, 0x2A, 0x83, 0x80, 0xDF, 0xC3, 0x02, 0xA8, 0x12, 0x02, 0xA0, 0x82, 0x02, 0xA0, 0x22,
  0x06, 0xA8, 0x14, 0x02, 0xA0, 0x23, 0x83, 0xAF, 0xE1, 0x2A, 0x02, 0x38, 0x21, 0xDF, 0xC0,
  // "l" (U+006C), uncompressed
  0x2F, 0xF2, 0x2F, 0xF2, 0x2F, 0xF2, 0x2F, 0xF2, 0x2F, 0xF2, 0x2F, 0xF2, 0x2F, 0xF2, 0x2F, 0xF2,
  0x2F, 0xF2, 0x2F, 0xF2, 0x2F, 0xF2, 0x2F, 0xF2, 0x2F, 0xF2, 0x2F, 0xF2, 0x2F, 0xF2, 0x2F, 0xF2,
  // "m" (U+006D), RLE, 11 bytes saved (9.6%)
  0x89, 0x72, 0xFB, 0x07, 0xDF, 0xEA, 0x10, 0x3B, 0xEF, 0xC6, 0x28, 0x42, 0xFE, 0xAF, 0xEB, 0x0D,
  0x05, 0xA0, 0xEB, 0x81, 0x70, 0x2B, 0x04, 0x20, 0x6B, 0x87, 0xB1, 0x01, 0xCF, 0xD0, 0x2A, 0x09,
  0x40, 0xDA, 0x01, 0x30, 0x5A, 0x01, 0x02, 0xA0, 0x44, 0x81, 0xAF, 0xB4, 0x03, 0xA0, 0x02, 0xA0,
  0x34, 0x81, 0xAF, 0xA4, 0x02, 0xA0, 0x02, 0xA0, 0x24, 0x81, 0xAF, 0x94, 0x02, 0xA0, 0x02, 0xA0,
  0x24, 0x81, 0xAF, 0x94, 0x02, 0xA0, 0x02, 0xA0, 0x24, 0x81, 0xAF, 0x94, 0x02, 0xA0, 0x02, 0xA0,
  0x24, 0x81, 0xAF, 0x94, 0x02, 0xA0, 0x02, 0xA0, 0x24, 0x81, 0xAF, 0x94, 0x02, 0xA0, 0x02, 0xA0,
  0x24, 0x81, 0xAF, 0x94, 0x02, 0xA0, 0x20,
  // "n" (U+006E), RLE, 3 bytes saved (4.2%)
  0x89, 0x02, 0xFB, 0x06, 0xCE, 0xEB, 0x42, 0x82, 0x2F, 0xE9, 0xA0, 0xEB, 0x81, 0x50, 0x2B, 0x05,
  0x28, 0x42, 0xDF, 0xC0, 0x2A, 0x09, 0x40, 0x6A, 0x10, 0x2A, 0x04, 0x40, 0x3A, 0x01, 0x02, 0xA0,
  0x34, 0x03, 0xA0, 0x10, 0x2A, 0x02, 0x40, 0x3A, 0x01, 0x02, 0xA0, 0x24, 0x03, 0xA0, 0x10, 0x2A,
  0x02, 0x40, 0x3A, 0x01, 0x02, 0xA0, 0x24, 0x03, 0xA0, 0x10, 0x2A, 0x02, 0x40, 0x3A, 0x01, 0x02,
  0xA0, 0x24, 0x03, 0xA0, 0x10,
  // "o" (U+006F), RLE, 5 bytes saved (6.9%)
  0x28, 0x52, 0x9D, 0xFE, 0xB4, 0x40, 0x40, 0xEA, 0x0E, 0xB0, 0x92, 0x83, 0x1E, 0xFB, 0x12, 0x06,
  0xA8, 0x15, 0x07, 0xA0, 0x14, 0x85, 0xAF, 0xD0, 0xBF, 0xB5, 0x04, 0xA8, 0x21, 0xCF, 0x95, 0x02,
  0xA8, 0x23, 0xCF, 0x95, 0x02, 0xA8, 0x23, 0xAF, 0xB5, 0x04, 0xA0, 0x20, 0x6A, 0x01, 0x48, 0x1A,
  0xFD, 0x28, 0x2D, 0xFB, 0x12, 0x06, 0xA0, 0x62, 0x03, 0x0E, 0xA0, 0xEB, 0x09, 0x48, 0x51, 0x8D,
  0xFE, 0xB5, 0x30,
  // "p" (U+0070), RLE, 14 bytes saved (13.7%)
  0x89, 0x02, 0xFC, 0x06, 0xCF, 0xEA, 0x22, 0x02, 0xA0, 0x9A, 0x0E, 0xA8, 0x2E, 0x30, 0x2A, 0x0E,
  0x05, 0x28, 0x43, 0xEF, 0xC0, 0x2A, 0x08, 0x40, 0x6A, 0x00, 0x2A, 0x04, 0x40, 0x1A, 0x06, 0x02,
  0xA0, 0x25, 0x82, 0xEF, 0x72, 0xA0, 0x35, 0x82, 0xEF, 0x72, 0xA0, 0x44, 0x01, 0xA0, 0x50, 0x2A,
  0x09, 0x40, 0x6A, 0x00, 0x2B, 0x05, 0x28, 0x43, 0xEF, 0xC0, 0x2A, 0x0B, 0xA0, 0xEA, 0x82, 0xE2,
  0x02, 0xA8, 0x52, 0x7D, 0xFE, 0xA2, 0x20, 0x2A, 0x02, 0x71, 0x02, 0xA0, 0x27, 0x10, 0x2A, 0x02,
  0x71, 0x02, 0xA0, 0x27, 0x10, 0x2A, 0x02, 0x71,
  // "q" (U+0071), RLE, 12 bytes saved (12.8%)
  0x28, 0x91, 0x4B, 0xEE, 0xB3, 0x2F, 0xC0, 0x7B, 0x0E, 0xA8, 0x29, 0xFC, 0x2A, 0x83, 0xB1, 0x01,
  0x9A, 0x0C, 0x08, 0xA0, 0x14, 0x84, 0xDF, 0xCB, 0xFB, 0x58, 0x49, 0xFC, 0xCF, 0x95, 0x84, 0x7F,
  0xCC, 0xF9, 0x58, 0x47, 0xFC, 0xBF, 0xA5, 0x85, 0x8F, 0xC8, 0xFE, 0x14, 0x82, 0xCF, 0xC2, 0xA8,
  0x3A, 0x10, 0x18, 0xA8, 0x1C, 0x07, 0xB0, 0xEA, 0x81, 0xAF, 0xC2, 0x87, 0x5C, 0xFE, 0xB3, 0x7F,
  0xC7, 0x18, 0x18, 0xFC, 0x71, 0x81, 0x8F, 0xC7, 0x18, 0x18, 0xFC, 0x71, 0x81, 0x8F, 0xC7, 0x18,
  0x18, 0xFC,
  // "r" (U+0072), RLE, 7 bytes saved (14.6%)
  0x89, 0x22, 0xFB, 0x04, 0xCE, 0xD2, 0xFD, 0x6A, 0x81, 0xEC, 0x2B, 0x0A, 0x01, 0x20, 0x2A, 0x0B,
  0x40, 0x2A, 0x05, 0x40, 0x2A, 0x02, 0x40, 0x2A, 0x02, 0x40, 0x2A, 0x02, 0x40, 0x2A, 0x02, 0x40,
  0x2A, 0x02, 0x40, 0x2A, 0x02, 0x40, 0x2A, 0x02, 0x40,
  // "s" (U+0073), RLE, 5 bytes saved (9.3%)
  0x18, 0x74, 0xAD, 0xFD, 0xB7, 0x16, 0xB0, 0xEB, 0x82, 0x3D, 0xFA, 0x38, 0x44, 0x80, 0xDF, 0x76,
  0x08, 0xA0, 0x90, 0x25, 0x08, 0xB0, 0xB0, 0x54, 0x81, 0x17, 0xDA, 0x0B, 0x68, 0x25, 0xEF, 0x76,
  0x83, 0x9F, 0xA9, 0x43, 0x83, 0x2D, 0xF8, 0xEA, 0x00, 0xEA, 0x89, 0x0E, 0x15, 0xBE, 0xFE, 0xC8,
  0x11,
  // "t" (U+0074), RLE, 10 bytes saved (16.7%)
  0x28, 0x11, 0x72, 0x58, 0x15, 0xF5, 0x58, 0x1B, 0xF5, 0x30, 0x30, 0xBD, 0x81, 0xB8, 0xEA, 0x0F,
  0xE0, 0xA2, 0x81, 0xEF, 0x55, 0x81, 0xEF, 0x55, 0x81, 0xEF, 0x55, 0x81, 0xEF, 0x55, 0x81, 0xEF,
  0x55, 0x81, 0xEF, 0x55, 0x81, 0xEF, 0x65, 0x81, 0xCF, 0xB5, 0x07, 0xB0, 0xE0, 0xD3, 0x83, 0x7D,
  0xFE, 0x90,
  // "u" (U+0075), RLE, 9 bytes saved (13.6%)
  0x04, 0xA0, 0x14, 0x04, 0xA0, 0x4A, 0x01, 0x40, 0x4A, 0x04, 0xA0, 0x14, 0x04, 0xA0, 0x4A, 0x01,
  0x40, 0x4A, 0x04, 0xA0, 0x14, 0x04, 0xA0, 0x4A, 0x01, 0x40, 0x4A, 0x04, 0xA0, 0x14, 0x05, 0xA0,
  0x4A, 0x01, 0x40, 0x6A, 0x03, 0xA0, 0x34, 0x0B, 0xA1, 0xA0, 0xA3, 0x04, 0xB1, 0x08, 0xA8, 0x3D,
  0xBC, 0xFB, 0xA2, 0x86, 0x6C, 0xFE, 0xC6, 0x0E, 0x90,
  // "v" (U+0076), RLE, 12 bytes saved (16.7%)
  0x81, 0xCF, 0x95, 0x01, 0xA8, 0x26, 0x6F, 0xE5, 0x83, 0x6F, 0xE0, 0x1A, 0x05, 0x48, 0x1C, 0xF9,
  0x28, 0x1A, 0xFA, 0x30, 0x1A, 0x04, 0x20, 0x5A, 0x01, 0x28, 0x17, 0xFD, 0x48, 0x1E, 0xF6, 0x28,
  0x1C, 0xF7, 0x48, 0x38, 0xFB, 0x02, 0xA0, 0x24, 0x03, 0xA8, 0x21, 0x7F, 0xB6, 0x84, 0xCF, 0x5C,
  0xF5, 0x68, 0x37, 0xFB, 0xFE, 0x70, 0x1B, 0x09, 0x71, 0x0A, 0xA0, 0x34,
  // "w" (U+0077), RLE, 7 bytes saved (6.5%)
  0x81, 0x9F, 0xB4, 0x08, 0xA0, 0x44, 0x82, 0xEF, 0x55, 0xA4, 0x0C, 0xA0, 0x93, 0x03, 0xA0, 0x01,
  0xA0, 0x32, 0x83, 0x1F, 0xCF, 0xD3, 0x81, 0x7F, 0xC2, 0x81, 0xCF, 0x72, 0x84, 0x6F, 0x8C, 0xF2,
  0x28, 0x1B, 0xF8, 0x28, 0x18, 0xFB, 0x28, 0x4B, 0xF4, 0x8F, 0x62, 0xA0, 0x42, 0x04, 0xA2, 0x89,
  0x0E, 0xF0, 0x4F, 0xB0, 0x4F, 0xE4, 0x84, 0xEF, 0x34, 0xFB, 0x2A, 0x18, 0x18, 0xFB, 0x48, 0x4B,
  0xF7, 0x8F, 0x62, 0x84, 0xBF, 0x4B, 0xF6, 0x48, 0x46, 0xFA, 0xBF, 0x22, 0x84, 0x7F, 0x8E, 0xF2,
  0x48, 0x32, 0xFD, 0xED, 0x38, 0x32, 0xFD, 0xFD, 0x60, 0xDA, 0x08, 0x40, 0xDA, 0x09, 0x60, 0x9A,
  0x03, 0x40, 0x9A, 0x05, 0x30,
  // "x" (U+0078), RLE, 10 bytes saved (13.9%)
  0x02, 0xA0, 0x74, 0x84, 0x8F, 0xE2, 0x07, 0xA0, 0x22, 0x03, 0xA0, 0x63, 0x81, 0xCF, 0xC2, 0x81,
  0xCF, 0xB4, 0x86, 0x2E, 0xF6, 0x7F, 0xE1, 0x58, 0x16, 0xFE, 0xA0, 0x57, 0x0B, 0xA0, 0xA7, 0x10,
  0xDA, 0x0C, 0x78, 0x49, 0xFD, 0xDF, 0x85, 0x04, 0xA0, 0x04, 0xA0, 0x33, 0x82, 0x1D, 0xF9, 0x28,
  0x1A, 0xFD, 0x38, 0x1A, 0xFD, 0x38, 0x41, 0xEF, 0x90, 0x5A, 0x04, 0x40, 0x5A, 0x04,
  // "y" (U+0079), RLE, 22 bytes saved (21.6%)
  0x81, 0xCF, 0xB5, 0x01, 0xA0, 0x60, 0x5A, 0x01, 0x48, 0x16, 0xFE, 0x28, 0x1E, 0xF6, 0x48, 0x1C,
  0xF9, 0x28, 0x18, 0xFC, 0x30, 0x2A, 0x04, 0x20, 0x2A, 0x02, 0x28, 0x17, 0xFD, 0x48, 0x1B, 0xF8,
  0x28, 0x1C, 0xF7, 0x48, 0x35, 0xFD, 0x02, 0xA0, 0x15, 0x84, 0xEF, 0x38, 0xFB, 0x68, 0x48, 0xF8,
  0xCF, 0x56, 0x83, 0x2F, 0xDF, 0xE7, 0x10, 0xBA, 0x09, 0x71, 0x05, 0xA0, 0x37, 0x18, 0x17, 0xFD,
  0x72, 0x81, 0xDF, 0x67, 0x18, 0x1A, 0xFE, 0x60, 0x90, 0xDB, 0x04, 0x68, 0x38, 0xFE, 0xB3, 0x70,
  // "z" (U+007A), RLE, 18 bytes saved (30.0%)
  0x10, 0xDF, 0x81, 0x70, 0xC8, 0x01, 0xEA, 0x07, 0x68, 0x28, 0xFD, 0x15, 0x04, 0xA0, 0x35, 0x82,
  0x1D, 0xF7, 0x68, 0x1A, 0xFC, 0x68, 0x26, 0xFE, 0x25, 0x82, 0x2E, 0xF5, 0x68, 0x1C, 0xF9, 0x68,
  0x18, 0xFD, 0x60, 0x2A, 0x80, 0x2E, 0x09, 0x03, 0xF9, 0x0A,
  // "{" (U+007B), RLE, 14 bytes saved (18.4%)
  0x48, 0x23, 0xAE, 0xA3, 0x03, 0xB0, 0xA3, 0x82, 0x9F, 0xD2, 0x48, 0x1B, 0xF7, 0x58, 0x1B, 0xF6,
  0x58, 0x1B, 0xF6, 0x58, 0x1B, 0xF6, 0x58, 0x1D, 0xF5, 0x38, 0x31, 0x8F, 0xE1, 0x20, 0x7A, 0x0B,
  0x03, 0x30, 0x6A, 0x0D, 0x06, 0x50, 0x6A, 0x03, 0x58, 0x1C, 0xF6, 0x58, 0x1B, 0xF6, 0x58, 0x1B,
  0xF6, 0x58, 0x1B, 0xF6, 0x58, 0x2A, 0xFC, 0x14, 0x05, 0xB0, 0xA4, 0x82, 0x5B, 0xEA,
  // "|" (U+007C), uncompressed
  0xDF, 0xDF, 0xDF, 0xDF, 0xDF, 0xDF, 0xDF, 0xDF, 0xDF, 0xDF, 0xDF, 0xDF, 0xDF, 0xDF, 0xDF, 0xDF,
  0xDF, 0xDF, 0xDF, 0xDF, 0xDF,
  // "}" (U+007D), RLE, 22 bytes saved (28.9%)
  0x82, 0x3E, 0xC7, 0x40, 0x3B, 0x0A, 0x50, 0x8A, 0x01, 0x5A, 0x03, 0x5A, 0x03, 0x5A, 0x03, 0x5A,
  0x03, 0x58, 0x1E, 0xF5, 0x58, 0x29, 0xFD, 0x35, 0x82, 0x8E, 0xFE, 0x38, 0x31, 0xAE, 0xFD, 0x38,
  0x2B, 0xFB, 0x14, 0x81, 0xEF, 0x45, 0xA0, 0x35, 0xA0, 0x35, 0xA0, 0x34, 0x07, 0xA0, 0x22, 0x03,
  0xB0, 0xB3, 0x82, 0x3F, 0xC8, 0x40,
  // "~" (U+007E), uncompressed
  0x4C, 0xEE, 0xB7, 0x20, 0x05, 0x6E, 0xFE, 0xFF, 0xFF, 0xEF, 0xF7, 0xA2, 0x00, 0x49, 0xDF, 0xD9,
  0x10,
  // "¡" (U+00A1), uncompressed
  0x2D, 0xD2, 0x7F, 0xF7, 0x2D, 0xD3, 0x00, 0x00, 0x00, 0x00, 0x0D, 0xD0, 0x0E, 0xD0, 0x0F, 0xE0,
  0x0F, 0xF0, 0x1F, 0xF0, 0x1F, 0xF1, 0x2F, 0xF2, 0x3F, 0xF3, 0x4F, 0xF3, 0x4F, 0xF4, 0x5F, 0xF5,
  // "¢" (U+00A2), RLE, 26 bytes saved (32.5%)
  0x50, 0x0C, 0x71, 0x00, 0xC6, 0x05, 0x0B, 0xA8, 0x1E, 0xC6, 0x20, 0xAB, 0x0E, 0xA8, 0x17, 0x06,
  0xA0, 0x83, 0x84, 0x51, 0x0C, 0xFB, 0x7A, 0x06, 0x60, 0x1A, 0x04, 0x60, 0x1A, 0x04, 0x7A, 0x06,
  0x78, 0x1C, 0xFB, 0x70, 0x6A, 0x84, 0x92, 0x01, 0x45, 0x20, 0xAE, 0x08, 0x38, 0x54, 0xAE, 0xFC,
  0xA3, 0x50, 0x0C, 0x71, 0x00, 0xC3,
  // "£" (U+00A3), RLE, 31 bytes saved (32.3%)
  0x48, 0x63, 0xAE, 0xFD, 0xB6, 0x13, 0x04, 0xB0, 0xEB, 0x01, 0x38, 0x6C, 0xFC, 0x10, 0x14, 0x73,
  0x01, 0xA0, 0x47, 0x10, 0x2A, 0x03, 0x71, 0x02, 0xA0, 0x27, 0x10, 0x2A, 0x02, 0x68, 0x12, 0xEE,
  0xA8, 0x00, 0xE0, 0x72, 0x02, 0xF9, 0x08, 0x40, 0x2A, 0x02, 0x71, 0x02, 0xA0, 0x27, 0x10, 0x2A,
  0x02, 0x71, 0x81, 0x5F, 0xE7, 0x18, 0x22, 0xDF, 0x57, 0x03, 0xB8, 0x03, 0xE0, 0xC0, 0x3F, 0xB0,
  0xD0,
  // "¤" (U+00A4), RLE, 4 bytes saved (6.6%)
  0x10, 0x66, 0x89, 0x62, 0x30, 0x7F, 0x97, 0xDE, 0xB5, 0xEE, 0x11, 0xDB, 0x0E, 0xB0, 0x72, 0x85,
  0x7F, 0xA1, 0x03, 0xE9, 0x30, 0xC0, 0xD4, 0x81, 0x5F, 0x62, 0x0E, 0x0B, 0x48, 0x11, 0xF8, 0x20,
  0xC0, 0xE4, 0x81, 0x5F, 0x62, 0x89, 0x27, 0xFB, 0x20, 0x5E, 0xF1, 0x01, 0xDF, 0x89, 0x27, 0x06,
  0xF8, 0x6C, 0xDA, 0x4D, 0xE2, 0x05, 0x60, 0x20, 0x31,
  // "¥" (U+00A5), RLE, 30 bytes saved (28.8%)
  0x81, 0x7F, 0xD6, 0x86, 0x5F, 0xE1, 0x0E, 0xF6, 0x58, 0x1D, 0xF7, 0x28, 0x16, 0xFD, 0x48, 0x15,
  0xFE, 0x48, 0x1D, 0xF6, 0x38, 0x1D, 0xF6, 0x48, 0x16, 0xFD, 0x28, 0x15, 0xFD, 0x68, 0x5D, 0xF5,
  0x0C, 0xF5, 0x68, 0x45, 0xFD, 0x5F, 0xC7, 0x18, 0x3C, 0xFE, 0xF4, 0x68, 0x1D, 0xEE, 0xB8, 0x1E,
  0xE7, 0x4F, 0x90, 0x87, 0x81, 0xDF, 0x67, 0x38, 0x1D, 0xF6, 0x7F, 0x90, 0x84, 0x81, 0xDE, 0xEA,
  0x0F, 0xE0, 0x77, 0x81, 0xDF, 0x67, 0x38, 0x1D, 0xF6, 0x50,
  // "¦" (U+00A6), RLE, 1 byte saved (4.8%)
  0x89, 0x5D, 0xFD, 0xFD, 0xFD, 0xFD, 0xFD, 0xFD, 0xFD, 0x97, 0x38, 0x95, 0xDF, 0xDF, 0xDF, 0xDF,
  0xDF, 0xDF, 0xDF, 0xD9,
  // "§" (U+00A7), RLE, 1 byte saved (1.4%)
  0x18, 0x90, 0x29, 0xDE, 0xEC, 0x71, 0x2E, 0xA0, 0xEB, 0x83, 0x67, 0xFB, 0x12, 0x84, 0x38, 0x06,
  0xFB, 0x68, 0x41, 0xDF, 0xD7, 0x14, 0x05, 0xC8, 0x95, 0xA2, 0x03, 0xFC, 0x23, 0xAF, 0xE3, 0x8F,
  0x53, 0x84, 0x6F, 0xA6, 0xFB, 0x38, 0x92, 0x3F, 0xA0, 0xBF, 0xE8, 0x3C, 0xF4, 0x20, 0x50, 0xCB,
  0x08, 0x50, 0x20, 0x8A, 0x04, 0x68, 0x47, 0xFA, 0x64, 0x12, 0x83, 0x1A, 0xFA, 0xBB, 0x0E, 0xA8,
  0x90, 0xE3, 0x39, 0xDF, 0xED, 0x92, 0x10,
  // "¨" (U+00A8), uncompressed
  0x7C, 0x40, 0x5D, 0x68, 0xE5, 0x06, 0xE7,
  // "©" (U+00A9), RLE, 12 bytes saved (8.8%)
  0x48, 0x62, 0x8C, 0xEF, 0xD9, 0x47, 0x18, 0x91, 0x9E, 0x83, 0x10, 0x26, 0xDB, 0x15, 0x81, 0xBC,
  0x17, 0x81, 0x9E, 0x23, 0x09, 0x0D, 0x38, 0x38, 0xDF, 0xD8, 0x20, 0xA0, 0xD2, 0x81, 0x2F, 0x32,
  0x0B, 0xA8, 0x1E, 0xFE, 0x28, 0x41, 0xE6, 0x08, 0xC2, 0x82, 0x5F, 0xC2, 0x20, 0x33, 0x83, 0x8C,
  0x0C, 0x82, 0x81, 0xAF, 0x27, 0x83, 0x4F, 0x1D, 0x62, 0x0D, 0x0E, 0x71, 0x83, 0x2F, 0x2D, 0x62,
  0x0D, 0x0E, 0x71, 0x83, 0x2F, 0x2C, 0x82, 0x81, 0xBF, 0x17, 0x83, 0x4F, 0x18, 0xD2, 0x82, 0x6F,
  0xB1, 0x20, 0x33, 0x84, 0x8C, 0x02, 0xF4, 0x20, 0xDA, 0x81, 0xEF, 0xD2, 0x81, 0x1E, 0x72, 0x89,
  0x09, 0xD1, 0x01, 0x9D, 0xFD, 0x72, 0x0A, 0x0D, 0x48, 0x1C, 0xC2, 0x78, 0x19, 0xE2, 0x58, 0x91,
  0xAE, 0x83, 0x10, 0x26, 0xDC, 0x27, 0x86, 0x39, 0xDE, 0xFD, 0xA5, 0x50,
  // "ª" (U+00AA), uncompressed
  0x06, 0xCE, 0xEB, 0x20, 0x67, 0x34, 0xEB, 0x00, 0x00, 0x09, 0xE0, 0x5C, 0xEF, 0xFF, 0x3F, 0xA3,
  0x2A, 0xF4, 0xF7, 0x03, 0xEF, 0x0B, 0xFF, 0xC8, 0xF0, 0x01, 0x10, 0x02,
  // "«" (U+00AB), uncompressed
  0x00, 0x04, 0x10, 0x00, 0x50, 0x00, 0x3F, 0xE1, 0x08, 0xFB, 0x02, 0xEF, 0x60, 0x5F, 0xE2, 0x0C,
  0xF9, 0x03, 0xFF, 0x40, 0xBF, 0xB0, 0x1E, 0xF7, 0x00, 0xDF, 0x90, 0x3F, 0xF4, 0x00, 0x2E, 0xF6,
  0x06, 0xFE, 0x20, 0x04, 0xFF, 0x30, 0x9F, 0xD0, 0x00, 0x7F, 0xE1, 0x0B, 0xFA, 0x00, 0x08, 0x50,
  0x00, 0x92,
  // "¬" (U+00AC), RLE, 12 bytes saved (36.4%)
  0x0D, 0x80, 0x5E, 0x06, 0x0E, 0xFA, 0x07, 0x71, 0x81, 0x4F, 0x77, 0x18, 0x14, 0xF7, 0x71, 0x81,
  0x4F, 0x77, 0x18, 0x14, 0xF7,
  // "®" (U+00AE), RLE, 7 bytes saved (5.1%)
  0x48, 0x62, 0x8C, 0xEF, 0xD9, 0x47, 0x18, 0x91, 0x9E, 0x83, 0x10, 0x26, 0xDB, 0x15, 0x81, 0xBC,
  0x17, 0x81, 0x9E, 0x23, 0x09, 0x0D, 0x20, 0xDA, 0x81, 0xEC, 0x42, 0x0A, 0x0D, 0x28, 0x12, 0xF3,
  0x28, 0x2D, 0xFE, 0xEA, 0x86, 0x20, 0x1E, 0x60, 0x8C, 0x30, 0xD0, 0xC2, 0x81, 0x7F, 0x52, 0x83,
  0x8C, 0x0C, 0x83, 0x0D, 0x0C, 0x28, 0x18, 0xF5, 0x28, 0x34, 0xF1, 0xD6, 0x38, 0x1D, 0xFE, 0xA0,
  0xC3, 0x83, 0x2F, 0x2D, 0x63, 0x0D, 0xB0, 0xE4, 0x83, 0x2F, 0x2C, 0x83, 0x84, 0xDC, 0x08, 0xF5,
  0x38, 0x34, 0xF1, 0x8D, 0x38, 0x4D, 0xC0, 0x1E, 0xD3, 0x84, 0x8C, 0x02, 0xF4, 0x20, 0xD0, 0xC2,
  0x85, 0x6F, 0x70, 0x1E, 0x72, 0x84, 0x9D, 0x10, 0xCB, 0x38, 0x3C, 0xD1, 0xAD, 0x48, 0x1C, 0xC2,
  0x78, 0x19, 0xE2, 0x58, 0x91, 0xAE, 0x83, 0x10, 0x26, 0xDC, 0x27, 0x86, 0x39, 0xDE, 0xFD, 0xA5,
  0x50,
  // "¯" (U+00AF), RLE, 7 bytes saved (53.8%)
  0x18, 0x07, 0xE1, 0x01, 0xFC, 0x01,
  // "°" (U+00B0), uncompressed
  0x04, 0xCE, 0xD8, 0x00, 0x4F, 0xFE, 0xFF, 0x90, 0xBF, 0x30, 0x1B, 0xF1, 0xDC, 0x00, 0x05, 0xF3,
  0xBF, 0x30, 0x0B, 0xF1, 0x4F, 0xFE, 0xFF, 0xA0, 0x04, 0xCE, 0xD8, 0x00,
  // "±" (U+00B1), RLE, 24 bytes saved (33.3%)
  0x48, 0x19, 0xF2, 0x71, 0x81, 0x9F, 0x27, 0x18, 0x19, 0xF2, 0x71, 0x81, 0x9F, 0x24, 0x0D, 0x0F,
  0xEA, 0x80, 0x0E, 0x06, 0x0E, 0xFA, 0x07, 0x48, 0x19, 0xF2, 0x71, 0x81, 0x9F, 0x27, 0x18, 0x19,
  0xF2, 0x71, 0x81, 0x9F, 0x27, 0x18, 0x19, 0xF2, 0x40, 0xD8, 0x05, 0xE0, 0x70, 0xEF, 0xA0, 0x70,
  // "²" (U+00B2), RLE, 4 bytes saved (11.4%)
  0x28, 0x56, 0x98, 0x30, 0x2D, 0xC8, 0x66, 0x0B, 0x50, 0x4F, 0xC5, 0x90, 0xC4, 0x81, 0x5F, 0x73,
  0x81, 0x3E, 0xB3, 0x81, 0x4E, 0xB3, 0x81, 0x4F, 0xB3, 0x04, 0xA8, 0x3A, 0x99, 0x97, 0xE0,
  // "³" (U+00B3), RLE, 2 bytes saved (5.0%)
  0x18, 0x94, 0x5C, 0xFE, 0x91, 0x03, 0xFD, 0xAC, 0xF9, 0x20, 0x33, 0x90, 0xD5, 0x81, 0x5F, 0x92,
  0x01, 0xB0, 0xA3, 0x84, 0x19, 0xAD, 0xF7, 0x68, 0x2C, 0xF1, 0x24, 0x8A, 0x0C, 0xF1, 0x8E, 0xBA,
  0xCF, 0xB0, 0x3A, 0xEF, 0xD9, 0x11,
  // "´" (U+00B4), uncompressed
  0x00, 0x77, 0x60, 0x7F, 0xE3, 0x3F, 0xE3, 0x0D, 0xD2, 0x00,
  // "µ" (U+00B5), RLE, 16 bytes saved (15.7%)
  0x02, 0xA0, 0x24, 0x03, 0xA0, 0x10, 0x2A, 0x02, 0x40, 0x3A, 0x01, 0x02, 0xA0, 0x24, 0x03, 0xA0,
  0x10, 0x2A, 0x02, 0x40, 0x3A, 0x01, 0x02, 0xA0, 0x24, 0x03, 0xA0, 0x10, 0x2A, 0x02, 0x40, 0x3A,
  0x01, 0x02, 0xA0, 0x24, 0x04, 0xA0, 0x10, 0x2A, 0x02, 0x40, 0x5A, 0x01, 0x02, 0xA0, 0x54, 0x0A,
  0xA0, 0x10, 0x2A, 0x0C, 0x02, 0x20, 0x6B, 0x01, 0x02, 0xC0, 0xEA, 0x09, 0xA0, 0x10, 0x2A, 0x89,
  0x07, 0xDF, 0xD7, 0x0C, 0xF1, 0x2A, 0x02, 0x71, 0x02, 0xA0, 0x27, 0x10, 0x2A, 0x02, 0x71, 0x02,
  0xA0, 0x27, 0x10, 0x2A, 0x02, 0x71,
  // "¶" (U+00B6), RLE, 26 bytes saved (21.7%)
  0x28, 0x16, 0xCE, 0xE8, 0x13, 0x09, 0xE8, 0x3E, 0xEF, 0x33, 0xE8, 0x4A, 0x03, 0xF3, 0x8E, 0x84,
  0xA0, 0x3F, 0x3A, 0xE8, 0x4A, 0x03, 0xF3, 0xCE, 0x84, 0xA0, 0x3F, 0x3B, 0xE8, 0x4A, 0x03, 0xF3,
  0xAE, 0x84, 0xA0, 0x3F, 0x36, 0xE8, 0x5A, 0x03, 0xF3, 0x0D, 0xD8, 0x6A, 0x03, 0xF3, 0x02, 0xCC,
  0x83, 0xA0, 0x3F, 0x33, 0x87, 0x24, 0x3B, 0xA0, 0x3F, 0x36, 0x84, 0xBA, 0x03, 0xF3, 0x68, 0x4B,
  0xA0, 0x3F, 0x36, 0x84, 0xBA, 0x03, 0xF3, 0x68, 0x4B, 0xA0, 0x3F, 0x36, 0x84, 0xBA, 0x03, 0xF3,
  0x68, 0x4B, 0xA0, 0x3F, 0x36, 0x84, 0xBA, 0x03, 0xF3, 0x68, 0x49, 0x90, 0x2D, 0x20,
  // "·" (U+00B7), uncompressed
  0x3D, 0xD3, 0x7F, 0xF7, 0x2D, 0xD2,
  // "¸" (U+00B8), uncompressed
  0x05, 0xA0, 0x00, 0xDE, 0x60, 0x02, 0x9F, 0x72, 0x17, 0xF8, 0xDF, 0xFC, 0x13, 0x42, 0x00,
  // "¹" (U+00B9), uncompressed
  0x01, 0xBF, 0x85, 0xEE, 0xF8, 0xCA, 0x4F, 0x80, 0x04, 0xF8, 0x00, 0x4F, 0x80, 0x04, 0xF8, 0x00,
  0x4F, 0x80, 0x04, 0xF8, 0x00, 0x4F, 0x80,
  // "º" (U+00BA), uncompressed
  0x01, 0x9D, 0xEB, 0x30, 0x0B, 0xD5, 0x3B, 0xE1, 0x2F, 0x60, 0x01, 0xF7, 0x4F, 0x40, 0x00, 0xF9,
  0x2F, 0x60, 0x01, 0xF8, 0x0C, 0xC2, 0x19, 0xF2, 0x02, 0xBF, 0xFE, 0x50, 0x00, 0x01, 0x10, 0x00,
  // "»" (U+00BB), uncompressed
  0x15, 0x00, 0x02, 0x30, 0x00, 0xDF, 0x60, 0x2F, 0xE2, 0x00, 0x3F, 0xF4, 0x08, 0xFD, 0x10, 0x06,
  0xFE, 0x20, 0xAF, 0xB0, 0x00, 0x9F, 0xD1, 0x0D, 0xF9, 0x00, 0x6F, 0xE2, 0x0A, 0xFC, 0x03, 0xFF,
  0x40, 0x8F, 0xD1, 0x1E, 0xF7, 0x05, 0xFE, 0x20, 0xCF, 0x90, 0x2E, 0xF4, 0x00, 0x39, 0x00, 0x06,
  0x60, 0x00,
  // "¼" (U+00BC), RLE, 18 bytes saved (14.1%)
  0x28, 0x23, 0xDF, 0x55, 0x81, 0x1E, 0xD4, 0x83, 0x7F, 0xEF, 0x55, 0x81, 0x9F, 0x43, 0x84, 0x1E,
  0x87, 0xF5, 0x48, 0x14, 0xFA, 0x58, 0x31, 0x07, 0xF5, 0x48, 0x1D, 0xE1, 0x78, 0x17, 0xF5, 0x38,
  0x17, 0xF6, 0x71, 0x81, 0x7F, 0x52, 0x81, 0x2F, 0xC7, 0x28, 0x17, 0xF5, 0x28, 0x1B, 0xF2, 0x28,
  0x1C, 0xF6, 0x48, 0x57, 0xF5, 0x05, 0xF8, 0x20, 0x8A, 0x06, 0x48, 0x47, 0xF5, 0x1E, 0xD2, 0x83,
  0x3F, 0xAF, 0x67, 0x89, 0x09, 0xF4, 0x01, 0xD8, 0x7F, 0x66, 0x81, 0x3F, 0xA2, 0x84, 0xAC, 0x08,
  0xF6, 0x68, 0x92, 0xCE, 0x10, 0x5F, 0x41, 0x8F, 0x71, 0x48, 0x17, 0xF6, 0x20, 0xBE, 0x0B, 0x38,
  0x12, 0xEC, 0x38, 0x63, 0x44, 0x4A, 0xF9, 0x33, 0x81, 0xBF, 0x37, 0x81, 0x8F, 0x61,
  // "½" (U+00BD), RLE, 25 bytes saved (19.5%)
  0x28, 0x24, 0xEF, 0x25, 0x81, 0x7F, 0x64, 0x83, 0x9F, 0xEF, 0x24, 0x81, 0x1E, 0xC4, 0x84, 0x3E,
  0x69, 0xF2, 0x48, 0x1B, 0xF3, 0x58, 0x31, 0x0A, 0xF2, 0x38, 0x15, 0xF8, 0x71, 0x81, 0xAF, 0x23,
  0x00, 0xD7, 0x28, 0x1A, 0xF2, 0x28, 0x19, 0xF5, 0x20, 0x26, 0x87, 0xAF, 0x20, 0x3F, 0xA1, 0x9B,
  0x0A, 0x48, 0x94, 0xAF, 0x20, 0xCE, 0x14, 0xE8, 0x5B, 0xF7, 0x38, 0x4A, 0xF2, 0x6F, 0x75, 0x81,
  0x4F, 0x95, 0x81, 0x1E, 0xC6, 0x81, 0x8F, 0x45, 0x81, 0xAF, 0x35, 0x81, 0x6F, 0x75, 0x81, 0x4F,
  0x95, 0x81, 0x8F, 0x76, 0x81, 0xDE, 0x14, 0x81, 0xAE, 0x56, 0x81, 0x8F, 0x54, 0x09, 0xA0, 0xFE,
  0x0A, 0x28, 0x12, 0xFB, 0x50, 0xAD, 0x0B,
  // "¾" (U+00BE), RLE, 28 bytes saved (18.3%)
  0x30, 0x17, 0x20, 0x01, 0x38, 0x11, 0x8E, 0xA0, 0xB0, 0x15, 0x81, 0x2F, 0xC3, 0x85, 0x1E, 0x95,
  0x8F, 0xB5, 0x81, 0xBF, 0x37, 0x10, 0x0E, 0x48, 0x14, 0xF9, 0x71, 0x81, 0x5F, 0xA4, 0x81, 0xDE,
  0x16, 0xB0, 0xB0, 0x13, 0x81, 0x7F, 0x77, 0x00, 0xEA, 0x07, 0x28, 0x11, 0xED, 0x73, 0x86, 0x2D,
  0xF1, 0x09, 0xF4, 0x74, 0x84, 0x9F, 0x23, 0xFB, 0x20, 0x3A, 0x89, 0x31, 0x05, 0x83, 0x25, 0xEE,
  0x0C, 0xF2, 0x20, 0xDA, 0x82, 0x10, 0x5E, 0xB8, 0x3E, 0x35, 0xF8, 0x28, 0x39, 0xDD, 0xF1, 0x38,
  0x13, 0x43, 0x28, 0x90, 0xDE, 0x10, 0x4F, 0x3D, 0xF1, 0x78, 0x91, 0x8F, 0x60, 0x1E, 0x80, 0xDF,
  0x16, 0x81, 0x2F, 0xC2, 0x85, 0xAD, 0x21, 0xDF, 0x26, 0x83, 0xAF, 0x40, 0x1F, 0x06, 0x48, 0x13,
  0xFA, 0x38, 0x00, 0x48, 0x2E, 0xF5, 0x14, 0x81, 0xCF, 0x27, 0x81, 0xDF, 0x11,
  // "¿" (U+00BF), RLE, 27 bytes saved (33.8%)
  0x48, 0x23, 0xED, 0x16, 0x08, 0xA0, 0x56, 0x82, 0x4E, 0xD1, 0x77, 0x30, 0x30, 0x27, 0x19, 0x0E,
  0x78, 0x14, 0xFC, 0x68, 0x22, 0xDF, 0x75, 0x82, 0x4E, 0xFA, 0x50, 0x4A, 0x08, 0x68, 0x1D, 0xF8,
  0x60, 0x3A, 0x01, 0x60, 0x3A, 0x70, 0x1A, 0x08, 0x38, 0x34, 0xB2, 0x07, 0xB0, 0xEB, 0x09, 0x28,
  0x55, 0xBE, 0xFE, 0xB5, 0x10,
  // "À" (U+00C0), RLE, 62 bytes saved (39.2%)
  0x48, 0x17, 0x75, 0x75, 0x07, 0xA0, 0x37, 0x58, 0x17, 0xFD, 0x76, 0x81, 0x5F, 0x97, 0x77, 0x50,
  0x3A, 0x09, 0x74, 0x09, 0xA0, 0xE7, 0x48, 0x3E, 0xFC, 0xF5, 0x72, 0x84, 0x5F, 0xC6, 0xFB, 0x72,
  0x82, 0xBF, 0x71, 0xA0, 0x17, 0x01, 0xA8, 0x31, 0x0B, 0xF7, 0x78, 0x17, 0xFB, 0x28, 0x15, 0xFC,
  0x78, 0x1C, 0xF6, 0x38, 0x1E, 0xF3, 0x50, 0x3A, 0x48, 0x19, 0xF8, 0x50, 0x9F, 0x90, 0xE5, 0x0E,
  0xFA, 0x04, 0x38, 0x25, 0xFE, 0x15, 0x81, 0xAF, 0xA3, 0x81, 0xAF, 0xA6, 0x04, 0xA8, 0x11, 0x01,
  0xA0, 0x47, 0x85, 0xEF, 0x60, 0x6F, 0xE7, 0x18, 0x59, 0xFC, 0x0C, 0xF9, 0x71, 0x04, 0xA0, 0x20,
  // "Á" (U+00C1), RLE, 61 bytes saved (38.6%)
  0x71, 0x81, 0x77, 0x67, 0x48, 0x27, 0xFE, 0x37, 0x38, 0x23, 0xFE, 0x37, 0x48, 0x1D, 0xD2, 0x77,
  0x75, 0x03, 0xA0, 0x97, 0x40, 0x9A, 0x0E, 0x74, 0x83, 0xEF, 0xCF, 0x57, 0x28, 0x45, 0xFC, 0x6F,
  0xB7, 0x28, 0x2B, 0xF7, 0x1A, 0x01, 0x70, 0x1A, 0x83, 0x10, 0xBF, 0x77, 0x81, 0x7F, 0xB2, 0x81,
  0x5F, 0xC7, 0x81, 0xCF, 0x63, 0x81, 0xEF, 0x35, 0x03, 0xA4, 0x81, 0x9F, 0x85, 0x09, 0xF9, 0x0E,
  0x50, 0xEF, 0xA0, 0x43, 0x82, 0x5F, 0xE1, 0x58, 0x1A, 0xFA, 0x38, 0x1A, 0xFA, 0x60, 0x4A, 0x81,
  0x10, 0x1A, 0x04, 0x78, 0x5E, 0xF6, 0x06, 0xFE, 0x71, 0x85, 0x9F, 0xC0, 0xCF, 0x97, 0x10, 0x4A,
  0x02,
  // "Â" (U+00C2), RLE, 56 bytes saved (35.4%)
  0x58, 0x24, 0x77, 0x27, 0x30, 0x20, 0xEA, 0x0C, 0x72, 0x85, 0x1D, 0xF6, 0xAF, 0xA7, 0x18, 0x1C,
  0xD4, 0x28, 0x17, 0xF9, 0x77, 0x73, 0x03, 0xA0, 0x97, 0x40, 0x9A, 0x0E, 0x74, 0x83, 0xEF, 0xCF,
  0x57, 0x28, 0x45, 0xFC, 0x6F, 0xB7, 0x28, 0x2B, 0xF7, 0x1A, 0x01, 0x70, 0x1A, 0x83, 0x10, 0xBF,
  0x77, 0x81, 0x7F, 0xB2, 0x81, 0x5F, 0xC7, 0x81, 0xCF, 0x63, 0x81, 0xEF, 0x35, 0x03, 0xA4, 0x81,
  0x9F, 0x85, 0x09, 0xF9, 0x0E, 0x50, 0xEF, 0xA0, 0x43, 0x82, 0x5F, 0xE1, 0x58, 0x1A, 0xFA, 0x38,
  0x1A, 0xFA, 0x60, 0x4A, 0x81, 0x10, 0x1A, 0x04, 0x78, 0x5E, 0xF6, 0x06, 0xFE, 0x71, 0x85, 0x9F,
  0xC0, 0xCF, 0x97, 0x10, 0x4A, 0x02,
  // "Ã" (U+00C3), RLE, 50 bytes saved (33.3%)
  0x38, 0x71, 0xBE, 0xB4, 0x04, 0xF1, 0x68, 0x1B, 0xFE, 0xA8, 0x1E, 0xFC, 0x79, 0x85, 0x60, 0x4B,
  0xEC, 0x27, 0x77, 0x30, 0x3A, 0x09, 0x74, 0x09, 0xA0, 0xE7, 0x48, 0x3E, 0xFC, 0xF5, 0x72, 0x84,
  0x5F, 0xC6, 0xFB, 0x72, 0x82, 0xBF, 0x71, 0xA0, 0x17, 0x01, 0xA8, 0x31, 0x0B, 0xF7, 0x78, 0x17,
  0xFB, 0x28, 0x15, 0xFC, 0x78, 0x1C, 0xF6, 0x38, 0x1E, 0xF3, 0x50, 0x3A, 0x48, 0x19, 0xF8, 0x50,
  0x9F, 0x90, 0xE5, 0x0E, 0xFA, 0x04, 0x38, 0x25, 0xFE, 0x15, 0x81, 0xAF, 0xA3, 0x81, 0xAF, 0xA6,
  0x04, 0xA8, 0x11, 0x01, 0xA0, 0x47, 0x85, 0xEF, 0x60, 0x6F, 0xE7, 0x18, 0x59, 0xFC, 0x0C, 0xF9,
  0x71, 0x04, 0xA0, 0x20,
  // "Ä" (U+00C4), RLE, 57 bytes saved (38.0%)
  0x48, 0x57, 0xC4, 0x05, 0xD6, 0x71, 0x85, 0x8E, 0x50, 0x6E, 0x78, 0x0C, 0x30, 0x03, 0xA0, 0x97,
  0x40, 0x9A, 0x0E, 0x74, 0x83, 0xEF, 0xCF, 0x57, 0x28, 0x45, 0xFC, 0x6F, 0xB7, 0x28, 0x2B, 0xF7,
  0x1A, 0x01, 0x70, 0x1A, 0x83, 0x10, 0xBF, 0x77, 0x81, 0x7F, 0xB2, 0x81, 0x5F, 0xC7, 0x81, 0xCF,
  0x63, 0x81, 0xEF, 0x35, 0x03, 0xA4, 0x81, 0x9F, 0x85, 0x09, 0xF9, 0x0E, 0x50, 0xEF, 0xA0, 0x43,
  0x82, 0x5F, 0xE1, 0x58, 0x1A, 0xFA, 0x38, 0x1A, 0xFA, 0x60, 0x4A, 0x81, 0x10, 0x1A, 0x04, 0x78,
  0x5E, 0xF6, 0x06, 0xFE, 0x71, 0x85, 0x9F, 0xC0, 0xCF, 0x97, 0x10, 0x4A, 0x02,
  // "Å" (U+00C5), RLE, 49 bytes saved (34.3%)
  0x58, 0x33, 0xCE, 0xB1, 0x73, 0x83, 0xE8, 0x1C, 0xA7, 0x28, 0x41, 0xF3, 0x07, 0xC7, 0x3C, 0x09,
  0x73, 0x0D, 0xB0, 0x27, 0x38, 0x3E, 0xFC, 0xF5, 0x72, 0x84, 0x5F, 0xC6, 0xFB, 0x72, 0x82, 0xBF,
  0x71, 0xA0, 0x17, 0x01, 0xA8, 0x31, 0x0B, 0xF7, 0x78, 0x17, 0xFB, 0x28, 0x15, 0xFC, 0x78, 0x1C,
  0xF6, 0x38, 0x1E, 0xF3, 0x50, 0x3A, 0x48, 0x19, 0xF8, 0x50, 0x9F, 0x90, 0xE5, 0x0E, 0xFA, 0x04,
  0x38, 0x25, 0xFE, 0x15, 0x81, 0xAF, 0xA3, 0x81, 0xAF, 0xA6, 0x04, 0xA8, 0x11, 0x01, 0xA0, 0x47,
  0x85, 0xEF, 0x60, 0x6F, 0xE7, 0x18, 0x59, 0xFC, 0x0C, 0xF9, 0x71, 0x04, 0xA0, 0x20,
  // "Æ" (U+00C6), RLE, 64 bytes saved (42.1%)
  0x70, 0xDF, 0xB0, 0x86, 0x05, 0xA0, 0xEA, 0x80, 0x2E, 0x07, 0x68, 0x1C, 0xF6, 0x1A, 0x05, 0x74,
  0x81, 0x4F, 0xE2, 0xA0, 0x57, 0x48, 0x1B, 0xF8, 0x2A, 0x05, 0x73, 0x03, 0xA0, 0x12, 0xA0, 0x57,
  0x38, 0x1A, 0xF9, 0x3A, 0x05, 0x72, 0x02, 0xA0, 0x23, 0xF9, 0x01, 0x38, 0x18, 0xFB, 0x4A, 0x80,
  0x2E, 0x01, 0x20, 0x10, 0xE9, 0x80, 0x1E, 0xA0, 0x57, 0x10, 0x7F, 0xA0, 0x57, 0x18, 0x1E, 0xF5,
  0x5A, 0x05, 0x78, 0x16, 0xFD, 0x6A, 0x05, 0x78, 0x1D, 0xF7, 0x6A, 0x05, 0x60, 0x5A, 0x01, 0x6A,
  0x80, 0x2E, 0x82, 0x7C, 0xF9, 0x7F, 0x90, 0x80,
  // "Ç" (U+00C7), RLE, 39 bytes saved (29.5%)
  0x48, 0x65, 0xAD, 0xFE, 0xCA, 0x52, 0x01, 0x0B, 0xB0, 0x0E, 0xA0, 0xE2, 0x83, 0xDF, 0xE7, 0x12,
  0x83, 0x28, 0x60, 0x9A, 0x03, 0x71, 0xA0, 0x87, 0x10, 0x5A, 0x02, 0x71, 0x81, 0x8F, 0xE7, 0x28,
  0x19, 0xFD, 0x72, 0x81, 0xAF, 0xD7, 0x28, 0x18, 0xFE, 0x72, 0x06, 0xA0, 0x17, 0x10, 0x1A, 0x07,
  0x72, 0x82, 0xBF, 0xE2, 0x71, 0x83, 0x2E, 0xFE, 0x63, 0x81, 0x14, 0x42, 0x03, 0x0E, 0xB0, 0xEB,
  0x09, 0x38, 0x21, 0x6B, 0xDA, 0x81, 0xDA, 0x46, 0x05, 0x0A, 0x73, 0x81, 0xDE, 0x67, 0x28, 0x22,
  0x9F, 0x77, 0x83, 0x21, 0x7F, 0x87, 0x0D, 0xA0, 0xC0, 0x17, 0x81, 0x34, 0x24,
  // "È" (U+00C8), RLE, 32 bytes saved (33.7%)
  0x28, 0x17, 0x75, 0x60, 0x7A, 0x03, 0x68, 0x17, 0xFD, 0x78, 0x15, 0xF9, 0x74, 0x0E, 0xF0, 0x0E,
  0x98, 0x02, 0xE8, 0x2D, 0xEF, 0x76, 0x81, 0xEF, 0x76, 0x81, 0xEF, 0x76, 0x81, 0xEF, 0x76, 0x81,
  0xEF, 0x76, 0x0E, 0xF0, 0x80, 0xE9, 0x80, 0x2E, 0x82, 0x7E, 0xF7, 0x68, 0x1E, 0xF7, 0x68, 0x1E,
  0xF7, 0x68, 0x1E, 0xF7, 0x68, 0x1E, 0xF7, 0x60, 0xE9, 0x80, 0x2E, 0x0D, 0x0E, 0xF0, 0xE0,
  // "É" (U+00C9), RLE, 31 bytes saved (32.6%)
  0x58, 0x17, 0x76, 0x58, 0x27, 0xFE, 0x34, 0x82, 0x3F, 0xE3, 0x58, 0x1D, 0xD2, 0x75, 0x0E, 0xF0,
  0x0E, 0x98, 0x02, 0xE8, 0x2D, 0xEF, 0x76, 0x81, 0xEF, 0x76, 0x81, 0xEF, 0x76, 0x81, 0xEF, 0x76,
  0x81, 0xEF, 0x76, 0x0E, 0xF0, 0x80, 0xE9, 0x80, 0x2E, 0x82, 0x7E, 0xF7, 0x68, 0x1E, 0xF7, 0x68,
  0x1E, 0xF7, 0x68, 0x1E, 0xF7, 0x68, 0x1E, 0xF7, 0x60, 0xE9, 0x80, 0x2E, 0x0D, 0x0E, 0xF0, 0xE0,
  // "Ê" (U+00CA), RLE, 26 bytes saved (27.4%)
  0x38, 0x24, 0x77, 0x24, 0x02, 0x0E, 0xA0, 0xC3, 0x85, 0x1D, 0xF6, 0xAF, 0xA2, 0x81, 0xCD, 0x42,
  0x81, 0x7F, 0x97, 0x20, 0xEF, 0x00, 0xE9, 0x80, 0x2E, 0x82, 0xDE, 0xF7, 0x68, 0x1E, 0xF7, 0x68,
  0x1E, 0xF7, 0x68, 0x1E, 0xF7, 0x68, 0x1E, 0xF7, 0x60, 0xEF, 0x08, 0x0E, 0x98, 0x02, 0xE8, 0x27,
  0xEF, 0x76, 0x81, 0xEF, 0x76, 0x81, 0xEF, 0x76, 0x81, 0xEF, 0x76, 0x81, 0xEF, 0x76, 0x0E, 0x98,
  0x02, 0xE0, 0xD0, 0xEF, 0x0E,
  // "Ë" (U+00CB), RLE, 29 bytes saved (32.2%)
  0x18, 0x57, 0xC4, 0x05, 0xD6, 0x28, 0x58, 0xE5, 0x06, 0xE7, 0x77, 0x50, 0xEF, 0x00, 0xE9, 0x80,
  0x2E, 0x82, 0xDE, 0xF7, 0x68, 0x1E, 0xF7, 0x68, 0x1E, 0xF7, 0x68, 0x1E, 0xF7, 0x68, 0x1E, 0xF7,
  0x60, 0xEF, 0x08, 0x0E, 0x98, 0x02, 0xE8, 0x27, 0xEF, 0x76, 0x81, 0xEF, 0x76, 0x81, 0xEF, 0x76,
  0x81, 0xEF, 0x76, 0x81, 0xEF, 0x76, 0x0E, 0x98, 0x02, 0xE0, 0xD0, 0xEF, 0x0E,
  // "Ì" (U+00CC), RLE, 11 bytes saved (14.9%)
  0x18, 0x17, 0x75, 0x40, 0x7A, 0x03, 0x48, 0x17, 0xFD, 0x58, 0x15, 0xF9, 0x71, 0x02, 0xD8, 0x1E,
  0x1B, 0xB0, 0xE0, 0x92, 0x04, 0xA0, 0x13, 0x04, 0xA0, 0x13, 0x04, 0xA0, 0x13, 0x04, 0xA0, 0x13,
  0x04, 0xA0, 0x13, 0x04, 0xA0, 0x13, 0x04, 0xA0, 0x13, 0x04, 0xA0, 0x13, 0x04, 0xA0, 0x13, 0x04,
  0xA0, 0x13, 0x04, 0xA0, 0x13, 0x04, 0xA0, 0x12, 0x08, 0x0D, 0xA8, 0x1C, 0x72, 0xD0, 0xE0,
  // "Í" (U+00CD), RLE, 19 bytes saved (22.6%)
  0x58, 0x17, 0x76, 0x48, 0x27, 0xFE, 0x33, 0x82, 0x3F, 0xE3, 0x48, 0x1D, 0xD2, 0x73, 0x02, 0xD8,
  0x2E, 0x01, 0xBB, 0x0E, 0x09, 0x30, 0x4A, 0x01, 0x40, 0x4A, 0x01, 0x40, 0x4A, 0x01, 0x40, 0x4A,
  0x01, 0x40, 0x4A, 0x01, 0x40, 0x4A, 0x01, 0x40, 0x4A, 0x01, 0x40, 0x4A, 0x01, 0x40, 0x4A, 0x01,
  0x40, 0x4A, 0x01, 0x40, 0x4A, 0x01, 0x40, 0x4A, 0x01, 0x30, 0x80, 0xDA, 0x82, 0xC7, 0x02, 0xD0,
  0xE1,
  // "Î" (U+00CE), RLE, 14 bytes saved (16.7%)
  0x28, 0x24, 0x77, 0x23, 0x02, 0x0E, 0xA0, 0xC2, 0x89, 0x11, 0xDF, 0x6A, 0xFA, 0x0C, 0xD4, 0x28,
  0x17, 0xF9, 0x71, 0x02, 0xD8, 0x2E, 0x01, 0xBB, 0x0E, 0x09, 0x30, 0x4A, 0x01, 0x40, 0x4A, 0x01,
  0x40, 0x4A, 0x01, 0x40, 0x4A, 0x01, 0x40, 0x4A, 0x01, 0x40, 0x4A, 0x01, 0x40, 0x4A, 0x01, 0x40,
  0x4A, 0x01, 0x40, 0x4A, 0x01, 0x40, 0x4A, 0x01, 0x40, 0x4A, 0x01, 0x40, 0x4A, 0x01, 0x30, 0x80,
  0xDA, 0x82, 0xC7, 0x02, 0xD0, 0xE1,
  // "Ï" (U+00CF), RLE, 11 bytes saved (15.7%)
  0x89, 0x47, 0xC4, 0x05, 0xD6, 0x8E, 0x50, 0x6E, 0x77, 0x70, 0x2D, 0x81, 0xE1, 0xBB, 0x0E, 0x09,
  0x20, 0x4A, 0x01, 0x30, 0x4A, 0x01, 0x30, 0x4A, 0x01, 0x30, 0x4A, 0x01, 0x30, 0x4A, 0x01, 0x30,
  0x4A, 0x01, 0x30, 0x4A, 0x01, 0x30, 0x4A, 0x01, 0x30, 0x4A, 0x01, 0x30, 0x4A, 0x01, 0x30, 0x4A,
  0x01, 0x30, 0x4A, 0x01, 0x20, 0x80, 0xDA, 0x81, 0xC7, 0x2D, 0x0E,
  // "Ð" (U+00D0), RLE, 21 bytes saved (17.5%)
  0x20, 0xCC, 0x82, 0xED, 0xA4, 0x60, 0xC9, 0x80, 0x0E, 0xB0, 0xC0, 0x24, 0x81, 0xCF, 0x93, 0x84,
  0x17, 0xEF, 0xE1, 0x38, 0x1C, 0xF9, 0x58, 0x22, 0xEF, 0xC3, 0x81, 0xCF, 0x96, 0x05, 0xA0, 0x32,
  0x81, 0xCF, 0x97, 0xA0, 0x82, 0x81, 0xCF, 0x97, 0x83, 0xCF, 0xA5, 0xEA, 0x80, 0x0E, 0x01, 0x38,
  0x2B, 0xFC, 0x6F, 0x01, 0x38, 0x1B, 0xFB, 0x28, 0x1C, 0xF9, 0x78, 0x1C, 0xFA, 0x28, 0x1C, 0xF9,
  0x60, 0x1A, 0x07, 0x28, 0x1C, 0xF9, 0x60, 0x7A, 0x03, 0x28, 0x1C, 0xF9, 0x58, 0x23, 0xEF, 0xB3,
  0x81, 0xCF, 0x93, 0x02, 0x08, 0xA0, 0xD0, 0x13, 0x0C, 0x90, 0xFE, 0xC0, 0xB0, 0x14, 0x0C, 0xC8,
  0x2E, 0xC9, 0x34,
  // "Ñ" (U+00D1), RLE, 17 bytes saved (13.1%)
  0x28, 0x71, 0xBE, 0xB4, 0x04, 0xF1, 0x48, 0x1B, 0xFE, 0xA8, 0x1E, 0xFC, 0x59, 0x85, 0x60, 0x4B,
  0xEC, 0x27, 0x72, 0x0E, 0xA0, 0x46, 0x03, 0xA0, 0xEA, 0x0D, 0x60, 0x3A, 0x0E, 0xB0, 0x85, 0x03,
  0xA8, 0x1E, 0xFB, 0xA0, 0x24, 0x03, 0xA8, 0x4E, 0xF3, 0xEF, 0xB4, 0x03, 0xA8, 0x2E, 0xF2, 0x6A,
  0x06, 0x30, 0x3A, 0x86, 0xEF, 0x30, 0xCF, 0xE1, 0x20, 0x3A, 0x83, 0xEF, 0x30, 0x2A, 0x0A, 0x20,
  0x3A, 0x81, 0xEF, 0x32, 0x08, 0xA8, 0x14, 0x03, 0xA8, 0x1E, 0xF3, 0x38, 0x3D, 0xFD, 0x03, 0xA8,
  0x1E, 0xF3, 0x30, 0x4A, 0x08, 0x02, 0xA8, 0x1E, 0xF3, 0x40, 0xAA, 0x04, 0xA8, 0x1E, 0xF3, 0x48,
  0x21, 0xEF, 0xDA, 0x81, 0xEF, 0x35, 0x07, 0xC8, 0x1E, 0xF3, 0x60, 0xCB, 0x81, 0xEF, 0x36, 0x03,
  0xB0,
  // "Ò" (U+00D2), RLE, 48 bytes saved (30.4%)
  0x48, 0x17, 0x75, 0x75, 0x07, 0xA0, 0x37, 0x58, 0x17, 0xFD, 0x76, 0x81, 0x5F, 0x97, 0x77, 0x48,
  0x65, 0xBD, 0xFE, 0xC7, 0x15, 0x02, 0x0D, 0xB0, 0xEB, 0x0E, 0x05, 0x38, 0x31, 0xEF, 0xD5, 0x30,
  0x30, 0xBA, 0x04, 0x28, 0x2A, 0xFE, 0x16, 0x83, 0xBF, 0xD0, 0x1A, 0x07, 0x70, 0x3A, 0x05, 0x06,
  0xA0, 0x17, 0x18, 0x4D, 0xFA, 0x8F, 0xE7, 0x28, 0x4A, 0xFC, 0xAF, 0xD7, 0x28, 0x49, 0xFE, 0x9F,
  0xD7, 0x28, 0x49, 0xFE, 0x8F, 0xE7, 0x28, 0x2A, 0xFC, 0x6A, 0x02, 0x71, 0x82, 0xDF, 0xA1, 0xA0,
  0x77, 0x03, 0xA8, 0x45, 0x0A, 0xFE, 0x26, 0x81, 0xBF, 0xD2, 0x83, 0x1E, 0xFD, 0x53, 0x03, 0x0B,
  0xA0, 0x43, 0x02, 0x0D, 0xB0, 0xEB, 0x0E, 0x05, 0x68, 0x66, 0xBD, 0xFE, 0xC7, 0x13,
  // "Ó" (U+00D3), RLE, 46 bytes saved (29.1%)
  0x71, 0x81, 0x77, 0x67, 0x48, 0x27, 0xFE, 0x37, 0x38, 0x23, 0xFE, 0x37, 0x48, 0x1D, 0xD2, 0x77,
  0x74, 0x86, 0x5B, 0xDF, 0xEC, 0x71, 0x50, 0x20, 0xDB, 0x0E, 0xB0, 0xE0, 0x53, 0x83, 0x1E, 0xFD,
  0x53, 0x03, 0x0B, 0xA0, 0x42, 0x82, 0xAF, 0xE1, 0x68, 0x3B, 0xFD, 0x01, 0xA0, 0x77, 0x03, 0xA0,
  0x50, 0x6A, 0x01, 0x71, 0x84, 0xDF, 0xA8, 0xFE, 0x72, 0x84, 0xAF, 0xCA, 0xFD, 0x72, 0x84, 0x9F,
  0xE9, 0xFD, 0x72, 0x84, 0x9F, 0xE8, 0xFE, 0x72, 0x82, 0xAF, 0xC6, 0xA0, 0x27, 0x18, 0x2D, 0xFA,
  0x1A, 0x07, 0x70, 0x3A, 0x84, 0x50, 0xAF, 0xE2, 0x68, 0x1B, 0xFD, 0x28, 0x31, 0xEF, 0xD5, 0x30,
  0x30, 0xBA, 0x04, 0x30, 0x20, 0xDB, 0x0E, 0xB0, 0xE0, 0x56, 0x86, 0x6B, 0xDF, 0xEC, 0x71, 0x30,
  // "Ô" (U+00D4), RLE, 41 bytes saved (25.9%)
  0x68, 0x24, 0x77, 0x27, 0x30, 0x20, 0xEA, 0x0C, 0x72, 0x85, 0x1D, 0xF6, 0xAF, 0xA7, 0x18, 0x1C,
  0xD4, 0x28, 0x17, 0xF9, 0x77, 0x71, 0x86, 0x5B, 0xDF, 0xEC, 0x71, 0x50, 0x20, 0xDB, 0x0E, 0xB0,
  0xE0, 0x53, 0x83, 0x1E, 0xFD, 0x53, 0x03, 0x0B, 0xA0, 0x42, 0x82, 0xAF, 0xE1, 0x68, 0x3B, 0xFD,
  0x01, 0xA0, 0x77, 0x03, 0xA0, 0x50, 0x6A, 0x01, 0x71, 0x84, 0xDF, 0xA8, 0xFE, 0x72, 0x84, 0xAF,
  0xCA, 0xFD, 0x72, 0x84, 0x9F, 0xE9, 0xFD, 0x72, 0x84, 0x9F, 0xE8, 0xFE, 0x72, 0x82, 0xAF, 0xC6,
  0xA0, 0x27, 0x18, 0x2D, 0xFA, 0x1A, 0x07, 0x70, 0x3A, 0x84, 0x50, 0xAF, 0xE2, 0x68, 0x1B, 0xFD,
  0x28, 0x31, 0xEF, 0xD5, 0x30, 0x30, 0xBA, 0x04, 0x30, 0x20, 0xDB, 0x0E, 0xB0, 0xE0, 0x56, 0x86,
  0x6B, 0xDF, 0xEC, 0x71, 0x30,
  // "Õ" (U+00D5), RLE, 36 bytes saved (24.0%)
  0x48, 0x71, 0xBE, 0xB4, 0x04, 0xF1, 0x68, 0x1B, 0xFE, 0xA8, 0x1E, 0xFC, 0x79, 0x85, 0x60, 0x4B,
  0xEC, 0x27, 0x77, 0x18, 0x65, 0xBD, 0xFE, 0xC7, 0x15, 0x02, 0x0D, 0xB0, 0xEB, 0x0E, 0x05, 0x38,
  0x31, 0xEF, 0xD5, 0x30, 0x30, 0xBA, 0x04, 0x28, 0x2A, 0xFE, 0x16, 0x83, 0xBF, 0xD0, 0x1A, 0x07,
  0x70, 0x3A, 0x05, 0x06, 0xA0, 0x17, 0x18, 0x4D, 0xFA, 0x8F, 0xE7, 0x28, 0x4A, 0xFC, 0xAF, 0xD7,
  0x28, 0x49, 0xFE, 0x9F, 0xD7, 0x28, 0x49, 0xFE, 0x8F, 0xE7, 0x28, 0x2A, 0xFC, 0x6A, 0x02, 0x71,
  0x82, 0xDF, 0xA1, 0xA0, 0x77, 0x03, 0xA8, 0x45, 0x0A, 0xFE, 0x26, 0x81, 0xBF, 0xD2, 0x83, 0x1E,
  0xFD, 0x53, 0x03, 0x0B, 0xA0, 0x43, 0x02, 0x0D, 0xB0, 0xEB, 0x0E, 0x05, 0x68, 0x66, 0xBD, 0xFE,
  0xC7, 0x13,
  // "Ö" (U+00D6), RLE, 42 bytes saved (28.0%)
  0x48, 0x57, 0xC4, 0x05, 0xD6, 0x71, 0x85, 0x8E, 0x50, 0x6E, 0x78, 0x0C, 0x20, 0x86, 0x5B, 0xDF,
  0xEC, 0x71, 0x50, 0x20, 0xDB, 0x0E, 0xB0, 0xE0, 0x53, 0x83, 0x1E, 0xFD, 0x53, 0x03, 0x0B, 0xA0,
  0x42, 0x82, 0xAF, 0xE1, 0x68, 0x3B, 0xFD, 0x01, 0xA0, 0x77, 0x03, 0xA0, 0x50, 0x6A, 0x01, 0x71,
  0x84, 0xDF, 0xA8, 0xFE, 0x72, 0x84, 0xAF, 0xCA, 0xFD, 0x72, 0x84, 0x9F, 0xE9, 0xFD, 0x72, 0x84,
  0x9F, 0xE8, 0xFE, 0x72, 0x82, 0xAF, 0xC6, 0xA0, 0x27, 0x18, 0x2D, 0xFA, 0x1A, 0x07, 0x70, 0x3A,
  0x84, 0x50, 0xAF, 0xE2, 0x68, 0x1B, 0xFD, 0x28, 0x31, 0xEF, 0xD5, 0x30, 0x30, 0xBA, 0x04, 0x30,
  0x20, 0xDB, 0x0E, 0xB0, 0xE0, 0x56, 0x86, 0x6B, 0xDF, 0xEC, 0x71, 0x30,
  // "×" (U+00D7), RLE, 6 bytes saved (12.0%)
  0x10, 0x56, 0x83, 0x41, 0x4F, 0xB4, 0x85, 0x4F, 0xD0, 0xBF, 0xB2, 0x04, 0xA0, 0x42, 0x82, 0xBF,
  0xB5, 0xA0, 0x44, 0x0B, 0xB0, 0x45, 0x04, 0xA0, 0xC5, 0x04, 0xA8, 0x1C, 0xFB, 0x30, 0x4A, 0x85,
  0x40, 0xBF, 0xB0, 0x3A, 0x04, 0x38, 0x4B, 0xFB, 0x1C, 0x45, 0x0A, 0x07,
  // "Ø" (U+00D8), RLE, 15 bytes saved (11.1%)
  0x75, 0x04, 0x68, 0x90, 0x6B, 0xEF, 0xEC, 0x75, 0xFA, 0x30, 0x20, 0xDB, 0x0E, 0xD0, 0x22, 0x83,
  0x1E, 0xFD, 0x53, 0x05, 0x0E, 0xA0, 0x52, 0x82, 0xAF, 0xE1, 0x40, 0x3B, 0x81, 0xE0, 0x1A, 0x07,
  0x48, 0x21, 0xDF, 0x6A, 0x00, 0x6A, 0x01, 0x48, 0x90, 0xAF, 0x70, 0xDF, 0xA8, 0xFE, 0x48, 0x15,
  0xFB, 0x28, 0x4A, 0xFD, 0xAF, 0xD3, 0x82, 0x1E, 0xE1, 0x28, 0x49, 0xFE, 0xAF, 0xD3, 0x81, 0xBF,
  0x53, 0x82, 0x9F, 0xD9, 0xA2, 0x81, 0x7F, 0xA4, 0x82, 0xAF, 0xC6, 0xA8, 0x32, 0x2F, 0xD1, 0x48,
  0x2D, 0xFA, 0x2A, 0x82, 0x8C, 0xF4, 0x40, 0x2A, 0x81, 0x50, 0xBB, 0x08, 0x58, 0x1B, 0xFD, 0x20,
  0x20, 0xEA, 0x06, 0x30, 0x30, 0xBA, 0x04, 0x20, 0x10, 0xDC, 0x0E, 0xB0, 0xE0, 0x43, 0x89, 0x18,
  0xF7, 0x6B, 0xDF, 0xEC, 0x71, 0x50, 0x57, 0x50,
  // "Ù" (U+00D9), RLE, 44 bytes saved (32.1%)
  0x38, 0x17, 0x75, 0x73, 0x07, 0xA0, 0x37, 0x38, 0x17, 0xFD, 0x74, 0x81, 0x5F, 0x97, 0x74, 0xA0,
  0x56, 0x01, 0xA0, 0x4A, 0x05, 0x60, 0x1A, 0x04, 0xA0, 0x56, 0x01, 0xA0, 0x4A, 0x05, 0x60, 0x1A,
  0x04, 0xA0, 0x56, 0x01, 0xA0, 0x4A, 0x05, 0x60, 0x1A, 0x04, 0xA0, 0x56, 0x01, 0xA0, 0x4A, 0x05,
  0x60, 0x1A, 0x04, 0xA0, 0x56, 0x01, 0xA0, 0x4A, 0x05, 0x60, 0x1A, 0x04, 0xA0, 0x56, 0x02, 0xA8,
  0x23, 0xEF, 0x86, 0x04, 0xA8, 0x22, 0xAF, 0xD6, 0x83, 0xAF, 0xC0, 0x2A, 0x0B, 0x03, 0x20, 0x10,
  0x8A, 0x05, 0x20, 0x5C, 0x0E, 0xB0, 0x74, 0x86, 0x29, 0xDF, 0xED, 0x93, 0x30,
  // "Ú" (U+00DA), RLE, 43 bytes saved (31.4%)
  0x78, 0x17, 0x76, 0x72, 0x82, 0x7F, 0xE3, 0x71, 0x82, 0x3F, 0xE3, 0x72, 0x81, 0xDD, 0x27, 0x74,
  0xA0, 0x56, 0x01, 0xA0, 0x4A, 0x05, 0x60, 0x1A, 0x04, 0xA0, 0x56, 0x01, 0xA0, 0x4A, 0x05, 0x60,
  0x1A, 0x04, 0xA0, 0x56, 0x01, 0xA0, 0x4A, 0x05, 0x60, 0x1A, 0x04, 0xA0, 0x56, 0x01, 0xA0, 0x4A,
  0x05, 0x60, 0x1A, 0x04, 0xA0, 0x56, 0x01, 0xA0, 0x4A, 0x05, 0x60, 0x1A, 0x04, 0xA0, 0x56, 0x02,
  0xA8, 0x23, 0xEF, 0x86, 0x04, 0xA8, 0x22, 0xAF, 0xD6, 0x83, 0xAF, 0xC0, 0x2A, 0x0B, 0x03, 0x20,
  0x10, 0x8A, 0x05, 0x20, 0x5C, 0x0E, 0xB0, 0x74, 0x86, 0x29, 0xDF, 0xED, 0x93, 0x30,
  // "Û" (U+00DB), RLE, 39 bytes saved (28.5%)
  0x48, 0x24, 0x77, 0x27, 0x10, 0x20, 0xEA, 0x0C, 0x78, 0x51, 0xDF, 0x6A, 0xFA, 0x68, 0x1C, 0xD4,
  0x28, 0x17, 0xF9, 0x77, 0x2A, 0x05, 0x60, 0x1A, 0x04, 0xA0, 0x56, 0x01, 0xA0, 0x4A, 0x05, 0x60,
  0x1A, 0x04, 0xA0, 0x56, 0x01, 0xA0, 0x4A, 0x05, 0x60, 0x1A, 0x04, 0xA0, 0x56, 0x01, 0xA0, 0x4A,
  0x05, 0x60, 0x1A, 0x04, 0xA0, 0x56, 0x01, 0xA0, 0x4A, 0x05, 0x60, 0x1A, 0x04, 0xA0, 0x56, 0x01,
  0xA0, 0x4A, 0x05, 0x60, 0x2A, 0x82, 0x3E, 0xF8, 0x60, 0x4A, 0x82, 0x2A, 0xFD, 0x68, 0x3A, 0xFC,
  0x02, 0xA0, 0xB0, 0x32, 0x01, 0x08, 0xA0, 0x52, 0x05, 0xC0, 0xEB, 0x07, 0x48, 0x62, 0x9D, 0xFE,
  0xD9, 0x33,
  // "Ü" (U+00DC), RLE, 40 bytes saved (30.8%)
  0x38, 0x57, 0xC4, 0x05, 0xD6, 0x68, 0x58, 0xE5, 0x06, 0xE7, 0x77, 0x77, 0x1A, 0x05, 0x60, 0x1A,
  0x04, 0xA0, 0x56, 0x01, 0xA0, 0x4A, 0x05, 0x60, 0x1A, 0x04, 0xA0, 0x56, 0x01, 0xA0, 0x4A, 0x05,
  0x60, 0x1A, 0x04, 0xA0, 0x56, 0x01, 0xA0, 0x4A, 0x05, 0x60, 0x1A, 0x04, 0xA0, 0x56, 0x01, 0xA0,
  0x4A, 0x05, 0x60, 0x1A, 0x04, 0xA0, 0x56, 0x01, 0xA0, 0x4A, 0x05, 0x60, 0x2A, 0x82, 0x3E, 0xF8,
  0x60, 0x4A, 0x82, 0x2A, 0xFD, 0x68, 0x3A, 0xFC, 0x02, 0xA0, 0xB0, 0x32, 0x01, 0x08, 0xA0, 0x52,
  0x05, 0xC0, 0xEB, 0x07, 0x48, 0x62, 0x9D, 0xFE, 0xD9, 0x33,
  // "Ý" (U+00DD), RLE, 48 bytes saved (35.0%)
  0x78, 0x17, 0x76, 0x72, 0x82, 0x7F, 0xE3, 0x71, 0x82, 0x3F, 0xE3, 0x72, 0x81, 0xDD, 0x27, 0x74,
  0x81, 0xBF, 0xC7, 0x82, 0xEF, 0x83, 0xA0, 0x55, 0x86, 0x7F, 0xE1, 0x0A, 0xFD, 0x48, 0x21, 0xEF,
  0x72, 0x02, 0xA0, 0x63, 0x81, 0x8F, 0xE4, 0x81, 0x9F, 0xD2, 0x01, 0xA0, 0x64, 0x01, 0xA8, 0x37,
  0x09, 0xFD, 0x68, 0x29, 0xFE, 0x3A, 0x05, 0x68, 0x41, 0xEF, 0xEF, 0xC7, 0x10, 0x8B, 0x04, 0x71,
  0x82, 0x1E, 0xFC, 0x73, 0x81, 0xBF, 0x97, 0x38, 0x1B, 0xF9, 0x73, 0x81, 0xBF, 0x97, 0x38, 0x1B,
  0xF9, 0x73, 0x81, 0xBF, 0x97, 0x38, 0x1B, 0xF9, 0x50,
  // "Þ" (U+00DE), RLE, 16 bytes saved (18.2%)
  0x81, 0xEF, 0x77, 0x18, 0x1E, 0xF7, 0x71, 0x81, 0xEF, 0x77, 0x18, 0x7E, 0xFE, 0xED, 0xDB, 0x71,
  0x20, 0xEF, 0x84, 0xE2, 0x0E, 0xF7, 0x28, 0x71, 0x6E, 0xFC, 0x0E, 0xF7, 0x40, 0x6A, 0x82, 0x3E,
  0xF7, 0x40, 0x2A, 0x82, 0x5E, 0xF7, 0x40, 0x2A, 0x82, 0x4E, 0xF7, 0x40, 0x7A, 0x82, 0x1E, 0xF7,
  0x20, 0x20, 0x7A, 0x81, 0xA0, 0xEF, 0x89, 0x1B, 0x10, 0xEF, 0xEE, 0xDC, 0xA5, 0x38, 0x1E, 0xF7,
  0x71, 0x81, 0xEF, 0x77, 0x18, 0x1E, 0xF7, 0x71,
  // "ß" (U+00DF), RLE, 5 bytes saved (4.8%)
  0x28, 0x62, 0x9D, 0xEF, 0xDA, 0x34, 0x04, 0xC0, 0xEB, 0x06, 0x38, 0x2D, 0xFC, 0x22, 0x82, 0x2C,
  0xFE, 0x20, 0x1A, 0x03, 0x40, 0x5A, 0x20, 0x2A, 0x02, 0x48, 0x1B, 0xF9, 0x20, 0x2A, 0x02, 0x28,
  0x22, 0xDF, 0xA3, 0x02, 0xA8, 0x42, 0x01, 0xEF, 0x84, 0x02, 0xA8, 0x12, 0x04, 0xA0, 0x14, 0x02,
  0xA8, 0x52, 0x01, 0xEF, 0xC3, 0x30, 0x2A, 0x02, 0x20, 0x30, 0xDA, 0x07, 0x20, 0x2A, 0x02, 0x40,
  0x7A, 0x81, 0xA0, 0x2A, 0x02, 0x50, 0x4A, 0x04, 0x02, 0xA0, 0x26, 0x82, 0xDF, 0x72, 0xA8, 0x22,
  0x07, 0x22, 0x04, 0xA0, 0x50, 0x2A, 0x02, 0x01, 0xB0, 0xEA, 0x81, 0xD0, 0x2A, 0x87, 0x20, 0x7C,
  0xEE, 0xD8, 0x11,
  // "à" (U+00E0), RLE, 15 bytes saved (17.6%)
  0x28, 0x17, 0x75, 0x70, 0x7A, 0x03, 0x78, 0x17, 0xFD, 0x71, 0x81, 0x5F, 0x97, 0x78, 0x61, 0x6B,
  0xEF, 0xEA, 0x32, 0x09, 0xB0, 0xEB, 0x83, 0x30, 0x29, 0x32, 0x82, 0x3E, 0xFA, 0x78, 0x18, 0xFC,
  0x78, 0x66, 0xFD, 0x02, 0x9C, 0xEC, 0x0D, 0x04, 0xC0, 0xFE, 0x98, 0x3D, 0xDF, 0xD3, 0x38, 0x16,
  0xFD, 0xA0, 0x74, 0x84, 0x9F, 0xDD, 0xFB, 0x20, 0x10, 0x7A, 0x0D, 0x07, 0xB0, 0xEA, 0x89, 0x36,
  0xFD, 0x06, 0xCE, 0xEB, 0x30, 0xDD,
  // "á" (U+00E1), RLE, 14 bytes saved (16.5%)
  0x68, 0x17, 0x76, 0x68, 0x27, 0xFE, 0x35, 0x82, 0x3F, 0xE3, 0x68, 0x1D, 0xD2, 0x77, 0x86, 0x16,
  0xBE, 0xFE, 0xA3, 0x20, 0x9B, 0x0E, 0xB8, 0x33, 0x02, 0x93, 0x28, 0x23, 0xEF, 0xA7, 0x81, 0x8F,
  0xC7, 0x86, 0x6F, 0xD0, 0x29, 0xCE, 0xC0, 0xD0, 0x4C, 0x0F, 0xE9, 0x83, 0xDD, 0xFD, 0x33, 0x81,
  0x6F, 0xDA, 0x07, 0x48, 0x49, 0xFD, 0xDF, 0xB2, 0x01, 0x07, 0xA0, 0xD0, 0x7B, 0x0E, 0xA8, 0x93,
  0x6F, 0xD0, 0x6C, 0xEE, 0xB3, 0x0D, 0xD0,
  // "â" (U+00E2), RLE, 9 bytes saved (10.6%)
  0x38, 0x24, 0x77, 0x25, 0x02, 0x0E, 0xA0, 0xC4, 0x85, 0x1D, 0xF6, 0xAF, 0xA3, 0x81, 0xCD, 0x42,
  0x81, 0x7F, 0x97, 0x58, 0x61, 0x6B, 0xEF, 0xEA, 0x32, 0x09, 0xB0, 0xEB, 0x83, 0x30, 0x29, 0x32,
  0x82, 0x3E, 0xFA, 0x78, 0x18, 0xFC, 0x78, 0x66, 0xFD, 0x02, 0x9C, 0xEC, 0x0D, 0x04, 0xC0, 0xFE,
  0x98, 0x3D, 0xDF, 0xD3, 0x38, 0x16, 0xFD, 0xA0, 0x74, 0x84, 0x9F, 0xDD, 0xFB, 0x20, 0x10, 0x7A,
  0x0D, 0x07, 0xB0, 0xEA, 0x89, 0x36, 0xFD, 0x06, 0xCE, 0xEB, 0x30, 0xDD,
  // "ã" (U+00E3), RLE, 5 bytes saved (6.3%)
  0x18, 0x93, 0x1B, 0xEB, 0x40, 0x4F, 0x10, 0xBF, 0xEA, 0x81, 0xEF, 0xC2, 0x98, 0x56, 0x04, 0xBE,
  0xC2, 0x75, 0x86, 0x16, 0xBE, 0xFE, 0xA3, 0x20, 0x9B, 0x0E, 0xB8, 0x33, 0x02, 0x93, 0x28, 0x23,
  0xEF, 0xA7, 0x81, 0x8F, 0xC7, 0x86, 0x6F, 0xD0, 0x29, 0xCE, 0xC0, 0xD0, 0x4C, 0x0F, 0xE9, 0x83,
  0xDD, 0xFD, 0x33, 0x81, 0x6F, 0xDA, 0x07, 0x48, 0x49, 0xFD, 0xDF, 0xB2, 0x01, 0x07, 0xA0, 0xD0,
  0x7B, 0x0E, 0xA8, 0x93, 0x6F, 0xD0, 0x6C, 0xEE, 0xB3, 0x0D, 0xD0,
  // "ä" (U+00E4), RLE, 11 bytes saved (13.8%)
  0x28, 0x57, 0xC4, 0x05, 0xD6, 0x38, 0x58, 0xE5, 0x06, 0xE7, 0x77, 0x71, 0x86, 0x16, 0xBE, 0xFE,
  0xA3, 0x20, 0x9B, 0x0E, 0xB8, 0x33, 0x02, 0x93, 0x28, 0x23, 0xEF, 0xA7, 0x81, 0x8F, 0xC7, 0x86,
  0x6F, 0xD0, 0x29, 0xCE, 0xC0, 0xD0, 0x4C, 0x0F, 0xE9, 0x83, 0xDD, 0xFD, 0x33, 0x81, 0x6F, 0xDA,
  0x07, 0x48, 0x49, 0xFD, 0xDF, 0xB2, 0x01, 0x07, 0xA0, 0xD0, 0x7B, 0x0E, 0xA8, 0x93, 0x6F, 0xD0,
  0x6C, 0xEE, 0xB3, 0x0D, 0xD0,
  // "å" (U+00E5), RLE, 12 bytes saved (13.3%)
  0x38, 0x33, 0xCE, 0xB1, 0x58, 0x3E, 0x81, 0xCA, 0x48, 0x41, 0xF3, 0x07, 0xC5, 0x83, 0xE7, 0x1C,
  0x95, 0x83, 0x3C, 0xEB, 0x17, 0x68, 0x61, 0x6B, 0xEF, 0xEA, 0x32, 0x09, 0xB0, 0xEB, 0x83, 0x30,
  0x29, 0x32, 0x82, 0x3E, 0xFA, 0x78, 0x18, 0xFC, 0x78, 0x66, 0xFD, 0x02, 0x9C, 0xEC, 0x0D, 0x04,
  0xC0, 0xFE, 0x98, 0x3D, 0xDF, 0xD3, 0x38, 0x16, 0xFD, 0xA0, 0x74, 0x84, 0x9F, 0xDD, 0xFB, 0x20,
  0x10, 0x7A, 0x0D, 0x07, 0xB0, 0xEA, 0x89, 0x36, 0xFD, 0x06, 0xCE, 0xEB, 0x30, 0xDD,
  // "æ" (U+00E6), RLE, 15 bytes saved (13.9%)
  0x18, 0x52, 0x8C, 0xEF, 0xD7, 0x28, 0x48, 0xDF, 0xD8, 0x13, 0x0C, 0xE0, 0x90, 0xCA, 0x0E, 0xA0,
  0xD0, 0x12, 0x81, 0x47, 0x22, 0x05, 0xB8, 0x5B, 0x10, 0x2D, 0xF9, 0x71, 0x0C, 0xA0, 0x13, 0x81,
  0x5F, 0xE7, 0x18, 0x1A, 0xFC, 0x40, 0x2A, 0x84, 0x20, 0x39, 0xDE, 0xFD, 0x04, 0x05, 0xC0, 0x0E,
  0xB8, 0x03, 0xE8, 0x33, 0xDF, 0xD3, 0x38, 0x1B, 0xFC, 0x71, 0xA0, 0x74, 0x82, 0xEF, 0xE1, 0x78,
  0x1D, 0xFA, 0x28, 0x51, 0xAF, 0xEF, 0xC2, 0x38, 0x23, 0x50, 0x6B, 0x0E, 0xA8, 0x18, 0x1D, 0xA0,
  0x0E, 0xA0, 0xA2, 0x84, 0x6C, 0xFE, 0xB5, 0x38, 0x58, 0xDE, 0xFD, 0x93, 0x10,
  // "ç" (U+00E7), RLE, 12 bytes saved (14.8%)
  0x28, 0x90, 0x29, 0xDF, 0xEC, 0x80, 0x4E, 0xA0, 0xEA, 0x84, 0xB1, 0xEF, 0xB2, 0x28, 0x43, 0x37,
  0xFE, 0x15, 0x81, 0xBF, 0xA6, 0x81, 0xCF, 0x86, 0x81, 0xCF, 0x96, 0x81, 0xBF, 0xB6, 0x08, 0xA0,
  0x15, 0x02, 0xA0, 0xB0, 0x12, 0x82, 0x26, 0x06, 0xB0, 0xEA, 0x0C, 0x28, 0x53, 0xAE, 0xFE, 0xC5,
  0x40, 0x50, 0xA7, 0x81, 0xDE, 0x66, 0x82, 0x29, 0xF7, 0x48, 0x32, 0x17, 0xF8, 0x40, 0xDA, 0x0C,
  0x01, 0x48, 0x13, 0x42, 0x30,
  // "è" (U+00E8), RLE, 20 bytes saved (21.3%)
  0x28, 0x17, 0x75, 0x71, 0x07, 0xA0, 0x37, 0x18, 0x17, 0xFD, 0x72, 0x81, 0x5F, 0x97, 0x73, 0x85,
  0x29, 0xDF, 0xD9, 0x23, 0x04, 0x0E, 0xA0, 0xEA, 0x8A, 0x0E, 0x20, 0x1E, 0xFB, 0x10, 0x1B, 0xFC,
  0x06, 0xFE, 0x13, 0x02, 0xA8, 0x23, 0xAF, 0xA5, 0x82, 0xDF, 0x6C, 0xFA, 0x07, 0x0C, 0x98, 0x04,
  0xE8, 0x27, 0xBF, 0xA7, 0x18, 0x26, 0xFE, 0x17, 0x83, 0x1E, 0xFB, 0x33, 0x03, 0x06, 0x20, 0x30,
  0xEB, 0x0E, 0xA0, 0xE3, 0x86, 0x18, 0xDE, 0xFD, 0xA5, 0x10,
  // "é" (U+00E9), RLE, 21 bytes saved (22.3%)
  0x68, 0x17, 0x76, 0x78, 0x27, 0xFE, 0x36, 0x82, 0x3F, 0xE3, 0x78, 0x1D, 0xD2, 0x77, 0x38, 0x52,
  0x9D, 0xFD, 0x92, 0x30, 0x40, 0xEA, 0x0E, 0xA8, 0xA0, 0xE2, 0x01, 0xEF, 0xB1, 0x01, 0xBF, 0xC0,
  0x6F, 0xE1, 0x30, 0x2A, 0x82, 0x3A, 0xFA, 0x58, 0x2D, 0xF6, 0xCF, 0xA0, 0x70, 0xC9, 0x80, 0x4E,
  0x82, 0x7B, 0xFA, 0x71, 0x82, 0x6F, 0xE1, 0x78, 0x31, 0xEF, 0xB3, 0x30, 0x30, 0x62, 0x03, 0x0E,
  0xB0, 0xEA, 0x0E, 0x38, 0x61, 0x8D, 0xEF, 0xDA, 0x51,
  // "ê" (U+00EA), RLE, 16 bytes saved (17.0%)
  0x48, 0x24, 0x77, 0x26, 0x02, 0x0E, 0xA0, 0xC5, 0x85, 0x1D, 0xF6, 0xAF, 0xA4, 0x81, 0xCD, 0x42,
  0x81, 0x7F, 0x97, 0x78, 0x52, 0x9D, 0xFD, 0x92, 0x30, 0x40, 0xEA, 0x0E, 0xA8, 0xA0, 0xE2, 0x01,
  0xEF, 0xB1, 0x01, 0xBF, 0xC0, 0x6F, 0xE1, 0x30, 0x2A, 0x82, 0x3A, 0xFA, 0x58, 0x2D, 0xF6, 0xCF,
  0xA0, 0x70, 0xC9, 0x80, 0x4E, 0x82, 0x7B, 0xFA, 0x71, 0x82, 0x6F, 0xE1, 0x78, 0x31, 0xEF, 0xB3,
  0x30, 0x30, 0x62, 0x03, 0x0E, 0xB0, 0xEA, 0x0E, 0x38, 0x61, 0x8D, 0xEF, 0xDA, 0x51,
  // "ë" (U+00EB), RLE, 17 bytes saved (19.3%)
  0x28, 0x57, 0xC4, 0x05, 0xD6, 0x48, 0x58, 0xE5, 0x06, 0xE7, 0x77, 0x75, 0x85, 0x29, 0xDF, 0xD9,
  0x23, 0x04, 0x0E, 0xA0, 0xEA, 0x8A, 0x0E, 0x20, 0x1E, 0xFB, 0x10, 0x1B, 0xFC, 0x06, 0xFE, 0x13,
  0x02, 0xA8, 0x23, 0xAF, 0xA5, 0x82, 0xDF, 0x6C, 0xFA, 0x07, 0x0C, 0x98, 0x04, 0xE8, 0x27, 0xBF,
  0xA7, 0x18, 0x26, 0xFE, 0x17, 0x83, 0x1E, 0xFB, 0x33, 0x03, 0x06, 0x20, 0x30, 0xEB, 0x0E, 0xA0,
  0xE3, 0x86, 0x18, 0xDE, 0xFD, 0xA5, 0x10,
  // "ì" (U+00EC), uncompressed
  0x77, 0x50, 0x07, 0xFF, 0x30, 0x07, 0xFD, 0x00, 0x05, 0xF9, 0x00, 0x00, 0x00, 0x2F, 0xF2, 0x02,
  0xFF, 0x20, 0x2F, 0xF2, 0x02, 0xFF, 0x20, 0x2F, 0xF2, 0x02, 0xFF, 0x20, 0x2F, 0xF2, 0x02, 0xFF,
  0x20, 0x2F, 0xF2, 0x02, 0xFF, 0x20, 0x2F, 0xF2, 0x02, 0xFF, 0x20,
  // "í" (U+00ED), RLE, 2 bytes saved (3.9%)
  0x38, 0x17, 0x76, 0x28, 0x77, 0xFE, 0x30, 0x3F, 0xE3, 0x28, 0x1D, 0xD2, 0x71, 0x02, 0xA0, 0x22,
  0x02, 0xA0, 0x22, 0x02, 0xA0, 0x22, 0x02, 0xA0, 0x22, 0x02, 0xA0, 0x22, 0x02, 0xA0, 0x22, 0x02,
  0xA0, 0x22, 0x02, 0xA0, 0x22, 0x02, 0xA0, 0x22, 0x02, 0xA0, 0x22, 0x02, 0xA0, 0x22, 0x02, 0xA0,
  0x22,
  // "î" (U+00EE), RLE, 13 bytes saved (19.1%)
  0x28, 0x24, 0x77, 0x23, 0x02, 0x0E, 0xA0, 0xC2, 0x89, 0x11, 0xDF, 0x6A, 0xFA, 0x0C, 0xD4, 0x28,
  0x17, 0xF9, 0x73, 0x02, 0xA0, 0x24, 0x02, 0xA0, 0x24, 0x02, 0xA0, 0x24, 0x02, 0xA0, 0x24, 0x02,
  0xA0, 0x24, 0x02, 0xA0, 0x24, 0x02, 0xA0, 0x24, 0x02, 0xA0, 0x24, 0x02, 0xA0, 0x24, 0x02, 0xA0,
  0x24, 0x02, 0xA0, 0x24, 0x02, 0xA0, 0x22,
  // "ï" (U+00EF), RLE, 10 bytes saved (17.9%)
  0x89, 0x47, 0xC4, 0x05, 0xD6, 0x8E, 0x50, 0x6E, 0x77, 0x71, 0x02, 0xA0, 0x23, 0x02, 0xA0, 0x23,
  0x02, 0xA0, 0x23, 0x02, 0xA0, 0x23, 0x02, 0xA0, 0x23, 0x02, 0xA0, 0x23, 0x02, 0xA0, 0x23, 0x02,
  0xA0, 0x23, 0x02, 0xA0, 0x23, 0x02, 0xA0, 0x23, 0x02, 0xA0, 0x23, 0x02, 0xA0, 0x22,
  // "ð" (U+00F0), RLE, 16 bytes saved (15.7%)
  0x38, 0x59, 0xC4, 0x03, 0xB7, 0x50, 0x9A, 0x82, 0xCF, 0xE7, 0x60, 0x9B, 0x03, 0x58, 0x52, 0xDF,
  0xCC, 0xFC, 0x58, 0x61, 0xC6, 0x01, 0xDF, 0x87, 0x20, 0x2A, 0x02, 0x38, 0x73, 0x9D, 0xDC, 0x7A,
  0xF8, 0x20, 0x5E, 0x83, 0xEF, 0xD0, 0x2A, 0x83, 0xB3, 0x02, 0x7B, 0x82, 0x18, 0xFE, 0x50, 0x8A,
  0x82, 0x2C, 0xFA, 0x50, 0x3A, 0x82, 0x4D, 0xF8, 0x50, 0x2A, 0x82, 0x3B, 0xF9, 0x50, 0x3A, 0x82,
  0x18, 0xFE, 0x58, 0x79, 0xFC, 0x01, 0xEF, 0xB2, 0x20, 0x5A, 0x05, 0x20, 0x40, 0xEA, 0x0E, 0xB0,
  0x94, 0x85, 0x29, 0xDF, 0xEB, 0x53,
  // "ñ" (U+00F1), RLE, 9 bytes saved (9.4%)
  0x28, 0x71, 0xBE, 0xB4, 0x04, 0xF1, 0x38, 0x1B, 0xFE, 0xA8, 0x1E, 0xFC, 0x49, 0x85, 0x60, 0x4B,
  0xEC, 0x27, 0x78, 0x90, 0x2F, 0xB0, 0x6C, 0xEE, 0xB4, 0x28, 0x22, 0xFE, 0x9A, 0x0E, 0xB8, 0x15,
  0x02, 0xB0, 0x52, 0x84, 0x2D, 0xFC, 0x02, 0xA0, 0x94, 0x06, 0xA1, 0x02, 0xA0, 0x44, 0x03, 0xA0,
  0x10, 0x2A, 0x03, 0x40, 0x3A, 0x01, 0x02, 0xA0, 0x24, 0x03, 0xA0, 0x10, 0x2A, 0x02, 0x40, 0x3A,
  0x01, 0x02, 0xA0, 0x24, 0x03, 0xA0, 0x10, 0x2A, 0x02, 0x40, 0x3A, 0x01, 0x02, 0xA0, 0x24, 0x03,
  0xA0, 0x10, 0x2A, 0x02, 0x40, 0x3A, 0x01,
  // "ò" (U+00F2), RLE, 21 bytes saved (20.6%)
  0x38, 0x17, 0x75, 0x72, 0x07, 0xA0, 0x37, 0x28, 0x17, 0xFD, 0x73, 0x81, 0x5F, 0x97, 0x74, 0x85,
  0x29, 0xDF, 0xEB, 0x44, 0x04, 0x0E, 0xA0, 0xEB, 0x09, 0x28, 0x31, 0xEF, 0xB1, 0x20, 0x6A, 0x81,
  0x50, 0x7A, 0x01, 0x48, 0x5A, 0xFD, 0x0B, 0xFB, 0x50, 0x4A, 0x82, 0x1C, 0xF9, 0x50, 0x2A, 0x82,
  0x3C, 0xF9, 0x50, 0x2A, 0x82, 0x3A, 0xFB, 0x50, 0x4A, 0x02, 0x06, 0xA0, 0x14, 0x81, 0xAF, 0xD2,
  0x82, 0xDF, 0xB1, 0x20, 0x6A, 0x06, 0x20, 0x30, 0xEA, 0x0E, 0xB0, 0x94, 0x85, 0x18, 0xDF, 0xEB,
  0x53,
  // "ó" (U+00F3), RLE, 20 bytes saved (19.6%)
  0x68, 0x17, 0x76, 0x71, 0x82, 0x7F, 0xE3, 0x78, 0x23, 0xFE, 0x37, 0x18, 0x1D, 0xD2, 0x77, 0x58,
  0x52, 0x9D, 0xFE, 0xB4, 0x40, 0x40, 0xEA, 0x0E, 0xB0, 0x92, 0x83, 0x1E, 0xFB, 0x12, 0x06, 0xA8,
  0x15, 0x07, 0xA0, 0x14, 0x85, 0xAF, 0xD0, 0xBF, 0xB5, 0x04, 0xA8, 0x21, 0xCF, 0x95, 0x02, 0xA8,
  0x23, 0xCF, 0x95, 0x02, 0xA8, 0x23, 0xAF, 0xB5, 0x04, 0xA0, 0x20, 0x6A, 0x01, 0x48, 0x1A, 0xFD,
  0x28, 0x2D, 0xFB, 0x12, 0x06, 0xA0, 0x62, 0x03, 0x0E, 0xA0, 0xEB, 0x09, 0x48, 0x51, 0x8D, 0xFE,
  0xB5, 0x30,
  // "ô" (U+00F4), RLE, 16 bytes saved (15.7%)
  0x48, 0x24, 0x77, 0x27, 0x02, 0x0E, 0xA0, 0xC6, 0x85, 0x1D, 0xF6, 0xAF, 0xA5, 0x81, 0xCD, 0x42,
  0x81, 0x7F, 0x97, 0x72, 0x85, 0x29, 0xDF, 0xEB, 0x44, 0x04, 0x0E, 0xA0, 0xEB, 0x09, 0x28, 0x31,
  0xEF, 0xB1, 0x20, 0x6A, 0x81, 0x50, 0x7A, 0x01, 0x48, 0x5A, 0xFD, 0x0B, 0xFB, 0x50, 0x4A, 0x82,
  0x1C, 0xF9, 0x50, 0x2A, 0x82, 0x3C, 0xF9, 0x50, 0x2A, 0x82, 0x3A, 0xFB, 0x50, 0x4A, 0x02, 0x06,
  0xA0, 0x14, 0x81, 0xAF, 0xD2, 0x82, 0xDF, 0xB1, 0x20, 0x6A, 0x06, 0x20, 0x30, 0xEA, 0x0E, 0xB0,
  0x94, 0x85, 0x18, 0xDF, 0xEB, 0x53,
  // "õ" (U+00F5), RLE, 11 bytes saved (11.5%)
  0x28, 0x71, 0xBE, 0xB4, 0x04, 0xF1, 0x38, 0x1B, 0xFE, 0xA8, 0x1E, 0xFC, 0x49, 0x85, 0x60, 0x4B,
  0xEC, 0x27, 0x72, 0x85, 0x29, 0xDF, 0xEB, 0x44, 0x04, 0x0E, 0xA0, 0xEB, 0x09, 0x28, 0x31, 0xEF,
  0xB1, 0x20, 0x6A, 0x81, 0x50, 0x7A, 0x01, 0x48, 0x5A, 0xFD, 0x0B, 0xFB, 0x50, 0x4A, 0x82, 0x1C,
  0xF9, 0x50, 0x2A, 0x82, 0x3C, 0xF9, 0x50, 0x2A, 0x82, 0x3A, 0xFB, 0x50, 0x4A, 0x02, 0x06, 0xA0,
  0x14, 0x81, 0xAF, 0xD2, 0x82, 0xDF, 0xB1, 0x20, 0x6A, 0x06, 0x20, 0x30, 0xEA, 0x0E, 0xB0, 0x94,
  0x85, 0x18, 0xDF, 0xEB, 0x53,
  // "ö" (U+00F6), RLE, 17 bytes saved (17.7%)
  0x28, 0x57, 0xC4, 0x05, 0xD6, 0x58, 0x58, 0xE5, 0x06, 0xE7, 0x77, 0x77, 0x18, 0x52, 0x9D, 0xFE,
  0xB4, 0x40, 0x40, 0xEA, 0x0E, 0xB0, 0x92, 0x83, 0x1E, 0xFB, 0x12, 0x06, 0xA8, 0x15, 0x07, 0xA0,
  0x14, 0x85, 0xAF, 0xD0, 0xBF, 0xB5, 0x04, 0xA8, 0x21, 0xCF, 0x95, 0x02, 0xA8, 0x23, 0xCF, 0x95,
  0x02, 0xA8, 0x23, 0xAF, 0xB5, 0x04, 0xA0, 0x20, 0x6A, 0x01, 0x48, 0x1A, 0xFD, 0x28, 0x2D, 0xFB,
  0x12, 0x06, 0xA0, 0x62, 0x03, 0x0E, 0xA0, 0xEB, 0x09, 0x48, 0x51, 0x8D, 0xFE, 0xB5, 0x30,
  // "÷" (U+00F7), RLE, 27 bytes saved (49.1%)
  0x48, 0x1B, 0xE4, 0x71, 0xA0, 0x87, 0x18, 0x18, 0xC2, 0x77, 0x10, 0xEF, 0xA0, 0x70, 0xD8, 0x05,
  0xE0, 0x77, 0x71, 0x81, 0x8C, 0x37, 0x1A, 0x08, 0x71, 0x81, 0xAE, 0x34,
  // "ø" (U+00F8), RLE, 3 bytes saved (3.6%)
  0x72, 0x02, 0x48, 0x72, 0x9D, 0xFE, 0xA7, 0xF6, 0x20, 0x40, 0xEA, 0x0E, 0xC8, 0x51, 0x01, 0xEF,
  0xB1, 0x20, 0xDA, 0x81, 0x50, 0x7A, 0x01, 0x28, 0x76, 0xFE, 0xFD, 0x0B, 0xFB, 0x28, 0x23, 0xFD,
  0x5A, 0x82, 0x1C, 0xF9, 0x28, 0x2D, 0xF3, 0x2A, 0x89, 0x03, 0xCF, 0x90, 0x9F, 0x60, 0x2A, 0x85,
  0x3B, 0xFB, 0x5F, 0xA2, 0x04, 0xA0, 0x20, 0x6A, 0x81, 0xED, 0x12, 0x81, 0xAF, 0xD2, 0x0E, 0xA0,
  0x52, 0x06, 0xA0, 0x62, 0x08, 0xB0, 0xEB, 0x09, 0x28, 0x71, 0xEC, 0x8D, 0xFE, 0xB5, 0x40, 0x02,
  0x72,
  // "ù" (U+00F9), RLE, 23 bytes saved (24.5%)
  0x38, 0x17, 0x75, 0x71, 0x07, 0xA0, 0x37, 0x18, 0x17, 0xFD, 0x72, 0x81, 0x5F, 0x97, 0x70, 0x4A,
  0x01, 0x40, 0x4A, 0x04, 0xA0, 0x14, 0x04, 0xA0, 0x4A, 0x01, 0x40, 0x4A, 0x04, 0xA0, 0x14, 0x04,
  0xA0, 0x4A, 0x01, 0x40, 0x4A, 0x04, 0xA0, 0x14, 0x04, 0xA0, 0x4A, 0x01, 0x40, 0x5A, 0x04, 0xA0,
  0x14, 0x06, 0xA0, 0x3A, 0x03, 0x40, 0xBA, 0x1A, 0x0A, 0x30, 0x4B, 0x10, 0x8A, 0x83, 0xDB, 0xCF,
  0xBA, 0x28, 0x66, 0xCF, 0xEC, 0x60, 0xE9,
  // "ú" (U+00FA), RLE, 23 bytes saved (24.5%)
  0x78, 0x17, 0x76, 0x78, 0x27, 0xFE, 0x36, 0x82, 0x3F, 0xE3, 0x78, 0x1D, 0xD2, 0x77, 0x04, 0xA0,
  0x14, 0x04, 0xA0, 0x4A, 0x01, 0x40, 0x4A, 0x04, 0xA0, 0x14, 0x04, 0xA0, 0x4A, 0x01, 0x40, 0x4A,
  0x04, 0xA0, 0x14, 0x04, 0xA0, 0x4A, 0x01, 0x40, 0x4A, 0x04, 0xA0, 0x14, 0x05, 0xA0, 0x4A, 0x01,
  0x40, 0x6A, 0x03, 0xA0, 0x34, 0x0B, 0xA1, 0xA0, 0xA3, 0x04, 0xB1, 0x08, 0xA8, 0x3D, 0xBC, 0xFB,
  0xA2, 0x86, 0x6C, 0xFE, 0xC6, 0x0E, 0x90,
  // "û" (U+00FB), RLE, 18 bytes saved (19.1%)
  0x48, 0x24, 0x77, 0x26, 0x02, 0x0E, 0xA0, 0xC5, 0x85, 0x1D, 0xF6, 0xAF, 0xA4, 0x81, 0xCD, 0x42,
  0x81, 0x7F, 0x97, 0x50, 0x4A, 0x01, 0x40, 0x4A, 0x04, 0xA0, 0x14, 0x04, 0xA0, 0x4A, 0x01, 0x40,
  0x4A, 0x04, 0xA0, 0x14, 0x04, 0xA0, 0x4A, 0x01, 0x40, 0x4A, 0x04, 0xA0, 0x14, 0x04, 0xA0, 0x4A,
  0x01, 0x40, 0x5A, 0x04, 0xA0, 0x14, 0x06, 0xA0, 0x3A, 0x03, 0x40, 0xBA, 0x1A, 0x0A, 0x30, 0x4B,
  0x10, 0x8A, 0x83, 0xDB, 0xCF, 0xBA, 0x28, 0x66, 0xCF, 0xEC, 0x60, 0xE9,
  // "ü" (U+00FC), RLE, 19 bytes saved (21.6%)
  0x28, 0x57, 0xC4, 0x05, 0xD6, 0x48, 0x58, 0xE5, 0x06, 0xE7, 0x77, 0x73, 0x04, 0xA0, 0x14, 0x04,
  0xA0, 0x4A, 0x01, 0x40, 0x4A, 0x04, 0xA0, 0x14, 0x04, 0xA0, 0x4A, 0x01, 0x40, 0x4A, 0x04, 0xA0,
  0x14, 0x04, 0xA0, 0x4A, 0x01, 0x40, 0x4A, 0x04, 0xA0, 0x14, 0x05, 0xA0, 0x4A, 0x01, 0x40, 0x6A,
  0x03, 0xA0, 0x34, 0x0B, 0xA1, 0xA0, 0xA3, 0x04, 0xB1, 0x08, 0xA8, 0x3D, 0xBC, 0xFB, 0xA2, 0x86,
  0x6C, 0xFE, 0xC6, 0x0E, 0x90,
  // "ý" (U+00FD), RLE, 37 bytes saved (28.0%)
  0x68, 0x17, 0x76, 0x71, 0x82, 0x7F, 0xE3, 0x78, 0x23, 0xFE, 0x37, 0x18, 0x1D, 0xD2, 0x77, 0x38,
  0x1C, 0xFB, 0x50, 0x1A, 0x06, 0x05, 0xA0, 0x14, 0x81, 0x6F, 0xE2, 0x81, 0xEF, 0x64, 0x81, 0xCF,
  0x92, 0x81, 0x8F, 0xC3, 0x02, 0xA0, 0x42, 0x02, 0xA0, 0x22, 0x81, 0x7F, 0xD4, 0x81, 0xBF, 0x82,
  0x81, 0xCF, 0x74, 0x83, 0x5F, 0xD0, 0x2A, 0x01, 0x58, 0x4E, 0xF3, 0x8F, 0xB6, 0x84, 0x8F, 0x8C,
  0xF5, 0x68, 0x32, 0xFD, 0xFE, 0x71, 0x0B, 0xA0, 0x97, 0x10, 0x5A, 0x03, 0x71, 0x81, 0x7F, 0xD7,
  0x28, 0x1D, 0xF6, 0x71, 0x81, 0xAF, 0xE6, 0x09, 0x0D, 0xB0, 0x46, 0x83, 0x8F, 0xEB, 0x37,
  // "þ" (U+00FE), RLE, 25 bytes saved (19.8%)
  0x02, 0xA0, 0x27, 0x10, 0x2A, 0x02, 0x71, 0x02, 0xA0, 0x27, 0x10, 0x2A, 0x02, 0x71, 0x02, 0xA8,
  0x52, 0x6C, 0xFE, 0xA2, 0x20, 0x2A, 0x0A, 0xA0, 0xEA, 0x82, 0xE2, 0x02, 0xA0, 0xE0, 0x52, 0x84,
  0x3D, 0xFC, 0x02, 0xA0, 0x84, 0x05, 0xA0, 0x02, 0xA0, 0x45, 0xA0, 0x50, 0x2A, 0x02, 0x58, 0x2E,
  0xF7, 0x2A, 0x03, 0x58, 0x2E, 0xF7, 0x2A, 0x04, 0x40, 0x1A, 0x05, 0x02, 0xA0, 0x94, 0x05, 0xA0,
  0x02, 0xB0, 0x52, 0x84, 0x3D, 0xFC, 0x02, 0xA0, 0xBA, 0x0E, 0xA8, 0x2E, 0x20, 0x2A, 0x85, 0x27,
  0xDF, 0xEA, 0x22, 0x02, 0xA0, 0x27, 0x10, 0x2A, 0x02, 0x71, 0x02, 0xA0, 0x27, 0x10, 0x2A, 0x02,
  0x71, 0x02, 0xA0, 0x27, 0x10,
  // "ÿ" (U+00FF), RLE, 34 bytes saved (27.0%)
  0x28, 0x57, 0xC4, 0x05, 0xD6, 0x58, 0x58, 0xE5, 0x06, 0xE7, 0x77, 0x76, 0x81, 0xCF, 0xB5, 0x01,
  0xA0, 0x60, 0x5A, 0x01, 0x48, 0x16, 0xFE, 0x28, 0x1E, 0xF6, 0x48, 0x1C, 0xF9, 0x28, 0x18, 0xFC,
  0x30, 0x2A, 0x04, 0x20, 0x2A, 0x02, 0x28, 0x17, 0xFD, 0x48, 0x1B, 0xF8, 0x28, 0x1C, 0xF7, 0x48,
  0x35, 0xFD, 0x02, 0xA0, 0x15, 0x84, 0xEF, 0x38, 0xFB, 0x68, 0x48, 0xF8, 0xCF, 0x56, 0x83, 0x2F,
  0xDF, 0xE7, 0x10, 0xBA, 0x09, 0x71, 0x05, 0xA0, 0x37, 0x18, 0x17, 0xFD, 0x72, 0x81, 0xDF, 0x67,
  0x18, 0x1A, 0xFE, 0x60, 0x90, 0xDB, 0x04, 0x68, 0x38, 0xFE, 0xB3, 0x70,
  // "Ā" (U+0100), RLE, 53 bytes saved (37.1%)
  0x30, 0x18, 0x02, 0xE0, 0x97, 0x01, 0xE0, 0x97, 0x77, 0x30, 0x3A, 0x09, 0x74, 0x09, 0xA0, 0xE7,
  0x48, 0x3E, 0xFC, 0xF5, 0x72, 0x84, 0x5F, 0xC6, 0xFB, 0x72, 0x82, 0xBF, 0x71, 0xA0, 0x17, 0x01,
  0xA8, 0x31, 0x0B, 0xF7, 0x78, 0x17, 0xFB, 0x28, 0x15, 0xFC, 0x78, 0x1C, 0xF6, 0x38, 0x1E, 0xF3,
  0x50, 0x3A, 0x48, 0x19, 0xF8, 0x50, 0x9F, 0x90, 0xE5, 0x0E, 0xFA, 0x04, 0x38, 0x25, 0xFE, 0x15,
  0x81, 0xAF, 0xA3, 0x81, 0xAF, 0xA6, 0x04, 0xA8, 0x11, 0x01, 0xA0, 0x47, 0x85, 0xEF, 0x60, 0x6F,
  0xE7, 0x18, 0x59, 0xFC, 0x0C, 0xF9, 0x71, 0x04, 0xA0, 0x20,
  // "ā" (U+0101), RLE, 10 bytes saved (13.3%)
  0x10, 0x18, 0x02, 0xE0, 0x92, 0x01, 0xE0, 0x97, 0x58, 0x61, 0x6B, 0xEF, 0xEA, 0x32, 0x09, 0xB0,
  0xEB, 0x83, 0x30, 0x29, 0x32, 0x82, 0x3E, 0xFA, 0x78, 0x18, 0xFC, 0x78, 0x66, 0xFD, 0x02, 0x9C,
  0xEC, 0x0D, 0x04, 0xC0, 0xFE, 0x98, 0x3D, 0xDF, 0xD3, 0x38, 0x16, 0xFD, 0xA0, 0x74, 0x84, 0x9F,
  0xDD, 0xFB, 0x20, 0x10, 0x7A, 0x0D, 0x07, 0xB0, 0xEA, 0x89, 0x36, 0xFD, 0x06, 0xCE, 0xEB, 0x30,
  0xDD,
  // "Ă" (U+0102), RLE, 54 bytes saved (36.0%)
  0x49, 0x08, 0x38, 0x18, 0xF1, 0x70, 0x9A, 0x0E, 0xA0, 0x97, 0x28, 0x38, 0xDF, 0xD7, 0x77, 0x74,
  0x03, 0xA0, 0x97, 0x40, 0x9A, 0x0E, 0x74, 0x83, 0xEF, 0xCF, 0x57, 0x28, 0x45, 0xFC, 0x6F, 0xB7,
  0x28, 0x2B, 0xF7, 0x1A, 0x01, 0x70, 0x1A, 0x83, 0x10, 0xBF, 0x77, 0x81, 0x7F, 0xB2, 0x81, 0x5F,
  0xC7, 0x81, 0xCF, 0x63, 0x81, 0xEF, 0x35, 0x03, 0xA4, 0x81, 0x9F, 0x85, 0x09, 0xF9, 0x0E, 0x50,
  0xEF, 0xA0, 0x43, 0x82, 0x5F, 0xE1, 0x58, 0x1A, 0xFA, 0x38, 0x1A, 0xFA, 0x60, 0x4A, 0x81, 0x10,
  0x1A, 0x04, 0x78, 0x5E, 0xF6, 0x06, 0xFE, 0x71, 0x85, 0x9F, 0xC0, 0xCF, 0x97, 0x10, 0x4A, 0x02,
  // "ă" (U+0103), RLE, 9 bytes saved (11.3%)
  0x29, 0x08, 0x38, 0x18, 0xF1, 0x20, 0x9A, 0x0E, 0xA0, 0x94, 0x83, 0x8D, 0xFD, 0x77, 0x68, 0x61,
  0x6B, 0xEF, 0xEA, 0x32, 0x09, 0xB0, 0xEB, 0x83, 0x30, 0x29, 0x32, 0x82, 0x3E, 0xFA, 0x78, 0x18,
  0xFC, 0x78, 0x66, 0xFD, 0x02, 0x9C, 0xEC, 0x0D, 0x04, 0xC0, 0xFE, 0x98, 0x3D, 0xDF, 0xD3, 0x38,
  0x16, 0xFD, 0xA0, 0x74, 0x84, 0x9F, 0xDD, 0xFB, 0x20, 0x10, 0x7A, 0x0D, 0x07, 0xB0, 0xEA, 0x89,
  0x36, 0xFD, 0x06, 0xCE, 0xEB, 0x30, 0xDD,
  // "Ą" (U+0104), RLE, 59 bytes saved (37.3%)
  0x50, 0x3A, 0x09, 0x74, 0x09, 0xA0, 0xE7, 0x48, 0x3E, 0xFC, 0xF5, 0x72, 0x84, 0x5F, 0xC6, 0xFB,
  0x72, 0x82, 0xBF, 0x71, 0xA0, 0x17, 0x01, 0xA8, 0x31, 0x0B, 0xF7, 0x78, 0x17, 0xFB, 0x28, 0x15,
  0xFC, 0x78, 0x1C, 0xF6, 0x38, 0x1E, 0xF3, 0x50, 0x3A, 0x48, 0x19, 0xF8, 0x50, 0x9F, 0x90, 0xE5,
  0x0E, 0xFA, 0x04, 0x38, 0x25, 0xFE, 0x15, 0x81, 0xAF, 0xA3, 0x81, 0xAF, 0xA6, 0x04, 0xA8, 0x11,
  0x01, 0xA0, 0x47, 0x85, 0xEF, 0x60, 0x6F, 0xE7, 0x18, 0x59, 0xFC, 0x0C, 0xF9, 0x71, 0x04, 0xA0,
  0x37, 0x48, 0x13, 0xF6, 0x75, 0x0D, 0x0C, 0x75, 0x81, 0x1F, 0xC7, 0x68, 0x2E, 0xFE, 0xB7, 0x48,
  0x25, 0xDF, 0x90,
  // "ą" (U+0105), RLE, 14 bytes saved (14.9%)
  0x18, 0x61, 0x6B, 0xEF, 0xEA, 0x33, 0x09, 0xB0, 0xEB, 0x03, 0x28, 0x12, 0x93, 0x28, 0x23, 0xEF,
  0xA7, 0x18, 0x18, 0xFC, 0x71, 0x81, 0x6F, 0xD2, 0x82, 0x29, 0xCE, 0xC8, 0x1D, 0x04, 0xC0, 0xFE,
  0x98, 0x4D, 0x0D, 0xFD, 0x33, 0x81, 0x6F, 0xD1, 0xA0, 0x74, 0x85, 0x9F, 0xD0, 0xDF, 0xB2, 0x01,
  0x07, 0xA8, 0x1D, 0x07, 0xB0, 0xEA, 0x81, 0x6F, 0xD2, 0x84, 0x6C, 0xEE, 0xB3, 0x1A, 0x71, 0x81,
  0x3F, 0x67, 0x10, 0xD0, 0xC7, 0x18, 0x11, 0xFC, 0x72, 0x82, 0xEF, 0xEB, 0x78, 0x25, 0xDF, 0x90,
  // "Ć" (U+0106), RLE, 39 bytes saved (31.0%)
  0x71, 0x81, 0x77, 0x67, 0x18, 0x27, 0xFE, 0x37, 0x82, 0x3F, 0xE3, 0x71, 0x81, 0xDD, 0x27, 0x75,
  0x86, 0x5A, 0xDF, 0xEC, 0xA5, 0x20, 0x10, 0xBB, 0x00, 0xEA, 0x0E, 0x28, 0x3D, 0xFE, 0x71, 0x28,
  0x32, 0x86, 0x09, 0xA0, 0x37, 0x1A, 0x08, 0x71, 0x05, 0xA0, 0x27, 0x18, 0x18, 0xFE, 0x72, 0x81,
  0x9F, 0xD7, 0x28, 0x1A, 0xFD, 0x72, 0x81, 0x8F, 0xE7, 0x20, 0x6A, 0x01, 0x71, 0x01, 0xA0, 0x77,
  0x28, 0x2B, 0xFE, 0x27, 0x18, 0x32, 0xEF, 0xE6, 0x38, 0x11, 0x44, 0x20, 0x30, 0xEB, 0x0E, 0xB0,
  0x93, 0x82, 0x16, 0xBD, 0xA8, 0x1D, 0xA4,
  // "ć" (U+0107), RLE, 15 bytes saved (19.5%)
  0x68, 0x17, 0x76, 0x58, 0x27, 0xFE, 0x34, 0x82, 0x3F, 0xE3, 0x58, 0x1D, 0xD2, 0x76, 0x89, 0x02,
  0x9D, 0xFE, 0xC8, 0x04, 0xEA, 0x0E, 0xA8, 0x4B, 0x1E, 0xFB, 0x22, 0x84, 0x33, 0x7F, 0xE1, 0x58,
  0x1B, 0xFA, 0x68, 0x1C, 0xF8, 0x68, 0x1C, 0xF9, 0x68, 0x1B, 0xFB, 0x60, 0x8A, 0x01, 0x50, 0x2A,
  0x0B, 0x01, 0x28, 0x22, 0x60, 0x6B, 0x0E, 0xA0, 0xC2, 0x85, 0x3A, 0xEF, 0xEC, 0x50,
  // "Ĉ" (U+0108), RLE, 35 bytes saved (27.8%)
  0x68, 0x24, 0x77, 0x27, 0x02, 0x0E, 0xA0, 0xC6, 0x85, 0x1D, 0xF6, 0xAF, 0xA5, 0x81, 0xCD, 0x42,
  0x81, 0x7F, 0x97, 0x72, 0x86, 0x5A, 0xDF, 0xEC, 0xA5, 0x20, 0x10, 0xBB, 0x00, 0xEA, 0x0E, 0x28,
  0x3D, 0xFE, 0x71, 0x28, 0x32, 0x86, 0x09, 0xA0, 0x37, 0x1A, 0x08, 0x71, 0x05, 0xA0, 0x27, 0x18,
  0x18, 0xFE, 0x72, 0x81, 0x9F, 0xD7, 0x28, 0x1A, 0xFD, 0x72, 0x81, 0x8F, 0xE7, 0x20, 0x6A, 0x01,
  0x71, 0x01, 0xA0, 0x77, 0x28, 0x2B, 0xFE, 0x27, 0x18, 0x32, 0xEF, 0xE6, 0x38, 0x11, 0x44, 0x20,
  0x30, 0xEB, 0x0E, 0xB0, 0x93, 0x82, 0x16, 0xBD, 0xA8, 0x1D, 0xA4,
  // "ĉ" (U+0109), RLE, 10 bytes saved (13.0%)
  0x38, 0x24, 0x77, 0x24, 0x02, 0x0E, 0xA0, 0xC3, 0x85, 0x1D, 0xF6, 0xAF, 0xA2, 0x81, 0xCD, 0x42,
  0x81, 0x7F, 0x97, 0x48, 0x90, 0x29, 0xDF, 0xEC, 0x80, 0x4E, 0xA0, 0xEA, 0x84, 0xB1, 0xEF, 0xB2,
  0x28, 0x43, 0x37, 0xFE, 0x15, 0x81, 0xBF, 0xA6, 0x81, 0xCF, 0x86, 0x81, 0xCF, 0x96, 0x81, 0xBF,
  0xB6, 0x08, 0xA0, 0x15, 0x02, 0xA0, 0xB0, 0x12, 0x82, 0x26, 0x06, 0xB0, 0xEA, 0x0C, 0x28, 0x53,
  0xAE, 0xFE, 0xC5,
  // "Ċ" (U+010A), RLE, 42 bytes saved (33.3%)
  0x68, 0x19, 0xB2, 0x71, 0x01, 0xA0, 0x77, 0x28, 0x1B, 0xE3, 0x77, 0x77, 0x38, 0x65, 0xAD, 0xFE,
  0xCA, 0x52, 0x01, 0x0B, 0xB0, 0x0E, 0xA0, 0xE2, 0x83, 0xDF, 0xE7, 0x12, 0x83, 0x28, 0x60, 0x9A,
  0x03, 0x71, 0xA0, 0x87, 0x10, 0x5A, 0x02, 0x71, 0x81, 0x8F, 0xE7, 0x28, 0x19, 0xFD, 0x72, 0x81,
  0xAF, 0xD7, 0x28, 0x18, 0xFE, 0x72, 0x06, 0xA0, 0x17, 0x10, 0x1A, 0x07, 0x72, 0x82, 0xBF, 0xE2,
  0x71, 0x83, 0x2E, 0xFE, 0x63, 0x81, 0x14, 0x42, 0x03, 0x0E, 0xB0, 0xEB, 0x09, 0x38, 0x21, 0x6B,
  0xDA, 0x81, 0xDA, 0x40,
  // "ċ" (U+010B), RLE, 18 bytes saved (23.4%)
  0x48, 0x19, 0xB2, 0x50, 0x1A, 0x07, 0x68, 0x1B, 0xE3, 0x77, 0x71, 0x89, 0x02, 0x9D, 0xFE, 0xC8,
  0x04, 0xEA, 0x0E, 0xA8, 0x4B, 0x1E, 0xFB, 0x22, 0x84, 0x33, 0x7F, 0xE1, 0x58, 0x1B, 0xFA, 0x68,
  0x1C, 0xF8, 0x68, 0x1C, 0xF9, 0x68, 0x1B, 0xFB, 0x60, 0x8A, 0x01, 0x50, 0x2A, 0x0B, 0x01, 0x28,
  0x22, 0x60, 0x6B, 0x0E, 0xA0, 0xC2, 0x85, 0x3A, 0xEF, 0xEC, 0x50,
  // "Č" (U+010C), RLE, 35 bytes saved (27.8%)
  0x30, 0x70, 0x64, 0x07, 0x06, 0x48, 0x67, 0xFB, 0x02, 0xDE, 0x35, 0x84, 0x8F, 0xCE, 0xF4, 0x70,
  0xBA, 0x07, 0x77, 0x58, 0x65, 0xAD, 0xFE, 0xCA, 0x52, 0x01, 0x0B, 0xB0, 0x0E, 0xA0, 0xE2, 0x83,
  0xDF, 0xE7, 0x12, 0x83, 0x28, 0x60, 0x9A, 0x03, 0x71, 0xA0, 0x87, 0x10, 0x5A, 0x02, 0x71, 0x81,
  0x8F, 0xE7, 0x28, 0x19, 0xFD, 0x72, 0x81, 0xAF, 0xD7, 0x28, 0x18, 0xFE, 0x72, 0x06, 0xA0, 0x17,
  0x10, 0x1A, 0x07, 0x72, 0x82, 0xBF, 0xE2, 0x71, 0x83, 0x2E, 0xFE, 0x63, 0x81, 0x14, 0x42, 0x03,
  0x0E, 0xB0, 0xEB, 0x09, 0x38, 0x21, 0x6B, 0xDA, 0x81, 0xDA, 0x40,
  // "č" (U+010D), RLE, 11 bytes saved (14.3%)
  0x10, 0x70, 0x64, 0x89, 0x17, 0x60, 0x7F, 0xB0, 0x2D, 0xE3, 0x28, 0x48, 0xFC, 0xEF, 0x44, 0x0B,
  0xA0, 0x77, 0x68, 0x90, 0x29, 0xDF, 0xEC, 0x80, 0x4E, 0xA0, 0xEA, 0x84, 0xB1, 0xEF, 0xB2, 0x28,
  0x43, 0x37, 0xFE, 0x15, 0x81, 0xBF, 0xA6, 0x81, 0xCF, 0x86, 0x81, 0xCF, 0x96, 0x81, 0xBF, 0xB6,
  0x08, 0xA0, 0x15, 0x02, 0xA0, 0xB0, 0x12, 0x82, 0x26, 0x06, 0xB0, 0xEA, 0x0C, 0x28, 0x53, 0xAE,
  0xFE, 0xC5,
  // "Ď" (U+010E), RLE, 32 bytes saved (23.4%)
  0x20, 0x70, 0x64, 0x07, 0x06, 0x58, 0x67, 0xFB, 0x02, 0xDE, 0x36, 0x84, 0x8F, 0xCE, 0xF4, 0x71,
  0x0B, 0xA0, 0x77, 0x74, 0x0E, 0xC8, 0x2E, 0xDA, 0x44, 0x0E, 0x98, 0x00, 0xEB, 0x0C, 0x02, 0x28,
  0x1E, 0xF7, 0x38, 0x90, 0x17, 0xEF, 0xE1, 0x0E, 0xF7, 0x58, 0x62, 0xEF, 0xC0, 0xEF, 0x76, 0x05,
  0xA8, 0x23, 0xEF, 0x77, 0xA8, 0x28, 0xEF, 0x77, 0x84, 0xCF, 0xAE, 0xF7, 0x78, 0x4B, 0xFC, 0xEF,
  0x77, 0x84, 0xBF, 0xBE, 0xF7, 0x78, 0x4C, 0xFA, 0xEF, 0x76, 0x01, 0xA8, 0x27, 0xEF, 0x76, 0x07,
  0xA8, 0x23, 0xEF, 0x75, 0x86, 0x3E, 0xFB, 0x0E, 0xF7, 0x30, 0x20, 0x8A, 0x82, 0xD1, 0x0E, 0x90,
  0xFE, 0xC0, 0xB0, 0x12, 0x0E, 0xC8, 0x2E, 0xC9, 0x44,
  // "ď" (U+010F), RLE, 26 bytes saved (21.7%)
  0x71, 0x85, 0x8F, 0xC0, 0xCF, 0x67, 0x18, 0x48, 0xFC, 0x0E, 0xD7, 0x28, 0x48, 0xFC, 0x4F, 0x47,
  0x28, 0x18, 0xFC, 0x68, 0x75, 0xBE, 0xEB, 0x37, 0xFC, 0x50, 0x7B, 0x0E, 0xA8, 0x1B, 0xFC, 0x40,
  0x2A, 0x83, 0xB1, 0x01, 0x9A, 0x0C, 0x40, 0x8A, 0x01, 0x48, 0x1D, 0xFC, 0x48, 0x1B, 0xFB, 0x58,
  0x19, 0xFC, 0x48, 0x1C, 0xF9, 0x58, 0x17, 0xFC, 0x48, 0x1C, 0xF9, 0x58, 0x17, 0xFC, 0x48, 0x1B,
  0xFA, 0x58, 0x18, 0xFC, 0x48, 0x28, 0xFE, 0x14, 0x81, 0xCF, 0xC4, 0x02, 0xA8, 0x3A, 0x10, 0x18,
  0xA0, 0xC5, 0x07, 0xB0, 0xEA, 0x81, 0x9F, 0xC6, 0x87, 0x5C, 0xEE, 0xB3, 0x1F, 0xC4,
  // "Đ" (U+0110), RLE, 21 bytes saved (17.5%)
  0x20, 0xCC, 0x82, 0xED, 0xA4, 0x60, 0xC9, 0x80, 0x0E, 0xB0, 0xC0, 0x24, 0x81, 0xCF, 0x93, 0x84,
  0x17, 0xEF, 0xE1, 0x38, 0x1C, 0xF9, 0x58, 0x22, 0xEF, 0xC3, 0x81, 0xCF, 0x96, 0x05, 0xA0, 0x32,
  0x81, 0xCF, 0x97, 0xA0, 0x82, 0x81, 0xCF, 0x97, 0x83, 0xCF, 0xA5, 0xEA, 0x80, 0x0E, 0x01, 0x38,
  0x2B, 0xFC, 0x6F, 0x01, 0x38, 0x1B, 0xFB, 0x28, 0x1C, 0xF9, 0x78, 0x1C, 0xFA, 0x28, 0x1C, 0xF9,
  0x60, 0x1A, 0x07, 0x28, 0x1C, 0xF9, 0x60, 0x7A, 0x03, 0x28, 0x1C, 0xF9, 0x58, 0x23, 0xEF, 0xB3,
  0x81, 0xCF, 0x93, 0x02, 0x08, 0xA0, 0xD0, 0x13, 0x0C, 0x90, 0xFE, 0xC0, 0xB0, 0x14, 0x0C, 0xC8,
  0x2E, 0xC9, 0x34,
  // "đ" (U+0111), RLE, 13 bytes saved (12.5%)
  0x71, 0x81, 0x8F, 0xC6, 0x0C, 0xF0, 0x74, 0x0B, 0x80, 0x0E, 0xA0, 0xE0, 0x67, 0x18, 0x18, 0xFC,
  0x48, 0x75, 0xCE, 0xEB, 0x37, 0xFC, 0x30, 0x7B, 0x0E, 0xA8, 0x1B, 0xFC, 0x20, 0x2A, 0x0B, 0x01,
  0x20, 0x9A, 0x0C, 0x20, 0x8A, 0x01, 0x48, 0x1D, 0xFC, 0x28, 0x1B, 0xFB, 0x58, 0x19, 0xFC, 0x28,
  0x1C, 0xF9, 0x58, 0x17, 0xFC, 0x28, 0x1C, 0xF9, 0x58, 0x17, 0xFC, 0x28, 0x1B, 0xFA, 0x58, 0x18,
  0xFC, 0x28, 0x28, 0xFE, 0x14, 0x81, 0xCF, 0xC2, 0x02, 0xA8, 0x3A, 0x10, 0x18, 0xA0, 0xC3, 0x07,
  0xB0, 0xEA, 0x81, 0x9F, 0xC4, 0x87, 0x5C, 0xEE, 0xB3, 0x2F, 0xC2,
  // "Ē" (U+0112), RLE, 28 bytes saved (32.6%)
  0x01, 0x80, 0x2E, 0x81, 0x90, 0x1E, 0x09, 0x73, 0x0E, 0xF0, 0x0E, 0x98, 0x02, 0xE8, 0x2D, 0xEF,
  0x76, 0x81, 0xEF, 0x76, 0x81, 0xEF, 0x76, 0x81, 0xEF, 0x76, 0x81, 0xEF, 0x76, 0x0E, 0xF0, 0x80,
  0xE9, 0x80, 0x2E, 0x82, 0x7E, 0xF7, 0x68, 0x1E, 0xF7, 0x68, 0x1E, 0xF7, 0x68, 0x1E, 0xF7, 0x68,
  0x1E, 0xF7, 0x60, 0xE9, 0x80, 0x2E, 0x0D, 0x0E, 0xF0, 0xE0,
  // "ē" (U+0113), RLE, 15 bytes saved (18.1%)
  0x10, 0x18, 0x02, 0xE0, 0x93, 0x01, 0xE0, 0x97, 0x71, 0x85, 0x29, 0xDF, 0xD9, 0x23, 0x04, 0x0E,
  0xA0, 0xEA, 0x8A, 0x0E, 0x20, 0x1E, 0xFB, 0x10, 0x1B, 0xFC, 0x06, 0xFE, 0x13, 0x02, 0xA8, 0x23,
  0xAF, 0xA5, 0x82, 0xDF, 0x6C, 0xFA, 0x07, 0x0C, 0x98, 0x04, 0xE8, 0x27, 0xBF, 0xA7, 0x18, 0x26,
  0xFE, 0x17, 0x83, 0x1E, 0xFB, 0x33, 0x03, 0x06, 0x20, 0x30, 0xEB, 0x0E, 0xA0, 0xE3, 0x86, 0x18,
  0xDE, 0xFD, 0xA5, 0x10,
  // "Ĕ" (U+0114), RLE, 26 bytes saved (28.9%)
  0x19, 0x08, 0x38, 0x38, 0xF1, 0x09, 0xA0, 0xEA, 0x09, 0x38, 0x38, 0xDF, 0xD7, 0x74, 0x0E, 0xF0,
  0x0E, 0x98, 0x02, 0xE8, 0x2D, 0xEF, 0x76, 0x81, 0xEF, 0x76, 0x81, 0xEF, 0x76, 0x81, 0xEF, 0x76,
  0x81, 0xEF, 0x76, 0x0E, 0xF0, 0x80, 0xE9, 0x80, 0x2E, 0x82, 0x7E, 0xF7, 0x68, 0x1E, 0xF7, 0x68,
  0x1E, 0xF7, 0x68, 0x1E, 0xF7, 0x68, 0x1E, 0xF7, 0x60, 0xE9, 0x80, 0x2E, 0x0D, 0x0E, 0xF0, 0xE0,
  // "ĕ" (U+0115), RLE, 14 bytes saved (15.9%)
  0x29, 0x08, 0x38, 0x18, 0xF1, 0x30, 0x9A, 0x0E, 0xA0, 0x95, 0x83, 0x8D, 0xFD, 0x77, 0x72, 0x85,
  0x29, 0xDF, 0xD9, 0x23, 0x04, 0x0E, 0xA0, 0xEA, 0x8A, 0x0E, 0x20, 0x1E, 0xFB, 0x10, 0x1B, 0xFC,
  0x06, 0xFE, 0x13, 0x02, 0xA8, 0x23, 0xAF, 0xA5, 0x82, 0xDF, 0x6C, 0xFA, 0x07, 0x0C, 0x98, 0x04,
  0xE8, 0x27, 0xBF, 0xA7, 0x18, 0x26, 0xFE, 0x17, 0x83, 0x1E, 0xFB, 0x33, 0x03, 0x06, 0x20, 0x30,
  0xEB, 0x0E, 0xA0, 0xE3, 0x86, 0x18, 0xDE, 0xFD, 0xA5, 0x10,
  // "Ė" (U+0116), RLE, 35 bytes saved (36.8%)
  0x48, 0x19, 0xB2, 0x50, 0x1A, 0x07, 0x68, 0x1B, 0xE3, 0x77, 0x60, 0xEF, 0x00, 0xE9, 0x80, 0x2E,
  0x82, 0xDE, 0xF7, 0x68, 0x1E, 0xF7, 0x68, 0x1E, 0xF7, 0x68, 0x1E, 0xF7, 0x68, 0x1E, 0xF7, 0x60,
  0xEF, 0x08, 0x0E, 0x98, 0x02, 0xE8, 0x27, 0xEF, 0x76, 0x81, 0xEF, 0x76, 0x81, 0xEF, 0x76, 0x81,
  0xEF, 0x76, 0x81, 0xEF, 0x76, 0x0E, 0x98, 0x02, 0xE0, 0xD0, 0xEF, 0x0E,
  // "ė" (U+0117), RLE, 24 bytes saved (25.5%)
  0x48, 0x19, 0xB2, 0x70, 0x1A, 0x07, 0x71, 0x81, 0xBE, 0x37, 0x77, 0x78, 0x52, 0x9D, 0xFD, 0x92,
  0x30, 0x40, 0xEA, 0x0E, 0xA8, 0xA0, 0xE2, 0x01, 0xEF, 0xB1, 0x01, 0xBF, 0xC0, 0x6F, 0xE1, 0x30,
  0x2A, 0x82, 0x3A, 0xFA, 0x58, 0x2D, 0xF6, 0xCF, 0xA0, 0x70, 0xC9, 0x80, 0x4E, 0x82, 0x7B, 0xFA,
  0x71, 0x82, 0x6F, 0xE1, 0x78, 0x31, 0xEF, 0xB3, 0x30, 0x30, 0x62, 0x03, 0x0E, 0xB0, 0xEA, 0x0E,
  0x38, 0x61, 0x8D, 0xEF, 0xDA, 0x51,
  // "Ę" (U+0118), RLE, 30 bytes saved (31.6%)
  0x0E, 0xF0, 0x0E, 0x98, 0x02, 0xE8, 0x2D, 0xEF, 0x76, 0x81, 0xEF, 0x76, 0x81, 0xEF, 0x76, 0x81,
  0xEF, 0x76, 0x81, 0xEF, 0x76, 0x0E, 0xF0, 0x80, 0xE9, 0x80, 0x2E, 0x82, 0x7E, 0xF7, 0x68, 0x1E,
  0xF7, 0x68, 0x1E, 0xF7, 0x68, 0x1E, 0xF7, 0x68, 0x1E, 0xF7, 0x60, 0xE9, 0x80, 0x2E, 0x0D, 0x0E,
  0xF0, 0xE5, 0x81, 0x3F, 0x66, 0x0D, 0x0C, 0x68, 0x11, 0xFC, 0x78, 0x2E, 0xFE, 0xB5, 0x82, 0x5D,
  0xF9,
  // "ę" (U+0119), RLE, 19 bytes saved (20.2%)
  0x28, 0x52, 0x9D, 0xFD, 0x92, 0x30, 0x40, 0xEA, 0x0E, 0xA8, 0xA0, 0xE2, 0x01, 0xEF, 0xB1, 0x01,
  0xBF, 0xC0, 0x6F, 0xE1, 0x30, 0x2A, 0x82, 0x3A, 0xFA, 0x58, 0x2D, 0xF6, 0xCF, 0xA0, 0x70, 0xC9,
  0x80, 0x4E, 0x82, 0x7B, 0xFA, 0x71, 0x82, 0x6F, 0xE1, 0x78, 0x31, 0xEF, 0xB3, 0x30, 0x30, 0x62,
  0x03, 0x0E, 0xB0, 0xEA, 0x0E, 0x38, 0x21, 0x8D, 0xEB, 0x08, 0x78, 0x11, 0xE7, 0x71, 0x0B, 0x0D,
  0x72, 0x90, 0xD7, 0x28, 0x2E, 0xFE, 0xB7, 0x82, 0x4D, 0xFA, 0x10,
  // "Ě" (U+011A), RLE, 27 bytes saved (28.4%)
  0x10, 0x70, 0x64, 0x89, 0x17, 0x60, 0x7F, 0xB0, 0x2D, 0xE3, 0x28, 0x48, 0xFC, 0xEF, 0x44, 0x0B,
  0xA0, 0x77, 0x40, 0xEF, 0x00, 0xE9, 0x80, 0x2E, 0x82, 0xDE, 0xF7, 0x68, 0x1E, 0xF7, 0x68, 0x1E,
  0xF7, 0x68, 0x1E, 0xF7, 0x68, 0x1E, 0xF7, 0x60, 0xEF, 0x08, 0x0E, 0x98, 0x02, 0xE8, 0x27, 0xEF,
  0x76, 0x81, 0xEF, 0x76, 0x81, 0xEF, 0x76, 0x81, 0xEF, 0x76, 0x81, 0xEF, 0x76, 0x0E, 0x98, 0x02,
  0xE0, 0xD0, 0xEF, 0x0E,
  // "ě" (U+011B), RLE, 16 bytes saved (17.0%)
  0x10, 0x70, 0x64, 0x07, 0x06, 0x38, 0x67, 0xFB, 0x02, 0xDE, 0x34, 0x84, 0x8F, 0xCE, 0xF4, 0x60,
  0xBA, 0x07, 0x77, 0x38, 0x52, 0x9D, 0xFD, 0x92, 0x30, 0x40, 0xEA, 0x0E, 0xA8, 0xA0, 0xE2, 0x01,
  0xEF, 0xB1, 0x01, 0xBF, 0xC0, 0x6F, 0xE1, 0x30, 0x2A, 0x82, 0x3A, 0xFA, 0x58, 0x2D, 0xF6, 0xCF,
  0xA0, 0x70, 0xC9, 0x80, 0x4E, 0x82, 0x7B, 0xFA, 0x71, 0x82, 0x6F, 0xE1, 0x78, 0x31, 0xEF, 0xB3,
  0x30, 0x30, 0x62, 0x03, 0x0E, 0xB0, 0xEA, 0x0E, 0x38, 0x61, 0x8D, 0xEF, 0xDA, 0x51,
  // "Ĝ" (U+011C), RLE, 44 bytes saved (29.9%)
  0x68, 0x24, 0x77, 0x27, 0x20, 0x20, 0xEA, 0x0C, 0x71, 0x85, 0x1D, 0xF6, 0xAF, 0xA7, 0x81, 0xCD,
  0x42, 0x81, 0x7F, 0x97, 0x76, 0x87, 0x28, 0xCD, 0xFE, 0xC9, 0x44, 0x09, 0xC0, 0xEB, 0x0D, 0x30,
  0xBA, 0x09, 0x03, 0x38, 0x13, 0x85, 0x20, 0x8A, 0x05, 0x73, 0x81, 0xEF, 0x97, 0x30, 0x5A, 0x02,
  0x73, 0x81, 0x8F, 0xE7, 0x48, 0x19, 0xFC, 0x40, 0x58, 0x01, 0xE8, 0x24, 0xAF, 0xC4, 0x05, 0xD8,
  0x25, 0x9F, 0xE7, 0x1A, 0x05, 0x06, 0xA0, 0x27, 0xA0, 0x50, 0x2A, 0x08, 0x7A, 0x81, 0x50, 0xAA,
  0x03, 0x6A, 0x86, 0x50, 0x1E, 0xFE, 0x71, 0x30, 0x3A, 0x05, 0x20, 0x20, 0xDC, 0x0E, 0xC0, 0x54,
  0x81, 0x6B, 0xDA, 0x83, 0xEC, 0x96, 0x10,
  // "ĝ" (U+011D), RLE, 15 bytes saved (12.4%)
  0x48, 0x24, 0x77, 0x26, 0x02, 0x0E, 0xA0, 0xC5, 0x85, 0x1D, 0xF6, 0xAF, 0xA4, 0x81, 0xCD, 0x42,
  0x81, 0x7F, 0x97, 0x78, 0x91, 0x5C, 0xEE, 0xB3, 0x2F, 0xC0, 0x6B, 0x0E, 0xA8, 0x29, 0xFC, 0x2A,
  0x83, 0xA1, 0x01, 0x9A, 0x0C, 0x07, 0xA0, 0x14, 0x84, 0xCF, 0xCB, 0xFB, 0x58, 0x48, 0xFC, 0xCF,
  0x95, 0x84, 0x6F, 0xCC, 0xF9, 0x58, 0x46, 0xFC, 0xBF, 0xB5, 0x85, 0x7F, 0xC8, 0xFE, 0x14, 0x82,
  0xBF, 0xC2, 0xA8, 0x3A, 0x10, 0x18, 0xA8, 0x1C, 0x07, 0xB0, 0xEA, 0x81, 0xBF, 0xC2, 0x87, 0x5C,
  0xEE, 0xB3, 0x7F, 0xC7, 0x18, 0x18, 0xFB, 0x71, 0x85, 0xCF, 0x90, 0x94, 0x12, 0x01, 0x09, 0xA0,
  0x41, 0xC0, 0xEB, 0x09, 0x28, 0x66, 0xAD, 0xEF, 0xEB, 0x52,
  // "Ğ" (U+011E), RLE, 42 bytes saved (30.0%)
  0x49, 0x08, 0x38, 0x18, 0xF1, 0x60, 0x9A, 0x0E, 0xA0, 0x97, 0x18, 0x38, 0xDF, 0xD7, 0x77, 0x71,
  0x87, 0x28, 0xCD, 0xFE, 0xC9, 0x44, 0x09, 0xC0, 0xEB, 0x0D, 0x30, 0xBA, 0x09, 0x03, 0x38, 0x13,
  0x85, 0x20, 0x8A, 0x05, 0x73, 0x81, 0xEF, 0x97, 0x30, 0x5A, 0x02, 0x73, 0x81, 0x8F, 0xE7, 0x48,
  0x19, 0xFC, 0x40, 0x58, 0x01, 0xE8, 0x24, 0xAF, 0xC4, 0x05, 0xD8, 0x25, 0x9F, 0xE7, 0x1A, 0x05,
  0x06, 0xA0, 0x27, 0xA0, 0x50, 0x2A, 0x08, 0x7A, 0x81, 0x50, 0xAA, 0x03, 0x6A, 0x86, 0x50, 0x1E,
  0xFE, 0x71, 0x30, 0x3A, 0x05, 0x20, 0x20, 0xDC, 0x0E, 0xC0, 0x54, 0x81, 0x6B, 0xDA, 0x83, 0xEC,
  0x96, 0x10,
  // "ğ" (U+011F), RLE, 14 bytes saved (12.1%)
  0x29, 0x08, 0x38, 0x18, 0xF1, 0x30, 0x9A, 0x0E, 0xA0, 0x95, 0x83, 0x8D, 0xFD, 0x77, 0x72, 0x89,
  0x15, 0xCE, 0xEB, 0x32, 0xFC, 0x06, 0xB0, 0xEA, 0x82, 0x9F, 0xC2, 0xA8, 0x3A, 0x10, 0x19, 0xA0,
  0xC0, 0x7A, 0x01, 0x48, 0x4C, 0xFC, 0xBF, 0xB5, 0x84, 0x8F, 0xCC, 0xF9, 0x58, 0x46, 0xFC, 0xCF,
  0x95, 0x84, 0x6F, 0xCB, 0xFB, 0x58, 0x57, 0xFC, 0x8F, 0xE1, 0x48, 0x2B, 0xFC, 0x2A, 0x83, 0xA1,
  0x01, 0x8A, 0x81, 0xC0, 0x7B, 0x0E, 0xA8, 0x1B, 0xFC, 0x28, 0x75, 0xCE, 0xEB, 0x37, 0xFC, 0x71,
  0x81, 0x8F, 0xB7, 0x18, 0x5C, 0xF9, 0x09, 0x41, 0x20, 0x10, 0x9A, 0x04, 0x1C, 0x0E, 0xB0, 0x92,
  0x86, 0x6A, 0xDE, 0xFE, 0xB5, 0x20,
  // "Ġ" (U+0120), RLE, 53 bytes saved (36.1%)
  0x78, 0x19, 0xB2, 0x73, 0x01, 0xA0, 0x77, 0x48, 0x1B, 0xE3, 0x80, 0xC0, 0x08, 0x72, 0x8C, 0xDF,
  0xEC, 0x94, 0x40, 0x9C, 0x0E, 0xB0, 0xD3, 0x0B, 0xA0, 0x90, 0x33, 0x81, 0x38, 0x52, 0x08, 0xA0,
  0x57, 0x38, 0x1E, 0xF9, 0x73, 0x05, 0xA0, 0x27, 0x38, 0x18, 0xFE, 0x74, 0x81, 0x9F, 0xC4, 0x05,
  0x80, 0x1E, 0x82, 0x4A, 0xFC, 0x40, 0x5D, 0x82, 0x59, 0xFE, 0x71, 0xA0, 0x50, 0x6A, 0x02, 0x7A,
  0x05, 0x02, 0xA0, 0x87, 0xA8, 0x15, 0x0A, 0xA0, 0x36, 0xA8, 0x65, 0x01, 0xEF, 0xE7, 0x13, 0x03,
  0xA0, 0x52, 0x02, 0x0D, 0xC0, 0xEC, 0x05, 0x48, 0x16, 0xBD, 0xA8, 0x3E, 0xC9, 0x61,
  // "ġ" (U+0121), RLE, 23 bytes saved (19.0%)
  0x48, 0x19, 0xB2, 0x70, 0x1A, 0x07, 0x71, 0x81, 0xBE, 0x37, 0x77, 0x78, 0x91, 0x5C, 0xEE, 0xB3,
  0x2F, 0xC0, 0x6B, 0x0E, 0xA8, 0x29, 0xFC, 0x2A, 0x83, 0xA1, 0x01, 0x9A, 0x0C, 0x07, 0xA0, 0x14,
  0x84, 0xCF, 0xCB, 0xFB, 0x58, 0x48, 0xFC, 0xCF, 0x95, 0x84, 0x6F, 0xCC, 0xF9, 0x58, 0x46, 0xFC,
  0xBF, 0xB5, 0x85, 0x7F, 0xC8, 0xFE, 0x14, 0x82, 0xBF, 0xC2, 0xA8, 0x3A, 0x10, 0x18, 0xA8, 0x1C,
  0x07, 0xB0, 0xEA, 0x81, 0xBF, 0xC2, 0x87, 0x5C, 0xEE, 0xB3, 0x7F, 0xC7, 0x18, 0x18, 0xFB, 0x71,
  0x85, 0xCF, 0x90, 0x94, 0x12, 0x01, 0x09, 0xA0, 0x41, 0xC0, 0xEB, 0x09, 0x28, 0x66, 0xAD, 0xEF,
  0xEB, 0x52,
  // "Ģ" (U+0122), RLE, 55 bytes saved (37.4%)
  0x48, 0x72, 0x8C, 0xDF, 0xEC, 0x94, 0x40, 0x9C, 0x0E, 0xB0, 0xD3, 0x0B, 0xA0, 0x90, 0x33, 0x81,
  0x39, 0x62, 0x08, 0xA0, 0x57, 0x38, 0x1E, 0xF9, 0x73, 0x05, 0xA0, 0x27, 0x38, 0x18, 0xFE, 0x74,
  0x81, 0x9F, 0xC7, 0x48, 0x1A, 0xFC, 0x40, 0x5D, 0x82, 0x59, 0xFE, 0x40, 0x50, 0xFE, 0xA0, 0x50,
  0x6A, 0x02, 0x7A, 0x05, 0x02, 0xA0, 0x87, 0xA8, 0x15, 0x0A, 0xA0, 0x36, 0xA8, 0x65, 0x01, 0xEF,
  0xE7, 0x13, 0x02, 0xA0, 0x52, 0x02, 0x0D, 0xC0, 0xEC, 0x05, 0x48, 0x16, 0xBD, 0xA8, 0x3E, 0xC9,
  0x61, 0x77, 0x77, 0x7A, 0x02, 0x73, 0x81, 0x4F, 0x97, 0x40, 0xA0, 0xD6,
  // "ģ" (U+0123), RLE, 18 bytes saved (15.5%)
  0x58, 0x18, 0xF1, 0x78, 0x13, 0xFB, 0x71, 0x81, 0xBF, 0x67, 0x73, 0x89, 0x15, 0xCE, 0xEB, 0x32,
  0xFC, 0x06, 0xB0, 0xEA, 0x82, 0x9F, 0xC2, 0xA8, 0x3A, 0x10, 0x19, 0xA0, 0xC0, 0x7A, 0x01, 0x48,
  0x4C, 0xFC, 0xBF, 0xB5, 0x84, 0x8F, 0xCC, 0xF9, 0x58, 0x46, 0xFC, 0xCF, 0x95, 0x84, 0x6F, 0xCB,
  0xFB, 0x58, 0x57, 0xFC, 0x8F, 0xE1, 0x48, 0x2B, 0xFC, 0x2A, 0x83, 0xA1, 0x01, 0x8A, 0x81, 0xC0,
  0x7B, 0x0E, 0xA8, 0x1B, 0xFC, 0x28, 0x75, 0xCE, 0xEB, 0x37, 0xFC, 0x71, 0x81, 0x8F, 0xB7, 0x18,
  0x5C, 0xF9, 0x09, 0x41, 0x20, 0x10, 0x9A, 0x04, 0x1C, 0x0E, 0xB0, 0x92, 0x86, 0x6A, 0xDE, 0xFE,
  0xB5, 0x20,
  // "Ĥ" (U+0124), RLE, 52 bytes saved (38.0%)
  0x48, 0x24, 0x77, 0x27, 0x10, 0x20, 0xEA, 0x0C, 0x78, 0x51, 0xDF, 0x6A, 0xFA, 0x68, 0x1C, 0xD4,
  0x28, 0x17, 0xF9, 0x77, 0x28, 0x1E, 0xF7, 0x7A, 0x82, 0x5E, 0xF7, 0x7A, 0x82, 0x5E, 0xF7, 0x7A,
  0x82, 0x5E, 0xF7, 0x7A, 0x82, 0x5E, 0xF7, 0x7A, 0x82, 0x5E, 0xF7, 0x7A, 0x82, 0x5E, 0xF7, 0x7A,
  0x05, 0x0E, 0xFC, 0x05, 0x0E, 0x98, 0x04, 0xEA, 0x82, 0x5E, 0xF7, 0x7A, 0x82, 0x5E, 0xF7, 0x7A,
  0x82, 0x5E, 0xF7, 0x7A, 0x82, 0x5E, 0xF7, 0x7A, 0x82, 0x5E, 0xF7, 0x7A, 0x82, 0x5E, 0xF7, 0x7A,
  0x82, 0x5E, 0xF7, 0x7A, 0x05,
  // "ĥ" (U+0125), RLE, 46 bytes saved (29.9%)
  0x28, 0x24, 0x77, 0x27, 0x20, 0x20, 0xEA, 0x0C, 0x71, 0x85, 0x1D, 0xF6, 0xAF, 0xA7, 0x81, 0xCD,
  0x42, 0x81, 0x7F, 0x98, 0x0C, 0x00, 0x02, 0xA0, 0x27, 0x30, 0x2A, 0x02, 0x73, 0x02, 0xA0, 0x27,
  0x30, 0x2A, 0x02, 0x73, 0x02, 0xA8, 0x52, 0x6C, 0xFE, 0xB4, 0x40, 0x2A, 0x09, 0xA0, 0xEB, 0x05,
  0x30, 0x2B, 0x05, 0x28, 0x22, 0xDF, 0xC3, 0x02, 0xA0, 0x94, 0x06, 0xA3, 0x02, 0xA0, 0x44, 0x03,
  0xA0, 0x12, 0x02, 0xA0, 0x34, 0x03, 0xA0, 0x12, 0x02, 0xA0, 0x24, 0x03, 0xA0, 0x12, 0x02, 0xA0,
  0x24, 0x03, 0xA0, 0x12, 0x02, 0xA0, 0x24, 0x03, 0xA0, 0x12, 0x02, 0xA0, 0x24, 0x03, 0xA0, 0x12,
  0x02, 0xA0, 0x24, 0x03, 0xA0, 0x12, 0x02, 0xA0, 0x24, 0x03, 0xA0, 0x10,
  // "Ħ" (U+0126), RLE, 56 bytes saved (41.2%)
  0x28, 0x1E, 0xF7, 0x7A, 0x05, 0x48, 0x1E, 0xF7, 0x7A, 0x05, 0x48, 0x1E, 0xF7, 0x7A, 0x05, 0x2F,
  0xFA, 0x81, 0x6E, 0xEA, 0x80, 0x4E, 0xA8, 0x1E, 0xE6, 0x28, 0x1E, 0xF7, 0x7A, 0x05, 0x48, 0x1E,
  0xF7, 0x7A, 0x05, 0x40, 0xEF, 0xC0, 0x54, 0x0E, 0x98, 0x04, 0xEA, 0x05, 0x48, 0x1E, 0xF7, 0x7A,
  0x05, 0x48, 0x1E, 0xF7, 0x7A, 0x05, 0x48, 0x1E, 0xF7, 0x7A, 0x05, 0x48, 0x1E, 0xF7, 0x7A, 0x05,
  0x48, 0x1E, 0xF7, 0x7A, 0x05, 0x48, 0x1E, 0xF7, 0x7A, 0x05, 0x48, 0x1E, 0xF7, 0x7A, 0x05, 0x20,
  // "ħ" (U+0127), RLE, 16 bytes saved (15.4%)
  0x10, 0x2A, 0x02, 0x71, 0x0B, 0x0E, 0xA8, 0x00, 0xE0, 0x64, 0x0D, 0xF0, 0x75, 0x02, 0xA0, 0x27,
  0x20, 0x2A, 0x85, 0x26, 0xCE, 0xEB, 0x43, 0x02, 0xA0, 0x9A, 0x0E, 0xB0, 0x42, 0x02, 0xB0, 0x62,
  0x82, 0x3D, 0xFC, 0x20, 0x2A, 0x0A, 0x40, 0x6A, 0x20, 0x2A, 0x05, 0x40, 0x3A, 0x81, 0x10, 0x2A,
  0x03, 0x40, 0x3A, 0x81, 0x10, 0x2A, 0x02, 0x40, 0x3A, 0x81, 0x10, 0x2A, 0x02, 0x40, 0x3A, 0x81,
  0x10, 0x2A, 0x02, 0x40, 0x3A, 0x81, 0x10, 0x2A, 0x02, 0x40, 0x3A, 0x81, 0x10, 0x2A, 0x02, 0x40,
  0x3A, 0x81, 0x10, 0x2A, 0x02, 0x40, 0x3A, 0x01,
  // "Ĩ" (U+0128), RLE, 21 bytes saved (23.3%)
  0x89, 0x21, 0xBE, 0xB4, 0x04, 0xF1, 0xBF, 0xEA, 0x89, 0x2E, 0xFC, 0x0F, 0x60, 0x4B, 0xEC, 0x27,
  0x30, 0x2D, 0x0E, 0x20, 0x10, 0xBB, 0x0E, 0x09, 0x40, 0x4A, 0x01, 0x50, 0x4A, 0x01, 0x50, 0x4A,
  0x01, 0x50, 0x4A, 0x01, 0x50, 0x4A, 0x01, 0x50, 0x4A, 0x01, 0x50, 0x4A, 0x01, 0x50, 0x4A, 0x01,
  0x50, 0x4A, 0x01, 0x50, 0x4A, 0x01, 0x50, 0x4A, 0x01, 0x50, 0x4A, 0x01, 0x40, 0x80, 0xDA, 0x0C,
  0x07, 0x20, 0x2D, 0x0E, 0x20,
  // "ĩ" (U+0129), RLE, 19 bytes saved (26.4%)
  0x89, 0x21, 0xBE, 0xB4, 0x04, 0xF1, 0xBF, 0xEA, 0x89, 0x2E, 0xFC, 0x0F, 0x60, 0x4B, 0xEC, 0x27,
  0x50, 0x2A, 0x02, 0x50, 0x2A, 0x02, 0x50, 0x2A, 0x02, 0x50, 0x2A, 0x02, 0x50, 0x2A, 0x02, 0x50,
  0x2A, 0x02, 0x50, 0x2A, 0x02, 0x50, 0x2A, 0x02, 0x50, 0x2A, 0x02, 0x50, 0x2A, 0x02, 0x50, 0x2A,
  0x02, 0x50, 0x2A, 0x02, 0x30,
  // "Ī" (U+012A), RLE, 17 bytes saved (22.4%)
  0x01, 0x80, 0x2E, 0x09, 0x01, 0xE0, 0x97, 0x10, 0x2D, 0x82, 0xE0, 0x1B, 0xB0, 0xE0, 0x93, 0x04,
  0xA0, 0x14, 0x04, 0xA0, 0x14, 0x04, 0xA0, 0x14, 0x04, 0xA0, 0x14, 0x04, 0xA0, 0x14, 0x04, 0xA0,
  0x14, 0x04, 0xA0, 0x14, 0x04, 0xA0, 0x14, 0x04, 0xA0, 0x14, 0x04, 0xA0, 0x14, 0x04, 0xA0, 0x14,
  0x04, 0xA0, 0x13, 0x08, 0x0D, 0xA8, 0x2C, 0x70, 0x2D, 0x0E, 0x10,
  // "ī" (U+012B), RLE, 16 bytes saved (26.7%)
  0x01, 0x80, 0x2E, 0x09, 0x01, 0xE0, 0x97, 0x30, 0x2A, 0x02, 0x40, 0x2A, 0x02, 0x40, 0x2A, 0x02,
  0x40, 0x2A, 0x02, 0x40, 0x2A, 0x02, 0x40, 0x2A, 0x02, 0x40, 0x2A, 0x02, 0x40, 0x2A, 0x02, 0x40,
  0x2A, 0x02, 0x40, 0x2A, 0x02, 0x40, 0x2A, 0x02, 0x40, 0x2A, 0x02, 0x20,
  // "Ĭ" (U+012C), RLE, 16 bytes saved (20.0%)
  0x90, 0x83, 0x82, 0x8F, 0x19, 0xA0, 0xEA, 0x09, 0x28, 0x38, 0xDF, 0xD7, 0x73, 0x02, 0xD8, 0x2E,
  0x01, 0xBB, 0x0E, 0x09, 0x30, 0x4A, 0x01, 0x40, 0x4A, 0x01, 0x40, 0x4A, 0x01, 0x40, 0x4A, 0x01,
  0x40, 0x4A, 0x01, 0x40, 0x4A, 0x01, 0x40, 0x4A, 0x01, 0x40, 0x4A, 0x01, 0x40, 0x4A, 0x01, 0x40,
  0x4A, 0x01, 0x40, 0x4A, 0x01, 0x40, 0x4A, 0x01, 0x30, 0x80, 0xDA, 0x82, 0xC7, 0x02, 0xD0, 0xE1,
  // "ĭ" (U+012D), RLE, 15 bytes saved (23.4%)
  0x90, 0x83, 0x82, 0x8F, 0x19, 0xA0, 0xEA, 0x09, 0x28, 0x38, 0xDF, 0xD7, 0x74, 0x02, 0xA0, 0x24,
  0x02, 0xA0, 0x24, 0x02, 0xA0, 0x24, 0x02, 0xA0, 0x24, 0x02, 0xA0, 0x24, 0x02, 0xA0, 0x24, 0x02,
  0xA0, 0x24, 0x02, 0xA0, 0x24, 0x02, 0xA0, 0x24, 0x02, 0xA0, 0x24, 0x02, 0xA0, 0x24, 0x02, 0xA0,
  0x23,
  // "Į" (U+012E), RLE, 9 bytes saved (12.2%)
  0x02, 0xD8, 0x1E, 0x1B, 0xB0, 0xE0, 0x92, 0x04, 0xA0, 0x13, 0x04, 0xA0, 0x13, 0x04, 0xA0, 0x13,
  0x04, 0xA0, 0x13, 0x04, 0xA0, 0x13, 0x04, 0xA0, 0x13, 0x04, 0xA0, 0x13, 0x04, 0xA0, 0x13, 0x04,
  0xA0, 0x13, 0x04, 0xA0, 0x13, 0x04, 0xA0, 0x13, 0x04, 0xA0, 0x12, 0x08, 0x0D, 0xA8, 0x1C, 0x72,
  0xD0, 0xE3, 0x81, 0x3F, 0x64, 0x0D, 0x0C, 0x48, 0x11, 0xFC, 0x58, 0x2E, 0xFE, 0xB3, 0x82, 0x5D,
  0xF9,
  // "į" (U+012F), uncompressed
  0x01, 0xDD, 0x10, 0x4F, 0xF4, 0x00, 0xBB, 0x00, 0x00, 0x00, 0x02, 0xFF, 0x20, 0x2F, 0xF2, 0x02,
  0xFF, 0x20, 0x2F, 0xF2, 0x02, 0xFF, 0x20, 0x2F, 0xF2, 0x02, 0xFF, 0x20, 0x2F, 0xF2, 0x02, 0xFF,
  0x20, 0x2F, 0xF2, 0x02, 0xFF, 0x20, 0x2F, 0xF2, 0x03, 0xF6, 0x00, 0xDC, 0x00, 0x1F, 0xC0, 0x00,
  0xEF, 0xEB, 0x05, 0xDF, 0x90,
  // "İ" (U+0130), RLE, 14 bytes saved (18.9%)
  0x38, 0x19, 0xB2, 0x30, 0x1A, 0x07, 0x48, 0x1B, 0xE3, 0x77, 0x10, 0x2D, 0x81, 0xE1, 0xBB, 0x0E,
  0x09, 0x20, 0x4A, 0x01, 0x30, 0x4A, 0x01, 0x30, 0x4A, 0x01, 0x30, 0x4A, 0x01, 0x30, 0x4A, 0x01,
  0x30, 0x4A, 0x01, 0x30, 0x4A, 0x01, 0x30, 0x4A, 0x01, 0x30, 0x4A, 0x01, 0x30, 0x4A, 0x01, 0x30,
  0x4A, 0x01, 0x30, 0x4A, 0x01, 0x20, 0x80, 0xDA, 0x81, 0xC7, 0x2D, 0x0E,
  // "ı" (U+0131), uncompressed
  0x2F, 0xF2, 0x2F, 0xF2, 0x2F, 0xF2, 0x2F, 0xF2, 0x2F, 0xF2, 0x2F, 0xF2, 0x2F, 0xF2, 0x2F, 0xF2,
  0x2F, 0xF2, 0x2F, 0xF2, 0x2F, 0xF2, 0x2F, 0xF2,
  // "Ĳ" (U+0132), RLE, 33 bytes saved (25.4%)
  0x02, 0xD0, 0xE3, 0xA8, 0x15, 0x1B, 0xB0, 0xE0, 0x93, 0xA0, 0x52, 0x04, 0xA0, 0x14, 0xA0, 0x52,
  0x04, 0xA0, 0x14, 0xA0, 0x52, 0x04, 0xA0, 0x14, 0xA0, 0x52, 0x04, 0xA0, 0x14, 0xA0, 0x52, 0x04,
  0xA0, 0x14, 0xA0, 0x52, 0x04, 0xA0, 0x14, 0xA0, 0x52, 0x04, 0xA0, 0x14, 0xA0, 0x52, 0x04, 0xA0,
  0x14, 0xA0, 0x52, 0x04, 0xA0, 0x14, 0xA0, 0x52, 0x04, 0xA0, 0x14, 0xA0, 0x52, 0x04, 0xA0, 0x14,
  0xA0, 0x52, 0x04, 0xA0, 0x14, 0xA8, 0x25, 0x08, 0xDA, 0x0C, 0x07, 0x3A, 0x05, 0x02, 0xD0, 0xE3,
  0xA0, 0x57, 0x20, 0x2A, 0x03, 0x68, 0x41, 0x02, 0xAF, 0xE7, 0x0A, 0xC0, 0x57, 0x83, 0x7D, 0xDA,
  0x32,
  // "ĳ" (U+0133), RLE, 11 bytes saved (10.5%)
  0x82, 0x1D, 0xD1, 0x28, 0x31, 0xDD, 0x14, 0xA0, 0x42, 0x04, 0xA8, 0x24, 0x0B, 0xB4, 0x00, 0xB7,
  0x40, 0x2A, 0x02, 0x20, 0x2A, 0x00, 0x2A, 0x02, 0x20, 0x2A, 0x00, 0x2A, 0x02, 0x20, 0x2A, 0x00,
  0x2A, 0x02, 0x20, 0x2A, 0x00, 0x2A, 0x02, 0x20, 0x2A, 0x00, 0x2A, 0x02, 0x20, 0x2A, 0x00, 0x2A,
  0x02, 0x20, 0x2A, 0x00, 0x2A, 0x02, 0x20, 0x2A, 0x00, 0x2A, 0x02, 0x20, 0x2A, 0x00, 0x2A, 0x02,
  0x20, 0x2A, 0x00, 0x2A, 0x02, 0x20, 0x2A, 0x00, 0x2A, 0x02, 0x20, 0x2A, 0x02, 0x60, 0x2A, 0x02,
  0x60, 0x3A, 0x01, 0x60, 0x8A, 0x48, 0x14, 0xEE, 0xA0, 0x94, 0x83, 0x3E, 0xFE, 0x92,
  // "Ĵ" (U+0134), RLE, 47 bytes saved (41.6%)
  0x38, 0x24, 0x77, 0x24, 0x02, 0x0E, 0xA0, 0xC3, 0x85, 0x1D, 0xF6, 0xAF, 0xA2, 0x81, 0xCD, 0x42,
  0x81, 0x7F, 0x97, 0x6A, 0x05, 0x6A, 0x05, 0x6A, 0x05, 0x6A, 0x05, 0x6A, 0x05, 0x6A, 0x05, 0x6A,
  0x05, 0x6A, 0x05, 0x6A, 0x05, 0x6A, 0x05, 0x6A, 0x05, 0x6A, 0x05, 0x6A, 0x05, 0x6A, 0x05, 0x6A,
  0x05, 0x6A, 0x05, 0x50, 0x2A, 0x03, 0x28, 0x41, 0x02, 0xAF, 0xE3, 0x0A, 0xC0, 0x53, 0x83, 0x7D,
  0xDA, 0x34,
  // "ĵ" (U+0135), RLE, 27 bytes saved (27.3%)
  0x38, 0x24, 0x77, 0x24, 0x02, 0x0E, 0xA0, 0xC3, 0x85, 0x1D, 0xF6, 0xAF, 0xA2, 0x81, 0xCD, 0x42,
  0x81, 0x7F, 0x97, 0x50, 0x2A, 0x02, 0x50, 0x2A, 0x02, 0x50, 0x2A, 0x02, 0x50, 0x2A, 0x02, 0x50,
  0x2A, 0x02, 0x50, 0x2A, 0x02, 0x50, 0x2A, 0x02, 0x50, 0x2A, 0x02, 0x50, 0x2A, 0x02, 0x50, 0x2A,
  0x02, 0x50, 0x2A, 0x02, 0x50, 0x2A, 0x02, 0x50, 0x2A, 0x02, 0x50, 0x3A, 0x01, 0x50, 0x8A, 0x38,
  0x14, 0xEE, 0xA0, 0x93, 0x83, 0x3E, 0xFE, 0x94,
  // "Ķ" (U+0136), RLE, 23 bytes saved (18.3%)
  0x81, 0xEF, 0x75, 0x06, 0xA8, 0x24, 0xEF, 0x74, 0x04, 0xA8, 0x37, 0x0E, 0xF7, 0x38, 0x22, 0xEF,
  0x92, 0x81, 0xEF, 0x72, 0x82, 0x1D, 0xFB, 0x38, 0x1E, 0xF7, 0x28, 0x2B, 0xFD, 0x13, 0x86, 0xEF,
  0x70, 0x9F, 0xE2, 0x48, 0x2E, 0xF7, 0x6A, 0x03, 0x58, 0x1E, 0xFB, 0xA0, 0xE0, 0x15, 0x0E, 0xA0,
  0xEA, 0x0B, 0x58, 0x3E, 0xFD, 0x26, 0xA0, 0x64, 0x81, 0xEF, 0x72, 0x82, 0xBF, 0xE2, 0x38, 0x1E,
  0xF7, 0x28, 0x21, 0xEF, 0xC3, 0x81, 0xEF, 0x73, 0x04, 0xA0, 0x72, 0x81, 0xEF, 0x74, 0x09, 0xA8,
  0x33, 0x0E, 0xF7, 0x58, 0x5D, 0xFC, 0x0E, 0xF7, 0x50, 0x3A, 0x08, 0x77, 0x77, 0x81, 0x6F, 0xB7,
  0x28, 0x1A, 0xF3, 0x71, 0x81, 0x1F, 0x86,
  // "ķ" (U+0137), RLE, 26 bytes saved (22.4%)
  0x02, 0xA0, 0x27, 0x02, 0xA0, 0x27, 0x02, 0xA0, 0x27, 0x02, 0xA0, 0x27, 0x02, 0xA0, 0x23, 0x04,
  0xA0, 0x60, 0x2A, 0x02, 0x20, 0x3A, 0x81, 0x70, 0x2A, 0x84, 0x20, 0x3E, 0xF8, 0x20, 0x2A, 0x83,
  0x22, 0xEF, 0x93, 0x02, 0xA8, 0x22, 0xDF, 0xA4, 0x02, 0xA0, 0xBA, 0x05, 0x40, 0x2B, 0x82, 0xDF,
  0xE2, 0x30, 0x2A, 0x83, 0x80, 0xDF, 0xC3, 0x02, 0xA8, 0x12, 0x02, 0xA0, 0x82, 0x02, 0xA0, 0x22,
  0x06, 0xA8, 0x14, 0x02, 0xA0, 0x23, 0x83, 0xAF, 0xE1, 0x2A, 0x02, 0x38, 0x21, 0xDF, 0xC7, 0x77,
  0x58, 0x1A, 0xF8, 0x71, 0x81, 0xEE, 0x17, 0x81, 0x4F, 0x45,
  // "ĸ" (U+0138), uncompressed
  0x2F, 0xF3, 0x00, 0x04, 0xFF, 0x62, 0xFF, 0x30, 0x02, 0xEF, 0x80, 0x2F, 0xF3, 0x01, 0xDF, 0xA0,
  0x02, 0xFF, 0x30, 0xBF, 0xC0, 0x00, 0x2F, 0xF2, 0x9F, 0xD1, 0x00, 0x02, 0xFF, 0x8F, 0xF7, 0x00,
  0x00, 0x2F, 0xFF, 0xFF, 0xE2, 0x00, 0x02, 0xFF, 0xB1, 0xCF, 0xC0, 0x00, 0x2F, 0xF3, 0x02, 0xEF,
  0x90, 0x02, 0xFF, 0x30, 0x05, 0xFF, 0x50, 0x2F, 0xF3, 0x00, 0x0A, 0xFE, 0x12, 0xFF, 0x30, 0x00,
  0x0D, 0xFC,
  // "Ĺ" (U+0139), RLE, 42 bytes saved (40.0%)
  0x28, 0x17, 0x76, 0x68, 0x27, 0xFE, 0x35, 0x82, 0x3F, 0xE3, 0x68, 0x1D, 0xD2, 0x77, 0x38, 0x1E,
  0xF7, 0x78, 0x1E, 0xF7, 0x78, 0x1E, 0xF7, 0x78, 0x1E, 0xF7, 0x78, 0x1E, 0xF7, 0x78, 0x1E, 0xF7,
  0x78, 0x1E, 0xF7, 0x78, 0x1E, 0xF7, 0x78, 0x1E, 0xF7, 0x78, 0x1E, 0xF7, 0x78, 0x1E, 0xF7, 0x78,
  0x1E, 0xF7, 0x78, 0x1E, 0xF7, 0x78, 0x1E, 0xF7, 0x70, 0xEF, 0x90, 0x20, 0xEF, 0x90, 0x20,
  // "ĺ" (U+013A), RLE, 5 bytes saved (7.6%)
  0x38, 0x17, 0x76, 0x28, 0x77, 0xFE, 0x30, 0x3F, 0xE3, 0x28, 0x1D, 0xD2, 0x77, 0x02, 0xA0, 0x22,
  0x02, 0xA0, 0x22, 0x02, 0xA0, 0x22, 0x02, 0xA0, 0x22, 0x02, 0xA0, 0x22, 0x02, 0xA0, 0x22, 0x02,
  0xA0, 0x22, 0x02, 0xA0, 0x22, 0x02, 0xA0, 0x22, 0x02, 0xA0, 0x22, 0x02, 0xA0, 0x22, 0x02, 0xA0,
  0x22, 0x02, 0xA0, 0x22, 0x02, 0xA0, 0x22, 0x02, 0xA0, 0x22, 0x02, 0xA0, 0x22,
  // "Ļ" (U+013B), RLE, 46 bytes saved (43.8%)
  0x81, 0xEF, 0x77, 0x81, 0xEF, 0x77, 0x81, 0xEF, 0x77, 0x81, 0xEF, 0x77, 0x81, 0xEF, 0x77, 0x81,
  0xEF, 0x77, 0x81, 0xEF, 0x77, 0x81, 0xEF, 0x77, 0x81, 0xEF, 0x77, 0x81, 0xEF, 0x77, 0x81, 0xEF,
  0x77, 0x81, 0xEF, 0x77, 0x81, 0xEF, 0x77, 0x81, 0xEF, 0x77, 0x0E, 0xF9, 0x02, 0x0E, 0xF9, 0x02,
  0x77, 0x72, 0x82, 0x2F, 0xE1, 0x68, 0x16, 0xF7, 0x70, 0xB0, 0xC5,
  // "ļ" (U+013C), RLE, 1 byte saved (2.4%)
  0x02, 0xA0, 0x02, 0xA0, 0x02, 0xA0, 0x02, 0xA0, 0x02, 0xA0, 0x02, 0xA0, 0x02, 0xA0, 0x02, 0xA0,
  0x02, 0xA0, 0x02, 0xA0, 0x02, 0xA0, 0x02, 0xA0, 0x02, 0xA0, 0x02, 0xA0, 0x02, 0xA0, 0x02, 0xA0,
  0x27, 0x28, 0x90, 0xCF, 0x51, 0xFC, 0x06, 0xE2, 0x10,
  // "Ľ" (U+013D), RLE, 24 bytes saved (30.0%)
  0x81, 0xEF, 0x74, 0x84, 0xEF, 0x4E, 0xF7, 0x38, 0x51, 0xFD, 0x0E, 0xF7, 0x38, 0x54, 0xF7, 0x0E,
  0xF7, 0x30, 0x80, 0xE2, 0x81, 0xEF, 0x77, 0x81, 0xEF, 0x77, 0x81, 0xEF, 0x77, 0x81, 0xEF, 0x77,
  0x81, 0xEF, 0x77, 0x81, 0xEF, 0x77, 0x81, 0xEF, 0x77, 0x81, 0xEF, 0x77, 0x81, 0xEF, 0x77, 0x81,
  0xEF, 0x77, 0x0E, 0xF9, 0x02, 0x0E, 0xF9, 0x02,
  // "ľ" (U+013E), RLE, 5 bytes saved (8.9%)
  0x02, 0xA8, 0x32, 0x6F, 0xC2, 0xA8, 0x32, 0x9F, 0x42, 0xA8, 0x32, 0xDA, 0x02, 0xA0, 0x23, 0x02,
  0xA0, 0x23, 0x02, 0xA0, 0x23, 0x02, 0xA0, 0x23, 0x02, 0xA0, 0x23, 0x02, 0xA0, 0x23, 0x02, 0xA0,
  0x23, 0x02, 0xA0, 0x23, 0x02, 0xA0, 0x23, 0x02, 0xA0, 0x23, 0x02, 0xA0, 0x23, 0x02, 0xA0, 0x23,
  0x02, 0xA0, 0x23,
  // "Ŀ" (U+013F), RLE, 25 bytes saved (31.3%)
  0x81, 0xEF, 0x77, 0x81, 0xEF, 0x77, 0x81, 0xEF, 0x77, 0x81, 0xEF, 0x77, 0x81, 0xEF, 0x77, 0x81,
  0xEF, 0x77, 0x81, 0xEF, 0x73, 0x85, 0x9B, 0x20, 0xEF, 0x72, 0x01, 0xA8, 0x37, 0x0E, 0xF7, 0x38,
  0x5B, 0xE3, 0x0E, 0xF7, 0x78, 0x1E, 0xF7, 0x78, 0x1E, 0xF7, 0x78, 0x1E, 0xF7, 0x78, 0x1E, 0xF7,
  0x70, 0xEF, 0x90, 0x20, 0xEF, 0x90, 0x20,
  // "ŀ" (U+0140), RLE, 5 bytes saved (8.9%)
  0x02, 0xA0, 0x23, 0x02, 0xA0, 0x23, 0x02, 0xA0, 0x23, 0x02, 0xA0, 0x23, 0x02, 0xA0, 0x23, 0x02,
  0xA0, 0x23, 0x02, 0xA8, 0x32, 0x9B, 0x22, 0xA0, 0x3A, 0x07, 0x02, 0xA8, 0x32, 0xBE, 0x32, 0xA0,
  0x23, 0x02, 0xA0, 0x23, 0x02, 0xA0, 0x23, 0x02, 0xA0, 0x23, 0x02, 0xA0, 0x23, 0x02, 0xA0, 0x23,
  0x02, 0xA0, 0x23,
  // "Ł" (U+0141), RLE, 36 bytes saved (37.5%)
  0x28, 0x1E, 0xF7, 0x72, 0x81, 0xEF, 0x77, 0x28, 0x1E, 0xF7, 0x72, 0x81, 0xEF, 0x77, 0x28, 0x1E,
  0xF7, 0x72, 0x84, 0xEF, 0x70, 0x31, 0x68, 0x4E, 0xF8, 0x9F, 0x96, 0x0E, 0xB0, 0xD0, 0x55, 0x02,
  0x0E, 0xA0, 0x86, 0x07, 0xB0, 0x77, 0x83, 0x4D, 0xEF, 0x77, 0x28, 0x1E, 0xF7, 0x72, 0x81, 0xEF,
  0x77, 0x28, 0x1E, 0xF7, 0x72, 0x0E, 0xF9, 0x02, 0x20, 0xEF, 0x90, 0x20,
  // "ł" (U+0142), RLE, 11 bytes saved (22.9%)
  0x10, 0x4A, 0x30, 0x4A, 0x30, 0x4A, 0x30, 0x4A, 0x30, 0x4A, 0x30, 0x4A, 0x30, 0x4A, 0x82, 0x56,
  0x04, 0xB8, 0x1E, 0x09, 0xA8, 0x1A, 0x1D, 0xB2, 0x08, 0x0A, 0xA3, 0x04, 0xA3, 0x04, 0xA3, 0x04,
  0xA3, 0x04, 0xA3, 0x04, 0xA2,
  // "Ń" (U+0143), RLE, 27 bytes saved (19.7%)
  0x78, 0x17, 0x76, 0x72, 0x82, 0x7F, 0xE3, 0x71, 0x82, 0x3F, 0xE3, 0x72, 0x81, 0xDD, 0x27, 0x74,
  0x0E, 0xA0, 0x46, 0x03, 0xA0, 0xEA, 0x0D, 0x60, 0x3A, 0x0E, 0xB0, 0x85, 0x03, 0xA8, 0x1E, 0xFB,
  0xA0, 0x24, 0x03, 0xA8, 0x4E, 0xF3, 0xEF, 0xB4, 0x03, 0xA8, 0x2E, 0xF2, 0x6A, 0x06, 0x30, 0x3A,
  0x86, 0xEF, 0x30, 0xCF, 0xE1, 0x20, 0x3A, 0x83, 0xEF, 0x30, 0x2A, 0x0A, 0x20, 0x3A, 0x81, 0xEF,
  0x32, 0x08, 0xA8, 0x14, 0x03, 0xA8, 0x1E, 0xF3, 0x38, 0x3D, 0xFD, 0x03, 0xA8, 0x1E, 0xF3, 0x30,
  0x4A, 0x08, 0x02, 0xA8, 0x1E, 0xF3, 0x40, 0xAA, 0x04, 0xA8, 0x1E, 0xF3, 0x48, 0x21, 0xEF, 0xDA,
  0x81, 0xEF, 0x35, 0x07, 0xC8, 0x1E, 0xF3, 0x60, 0xCB, 0x81, 0xEF, 0x36, 0x03, 0xB0,
  // "ń" (U+0144), RLE, 18 bytes saved (17.6%)
  0x78, 0x17, 0x76, 0x71, 0x82, 0x7F, 0xE3, 0x78, 0x23, 0xFE, 0x37, 0x18, 0x1D, 0xD2, 0x77, 0x28,
  0x90, 0x2F, 0xB0, 0x6C, 0xEE, 0xB4, 0x28, 0x22, 0xFE, 0x9A, 0x0E, 0xB8, 0x15, 0x02, 0xB0, 0x52,
  0x84, 0x2D, 0xFC, 0x02, 0xA0, 0x94, 0x06, 0xA1, 0x02, 0xA0, 0x44, 0x03, 0xA0, 0x10, 0x2A, 0x03,
  0x40, 0x3A, 0x01, 0x02, 0xA0, 0x24, 0x03, 0xA0, 0x10, 0x2A, 0x02, 0x40, 0x3A, 0x01, 0x02, 0xA0,
  0x24, 0x03, 0xA0, 0x10, 0x2A, 0x02, 0x40, 0x3A, 0x01, 0x02, 0xA0, 0x24, 0x03, 0xA0, 0x10, 0x2A,
  0x02, 0x40, 0x3A, 0x01,
  // "Ņ" (U+0145), RLE, 31 bytes saved (22.6%)
  0x0E, 0xA0, 0x46, 0x03, 0xA0, 0xEA, 0x0D, 0x60, 0x3A, 0x0E, 0xB0, 0x85, 0x03, 0xA8, 0x1E, 0xFB,
  0xA0, 0x24, 0x03, 0xA8, 0x4E, 0xF3, 0xEF, 0xB4, 0x03, 0xA8, 0x2E, 0xF2, 0x6A, 0x06, 0x30, 0x3A,
  0x86, 0xEF, 0x30, 0xCF, 0xE1, 0x20, 0x3A, 0x83, 0xEF, 0x30, 0x2A, 0x0A, 0x20, 0x3A, 0x81, 0xEF,
  0x32, 0x08, 0xA8, 0x14, 0x03, 0xA8, 0x1E, 0xF3, 0x38, 0x3D, 0xFD, 0x03, 0xA8, 0x1E, 0xF3, 0x30,
  0x4A, 0x08, 0x02, 0xA8, 0x1E, 0xF3, 0x40, 0xAA, 0x04, 0xA8, 0x1E, 0xF3, 0x48, 0x21, 0xEF, 0xDA,
  0x81, 0xEF, 0x35, 0x07, 0xC8, 0x1E, 0xF3, 0x60, 0xCB, 0x81, 0xEF, 0x36, 0x03, 0xB7, 0x77, 0x73,
  0x81, 0x4F, 0xE7, 0x38, 0x18, 0xF5, 0x73, 0x0D, 0x0A, 0x60,
  // "ņ" (U+0146), RLE, 21 bytes saved (20.6%)
  0x89, 0x02, 0xFB, 0x06, 0xCE, 0xEB, 0x42, 0x82, 0x2F, 0xE9, 0xA0, 0xEB, 0x81, 0x50, 0x2B, 0x05,
  0x28, 0x42, 0xDF, 0xC0, 0x2A, 0x09, 0x40, 0x6A, 0x10, 0x2A, 0x04, 0x40, 0x3A, 0x01, 0x02, 0xA0,
  0x34, 0x03, 0xA0, 0x10, 0x2A, 0x02, 0x40, 0x3A, 0x01, 0x02, 0xA0, 0x24, 0x03, 0xA0, 0x10, 0x2A,
  0x02, 0x40, 0x3A, 0x01, 0x02, 0xA0, 0x24, 0x03, 0xA0, 0x10, 0x2A, 0x02, 0x40, 0x3A, 0x01, 0x02,
  0xA0, 0x24, 0x03, 0xA0, 0x17, 0x77, 0x71, 0x81, 0xDF, 0x47, 0x18, 0x12, 0xFB, 0x72, 0x81, 0x7E,
  0x25,
  // "Ň" (U+0147), RLE, 23 bytes saved (16.8%)
  0x30, 0x70, 0x64, 0x07, 0x06, 0x58, 0x67, 0xFB, 0x02, 0xDE, 0x36, 0x84, 0x8F, 0xCE, 0xF4, 0x71,
  0x0B, 0xA0, 0x77, 0x73, 0x0E, 0xA0, 0x46, 0x03, 0xA0, 0xEA, 0x0D, 0x60, 0x3A, 0x0E, 0xB0, 0x85,
  0x03, 0xA8, 0x1E, 0xFB, 0xA0, 0x24, 0x03, 0xA8, 0x4E, 0xF3, 0xEF, 0xB4, 0x03, 0xA8, 0x2E, 0xF2,
  0x6A, 0x06, 0x30, 0x3A, 0x86, 0xEF, 0x30, 0xCF, 0xE1, 0x20, 0x3A, 0x83, 0xEF, 0x30, 0x2A, 0x0A,
  0x20, 0x3A, 0x81, 0xEF, 0x32, 0x08, 0xA8, 0x14, 0x03, 0xA8, 0x1E, 0xF3, 0x38, 0x3D, 0xFD, 0x03,
  0xA8, 0x1E, 0xF3, 0x30, 0x4A, 0x08, 0x02, 0xA8, 0x1E, 0xF3, 0x40, 0xAA, 0x04, 0xA8, 0x1E, 0xF3,
  0x48, 0x21, 0xEF, 0xDA, 0x81, 0xEF, 0x35, 0x07, 0xC8, 0x1E, 0xF3, 0x60, 0xCB, 0x81, 0xEF, 0x36,
  0x03, 0xB0,
  // "ň" (U+0148), RLE, 14 bytes saved (13.7%)
  0x20, 0x70, 0x64, 0x07, 0x06, 0x48, 0x67, 0xFB, 0x02, 0xDE, 0x35, 0x84, 0x8F, 0xCE, 0xF4, 0x70,
  0xBA, 0x07, 0x77, 0x28, 0x90, 0x2F, 0xB0, 0x6C, 0xEE, 0xB4, 0x28, 0x22, 0xFE, 0x9A, 0x0E, 0xB8,
  0x15, 0x02, 0xB0, 0x52, 0x84, 0x2D, 0xFC, 0x02, 0xA0, 0x94, 0x06, 0xA1, 0x02, 0xA0, 0x44, 0x03,
  0xA0, 0x10, 0x2A, 0x03, 0x40, 0x3A, 0x01, 0x02, 0xA0, 0x24, 0x03, 0xA0, 0x10, 0x2A, 0x02, 0x40,
  0x3A, 0x01, 0x02, 0xA0, 0x24, 0x03, 0xA0, 0x10, 0x2A, 0x02, 0x40, 0x3A, 0x01, 0x02, 0xA0, 0x24,
  0x03, 0xA0, 0x10, 0x2A, 0x02, 0x40, 0x3A, 0x01,
  // "ŉ" (U+0149), RLE, 31 bytes saved (25.8%)
  0x18, 0x1B, 0xFB, 0x75, 0x81, 0xEF, 0x67, 0x40, 0x2A, 0x01, 0x74, 0x81, 0x5F, 0x97, 0x58, 0x93,
  0x9F, 0x22, 0xFB, 0x06, 0xCE, 0xEB, 0x45, 0x82, 0x2F, 0xE9, 0xA0, 0xEB, 0x05, 0x40, 0x2B, 0x05,
  0x28, 0x22, 0xDF, 0xC4, 0x02, 0xA0, 0x94, 0x06, 0xA4, 0x02, 0xA0, 0x44, 0x03, 0xA0, 0x13, 0x02,
  0xA0, 0x34, 0x03, 0xA0, 0x13, 0x02, 0xA0, 0x24, 0x03, 0xA0, 0x13, 0x02, 0xA0, 0x24, 0x03, 0xA0,
  0x13, 0x02, 0xA0, 0x24, 0x03, 0xA0, 0x13, 0x02, 0xA0, 0x24, 0x03, 0xA0, 0x13, 0x02, 0xA0, 0x24,
  0x03, 0xA0, 0x13, 0x02, 0xA0, 0x24, 0x03, 0xA0, 0x10,
  // "Ŋ" (U+014A), RLE, 19 bytes saved (14.6%)
  0x0E, 0xA0, 0x46, 0x03, 0xA0, 0xEA, 0x0D, 0x01, 0x50, 0x3A, 0x0E, 0xB0, 0x95, 0x03, 0xA8, 0x1E,
  0xFC, 0xA0, 0x44, 0x03, 0xA8, 0x5E, 0xF3, 0xEF, 0xE1, 0x30, 0x3A, 0x82, 0xEF, 0x25, 0xA0, 0xA3,
  0x03, 0xA8, 0x3E, 0xF3, 0x0A, 0xA0, 0x52, 0x03, 0xA8, 0x91, 0xEF, 0x30, 0x1E, 0xFE, 0x10, 0x3A,
  0x81, 0xEF, 0x32, 0x04, 0xA8, 0x1A, 0x03, 0xA8, 0x1E, 0xF3, 0x30, 0x9A, 0x05, 0x02, 0xA8, 0x1E,
  0xF3, 0x48, 0x2D, 0xFE, 0x3A, 0x81, 0xEF, 0x34, 0x03, 0xA0, 0xCA, 0x81, 0xEF, 0x35, 0x08, 0xC8,
  0x1E, 0xF3, 0x60, 0xDB, 0x81, 0xEF, 0x36, 0x03, 0xB8, 0x1E, 0xF3, 0x70, 0x7A, 0x73, 0x81, 0x4F,
  0xE7, 0x28, 0x21, 0xBF, 0xA6, 0x81, 0x3F, 0xEA, 0x0E, 0x02, 0x68, 0x42, 0xEF, 0xEA, 0x21,
  // "ŋ" (U+014B), RLE, 16 bytes saved (15.7%)
  0x89, 0x02, 0xFB, 0x06, 0xCE, 0xEB, 0x52, 0x82, 0x2F, 0xE9, 0xA0, 0xEB, 0x81, 0x60, 0x2B, 0x06,
  0x28, 0x42, 0xDF, 0xD0, 0x2A, 0x09, 0x40, 0x5A, 0x01, 0x02, 0xA0, 0x44, 0x03, 0xA0, 0x10, 0x2A,
  0x03, 0x40, 0x3A, 0x01, 0x02, 0xA0, 0x24, 0x03, 0xA0, 0x10, 0x2A, 0x02, 0x40, 0x3A, 0x01, 0x02,
  0xA0, 0x24, 0x03, 0xA0, 0x10, 0x2A, 0x02, 0x40, 0x3A, 0x01, 0x02, 0xA0, 0x24, 0x03, 0xA0, 0x10,
  0x2A, 0x02, 0x40, 0x3A, 0x01, 0x71, 0x03, 0xA0, 0x17, 0x10, 0x3A, 0x01, 0x71, 0x08, 0xA7, 0x00,
  0xEA, 0x09, 0x78, 0x2C, 0xFD, 0x92,
  // "Ō" (U+014C), RLE, 39 bytes saved (27.3%)
  0x30, 0x18, 0x02, 0xE0, 0x97, 0x01, 0xE0, 0x97, 0x77, 0x28, 0x65, 0xBD, 0xFE, 0xC7, 0x15, 0x02,
  0x0D, 0xB0, 0xEB, 0x0E, 0x05, 0x38, 0x31, 0xEF, 0xD5, 0x30, 0x30, 0xBA, 0x04, 0x28, 0x2A, 0xFE,
  0x16, 0x83, 0xBF, 0xD0, 0x1A, 0x07, 0x70, 0x3A, 0x05, 0x06, 0xA0, 0x17, 0x18, 0x4D, 0xFA, 0x8F,
  0xE7, 0x28, 0x4A, 0xFC, 0xAF, 0xD7, 0x28, 0x49, 0xFE, 0x9F, 0xD7, 0x28, 0x49, 0xFE, 0x8F, 0xE7,
  0x28, 0x2A, 0xFC, 0x6A, 0x02, 0x71, 0x82, 0xDF, 0xA1, 0xA0, 0x77, 0x03, 0xA8, 0x45, 0x0A, 0xFE,
  0x26, 0x81, 0xBF, 0xD2, 0x83, 0x1E, 0xFD, 0x53, 0x03, 0x0B, 0xA0, 0x43, 0x02, 0x0D, 0xB0, 0xEB,
  0x0E, 0x05, 0x68, 0x66, 0xBD, 0xFE, 0xC7, 0x13,
  // "ō" (U+014D), RLE, 15 bytes saved (16.7%)
  0x10, 0x18, 0x02, 0xE0, 0x94, 0x01, 0xE0, 0x97, 0x73, 0x85, 0x29, 0xDF, 0xEB, 0x44, 0x04, 0x0E,
  0xA0, 0xEB, 0x09, 0x28, 0x31, 0xEF, 0xB1, 0x20, 0x6A, 0x81, 0x50, 0x7A, 0x01, 0x48, 0x5A, 0xFD,
  0x0B, 0xFB, 0x50, 0x4A, 0x82, 0x1C, 0xF9, 0x50, 0x2A, 0x82, 0x3C, 0xF9, 0x50, 0x2A, 0x82, 0x3A,
  0xFB, 0x50, 0x4A, 0x02, 0x06, 0xA0, 0x14, 0x81, 0xAF, 0xD2, 0x82, 0xDF, 0xB1, 0x20, 0x6A, 0x06,
  0x20, 0x30, 0xEA, 0x0E, 0xB0, 0x94, 0x85, 0x18, 0xDF, 0xEB, 0x53,
  // "Ŏ" (U+014E), RLE, 39 bytes saved (26.0%)
  0x49, 0x08, 0x38, 0x18, 0xF1, 0x70, 0x9A, 0x0E, 0xA0, 0x97, 0x28, 0x38, 0xDF, 0xD7, 0x77, 0x73,
  0x86, 0x5B, 0xDF, 0xEC, 0x71, 0x50, 0x20, 0xDB, 0x0E, 0xB0, 0xE0, 0x53, 0x83, 0x1E, 0xFD, 0x53,
  0x03, 0x0B, 0xA0, 0x42, 0x82, 0xAF, 0xE1, 0x68, 0x3B, 0xFD, 0x01, 0xA0, 0x77, 0x03, 0xA0, 0x50,
  0x6A, 0x01, 0x71, 0x84, 0xDF, 0xA8, 0xFE, 0x72, 0x84, 0xAF, 0xCA, 0xFD, 0x72, 0x84, 0x9F, 0xE9,
  0xFD, 0x72, 0x84, 0x9F, 0xE8, 0xFE, 0x72, 0x82, 0xAF, 0xC6, 0xA0, 0x27, 0x18, 0x2D, 0xFA, 0x1A,
  0x07, 0x70, 0x3A, 0x84, 0x50, 0xAF, 0xE2, 0x68, 0x1B, 0xFD, 0x28, 0x31, 0xEF, 0xD5, 0x30, 0x30,
  0xBA, 0x04, 0x30, 0x20, 0xDB, 0x0E, 0xB0, 0xE0, 0x56, 0x86, 0x6B, 0xDF, 0xEC, 0x71, 0x30,
  // "ŏ" (U+014F), RLE, 15 bytes saved (15.6%)
  0x29, 0x08, 0x38, 0x18, 0xF1, 0x40, 0x9A, 0x0E, 0xA0, 0x96, 0x83, 0x8D, 0xFD, 0x77, 0x74, 0x85,
  0x29, 0xDF, 0xEB, 0x44, 0x04, 0x0E, 0xA0, 0xEB, 0x09, 0x28, 0x31, 0xEF, 0xB1, 0x20, 0x6A, 0x81,
  0x50, 0x7A, 0x01, 0x48, 0x5A, 0xFD, 0x0B, 0xFB, 0x50, 0x4A, 0x82, 0x1C, 0xF9, 0x50, 0x2A, 0x82,
  0x3C, 0xF9, 0x50, 0x2A, 0x82, 0x3A, 0xFB, 0x50, 0x4A, 0x02, 0x06, 0xA0, 0x14, 0x81, 0xAF, 0xD2,
  0x82, 0xDF, 0xB1, 0x20, 0x6A, 0x06, 0x20, 0x30, 0xEA, 0x0E, 0xB0, 0x94, 0x85, 0x18, 0xDF, 0xEB,
  0x53,
  // "Ő" (U+0150), RLE, 40 bytes saved (25.3%)
  0x60, 0x6A, 0x02, 0x06, 0xA0, 0x27, 0x85, 0xDF, 0x60, 0xDF, 0x67, 0x85, 0x6F, 0x90, 0x6F, 0x97,
  0x10, 0xE0, 0xA2, 0x0E, 0x0A, 0x77, 0x72, 0x86, 0x5B, 0xDF, 0xEC, 0x71, 0x50, 0x20, 0xDB, 0x0E,
  0xB0, 0xE0, 0x53, 0x83, 0x1E, 0xFD, 0x53, 0x03, 0x0B, 0xA0, 0x42, 0x82, 0xAF, 0xE1, 0x68, 0x3B,
  0xFD, 0x01, 0xA0, 0x77, 0x03, 0xA0, 0x50, 0x6A, 0x01, 0x71, 0x84, 0xDF, 0xA8, 0xFE, 0x72, 0x84,
  0xAF, 0xCA, 0xFD, 0x72, 0x84, 0x9F, 0xE9, 0xFD, 0x72, 0x84, 0x9F, 0xE8, 0xFE, 0x72, 0x82, 0xAF,
  0xC6, 0xA0, 0x27, 0x18, 0x2D, 0xFA, 0x1A, 0x07, 0x70, 0x3A, 0x84, 0x50, 0xAF, 0xE2, 0x68, 0x1B,
  0xFD, 0x28, 0x31, 0xEF, 0xD5, 0x30, 0x30, 0xBA, 0x04, 0x30, 0x20, 0xDB, 0x0E, 0xB0, 0xE0, 0x56,
  0x86, 0x6B, 0xDF, 0xEC, 0x71, 0x30,
  // "ő" (U+0151), RLE, 14 bytes saved (13.7%)
  0x40, 0x6A, 0x02, 0x06, 0xA0, 0x24, 0x85, 0xDF, 0x60, 0xDF, 0x64, 0x85, 0x6F, 0x90, 0x6F, 0x95,
  0x0E, 0x0A, 0x20, 0xE0, 0xA7, 0x73, 0x85, 0x29, 0xDF, 0xEB, 0x44, 0x04, 0x0E, 0xA0, 0xEB, 0x09,
  0x28, 0x31, 0xEF, 0xB1, 0x20, 0x6A, 0x81, 0x50, 0x7A, 0x01, 0x48, 0x5A, 0xFD, 0x0B, 0xFB, 0x50,
  0x4A, 0x82, 0x1C, 0xF9, 0x50, 0x2A, 0x82, 0x3C, 0xF9, 0x50, 0x2A, 0x82, 0x3A, 0xFB, 0x50, 0x4A,
  0x02, 0x06, 0xA0, 0x14, 0x81, 0xAF, 0xD2, 0x82, 0xDF, 0xB1, 0x20, 0x6A, 0x06, 0x20, 0x30, 0xEA,
  0x0E, 0xB0, 0x94, 0x85, 0x18, 0xDF, 0xEB, 0x53,
  // "Œ" (U+0152), RLE, 50 bytes saved (32.9%)
  0x48, 0x16, 0xBD, 0xFC, 0x06, 0x20, 0x30, 0xEB, 0x00, 0xEB, 0x80, 0x2E, 0x85, 0x50, 0x2E, 0xFD,
  0x53, 0x03, 0xA0, 0x27, 0x82, 0xBF, 0xE1, 0x40, 0x3A, 0x02, 0x60, 0x2A, 0x06, 0x50, 0x3A, 0x02,
  0x60, 0x6A, 0x01, 0x50, 0x3A, 0x02, 0x68, 0x18, 0xFD, 0x60, 0x3A, 0x02, 0x68, 0x1A, 0xFC, 0x60,
  0x3F, 0x91, 0x81, 0xAF, 0xC6, 0x03, 0xA8, 0x01, 0xE8, 0x3D, 0x08, 0xFD, 0x60, 0x3A, 0x02, 0x60,
  0x6A, 0x01, 0x50, 0x3A, 0x02, 0x60, 0x1A, 0x06, 0x50, 0x3A, 0x02, 0x78, 0x2B, 0xFE, 0x14, 0x03,
  0xA0, 0x27, 0x83, 0x2E, 0xFD, 0x43, 0x03, 0xA0, 0x27, 0x10, 0x30, 0xEB, 0x00, 0xEB, 0x80, 0x2E,
  0x05, 0x48, 0x16, 0xBD, 0xFC, 0x06,
  // "œ" (U+0153), RLE, 16 bytes saved (14.0%)
  0x28, 0x52, 0x9D, 0xFD, 0x92, 0x28, 0x45, 0xBE, 0xEB, 0x53, 0x05, 0xB0, 0xEA, 0x81, 0xE3, 0x7E,
  0x85, 0x80, 0x1E, 0xFA, 0x12, 0x84, 0x8F, 0xEF, 0xE5, 0x20, 0x6A, 0x82, 0x37, 0xFE, 0x50, 0xBA,
  0x07, 0x48, 0x4B, 0xFA, 0xBF, 0xA5, 0x07, 0xA0, 0x34, 0x84, 0x7F, 0xDD, 0xF8, 0x50, 0x5F, 0xA8,
  0x2E, 0xCF, 0x95, 0x05, 0xA8, 0x03, 0xE8, 0x2D, 0xBF, 0xB5, 0x07, 0xA0, 0x27, 0x82, 0x6F, 0xE1,
  0x40, 0xCA, 0x07, 0x78, 0x31, 0xEF, 0xA1, 0x20, 0x8B, 0x0E, 0x06, 0x38, 0x41, 0x53, 0x03, 0xEA,
  0x0E, 0xB0, 0x50, 0x7B, 0x00, 0xEA, 0x05, 0x28, 0x52, 0x9D, 0xFE, 0xA3, 0x28, 0x64, 0xAE, 0xFE,
  0xC7, 0x10,
  // "Ŕ" (U+0154), RLE, 21 bytes saved (16.7%)
  0x68, 0x17, 0x76, 0x71, 0x82, 0x7F, 0xE3, 0x78, 0x23, 0xFE, 0x37, 0x18, 0x1D, 0xD2, 0x77, 0x30,
  0xEC, 0x82, 0xEC, 0x81, 0x30, 0xE9, 0x0F, 0xEB, 0x0E, 0x03, 0x28, 0x1E, 0xF7, 0x38, 0x25, 0xEF,
  0xD2, 0x81, 0xEF, 0x74, 0x05, 0xA8, 0x33, 0x0E, 0xF7, 0x40, 0x1A, 0x83, 0x50, 0xEF, 0x74, 0x02,
  0xA8, 0x35, 0x0E, 0xF7, 0x40, 0x7A, 0x83, 0x10, 0xEF, 0x72, 0x83, 0x27, 0xEF, 0x92, 0x0E, 0xF0,
  0x93, 0x0E, 0x90, 0xFE, 0xA0, 0x84, 0x81, 0xEF, 0x72, 0x82, 0x6F, 0xE1, 0x38, 0x1E, 0xF7, 0x38,
  0x1C, 0xFB, 0x38, 0x1E, 0xF7, 0x30, 0x3A, 0x06, 0x28, 0x1E, 0xF7, 0x48, 0x68, 0xFE, 0x10, 0xEF,
  0x75, 0x85, 0xDF, 0xB0, 0xEF, 0x75, 0x05, 0xA0, 0x50,
  // "ŕ" (U+0155), RLE, 13 bytes saved (19.1%)
  0x58, 0x17, 0x76, 0x48, 0x27, 0xFE, 0x33, 0x82, 0x3F, 0xE3, 0x48, 0x1D, 0xD2, 0x73, 0x89, 0x22,
  0xFB, 0x04, 0xCE, 0xD2, 0xFD, 0x6A, 0x81, 0xEC, 0x2B, 0x0A, 0x01, 0x20, 0x2A, 0x0B, 0x40, 0x2A,
  0x05, 0x40, 0x2A, 0x02, 0x40, 0x2A, 0x02, 0x40, 0x2A, 0x02, 0x40, 0x2A, 0x02, 0x40, 0x2A, 0x02,
  0x40, 0x2A, 0x02, 0x40, 0x2A, 0x02, 0x40,
  // "Ŗ" (U+0156), RLE, 25 bytes saved (19.8%)
  0x0E, 0xC8, 0x2E, 0xC8, 0x13, 0x0E, 0x90, 0xFE, 0xB0, 0xE0, 0x32, 0x81, 0xEF, 0x73, 0x82, 0x5E,
  0xFD, 0x28, 0x1E, 0xF7, 0x40, 0x5A, 0x83, 0x30, 0xEF, 0x74, 0x01, 0xA8, 0x35, 0x0E, 0xF7, 0x40,
  0x2A, 0x83, 0x50, 0xEF, 0x74, 0x07, 0xA8, 0x31, 0x0E, 0xF7, 0x28, 0x32, 0x7E, 0xF9, 0x20, 0xEF,
  0x09, 0x30, 0xE9, 0x0F, 0xEA, 0x08, 0x48, 0x1E, 0xF7, 0x28, 0x26, 0xFE, 0x13, 0x81, 0xEF, 0x73,
  0x81, 0xCF, 0xB3, 0x81, 0xEF, 0x73, 0x03, 0xA0, 0x62, 0x81, 0xEF, 0x74, 0x86, 0x8F, 0xE1, 0x0E,
  0xF7, 0x58, 0x5D, 0xFB, 0x0E, 0xF7, 0x50, 0x5A, 0x05, 0x77, 0x77, 0x81, 0x6F, 0xC7, 0x28, 0x1A,
  0xF4, 0x72, 0x0E, 0x08, 0x60,
  // "ŗ" (U+0157), RLE, 17 bytes saved (25.0%)
  0x89, 0x22, 0xFB, 0x04, 0xCE, 0xD2, 0xFD, 0x6A, 0x81, 0xEC, 0x2B, 0x0A, 0x01, 0x20, 0x2A, 0x0B,
  0x40, 0x2A, 0x05, 0x40, 0x2A, 0x02, 0x40, 0x2A, 0x02, 0x40, 0x2A, 0x02, 0x40, 0x2A, 0x02, 0x40,
  0x2A, 0x02, 0x40, 0x2A, 0x02, 0x40, 0x2A, 0x02, 0x77, 0x78, 0x1D, 0xF5, 0x48, 0x11, 0xFC, 0x58,
  0x16, 0xE2, 0x50,
  // "Ř" (U+0158), RLE, 17 bytes saved (13.5%)
  0x10, 0x70, 0x64, 0x07, 0x06, 0x48, 0x67, 0xFB, 0x02, 0xDE, 0x35, 0x84, 0x8F, 0xCE, 0xF4, 0x70,
  0xBA, 0x07, 0x77, 0x30, 0xEC, 0x82, 0xEC, 0x81, 0x30, 0xE9, 0x0F, 0xEB, 0x0E, 0x03, 0x28, 0x1E,
  0xF7, 0x38, 0x25, 0xEF, 0xD2, 0x81, 0xEF, 0x74, 0x05, 0xA8, 0x33, 0x0E, 0xF7, 0x40, 0x1A, 0x83,
  0x50, 0xEF, 0x74, 0x02, 0xA8, 0x35, 0x0E, 0xF7, 0x40, 0x7A, 0x83, 0x10, 0xEF, 0x72, 0x83, 0x27,
  0xEF, 0x92, 0x0E, 0xF0, 0x93, 0x0E, 0x90, 0xFE, 0xA0, 0x84, 0x81, 0xEF, 0x72, 0x82, 0x6F, 0xE1,
  0x38, 0x1E, 0xF7, 0x38, 0x1C, 0xFB, 0x38, 0x1E, 0xF7, 0x30, 0x3A, 0x06, 0x28, 0x1E, 0xF7, 0x48,
  0x68, 0xFE, 0x10, 0xEF, 0x75, 0x85, 0xDF, 0xB0, 0xEF, 0x75, 0x05, 0xA0, 0x50,
  // "ř" (U+0159), RLE, 17 bytes saved (22.1%)
  0x10, 0x70, 0x64, 0x89, 0x17, 0x60, 0x7F, 0xB0, 0x2D, 0xE3, 0x28, 0x48, 0xFC, 0xEF, 0x44, 0x0B,
  0xA0, 0x77, 0x48, 0x93, 0x2F, 0xB0, 0x4C, 0xED, 0x02, 0xFD, 0x6A, 0x82, 0xEC, 0x02, 0xB0, 0xA0,
  0x13, 0x02, 0xA0, 0xB5, 0x02, 0xA0, 0x55, 0x02, 0xA0, 0x25, 0x02, 0xA0, 0x25, 0x02, 0xA0, 0x25,
  0x02, 0xA0, 0x25, 0x02, 0xA0, 0x25, 0x02, 0xA0, 0x25, 0x02, 0xA0, 0x25,
  // "Ś" (U+015A), RLE, 33 bytes saved (28.4%)
  0x68, 0x17, 0x76, 0x78, 0x27, 0xFE, 0x36, 0x82, 0x3F, 0xE3, 0x78, 0x1D, 0xD2, 0x77, 0x38, 0x65,
  0xBE, 0xFD, 0xC8, 0x32, 0x0A, 0xB0, 0xEB, 0x81, 0x90, 0x5A, 0x06, 0x38, 0x53, 0x82, 0x0A, 0xFB,
  0x71, 0x81, 0xAF, 0xB7, 0x10, 0x7A, 0x04, 0x70, 0x10, 0xEA, 0x0A, 0x03, 0x60, 0x30, 0xDB, 0x0C,
  0x04, 0x60, 0x70, 0xDB, 0x0A, 0x70, 0x50, 0xDA, 0x09, 0x71, 0x81, 0xBF, 0xE7, 0x10, 0x4A, 0x01,
  0x70, 0x6A, 0x18, 0x1A, 0x62, 0x38, 0x44, 0xEF, 0x90, 0xEB, 0x0E, 0xB8, 0x91, 0xC1, 0x05, 0xAD,
  0xEF, 0xEB, 0x63,
  // "ś" (U+015B), RLE, 14 bytes saved (18.2%)
  0x58, 0x17, 0x76, 0x58, 0x27, 0xFE, 0x34, 0x82, 0x3F, 0xE3, 0x58, 0x1D, 0xD2, 0x76, 0x87, 0x4A,
  0xDF, 0xDB, 0x71, 0x6B, 0x0E, 0xB8, 0x23, 0xDF, 0xA3, 0x84, 0x48, 0x0D, 0xF7, 0x60, 0x8A, 0x09,
  0x02, 0x50, 0x8B, 0x0B, 0x05, 0x48, 0x11, 0x7D, 0xA0, 0xB6, 0x82, 0x5E, 0xF7, 0x68, 0x39, 0xFA,
  0x94, 0x38, 0x32, 0xDF, 0x8E, 0xA0, 0x0E, 0xA8, 0x90, 0xE1, 0x5B, 0xEF, 0xEC, 0x81, 0x10,
  // "Ŝ" (U+015C), RLE, 27 bytes saved (23.3%)
  0x38, 0x24, 0x77, 0x26, 0x02, 0x0E, 0xA0, 0xC5, 0x85, 0x1D, 0xF6, 0xAF, 0xA4, 0x81, 0xCD, 0x42,
  0x81, 0x7F, 0x97, 0x71, 0x86, 0x5B, 0xEF, 0xDC, 0x83, 0x20, 0xAB, 0x0E, 0xB8, 0x19, 0x05, 0xA0,
  0x63, 0x85, 0x38, 0x20, 0xAF, 0xB7, 0x18, 0x1A, 0xFB, 0x71, 0x07, 0xA0, 0x47, 0x01, 0x0E, 0xA0,
  0xA0, 0x36, 0x03, 0x0D, 0xB0, 0xC0, 0x46, 0x07, 0x0D, 0xB0, 0xA7, 0x05, 0x0D, 0xA0, 0x97, 0x18,
  0x1B, 0xFE, 0x71, 0x04, 0xA0, 0x17, 0x06, 0xA1, 0x81, 0xA6, 0x23, 0x84, 0x4E, 0xF9, 0x0E, 0xB0,
  0xEB, 0x89, 0x1C, 0x10, 0x5A, 0xDE, 0xFE, 0xB6, 0x30,
  // "ŝ" (U+015D), RLE, 9 bytes saved (11.7%)
  0x38, 0x24, 0x77, 0x24, 0x02, 0x0E, 0xA0, 0xC3, 0x85, 0x1D, 0xF6, 0xAF, 0xA2, 0x81, 0xCD, 0x42,
  0x81, 0x7F, 0x97, 0x38, 0x74, 0xAD, 0xFD, 0xB7, 0x16, 0xB0, 0xEB, 0x82, 0x3D, 0xFA, 0x38, 0x44,
  0x80, 0xDF, 0x76, 0x08, 0xA0, 0x90, 0x25, 0x08, 0xB0, 0xB0, 0x54, 0x81, 0x17, 0xDA, 0x0B, 0x68,
  0x25, 0xEF, 0x76, 0x83, 0x9F, 0xA9, 0x43, 0x83, 0x2D, 0xF8, 0xEA, 0x00, 0xEA, 0x89, 0x0E, 0x15,
  0xBE, 0xFE, 0xC8, 0x11,
  // "Ş" (U+015E), RLE, 31 bytes saved (25.6%)
  0x28, 0x65, 0xBE, 0xFD, 0xC8, 0x32, 0x0A, 0xB0, 0xEB, 0x81, 0x90, 0x5A, 0x06, 0x38, 0x53, 0x82,
  0x0A, 0xFB, 0x71, 0x81, 0xAF, 0xB7, 0x10, 0x7A, 0x04, 0x70, 0x10, 0xEA, 0x0A, 0x03, 0x60, 0x30,
  0xDB, 0x0C, 0x04, 0x60, 0x70, 0xDB, 0x0A, 0x70, 0x50, 0xDA, 0x09, 0x71, 0x81, 0xBF, 0xE7, 0x10,
  0x4A, 0x01, 0x70, 0x6A, 0x18, 0x1A, 0x62, 0x38, 0x44, 0xEF, 0x90, 0xEB, 0x0E, 0xB8, 0x91, 0xC1,
  0x05, 0xAD, 0xEF, 0xEB, 0x66, 0x05, 0x0A, 0x72, 0x81, 0xDE, 0x67, 0x18, 0x22, 0x9F, 0x76, 0x83,
  0x21, 0x7F, 0x86, 0x0D, 0xA0, 0xC0, 0x16, 0x81, 0x34, 0x26,
  // "ş" (U+015F), RLE, 12 bytes saved (14.8%)
  0x18, 0x74, 0xAD, 0xFD, 0xB7, 0x16, 0xB0, 0xEB, 0x82, 0x3D, 0xFA, 0x38, 0x44, 0x80, 0xDF, 0x76,
  0x08, 0xA0, 0x90, 0x25, 0x08, 0xB0, 0xB0, 0x54, 0x81, 0x17, 0xDA, 0x0B, 0x68, 0x25, 0xEF, 0x76,
  0x83, 0x9F, 0xA9, 0x43, 0x83, 0x2D, 0xF8, 0xEA, 0x00, 0xEA, 0x89, 0x0E, 0x15, 0xBE, 0xFE, 0xC8,
  0x14, 0x05, 0x0A, 0x78, 0x1D, 0xE6, 0x68, 0x22, 0x9F, 0x74, 0x83, 0x21, 0x7F, 0x84, 0x0D, 0xA0,
  0xC0, 0x14, 0x81, 0x34, 0x24,
  // "Š" (U+0160), RLE, 28 bytes saved (24.1%)
  0x10, 0x70, 0x64, 0x07, 0x06, 0x38, 0x67, 0xFB, 0x02, 0xDE, 0x34, 0x84, 0x8F, 0xCE, 0xF4, 0x60,
  0xBA, 0x07, 0x77, 0x38, 0x65, 0xBE, 0xFD, 0xC8, 0x32, 0x0A, 0xB0, 0xEB, 0x81, 0x90, 0x5A, 0x06,
  0x38, 0x53, 0x82, 0x0A, 0xFB, 0x71, 0x81, 0xAF, 0xB7, 0x10, 0x7A, 0x04, 0x70, 0x10, 0xEA, 0x0A,
  0x03, 0x60, 0x30, 0xDB, 0x0C, 0x04, 0x60, 0x70, 0xDB, 0x0A, 0x70, 0x50, 0xDA, 0x09, 0x71, 0x81,
  0xBF, 0xE7, 0x10, 0x4A, 0x01, 0x70, 0x6A, 0x18, 0x1A, 0x62, 0x38, 0x44, 0xEF, 0x90, 0xEB, 0x0E,
  0xB8, 0x91, 0xC1, 0x05, 0xAD, 0xEF, 0xEB, 0x63,
  // "š" (U+0161), RLE, 10 bytes saved (13.0%)
  0x07, 0x06, 0x48, 0x91, 0x76, 0x07, 0xFB, 0x02, 0xDE, 0x32, 0x84, 0x8F, 0xCE, 0xF4, 0x40, 0xBA,
  0x07, 0x76, 0x87, 0x4A, 0xDF, 0xDB, 0x71, 0x6B, 0x0E, 0xB8, 0x23, 0xDF, 0xA3, 0x84, 0x48, 0x0D,
  0xF7, 0x60, 0x8A, 0x09, 0x02, 0x50, 0x8B, 0x0B, 0x05, 0x48, 0x11, 0x7D, 0xA0, 0xB6, 0x82, 0x5E,
  0xF7, 0x68, 0x39, 0xFA, 0x94, 0x38, 0x32, 0xDF, 0x8E, 0xA0, 0x0E, 0xA8, 0x90, 0xE1, 0x5B, 0xEF,
  0xEC, 0x81, 0x10,
  // "Ţ" (U+0162), RLE, 75 bytes saved (52.4%)
  0x0B, 0xFC, 0x01, 0x0A, 0x80, 0x0E, 0xA8, 0x01, 0xE0, 0x15, 0xA0, 0x57, 0x3A, 0x05, 0x73, 0xA0,
  0x57, 0x3A, 0x05, 0x73, 0xA0, 0x57, 0x3A, 0x05, 0x73, 0xA0, 0x57, 0x3A, 0x05, 0x73, 0xA0, 0x57,
  0x3A, 0x05, 0x73, 0xA0, 0x57, 0x3A, 0x05, 0x73, 0xA0, 0x57, 0x3A, 0x05, 0x73, 0x05, 0x0A, 0x74,
  0x81, 0xDE, 0x67, 0x38, 0x22, 0x9F, 0x77, 0x18, 0x32, 0x17, 0xF8, 0x71, 0x0D, 0xA0, 0xC0, 0x17,
  0x18, 0x13, 0x42, 0x60,
  // "ţ" (U+0163), RLE, 14 bytes saved (16.7%)
  0x28, 0x11, 0x72, 0x58, 0x15, 0xF5, 0x58, 0x1B, 0xF5, 0x30, 0x30, 0xBD, 0x81, 0xB8, 0xEA, 0x0F,
  0xE0, 0xA2, 0x81, 0xEF, 0x55, 0x81, 0xEF, 0x55, 0x81, 0xEF, 0x55, 0x81, 0xEF, 0x55, 0x81, 0xEF,
  0x55, 0x81, 0xEF, 0x55, 0x81, 0xEF, 0x65, 0x81, 0xCF, 0xB5, 0x07, 0xB0, 0xE0, 0xD3, 0x83, 0x7D,
  0xFE, 0x94, 0x05, 0x0A, 0x68, 0x1D, 0xE6, 0x58, 0x22, 0x9F, 0x73, 0x83, 0x21, 0x7F, 0x83, 0x0D,
  0xA0, 0xC0, 0x13, 0x81, 0x34, 0x22,
  // "Ť" (U+0164), RLE, 72 bytes saved (52.6%)
  0x20, 0x70, 0x64, 0x07, 0x06, 0x58, 0x67, 0xFB, 0x02, 0xDE, 0x36, 0x84, 0x8F, 0xCE, 0xF4, 0x71,
  0x0B, 0xA0, 0x77, 0x74, 0x0B, 0xFC, 0x01, 0x0A, 0x80, 0x0E, 0xA8, 0x01, 0xE0, 0x15, 0xA0, 0x57,
  0x3A, 0x05, 0x73, 0xA0, 0x57, 0x3A, 0x05, 0x73, 0xA0, 0x57, 0x3A, 0x05, 0x73, 0xA0, 0x57, 0x3A,
  0x05, 0x73, 0xA0, 0x57, 0x3A, 0x05, 0x73, 0xA0, 0x57, 0x3A, 0x05, 0x73, 0xA0, 0x57, 0x3A, 0x05,
  0x50,
  // "ť" (U+0165), RLE, 25 bytes saved (28.4%)
  0x71, 0x81, 0x5F, 0xD3, 0x02, 0x48, 0x19, 0xF5, 0x28, 0x14, 0xF5, 0x30, 0xD0, 0xA3, 0x81, 0xAF,
  0x56, 0x03, 0x0A, 0xD0, 0xB3, 0x08, 0x0E, 0xA0, 0xFE, 0x0A, 0x58, 0x1E, 0xF5, 0x71, 0x81, 0xEF,
  0x57, 0x18, 0x1E, 0xF5, 0x71, 0x81, 0xEF, 0x57, 0x18, 0x1E, 0xF5, 0x71, 0x81, 0xEF, 0x57, 0x18,
  0x1E, 0xF6, 0x71, 0x81, 0xCF, 0xB7, 0x10, 0x7B, 0x0E, 0x0D, 0x68, 0x37, 0xDF, 0xE9, 0x30,
  // "Ŧ" (U+0166), RLE, 55 bytes saved (52.9%)
  0x0B, 0xFC, 0x01, 0x0A, 0x80, 0x0E, 0xA8, 0x01, 0xE0, 0x15, 0xA0, 0x57, 0x3A, 0x05, 0x73, 0xA0,
  0x57, 0x3A, 0x05, 0x73, 0xA0, 0x56, 0x01, 0x0F, 0xEA, 0x0F, 0xE0, 0x63, 0x01, 0xF9, 0x07, 0x7A,
  0x05, 0x73, 0xA0, 0x57, 0x3A, 0x05, 0x73, 0xA0, 0x57, 0x3A, 0x05, 0x73, 0xA0, 0x57, 0x3A, 0x05,
  0x50,
  // "ŧ" (U+0167), RLE, 8 bytes saved (13.3%)
  0x28, 0x11, 0x72, 0x58, 0x15, 0xF5, 0x58, 0x1B, 0xF5, 0x30, 0x30, 0xBD, 0x81, 0xB8, 0xEA, 0x0F,
  0xE0, 0xA2, 0x81, 0xEF, 0x55, 0x81, 0xEF, 0x53, 0x05, 0x0E, 0xA0, 0xFE, 0x07, 0x06, 0xE0, 0x82,
  0x81, 0xEF, 0x55, 0x81, 0xEF, 0x55, 0x81, 0xEF, 0x65, 0x81, 0xCF, 0xB5, 0x07, 0xB0, 0xE0, 0xD3,
  0x83, 0x7D, 0xFE, 0x90,
  // "Ũ" (U+0168), RLE, 33 bytes saved (25.4%)
  0x28, 0x71, 0xBE, 0xB4, 0x04, 0xF1, 0x48, 0x1B, 0xFE, 0xA8, 0x1E, 0xFC, 0x59, 0x85, 0x60, 0x4B,
  0xEC, 0x27, 0x72, 0xA0, 0x56, 0x01, 0xA0, 0x4A, 0x05, 0x60, 0x1A, 0x04, 0xA0, 0x56, 0x01, 0xA0,
  0x4A, 0x05, 0x60, 0x1A, 0x04, 0xA0, 0x56, 0x01, 0xA0, 0x4A, 0x05, 0x60, 0x1A, 0x04, 0xA0, 0x56,
  0x01, 0xA0, 0x4A, 0x05, 0x60, 0x1A, 0x04, 0xA0, 0x56, 0x01, 0xA0, 0x4A, 0x05, 0x60, 0x1A, 0x04,
  0xA0, 0x56, 0x02, 0xA8, 0x23, 0xEF, 0x86, 0x04, 0xA8, 0x22, 0xAF, 0xD6, 0x83, 0xAF, 0xC0, 0x2A,
  0x0B, 0x03, 0x20, 0x10, 0x8A, 0x05, 0x20, 0x5C, 0x0E, 0xB0, 0x74, 0x86, 0x29, 0xDF, 0xED, 0x93,
  0x30,
  // "ũ" (U+0169), RLE, 13 bytes saved (14.8%)
  0x28, 0x71, 0xBE, 0xB4, 0x04, 0xF1, 0x28, 0x1B, 0xFE, 0xA8, 0x1E, 0xFC, 0x39, 0x85, 0x60, 0x4B,
  0xEC, 0x27, 0x50, 0x4A, 0x01, 0x40, 0x4A, 0x04, 0xA0, 0x14, 0x04, 0xA0, 0x4A, 0x01, 0x40, 0x4A,
  0x04, 0xA0, 0x14, 0x04, 0xA0, 0x4A, 0x01, 0x40, 0x4A, 0x04, 0xA0, 0x14, 0x04, 0xA0, 0x4A, 0x01,
  0x40, 0x5A, 0x04, 0xA0, 0x14, 0x06, 0xA0, 0x3A, 0x03, 0x40, 0xBA, 0x1A, 0x0A, 0x30, 0x4B, 0x10,
  0x8A, 0x83, 0xDB, 0xCF, 0xBA, 0x28, 0x66, 0xCF, 0xEC, 0x60, 0xE9,
  // "Ū" (U+016A), RLE, 37 bytes saved (29.8%)
  0x20, 0x18, 0x02, 0xE0, 0x95, 0x01, 0xE0, 0x97, 0x72, 0xA0, 0x56, 0x01, 0xA0, 0x4A, 0x05, 0x60,
  0x1A, 0x04, 0xA0, 0x56, 0x01, 0xA0, 0x4A, 0x05, 0x60, 0x1A, 0x04, 0xA0, 0x56, 0x01, 0xA0, 0x4A,
  0x05, 0x60, 0x1A, 0x04, 0xA0, 0x56, 0x01, 0xA0, 0x4A, 0x05, 0x60, 0x1A, 0x04, 0xA0, 0x56, 0x01,
  0xA0, 0x4A, 0x05, 0x60, 0x1A, 0x04, 0xA0, 0x56, 0x02, 0xA8, 0x23, 0xEF, 0x86, 0x04, 0xA8, 0x22,
  0xAF, 0xD6, 0x83, 0xAF, 0xC0, 0x2A, 0x0B, 0x03, 0x20, 0x10, 0x8A, 0x05, 0x20, 0x5C, 0x0E, 0xB0,
  0x74, 0x86, 0x29, 0xDF, 0xED, 0x93, 0x30,
  // "ū" (U+016B), RLE, 18 bytes saved (21.7%)
  0x20, 0x18, 0x02, 0xE0, 0x93, 0x01, 0xE0, 0x97, 0x50, 0x4A, 0x01, 0x40, 0x4A, 0x04, 0xA0, 0x14,
  0x04, 0xA0, 0x4A, 0x01, 0x40, 0x4A, 0x04, 0xA0, 0x14, 0x04, 0xA0, 0x4A, 0x01, 0x40, 0x4A, 0x04,
  0xA0, 0x14, 0x04, 0xA0, 0x4A, 0x01, 0x40, 0x5A, 0x04, 0xA0, 0x14, 0x06, 0xA0, 0x3A, 0x03, 0x40,
  0xBA, 0x1A, 0x0A, 0x30, 0x4B, 0x10, 0x8A, 0x83, 0xDB, 0xCF, 0xBA, 0x28, 0x66, 0xCF, 0xEC, 0x60,
  0xE9,
  // "Ŭ" (U+016C), RLE, 37 bytes saved (28.5%)
  0x39, 0x08, 0x38, 0x18, 0xF1, 0x50, 0x9A, 0x0E, 0xA0, 0x97, 0x83, 0x8D, 0xFD, 0x77, 0x73, 0xA0,
  0x56, 0x01, 0xA0, 0x4A, 0x05, 0x60, 0x1A, 0x04, 0xA0, 0x56, 0x01, 0xA0, 0x4A, 0x05, 0x60, 0x1A,
  0x04, 0xA0, 0x56, 0x01, 0xA0, 0x4A, 0x05, 0x60, 0x1A, 0x04, 0xA0, 0x56, 0x01, 0xA0, 0x4A, 0x05,
  0x60, 0x1A, 0x04, 0xA0, 0x56, 0x01, 0xA0, 0x4A, 0x05, 0x60, 0x1A, 0x04, 0xA0, 0x56, 0x02, 0xA8,
  0x23, 0xEF, 0x86, 0x04, 0xA8, 0x22, 0xAF, 0xD6, 0x83, 0xAF, 0xC0, 0x2A, 0x0B, 0x03, 0x20, 0x10,
  0x8A, 0x05, 0x20, 0x5C, 0x0E, 0xB0, 0x74, 0x86, 0x29, 0xDF, 0xED, 0x93, 0x30,
  // "ŭ" (U+016D), RLE, 17 bytes saved (19.3%)
  0x29, 0x08, 0x38, 0x18, 0xF1, 0x30, 0x9A, 0x0E, 0xA0, 0x95, 0x83, 0x8D, 0xFD, 0x77, 0x70, 0x4A,
  0x01, 0x40, 0x4A, 0x04, 0xA0, 0x14, 0x04, 0xA0, 0x4A, 0x01, 0x40, 0x4A, 0x04, 0xA0, 0x14, 0x04,
  0xA0, 0x4A, 0x01, 0x40, 0x4A, 0x04, 0xA0, 0x14, 0x04, 0xA0, 0x4A, 0x01, 0x40, 0x5A, 0x04, 0xA0,
  0x14, 0x06, 0xA0, 0x3A, 0x03, 0x40, 0xBA, 0x1A, 0x0A, 0x30, 0x4B, 0x10, 0x8A, 0x83, 0xDB, 0xCF,
  0xBA, 0x28, 0x66, 0xCF, 0xEC, 0x60, 0xE9,
  // "Ů" (U+016E), RLE, 42 bytes saved (29.4%)
  0x48, 0x33, 0xCE, 0xB1, 0x71, 0x83, 0xE8, 0x1C, 0xA7, 0x84, 0x1F, 0x30, 0x7C, 0x71, 0x83, 0xE7,
  0x1C, 0x97, 0x18, 0x33, 0xCE, 0xB1, 0x77, 0x3A, 0x05, 0x60, 0x1A, 0x04, 0xA0, 0x56, 0x01, 0xA0,
  0x4A, 0x05, 0x60, 0x1A, 0x04, 0xA0, 0x56, 0x01, 0xA0, 0x4A, 0x05, 0x60, 0x1A, 0x04, 0xA0, 0x56,
  0x01, 0xA0, 0x4A, 0x05, 0x60, 0x1A, 0x04, 0xA0, 0x56, 0x01, 0xA0, 0x4A, 0x05, 0x60, 0x1A, 0x04,
  0xA0, 0x56, 0x01, 0xA0, 0x4A, 0x05, 0x60, 0x2A, 0x82, 0x3E, 0xF8, 0x60, 0x4A, 0x82, 0x2A, 0xFD,
  0x68, 0x3A, 0xFC, 0x02, 0xA0, 0xB0, 0x32, 0x01, 0x08, 0xA0, 0x52, 0x05, 0xC0, 0xEB, 0x07, 0x48,
  0x62, 0x9D, 0xFE, 0xD9, 0x33,
  // "ů" (U+016F), RLE, 21 bytes saved (21.2%)
  0x48, 0x33, 0xCE, 0xB1, 0x68, 0x3E, 0x81, 0xCA, 0x58, 0x41, 0xF3, 0x07, 0xC6, 0x83, 0xE7, 0x1C,
  0x96, 0x83, 0x3C, 0xEB, 0x17, 0x60, 0x4A, 0x01, 0x40, 0x4A, 0x04, 0xA0, 0x14, 0x04, 0xA0, 0x4A,
  0x01, 0x40, 0x4A, 0x04, 0xA0, 0x14, 0x04, 0xA0, 0x4A, 0x01, 0x40, 0x4A, 0x04, 0xA0, 0x14, 0x04,
  0xA0, 0x4A, 0x01, 0x40, 0x5A, 0x04, 0xA0, 0x14, 0x06, 0xA0, 0x3A, 0x03, 0x40, 0xBA, 0x1A, 0x0A,
  0x30, 0x4B, 0x10, 0x8A, 0x83, 0xDB, 0xCF, 0xBA, 0x28, 0x66, 0xCF, 0xEC, 0x60, 0xE9,
  // "Ű" (U+0170), RLE, 37 bytes saved (27.0%)
  0x40, 0x6A, 0x02, 0x06, 0xA0, 0x25, 0x85, 0xDF, 0x60, 0xDF, 0x65, 0x85, 0x6F, 0x90, 0x6F, 0x96,
  0x0E, 0x0A, 0x20, 0xE0, 0xA7, 0x73, 0xA0, 0x56, 0x01, 0xA0, 0x4A, 0x05, 0x60, 0x1A, 0x04, 0xA0,
  0x56, 0x01, 0xA0, 0x4A, 0x05, 0x60, 0x1A, 0x04, 0xA0, 0x56, 0x01, 0xA0, 0x4A, 0x05, 0x60, 0x1A,
  0x04, 0xA0, 0x56, 0x01, 0xA0, 0x4A, 0x05, 0x60, 0x1A, 0x04, 0xA0, 0x56, 0x01, 0xA0, 0x4A, 0x05,
  0x60, 0x1A, 0x04, 0xA0, 0x56, 0x02, 0xA8, 0x23, 0xEF, 0x86, 0x04, 0xA8, 0x22, 0xAF, 0xD6, 0x83,
  0xAF, 0xC0, 0x2A, 0x0B, 0x03, 0x20, 0x10, 0x8A, 0x05, 0x20, 0x5C, 0x0E, 0xB0, 0x74, 0x86, 0x29,
  0xDF, 0xED, 0x93, 0x30,
  // "ű" (U+0171), RLE, 19 bytes saved (18.6%)
  0x40, 0x6A, 0x02, 0x06, 0xA0, 0x24, 0x85, 0xDF, 0x60, 0xDF, 0x64, 0x85, 0x6F, 0x90, 0x6F, 0x95,
  0x0E, 0x0A, 0x20, 0xE0, 0xA7, 0x71, 0x04, 0xA0, 0x14, 0x04, 0xA1, 0x04, 0xA0, 0x14, 0x04, 0xA1,
  0x04, 0xA0, 0x14, 0x04, 0xA1, 0x04, 0xA0, 0x14, 0x04, 0xA1, 0x04, 0xA0, 0x14, 0x04, 0xA1, 0x04,
  0xA0, 0x14, 0x04, 0xA1, 0x04, 0xA0, 0x14, 0x05, 0xA1, 0x04, 0xA0, 0x14, 0x06, 0xA1, 0x03, 0xA0,
  0x34, 0x0B, 0xA2, 0xA0, 0xA3, 0x04, 0xB2, 0x08, 0xA8, 0x3D, 0xBC, 0xFB, 0xA3, 0x86, 0x6C, 0xFE,
  0xC6, 0x0E, 0x91,
  // "Ų" (U+0172), RLE, 41 bytes saved (29.9%)
  0xA0, 0x56, 0x01, 0xA0, 0x4A, 0x05, 0x60, 0x1A, 0x04, 0xA0, 0x56, 0x01, 0xA0, 0x4A, 0x05, 0x60,
  0x1A, 0x04, 0xA0, 0x56, 0x01, 0xA0, 0x4A, 0x05, 0x60, 0x1A, 0x04, 0xA0, 0x56, 0x01, 0xA0, 0x4A,
  0x05, 0x60, 0x1A, 0x04, 0xA0, 0x56, 0x01, 0xA0, 0x4A, 0x05, 0x60, 0x1A, 0x04, 0xA0, 0x56, 0x02,
  0xA8, 0x23, 0xEF, 0x86, 0x04, 0xA8, 0x21, 0xAF, 0xD6, 0x83, 0xAF, 0xC0, 0x2A, 0x0B, 0x03, 0x20,
  0x10, 0x8A, 0x04, 0x20, 0x5C, 0x0E, 0xB0, 0x64, 0x86, 0x29, 0xDF, 0xEE, 0xF8, 0x73, 0x0A, 0x0C,
  0x73, 0x81, 0x3F, 0x77, 0x38, 0x16, 0xF8, 0x73, 0x03, 0xA0, 0xE0, 0x67, 0x28, 0x28, 0xEE, 0x52,
  // "ų" (U+0173), RLE, 21 bytes saved (22.3%)
  0x04, 0xA0, 0x14, 0x04, 0xA0, 0x4A, 0x01, 0x40, 0x4A, 0x04, 0xA0, 0x14, 0x04, 0xA0, 0x4A, 0x01,
  0x40, 0x4A, 0x04, 0xA0, 0x14, 0x04, 0xA0, 0x4A, 0x01, 0x40, 0x4A, 0x04, 0xA0, 0x14, 0x05, 0xA0,
  0x4A, 0x01, 0x40, 0x6A, 0x03, 0xA0, 0x34, 0x0B, 0xA1, 0xA0, 0xA3, 0x04, 0xB1, 0x08, 0xA8, 0x3D,
  0xBC, 0xFB, 0xA2, 0x85, 0x6C, 0xFE, 0xC6, 0x4A, 0x78, 0x13, 0xF6, 0x71, 0x0D, 0x0C, 0x71, 0x81,
  0x1F, 0xC7, 0x28, 0x2E, 0xFE, 0xB7, 0x82, 0x5D, 0xF9,
  // "Ŵ" (U+0174), RLE, 58 bytes saved (26.2%)
  0x72, 0x82, 0x47, 0x72, 0x77, 0x20, 0x20, 0xEA, 0x0C, 0x77, 0x18, 0x51, 0xDF, 0x6A, 0xFA, 0x77,
  0x81, 0xCD, 0x42, 0x81, 0x7F, 0x97, 0x77, 0x68, 0x1A, 0xFB, 0x6A, 0x09, 0x6A, 0x82, 0x56, 0xFE,
  0x50, 0x4A, 0x0E, 0x50, 0x4A, 0x01, 0x02, 0xA0, 0x34, 0x09, 0xB0, 0x34, 0x81, 0x8F, 0xD2, 0x81,
  0xEF, 0x74, 0x83, 0xDF, 0xCF, 0x74, 0x81, 0xCF, 0x92, 0x81, 0xAF, 0xB3, 0x84, 0x2F, 0xE6, 0xFB,
  0x4A, 0x05, 0x28, 0x16, 0xFE, 0x38, 0x26, 0xFB, 0x2A, 0x30, 0x4A, 0x01, 0x20, 0x2A, 0x03, 0x28,
  0x5A, 0xF7, 0x0D, 0xF5, 0x28, 0x17, 0xFC, 0x48, 0x1D, 0xF6, 0x28, 0x5E, 0xF3, 0x08, 0xF9, 0x28,
  0x1B, 0xF8, 0x48, 0x59, 0xFA, 0x03, 0xFE, 0x28, 0x14, 0xFD, 0x28, 0x1E, 0xF4, 0x48, 0x55, 0xFE,
  0x08, 0xF9, 0x3A, 0x02, 0x03, 0xA5, 0x01, 0xA8, 0x22, 0xBF, 0x53, 0x84, 0xBF, 0x67, 0xFC, 0x68,
  0x1D, 0xF5, 0xA0, 0x13, 0x84, 0x6F, 0xAA, 0xF8, 0x68, 0x39, 0xFA, 0xFC, 0x48, 0x42, 0xFD, 0xDF,
  0x46, 0x05, 0xB0, 0x85, 0x0D, 0xB7, 0x01, 0xB0, 0x35, 0x09, 0xA0, 0xB7, 0x18, 0x1C, 0xFE, 0x60,
  0x4A, 0x07, 0x40,
  // "ŵ" (U+0175), RLE, 30 bytes saved (19.6%)
  0x78, 0x24, 0x77, 0x27, 0x60, 0x20, 0xEA, 0x0C, 0x75, 0x85, 0x1D, 0xF6, 0xAF, 0xA7, 0x48, 0x1C,
  0xD4, 0x28, 0x17, 0xF9, 0x77, 0x72, 0x81, 0x9F, 0xB4, 0x08, 0xA0, 0x44, 0x82, 0xEF, 0x55, 0xA4,
  0x0C, 0xA0, 0x93, 0x03, 0xA0, 0x01, 0xA0, 0x32, 0x83, 0x1F, 0xCF, 0xD3, 0x81, 0x7F, 0xC2, 0x81,
  0xCF, 0x72, 0x84, 0x6F, 0x8C, 0xF2, 0x28, 0x1B, 0xF8, 0x28, 0x18, 0xFB, 0x28, 0x4B, 0xF4, 0x8F,
  0x62, 0xA0, 0x42, 0x04, 0xA2, 0x89, 0x0E, 0xF0, 0x4F, 0xB0, 0x4F, 0xE4, 0x84, 0xEF, 0x34, 0xFB,
  0x2A, 0x18, 0x18, 0xFB, 0x48, 0x4B, 0xF7, 0x8F, 0x62, 0x84, 0xBF, 0x4B, 0xF6, 0x48, 0x46, 0xFA,
  0xBF, 0x22, 0x84, 0x7F, 0x8E, 0xF2, 0x48, 0x32, 0xFD, 0xED, 0x38, 0x32, 0xFD, 0xFD, 0x60, 0xDA,
  0x08, 0x40, 0xDA, 0x09, 0x60, 0x9A, 0x03, 0x40, 0x9A, 0x05, 0x30,
  // "Ŷ" (U+0176), RLE, 44 bytes saved (32.1%)
  0x58, 0x24, 0x77, 0x27, 0x10, 0x20, 0xEA, 0x0C, 0x78, 0x51, 0xDF, 0x6A, 0xFA, 0x68, 0x1C, 0xD4,
  0x28, 0x17, 0xF9, 0x77, 0x18, 0x1B, 0xFC, 0x78, 0x2E, 0xF8, 0x3A, 0x05, 0x58, 0x67, 0xFE, 0x10,
  0xAF, 0xD4, 0x82, 0x1E, 0xF7, 0x20, 0x2A, 0x06, 0x38, 0x18, 0xFE, 0x48, 0x19, 0xFD, 0x20, 0x1A,
  0x06, 0x40, 0x1A, 0x83, 0x70, 0x9F, 0xD6, 0x82, 0x9F, 0xE3, 0xA0, 0x56, 0x84, 0x1E, 0xFE, 0xFC,
  0x71, 0x08, 0xB0, 0x47, 0x18, 0x21, 0xEF, 0xC7, 0x38, 0x1B, 0xF9, 0x73, 0x81, 0xBF, 0x97, 0x38,
  0x1B, 0xF9, 0x73, 0x81, 0xBF, 0x97, 0x38, 0x1B, 0xF9, 0x73, 0x81, 0xBF, 0x95,
  // "ŷ" (U+0177), RLE, 33 bytes saved (25.0%)
  0x48, 0x24, 0x77, 0x27, 0x02, 0x0E, 0xA0, 0xC6, 0x85, 0x1D, 0xF6, 0xAF, 0xA5, 0x81, 0xCD, 0x42,
  0x81, 0x7F, 0x97, 0x78, 0x1C, 0xFB, 0x50, 0x1A, 0x06, 0x05, 0xA0, 0x14, 0x81, 0x6F, 0xE2, 0x81,
  0xEF, 0x64, 0x81, 0xCF, 0x92, 0x81, 0x8F, 0xC3, 0x02, 0xA0, 0x42, 0x02, 0xA0, 0x22, 0x81, 0x7F,
  0xD4, 0x81, 0xBF, 0x82, 0x81, 0xCF, 0x74, 0x83, 0x5F, 0xD0, 0x2A, 0x01, 0x58, 0x4E, 0xF3, 0x8F,
  0xB6, 0x84, 0x8F, 0x8C, 0xF5, 0x68, 0x32, 0xFD, 0xFE, 0x71, 0x0B, 0xA0, 0x97, 0x10, 0x5A, 0x03,
  0x71, 0x81, 0x7F, 0xD7, 0x28, 0x1D, 0xF6, 0x71, 0x81, 0xAF, 0xE6, 0x09, 0x0D, 0xB0, 0x46, 0x83,
  0x8F, 0xEB, 0x37,
  // "Ÿ" (U+0178), RLE, 45 bytes saved (34.6%)
  0x38, 0x57, 0xC4, 0x05, 0xD6, 0x68, 0x58, 0xE5, 0x06, 0xE7, 0x77, 0x77, 0x18, 0x1B, 0xFC, 0x78,
  0x2E, 0xF8, 0x3A, 0x05, 0x58, 0x67, 0xFE, 0x10, 0xAF, 0xD4, 0x82, 0x1E, 0xF7, 0x20, 0x2A, 0x06,
  0x38, 0x18, 0xFE, 0x48, 0x19, 0xFD, 0x20, 0x1A, 0x06, 0x40, 0x1A, 0x83, 0x70, 0x9F, 0xD6, 0x82,
  0x9F, 0xE3, 0xA0, 0x56, 0x84, 0x1E, 0xFE, 0xFC, 0x71, 0x08, 0xB0, 0x47, 0x18, 0x21, 0xEF, 0xC7,
  0x38, 0x1B, 0xF9, 0x73, 0x81, 0xBF, 0x97, 0x38, 0x1B, 0xF9, 0x73, 0x81, 0xBF, 0x97, 0x38, 0x1B,
  0xF9, 0x73, 0x81, 0xBF, 0x95,
  // "Ź" (U+0179), RLE, 54 bytes saved (42.9%)
  0x78, 0x17, 0x76, 0x71, 0x82, 0x7F, 0xE3, 0x78, 0x23, 0xFE, 0x37, 0x18, 0x1D, 0xD2, 0x77, 0x3F,
  0xB0, 0xA1, 0x80, 0x4E, 0xA0, 0x97, 0x18, 0x29, 0xFE, 0x17, 0x03, 0xA0, 0x67, 0x18, 0x1D, 0xFB,
  0x71, 0x07, 0xA0, 0x27, 0x02, 0xA0, 0x77, 0x18, 0x1C, 0xFC, 0x71, 0x06, 0xA0, 0x37, 0x82, 0x1E,
  0xF8, 0x71, 0x81, 0xBF, 0xD7, 0x10, 0x5A, 0x04, 0x78, 0x21, 0xEF, 0x97, 0x18, 0x2A, 0xFE, 0x17,
  0x02, 0xB8, 0x03, 0xE0, 0xC0, 0x3F, 0xB0, 0xD0,
  // "ź" (U+017A), RLE, 29 bytes saved (34.1%)
  0x68, 0x17, 0x76, 0x68, 0x27, 0xFE, 0x35, 0x82, 0x3F, 0xE3, 0x68, 0x1D, 0xD2, 0x77, 0x0D, 0xF8,
  0x17, 0x0C, 0x80, 0x1E, 0xA0, 0x76, 0x82, 0x8F, 0xD1, 0x50, 0x4A, 0x03, 0x58, 0x21, 0xDF, 0x76,
  0x81, 0xAF, 0xC6, 0x82, 0x6F, 0xE2, 0x58, 0x22, 0xEF, 0x56, 0x81, 0xCF, 0x96, 0x81, 0x8F, 0xD6,
  0x02, 0xA8, 0x02, 0xE0, 0x90, 0x3F, 0x90, 0xA0,
  // "Ż" (U+017B), RLE, 57 bytes saved (45.2%)
  0x58, 0x19, 0xB2, 0x71, 0x01, 0xA0, 0x77, 0x28, 0x1B, 0xE3, 0x77, 0x77, 0x1F, 0xB0, 0xA1, 0x80,
  0x4E, 0xA0, 0x97, 0x18, 0x29, 0xFE, 0x17, 0x03, 0xA0, 0x67, 0x18, 0x1D, 0xFB, 0x71, 0x07, 0xA0,
  0x27, 0x02, 0xA0, 0x77, 0x18, 0x1C, 0xFC, 0x71, 0x06, 0xA0, 0x37, 0x82, 0x1E, 0xF8, 0x71, 0x81,
  0xBF, 0xD7, 0x10, 0x5A, 0x04, 0x78, 0x21, 0xEF, 0x97, 0x18, 0x2A, 0xFE, 0x17, 0x02, 0xB8, 0x03,
  0xE0, 0xC0, 0x3F, 0xB0, 0xD0,
  // "ż" (U+017C), RLE, 32 bytes saved (37.6%)
  0x48, 0x19, 0xB2, 0x60, 0x1A, 0x07, 0x78, 0x1B, 0xE3, 0x77, 0x73, 0x0D, 0xF8, 0x17, 0x0C, 0x80,
  0x1E, 0xA0, 0x76, 0x82, 0x8F, 0xD1, 0x50, 0x4A, 0x03, 0x58, 0x21, 0xDF, 0x76, 0x81, 0xAF, 0xC6,
  0x82, 0x6F, 0xE2, 0x58, 0x22, 0xEF, 0x56, 0x81, 0xCF, 0x96, 0x81, 0x8F, 0xD6, 0x02, 0xA8, 0x02,
  0xE0, 0x90, 0x3F, 0x90, 0xA0,
  // "Ž" (U+017D), RLE, 50 bytes saved (39.7%)
  0x30, 0x70, 0x64, 0x07, 0x06, 0x48, 0x67, 0xFB, 0x02, 0xDE, 0x35, 0x84, 0x8F, 0xCE, 0xF4, 0x70,
  0xBA, 0x07, 0x77, 0x2F, 0xB0, 0xA1, 0x80, 0x4E, 0xA0, 0x97, 0x18, 0x29, 0xFE, 0x17, 0x03, 0xA0,
  0x67, 0x18, 0x1D, 0xFB, 0x71, 0x07, 0xA0, 0x27, 0x02, 0xA0, 0x77, 0x18, 0x1C, 0xFC, 0x71, 0x06,
  0xA0, 0x37, 0x82, 0x1E, 0xF8, 0x71, 0x81, 0xBF, 0xD7, 0x10, 0x5A, 0x04, 0x78, 0x21, 0xEF, 0x97,
  0x18, 0x2A, 0xFE, 0x17, 0x02, 0xB8, 0x03, 0xE0, 0xC0, 0x3F, 0xB0, 0xD0,
  // "ž" (U+017E), RLE, 24 bytes saved (28.2%)
  0x10, 0x70, 0x64, 0x07, 0x06, 0x28, 0x67, 0xFB, 0x02, 0xDE, 0x33, 0x84, 0x8F, 0xCE, 0xF4, 0x50,
  0xBA, 0x07, 0x77, 0x0D, 0xF8, 0x17, 0x0C, 0x80, 0x1E, 0xA0, 0x76, 0x82, 0x8F, 0xD1, 0x50, 0x4A,
  0x03, 0x58, 0x21, 0xDF, 0x76, 0x81, 0xAF, 0xC6, 0x82, 0x6F, 0xE2, 0x58, 0x22, 0xEF, 0x56, 0x81,
  0xCF, 0x96, 0x81, 0x8F, 0xD6, 0x02, 0xA8, 0x02, 0xE0, 0x90, 0x3F, 0x90, 0xA0,
  // "ſ" (U+017F), RLE, 14 bytes saved (21.9%)
  0x28, 0x66, 0xCE, 0xEB, 0x10, 0x9C, 0x0E, 0x2A, 0x09, 0x28, 0x13, 0x02, 0xA0, 0x34, 0x02, 0xA0,
  0x24, 0x02, 0xA0, 0x24, 0x02, 0xA0, 0x24, 0x02, 0xA0, 0x24, 0x02, 0xA0, 0x24, 0x02, 0xA0, 0x24,
  0x02, 0xA0, 0x24, 0x02, 0xA0, 0x24, 0x02, 0xA0, 0x24, 0x02, 0xA0, 0x24, 0x02, 0xA0, 0x24, 0x02,
  0xA0, 0x24,
  // "Ω" (U+03A9), RLE, 34 bytes saved (25.0%)
  0x48, 0x71, 0x6B, 0xDF, 0xEC, 0x82, 0x70, 0x40, 0xEB, 0x0E, 0xC0, 0x75, 0x03, 0xA0, 0xC0, 0x43,
  0x03, 0x0A, 0xA0, 0x64, 0x81, 0xDF, 0xD7, 0x09, 0xA0, 0x12, 0x03, 0xA0, 0x47, 0x01, 0xA0, 0x72,
  0x07, 0xA7, 0x28, 0x1B, 0xFB, 0x28, 0x19, 0xFD, 0x72, 0x81, 0x9F, 0xD2, 0x81, 0x9F, 0xD7, 0x28,
  0x19, 0xFD, 0x28, 0x17, 0xFE, 0x72, 0x81, 0xAF, 0xB2, 0x05, 0xA0, 0x17, 0x18, 0x1D, 0xF8, 0x38,
  0x1E, 0xF6, 0x70, 0x2A, 0x03, 0x38, 0x18, 0xFC, 0x78, 0x18, 0xFC, 0x58, 0x1C, 0xF7, 0x58, 0x23,
  0xFE, 0x25, 0x82, 0x1C, 0xF7, 0x38, 0x24, 0xEE, 0x33, 0x03, 0x80, 0x0E, 0xA0, 0x32, 0xA8, 0x00,
  0xE0, 0x60, 0x3E, 0x04, 0x2E, 0x07,
  // "μ" (U+03BC), RLE, 16 bytes saved (15.7%)
  0x02, 0xA0, 0x24, 0x03, 0xA0, 0x10, 0x2A, 0x02, 0x40, 0x3A, 0x01, 0x02, 0xA0, 0x24, 0x03, 0xA0,
  0x10, 0x2A, 0x02, 0x40, 0x3A, 0x01, 0x02, 0xA0, 0x24, 0x03, 0xA0, 0x10, 0x2A, 0x02, 0x40, 0x3A,
  0x01, 0x02, 0xA0, 0x24, 0x04, 0xA0, 0x10, 0x2A, 0x02, 0x40, 0x5A, 0x01, 0x02, 0xA0, 0x54, 0x0A,
  0xA0, 0x10, 0x2A, 0x0C, 0x02, 0x20, 0x6B, 0x01, 0x02, 0xC0, 0xEA, 0x09, 0xA0, 0x10, 0x2A, 0x89,
  0x07, 0xDF, 0xD7, 0x0C, 0xF1, 0x2A, 0x02, 0x71, 0x02, 0xA0, 0x27, 0x10, 0x2A, 0x02, 0x71, 0x02,
  0xA0, 0x27, 0x10, 0x2A, 0x02, 0x71,
  // "π" (U+03C0), RLE, 28 bytes saved (31.1%)
  0x03, 0x0B, 0xFD, 0x82, 0x4A, 0xEE, 0xA8, 0x01, 0xEA, 0x81, 0xEE, 0x42, 0x04, 0xA4, 0x81, 0x6F,
  0xE5, 0x04, 0xA4, 0x81, 0x6F, 0xE5, 0x04, 0xA4, 0x81, 0x6F, 0xE5, 0x04, 0xA4, 0x81, 0x6F, 0xE5,
  0x04, 0xA4, 0x81, 0x6F, 0xE5, 0x04, 0xA4, 0x81, 0x6F, 0xE5, 0x04, 0xA4, 0x81, 0x6F, 0xE5, 0x04,
  0xA4, 0x05, 0xA0, 0x14, 0x04, 0xA4, 0x02, 0xC3, 0x04, 0xA5, 0x82, 0x5D, 0xFC, 0x10,
  // "–" (U+2013), RLE, 4 bytes saved (36.4%)
  0x01, 0x80, 0x5E, 0x00, 0x1F, 0xA0, 0x10,
  // "—" (U+2014), RLE, 14 bytes saved (63.6%)
  0x01, 0x80, 0xA0, 0xE0, 0x01, 0xFF, 0xE0, 0x10,
  // "€" (U+20AC), RLE, 31 bytes saved (29.8%)
  0x58, 0x54, 0xAE, 0xFD, 0xB5, 0x50, 0x9B, 0x0E, 0xB0, 0x13, 0x07, 0xA0, 0x72, 0x81, 0x16, 0x73,
  0x82, 0x1E, 0xF7, 0x72, 0x81, 0x6F, 0xE7, 0x38, 0x1A, 0xFA, 0x71, 0x06, 0xF9, 0x09, 0x30, 0x30,
  0x8A, 0x84, 0xB8, 0x88, 0x85, 0x58, 0x1E, 0xF5, 0x71, 0x06, 0xF0, 0xE4, 0x83, 0x38, 0xDF, 0xD8,
  0x00, 0x86, 0x81, 0x8F, 0xD7, 0x30, 0x2A, 0x06, 0x73, 0x09, 0xA0, 0x70, 0x12, 0x02, 0x05, 0x50,
  0xAB, 0x0E, 0xA0, 0xC6, 0x85, 0x5B, 0xEF, 0xEB, 0x61,
  // "₿" (U+20BF), RLE, 4 bytes saved (4.0%)
  0x28, 0x3C, 0x90, 0xD8, 0x58, 0x3C, 0x90, 0xD8, 0x30, 0xEB, 0x82, 0xEF, 0xC4, 0x28, 0x2E, 0xFE,
  0xEC, 0x83, 0x70, 0xEF, 0x72, 0x02, 0x0C, 0xA8, 0x21, 0xEF, 0x73, 0x03, 0xA8, 0x24, 0xEF, 0x73,
  0x01, 0xA8, 0x25, 0xEF, 0x73, 0x04, 0xA8, 0x22, 0xEF, 0x72, 0x84, 0x3C, 0xFB, 0x0E, 0xE8, 0x29,
  0x10, 0xE9, 0x0F, 0xEA, 0x84, 0xD6, 0x0E, 0xF7, 0x30, 0x8A, 0x82, 0x4E, 0xF7, 0x48, 0x4D, 0xFA,
  0xEF, 0x74, 0x84, 0xBF, 0xCE, 0xF7, 0x48, 0x4D, 0xFA, 0xEF, 0x72, 0x01, 0x09, 0xA0, 0x60, 0xE9,
  0x0F, 0xEB, 0x81, 0xB0, 0xED, 0x0D, 0x06, 0x48, 0x3C, 0x90, 0xD8, 0x58, 0x3C, 0x90, 0xD8, 0x30,
  // "‘" (U+2018), uncompressed
  0x01, 0xFB, 0x07, 0xF7, 0x0E, 0xF3, 0x4F, 0xF0, 0x9F, 0xD0,
  // "’" (U+2019), uncompressed
  0x0B, 0xFB, 0x0E, 0xF6, 0x2F, 0xF1, 0x5F, 0x90, 0x9F, 0x20,
  // "‚" (U+201A), uncompressed
  0x0B, 0xFB, 0x0E, 0xF6, 0x2F, 0xF1, 0x5F, 0x90, 0x9F, 0x20,
  // "‛" (U+201B), uncompressed
  0x9F, 0xD0, 0x4F, 0xF0, 0x0E, 0xF4, 0x07, 0xF7, 0x01, 0xFB,
  // "“" (U+201C), uncompressed
  0x01, 0xFB, 0x00, 0xBF, 0x10, 0x7F, 0x70, 0x2F, 0xC0, 0x0E, 0xF3, 0x09, 0xF9, 0x04, 0xFF, 0x00,
  0xEF, 0x50, 0x9F, 0xC0, 0x4F, 0xF3, 0x00,
  // "”" (U+201D), uncompressed
  0x0B, 0xFB, 0x06, 0xFF, 0x10, 0xEF, 0x60, 0x9F, 0xB0, 0x2F, 0xF1, 0x0C, 0xF6, 0x05, 0xF9, 0x00,
  0xFE, 0x00, 0x9F, 0x20, 0x4F, 0x80, 0x00,
  // "„" (U+201E), uncompressed
  0x0B, 0xFB, 0x06, 0xFF, 0x10, 0xEF, 0x60, 0x9F, 0xB0, 0x2F, 0xF1, 0x0C, 0xF6, 0x05, 0xF9, 0x00,
  0xFE, 0x00, 0x9F, 0x20, 0x4F, 0x80, 0x00,
  // "‟" (U+201F), uncompressed
  0x9F, 0xC0, 0x4F, 0xF2, 0x04, 0xFF, 0x00, 0xEF, 0x50, 0x0E, 0xF3, 0x09, 0xF9, 0x00, 0x7F, 0x70,
  0x3F, 0xC0, 0x01, 0xFB, 0x00, 0xBF, 0x10,
  // "†" (U+2020), RLE, 18 bytes saved (25.0%)
  0x38, 0x19, 0xFB, 0x68, 0x17, 0xF9, 0x68, 0x15, 0xF7, 0x68, 0x13, 0xF5, 0x38, 0xA0, 0x8C, 0xBA,
  0xFB, 0xAC, 0xC9, 0xFE, 0xDF, 0xDD, 0xFE, 0x38, 0x12, 0xF3, 0x68, 0x13, 0xF4, 0x68, 0x14, 0xF5,
  0x68, 0x14, 0xF6, 0x68, 0x15, 0xF7, 0x68, 0x16, 0xF8, 0x68, 0x17, 0xF9, 0x68, 0x18, 0xF9, 0x68,
  0x19, 0xFA, 0x68, 0x1A, 0xFB, 0x30,
  // "‡" (U+2021), RLE, 14 bytes saved (19.4%)
  0x38, 0x18, 0xFC, 0x68, 0x16, 0xF9, 0x68, 0x13, 0xF7, 0x38, 0x90, 0x23, 0x12, 0xF5, 0x12, 0x3A,
  0xF9, 0x87, 0x78, 0x77, 0xF9, 0x78, 0x93, 0x81, 0x4F, 0x76, 0x81, 0x6F, 0xA6, 0x81, 0x6F, 0xA6,
  0x81, 0x4F, 0x83, 0x89, 0x05, 0x65, 0x5F, 0x74, 0x67, 0xAF, 0x98, 0x74, 0x54, 0x4F, 0x73, 0x56,
  0x38, 0x13, 0xF7, 0x68, 0x15, 0xF9, 0x68, 0x18, 0xFB, 0x30,
  // "•" (U+2022), RLE, 1 byte saved (5.6%)
  0x18, 0x46, 0xDE, 0x90, 0x3C, 0x07, 0x06, 0xC0, 0xB0, 0x6C, 0x0B, 0x03, 0xC8, 0x47, 0x06, 0xDE,
  0x91,
  // "…" (U+2026), uncompressed
  0x3D, 0xD3, 0x00, 0x3D, 0xD3, 0x00, 0x3D, 0xD3, 0x7F, 0xF7, 0x00, 0x7F, 0xF7, 0x00, 0x7F, 0xF7,
  0x2D, 0xD2, 0x00, 0x2D, 0xD2, 0x00, 0x2D, 0xD2,
  // "‰" (U+2030), RLE, 32 bytes saved (16.0%)
  0x18, 0x36, 0xDF, 0xB2, 0x58, 0x18, 0xF6, 0x74, 0x04, 0xC0, 0xE4, 0x81, 0x1F, 0xD7, 0x58, 0x5B,
  0xF6, 0x0B, 0xF6, 0x38, 0x19, 0xF5, 0x75, 0x0E, 0x92, 0x81, 0x5F, 0x92, 0x81, 0x2F, 0xC7, 0x69,
  0x0E, 0x28, 0x13, 0xFB, 0x28, 0x1B, 0xF3, 0x76, 0x90, 0xE2, 0x85, 0x3F, 0xB0, 0x4F, 0xA7, 0x70,
  0xE9, 0x28, 0x92, 0x5F, 0x90, 0xCF, 0x25, 0xCD, 0xA2, 0x38, 0x97, 0x6C, 0xD9, 0x10, 0xAF, 0x60,
  0xBF, 0x65, 0xF9, 0x3C, 0x0D, 0x20, 0x6C, 0x81, 0xB0, 0x3C, 0x8C, 0x6E, 0x1D, 0xE1, 0xAF, 0x71,
  0xBF, 0x60, 0xDF, 0x51, 0xDF, 0x30, 0x5D, 0xFC, 0x36, 0xF8, 0x0E, 0xF1, 0x05, 0xFA, 0x1F, 0xD2,
  0x81, 0x7F, 0x76, 0x00, 0xE2, 0x90, 0xE2, 0x84, 0x3F, 0xB2, 0xFC, 0x28, 0x15, 0xF9, 0x58, 0x18,
  0xF6, 0x29, 0x0E, 0x28, 0x42, 0xFB, 0x2F, 0xC2, 0x81, 0x5F, 0x84, 0x81, 0x1E, 0xD3, 0x0D, 0x92,
  0x84, 0x4F, 0x90, 0xFD, 0x28, 0x17, 0xF7, 0x48, 0x19, 0xF5, 0x38, 0x95, 0x9F, 0x60, 0xAF, 0x60,
  0xCF, 0x40, 0xCF, 0x33, 0x81, 0x2F, 0xC4, 0x03, 0xC0, 0xE2, 0x05, 0xC0, 0xC4, 0x81, 0xAF, 0x35,
  0x83, 0x5D, 0xFC, 0x33, 0x83, 0x7E, 0xFB, 0x21,
  // "‹" (U+2039), uncompressed
  0x00, 0x04, 0x10, 0x00, 0x3F, 0xE1, 0x02, 0xEF, 0x60, 0x0C, 0xF9, 0x00, 0xBF, 0xB0, 0x00, 0xDF,
  0x90, 0x00, 0x2E, 0xF6, 0x00, 0x04, 0xFF, 0x30, 0x00, 0x7F, 0xE1, 0x00, 0x08, 0x50,
  // "›" (U+203A), uncompressed
  0x15, 0x00, 0x00, 0xDF, 0x60, 0x00, 0x3F, 0xF4, 0x00, 0x06, 0xFE, 0x20, 0x00, 0x9F, 0xD1, 0x00,
  0x6F, 0xE2, 0x03, 0xFF, 0x40, 0x1E, 0xF7, 0x00, 0xCF, 0x90, 0x00, 0x39, 0x00, 0x00,
  // "⁄" (U+2044), RLE, 35 bytes saved (39.8%)
  0x71, 0x81, 0x2F, 0xB7, 0x18, 0x1B, 0xF2, 0x78, 0x15, 0xF9, 0x71, 0x81, 0xDE, 0x17, 0x81, 0x7F,
  0x67, 0x81, 0x1E, 0xC7, 0x18, 0x1A, 0xF3, 0x78, 0x13, 0xFA, 0x71, 0x81, 0xCF, 0x17, 0x81, 0x6F,
  0x77, 0x81, 0x1E, 0xD7, 0x18, 0x19, 0xF5, 0x78, 0x12, 0xFB, 0x71, 0x81, 0xBF, 0x27, 0x81, 0x5F,
  0x97, 0x18, 0x1D, 0xE1, 0x71,
  // "™" (U+2122), uncompressed
  0x9F, 0xFF, 0xFF, 0x3C, 0xF5, 0x00, 0x0B, 0xF6, 0x12, 0x7F, 0x22, 0x0D, 0xFB, 0x00, 0x1F, 0xF6,
  0x00, 0x6F, 0x00, 0x0D, 0xAF, 0x10, 0x7B, 0xE6, 0x00, 0x6F, 0x00, 0x0D, 0x7D, 0x60, 0xD5, 0xF6,
  0x00, 0x6F, 0x00, 0x0D, 0x78, 0xC3, 0xE0, 0xF6, 0x00, 0x6F, 0x00, 0x0D, 0x72, 0xFB, 0x90, 0xF6,
  0x00, 0x6F, 0x00, 0x0D, 0x70, 0xCF, 0x30, 0xF6, 0x00, 0x4A, 0x00, 0x08, 0x40, 0x59, 0x00, 0xA4,
  // "⅒" (U+2152), RLE, 30 bytes saved (16.3%)
  0x73, 0x81, 0x2F, 0xB7, 0x48, 0x21, 0xBF, 0x85, 0x81, 0xBF, 0x27, 0x38, 0x35, 0xEE, 0xF8, 0x48,
  0x15, 0xF9, 0x74, 0x83, 0xCA, 0x4F, 0x84, 0x81, 0xDE, 0x17, 0x68, 0x14, 0xF8, 0x38, 0x17, 0xF6,
  0x77, 0x81, 0x4F, 0x82, 0x81, 0x1E, 0xC7, 0x71, 0x81, 0x4F, 0x82, 0x81, 0xAF, 0x36, 0x83, 0x1B,
  0xEE, 0x94, 0x89, 0x24, 0xF8, 0x03, 0xFA, 0x01, 0xBF, 0x82, 0x84, 0xCF, 0xBC, 0xF9, 0x38, 0x96,
  0x4F, 0x80, 0xCF, 0x15, 0xEE, 0xF8, 0x04, 0xFC, 0x28, 0x1D, 0xF1, 0x28, 0x96, 0x4F, 0x86, 0xF7,
  0x0C, 0xA4, 0xF8, 0x07, 0xF7, 0x28, 0x19, 0xF5, 0x48, 0x11, 0xED, 0x48, 0x54, 0xF8, 0x08, 0xF6,
  0x28, 0x17, 0xF6, 0x48, 0x19, 0xF5, 0x48, 0x54, 0xF8, 0x08, 0xF6, 0x28, 0x17, 0xF6, 0x38, 0x12,
  0xFB, 0x58, 0x54, 0xF8, 0x07, 0xF7, 0x28, 0x19, 0xF5, 0x38, 0x1B, 0xF2, 0x58, 0x54, 0xF8, 0x03,
  0xFC, 0x28, 0x1D, 0xF1, 0x28, 0x15, 0xF9, 0x68, 0x14, 0xF8, 0x28, 0x4C, 0xFB, 0xCF, 0xA3, 0x81,
  0xDE, 0x16, 0x81, 0x4F, 0x82, 0x84, 0x1A, 0xEE, 0x91, 0x10,
  // "ﬁ" (U+FB01), RLE, 7 bytes saved (6.7%)
  0x38, 0x90, 0x3B, 0xEF, 0xD7, 0x1D, 0xD1, 0x20, 0x3B, 0x82, 0xEF, 0x64, 0xA0, 0x42, 0x82, 0x8F,
  0xE2, 0x40, 0x0B, 0x38, 0x19, 0xFA, 0x71, 0x03, 0x0A, 0xD8, 0x19, 0x02, 0xA8, 0x12, 0x9E, 0xB8,
  0x3E, 0xE8, 0x02, 0xA0, 0x22, 0x81, 0x9F, 0xA4, 0x02, 0xA0, 0x22, 0x81, 0x9F, 0xA4, 0x02, 0xA0,
  0x22, 0x81, 0x9F, 0xA4, 0x02, 0xA0, 0x22, 0x81, 0x9F, 0xA4, 0x02, 0xA0, 0x22, 0x81, 0x9F, 0xA4,
  0x02, 0xA0, 0x22, 0x81, 0x9F, 0xA4, 0x02, 0xA0, 0x22, 0x81, 0x9F, 0xA4, 0x02, 0xA0, 0x22, 0x81,
  0x9F, 0xA4, 0x02, 0xA0, 0x22, 0x81, 0x9F, 0xA4, 0x02, 0xA0, 0x22, 0x81, 0x9F, 0xA4, 0x02, 0xA0,
  0x20,
  // "ﬂ" (U+FB02), RLE, 5 bytes saved (4.8%)
  0x38, 0x53, 0xBE, 0xFD, 0x72, 0xA0, 0x22, 0x03, 0xB8, 0x2E, 0xF6, 0x2A, 0x02, 0x28, 0x28, 0xFE,
  0x23, 0x02, 0xA0, 0x22, 0x81, 0x9F, 0xA4, 0x02, 0xA8, 0x12, 0x3A, 0xD8, 0x19, 0x02, 0xA8, 0x12,
  0x9E, 0xB8, 0x3E, 0xE8, 0x02, 0xA0, 0x22, 0x81, 0x9F, 0xA4, 0x02, 0xA0, 0x22, 0x81, 0x9F, 0xA4,
  0x02, 0xA0, 0x22, 0x81, 0x9F, 0xA4, 0x02, 0xA0, 0x22, 0x81, 0x9F, 0xA4, 0x02, 0xA0, 0x22, 0x81,
  0x9F, 0xA4, 0x02, 0xA0, 0x22, 0x81, 0x9F, 0xA4, 0x02, 0xA0, 0x22, 0x81, 0x9F, 0xA4, 0x02, 0xA0,
  0x22, 0x81, 0x9F, 0xA4, 0x02, 0xA0, 0x22, 0x81, 0x9F, 0xA4, 0x02, 0xA0, 0x22, 0x81, 0x9F, 0xA4,
  0x02, 0xA0, 0x20,
  // Total: 28298 bytes.
};

const Font& font_NotoSans_Medium_22() {
  static SmoothFontV2 font(font_NotoSans_Medium_22_data);
  return font;
}

}  // namespace roo_display
