#include "24.h"
#include <inttypes.h>
#include "roo_display/hal/progmem.h"
#include "roo_display/font/smooth_font_v2.h"

namespace roo_display {

// Font NotoSans-Medium (Noto Sans Medium)
// Generated on Fri Jul 31 17:49:44 EEST 2026.
// 347 glyphs (314 compressed, 33 uncompressed), 30460 bytes total, 10479 bytes saved by RLE.
static const uint8_t font_NotoSans_Medium_24_data[] PROGMEM = {
  
  // Header (32 bytes).
  0x02, 0x00, 0x04, 0x02, 0x01, 0x02, 0x01, 0x01, 0x5B, 0x00, 0x06,
  0xFB, 0xFB, 0x1B, 0x18, 0x12, 0xFA, 0x06, 0x03, 0x1D, 0x07, 0x07, 0x00, 0x5F,
  0x02, 0x00, 0x84, 0x00, 0x10, 0x0E, 0x00, 0x00,
  
  // Cmap (347 glyphs, 100 bytes).
  0x00, 0x21, 0x00, 0x5E, 0x00, 0x00, 0x00, 0x00, 0x00, 0x00, 0x00, 0x00, // U+0021..U+007E dense.
  0x00, 0xA1, 0x00, 0x0C, 0x00, 0x5E, 0x00, 0x00, 0x00, 0x00, 0x00, 0x00, // U+00A1..U+00AC dense.
  0x00, 0xAE, 0x00, 0xD2, 0x00, 0x6A, 0x00, 0x00, 0x00, 0x00, 0x00, 0x00, // U+00AE..U+017F dense.
  0x03, 0xA9, 0x1C, 0x6C, 0x01, 0x3C, 0x00, 0x05, 0x00, 0x00, 0x68, 0x01, // U+03A9..U+2014 sparse.
  0x20, 0x18, 0x00, 0x0B, 0x01, 0x47, 0x00, 0x00, 0x00, 0x00, 0x00, 0x00, // U+2018..U+2022 dense.
  0x20, 0x26, 0xDA, 0xDD, 0x01, 0x52, 0x00, 0x09, 0x00, 0x00, 0x72, 0x01, // U+2026..U+FB02 sparse.
  
  // Sparse indirection: glyphs 316..320, range U+03A9..U+2014.
  0x00, 0x00, // U+03A9.
  0x00, 0x13, // U+03BC.
  0x00, 0x17, // U+03C0.
  0x1C, 0x6A, // U+2013.
  0x1C, 0x6B, // U+2014.
  
  // Sparse indirection: glyphs 338..346, range U+2026..U+FB02.
  0x00, 0x00, // U+2026.
  0x00, 0x0A, // U+2030.
  0x00, 0x13, // U+2039.
  0x00, 0x14, // U+203A.
  0x00, 0x1E, // U+2044.
  0x00, 0xFC, // U+2122.
  0x01, 0x2C, // U+2152.
  0xDA, 0xDB, // U+FB01.
  0xDA, 0xDC, // U+FB02.
  
  // Glyph metrics (347 glyphs, 2429 bytes).
  0x41, 0x01, 0x04, 0x11, 0x07, 0x00, 0x00, // "!" (U+0021)
  0x41, 0x0C, 0x08, 0x11, 0x0A, 0x00, 0x22, // """ (U+0022)
  0x00, 0x01, 0x0E, 0x11, 0x10, 0x00, 0x3A, // "#" (U+0023)
  0x01, 0x00, 0x0C, 0x12, 0x0E, 0x00, 0x96, // "$" (U+0024)
  0x01, 0x01, 0x13, 0x11, 0x14, 0x00, 0xEF, // "%" (U+0025)
  0x01, 0x01, 0x11, 0x11, 0x12, 0x01, 0x84, // "&" (U+0026)
  0x41, 0x0C, 0x04, 0x11, 0x06, 0x01, 0xF8, // "'" (U+0027)
  0x01, 0xFD, 0x06, 0x11, 0x07, 0x02, 0x04, // "(" (U+0028)
  0x00, 0xFD, 0x06, 0x11, 0x07, 0x02, 0x41, // ")" (U+0029)
  0x01, 0x08, 0x0C, 0x12, 0x0D, 0x02, 0x7F, // "*" (U+002A)
  0x01, 0x04, 0x0C, 0x0E, 0x0E, 0x02, 0xB6, // "+" (U+002B)
  0x41, 0xFE, 0x04, 0x03, 0x07, 0x02, 0xDE, // "," (U+002C)
  0x00, 0x06, 0x06, 0x08, 0x08, 0x02, 0xEA, // "-" (U+002D)
  0x41, 0x01, 0x04, 0x03, 0x07, 0x02, 0xF1, // "." (U+002E)
  0x00, 0x01, 0x08, 0x11, 0x09, 0x02, 0xF7, // "/" (U+002F)
  0x01, 0x01, 0x0C, 0x11, 0x0E, 0x03, 0x2B, // "0" (U+0030)
  0x02, 0x01, 0x08, 0x11, 0x0E, 0x03, 0x7F, // "1" (U+0031)
  0x01, 0x01, 0x0C, 0x11, 0x0E, 0x03, 0xB8, // "2" (U+0032)
  0x01, 0x01, 0x0C, 0x11, 0x0E, 0x03, 0xFC, // "3" (U+0033)
  0x00, 0x01, 0x0D, 0x11, 0x0E, 0x04, 0x48, // "4" (U+0034)
  0x01, 0x01, 0x0C, 0x11, 0x0E, 0x04, 0x98, // "5" (U+0035)
  0x01, 0x01, 0x0C, 0x11, 0x0E, 0x04, 0xE1, // "6" (U+0036)
  0x00, 0x01, 0x0C, 0x11, 0x0E, 0x05, 0x36, // "7" (U+0037)
  0x01, 0x01, 0x0C, 0x11, 0x0E, 0x05, 0x73, // "8" (U+0038)
  0x01, 0x01, 0x0C, 0x11, 0x0E, 0x05, 0xCF, // "9" (U+0039)
  0x01, 0x01, 0x04, 0x0D, 0x07, 0x06, 0x21, // ":" (U+003A)
  0x00, 0xFE, 0x04, 0x0D, 0x07, 0x06, 0x32, // ";" (U+003B)
  0x01, 0x03, 0x0C, 0x0F, 0x0E, 0x06, 0x4E, // "<" (U+003C)
  0x01, 0x06, 0x0C, 0x0C, 0x0E, 0x06, 0x87, // "=" (U+003D)
  0x01, 0x03, 0x0C, 0x0F, 0x0E, 0x06, 0x99, // ">" (U+003E)
  0x00, 0x01, 0x0A, 0x11, 0x0B, 0x06, 0xD1, // "?" (U+003F)
  0x01, 0xFF, 0x14, 0x11, 0x16, 0x07, 0x0A, // "@" (U+0040)
  0x00, 0x01, 0x0F, 0x11, 0x10, 0x07, 0xA9, // "A" (U+0041)
  0x02, 0x01, 0x0E, 0x11, 0x10, 0x08, 0x04, // "B" (U+0042)
  0x01, 0x01, 0x0E, 0x11, 0x0F, 0x08, 0x5E, // "C" (U+0043)
  0x02, 0x01, 0x10, 0x11, 0x12, 0x08, 0xA8, // "D" (U+0044)
  0x02, 0x01, 0x0B, 0x11, 0x0D, 0x09, 0x0A, // "E" (U+0045)
  0x02, 0x01, 0x0B, 0x11, 0x0D, 0x09, 0x41, // "F" (U+0046)
  0x01, 0x01, 0x0F, 0x11, 0x11, 0x09, 0x77, // "G" (U+0047)
  0x02, 0x01, 0x0F, 0x11, 0x12, 0x09, 0xD4, // "H" (U+0048)
  0x00, 0x01, 0x07, 0x11, 0x09, 0x0A, 0x27, // "I" (U+0049)
  0xFE, 0xFD, 0x04, 0x11, 0x07, 0x0A, 0x50, // "J" (U+004A)
  0x02, 0x01, 0x0E, 0x11, 0x0F, 0x0A, 0x91, // "K" (U+004B)
  0x02, 0x01, 0x0C, 0x11, 0x0D, 0x0A, 0xF2, // "L" (U+004C)
  0x02, 0x01, 0x13, 0x11, 0x16, 0x0B, 0x2E, // "M" (U+004D)
  0x02, 0x01, 0x10, 0x11, 0x13, 0x0B, 0xBC, // "N" (U+004E)
  0x01, 0x01, 0x11, 0x11, 0x13, 0x0C, 0x2C, // "O" (U+004F)
  0x02, 0x01, 0x0D, 0x11, 0x0F, 0x0C, 0x94, // "P" (U+0050)
  0x01, 0xFD, 0x11, 0x11, 0x13, 0x0C, 0xE0, // "Q" (U+0051)
  0x02, 0x01, 0x0E, 0x11, 0x0F, 0x0D, 0x57, // "R" (U+0052)
  0x01, 0x01, 0x0C, 0x11, 0x0D, 0x0D, 0xB4, // "S" (U+0053)
  0x00, 0x01, 0x0D, 0x11, 0x0E, 0x0E, 0x00, // "T" (U+0054)
  0x02, 0x01, 0x0F, 0x11, 0x12, 0x0E, 0x2F, // "U" (U+0055)
  0x00, 0x01, 0x0E, 0x11, 0x0F, 0x0E, 0x82, // "V" (U+0056)
  0x00, 0x01, 0x16, 0x11, 0x17, 0x0E, 0xDE, // "W" (U+0057)
  0x00, 0x01, 0x0E, 0x11, 0x0F, 0x0F, 0x7C, // "X" (U+0058)
  0x00, 0x01, 0x0D, 0x11, 0x0E, 0x0F, 0xDB, // "Y" (U+0059)
  0x00, 0x01, 0x0C, 0x11, 0x0E, 0x10, 0x29, // "Z" (U+005A)
  0x01, 0xFD, 0x07, 0x11, 0x08, 0x10, 0x69, // "[" (U+005B)
  0x00, 0x01, 0x08, 0x11, 0x09, 0x10, 0xA8, // "\" (U+005C)
  0x00, 0xFD, 0x06, 0x11, 0x08, 0x10, 0xDB, // "]" (U+005D)
  0x01, 0x07, 0x0C, 0x11, 0x0E, 0x11, 0x1A, // "^" (U+005E)
  0x00, 0xFD, 0x0A, 0xFF, 0x0A, 0x11, 0x50, // "_" (U+005F)
  0x41, 0x0F, 0x06, 0x12, 0x07, 0x11, 0x57, // "`" (U+0060)
  0x01, 0x01, 0x0B, 0x0D, 0x0E, 0x11, 0x63, // "a" (U+0061)
  0x02, 0x01, 0x0D, 0x12, 0x0F, 0x11, 0xA3, // "b" (U+0062)
  0x01, 0x01, 0x0A, 0x0D, 0x0C, 0x11, 0xF0, // "c" (U+0063)
  0x01, 0x01, 0x0C, 0x12, 0x0F, 0x12, 0x21, // "d" (U+0064)
  0x01, 0x01, 0x0C, 0x0D, 0x0E, 0x12, 0x7B, // "e" (U+0065)
  0x00, 0x01, 0x09, 0x12, 0x09, 0x12, 0xB6, // "f" (U+0066)
  0x01, 0xFB, 0x0C, 0x0D, 0x0F, 0x12, 0xF4, // "g" (U+0067)
  0x02, 0x01, 0x0D, 0x12, 0x0F, 0x13, 0x59, // "h" (U+0068)
  0x01, 0x01, 0x04, 0x12, 0x07, 0x13, 0xA3, // "i" (U+0069)
  0xFE, 0xFB, 0x04, 0x12, 0x07, 0x13, 0xC5, // "j" (U+006A)
  0x02, 0x01, 0x0C, 0x12, 0x0D, 0x13, 0xFB, // "k" (U+006B)
  0x42, 0x01, 0x04, 0x12, 0x07, 0x14, 0x43, // "l" (U+006C)
  0x02, 0x01, 0x14, 0x0D, 0x17, 0x14, 0x5E, // "m" (U+006D)
  0x02, 0x01, 0x0D, 0x0D, 0x0F, 0x14, 0xC5, // "n" (U+006E)
  0x01, 0x01, 0x0D, 0x0D, 0x0F, 0x15, 0x03, // "o" (U+006F)
  0x02, 0xFB, 0x0D, 0x0D, 0x0F, 0x15, 0x47, // "p" (U+0070)
  0x01, 0xFB, 0x0C, 0x0D, 0x0F, 0x15, 0x98, // "q" (U+0071)
  0x02, 0x01, 0x09, 0x0D, 0x0A, 0x15, 0xF5, // "r" (U+0072)
  0x01, 0x01, 0x0A, 0x0D, 0x0C, 0x16, 0x16, // "s" (U+0073)
  0x00, 0x01, 0x08, 0x10, 0x09, 0x16, 0x4D, // "t" (U+0074)
  0x01, 0x01, 0x0D, 0x0D, 0x0F, 0x16, 0x82, // "u" (U+0075)
  0x00, 0x01, 0x0C, 0x0D, 0x0D, 0x16, 0xCA, // "v" (U+0076)
  0x00, 0x01, 0x12, 0x0D, 0x13, 0x17, 0x0C, // "w" (U+0077)
  0x00, 0x01, 0x0C, 0x0D, 0x0D, 0x17, 0x7D, // "x" (U+0078)
  0x00, 0xFB, 0x0C, 0x0D, 0x0D, 0x17, 0xC1, // "y" (U+0079)
  0x00, 0x01, 0x0A, 0x0D, 0x0B, 0x18, 0x1B, // "z" (U+007A)
  0x00, 0xFD, 0x08, 0x11, 0x09, 0x18, 0x49, // "{" (U+007B)
  0x45, 0xFB, 0x07, 0x12, 0x0D, 0x18, 0x8D, // "|" (U+007C)
  0x00, 0xFD, 0x08, 0x11, 0x09, 0x18, 0xB1, // "}" (U+007D)
  0x01, 0x08, 0x0C, 0x0A, 0x0E, 0x18, 0xFB, // "~" (U+007E)
  0x41, 0xFD, 0x04, 0x0D, 0x07, 0x19, 0x0C, // "¡" (U+00A1)
  0x02, 0x01, 0x0B, 0x11, 0x0E, 0x19, 0x2E, // "¢" (U+00A2)
  0x00, 0x01, 0x0C, 0x11, 0x0E, 0x19, 0x6D, // "£" (U+00A3)
  0x01, 0x03, 0x0C, 0x0E, 0x0E, 0x19, 0xB0, // "¤" (U+00A4)
  0x00, 0x01, 0x0D, 0x11, 0x0E, 0x19, 0xF3, // "¥" (U+00A5)
  0x05, 0xFB, 0x07, 0x12, 0x0D, 0x1A, 0x45, // "¦" (U+00A6)
  0x01, 0x01, 0x0A, 0x12, 0x0C, 0x1A, 0x65, // "§" (U+00A7)
  0x43, 0x10, 0x0A, 0x11, 0x0E, 0x1A, 0xB6, // "¨" (U+00A8)
  0x01, 0x00, 0x12, 0x11, 0x14, 0x1A, 0xBE, // "©" (U+00A9)
  0x40, 0x09, 0x07, 0x11, 0x09, 0x1B, 0x46, // "ª" (U+00AA)
  0x41, 0x02, 0x0B, 0x0C, 0x0D, 0x1B, 0x6A, // "«" (U+00AB)
  0x01, 0x03, 0x0C, 0x0A, 0x0E, 0x1B, 0xA7, // "¬" (U+00AC)
  0x01, 0x00, 0x12, 0x11, 0x14, 0x1B, 0xC1, // "®" (U+00AE)
  0xFF, 0x13, 0x0C, 0x15, 0x0C, 0x1C, 0x50, // "¯" (U+00AF)
  0x41, 0x0B, 0x08, 0x12, 0x0A, 0x1C, 0x59, // "°" (U+00B0)
  0x01, 0x01, 0x0C, 0x0E, 0x0E, 0x1C, 0x79, // "±" (U+00B1)
  0x00, 0x0B, 0x07, 0x15, 0x09, 0x1C, 0xAA, // "²" (U+00B2)
  0x40, 0x0B, 0x07, 0x15, 0x09, 0x1C, 0xD1, // "³" (U+00B3)
  0x41, 0x0F, 0x06, 0x12, 0x07, 0x1C, 0xFD, // "´" (U+00B4)
  0x02, 0xFB, 0x0D, 0x0D, 0x0F, 0x1D, 0x09, // "µ" (U+00B5)
  0x01, 0xFD, 0x0D, 0x12, 0x10, 0x1D, 0x55, // "¶" (U+00B6)
  0x41, 0x08, 0x04, 0x0A, 0x07, 0x1D, 0xC0, // "·" (U+00B7)
  0x40, 0xFB, 0x04, 0x00, 0x05, 0x1D, 0xC6, // "¸" (U+00B8)
  0x41, 0x0B, 0x06, 0x14, 0x09, 0x1D, 0xD5, // "¹" (U+00B9)
  0x00, 0x09, 0x08, 0x11, 0x09, 0x1D, 0xF3, // "º" (U+00BA)
  0x41, 0x02, 0x0B, 0x0C, 0x0D, 0x1E, 0x1B, // "»" (U+00BB)
  0x00, 0x01, 0x12, 0x11, 0x12, 0x1E, 0x58, // "¼" (U+00BC)
  0x00, 0x01, 0x12, 0x11, 0x13, 0x1E, 0xD7, // "½" (U+00BD)
  0x00, 0x01, 0x12, 0x11, 0x13, 0x1F, 0x52, // "¾" (U+00BE)
  0x00, 0xFD, 0x0A, 0x0D, 0x0B, 0x1F, 0xD8, // "¿" (U+00BF)
  0x00, 0x01, 0x0F, 0x16, 0x10, 0x20, 0x11, // "À" (U+00C0)
  0x00, 0x01, 0x0F, 0x16, 0x10, 0x20, 0x7D, // "Á" (U+00C1)
  0x00, 0x01, 0x0F, 0x16, 0x10, 0x20, 0xE9, // "Â" (U+00C2)
  0x00, 0x01, 0x0F, 0x16, 0x10, 0x21, 0x5C, // "Ã" (U+00C3)
  0x00, 0x01, 0x0F, 0x15, 0x10, 0x21, 0xC9, // "Ä" (U+00C4)
  0x00, 0x01, 0x0F, 0x15, 0x10, 0x22, 0x33, // "Å" (U+00C5)
  0x00, 0x01, 0x14, 0x11, 0x16, 0x22, 0xA2, // "Æ" (U+00C6)
  0x01, 0xFB, 0x0E, 0x11, 0x0F, 0x23, 0x0A, // "Ç" (U+00C7)
  0x02, 0x01, 0x0B, 0x16, 0x0D, 0x23, 0x6A, // "È" (U+00C8)
  0x02, 0x01, 0x0B, 0x16, 0x0D, 0x23, 0xB0, // "É" (U+00C9)
  0x02, 0x01, 0x0B, 0x16, 0x0D, 0x23, 0xF5, // "Ê" (U+00CA)
  0x02, 0x01, 0x0B, 0x15, 0x0D, 0x24, 0x42, // "Ë" (U+00CB)
  0x00, 0x01, 0x07, 0x16, 0x09, 0x24, 0x87, // "Ì" (U+00CC)
  0x00, 0x01, 0x08, 0x16, 0x09, 0x24, 0xBE, // "Í" (U+00CD)
  0x00, 0x01, 0x08, 0x16, 0x09, 0x24, 0xF5, // "Î" (U+00CE)
  0x00, 0x01, 0x07, 0x15, 0x09, 0x25, 0x34, // "Ï" (U+00CF)
  0x00, 0x01, 0x10, 0x11, 0x12, 0x25, 0x68, // "Ð" (U+00D0)
  0x02, 0x01, 0x10, 0x16, 0x13, 0x25, 0xC8, // "Ñ" (U+00D1)
  0x01, 0x01, 0x11, 0x16, 0x13, 0x26, 0x4A, // "Ò" (U+00D2)
  0x01, 0x01, 0x11, 0x16, 0x13, 0x26, 0xC3, // "Ó" (U+00D3)
  0x01, 0x01, 0x11, 0x16, 0x13, 0x27, 0x3B, // "Ô" (U+00D4)
  0x01, 0x01, 0x11, 0x16, 0x13, 0x27, 0xBB, // "Õ" (U+00D5)
  0x01, 0x01, 0x11, 0x15, 0x13, 0x28, 0x37, // "Ö" (U+00D6)
  0x01, 0x04, 0x0B, 0x0E, 0x0E, 0x28, 0xAE, // "×" (U+00D7)
  0x01, 0x00, 0x11, 0x12, 0x13, 0x28, 0xE2, // "Ø" (U+00D8)
  0x02, 0x01, 0x0F, 0x16, 0x12, 0x29, 0x68, // "Ù" (U+00D9)
  0x02, 0x01, 0x0F, 0x16, 0x12, 0x29, 0xCC, // "Ú" (U+00DA)
  0x02, 0x01, 0x0F, 0x16, 0x12, 0x2A, 0x2F, // "Û" (U+00DB)
  0x02, 0x01, 0x0F, 0x15, 0x12, 0x2A, 0x99, // "Ü" (U+00DC)
  0x00, 0x01, 0x0D, 0x16, 0x0E, 0x2A, 0xFB, // "Ý" (U+00DD)
  0x02, 0x01, 0x0D, 0x11, 0x0F, 0x2B, 0x58, // "Þ" (U+00DE)
  0x02, 0x01, 0x0E, 0x12, 0x10, 0x2B, 0xA3, // "ß" (U+00DF)
  0x01, 0x01, 0x0B, 0x12, 0x0E, 0x2C, 0x07, // "à" (U+00E0)
  0x01, 0x01, 0x0B, 0x12, 0x0E, 0x2C, 0x56, // "á" (U+00E1)
  0x01, 0x01, 0x0B, 0x12, 0x0E, 0x2C, 0xA3, // "â" (U+00E2)
  0x01, 0x01, 0x0B, 0x12, 0x0E, 0x2C, 0xF8, // "ã" (U+00E3)
  0x01, 0x01, 0x0B, 0x11, 0x0E, 0x2D, 0x49, // "ä" (U+00E4)
  0x01, 0x01, 0x0B, 0x14, 0x0E, 0x2D, 0x96, // "å" (U+00E5)
  0x01, 0x01, 0x13, 0x0D, 0x15, 0x2D, 0xEE, // "æ" (U+00E6)
  0x01, 0xFB, 0x0A, 0x0D, 0x0C, 0x2E, 0x4C, // "ç" (U+00E7)
  0x01, 0x01, 0x0C, 0x12, 0x0E, 0x2E, 0x91, // "è" (U+00E8)
  0x01, 0x01, 0x0C, 0x12, 0x0E, 0x2E, 0xDC, // "é" (U+00E9)
  0x01, 0x01, 0x0C, 0x12, 0x0E, 0x2F, 0x25, // "ê" (U+00EA)
  0x01, 0x01, 0x0C, 0x11, 0x0E, 0x2F, 0x76, // "ë" (U+00EB)
  0x00, 0x01, 0x05, 0x12, 0x07, 0x2F, 0xBF, // "ì" (U+00EC)
  0x02, 0x01, 0x07, 0x12, 0x07, 0x2F, 0xE7, // "í" (U+00ED)
  0xFF, 0x01, 0x07, 0x12, 0x07, 0x30, 0x0E, // "î" (U+00EE)
  0xFF, 0x01, 0x06, 0x11, 0x07, 0x30, 0x3D, // "ï" (U+00EF)
  0x01, 0x01, 0x0D, 0x13, 0x0F, 0x30, 0x63, // "ð" (U+00F0)
  0x02, 0x01, 0x0D, 0x12, 0x0F, 0x30, 0xC8, // "ñ" (U+00F1)
  0x01, 0x01, 0x0D, 0x12, 0x0F, 0x31, 0x18, // "ò" (U+00F2)
  0x01, 0x01, 0x0D, 0x12, 0x0F, 0x31, 0x6C, // "ó" (U+00F3)
  0x01, 0x01, 0x0D, 0x12, 0x0F, 0x31, 0xBF, // "ô" (U+00F4)
  0x01, 0x01, 0x0D, 0x12, 0x0F, 0x32, 0x19, // "õ" (U+00F5)
  0x01, 0x01, 0x0D, 0x11, 0x0F, 0x32, 0x6F, // "ö" (U+00F6)
  0x01, 0x04, 0x0C, 0x0E, 0x0E, 0x32, 0xC1, // "÷" (U+00F7)
  0x01, 0x00, 0x0D, 0x0E, 0x0F, 0x32, 0xE0, // "ø" (U+00F8)
  0x01, 0x01, 0x0D, 0x12, 0x0F, 0x33, 0x38, // "ù" (U+00F9)
  0x01, 0x01, 0x0D, 0x12, 0x0F, 0x33, 0x90, // "ú" (U+00FA)
  0x01, 0x01, 0x0D, 0x12, 0x0F, 0x33, 0xE7, // "û" (U+00FB)
  0x01, 0x01, 0x0D, 0x11, 0x0F, 0x34, 0x45, // "ü" (U+00FC)
  0x00, 0xFB, 0x0C, 0x12, 0x0D, 0x34, 0x9B, // "ý" (U+00FD)
  0x02, 0xFB, 0x0D, 0x12, 0x0F, 0x35, 0x05, // "þ" (U+00FE)
  0x00, 0xFB, 0x0C, 0x11, 0x0D, 0x35, 0x61, // "ÿ" (U+00FF)
  0x00, 0x01, 0x0F, 0x15, 0x10, 0x35, 0xCA, // "Ā" (U+0100)
  0x01, 0x01, 0x0B, 0x11, 0x0E, 0x36, 0x2E, // "ā" (U+0101)
  0x00, 0x01, 0x0F, 0x16, 0x10, 0x36, 0x75, // "Ă" (U+0102)
  0x01, 0x01, 0x0B, 0x12, 0x0E, 0x36, 0xE5, // "ă" (U+0103)
  0x00, 0xFC, 0x0F, 0x11, 0x10, 0x37, 0x38, // "Ą" (U+0104)
  0x01, 0xFC, 0x0C, 0x0D, 0x0E, 0x37, 0xA5, // "ą" (U+0105)
  0x01, 0x01, 0x0E, 0x16, 0x0F, 0x37, 0xF9, // "Ć" (U+0106)
  0x01, 0x01, 0x0A, 0x12, 0x0C, 0x38, 0x53, // "ć" (U+0107)
  0x01, 0x01, 0x0E, 0x16, 0x0F, 0x38, 0x91, // "Ĉ" (U+0108)
  0x01, 0x01, 0x0B, 0x12, 0x0C, 0x38, 0xF1, // "ĉ" (U+0109)
  0x01, 0x01, 0x0E, 0x16, 0x0F, 0x39, 0x3B, // "Ċ" (U+010A)
  0x01, 0x01, 0x0A, 0x12, 0x0C, 0x39, 0x90, // "ċ" (U+010B)
  0x01, 0x01, 0x0E, 0x16, 0x0F, 0x39, 0xCA, // "Č" (U+010C)
  0x01, 0x01, 0x0B, 0x12, 0x0C, 0x3A, 0x29, // "č" (U+010D)
  0x02, 0x01, 0x10, 0x16, 0x12, 0x3A, 0x73, // "Ď" (U+010E)
  0x01, 0x01, 0x10, 0x12, 0x0F, 0x3A, 0xEB, // "ď" (U+010F)
  0x00, 0x01, 0x10, 0x11, 0x12, 0x3B, 0x56, // "Đ" (U+0110)
  0x01, 0x01, 0x0E, 0x12, 0x0F, 0x3B, 0xB6, // "đ" (U+0111)
  0x02, 0x01, 0x0B, 0x15, 0x0D, 0x3C, 0x1B, // "Ē" (U+0112)
  0x01, 0x01, 0x0C, 0x11, 0x0E, 0x3C, 0x5A, // "ē" (U+0113)
  0x02, 0x01, 0x0B, 0x16, 0x0D, 0x3C, 0x9D, // "Ĕ" (U+0114)
  0x01, 0x01, 0x0C, 0x12, 0x0E, 0x3C, 0xE7, // "ĕ" (U+0115)
  0x02, 0x01, 0x0B, 0x16, 0x0D, 0x3D, 0x35, // "Ė" (U+0116)
  0x01, 0x01, 0x0C, 0x12, 0x0E, 0x3D, 0x76, // "ė" (U+0117)
  0x02, 0xFC, 0x0C, 0x11, 0x0D, 0x3D, 0xBC, // "Ę" (U+0118)
  0x01, 0xFB, 0x0C, 0x0D, 0x0E, 0x3E, 0x0A, // "ę" (U+0119)
  0x02, 0x01, 0x0B, 0x16, 0x0D, 0x3E, 0x5A, // "Ě" (U+011A)
  0x01, 0x01, 0x0C, 0x12, 0x0E, 0x3E, 0xA6, // "ě" (U+011B)
  0x01, 0x01, 0x0F, 0x16, 0x11, 0x3E, 0xF6, // "Ĝ" (U+011C)
  0x01, 0xFB, 0x0C, 0x12, 0x0F, 0x3F, 0x6A, // "ĝ" (U+011D)
  0x01, 0x01, 0x0F, 0x16, 0x11, 0x3F, 0xE4, // "Ğ" (U+011E)
  0x01, 0xFB, 0x0C, 0x12, 0x0F, 0x40, 0x55, // "ğ" (U+011F)
  0x01, 0x01, 0x0F, 0x16, 0x11, 0x40, 0xCD, // "Ġ" (U+0120)
  0x01, 0xFB, 0x0C, 0x12, 0x0F, 0x41, 0x35, // "ġ" (U+0121)
  0x01, 0xFB, 0x0F, 0x11, 0x11, 0x41, 0xA5, // "Ģ" (U+0122)
  0x01, 0xFB, 0x0C, 0x12, 0x0F, 0x42, 0x10, // "ģ" (U+0123)
  0x02, 0x01, 0x0F, 0x16, 0x12, 0x42, 0x83, // "Ĥ" (U+0124)
  0xFF, 0x01, 0x0D, 0x17, 0x0F, 0x42, 0xED, // "ĥ" (U+0125)
  0x00, 0x01, 0x11, 0x11, 0x12, 0x43, 0x53, // "Ħ" (U+0126)
  0x00, 0x01, 0x0D, 0x12, 0x0F, 0x43, 0xB8, // "ħ" (U+0127)
  0x00, 0x01, 0x08, 0x16, 0x09, 0x44, 0x0C, // "Ĩ" (U+0128)
  0xFF, 0x01, 0x07, 0x12, 0x07, 0x44, 0x45, // "ĩ" (U+0129)
  0x00, 0x01, 0x08, 0x15, 0x09, 0x44, 0x6E, // "Ī" (U+012A)
  0x00, 0x01, 0x07, 0x11, 0x07, 0x44, 0x9F, // "ī" (U+012B)
  0x00, 0x01, 0x07, 0x16, 0x09, 0x44, 0xC0, // "Ĭ" (U+012C)
  0xFF, 0x01, 0x06, 0x12, 0x07, 0x44, 0xF9, // "ĭ" (U+012D)
  0x00, 0xFC, 0x07, 0x11, 0x09, 0x45, 0x23, // "Į" (U+012E)
  0x01, 0xFC, 0x05, 0x12, 0x07, 0x45, 0x5B, // "į" (U+012F)
  0x00, 0x01, 0x07, 0x16, 0x09, 0x45, 0x8C, // "İ" (U+0130)
  0x42, 0x01, 0x04, 0x0D, 0x07, 0x45, 0xBE, // "ı" (U+0131)
  0x00, 0xFD, 0x0D, 0x11, 0x0F, 0x45, 0xD2, // "Ĳ" (U+0132)
  0x01, 0xFB, 0x0B, 0x12, 0x0D, 0x46, 0x3D, // "ĳ" (U+0133)
  0xFE, 0xFD, 0x07, 0x16, 0x07, 0x46, 0x98, // "Ĵ" (U+0134)
  0xFE, 0xFB, 0x07, 0x12, 0x07, 0x46, 0xF0, // "ĵ" (U+0135)
  0x02, 0xFB, 0x0E, 0x11, 0x0F, 0x47, 0x33, // "Ķ" (U+0136)
  0x02, 0xFB, 0x0C, 0x12, 0x0D, 0x47, 0xA3, // "ķ" (U+0137)
  0x02, 0x01, 0x0C, 0x0D, 0x0D, 0x47, 0xFA, // "ĸ" (U+0138)
  0x02, 0x01, 0x0C, 0x16, 0x0D, 0x48, 0x39, // "Ĺ" (U+0139)
  0x02, 0x01, 0x07, 0x17, 0x07, 0x48, 0x83, // "ĺ" (U+013A)
  0x02, 0xFB, 0x0C, 0x11, 0x0D, 0x48, 0xB4, // "Ļ" (U+013B)
  0x01, 0xFB, 0x04, 0x12, 0x07, 0x48, 0xFF, // "ļ" (U+013C)
  0x02, 0x01, 0x0C, 0x11, 0x0D, 0x49, 0x2D, // "Ľ" (U+013D)
  0x02, 0x01, 0x08, 0x12, 0x07, 0x49, 0x70, // "ľ" (U+013E)
  0x02, 0x01, 0x0C, 0x11, 0x0D, 0x49, 0x9C, // "Ŀ" (U+013F)
  0x02, 0x01, 0x07, 0x12, 0x07, 0x49, 0xDF, // "ŀ" (U+0140)
  0x00, 0x01, 0x0C, 0x11, 0x0D, 0x4A, 0x07, // "Ł" (U+0141)
  0xFF, 0x01, 0x06, 0x12, 0x07, 0x4A, 0x4B, // "ł" (U+0142)
  0x02, 0x01, 0x10, 0x16, 0x13, 0x4A, 0x86, // "Ń" (U+0143)
  0x02, 0x01, 0x0D, 0x12, 0x0F, 0x4B, 0x06, // "ń" (U+0144)
  0x02, 0xFB, 0x10, 0x11, 0x13, 0x4B, 0x52, // "Ņ" (U+0145)
  0x02, 0xFB, 0x0D, 0x0D, 0x0F, 0x4B, 0xD2, // "ņ" (U+0146)
  0x02, 0x01, 0x10, 0x16, 0x13, 0x4C, 0x1E, // "Ň" (U+0147)
  0x02, 0x01, 0x0D, 0x12, 0x0F, 0x4C, 0xA4, // "ň" (U+0148)
  0x00, 0x01, 0x0F, 0x11, 0x11, 0x4C, 0xF7, // "ŉ" (U+0149)
  0x02, 0xFC, 0x10, 0x11, 0x13, 0x4D, 0x4E, // "Ŋ" (U+014A)
  0x02, 0xFB, 0x0D, 0x0D, 0x0F, 0x4D, 0xD1, // "ŋ" (U+014B)
  0x01, 0x01, 0x11, 0x15, 0x13, 0x4E, 0x25, // "Ō" (U+014C)
  0x01, 0x01, 0x0D, 0x11, 0x0F, 0x4E, 0x96, // "ō" (U+014D)
  0x01, 0x01, 0x11, 0x16, 0x13, 0x4E, 0xE2, // "Ŏ" (U+014E)
  0x01, 0x01, 0x0D, 0x12, 0x0F, 0x4F, 0x5F, // "ŏ" (U+014F)
  0x01, 0x01, 0x11, 0x16, 0x13, 0x4F, 0xB6, // "Ő" (U+0150)
  0x01, 0x01, 0x0D, 0x12, 0x0F, 0x50, 0x37, // "ő" (U+0151)
  0x01, 0x01, 0x15, 0x11, 0x17, 0x50, 0x92, // "Œ" (U+0152)
  0x01, 0x01, 0x15, 0x0D, 0x17, 0x50, 0xFF, // "œ" (U+0153)
  0x02, 0x01, 0x0E, 0x16, 0x0F, 0x51, 0x6B, // "Ŕ" (U+0154)
  0x02, 0x01, 0x09, 0x12, 0x0A, 0x51, 0xD7, // "ŕ" (U+0155)
  0x02, 0xFB, 0x0E, 0x11, 0x0F, 0x52, 0x06, // "Ŗ" (U+0156)
  0x01, 0xFB, 0x09, 0x0D, 0x0A, 0x52, 0x73, // "ŗ" (U+0157)
  0x02, 0x01, 0x0E, 0x16, 0x0F, 0x52, 0xA4, // "Ř" (U+0158)
  0x02, 0x01, 0x0A, 0x12, 0x0A, 0x53, 0x17, // "ř" (U+0159)
  0x01, 0x01, 0x0C, 0x16, 0x0D, 0x53, 0x4D, // "Ś" (U+015A)
  0x01, 0x01, 0x0A, 0x12, 0x0C, 0x53, 0xA7, // "ś" (U+015B)
  0x01, 0x01, 0x0C, 0x16, 0x0D, 0x53, 0xEC, // "Ŝ" (U+015C)
  0x01, 0x01, 0x0A, 0x12, 0x0C, 0x54, 0x4D, // "ŝ" (U+015D)
  0x01, 0xFB, 0x0C, 0x11, 0x0D, 0x54, 0x99, // "Ş" (U+015E)
  0x01, 0xFB, 0x0A, 0x0D, 0x0C, 0x54, 0xFA, // "ş" (U+015F)
  0x01, 0x01, 0x0C, 0x16, 0x0D, 0x55, 0x45, // "Š" (U+0160)
  0x01, 0x01, 0x0A, 0x12, 0x0C, 0x55, 0xA6, // "š" (U+0161)
  0x00, 0xFB, 0x0D, 0x11, 0x0E, 0x55, 0xF1, // "Ţ" (U+0162)
  0x00, 0xFB, 0x08, 0x10, 0x09, 0x56, 0x37, // "ţ" (U+0163)
  0x00, 0x01, 0x0D, 0x16, 0x0E, 0x56, 0x80, // "Ť" (U+0164)
  0x00, 0x01, 0x0B, 0x12, 0x09, 0x56, 0xC5, // "ť" (U+0165)
  0x00, 0x01, 0x0D, 0x11, 0x0E, 0x57, 0x0C, // "Ŧ" (U+0166)
  0x00, 0x01, 0x08, 0x10, 0x09, 0x57, 0x40, // "ŧ" (U+0167)
  0x02, 0x01, 0x0F, 0x16, 0x12, 0x57, 0x76, // "Ũ" (U+0168)
  0x01, 0x01, 0x0D, 0x12, 0x0F, 0x57, 0xDB, // "ũ" (U+0169)
  0x02, 0x01, 0x0F, 0x15, 0x12, 0x58, 0x35, // "Ū" (U+016A)
  0x01, 0x01, 0x0D, 0x11, 0x0F, 0x58, 0x90, // "ū" (U+016B)
  0x02, 0x01, 0x0F, 0x16, 0x12, 0x58, 0xE0, // "Ŭ" (U+016C)
  0x01, 0x01, 0x0D, 0x12, 0x0F, 0x59, 0x47, // "ŭ" (U+016D)
  0x02, 0x01, 0x0F, 0x18, 0x12, 0x59, 0xA2, // "Ů" (U+016E)
  0x01, 0x01, 0x0D, 0x14, 0x0F, 0x5A, 0x10, // "ů" (U+016F)
  0x02, 0x01, 0x0F, 0x16, 0x12, 0x5A, 0x71, // "Ű" (U+0170)
  0x01, 0x01, 0x0D, 0x12, 0x0F, 0x5A, 0xDB, // "ű" (U+0171)
  0x02, 0xFB, 0x0F, 0x11, 0x12, 0x5B, 0x3A, // "Ų" (U+0172)
  0x01, 0xFC, 0x0D, 0x0D, 0x0F, 0x5B, 0xA6, // "ų" (U+0173)
  0x00, 0x01, 0x16, 0x16, 0x17, 0x5C, 0x00, // "Ŵ" (U+0174)
  0x00, 0x01, 0x12, 0x12, 0x13, 0x5C, 0xB8, // "ŵ" (U+0175)
  0x00, 0x01, 0x0D, 0x16, 0x0E, 0x5D, 0x41, // "Ŷ" (U+0176)
  0x00, 0xFB, 0x0C, 0x12, 0x0D, 0x5D, 0xA5, // "ŷ" (U+0177)
  0x00, 0x01, 0x0D, 0x15, 0x0E, 0x5E, 0x15, // "Ÿ" (U+0178)
  0x00, 0x01, 0x0C, 0x16, 0x0E, 0x5E, 0x71, // "Ź" (U+0179)
  0x00, 0x01, 0x0A, 0x12, 0x0B, 0x5E, 0xC0, // "ź" (U+017A)
  0x00, 0x01, 0x0C, 0x16, 0x0E, 0x5E, 0xFC, // "Ż" (U+017B)
  0x00, 0x01, 0x0A, 0x12, 0x0B, 0x5F, 0x47, // "ż" (U+017C)
  0x00, 0x01, 0x0C, 0x16, 0x0E, 0x5F, 0x80, // "Ž" (U+017D)
  0x00, 0x01, 0x0A, 0x12, 0x0B, 0x5F, 0xD6, // "ž" (U+017E)
  0x02, 0x01, 0x08, 0x12, 0x08, 0x60, 0x19, // "ſ" (U+017F)
  0x00, 0x01, 0x11, 0x11, 0x13, 0x60, 0x42, // "Ω" (U+03A9)
  0x02, 0xFB, 0x0D, 0x0D, 0x0F, 0x60, 0xAF, // "μ" (U+03BC)
  0x00, 0x01, 0x0F, 0x0D, 0x10, 0x60, 0xFB, // "π" (U+03C0)
  0x01, 0x06, 0x0A, 0x08, 0x0C, 0x61, 0x42, // "–" (U+2013)
  0x01, 0x06, 0x16, 0x08, 0x18, 0x61, 0x46, // "—" (U+2014)
  0x00, 0xFE, 0x07, 0x08, 0x09, 0x61, 0x4B, // "₂" (U+2082)
  0x40, 0xFE, 0x07, 0x08, 0x09, 0x61, 0x72, // "₃" (U+2083)
  0x00, 0xFE, 0x08, 0x07, 0x09, 0x61, 0x9E, // "₄" (U+2084)
  0x00, 0xFE, 0x07, 0x08, 0x09, 0x61, 0xC4, // "₅" (U+2085)
  0x00, 0x01, 0x0D, 0x11, 0x0E, 0x61, 0xEC, // "€" (U+20AC)
  0x02, 0xFE, 0x0C, 0x14, 0x0E, 0x62, 0x3C, // "₿" (U+20BF)
  0x40, 0x0C, 0x04, 0x11, 0x04, 0x62, 0xA8, // "‘" (U+2018)
  0x40, 0x0C, 0x04, 0x11, 0x04, 0x62, 0xB7, // "’" (U+2019)
  0x40, 0xFE, 0x04, 0x03, 0x06, 0x62, 0xC6, // "‚" (U+201A)
  0x40, 0x0C, 0x04, 0x11, 0x04, 0x62, 0xD5, // "‛" (U+201B)
  0x40, 0x0C, 0x08, 0x11, 0x09, 0x62, 0xE4, // "“" (U+201C)
  0x40, 0x0C, 0x08, 0x11, 0x09, 0x62, 0xFF, // "”" (U+201D)
  0x40, 0xFE, 0x08, 0x03, 0x0B, 0x63, 0x1A, // "„" (U+201E)
  0x40, 0x0C, 0x08, 0x11, 0x09, 0x63, 0x35, // "‟" (U+201F)
  0x01, 0x01, 0x0A, 0x12, 0x0C, 0x63, 0x50, // "†" (U+2020)
  0x01, 0x01, 0x0A, 0x12, 0x0C, 0x63, 0x8A, // "‡" (U+2021)
  0x01, 0x07, 0x07, 0x0C, 0x09, 0x63, 0xC8, // "•" (U+2022)
  0x41, 0x01, 0x11, 0x03, 0x13, 0x63, 0xDC, // "…" (U+2026)
  0x01, 0x01, 0x1B, 0x11, 0x1D, 0x63, 0xF6, // "‰" (U+2030)
  0x41, 0x02, 0x06, 0x0C, 0x08, 0x64, 0xBC, // "‹" (U+2039)
  0x41, 0x02, 0x06, 0x0C, 0x08, 0x64, 0xDD, // "›" (U+203A)
  0xFB, 0x01, 0x07, 0x11, 0x03, 0x64, 0xFE, // "⁄" (U+2044)
  0x40, 0x09, 0x10, 0x11, 0x13, 0x65, 0x3C, // "™" (U+2122)
  0x01, 0x01, 0x19, 0x11, 0x1A, 0x65, 0x89, // "⅒" (U+2152)
  0x00, 0x01, 0x0D, 0x12, 0x0F, 0x66, 0x2E, // "ﬁ" (U+FB01)
  0x00, 0x01, 0x0D, 0x12, 0x0F, 0x66, 0x8E, // "ﬂ" (U+FB02)
  
  // Kerning (16 classes, 76 sources, 417 entries, 1549 bytes).
  
  // Kerning header.
  0x00, 0x10, 0x00, 0x4C, 0x01, 0xA1,
  
  // Kerning sources.
  0x00, 0x01, 0x00, // """ (U+0022) -> class 0
  0x00, 0x05, 0x01, // "&" (U+0026) -> class 1
  0x00, 0x06, 0x00, // "'" (U+0027) -> class 0
  0x00, 0x0B, 0x02, // "," (U+002C) -> class 2
  0x00, 0x0C, 0x03, // "-" (U+002D) -> class 3
  0x00, 0x0D, 0x02, // "." (U+002E) -> class 2
  0x00, 0x20, 0x04, // "A" (U+0041) -> class 4
  0x00, 0x23, 0x05, // "D" (U+0044) -> class 5
  0x00, 0x25, 0x06, // "F" (U+0046) -> class 6
  0x00, 0x2B, 0x07, // "L" (U+004C) -> class 7
  0x00, 0x2E, 0x05, // "O" (U+004F) -> class 5
  0x00, 0x2F, 0x08, // "P" (U+0050) -> class 8
  0x00, 0x30, 0x05, // "Q" (U+0051) -> class 5
  0x00, 0x33, 0x09, // "T" (U+0054) -> class 9
  0x00, 0x35, 0x0A, // "V" (U+0056) -> class 10
  0x00, 0x36, 0x0A, // "W" (U+0057) -> class 10
  0x00, 0x38, 0x0B, // "Y" (U+0059) -> class 11
  0x00, 0x51, 0x0C, // "r" (U+0072) -> class 12
  0x00, 0x55, 0x06, // "v" (U+0076) -> class 6
  0x00, 0x56, 0x06, // "w" (U+0077) -> class 6
  0x00, 0x58, 0x06, // "y" (U+0079) -> class 6
  0x00, 0x5E, 0x0D, // "¡" (U+00A1) -> class 13
  0x00, 0x68, 0x01, // "«" (U+00AB) -> class 1
  0x00, 0x77, 0x0E, // "»" (U+00BB) -> class 14
  0x00, 0x7B, 0x0F, // "¿" (U+00BF) -> class 15
  0x00, 0x7C, 0x04, // "À" (U+00C0) -> class 4
  0x00, 0x7D, 0x04, // "Á" (U+00C1) -> class 4
  0x00, 0x7E, 0x04, // "Â" (U+00C2) -> class 4
  0x00, 0x7F, 0x04, // "Ã" (U+00C3) -> class 4
  0x00, 0x80, 0x04, // "Ä" (U+00C4) -> class 4
  0x00, 0x81, 0x04, // "Å" (U+00C5) -> class 4
  0x00, 0x8C, 0x05, // "Ð" (U+00D0) -> class 5
  0x00, 0x8E, 0x05, // "Ò" (U+00D2) -> class 5
  0x00, 0x8F, 0x05, // "Ó" (U+00D3) -> class 5
  0x00, 0x90, 0x05, // "Ô" (U+00D4) -> class 5
  0x00, 0x91, 0x05, // "Õ" (U+00D5) -> class 5
  0x00, 0x92, 0x05, // "Ö" (U+00D6) -> class 5
  0x00, 0x94, 0x05, // "Ø" (U+00D8) -> class 5
  0x00, 0x99, 0x0B, // "Ý" (U+00DD) -> class 11
  0x00, 0x9A, 0x08, // "Þ" (U+00DE) -> class 8
  0x00, 0xB9, 0x06, // "ý" (U+00FD) -> class 6
  0x00, 0xBB, 0x06, // "ÿ" (U+00FF) -> class 6
  0x00, 0xBC, 0x04, // "Ā" (U+0100) -> class 4
  0x00, 0xBE, 0x04, // "Ă" (U+0102) -> class 4
  0x00, 0xC0, 0x04, // "Ą" (U+0104) -> class 4
  0x00, 0xCA, 0x05, // "Ď" (U+010E) -> class 5
  0x00, 0xCC, 0x05, // "Đ" (U+0110) -> class 5
  0x00, 0xF5, 0x07, // "Ĺ" (U+0139) -> class 7
  0x00, 0xF7, 0x07, // "Ļ" (U+013B) -> class 7
  0x00, 0xF9, 0x07, // "Ľ" (U+013D) -> class 7
  0x00, 0xFB, 0x07, // "Ŀ" (U+013F) -> class 7
  0x00, 0xFD, 0x07, // "Ł" (U+0141) -> class 7
  0x01, 0x08, 0x05, // "Ō" (U+014C) -> class 5
  0x01, 0x0A, 0x05, // "Ŏ" (U+014E) -> class 5
  0x01, 0x0C, 0x05, // "Ő" (U+0150) -> class 5
  0x01, 0x11, 0x0C, // "ŕ" (U+0155) -> class 12
  0x01, 0x13, 0x0C, // "ŗ" (U+0157) -> class 12
  0x01, 0x15, 0x0C, // "ř" (U+0159) -> class 12
  0x01, 0x1E, 0x09, // "Ţ" (U+0162) -> class 9
  0x01, 0x20, 0x09, // "Ť" (U+0164) -> class 9
  0x01, 0x22, 0x09, // "Ŧ" (U+0166) -> class 9
  0x01, 0x30, 0x0A, // "Ŵ" (U+0174) -> class 10
  0x01, 0x31, 0x06, // "ŵ" (U+0175) -> class 6
  0x01, 0x32, 0x0B, // "Ŷ" (U+0176) -> class 11
  0x01, 0x33, 0x06, // "ŷ" (U+0177) -> class 6
  0x01, 0x34, 0x0B, // "Ÿ" (U+0178) -> class 11
  0x01, 0x3F, 0x03, // "–" (U+2013) -> class 3
  0x01, 0x40, 0x03, // "—" (U+2014) -> class 3
  0x01, 0x47, 0x00, // "‘" (U+2018) -> class 0
  0x01, 0x48, 0x00, // "’" (U+2019) -> class 0
  0x01, 0x49, 0x02, // "‚" (U+201A) -> class 2
  0x01, 0x4B, 0x00, // "“" (U+201C) -> class 0
  0x01, 0x4C, 0x00, // "”" (U+201D) -> class 0
  0x01, 0x4D, 0x02, // "„" (U+201E) -> class 2
  0x01, 0x54, 0x01, // "‹" (U+2039) -> class 1
  0x01, 0x55, 0x0E, // "›" (U+203A) -> class 14
  
  // Kerning classes.
  0x00, 0x00, 0x00, 0x52, // class 0 entries
  0x00, 0x52, 0x00, 0x08, // class 1 entries
  0x00, 0x5A, 0x00, 0x22, // class 2 entries
  0x00, 0x7C, 0x00, 0x04, // class 3 entries
  0x00, 0x80, 0x00, 0x0F, // class 4 entries
  0x00, 0x8F, 0x00, 0x09, // class 5 entries
  0x00, 0x98, 0x00, 0x05, // class 6 entries
  0x00, 0x9D, 0x00, 0x08, // class 7 entries
  0x00, 0xA5, 0x00, 0x10, // class 8 entries
  0x00, 0xB5, 0x00, 0x61, // class 9 entries
  0x01, 0x16, 0x00, 0x11, // class 10 entries
  0x01, 0x27, 0x00, 0x5B, // class 11 entries
  0x01, 0x82, 0x00, 0x05, // class 12 entries
  0x01, 0x87, 0x00, 0x04, // class 13 entries
  0x01, 0x8B, 0x00, 0x0B, // class 14 entries
  0x01, 0x96, 0x00, 0x0B, // class 15 entries
  
  // Kerning destinations.
  0x00, 0x20, 0x02, // class 0 -> "A" (U+0041)
  0x00, 0x40, 0x01, // class 0 -> "a" (U+0061)
  0x00, 0x42, 0x01, // class 0 -> "c" (U+0063)
  0x00, 0x43, 0x01, // class 0 -> "d" (U+0064)
  0x00, 0x44, 0x01, // class 0 -> "e" (U+0065)
  0x00, 0x46, 0x01, // class 0 -> "g" (U+0067)
  0x00, 0x4C, 0x01, // class 0 -> "m" (U+006D)
  0x00, 0x4D, 0x01, // class 0 -> "n" (U+006E)
  0x00, 0x4E, 0x01, // class 0 -> "o" (U+006F)
  0x00, 0x4F, 0x01, // class 0 -> "p" (U+0070)
  0x00, 0x50, 0x01, // class 0 -> "q" (U+0071)
  0x00, 0x51, 0x01, // class 0 -> "r" (U+0072)
  0x00, 0x52, 0x01, // class 0 -> "s" (U+0073)
  0x00, 0x54, 0x01, // class 0 -> "u" (U+0075)
  0x00, 0x7C, 0x02, // class 0 -> "À" (U+00C0)
  0x00, 0x7D, 0x02, // class 0 -> "Á" (U+00C1)
  0x00, 0x7E, 0x02, // class 0 -> "Â" (U+00C2)
  0x00, 0x7F, 0x02, // class 0 -> "Ã" (U+00C3)
  0x00, 0x80, 0x02, // class 0 -> "Ä" (U+00C4)
  0x00, 0x81, 0x02, // class 0 -> "Å" (U+00C5)
  0x00, 0x82, 0x02, // class 0 -> "Æ" (U+00C6)
  0x00, 0x9C, 0x01, // class 0 -> "à" (U+00E0)
  0x00, 0x9D, 0x01, // class 0 -> "á" (U+00E1)
  0x00, 0x9E, 0x01, // class 0 -> "â" (U+00E2)
  0x00, 0x9F, 0x01, // class 0 -> "ã" (U+00E3)
  0x00, 0xA0, 0x01, // class 0 -> "ä" (U+00E4)
  0x00, 0xA1, 0x01, // class 0 -> "å" (U+00E5)
  0x00, 0xA2, 0x01, // class 0 -> "æ" (U+00E6)
  0x00, 0xA3, 0x01, // class 0 -> "ç" (U+00E7)
  0x00, 0xA4, 0x01, // class 0 -> "è" (U+00E8)
  0x00, 0xA5, 0x01, // class 0 -> "é" (U+00E9)
  0x00, 0xA6, 0x01, // class 0 -> "ê" (U+00EA)
  0x00, 0xA7, 0x01, // class 0 -> "ë" (U+00EB)
  0x00, 0xAE, 0x01, // class 0 -> "ò" (U+00F2)
  0x00, 0xAF, 0x01, // class 0 -> "ó" (U+00F3)
  0x00, 0xB0, 0x01, // class 0 -> "ô" (U+00F4)
  0x00, 0xB1, 0x01, // class 0 -> "õ" (U+00F5)
  0x00, 0xB2, 0x01, // class 0 -> "ö" (U+00F6)
  0x00, 0xB4, 0x01, // class 0 -> "ø" (U+00F8)
  0x00, 0xB5, 0x01, // class 0 -> "ù" (U+00F9)
  0x00, 0xB6, 0x01, // class 0 -> "ú" (U+00FA)
  0x00, 0xB7, 0x01, // class 0 -> "û" (U+00FB)
  0x00, 0xB8, 0x01, // class 0 -> "ü" (U+00FC)
  0x00, 0xBC, 0x02, // class 0 -> "Ā" (U+0100)
  0x00, 0xBD, 0x01, // class 0 -> "ā" (U+0101)
  0x00, 0xBE, 0x02, // class 0 -> "Ă" (U+0102)
  0x00, 0xBF, 0x01, // class 0 -> "ă" (U+0103)
  0x00, 0xC0, 0x02, // class 0 -> "Ą" (U+0104)
  0x00, 0xC1, 0x01, // class 0 -> "ą" (U+0105)
  0x00, 0xC3, 0x01, // class 0 -> "ć" (U+0107)
  0x00, 0xC5, 0x01, // class 0 -> "ĉ" (U+0109)
  0x00, 0xC7, 0x01, // class 0 -> "ċ" (U+010B)
  0x00, 0xC9, 0x01, // class 0 -> "č" (U+010D)
  0x00, 0xCB, 0x01, // class 0 -> "ď" (U+010F)
  0x00, 0xCD, 0x01, // class 0 -> "đ" (U+0111)
  0x00, 0xCF, 0x01, // class 0 -> "ē" (U+0113)
  0x00, 0xD1, 0x01, // class 0 -> "ĕ" (U+0115)
  0x00, 0xD3, 0x01, // class 0 -> "ė" (U+0117)
  0x00, 0xD5, 0x01, // class 0 -> "ę" (U+0119)
  0x00, 0xD7, 0x01, // class 0 -> "ě" (U+011B)
  0x00, 0xD9, 0x01, // class 0 -> "ĝ" (U+011D)
  0x00, 0xDB, 0x01, // class 0 -> "ğ" (U+011F)
  0x00, 0xDD, 0x01, // class 0 -> "ġ" (U+0121)
  0x00, 0xDF, 0x01, // class 0 -> "ģ" (U+0123)
  0x00, 0xF4, 0x01, // class 0 -> "ĸ" (U+0138)
  0x01, 0x00, 0x01, // class 0 -> "ń" (U+0144)
  0x01, 0x02, 0x01, // class 0 -> "ņ" (U+0146)
  0x01, 0x07, 0x01, // class 0 -> "ŋ" (U+014B)
  0x01, 0x09, 0x01, // class 0 -> "ō" (U+014D)
  0x01, 0x0B, 0x01, // class 0 -> "ŏ" (U+014F)
  0x01, 0x0D, 0x01, // class 0 -> "ő" (U+0151)
  0x01, 0x0F, 0x01, // class 0 -> "œ" (U+0153)
  0x01, 0x11, 0x01, // class 0 -> "ŕ" (U+0155)
  0x01, 0x13, 0x01, // class 0 -> "ŗ" (U+0157)
  0x01, 0x17, 0x01, // class 0 -> "ś" (U+015B)
  0x01, 0x1B, 0x01, // class 0 -> "ş" (U+015F)
  0x01, 0x25, 0x01, // class 0 -> "ũ" (U+0169)
  0x01, 0x27, 0x01, // class 0 -> "ū" (U+016B)
  0x01, 0x29, 0x01, // class 0 -> "ŭ" (U+016D)
  0x01, 0x2B, 0x01, // class 0 -> "ů" (U+016F)
  0x01, 0x2D, 0x01, // class 0 -> "ű" (U+0171)
  0x01, 0x2F, 0x01, // class 0 -> "ų" (U+0173)
  0x00, 0x33, 0x01, // class 1 -> "T" (U+0054)
  0x00, 0x38, 0x01, // class 1 -> "Y" (U+0059)
  0x00, 0x99, 0x01, // class 1 -> "Ý" (U+00DD)
  0x01, 0x1E, 0x01, // class 1 -> "Ţ" (U+0162)
  0x01, 0x20, 0x01, // class 1 -> "Ť" (U+0164)
  0x01, 0x22, 0x01, // class 1 -> "Ŧ" (U+0166)
  0x01, 0x32, 0x01, // class 1 -> "Ŷ" (U+0176)
  0x01, 0x34, 0x01, // class 1 -> "Ÿ" (U+0178)
  0x00, 0x22, 0x01, // class 2 -> "C" (U+0043)
  0x00, 0x26, 0x01, // class 2 -> "G" (U+0047)
  0x00, 0x2E, 0x01, // class 2 -> "O" (U+004F)
  0x00, 0x30, 0x01, // class 2 -> "Q" (U+0051)
  0x00, 0x33, 0x02, // class 2 -> "T" (U+0054)
  0x00, 0x35, 0x01, // class 2 -> "V" (U+0056)
  0x00, 0x36, 0x01, // class 2 -> "W" (U+0057)
  0x00, 0x38, 0x01, // class 2 -> "Y" (U+0059)
  0x00, 0x83, 0x01, // class 2 -> "Ç" (U+00C7)
  0x00, 0x8E, 0x01, // class 2 -> "Ò" (U+00D2)
  0x00, 0x8F, 0x01, // class 2 -> "Ó" (U+00D3)
  0x00, 0x90, 0x01, // class 2 -> "Ô" (U+00D4)
  0x00, 0x91, 0x01, // class 2 -> "Õ" (U+00D5)
  0x00, 0x92, 0x01, // class 2 -> "Ö" (U+00D6)
  0x00, 0x94, 0x01, // class 2 -> "Ø" (U+00D8)
  0x00, 0x99, 0x01, // class 2 -> "Ý" (U+00DD)
  0x00, 0xC2, 0x01, // class 2 -> "Ć" (U+0106)
  0x00, 0xC4, 0x01, // class 2 -> "Ĉ" (U+0108)
  0x00, 0xC6, 0x01, // class 2 -> "Ċ" (U+010A)
  0x00, 0xC8, 0x01, // class 2 -> "Č" (U+010C)
  0x00, 0xD8, 0x01, // class 2 -> "Ĝ" (U+011C)
  0x00, 0xDA, 0x01, // class 2 -> "Ğ" (U+011E)
  0x00, 0xDC, 0x01, // class 2 -> "Ġ" (U+0120)
  0x00, 0xDE, 0x01, // class 2 -> "Ģ" (U+0122)
  0x01, 0x08, 0x01, // class 2 -> "Ō" (U+014C)
  0x01, 0x0A, 0x01, // class 2 -> "Ŏ" (U+014E)
  0x01, 0x0C, 0x01, // class 2 -> "Ő" (U+0150)
  0x01, 0x0E, 0x01, // class 2 -> "Œ" (U+0152)
  0x01, 0x1E, 0x02, // class 2 -> "Ţ" (U+0162)
  0x01, 0x20, 0x02, // class 2 -> "Ť" (U+0164)
  0x01, 0x22, 0x02, // class 2 -> "Ŧ" (U+0166)
  0x01, 0x30, 0x01, // class 2 -> "Ŵ" (U+0174)
  0x01, 0x32, 0x01, // class 2 -> "Ŷ" (U+0176)
  0x01, 0x34, 0x01, // class 2 -> "Ÿ" (U+0178)
  0x00, 0x33, 0x01, // class 3 -> "T" (U+0054)
  0x01, 0x1E, 0x01, // class 3 -> "Ţ" (U+0162)
  0x01, 0x20, 0x01, // class 3 -> "Ť" (U+0164)
  0x01, 0x22, 0x01, // class 3 -> "Ŧ" (U+0166)
  0x00, 0x01, 0x02, // class 4 -> """ (U+0022)
  0x00, 0x06, 0x02, // class 4 -> "'" (U+0027)
  0x00, 0x33, 0x02, // class 4 -> "T" (U+0054)
  0x00, 0x35, 0x01, // class 4 -> "V" (U+0056)
  0x00, 0x36, 0x01, // class 4 -> "W" (U+0057)
  0x00, 0x38, 0x01, // class 4 -> "Y" (U+0059)
  0x00, 0x99, 0x01, // class 4 -> "Ý" (U+00DD)
  0x01, 0x1E, 0x02, // class 4 -> "Ţ" (U+0162)
  0x01, 0x20, 0x02, // class 4 -> "Ť" (U+0164)
  0x01, 0x22, 0x02, // class 4 -> "Ŧ" (U+0166)
  0x01, 0x30, 0x01, // class 4 -> "Ŵ" (U+0174)
  0x01, 0x32, 0x01, // class 4 -> "Ŷ" (U+0176)
  0x01, 0x34, 0x01, // class 4 -> "Ÿ" (U+0178)
  0x01, 0x48, 0x02, // class 4 -> "’" (U+2019)
  0x01, 0x4C, 0x02, // class 4 -> "”" (U+201D)
  0x00, 0x0B, 0x01, // class 5 -> "," (U+002C)
  0x00, 0x0D, 0x01, // class 5 -> "." (U+002E)
  0x00, 0x33, 0x01, // class 5 -> "T" (U+0054)
  0x01, 0x1E, 0x01, // class 5 -> "Ţ" (U+0162)
  0x01, 0x20, 0x01, // class 5 -> "Ť" (U+0164)
  0x01, 0x22, 0x01, // class 5 -> "Ŧ" (U+0166)
  0x01, 0x49, 0x01, // class 5 -> "‚" (U+201A)
  0x01, 0x4D, 0x01, // class 5 -> "„" (U+201E)
  0x01, 0x52, 0x01, // class 5 -> "…" (U+2026)
  0x00, 0x0B, 0x01, // class 6 -> "," (U+002C)
  0x00, 0x0D, 0x01, // class 6 -> "." (U+002E)
  0x01, 0x49, 0x01, // class 6 -> "‚" (U+201A)
  0x01, 0x4D, 0x01, // class 6 -> "„" (U+201E)
  0x01, 0x52, 0x01, // class 6 -> "…" (U+2026)
  0x00, 0x01, 0x02, // class 7 -> """ (U+0022)
  0x00, 0x06, 0x02, // class 7 -> "'" (U+0027)
  0x00, 0x38, 0x01, // class 7 -> "Y" (U+0059)
  0x00, 0x99, 0x01, // class 7 -> "Ý" (U+00DD)
  0x01, 0x32, 0x01, // class 7 -> "Ŷ" (U+0176)
  0x01, 0x34, 0x01, // class 7 -> "Ÿ" (U+0178)
  0x01, 0x48, 0x02, // class 7 -> "’" (U+2019)
  0x01, 0x4C, 0x02, // class 7 -> "”" (U+201D)
  0x00, 0x0B, 0x03, // class 8 -> "," (U+002C)
  0x00, 0x0D, 0x03, // class 8 -> "." (U+002E)
  0x00, 0x20, 0x01, // class 8 -> "A" (U+0041)
  0x00, 0x7C, 0x01, // class 8 -> "À" (U+00C0)
  0x00, 0x7D, 0x01, // class 8 -> "Á" (U+00C1)
  0x00, 0x7E, 0x01, // class 8 -> "Â" (U+00C2)
  0x00, 0x7F, 0x01, // class 8 -> "Ã" (U+00C3)
  0x00, 0x80, 0x01, // class 8 -> "Ä" (U+00C4)
  0x00, 0x81, 0x01, // class 8 -> "Å" (U+00C5)
  0x00, 0x82, 0x01, // class 8 -> "Æ" (U+00C6)
  0x00, 0xBC, 0x01, // class 8 -> "Ā" (U+0100)
  0x00, 0xBE, 0x01, // class 8 -> "Ă" (U+0102)
  0x00, 0xC0, 0x01, // class 8 -> "Ą" (U+0104)
  0x01, 0x49, 0x03, // class 8 -> "‚" (U+201A)
  0x01, 0x4D, 0x03, // class 8 -> "„" (U+201E)
  0x01, 0x52, 0x03, // class 8 -> "…" (U+2026)
  0x00, 0x0B, 0x01, // class 9 -> "," (U+002C)
  0x00, 0x0C, 0x01, // class 9 -> "-" (U+002D)
  0x00, 0x0D, 0x01, // class 9 -> "." (U+002E)
  0x00, 0x20, 0x02, // class 9 -> "A" (U+0041)
  0x00, 0x40, 0x02, // class 9 -> "a" (U+0061)
  0x00, 0x42, 0x02, // class 9 -> "c" (U+0063)
  0x00, 0x43, 0x02, // class 9 -> "d" (U+0064)
  0x00, 0x44, 0x02, // class 9 -> "e" (U+0065)
  0x00, 0x46, 0x02, // class 9 -> "g" (U+0067)
  0x00, 0x4C, 0x01, // class 9 -> "m" (U+006D)
  0x00, 0x4D, 0x01, // class 9 -> "n" (U+006E)
  0x00, 0x4E, 0x02, // class 9 -> "o" (U+006F)
  0x00, 0x4F, 0x01, // class 9 -> "p" (U+0070)
  0x00, 0x50, 0x02, // class 9 -> "q" (U+0071)
  0x00, 0x51, 0x01, // class 9 -> "r" (U+0072)
  0x00, 0x52, 0x01, // class 9 -> "s" (U+0073)
  0x00, 0x54, 0x01, // class 9 -> "u" (U+0075)
  0x00, 0x59, 0x01, // class 9 -> "z" (U+007A)
  0x00, 0x68, 0x01, // class 9 -> "«" (U+00AB)
  0x00, 0x77, 0x01, // class 9 -> "»" (U+00BB)
  0x00, 0x7C, 0x02, // class 9 -> "À" (U+00C0)
  0x00, 0x7D, 0x02, // class 9 -> "Á" (U+00C1)
  0x00, 0x7E, 0x02, // class 9 -> "Â" (U+00C2)
  0x00, 0x7F, 0x02, // class 9 -> "Ã" (U+00C3)
  0x00, 0x80, 0x02, // class 9 -> "Ä" (U+00C4)
  0x00, 0x81, 0x02, // class 9 -> "Å" (U+00C5)
  0x00, 0x9C, 0x02, // class 9 -> "à" (U+00E0)
  0x00, 0x9D, 0x02, // class 9 -> "á" (U+00E1)
  0x00, 0x9E, 0x02, // class 9 -> "â" (U+00E2)
  0x00, 0x9F, 0x02, // class 9 -> "ã" (U+00E3)
  0x00, 0xA0, 0x02, // class 9 -> "ä" (U+00E4)
  0x00, 0xA1, 0x02, // class 9 -> "å" (U+00E5)
  0x00, 0xA2, 0x02, // class 9 -> "æ" (U+00E6)
  0x00, 0xA3, 0x02, // class 9 -> "ç" (U+00E7)
  0x00, 0xA4, 0x02, // class 9 -> "è" (U+00E8)
  0x00, 0xA5, 0x02, // class 9 -> "é" (U+00E9)
  0x00, 0xA6, 0x02, // class 9 -> "ê" (U+00EA)
  0x00, 0xA7, 0x02, // class 9 -> "ë" (U+00EB)
  0x00, 0xAE, 0x02, // class 9 -> "ò" (U+00F2)
  0x00, 0xAF, 0x02, // class 9 -> "ó" (U+00F3)
  0x00, 0xB0, 0x02, // class 9 -> "ô" (U+00F4)
  0x00, 0xB1, 0x02, // class 9 -> "õ" (U+00F5)
  0x00, 0xB2, 0x02, // class 9 -> "ö" (U+00F6)
  0x00, 0xB4, 0x02, // class 9 -> "ø" (U+00F8)
  0x00, 0xB5, 0x01, // class 9 -> "ù" (U+00F9)
  0x00, 0xB6, 0x01, // class 9 -> "ú" (U+00FA)
  0x00, 0xB7, 0x01, // class 9 -> "û" (U+00FB)
  0x00, 0xB8, 0x01, // class 9 -> "ü" (U+00FC)
  0x00, 0xBC, 0x02, // class 9 -> "Ā" (U+0100)
  0x00, 0xBD, 0x02, // class 9 -> "ā" (U+0101)
  0x00, 0xBE, 0x02, // class 9 -> "Ă" (U+0102)
  0x00, 0xBF, 0x02, // class 9 -> "ă" (U+0103)
  0x00, 0xC0, 0x02, // class 9 -> "Ą" (U+0104)
  0x00, 0xC1, 0x02, // class 9 -> "ą" (U+0105)
  0x00, 0xC3, 0x02, // class 9 -> "ć" (U+0107)
  0x00, 0xC5, 0x02, // class 9 -> "ĉ" (U+0109)
  0x00, 0xC7, 0x02, // class 9 -> "ċ" (U+010B)
  0x00, 0xC9, 0x02, // class 9 -> "č" (U+010D)
  0x00, 0xCB, 0x02, // class 9 -> "ď" (U+010F)
  0x00, 0xCD, 0x02, // class 9 -> "đ" (U+0111)
  0x00, 0xCF, 0x02, // class 9 -> "ē" (U+0113)
  0x00, 0xD1, 0x02, // class 9 -> "ĕ" (U+0115)
  0x00, 0xD3, 0x02, // class 9 -> "ė" (U+0117)
  0x00, 0xD5, 0x02, // class 9 -> "ę" (U+0119)
  0x00, 0xD7, 0x02, // class 9 -> "ě" (U+011B)
  0x00, 0xD9, 0x02, // class 9 -> "ĝ" (U+011D)
  0x00, 0xDB, 0x02, // class 9 -> "ğ" (U+011F)
  0x00, 0xDD, 0x02, // class 9 -> "ġ" (U+0121)
  0x00, 0xDF, 0x02, // class 9 -> "ģ" (U+0123)
  0x00, 0xF4, 0x01, // class 9 -> "ĸ" (U+0138)
  0x01, 0x00, 0x01, // class 9 -> "ń" (U+0144)
  0x01, 0x02, 0x01, // class 9 -> "ņ" (U+0146)
  0x01, 0x07, 0x01, // class 9 -> "ŋ" (U+014B)
  0x01, 0x09, 0x02, // class 9 -> "ō" (U+014D)
  0x01, 0x0B, 0x02, // class 9 -> "ŏ" (U+014F)
  0x01, 0x0D, 0x02, // class 9 -> "ő" (U+0151)
  0x01, 0x0F, 0x02, // class 9 -> "œ" (U+0153)
  0x01, 0x11, 0x01, // class 9 -> "ŕ" (U+0155)
  0x01, 0x13, 0x01, // class 9 -> "ŗ" (U+0157)
  0x01, 0x17, 0x01, // class 9 -> "ś" (U+015B)
  0x01, 0x1B, 0x01, // class 9 -> "ş" (U+015F)
  0x01, 0x25, 0x01, // class 9 -> "ũ" (U+0169)
  0x01, 0x27, 0x01, // class 9 -> "ū" (U+016B)
  0x01, 0x29, 0x01, // class 9 -> "ŭ" (U+016D)
  0x01, 0x2B, 0x01, // class 9 -> "ů" (U+016F)
  0x01, 0x2D, 0x01, // class 9 -> "ű" (U+0171)
  0x01, 0x2F, 0x01, // class 9 -> "ų" (U+0173)
  0x01, 0x36, 0x01, // class 9 -> "ź" (U+017A)
  0x01, 0x38, 0x01, // class 9 -> "ż" (U+017C)
  0x01, 0x3A, 0x01, // class 9 -> "ž" (U+017E)
  0x01, 0x3F, 0x01, // class 9 -> "–" (U+2013)
  0x01, 0x40, 0x01, // class 9 -> "—" (U+2014)
  0x01, 0x49, 0x01, // class 9 -> "‚" (U+201A)
  0x01, 0x4D, 0x01, // class 9 -> "„" (U+201E)
  0x01, 0x52, 0x01, // class 9 -> "…" (U+2026)
  0x01, 0x54, 0x01, // class 9 -> "‹" (U+2039)
  0x01, 0x55, 0x01, // class 9 -> "›" (U+203A)
  0x00, 0x0B, 0x01, // class 10 -> "," (U+002C)
  0x00, 0x0D, 0x01, // class 10 -> "." (U+002E)
  0x00, 0x20, 0x01, // class 10 -> "A" (U+0041)
  0x00, 0x68, 0x01, // class 10 -> "«" (U+00AB)
  0x00, 0x7C, 0x01, // class 10 -> "À" (U+00C0)
  0x00, 0x7D, 0x01, // class 10 -> "Á" (U+00C1)
  0x00, 0x7E, 0x01, // class 10 -> "Â" (U+00C2)
  0x00, 0x7F, 0x01, // class 10 -> "Ã" (U+00C3)
  0x00, 0x80, 0x01, // class 10 -> "Ä" (U+00C4)
  0x00, 0x81, 0x01, // class 10 -> "Å" (U+00C5)
  0x00, 0xBC, 0x01, // class 10 -> "Ā" (U+0100)
  0x00, 0xBE, 0x01, // class 10 -> "Ă" (U+0102)
  0x00, 0xC0, 0x01, // class 10 -> "Ą" (U+0104)
  0x01, 0x49, 0x01, // class 10 -> "‚" (U+201A)
  0x01, 0x4D, 0x01, // class 10 -> "„" (U+201E)
  0x01, 0x52, 0x01, // class 10 -> "…" (U+2026)
  0x01, 0x54, 0x01, // class 10 -> "‹" (U+2039)
  0x00, 0x05, 0x01, // class 11 -> "&" (U+0026)
  0x00, 0x0B, 0x01, // class 11 -> "," (U+002C)
  0x00, 0x0D, 0x01, // class 11 -> "." (U+002E)
  0x00, 0x20, 0x01, // class 11 -> "A" (U+0041)
  0x00, 0x40, 0x01, // class 11 -> "a" (U+0061)
  0x00, 0x42, 0x01, // class 11 -> "c" (U+0063)
  0x00, 0x43, 0x01, // class 11 -> "d" (U+0064)
  0x00, 0x44, 0x01, // class 11 -> "e" (U+0065)
  0x00, 0x46, 0x01, // class 11 -> "g" (U+0067)
  0x00, 0x4C, 0x01, // class 11 -> "m" (U+006D)
  0x00, 0x4D, 0x01, // class 11 -> "n" (U+006E)
  0x00, 0x4E, 0x01, // class 11 -> "o" (U+006F)
  0x00, 0x4F, 0x01, // class 11 -> "p" (U+0070)
  0x00, 0x50, 0x01, // class 11 -> "q" (U+0071)
  0x00, 0x51, 0x01, // class 11 -> "r" (U+0072)
  0x00, 0x52, 0x01, // class 11 -> "s" (U+0073)
  0x00, 0x54, 0x01, // class 11 -> "u" (U+0075)
  0x00, 0x68, 0x02, // class 11 -> "«" (U+00AB)
  0x00, 0x77, 0x01, // class 11 -> "»" (U+00BB)
  0x00, 0x7C, 0x01, // class 11 -> "À" (U+00C0)
  0x00, 0x7D, 0x01, // class 11 -> "Á" (U+00C1)
  0x00, 0x7E, 0x01, // class 11 -> "Â" (U+00C2)
  0x00, 0x7F, 0x01, // class 11 -> "Ã" (U+00C3)
  0x00, 0x80, 0x01, // class 11 -> "Ä" (U+00C4)
  0x00, 0x81, 0x01, // class 11 -> "Å" (U+00C5)
  0x00, 0x9C, 0x01, // class 11 -> "à" (U+00E0)
  0x00, 0x9D, 0x01, // class 11 -> "á" (U+00E1)
  0x00, 0x9E, 0x01, // class 11 -> "â" (U+00E2)
  0x00, 0x9F, 0x01, // class 11 -> "ã" (U+00E3)
  0x00, 0xA0, 0x01, // class 11 -> "ä" (U+00E4)
  0x00, 0xA1, 0x01, // class 11 -> "å" (U+00E5)
  0x00, 0xA2, 0x01, // class 11 -> "æ" (U+00E6)
  0x00, 0xA3, 0x01, // class 11 -> "ç" (U+00E7)
  0x00, 0xA4, 0x01, // class 11 -> "è" (U+00E8)
  0x00, 0xA5, 0x01, // class 11 -> "é" (U+00E9)
  0x00, 0xA6, 0x01, // class 11 -> "ê" (U+00EA)
  0x00, 0xA7, 0x01, // class 11 -> "ë" (U+00EB)
  0x00, 0xAE, 0x01, // class 11 -> "ò" (U+00F2)
  0x00, 0xAF, 0x01, // class 11 -> "ó" (U+00F3)
  0x00, 0xB0, 0x01, // class 11 -> "ô" (U+00F4)
  0x00, 0xB1, 0x01, // class 11 -> "õ" (U+00F5)
  0x00, 0xB2, 0x01, // class 11 -> "ö" (U+00F6)
  0x00, 0xB4, 0x01, // class 11 -> "ø" (U+00F8)
  0x00, 0xB5, 0x01, // class 11 -> "ù" (U+00F9)
  0x00, 0xB6, 0x01, // class 11 -> "ú" (U+00FA)
  0x00, 0xB7, 0x01, // class 11 -> "û" (U+00FB)
  0x00, 0xB8, 0x01, // class 11 -> "ü" (U+00FC)
  0x00, 0xBC, 0x01, // class 11 -> "Ā" (U+0100)
  0x00, 0xBD, 0x01, // class 11 -> "ā" (U+0101)
  0x00, 0xBE, 0x01, // class 11 -> "Ă" (U+0102)
  0x00, 0xBF, 0x01, // class 11 -> "ă" (U+0103)
  0x00, 0xC0, 0x01, // class 11 -> "Ą" (U+0104)
  0x00, 0xC1, 0x01, // class 11 -> "ą" (U+0105)
  0x00, 0xC3, 0x01, // class 11 -> "ć" (U+0107)
  0x00, 0xC5, 0x01, // class 11 -> "ĉ" (U+0109)
  0x00, 0xC7, 0x01, // class 11 -> "ċ" (U+010B)
  0x00, 0xC9, 0x01, // class 11 -> "č" (U+010D)
  0x00, 0xCB, 0x01, // class 11 -> "ď" (U+010F)
  0x00, 0xCD, 0x01, // class 11 -> "đ" (U+0111)
  0x00, 0xCF, 0x01, // class 11 -> "ē" (U+0113)
  0x00, 0xD1, 0x01, // class 11 -> "ĕ" (U+0115)
  0x00, 0xD3, 0x01, // class 11 -> "ė" (U+0117)
  0x00, 0xD5, 0x01, // class 11 -> "ę" (U+0119)
  0x00, 0xD7, 0x01, // class 11 -> "ě" (U+011B)
  0x00, 0xD9, 0x01, // class 11 -> "ĝ" (U+011D)
  0x00, 0xDB, 0x01, // class 11 -> "ğ" (U+011F)
  0x00, 0xDD, 0x01, // class 11 -> "ġ" (U+0121)
  0x00, 0xDF, 0x01, // class 11 -> "ģ" (U+0123)
  0x00, 0xF4, 0x01, // class 11 -> "ĸ" (U+0138)
  0x01, 0x00, 0x01, // class 11 -> "ń" (U+0144)
  0x01, 0x02, 0x01, // class 11 -> "ņ" (U+0146)
  0x01, 0x07, 0x01, // class 11 -> "ŋ" (U+014B)
  0x01, 0x09, 0x01, // class 11 -> "ō" (U+014D)
  0x01, 0x0B, 0x01, // class 11 -> "ŏ" (U+014F)
  0x01, 0x0D, 0x01, // class 11 -> "ő" (U+0151)
  0x01, 0x0F, 0x01, // class 11 -> "œ" (U+0153)
  0x01, 0x11, 0x01, // class 11 -> "ŕ" (U+0155)
  0x01, 0x13, 0x01, // class 11 -> "ŗ" (U+0157)
  0x01, 0x17, 0x01, // class 11 -> "ś" (U+015B)
  0x01, 0x1B, 0x01, // class 11 -> "ş" (U+015F)
  0x01, 0x25, 0x01, // class 11 -> "ũ" (U+0169)
  0x01, 0x27, 0x01, // class 11 -> "ū" (U+016B)
  0x01, 0x29, 0x01, // class 11 -> "ŭ" (U+016D)
  0x01, 0x2B, 0x01, // class 11 -> "ů" (U+016F)
  0x01, 0x2D, 0x01, // class 11 -> "ű" (U+0171)
  0x01, 0x2F, 0x01, // class 11 -> "ų" (U+0173)
  0x01, 0x49, 0x01, // class 11 -> "‚" (U+201A)
  0x01, 0x4D, 0x01, // class 11 -> "„" (U+201E)
  0x01, 0x52, 0x01, // class 11 -> "…" (U+2026)
  0x01, 0x54, 0x02, // class 11 -> "‹" (U+2039)
  0x01, 0x55, 0x01, // class 11 -> "›" (U+203A)
  0x00, 0x0B, 0x03, // class 12 -> "," (U+002C)
  0x00, 0x0D, 0x03, // class 12 -> "." (U+002E)
  0x01, 0x49, 0x03, // class 12 -> "‚" (U+201A)
  0x01, 0x4D, 0x03, // class 12 -> "„" (U+201E)
  0x01, 0x52, 0x03, // class 12 -> "…" (U+2026)
  0x00, 0x38, 0x01, // class 13 -> "Y" (U+0059)
  0x00, 0x99, 0x01, // class 13 -> "Ý" (U+00DD)
  0x01, 0x32, 0x01, // class 13 -> "Ŷ" (U+0176)
  0x01, 0x34, 0x01, // class 13 -> "Ÿ" (U+0178)
  0x00, 0x33, 0x01, // class 14 -> "T" (U+0054)
  0x00, 0x35, 0x01, // class 14 -> "V" (U+0056)
  0x00, 0x36, 0x01, // class 14 -> "W" (U+0057)
  0x00, 0x38, 0x02, // class 14 -> "Y" (U+0059)
  0x00, 0x99, 0x02, // class 14 -> "Ý" (U+00DD)
  0x01, 0x1E, 0x01, // class 14 -> "Ţ" (U+0162)
  0x01, 0x20, 0x01, // class 14 -> "Ť" (U+0164)
  0x01, 0x22, 0x01, // class 14 -> "Ŧ" (U+0166)
  0x01, 0x30, 0x01, // class 14 -> "Ŵ" (U+0174)
  0x01, 0x32, 0x02, // class 14 -> "Ŷ" (U+0176)
  0x01, 0x34, 0x02, // class 14 -> "Ÿ" (U+0178)
  0x00, 0x33, 0x01, // class 15 -> "T" (U+0054)
  0x00, 0x35, 0x01, // class 15 -> "V" (U+0056)
  0x00, 0x36, 0x01, // class 15 -> "W" (U+0057)
  0x00, 0x38, 0x01, // class 15 -> "Y" (U+0059)
  0x00, 0x99, 0x01, // class 15 -> "Ý" (U+00DD)
  0x01, 0x1E, 0x01, // class 15 -> "Ţ" (U+0162)
  0x01, 0x20, 0x01, // class 15 -> "Ť" (U+0164)
  0x01, 0x22, 0x01, // class 15 -> "Ŧ" (U+0166)
  0x01, 0x30, 0x01, // class 15 -> "Ŵ" (U+0174)
  0x01, 0x32, 0x01, // class 15 -> "Ŷ" (U+0176)
  0x01, 0x34, 0x01, // class 15 -> "Ÿ" (U+0178)
  
  // Glyph data (26350 bytes).
  
  // "!" (U+0021), uncompressed
  0x2F, 0xFB, 0x2F, 0xFB, 0x1F, 0xFA, 0x0F, 0xF9, 0x0F, 0xF8, 0x0E, 0xF8, 0x0D, 0xF7, 0x0C, 0xF6,
  0x0C, 0xF5, 0x0B, 0xF5, 0x0A, 0xF4, 0x09, 0xF3, 0x00, 0x00, 0x00, 0x00, 0x1C, 0xE7, 0x5F, 0xFD,
  0x1C, 0xE7,
  // """ (U+0022), uncompressed
  0x6F, 0xF1, 0x0D, 0xFA, 0x4F, 0xF0, 0x0B, 0xF8, 0x3F, 0xE0, 0x0A, 0xF7, 0x2F, 0xD0, 0x09, 0xF6,
  0x1F, 0xB0, 0x08, 0xF5, 0x0F, 0xA0, 0x06, 0xF3,
  // "#" (U+0023), RLE, 36 bytes saved (28.1%)
  0x58, 0x13, 0xFB, 0x28, 0x12, 0xFC, 0x78, 0x16, 0xF8, 0x28, 0x14, 0xF9, 0x78, 0x19, 0xF5, 0x28,
  0x17, 0xF6, 0x78, 0x1C, 0xF2, 0x28, 0x1A, 0xF3, 0x40, 0xF1, 0xA0, 0xF1, 0x85, 0xDF, 0x11, 0x10,
  0x8F, 0xD8, 0x1E, 0x08, 0xFD, 0x0E, 0x48, 0x18, 0xF6, 0x28, 0x17, 0xF6, 0x78, 0x1B, 0xF2, 0x28,
  0x1B, 0xF3, 0x79, 0x0E, 0x30, 0xE9, 0x40, 0x6F, 0xE0, 0x10, 0x6F, 0xE8, 0x92, 0x10, 0x11, 0x9F,
  0x61, 0x18, 0xF7, 0x0F, 0x14, 0x81, 0xBF, 0x32, 0x81, 0xBF, 0x37, 0x0E, 0x93, 0x81, 0xEF, 0x16,
  0x81, 0x1F, 0xD2, 0x81, 0x1F, 0xD7, 0x81, 0x4F, 0xA2, 0x81, 0x4F, 0xA5,
  // "$" (U+0024), RLE, 25 bytes saved (21.9%)
  0x50, 0xE0, 0x97, 0x30, 0xE0, 0x97, 0x07, 0x0D, 0xB8, 0x2E, 0xD9, 0x42, 0x0D, 0xF9, 0x81, 0xC0,
  0x7A, 0x89, 0x28, 0x1E, 0x91, 0x48, 0x40, 0x9F, 0xD2, 0x0E, 0x09, 0x50, 0x8A, 0x82, 0x20, 0xE9,
  0x50, 0x20, 0xEA, 0x81, 0xAE, 0x96, 0x03, 0x0D, 0xB8, 0x1E, 0x94, 0x60, 0x40, 0xAC, 0x0C, 0x02,
  0x68, 0x1E, 0xCA, 0xA0, 0xE0, 0x15, 0x82, 0xE9, 0x03, 0xA0, 0x65, 0x82, 0xE9, 0x01, 0xA8, 0x90,
  0x78, 0x94, 0x20, 0xEA, 0x4B, 0xA0, 0x30, 0x9F, 0xA8, 0x37, 0x03, 0xAD, 0xC8, 0x1D, 0xA3, 0x68,
  0x11, 0xE9, 0x73, 0x0E, 0x09, 0x73, 0x0E, 0x09, 0x50,
  // "%" (U+0025), RLE, 13 bytes saved (8.0%)
  0x18, 0x33, 0xCF, 0xD7, 0x68, 0x16, 0xFB, 0x40, 0x10, 0xEC, 0x07, 0x58, 0x1D, 0xF3, 0x48, 0x57,
  0xFC, 0x27, 0xFE, 0x48, 0x17, 0xF9, 0x58, 0x1B, 0xF5, 0x28, 0x1D, 0xF4, 0x28, 0x21, 0xEE, 0x15,
  0x81, 0xDF, 0x32, 0x81, 0xBF, 0x62, 0x81, 0x9F, 0x76, 0x81, 0xEF, 0x22, 0x85, 0xAF, 0x60, 0x3F,
  0xE7, 0x81, 0xDF, 0x32, 0x89, 0x2B, 0xF6, 0x0B, 0xF6, 0x5D, 0xFE, 0x82, 0x81, 0xBF, 0x52, 0x85,
  0xDF, 0x44, 0xFC, 0x3D, 0x85, 0x70, 0x7F, 0xC1, 0x6A, 0x89, 0x41, 0xDF, 0x49, 0xFB, 0x17, 0xFE,
  0x01, 0xEC, 0x86, 0x86, 0xFB, 0x0D, 0xF4, 0x28, 0x4E, 0xF3, 0x03, 0xDA, 0x83, 0x91, 0xEF, 0x21,
  0xA0, 0x22, 0x81, 0xCF, 0x56, 0x81, 0x8F, 0x92, 0xA0, 0x12, 0x81, 0xBF, 0x55, 0x82, 0x1F, 0xE1,
  0x2A, 0x02, 0x28, 0x1C, 0xF5, 0x58, 0x1A, 0xF7, 0x38, 0x1C, 0xF5, 0x28, 0x1E, 0xF3, 0x48, 0x13,
  0xFD, 0x48, 0x58, 0xFC, 0x28, 0xFE, 0x58, 0x1B, 0xF5, 0x40, 0x10, 0xEC, 0x07, 0x48, 0x15, 0xFC,
  0x68, 0x33, 0xCF, 0xD7, 0x20,
  // "&" (U+0026), RLE, 29 bytes saved (20.0%)
  0x38, 0x54, 0xBD, 0xED, 0x91, 0x72, 0x08, 0xE0, 0xE0, 0x17, 0x01, 0xA8, 0x2B, 0x31, 0x7A, 0x08,
  0x70, 0x3A, 0x03, 0x38, 0x1C, 0xFA, 0x70, 0x1A, 0x05, 0x38, 0x1E, 0xF7, 0x71, 0x86, 0xAF, 0xD1,
  0x1B, 0xFD, 0x72, 0x86, 0x1D, 0xFD, 0xEF, 0xC2, 0x73, 0x0A, 0xB0, 0x97, 0x30, 0x10, 0xCC, 0x0E,
  0x02, 0x30, 0x1A, 0x08, 0x20, 0xDA, 0x84, 0x63, 0xEF, 0xE3, 0x20, 0x5A, 0x81, 0x40, 0x7A, 0x06,
  0x28, 0x73, 0xEF, 0xE3, 0x0C, 0xFD, 0x28, 0x1B, 0xFE, 0x48, 0x33, 0xEF, 0xE8, 0xA0, 0x62, 0x81,
  0xCF, 0xE5, 0x02, 0x0E, 0xB0, 0xC3, 0x0A, 0xA0, 0x35, 0x06, 0xB0, 0x53, 0x04, 0xA8, 0x4E, 0x62,
  0x14, 0xAC, 0x0E, 0x03, 0x30, 0x8F, 0x98, 0x4B, 0x5E, 0xFE, 0x33, 0x86, 0x4A, 0xDF, 0xED, 0x93,
  0x28, 0x33, 0xEF, 0xE3,
  // "'" (U+0027), uncompressed
  0x6F, 0xF1, 0x4F, 0xF0, 0x3F, 0xE0, 0x2F, 0xD0, 0x1F, 0xB0, 0x0F, 0xA0,
  // "(" (U+0028), RLE, 2 bytes saved (3.2%)
  0x38, 0x1C, 0xF7, 0x28, 0x18, 0xFC, 0x20, 0x2A, 0x04, 0x28, 0x19, 0xFD, 0x28, 0x21, 0xEF, 0x62,
  0x05, 0xA0, 0x12, 0x81, 0x8F, 0xD3, 0x81, 0xCF, 0xA3, 0x81, 0xDF, 0x83, 0xA0, 0x73, 0xA0, 0x63,
  0xA0, 0x73, 0x81, 0xEF, 0x83, 0x81, 0xCF, 0xA3, 0x81, 0x9F, 0xD3, 0x05, 0xA0, 0x12, 0x01, 0xA0,
  0x63, 0x81, 0x9F, 0xC3, 0x03, 0xA0, 0x33, 0x81, 0x8F, 0xC4, 0x81, 0xCF, 0x60,
  // ")" (U+0029), RLE, 12 bytes saved (16.2%)
  0x82, 0x1E, 0xF5, 0x48, 0x25, 0xFE, 0x14, 0x81, 0xCF, 0x94, 0x05, 0xA0, 0x14, 0x81, 0xEF, 0x74,
  0x81, 0xAF, 0xC4, 0x06, 0xA4, 0x03, 0xA0, 0x33, 0x01, 0xA0, 0x54, 0xA0, 0x64, 0x81, 0xEF, 0x74,
  0xA0, 0x73, 0x01, 0xA0, 0x53, 0x02, 0xA0, 0x43, 0x06, 0xA0, 0x13, 0x81, 0x9F, 0xC4, 0x81, 0xEF,
  0x83, 0x05, 0xA0, 0x13, 0x81, 0xBF, 0xA3, 0x82, 0x5F, 0xE1, 0x38, 0x1D, 0xF5, 0x30,
  // "*" (U+002A), RLE, 11 bytes saved (16.7%)
  0x48, 0x1A, 0xFB, 0x72, 0x81, 0x9F, 0xA7, 0x28, 0x17, 0xF8, 0x58, 0x93, 0x87, 0x30, 0x5F, 0x60,
  0x26, 0xA0, 0xEA, 0x83, 0xEB, 0xFC, 0xDB, 0x83, 0x19, 0xBC, 0xDB, 0x83, 0xDC, 0xB9, 0x13, 0x04,
  0xB0, 0x56, 0x85, 0x1E, 0xF5, 0xFE, 0x25, 0x85, 0xBF, 0xB0, 0xAF, 0xD4, 0x04, 0xA8, 0x14, 0x02,
  0xA0, 0x64, 0x02, 0x08, 0x30, 0x70, 0x33,
  // "+" (U+002B), RLE, 26 bytes saved (39.4%)
  0x48, 0x12, 0xFC, 0x72, 0x81, 0x2F, 0xC7, 0x28, 0x12, 0xFC, 0x72, 0x81, 0x2F, 0xC5, 0x0D, 0xFB,
  0x08, 0x0D, 0xFB, 0x86, 0x81, 0x11, 0x13, 0xFD, 0x80, 0x01, 0x58, 0x12, 0xFC, 0x72, 0x81, 0x2F,
  0xC7, 0x28, 0x12, 0xFC, 0x72, 0x81, 0x2F, 0xC5,
  // "," (U+002C), uncompressed
  0x0F, 0xFB, 0x2F, 0xF7, 0x5F, 0xF2, 0x8F, 0xC0, 0xBF, 0x50, 0xEE, 0x00,
  // "-" (U+002D), RLE, 4 bytes saved (36.4%)
  0x18, 0x03, 0x1D, 0x0D, 0x01, 0xD0, 0xD0,
  // "." (U+002E), uncompressed
  0x1C, 0xE7, 0x5F, 0xFD, 0x1C, 0xE7,
  // "/" (U+002F), RLE, 25 bytes saved (32.5%)
  0x68, 0x19, 0xFD, 0x68, 0x1E, 0xF7, 0x50, 0x5A, 0x01, 0x58, 0x1B, 0xFB, 0x50, 0x1A, 0x05, 0x58,
  0x17, 0xFE, 0x68, 0x1D, 0xF9, 0x50, 0x3A, 0x03, 0x58, 0x19, 0xFC, 0x68, 0x1E, 0xF7, 0x50, 0x5A,
  0x01, 0x58, 0x1B, 0xFB, 0x50, 0x1A, 0x05, 0x58, 0x17, 0xFE, 0x68, 0x1D, 0xF9, 0x50, 0x3A, 0x03,
  0x58, 0x19, 0xFC, 0x60,
  // "0" (U+0030), RLE, 18 bytes saved (17.6%)
  0x28, 0x51, 0x8D, 0xFE, 0xB5, 0x40, 0x10, 0xDE, 0x08, 0x30, 0xBA, 0x82, 0x61, 0x2A, 0xA8, 0x15,
  0x02, 0xA0, 0x74, 0x83, 0xCF, 0xC0, 0x7A, 0x01, 0x40, 0x6A, 0x82, 0x2A, 0xFD, 0x50, 0x2A, 0x82,
  0x5C, 0xFB, 0x6A, 0x82, 0x8D, 0xFA, 0x68, 0x4E, 0xF9, 0xEF, 0x96, 0x84, 0xEF, 0x9D, 0xFA, 0x68,
  0x4E, 0xF9, 0xCF, 0xB6, 0xA8, 0x28, 0xAF, 0xD5, 0x02, 0xA0, 0x50, 0x6A, 0x01, 0x40, 0x5A, 0x02,
  0x01, 0xA0, 0x74, 0x81, 0xCF, 0xD2, 0x09, 0xA8, 0x26, 0x12, 0x9A, 0x06, 0x30, 0xCE, 0x09, 0x58,
  0x47, 0xDE, 0xEC, 0x63,
  // "1" (U+0031), RLE, 3 bytes saved (5.0%)
  0x38, 0x21, 0xBF, 0xE2, 0x03, 0x0D, 0xA8, 0x1E, 0x05, 0xA8, 0x2E, 0xFE, 0x9A, 0x89, 0x39, 0x8F,
  0xE8, 0xF7, 0x09, 0xFE, 0x03, 0x28, 0x19, 0xFE, 0x48, 0x19, 0xFE, 0x48, 0x19, 0xFE, 0x48, 0x19,
  0xFE, 0x48, 0x19, 0xFE, 0x48, 0x19, 0xFE, 0x48, 0x19, 0xFE, 0x48, 0x19, 0xFE, 0x48, 0x19, 0xFE,
  0x48, 0x19, 0xFE, 0x48, 0x19, 0xFE, 0x48, 0x19, 0xFE,
  // "2" (U+0032), RLE, 34 bytes saved (33.3%)
  0x28, 0x55, 0xAD, 0xFE, 0xC6, 0x30, 0x20, 0xCF, 0x0B, 0x20, 0x6A, 0x83, 0x93, 0x13, 0xAA, 0x07,
  0x20, 0x80, 0x35, 0x81, 0xDF, 0xD7, 0x28, 0x19, 0xFE, 0x72, 0x81, 0xAF, 0xD7, 0x28, 0x1E, 0xF9,
  0x71, 0x08, 0xA0, 0x27, 0x05, 0xA0, 0x87, 0x04, 0xA0, 0xB7, 0x82, 0x3E, 0xFC, 0x78, 0x23, 0xEF,
  0xC7, 0x82, 0x3E, 0xFB, 0x78, 0x23, 0xEF, 0xB7, 0x82, 0x3E, 0xFB, 0x80, 0x31, 0x10, 0xDF, 0xB0,
  0x90, 0xDF, 0xB0, 0x90,
  // "3" (U+0033), RLE, 26 bytes saved (25.5%)
  0x18, 0x61, 0x7C, 0xEF, 0xEC, 0x73, 0x07, 0xF9, 0x89, 0x1D, 0x10, 0x4F, 0xC5, 0x21, 0x3A, 0xA0,
  0x92, 0x03, 0x68, 0x1C, 0xFE, 0x72, 0x81, 0xAF, 0xD7, 0x18, 0x21, 0xEF, 0x96, 0x84, 0x14, 0xCF,
  0xD1, 0x30, 0x5C, 0x0D, 0x07, 0x50, 0x5D, 0x0C, 0x06, 0x58, 0x31, 0x12, 0x5A, 0xA0, 0xA7, 0x20,
  0x9A, 0x03, 0x71, 0x03, 0xA0, 0x67, 0x10, 0x4A, 0x06, 0x71, 0x0A, 0xA8, 0x73, 0xE9, 0x52, 0x11,
  0x4A, 0xA0, 0xB1, 0xFA, 0x89, 0x2C, 0x10, 0x49, 0xCD, 0xFE, 0xDA, 0x53,
  // "4" (U+0034), RLE, 39 bytes saved (32.8%)
  0x78, 0x21, 0xDF, 0xD7, 0x30, 0xAA, 0x0D, 0x72, 0x06, 0xB0, 0xD7, 0x18, 0x42, 0xEF, 0x9F, 0xD7,
  0x18, 0x4C, 0xF7, 0x8F, 0xD7, 0x85, 0x8F, 0xB0, 0x8F, 0xD6, 0x86, 0x3F, 0xE2, 0x08, 0xFD, 0x68,
  0x1D, 0xF5, 0x28, 0x19, 0xFD, 0x58, 0x1A, 0xFA, 0x38, 0x19, 0xFD, 0x48, 0x25, 0xFD, 0x13, 0x81,
  0x9F, 0xD3, 0x82, 0x1E, 0xF3, 0x48, 0x19, 0xFD, 0x30, 0x7F, 0xD0, 0x40, 0x8F, 0xD0, 0x41, 0x80,
  0x31, 0x83, 0x9F, 0xD1, 0x17, 0x28, 0x19, 0xFD, 0x74, 0x81, 0x9F, 0xD7, 0x48, 0x19, 0xFD, 0x30,
  // "5" (U+0035), RLE, 29 bytes saved (28.4%)
  0x10, 0x9F, 0x90, 0x32, 0x0A, 0xF9, 0x03, 0x28, 0x1B, 0xF9, 0x80, 0x21, 0x38, 0x1D, 0xF8, 0x72,
  0x81, 0xEF, 0x67, 0x2A, 0x05, 0x71, 0x01, 0xA8, 0x4D, 0xEF, 0xEC, 0x73, 0x02, 0xF9, 0x0D, 0x01,
  0x28, 0x52, 0x52, 0x11, 0x4B, 0xA0, 0xC7, 0x20, 0xBA, 0x03, 0x71, 0x04, 0xA0, 0x57, 0x10, 0x2A,
  0x06, 0x71, 0x04, 0xA0, 0x47, 0x18, 0x92, 0xBF, 0xE0, 0x8B, 0x63, 0x12, 0x5C, 0xA8, 0x17, 0x09,
  0xF9, 0x09, 0x28, 0x71, 0x8B, 0xDE, 0xED, 0x93, 0x30,
  // "6" (U+0036), RLE, 17 bytes saved (16.7%)
  0x48, 0x54, 0x9D, 0xEF, 0xE5, 0x30, 0x10, 0xBE, 0x06, 0x30, 0xCA, 0x84, 0xA4, 0x21, 0x22, 0x20,
  0x8A, 0x04, 0x71, 0x81, 0xEF, 0x87, 0x10, 0x5A, 0x01, 0x71, 0x89, 0x08, 0xFD, 0x07, 0xDF, 0xEB,
  0x42, 0x82, 0xAF, 0xBA, 0xE8, 0x91, 0x60, 0xBF, 0xEE, 0x72, 0x25, 0xEA, 0x02, 0x0C, 0xA0, 0x44,
  0x03, 0xA8, 0x27, 0xBF, 0xC6, 0x84, 0xEF, 0xAA, 0xFC, 0x68, 0x2D, 0xFA, 0x7A, 0x68, 0x2E, 0xF9,
  0x2A, 0x08, 0x40, 0x5A, 0x81, 0x50, 0x9A, 0x85, 0x82, 0x26, 0xEF, 0xD3, 0x0A, 0xE0, 0xE0, 0x34,
  0x85, 0x5B, 0xEF, 0xD8, 0x12,
  // "7" (U+0037), RLE, 50 bytes saved (45.0%)
  0x01, 0xFC, 0x0A, 0x01, 0xFC, 0x0A, 0x18, 0x04, 0x10, 0x5A, 0x04, 0x72, 0x81, 0xBF, 0xD7, 0x20,
  0x2A, 0x06, 0x72, 0x81, 0x9F, 0xE7, 0x20, 0x1A, 0x08, 0x72, 0x08, 0xA0, 0x17, 0x28, 0x1E, 0xF9,
  0x72, 0x07, 0xA0, 0x37, 0x28, 0x1D, 0xFB, 0x72, 0x05, 0xA0, 0x47, 0x28, 0x1D, 0xFD, 0x72, 0x04,
  0xA0, 0x67, 0x28, 0x1B, 0xFE, 0x72, 0x03, 0xA0, 0x87, 0x20, 0xAA, 0x01, 0x60,
  // "8" (U+0038), RLE, 10 bytes saved (9.8%)
  0x28, 0x62, 0x9D, 0xFE, 0xC7, 0x13, 0x05, 0xF8, 0x91, 0xD2, 0x01, 0xEF, 0xD5, 0x12, 0x7A, 0x81,
  0xB0, 0x4A, 0x04, 0x40, 0x9A, 0x10, 0x4A, 0x02, 0x40, 0x7A, 0x10, 0x1A, 0x07, 0x48, 0x1B, 0xFB,
  0x20, 0x7A, 0x85, 0x80, 0x1A, 0xFE, 0x23, 0x07, 0xA0, 0xEA, 0x0B, 0x02, 0x40, 0x20, 0xCC, 0x07,
  0x40, 0x6A, 0x81, 0xB5, 0x9A, 0x82, 0xD2, 0x04, 0xA0, 0x73, 0x86, 0x2C, 0xFE, 0x1B, 0xFB, 0x50,
  0x1A, 0x82, 0x7D, 0xF9, 0x68, 0x4D, 0xF9, 0xCF, 0xC5, 0x02, 0xA0, 0x07, 0xA8, 0x4B, 0x41, 0x25,
  0xDA, 0x81, 0x10, 0xBF, 0x90, 0x53, 0x86, 0x5B, 0xEF, 0xED, 0x82, 0x20,
  // "9" (U+0039), RLE, 20 bytes saved (19.6%)
  0x28, 0x52, 0x9D, 0xFD, 0xA3, 0x40, 0x5F, 0x08, 0x28, 0x62, 0xEF, 0xD5, 0x13, 0xBA, 0x81, 0x50,
  0x8A, 0x02, 0x48, 0x5B, 0xFD, 0x0C, 0xFB, 0x50, 0x4A, 0x82, 0x3D, 0xF9, 0x6A, 0x82, 0x6D, 0xFA,
  0x6A, 0x83, 0x8B, 0xFE, 0x14, 0x07, 0xA0, 0x80, 0x5A, 0x83, 0xC4, 0x13, 0x9B, 0x81, 0x70, 0xAE,
  0x07, 0xA0, 0x62, 0x85, 0x6C, 0xEE, 0xC5, 0x1A, 0x04, 0x71, 0x05, 0xA0, 0x17, 0x18, 0x1B, 0xFB,
  0x71, 0x07, 0xA0, 0x42, 0x84, 0x32, 0x12, 0x5B, 0xA0, 0x93, 0x0A, 0xE0, 0x84, 0x09, 0xA8, 0x2E,
  0xC8, 0x24,
  // ":" (U+003A), RLE, 9 bytes saved (34.6%)
  0x83, 0x1C, 0xE7, 0x5A, 0x83, 0xD1, 0xCE, 0x77, 0x77, 0x78, 0x31, 0xCE, 0x75, 0xA8, 0x3D, 0x1C,
  0xE7,
  // ";" (U+003B), RLE, 12 bytes saved (30.0%)
  0x18, 0x41, 0xDE, 0x70, 0x5A, 0x84, 0xD0, 0x1D, 0xE7, 0x80, 0xC0, 0x00, 0x2A, 0x81, 0x90, 0x4A,
  0x83, 0x50, 0x7F, 0xE2, 0x81, 0xAF, 0x92, 0x85, 0xEF, 0x30, 0x2F, 0xC2,
  // "<" (U+003C), RLE, 21 bytes saved (26.9%)
  0x73, 0x03, 0x04, 0x71, 0x82, 0x3A, 0xF8, 0x60, 0x30, 0xAA, 0x0D, 0x04, 0x40, 0x30, 0xAA, 0x0D,
  0x06, 0x40, 0x30, 0xAA, 0x0C, 0x05, 0x40, 0x30, 0xAA, 0x0B, 0x04, 0x60, 0xDA, 0x06, 0x71, 0x06,
  0x0D, 0xA0, 0xB0, 0x57, 0x10, 0x50, 0xCA, 0x81, 0xD7, 0x17, 0x03, 0x0A, 0xB0, 0xA0, 0x37, 0x81,
  0x28, 0xEA, 0x07, 0x72, 0x81, 0x6D, 0x87, 0x40, 0x10,
  // "=" (U+003D), RLE, 24 bytes saved (57.1%)
  0x0B, 0xFB, 0x06, 0x0B, 0xFB, 0x06, 0x18, 0x06, 0x17, 0x78, 0x06, 0x11, 0x0B, 0xFB, 0x06, 0x0B,
  0xFB, 0x06,
  // ">" (U+003E), RLE, 22 bytes saved (28.2%)
  0x06, 0x01, 0x73, 0x82, 0xDE, 0x81, 0x71, 0x08, 0xA8, 0x1E, 0x81, 0x78, 0x51, 0x8E, 0xFE, 0x81,
  0x71, 0x84, 0x7E, 0xFE, 0x81, 0x71, 0x84, 0x6D, 0xFE, 0x81, 0x71, 0x0A, 0xA0, 0x85, 0x81, 0x17,
  0xDA, 0x0C, 0x03, 0x38, 0x13, 0x9E, 0xA0, 0xA0, 0x33, 0x05, 0x0C, 0xA8, 0x1E, 0x81, 0x40, 0xCA,
  0x0D, 0x06, 0x78, 0x1D, 0xB4, 0x72, 0x02, 0x74,
  // "?" (U+003F), RLE, 37 bytes saved (39.4%)
  0x18, 0x64, 0x9D, 0xEF, 0xD9, 0x22, 0x08, 0xF8, 0x93, 0xE2, 0x03, 0xF9, 0x41, 0x26, 0xEF, 0xB2,
  0x01, 0x50, 0x7A, 0x71, 0x05, 0xA0, 0x17, 0x81, 0xAF, 0xD7, 0x07, 0xA0, 0x66, 0x09, 0xA0, 0x86,
  0x0A, 0xA0, 0x66, 0x04, 0xA0, 0x47, 0x81, 0x8F, 0x97, 0x18, 0x1A, 0xF6, 0x72, 0x01, 0x77, 0x68,
  0x1B, 0xEA, 0x70, 0x2B, 0x01, 0x78, 0x1B, 0xFA, 0x50,
  // "@" (U+0040), RLE, 31 bytes saved (16.3%)
  0x68, 0x74, 0x8C, 0xEF, 0xDC, 0x82, 0x72, 0x03, 0x0C, 0xFA, 0x0A, 0x01, 0x60, 0x6A, 0x89, 0x2D,
  0x84, 0x21, 0x24, 0x9E, 0xFD, 0x14, 0x05, 0xA0, 0x87, 0x18, 0x22, 0xBF, 0xC3, 0x02, 0xA0, 0x52,
  0x85, 0x4A, 0xEF, 0xDB, 0x72, 0x81, 0xCF, 0x62, 0x81, 0x9F, 0x92, 0x07, 0xF8, 0x51, 0x04, 0xFC,
  0x01, 0xA8, 0x11, 0x03, 0xA8, 0x29, 0x31, 0x3A, 0x38, 0x4E, 0xF1, 0x4F, 0xA2, 0x81, 0xAF, 0xA3,
  0x01, 0xA3, 0x84, 0xCF, 0x27, 0xF7, 0x28, 0x1D, 0xF4, 0x38, 0x12, 0xFE, 0x38, 0x4C, 0xF3, 0x9F,
  0x52, 0x81, 0xEF, 0x23, 0x81, 0x4F, 0xD3, 0x84, 0xEF, 0x19, 0xF5, 0x28, 0x1D, 0xF4, 0x38, 0x18,
  0xFD, 0x28, 0x52, 0xFD, 0x09, 0xF6, 0x28, 0xA0, 0x9F, 0xD3, 0x26, 0xFE, 0xF5, 0x2C, 0xF7, 0x06,
  0xF9, 0x20, 0x20, 0xEC, 0x0C, 0x03, 0xC0, 0xD2, 0x81, 0x2F, 0xE3, 0x89, 0x23, 0xBE, 0xE9, 0x10,
  0x6E, 0xEA, 0x13, 0x81, 0xCF, 0x97, 0x73, 0x03, 0xA0, 0x87, 0x73, 0x06, 0xA8, 0x90, 0xD7, 0x42,
  0x12, 0x47, 0xBB, 0x71, 0x03, 0x0D, 0xFA, 0x0B, 0x73, 0x87, 0x5A, 0xDE, 0xFE, 0xC9, 0x56,
  // "A" (U+0041), RLE, 45 bytes saved (33.1%)
  0x60, 0xAA, 0x05, 0x74, 0x01, 0xB0, 0xB7, 0x48, 0x17, 0xFE, 0xA0, 0x27, 0x38, 0x4D, 0xF8, 0xDF,
  0x87, 0x20, 0x3A, 0x82, 0x38, 0xFD, 0x72, 0x83, 0x9F, 0xE0, 0x3A, 0x04, 0x71, 0x81, 0xEF, 0x82,
  0x81, 0xDF, 0xA7, 0x05, 0xA0, 0x32, 0x07, 0xA0, 0x16, 0x81, 0xBF, 0xC3, 0x02, 0xA0, 0x65, 0x02,
  0xA0, 0x74, 0x81, 0xBF, 0xC5, 0x08, 0xFB, 0x03, 0x40, 0xDF, 0xB0, 0x83, 0x04, 0xA0, 0x88, 0x02,
  0x38, 0x1C, 0xFE, 0x30, 0xAA, 0x01, 0x60, 0x5A, 0x81, 0x50, 0x1A, 0x0A, 0x71, 0x83, 0xEF, 0xB0,
  0x6A, 0x04, 0x71, 0x09, 0xA8, 0x21, 0xCF, 0xD7, 0x20, 0x3A, 0x07,
  // "B" (U+0042), RLE, 21 bytes saved (18.9%)
  0x0B, 0xD8, 0x2E, 0xDA, 0x53, 0x0B, 0xFA, 0x89, 0x2C, 0x10, 0xBF, 0xD1, 0x11, 0x24, 0xCA, 0x83,
  0x90, 0xBF, 0xD6, 0x85, 0xEF, 0xD0, 0xBF, 0xD6, 0x85, 0xCF, 0xD0, 0xBF, 0xD6, 0x85, 0xEF, 0xA0,
  0xBF, 0xD4, 0x85, 0x3A, 0xFE, 0x30, 0xBF, 0x90, 0xA0, 0x32, 0x0B, 0xF9, 0x0D, 0x06, 0x28, 0x7B,
  0xFD, 0x11, 0x11, 0x39, 0xA8, 0x3A, 0x0B, 0xFD, 0x60, 0xAA, 0x82, 0x3B, 0xFD, 0x60, 0x5A, 0x82,
  0x6B, 0xFD, 0x60, 0x5A, 0x82, 0x6B, 0xFD, 0x60, 0xBA, 0x89, 0x04, 0xBF, 0xD1, 0x11, 0x13, 0x9A,
  0x81, 0xC0, 0xBF, 0xA8, 0x2D, 0x20, 0xBE, 0x81, 0xEB, 0x73,
  // "C" (U+0043), RLE, 45 bytes saved (37.8%)
  0x48, 0x71, 0x7C, 0xEF, 0xED, 0x94, 0x40, 0x6F, 0xA0, 0x32, 0x07, 0xA8, 0x6E, 0x73, 0x12, 0x5B,
  0xB2, 0x03, 0xA0, 0xC0, 0x17, 0x20, 0xBA, 0x02, 0x72, 0x01, 0xA0, 0xA7, 0x30, 0x5A, 0x05, 0x73,
  0x07, 0xA0, 0x37, 0x30, 0x8A, 0x02, 0x73, 0x07, 0xA0, 0x37, 0x30, 0x5A, 0x05, 0x73, 0x02, 0xA0,
  0x97, 0x48, 0x2D, 0xFE, 0x17, 0x30, 0x5A, 0x0B, 0x74, 0x0A, 0xA8, 0x6D, 0x62, 0x12, 0x37, 0x84,
  0x09, 0xF9, 0x0C, 0x58, 0x73, 0x9D, 0xEF, 0xED, 0xA5, 0x10,
  // "D" (U+0044), RLE, 30 bytes saved (23.4%)
  0x0B, 0xD8, 0x2E, 0xC9, 0x45, 0x0B, 0xFA, 0x0C, 0x02, 0x38, 0x7B, 0xFD, 0x11, 0x12, 0x5B, 0xA0,
  0xE0, 0x22, 0x81, 0xBF, 0xD6, 0x05, 0xA0, 0xD2, 0x81, 0xBF, 0xD7, 0x07, 0xA8, 0x36, 0x0B, 0xFD,
  0x71, 0x85, 0xEF, 0xC0, 0xBF, 0xD7, 0x10, 0xBA, 0x18, 0x1B, 0xFD, 0x71, 0x09, 0xA8, 0x21, 0xBF,
  0xD7, 0x10, 0x9A, 0x82, 0x2B, 0xFD, 0x71, 0x09, 0xA8, 0x21, 0xBF, 0xD7, 0x18, 0x5C, 0xFE, 0x0B,
  0xFD, 0x70, 0x1A, 0x83, 0xB0, 0xBF, 0xD7, 0x09, 0xA8, 0x35, 0x0B, 0xFD, 0x60, 0x7A, 0x0C, 0x28,
  0x7B, 0xFD, 0x11, 0x13, 0x6C, 0xA0, 0xE0, 0x22, 0x0B, 0xFA, 0x0B, 0x01, 0x30, 0xBD, 0x82, 0xEC,
  0x83, 0x50,
  // "E" (U+0045), RLE, 30 bytes saved (35.3%)
  0x0B, 0xF9, 0x0E, 0x0B, 0xF9, 0x82, 0xEB, 0xFD, 0x80, 0x31, 0x81, 0xBF, 0xD7, 0x81, 0xBF, 0xD7,
  0x81, 0xBF, 0xD7, 0x81, 0xBF, 0xD7, 0x0B, 0xF9, 0x07, 0x0B, 0xF9, 0x82, 0x7B, 0xFD, 0x80, 0x21,
  0x18, 0x1B, 0xFD, 0x78, 0x1B, 0xFD, 0x78, 0x1B, 0xFD, 0x78, 0x1B, 0xFD, 0x78, 0x1B, 0xFD, 0x80,
  0x31, 0x0B, 0xF9, 0x0E, 0x0B, 0xF9, 0x0E,
  // "F" (U+0046), RLE, 31 bytes saved (36.5%)
  0x0B, 0xF9, 0x0E, 0x0B, 0xF9, 0x82, 0xEB, 0xFD, 0x80, 0x31, 0x81, 0xBF, 0xD7, 0x81, 0xBF, 0xD7,
  0x81, 0xBF, 0xD7, 0x81, 0xBF, 0xD7, 0x81, 0xBF, 0xD8, 0x02, 0x11, 0x0B, 0xF9, 0x07, 0x0B, 0xF9,
  0x82, 0x7B, 0xFD, 0x78, 0x1B, 0xFD, 0x78, 0x1B, 0xFD, 0x78, 0x1B, 0xFD, 0x78, 0x1B, 0xFD, 0x78,
  0x1B, 0xFD, 0x78, 0x1B, 0xFD, 0x70,
  // "G" (U+0047), RLE, 35 bytes saved (27.3%)
  0x58, 0x75, 0xAD, 0xEF, 0xEC, 0x94, 0x40, 0x30, 0xDF, 0xA0, 0x32, 0x05, 0xB8, 0x69, 0x42, 0x12,
  0x5A, 0xB2, 0x83, 0x2E, 0xFE, 0x37, 0x30, 0xBA, 0x03, 0x73, 0x02, 0xA0, 0xA7, 0x40, 0x5A, 0x05,
  0x74, 0x07, 0xA0, 0x35, 0x80, 0x11, 0x10, 0x8A, 0x02, 0x40, 0x8D, 0x09, 0x07, 0xA0, 0x34, 0x08,
  0xD0, 0x90, 0x6A, 0x05, 0x71, 0x82, 0xEF, 0x92, 0xA0, 0x97, 0x18, 0x3E, 0xF9, 0x0D, 0xA0, 0x27,
  0x83, 0xEF, 0x90, 0x5A, 0x0C, 0x01, 0x68, 0x1E, 0xF9, 0x20, 0x9A, 0x89, 0x0E, 0x83, 0x21, 0x25,
  0xEF, 0x93, 0x08, 0xFB, 0x09, 0x48, 0x22, 0x8C, 0xEA, 0x83, 0xEC, 0xA6, 0x20,
  // "H" (U+0048), RLE, 36 bytes saved (30.3%)
  0x81, 0xBF, 0xD7, 0x18, 0x4E, 0xF9, 0xBF, 0xD7, 0x18, 0x4E, 0xF9, 0xBF, 0xD7, 0x18, 0x4E, 0xF9,
  0xBF, 0xD7, 0x18, 0x4E, 0xF9, 0xBF, 0xD7, 0x18, 0x4E, 0xF9, 0xBF, 0xD7, 0x18, 0x4E, 0xF9, 0xBF,
  0xD7, 0x18, 0x2E, 0xF9, 0xBF, 0xD0, 0x90, 0xBF, 0xD8, 0x29, 0xBF, 0xD8, 0x04, 0x18, 0x4E, 0xF9,
  0xBF, 0xD7, 0x18, 0x4E, 0xF9, 0xBF, 0xD7, 0x18, 0x4E, 0xF9, 0xBF, 0xD7, 0x18, 0x4E, 0xF9, 0xBF,
  0xD7, 0x18, 0x4E, 0xF9, 0xBF, 0xD7, 0x18, 0x4E, 0xF9, 0xBF, 0xD7, 0x18, 0x4E, 0xF9, 0xBF, 0xD7,
  0x18, 0x1E, 0xF9,
  // "I" (U+0049), RLE, 27 bytes saved (39.7%)
  0x01, 0xE8, 0x18, 0x0B, 0xC0, 0xD0, 0x52, 0x01, 0xA0, 0x95, 0xA0, 0x85, 0xA0, 0x85, 0xA0, 0x85,
  0xA0, 0x85, 0xA0, 0x85, 0xA0, 0x85, 0xA0, 0x85, 0xA0, 0x85, 0xA0, 0x85, 0xA0, 0x85, 0xA0, 0x85,
  0xA0, 0x83, 0x0A, 0x0E, 0xB8, 0x1C, 0x41, 0xE0, 0x80,
  // "J" (U+004A), RLE, 9 bytes saved (12.2%)
  0x48, 0x1C, 0xFC, 0x48, 0x1C, 0xFC, 0x48, 0x1C, 0xFC, 0x48, 0x1C, 0xFC, 0x48, 0x1C, 0xFC, 0x48,
  0x1C, 0xFC, 0x48, 0x1C, 0xFC, 0x48, 0x1C, 0xFC, 0x48, 0x1C, 0xFC, 0x48, 0x1C, 0xFC, 0x48, 0x1C,
  0xFC, 0x48, 0x1C, 0xFC, 0x48, 0x1C, 0xFC, 0x48, 0x1C, 0xFC, 0x48, 0x1C, 0xFC, 0x48, 0x1C, 0xFC,
  0x48, 0x1D, 0xFB, 0x48, 0x5E, 0xF9, 0x10, 0x19, 0xA0, 0x50, 0xDC, 0x81, 0xB0, 0xBA, 0x0D, 0x08,
  0x20,
  // "K" (U+004B), RLE, 14 bytes saved (12.6%)
  0x81, 0xBF, 0xD6, 0x06, 0xA8, 0x28, 0xBF, 0xD5, 0x04, 0xA8, 0x3A, 0x0B, 0xFD, 0x48, 0x23, 0xEF,
  0xB2, 0x81, 0xBF, 0xD3, 0x83, 0x1D, 0xFD, 0x12, 0x81, 0xBF, 0xD3, 0x82, 0xCF, 0xE1, 0x38, 0x1B,
  0xFD, 0x28, 0x2B, 0xFE, 0x34, 0x83, 0xBF, 0xD0, 0x9A, 0x04, 0x58, 0x2B, 0xFD, 0x7A, 0x09, 0x60,
  0xBE, 0x02, 0x50, 0xBA, 0x0E, 0x07, 0xA0, 0xC5, 0x84, 0xBF, 0xE2, 0x08, 0xA0, 0x84, 0x81, 0xBF,
  0xD3, 0x0C, 0xA0, 0x43, 0x81, 0xBF, 0xD3, 0x83, 0x2E, 0xFD, 0x12, 0x81, 0xBF, 0xD4, 0x05, 0xA0,
  0xA2, 0x81, 0xBF, 0xD5, 0x09, 0xA8, 0x36, 0x0B, 0xFD, 0x68, 0x5D, 0xFE, 0x2B, 0xFD, 0x60, 0x3A,
  0x0C,
  // "L" (U+004C), RLE, 34 bytes saved (36.2%)
  0x81, 0xBF, 0xD7, 0x18, 0x1B, 0xFD, 0x71, 0x81, 0xBF, 0xD7, 0x18, 0x1B, 0xFD, 0x71, 0x81, 0xBF,
  0xD7, 0x18, 0x1B, 0xFD, 0x71, 0x81, 0xBF, 0xD7, 0x18, 0x1B, 0xFD, 0x71, 0x81, 0xBF, 0xD7, 0x18,
  0x1B, 0xFD, 0x71, 0x81, 0xBF, 0xD7, 0x18, 0x1B, 0xFD, 0x71, 0x81, 0xBF, 0xD7, 0x18, 0x1B, 0xFD,
  0x71, 0x81, 0xBF, 0xE8, 0x03, 0x31, 0x0B, 0xFA, 0x02, 0x0B, 0xFA, 0x02,
  // "M" (U+004D), RLE, 11 bytes saved (7.2%)
  0x0B, 0xB0, 0x27, 0x10, 0x2B, 0x00, 0xBB, 0x07, 0x71, 0x07, 0xB8, 0x4B, 0xBF, 0xDF, 0xD7, 0x18,
  0x6D, 0xFE, 0xFB, 0xBF, 0x9A, 0x03, 0x68, 0x92, 0x3F, 0xEA, 0xFB, 0xBF, 0x8A, 0xF9, 0x68, 0x92,
  0x9F, 0x9A, 0xFB, 0xBF, 0x95, 0xFE, 0x68, 0x93, 0xEF, 0x3B, 0xFB, 0xBF, 0x90, 0xEF, 0x44, 0x89,
  0x45, 0xFD, 0x0B, 0xFB, 0xBF, 0x90, 0x9F, 0xA4, 0x89, 0x2B, 0xF7, 0x0B, 0xFB, 0xBF, 0x90, 0x4A,
  0x01, 0x20, 0x1A, 0x86, 0x10, 0xBF, 0xBB, 0xF9, 0x28, 0x1E, 0xF6, 0x28, 0x17, 0xFB, 0x28, 0x4B,
  0xFB, 0xBF, 0x92, 0x81, 0x8F, 0xB2, 0x81, 0xDF, 0x52, 0x84, 0xBF, 0xBB, 0xF9, 0x20, 0x3A, 0x82,
  0x13, 0xFE, 0x38, 0x4B, 0xFB, 0xBF, 0x93, 0x84, 0xDF, 0x79, 0xF9, 0x38, 0x4B, 0xFB, 0xBF, 0x93,
  0x84, 0x7F, 0xDE, 0xF4, 0x38, 0x4B, 0xFB, 0xBF, 0x93, 0x02, 0xB0, 0xD4, 0x84, 0xBF, 0xBB, 0xF9,
  0x40, 0xCA, 0x08, 0x48, 0x4B, 0xFB, 0xBF, 0x94, 0x06, 0xA0, 0x24, 0x81, 0xBF, 0xB0,
  // "N" (U+004E), RLE, 16 bytes saved (12.5%)
  0x0B, 0xA0, 0xB7, 0x01, 0xA0, 0x50, 0xBB, 0x05, 0x60, 0x1A, 0x05, 0x0B, 0xB0, 0xE0, 0x15, 0x01,
  0xA8, 0x25, 0xBF, 0xCA, 0x09, 0x50, 0x1A, 0x83, 0x5B, 0xF7, 0xBA, 0x03, 0x40, 0x1A, 0x86, 0x5B,
  0xF8, 0x2E, 0xFC, 0x40, 0x1A, 0x84, 0x5B, 0xF8, 0x07, 0xA0, 0x73, 0x01, 0xA8, 0x25, 0xBF, 0x92,
  0x0C, 0xA0, 0x22, 0x01, 0xA8, 0x25, 0xBF, 0x92, 0x03, 0xA0, 0xB2, 0x01, 0xA8, 0x25, 0xBF, 0x93,
  0x08, 0xA0, 0x52, 0xA8, 0x25, 0xBF, 0x94, 0x82, 0xDF, 0xE1, 0x1A, 0x82, 0x5B, 0xF9, 0x40, 0x4A,
  0x09, 0x1A, 0x82, 0x5B, 0xF9, 0x50, 0xAA, 0x85, 0x3E, 0xF5, 0xBF, 0x95, 0x89, 0x01, 0xEF, 0xDE,
  0xF5, 0xBF, 0x96, 0x05, 0xC8, 0x25, 0xBF, 0x97, 0x0B, 0xB8, 0x25, 0xBF, 0x97, 0x02, 0xB0, 0x50,
  // "O" (U+004F), RLE, 41 bytes saved (28.3%)
  0x48, 0x73, 0x9C, 0xEF, 0xEC, 0x82, 0x70, 0x8F, 0xA0, 0x65, 0x0A, 0xA8, 0x5C, 0x52, 0x12, 0x6D,
  0xA0, 0x73, 0x05, 0xA0, 0xA7, 0x0C, 0xA0, 0x32, 0x82, 0xDF, 0xE1, 0x70, 0x2A, 0x81, 0xA0, 0x2A,
  0x09, 0x72, 0x83, 0xBF, 0xE0, 0x5A, 0x05, 0x72, 0x08, 0xA0, 0x30, 0x7A, 0x03, 0x72, 0x06, 0xA0,
  0x40, 0x8A, 0x02, 0x72, 0x05, 0xA0, 0x50, 0x7A, 0x03, 0x72, 0x06, 0xA0, 0x40, 0x5A, 0x05, 0x72,
  0x08, 0xA0, 0x30, 0x2A, 0x09, 0x72, 0x81, 0xCF, 0xE2, 0x82, 0xDF, 0xE1, 0x70, 0x3A, 0x0A, 0x20,
  0x5A, 0x0B, 0x60, 0x10, 0xCA, 0x02, 0x30, 0xAA, 0x85, 0xC5, 0x21, 0x26, 0xDA, 0x07, 0x50, 0x8F,
  0xA0, 0x67, 0x87, 0x39, 0xCE, 0xFE, 0xC8, 0x14,
  // "P" (U+0050), RLE, 26 bytes saved (25.5%)
  0x0B, 0xD8, 0x2E, 0xB7, 0x12, 0x0B, 0xF9, 0x89, 0x1E, 0x30, 0xBF, 0xD1, 0x11, 0x39, 0xA8, 0x3D,
  0x0B, 0xFD, 0x50, 0x9A, 0x82, 0x5B, 0xFD, 0x50, 0x3A, 0x82, 0x7B, 0xFD, 0x50, 0x3A, 0x82, 0x6B,
  0xFD, 0x50, 0x8A, 0x82, 0x3B, 0xFD, 0x30, 0x30, 0x9A, 0x81, 0xC0, 0xBF, 0x98, 0x2C, 0x10, 0xBD,
  0x81, 0xEC, 0x63, 0x83, 0xBF, 0xD1, 0x17, 0x81, 0xBF, 0xD7, 0x28, 0x1B, 0xFD, 0x72, 0x81, 0xBF,
  0xD7, 0x28, 0x1B, 0xFD, 0x72, 0x81, 0xBF, 0xD7, 0x28, 0x1B, 0xFD, 0x72,
  // "Q" (U+0051), RLE, 60 bytes saved (33.5%)
  0x48, 0x73, 0x9C, 0xEF, 0xEC, 0x82, 0x70, 0x8F, 0xA0, 0x65, 0x0A, 0xA8, 0x5C, 0x52, 0x12, 0x6D,
  0xA0, 0x73, 0x05, 0xA0, 0xA7, 0x0C, 0xA0, 0x22, 0x82, 0xDF, 0xE1, 0x70, 0x2A, 0x81, 0xA0, 0x2A,
  0x09, 0x72, 0x83, 0xBF, 0xE0, 0x5A, 0x05, 0x72, 0x08, 0xA0, 0x30, 0x7A, 0x03, 0x72, 0x06, 0xA0,
  0x40, 0x8A, 0x02, 0x72, 0x05, 0xA0, 0x60, 0x7A, 0x03, 0x72, 0x06, 0xA0, 0x05, 0xA0, 0x57, 0x20,
  0x8A, 0x03, 0x02, 0xA0, 0x97, 0x20, 0xCA, 0x28, 0x2D, 0xFE, 0x17, 0x03, 0xA0, 0xA2, 0x05, 0xA0,
  0xB6, 0x01, 0x0C, 0xA0, 0x33, 0x0A, 0xA8, 0x5C, 0x52, 0x12, 0x6D, 0xA0, 0x85, 0x08, 0xFA, 0x07,
  0x78, 0x23, 0x9C, 0xEB, 0x0D, 0x02, 0x76, 0x0A, 0xA0, 0x87, 0x70, 0xCA, 0x07, 0x76, 0x01, 0x0E,
  0xA0, 0x67, 0x60, 0x30, 0xEA, 0x04, 0x10,
  // "R" (U+0052), RLE, 18 bytes saved (16.2%)
  0x0B, 0xD8, 0x2E, 0xB7, 0x13, 0x0B, 0xF9, 0x0E, 0x03, 0x28, 0x6B, 0xFD, 0x11, 0x13, 0x8A, 0x0E,
  0x28, 0x1B, 0xFD, 0x50, 0x8A, 0x83, 0x50, 0xBF, 0xD5, 0x03, 0xA8, 0x37, 0x0B, 0xFD, 0x50, 0x3A,
  0x83, 0x70, 0xBF, 0xD5, 0x08, 0xA8, 0x33, 0x0B, 0xFD, 0x30, 0x20, 0x7A, 0x0B, 0x20, 0xBF, 0x90,
  0xA3, 0x0B, 0xF0, 0x64, 0x87, 0xBF, 0xD1, 0x11, 0xDF, 0xC4, 0x81, 0xBF, 0xD3, 0x04, 0xA0, 0x73,
  0x81, 0xBF, 0xD4, 0x82, 0xBF, 0xE2, 0x28, 0x1B, 0xFD, 0x40, 0x2A, 0x0B, 0x28, 0x1B, 0xFD, 0x50,
  0x8A, 0x83, 0x50, 0xBF, 0xD6, 0x85, 0xDF, 0xE1, 0xBF, 0xD6, 0x05, 0xA0, 0x90,
  // "S" (U+0053), RLE, 26 bytes saved (25.5%)
  0x28, 0x12, 0x9D, 0xA8, 0x2D, 0xB6, 0x12, 0x06, 0xF9, 0x81, 0x90, 0x2A, 0x89, 0x0D, 0x51, 0x13,
  0x8D, 0x30, 0x7A, 0x02, 0x71, 0x09, 0xA7, 0x20, 0x7A, 0x05, 0x71, 0x02, 0xB0, 0x70, 0x17, 0x05,
  0xB8, 0x1E, 0x92, 0x60, 0x30, 0xBC, 0x0A, 0x01, 0x60, 0x30, 0x9B, 0x0E, 0x02, 0x70, 0x10, 0xAA,
  0x0B, 0x72, 0x0B, 0xA7, 0x20, 0x7A, 0x01, 0x71, 0x89, 0x2B, 0xFE, 0x0B, 0xA6, 0x31, 0x13, 0xAA,
  0x81, 0x80, 0xCF, 0x90, 0xA2, 0x82, 0x49, 0xCD, 0xA8, 0x1D, 0xA4, 0x30,
  // "T" (U+0054), RLE, 72 bytes saved (60.5%)
  0x0A, 0xFD, 0x02, 0x0A, 0xFD, 0x85, 0x20, 0x11, 0x11, 0x9A, 0x80, 0x11, 0x60, 0x8A, 0x74, 0x08,
  0xA7, 0x40, 0x8A, 0x74, 0x08, 0xA7, 0x40, 0x8A, 0x74, 0x08, 0xA7, 0x40, 0x8A, 0x74, 0x08, 0xA7,
  0x40, 0x8A, 0x74, 0x08, 0xA7, 0x40, 0x8A, 0x74, 0x08, 0xA7, 0x40, 0x8A, 0x74, 0x08, 0xA6,
  // "U" (U+0055), RLE, 36 bytes saved (30.3%)
  0x81, 0xDF, 0xB7, 0x1A, 0x82, 0x9D, 0xFB, 0x71, 0xA8, 0x29, 0xDF, 0xB7, 0x1A, 0x82, 0x9D, 0xFB,
  0x71, 0xA8, 0x29, 0xDF, 0xB7, 0x1A, 0x82, 0x9D, 0xFB, 0x71, 0xA8, 0x29, 0xDF, 0xB7, 0x1A, 0x82,
  0x9D, 0xFB, 0x71, 0xA8, 0x29, 0xDF, 0xB7, 0x1A, 0x82, 0x9D, 0xFB, 0x71, 0xA8, 0x29, 0xDF, 0xB7,
  0x1A, 0x82, 0x8C, 0xFC, 0x70, 0x1A, 0x82, 0x7A, 0xFE, 0x70, 0x4A, 0x00, 0x5A, 0x07, 0x68, 0x1C,
  0xFE, 0x20, 0xCA, 0x84, 0x93, 0x11, 0x4B, 0xA0, 0x62, 0x01, 0x0C, 0xF9, 0x08, 0x58, 0x65, 0xBE,
  0xFE, 0xC9, 0x33,
  // "V" (U+0056), RLE, 36 bytes saved (28.1%)
  0x81, 0xCF, 0xC7, 0x10, 0x1A, 0x09, 0x07, 0xA0, 0x27, 0x06, 0xA0, 0x30, 0x1A, 0x08, 0x78, 0x1C,
  0xFD, 0x28, 0x1B, 0xFD, 0x60, 0x2A, 0x08, 0x20, 0x6A, 0x03, 0x50, 0x7A, 0x02, 0x20, 0x1A, 0x08,
  0x58, 0x1C, 0xFC, 0x48, 0x1A, 0xFD, 0x40, 0x2A, 0x07, 0x40, 0x5A, 0x03, 0x30, 0x7A, 0x01, 0x58,
  0x1E, 0xF9, 0x38, 0x1D, 0xFB, 0x68, 0x19, 0xFE, 0x20, 0x3A, 0x05, 0x60, 0x4A, 0x81, 0x40, 0x8A,
  0x71, 0x85, 0xEF, 0x90, 0xDF, 0xA7, 0x18, 0x28, 0xFD, 0x2A, 0x04, 0x71, 0x03, 0xA8, 0x18, 0xFE,
  0x73, 0x83, 0xDF, 0xEF, 0x97, 0x30, 0x7B, 0x03, 0x73, 0x02, 0xA0, 0xD6,
  // "W" (U+0057), RLE, 38 bytes saved (19.4%)
  0x81, 0xAF, 0xE6, 0x03, 0xA0, 0xA6, 0x06, 0xA0, 0x30, 0x6A, 0x03, 0x50, 0x7A, 0x0E, 0x68, 0x3A,
  0xFE, 0x02, 0xA0, 0x75, 0x0C, 0xB0, 0x45, 0x81, 0xDF, 0xB2, 0x81, 0xDF, 0xB4, 0x01, 0xA8, 0x1C,
  0xF8, 0x40, 0x2A, 0x06, 0x28, 0x19, 0xFE, 0x48, 0x45, 0xFE, 0x7F, 0xD4, 0x06, 0xA0, 0x22, 0x05,
  0xA0, 0x33, 0x82, 0x9F, 0xA3, 0xA0, 0x23, 0x81, 0xAF, 0xE3, 0x01, 0xA0, 0x73, 0x85, 0xEF, 0x60,
  0xEF, 0x63, 0x81, 0xDF, 0xA4, 0x81, 0xCF, 0xB2, 0x03, 0xA8, 0x32, 0x0A, 0xFB, 0x20, 0x2A, 0x05,
  0x48, 0x18, 0xFE, 0x28, 0x17, 0xFD, 0x20, 0x5A, 0x20, 0x6A, 0x01, 0x40, 0x4A, 0x83, 0x30, 0xBF,
  0x92, 0x01, 0xA8, 0x34, 0x0A, 0xFD, 0x6A, 0x07, 0x1A, 0x04, 0x38, 0x5C, 0xF9, 0x0D, 0xF9, 0x68,
  0x2B, 0xFA, 0x4A, 0x48, 0x27, 0xFC, 0x2A, 0x04, 0x68, 0x47, 0xFE, 0x7F, 0xB4, 0x03, 0xA0, 0x6A,
  0x01, 0x60, 0x3A, 0x81, 0xBF, 0x65, 0x83, 0xEF, 0xBF, 0xC7, 0x10, 0xEB, 0x02, 0x50, 0x9B, 0x08,
  0x71, 0x0B, 0xA0, 0xD6, 0x05, 0xB0, 0x37, 0x10, 0x6A, 0x09, 0x60, 0x1A, 0x0E, 0x50,
  // "X" (U+0058), RLE, 33 bytes saved (25.8%)
  0x03, 0xA0, 0x97, 0x81, 0xDF, 0xC2, 0x09, 0xA0, 0x35, 0x08, 0xA0, 0x33, 0x81, 0xDF, 0xC4, 0x02,
  0xA0, 0x84, 0x04, 0xA0, 0x73, 0x81, 0xBF, 0xD6, 0x84, 0x9F, 0xE1, 0x06, 0xA0, 0x36, 0x86, 0x1E,
  0xFA, 0x1E, 0xF9, 0x71, 0x05, 0xA8, 0x1C, 0xFD, 0x73, 0x0A, 0xB0, 0x47, 0x30, 0x7A, 0x0E, 0x01,
  0x72, 0x01, 0x0E, 0xB0, 0xA7, 0x28, 0x2B, 0xFD, 0x6A, 0x04, 0x70, 0x5A, 0x84, 0x40, 0xBF, 0xD1,
  0x58, 0x21, 0xEF, 0x92, 0x02, 0xA0, 0x95, 0x82, 0xAF, 0xE1, 0x30, 0x8A, 0x04, 0x30, 0x4A, 0x06,
  0x58, 0x1D, 0xFD, 0x38, 0x1D, 0xFB, 0x60, 0x4A, 0x81, 0x90, 0x9A, 0x02, 0x70, 0xAA, 0x03,
  // "Y" (U+0059), RLE, 41 bytes saved (34.5%)
  0x0B, 0xA0, 0x16, 0x83, 0x1E, 0xFB, 0x3A, 0x09, 0x60, 0x9A, 0x81, 0x20, 0x9A, 0x02, 0x40, 0x1A,
  0x09, 0x20, 0x1A, 0x0A, 0x48, 0x29, 0xFE, 0x13, 0x08, 0xA0, 0x22, 0x02, 0xA0, 0x84, 0x82, 0x1E,
  0xFA, 0x28, 0x1A, 0xFE, 0x60, 0x7A, 0x00, 0x3A, 0x06, 0x78, 0x4D, 0xFB, 0xBF, 0xD7, 0x10, 0x5C,
  0x05, 0x72, 0x0C, 0xA0, 0xC7, 0x30, 0x5A, 0x05, 0x73, 0x04, 0xA0, 0x47, 0x30, 0x4A, 0x04, 0x73,
  0x04, 0xA0, 0x47, 0x30, 0x4A, 0x04, 0x73, 0x04, 0xA0, 0x47, 0x30, 0x4A, 0x04, 0x50,
  // "Z" (U+005A), RLE, 47 bytes saved (42.3%)
  0x10, 0xEF, 0xB8, 0x1B, 0x0E, 0xFB, 0x0A, 0x18, 0x04, 0x10, 0xBA, 0x03, 0x71, 0x05, 0xA0, 0x87,
  0x18, 0x21, 0xEF, 0xD7, 0x20, 0xAA, 0x03, 0x71, 0x05, 0xA0, 0x87, 0x18, 0x21, 0xEF, 0xD7, 0x20,
  0xAA, 0x03, 0x71, 0x05, 0xA0, 0x87, 0x18, 0x21, 0xEF, 0xD7, 0x20, 0xAA, 0x03, 0x71, 0x05, 0xA0,
  0x87, 0x18, 0x21, 0xEF, 0xD7, 0x20, 0xAA, 0x04, 0x80, 0x41, 0x02, 0xFC, 0x0E, 0x02, 0xFC, 0x0E,
  // "[" (U+005B), RLE, 11 bytes saved (14.9%)
  0x02, 0xD0, 0x40, 0x2D, 0x04, 0x02, 0xA8, 0x34, 0x11, 0x02, 0xA0, 0x33, 0x02, 0xA0, 0x33, 0x02,
  0xA0, 0x33, 0x02, 0xA0, 0x33, 0x02, 0xA0, 0x33, 0x02, 0xA0, 0x33, 0x02, 0xA0, 0x33, 0x02, 0xA0,
  0x33, 0x02, 0xA0, 0x33, 0x02, 0xA0, 0x33, 0x02, 0xA0, 0x33, 0x02, 0xA0, 0x33, 0x02, 0xA0, 0x33,
  0x02, 0xA0, 0x33, 0x02, 0xA0, 0x33, 0x02, 0xA8, 0x34, 0x11, 0x02, 0xD0, 0x40, 0x2D, 0x04,
  // "\" (U+005C), RLE, 26 bytes saved (33.8%)
  0x81, 0x9F, 0xC6, 0x03, 0xA0, 0x26, 0x81, 0xDF, 0x86, 0x81, 0x7F, 0xE6, 0x01, 0xA0, 0x46, 0x81,
  0xBF, 0xA6, 0x05, 0xA0, 0x16, 0x81, 0xEF, 0x66, 0x81, 0x9F, 0xC6, 0x03, 0xA0, 0x36, 0x81, 0xDF,
  0x86, 0x81, 0x7F, 0xE6, 0x01, 0xA0, 0x56, 0x81, 0xBF, 0xB6, 0x05, 0xA0, 0x16, 0x81, 0xEF, 0x76,
  0x81, 0x9F, 0xD0,
  // "]" (U+005D), RLE, 11 bytes saved (14.9%)
  0x06, 0xD0, 0x10, 0x6D, 0x83, 0x10, 0x11, 0x5A, 0x01, 0x30, 0x4A, 0x01, 0x30, 0x4A, 0x01, 0x30,
  0x4A, 0x01, 0x30, 0x4A, 0x01, 0x30, 0x4A, 0x01, 0x30, 0x4A, 0x01, 0x30, 0x4A, 0x01, 0x30, 0x4A,
  0x01, 0x30, 0x4A, 0x01, 0x30, 0x4A, 0x01, 0x30, 0x4A, 0x01, 0x30, 0x4A, 0x01, 0x30, 0x4A, 0x01,
  0x30, 0x4A, 0x01, 0x30, 0x4A, 0x83, 0x10, 0x11, 0x5A, 0x01, 0x06, 0xD0, 0x10, 0x6D, 0x01,
  // "^" (U+005E), RLE, 12 bytes saved (18.2%)
  0x48, 0x15, 0xF7, 0x72, 0x82, 0xCF, 0xE1, 0x78, 0x33, 0xFE, 0xF8, 0x78, 0x4B, 0xF4, 0xEE, 0x15,
  0x85, 0x2F, 0xC0, 0x7F, 0x85, 0x81, 0x9F, 0x52, 0x81, 0xEF, 0x13, 0x81, 0x1F, 0xD3, 0x81, 0x7F,
  0x93, 0x81, 0x8F, 0x74, 0x86, 0xEF, 0x10, 0x1E, 0xE1, 0x48, 0x57, 0xF9, 0x07, 0xF9, 0x68, 0x4E,
  0xF2, 0xEF, 0x26, 0x81, 0x7F, 0xA0,
  // "_" (U+005F), RLE, 10 bytes saved (58.8%)
  0x80, 0x61, 0x1F, 0xB0, 0x7F, 0xB0, 0x70,
  // "`" (U+0060), uncompressed
  0xCF, 0xF3, 0x00, 0x1D, 0xFC, 0x00, 0x02, 0xDF, 0x70, 0x00, 0x1C, 0xF3,
  // "a" (U+0061), RLE, 8 bytes saved (11.1%)
  0x28, 0x64, 0x9D, 0xEF, 0xD9, 0x12, 0x06, 0xF0, 0xD0, 0x12, 0x84, 0xC7, 0x31, 0x28, 0xA0, 0x87,
  0x18, 0x1C, 0xFC, 0x71, 0x81, 0xAF, 0xD2, 0x81, 0x6B, 0xDD, 0x81, 0xD1, 0xCF, 0x90, 0xD0, 0x9A,
  0x89, 0x1B, 0x42, 0x11, 0xAF, 0xDD, 0xFD, 0x58, 0x4B, 0xFD, 0xDF, 0xB4, 0x83, 0x2E, 0xFD, 0xBA,
  0x83, 0x61, 0x26, 0xDA, 0x0D, 0x03, 0xE8, 0x95, 0xC5, 0xFD, 0x03, 0xAE, 0xFD, 0x80, 0x1F, 0xD0,
  // "b" (U+0062), RLE, 31 bytes saved (28.7%)
  0xA0, 0x87, 0x2A, 0x08, 0x72, 0xA0, 0x87, 0x2A, 0x08, 0x72, 0xA0, 0x87, 0x2A, 0x86, 0x71, 0x9D,
  0xFD, 0x91, 0x2A, 0x09, 0x0E, 0xD0, 0xD0, 0x21, 0xB8, 0x3C, 0x41, 0x28, 0xA0, 0xB1, 0xB0, 0x14,
  0x09, 0xA0, 0x2A, 0x0B, 0x50, 0x3A, 0x06, 0xA0, 0x86, 0xA0, 0x8A, 0x08, 0x6A, 0x09, 0xA0, 0x95,
  0x01, 0xA0, 0x8A, 0x0B, 0x50, 0x4A, 0x06, 0xB0, 0x24, 0x0A, 0xA0, 0x2B, 0x83, 0xD4, 0x12, 0x8A,
  0x0B, 0x1A, 0x08, 0x0E, 0xD8, 0x93, 0xD1, 0x0F, 0xE0, 0x2A, 0xEF, 0xD8, 0x12,
  // "c" (U+0063), RLE, 16 bytes saved (24.6%)
  0x38, 0x90, 0x6B, 0xEF, 0xDB, 0x60, 0x1C, 0xE8, 0x1A, 0x0B, 0xA8, 0x58, 0x21, 0x38, 0x43, 0xA0,
  0x86, 0x08, 0xA0, 0x16, 0x81, 0xAF, 0xE7, 0x81, 0xBF, 0xD7, 0x81, 0xAF, 0xE7, 0x08, 0xA0, 0x16,
  0x04, 0xA0, 0x87, 0x0C, 0xA8, 0x78, 0x21, 0x26, 0x80, 0x2D, 0xE0, 0xA3, 0x85, 0x7C, 0xEF, 0xEA,
  0x40,
  // "d" (U+0064), RLE, 18 bytes saved (16.7%)
  0x72, 0x81, 0xAF, 0xD7, 0x28, 0x1A, 0xFD, 0x72, 0x81, 0xAF, 0xD7, 0x28, 0x1A, 0xFD, 0x72, 0x81,
  0xAF, 0xD2, 0x89, 0x31, 0x9D, 0xFD, 0x91, 0x9F, 0xD0, 0x3E, 0xD8, 0x4D, 0xAF, 0xD0, 0xDA, 0x83,
  0x72, 0x15, 0xDA, 0x0D, 0x04, 0xA0, 0x94, 0x02, 0xA0, 0xD0, 0x8A, 0x02, 0x58, 0x2C, 0xFD, 0xAA,
  0x68, 0x49, 0xFD, 0xBF, 0xD6, 0x84, 0x8F, 0xDA, 0xFE, 0x68, 0x29, 0xFD, 0x8A, 0x01, 0x58, 0x2B,
  0xFD, 0x5A, 0x08, 0x40, 0x2A, 0x81, 0xD0, 0xDA, 0x83, 0x72, 0x14, 0xDA, 0x82, 0xD0, 0x3E, 0xD8,
  0x2D, 0x8F, 0xD2, 0x89, 0x02, 0x9E, 0xFD, 0x91, 0x3F, 0xD0,
  // "e" (U+0065), RLE, 19 bytes saved (24.4%)
  0x38, 0x56, 0xCE, 0xED, 0x81, 0x30, 0x10, 0xBE, 0x0D, 0x02, 0x20, 0xAA, 0x87, 0x72, 0x26, 0xEF,
  0xC0, 0x2A, 0x06, 0x40, 0x5A, 0x03, 0x07, 0xA8, 0x01, 0x10, 0x2A, 0x06, 0x0A, 0xFB, 0x08, 0x0B,
  0xFB, 0x82, 0x8A, 0xFE, 0x72, 0x08, 0xA0, 0x27, 0x10, 0x3A, 0x0A, 0x72, 0x0A, 0xA8, 0x5A, 0x41,
  0x13, 0x7B, 0x30, 0xBF, 0x0E, 0x48, 0x65, 0xAD, 0xFE, 0xD9, 0x41,
  // "f" (U+0066), RLE, 28 bytes saved (31.1%)
  0x48, 0x47, 0xCE, 0xEC, 0x53, 0x0B, 0xD0, 0x32, 0x03, 0xA8, 0x2B, 0x22, 0x43, 0x06, 0xA0, 0x36,
  0x06, 0xA0, 0x14, 0x81, 0x29, 0xED, 0x81, 0x40, 0x9F, 0x04, 0x20, 0x10, 0x7A, 0x81, 0x21, 0x14,
  0x06, 0xA0, 0x16, 0x06, 0xA0, 0x16, 0x06, 0xA0, 0x16, 0x06, 0xA0, 0x16, 0x06, 0xA0, 0x16, 0x06,
  0xA0, 0x16, 0x06, 0xA0, 0x16, 0x06, 0xA0, 0x16, 0x06, 0xA0, 0x16, 0x06, 0xA0, 0x14,
  // "g" (U+0067), RLE, 13 bytes saved (11.4%)
  0x28, 0x93, 0x19, 0xDF, 0xD9, 0x13, 0xFD, 0x02, 0xED, 0x84, 0xE8, 0xFD, 0x0C, 0xA8, 0x37, 0x21,
  0x5D, 0xA0, 0xD0, 0x4A, 0x08, 0x40, 0x2A, 0x0D, 0x08, 0xA0, 0x25, 0x84, 0xBF, 0xDA, 0xFE, 0x68,
  0x49, 0xFD, 0xBF, 0xD6, 0x84, 0x8F, 0xDA, 0xFE, 0x68, 0x28, 0xFD, 0x8A, 0x01, 0x58, 0x2A, 0xFD,
  0x4A, 0x07, 0x48, 0x41, 0xEF, 0xD0, 0xDA, 0x83, 0x72, 0x25, 0xDA, 0x82, 0xD0, 0x3E, 0xD8, 0x2D,
  0xAF, 0xD2, 0x89, 0x02, 0x9E, 0xFD, 0x91, 0x9F, 0xD7, 0x28, 0x1A, 0xFD, 0x72, 0x81, 0xCF, 0xC7,
  0x10, 0x3A, 0x89, 0x09, 0x0C, 0x95, 0x21, 0x26, 0xEA, 0x81, 0x20, 0xCF, 0x90, 0x62, 0x82, 0x38,
  0xCD, 0xA8, 0x1D, 0x93, 0x20,
  // "h" (U+0068), RLE, 34 bytes saved (31.5%)
  0xA0, 0x87, 0x2A, 0x08, 0x72, 0xA0, 0x87, 0x2A, 0x08, 0x72, 0xA0, 0x87, 0x2A, 0x86, 0x71, 0x9D,
  0xFE, 0xA3, 0x2A, 0x08, 0x0E, 0xE0, 0x41, 0xB8, 0x3D, 0x51, 0x27, 0xA0, 0xD1, 0xB0, 0x34, 0x09,
  0xA0, 0x1A, 0x0C, 0x50, 0x6A, 0x02, 0xA0, 0x95, 0x04, 0xA0, 0x3A, 0x08, 0x50, 0x4A, 0x03, 0xA0,
  0x85, 0x04, 0xA0, 0x3A, 0x08, 0x50, 0x4A, 0x03, 0xA0, 0x85, 0x04, 0xA0, 0x3A, 0x08, 0x50, 0x4A,
  0x03, 0xA0, 0x85, 0x04, 0xA0, 0x3A, 0x08, 0x50, 0x4A, 0x03,
  // "i" (U+0069), RLE, 2 bytes saved (5.6%)
  0x18, 0x2B, 0xE5, 0x2A, 0x83, 0xA0, 0xAD, 0x47, 0x2A, 0x08, 0x1A, 0x08, 0x1A, 0x08, 0x1A, 0x08,
  0x1A, 0x08, 0x1A, 0x08, 0x1A, 0x08, 0x1A, 0x08, 0x1A, 0x08, 0x1A, 0x08, 0x1A, 0x08, 0x1A, 0x08,
  0x1A, 0x08,
  // "j" (U+006A), RLE, 30 bytes saved (35.7%)
  0x48, 0x1B, 0xE5, 0x30, 0x2A, 0x0A, 0x48, 0x1A, 0xD4, 0x77, 0x4A, 0x08, 0x4A, 0x08, 0x4A, 0x08,
  0x4A, 0x08, 0x4A, 0x08, 0x4A, 0x08, 0x4A, 0x08, 0x4A, 0x08, 0x4A, 0x08, 0x4A, 0x08, 0x4A, 0x08,
  0x4A, 0x08, 0x4A, 0x08, 0x4A, 0x08, 0x4A, 0x08, 0x30, 0x1A, 0x83, 0x71, 0x11, 0x9A, 0x04, 0x06,
  0xC8, 0x6C, 0x04, 0xEF, 0xEA, 0x11,
  // "k" (U+006B), RLE, 27 bytes saved (27.3%)
  0xA0, 0x87, 0x1A, 0x08, 0x71, 0xA0, 0x87, 0x1A, 0x08, 0x71, 0xA0, 0x87, 0x1A, 0x08, 0x40, 0x7A,
  0x07, 0xA0, 0x83, 0x06, 0xA0, 0x81, 0xA0, 0x82, 0x05, 0xA0, 0x92, 0xA8, 0x17, 0x04, 0xA0, 0xA3,
  0xA8, 0x37, 0x3E, 0xFB, 0x4A, 0x82, 0x8E, 0xFE, 0x5E, 0x06, 0x4B, 0x09, 0x0B, 0xA0, 0x23, 0xA8,
  0x49, 0x01, 0xEF, 0xD3, 0xA0, 0x82, 0x04, 0xA0, 0xA2, 0xA0, 0x83, 0x08, 0xA0, 0x61, 0xA0, 0x84,
  0x82, 0xCF, 0xE2, 0xA0, 0x84, 0x82, 0x2E, 0xFD,
  // "l" (U+006C), uncompressed
  0xFF, 0x8F, 0xF8, 0xFF, 0x8F, 0xF8, 0xFF, 0x8F, 0xF8, 0xFF, 0x8F, 0xF8, 0xFF, 0x8F, 0xF8, 0xFF,
  0x8F, 0xF8, 0xFF, 0x8F, 0xF8, 0xFF, 0x8F, 0xF8, 0xFF, 0x8F, 0xF8,
  // "m" (U+006D), RLE, 21 bytes saved (16.9%)
  0xA8, 0x96, 0x12, 0x9E, 0xFD, 0x81, 0x01, 0x9D, 0xFE, 0xA2, 0x1A, 0x07, 0x0E, 0xD8, 0x1C, 0x2E,
  0xD0, 0xE0, 0x1B, 0x83, 0xC4, 0x13, 0xCB, 0x83, 0xE5, 0x12, 0xAA, 0x08, 0xB0, 0x13, 0x01, 0xB0,
  0x44, 0x81, 0xEF, 0xCA, 0x0B, 0x58, 0x1D, 0xFD, 0x58, 0x1B, 0xFD, 0xA0, 0x95, 0x81, 0xCF, 0xB5,
  0x81, 0xAF, 0xDA, 0x08, 0x58, 0x1C, 0xFA, 0x58, 0x1A, 0xFD, 0xA0, 0x85, 0x81, 0xCF, 0xA5, 0x81,
  0xAF, 0xDA, 0x08, 0x58, 0x1C, 0xFA, 0x58, 0x1A, 0xFD, 0xA0, 0x85, 0x81, 0xCF, 0xA5, 0x81, 0xAF,
  0xDA, 0x08, 0x58, 0x1C, 0xFA, 0x58, 0x1A, 0xFD, 0xA0, 0x85, 0x81, 0xCF, 0xA5, 0x81, 0xAF, 0xDA,
  0x08, 0x58, 0x1C, 0xFA, 0x58, 0x1A, 0xFD,
  // "n" (U+006E), RLE, 16 bytes saved (20.5%)
  0xA8, 0x61, 0x19, 0xDF, 0xEA, 0x32, 0xA0, 0x60, 0xEE, 0x04, 0x1B, 0x83, 0xD5, 0x12, 0x7A, 0x0D,
  0x1B, 0x02, 0x40, 0x9A, 0x01, 0xA0, 0xB5, 0x06, 0xA0, 0x2A, 0x09, 0x50, 0x4A, 0x03, 0xA0, 0x85,
  0x04, 0xA0, 0x3A, 0x08, 0x50, 0x4A, 0x03, 0xA0, 0x85, 0x04, 0xA0, 0x3A, 0x08, 0x50, 0x4A, 0x03,
  0xA0, 0x85, 0x04, 0xA0, 0x3A, 0x08, 0x50, 0x4A, 0x03, 0xA0, 0x85, 0x04, 0xA0, 0x30,
  // "o" (U+006F), RLE, 17 bytes saved (20.0%)
  0x38, 0x56, 0xBE, 0xFD, 0x92, 0x40, 0x10, 0xCF, 0x06, 0x30, 0xBA, 0x83, 0x82, 0x14, 0xCA, 0x81,
  0x40, 0x3A, 0x08, 0x58, 0x3E, 0xFC, 0x08, 0xA0, 0x25, 0x07, 0xA8, 0x22, 0xAF, 0xE6, 0x05, 0xA8,
  0x24, 0xBF, 0xD6, 0x03, 0xA0, 0x50, 0xAA, 0x60, 0x5A, 0x04, 0x07, 0xA0, 0x25, 0x07, 0xA0, 0x02,
  0xA0, 0x95, 0x81, 0xEF, 0xD2, 0x09, 0xA8, 0x38, 0x21, 0x4B, 0xA0, 0x53, 0x0B, 0xF0, 0x75, 0x85,
  0x5B, 0xEF, 0xDA, 0x33,
  // "p" (U+0070), RLE, 33 bytes saved (28.9%)
  0xA8, 0x62, 0x19, 0xDF, 0xD9, 0x12, 0xA0, 0x70, 0xED, 0x0D, 0x02, 0x1B, 0x83, 0xC4, 0x12, 0x8A,
  0x0B, 0x1B, 0x01, 0x40, 0xAA, 0x03, 0xA0, 0xB5, 0x03, 0xA0, 0x6A, 0x08, 0x50, 0x1A, 0x08, 0xA0,
  0x86, 0xA0, 0x9A, 0x09, 0x50, 0x1A, 0x08, 0xA0, 0xC5, 0x04, 0xA0, 0x6B, 0x02, 0x40, 0xAA, 0x02,
  0xB8, 0x3D, 0x41, 0x28, 0xA0, 0xB1, 0xA0, 0xA0, 0xED, 0x0D, 0x01, 0x1A, 0x86, 0x72, 0xAE, 0xFD,
  0x81, 0x2A, 0x08, 0x72, 0xA0, 0x87, 0x2A, 0x08, 0x72, 0xA0, 0x87, 0x2A, 0x08, 0x72, 0xA0, 0x87,
  0x20,
  // "q" (U+0071), RLE, 21 bytes saved (18.4%)
  0x28, 0x93, 0x19, 0xDF, 0xD9, 0x13, 0xFD, 0x02, 0xED, 0x84, 0xD8, 0xFD, 0x0D, 0xA8, 0x37, 0x21,
  0x5D, 0xA0, 0xD0, 0x4A, 0x08, 0x40, 0x2A, 0x0D, 0x08, 0xA0, 0x25, 0x82, 0xCF, 0xDA, 0xA6, 0x84,
  0x9F, 0xDB, 0xFD, 0x68, 0x48, 0xFD, 0xAF, 0xE6, 0x82, 0x9F, 0xD8, 0xA0, 0x15, 0x82, 0xBF, 0xD5,
  0xA0, 0x84, 0x02, 0xA8, 0x1D, 0x0D, 0xA8, 0x37, 0x21, 0x4D, 0xA8, 0x2D, 0x03, 0xED, 0x82, 0xDA,
  0xFD, 0x28, 0x90, 0x29, 0xEF, 0xD8, 0x19, 0xFD, 0x72, 0x81, 0xAF, 0xD7, 0x28, 0x1A, 0xFD, 0x72,
  0x81, 0xAF, 0xD7, 0x28, 0x1A, 0xFD, 0x72, 0x81, 0xAF, 0xD7, 0x28, 0x1A, 0xFD,
  // "r" (U+0072), RLE, 19 bytes saved (36.5%)
  0xA8, 0x41, 0x08, 0xDF, 0xAA, 0x04, 0x0C, 0xB0, 0x9A, 0x84, 0xEF, 0x82, 0x11, 0xB0, 0x64, 0xA0,
  0xC5, 0xA0, 0x95, 0xA0, 0x85, 0xA0, 0x85, 0xA0, 0x85, 0xA0, 0x85, 0xA0, 0x85, 0xA0, 0x85, 0xA0,
  0x85,
  // "s" (U+0073), RLE, 10 bytes saved (15.4%)
  0x18, 0x91, 0x18, 0xCE, 0xFD, 0xA5, 0x03, 0xEF, 0x89, 0x42, 0xAF, 0xE5, 0x11, 0x49, 0xA0, 0xCF,
  0xA7, 0x09, 0xA0, 0x66, 0x01, 0x0C, 0xA8, 0x1E, 0x82, 0x50, 0x60, 0xDB, 0x0A, 0x02, 0x50, 0x30,
  0xAA, 0x0E, 0x01, 0x60, 0x4A, 0x07, 0x78, 0x90, 0xEF, 0x8A, 0x84, 0x21, 0x39, 0xA0, 0x50, 0xCF,
  0x83, 0xB0, 0x49, 0xDA, 0x81, 0xEB, 0x62,
  // "t" (U+0074), RLE, 19 bytes saved (26.4%)
  0x30, 0xE0, 0xC6, 0x81, 0x3F, 0xC6, 0x81, 0x8F, 0xC4, 0x02, 0x0A, 0xE0, 0x70, 0x8F, 0x84, 0x70,
  0x1C, 0xFC, 0x0F, 0x13, 0x81, 0xBF, 0xC6, 0x81, 0xBF, 0xC6, 0x81, 0xBF, 0xC6, 0x81, 0xBF, 0xC6,
  0x81, 0xBF, 0xC6, 0x81, 0xBF, 0xC6, 0x81, 0xBF, 0xD6, 0x09, 0xA8, 0x27, 0x12, 0x22, 0x02, 0xD0,
  0x93, 0x84, 0x3B, 0xEE, 0xD5,
  // "u" (U+0075), RLE, 13 bytes saved (15.3%)
  0x01, 0xA0, 0x65, 0x06, 0xA0, 0x01, 0xA0, 0x65, 0x06, 0xA0, 0x01, 0xA0, 0x65, 0x06, 0xA0, 0x01,
  0xA0, 0x65, 0x06, 0xA0, 0x01, 0xA0, 0x65, 0x06, 0xA0, 0x01, 0xA0, 0x65, 0x06, 0xA0, 0x01, 0xA0,
  0x65, 0x06, 0xA0, 0x01, 0xA0, 0x65, 0x07, 0xA0, 0x01, 0xA0, 0x75, 0x09, 0xA0, 0x11, 0xA0, 0xA5,
  0x0E, 0xA8, 0x11, 0x0C, 0xA0, 0x42, 0x01, 0x0A, 0xB8, 0x11, 0x04, 0xB0, 0xE0, 0xDA, 0x09, 0xA0,
  0x12, 0x85, 0x3A, 0xEF, 0xEA, 0x41, 0xA0, 0x10,
  // "v" (U+0076), RLE, 19 bytes saved (22.4%)
  0x81, 0xCF, 0xD6, 0x03, 0xA0, 0x06, 0xA0, 0x35, 0x09, 0xA0, 0x01, 0xA0, 0x85, 0x81, 0xEF, 0xA2,
  0x81, 0xAF, 0xE4, 0x04, 0xA0, 0x42, 0x04, 0xA0, 0x43, 0x81, 0xAF, 0xE4, 0x81, 0xEF, 0x93, 0x81,
  0xEF, 0x84, 0x81, 0x8F, 0xE2, 0x05, 0xA0, 0x24, 0x02, 0xA8, 0x35, 0x0B, 0xFC, 0x68, 0x2C, 0xFA,
  0x1A, 0x06, 0x68, 0x26, 0xFE, 0x5A, 0x70, 0x1A, 0x81, 0xCF, 0xA7, 0x10, 0xAB, 0x04, 0x71, 0x04,
  0xA0, 0xD5,
  // "w" (U+0077), RLE, 11 bytes saved (8.9%)
  0x81, 0x9F, 0xE5, 0x0D, 0xA0, 0x34, 0x82, 0x9F, 0xE5, 0xA0, 0x33, 0x02, 0xB0, 0x84, 0x82, 0xDF,
  0xA1, 0xA0, 0x73, 0x83, 0x6F, 0xDF, 0xC3, 0x01, 0xA8, 0x36, 0x0C, 0xFB, 0x38, 0x1B, 0xF6, 0xA0,
  0x12, 0x05, 0xA8, 0x12, 0x07, 0xA3, 0xA8, 0x22, 0xCF, 0x52, 0x81, 0x9F, 0xD2, 0x03, 0xA8, 0x73,
  0x04, 0xFD, 0x08, 0xFA, 0x28, 0x1D, 0xF8, 0x38, 0x93, 0xEF, 0x70, 0x9F, 0x90, 0x4F, 0xE0, 0x2A,
  0x04, 0x38, 0x5A, 0xFB, 0x0D, 0xF4, 0x28, 0x2E, 0xF3, 0x6A, 0x48, 0x26, 0xFE, 0x2A, 0x38, 0x4A,
  0xF7, 0x9F, 0xB4, 0x01, 0xA8, 0x17, 0xFB, 0x38, 0x46, 0xFA, 0xDF, 0x75, 0x83, 0xDF, 0xDF, 0x63,
  0x81, 0x2F, 0xEA, 0x02, 0x50, 0x8B, 0x01, 0x40, 0xDA, 0x0D, 0x60, 0x4A, 0x0C, 0x50, 0x8A, 0x09,
  0x30,
  // "x" (U+0078), RLE, 17 bytes saved (20.0%)
  0x82, 0x2E, 0xFB, 0x50, 0xBA, 0x81, 0x20, 0x6A, 0x06, 0x30, 0x6A, 0x07, 0x38, 0x7B, 0xFE, 0x20,
  0x1E, 0xFB, 0x48, 0x71, 0xEF, 0xB0, 0xAF, 0xE1, 0x50, 0x5A, 0x0A, 0xA0, 0x57, 0x0A, 0xB0, 0xA7,
  0x10, 0x3B, 0x04, 0x71, 0x0C, 0xB0, 0xD7, 0x08, 0xA0, 0x6A, 0x08, 0x50, 0x3A, 0x81, 0x80, 0x7A,
  0x04, 0x48, 0x1D, 0xFD, 0x38, 0x2C, 0xFD, 0x12, 0x09, 0xA0, 0x33, 0x03, 0xA8, 0x1A, 0x04, 0xA0,
  0x85, 0x08, 0xA0, 0x50,
  // "y" (U+0079), RLE, 34 bytes saved (27.4%)
  0x81, 0xCF, 0xE6, 0x04, 0xA0, 0x70, 0x5A, 0x04, 0x50, 0x9A, 0x83, 0x10, 0xEF, 0xA5, 0x81, 0xEF,
  0xB2, 0x81, 0x9F, 0xE4, 0x04, 0xA0, 0x52, 0x03, 0xA0, 0x53, 0x81, 0x9F, 0xE4, 0x81, 0xCF, 0xB3,
  0x81, 0xEF, 0x94, 0x06, 0xA8, 0x11, 0x04, 0xA0, 0x34, 0x01, 0xA8, 0x36, 0x09, 0xFD, 0x68, 0x59,
  0xFC, 0x0E, 0xF7, 0x60, 0x3A, 0x05, 0xA0, 0x17, 0x83, 0xDF, 0xCF, 0xB7, 0x10, 0x7B, 0x05, 0x71,
  0x01, 0xA0, 0xE7, 0x38, 0x1E, 0xF9, 0x72, 0x04, 0xA0, 0x47, 0x28, 0x1B, 0xFC, 0x68, 0x21, 0x12,
  0xAA, 0x05, 0x60, 0x8C, 0x08, 0x78, 0x37, 0xEF, 0xC6, 0x71,
  // "z" (U+007A), RLE, 26 bytes saved (36.1%)
  0x10, 0xBF, 0x98, 0x15, 0x0B, 0xF9, 0x05, 0x28, 0x01, 0x18, 0x1C, 0xFD, 0x70, 0x7A, 0x03, 0x60,
  0x3A, 0x07, 0x68, 0x21, 0xDF, 0xB7, 0x82, 0xAF, 0xE1, 0x60, 0x6A, 0x04, 0x68, 0x22, 0xEF, 0x87,
  0x81, 0xCF, 0xC7, 0x08, 0xA0, 0x38, 0x01, 0x11, 0x01, 0xFA, 0x08, 0x02, 0xFA, 0x08,
  // "{" (U+007B), RLE, 27 bytes saved (28.4%)
  0x58, 0x27, 0xCE, 0x64, 0x0C, 0xB0, 0x63, 0x05, 0xA0, 0xA0, 0x34, 0x07, 0xA6, 0x81, 0x7F, 0xE6,
  0x81, 0x7F, 0xE6, 0x81, 0x7F, 0xE6, 0x81, 0x9F, 0xD4, 0x01, 0x06, 0xA0, 0x93, 0x06, 0xA0, 0xE0,
  0x84, 0x06, 0xA0, 0xC0, 0x65, 0x02, 0x08, 0xA0, 0x76, 0x81, 0xAF, 0xC6, 0x81, 0x7F, 0xE6, 0x81,
  0x7F, 0xE6, 0x81, 0x7F, 0xE6, 0x81, 0x7F, 0xE6, 0x06, 0xA6, 0x04, 0xA0, 0xA0, 0x35, 0x0C, 0xB0,
  0x65, 0x82, 0x7C, 0xE6,
  // "|" (U+007C), uncompressed
  0x6F, 0x96, 0xF9, 0x6F, 0x96, 0xF9, 0x6F, 0x96, 0xF9, 0x6F, 0x96, 0xF9, 0x6F, 0x96, 0xF9, 0x6F,
  0x96, 0xF9, 0x6F, 0x96, 0xF9, 0x6F, 0x96, 0xF9, 0x6F, 0x96, 0xF9, 0x6F, 0x96, 0xF9, 0x6F, 0x96,
  0xF9, 0x6F, 0x96, 0xF9,
  // "}" (U+007D), RLE, 21 bytes saved (22.1%)
  0x83, 0x2F, 0xD9, 0x24, 0x02, 0xB0, 0xE0, 0x24, 0x02, 0x07, 0xA0, 0x86, 0x81, 0xCF, 0xA6, 0x81,
  0xAF, 0xA6, 0x81, 0xAF, 0xA6, 0x81, 0xAF, 0xA6, 0x81, 0xAF, 0xC6, 0x06, 0xA0, 0x80, 0x15, 0x07,
  0x0D, 0xA0, 0x94, 0x04, 0x0B, 0xA0, 0x93, 0x03, 0xA8, 0x1A, 0x31, 0x38, 0x19, 0xFD, 0x68, 0x1A,
  0xFA, 0x68, 0x1A, 0xFA, 0x68, 0x1A, 0xFA, 0x68, 0x1A, 0xFA, 0x68, 0x1C, 0xFA, 0x40, 0x20, 0x8A,
  0x07, 0x30, 0x2B, 0x0D, 0x01, 0x38, 0x32, 0xFD, 0x81, 0x40,
  // "~" (U+007E), RLE, 1 byte saved (5.6%)
  0x05, 0x0C, 0xA8, 0x7E, 0xB7, 0x31, 0x28, 0x7D, 0xFB, 0x81, 0x8A, 0x42, 0x86, 0x37, 0xBE, 0xFD,
  0x92,
  // "¡" (U+00A1), uncompressed
  0x1C, 0xE7, 0x5F, 0xFD, 0x1C, 0xE7, 0x00, 0x00, 0x00, 0x00, 0x0A, 0xF3, 0x0B, 0xF3, 0x0B, 0xF4,
  0x0C, 0xF5, 0x0D, 0xF6, 0x0E, 0xF6, 0x0F, 0xF7, 0x0F, 0xF8, 0x1F, 0xF9, 0x1F, 0xFA, 0x2F, 0xFA,
  0x3F, 0xFB,
  // "¢" (U+00A2), RLE, 22 bytes saved (25.9%)
  0x48, 0x13, 0xF8, 0x78, 0x13, 0xF8, 0x58, 0x12, 0xAE, 0xA8, 0x3E, 0xC5, 0x05, 0xF8, 0x92, 0x71,
  0xEF, 0xE5, 0x10, 0x38, 0x17, 0xA0, 0x46, 0x81, 0xBF, 0xD7, 0x81, 0xDF, 0xA7, 0x81, 0xEF, 0x97,
  0x81, 0xDF, 0xA7, 0x81, 0xCF, 0xD7, 0x08, 0xA0, 0x46, 0x89, 0x22, 0xEF, 0xE6, 0x21, 0x37, 0x50,
  0x5F, 0x08, 0x28, 0x12, 0x9D, 0xA8, 0x1D, 0xA3, 0x48, 0x13, 0xF8, 0x78, 0x13, 0xF8, 0x30,
  // "£" (U+00A3), RLE, 44 bytes saved (39.6%)
  0x58, 0x57, 0xCE, 0xFD, 0xA5, 0x40, 0x10, 0xDF, 0x02, 0x30, 0x8A, 0x84, 0x92, 0x14, 0x89, 0x48,
  0x1C, 0xFC, 0x73, 0x81, 0xDF, 0xA7, 0x38, 0x1D, 0xFA, 0x71, 0x83, 0x11, 0xDF, 0xA8, 0x00, 0x13,
  0x01, 0xFA, 0x06, 0x20, 0x1F, 0xA0, 0x65, 0x81, 0xDF, 0xA7, 0x38, 0x1D, 0xFA, 0x73, 0x81, 0xDF,
  0x97, 0x3A, 0x08, 0x72, 0x04, 0xA0, 0x37, 0x18, 0x24, 0xEF, 0x88, 0x04, 0x10, 0x2F, 0xC0, 0xE0,
  0x2F, 0xC0, 0xE0,
  // "¤" (U+00A4), RLE, 5 bytes saved (6.9%)
  0x10, 0x60, 0x16, 0x89, 0x74, 0x30, 0x5F, 0xC4, 0xBE, 0xD8, 0x5E, 0xE1, 0x0C, 0xF9, 0x08, 0x20,
  0x3A, 0x84, 0x72, 0x2A, 0xFE, 0x38, 0x17, 0xF7, 0x48, 0x1B, 0xF3, 0x28, 0x1B, 0xF1, 0x48, 0x15,
  0xF7, 0x28, 0x1B, 0xF1, 0x48, 0x15, 0xF7, 0x28, 0x18, 0xF7, 0x48, 0x1B, 0xF4, 0x20, 0x3A, 0x84,
  0x71, 0x29, 0xFE, 0x30, 0xCF, 0x98, 0x97, 0x70, 0x5F, 0xC4, 0xBE, 0xD9, 0x5F, 0xE1, 0x06, 0x16,
  0x04, 0x03, 0x10,
  // "¥" (U+00A5), RLE, 37 bytes saved (31.1%)
  0x07, 0xA0, 0x26, 0x07, 0xA8, 0x32, 0x0E, 0xFA, 0x68, 0x1E, 0xF9, 0x20, 0x6A, 0x02, 0x40, 0x7A,
  0x01, 0x38, 0x1D, 0xF9, 0x48, 0x1E, 0xF8, 0x40, 0x6A, 0x02, 0x28, 0x26, 0xFE, 0x15, 0x81, 0xDF,
  0x92, 0x81, 0xDF, 0x76, 0x05, 0xA8, 0x21, 0x6F, 0xE7, 0x18, 0x4C, 0xF9, 0xDF, 0x67, 0x01, 0x05,
  0xB8, 0x1E, 0x11, 0x50, 0xCF, 0x90, 0x74, 0x0C, 0xF9, 0x07, 0x70, 0x6A, 0x01, 0x70, 0xCF, 0x90,
  0x74, 0x0C, 0xF9, 0x07, 0x58, 0x11, 0x16, 0xA8, 0x12, 0x11, 0x71, 0x06, 0xA0, 0x17, 0x30, 0x6A,
  0x01, 0x50,
  // "¦" (U+00A6), RLE, 4 bytes saved (11.1%)
  0x8B, 0x16, 0xF9, 0x6F, 0x96, 0xF9, 0x6F, 0x96, 0xF9, 0x6F, 0x96, 0xF9, 0x6F, 0x96, 0xF9, 0x77,
  0x48, 0xB1, 0x6F, 0x96, 0xF9, 0x6F, 0x96, 0xF9, 0x6F, 0x96, 0xF9, 0x6F, 0x96, 0xF9, 0x6F, 0x90,
  // "§" (U+00A7), RLE, 9 bytes saved (10.0%)
  0x28, 0x56, 0xCE, 0xFE, 0xB5, 0x20, 0xBF, 0x00, 0x4A, 0x89, 0x06, 0x21, 0x37, 0xB0, 0x5F, 0xE7,
  0x83, 0x1E, 0xFA, 0x26, 0x04, 0x0E, 0xA0, 0xC0, 0x54, 0x82, 0x6F, 0xEC, 0xA8, 0x90, 0xD4, 0x02,
  0xFD, 0x10, 0x29, 0xA8, 0x23, 0x6F, 0xA4, 0x85, 0x9F, 0x94, 0xFE, 0x23, 0x89, 0x37, 0xF9, 0x0B,
  0xFE, 0x82, 0x2D, 0xF3, 0x20, 0x70, 0xEC, 0x06, 0x50, 0x50, 0xBA, 0x0B, 0x78, 0x23, 0xEF, 0x67,
  0x89, 0x0A, 0xF9, 0x89, 0x52, 0x12, 0x6A, 0x06, 0x09, 0xF8, 0x90, 0xC0, 0x17, 0xCE, 0xFE, 0xB6,
  0x20,
  // "¨" (U+00A8), uncompressed
  0x5F, 0xC0, 0x0B, 0xF6, 0x4E, 0xB0, 0x0A, 0xE5,
  // "©" (U+00A9), RLE, 26 bytes saved (16.0%)
  0x58, 0x65, 0x9D, 0xEE, 0xD9, 0x47, 0x18, 0x92, 0x3C, 0xE9, 0x53, 0x35, 0x9E, 0xC2, 0x58, 0x15,
  0xF9, 0x78, 0x21, 0xAE, 0x43, 0x81, 0x3F, 0x82, 0x89, 0x12, 0xAE, 0xFE, 0x81, 0x09, 0xE2, 0x20,
  0xC0, 0xB2, 0x02, 0x0E, 0xD0, 0x22, 0x84, 0xDB, 0x04, 0xF4, 0x28, 0x5C, 0xFB, 0x30, 0x26, 0x38,
  0x35, 0xF3, 0x8D, 0x28, 0x12, 0xFE, 0x72, 0x82, 0xE8, 0xBB, 0x28, 0x15, 0xF9, 0x72, 0x82, 0xCA,
  0xC9, 0x28, 0x16, 0xF7, 0x72, 0x0A, 0x0F, 0xB2, 0x81, 0x5F, 0x97, 0x28, 0x2B, 0xB9, 0xD2, 0x81,
  0x3F, 0xD7, 0x28, 0x3E, 0x95, 0xF3, 0x28, 0x5D, 0xFA, 0x20, 0x15, 0x38, 0x43, 0xF4, 0x0D, 0xA2,
  0x04, 0xD0, 0xE3, 0x0B, 0x0D, 0x28, 0x15, 0xF6, 0x20, 0x30, 0xBA, 0x0E, 0x08, 0x28, 0x17, 0xF5,
  0x38, 0x18, 0xF7, 0x71, 0x81, 0x8F, 0x75, 0x83, 0x6E, 0xC6, 0x22, 0x83, 0x26, 0xDE, 0x67, 0x81,
  0x18, 0xDC, 0x81, 0xC8, 0x17, 0x50, 0x02, 0x71,
  // "ª" (U+00AA), uncompressed
  0x05, 0xBD, 0xFD, 0x60, 0x05, 0x95, 0x4A, 0xF4, 0x00, 0x00, 0x03, 0xF8, 0x03, 0xBE, 0xFF, 0xF9,
  0x1E, 0xE6, 0x35, 0xF9, 0x3F, 0x80, 0x04, 0xF9, 0x2F, 0xB1, 0x3C, 0xF9, 0x08, 0xFF, 0xF7, 0xD9,
  0x00, 0x12, 0x00, 0x22,
  // "«" (U+00AB), uncompressed
  0x00, 0x01, 0x40, 0x00, 0x04, 0x00, 0x00, 0xBF, 0x90, 0x09, 0xFA, 0x00, 0x9F, 0xE2, 0x07, 0xFF,
  0x30, 0x6F, 0xF4, 0x04, 0xFF, 0x60, 0x4F, 0xF7, 0x03, 0xEF, 0x90, 0x0E, 0xFC, 0x00, 0xDF, 0xD0,
  0x00, 0x6F, 0xF4, 0x05, 0xFF, 0x60, 0x00, 0x9F, 0xE2, 0x07, 0xFF, 0x30, 0x00, 0xBF, 0xD1, 0x0A,
  0xFE, 0x10, 0x01, 0xDF, 0x90, 0x0C, 0xFB, 0x00, 0x02, 0x70, 0x00, 0x18, 0x10,
  // "¬" (U+00AC), RLE, 22 bytes saved (45.8%)
  0x80, 0x71, 0x10, 0xDF, 0xB0, 0x80, 0xDF, 0xB0, 0x87, 0x28, 0x16, 0xF8, 0x72, 0x81, 0x6F, 0x87,
  0x28, 0x16, 0xF8, 0x72, 0x81, 0x6F, 0x87, 0x28, 0x13, 0x73,
  // "®" (U+00AE), RLE, 19 bytes saved (11.7%)
  0x58, 0x65, 0x9D, 0xEE, 0xD9, 0x47, 0x18, 0x92, 0x3C, 0xE9, 0x53, 0x35, 0x9E, 0xC2, 0x58, 0x15,
  0xF9, 0x78, 0x21, 0xAE, 0x43, 0x83, 0x3F, 0x80, 0x5B, 0x81, 0xEB, 0x32, 0x81, 0x9E, 0x22, 0x0C,
  0x0B, 0x20, 0x5D, 0x0E, 0x01, 0x28, 0x4D, 0xB0, 0x4F, 0x42, 0x86, 0x5F, 0x81, 0x2B, 0xF6, 0x28,
  0x35, 0xF3, 0x8D, 0x38, 0x15, 0xF8, 0x28, 0x15, 0xF8, 0x38, 0x2E, 0x8B, 0xB3, 0x86, 0x5F, 0x81,
  0x3C, 0xF5, 0x38, 0x2C, 0xAC, 0x93, 0x05, 0xD0, 0xA4, 0x0A, 0x0F, 0xB3, 0x05, 0xC0, 0xD5, 0x82,
  0xBB, 0x9D, 0x38, 0x55, 0xF8, 0x0A, 0xF6, 0x48, 0x3E, 0x95, 0xF3, 0x28, 0x65, 0xF8, 0x01, 0xEE,
  0x12, 0x84, 0x3F, 0x40, 0xDA, 0x28, 0x15, 0xF8, 0x28, 0x17, 0xF9, 0x20, 0xB0, 0xD2, 0x85, 0x5F,
  0x60, 0x4E, 0x73, 0x84, 0xCD, 0x27, 0xF5, 0x38, 0x18, 0xF7, 0x71, 0x81, 0x8F, 0x75, 0x83, 0x6E,
  0xC6, 0x22, 0x83, 0x26, 0xDE, 0x67, 0x81, 0x18, 0xDC, 0x81, 0xC8, 0x17, 0x50, 0x02, 0x71,
  // "¯" (U+00AF), RLE, 12 bytes saved (57.1%)
  0x18, 0x09, 0x01, 0x10, 0x1F, 0xD0, 0x01, 0xFD, 0x01,
  // "°" (U+00B0), uncompressed
  0x02, 0xBF, 0xFD, 0x40, 0x1E, 0xFF, 0xFF, 0xF4, 0x8F, 0xA1, 0x07, 0xFC, 0xBF, 0x10, 0x00, 0xCF,
  0xBF, 0x10, 0x00, 0xDF, 0x8F, 0xB2, 0x27, 0xFC, 0x1E, 0xFF, 0xFF, 0xF3, 0x02, 0xAE, 0xFB, 0x30,
  // "±" (U+00B1), RLE, 35 bytes saved (41.7%)
  0x48, 0x12, 0xFC, 0x72, 0x81, 0x2F, 0xC7, 0x28, 0x12, 0xFC, 0x72, 0x81, 0x2F, 0xC5, 0x0D, 0xFB,
  0x08, 0x0D, 0xFB, 0x86, 0x81, 0x11, 0x13, 0xFD, 0x80, 0x01, 0x58, 0x12, 0xFC, 0x72, 0x81, 0x2F,
  0xC7, 0x28, 0x12, 0xFC, 0x72, 0x81, 0x2F, 0xC5, 0x80, 0x71, 0x10, 0xDF, 0xB0, 0x80, 0xDF, 0xB0,
  0x80,
  // "²" (U+00B2), RLE, 5 bytes saved (11.4%)
  0x28, 0x67, 0xBB, 0x81, 0x01, 0xDC, 0x89, 0x0D, 0x10, 0xB8, 0x11, 0xCF, 0x65, 0x81, 0x8F, 0x75,
  0x81, 0xCF, 0x34, 0x81, 0x7F, 0xA4, 0x81, 0x6F, 0xC4, 0x82, 0x6F, 0xC1, 0x38, 0x26, 0xFC, 0x13,
  0x04, 0xA8, 0x00, 0xC0, 0x70, 0x6E, 0x09,
  // "³" (U+00B3), uncompressed
  0x01, 0x7B, 0xB8, 0x10, 0x3E, 0xFF, 0xFF, 0xD1, 0x0B, 0x61, 0x1C, 0xF6, 0x00, 0x00, 0x07, 0xF7,
  0x00, 0x00, 0x3D, 0xF2, 0x00, 0xEF, 0xFE, 0x40, 0x00, 0xBC, 0xDF, 0xD2, 0x00, 0x00, 0x05, 0xFB,
  0x22, 0x00, 0x05, 0xFB, 0x7F, 0xEC, 0xDF, 0xF6, 0x29, 0xDF, 0xEC, 0x50,
  // "´" (U+00B4), uncompressed
  0x00, 0xDF, 0xE2, 0x08, 0xFF, 0x40, 0x3F, 0xF5, 0x00, 0xDE, 0x40, 0x00,
  // "µ" (U+00B5), RLE, 38 bytes saved (33.3%)
  0xA0, 0x85, 0x04, 0xA0, 0x3A, 0x08, 0x50, 0x4A, 0x03, 0xA0, 0x85, 0x04, 0xA0, 0x3A, 0x08, 0x50,
  0x4A, 0x03, 0xA0, 0x85, 0x04, 0xA0, 0x3A, 0x08, 0x50, 0x4A, 0x03, 0xA0, 0x85, 0x05, 0xA0, 0x3A,
  0x08, 0x50, 0x6A, 0x03, 0xA0, 0x95, 0x09, 0xA0, 0x3A, 0x0C, 0x50, 0xEA, 0x03, 0xB8, 0x39, 0x21,
  0x4B, 0xB0, 0x3F, 0x90, 0x6A, 0x03, 0xA8, 0x90, 0x8A, 0xEE, 0xC4, 0x0D, 0xF3, 0xA0, 0x77, 0x2A,
  0x08, 0x72, 0xA0, 0x87, 0x2A, 0x08, 0x72, 0xA0, 0x87, 0x2A, 0x08, 0x72,
  // "¶" (U+00B6), RLE, 36 bytes saved (25.2%)
  0x28, 0x13, 0x9D, 0xF8, 0x14, 0x05, 0xFB, 0x81, 0x41, 0xEE, 0x84, 0x81, 0x4F, 0x45, 0xF8, 0x47,
  0x03, 0xF4, 0x8F, 0x84, 0x70, 0x3F, 0x4A, 0xF8, 0x47, 0x03, 0xF4, 0xAF, 0x84, 0x70, 0x3F, 0x49,
  0xF8, 0x47, 0x03, 0xF4, 0x7F, 0x84, 0x70, 0x3F, 0x42, 0xF8, 0x57, 0x03, 0xF4, 0x09, 0xE8, 0x37,
  0x03, 0xF4, 0x20, 0x80, 0xEC, 0x83, 0x70, 0x3F, 0x44, 0x0F, 0x39, 0x83, 0x70, 0x3F, 0x46, 0x85,
  0x1F, 0x70, 0x3F, 0x46, 0x85, 0x1F, 0x70, 0x3F, 0x46, 0x85, 0x1F, 0x70, 0x3F, 0x46, 0x85, 0x1F,
  0x70, 0x3F, 0x46, 0x85, 0x1F, 0x70, 0x3F, 0x46, 0x85, 0x1F, 0x70, 0x3F, 0x46, 0x85, 0x1F, 0x70,
  0x3F, 0x46, 0x85, 0x1F, 0x70, 0x3F, 0x47, 0x84, 0x84, 0x01, 0x82,
  // "·" (U+00B7), uncompressed
  0x1C, 0xE7, 0x5F, 0xFD, 0x1C, 0xE7,
  // "¸" (U+00B8), uncompressed
  0x01, 0x73, 0x00, 0x9F, 0x50, 0x07, 0xDF, 0x90, 0x01, 0xFF, 0x78, 0xBF, 0xCC, 0xFD, 0xA1,
  // "¹" (U+00B9), uncompressed
  0x00, 0x7F, 0xF1, 0x1B, 0xFF, 0xF1, 0xCF, 0x6D, 0xF1, 0x22, 0x0E, 0xF1, 0x00, 0x0E, 0xF1, 0x00,
  0x0E, 0xF1, 0x00, 0x0E, 0xF1, 0x00, 0x0E, 0xF1, 0x00, 0x0E, 0xF1, 0x00, 0x0E, 0xF1,
  // "º" (U+00BA), RLE, 1 byte saved (2.4%)
  0x28, 0x37, 0xDF, 0xD8, 0x38, 0x58, 0xF9, 0x48, 0xF9, 0x29, 0x0B, 0x38, 0x4A, 0xF2, 0x3F, 0x83,
  0x84, 0x7F, 0x53, 0xF8, 0x38, 0x47, 0xF5, 0x1F, 0xA3, 0x89, 0x19, 0xF2, 0x0A, 0xF5, 0x15, 0xEB,
  0x30, 0xAB, 0x0B, 0x01, 0x48, 0x11, 0x31, 0x30,
  // "»" (U+00BB), uncompressed
  0x04, 0x00, 0x00, 0x40, 0x00, 0x0B, 0xF9, 0x00, 0x9F, 0xA0, 0x00, 0x4F, 0xF6, 0x02, 0xEF, 0x80,
  0x00, 0x6F, 0xF4, 0x05, 0xFF, 0x50, 0x00, 0x9F, 0xE2, 0x07, 0xFF, 0x30, 0x00, 0xEF, 0xC0, 0x0C,
  0xFD, 0x00, 0x7F, 0xF4, 0x05, 0xFF, 0x50, 0x4F, 0xF7, 0x03, 0xEF, 0x80, 0x2E, 0xF9, 0x01, 0xDF,
  0xA0, 0x0C, 0xFB, 0x00, 0xAF, 0xC0, 0x00, 0x18, 0x10, 0x00, 0x81, 0x00, 0x00,
  // "¼" (U+00BC), RLE, 35 bytes saved (21.6%)
  0x38, 0x1A, 0xFD, 0x78, 0x1D, 0xF3, 0x40, 0x20, 0xCA, 0x0D, 0x68, 0x17, 0xF9, 0x48, 0x41, 0xEF,
  0x7F, 0xD5, 0x82, 0x1E, 0xE1, 0x58, 0x37, 0x32, 0xFD, 0x58, 0x1A, 0xF6, 0x71, 0x81, 0x2F, 0xD4,
  0x81, 0x4F, 0xC7, 0x28, 0x12, 0xFD, 0x48, 0x1D, 0xF3, 0x72, 0x81, 0x2F, 0xD3, 0x81, 0x7F, 0x97,
  0x38, 0x12, 0xFD, 0x28, 0x21, 0xEE, 0x12, 0x81, 0x9F, 0xC5, 0x81, 0x2F, 0xD2, 0x81, 0xAF, 0x62,
  0x04, 0xA0, 0xC5, 0x85, 0x2F, 0xD0, 0x4F, 0xC2, 0x83, 0x1E, 0xAF, 0xC7, 0x28, 0x1D, 0xF3, 0x28,
  0x3B, 0xC4, 0xFC, 0x71, 0x81, 0x7F, 0x92, 0x84, 0x6F, 0x34, 0xFC, 0x78, 0x92, 0x1E, 0xE1, 0x02,
  0xE8, 0x04, 0xFC, 0x78, 0x1A, 0xF6, 0x28, 0x7C, 0xF9, 0x8A, 0xFE, 0x82, 0x48, 0x14, 0xFC, 0x30,
  0xEF, 0x04, 0x48, 0x1D, 0xF3, 0x78, 0x14, 0xFC, 0x58, 0x17, 0xF9, 0x71, 0x81, 0x4F, 0xC2,
  // "½" (U+00BD), RLE, 39 bytes saved (24.1%)
  0x28, 0x22, 0xCF, 0xA6, 0x81, 0x6F, 0xA5, 0x06, 0x0E, 0xA0, 0xA5, 0x82, 0x1E, 0xF2, 0x48, 0x43,
  0xFC, 0x6F, 0xA5, 0x81, 0x9F, 0x76, 0x83, 0x40, 0x5F, 0xA4, 0x81, 0x3F, 0xD7, 0x28, 0x15, 0xFA,
  0x48, 0x1C, 0xF4, 0x72, 0x81, 0x5F, 0xA3, 0x81, 0x6F, 0xB7, 0x38, 0x15, 0xFA, 0x28, 0x71, 0xEF,
  0x21, 0x68, 0x84, 0x58, 0x15, 0xFA, 0x28, 0x39, 0xF7, 0x5E, 0xC0, 0x84, 0x89, 0x35, 0xFA, 0x03,
  0xFD, 0x02, 0xC4, 0x04, 0xA4, 0x85, 0x5F, 0xA0, 0xCF, 0x46, 0x81, 0xEF, 0x16, 0x81, 0x5F, 0xB6,
  0x81, 0x3F, 0xD6, 0x82, 0x1E, 0xF2, 0x58, 0x21, 0xDF, 0x36, 0x81, 0x8F, 0x85, 0x82, 0x1D, 0xF5,
  0x68, 0x12, 0xFD, 0x58, 0x21, 0xDF, 0x47, 0x81, 0xBF, 0x54, 0x82, 0x1D, 0xF5, 0x0F, 0x14, 0x81,
  0x5F, 0xB5, 0x0B, 0xE0, 0x33, 0x81, 0xEF, 0x25, 0x0B, 0xE0, 0x30,
  // "¾" (U+00BE), RLE, 28 bytes saved (17.3%)
  0x18, 0x44, 0xBE, 0xEC, 0x57, 0x81, 0xDF, 0x32, 0x86, 0x2E, 0xEA, 0x9E, 0xF4, 0x58, 0x17, 0xF9,
  0x40, 0x23, 0x81, 0x7F, 0x84, 0x82, 0x1E, 0xE1, 0x78, 0x22, 0xBF, 0x34, 0x81, 0xAF, 0x66, 0x0D,
  0xA0, 0xE0, 0x44, 0x81, 0x4F, 0xC7, 0x84, 0x22, 0x4C, 0xE4, 0x38, 0x1D, 0xF3, 0x73, 0x81, 0x2F,
  0xB2, 0x81, 0x7F, 0x97, 0x48, 0x62, 0xFD, 0x01, 0xEE, 0x12, 0x89, 0x6D, 0xF8, 0x04, 0x72, 0x01,
  0xAF, 0x90, 0xAF, 0x62, 0x09, 0xA8, 0x18, 0x06, 0xD8, 0x3D, 0x14, 0xFC, 0x28, 0x34, 0xFB, 0xF8,
  0x28, 0x33, 0x68, 0x75, 0x28, 0x90, 0xDF, 0x30, 0x1E, 0x98, 0xF8, 0x71, 0x81, 0x7F, 0x92, 0x84,
  0xBD, 0x18, 0xF8, 0x78, 0x92, 0x1E, 0xE1, 0x06, 0xF4, 0x08, 0xF8, 0x78, 0x93, 0xAF, 0x60, 0x1E,
  0xD8, 0x8C, 0xFC, 0x85, 0x81, 0x4F, 0xC2, 0x03, 0xF9, 0x58, 0x1D, 0xF3, 0x78, 0x18, 0xF8, 0x58,
  0x17, 0xF9, 0x71, 0x81, 0x8F, 0x81,
  // "¿" (U+00BF), RLE, 37 bytes saved (39.4%)
  0x58, 0x1A, 0xEA, 0x70, 0x1B, 0x01, 0x78, 0x1A, 0xFB, 0x77, 0x60, 0x17, 0x28, 0x16, 0xFA, 0x71,
  0x81, 0xAF, 0x87, 0x04, 0xA0, 0x46, 0x06, 0xA0, 0xA6, 0x07, 0xA0, 0x96, 0x06, 0xA0, 0x77, 0x81,
  0xDF, 0xA7, 0x01, 0xA0, 0x57, 0x1A, 0x07, 0x50, 0x12, 0x89, 0x3C, 0xFE, 0x52, 0x14, 0x9F, 0x30,
  0x3E, 0xF0, 0x82, 0x86, 0x29, 0xDF, 0xED, 0x94, 0x10,
  // "À" (U+00C0), RLE, 68 bytes saved (38.6%)
  0x40, 0xCA, 0x03, 0x75, 0x82, 0x1D, 0xFC, 0x76, 0x82, 0x2D, 0xF7, 0x76, 0x82, 0x1C, 0xF3, 0x77,
  0x77, 0x0A, 0xA0, 0x57, 0x40, 0x1B, 0x0B, 0x74, 0x81, 0x7F, 0xEA, 0x02, 0x73, 0x84, 0xDF, 0x8D,
  0xF8, 0x72, 0x03, 0xA8, 0x23, 0x8F, 0xD7, 0x28, 0x39, 0xFE, 0x03, 0xA0, 0x47, 0x18, 0x1E, 0xF8,
  0x28, 0x1D, 0xFA, 0x70, 0x5A, 0x03, 0x20, 0x7A, 0x01, 0x68, 0x1B, 0xFC, 0x30, 0x2A, 0x06, 0x50,
  0x2A, 0x07, 0x48, 0x1B, 0xFC, 0x50, 0x8F, 0xB0, 0x34, 0x0D, 0xFB, 0x08, 0x30, 0x4A, 0x08, 0x80,
  0x23, 0x81, 0xCF, 0xE3, 0x0A, 0xA0, 0x16, 0x05, 0xA8, 0x15, 0x01, 0xA0, 0xA7, 0x18, 0x3E, 0xFB,
  0x06, 0xA0, 0x47, 0x10, 0x9A, 0x82, 0x1C, 0xFD, 0x72, 0x03, 0xA0, 0x70,
  // "Á" (U+00C1), RLE, 68 bytes saved (38.6%)
  0x71, 0x82, 0xDF, 0xE2, 0x74, 0x08, 0xA0, 0x47, 0x40, 0x3A, 0x05, 0x75, 0x81, 0xDE, 0x47, 0x77,
  0x71, 0x0A, 0xA0, 0x57, 0x40, 0x1B, 0x0B, 0x74, 0x81, 0x7F, 0xEA, 0x02, 0x73, 0x84, 0xDF, 0x8D,
  0xF8, 0x72, 0x03, 0xA8, 0x23, 0x8F, 0xD7, 0x28, 0x39, 0xFE, 0x03, 0xA0, 0x47, 0x18, 0x1E, 0xF8,
  0x28, 0x1D, 0xFA, 0x70, 0x5A, 0x03, 0x20, 0x7A, 0x01, 0x68, 0x1B, 0xFC, 0x30, 0x2A, 0x06, 0x50,
  0x2A, 0x07, 0x48, 0x1B, 0xFC, 0x50, 0x8F, 0xB0, 0x34, 0x0D, 0xFB, 0x08, 0x30, 0x4A, 0x08, 0x80,
  0x23, 0x81, 0xCF, 0xE3, 0x0A, 0xA0, 0x16, 0x05, 0xA8, 0x15, 0x01, 0xA0, 0xA7, 0x18, 0x3E, 0xFB,
  0x06, 0xA0, 0x47, 0x10, 0x9A, 0x82, 0x1C, 0xFD, 0x72, 0x03, 0xA0, 0x70,
  // "Â" (U+00C2), RLE, 61 bytes saved (34.7%)
  0x60, 0x6A, 0x0E, 0x01, 0x73, 0x84, 0x2E, 0xFE, 0xFB, 0x72, 0x86, 0x1D, 0xF8, 0x1D, 0xF8, 0x71,
  0x81, 0xCE, 0x62, 0x82, 0x1A, 0xF6, 0x77, 0x74, 0x0A, 0xA0, 0x57, 0x40, 0x1B, 0x0B, 0x74, 0x81,
  0x7F, 0xEA, 0x02, 0x73, 0x84, 0xDF, 0x8D, 0xF8, 0x72, 0x03, 0xA8, 0x23, 0x8F, 0xD7, 0x28, 0x39,
  0xFE, 0x03, 0xA0, 0x47, 0x18, 0x1E, 0xF8, 0x28, 0x1D, 0xFA, 0x70, 0x5A, 0x03, 0x20, 0x7A, 0x01,
  0x68, 0x1B, 0xFC, 0x30, 0x2A, 0x06, 0x50, 0x2A, 0x07, 0x48, 0x1B, 0xFC, 0x50, 0x8F, 0xB0, 0x34,
  0x0D, 0xFB, 0x08, 0x30, 0x4A, 0x08, 0x80, 0x23, 0x81, 0xCF, 0xE3, 0x0A, 0xA0, 0x16, 0x05, 0xA8,
  0x15, 0x01, 0xA0, 0xA7, 0x18, 0x3E, 0xFB, 0x06, 0xA0, 0x47, 0x10, 0x9A, 0x82, 0x1C, 0xFD, 0x72,
  0x03, 0xA0, 0x70,
  // "Ã" (U+00C3), RLE, 67 bytes saved (38.1%)
  0x74, 0x01, 0x78, 0x71, 0xBF, 0xEA, 0x42, 0xBD, 0x70, 0x9F, 0x08, 0x78, 0x6E, 0xA1, 0x29, 0xDE,
  0x97, 0x77, 0x60, 0xAA, 0x05, 0x74, 0x01, 0xB0, 0xB7, 0x48, 0x17, 0xFE, 0xA0, 0x27, 0x38, 0x4D,
  0xF8, 0xDF, 0x87, 0x20, 0x3A, 0x82, 0x38, 0xFD, 0x72, 0x83, 0x9F, 0xE0, 0x3A, 0x04, 0x71, 0x81,
  0xEF, 0x82, 0x81, 0xDF, 0xA7, 0x05, 0xA0, 0x32, 0x07, 0xA0, 0x16, 0x81, 0xBF, 0xC3, 0x02, 0xA0,
  0x65, 0x02, 0xA0, 0x74, 0x81, 0xBF, 0xC5, 0x08, 0xFB, 0x03, 0x40, 0xDF, 0xB0, 0x83, 0x04, 0xA0,
  0x88, 0x02, 0x38, 0x1C, 0xFE, 0x30, 0xAA, 0x01, 0x60, 0x5A, 0x81, 0x50, 0x1A, 0x0A, 0x71, 0x83,
  0xEF, 0xB0, 0x6A, 0x04, 0x71, 0x09, 0xA8, 0x21, 0xCF, 0xD7, 0x20, 0x3A, 0x07,
  // "Ä" (U+00C4), RLE, 62 bytes saved (36.9%)
  0x48, 0x15, 0xFC, 0x28, 0x1B, 0xF6, 0x71, 0x81, 0x4E, 0xB2, 0x81, 0xAE, 0x58, 0x0C, 0x60, 0x0A,
  0xA0, 0x57, 0x40, 0x1B, 0x0B, 0x74, 0x81, 0x7F, 0xEA, 0x02, 0x73, 0x84, 0xDF, 0x8D, 0xF8, 0x72,
  0x03, 0xA8, 0x23, 0x8F, 0xD7, 0x28, 0x39, 0xFE, 0x03, 0xA0, 0x47, 0x18, 0x1E, 0xF8, 0x28, 0x1D,
  0xFA, 0x70, 0x5A, 0x03, 0x20, 0x7A, 0x01, 0x68, 0x1B, 0xFC, 0x30, 0x2A, 0x06, 0x50, 0x2A, 0x07,
  0x48, 0x1B, 0xFC, 0x50, 0x8F, 0xB0, 0x34, 0x0D, 0xFB, 0x08, 0x30, 0x4A, 0x08, 0x80, 0x23, 0x81,
  0xCF, 0xE3, 0x0A, 0xA0, 0x16, 0x05, 0xA8, 0x15, 0x01, 0xA0, 0xA7, 0x18, 0x3E, 0xFB, 0x06, 0xA0,
  0x47, 0x10, 0x9A, 0x82, 0x1C, 0xFD, 0x72, 0x03, 0xA0, 0x70,
  // "Å" (U+00C5), RLE, 57 bytes saved (33.9%)
  0x58, 0x32, 0xBE, 0xC5, 0x74, 0x84, 0xCC, 0x38, 0xF2, 0x73, 0x98, 0x36, 0x01, 0xF5, 0x73, 0x84,
  0xDA, 0x06, 0xF3, 0x73, 0x04, 0xB0, 0xD7, 0x40, 0x1B, 0x0B, 0x74, 0x81, 0x7F, 0xEA, 0x02, 0x73,
  0x84, 0xDF, 0x8D, 0xF8, 0x72, 0x03, 0xA8, 0x23, 0x8F, 0xD7, 0x28, 0x39, 0xFE, 0x03, 0xA0, 0x47,
  0x18, 0x1E, 0xF8, 0x28, 0x1D, 0xFA, 0x70, 0x5A, 0x03, 0x20, 0x7A, 0x01, 0x68, 0x1B, 0xFC, 0x30,
  0x2A, 0x06, 0x50, 0x2A, 0x07, 0x48, 0x1B, 0xFC, 0x50, 0x8F, 0xB0, 0x34, 0x0D, 0xFB, 0x08, 0x30,
  0x4A, 0x08, 0x80, 0x23, 0x81, 0xCF, 0xE3, 0x0A, 0xA0, 0x16, 0x05, 0xA8, 0x15, 0x01, 0xA0, 0xA7,
  0x18, 0x3E, 0xFB, 0x06, 0xA0, 0x47, 0x10, 0x9A, 0x82, 0x1C, 0xFD, 0x72, 0x03, 0xA0, 0x70,
  // "Æ" (U+00C6), RLE, 75 bytes saved (41.9%)
  0x70, 0x3F, 0xD0, 0x37, 0x0B, 0xFD, 0x03, 0x60, 0x3A, 0x05, 0x02, 0xA0, 0x88, 0x02, 0x17, 0x83,
  0xAF, 0xD0, 0x1A, 0x07, 0x75, 0x02, 0xA8, 0x16, 0x01, 0xA0, 0x77, 0x58, 0x19, 0xFE, 0x20, 0x1A,
  0x07, 0x74, 0x01, 0xA0, 0x72, 0x01, 0xA0, 0x77, 0x48, 0x28, 0xFE, 0x12, 0x01, 0xF9, 0x0C, 0x48,
  0x21, 0xEF, 0x93, 0x01, 0xF9, 0x0C, 0x40, 0x7A, 0x83, 0x31, 0x11, 0x2A, 0x08, 0x80, 0x11, 0x50,
  0xEF, 0xA0, 0x77, 0x20, 0x6F, 0xB0, 0x77, 0x28, 0x1D, 0xFB, 0x50, 0x1A, 0x07, 0x71, 0x05, 0xA0,
  0x45, 0x01, 0xA0, 0x77, 0x18, 0x1D, 0xFC, 0x60, 0x1A, 0x08, 0x80, 0x21, 0x10, 0x5A, 0x05, 0x60,
  0x1F, 0xA8, 0x23, 0xCF, 0xD7, 0x01, 0xFA, 0x03,
  // "Ç" (U+00C7), RLE, 65 bytes saved (40.4%)
  0x48, 0x71, 0x7C, 0xEF, 0xED, 0x94, 0x40, 0x6F, 0xA0, 0x32, 0x07, 0xA8, 0x6E, 0x73, 0x12, 0x5B,
  0xB2, 0x03, 0xA0, 0xC0, 0x17, 0x20, 0xBA, 0x02, 0x72, 0x01, 0xA0, 0xA7, 0x30, 0x5A, 0x05, 0x73,
  0x07, 0xA0, 0x37, 0x30, 0x8A, 0x02, 0x73, 0x07, 0xA0, 0x37, 0x30, 0x5A, 0x05, 0x73, 0x02, 0xA0,
  0x97, 0x48, 0x2D, 0xFE, 0x17, 0x30, 0x5A, 0x0B, 0x74, 0x0A, 0xA8, 0x6D, 0x62, 0x12, 0x37, 0x84,
  0x09, 0xF9, 0x0C, 0x58, 0x73, 0x9D, 0xEF, 0xED, 0xA5, 0x78, 0x11, 0x73, 0x74, 0x81, 0x9F, 0x57,
  0x48, 0x27, 0xDF, 0x97, 0x40, 0x1A, 0x72, 0x83, 0x78, 0xBF, 0xC7, 0x28, 0x3C, 0xFD, 0xA1, 0x40,
  // "È" (U+00C8), RLE, 40 bytes saved (36.4%)
  0x20, 0xCA, 0x03, 0x68, 0x21, 0xDF, 0xC7, 0x82, 0x2D, 0xF7, 0x78, 0x21, 0xCF, 0x37, 0x50, 0xBF,
  0x90, 0xE0, 0xBF, 0x98, 0x2E, 0xBF, 0xD8, 0x03, 0x18, 0x1B, 0xFD, 0x78, 0x1B, 0xFD, 0x78, 0x1B,
  0xFD, 0x78, 0x1B, 0xFD, 0x70, 0xBF, 0x90, 0x70, 0xBF, 0x98, 0x27, 0xBF, 0xD8, 0x02, 0x11, 0x81,
  0xBF, 0xD7, 0x81, 0xBF, 0xD7, 0x81, 0xBF, 0xD7, 0x81, 0xBF, 0xD7, 0x81, 0xBF, 0xD8, 0x03, 0x10,
  0xBF, 0x90, 0xE0, 0xBF, 0x90, 0xE0,
  // "É" (U+00C9), RLE, 41 bytes saved (37.3%)
  0x68, 0x2D, 0xFE, 0x25, 0x08, 0xA0, 0x45, 0x03, 0xA0, 0x56, 0x81, 0xDE, 0x47, 0x60, 0xBF, 0x90,
  0xE0, 0xBF, 0x98, 0x2E, 0xBF, 0xD8, 0x03, 0x18, 0x1B, 0xFD, 0x78, 0x1B, 0xFD, 0x78, 0x1B, 0xFD,
  0x78, 0x1B, 0xFD, 0x70, 0xBF, 0x90, 0x70, 0xBF, 0x98, 0x27, 0xBF, 0xD8, 0x02, 0x11, 0x81, 0xBF,
  0xD7, 0x81, 0xBF, 0xD7, 0x81, 0xBF, 0xD7, 0x81, 0xBF, 0xD7, 0x81, 0xBF, 0xD8, 0x03, 0x10, 0xBF,
  0x90, 0xE0, 0xBF, 0x90, 0xE0,
  // "Ê" (U+00CA), RLE, 33 bytes saved (30.0%)
  0x30, 0x6A, 0x0E, 0x01, 0x48, 0x42, 0xEF, 0xEF, 0xB3, 0x86, 0x1D, 0xF8, 0x1D, 0xF8, 0x28, 0x1C,
  0xE6, 0x28, 0x21, 0xAF, 0x67, 0x30, 0xBF, 0x90, 0xE0, 0xBF, 0x98, 0x2E, 0xBF, 0xD8, 0x03, 0x18,
  0x1B, 0xFD, 0x78, 0x1B, 0xFD, 0x78, 0x1B, 0xFD, 0x78, 0x1B, 0xFD, 0x70, 0xBF, 0x90, 0x70, 0xBF,
  0x98, 0x27, 0xBF, 0xD8, 0x02, 0x11, 0x81, 0xBF, 0xD7, 0x81, 0xBF, 0xD7, 0x81, 0xBF, 0xD7, 0x81,
  0xBF, 0xD7, 0x81, 0xBF, 0xD8, 0x03, 0x10, 0xBF, 0x90, 0xE0, 0xBF, 0x90, 0xE0,
  // "Ë" (U+00CB), RLE, 36 bytes saved (34.3%)
  0x18, 0x15, 0xFC, 0x28, 0x1B, 0xF6, 0x28, 0x14, 0xEB, 0x28, 0x1A, 0xE5, 0x77, 0x70, 0xBF, 0x90,
  0xE0, 0xBF, 0x98, 0x2E, 0xBF, 0xD8, 0x03, 0x18, 0x1B, 0xFD, 0x78, 0x1B, 0xFD, 0x78, 0x1B, 0xFD,
  0x78, 0x1B, 0xFD, 0x70, 0xBF, 0x90, 0x70, 0xBF, 0x98, 0x27, 0xBF, 0xD8, 0x02, 0x11, 0x81, 0xBF,
  0xD7, 0x81, 0xBF, 0xD7, 0x81, 0xBF, 0xD7, 0x81, 0xBF, 0xD7, 0x81, 0xBF, 0xD8, 0x03, 0x10, 0xBF,
  0x90, 0xE0, 0xBF, 0x90, 0xE0,
  // "Ì" (U+00CC), RLE, 33 bytes saved (37.5%)
  0x10, 0xCA, 0x03, 0x48, 0x21, 0xDF, 0xC5, 0x82, 0x2D, 0xF7, 0x58, 0x21, 0xCF, 0x37, 0x20, 0x1E,
  0x81, 0x80, 0xBC, 0x0D, 0x05, 0x20, 0x1A, 0x09, 0x5A, 0x08, 0x5A, 0x08, 0x5A, 0x08, 0x5A, 0x08,
  0x5A, 0x08, 0x5A, 0x08, 0x5A, 0x08, 0x5A, 0x08, 0x5A, 0x08, 0x5A, 0x08, 0x5A, 0x08, 0x5A, 0x08,
  0x30, 0xA0, 0xEB, 0x81, 0xC4, 0x1E, 0x08,
  // "Í" (U+00CD), RLE, 44 bytes saved (44.4%)
  0x58, 0x2D, 0xFE, 0x24, 0x08, 0xA0, 0x44, 0x03, 0xA0, 0x55, 0x81, 0xDE, 0x47, 0x50, 0x1E, 0x08,
  0x20, 0xBC, 0x0D, 0x05, 0x30, 0x1A, 0x09, 0x6A, 0x08, 0x6A, 0x08, 0x6A, 0x08, 0x6A, 0x08, 0x6A,
  0x08, 0x6A, 0x08, 0x6A, 0x08, 0x6A, 0x08, 0x6A, 0x08, 0x6A, 0x08, 0x6A, 0x08, 0x6A, 0x08, 0x40,
  0xA0, 0xEB, 0x82, 0xC4, 0x01, 0xE0, 0x81,
  // "Î" (U+00CE), RLE, 36 bytes saved (36.4%)
  0x20, 0x6A, 0x0E, 0x01, 0x38, 0x42, 0xEF, 0xEF, 0xB2, 0x89, 0x21, 0xDF, 0x81, 0xDF, 0x80, 0xCE,
  0x62, 0x82, 0x1A, 0xF6, 0x72, 0x01, 0xE0, 0x82, 0x0B, 0xC0, 0xD0, 0x53, 0x01, 0xA0, 0x96, 0xA0,
  0x86, 0xA0, 0x86, 0xA0, 0x86, 0xA0, 0x86, 0xA0, 0x86, 0xA0, 0x86, 0xA0, 0x86, 0xA0, 0x86, 0xA0,
  0x86, 0xA0, 0x86, 0xA0, 0x86, 0xA0, 0x84, 0x0A, 0x0E, 0xB8, 0x2C, 0x40, 0x1E, 0x08, 0x10,
  // "Ï" (U+00CF), RLE, 32 bytes saved (38.1%)
  0x81, 0x5F, 0xC2, 0x84, 0xBF, 0x64, 0xEB, 0x28, 0x1A, 0xE5, 0x77, 0x20, 0x1E, 0x81, 0x80, 0xBC,
  0x0D, 0x05, 0x20, 0x1A, 0x09, 0x5A, 0x08, 0x5A, 0x08, 0x5A, 0x08, 0x5A, 0x08, 0x5A, 0x08, 0x5A,
  0x08, 0x5A, 0x08, 0x5A, 0x08, 0x5A, 0x08, 0x5A, 0x08, 0x5A, 0x08, 0x5A, 0x08, 0x30, 0xA0, 0xEB,
  0x81, 0xC4, 0x1E, 0x08,
  // "Ð" (U+00D0), RLE, 49 bytes saved (33.8%)
  0x20, 0x9D, 0x82, 0xEC, 0x94, 0x70, 0x9F, 0xA0, 0xC0, 0x25, 0x09, 0xA0, 0xF1, 0x81, 0x25, 0xBA,
  0x0E, 0x02, 0x40, 0x9A, 0x60, 0x5A, 0x0D, 0x40, 0x9A, 0x70, 0x7A, 0x06, 0x30, 0x9A, 0x71, 0x81,
  0xEF, 0xC3, 0x09, 0xA7, 0x10, 0xBA, 0x20, 0x10, 0x9A, 0x80, 0x01, 0x40, 0x9A, 0x01, 0x05, 0xF0,
  0xC4, 0x09, 0xA0, 0x20, 0x5F, 0x0C, 0x40, 0x9A, 0x01, 0x20, 0x9A, 0x71, 0x81, 0xCF, 0xE3, 0x09,
  0xA7, 0x01, 0xA0, 0xB3, 0x09, 0xA7, 0x09, 0xA0, 0x53, 0x09, 0xA6, 0x07, 0xA0, 0xC4, 0x09, 0xA0,
  0xF1, 0x81, 0x36, 0xCA, 0x0D, 0x01, 0x40, 0x9F, 0xA0, 0xB0, 0x15, 0x09, 0xD8, 0x2E, 0xB8, 0x25,
  // "Ñ" (U+00D1), RLE, 35 bytes saved (21.2%)
  0x74, 0x01, 0x68, 0x71, 0xBF, 0xEA, 0x42, 0xBD, 0x60, 0x9F, 0x08, 0x68, 0x6E, 0xA1, 0x29, 0xDE,
  0x97, 0x75, 0x0B, 0xA0, 0xB7, 0x01, 0xA0, 0x50, 0xBB, 0x05, 0x60, 0x1A, 0x05, 0x0B, 0xB0, 0xE0,
  0x15, 0x01, 0xA8, 0x25, 0xBF, 0xCA, 0x09, 0x50, 0x1A, 0x83, 0x5B, 0xF7, 0xBA, 0x03, 0x40, 0x1A,
  0x86, 0x5B, 0xF8, 0x2E, 0xFC, 0x40, 0x1A, 0x84, 0x5B, 0xF8, 0x07, 0xA0, 0x73, 0x01, 0xA8, 0x25,
  0xBF, 0x92, 0x0C, 0xA0, 0x22, 0x01, 0xA8, 0x25, 0xBF, 0x92, 0x03, 0xA0, 0xB2, 0x01, 0xA8, 0x25,
  0xBF, 0x93, 0x08, 0xA0, 0x52, 0xA8, 0x25, 0xBF, 0x94, 0x82, 0xDF, 0xE1, 0x1A, 0x82, 0x5B, 0xF9,
  0x40, 0x4A, 0x09, 0x1A, 0x82, 0x5B, 0xF9, 0x50, 0xAA, 0x85, 0x3E, 0xF5, 0xBF, 0x95, 0x89, 0x01,
  0xEF, 0xDE, 0xF5, 0xBF, 0x96, 0x05, 0xC8, 0x25, 0xBF, 0x97, 0x0B, 0xB8, 0x25, 0xBF, 0x97, 0x02,
  0xB0, 0x50,
  // "Ò" (U+00D2), RLE, 66 bytes saved (35.3%)
  0x50, 0xCA, 0x03, 0x76, 0x82, 0x1D, 0xFC, 0x77, 0x82, 0x2D, 0xF7, 0x77, 0x82, 0x1C, 0xF3, 0x77,
  0x76, 0x87, 0x39, 0xCE, 0xFE, 0xC8, 0x27, 0x08, 0xFA, 0x06, 0x50, 0xAA, 0x85, 0xC5, 0x21, 0x26,
  0xDA, 0x07, 0x30, 0x5A, 0x0A, 0x70, 0xCA, 0x03, 0x28, 0x2D, 0xFE, 0x17, 0x02, 0xA8, 0x1A, 0x02,
  0xA0, 0x97, 0x28, 0x3B, 0xFE, 0x05, 0xA0, 0x57, 0x20, 0x8A, 0x03, 0x07, 0xA0, 0x37, 0x20, 0x6A,
  0x04, 0x08, 0xA0, 0x27, 0x20, 0x5A, 0x05, 0x07, 0xA0, 0x37, 0x20, 0x6A, 0x04, 0x05, 0xA0, 0x57,
  0x20, 0x8A, 0x03, 0x02, 0xA0, 0x97, 0x28, 0x1C, 0xFE, 0x28, 0x2D, 0xFE, 0x17, 0x03, 0xA0, 0xA2,
  0x05, 0xA0, 0xB6, 0x01, 0x0C, 0xA0, 0x23, 0x0A, 0xA8, 0x5C, 0x52, 0x12, 0x6D, 0xA0, 0x75, 0x08,
  0xFA, 0x06, 0x78, 0x73, 0x9C, 0xEF, 0xEC, 0x81, 0x40,
  // "Ó" (U+00D3), RLE, 67 bytes saved (35.8%)
  0x72, 0x82, 0xDF, 0xE2, 0x75, 0x08, 0xA0, 0x47, 0x50, 0x3A, 0x05, 0x76, 0x81, 0xDE, 0x47, 0x77,
  0x78, 0x73, 0x9C, 0xEF, 0xEC, 0x82, 0x70, 0x8F, 0xA0, 0x65, 0x0A, 0xA8, 0x5C, 0x52, 0x12, 0x6D,
  0xA0, 0x73, 0x05, 0xA0, 0xA7, 0x0C, 0xA0, 0x32, 0x82, 0xDF, 0xE1, 0x70, 0x2A, 0x81, 0xA0, 0x2A,
  0x09, 0x72, 0x83, 0xBF, 0xE0, 0x5A, 0x05, 0x72, 0x08, 0xA0, 0x30, 0x7A, 0x03, 0x72, 0x06, 0xA0,
  0x40, 0x8A, 0x02, 0x72, 0x05, 0xA0, 0x50, 0x7A, 0x03, 0x72, 0x06, 0xA0, 0x40, 0x5A, 0x05, 0x72,
  0x08, 0xA0, 0x30, 0x2A, 0x09, 0x72, 0x81, 0xCF, 0xE2, 0x82, 0xDF, 0xE1, 0x70, 0x3A, 0x0A, 0x20,
  0x5A, 0x0B, 0x60, 0x10, 0xCA, 0x02, 0x30, 0xAA, 0x85, 0xC5, 0x21, 0x26, 0xDA, 0x07, 0x50, 0x8F,
  0xA0, 0x67, 0x87, 0x39, 0xCE, 0xFE, 0xC8, 0x14,
  // "Ô" (U+00D4), RLE, 59 bytes saved (31.6%)
  0x60, 0x6A, 0x0E, 0x01, 0x74, 0x84, 0x2E, 0xFE, 0xFB, 0x73, 0x86, 0x1D, 0xF8, 0x1D, 0xF8, 0x72,
  0x81, 0xCE, 0x62, 0x82, 0x1A, 0xF6, 0x77, 0x74, 0x87, 0x39, 0xCE, 0xFE, 0xC8, 0x27, 0x08, 0xFA,
  0x06, 0x50, 0xAA, 0x85, 0xC5, 0x21, 0x26, 0xDA, 0x07, 0x30, 0x5A, 0x0A, 0x70, 0xCA, 0x03, 0x28,
  0x2D, 0xFE, 0x17, 0x02, 0xA8, 0x1A, 0x02, 0xA0, 0x97, 0x28, 0x3B, 0xFE, 0x05, 0xA0, 0x57, 0x20,
  0x8A, 0x03, 0x07, 0xA0, 0x37, 0x20, 0x6A, 0x04, 0x08, 0xA0, 0x27, 0x20, 0x5A, 0x05, 0x07, 0xA0,
  0x37, 0x20, 0x6A, 0x04, 0x05, 0xA0, 0x57, 0x20, 0x8A, 0x03, 0x02, 0xA0, 0x97, 0x28, 0x1C, 0xFE,
  0x28, 0x2D, 0xFE, 0x17, 0x03, 0xA0, 0xA2, 0x05, 0xA0, 0xB6, 0x01, 0x0C, 0xA0, 0x23, 0x0A, 0xA8,
  0x5C, 0x52, 0x12, 0x6D, 0xA0, 0x75, 0x08, 0xFA, 0x06, 0x78, 0x73, 0x9C, 0xEF, 0xEC, 0x81, 0x40,
  // "Õ" (U+00D5), RLE, 63 bytes saved (33.7%)
  0x75, 0x01, 0x71, 0x87, 0x1B, 0xFE, 0xA4, 0x2B, 0xD7, 0x10, 0x9F, 0x08, 0x71, 0x86, 0xEA, 0x12,
  0x9D, 0xE9, 0x77, 0x75, 0x87, 0x39, 0xCE, 0xFE, 0xC8, 0x27, 0x08, 0xFA, 0x06, 0x50, 0xAA, 0x85,
  0xC5, 0x21, 0x26, 0xDA, 0x07, 0x30, 0x5A, 0x0A, 0x70, 0xCA, 0x03, 0x28, 0x2D, 0xFE, 0x17, 0x02,
  0xA8, 0x1A, 0x02, 0xA0, 0x97, 0x28, 0x3B, 0xFE, 0x05, 0xA0, 0x57, 0x20, 0x8A, 0x03, 0x07, 0xA0,
  0x37, 0x20, 0x6A, 0x04, 0x08, 0xA0, 0x27, 0x20, 0x5A, 0x05, 0x07, 0xA0, 0x37, 0x20, 0x6A, 0x04,
  0x05, 0xA0, 0x57, 0x20, 0x8A, 0x03, 0x02, 0xA0, 0x97, 0x28, 0x1C, 0xFE, 0x28, 0x2D, 0xFE, 0x17,
  0x03, 0xA0, 0xA2, 0x05, 0xA0, 0xB6, 0x01, 0x0C, 0xA0, 0x23, 0x0A, 0xA8, 0x5C, 0x52, 0x12, 0x6D,
  0xA0, 0x75, 0x08, 0xFA, 0x06, 0x78, 0x73, 0x9C, 0xEF, 0xEC, 0x81, 0x40,
  // "Ö" (U+00D6), RLE, 60 bytes saved (33.5%)
  0x48, 0x15, 0xFC, 0x28, 0x1B, 0xF6, 0x72, 0x81, 0x4E, 0xB2, 0x81, 0xAE, 0x58, 0x0C, 0x70, 0x87,
  0x39, 0xCE, 0xFE, 0xC8, 0x27, 0x08, 0xFA, 0x06, 0x50, 0xAA, 0x85, 0xC5, 0x21, 0x26, 0xDA, 0x07,
  0x30, 0x5A, 0x0A, 0x70, 0xCA, 0x03, 0x28, 0x2D, 0xFE, 0x17, 0x02, 0xA8, 0x1A, 0x02, 0xA0, 0x97,
  0x28, 0x3B, 0xFE, 0x05, 0xA0, 0x57, 0x20, 0x8A, 0x03, 0x07, 0xA0, 0x37, 0x20, 0x6A, 0x04, 0x08,
  0xA0, 0x27, 0x20, 0x5A, 0x05, 0x07, 0xA0, 0x37, 0x20, 0x6A, 0x04, 0x05, 0xA0, 0x57, 0x20, 0x8A,
  0x03, 0x02, 0xA0, 0x97, 0x28, 0x1C, 0xFE, 0x28, 0x2D, 0xFE, 0x17, 0x03, 0xA0, 0xA2, 0x05, 0xA0,
  0xB6, 0x01, 0x0C, 0xA0, 0x23, 0x0A, 0xA8, 0x5C, 0x52, 0x12, 0x6D, 0xA0, 0x75, 0x08, 0xFA, 0x06,
  0x78, 0x73, 0x9C, 0xEF, 0xEC, 0x81, 0x40,
  // "×" (U+00D7), RLE, 9 bytes saved (14.8%)
  0x10, 0x50, 0x36, 0x84, 0x72, 0x3F, 0xE3, 0x48, 0x67, 0xFD, 0x09, 0xFE, 0x32, 0x08, 0xA0, 0x42,
  0x83, 0x9F, 0xE3, 0x8A, 0x04, 0x40, 0x9C, 0x04, 0x60, 0xCA, 0x07, 0x60, 0x7B, 0x0E, 0x03, 0x40,
  0x7A, 0x83, 0x49, 0xFE, 0x32, 0x07, 0xA0, 0x42, 0x83, 0x9F, 0xE3, 0x3A, 0x04, 0x48, 0x48, 0xFD,
  0x05, 0x46, 0x07, 0x02,
  // "Ø" (U+00D8), RLE, 28 bytes saved (17.3%)
  0x76, 0x03, 0x01, 0x68, 0x92, 0x28, 0xCE, 0xFD, 0xB7, 0x3E, 0xE1, 0x40, 0x8F, 0xB0, 0x84, 0x0A,
  0xA8, 0x5C, 0x52, 0x13, 0x7E, 0xA0, 0x83, 0x05, 0xA0, 0xA5, 0x03, 0xC0, 0x32, 0x82, 0xCF, 0xE1,
  0x58, 0x1D, 0xF9, 0xA8, 0x1A, 0x02, 0xA0, 0x95, 0x83, 0x9F, 0xA0, 0xCA, 0x10, 0x5A, 0x05, 0x48,
  0x45, 0xFD, 0x10, 0x8A, 0x03, 0x07, 0xA0, 0x33, 0x82, 0x1E, 0xF3, 0x20, 0x6A, 0x05, 0x08, 0xA0,
  0x23, 0x81, 0xBF, 0x83, 0x05, 0xA0, 0x50, 0x7A, 0x04, 0x28, 0x17, 0xFC, 0x40, 0x6A, 0x04, 0x06,
  0xA8, 0x45, 0x03, 0xFE, 0x24, 0x08, 0xA0, 0x03, 0xA8, 0x39, 0x0D, 0xF6, 0x58, 0x1C, 0xFE, 0x28,
  0x4D, 0xFE, 0xAF, 0xA5, 0x03, 0xA0, 0xA2, 0x06, 0xB0, 0xD0, 0x14, 0x01, 0x0C, 0xA0, 0x23, 0x0B,
  0xA8, 0x5D, 0x63, 0x12, 0x6D, 0xA0, 0x74, 0x0B, 0xFB, 0x06, 0x48, 0x92, 0x5F, 0xC2, 0x8C, 0xEF,
  0xEC, 0x81, 0x60, 0x40, 0x27, 0x60,
  // "Ù" (U+00D9), RLE, 54 bytes saved (35.1%)
  0x30, 0xCA, 0x03, 0x73, 0x82, 0x1D, 0xFC, 0x74, 0x82, 0x2D, 0xF7, 0x74, 0x82, 0x1C, 0xF3, 0x77,
  0x58, 0x1D, 0xFB, 0x71, 0xA8, 0x29, 0xDF, 0xB7, 0x1A, 0x82, 0x9D, 0xFB, 0x71, 0xA8, 0x29, 0xDF,
  0xB7, 0x1A, 0x82, 0x9D, 0xFB, 0x71, 0xA8, 0x29, 0xDF, 0xB7, 0x1A, 0x82, 0x9D, 0xFB, 0x71, 0xA8,
  0x29, 0xDF, 0xB7, 0x1A, 0x82, 0x9D, 0xFB, 0x71, 0xA8, 0x29, 0xDF, 0xB7, 0x1A, 0x82, 0x9D, 0xFB,
  0x71, 0xA8, 0x28, 0xCF, 0xC7, 0x01, 0xA8, 0x27, 0xAF, 0xE7, 0x04, 0xA0, 0x05, 0xA0, 0x76, 0x81,
  0xCF, 0xE2, 0x0C, 0xA8, 0x49, 0x31, 0x14, 0xBA, 0x06, 0x20, 0x10, 0xCF, 0x90, 0x85, 0x86, 0x5B,
  0xEF, 0xEC, 0x93, 0x30,
  // "Ú" (U+00DA), RLE, 55 bytes saved (35.7%)
  0x78, 0x2D, 0xFE, 0x27, 0x20, 0x8A, 0x04, 0x72, 0x03, 0xA0, 0x57, 0x38, 0x1D, 0xE4, 0x77, 0x68,
  0x1D, 0xFB, 0x71, 0xA8, 0x29, 0xDF, 0xB7, 0x1A, 0x82, 0x9D, 0xFB, 0x71, 0xA8, 0x29, 0xDF, 0xB7,
  0x1A, 0x82, 0x9D, 0xFB, 0x71, 0xA8, 0x29, 0xDF, 0xB7, 0x1A, 0x82, 0x9D, 0xFB, 0x71, 0xA8, 0x29,
  0xDF, 0xB7, 0x1A, 0x82, 0x9D, 0xFB, 0x71, 0xA8, 0x29, 0xDF, 0xB7, 0x1A, 0x82, 0x9D, 0xFB, 0x71,
  0xA8, 0x28, 0xCF, 0xC7, 0x01, 0xA8, 0x27, 0xAF, 0xE7, 0x04, 0xA0, 0x05, 0xA0, 0x76, 0x81, 0xCF,
  0xE2, 0x0C, 0xA8, 0x49, 0x31, 0x14, 0xBA, 0x06, 0x20, 0x10, 0xCF, 0x90, 0x85, 0x86, 0x5B, 0xEF,
  0xEC, 0x93, 0x30,
  // "Û" (U+00DB), RLE, 48 bytes saved (31.2%)
  0x50, 0x6A, 0x0E, 0x01, 0x71, 0x84, 0x2E, 0xFE, 0xFB, 0x78, 0x61, 0xDF, 0x81, 0xDF, 0x86, 0x81,
  0xCE, 0x62, 0x82, 0x1A, 0xF6, 0x77, 0x28, 0x1D, 0xFB, 0x71, 0xA8, 0x29, 0xDF, 0xB7, 0x1A, 0x82,
  0x9D, 0xFB, 0x71, 0xA8, 0x29, 0xDF, 0xB7, 0x1A, 0x82, 0x9D, 0xFB, 0x71, 0xA8, 0x29, 0xDF, 0xB7,
  0x1A, 0x82, 0x9D, 0xFB, 0x71, 0xA8, 0x29, 0xDF, 0xB7, 0x1A, 0x82, 0x9D, 0xFB, 0x71, 0xA8, 0x29,
  0xDF, 0xB7, 0x1A, 0x82, 0x9D, 0xFB, 0x71, 0xA8, 0x28, 0xCF, 0xC7, 0x01, 0xA8, 0x27, 0xAF, 0xE7,
  0x04, 0xA0, 0x05, 0xA0, 0x76, 0x81, 0xCF, 0xE2, 0x0C, 0xA8, 0x49, 0x31, 0x14, 0xBA, 0x06, 0x20,
  0x10, 0xCF, 0x90, 0x85, 0x86, 0x5B, 0xEF, 0xEC, 0x93, 0x30,
  // "Ü" (U+00DC), RLE, 49 bytes saved (33.3%)
  0x38, 0x15, 0xFC, 0x28, 0x1B, 0xF6, 0x68, 0x14, 0xEB, 0x28, 0x1A, 0xE5, 0x77, 0x77, 0x38, 0x1D,
  0xFB, 0x71, 0xA8, 0x29, 0xDF, 0xB7, 0x1A, 0x82, 0x9D, 0xFB, 0x71, 0xA8, 0x29, 0xDF, 0xB7, 0x1A,
  0x82, 0x9D, 0xFB, 0x71, 0xA8, 0x29, 0xDF, 0xB7, 0x1A, 0x82, 0x9D, 0xFB, 0x71, 0xA8, 0x29, 0xDF,
  0xB7, 0x1A, 0x82, 0x9D, 0xFB, 0x71, 0xA8, 0x29, 0xDF, 0xB7, 0x1A, 0x82, 0x9D, 0xFB, 0x71, 0xA8,
  0x28, 0xCF, 0xC7, 0x01, 0xA8, 0x27, 0xAF, 0xE7, 0x04, 0xA0, 0x05, 0xA0, 0x76, 0x81, 0xCF, 0xE2,
  0x0C, 0xA8, 0x49, 0x31, 0x14, 0xBA, 0x06, 0x20, 0x10, 0xCF, 0x90, 0x85, 0x86, 0x5B, 0xEF, 0xEC,
  0x93, 0x30,
  // "Ý" (U+00DD), RLE, 61 bytes saved (39.6%)
  0x78, 0x2D, 0xFE, 0x27, 0x20, 0x8A, 0x04, 0x72, 0x03, 0xA0, 0x57, 0x38, 0x1D, 0xE4, 0x77, 0x60,
  0xBA, 0x01, 0x68, 0x31, 0xEF, 0xB3, 0xA0, 0x96, 0x09, 0xA8, 0x12, 0x09, 0xA0, 0x24, 0x01, 0xA0,
  0x92, 0x01, 0xA0, 0xA4, 0x82, 0x9F, 0xE1, 0x30, 0x8A, 0x02, 0x20, 0x2A, 0x08, 0x48, 0x21, 0xEF,
  0xA2, 0x81, 0xAF, 0xE6, 0x07, 0xA0, 0x03, 0xA0, 0x67, 0x84, 0xDF, 0xBB, 0xFD, 0x71, 0x05, 0xC0,
  0x57, 0x20, 0xCA, 0x0C, 0x73, 0x05, 0xA0, 0x57, 0x30, 0x4A, 0x04, 0x73, 0x04, 0xA0, 0x47, 0x30,
  0x4A, 0x04, 0x73, 0x04, 0xA0, 0x47, 0x30, 0x4A, 0x04, 0x73, 0x04, 0xA0, 0x45,
  // "Þ" (U+00DE), RLE, 27 bytes saved (26.5%)
  0x81, 0xBF, 0xD7, 0x28, 0x1B, 0xFD, 0x72, 0x83, 0xBF, 0xD1, 0x17, 0x0B, 0xE8, 0x1D, 0x82, 0x20,
  0xBF, 0x98, 0x4E, 0x40, 0xBF, 0xD3, 0x02, 0x08, 0xA8, 0x3E, 0x0B, 0xFD, 0x50, 0x8A, 0x82, 0x5B,
  0xFD, 0x50, 0x3A, 0x82, 0x7B, 0xFD, 0x50, 0x3A, 0x82, 0x6B, 0xFD, 0x50, 0x8A, 0x82, 0x3B, 0xFD,
  0x30, 0x30, 0x9A, 0x81, 0xC0, 0xBF, 0x98, 0x2C, 0x10, 0xBE, 0x0C, 0x07, 0x38, 0x3B, 0xFD, 0x11,
  0x78, 0x1B, 0xFD, 0x72, 0x81, 0xBF, 0xD7, 0x28, 0x1B, 0xFD, 0x72,
  // "ß" (U+00DF), RLE, 17 bytes saved (14.5%)
  0x28, 0x66, 0xBE, 0xFE, 0xC8, 0x23, 0x01, 0x0C, 0xF9, 0x04, 0x20, 0x9A, 0x86, 0x93, 0x12, 0x7E,
  0xFE, 0x28, 0x1D, 0xFB, 0x50, 0x8A, 0x01, 0x1A, 0x08, 0x58, 0x19, 0xFE, 0x2A, 0x08, 0x40, 0x7A,
  0x05, 0x2A, 0x08, 0x30, 0xAA, 0x05, 0x3A, 0x08, 0x20, 0x7A, 0x03, 0x4A, 0x08, 0x28, 0x1A, 0xFD,
  0x5A, 0x08, 0x20, 0x6A, 0x0B, 0x01, 0x3A, 0x08, 0x30, 0x8A, 0x0E, 0x05, 0x2A, 0x08, 0x40, 0x40,
  0xDA, 0x08, 0x1A, 0x08, 0x60, 0xAA, 0x04, 0xA0, 0x87, 0x81, 0xEF, 0x9A, 0x08, 0x78, 0x1D, 0xFA,
  0xA8, 0x68, 0x07, 0x83, 0x12, 0x8A, 0x07, 0xA8, 0x18, 0x08, 0xE0, 0xD0, 0x1A, 0x89, 0x08, 0x02,
  0x9D, 0xFE, 0xC7, 0x11,
  // "à" (U+00E0), RLE, 20 bytes saved (20.2%)
  0x20, 0xCA, 0x03, 0x78, 0x21, 0xDF, 0xC7, 0x18, 0x22, 0xDF, 0x77, 0x18, 0x21, 0xCF, 0x37, 0x72,
  0x86, 0x49, 0xDE, 0xFD, 0x91, 0x20, 0x6F, 0x0D, 0x01, 0x28, 0x4C, 0x73, 0x12, 0x8A, 0x08, 0x71,
  0x81, 0xCF, 0xC7, 0x18, 0x1A, 0xFD, 0x28, 0x16, 0xBD, 0xD8, 0x1D, 0x1C, 0xF9, 0x0D, 0x09, 0xA8,
  0x91, 0xB4, 0x21, 0x1A, 0xFD, 0xDF, 0xD5, 0x84, 0xBF, 0xDD, 0xFB, 0x48, 0x32, 0xEF, 0xDB, 0xA8,
  0x36, 0x12, 0x6D, 0xA0, 0xD0, 0x3E, 0x89, 0x5C, 0x5F, 0xD0, 0x3A, 0xEF, 0xD8, 0x01, 0xFD,
  // "á" (U+00E1), RLE, 22 bytes saved (22.2%)
  0x68, 0x2D, 0xFE, 0x26, 0x08, 0xA0, 0x46, 0x03, 0xA0, 0x57, 0x81, 0xDE, 0x47, 0x73, 0x86, 0x49,
  0xDE, 0xFD, 0x91, 0x20, 0x6F, 0x0D, 0x01, 0x28, 0x4C, 0x73, 0x12, 0x8A, 0x08, 0x71, 0x81, 0xCF,
  0xC7, 0x18, 0x1A, 0xFD, 0x28, 0x16, 0xBD, 0xD8, 0x1D, 0x1C, 0xF9, 0x0D, 0x09, 0xA8, 0x91, 0xB4,
  0x21, 0x1A, 0xFD, 0xDF, 0xD5, 0x84, 0xBF, 0xDD, 0xFB, 0x48, 0x32, 0xEF, 0xDB, 0xA8, 0x36, 0x12,
  0x6D, 0xA0, 0xD0, 0x3E, 0x89, 0x5C, 0x5F, 0xD0, 0x3A, 0xEF, 0xD8, 0x01, 0xFD,
  // "â" (U+00E2), RLE, 14 bytes saved (14.1%)
  0x40, 0x6A, 0x0E, 0x01, 0x58, 0x42, 0xEF, 0xEF, 0xB4, 0x86, 0x1D, 0xF8, 0x1D, 0xF8, 0x38, 0x1C,
  0xE6, 0x28, 0x21, 0xAF, 0x67, 0x68, 0x64, 0x9D, 0xEF, 0xD9, 0x12, 0x06, 0xF0, 0xD0, 0x12, 0x84,
  0xC7, 0x31, 0x28, 0xA0, 0x87, 0x18, 0x1C, 0xFC, 0x71, 0x81, 0xAF, 0xD2, 0x81, 0x6B, 0xDD, 0x81,
  0xD1, 0xCF, 0x90, 0xD0, 0x9A, 0x89, 0x1B, 0x42, 0x11, 0xAF, 0xDD, 0xFD, 0x58, 0x4B, 0xFD, 0xDF,
  0xB4, 0x83, 0x2E, 0xFD, 0xBA, 0x83, 0x61, 0x26, 0xDA, 0x0D, 0x03, 0xE8, 0x95, 0xC5, 0xFD, 0x03,
  0xAE, 0xFD, 0x80, 0x1F, 0xD0,
  // "ã" (U+00E3), RLE, 18 bytes saved (18.2%)
  0x72, 0x01, 0x28, 0x71, 0xBF, 0xEA, 0x42, 0xBD, 0x20, 0x9F, 0x08, 0x28, 0x6E, 0xA1, 0x29, 0xDE,
  0x97, 0x71, 0x86, 0x49, 0xDE, 0xFD, 0x91, 0x20, 0x6F, 0x0D, 0x01, 0x28, 0x4C, 0x73, 0x12, 0x8A,
  0x08, 0x71, 0x81, 0xCF, 0xC7, 0x18, 0x1A, 0xFD, 0x28, 0x16, 0xBD, 0xD8, 0x1D, 0x1C, 0xF9, 0x0D,
  0x09, 0xA8, 0x91, 0xB4, 0x21, 0x1A, 0xFD, 0xDF, 0xD5, 0x84, 0xBF, 0xDD, 0xFB, 0x48, 0x32, 0xEF,
  0xDB, 0xA8, 0x36, 0x12, 0x6D, 0xA0, 0xD0, 0x3E, 0x89, 0x5C, 0x5F, 0xD0, 0x3A, 0xEF, 0xD8, 0x01,
  0xFD,
  // "ä" (U+00E4), RLE, 17 bytes saved (18.1%)
  0x28, 0x15, 0xFC, 0x28, 0x1B, 0xF6, 0x38, 0x14, 0xEB, 0x28, 0x1A, 0xE5, 0x77, 0x74, 0x86, 0x49,
  0xDE, 0xFD, 0x91, 0x20, 0x6F, 0x0D, 0x01, 0x28, 0x4C, 0x73, 0x12, 0x8A, 0x08, 0x71, 0x81, 0xCF,
  0xC7, 0x18, 0x1A, 0xFD, 0x28, 0x16, 0xBD, 0xD8, 0x1D, 0x1C, 0xF9, 0x0D, 0x09, 0xA8, 0x91, 0xB4,
  0x21, 0x1A, 0xFD, 0xDF, 0xD5, 0x84, 0xBF, 0xDD, 0xFB, 0x48, 0x32, 0xEF, 0xDB, 0xA8, 0x36, 0x12,
  0x6D, 0xA0, 0xD0, 0x3E, 0x89, 0x5C, 0x5F, 0xD0, 0x3A, 0xEF, 0xD8, 0x01, 0xFD,
  // "å" (U+00E5), RLE, 22 bytes saved (20.0%)
  0x38, 0x32, 0xBE, 0xC5, 0x68, 0x4C, 0xC3, 0x8F, 0x25, 0x98, 0x36, 0x01, 0xF5, 0x58, 0x4D, 0xA0,
  0x6F, 0x35, 0x04, 0x0E, 0xA0, 0x77, 0x10, 0x27, 0x74, 0x86, 0x49, 0xDE, 0xFD, 0x91, 0x20, 0x6F,
  0x0D, 0x01, 0x28, 0x4C, 0x73, 0x12, 0x8A, 0x08, 0x71, 0x81, 0xCF, 0xC7, 0x18, 0x1A, 0xFD, 0x28,
  0x16, 0xBD, 0xD8, 0x1D, 0x1C, 0xF9, 0x0D, 0x09, 0xA8, 0x91, 0xB4, 0x21, 0x1A, 0xFD, 0xDF, 0xD5,
  0x84, 0xBF, 0xDD, 0xFB, 0x48, 0x32, 0xEF, 0xDB, 0xA8, 0x36, 0x12, 0x6D, 0xA0, 0xD0, 0x3E, 0x89,
  0x5C, 0x5F, 0xD0, 0x3A, 0xEF, 0xD8, 0x01, 0xFD,
  // "æ" (U+00E6), RLE, 30 bytes saved (24.2%)
  0x28, 0x55, 0xAD, 0xFE, 0xB4, 0x28, 0x47, 0xCF, 0xEA, 0x33, 0x09, 0xF0, 0x50, 0xBE, 0x06, 0x28,
  0x53, 0xB6, 0x31, 0x3B, 0xB8, 0x3D, 0x51, 0x3B, 0xA0, 0x27, 0x01, 0xB0, 0x24, 0x81, 0xEF, 0x97,
  0x18, 0x1E, 0xFC, 0x58, 0x1A, 0xFC, 0x28, 0x17, 0xBE, 0xFE, 0x81, 0xE1, 0xDF, 0xFA, 0x0E, 0x09,
  0xA0, 0xA0, 0x40, 0xF1, 0xA0, 0xB8, 0x04, 0x18, 0x1D, 0xFD, 0x5A, 0x0D, 0x71, 0x81, 0xDF, 0xB4,
  0x05, 0xB0, 0x57, 0x0A, 0xA8, 0x97, 0x61, 0x27, 0xEE, 0xCF, 0xE7, 0x21, 0x35, 0x94, 0x3E, 0x82,
  0xE3, 0x1C, 0xF8, 0x74, 0x03, 0xAE, 0xFD, 0x92, 0x38, 0x56, 0xCE, 0xFE, 0xB6, 0x10,
  // "ç" (U+00E7), RLE, 26 bytes saved (27.4%)
  0x38, 0x90, 0x6B, 0xEF, 0xDB, 0x60, 0x1C, 0xE8, 0x1A, 0x0B, 0xA8, 0x58, 0x21, 0x38, 0x43, 0xA0,
  0x86, 0x08, 0xA0, 0x16, 0x81, 0xAF, 0xE7, 0x81, 0xBF, 0xD7, 0x81, 0xAF, 0xE7, 0x08, 0xA0, 0x16,
  0x04, 0xA0, 0x87, 0x0C, 0xA8, 0x78, 0x21, 0x26, 0x80, 0x2D, 0xE0, 0xA3, 0x85, 0x7C, 0xEF, 0xEA,
  0x44, 0x81, 0x17, 0x37, 0x81, 0x9F, 0x57, 0x82, 0x7D, 0xF9, 0x70, 0x1A, 0x58, 0x37, 0x8B, 0xFC,
  0x58, 0x3C, 0xFD, 0xA1, 0x20,
  // "è" (U+00E8), RLE, 33 bytes saved (30.6%)
  0x20, 0xCA, 0x03, 0x71, 0x82, 0x1D, 0xFC, 0x72, 0x82, 0x2D, 0xF7, 0x72, 0x82, 0x1C, 0xF3, 0x77,
  0x58, 0x56, 0xCE, 0xED, 0x81, 0x30, 0x10, 0xBE, 0x0D, 0x02, 0x20, 0xAA, 0x87, 0x72, 0x26, 0xEF,
  0xC0, 0x2A, 0x06, 0x40, 0x5A, 0x03, 0x07, 0xA8, 0x01, 0x10, 0x2A, 0x06, 0x0A, 0xFB, 0x08, 0x0B,
  0xFB, 0x82, 0x8A, 0xFE, 0x72, 0x08, 0xA0, 0x27, 0x10, 0x3A, 0x0A, 0x72, 0x0A, 0xA8, 0x5A, 0x41,
  0x13, 0x7B, 0x30, 0xBF, 0x0E, 0x48, 0x65, 0xAD, 0xFE, 0xD9, 0x41,
  // "é" (U+00E9), RLE, 35 bytes saved (32.4%)
  0x68, 0x2D, 0xFE, 0x27, 0x08, 0xA0, 0x47, 0x03, 0xA0, 0x57, 0x18, 0x1D, 0xE4, 0x77, 0x68, 0x56,
  0xCE, 0xED, 0x81, 0x30, 0x10, 0xBE, 0x0D, 0x02, 0x20, 0xAA, 0x87, 0x72, 0x26, 0xEF, 0xC0, 0x2A,
  0x06, 0x40, 0x5A, 0x03, 0x07, 0xA8, 0x01, 0x10, 0x2A, 0x06, 0x0A, 0xFB, 0x08, 0x0B, 0xFB, 0x82,
  0x8A, 0xFE, 0x72, 0x08, 0xA0, 0x27, 0x10, 0x3A, 0x0A, 0x72, 0x0A, 0xA8, 0x5A, 0x41, 0x13, 0x7B,
  0x30, 0xBF, 0x0E, 0x48, 0x65, 0xAD, 0xFE, 0xD9, 0x41,
  // "ê" (U+00EA), RLE, 27 bytes saved (25.0%)
  0x40, 0x6A, 0x0E, 0x01, 0x68, 0x42, 0xEF, 0xEF, 0xB5, 0x86, 0x1D, 0xF8, 0x1D, 0xF8, 0x48, 0x1C,
  0xE6, 0x28, 0x21, 0xAF, 0x67, 0x72, 0x85, 0x6C, 0xEE, 0xD8, 0x13, 0x01, 0x0B, 0xE0, 0xD0, 0x22,
  0x0A, 0xA8, 0x77, 0x22, 0x6E, 0xFC, 0x02, 0xA0, 0x64, 0x05, 0xA0, 0x30, 0x7A, 0x80, 0x11, 0x02,
  0xA0, 0x60, 0xAF, 0xB0, 0x80, 0xBF, 0xB8, 0x28, 0xAF, 0xE7, 0x20, 0x8A, 0x02, 0x71, 0x03, 0xA0,
  0xA7, 0x20, 0xAA, 0x85, 0xA4, 0x11, 0x37, 0xB3, 0x0B, 0xF0, 0xE4, 0x86, 0x5A, 0xDF, 0xED, 0x94,
  0x10,
  // "ë" (U+00EB), RLE, 29 bytes saved (28.4%)
  0x28, 0x15, 0xFC, 0x28, 0x1B, 0xF6, 0x48, 0x14, 0xEB, 0x28, 0x1A, 0xE5, 0x77, 0x77, 0x18, 0x56,
  0xCE, 0xED, 0x81, 0x30, 0x10, 0xBE, 0x0D, 0x02, 0x20, 0xAA, 0x87, 0x72, 0x26, 0xEF, 0xC0, 0x2A,
  0x06, 0x40, 0x5A, 0x03, 0x07, 0xA8, 0x01, 0x10, 0x2A, 0x06, 0x0A, 0xFB, 0x08, 0x0B, 0xFB, 0x82,
  0x8A, 0xFE, 0x72, 0x08, 0xA0, 0x27, 0x10, 0x3A, 0x0A, 0x72, 0x0A, 0xA8, 0x5A, 0x41, 0x13, 0x7B,
  0x30, 0xBF, 0x0E, 0x48, 0x65, 0xAD, 0xFE, 0xD9, 0x41,
  // "ì" (U+00EC), RLE, 14 bytes saved (25.9%)
  0x0C, 0xA0, 0x32, 0x82, 0x1D, 0xFC, 0x38, 0x22, 0xDF, 0x73, 0x82, 0x1C, 0xF3, 0x71, 0xA0, 0x83,
  0xA0, 0x83, 0xA0, 0x83, 0xA0, 0x83, 0xA0, 0x83, 0xA0, 0x83, 0xA0, 0x83, 0xA0, 0x83, 0xA0, 0x83,
  0xA0, 0x83, 0xA0, 0x83, 0xA0, 0x83, 0xA0, 0x81,
  // "í" (U+00ED), RLE, 15 bytes saved (27.8%)
  0x28, 0x4D, 0xFE, 0x20, 0x8A, 0x81, 0x40, 0x3A, 0x05, 0x28, 0x1D, 0xE4, 0x72, 0xA0, 0x83, 0xA0,
  0x83, 0xA0, 0x83, 0xA0, 0x83, 0xA0, 0x83, 0xA0, 0x83, 0xA0, 0x83, 0xA0, 0x83, 0xA0, 0x83, 0xA0,
  0x83, 0xA0, 0x83, 0xA0, 0x83, 0xA0, 0x83,
  // "î" (U+00EE), RLE, 34 bytes saved (42.0%)
  0x20, 0x6A, 0x0E, 0x01, 0x38, 0x42, 0xEF, 0xEF, 0xB2, 0x89, 0x21, 0xDF, 0x81, 0xDF, 0x80, 0xCE,
  0x62, 0x82, 0x1A, 0xF6, 0x75, 0xA0, 0x86, 0xA0, 0x86, 0xA0, 0x86, 0xA0, 0x86, 0xA0, 0x86, 0xA0,
  0x86, 0xA0, 0x86, 0xA0, 0x86, 0xA0, 0x86, 0xA0, 0x86, 0xA0, 0x86, 0xA0, 0x86, 0xA0, 0x83,
  // "ï" (U+00EF), RLE, 30 bytes saved (44.1%)
  0x81, 0x5F, 0xC2, 0x84, 0xBF, 0x64, 0xEB, 0x28, 0x1A, 0xE5, 0x77, 0x5A, 0x08, 0x5A, 0x08, 0x5A,
  0x08, 0x5A, 0x08, 0x5A, 0x08, 0x5A, 0x08, 0x5A, 0x08, 0x5A, 0x08, 0x5A, 0x08, 0x5A, 0x08, 0x5A,
  0x08, 0x5A, 0x08, 0x5A, 0x08, 0x20,
  // "ð" (U+00F0), RLE, 23 bytes saved (18.5%)
  0x40, 0xA0, 0x33, 0x06, 0x02, 0x50, 0x7A, 0x83, 0x95, 0xDF, 0xB6, 0x07, 0x0E, 0xB0, 0x87, 0x08,
  0xB0, 0xE0, 0x26, 0x86, 0xDF, 0xD5, 0xCF, 0xD1, 0x50, 0x60, 0x72, 0x82, 0x1D, 0xF9, 0x73, 0x04,
  0xA0, 0x33, 0x89, 0x01, 0x8D, 0xFE, 0xC6, 0xBF, 0x92, 0x02, 0x0E, 0xE8, 0x1E, 0xFE, 0x20, 0xDA,
  0x83, 0x72, 0x13, 0xBB, 0x02, 0x05, 0xA0, 0x75, 0x0C, 0xA0, 0x40, 0x9A, 0x60, 0x5A, 0x82, 0x5B,
  0xFE, 0x60, 0x3A, 0x82, 0x5A, 0xFE, 0x60, 0x4A, 0x04, 0x08, 0xA0, 0x15, 0x07, 0xA0, 0x10, 0x4A,
  0x07, 0x58, 0x1D, 0xFC, 0x20, 0xBA, 0x83, 0x72, 0x13, 0xBA, 0x04, 0x20, 0x10, 0xCF, 0x06, 0x58,
  0x56, 0xBE, 0xFD, 0x93, 0x30,
  // "ñ" (U+00F1), RLE, 28 bytes saved (25.9%)
  0x72, 0x01, 0x38, 0x71, 0xBF, 0xEA, 0x42, 0xBD, 0x30, 0x9F, 0x08, 0x38, 0x6E, 0xA1, 0x29, 0xDE,
  0x97, 0x71, 0xA8, 0x61, 0x19, 0xDF, 0xEA, 0x32, 0xA0, 0x60, 0xEE, 0x04, 0x1B, 0x83, 0xD5, 0x12,
  0x7A, 0x0D, 0x1B, 0x02, 0x40, 0x9A, 0x01, 0xA0, 0xB5, 0x06, 0xA0, 0x2A, 0x09, 0x50, 0x4A, 0x03,
  0xA0, 0x85, 0x04, 0xA0, 0x3A, 0x08, 0x50, 0x4A, 0x03, 0xA0, 0x85, 0x04, 0xA0, 0x3A, 0x08, 0x50,
  0x4A, 0x03, 0xA0, 0x85, 0x04, 0xA0, 0x3A, 0x08, 0x50, 0x4A, 0x03, 0xA0, 0x85, 0x04, 0xA0, 0x30,
  // "ò" (U+00F2), RLE, 33 bytes saved (28.2%)
  0x30, 0xCA, 0x03, 0x72, 0x82, 0x1D, 0xFC, 0x73, 0x82, 0x2D, 0xF7, 0x73, 0x82, 0x1C, 0xF3, 0x77,
  0x68, 0x56, 0xBE, 0xFD, 0x92, 0x40, 0x10, 0xCF, 0x06, 0x30, 0xBA, 0x83, 0x82, 0x14, 0xCA, 0x81,
  0x40, 0x3A, 0x08, 0x58, 0x3E, 0xFC, 0x08, 0xA0, 0x25, 0x07, 0xA8, 0x22, 0xAF, 0xE6, 0x05, 0xA8,
  0x24, 0xBF, 0xD6, 0x03, 0xA0, 0x50, 0xAA, 0x60, 0x5A, 0x04, 0x07, 0xA0, 0x25, 0x07, 0xA0, 0x02,
  0xA0, 0x95, 0x81, 0xEF, 0xD2, 0x09, 0xA8, 0x38, 0x21, 0x4B, 0xA0, 0x53, 0x0B, 0xF0, 0x75, 0x85,
  0x5B, 0xEF, 0xDA, 0x33,
  // "ó" (U+00F3), RLE, 34 bytes saved (29.1%)
  0x78, 0x2D, 0xFE, 0x27, 0x10, 0x8A, 0x04, 0x71, 0x03, 0xA0, 0x57, 0x28, 0x1D, 0xE4, 0x77, 0x78,
  0x56, 0xBE, 0xFD, 0x92, 0x40, 0x10, 0xCF, 0x06, 0x30, 0xBA, 0x83, 0x82, 0x14, 0xCA, 0x81, 0x40,
  0x3A, 0x08, 0x58, 0x3E, 0xFC, 0x08, 0xA0, 0x25, 0x07, 0xA8, 0x22, 0xAF, 0xE6, 0x05, 0xA8, 0x24,
  0xBF, 0xD6, 0x03, 0xA0, 0x50, 0xAA, 0x60, 0x5A, 0x04, 0x07, 0xA0, 0x25, 0x07, 0xA0, 0x02, 0xA0,
  0x95, 0x81, 0xEF, 0xD2, 0x09, 0xA8, 0x38, 0x21, 0x4B, 0xA0, 0x53, 0x0B, 0xF0, 0x75, 0x85, 0x5B,
  0xEF, 0xDA, 0x33,
  // "ô" (U+00F4), RLE, 27 bytes saved (23.1%)
  0x40, 0x6A, 0x0E, 0x01, 0x78, 0x42, 0xEF, 0xEF, 0xB6, 0x86, 0x1D, 0xF8, 0x1D, 0xF8, 0x58, 0x1C,
  0xE6, 0x28, 0x21, 0xAF, 0x67, 0x74, 0x85, 0x6B, 0xEF, 0xD9, 0x24, 0x01, 0x0C, 0xF0, 0x63, 0x0B,
  0xA8, 0x38, 0x21, 0x4C, 0xA8, 0x14, 0x03, 0xA0, 0x85, 0x83, 0xEF, 0xC0, 0x8A, 0x02, 0x50, 0x7A,
  0x82, 0x2A, 0xFE, 0x60, 0x5A, 0x82, 0x4B, 0xFD, 0x60, 0x3A, 0x05, 0x0A, 0xA6, 0x05, 0xA0, 0x40,
  0x7A, 0x02, 0x50, 0x7A, 0x00, 0x2A, 0x09, 0x58, 0x1E, 0xFD, 0x20, 0x9A, 0x83, 0x82, 0x14, 0xBA,
  0x05, 0x30, 0xBF, 0x07, 0x58, 0x55, 0xBE, 0xFD, 0xA3, 0x30,
  // "õ" (U+00F5), RLE, 31 bytes saved (26.5%)
  0x73, 0x01, 0x48, 0x71, 0xBF, 0xEA, 0x42, 0xBD, 0x40, 0x9F, 0x08, 0x48, 0x6E, 0xA1, 0x29, 0xDE,
  0x97, 0x75, 0x85, 0x6B, 0xEF, 0xD9, 0x24, 0x01, 0x0C, 0xF0, 0x63, 0x0B, 0xA8, 0x38, 0x21, 0x4C,
  0xA8, 0x14, 0x03, 0xA0, 0x85, 0x83, 0xEF, 0xC0, 0x8A, 0x02, 0x50, 0x7A, 0x82, 0x2A, 0xFE, 0x60,
  0x5A, 0x82, 0x4B, 0xFD, 0x60, 0x3A, 0x05, 0x0A, 0xA6, 0x05, 0xA0, 0x40, 0x7A, 0x02, 0x50, 0x7A,
  0x00, 0x2A, 0x09, 0x58, 0x1E, 0xFD, 0x20, 0x9A, 0x83, 0x82, 0x14, 0xBA, 0x05, 0x30, 0xBF, 0x07,
  0x58, 0x55, 0xBE, 0xFD, 0xA3, 0x30,
  // "ö" (U+00F6), RLE, 29 bytes saved (26.1%)
  0x28, 0x15, 0xFC, 0x28, 0x1B, 0xF6, 0x58, 0x14, 0xEB, 0x28, 0x1A, 0xE5, 0x77, 0x77, 0x48, 0x56,
  0xBE, 0xFD, 0x92, 0x40, 0x10, 0xCF, 0x06, 0x30, 0xBA, 0x83, 0x82, 0x14, 0xCA, 0x81, 0x40, 0x3A,
  0x08, 0x58, 0x3E, 0xFC, 0x08, 0xA0, 0x25, 0x07, 0xA8, 0x22, 0xAF, 0xE6, 0x05, 0xA8, 0x24, 0xBF,
  0xD6, 0x03, 0xA0, 0x50, 0xAA, 0x60, 0x5A, 0x04, 0x07, 0xA0, 0x25, 0x07, 0xA0, 0x02, 0xA0, 0x95,
  0x81, 0xEF, 0xD2, 0x09, 0xA8, 0x38, 0x21, 0x4B, 0xA0, 0x53, 0x0B, 0xF0, 0x75, 0x85, 0x5B, 0xEF,
  0xDA, 0x33,
  // "÷" (U+00F7), RLE, 35 bytes saved (53.0%)
  0x48, 0x14, 0xEC, 0x72, 0x08, 0xA0, 0x37, 0x18, 0x13, 0xEC, 0x77, 0x30, 0xDF, 0xB0, 0x80, 0xDF,
  0xB0, 0x88, 0x07, 0x17, 0x73, 0x81, 0x4E, 0xC7, 0x20, 0x8A, 0x03, 0x71, 0x81, 0x3E, 0xC5,
  // "ø" (U+00F8), RLE, 10 bytes saved (10.2%)
  0x73, 0x03, 0x58, 0x76, 0xBE, 0xFD, 0x97, 0xF7, 0x20, 0x10, 0xCF, 0x90, 0x22, 0x0B, 0xA8, 0x28,
  0x21, 0x5B, 0x81, 0x40, 0x3A, 0x08, 0x30, 0x8B, 0x81, 0xC0, 0x8A, 0x02, 0x28, 0x24, 0xFD, 0x9A,
  0x82, 0x2A, 0xFE, 0x28, 0x31, 0xEF, 0x34, 0xA8, 0x24, 0xBF, 0xD2, 0x83, 0xBF, 0x70, 0x3A, 0x86,
  0x5A, 0xFE, 0x07, 0xFB, 0x20, 0x5A, 0x04, 0x07, 0xA8, 0x25, 0xFE, 0x12, 0x07, 0xA0, 0x02, 0xC0,
  0x43, 0x81, 0xEF, 0xD2, 0x09, 0xA8, 0x3C, 0x21, 0x4B, 0xA0, 0x52, 0x05, 0xF9, 0x07, 0x38, 0x7D,
  0xF7, 0xBE, 0xFD, 0xA3, 0x40, 0x10, 0x47, 0x30,
  // "ù" (U+00F9), RLE, 29 bytes saved (24.8%)
  0x30, 0xCA, 0x03, 0x72, 0x82, 0x1D, 0xFC, 0x73, 0x82, 0x2D, 0xF7, 0x73, 0x82, 0x1C, 0xF3, 0x77,
  0x30, 0x1A, 0x06, 0x50, 0x6A, 0x00, 0x1A, 0x06, 0x50, 0x6A, 0x00, 0x1A, 0x06, 0x50, 0x6A, 0x00,
  0x1A, 0x06, 0x50, 0x6A, 0x00, 0x1A, 0x06, 0x50, 0x6A, 0x00, 0x1A, 0x06, 0x50, 0x6A, 0x00, 0x1A,
  0x06, 0x50, 0x6A, 0x00, 0x1A, 0x06, 0x50, 0x7A, 0x00, 0x1A, 0x07, 0x50, 0x9A, 0x01, 0x1A, 0x0A,
  0x50, 0xEA, 0x81, 0x10, 0xCA, 0x04, 0x20, 0x10, 0xAB, 0x81, 0x10, 0x4B, 0x0E, 0x0D, 0xA0, 0x9A,
  0x01, 0x28, 0x53, 0xAE, 0xFE, 0xA4, 0x1A, 0x01,
  // "ú" (U+00FA), RLE, 30 bytes saved (25.6%)
  0x78, 0x2D, 0xFE, 0x27, 0x10, 0x8A, 0x04, 0x71, 0x03, 0xA0, 0x57, 0x28, 0x1D, 0xE4, 0x77, 0x40,
  0x1A, 0x06, 0x50, 0x6A, 0x00, 0x1A, 0x06, 0x50, 0x6A, 0x00, 0x1A, 0x06, 0x50, 0x6A, 0x00, 0x1A,
  0x06, 0x50, 0x6A, 0x00, 0x1A, 0x06, 0x50, 0x6A, 0x00, 0x1A, 0x06, 0x50, 0x6A, 0x00, 0x1A, 0x06,
  0x50, 0x6A, 0x00, 0x1A, 0x06, 0x50, 0x7A, 0x00, 0x1A, 0x07, 0x50, 0x9A, 0x01, 0x1A, 0x0A, 0x50,
  0xEA, 0x81, 0x10, 0xCA, 0x04, 0x20, 0x10, 0xAB, 0x81, 0x10, 0x4B, 0x0E, 0x0D, 0xA0, 0x9A, 0x01,
  0x28, 0x53, 0xAE, 0xFE, 0xA4, 0x1A, 0x01,
  // "û" (U+00FB), RLE, 23 bytes saved (19.7%)
  0x40, 0x6A, 0x0E, 0x01, 0x78, 0x42, 0xEF, 0xEF, 0xB6, 0x86, 0x1D, 0xF8, 0x1D, 0xF8, 0x58, 0x1C,
  0xE6, 0x28, 0x21, 0xAF, 0x67, 0x71, 0x01, 0xA0, 0x65, 0x06, 0xA0, 0x01, 0xA0, 0x65, 0x06, 0xA0,
  0x01, 0xA0, 0x65, 0x06, 0xA0, 0x01, 0xA0, 0x65, 0x06, 0xA0, 0x01, 0xA0, 0x65, 0x06, 0xA0, 0x01,
  0xA0, 0x65, 0x06, 0xA0, 0x01, 0xA0, 0x65, 0x06, 0xA0, 0x01, 0xA0, 0x65, 0x07, 0xA0, 0x01, 0xA0,
  0x75, 0x09, 0xA0, 0x11, 0xA0, 0xA5, 0x0E, 0xA8, 0x11, 0x0C, 0xA0, 0x42, 0x01, 0x0A, 0xB8, 0x11,
  0x04, 0xB0, 0xE0, 0xDA, 0x09, 0xA0, 0x12, 0x85, 0x3A, 0xEF, 0xEA, 0x41, 0xA0, 0x10,
  // "ü" (U+00FC), RLE, 25 bytes saved (22.5%)
  0x38, 0x15, 0xFC, 0x28, 0x1B, 0xF6, 0x58, 0x14, 0xEB, 0x28, 0x1A, 0xE5, 0x77, 0x77, 0x01, 0xA0,
  0x65, 0x06, 0xA0, 0x01, 0xA0, 0x65, 0x06, 0xA0, 0x01, 0xA0, 0x65, 0x06, 0xA0, 0x01, 0xA0, 0x65,
  0x06, 0xA0, 0x01, 0xA0, 0x65, 0x06, 0xA0, 0x01, 0xA0, 0x65, 0x06, 0xA0, 0x01, 0xA0, 0x65, 0x06,
  0xA0, 0x01, 0xA0, 0x65, 0x07, 0xA0, 0x01, 0xA0, 0x75, 0x09, 0xA0, 0x11, 0xA0, 0xA5, 0x0E, 0xA8,
  0x11, 0x0C, 0xA0, 0x42, 0x01, 0x0A, 0xB8, 0x11, 0x04, 0xB0, 0xE0, 0xDA, 0x09, 0xA0, 0x12, 0x85,
  0x3A, 0xEF, 0xEA, 0x41, 0xA0, 0x10,
  // "ý" (U+00FD), RLE, 50 bytes saved (32.1%)
  0x78, 0x2D, 0xFE, 0x27, 0x10, 0x8A, 0x04, 0x71, 0x03, 0xA0, 0x57, 0x28, 0x1D, 0xE4, 0x77, 0x48,
  0x1C, 0xFE, 0x60, 0x4A, 0x07, 0x05, 0xA0, 0x45, 0x09, 0xA8, 0x31, 0x0E, 0xFA, 0x58, 0x1E, 0xFB,
  0x28, 0x19, 0xFE, 0x40, 0x4A, 0x05, 0x20, 0x3A, 0x05, 0x38, 0x19, 0xFE, 0x48, 0x1C, 0xFB, 0x38,
  0x1E, 0xF9, 0x40, 0x6A, 0x81, 0x10, 0x4A, 0x03, 0x40, 0x1A, 0x83, 0x60, 0x9F, 0xD6, 0x85, 0x9F,
  0xC0, 0xEF, 0x76, 0x03, 0xA0, 0x5A, 0x01, 0x78, 0x3D, 0xFC, 0xFB, 0x71, 0x07, 0xB0, 0x57, 0x10,
  0x1A, 0x0E, 0x73, 0x81, 0xEF, 0x97, 0x20, 0x4A, 0x04, 0x72, 0x81, 0xBF, 0xC6, 0x82, 0x11, 0x2A,
  0xA0, 0x56, 0x08, 0xC0, 0x87, 0x83, 0x7E, 0xFC, 0x67, 0x10,
  // "þ" (U+00FE), RLE, 52 bytes saved (36.1%)
  0xA0, 0x87, 0x2A, 0x08, 0x72, 0xA0, 0x87, 0x2A, 0x08, 0x72, 0xA0, 0x87, 0x2A, 0x86, 0x81, 0x9D,
  0xFD, 0x91, 0x2A, 0x09, 0x0D, 0xD0, 0xD0, 0x21, 0xB8, 0x3C, 0x41, 0x28, 0xA0, 0xB1, 0xA0, 0xE0,
  0x14, 0x09, 0xA0, 0x2A, 0x0B, 0x50, 0x3A, 0x06, 0xA0, 0x86, 0xA0, 0x8A, 0x08, 0x6A, 0x09, 0xA0,
  0x96, 0xA0, 0x8A, 0x0C, 0x50, 0x3A, 0x06, 0xB0, 0x24, 0x09, 0xA0, 0x2B, 0x83, 0xD4, 0x12, 0x8A,
  0x0B, 0x1A, 0x0A, 0x0E, 0xD0, 0xD0, 0x11, 0xA8, 0x67, 0x2A, 0xEF, 0xD8, 0x12, 0xA0, 0x87, 0x2A,
  0x08, 0x72, 0xA0, 0x87, 0x2A, 0x08, 0x72, 0xA0, 0x87, 0x2A, 0x08, 0x72,
  // "ÿ" (U+00FF), RLE, 45 bytes saved (30.0%)
  0x28, 0x15, 0xFC, 0x28, 0x1B, 0xF6, 0x58, 0x14, 0xEB, 0x28, 0x1A, 0xE5, 0x77, 0x77, 0x18, 0x1C,
  0xFE, 0x60, 0x4A, 0x07, 0x05, 0xA0, 0x45, 0x09, 0xA8, 0x31, 0x0E, 0xFA, 0x58, 0x1E, 0xFB, 0x28,
  0x19, 0xFE, 0x40, 0x4A, 0x05, 0x20, 0x3A, 0x05, 0x38, 0x19, 0xFE, 0x48, 0x1C, 0xFB, 0x38, 0x1E,
  0xF9, 0x40, 0x6A, 0x81, 0x10, 0x4A, 0x03, 0x40, 0x1A, 0x83, 0x60, 0x9F, 0xD6, 0x85, 0x9F, 0xC0,
  0xEF, 0x76, 0x03, 0xA0, 0x5A, 0x01, 0x78, 0x3D, 0xFC, 0xFB, 0x71, 0x07, 0xB0, 0x57, 0x10, 0x1A,
  0x0E, 0x73, 0x81, 0xEF, 0x97, 0x20, 0x4A, 0x04, 0x72, 0x81, 0xBF, 0xC6, 0x82, 0x11, 0x2A, 0xA0,
  0x56, 0x08, 0xC0, 0x87, 0x83, 0x7E, 0xFC, 0x67, 0x10,
  // "Ā" (U+0100), RLE, 68 bytes saved (40.5%)
  0x48, 0x03, 0x17, 0x2F, 0x05, 0x71, 0xF0, 0x57, 0x77, 0x50, 0xAA, 0x05, 0x74, 0x01, 0xB0, 0xB7,
  0x48, 0x17, 0xFE, 0xA0, 0x27, 0x38, 0x4D, 0xF8, 0xDF, 0x87, 0x20, 0x3A, 0x82, 0x38, 0xFD, 0x72,
  0x83, 0x9F, 0xE0, 0x3A, 0x04, 0x71, 0x81, 0xEF, 0x82, 0x81, 0xDF, 0xA7, 0x05, 0xA0, 0x32, 0x07,
  0xA0, 0x16, 0x81, 0xBF, 0xC3, 0x02, 0xA0, 0x65, 0x02, 0xA0, 0x74, 0x81, 0xBF, 0xC5, 0x08, 0xFB,
  0x03, 0x40, 0xDF, 0xB0, 0x83, 0x04, 0xA0, 0x88, 0x02, 0x38, 0x1C, 0xFE, 0x30, 0xAA, 0x01, 0x60,
  0x5A, 0x81, 0x50, 0x1A, 0x0A, 0x71, 0x83, 0xEF, 0xB0, 0x6A, 0x04, 0x71, 0x09, 0xA8, 0x21, 0xCF,
  0xD7, 0x20, 0x3A, 0x07,
  // "ā" (U+0101), RLE, 23 bytes saved (24.5%)
  0x28, 0x03, 0x14, 0xF0, 0x53, 0xF0, 0x57, 0x78, 0x64, 0x9D, 0xEF, 0xD9, 0x12, 0x06, 0xF0, 0xD0,
  0x12, 0x84, 0xC7, 0x31, 0x28, 0xA0, 0x87, 0x18, 0x1C, 0xFC, 0x71, 0x81, 0xAF, 0xD2, 0x81, 0x6B,
  0xDD, 0x81, 0xD1, 0xCF, 0x90, 0xD0, 0x9A, 0x89, 0x1B, 0x42, 0x11, 0xAF, 0xDD, 0xFD, 0x58, 0x4B,
  0xFD, 0xDF, 0xB4, 0x83, 0x2E, 0xFD, 0xBA, 0x83, 0x61, 0x26, 0xDA, 0x0D, 0x03, 0xE8, 0x95, 0xC5,
  0xFD, 0x03, 0xAE, 0xFD, 0x80, 0x1F, 0xD0,
  // "Ă" (U+0102), RLE, 64 bytes saved (36.4%)
  0x40, 0x70, 0x44, 0x05, 0x06, 0x71, 0x86, 0xCD, 0x31, 0x15, 0xEA, 0x71, 0x05, 0xE0, 0x27, 0x28,
  0x44, 0xCE, 0xEB, 0x27, 0x77, 0x60, 0xAA, 0x05, 0x74, 0x01, 0xB0, 0xB7, 0x48, 0x17, 0xFE, 0xA0,
  0x27, 0x38, 0x4D, 0xF8, 0xDF, 0x87, 0x20, 0x3A, 0x82, 0x38, 0xFD, 0x72, 0x83, 0x9F, 0xE0, 0x3A,
  0x04, 0x71, 0x81, 0xEF, 0x82, 0x81, 0xDF, 0xA7, 0x05, 0xA0, 0x32, 0x07, 0xA0, 0x16, 0x81, 0xBF,
  0xC3, 0x02, 0xA0, 0x65, 0x02, 0xA0, 0x74, 0x81, 0xBF, 0xC5, 0x08, 0xFB, 0x03, 0x40, 0xDF, 0xB0,
  0x83, 0x04, 0xA0, 0x88, 0x02, 0x38, 0x1C, 0xFE, 0x30, 0xAA, 0x01, 0x60, 0x5A, 0x81, 0x50, 0x1A,
  0x0A, 0x71, 0x83, 0xEF, 0xB0, 0x6A, 0x04, 0x71, 0x09, 0xA8, 0x21, 0xCF, 0xD7, 0x20, 0x3A, 0x07,
  // "ă" (U+0103), RLE, 16 bytes saved (16.2%)
  0x20, 0x70, 0x44, 0x05, 0x06, 0x38, 0x6C, 0xD3, 0x11, 0x5E, 0xA3, 0x05, 0xE0, 0x24, 0x84, 0x4C,
  0xEE, 0xB2, 0x77, 0x18, 0x64, 0x9D, 0xEF, 0xD9, 0x12, 0x06, 0xF0, 0xD0, 0x12, 0x84, 0xC7, 0x31,
  0x28, 0xA0, 0x87, 0x18, 0x1C, 0xFC, 0x71, 0x81, 0xAF, 0xD2, 0x81, 0x6B, 0xDD, 0x81, 0xD1, 0xCF,
  0x90, 0xD0, 0x9A, 0x89, 0x1B, 0x42, 0x11, 0xAF, 0xDD, 0xFD, 0x58, 0x4B, 0xFD, 0xDF, 0xB4, 0x83,
  0x2E, 0xFD, 0xBA, 0x83, 0x61, 0x26, 0xDA, 0x0D, 0x03, 0xE8, 0x95, 0xC5, 0xFD, 0x03, 0xAE, 0xFD,
  0x80, 0x1F, 0xD0,
  // "Ą" (U+0104), RLE, 67 bytes saved (38.1%)
  0x60, 0xAA, 0x05, 0x74, 0x01, 0xB0, 0xB7, 0x48, 0x17, 0xFE, 0xA0, 0x27, 0x38, 0x4D, 0xF8, 0xDF,
  0x87, 0x20, 0x3A, 0x82, 0x38, 0xFD, 0x72, 0x83, 0x9F, 0xE0, 0x3A, 0x04, 0x71, 0x81, 0xEF, 0x82,
  0x81, 0xDF, 0xA7, 0x05, 0xA0, 0x32, 0x07, 0xA0, 0x16, 0x81, 0xBF, 0xC3, 0x02, 0xA0, 0x65, 0x02,
  0xA0, 0x74, 0x81, 0xBF, 0xC5, 0x08, 0xFB, 0x03, 0x40, 0xDF, 0xB0, 0x83, 0x04, 0xA0, 0x88, 0x02,
  0x38, 0x1C, 0xFE, 0x30, 0xAA, 0x01, 0x60, 0x5A, 0x81, 0x50, 0x1A, 0x0A, 0x71, 0x83, 0xEF, 0xB0,
  0x6A, 0x04, 0x71, 0x09, 0xA8, 0x21, 0xCF, 0xD7, 0x20, 0xBA, 0x07, 0x74, 0x81, 0x5F, 0x67, 0x60,
  0xD0, 0xE7, 0x7A, 0x03, 0x01, 0x75, 0x0C, 0xB0, 0x27, 0x48, 0x33, 0xCF, 0xD1,
  // "ą" (U+0105), RLE, 24 bytes saved (22.2%)
  0x28, 0x64, 0x9D, 0xEF, 0xD9, 0x13, 0x06, 0xF0, 0xD0, 0x13, 0x84, 0xC7, 0x31, 0x28, 0xA0, 0x87,
  0x28, 0x1C, 0xFC, 0x72, 0x81, 0xAF, 0xD3, 0x81, 0x6B, 0xDD, 0x82, 0xD0, 0x1C, 0xF9, 0x81, 0xD0,
  0x9A, 0x89, 0x2B, 0x42, 0x11, 0xAF, 0xD0, 0xDF, 0xD5, 0x85, 0xBF, 0xD0, 0xDF, 0xB4, 0x84, 0x2E,
  0xFD, 0x0B, 0xA8, 0x36, 0x12, 0x6D, 0xA8, 0x1D, 0x03, 0xE8, 0x2C, 0x5F, 0xD2, 0x86, 0x3A, 0xEF,
  0xD8, 0x08, 0xA7, 0x18, 0x15, 0xF6, 0x72, 0x0D, 0x0E, 0x73, 0xA0, 0x30, 0x17, 0x10, 0xCB, 0x02,
  0x78, 0x33, 0xCF, 0xD1,
  // "Ć" (U+0106), RLE, 64 bytes saved (41.6%)
  0x71, 0x82, 0xDF, 0xE2, 0x72, 0x08, 0xA0, 0x47, 0x20, 0x3A, 0x05, 0x73, 0x81, 0xDE, 0x47, 0x77,
  0x28, 0x71, 0x7C, 0xEF, 0xED, 0x94, 0x40, 0x6F, 0xA0, 0x32, 0x07, 0xA8, 0x6E, 0x73, 0x12, 0x5B,
  0xB2, 0x03, 0xA0, 0xC0, 0x17, 0x20, 0xBA, 0x02, 0x72, 0x01, 0xA0, 0xA7, 0x30, 0x5A, 0x05, 0x73,
  0x07, 0xA0, 0x37, 0x30, 0x8A, 0x02, 0x73, 0x07, 0xA0, 0x37, 0x30, 0x5A, 0x05, 0x73, 0x02, 0xA0,
  0x97, 0x48, 0x2D, 0xFE, 0x17, 0x30, 0x5A, 0x0B, 0x74, 0x0A, 0xA8, 0x6D, 0x62, 0x12, 0x37, 0x84,
  0x09, 0xF9, 0x0C, 0x58, 0x73, 0x9D, 0xEF, 0xED, 0xA5, 0x10,
  // "ć" (U+0107), RLE, 28 bytes saved (31.1%)
  0x68, 0x2D, 0xFE, 0x25, 0x08, 0xA0, 0x45, 0x03, 0xA0, 0x56, 0x81, 0xDE, 0x47, 0x72, 0x89, 0x06,
  0xBE, 0xFD, 0xB6, 0x01, 0xCE, 0x81, 0xA0, 0xBA, 0x85, 0x82, 0x13, 0x84, 0x3A, 0x08, 0x60, 0x8A,
  0x01, 0x68, 0x1A, 0xFE, 0x78, 0x1B, 0xFD, 0x78, 0x1A, 0xFE, 0x70, 0x8A, 0x01, 0x60, 0x4A, 0x08,
  0x70, 0xCA, 0x87, 0x82, 0x12, 0x68, 0x02, 0xDE, 0x0A, 0x38, 0x57, 0xCE, 0xFE, 0xA4,
  // "Ĉ" (U+0108), RLE, 58 bytes saved (37.7%)
  0x60, 0x6A, 0x0E, 0x01, 0x71, 0x84, 0x2E, 0xFE, 0xFB, 0x78, 0x61, 0xDF, 0x81, 0xDF, 0x86, 0x81,
  0xCE, 0x62, 0x82, 0x1A, 0xF6, 0x77, 0x58, 0x71, 0x7C, 0xEF, 0xED, 0x94, 0x40, 0x6F, 0xA0, 0x32,
  0x07, 0xA8, 0x6E, 0x73, 0x12, 0x5B, 0xB2, 0x03, 0xA0, 0xC0, 0x17, 0x20, 0xBA, 0x02, 0x72, 0x01,
  0xA0, 0xA7, 0x30, 0x5A, 0x05, 0x73, 0x07, 0xA0, 0x37, 0x30, 0x8A, 0x02, 0x73, 0x07, 0xA0, 0x37,
  0x30, 0x5A, 0x05, 0x73, 0x02, 0xA0, 0x97, 0x48, 0x2D, 0xFE, 0x17, 0x30, 0x5A, 0x0B, 0x74, 0x0A,
  0xA8, 0x6D, 0x62, 0x12, 0x37, 0x84, 0x09, 0xF9, 0x0C, 0x58, 0x73, 0x9D, 0xEF, 0xED, 0xA5, 0x10,
  // "ĉ" (U+0109), RLE, 25 bytes saved (25.3%)
  0x40, 0x6A, 0x0E, 0x01, 0x58, 0x42, 0xEF, 0xEF, 0xB4, 0x86, 0x1D, 0xF8, 0x1D, 0xF8, 0x38, 0x1C,
  0xE6, 0x28, 0x21, 0xAF, 0x67, 0x78, 0x56, 0xBE, 0xFD, 0xB6, 0x20, 0x10, 0xCE, 0x0A, 0x20, 0xBA,
  0x86, 0x82, 0x13, 0x84, 0x03, 0xA0, 0x87, 0x08, 0xA0, 0x17, 0x81, 0xAF, 0xE7, 0x18, 0x1B, 0xFD,
  0x71, 0x81, 0xAF, 0xE7, 0x10, 0x8A, 0x01, 0x70, 0x4A, 0x08, 0x71, 0x0C, 0xA8, 0x48, 0x21, 0x26,
  0x82, 0x02, 0x0D, 0xE0, 0xA4, 0x85, 0x7C, 0xEF, 0xEA, 0x41,
  // "Ċ" (U+010A), RLE, 69 bytes saved (44.8%)
  0x78, 0x18, 0xD6, 0x74, 0xA0, 0xC7, 0x48, 0x1A, 0xE7, 0x80, 0xC0, 0x08, 0x71, 0x7C, 0xEF, 0xED,
  0x94, 0x40, 0x6F, 0xA0, 0x32, 0x07, 0xA8, 0x6E, 0x73, 0x12, 0x5B, 0xB2, 0x03, 0xA0, 0xC0, 0x17,
  0x20, 0xBA, 0x02, 0x72, 0x01, 0xA0, 0xA7, 0x30, 0x5A, 0x05, 0x73, 0x07, 0xA0, 0x37, 0x30, 0x8A,
  0x02, 0x73, 0x07, 0xA0, 0x37, 0x30, 0x5A, 0x05, 0x73, 0x02, 0xA0, 0x97, 0x48, 0x2D, 0xFE, 0x17,
  0x30, 0x5A, 0x0B, 0x74, 0x0A, 0xA8, 0x6D, 0x62, 0x12, 0x37, 0x84, 0x09, 0xF9, 0x0C, 0x58, 0x73,
  0x9D, 0xEF, 0xED, 0xA5, 0x10,
  // "ċ" (U+010B), RLE, 32 bytes saved (35.6%)
  0x48, 0x18, 0xD6, 0x7A, 0x0C, 0x78, 0x1A, 0xE7, 0x77, 0x75, 0x89, 0x06, 0xBE, 0xFD, 0xB6, 0x01,
  0xCE, 0x81, 0xA0, 0xBA, 0x85, 0x82, 0x13, 0x84, 0x3A, 0x08, 0x60, 0x8A, 0x01, 0x68, 0x1A, 0xFE,
  0x78, 0x1B, 0xFD, 0x78, 0x1A, 0xFE, 0x70, 0x8A, 0x01, 0x60, 0x4A, 0x08, 0x70, 0xCA, 0x87, 0x82,
  0x12, 0x68, 0x02, 0xDE, 0x0A, 0x38, 0x57, 0xCE, 0xFE, 0xA4,
  // "Č" (U+010C), RLE, 59 bytes saved (38.3%)
  0x48, 0x1D, 0xE5, 0x38, 0x1A, 0xF7, 0x58, 0x61, 0xDF, 0x71, 0xCF, 0x97, 0x84, 0x3E, 0xFE, 0xFB,
  0x72, 0x06, 0xA0, 0xE0, 0x17, 0x77, 0x87, 0x17, 0xCE, 0xFE, 0xD9, 0x44, 0x06, 0xFA, 0x03, 0x20,
  0x7A, 0x86, 0xE7, 0x31, 0x25, 0xBB, 0x20, 0x3A, 0x0C, 0x01, 0x72, 0x0B, 0xA0, 0x27, 0x20, 0x1A,
  0x0A, 0x73, 0x05, 0xA0, 0x57, 0x30, 0x7A, 0x03, 0x73, 0x08, 0xA0, 0x27, 0x30, 0x7A, 0x03, 0x73,
  0x05, 0xA0, 0x57, 0x30, 0x2A, 0x09, 0x74, 0x82, 0xDF, 0xE1, 0x73, 0x05, 0xA0, 0xB7, 0x40, 0xAA,
  0x86, 0xD6, 0x21, 0x23, 0x78, 0x40, 0x9F, 0x90, 0xC5, 0x87, 0x39, 0xDE, 0xFE, 0xDA, 0x51,
  // "č" (U+010D), RLE, 25 bytes saved (25.3%)
  0x28, 0x1D, 0xE5, 0x38, 0x1A, 0xF7, 0x28, 0x61, 0xDF, 0x71, 0xCF, 0x94, 0x84, 0x3E, 0xFE, 0xFB,
  0x60, 0x6A, 0x0E, 0x01, 0x77, 0x28, 0x56, 0xBE, 0xFD, 0xB6, 0x20, 0x10, 0xCE, 0x0A, 0x20, 0xBA,
  0x86, 0x82, 0x13, 0x84, 0x03, 0xA0, 0x87, 0x08, 0xA0, 0x17, 0x81, 0xAF, 0xE7, 0x18, 0x1B, 0xFD,
  0x71, 0x81, 0xAF, 0xE7, 0x10, 0x8A, 0x01, 0x70, 0x4A, 0x08, 0x71, 0x0C, 0xA8, 0x48, 0x21, 0x26,
  0x82, 0x02, 0x0D, 0xE0, 0xA4, 0x85, 0x7C, 0xEF, 0xEA, 0x41,
  // "Ď" (U+010E), RLE, 45 bytes saved (27.3%)
  0x28, 0x1D, 0xE5, 0x38, 0x1A, 0xF7, 0x68, 0x61, 0xDF, 0x71, 0xCF, 0x97, 0x18, 0x43, 0xEF, 0xEF,
  0xB7, 0x30, 0x6A, 0x0E, 0x01, 0x77, 0x70, 0xBD, 0x82, 0xEC, 0x94, 0x50, 0xBF, 0xA0, 0xC0, 0x23,
  0x87, 0xBF, 0xD1, 0x11, 0x25, 0xBA, 0x0E, 0x02, 0x28, 0x1B, 0xFD, 0x60, 0x5A, 0x0D, 0x28, 0x1B,
  0xFD, 0x70, 0x7A, 0x83, 0x60, 0xBF, 0xD7, 0x18, 0x5E, 0xFC, 0x0B, 0xFD, 0x71, 0x0B, 0xA1, 0x81,
  0xBF, 0xD7, 0x10, 0x9A, 0x82, 0x1B, 0xFD, 0x71, 0x09, 0xA8, 0x22, 0xBF, 0xD7, 0x10, 0x9A, 0x82,
  0x1B, 0xFD, 0x71, 0x85, 0xCF, 0xE0, 0xBF, 0xD7, 0x01, 0xA8, 0x3B, 0x0B, 0xFD, 0x70, 0x9A, 0x83,
  0x50, 0xBF, 0xD6, 0x07, 0xA0, 0xC2, 0x87, 0xBF, 0xD1, 0x11, 0x36, 0xCA, 0x0E, 0x02, 0x20, 0xBF,
  0xA0, 0xB0, 0x13, 0x0B, 0xD8, 0x2E, 0xC8, 0x35,
  // "ď" (U+010F), RLE, 37 bytes saved (25.7%)
  0x72, 0x85, 0xAF, 0xD0, 0x8F, 0xD7, 0x28, 0x5A, 0xFD, 0x0A, 0xF7, 0x72, 0x85, 0xAF, 0xD0, 0xDE,
  0x17, 0x28, 0x4A, 0xFD, 0x2F, 0x77, 0x38, 0x1A, 0xFD, 0x68, 0x90, 0x19, 0xDF, 0xD9, 0x19, 0xFD,
  0x50, 0x30, 0xED, 0x82, 0xDA, 0xFD, 0x50, 0xDA, 0x83, 0x72, 0x15, 0xDA, 0x0D, 0x40, 0x4A, 0x09,
  0x40, 0x2A, 0x0D, 0x40, 0x8A, 0x02, 0x58, 0x1C, 0xFD, 0x40, 0xAA, 0x68, 0x19, 0xFD, 0x48, 0x1B,
  0xFD, 0x68, 0x18, 0xFD, 0x48, 0x1A, 0xFE, 0x68, 0x19, 0xFD, 0x40, 0x8A, 0x01, 0x58, 0x1B, 0xFD,
  0x40, 0x5A, 0x08, 0x40, 0x2A, 0x0D, 0x50, 0xDA, 0x83, 0x72, 0x14, 0xDA, 0x0D, 0x50, 0x30, 0xED,
  0x82, 0xD8, 0xFD, 0x68, 0x90, 0x29, 0xEF, 0xD9, 0x13, 0xFD, 0x40,
  // "Đ" (U+0110), RLE, 49 bytes saved (33.8%)
  0x20, 0x9D, 0x82, 0xEC, 0x94, 0x70, 0x9F, 0xA0, 0xC0, 0x25, 0x09, 0xA0, 0xF1, 0x81, 0x25, 0xBA,
  0x0E, 0x02, 0x40, 0x9A, 0x60, 0x5A, 0x0D, 0x40, 0x9A, 0x70, 0x7A, 0x06, 0x30, 0x9A, 0x71, 0x81,
  0xEF, 0xC3, 0x09, 0xA7, 0x10, 0xBA, 0x20, 0x10, 0x9A, 0x80, 0x01, 0x40, 0x9A, 0x01, 0x05, 0xF0,
  0xC4, 0x09, 0xA0, 0x20, 0x5F, 0x0C, 0x40, 0x9A, 0x01, 0x20, 0x9A, 0x71, 0x81, 0xCF, 0xE3, 0x09,
  0xA7, 0x01, 0xA0, 0xB3, 0x09, 0xA7, 0x09, 0xA0, 0x53, 0x09, 0xA6, 0x07, 0xA0, 0xC4, 0x09, 0xA0,
  0xF1, 0x81, 0x36, 0xCA, 0x0D, 0x01, 0x40, 0x9F, 0xA0, 0xB0, 0x15, 0x09, 0xD8, 0x2E, 0xB8, 0x25,
  // "đ" (U+0111), RLE, 25 bytes saved (19.8%)
  0x72, 0x81, 0xAF, 0xD7, 0x80, 0x01, 0x82, 0xAF, 0xD1, 0x50, 0x5F, 0x90, 0xB4, 0x05, 0xF9, 0x0B,
  0x72, 0x81, 0xAF, 0xD4, 0x89, 0x02, 0x9D, 0xFD, 0x91, 0x9F, 0xD3, 0x03, 0x0E, 0xD8, 0x2D, 0xAF,
  0xD3, 0x0D, 0xA8, 0x37, 0x21, 0x5D, 0xA0, 0xD2, 0x04, 0xA0, 0x94, 0x02, 0xA0, 0xD2, 0x08, 0xA0,
  0x25, 0x81, 0xCF, 0xD2, 0x0A, 0xA6, 0x81, 0x9F, 0xD2, 0x81, 0xBF, 0xD6, 0x81, 0x8F, 0xD2, 0x81,
  0xAF, 0xE6, 0x81, 0x9F, 0xD2, 0x08, 0xA0, 0x15, 0x81, 0xBF, 0xD2, 0x05, 0xA0, 0x84, 0x01, 0xA0,
  0xD3, 0x0D, 0xA8, 0x37, 0x21, 0x4C, 0xA0, 0xD3, 0x03, 0x0E, 0xD8, 0x2D, 0x8F, 0xD4, 0x89, 0x02,
  0x9E, 0xFD, 0x81, 0x3F, 0xD2,
  // "Ē" (U+0112), RLE, 42 bytes saved (40.0%)
  0x28, 0x03, 0x13, 0xF0, 0x52, 0xF0, 0x57, 0x30, 0xBF, 0x90, 0xE0, 0xBF, 0x98, 0x2E, 0xBF, 0xD8,
  0x03, 0x18, 0x1B, 0xFD, 0x78, 0x1B, 0xFD, 0x78, 0x1B, 0xFD, 0x78, 0x1B, 0xFD, 0x70, 0xBF, 0x90,
  0x70, 0xBF, 0x98, 0x27, 0xBF, 0xD8, 0x02, 0x11, 0x81, 0xBF, 0xD7, 0x81, 0xBF, 0xD7, 0x81, 0xBF,
  0xD7, 0x81, 0xBF, 0xD7, 0x81, 0xBF, 0xD8, 0x03, 0x10, 0xBF, 0x90, 0xE0, 0xBF, 0x90, 0xE0,
  // "ē" (U+0113), RLE, 35 bytes saved (34.3%)
  0x28, 0x03, 0x15, 0xF0, 0x54, 0xF0, 0x57, 0x73, 0x85, 0x6C, 0xEE, 0xD8, 0x13, 0x01, 0x0B, 0xE0,
  0xD0, 0x22, 0x0A, 0xA8, 0x77, 0x22, 0x6E, 0xFC, 0x02, 0xA0, 0x64, 0x05, 0xA0, 0x30, 0x7A, 0x80,
  0x11, 0x02, 0xA0, 0x60, 0xAF, 0xB0, 0x80, 0xBF, 0xB8, 0x28, 0xAF, 0xE7, 0x20, 0x8A, 0x02, 0x71,
  0x03, 0xA0, 0xA7, 0x20, 0xAA, 0x85, 0xA4, 0x11, 0x37, 0xB3, 0x0B, 0xF0, 0xE4, 0x86, 0x5A, 0xDF,
  0xED, 0x94, 0x10,
  // "Ĕ" (U+0114), RLE, 36 bytes saved (32.7%)
  0x10, 0x70, 0x44, 0x05, 0x06, 0x28, 0x6C, 0xD3, 0x11, 0x5E, 0xA2, 0x05, 0xE0, 0x23, 0x84, 0x4C,
  0xEE, 0xB2, 0x75, 0x0B, 0xF9, 0x0E, 0x0B, 0xF9, 0x82, 0xEB, 0xFD, 0x80, 0x31, 0x81, 0xBF, 0xD7,
  0x81, 0xBF, 0xD7, 0x81, 0xBF, 0xD7, 0x81, 0xBF, 0xD7, 0x0B, 0xF9, 0x07, 0x0B, 0xF9, 0x82, 0x7B,
  0xFD, 0x80, 0x21, 0x18, 0x1B, 0xFD, 0x78, 0x1B, 0xFD, 0x78, 0x1B, 0xFD, 0x78, 0x1B, 0xFD, 0x78,
  0x1B, 0xFD, 0x80, 0x31, 0x0B, 0xF9, 0x0E, 0x0B, 0xF9, 0x0E,
  // "ĕ" (U+0115), RLE, 30 bytes saved (27.8%)
  0x20, 0x70, 0x44, 0x05, 0x06, 0x48, 0x6C, 0xD3, 0x11, 0x5E, 0xA4, 0x05, 0xE0, 0x25, 0x84, 0x4C,
  0xEE, 0xB2, 0x77, 0x48, 0x56, 0xCE, 0xED, 0x81, 0x30, 0x10, 0xBE, 0x0D, 0x02, 0x20, 0xAA, 0x87,
  0x72, 0x26, 0xEF, 0xC0, 0x2A, 0x06, 0x40, 0x5A, 0x03, 0x07, 0xA8, 0x01, 0x10, 0x2A, 0x06, 0x0A,
  0xFB, 0x08, 0x0B, 0xFB, 0x82, 0x8A, 0xFE, 0x72, 0x08, 0xA0, 0x27, 0x10, 0x3A, 0x0A, 0x72, 0x0A,
  0xA8, 0x5A, 0x41, 0x13, 0x7B, 0x30, 0xBF, 0x0E, 0x48, 0x65, 0xAD, 0xFE, 0xD9, 0x41,
  // "Ė" (U+0116), RLE, 45 bytes saved (40.9%)
  0x48, 0x18, 0xD6, 0x7A, 0x0C, 0x78, 0x1A, 0xE7, 0x77, 0x72, 0x0B, 0xF9, 0x0E, 0x0B, 0xF9, 0x82,
  0xEB, 0xFD, 0x80, 0x31, 0x81, 0xBF, 0xD7, 0x81, 0xBF, 0xD7, 0x81, 0xBF, 0xD7, 0x81, 0xBF, 0xD7,
  0x0B, 0xF9, 0x07, 0x0B, 0xF9, 0x82, 0x7B, 0xFD, 0x80, 0x21, 0x18, 0x1B, 0xFD, 0x78, 0x1B, 0xFD,
  0x78, 0x1B, 0xFD, 0x78, 0x1B, 0xFD, 0x78, 0x1B, 0xFD, 0x80, 0x31, 0x0B, 0xF9, 0x0E, 0x0B, 0xF9,
  0x0E,
  // "ė" (U+0117), RLE, 38 bytes saved (35.2%)
  0x58, 0x18, 0xD6, 0x72, 0xA0, 0xC7, 0x28, 0x1A, 0xE7, 0x77, 0x77, 0x38, 0x56, 0xCE, 0xED, 0x81,
  0x30, 0x10, 0xBE, 0x0D, 0x02, 0x20, 0xAA, 0x87, 0x72, 0x26, 0xEF, 0xC0, 0x2A, 0x06, 0x40, 0x5A,
  0x03, 0x07, 0xA8, 0x01, 0x10, 0x2A, 0x06, 0x0A, 0xFB, 0x08, 0x0B, 0xFB, 0x82, 0x8A, 0xFE, 0x72,
  0x08, 0xA0, 0x27, 0x10, 0x3A, 0x0A, 0x72, 0x0A, 0xA8, 0x5A, 0x41, 0x13, 0x7B, 0x30, 0xBF, 0x0E,
  0x48, 0x65, 0xAD, 0xFE, 0xD9, 0x41,
  // "Ę" (U+0118), RLE, 43 bytes saved (35.5%)
  0x0B, 0xF9, 0x81, 0xE0, 0xBF, 0x98, 0x3E, 0x0B, 0xFD, 0x80, 0x31, 0x18, 0x1B, 0xFD, 0x71, 0x81,
  0xBF, 0xD7, 0x18, 0x1B, 0xFD, 0x71, 0x81, 0xBF, 0xD7, 0x10, 0xBF, 0x98, 0x17, 0x0B, 0xF9, 0x83,
  0x70, 0xBF, 0xD8, 0x02, 0x12, 0x81, 0xBF, 0xD7, 0x18, 0x1B, 0xFD, 0x71, 0x81, 0xBF, 0xD7, 0x18,
  0x1B, 0xFD, 0x71, 0x81, 0xBF, 0xD8, 0x03, 0x11, 0x0B, 0xF9, 0x81, 0xE0, 0xBF, 0xA7, 0x81, 0x5F,
  0x67, 0x10, 0xD0, 0xE7, 0x2A, 0x03, 0x01, 0x70, 0xCB, 0x02, 0x68, 0x33, 0xCF, 0xD1,
  // "ę" (U+0119), RLE, 34 bytes saved (29.8%)
  0x38, 0x46, 0xCE, 0xEC, 0x74, 0x01, 0x0B, 0xE0, 0xB3, 0x0A, 0xA8, 0x29, 0x31, 0x7A, 0x81, 0x90,
  0x2A, 0x0A, 0x40, 0x9A, 0x01, 0x07, 0xA0, 0x34, 0x03, 0xA0, 0x50, 0xAA, 0x80, 0x21, 0xA0, 0x70,
  0xBF, 0xB0, 0x80, 0xAF, 0xB8, 0x28, 0x8F, 0xE7, 0x20, 0x3A, 0x05, 0x72, 0x0A, 0xA8, 0x58, 0x31,
  0x12, 0x58, 0x30, 0xBF, 0x0E, 0x48, 0x35, 0xAD, 0xFE, 0xA0, 0x87, 0x18, 0x13, 0xF8, 0x72, 0x00,
  0xD7, 0x28, 0x15, 0xF8, 0x72, 0x83, 0x6F, 0xB1, 0x27, 0x02, 0xB0, 0xB7, 0x18, 0x26, 0xDF, 0x91,
  // "Ě" (U+011A), RLE, 34 bytes saved (30.9%)
  0x18, 0x1D, 0xE5, 0x38, 0x92, 0xAF, 0x70, 0x1D, 0xF7, 0x1C, 0xF9, 0x38, 0x43, 0xEF, 0xEF, 0xB5,
  0x06, 0xA0, 0xE0, 0x17, 0x50, 0xBF, 0x90, 0xE0, 0xBF, 0x98, 0x2E, 0xBF, 0xD8, 0x03, 0x18, 0x1B,
  0xFD, 0x78, 0x1B, 0xFD, 0x78, 0x1B, 0xFD, 0x78, 0x1B, 0xFD, 0x70, 0xBF, 0x90, 0x70, 0xBF, 0x98,
  0x27, 0xBF, 0xD8, 0x02, 0x11, 0x81, 0xBF, 0xD7, 0x81, 0xBF, 0xD7, 0x81, 0xBF, 0xD7, 0x81, 0xBF,
  0xD7, 0x81, 0xBF, 0xD8, 0x03, 0x10, 0xBF, 0x90, 0xE0, 0xBF, 0x90, 0xE0,
  // "ě" (U+011B), RLE, 28 bytes saved (25.9%)
  0x28, 0x1D, 0xE5, 0x38, 0x1A, 0xF7, 0x38, 0x61, 0xDF, 0x71, 0xCF, 0x95, 0x84, 0x3E, 0xFE, 0xFB,
  0x70, 0x6A, 0x0E, 0x01, 0x77, 0x48, 0x56, 0xCE, 0xED, 0x81, 0x30, 0x10, 0xBE, 0x0D, 0x02, 0x20,
  0xAA, 0x87, 0x72, 0x26, 0xEF, 0xC0, 0x2A, 0x06, 0x40, 0x5A, 0x03, 0x07, 0xA8, 0x01, 0x10, 0x2A,
  0x06, 0x0A, 0xFB, 0x08, 0x0B, 0xFB, 0x82, 0x8A, 0xFE, 0x72, 0x08, 0xA0, 0x27, 0x10, 0x3A, 0x0A,
  0x72, 0x0A, 0xA8, 0x5A, 0x41, 0x13, 0x7B, 0x30, 0xBF, 0x0E, 0x48, 0x65, 0xAD, 0xFE, 0xD9, 0x41,
  // "Ĝ" (U+011C), RLE, 49 bytes saved (29.7%)
  0x60, 0x6A, 0x0E, 0x01, 0x72, 0x84, 0x2E, 0xFE, 0xFB, 0x71, 0x86, 0x1D, 0xF8, 0x1D, 0xF8, 0x78,
  0x1C, 0xE6, 0x28, 0x21, 0xAF, 0x67, 0x77, 0x18, 0x75, 0xAD, 0xEF, 0xEC, 0x94, 0x40, 0x30, 0xDF,
  0xA0, 0x32, 0x05, 0xB8, 0x69, 0x42, 0x12, 0x5A, 0xB2, 0x83, 0x2E, 0xFE, 0x37, 0x30, 0xBA, 0x03,
  0x73, 0x02, 0xA0, 0xA7, 0x40, 0x5A, 0x05, 0x74, 0x07, 0xA0, 0x35, 0x80, 0x11, 0x10, 0x8A, 0x02,
  0x40, 0x8D, 0x09, 0x07, 0xA0, 0x34, 0x08, 0xD0, 0x90, 0x6A, 0x05, 0x71, 0x82, 0xEF, 0x92, 0xA0,
  0x97, 0x18, 0x3E, 0xF9, 0x0D, 0xA0, 0x27, 0x83, 0xEF, 0x90, 0x5A, 0x0C, 0x01, 0x68, 0x1E, 0xF9,
  0x20, 0x9A, 0x89, 0x0E, 0x83, 0x21, 0x25, 0xEF, 0x93, 0x08, 0xFB, 0x09, 0x48, 0x22, 0x8C, 0xEA,
  0x83, 0xEC, 0xA6, 0x20,
  // "ĝ" (U+011D), RLE, 22 bytes saved (15.3%)
  0x40, 0x6A, 0x0E, 0x01, 0x68, 0x42, 0xEF, 0xEF, 0xB5, 0x86, 0x1D, 0xF8, 0x1D, 0xF8, 0x48, 0x1C,
  0xE6, 0x28, 0x21, 0xAF, 0x67, 0x71, 0x89, 0x31, 0x9D, 0xFD, 0x91, 0x3F, 0xD0, 0x2E, 0xD8, 0x4E,
  0x8F, 0xD0, 0xCA, 0x83, 0x72, 0x15, 0xDA, 0x0D, 0x04, 0xA0, 0x84, 0x02, 0xA0, 0xD0, 0x8A, 0x02,
  0x58, 0x4B, 0xFD, 0xAF, 0xE6, 0x84, 0x9F, 0xDB, 0xFD, 0x68, 0x48, 0xFD, 0xAF, 0xE6, 0x82, 0x8F,
  0xD8, 0xA0, 0x15, 0x82, 0xAF, 0xD4, 0xA0, 0x74, 0x84, 0x1E, 0xFD, 0x0D, 0xA8, 0x37, 0x22, 0x5D,
  0xA8, 0x2D, 0x03, 0xED, 0x82, 0xDA, 0xFD, 0x28, 0x90, 0x29, 0xEF, 0xD9, 0x19, 0xFD, 0x72, 0x81,
  0xAF, 0xD7, 0x28, 0x1C, 0xFC, 0x71, 0x03, 0xA8, 0x90, 0x90, 0xC9, 0x52, 0x12, 0x6E, 0xA8, 0x12,
  0x0C, 0xF9, 0x06, 0x28, 0x23, 0x8C, 0xDA, 0x81, 0xD9, 0x32,
  // "Ğ" (U+011E), RLE, 52 bytes saved (31.5%)
  0x50, 0x70, 0x44, 0x05, 0x06, 0x78, 0x6C, 0xD3, 0x11, 0x5E, 0xA7, 0x05, 0xE0, 0x27, 0x18, 0x44,
  0xCE, 0xEB, 0x27, 0x77, 0x28, 0x75, 0xAD, 0xEF, 0xEC, 0x94, 0x40, 0x30, 0xDF, 0xA0, 0x32, 0x05,
  0xB8, 0x69, 0x42, 0x12, 0x5A, 0xB2, 0x83, 0x2E, 0xFE, 0x37, 0x30, 0xBA, 0x03, 0x73, 0x02, 0xA0,
  0xA7, 0x40, 0x5A, 0x05, 0x74, 0x07, 0xA0, 0x35, 0x80, 0x11, 0x10, 0x8A, 0x02, 0x40, 0x8D, 0x09,
  0x07, 0xA0, 0x34, 0x08, 0xD0, 0x90, 0x6A, 0x05, 0x71, 0x82, 0xEF, 0x92, 0xA0, 0x97, 0x18, 0x3E,
  0xF9, 0x0D, 0xA0, 0x27, 0x83, 0xEF, 0x90, 0x5A, 0x0C, 0x01, 0x68, 0x1E, 0xF9, 0x20, 0x9A, 0x89,
  0x0E, 0x83, 0x21, 0x25, 0xEF, 0x93, 0x08, 0xFB, 0x09, 0x48, 0x22, 0x8C, 0xEA, 0x83, 0xEC, 0xA6,
  0x20,
  // "ğ" (U+011F), RLE, 24 bytes saved (16.7%)
  0x20, 0x70, 0x44, 0x05, 0x06, 0x48, 0x6C, 0xD3, 0x11, 0x5E, 0xA4, 0x05, 0xE0, 0x25, 0x84, 0x4C,
  0xEE, 0xB2, 0x77, 0x38, 0x93, 0x19, 0xDF, 0xD9, 0x13, 0xFD, 0x02, 0xED, 0x84, 0xE8, 0xFD, 0x0C,
  0xA8, 0x37, 0x21, 0x5D, 0xA0, 0xD0, 0x4A, 0x08, 0x40, 0x2A, 0x0D, 0x08, 0xA0, 0x25, 0x84, 0xBF,
  0xDA, 0xFE, 0x68, 0x49, 0xFD, 0xBF, 0xD6, 0x84, 0x8F, 0xDA, 0xFE, 0x68, 0x28, 0xFD, 0x8A, 0x01,
  0x58, 0x2A, 0xFD, 0x4A, 0x07, 0x48, 0x41, 0xEF, 0xD0, 0xDA, 0x83, 0x72, 0x25, 0xDA, 0x82, 0xD0,
  0x3E, 0xD8, 0x2D, 0xAF, 0xD2, 0x89, 0x02, 0x9E, 0xFD, 0x91, 0x9F, 0xD7, 0x28, 0x1A, 0xFD, 0x72,
  0x81, 0xCF, 0xC7, 0x10, 0x3A, 0x89, 0x09, 0x0C, 0x95, 0x21, 0x26, 0xEA, 0x81, 0x20, 0xCF, 0x90,
  0x62, 0x82, 0x38, 0xCD, 0xA8, 0x1D, 0x93, 0x20,
  // "Ġ" (U+0120), RLE, 61 bytes saved (37.0%)
  0x78, 0x18, 0xD6, 0x75, 0xA0, 0xC7, 0x58, 0x1A, 0xE7, 0x80, 0xC4, 0x08, 0x75, 0xAD, 0xEF, 0xEC,
  0x94, 0x40, 0x30, 0xDF, 0xA0, 0x32, 0x05, 0xB8, 0x69, 0x42, 0x12, 0x5A, 0xB2, 0x83, 0x2E, 0xFE,
  0x37, 0x30, 0xBA, 0x03, 0x73, 0x02, 0xA0, 0xA7, 0x40, 0x5A, 0x05, 0x74, 0x07, 0xA0, 0x35, 0x80,
  0x11, 0x10, 0x8A, 0x02, 0x40, 0x8D, 0x09, 0x07, 0xA0, 0x34, 0x08, 0xD0, 0x90, 0x6A, 0x05, 0x71,
  0x82, 0xEF, 0x92, 0xA0, 0x97, 0x18, 0x3E, 0xF9, 0x0D, 0xA0, 0x27, 0x83, 0xEF, 0x90, 0x5A, 0x0C,
  0x01, 0x68, 0x1E, 0xF9, 0x20, 0x9A, 0x89, 0x0E, 0x83, 0x21, 0x25, 0xEF, 0x93, 0x08, 0xFB, 0x09,
  0x48, 0x22, 0x8C, 0xEA, 0x83, 0xEC, 0xA6, 0x20,
  // "ġ" (U+0121), RLE, 32 bytes saved (22.2%)
  0x58, 0x18, 0xD6, 0x72, 0xA0, 0xC7, 0x28, 0x1A, 0xE7, 0x77, 0x77, 0x28, 0x93, 0x19, 0xDF, 0xD9,
  0x13, 0xFD, 0x02, 0xED, 0x84, 0xE8, 0xFD, 0x0C, 0xA8, 0x37, 0x21, 0x5D, 0xA0, 0xD0, 0x4A, 0x08,
  0x40, 0x2A, 0x0D, 0x08, 0xA0, 0x25, 0x84, 0xBF, 0xDA, 0xFE, 0x68, 0x49, 0xFD, 0xBF, 0xD6, 0x84,
  0x8F, 0xDA, 0xFE, 0x68, 0x28, 0xFD, 0x8A, 0x01, 0x58, 0x2A, 0xFD, 0x4A, 0x07, 0x48, 0x41, 0xEF,
  0xD0, 0xDA, 0x83, 0x72, 0x25, 0xDA, 0x82, 0xD0, 0x3E, 0xD8, 0x2D, 0xAF, 0xD2, 0x89, 0x02, 0x9E,
  0xFD, 0x91, 0x9F, 0xD7, 0x28, 0x1A, 0xFD, 0x72, 0x81, 0xCF, 0xC7, 0x10, 0x3A, 0x89, 0x09, 0x0C,
  0x95, 0x21, 0x26, 0xEA, 0x81, 0x20, 0xCF, 0x90, 0x62, 0x82, 0x38, 0xCD, 0xA8, 0x1D, 0x93, 0x20,
  // "Ģ" (U+0122), RLE, 66 bytes saved (38.2%)
  0x58, 0x75, 0xAD, 0xEF, 0xEC, 0x94, 0x40, 0x30, 0xDF, 0xA0, 0x32, 0x05, 0xB8, 0x69, 0x42, 0x13,
  0x6C, 0xC2, 0x83, 0x2E, 0xFE, 0x37, 0x01, 0x20, 0xBA, 0x03, 0x73, 0x02, 0xA0, 0xA7, 0x40, 0x5A,
  0x05, 0x74, 0x07, 0xA0, 0x37, 0x40, 0x8A, 0x02, 0x58, 0x01, 0x11, 0x07, 0xA0, 0x34, 0x08, 0xD0,
  0x90, 0x6A, 0x05, 0x40, 0x8D, 0x09, 0x02, 0xA0, 0x97, 0x18, 0x3E, 0xF9, 0x0D, 0xA0, 0x27, 0x83,
  0xEF, 0x90, 0x5A, 0x0C, 0x01, 0x68, 0x1E, 0xF9, 0x20, 0x9A, 0x89, 0x0E, 0x83, 0x21, 0x24, 0xEF,
  0x93, 0x08, 0xFB, 0x09, 0x48, 0x22, 0x8C, 0xEA, 0x83, 0xEC, 0xA6, 0x28, 0x0C, 0x10, 0x04, 0xA0,
  0x27, 0x48, 0x17, 0xFB, 0x75, 0x81, 0xBF, 0x37, 0x59, 0x09, 0x60,
  // "ģ" (U+0123), RLE, 29 bytes saved (20.1%)
  0x60, 0xC0, 0xD7, 0x28, 0x16, 0xF8, 0x72, 0x81, 0xEF, 0x47, 0x10, 0x5A, 0x01, 0x77, 0x48, 0x93,
  0x19, 0xDF, 0xD9, 0x13, 0xFD, 0x02, 0xED, 0x84, 0xE8, 0xFD, 0x0C, 0xA8, 0x37, 0x21, 0x5D, 0xA0,
  0xD0, 0x4A, 0x08, 0x40, 0x2A, 0x0D, 0x08, 0xA0, 0x25, 0x84, 0xBF, 0xDA, 0xFE, 0x68, 0x49, 0xFD,
  0xBF, 0xD6, 0x84, 0x8F, 0xDA, 0xFE, 0x68, 0x28, 0xFD, 0x8A, 0x01, 0x58, 0x2A, 0xFD, 0x4A, 0x07,
  0x48, 0x41, 0xEF, 0xD0, 0xDA, 0x83, 0x72, 0x25, 0xDA, 0x82, 0xD0, 0x3E, 0xD8, 0x2D, 0xAF, 0xD2,
  0x89, 0x02, 0x9E, 0xFD, 0x91, 0x9F, 0xD7, 0x28, 0x1A, 0xFD, 0x72, 0x81, 0xCF, 0xC7, 0x10, 0x3A,
  0x89, 0x09, 0x0C, 0x95, 0x21, 0x26, 0xEA, 0x81, 0x20, 0xCF, 0x90, 0x62, 0x82, 0x38, 0xCD, 0xA8,
  0x1D, 0x93, 0x20,
  // "Ĥ" (U+0124), RLE, 48 bytes saved (31.2%)
  0x50, 0x6A, 0x0E, 0x01, 0x71, 0x84, 0x2E, 0xFE, 0xFB, 0x78, 0x61, 0xDF, 0x81, 0xDF, 0x86, 0x81,
  0xCE, 0x62, 0x82, 0x1A, 0xF6, 0x77, 0x28, 0x1B, 0xFD, 0x71, 0x84, 0xEF, 0x9B, 0xFD, 0x71, 0x84,
  0xEF, 0x9B, 0xFD, 0x71, 0x84, 0xEF, 0x9B, 0xFD, 0x71, 0x84, 0xEF, 0x9B, 0xFD, 0x71, 0x84, 0xEF,
  0x9B, 0xFD, 0x71, 0x84, 0xEF, 0x9B, 0xFD, 0x71, 0x82, 0xEF, 0x9B, 0xFD, 0x09, 0x0B, 0xFD, 0x82,
  0x9B, 0xFD, 0x80, 0x41, 0x84, 0xEF, 0x9B, 0xFD, 0x71, 0x84, 0xEF, 0x9B, 0xFD, 0x71, 0x84, 0xEF,
  0x9B, 0xFD, 0x71, 0x84, 0xEF, 0x9B, 0xFD, 0x71, 0x84, 0xEF, 0x9B, 0xFD, 0x71, 0x84, 0xEF, 0x9B,
  0xFD, 0x71, 0x84, 0xEF, 0x9B, 0xFD, 0x71, 0x81, 0xEF, 0x90,
  // "ĥ" (U+0125), RLE, 71 bytes saved (41.0%)
  0x20, 0x6A, 0x0E, 0x01, 0x72, 0x84, 0x2E, 0xFE, 0xFB, 0x71, 0x86, 0x1D, 0xF8, 0x1D, 0xF8, 0x78,
  0x1C, 0xE6, 0x28, 0x21, 0xAF, 0x67, 0x77, 0x3A, 0x08, 0x75, 0xA0, 0x87, 0x5A, 0x08, 0x75, 0xA0,
  0x87, 0x5A, 0x08, 0x75, 0xA8, 0x67, 0x19, 0xDF, 0xEA, 0x35, 0xA0, 0x80, 0xEE, 0x04, 0x4B, 0x83,
  0xD5, 0x12, 0x7A, 0x0D, 0x4B, 0x03, 0x40, 0x9A, 0x01, 0x3A, 0x0C, 0x50, 0x6A, 0x02, 0x3A, 0x09,
  0x50, 0x4A, 0x03, 0x3A, 0x08, 0x50, 0x4A, 0x03, 0x3A, 0x08, 0x50, 0x4A, 0x03, 0x3A, 0x08, 0x50,
  0x4A, 0x03, 0x3A, 0x08, 0x50, 0x4A, 0x03, 0x3A, 0x08, 0x50, 0x4A, 0x03, 0x3A, 0x08, 0x50, 0x4A,
  0x03, 0x3A, 0x08, 0x50, 0x4A, 0x03,
  // "Ħ" (U+0126), RLE, 52 bytes saved (34.0%)
  0x28, 0x1B, 0xFD, 0x71, 0x81, 0xEF, 0x94, 0x81, 0xBF, 0xD7, 0x18, 0x1E, 0xF9, 0x28, 0x31, 0x1B,
  0xFD, 0x80, 0x41, 0x83, 0xEF, 0xA1, 0x1F, 0xFB, 0x0E, 0xFF, 0xB0, 0xE2, 0x81, 0xBF, 0xD7, 0x18,
  0x1E, 0xF9, 0x48, 0x1B, 0xFD, 0x71, 0x81, 0xEF, 0x94, 0x0B, 0xFD, 0x09, 0x40, 0xBF, 0xD0, 0x94,
  0x81, 0xBF, 0xD8, 0x04, 0x18, 0x1E, 0xF9, 0x48, 0x1B, 0xFD, 0x71, 0x81, 0xEF, 0x94, 0x81, 0xBF,
  0xD7, 0x18, 0x1E, 0xF9, 0x48, 0x1B, 0xFD, 0x71, 0x81, 0xEF, 0x94, 0x81, 0xBF, 0xD7, 0x18, 0x1E,
  0xF9, 0x48, 0x1B, 0xFD, 0x71, 0x81, 0xEF, 0x94, 0x81, 0xBF, 0xD7, 0x18, 0x1E, 0xF9, 0x48, 0x1B,
  0xFD, 0x71, 0x81, 0xEF, 0x92,
  // "ħ" (U+0127), RLE, 42 bytes saved (33.3%)
  0x2A, 0x08, 0x72, 0x00, 0x1A, 0x08, 0x80, 0x01, 0x50, 0xCF, 0x90, 0x34, 0x0C, 0xF9, 0x03, 0x6A,
  0x08, 0x74, 0xA8, 0x68, 0x19, 0xDF, 0xEA, 0x34, 0xA0, 0x90, 0xEE, 0x04, 0x3B, 0x83, 0xD5, 0x12,
  0x7A, 0x0C, 0x3B, 0x03, 0x40, 0xAA, 0x01, 0x2A, 0x0C, 0x50, 0x6A, 0x02, 0x2A, 0x09, 0x50, 0x4A,
  0x03, 0x2A, 0x08, 0x50, 0x4A, 0x03, 0x2A, 0x08, 0x50, 0x4A, 0x03, 0x2A, 0x08, 0x50, 0x4A, 0x03,
  0x2A, 0x08, 0x50, 0x4A, 0x03, 0x2A, 0x08, 0x50, 0x4A, 0x03, 0x2A, 0x08, 0x50, 0x4A, 0x03, 0x2A,
  0x08, 0x50, 0x4A, 0x03,
  // "Ĩ" (U+0128), RLE, 42 bytes saved (42.4%)
  0x71, 0x89, 0x11, 0x1B, 0xFE, 0xA4, 0x2B, 0xD9, 0xF8, 0x78, 0xEA, 0x12, 0x9D, 0xE9, 0x73, 0x01,
  0xE0, 0x82, 0x0B, 0xC0, 0xD0, 0x53, 0x01, 0xA0, 0x96, 0xA0, 0x86, 0xA0, 0x86, 0xA0, 0x86, 0xA0,
  0x86, 0xA0, 0x86, 0xA0, 0x86, 0xA0, 0x86, 0xA0, 0x86, 0xA0, 0x86, 0xA0, 0x86, 0xA0, 0x86, 0xA0,
  0x84, 0x0A, 0x0E, 0xB8, 0x2C, 0x40, 0x1E, 0x08, 0x10,
  // "ĩ" (U+0129), RLE, 40 bytes saved (49.4%)
  0x71, 0x89, 0x11, 0x1B, 0xFE, 0xA4, 0x2B, 0xD9, 0xF8, 0x78, 0xEA, 0x12, 0x9D, 0xE9, 0x76, 0xA0,
  0x86, 0xA0, 0x86, 0xA0, 0x86, 0xA0, 0x86, 0xA0, 0x86, 0xA0, 0x86, 0xA0, 0x86, 0xA0, 0x86, 0xA0,
  0x86, 0xA0, 0x86, 0xA0, 0x86, 0xA0, 0x86, 0xA0, 0x83,
  // "Ī" (U+012A), RLE, 46 bytes saved (48.4%)
  0x18, 0x03, 0x12, 0xF0, 0x51, 0xF0, 0x57, 0x20, 0x1E, 0x08, 0x20, 0xBC, 0x0D, 0x05, 0x30, 0x1A,
  0x09, 0x6A, 0x08, 0x6A, 0x08, 0x6A, 0x08, 0x6A, 0x08, 0x6A, 0x08, 0x6A, 0x08, 0x6A, 0x08, 0x6A,
  0x08, 0x6A, 0x08, 0x6A, 0x08, 0x6A, 0x08, 0x6A, 0x08, 0x40, 0xA0, 0xEB, 0x82, 0xC4, 0x01, 0xE0,
  0x81,
  // "ī" (U+012B), RLE, 35 bytes saved (51.5%)
  0x80, 0x31, 0x1F, 0x05, 0xF0, 0x57, 0x3A, 0x08, 0x5A, 0x08, 0x5A, 0x08, 0x5A, 0x08, 0x5A, 0x08,
  0x5A, 0x08, 0x5A, 0x08, 0x5A, 0x08, 0x5A, 0x08, 0x5A, 0x08, 0x5A, 0x08, 0x5A, 0x08, 0x5A, 0x08,
  0x30,
  // "Ĭ" (U+012C), RLE, 31 bytes saved (35.2%)
  0x07, 0x04, 0x48, 0x91, 0x56, 0xCD, 0x31, 0x15, 0xEA, 0x5E, 0x86, 0x20, 0x4C, 0xEE, 0xB2, 0x72,
  0x01, 0xE8, 0x18, 0x0B, 0xC0, 0xD0, 0x52, 0x01, 0xA0, 0x95, 0xA0, 0x85, 0xA0, 0x85, 0xA0, 0x85,
  0xA0, 0x85, 0xA0, 0x85, 0xA0, 0x85, 0xA0, 0x85, 0xA0, 0x85, 0xA0, 0x85, 0xA0, 0x85, 0xA0, 0x85,
  0xA0, 0x83, 0x0A, 0x0E, 0xB8, 0x1C, 0x41, 0xE0, 0x80,
  // "ĭ" (U+012D), RLE, 30 bytes saved (41.7%)
  0x07, 0x04, 0x48, 0x91, 0x56, 0xCD, 0x31, 0x15, 0xEA, 0x5E, 0x86, 0x20, 0x4C, 0xEE, 0xB2, 0x75,
  0xA0, 0x85, 0xA0, 0x85, 0xA0, 0x85, 0xA0, 0x85, 0xA0, 0x85, 0xA0, 0x85, 0xA0, 0x85, 0xA0, 0x85,
  0xA0, 0x85, 0xA0, 0x85, 0xA0, 0x85, 0xA0, 0x85, 0xA0, 0x82,
  // "Į" (U+012E), RLE, 32 bytes saved (36.4%)
  0x01, 0xE8, 0x18, 0x0B, 0xC0, 0xD0, 0x52, 0x01, 0xA0, 0x95, 0xA0, 0x85, 0xA0, 0x85, 0xA0, 0x85,
  0xA0, 0x85, 0xA0, 0x85, 0xA0, 0x85, 0xA0, 0x85, 0xA0, 0x85, 0xA0, 0x85, 0xA0, 0x85, 0xA0, 0x85,
  0xA0, 0x83, 0x0A, 0x0E, 0xB8, 0x1C, 0x41, 0xE0, 0x83, 0x81, 0x5F, 0x65, 0x0D, 0x0E, 0x6A, 0x03,
  0x01, 0x40, 0xCB, 0x02, 0x38, 0x33, 0xCF, 0xD1,
  // "į" (U+012F), RLE, 9 bytes saved (15.5%)
  0x18, 0x3B, 0xE5, 0x02, 0xA0, 0xA2, 0x81, 0xAD, 0x47, 0x5A, 0x08, 0x2A, 0x08, 0x2A, 0x08, 0x2A,
  0x08, 0x2A, 0x08, 0x2A, 0x08, 0x2A, 0x08, 0x2A, 0x08, 0x2A, 0x08, 0x2A, 0x08, 0x2A, 0x08, 0x2A,
  0x08, 0x2A, 0x83, 0xB0, 0x5F, 0x62, 0x0D, 0x0E, 0x3A, 0x82, 0x31, 0x0C, 0xB8, 0x42, 0x3C, 0xFD,
  0x10,
  // "İ" (U+0130), RLE, 38 bytes saved (43.2%)
  0x38, 0x18, 0xD6, 0x5A, 0x0C, 0x58, 0x1A, 0xE7, 0x77, 0x40, 0x1E, 0x81, 0x80, 0xBC, 0x0D, 0x05,
  0x20, 0x1A, 0x09, 0x5A, 0x08, 0x5A, 0x08, 0x5A, 0x08, 0x5A, 0x08, 0x5A, 0x08, 0x5A, 0x08, 0x5A,
  0x08, 0x5A, 0x08, 0x5A, 0x08, 0x5A, 0x08, 0x5A, 0x08, 0x5A, 0x08, 0x30, 0xA0, 0xEB, 0x81, 0xC4,
  0x1E, 0x08,
  // "ı" (U+0131), uncompressed
  0xFF, 0x8F, 0xF8, 0xFF, 0x8F, 0xF8, 0xFF, 0x8F, 0xF8, 0xFF, 0x8F, 0xF8, 0xFF, 0x8F, 0xF8, 0xFF,
  0x8F, 0xF8, 0xFF, 0x80,
  // "Ĳ" (U+0132), RLE, 40 bytes saved (27.2%)
  0x01, 0xE0, 0x83, 0x83, 0xCF, 0xC0, 0xBC, 0x0D, 0x05, 0x38, 0x1C, 0xFC, 0x20, 0x1A, 0x09, 0x58,
  0x1C, 0xFC, 0x3A, 0x08, 0x58, 0x1C, 0xFC, 0x3A, 0x08, 0x58, 0x1C, 0xFC, 0x3A, 0x08, 0x58, 0x1C,
  0xFC, 0x3A, 0x08, 0x58, 0x1C, 0xFC, 0x3A, 0x08, 0x58, 0x1C, 0xFC, 0x3A, 0x08, 0x58, 0x1C, 0xFC,
  0x3A, 0x08, 0x58, 0x1C, 0xFC, 0x3A, 0x08, 0x58, 0x1C, 0xFC, 0x3A, 0x08, 0x58, 0x1C, 0xFC, 0x3A,
  0x08, 0x58, 0x1C, 0xFC, 0x3A, 0x08, 0x58, 0x1C, 0xFC, 0x3A, 0x08, 0x58, 0x4C, 0xFC, 0x0A, 0xEB,
  0x0C, 0x04, 0x38, 0x2C, 0xFC, 0x1E, 0x08, 0x38, 0x1D, 0xFB, 0x74, 0x81, 0xEF, 0x97, 0x82, 0x10,
  0x19, 0xA0, 0x57, 0x0D, 0xC0, 0xB7, 0x10, 0xBA, 0x0D, 0x08, 0x20,
  // "ĳ" (U+0133), RLE, 41 bytes saved (31.1%)
  0x18, 0x1B, 0xE5, 0x48, 0x2B, 0xE5, 0x2A, 0x0A, 0x30, 0x2A, 0x83, 0xA0, 0xAD, 0x44, 0x81, 0xAD,
  0x47, 0x77, 0x2A, 0x08, 0x4A, 0x08, 0x1A, 0x08, 0x4A, 0x08, 0x1A, 0x08, 0x4A, 0x08, 0x1A, 0x08,
  0x4A, 0x08, 0x1A, 0x08, 0x4A, 0x08, 0x1A, 0x08, 0x4A, 0x08, 0x1A, 0x08, 0x4A, 0x08, 0x1A, 0x08,
  0x4A, 0x08, 0x1A, 0x08, 0x4A, 0x08, 0x1A, 0x08, 0x4A, 0x08, 0x1A, 0x08, 0x4A, 0x08, 0x1A, 0x08,
  0x4A, 0x08, 0x1A, 0x08, 0x4A, 0x08, 0x71, 0xA0, 0x87, 0x1A, 0x08, 0x70, 0x1A, 0x07, 0x40, 0xF1,
  0x09, 0xA0, 0x44, 0x06, 0xC0, 0xC5, 0x84, 0x4E, 0xFE, 0xA1, 0x10,
  // "Ĵ" (U+0134), RLE, 42 bytes saved (32.3%)
  0x30, 0x6A, 0x0E, 0x01, 0x48, 0x42, 0xEF, 0xEF, 0xB3, 0x86, 0x1D, 0xF8, 0x1D, 0xF8, 0x28, 0x1C,
  0xE6, 0x28, 0x21, 0xAF, 0x67, 0x78, 0x1C, 0xFC, 0x78, 0x1C, 0xFC, 0x78, 0x1C, 0xFC, 0x78, 0x1C,
  0xFC, 0x78, 0x1C, 0xFC, 0x78, 0x1C, 0xFC, 0x78, 0x1C, 0xFC, 0x78, 0x1C, 0xFC, 0x78, 0x1C, 0xFC,
  0x78, 0x1C, 0xFC, 0x78, 0x1C, 0xFC, 0x78, 0x1C, 0xFC, 0x78, 0x1C, 0xFC, 0x78, 0x1C, 0xFC, 0x78,
  0x1C, 0xFC, 0x78, 0x1C, 0xFC, 0x78, 0x1D, 0xFB, 0x78, 0x1E, 0xF9, 0x38, 0x21, 0x01, 0x9A, 0x05,
  0x30, 0xDC, 0x0B, 0x40, 0xBA, 0x0D, 0x08, 0x50,
  // "ĵ" (U+0135), RLE, 53 bytes saved (44.2%)
  0x30, 0x6A, 0x0E, 0x01, 0x48, 0x42, 0xEF, 0xEF, 0xB3, 0x86, 0x1D, 0xF8, 0x1D, 0xF8, 0x28, 0x1C,
  0xE6, 0x28, 0x21, 0xAF, 0x67, 0x7A, 0x08, 0x7A, 0x08, 0x7A, 0x08, 0x7A, 0x08, 0x7A, 0x08, 0x7A,
  0x08, 0x7A, 0x08, 0x7A, 0x08, 0x7A, 0x08, 0x7A, 0x08, 0x7A, 0x08, 0x7A, 0x08, 0x7A, 0x08, 0x7A,
  0x08, 0x7A, 0x08, 0x60, 0x1A, 0x07, 0x30, 0xF1, 0x09, 0xA0, 0x43, 0x06, 0xC0, 0xC4, 0x84, 0x4E,
  0xFE, 0xA1, 0x40,
  // "Ķ" (U+0136), RLE, 38 bytes saved (25.3%)
  0x81, 0xBF, 0xD6, 0x06, 0xA8, 0x28, 0xBF, 0xD5, 0x04, 0xA8, 0x3A, 0x0B, 0xFD, 0x48, 0x23, 0xEF,
  0xB2, 0x81, 0xBF, 0xD3, 0x83, 0x1D, 0xFD, 0x12, 0x81, 0xBF, 0xD3, 0x82, 0xCF, 0xE1, 0x38, 0x1B,
  0xFD, 0x28, 0x2B, 0xFE, 0x34, 0x83, 0xBF, 0xD0, 0x9A, 0x04, 0x58, 0x2B, 0xFD, 0x7A, 0x09, 0x60,
  0xBE, 0x02, 0x50, 0xBA, 0x0E, 0x07, 0xA0, 0xC5, 0x84, 0xBF, 0xE2, 0x08, 0xA0, 0x84, 0x81, 0xBF,
  0xD3, 0x0C, 0xA0, 0x43, 0x81, 0xBF, 0xD3, 0x83, 0x2E, 0xFD, 0x12, 0x81, 0xBF, 0xD4, 0x05, 0xA0,
  0xA2, 0x81, 0xBF, 0xD5, 0x09, 0xA8, 0x36, 0x0B, 0xFD, 0x68, 0x5D, 0xFE, 0x2B, 0xFD, 0x60, 0x3A,
  0x0C, 0x77, 0x77, 0x38, 0x1C, 0xF9, 0x73, 0xA0, 0x37, 0x28, 0x14, 0xFA, 0x73, 0x81, 0x8F, 0x26,
  // "ķ" (U+0137), RLE, 45 bytes saved (34.1%)
  0xA0, 0x87, 0x1A, 0x08, 0x71, 0xA0, 0x87, 0x1A, 0x08, 0x71, 0xA0, 0x87, 0x1A, 0x08, 0x40, 0x7A,
  0x07, 0xA0, 0x83, 0x06, 0xA0, 0x81, 0xA0, 0x82, 0x05, 0xA0, 0x92, 0xA8, 0x17, 0x04, 0xA0, 0xA3,
  0xA8, 0x37, 0x3E, 0xFB, 0x4A, 0x82, 0x8E, 0xFE, 0x5E, 0x06, 0x4B, 0x09, 0x0B, 0xA0, 0x23, 0xA8,
  0x49, 0x01, 0xEF, 0xD3, 0xA0, 0x82, 0x04, 0xA0, 0xA2, 0xA0, 0x83, 0x08, 0xA0, 0x61, 0xA0, 0x84,
  0x82, 0xCF, 0xE2, 0xA0, 0x84, 0x82, 0x2E, 0xFD, 0x77, 0x74, 0x02, 0xA0, 0x47, 0x81, 0x5F, 0xD7,
  0x18, 0x19, 0xF5, 0x71, 0x0D, 0x0B, 0x60,
  // "ĸ" (U+0138), RLE, 9 bytes saved (12.5%)
  0xA0, 0x94, 0x06, 0xA0, 0x7A, 0x09, 0x30, 0x4A, 0x09, 0x1A, 0x09, 0x28, 0x22, 0xEF, 0xB2, 0xA8,
  0x59, 0x01, 0xDF, 0xD1, 0x2A, 0x84, 0x80, 0xCF, 0xE2, 0x3A, 0x08, 0x09, 0xA0, 0x34, 0xA0, 0xDB,
  0x06, 0x4B, 0x0D, 0x0B, 0xA0, 0x33, 0xA8, 0x4C, 0x11, 0xDF, 0xD3, 0xA0, 0x92, 0x03, 0xA0, 0xA2,
  0xA0, 0x93, 0x08, 0xA0, 0x61, 0xA0, 0x94, 0x0C, 0xA0, 0x2A, 0x09, 0x48, 0x21, 0xEF, 0xD0,
  // "Ĺ" (U+0139), RLE, 47 bytes saved (38.8%)
  0x28, 0x2D, 0xFE, 0x26, 0x08, 0xA0, 0x46, 0x03, 0xA0, 0x57, 0x81, 0xDE, 0x47, 0x75, 0x81, 0xBF,
  0xD7, 0x18, 0x1B, 0xFD, 0x71, 0x81, 0xBF, 0xD7, 0x18, 0x1B, 0xFD, 0x71, 0x81, 0xBF, 0xD7, 0x18,
  0x1B, 0xFD, 0x71, 0x81, 0xBF, 0xD7, 0x18, 0x1B, 0xFD, 0x71, 0x81, 0xBF, 0xD7, 0x18, 0x1B, 0xFD,
  0x71, 0x81, 0xBF, 0xD7, 0x18, 0x1B, 0xFD, 0x71, 0x81, 0xBF, 0xD7, 0x18, 0x1B, 0xFD, 0x71, 0x81,
  0xBF, 0xE8, 0x03, 0x31, 0x0B, 0xFA, 0x02, 0x0B, 0xFA, 0x02,
  // "ĺ" (U+013A), RLE, 20 bytes saved (29.0%)
  0x28, 0x4D, 0xFE, 0x20, 0x8A, 0x81, 0x40, 0x3A, 0x05, 0x28, 0x1D, 0xE4, 0x72, 0xA0, 0x83, 0xA0,
  0x83, 0xA0, 0x83, 0xA0, 0x83, 0xA0, 0x83, 0xA0, 0x83, 0xA0, 0x83, 0xA0, 0x83, 0xA0, 0x83, 0xA0,
  0x83, 0xA0, 0x83, 0xA0, 0x83, 0xA0, 0x83, 0xA0, 0x83, 0xA0, 0x83, 0xA0, 0x83, 0xA0, 0x83, 0xA0,
  0x83,
  // "Ļ" (U+013B), RLE, 52 bytes saved (40.9%)
  0x81, 0xBF, 0xD7, 0x18, 0x1B, 0xFD, 0x71, 0x81, 0xBF, 0xD7, 0x18, 0x1B, 0xFD, 0x71, 0x81, 0xBF,
  0xD7, 0x18, 0x1B, 0xFD, 0x71, 0x81, 0xBF, 0xD7, 0x18, 0x1B, 0xFD, 0x71, 0x81, 0xBF, 0xD7, 0x18,
  0x1B, 0xFD, 0x71, 0x81, 0xBF, 0xD7, 0x18, 0x1B, 0xFD, 0x71, 0x81, 0xBF, 0xD7, 0x18, 0x1B, 0xFD,
  0x71, 0x81, 0xBF, 0xE8, 0x03, 0x31, 0x0B, 0xFA, 0x02, 0x0B, 0xFA, 0x02, 0x77, 0x75, 0x81, 0x9F,
  0xC7, 0x18, 0x1C, 0xF7, 0x78, 0x11, 0xFD, 0x71, 0x81, 0x5F, 0x55,
  // "ļ" (U+013C), RLE, 2 bytes saved (4.2%)
  0x1A, 0x08, 0x1A, 0x08, 0x1A, 0x08, 0x1A, 0x08, 0x1A, 0x08, 0x1A, 0x08, 0x1A, 0x08, 0x1A, 0x08,
  0x1A, 0x08, 0x1A, 0x08, 0x1A, 0x08, 0x1A, 0x08, 0x1A, 0x08, 0x1A, 0x08, 0x1A, 0x08, 0x1A, 0x08,
  0x1A, 0x08, 0x1A, 0x08, 0x72, 0x89, 0x49, 0xFD, 0x0C, 0xF7, 0x0F, 0xD0, 0x5F, 0x51,
  // "Ľ" (U+013D), RLE, 27 bytes saved (28.7%)
  0x81, 0xBF, 0xD4, 0x01, 0xA8, 0x24, 0xBF, 0xD4, 0x85, 0x4F, 0xD0, 0xBF, 0xD4, 0x85, 0x7F, 0x60,
  0xBF, 0xD4, 0x0B, 0x0D, 0x28, 0x1B, 0xFD, 0x71, 0x81, 0xBF, 0xD7, 0x18, 0x1B, 0xFD, 0x71, 0x81,
  0xBF, 0xD7, 0x18, 0x1B, 0xFD, 0x71, 0x81, 0xBF, 0xD7, 0x18, 0x1B, 0xFD, 0x71, 0x81, 0xBF, 0xD7,
  0x18, 0x1B, 0xFD, 0x71, 0x81, 0xBF, 0xD7, 0x18, 0x1B, 0xFE, 0x80, 0x33, 0x10, 0xBF, 0xA0, 0x20,
  0xBF, 0xA0, 0x20,
  // "ľ" (U+013E), RLE, 19 bytes saved (30.2%)
  0xA8, 0x38, 0x0D, 0xF9, 0xA0, 0x81, 0xA0, 0x3A, 0x82, 0x83, 0xFB, 0x1A, 0x82, 0x87, 0xF2, 0x1A,
  0x08, 0x4A, 0x08, 0x4A, 0x08, 0x4A, 0x08, 0x4A, 0x08, 0x4A, 0x08, 0x4A, 0x08, 0x4A, 0x08, 0x4A,
  0x08, 0x4A, 0x08, 0x4A, 0x08, 0x4A, 0x08, 0x4A, 0x08, 0x4A, 0x08, 0x40,
  // "Ŀ" (U+013F), RLE, 27 bytes saved (28.7%)
  0x81, 0xBF, 0xD7, 0x18, 0x1B, 0xFD, 0x71, 0x81, 0xBF, 0xD7, 0x18, 0x1B, 0xFD, 0x71, 0x81, 0xBF,
  0xD7, 0x18, 0x1B, 0xFD, 0x71, 0x81, 0xBF, 0xD7, 0x18, 0x1B, 0xFD, 0x38, 0x18, 0xD6, 0x28, 0x1B,
  0xFD, 0x3A, 0x0C, 0x28, 0x1B, 0xFD, 0x38, 0x1A, 0xE7, 0x28, 0x1B, 0xFD, 0x71, 0x81, 0xBF, 0xD7,
  0x18, 0x1B, 0xFD, 0x71, 0x81, 0xBF, 0xD7, 0x18, 0x1B, 0xFE, 0x80, 0x33, 0x10, 0xBF, 0xA0, 0x20,
  0xBF, 0xA0, 0x20,
  // "ŀ" (U+0140), RLE, 14 bytes saved (25.9%)
  0xA0, 0x83, 0xA0, 0x83, 0xA0, 0x83, 0xA0, 0x83, 0xA0, 0x83, 0xA0, 0x83, 0xA0, 0x83, 0xA8, 0x28,
  0x8D, 0x6A, 0x08, 0xA0, 0xCA, 0x82, 0x8A, 0xE7, 0xA0, 0x83, 0xA0, 0x83, 0xA0, 0x83, 0xA0, 0x83,
  0xA0, 0x83, 0xA0, 0x83, 0xA0, 0x83, 0xA0, 0x83,
  // "Ł" (U+0141), RLE, 43 bytes saved (38.7%)
  0x28, 0x1B, 0xFD, 0x73, 0x81, 0xBF, 0xD7, 0x38, 0x1B, 0xFD, 0x73, 0x81, 0xBF, 0xD7, 0x38, 0x1B,
  0xFD, 0x73, 0x81, 0xBF, 0xD2, 0x01, 0x78, 0x5B, 0xFD, 0x18, 0xE2, 0x68, 0x2B, 0xFE, 0xEA, 0x06,
  0x60, 0xBB, 0x0B, 0x02, 0x50, 0x10, 0x9A, 0x0E, 0x04, 0x70, 0x8B, 0x0D, 0x71, 0x83, 0x19, 0xCF,
  0xD7, 0x38, 0x1B, 0xFD, 0x73, 0x81, 0xBF, 0xD7, 0x38, 0x1B, 0xFE, 0x80, 0x33, 0x30, 0xBF, 0xA0,
  0x22, 0x0B, 0xFA, 0x02,
  // "ł" (U+0142), RLE, 13 bytes saved (18.1%)
  0x20, 0x1A, 0x06, 0x40, 0x1A, 0x06, 0x40, 0x1A, 0x06, 0x40, 0x1A, 0x06, 0x40, 0x1A, 0x06, 0x40,
  0x1A, 0x06, 0x40, 0x1A, 0x06, 0x40, 0x1A, 0x81, 0xAD, 0x22, 0x01, 0xC0, 0x72, 0x07, 0xA8, 0x3D,
  0x40, 0x1C, 0xB0, 0x63, 0x0B, 0x0D, 0xA0, 0x63, 0x01, 0x02, 0xA0, 0x64, 0x01, 0xA0, 0x64, 0x01,
  0xA0, 0x64, 0x01, 0xA0, 0x64, 0x01, 0xA0, 0x64, 0x01, 0xA0, 0x62,
  // "Ń" (U+0143), RLE, 37 bytes saved (22.4%)
  0x71, 0x82, 0xDF, 0xE2, 0x73, 0x08, 0xA0, 0x47, 0x30, 0x3A, 0x05, 0x74, 0x81, 0xDE, 0x47, 0x77,
  0x0B, 0xA0, 0xB7, 0x01, 0xA0, 0x50, 0xBB, 0x05, 0x60, 0x1A, 0x05, 0x0B, 0xB0, 0xE0, 0x15, 0x01,
  0xA8, 0x25, 0xBF, 0xCA, 0x09, 0x50, 0x1A, 0x83, 0x5B, 0xF7, 0xBA, 0x03, 0x40, 0x1A, 0x86, 0x5B,
  0xF8, 0x2E, 0xFC, 0x40, 0x1A, 0x84, 0x5B, 0xF8, 0x07, 0xA0, 0x73, 0x01, 0xA8, 0x25, 0xBF, 0x92,
  0x0C, 0xA0, 0x22, 0x01, 0xA8, 0x25, 0xBF, 0x92, 0x03, 0xA0, 0xB2, 0x01, 0xA8, 0x25, 0xBF, 0x93,
  0x08, 0xA0, 0x52, 0xA8, 0x25, 0xBF, 0x94, 0x82, 0xDF, 0xE1, 0x1A, 0x82, 0x5B, 0xF9, 0x40, 0x4A,
  0x09, 0x1A, 0x82, 0x5B, 0xF9, 0x50, 0xAA, 0x85, 0x3E, 0xF5, 0xBF, 0x95, 0x89, 0x01, 0xEF, 0xDE,
  0xF5, 0xBF, 0x96, 0x05, 0xC8, 0x25, 0xBF, 0x97, 0x0B, 0xB8, 0x25, 0xBF, 0x97, 0x02, 0xB0, 0x50,
  // "ń" (U+0144), RLE, 32 bytes saved (29.6%)
  0x68, 0x2D, 0xFE, 0x27, 0x08, 0xA0, 0x47, 0x03, 0xA0, 0x57, 0x18, 0x1D, 0xE4, 0x77, 0x3A, 0x86,
  0x11, 0x9D, 0xFE, 0xA3, 0x2A, 0x06, 0x0E, 0xE0, 0x41, 0xB8, 0x3D, 0x51, 0x27, 0xA0, 0xD1, 0xB0,
  0x24, 0x09, 0xA0, 0x1A, 0x0B, 0x50, 0x6A, 0x02, 0xA0, 0x95, 0x04, 0xA0, 0x3A, 0x08, 0x50, 0x4A,
  0x03, 0xA0, 0x85, 0x04, 0xA0, 0x3A, 0x08, 0x50, 0x4A, 0x03, 0xA0, 0x85, 0x04, 0xA0, 0x3A, 0x08,
  0x50, 0x4A, 0x03, 0xA0, 0x85, 0x04, 0xA0, 0x3A, 0x08, 0x50, 0x4A, 0x03,
  // "Ņ" (U+0145), RLE, 45 bytes saved (26.0%)
  0x0B, 0xA0, 0xB7, 0x01, 0xA0, 0x50, 0xBB, 0x05, 0x60, 0x1A, 0x05, 0x0B, 0xB0, 0xE0, 0x15, 0x01,
  0xA8, 0x25, 0xBF, 0xCA, 0x09, 0x50, 0x1A, 0x83, 0x5B, 0xF7, 0xBA, 0x03, 0x40, 0x1A, 0x86, 0x5B,
  0xF8, 0x2E, 0xFC, 0x40, 0x1A, 0x84, 0x5B, 0xF8, 0x07, 0xA0, 0x73, 0x01, 0xA8, 0x25, 0xBF, 0x92,
  0x0C, 0xA0, 0x22, 0x01, 0xA8, 0x25, 0xBF, 0x92, 0x03, 0xA0, 0xB2, 0x01, 0xA8, 0x25, 0xBF, 0x93,
  0x08, 0xA0, 0x52, 0xA8, 0x25, 0xBF, 0x94, 0x82, 0xDF, 0xE1, 0x1A, 0x82, 0x5B, 0xF9, 0x40, 0x4A,
  0x09, 0x1A, 0x82, 0x5B, 0xF9, 0x50, 0xAA, 0x85, 0x3E, 0xF5, 0xBF, 0x95, 0x89, 0x01, 0xEF, 0xDE,
  0xF5, 0xBF, 0x96, 0x05, 0xC8, 0x25, 0xBF, 0x97, 0x0B, 0xB8, 0x25, 0xBF, 0x97, 0x02, 0xB0, 0x58,
  0x0C, 0x00, 0x81, 0x8F, 0xD7, 0x58, 0x1B, 0xF7, 0x75, 0x81, 0xEE, 0x17, 0x48, 0x14, 0xF5, 0x70,
  // "ņ" (U+0146), RLE, 38 bytes saved (33.3%)
  0xA8, 0x61, 0x19, 0xDF, 0xEA, 0x32, 0xA0, 0x60, 0xEE, 0x04, 0x1B, 0x83, 0xD5, 0x12, 0x7A, 0x0D,
  0x1B, 0x02, 0x40, 0x9A, 0x01, 0xA0, 0xB5, 0x06, 0xA0, 0x2A, 0x09, 0x50, 0x4A, 0x03, 0xA0, 0x85,
  0x04, 0xA0, 0x3A, 0x08, 0x50, 0x4A, 0x03, 0xA0, 0x85, 0x04, 0xA0, 0x3A, 0x08, 0x50, 0x4A, 0x03,
  0xA0, 0x85, 0x04, 0xA0, 0x3A, 0x08, 0x50, 0x4A, 0x03, 0xA0, 0x85, 0x04, 0xA0, 0x37, 0x77, 0x70,
  0x4A, 0x02, 0x71, 0x81, 0x7F, 0xB7, 0x28, 0x1B, 0xF3, 0x72, 0x90, 0x96,
  // "Ň" (U+0147), RLE, 31 bytes saved (18.8%)
  0x38, 0x1D, 0xE5, 0x38, 0x1A, 0xF7, 0x68, 0x61, 0xDF, 0x71, 0xCF, 0x97, 0x18, 0x43, 0xEF, 0xEF,
  0xB7, 0x30, 0x6A, 0x0E, 0x01, 0x77, 0x60, 0xBA, 0x0B, 0x70, 0x1A, 0x05, 0x0B, 0xB0, 0x56, 0x01,
  0xA0, 0x50, 0xBB, 0x0E, 0x01, 0x50, 0x1A, 0x82, 0x5B, 0xFC, 0xA0, 0x95, 0x01, 0xA8, 0x35, 0xBF,
  0x7B, 0xA0, 0x34, 0x01, 0xA8, 0x65, 0xBF, 0x82, 0xEF, 0xC4, 0x01, 0xA8, 0x45, 0xBF, 0x80, 0x7A,
  0x07, 0x30, 0x1A, 0x82, 0x5B, 0xF9, 0x20, 0xCA, 0x02, 0x20, 0x1A, 0x82, 0x5B, 0xF9, 0x20, 0x3A,
  0x0B, 0x20, 0x1A, 0x82, 0x5B, 0xF9, 0x30, 0x8A, 0x05, 0x2A, 0x82, 0x5B, 0xF9, 0x48, 0x2D, 0xFE,
  0x11, 0xA8, 0x25, 0xBF, 0x94, 0x04, 0xA0, 0x91, 0xA8, 0x25, 0xBF, 0x95, 0x0A, 0xA8, 0x53, 0xEF,
  0x5B, 0xF9, 0x58, 0x90, 0x1E, 0xFD, 0xEF, 0x5B, 0xF9, 0x60, 0x5C, 0x82, 0x5B, 0xF9, 0x70, 0xBB,
  0x82, 0x5B, 0xF9, 0x70, 0x2B, 0x05,
  // "ň" (U+0148), RLE, 25 bytes saved (23.1%)
  0x18, 0x1D, 0xE5, 0x38, 0x1A, 0xF7, 0x38, 0x61, 0xDF, 0x71, 0xCF, 0x95, 0x84, 0x3E, 0xFE, 0xFB,
  0x70, 0x6A, 0x0E, 0x01, 0x77, 0x2A, 0x86, 0x11, 0x9D, 0xFE, 0xA3, 0x2A, 0x06, 0x0E, 0xE0, 0x41,
  0xB8, 0x3D, 0x51, 0x27, 0xA0, 0xD1, 0xB0, 0x24, 0x09, 0xA0, 0x1A, 0x0B, 0x50, 0x6A, 0x02, 0xA0,
  0x95, 0x04, 0xA0, 0x3A, 0x08, 0x50, 0x4A, 0x03, 0xA0, 0x85, 0x04, 0xA0, 0x3A, 0x08, 0x50, 0x4A,
  0x03, 0xA0, 0x85, 0x04, 0xA0, 0x3A, 0x08, 0x50, 0x4A, 0x03, 0xA0, 0x85, 0x04, 0xA0, 0x3A, 0x08,
  0x50, 0x4A, 0x03,
  // "ŉ" (U+0149), RLE, 49 bytes saved (36.0%)
  0x10, 0x9A, 0x01, 0x75, 0x81, 0xBF, 0xD7, 0x68, 0x1E, 0xF8, 0x75, 0x02, 0xA0, 0x27, 0x58, 0x15,
  0xFB, 0x1A, 0x86, 0x11, 0x9D, 0xFE, 0xA3, 0x28, 0x19, 0xF5, 0x1A, 0x06, 0x0E, 0xE0, 0x45, 0xB8,
  0x3D, 0x51, 0x27, 0xA0, 0xD5, 0xB0, 0x24, 0x09, 0xA0, 0x14, 0xA0, 0xB5, 0x06, 0xA0, 0x24, 0xA0,
  0x95, 0x04, 0xA0, 0x34, 0xA0, 0x85, 0x04, 0xA0, 0x34, 0xA0, 0x85, 0x04, 0xA0, 0x34, 0xA0, 0x85,
  0x04, 0xA0, 0x34, 0xA0, 0x85, 0x04, 0xA0, 0x34, 0xA0, 0x85, 0x04, 0xA0, 0x34, 0xA0, 0x85, 0x04,
  0xA0, 0x34, 0xA0, 0x85, 0x04, 0xA0, 0x30,
  // "Ŋ" (U+014A), RLE, 34 bytes saved (20.6%)
  0x0B, 0xA0, 0xB7, 0x01, 0xA0, 0x50, 0xBB, 0x06, 0x60, 0x1A, 0x05, 0x0B, 0xB0, 0xE0, 0x25, 0x01,
  0xA8, 0x25, 0xBF, 0xBA, 0x0B, 0x50, 0x1A, 0x83, 0x5B, 0xF8, 0x8A, 0x06, 0x40, 0x1A, 0x87, 0x5B,
  0xF8, 0x0C, 0xFE, 0x23, 0x01, 0xA8, 0x45, 0xBF, 0x90, 0x3A, 0x0C, 0x30, 0x1A, 0x82, 0x5B, 0xF9,
  0x20, 0x7A, 0x07, 0x20, 0x1A, 0x82, 0x5B, 0xF9, 0x30, 0xCA, 0x02, 0x2A, 0x82, 0x5B, 0xF9, 0x30,
  0x2A, 0x0C, 0x2A, 0x82, 0x5B, 0xF9, 0x40, 0x6A, 0x07, 0x1A, 0x82, 0x5B, 0xF9, 0x50, 0xBA, 0x85,
  0x2E, 0xF5, 0xBF, 0x95, 0x89, 0x01, 0xEF, 0xCE, 0xF5, 0xBF, 0x96, 0x06, 0xC8, 0x25, 0xBF, 0x97,
  0x0A, 0xB8, 0x25, 0xBF, 0x97, 0x01, 0x0E, 0xA8, 0x25, 0xBF, 0x97, 0x10, 0x5A, 0x05, 0x74, 0x01,
  0xA0, 0x47, 0x40, 0x4A, 0x03, 0x78, 0x51, 0x21, 0x5D, 0xFD, 0x71, 0x06, 0xD0, 0x47, 0x18, 0x45,
  0xEF, 0xEA, 0x32,
  // "ŋ" (U+014B), RLE, 30 bytes saved (26.3%)
  0xA8, 0x61, 0x19, 0xDF, 0xEA, 0x32, 0xA0, 0x70, 0xEE, 0x04, 0x1B, 0x83, 0xD5, 0x12, 0x7A, 0x0D,
  0x1B, 0x02, 0x40, 0x9A, 0x01, 0xA0, 0xC5, 0x05, 0xA0, 0x3A, 0x09, 0x50, 0x4A, 0x03, 0xA0, 0x85,
  0x04, 0xA0, 0x3A, 0x08, 0x50, 0x4A, 0x03, 0xA0, 0x85, 0x04, 0xA0, 0x3A, 0x08, 0x50, 0x4A, 0x03,
  0xA0, 0x85, 0x04, 0xA0, 0x3A, 0x08, 0x50, 0x4A, 0x03, 0xA0, 0x85, 0x04, 0xA0, 0x37, 0x10, 0x4A,
  0x03, 0x71, 0x04, 0xA0, 0x37, 0x10, 0x6A, 0x02, 0x58, 0x21, 0x12, 0xCA, 0x60, 0x4C, 0x08, 0x68,
  0x33, 0xDF, 0xD8, 0x20,
  // "Ō" (U+014C), RLE, 66 bytes saved (36.9%)
  0x58, 0x03, 0x17, 0x3F, 0x05, 0x72, 0xF0, 0x57, 0x77, 0x48, 0x73, 0x9C, 0xEF, 0xEC, 0x82, 0x70,
  0x8F, 0xA0, 0x65, 0x0A, 0xA8, 0x5C, 0x52, 0x12, 0x6D, 0xA0, 0x73, 0x05, 0xA0, 0xA7, 0x0C, 0xA0,
  0x32, 0x82, 0xDF, 0xE1, 0x70, 0x2A, 0x81, 0xA0, 0x2A, 0x09, 0x72, 0x83, 0xBF, 0xE0, 0x5A, 0x05,
  0x72, 0x08, 0xA0, 0x30, 0x7A, 0x03, 0x72, 0x06, 0xA0, 0x40, 0x8A, 0x02, 0x72, 0x05, 0xA0, 0x50,
  0x7A, 0x03, 0x72, 0x06, 0xA0, 0x40, 0x5A, 0x05, 0x72, 0x08, 0xA0, 0x30, 0x2A, 0x09, 0x72, 0x81,
  0xCF, 0xE2, 0x82, 0xDF, 0xE1, 0x70, 0x3A, 0x0A, 0x20, 0x5A, 0x0B, 0x60, 0x10, 0xCA, 0x02, 0x30,
  0xAA, 0x85, 0xC5, 0x21, 0x26, 0xDA, 0x07, 0x50, 0x8F, 0xA0, 0x67, 0x87, 0x39, 0xCE, 0xFE, 0xC8,
  0x14,
  // "ō" (U+014D), RLE, 35 bytes saved (31.5%)
  0x38, 0x03, 0x16, 0xF0, 0x55, 0xF0, 0x57, 0x74, 0x85, 0x6B, 0xEF, 0xD9, 0x24, 0x01, 0x0C, 0xF0,
  0x63, 0x0B, 0xA8, 0x38, 0x21, 0x4C, 0xA8, 0x14, 0x03, 0xA0, 0x85, 0x83, 0xEF, 0xC0, 0x8A, 0x02,
  0x50, 0x7A, 0x82, 0x2A, 0xFE, 0x60, 0x5A, 0x82, 0x4B, 0xFD, 0x60, 0x3A, 0x05, 0x0A, 0xA6, 0x05,
  0xA0, 0x40, 0x7A, 0x02, 0x50, 0x7A, 0x00, 0x2A, 0x09, 0x58, 0x1E, 0xFD, 0x20, 0x9A, 0x83, 0x82,
  0x14, 0xBA, 0x05, 0x30, 0xBF, 0x07, 0x58, 0x55, 0xBE, 0xFD, 0xA3, 0x30,
  // "Ŏ" (U+014E), RLE, 62 bytes saved (33.2%)
  0x50, 0x70, 0x44, 0x05, 0x06, 0x72, 0x86, 0xCD, 0x31, 0x15, 0xEA, 0x72, 0x05, 0xE0, 0x27, 0x38,
  0x44, 0xCE, 0xEB, 0x27, 0x77, 0x58, 0x73, 0x9C, 0xEF, 0xEC, 0x82, 0x70, 0x8F, 0xA0, 0x65, 0x0A,
  0xA8, 0x5C, 0x52, 0x12, 0x6D, 0xA0, 0x73, 0x05, 0xA0, 0xA7, 0x0C, 0xA0, 0x32, 0x82, 0xDF, 0xE1,
  0x70, 0x2A, 0x81, 0xA0, 0x2A, 0x09, 0x72, 0x83, 0xBF, 0xE0, 0x5A, 0x05, 0x72, 0x08, 0xA0, 0x30,
  0x7A, 0x03, 0x72, 0x06, 0xA0, 0x40, 0x8A, 0x02, 0x72, 0x05, 0xA0, 0x50, 0x7A, 0x03, 0x72, 0x06,
  0xA0, 0x40, 0x5A, 0x05, 0x72, 0x08, 0xA0, 0x30, 0x2A, 0x09, 0x72, 0x81, 0xCF, 0xE2, 0x82, 0xDF,
  0xE1, 0x70, 0x3A, 0x0A, 0x20, 0x5A, 0x0B, 0x60, 0x10, 0xCA, 0x02, 0x30, 0xAA, 0x85, 0xC5, 0x21,
  0x26, 0xDA, 0x07, 0x50, 0x8F, 0xA0, 0x67, 0x87, 0x39, 0xCE, 0xFE, 0xC8, 0x14,
  // "ŏ" (U+014F), RLE, 30 bytes saved (25.6%)
  0x20, 0x70, 0x44, 0x05, 0x06, 0x58, 0x6C, 0xD3, 0x11, 0x5E, 0xA5, 0x05, 0xE0, 0x26, 0x84, 0x4C,
  0xEE, 0xB2, 0x77, 0x68, 0x56, 0xBE, 0xFD, 0x92, 0x40, 0x10, 0xCF, 0x06, 0x30, 0xBA, 0x83, 0x82,
  0x14, 0xCA, 0x81, 0x40, 0x3A, 0x08, 0x58, 0x3E, 0xFC, 0x08, 0xA0, 0x25, 0x07, 0xA8, 0x22, 0xAF,
  0xE6, 0x05, 0xA8, 0x24, 0xBF, 0xD6, 0x03, 0xA0, 0x50, 0xAA, 0x60, 0x5A, 0x04, 0x07, 0xA0, 0x25,
  0x07, 0xA0, 0x02, 0xA0, 0x95, 0x81, 0xEF, 0xD2, 0x09, 0xA8, 0x38, 0x21, 0x4B, 0xA0, 0x53, 0x0B,
  0xF0, 0x75, 0x85, 0x5B, 0xEF, 0xDA, 0x33,
  // "Ő" (U+0150), RLE, 58 bytes saved (31.0%)
  0x60, 0x2A, 0x83, 0x90, 0xCF, 0xD7, 0x28, 0x6A, 0xFC, 0x05, 0xFE, 0x37, 0x18, 0x64, 0xFD, 0x10,
  0xDF, 0x47, 0x28, 0x5D, 0xC1, 0x08, 0xE4, 0x77, 0x75, 0x87, 0x39, 0xCE, 0xFE, 0xC8, 0x27, 0x08,
  0xFA, 0x06, 0x50, 0xAA, 0x85, 0xC5, 0x21, 0x26, 0xDA, 0x07, 0x30, 0x5A, 0x0A, 0x70, 0xCA, 0x03,
  0x28, 0x2D, 0xFE, 0x17, 0x02, 0xA8, 0x1A, 0x02, 0xA0, 0x97, 0x28, 0x3B, 0xFE, 0x05, 0xA0, 0x57,
  0x20, 0x8A, 0x03, 0x07, 0xA0, 0x37, 0x20, 0x6A, 0x04, 0x08, 0xA0, 0x27, 0x20, 0x5A, 0x05, 0x07,
  0xA0, 0x37, 0x20, 0x6A, 0x04, 0x05, 0xA0, 0x57, 0x20, 0x8A, 0x03, 0x02, 0xA0, 0x97, 0x28, 0x1C,
  0xFE, 0x28, 0x2D, 0xFE, 0x17, 0x03, 0xA0, 0xA2, 0x05, 0xA0, 0xB6, 0x01, 0x0C, 0xA0, 0x23, 0x0A,
  0xA8, 0x5C, 0x52, 0x12, 0x6D, 0xA0, 0x75, 0x08, 0xFA, 0x06, 0x78, 0x73, 0x9C, 0xEF, 0xEC, 0x81,
  0x40,
  // "ő" (U+0151), RLE, 26 bytes saved (22.2%)
  0x40, 0x2A, 0x83, 0x90, 0xCF, 0xD5, 0x86, 0xAF, 0xC0, 0x5F, 0xE3, 0x48, 0x64, 0xFD, 0x10, 0xDF,
  0x45, 0x85, 0xDC, 0x10, 0x8E, 0x47, 0x75, 0x85, 0x6B, 0xEF, 0xD9, 0x24, 0x01, 0x0C, 0xF0, 0x63,
  0x0B, 0xA8, 0x38, 0x21, 0x4C, 0xA8, 0x14, 0x03, 0xA0, 0x85, 0x83, 0xEF, 0xC0, 0x8A, 0x02, 0x50,
  0x7A, 0x82, 0x2A, 0xFE, 0x60, 0x5A, 0x82, 0x4B, 0xFD, 0x60, 0x3A, 0x05, 0x0A, 0xA6, 0x05, 0xA0,
  0x40, 0x7A, 0x02, 0x50, 0x7A, 0x00, 0x2A, 0x09, 0x58, 0x1E, 0xFD, 0x20, 0x9A, 0x83, 0x82, 0x14,
  0xBA, 0x05, 0x30, 0xBF, 0x07, 0x58, 0x55, 0xBE, 0xFD, 0xA3, 0x30,
  // "Œ" (U+0152), RLE, 70 bytes saved (39.1%)
  0x48, 0x23, 0x9D, 0xEF, 0xD0, 0x23, 0x09, 0xFF, 0xA0, 0x22, 0x0B, 0xA8, 0x4C, 0x52, 0x11, 0x5A,
  0x06, 0x80, 0x21, 0x20, 0x6A, 0x0A, 0x50, 0x3A, 0x05, 0x71, 0x81, 0xDF, 0xE6, 0x03, 0xA0, 0x57,
  0x02, 0xA0, 0x86, 0x03, 0xA0, 0x57, 0x06, 0xA0, 0x46, 0x03, 0xA0, 0x57, 0x07, 0xA0, 0x26, 0x03,
  0xF9, 0x81, 0xB0, 0x8A, 0x02, 0x60, 0x3F, 0x98, 0x1B, 0x07, 0xA0, 0x26, 0x03, 0xA0, 0x68, 0x01,
  0x12, 0x05, 0xA0, 0x46, 0x03, 0xA0, 0x57, 0x02, 0xA0, 0x86, 0x03, 0xA0, 0x57, 0x18, 0x1D, 0xFE,
  0x60, 0x3A, 0x05, 0x71, 0x05, 0xA0, 0xA5, 0x03, 0xA0, 0x57, 0x20, 0xBA, 0x84, 0xC5, 0x21, 0x15,
  0xA0, 0x68, 0x02, 0x14, 0x09, 0xFF, 0xA0, 0x24, 0x82, 0x39, 0xDE, 0xFD, 0x02,
  // "œ" (U+0153), RLE, 29 bytes saved (21.2%)
  0x38, 0x56, 0xCE, 0xED, 0x81, 0x28, 0x53, 0xAE, 0xFD, 0x92, 0x30, 0x10, 0xCE, 0x81, 0xD2, 0x5E,
  0x0E, 0x04, 0x20, 0xBA, 0x85, 0x72, 0x14, 0xDF, 0xDA, 0x87, 0x93, 0x14, 0xDF, 0xE0, 0x4A, 0x07,
  0x40, 0x1B, 0x0A, 0x40, 0x2A, 0x06, 0x08, 0xA0, 0x15, 0x0A, 0xA0, 0x58, 0x01, 0x18, 0x4E, 0xFA,
  0xBF, 0xE6, 0x07, 0xFB, 0x82, 0xBB, 0xFD, 0x60, 0x7F, 0xB8, 0x2B, 0xAF, 0xE6, 0x07, 0xA0, 0x37,
  0x10, 0x8A, 0x01, 0x50, 0xAA, 0x05, 0x71, 0x02, 0xA0, 0x74, 0x01, 0x0E, 0xA0, 0xC7, 0x20, 0xAA,
  0x89, 0x77, 0x21, 0x4D, 0xFD, 0xEF, 0xC4, 0x21, 0x36, 0xB1, 0x20, 0xBE, 0x82, 0xE3, 0x4E, 0xF0,
  0x13, 0x85, 0x6B, 0xEF, 0xD8, 0x12, 0x81, 0x29, 0xDA, 0x81, 0xDA, 0x51,
  // "Ŕ" (U+0154), RLE, 35 bytes saved (24.5%)
  0x68, 0x2D, 0xFE, 0x27, 0x10, 0x8A, 0x04, 0x71, 0x03, 0xA0, 0x57, 0x28, 0x1D, 0xE4, 0x77, 0x50,
  0xBD, 0x82, 0xEB, 0x71, 0x30, 0xBF, 0x90, 0xE0, 0x32, 0x86, 0xBF, 0xD1, 0x11, 0x38, 0xA0, 0xE2,
  0x81, 0xBF, 0xD5, 0x08, 0xA8, 0x35, 0x0B, 0xFD, 0x50, 0x3A, 0x83, 0x70, 0xBF, 0xD5, 0x03, 0xA8,
  0x37, 0x0B, 0xFD, 0x50, 0x8A, 0x83, 0x30, 0xBF, 0xD3, 0x02, 0x07, 0xA0, 0xB2, 0x0B, 0xF9, 0x0A,
  0x30, 0xBF, 0x06, 0x48, 0x7B, 0xFD, 0x11, 0x1D, 0xFC, 0x48, 0x1B, 0xFD, 0x30, 0x4A, 0x07, 0x38,
  0x1B, 0xFD, 0x48, 0x2B, 0xFE, 0x22, 0x81, 0xBF, 0xD4, 0x02, 0xA0, 0xB2, 0x81, 0xBF, 0xD5, 0x08,
  0xA8, 0x35, 0x0B, 0xFD, 0x68, 0x5D, 0xFE, 0x1B, 0xFD, 0x60, 0x5A, 0x09,
  // "ŕ" (U+0155), RLE, 25 bytes saved (34.7%)
  0x48, 0x2D, 0xFE, 0x23, 0x08, 0xA0, 0x43, 0x03, 0xA0, 0x54, 0x81, 0xDE, 0x47, 0x4A, 0x84, 0x10,
  0x8D, 0xFA, 0xA0, 0x40, 0xCB, 0x09, 0xA8, 0x4E, 0xF8, 0x21, 0x1B, 0x06, 0x4A, 0x0C, 0x5A, 0x09,
  0x5A, 0x08, 0x5A, 0x08, 0x5A, 0x08, 0x5A, 0x08, 0x5A, 0x08, 0x5A, 0x08, 0x5A, 0x08, 0x50,
  // "Ŗ" (U+0156), RLE, 41 bytes saved (27.3%)
  0x0B, 0xD8, 0x1E, 0xB7, 0x40, 0xBF, 0x90, 0xD0, 0x22, 0x86, 0xBF, 0xD1, 0x11, 0x39, 0xA0, 0xC2,
  0x81, 0xBF, 0xD5, 0x09, 0xA8, 0x33, 0x0B, 0xFD, 0x50, 0x3A, 0x83, 0x60, 0xBF, 0xD5, 0x02, 0xA8,
  0x37, 0x0B, 0xFD, 0x50, 0x5A, 0x83, 0x60, 0xBF, 0xD5, 0x0B, 0xA8, 0x90, 0x10, 0xBF, 0xD1, 0x11,
  0x3A, 0xA0, 0x82, 0x0B, 0xF9, 0x08, 0x30, 0xBF, 0x06, 0x48, 0x1B, 0xFD, 0x38, 0x2C, 0xFD, 0x13,
  0x81, 0xBF, 0xD3, 0x02, 0xA0, 0xA3, 0x81, 0xBF, 0xD4, 0x06, 0xA0, 0x62, 0x81, 0xBF, 0xD5, 0x0B,
  0xA8, 0x32, 0x0B, 0xFD, 0x58, 0x61, 0xEF, 0xC0, 0xBF, 0xD6, 0x05, 0xA0, 0x97, 0x77, 0x73, 0x81,
  0xCF, 0xA7, 0x38, 0x1E, 0xF4, 0x72, 0x81, 0x3F, 0xB7, 0x38, 0x17, 0xF2, 0x60,
  // "ŗ" (U+0157), RLE, 37 bytes saved (43.0%)
  0x1A, 0x84, 0x10, 0x8D, 0xFA, 0x1A, 0x04, 0x0C, 0xB0, 0x91, 0xA8, 0x4E, 0xF8, 0x21, 0x11, 0xB0,
  0x65, 0xA0, 0xC6, 0xA0, 0x96, 0xA0, 0x86, 0xA0, 0x86, 0xA0, 0x86, 0xA0, 0x86, 0xA0, 0x86, 0xA0,
  0x86, 0xA0, 0x87, 0x77, 0x38, 0x19, 0xFC, 0x68, 0x1C, 0xF6, 0x58, 0x11, 0xFD, 0x68, 0x15, 0xF4,
  0x60,
  // "Ř" (U+0158), RLE, 28 bytes saved (19.6%)
  0x18, 0x1D, 0xE5, 0x38, 0x1A, 0xF7, 0x48, 0x61, 0xDF, 0x71, 0xCF, 0x96, 0x84, 0x3E, 0xFE, 0xFB,
  0x71, 0x06, 0xA0, 0xE0, 0x17, 0x74, 0x0B, 0xD8, 0x2E, 0xB7, 0x13, 0x0B, 0xF9, 0x0E, 0x03, 0x28,
  0x6B, 0xFD, 0x11, 0x13, 0x8A, 0x0E, 0x28, 0x1B, 0xFD, 0x50, 0x8A, 0x83, 0x50, 0xBF, 0xD5, 0x03,
  0xA8, 0x37, 0x0B, 0xFD, 0x50, 0x3A, 0x83, 0x70, 0xBF, 0xD5, 0x08, 0xA8, 0x33, 0x0B, 0xFD, 0x30,
  0x20, 0x7A, 0x0B, 0x20, 0xBF, 0x90, 0xA3, 0x0B, 0xF0, 0x64, 0x87, 0xBF, 0xD1, 0x11, 0xDF, 0xC4,
  0x81, 0xBF, 0xD3, 0x04, 0xA0, 0x73, 0x81, 0xBF, 0xD4, 0x82, 0xBF, 0xE2, 0x28, 0x1B, 0xFD, 0x40,
  0x2A, 0x0B, 0x28, 0x1B, 0xFD, 0x50, 0x8A, 0x83, 0x50, 0xBF, 0xD6, 0x85, 0xDF, 0xE1, 0xBF, 0xD6,
  0x05, 0xA0, 0x90,
  // "ř" (U+0159), RLE, 27 bytes saved (33.3%)
  0x81, 0xDE, 0x53, 0x89, 0x1A, 0xF7, 0x1D, 0xF7, 0x1C, 0xF9, 0x28, 0x43, 0xEF, 0xEF, 0xB4, 0x06,
  0xA0, 0xE0, 0x17, 0x4A, 0x84, 0x10, 0x8D, 0xFA, 0x1A, 0x04, 0x0C, 0xB0, 0x91, 0xA8, 0x4E, 0xF8,
  0x21, 0x11, 0xB0, 0x65, 0xA0, 0xC6, 0xA0, 0x96, 0xA0, 0x86, 0xA0, 0x86, 0xA0, 0x86, 0xA0, 0x86,
  0xA0, 0x86, 0xA0, 0x86, 0xA0, 0x86,
  // "Ś" (U+015A), RLE, 42 bytes saved (31.8%)
  0x68, 0x2D, 0xFE, 0x27, 0x08, 0xA0, 0x47, 0x03, 0xA0, 0x57, 0x18, 0x1D, 0xE4, 0x77, 0x58, 0x12,
  0x9D, 0xA8, 0x2D, 0xB6, 0x12, 0x06, 0xF9, 0x81, 0x90, 0x2A, 0x89, 0x0D, 0x51, 0x13, 0x8D, 0x30,
  0x7A, 0x02, 0x71, 0x09, 0xA7, 0x20, 0x7A, 0x05, 0x71, 0x02, 0xB0, 0x70, 0x17, 0x05, 0xB8, 0x1E,
  0x92, 0x60, 0x30, 0xBC, 0x0A, 0x01, 0x60, 0x30, 0x9B, 0x0E, 0x02, 0x70, 0x10, 0xAA, 0x0B, 0x72,
  0x0B, 0xA7, 0x20, 0x7A, 0x01, 0x71, 0x89, 0x2B, 0xFE, 0x0B, 0xA6, 0x31, 0x13, 0xAA, 0x81, 0x80,
  0xCF, 0x90, 0xA2, 0x82, 0x49, 0xCD, 0xA8, 0x1D, 0xA4, 0x30,
  // "ś" (U+015B), RLE, 21 bytes saved (23.3%)
  0x58, 0x2D, 0xFE, 0x25, 0x08, 0xA0, 0x45, 0x03, 0xA0, 0x56, 0x81, 0xDE, 0x47, 0x71, 0x89, 0x11,
  0x8C, 0xEF, 0xDA, 0x50, 0x3E, 0xF8, 0x94, 0x2A, 0xFE, 0x51, 0x14, 0x9A, 0x0C, 0xFA, 0x70, 0x9A,
  0x06, 0x60, 0x10, 0xCA, 0x81, 0xE8, 0x25, 0x06, 0x0D, 0xB0, 0xA0, 0x25, 0x03, 0x0A, 0xA0, 0xE0,
  0x16, 0x04, 0xA0, 0x77, 0x89, 0x0E, 0xF8, 0xA8, 0x42, 0x13, 0x9A, 0x05, 0x0C, 0xF8, 0x3B, 0x04,
  0x9D, 0xA8, 0x1E, 0xB6, 0x20,
  // "Ŝ" (U+015C), RLE, 35 bytes saved (26.5%)
  0x40, 0x6A, 0x0E, 0x01, 0x68, 0x42, 0xEF, 0xEF, 0xB5, 0x86, 0x1D, 0xF8, 0x1D, 0xF8, 0x48, 0x1C,
  0xE6, 0x28, 0x21, 0xAF, 0x67, 0x71, 0x81, 0x29, 0xDA, 0x82, 0xDB, 0x61, 0x20, 0x6F, 0x98, 0x19,
  0x02, 0xA8, 0x90, 0xD5, 0x11, 0x38, 0xD3, 0x07, 0xA0, 0x27, 0x10, 0x9A, 0x72, 0x07, 0xA0, 0x57,
  0x10, 0x2B, 0x07, 0x01, 0x70, 0x5B, 0x81, 0xE9, 0x26, 0x03, 0x0B, 0xC0, 0xA0, 0x16, 0x03, 0x09,
  0xB0, 0xE0, 0x27, 0x01, 0x0A, 0xA0, 0xB7, 0x20, 0xBA, 0x72, 0x07, 0xA0, 0x17, 0x18, 0x92, 0xBF,
  0xE0, 0xBA, 0x63, 0x11, 0x3A, 0xA8, 0x18, 0x0C, 0xF9, 0x0A, 0x28, 0x24, 0x9C, 0xDA, 0x81, 0xDA,
  0x43,
  // "ŝ" (U+015D), RLE, 14 bytes saved (15.6%)
  0x30, 0x6A, 0x0E, 0x01, 0x48, 0x42, 0xEF, 0xEF, 0xB3, 0x86, 0x1D, 0xF8, 0x1D, 0xF8, 0x28, 0x1C,
  0xE6, 0x28, 0x21, 0xAF, 0x67, 0x48, 0x91, 0x18, 0xCE, 0xFD, 0xA5, 0x03, 0xEF, 0x89, 0x42, 0xAF,
  0xE5, 0x11, 0x49, 0xA0, 0xCF, 0xA7, 0x09, 0xA0, 0x66, 0x01, 0x0C, 0xA8, 0x1E, 0x82, 0x50, 0x60,
  0xDB, 0x0A, 0x02, 0x50, 0x30, 0xAA, 0x0E, 0x01, 0x60, 0x4A, 0x07, 0x78, 0x90, 0xEF, 0x8A, 0x84,
  0x21, 0x39, 0xA0, 0x50, 0xCF, 0x83, 0xB0, 0x49, 0xDA, 0x81, 0xEB, 0x62,
  // "Ş" (U+015E), RLE, 41 bytes saved (29.7%)
  0x28, 0x12, 0x9D, 0xA8, 0x2D, 0xB6, 0x12, 0x06, 0xF9, 0x81, 0x90, 0x2A, 0x89, 0x0D, 0x51, 0x13,
  0x8D, 0x30, 0x7A, 0x02, 0x71, 0x09, 0xA7, 0x20, 0x7A, 0x05, 0x71, 0x02, 0xB0, 0x70, 0x17, 0x05,
  0xB8, 0x1E, 0x92, 0x60, 0x30, 0xBC, 0x0A, 0x01, 0x60, 0x30, 0x9B, 0x0E, 0x02, 0x70, 0x10, 0xAA,
  0x0B, 0x72, 0x0B, 0xA7, 0x20, 0x7A, 0x01, 0x71, 0x89, 0x2B, 0xFE, 0x0B, 0xA6, 0x31, 0x13, 0xAA,
  0x81, 0x80, 0xCF, 0x90, 0xA2, 0x82, 0x49, 0xCD, 0xA8, 0x1D, 0xA4, 0x78, 0x11, 0x73, 0x72, 0x81,
  0x9F, 0x57, 0x28, 0x27, 0xDF, 0x97, 0x20, 0x1A, 0x78, 0x37, 0x8B, 0xFC, 0x78, 0x3C, 0xFD, 0xA1,
  0x40,
  // "ş" (U+015F), RLE, 20 bytes saved (21.1%)
  0x18, 0x91, 0x18, 0xCE, 0xFD, 0xA5, 0x03, 0xEF, 0x89, 0x42, 0xAF, 0xE5, 0x11, 0x49, 0xA0, 0xCF,
  0xA7, 0x09, 0xA0, 0x66, 0x01, 0x0C, 0xA8, 0x1E, 0x82, 0x50, 0x60, 0xDB, 0x0A, 0x02, 0x50, 0x30,
  0xAA, 0x0E, 0x01, 0x60, 0x4A, 0x07, 0x78, 0x90, 0xEF, 0x8A, 0x84, 0x21, 0x39, 0xA0, 0x50, 0xCF,
  0x83, 0xB0, 0x49, 0xDA, 0x81, 0xEB, 0x65, 0x81, 0x17, 0x37, 0x81, 0x9F, 0x57, 0x82, 0x7D, 0xF9,
  0x70, 0x1A, 0x58, 0x37, 0x8B, 0xFC, 0x58, 0x3C, 0xFD, 0xA1, 0x30,
  // "Š" (U+0160), RLE, 35 bytes saved (26.5%)
  0x28, 0x1D, 0xE5, 0x38, 0x1A, 0xF7, 0x38, 0x61, 0xDF, 0x71, 0xCF, 0x95, 0x84, 0x3E, 0xFE, 0xFB,
  0x70, 0x6A, 0x0E, 0x01, 0x77, 0x38, 0x12, 0x9D, 0xA8, 0x2D, 0xB6, 0x12, 0x06, 0xF9, 0x81, 0x90,
  0x2A, 0x89, 0x0D, 0x51, 0x13, 0x8D, 0x30, 0x7A, 0x02, 0x71, 0x09, 0xA7, 0x20, 0x7A, 0x05, 0x71,
  0x02, 0xB0, 0x70, 0x17, 0x05, 0xB8, 0x1E, 0x92, 0x60, 0x30, 0xBC, 0x0A, 0x01, 0x60, 0x30, 0x9B,
  0x0E, 0x02, 0x70, 0x10, 0xAA, 0x0B, 0x72, 0x0B, 0xA7, 0x20, 0x7A, 0x01, 0x71, 0x89, 0x2B, 0xFE,
  0x0B, 0xA6, 0x31, 0x13, 0xAA, 0x81, 0x80, 0xCF, 0x90, 0xA2, 0x82, 0x49, 0xCD, 0xA8, 0x1D, 0xA4,
  0x30,
  // "š" (U+0161), RLE, 15 bytes saved (16.7%)
  0x18, 0x1D, 0xE5, 0x38, 0x92, 0xAF, 0x70, 0x1D, 0xF7, 0x1C, 0xF9, 0x38, 0x43, 0xEF, 0xEF, 0xB5,
  0x06, 0xA0, 0xE0, 0x17, 0x68, 0x91, 0x18, 0xCE, 0xFD, 0xA5, 0x03, 0xEF, 0x89, 0x42, 0xAF, 0xE5,
  0x11, 0x49, 0xA0, 0xCF, 0xA7, 0x09, 0xA0, 0x66, 0x01, 0x0C, 0xA8, 0x1E, 0x82, 0x50, 0x60, 0xDB,
  0x0A, 0x02, 0x50, 0x30, 0xAA, 0x0E, 0x01, 0x60, 0x4A, 0x07, 0x78, 0x90, 0xEF, 0x8A, 0x84, 0x21,
  0x39, 0xA0, 0x50, 0xCF, 0x83, 0xB0, 0x49, 0xDA, 0x81, 0xEB, 0x62,
  // "Ţ" (U+0162), RLE, 91 bytes saved (56.5%)
  0x0A, 0xFD, 0x02, 0x0A, 0xFD, 0x85, 0x20, 0x11, 0x11, 0x9A, 0x80, 0x11, 0x60, 0x8A, 0x74, 0x08,
  0xA7, 0x40, 0x8A, 0x74, 0x08, 0xA7, 0x40, 0x8A, 0x74, 0x08, 0xA7, 0x40, 0x8A, 0x74, 0x08, 0xA7,
  0x40, 0x8A, 0x74, 0x08, 0xA7, 0x40, 0x8A, 0x74, 0x08, 0xA7, 0x40, 0x8A, 0x74, 0x08, 0xA7, 0x48,
  0x11, 0x73, 0x74, 0x81, 0x9F, 0x57, 0x48, 0x27, 0xDF, 0x97, 0x40, 0x1A, 0x72, 0x83, 0x78, 0xBF,
  0xC7, 0x28, 0x3C, 0xFD, 0xA1, 0x50,
  // "ţ" (U+0163), RLE, 26 bytes saved (26.3%)
  0x30, 0xE0, 0xC6, 0x81, 0x3F, 0xC6, 0x81, 0x8F, 0xC4, 0x02, 0x0A, 0xE0, 0x70, 0x8F, 0x84, 0x70,
  0x1C, 0xFC, 0x0F, 0x13, 0x81, 0xBF, 0xC6, 0x81, 0xBF, 0xC6, 0x81, 0xBF, 0xC6, 0x81, 0xBF, 0xC6,
  0x81, 0xBF, 0xC6, 0x81, 0xBF, 0xC6, 0x81, 0xBF, 0xD6, 0x09, 0xA8, 0x27, 0x12, 0x22, 0x02, 0xD0,
  0x93, 0x84, 0x3B, 0xEE, 0xD5, 0x48, 0x11, 0x73, 0x68, 0x19, 0xF5, 0x68, 0x27, 0xDF, 0x96, 0x01,
  0xA4, 0x83, 0x78, 0xBF, 0xC4, 0x83, 0xCF, 0xDA, 0x11,
  // "Ť" (U+0164), RLE, 85 bytes saved (55.2%)
  0x28, 0x1D, 0xE5, 0x38, 0x1A, 0xF7, 0x58, 0x61, 0xDF, 0x71, 0xCF, 0x97, 0x84, 0x3E, 0xFE, 0xFB,
  0x72, 0x06, 0xA0, 0xE0, 0x17, 0x75, 0x0A, 0xFD, 0x02, 0x0A, 0xFD, 0x85, 0x20, 0x11, 0x11, 0x9A,
  0x80, 0x11, 0x60, 0x8A, 0x74, 0x08, 0xA7, 0x40, 0x8A, 0x74, 0x08, 0xA7, 0x40, 0x8A, 0x74, 0x08,
  0xA7, 0x40, 0x8A, 0x74, 0x08, 0xA7, 0x40, 0x8A, 0x74, 0x08, 0xA7, 0x40, 0x8A, 0x74, 0x08, 0xA7,
  0x40, 0x8A, 0x74, 0x08, 0xA6,
  // "ť" (U+0165), RLE, 37 bytes saved (34.3%)
  0x72, 0x81, 0x8F, 0xD7, 0x28, 0x1B, 0xF7, 0x30, 0x06, 0x48, 0x1E, 0xE1, 0x28, 0x12, 0xFC, 0x38,
  0x12, 0xF7, 0x38, 0x17, 0xFC, 0x70, 0x20, 0x9E, 0x07, 0x30, 0x8F, 0x07, 0x48, 0x21, 0xCF, 0xC0,
  0xF1, 0x68, 0x1B, 0xFC, 0x72, 0x81, 0xBF, 0xC7, 0x28, 0x1B, 0xFC, 0x72, 0x81, 0xBF, 0xC7, 0x28,
  0x1B, 0xFC, 0x72, 0x81, 0xBF, 0xC7, 0x28, 0x1B, 0xFD, 0x72, 0x09, 0xA8, 0x27, 0x12, 0x25, 0x02,
  0xD0, 0x96, 0x84, 0x3B, 0xEE, 0xD5, 0x30,
  // "Ŧ" (U+0166), RLE, 67 bytes saved (56.3%)
  0x0A, 0xFD, 0x02, 0x0A, 0xFD, 0x85, 0x20, 0x11, 0x11, 0x9A, 0x80, 0x11, 0x60, 0x8A, 0x74, 0x08,
  0xA7, 0x40, 0x8A, 0x74, 0x08, 0xA7, 0x10, 0xEF, 0x90, 0x64, 0x0E, 0xF9, 0x06, 0x40, 0xF1, 0x09,
  0xA0, 0xF1, 0x71, 0x08, 0xA7, 0x40, 0x8A, 0x74, 0x08, 0xA7, 0x40, 0x8A, 0x74, 0x08, 0xA7, 0x40,
  0x8A, 0x74, 0x08, 0xA6,
  // "ŧ" (U+0167), RLE, 18 bytes saved (25.0%)
  0x30, 0xE0, 0xC6, 0x81, 0x3F, 0xC6, 0x81, 0x8F, 0xC4, 0x02, 0x0A, 0xE0, 0x70, 0x8F, 0x84, 0x70,
  0x1C, 0xFC, 0x0F, 0x13, 0x81, 0xBF, 0xC6, 0x81, 0xBF, 0xC4, 0x05, 0xF0, 0x30, 0x5F, 0x84, 0x30,
  0x1C, 0xFC, 0x0F, 0x13, 0x81, 0xBF, 0xC6, 0x81, 0xBF, 0xC6, 0x09, 0xA8, 0x26, 0x12, 0x22, 0x03,
  0xD0, 0x93, 0x84, 0x4B, 0xEE, 0xD5,
  // "Ũ" (U+0168), RLE, 53 bytes saved (34.4%)
  0x73, 0x01, 0x58, 0x71, 0xBF, 0xEA, 0x42, 0xBD, 0x50, 0x9F, 0x08, 0x58, 0x6E, 0xA1, 0x29, 0xDE,
  0x97, 0x74, 0x81, 0xDF, 0xB7, 0x1A, 0x82, 0x9D, 0xFB, 0x71, 0xA8, 0x29, 0xDF, 0xB7, 0x1A, 0x82,
  0x9D, 0xFB, 0x71, 0xA8, 0x29, 0xDF, 0xB7, 0x1A, 0x82, 0x9D, 0xFB, 0x71, 0xA8, 0x29, 0xDF, 0xB7,
  0x1A, 0x82, 0x9D, 0xFB, 0x71, 0xA8, 0x29, 0xDF, 0xB7, 0x1A, 0x82, 0x9D, 0xFB, 0x71, 0xA8, 0x29,
  0xDF, 0xB7, 0x1A, 0x82, 0x8C, 0xFC, 0x70, 0x1A, 0x82, 0x7A, 0xFE, 0x70, 0x4A, 0x00, 0x5A, 0x07,
  0x68, 0x1C, 0xFE, 0x20, 0xCA, 0x84, 0x93, 0x11, 0x4B, 0xA0, 0x62, 0x01, 0x0C, 0xF9, 0x08, 0x58,
  0x65, 0xBE, 0xFE, 0xC9, 0x33,
  // "ũ" (U+0169), RLE, 27 bytes saved (23.1%)
  0x73, 0x01, 0x48, 0x71, 0xBF, 0xEA, 0x42, 0xBD, 0x40, 0x9F, 0x08, 0x48, 0x6E, 0xA1, 0x29, 0xDE,
  0x97, 0x72, 0x01, 0xA0, 0x65, 0x06, 0xA0, 0x01, 0xA0, 0x65, 0x06, 0xA0, 0x01, 0xA0, 0x65, 0x06,
  0xA0, 0x01, 0xA0, 0x65, 0x06, 0xA0, 0x01, 0xA0, 0x65, 0x06, 0xA0, 0x01, 0xA0, 0x65, 0x06, 0xA0,
  0x01, 0xA0, 0x65, 0x06, 0xA0, 0x01, 0xA0, 0x65, 0x07, 0xA0, 0x01, 0xA0, 0x75, 0x09, 0xA0, 0x11,
  0xA0, 0xA5, 0x0E, 0xA8, 0x11, 0x0C, 0xA0, 0x42, 0x01, 0x0A, 0xB8, 0x11, 0x04, 0xB0, 0xE0, 0xDA,
  0x09, 0xA0, 0x12, 0x85, 0x3A, 0xEF, 0xEA, 0x41, 0xA0, 0x10,
  // "Ū" (U+016A), RLE, 56 bytes saved (38.1%)
  0x38, 0x03, 0x17, 0xF0, 0x56, 0xF0, 0x57, 0x73, 0x81, 0xDF, 0xB7, 0x1A, 0x82, 0x9D, 0xFB, 0x71,
  0xA8, 0x29, 0xDF, 0xB7, 0x1A, 0x82, 0x9D, 0xFB, 0x71, 0xA8, 0x29, 0xDF, 0xB7, 0x1A, 0x82, 0x9D,
  0xFB, 0x71, 0xA8, 0x29, 0xDF, 0xB7, 0x1A, 0x82, 0x9D, 0xFB, 0x71, 0xA8, 0x29, 0xDF, 0xB7, 0x1A,
  0x82, 0x9D, 0xFB, 0x71, 0xA8, 0x29, 0xDF, 0xB7, 0x1A, 0x82, 0x8C, 0xFC, 0x70, 0x1A, 0x82, 0x7A,
  0xFE, 0x70, 0x4A, 0x00, 0x5A, 0x07, 0x68, 0x1C, 0xFE, 0x20, 0xCA, 0x84, 0x93, 0x11, 0x4B, 0xA0,
  0x62, 0x01, 0x0C, 0xF9, 0x08, 0x58, 0x65, 0xBE, 0xFE, 0xC9, 0x33,
  // "ū" (U+016B), RLE, 31 bytes saved (27.9%)
  0x38, 0x03, 0x16, 0xF0, 0x55, 0xF0, 0x57, 0x71, 0x01, 0xA0, 0x65, 0x06, 0xA0, 0x01, 0xA0, 0x65,
  0x06, 0xA0, 0x01, 0xA0, 0x65, 0x06, 0xA0, 0x01, 0xA0, 0x65, 0x06, 0xA0, 0x01, 0xA0, 0x65, 0x06,
  0xA0, 0x01, 0xA0, 0x65, 0x06, 0xA0, 0x01, 0xA0, 0x65, 0x06, 0xA0, 0x01, 0xA0, 0x65, 0x07, 0xA0,
  0x01, 0xA0, 0x75, 0x09, 0xA0, 0x11, 0xA0, 0xA5, 0x0E, 0xA8, 0x11, 0x0C, 0xA0, 0x42, 0x01, 0x0A,
  0xB8, 0x11, 0x04, 0xB0, 0xE0, 0xDA, 0x09, 0xA0, 0x12, 0x85, 0x3A, 0xEF, 0xEA, 0x41, 0xA0, 0x10,
  // "Ŭ" (U+016C), RLE, 51 bytes saved (33.1%)
  0x30, 0x70, 0x44, 0x05, 0x06, 0x68, 0x6C, 0xD3, 0x11, 0x5E, 0xA6, 0x05, 0xE0, 0x27, 0x84, 0x4C,
  0xEE, 0xB2, 0x77, 0x48, 0x1D, 0xFB, 0x71, 0xA8, 0x29, 0xDF, 0xB7, 0x1A, 0x82, 0x9D, 0xFB, 0x71,
  0xA8, 0x29, 0xDF, 0xB7, 0x1A, 0x82, 0x9D, 0xFB, 0x71, 0xA8, 0x29, 0xDF, 0xB7, 0x1A, 0x82, 0x9D,
  0xFB, 0x71, 0xA8, 0x29, 0xDF, 0xB7, 0x1A, 0x82, 0x9D, 0xFB, 0x71, 0xA8, 0x29, 0xDF, 0xB7, 0x1A,
  0x82, 0x9D, 0xFB, 0x71, 0xA8, 0x28, 0xCF, 0xC7, 0x01, 0xA8, 0x27, 0xAF, 0xE7, 0x04, 0xA0, 0x05,
  0xA0, 0x76, 0x81, 0xCF, 0xE2, 0x0C, 0xA8, 0x49, 0x31, 0x14, 0xBA, 0x06, 0x20, 0x10, 0xCF, 0x90,
  0x85, 0x86, 0x5B, 0xEF, 0xEC, 0x93, 0x30,
  // "ŭ" (U+016D), RLE, 26 bytes saved (22.2%)
  0x30, 0x70, 0x44, 0x05, 0x06, 0x58, 0x6C, 0xD3, 0x11, 0x5E, 0xA5, 0x05, 0xE0, 0x26, 0x84, 0x4C,
  0xEE, 0xB2, 0x77, 0x20, 0x1A, 0x06, 0x50, 0x6A, 0x00, 0x1A, 0x06, 0x50, 0x6A, 0x00, 0x1A, 0x06,
  0x50, 0x6A, 0x00, 0x1A, 0x06, 0x50, 0x6A, 0x00, 0x1A, 0x06, 0x50, 0x6A, 0x00, 0x1A, 0x06, 0x50,
  0x6A, 0x00, 0x1A, 0x06, 0x50, 0x6A, 0x00, 0x1A, 0x06, 0x50, 0x7A, 0x00, 0x1A, 0x07, 0x50, 0x9A,
  0x01, 0x1A, 0x0A, 0x50, 0xEA, 0x81, 0x10, 0xCA, 0x04, 0x20, 0x10, 0xAB, 0x81, 0x10, 0x4B, 0x0E,
  0x0D, 0xA0, 0x9A, 0x01, 0x28, 0x53, 0xAE, 0xFE, 0xA4, 0x1A, 0x01,
  // "Ů" (U+016E), RLE, 58 bytes saved (34.5%)
  0x48, 0x32, 0xBE, 0xC5, 0x72, 0x84, 0xCC, 0x38, 0xF2, 0x71, 0x98, 0x36, 0x01, 0xF5, 0x71, 0x84,
  0xDA, 0x06, 0xF3, 0x71, 0x04, 0x0E, 0xA0, 0x77, 0x40, 0x27, 0x77, 0x81, 0xDF, 0xB7, 0x1A, 0x82,
  0x9D, 0xFB, 0x71, 0xA8, 0x29, 0xDF, 0xB7, 0x1A, 0x82, 0x9D, 0xFB, 0x71, 0xA8, 0x29, 0xDF, 0xB7,
  0x1A, 0x82, 0x9D, 0xFB, 0x71, 0xA8, 0x29, 0xDF, 0xB7, 0x1A, 0x82, 0x9D, 0xFB, 0x71, 0xA8, 0x29,
  0xDF, 0xB7, 0x1A, 0x82, 0x9D, 0xFB, 0x71, 0xA8, 0x29, 0xDF, 0xB7, 0x1A, 0x82, 0x8C, 0xFC, 0x70,
  0x1A, 0x82, 0x7A, 0xFE, 0x70, 0x4A, 0x00, 0x5A, 0x07, 0x68, 0x1C, 0xFE, 0x20, 0xCA, 0x84, 0x93,
  0x11, 0x4B, 0xA0, 0x62, 0x01, 0x0C, 0xF9, 0x08, 0x58, 0x65, 0xBE, 0xFE, 0xC9, 0x33,
  // "ů" (U+016F), RLE, 33 bytes saved (25.4%)
  0x48, 0x32, 0xBE, 0xC5, 0x71, 0x84, 0xCC, 0x38, 0xF2, 0x79, 0x83, 0x60, 0x1F, 0x57, 0x84, 0xDA,
  0x06, 0xF3, 0x70, 0x40, 0xEA, 0x07, 0x73, 0x02, 0x77, 0x50, 0x1A, 0x06, 0x50, 0x6A, 0x00, 0x1A,
  0x06, 0x50, 0x6A, 0x00, 0x1A, 0x06, 0x50, 0x6A, 0x00, 0x1A, 0x06, 0x50, 0x6A, 0x00, 0x1A, 0x06,
  0x50, 0x6A, 0x00, 0x1A, 0x06, 0x50, 0x6A, 0x00, 0x1A, 0x06, 0x50, 0x6A, 0x00, 0x1A, 0x06, 0x50,
  0x7A, 0x00, 0x1A, 0x07, 0x50, 0x9A, 0x01, 0x1A, 0x0A, 0x50, 0xEA, 0x81, 0x10, 0xCA, 0x04, 0x20,
  0x10, 0xAB, 0x81, 0x10, 0x4B, 0x0E, 0x0D, 0xA0, 0x9A, 0x01, 0x28, 0x53, 0xAE, 0xFE, 0xA4, 0x1A,
  0x01,
  // "Ű" (U+0170), RLE, 48 bytes saved (31.2%)
  0x50, 0x2A, 0x83, 0x90, 0xCF, 0xD6, 0x86, 0xAF, 0xC0, 0x5F, 0xE3, 0x58, 0x64, 0xFD, 0x10, 0xDF,
  0x46, 0x85, 0xDC, 0x10, 0x8E, 0x47, 0x73, 0x81, 0xDF, 0xB7, 0x1A, 0x82, 0x9D, 0xFB, 0x71, 0xA8,
  0x29, 0xDF, 0xB7, 0x1A, 0x82, 0x9D, 0xFB, 0x71, 0xA8, 0x29, 0xDF, 0xB7, 0x1A, 0x82, 0x9D, 0xFB,
  0x71, 0xA8, 0x29, 0xDF, 0xB7, 0x1A, 0x82, 0x9D, 0xFB, 0x71, 0xA8, 0x29, 0xDF, 0xB7, 0x1A, 0x82,
  0x9D, 0xFB, 0x71, 0xA8, 0x29, 0xDF, 0xB7, 0x1A, 0x82, 0x8C, 0xFC, 0x70, 0x1A, 0x82, 0x7A, 0xFE,
  0x70, 0x4A, 0x00, 0x5A, 0x07, 0x68, 0x1C, 0xFE, 0x20, 0xCA, 0x84, 0x93, 0x11, 0x4B, 0xA0, 0x62,
  0x01, 0x0C, 0xF9, 0x08, 0x58, 0x65, 0xBE, 0xFE, 0xC9, 0x33,
  // "ű" (U+0171), RLE, 22 bytes saved (18.8%)
  0x40, 0x2A, 0x83, 0x90, 0xCF, 0xD5, 0x86, 0xAF, 0xC0, 0x5F, 0xE3, 0x48, 0x64, 0xFD, 0x10, 0xDF,
  0x45, 0x85, 0xDC, 0x10, 0x8E, 0x47, 0x72, 0x01, 0xA0, 0x65, 0x06, 0xA0, 0x01, 0xA0, 0x65, 0x06,
  0xA0, 0x01, 0xA0, 0x65, 0x06, 0xA0, 0x01, 0xA0, 0x65, 0x06, 0xA0, 0x01, 0xA0, 0x65, 0x06, 0xA0,
  0x01, 0xA0, 0x65, 0x06, 0xA0, 0x01, 0xA0, 0x65, 0x06, 0xA0, 0x01, 0xA0, 0x65, 0x07, 0xA0, 0x01,
  0xA0, 0x75, 0x09, 0xA0, 0x11, 0xA0, 0xA5, 0x0E, 0xA8, 0x11, 0x0C, 0xA0, 0x42, 0x01, 0x0A, 0xB8,
  0x11, 0x04, 0xB0, 0xE0, 0xDA, 0x09, 0xA0, 0x12, 0x85, 0x3A, 0xEF, 0xEA, 0x41, 0xA0, 0x10,
  // "Ų" (U+0172), RLE, 53 bytes saved (32.9%)
  0x81, 0xDF, 0xB7, 0x1A, 0x82, 0x9D, 0xFB, 0x71, 0xA8, 0x29, 0xDF, 0xB7, 0x1A, 0x82, 0x9D, 0xFB,
  0x71, 0xA8, 0x29, 0xDF, 0xB7, 0x1A, 0x82, 0x9D, 0xFB, 0x71, 0xA8, 0x29, 0xDF, 0xB7, 0x1A, 0x82,
  0x9D, 0xFB, 0x71, 0xA8, 0x29, 0xDF, 0xB7, 0x1A, 0x82, 0x9D, 0xFB, 0x71, 0xA8, 0x29, 0xDF, 0xB7,
  0x1A, 0x82, 0x9C, 0xFC, 0x70, 0x1A, 0x82, 0x8A, 0xFE, 0x70, 0x4A, 0x06, 0x05, 0xA0, 0x76, 0x0C,
  0xA8, 0x12, 0x0C, 0xA8, 0x49, 0x31, 0x14, 0xBA, 0x0A, 0x20, 0x10, 0xCF, 0x90, 0xC0, 0x14, 0x87,
  0x5B, 0xEF, 0xEE, 0xFD, 0x17, 0x38, 0x1B, 0xF3, 0x73, 0x81, 0x4F, 0x97, 0x48, 0x19, 0xF5, 0x74,
  0x83, 0x9F, 0x91, 0x17, 0x20, 0x5B, 0x08, 0x73, 0x82, 0x8E, 0xE7, 0x20,
  // "ų" (U+0173), RLE, 27 bytes saved (23.1%)
  0x01, 0xA0, 0x65, 0x06, 0xA0, 0x01, 0xA0, 0x65, 0x06, 0xA0, 0x01, 0xA0, 0x65, 0x06, 0xA0, 0x01,
  0xA0, 0x65, 0x06, 0xA0, 0x01, 0xA0, 0x65, 0x06, 0xA0, 0x01, 0xA0, 0x65, 0x06, 0xA0, 0x01, 0xA0,
  0x65, 0x06, 0xA0, 0x01, 0xA0, 0x65, 0x07, 0xA0, 0x01, 0xA0, 0x75, 0x09, 0xA0, 0x11, 0xA0, 0xA5,
  0x0E, 0xA8, 0x11, 0x0C, 0xA0, 0x42, 0x01, 0x0A, 0xB8, 0x11, 0x04, 0xB0, 0xE0, 0xDA, 0x09, 0xA0,
  0x12, 0x86, 0x3A, 0xEF, 0xEA, 0x48, 0xA0, 0x17, 0x18, 0x15, 0xF6, 0x73, 0x0D, 0x0E, 0x74, 0xA0,
  0x30, 0x17, 0x20, 0xCB, 0x02, 0x71, 0x83, 0x3C, 0xFD, 0x10,
  // "Ŵ" (U+0174), RLE, 69 bytes saved (27.3%)
  0x72, 0x06, 0xA0, 0xE0, 0x17, 0x73, 0x84, 0x2E, 0xFE, 0xFB, 0x77, 0x28, 0x61, 0xDF, 0x81, 0xDF,
  0x87, 0x71, 0x81, 0xCE, 0x62, 0x82, 0x1A, 0xF6, 0x77, 0x77, 0x28, 0x1A, 0xFE, 0x60, 0x3A, 0x0A,
  0x60, 0x6A, 0x03, 0x06, 0xA0, 0x35, 0x07, 0xA0, 0xE6, 0x83, 0xAF, 0xE0, 0x2A, 0x07, 0x50, 0xCB,
  0x04, 0x58, 0x1D, 0xFB, 0x28, 0x1D, 0xFB, 0x40, 0x1A, 0x81, 0xCF, 0x84, 0x02, 0xA0, 0x62, 0x81,
  0x9F, 0xE4, 0x84, 0x5F, 0xE7, 0xFD, 0x40, 0x6A, 0x02, 0x20, 0x5A, 0x03, 0x38, 0x29, 0xFA, 0x3A,
  0x02, 0x38, 0x1A, 0xFE, 0x30, 0x1A, 0x07, 0x38, 0x5E, 0xF6, 0x0E, 0xF6, 0x38, 0x1D, 0xFA, 0x48,
  0x1C, 0xFB, 0x20, 0x3A, 0x83, 0x20, 0xAF, 0xB2, 0x02, 0xA0, 0x54, 0x81, 0x8F, 0xE2, 0x81, 0x7F,
  0xD2, 0x05, 0xA2, 0x06, 0xA0, 0x14, 0x04, 0xA8, 0x33, 0x0B, 0xF9, 0x20, 0x1A, 0x83, 0x40, 0xAF,
  0xD6, 0xA0, 0x71, 0xA0, 0x43, 0x85, 0xCF, 0x90, 0xDF, 0x96, 0x82, 0xBF, 0xA4, 0xA4, 0x82, 0x7F,
  0xC2, 0xA0, 0x46, 0x84, 0x7F, 0xE7, 0xFB, 0x40, 0x3A, 0x06, 0xA0, 0x16, 0x03, 0xA8, 0x1B, 0xF6,
  0x58, 0x3E, 0xFB, 0xFC, 0x71, 0x0E, 0xB0, 0x25, 0x09, 0xB0, 0x87, 0x10, 0xBA, 0x0D, 0x60, 0x5B,
  0x03, 0x71, 0x06, 0xA0, 0x96, 0x01, 0xA0, 0xE5,
  // "ŵ" (U+0175), RLE, 34 bytes saved (19.9%)
  0x70, 0x6A, 0x0E, 0x01, 0x76, 0x84, 0x2E, 0xFE, 0xFB, 0x75, 0x86, 0x1D, 0xF8, 0x1D, 0xF8, 0x74,
  0x81, 0xCE, 0x62, 0x82, 0x1A, 0xF6, 0x77, 0x73, 0x81, 0x9F, 0xE5, 0x0D, 0xA0, 0x34, 0x82, 0x9F,
  0xE5, 0xA0, 0x33, 0x02, 0xB0, 0x84, 0x82, 0xDF, 0xA1, 0xA0, 0x73, 0x83, 0x6F, 0xDF, 0xC3, 0x01,
  0xA8, 0x36, 0x0C, 0xFB, 0x38, 0x1B, 0xF6, 0xA0, 0x12, 0x05, 0xA8, 0x12, 0x07, 0xA3, 0xA8, 0x22,
  0xCF, 0x52, 0x81, 0x9F, 0xD2, 0x03, 0xA8, 0x73, 0x04, 0xFD, 0x08, 0xFA, 0x28, 0x1D, 0xF8, 0x38,
  0x93, 0xEF, 0x70, 0x9F, 0x90, 0x4F, 0xE0, 0x2A, 0x04, 0x38, 0x5A, 0xFB, 0x0D, 0xF4, 0x28, 0x2E,
  0xF3, 0x6A, 0x48, 0x26, 0xFE, 0x2A, 0x38, 0x4A, 0xF7, 0x9F, 0xB4, 0x01, 0xA8, 0x17, 0xFB, 0x38,
  0x46, 0xFA, 0xDF, 0x75, 0x83, 0xDF, 0xDF, 0x63, 0x81, 0x2F, 0xEA, 0x02, 0x50, 0x8B, 0x01, 0x40,
  0xDA, 0x0D, 0x60, 0x4A, 0x0C, 0x50, 0x8A, 0x09, 0x30,
  // "Ŷ" (U+0176), RLE, 54 bytes saved (35.1%)
  0x50, 0x6A, 0x0E, 0x01, 0x71, 0x84, 0x2E, 0xFE, 0xFB, 0x78, 0x61, 0xDF, 0x81, 0xDF, 0x86, 0x81,
  0xCE, 0x62, 0x82, 0x1A, 0xF6, 0x77, 0x20, 0xBA, 0x01, 0x68, 0x31, 0xEF, 0xB3, 0xA0, 0x96, 0x09,
  0xA8, 0x12, 0x09, 0xA0, 0x24, 0x01, 0xA0, 0x92, 0x01, 0xA0, 0xA4, 0x82, 0x9F, 0xE1, 0x30, 0x8A,
  0x02, 0x20, 0x2A, 0x08, 0x48, 0x21, 0xEF, 0xA2, 0x81, 0xAF, 0xE6, 0x07, 0xA0, 0x03, 0xA0, 0x67,
  0x84, 0xDF, 0xBB, 0xFD, 0x71, 0x05, 0xC0, 0x57, 0x20, 0xCA, 0x0C, 0x73, 0x05, 0xA0, 0x57, 0x30,
  0x4A, 0x04, 0x73, 0x04, 0xA0, 0x47, 0x30, 0x4A, 0x04, 0x73, 0x04, 0xA0, 0x47, 0x30, 0x4A, 0x04,
  0x73, 0x04, 0xA0, 0x45,
  // "ŷ" (U+0177), RLE, 44 bytes saved (28.2%)
  0x40, 0x6A, 0x0E, 0x01, 0x78, 0x42, 0xEF, 0xEF, 0xB6, 0x86, 0x1D, 0xF8, 0x1D, 0xF8, 0x58, 0x1C,
  0xE6, 0x28, 0x21, 0xAF, 0x67, 0x71, 0x81, 0xCF, 0xE6, 0x04, 0xA0, 0x70, 0x5A, 0x04, 0x50, 0x9A,
  0x83, 0x10, 0xEF, 0xA5, 0x81, 0xEF, 0xB2, 0x81, 0x9F, 0xE4, 0x04, 0xA0, 0x52, 0x03, 0xA0, 0x53,
  0x81, 0x9F, 0xE4, 0x81, 0xCF, 0xB3, 0x81, 0xEF, 0x94, 0x06, 0xA8, 0x11, 0x04, 0xA0, 0x34, 0x01,
  0xA8, 0x36, 0x09, 0xFD, 0x68, 0x59, 0xFC, 0x0E, 0xF7, 0x60, 0x3A, 0x05, 0xA0, 0x17, 0x83, 0xDF,
  0xCF, 0xB7, 0x10, 0x7B, 0x05, 0x71, 0x01, 0xA0, 0xE7, 0x38, 0x1E, 0xF9, 0x72, 0x04, 0xA0, 0x47,
  0x28, 0x1B, 0xFC, 0x68, 0x21, 0x12, 0xAA, 0x05, 0x60, 0x8C, 0x08, 0x78, 0x37, 0xEF, 0xC6, 0x71,
  // "Ÿ" (U+0178), RLE, 55 bytes saved (37.4%)
  0x38, 0x15, 0xFC, 0x28, 0x1B, 0xF6, 0x68, 0x14, 0xEB, 0x28, 0x1A, 0xE5, 0x77, 0x77, 0x30, 0xBA,
  0x01, 0x68, 0x31, 0xEF, 0xB3, 0xA0, 0x96, 0x09, 0xA8, 0x12, 0x09, 0xA0, 0x24, 0x01, 0xA0, 0x92,
  0x01, 0xA0, 0xA4, 0x82, 0x9F, 0xE1, 0x30, 0x8A, 0x02, 0x20, 0x2A, 0x08, 0x48, 0x21, 0xEF, 0xA2,
  0x81, 0xAF, 0xE6, 0x07, 0xA0, 0x03, 0xA0, 0x67, 0x84, 0xDF, 0xBB, 0xFD, 0x71, 0x05, 0xC0, 0x57,
  0x20, 0xCA, 0x0C, 0x73, 0x05, 0xA0, 0x57, 0x30, 0x4A, 0x04, 0x73, 0x04, 0xA0, 0x47, 0x30, 0x4A,
  0x04, 0x73, 0x04, 0xA0, 0x47, 0x30, 0x4A, 0x04, 0x73, 0x04, 0xA0, 0x45,
  // "Ź" (U+0179), RLE, 64 bytes saved (44.8%)
  0x78, 0x2D, 0xFE, 0x27, 0x10, 0x8A, 0x04, 0x71, 0x03, 0xA0, 0x57, 0x28, 0x1D, 0xE4, 0x77, 0x50,
  0xEF, 0xB8, 0x1B, 0x0E, 0xFB, 0x0A, 0x18, 0x04, 0x10, 0xBA, 0x03, 0x71, 0x05, 0xA0, 0x87, 0x18,
  0x21, 0xEF, 0xD7, 0x20, 0xAA, 0x03, 0x71, 0x05, 0xA0, 0x87, 0x18, 0x21, 0xEF, 0xD7, 0x20, 0xAA,
  0x03, 0x71, 0x05, 0xA0, 0x87, 0x18, 0x21, 0xEF, 0xD7, 0x20, 0xAA, 0x03, 0x71, 0x05, 0xA0, 0x87,
  0x18, 0x21, 0xEF, 0xD7, 0x20, 0xAA, 0x04, 0x80, 0x41, 0x02, 0xFC, 0x0E, 0x02, 0xFC, 0x0E,
  // "ź" (U+017A), RLE, 39 bytes saved (39.4%)
  0x68, 0x2D, 0xFE, 0x26, 0x08, 0xA0, 0x46, 0x03, 0xA0, 0x57, 0x81, 0xDE, 0x47, 0x72, 0x0B, 0xF9,
  0x81, 0x50, 0xBF, 0x90, 0x52, 0x80, 0x11, 0x81, 0xCF, 0xD7, 0x07, 0xA0, 0x36, 0x03, 0xA0, 0x76,
  0x82, 0x1D, 0xFB, 0x78, 0x2A, 0xFE, 0x16, 0x06, 0xA0, 0x46, 0x82, 0x2E, 0xF8, 0x78, 0x1C, 0xFC,
  0x70, 0x8A, 0x03, 0x80, 0x11, 0x10, 0x1F, 0xA0, 0x80, 0x2F, 0xA0, 0x80,
  // "Ż" (U+017B), RLE, 68 bytes saved (47.6%)
  0x68, 0x18, 0xD6, 0x73, 0xA0, 0xC7, 0x38, 0x1A, 0xE7, 0x77, 0x77, 0x30, 0xEF, 0xB8, 0x1B, 0x0E,
  0xFB, 0x0A, 0x18, 0x04, 0x10, 0xBA, 0x03, 0x71, 0x05, 0xA0, 0x87, 0x18, 0x21, 0xEF, 0xD7, 0x20,
  0xAA, 0x03, 0x71, 0x05, 0xA0, 0x87, 0x18, 0x21, 0xEF, 0xD7, 0x20, 0xAA, 0x03, 0x71, 0x05, 0xA0,
  0x87, 0x18, 0x21, 0xEF, 0xD7, 0x20, 0xAA, 0x03, 0x71, 0x05, 0xA0, 0x87, 0x18, 0x21, 0xEF, 0xD7,
  0x20, 0xAA, 0x04, 0x80, 0x41, 0x02, 0xFC, 0x0E, 0x02, 0xFC, 0x0E,
  // "ż" (U+017C), RLE, 42 bytes saved (42.4%)
  0x48, 0x18, 0xD6, 0x71, 0xA0, 0xC7, 0x18, 0x1A, 0xE7, 0x77, 0x76, 0x0B, 0xF9, 0x81, 0x50, 0xBF,
  0x90, 0x52, 0x80, 0x11, 0x81, 0xCF, 0xD7, 0x07, 0xA0, 0x36, 0x03, 0xA0, 0x76, 0x82, 0x1D, 0xFB,
  0x78, 0x2A, 0xFE, 0x16, 0x06, 0xA0, 0x46, 0x82, 0x2E, 0xF8, 0x78, 0x1C, 0xFC, 0x70, 0x8A, 0x03,
  0x80, 0x11, 0x10, 0x1F, 0xA0, 0x80, 0x2F, 0xA0, 0x80,
  // "Ž" (U+017D), RLE, 57 bytes saved (39.9%)
  0x38, 0x1D, 0xE5, 0x38, 0x1A, 0xF7, 0x48, 0x61, 0xDF, 0x71, 0xCF, 0x96, 0x84, 0x3E, 0xFE, 0xFB,
  0x71, 0x06, 0xA0, 0xE0, 0x17, 0x73, 0x0E, 0xFB, 0x81, 0xB0, 0xEF, 0xB0, 0xA1, 0x80, 0x41, 0x0B,
  0xA0, 0x37, 0x10, 0x5A, 0x08, 0x71, 0x82, 0x1E, 0xFD, 0x72, 0x0A, 0xA0, 0x37, 0x10, 0x5A, 0x08,
  0x71, 0x82, 0x1E, 0xFD, 0x72, 0x0A, 0xA0, 0x37, 0x10, 0x5A, 0x08, 0x71, 0x82, 0x1E, 0xFD, 0x72,
  0x0A, 0xA0, 0x37, 0x10, 0x5A, 0x08, 0x71, 0x82, 0x1E, 0xFD, 0x72, 0x0A, 0xA0, 0x48, 0x04, 0x10,
  0x2F, 0xC0, 0xE0, 0x2F, 0xC0, 0xE0,
  // "ž" (U+017E), RLE, 32 bytes saved (32.3%)
  0x18, 0x1D, 0xE5, 0x38, 0x1A, 0xF7, 0x28, 0x61, 0xDF, 0x71, 0xCF, 0x94, 0x84, 0x3E, 0xFE, 0xFB,
  0x60, 0x6A, 0x0E, 0x01, 0x77, 0x10, 0xBF, 0x98, 0x15, 0x0B, 0xF9, 0x05, 0x28, 0x01, 0x18, 0x1C,
  0xFD, 0x70, 0x7A, 0x03, 0x60, 0x3A, 0x07, 0x68, 0x21, 0xDF, 0xB7, 0x82, 0xAF, 0xE1, 0x60, 0x6A,
  0x04, 0x68, 0x22, 0xEF, 0x87, 0x81, 0xCF, 0xC7, 0x08, 0xA0, 0x38, 0x01, 0x11, 0x01, 0xFA, 0x08,
  0x02, 0xFA, 0x08,
  // "ſ" (U+017F), RLE, 22 bytes saved (34.9%)
  0x18, 0x53, 0xAD, 0xFD, 0x94, 0xD0, 0xA0, 0xBA, 0x85, 0x51, 0x43, 0xEF, 0xA4, 0xA0, 0x84, 0xA0,
  0x84, 0xA0, 0x84, 0xA0, 0x84, 0xA0, 0x84, 0xA0, 0x84, 0xA0, 0x84, 0xA0, 0x84, 0xA0, 0x84, 0xA0,
  0x84, 0xA0, 0x84, 0xA0, 0x84, 0xA0, 0x84, 0xA0, 0x84,
  // "Ω" (U+03A9), RLE, 44 bytes saved (28.8%)
  0x58, 0x73, 0x8C, 0xEF, 0xDC, 0x72, 0x70, 0x10, 0xAF, 0xA0, 0x86, 0x0C, 0xA8, 0x5B, 0x52, 0x12,
  0x6D, 0xA0, 0xA4, 0x08, 0xA0, 0x87, 0x0B, 0xA0, 0x53, 0x81, 0xEF, 0xD7, 0x18, 0x21, 0xEF, 0xC2,
  0x04, 0xA0, 0x77, 0x20, 0x9A, 0x81, 0x20, 0x6A, 0x03, 0x72, 0x06, 0xA8, 0x14, 0x07, 0xA0, 0x27,
  0x20, 0x5A, 0x81, 0x50, 0x7A, 0x03, 0x72, 0x06, 0xA8, 0x14, 0x05, 0xA0, 0x57, 0x20, 0x8A, 0x81,
  0x20, 0x1A, 0x09, 0x72, 0x81, 0xCF, 0xD3, 0x81, 0xAF, 0xD7, 0x10, 0x1A, 0x07, 0x38, 0x22, 0xEF,
  0x67, 0x81, 0x9F, 0xD5, 0x82, 0x5F, 0xE3, 0x58, 0x25, 0xFE, 0x33, 0x0F, 0x18, 0x26, 0xFE, 0x43,
  0x86, 0x7F, 0xE4, 0x11, 0x12, 0xE0, 0xE2, 0x01, 0xF0, 0x2E, 0x0E, 0x20, 0x1F,
  // "μ" (U+03BC), RLE, 38 bytes saved (33.3%)
  0xA0, 0x85, 0x04, 0xA0, 0x3A, 0x08, 0x50, 0x4A, 0x03, 0xA0, 0x85, 0x04, 0xA0, 0x3A, 0x08, 0x50,
  0x4A, 0x03, 0xA0, 0x85, 0x04, 0xA0, 0x3A, 0x08, 0x50, 0x4A, 0x03, 0xA0, 0x85, 0x05, 0xA0, 0x3A,
  0x08, 0x50, 0x6A, 0x03, 0xA0, 0x95, 0x09, 0xA0, 0x3A, 0x0C, 0x50, 0xEA, 0x03, 0xB8, 0x39, 0x21,
  0x4B, 0xB0, 0x3F, 0x90, 0x6A, 0x03, 0xA8, 0x90, 0x8A, 0xEE, 0xC4, 0x0D, 0xF3, 0xA0, 0x77, 0x2A,
  0x08, 0x72, 0xA0, 0x87, 0x2A, 0x08, 0x72, 0xA0, 0x87, 0x2A, 0x08, 0x72,
  // "π" (U+03C0), RLE, 33 bytes saved (31.7%)
  0x02, 0x0A, 0xFE, 0x09, 0x0B, 0xFF, 0x82, 0x90, 0x12, 0xA8, 0x47, 0x11, 0x11, 0x8A, 0x00, 0x13,
  0x01, 0xA0, 0x74, 0x08, 0xA5, 0x01, 0xA0, 0x74, 0x08, 0xA5, 0x01, 0xA0, 0x74, 0x08, 0xA5, 0x01,
  0xA0, 0x74, 0x08, 0xA5, 0x01, 0xA0, 0x74, 0x08, 0xA5, 0x01, 0xA0, 0x74, 0x08, 0xA5, 0x01, 0xA0,
  0x74, 0x08, 0xA5, 0x01, 0xA0, 0x74, 0x06, 0xA8, 0x15, 0x21, 0x20, 0x1A, 0x07, 0x40, 0x2C, 0x04,
  0x20, 0x1A, 0x07, 0x58, 0x35, 0xDF, 0xD2,
  // "–" (U+2013), RLE, 11 bytes saved (73.3%)
  0x80, 0x61, 0xFF, 0xE0,
  // "—" (U+2014), RLE, 28 bytes saved (84.8%)
  0x80, 0xA2, 0x18, 0x0D, 0x0F,
  // "₂" (U+2082), RLE, 5 bytes saved (11.4%)
  0x28, 0x67, 0xBB, 0x81, 0x01, 0xDC, 0x89, 0x0D, 0x10, 0xB8, 0x11, 0xCF, 0x65, 0x81, 0x8F, 0x75,
  0x81, 0xCF, 0x34, 0x81, 0x7F, 0xA4, 0x81, 0x6F, 0xC4, 0x82, 0x6F, 0xC1, 0x38, 0x26, 0xFC, 0x13,
  0x04, 0xA8, 0x00, 0xC0, 0x70, 0x6E, 0x09,
  // "₃" (U+2083), uncompressed
  0x01, 0x7B, 0xB8, 0x10, 0x3E, 0xFF, 0xFF, 0xD1, 0x0B, 0x61, 0x1C, 0xF6, 0x00, 0x00, 0x07, 0xF7,
  0x00, 0x00, 0x3D, 0xF2, 0x00, 0xEF, 0xFE, 0x40, 0x00, 0xBC, 0xDF, 0xD2, 0x00, 0x00, 0x05, 0xFB,
  0x22, 0x00, 0x05, 0xFB, 0x7F, 0xEC, 0xDF, 0xF6, 0x29, 0xDF, 0xEC, 0x50,
  // "₄" (U+2084), RLE, 7 bytes saved (15.6%)
  0x48, 0x17, 0xFE, 0x50, 0x3A, 0x0E, 0x58, 0x2D, 0xBF, 0xE4, 0x83, 0xAE, 0x3F, 0xE3, 0x84, 0x5F,
  0x42, 0xFE, 0x28, 0x52, 0xE8, 0x02, 0xFE, 0x20, 0xB9, 0x0F, 0xCA, 0x81, 0xC4, 0xCF, 0x06, 0x48,
  0x12, 0xFE, 0x68, 0x12, 0xFE, 0x20,
  // "₅" (U+2085), RLE, 4 bytes saved (9.1%)
  0x10, 0x78, 0x01, 0xC8, 0x13, 0x0A, 0xD8, 0x24, 0x0B, 0xE6, 0x00, 0xC6, 0x84, 0xDE, 0xBB, 0x81,
  0x20, 0xEC, 0x89, 0x0E, 0x30, 0x12, 0x01, 0x9F, 0xB5, 0x83, 0x2F, 0xD1, 0x33, 0x86, 0x6F, 0xB3,
  0xFE, 0xCD, 0xA8, 0x64, 0x19, 0xDF, 0xEB, 0x31,
  // "€" (U+20AC), RLE, 39 bytes saved (32.8%)
  0x58, 0x61, 0x7C, 0xEF, 0xDB, 0x55, 0x04, 0x0E, 0xF0, 0x33, 0x89, 0x02, 0xEF, 0xE6, 0x31, 0x39,
  0xA4, 0x82, 0xCF, 0xE2, 0x72, 0x03, 0xA0, 0x77, 0x30, 0x7A, 0x02, 0x71, 0x05, 0xFA, 0x07, 0x38,
  0x33, 0xAE, 0xFE, 0x80, 0x1A, 0x05, 0x58, 0x1C, 0xFC, 0x72, 0x89, 0x03, 0xAE, 0xFE, 0xAA, 0xAA,
  0x74, 0x05, 0xF9, 0x0B, 0x60, 0x6A, 0x02, 0x73, 0x02, 0xA0, 0x77, 0x40, 0xBA, 0x02, 0x73, 0x89,
  0x02, 0xEF, 0xE7, 0x21, 0x35, 0x95, 0x04, 0x0E, 0xE0, 0xD6, 0x86, 0x17, 0xCE, 0xFD, 0xB6, 0x10,
  // "₿" (U+20BF), RLE, 19 bytes saved (15.0%)
  0x28, 0x43, 0x71, 0x17, 0x25, 0x84, 0x6F, 0x13, 0xF5, 0x58, 0x46, 0xF1, 0x3F, 0x53, 0x0B, 0xC8,
  0x2E, 0xFA, 0x32, 0x0B, 0xF9, 0x87, 0x60, 0xBF, 0xD1, 0x12, 0x7B, 0x82, 0x1B, 0xFD, 0x40, 0x7A,
  0x82, 0x4B, 0xFD, 0x40, 0x4A, 0x82, 0x5B, 0xFD, 0x40, 0x7A, 0x82, 0x3B, 0xFD, 0x38, 0x44, 0xEF,
  0xB0, 0xBF, 0x82, 0x91, 0x0B, 0xF8, 0x91, 0xC3, 0x0B, 0xFD, 0x11, 0x15, 0xDA, 0x82, 0x3B, 0xFD,
  0x40, 0x2A, 0x82, 0xAB, 0xFD, 0x58, 0x4E, 0xFD, 0xBF, 0xD5, 0x84, 0xEF, 0xCB, 0xFD, 0x40, 0x3A,
  0x87, 0xAB, 0xFD, 0x11, 0x14, 0xDA, 0x04, 0x0B, 0xF9, 0x81, 0x80, 0xBE, 0x0B, 0x04, 0x48, 0x46,
  0xF1, 0x3F, 0x55, 0x84, 0x6F, 0x13, 0xF5, 0x58, 0x43, 0x70, 0x17, 0x23,
  // "‘" (U+2018), uncompressed
  0x00, 0xDF, 0x10, 0x3F, 0xD0, 0x09, 0xF9, 0x00, 0xEF, 0x60, 0x5F, 0xF3, 0x09, 0xFF, 0x10,
  // "’" (U+2019), uncompressed
  0x09, 0xFF, 0x10, 0xBF, 0xD0, 0x0E, 0xF8, 0x02, 0xFF, 0x20, 0x5F, 0xB0, 0x09, 0xF5, 0x00,
  // "‚" (U+201A), uncompressed
  0x09, 0xFF, 0x10, 0xBF, 0xD0, 0x0E, 0xF8, 0x02, 0xFF, 0x20, 0x5F, 0xB0, 0x09, 0xF5, 0x00,
  // "‛" (U+201B), uncompressed
  0x9F, 0xF1, 0x05, 0xFF, 0x40, 0x0E, 0xF7, 0x00, 0x9F, 0xA0, 0x03, 0xFD, 0x00, 0x0C, 0xF1,
  // "“" (U+201C), uncompressed
  0x00, 0xDF, 0x10, 0x2F, 0xC0, 0x3F, 0xD0, 0x08, 0xF9, 0x0A, 0xF9, 0x00, 0xEF, 0x50, 0xEF, 0x60,
  0x4F, 0xF2, 0x5F, 0xF3, 0x09, 0xFF, 0x09, 0xFF, 0x10, 0xEF, 0xC0,
  // "”" (U+201D), uncompressed
  0x09, 0xFF, 0x10, 0xDF, 0xC0, 0xBF, 0xC0, 0x0F, 0xF8, 0x0E, 0xF7, 0x03, 0xFF, 0x32, 0xFF, 0x20,
  0x6F, 0xD0, 0x5F, 0xB0, 0x0A, 0xF7, 0x09, 0xF5, 0x00, 0xDF, 0x10,
  // "„" (U+201E), uncompressed
  0x09, 0xFF, 0x10, 0xDF, 0xC0, 0xBF, 0xC0, 0x0F, 0xF8, 0x0E, 0xF7, 0x03, 0xFF, 0x32, 0xFF, 0x20,
  0x6F, 0xD0, 0x5F, 0xB0, 0x0A, 0xF7, 0x09, 0xF5, 0x00, 0xDF, 0x10,
  // "‟" (U+201F), uncompressed
  0x9F, 0xF1, 0x0E, 0xFC, 0x05, 0xFF, 0x30, 0xAF, 0xF0, 0x0F, 0xF6, 0x04, 0xFF, 0x20, 0xAF, 0x90,
  0x0E, 0xF5, 0x03, 0xFD, 0x00, 0x8F, 0x90, 0x0D, 0xF1, 0x02, 0xFC,
  // "†" (U+2020), RLE, 32 bytes saved (35.6%)
  0x30, 0x3A, 0x05, 0x60, 0x1A, 0x03, 0x78, 0x1E, 0xF1, 0x70, 0xD0, 0xE4, 0x89, 0x13, 0x65, 0x3C,
  0xD3, 0x56, 0x67, 0xF9, 0x89, 0x1C, 0x5A, 0x87, 0xCD, 0x68, 0x98, 0x40, 0xB0, 0xC7, 0x10, 0xC0,
  0xD7, 0x10, 0xC0, 0xE7, 0x10, 0xD9, 0x71, 0x0E, 0x97, 0x1A, 0x01, 0x7A, 0x02, 0x60, 0x1A, 0x03,
  0x60, 0x2A, 0x03, 0x60, 0x2A, 0x04, 0x60, 0x3A, 0x05, 0x30,
  // "‡" (U+2021), RLE, 28 bytes saved (31.1%)
  0x30, 0x2A, 0x06, 0x7A, 0x04, 0x78, 0x1D, 0xF1, 0x70, 0xB9, 0x48, 0x91, 0x8D, 0xCA, 0xDE, 0xAB,
  0xDD, 0x9F, 0x98, 0x91, 0xE2, 0x21, 0x0A, 0xE0, 0x12, 0x34, 0x81, 0xDF, 0x27, 0xA0, 0x47, 0xA0,
  0x47, 0x81, 0xDF, 0x13, 0x89, 0x12, 0x21, 0x0A, 0xE0, 0x12, 0x39, 0xF9, 0x89, 0x1E, 0x8D, 0xCA,
  0xDE, 0xAB, 0xDD, 0x40, 0xB9, 0x71, 0x81, 0xDF, 0x17, 0xA0, 0x46, 0x02, 0xA0, 0x63,
  // "•" (U+2022), RLE, 1 byte saved (4.8%)
  0x18, 0x64, 0xCE, 0xC4, 0x01, 0xEB, 0x81, 0xE1, 0x4D, 0x00, 0x4D, 0x81, 0x41, 0xEB, 0x86, 0xE1,
  0x04, 0xCE, 0xC4, 0x10,
  // "…" (U+2026), uncompressed
  0x1C, 0xE7, 0x00, 0x1C, 0xE7, 0x00, 0x01, 0xCE, 0x75, 0xFF, 0xD0, 0x05, 0xFF, 0xD0, 0x00, 0x5F,
  0xFD, 0x1C, 0xE7, 0x00, 0x1C, 0xE7, 0x00, 0x01, 0xCE, 0x70,
  // "‰" (U+2030), RLE, 32 bytes saved (13.9%)
  0x18, 0x33, 0xCF, 0xD7, 0x68, 0x16, 0xFB, 0x75, 0x01, 0x0E, 0xC0, 0x75, 0x81, 0xDF, 0x37, 0x58,
  0x57, 0xFC, 0x27, 0xFE, 0x48, 0x17, 0xF9, 0x76, 0x81, 0xBF, 0x52, 0x81, 0xDF, 0x42, 0x82, 0x1E,
  0xE1, 0x76, 0x81, 0xDF, 0x32, 0x81, 0xBF, 0x62, 0x81, 0x9F, 0x77, 0x78, 0x1E, 0xF2, 0x28, 0x5A,
  0xF6, 0x03, 0xFE, 0x77, 0x18, 0x1D, 0xF3, 0x28, 0x92, 0xBF, 0x60, 0xBF, 0x65, 0xDF, 0xE8, 0x40,
  0x9A, 0x84, 0xC3, 0x0B, 0xF5, 0x28, 0x5D, 0xF4, 0x4F, 0xC3, 0xD0, 0x72, 0x09, 0xC8, 0x5E, 0x17,
  0xFC, 0x16, 0xA8, 0x93, 0x1D, 0xF4, 0x9F, 0xB1, 0x7F, 0xE0, 0x1A, 0x85, 0x51, 0xCF, 0x71, 0xEC,
  0x86, 0x86, 0xFB, 0x0D, 0xF4, 0x28, 0x4E, 0xF3, 0x5F, 0xD2, 0x84, 0x6F, 0xB0, 0x3D, 0xA8, 0x39,
  0x1E, 0xF2, 0x1A, 0x02, 0x28, 0x4C, 0xF5, 0x6F, 0xA2, 0x81, 0x3F, 0xD6, 0x81, 0x8F, 0x92, 0xA0,
  0x12, 0x84, 0xBF, 0x57, 0xF9, 0x28, 0x12, 0xFE, 0x58, 0x21, 0xFE, 0x12, 0xA0, 0x22, 0x84, 0xCF,
  0x56, 0xFA, 0x28, 0x13, 0xFD, 0x58, 0x1A, 0xF7, 0x38, 0x1C, 0xF5, 0x28, 0x4E, 0xF3, 0x4F, 0xD2,
  0x81, 0x6F, 0xB4, 0x81, 0x3F, 0xD4, 0x85, 0x8F, 0xC2, 0x8F, 0xE2, 0x85, 0xEF, 0x62, 0xDF, 0x74,
  0x81, 0xBF, 0x54, 0x01, 0x0E, 0xC0, 0x72, 0x08, 0xC0, 0xE0, 0x13, 0x81, 0x5F, 0xC6, 0x83, 0x3C,
  0xFD, 0x74, 0x83, 0x8E, 0xFB, 0x31,
  // "‹" (U+2039), uncompressed
  0x00, 0x01, 0x40, 0x00, 0x0B, 0xF9, 0x00, 0x9F, 0xE2, 0x06, 0xFF, 0x40, 0x4F, 0xF7, 0x00, 0xEF,
  0xC0, 0x00, 0x6F, 0xF4, 0x00, 0x09, 0xFE, 0x20, 0x00, 0xBF, 0xD1, 0x00, 0x1D, 0xF9, 0x00, 0x02,
  0x70,
  // "›" (U+203A), uncompressed
  0x04, 0x00, 0x00, 0xBF, 0x90, 0x00, 0x4F, 0xF6, 0x00, 0x06, 0xFF, 0x40, 0x00, 0x9F, 0xE2, 0x00,
  0x0E, 0xFC, 0x00, 0x7F, 0xF4, 0x04, 0xFF, 0x70, 0x2E, 0xF9, 0x00, 0xCF, 0xB0, 0x00, 0x18, 0x10,
  0x00,
  // "⁄" (U+2044), RLE, 49 bytes saved (44.1%)
  0x73, 0x81, 0xAF, 0x57, 0x28, 0x14, 0xFC, 0x73, 0x81, 0xDF, 0x37, 0x28, 0x17, 0xF9, 0x72, 0x82,
  0x2F, 0xE1, 0x72, 0x81, 0xAF, 0x67, 0x28, 0x14, 0xFC, 0x73, 0x81, 0xDF, 0x37, 0x28, 0x17, 0xF9,
  0x72, 0x82, 0x1E, 0xE1, 0x72, 0x81, 0xAF, 0x67, 0x28, 0x14, 0xFC, 0x73, 0x81, 0xDF, 0x37, 0x28,
  0x17, 0xF9, 0x72, 0x82, 0x1E, 0xE1, 0x72, 0x81, 0xAF, 0x67, 0x28, 0x14, 0xFC, 0x73,
  // "™" (U+2122), uncompressed
  0x9F, 0xFF, 0xFF, 0xC3, 0xFF, 0x30, 0x00, 0x8F, 0xC1, 0x24, 0xF7, 0x22, 0x3F, 0xF9, 0x00, 0x0D,
  0xFC, 0x00, 0x2F, 0x50, 0x03, 0xFA, 0xE0, 0x04, 0xEB, 0xC0, 0x02, 0xF5, 0x00, 0x3F, 0x5F, 0x40,
  0xA9, 0xBC, 0x00, 0x2F, 0x50, 0x03, 0xF3, 0xCA, 0x0F, 0x3B, 0xC0, 0x02, 0xF5, 0x00, 0x3F, 0x36,
  0xF7, 0xD0, 0xBC, 0x00, 0x2F, 0x50, 0x03, 0xF3, 0x1F, 0xF7, 0x0B, 0xC0, 0x02, 0xF5, 0x00, 0x3F,
  0x30, 0xAF, 0x10, 0xBC, 0x00, 0x02, 0x00, 0x00, 0x20, 0x01, 0x20, 0x01, 0x20,
  // "⅒" (U+2152), RLE, 48 bytes saved (22.5%)
  0x20, 0x7A, 0x01, 0x68, 0x1A, 0xF5, 0x73, 0x01, 0x0B, 0xB0, 0x15, 0x81, 0x4F, 0xC7, 0x48, 0x4C,
  0xF6, 0xDF, 0x15, 0x81, 0xDF, 0x37, 0x48, 0x42, 0x20, 0xEF, 0x14, 0x81, 0x7F, 0x97, 0x71, 0x81,
  0xEF, 0x13, 0x82, 0x2F, 0xE1, 0x77, 0x18, 0x1E, 0xF1, 0x38, 0x1A, 0xF6, 0x77, 0x28, 0x1E, 0xF1,
  0x28, 0x14, 0xFC, 0x78, 0x35, 0xAB, 0x81, 0x58, 0x1E, 0xF1, 0x28, 0x3D, 0xF3, 0x07, 0xA8, 0x11,
  0x07, 0xC0, 0xE0, 0x14, 0x87, 0xEF, 0x10, 0x7F, 0x91, 0xBB, 0x00, 0x1A, 0x83, 0x51, 0xBF, 0x94,
  0x89, 0x6E, 0xF1, 0x1E, 0xE1, 0xCF, 0x6D, 0xF1, 0x5F, 0xC2, 0x81, 0x3F, 0xE7, 0x89, 0x3A, 0xF6,
  0x02, 0x20, 0xEF, 0x17, 0xF9, 0x3A, 0x01, 0x58, 0x14, 0xFC, 0x58, 0x4E, 0xF1, 0x8F, 0x93, 0xA0,
  0x15, 0x81, 0xDF, 0x35, 0x84, 0xEF, 0x17, 0xF9, 0x3A, 0x01, 0x48, 0x17, 0xF9, 0x68, 0x4E, 0xF1,
  0x5F, 0xB2, 0x81, 0x2F, 0xE4, 0x82, 0x1E, 0xE1, 0x68, 0x2E, 0xF1, 0x1A, 0x83, 0x20, 0x9F, 0xA4,
  0x81, 0xAF, 0x67, 0x83, 0xEF, 0x10, 0x9A, 0x0D, 0xA0, 0x33, 0x81, 0x4F, 0xC7, 0x18, 0x1E, 0xF1,
  0x28, 0x38, 0xEF, 0xC4, 0x20,
  // "ﬁ" (U+FB01), RLE, 30 bytes saved (23.8%)
  0x48, 0x90, 0x7C, 0xEE, 0xC5, 0x0B, 0xE5, 0x30, 0xBD, 0x03, 0x02, 0xA0, 0xA2, 0x03, 0xA8, 0x2B,
  0x22, 0x42, 0x81, 0xAD, 0x42, 0x06, 0xA0, 0x37, 0x30, 0x6A, 0x01, 0x71, 0x81, 0x29, 0xED, 0x04,
  0x2A, 0x08, 0x09, 0xF0, 0x42, 0xA8, 0x28, 0x01, 0x7A, 0x81, 0x21, 0x13, 0xA0, 0x82, 0x06, 0xA0,
  0x15, 0xA0, 0x82, 0x06, 0xA0, 0x15, 0xA0, 0x82, 0x06, 0xA0, 0x15, 0xA0, 0x82, 0x06, 0xA0, 0x15,
  0xA0, 0x82, 0x06, 0xA0, 0x15, 0xA0, 0x82, 0x06, 0xA0, 0x15, 0xA0, 0x82, 0x06, 0xA0, 0x15, 0xA0,
  0x82, 0x06, 0xA0, 0x15, 0xA0, 0x82, 0x06, 0xA0, 0x15, 0xA0, 0x82, 0x06, 0xA0, 0x15, 0xA0, 0x80,
  // "ﬂ" (U+FB02), RLE, 30 bytes saved (23.8%)
  0x48, 0x47, 0xCE, 0xEC, 0x51, 0xA0, 0x83, 0x0B, 0xD0, 0x31, 0xA0, 0x82, 0x03, 0xA8, 0x2B, 0x22,
  0x42, 0xA0, 0x82, 0x06, 0xA0, 0x35, 0xA0, 0x82, 0x06, 0xA0, 0x15, 0xA8, 0x28, 0x29, 0xED, 0x04,
  0x2A, 0x08, 0x09, 0xF0, 0x42, 0xA8, 0x28, 0x01, 0x7A, 0x81, 0x21, 0x13, 0xA0, 0x82, 0x06, 0xA0,
  0x15, 0xA0, 0x82, 0x06, 0xA0, 0x15, 0xA0, 0x82, 0x06, 0xA0, 0x15, 0xA0, 0x82, 0x06, 0xA0, 0x15,
  0xA0, 0x82, 0x06, 0xA0, 0x15, 0xA0, 0x82, 0x06, 0xA0, 0x15, 0xA0, 0x82, 0x06, 0xA0, 0x15, 0xA0,
  0x82, 0x06, 0xA0, 0x15, 0xA0, 0x82, 0x06, 0xA0, 0x15, 0xA0, 0x82, 0x06, 0xA0, 0x15, 0xA0, 0x80,
  // Total: 30460 bytes.
};

const Font& font_NotoSans_Medium_24() {
  static SmoothFontV2 font(font_NotoSans_Medium_24_data);
  return font;
}

}  // namespace roo_display
