#include "32.h"
#include <inttypes.h>
#include "roo_display/hal/progmem.h"
#include "roo_display/font/smooth_font_v2.h"

namespace roo_display {

// Font NotoSans-Medium (Noto Sans Medium)
// Generated on Thu Jul 30 01:10:00 EEST 2026.
// 343 glyphs (329 compressed, 14 uncompressed), 45705 bytes total, 26853 bytes saved by RLE.
static const uint8_t font_NotoSans_Medium_32_data[] PROGMEM = {
  
  // Header (32 bytes).
  0x02, 0x00, 0x04, 0x02, 0x01, 0x02, 0x01, 0x01, 0x57, 0x00, 0x06,
  0xFA, 0xF9, 0x25, 0x21, 0x19, 0xF8, 0x08, 0x04, 0x27, 0x09, 0x09, 0x00, 0x5F,
  0x02, 0x00, 0x84, 0x00, 0x14, 0x4D, 0x00, 0x00,
  
  // Cmap (343 glyphs, 100 bytes).
  0x00, 0x21, 0x00, 0x5E, 0x00, 0x00, 0x00, 0x00, 0x00, 0x00, 0x00, 0x00, // U+0021..U+007E dense.
  0x00, 0xA1, 0x00, 0x0C, 0x00, 0x5E, 0x00, 0x00, 0x00, 0x00, 0x00, 0x00, // U+00A1..U+00AC dense.
  0x00, 0xAE, 0x00, 0xD2, 0x00, 0x6A, 0x00, 0x00, 0x00, 0x00, 0x00, 0x00, // U+00AE..U+017F dense.
  0x03, 0xA9, 0x1C, 0x6C, 0x01, 0x3C, 0x00, 0x05, 0x00, 0x00, 0x68, 0x01, // U+03A9..U+2014 sparse.
  0x20, 0x18, 0x00, 0x0B, 0x01, 0x43, 0x00, 0x00, 0x00, 0x00, 0x00, 0x00, // U+2018..U+2022 dense.
  0x20, 0x26, 0xDA, 0xDD, 0x01, 0x4E, 0x00, 0x09, 0x00, 0x00, 0x72, 0x01, // U+2026..U+FB02 sparse.
  
  // Sparse indirection: glyphs 316..320, range U+03A9..U+2014.
  0x00, 0x00, // U+03A9.
  0x00, 0x13, // U+03BC.
  0x00, 0x17, // U+03C0.
  0x1C, 0x6A, // U+2013.
  0x1C, 0x6B, // U+2014.
  
  // Sparse indirection: glyphs 334..342, range U+2026..U+FB02.
  0x00, 0x00, // U+2026.
  0x00, 0x0A, // U+2030.
  0x00, 0x13, // U+2039.
  0x00, 0x14, // U+203A.
  0x00, 0x1E, // U+2044.
  0x00, 0xFC, // U+2122.
  0x01, 0x2C, // U+2152.
  0xDA, 0xDB, // U+FB01.
  0xDA, 0xDC, // U+FB02.
  
  // Glyph metrics (343 glyphs, 2401 bytes).
  0x02, 0x01, 0x06, 0x17, 0x09, 0x00, 0x00, // "!" (U+0021)
  0x42, 0x10, 0x0B, 0x17, 0x0E, 0x00, 0x37, // """ (U+0022)
  0x00, 0x01, 0x13, 0x17, 0x15, 0x00, 0x5F, // "#" (U+0023)
  0x01, 0xFF, 0x10, 0x19, 0x12, 0x00, 0xE9, // "$" (U+0024)
  0x01, 0x01, 0x19, 0x17, 0x1B, 0x01, 0x76, // "%" (U+0025)
  0x01, 0x01, 0x17, 0x17, 0x18, 0x02, 0x4F, // "&" (U+0026)
  0x42, 0x10, 0x05, 0x17, 0x08, 0x02, 0xFB, // "'" (U+0027)
  0x01, 0xFB, 0x08, 0x17, 0x0A, 0x03, 0x0B, // "(" (U+0028)
  0x01, 0xFB, 0x08, 0x17, 0x0A, 0x03, 0x61, // ")" (U+0029)
  0x01, 0x0B, 0x10, 0x19, 0x12, 0x03, 0xB9, // "*" (U+002A)
  0x01, 0x05, 0x10, 0x14, 0x12, 0x04, 0x0C, // "+" (U+002B)
  0x41, 0xFD, 0x06, 0x04, 0x09, 0x04, 0x47, // "," (U+002C)
  0x01, 0x08, 0x09, 0x0A, 0x0A, 0x04, 0x5F, // "-" (U+002D)
  0x42, 0x01, 0x06, 0x05, 0x09, 0x04, 0x68, // "." (U+002E)
  0x00, 0x01, 0x0B, 0x17, 0x0C, 0x04, 0x75, // "/" (U+002F)
  0x01, 0x01, 0x10, 0x17, 0x12, 0x04, 0xC0, // "0" (U+0030)
  0x02, 0x01, 0x0B, 0x17, 0x12, 0x05, 0x45, // "1" (U+0031)
  0x01, 0x01, 0x10, 0x17, 0x12, 0x05, 0x95, // "2" (U+0032)
  0x01, 0x01, 0x10, 0x17, 0x12, 0x05, 0xF9, // "3" (U+0033)
  0x00, 0x01, 0x11, 0x17, 0x12, 0x06, 0x6D, // "4" (U+0034)
  0x01, 0x01, 0x10, 0x17, 0x12, 0x06, 0xE1, // "5" (U+0035)
  0x01, 0x01, 0x10, 0x17, 0x12, 0x07, 0x43, // "6" (U+0036)
  0x01, 0x01, 0x10, 0x17, 0x12, 0x07, 0xC2, // "7" (U+0037)
  0x01, 0x01, 0x10, 0x17, 0x12, 0x08, 0x16, // "8" (U+0038)
  0x01, 0x01, 0x10, 0x17, 0x12, 0x08, 0xA9, // "9" (U+0039)
  0x02, 0x01, 0x06, 0x12, 0x09, 0x09, 0x2B, // ":" (U+003A)
  0x01, 0xFC, 0x06, 0x12, 0x09, 0x09, 0x48, // ";" (U+003B)
  0x01, 0x04, 0x10, 0x14, 0x12, 0x09, 0x71, // "<" (U+003C)
  0x01, 0x08, 0x10, 0x10, 0x12, 0x09, 0xC3, // "=" (U+003D)
  0x01, 0x04, 0x10, 0x14, 0x12, 0x09, 0xDB, // ">" (U+003E)
  0x00, 0x01, 0x0D, 0x17, 0x0E, 0x0A, 0x2C, // "?" (U+003F)
  0x01, 0xFD, 0x1A, 0x17, 0x1D, 0x0A, 0x87, // "@" (U+0040)
  0x00, 0x01, 0x14, 0x17, 0x15, 0x0B, 0x86, // "A" (U+0041)
  0x03, 0x01, 0x13, 0x17, 0x15, 0x0C, 0x08, // "B" (U+0042)
  0x01, 0x01, 0x13, 0x17, 0x14, 0x0C, 0x92, // "C" (U+0043)
  0x03, 0x01, 0x15, 0x17, 0x17, 0x0D, 0x01, // "D" (U+0044)
  0x03, 0x01, 0x0F, 0x17, 0x12, 0x0D, 0x93, // "E" (U+0045)
  0x03, 0x01, 0x0F, 0x17, 0x11, 0x0D, 0xE5, // "F" (U+0046)
  0x01, 0x01, 0x14, 0x17, 0x17, 0x0E, 0x37, // "G" (U+0047)
  0x03, 0x01, 0x14, 0x17, 0x18, 0x0E, 0xBE, // "H" (U+0048)
  0x01, 0x01, 0x0A, 0x17, 0x0B, 0x0F, 0x44, // "I" (U+0049)
  0xFD, 0xFA, 0x06, 0x17, 0x09, 0x0F, 0x8E, // "J" (U+004A)
  0x03, 0x01, 0x13, 0x17, 0x14, 0x0F, 0xED, // "K" (U+004B)
  0x03, 0x01, 0x10, 0x17, 0x11, 0x10, 0x7B, // "L" (U+004C)
  0x03, 0x01, 0x1A, 0x17, 0x1D, 0x10, 0xCD, // "M" (U+004D)
  0x03, 0x01, 0x15, 0x17, 0x19, 0x11, 0x9F, // "N" (U+004E)
  0x01, 0x01, 0x17, 0x17, 0x19, 0x12, 0x4B, // "O" (U+004F)
  0x03, 0x01, 0x11, 0x17, 0x14, 0x12, 0xEC, // "P" (U+0050)
  0x01, 0xFB, 0x17, 0x17, 0x19, 0x13, 0x59, // "Q" (U+0051)
  0x03, 0x01, 0x13, 0x17, 0x14, 0x14, 0x11, // "R" (U+0052)
  0x01, 0x01, 0x10, 0x17, 0x12, 0x14, 0x9B, // "S" (U+0053)
  0x00, 0x01, 0x11, 0x17, 0x12, 0x15, 0x0D, // "T" (U+0054)
  0x02, 0x01, 0x14, 0x17, 0x18, 0x15, 0x63, // "U" (U+0055)
  0x00, 0x01, 0x13, 0x17, 0x14, 0x15, 0xF3, // "V" (U+0056)
  0x00, 0x01, 0x1D, 0x17, 0x1E, 0x16, 0x78, // "W" (U+0057)
  0x00, 0x01, 0x13, 0x17, 0x14, 0x17, 0x5A, // "X" (U+0058)
  0x00, 0x01, 0x12, 0x17, 0x13, 0x17, 0xE4, // "Y" (U+0059)
  0x01, 0x01, 0x11, 0x17, 0x12, 0x18, 0x50, // "Z" (U+005A)
  0x02, 0xFB, 0x09, 0x17, 0x0B, 0x18, 0xA6, // "[" (U+005B)
  0x00, 0x01, 0x0B, 0x17, 0x0C, 0x18, 0xFE, // "\" (U+005C)
  0x00, 0xFB, 0x08, 0x17, 0x0B, 0x19, 0x4E, // "]" (U+005D)
  0x01, 0x0A, 0x10, 0x18, 0x12, 0x19, 0xA6, // "^" (U+005E)
  0xFF, 0xFC, 0x0D, 0xFE, 0x0E, 0x19, 0xF7, // "_" (U+005F)
  0x01, 0x15, 0x08, 0x1A, 0x0A, 0x19, 0xFF, // "`" (U+0060)
  0x01, 0x01, 0x0F, 0x12, 0x12, 0x1A, 0x13, // "a" (U+0061)
  0x02, 0x01, 0x12, 0x19, 0x14, 0x1A, 0x7A, // "b" (U+0062)
  0x01, 0x01, 0x0E, 0x12, 0x10, 0x1B, 0x03, // "c" (U+0063)
  0x01, 0x01, 0x11, 0x19, 0x14, 0x1B, 0x54, // "d" (U+0064)
  0x01, 0x01, 0x10, 0x12, 0x12, 0x1B, 0xE1, // "e" (U+0065)
  0x00, 0x01, 0x0C, 0x19, 0x0B, 0x1C, 0x3C, // "f" (U+0066)
  0x01, 0xF9, 0x11, 0x12, 0x14, 0x1C, 0x9C, // "g" (U+0067)
  0x02, 0x01, 0x11, 0x19, 0x14, 0x1D, 0x3B, // "h" (U+0068)
  0x02, 0x01, 0x06, 0x19, 0x09, 0x1D, 0xB3, // "i" (U+0069)
  0xFE, 0xF9, 0x06, 0x19, 0x09, 0x1D, 0xE3, // "j" (U+006A)
  0x02, 0x01, 0x11, 0x19, 0x12, 0x1E, 0x30, // "k" (U+006B)
  0x02, 0x01, 0x05, 0x19, 0x09, 0x1E, 0xA4, // "l" (U+006C)
  0x02, 0x01, 0x1B, 0x12, 0x1E, 0x1E, 0xCA, // "m" (U+006D)
  0x02, 0x01, 0x11, 0x12, 0x14, 0x1F, 0x69, // "n" (U+006E)
  0x01, 0x01, 0x11, 0x12, 0x13, 0x1F, 0xD1, // "o" (U+006F)
  0x02, 0xF9, 0x12, 0x12, 0x14, 0x20, 0x3F, // "p" (U+0070)
  0x01, 0xF9, 0x11, 0x12, 0x14, 0x20, 0xCA, // "q" (U+0071)
  0x02, 0x01, 0x0C, 0x12, 0x0E, 0x21, 0x5B, // "r" (U+0072)
  0x01, 0x01, 0x0E, 0x12, 0x0F, 0x21, 0x92, // "s" (U+0073)
  0x00, 0x01, 0x0B, 0x16, 0x0C, 0x21, 0xEA, // "t" (U+0074)
  0x02, 0x01, 0x11, 0x12, 0x14, 0x22, 0x35, // "u" (U+0075)
  0x00, 0x01, 0x10, 0x12, 0x11, 0x22, 0xA0, // "v" (U+0076)
  0x00, 0x01, 0x19, 0x12, 0x1A, 0x23, 0x03, // "w" (U+0077)
  0x00, 0x01, 0x10, 0x12, 0x11, 0x23, 0xB1, // "x" (U+0078)
  0x00, 0xF9, 0x10, 0x12, 0x11, 0x24, 0x16, // "y" (U+0079)
  0x01, 0x01, 0x0D, 0x12, 0x0F, 0x24, 0x9B, // "z" (U+007A)
  0x00, 0xFB, 0x0B, 0x17, 0x0C, 0x24, 0xD9, // "{" (U+007B)
  0x47, 0xF9, 0x0A, 0x19, 0x12, 0x25, 0x43, // "|" (U+007C)
  0x01, 0xFB, 0x0B, 0x17, 0x0C, 0x25, 0x85, // "}" (U+007D)
  0x01, 0x0A, 0x10, 0x0E, 0x12, 0x25, 0xE9, // "~" (U+007E)
  0x02, 0xFB, 0x06, 0x12, 0x09, 0x26, 0x08, // "¡" (U+00A1)
  0x02, 0x01, 0x0F, 0x17, 0x12, 0x26, 0x40, // "¢" (U+00A2)
  0x01, 0x01, 0x11, 0x17, 0x12, 0x26, 0x9D, // "£" (U+00A3)
  0x02, 0x05, 0x10, 0x13, 0x12, 0x26, 0xFD, // "¤" (U+00A4)
  0x00, 0x01, 0x11, 0x17, 0x12, 0x27, 0x5E, // "¥" (U+00A5)
  0x47, 0xF9, 0x0A, 0x19, 0x12, 0x27, 0xD5, // "¦" (U+00A6)
  0x01, 0x01, 0x0E, 0x19, 0x10, 0x28, 0x17, // "§" (U+00A7)
  0x04, 0x16, 0x0E, 0x19, 0x13, 0x28, 0x9F, // "¨" (U+00A8)
  0x01, 0x01, 0x18, 0x18, 0x1B, 0x28, 0xB4, // "©" (U+00A9)
  0x41, 0x0D, 0x0A, 0x17, 0x0C, 0x29, 0x87, // "ª" (U+00AA)
  0x01, 0x02, 0x0F, 0x10, 0x11, 0x29, 0xBE, // "«" (U+00AB)
  0x01, 0x05, 0x10, 0x0D, 0x12, 0x2A, 0x1C, // "¬" (U+00AC)
  0x01, 0x01, 0x18, 0x18, 0x1B, 0x2A, 0x3C, // "®" (U+00AE)
  0xFF, 0x1A, 0x10, 0x1C, 0x10, 0x2B, 0x22, // "¯" (U+00AF)
  0x01, 0x0E, 0x0B, 0x18, 0x0E, 0x2B, 0x2D, // "°" (U+00B0)
  0x01, 0x01, 0x10, 0x14, 0x12, 0x2B, 0x60, // "±" (U+00B1)
  0x00, 0x0E, 0x0A, 0x1B, 0x0B, 0x2B, 0xA7, // "²" (U+00B2)
  0x00, 0x0E, 0x0A, 0x1C, 0x0B, 0x2B, 0xDB, // "³" (U+00B3)
  0x41, 0x15, 0x08, 0x1A, 0x0A, 0x2C, 0x1B, // "´" (U+00B4)
  0x02, 0xF9, 0x11, 0x12, 0x14, 0x2C, 0x33, // "µ" (U+00B5)
  0x01, 0xFC, 0x11, 0x19, 0x15, 0x2C, 0xAB, // "¶" (U+00B6)
  0x42, 0x0A, 0x06, 0x0E, 0x09, 0x2D, 0x64, // "·" (U+00B7)
  0x40, 0xF9, 0x06, 0x00, 0x07, 0x2D, 0x71, // "¸" (U+00B8)
  0x01, 0x0E, 0x08, 0x1B, 0x0B, 0x2D, 0x8D, // "¹" (U+00B9)
  0x01, 0x0D, 0x0B, 0x17, 0x0C, 0x2D, 0xBD, // "º" (U+00BA)
  0x01, 0x02, 0x0F, 0x10, 0x11, 0x2D, 0xF6, // "»" (U+00BB)
  0x01, 0x01, 0x18, 0x17, 0x19, 0x2E, 0x57, // "¼" (U+00BC)
  0x00, 0x01, 0x18, 0x17, 0x1A, 0x2F, 0x14, // "½" (U+00BD)
  0x00, 0x01, 0x19, 0x18, 0x1A, 0x2F, 0xD0, // "¾" (U+00BE)
  0x00, 0xFB, 0x0D, 0x11, 0x0E, 0x30, 0xA1, // "¿" (U+00BF)
  0x00, 0x01, 0x14, 0x20, 0x15, 0x30, 0xFC, // "À" (U+00C0)
  0x00, 0x01, 0x14, 0x20, 0x15, 0x31, 0x99, // "Á" (U+00C1)
  0x00, 0x01, 0x14, 0x20, 0x15, 0x32, 0x3B, // "Â" (U+00C2)
  0x00, 0x01, 0x14, 0x1F, 0x15, 0x32, 0xE2, // "Ã" (U+00C3)
  0x00, 0x01, 0x14, 0x1F, 0x15, 0x33, 0x87, // "Ä" (U+00C4)
  0x00, 0x01, 0x14, 0x1D, 0x15, 0x34, 0x23, // "Å" (U+00C5)
  0x00, 0x01, 0x1A, 0x17, 0x1D, 0x34, 0xCA, // "Æ" (U+00C6)
  0x01, 0xF9, 0x13, 0x17, 0x14, 0x35, 0x56, // "Ç" (U+00C7)
  0x03, 0x01, 0x0F, 0x20, 0x12, 0x35, 0xE9, // "È" (U+00C8)
  0x03, 0x01, 0x0F, 0x20, 0x12, 0x36, 0x54, // "É" (U+00C9)
  0x03, 0x01, 0x0F, 0x20, 0x12, 0x36, 0xC2, // "Ê" (U+00CA)
  0x03, 0x01, 0x0F, 0x1F, 0x12, 0x37, 0x35, // "Ë" (U+00CB)
  0x01, 0x01, 0x0A, 0x20, 0x0B, 0x37, 0xA0, // "Ì" (U+00CC)
  0x01, 0x01, 0x0A, 0x20, 0x0B, 0x38, 0x00, // "Í" (U+00CD)
  0x00, 0x01, 0x0B, 0x20, 0x0B, 0x38, 0x65, // "Î" (U+00CE)
  0x00, 0x01, 0x0A, 0x1F, 0x0B, 0x38, 0xD2, // "Ï" (U+00CF)
  0x00, 0x01, 0x15, 0x17, 0x17, 0x39, 0x35, // "Ð" (U+00D0)
  0x03, 0x01, 0x15, 0x1F, 0x19, 0x39, 0xCD, // "Ñ" (U+00D1)
  0x01, 0x01, 0x17, 0x20, 0x19, 0x3A, 0x9A, // "Ò" (U+00D2)
  0x01, 0x01, 0x17, 0x20, 0x19, 0x3B, 0x56, // "Ó" (U+00D3)
  0x01, 0x01, 0x17, 0x20, 0x19, 0x3C, 0x17, // "Ô" (U+00D4)
  0x01, 0x01, 0x17, 0x1F, 0x19, 0x3C, 0xDD, // "Õ" (U+00D5)
  0x01, 0x01, 0x17, 0x1F, 0x19, 0x3D, 0xA1, // "Ö" (U+00D6)
  0x02, 0x05, 0x0F, 0x13, 0x12, 0x3E, 0x5C, // "×" (U+00D7)
  0x01, 0x00, 0x17, 0x18, 0x19, 0x3E, 0xB4, // "Ø" (U+00D8)
  0x02, 0x01, 0x14, 0x20, 0x18, 0x3F, 0x7C, // "Ù" (U+00D9)
  0x02, 0x01, 0x14, 0x20, 0x18, 0x40, 0x27, // "Ú" (U+00DA)
  0x02, 0x01, 0x14, 0x20, 0x18, 0x40, 0xD5, // "Û" (U+00DB)
  0x02, 0x01, 0x14, 0x1F, 0x18, 0x41, 0x89, // "Ü" (U+00DC)
  0x00, 0x01, 0x12, 0x20, 0x13, 0x42, 0x34, // "Ý" (U+00DD)
  0x03, 0x01, 0x11, 0x17, 0x14, 0x42, 0xBE, // "Þ" (U+00DE)
  0x02, 0x01, 0x13, 0x19, 0x15, 0x43, 0x2B, // "ß" (U+00DF)
  0x01, 0x01, 0x0F, 0x1A, 0x12, 0x43, 0xBE, // "à" (U+00E0)
  0x01, 0x01, 0x0F, 0x1A, 0x12, 0x44, 0x3D, // "á" (U+00E1)
  0x01, 0x01, 0x0F, 0x1A, 0x12, 0x44, 0xC1, // "â" (U+00E2)
  0x01, 0x01, 0x0F, 0x19, 0x12, 0x45, 0x4A, // "ã" (U+00E3)
  0x01, 0x01, 0x0F, 0x19, 0x12, 0x45, 0xD2, // "ä" (U+00E4)
  0x01, 0x01, 0x0F, 0x1B, 0x12, 0x46, 0x51, // "å" (U+00E5)
  0x01, 0x01, 0x1A, 0x12, 0x1C, 0x46, 0xE0, // "æ" (U+00E6)
  0x01, 0xF9, 0x0E, 0x12, 0x10, 0x47, 0x75, // "ç" (U+00E7)
  0x01, 0x01, 0x10, 0x1A, 0x12, 0x47, 0xE6, // "è" (U+00E8)
  0x01, 0x01, 0x10, 0x1A, 0x12, 0x48, 0x59, // "é" (U+00E9)
  0x01, 0x01, 0x10, 0x1A, 0x12, 0x48, 0xD1, // "ê" (U+00EA)
  0x01, 0x01, 0x10, 0x19, 0x12, 0x49, 0x4E, // "ë" (U+00EB)
  0xFF, 0x01, 0x06, 0x1A, 0x09, 0x49, 0xC1, // "ì" (U+00EC)
  0x02, 0x01, 0x09, 0x1A, 0x09, 0x49, 0xFA, // "í" (U+00ED)
  0xFE, 0x01, 0x09, 0x1A, 0x09, 0x4A, 0x38, // "î" (U+00EE)
  0xFF, 0x01, 0x09, 0x19, 0x09, 0x4A, 0x84, // "ï" (U+00EF)
  0x01, 0x01, 0x11, 0x1A, 0x13, 0x4A, 0xBF, // "ð" (U+00F0)
  0x02, 0x01, 0x11, 0x19, 0x14, 0x4B, 0x57, // "ñ" (U+00F1)
  0x01, 0x01, 0x11, 0x1A, 0x13, 0x4B, 0xE1, // "ò" (U+00F2)
  0x01, 0x01, 0x11, 0x1A, 0x13, 0x4C, 0x68, // "ó" (U+00F3)
  0x01, 0x01, 0x11, 0x1A, 0x13, 0x4C, 0xF4, // "ô" (U+00F4)
  0x01, 0x01, 0x11, 0x19, 0x13, 0x4D, 0x85, // "õ" (U+00F5)
  0x01, 0x01, 0x11, 0x19, 0x13, 0x4E, 0x14, // "ö" (U+00F6)
  0x01, 0x05, 0x10, 0x13, 0x12, 0x4E, 0x9A, // "÷" (U+00F7)
  0x01, 0x00, 0x11, 0x13, 0x13, 0x4E, 0xC7, // "ø" (U+00F8)
  0x02, 0x01, 0x11, 0x1A, 0x14, 0x4F, 0x4C, // "ù" (U+00F9)
  0x02, 0x01, 0x11, 0x1A, 0x14, 0x4F, 0xD0, // "ú" (U+00FA)
  0x02, 0x01, 0x11, 0x1A, 0x14, 0x50, 0x59, // "û" (U+00FB)
  0x02, 0x01, 0x11, 0x19, 0x14, 0x50, 0xE6, // "ü" (U+00FC)
  0x00, 0xF9, 0x10, 0x1A, 0x11, 0x51, 0x69, // "ý" (U+00FD)
  0x02, 0xF9, 0x12, 0x19, 0x14, 0x52, 0x0C, // "þ" (U+00FE)
  0x00, 0xF9, 0x10, 0x19, 0x11, 0x52, 0xA8, // "ÿ" (U+00FF)
  0x00, 0x01, 0x14, 0x1D, 0x15, 0x53, 0x45, // "Ā" (U+0100)
  0x01, 0x01, 0x0F, 0x17, 0x12, 0x53, 0xD6, // "ā" (U+0101)
  0x00, 0x01, 0x14, 0x1F, 0x15, 0x54, 0x4A, // "Ă" (U+0102)
  0x01, 0x01, 0x0F, 0x19, 0x12, 0x54, 0xEB, // "ă" (U+0103)
  0x00, 0xFA, 0x14, 0x17, 0x15, 0x55, 0x6F, // "Ą" (U+0104)
  0x01, 0xFA, 0x10, 0x12, 0x12, 0x56, 0x0F, // "ą" (U+0105)
  0x01, 0x01, 0x13, 0x20, 0x14, 0x56, 0x93, // "Ć" (U+0106)
  0x01, 0x01, 0x0E, 0x1A, 0x10, 0x57, 0x20, // "ć" (U+0107)
  0x01, 0x01, 0x13, 0x20, 0x14, 0x57, 0x8F, // "Ĉ" (U+0108)
  0x01, 0x01, 0x0E, 0x1A, 0x10, 0x58, 0x22, // "ĉ" (U+0109)
  0x01, 0x01, 0x13, 0x1E, 0x14, 0x58, 0x95, // "Ċ" (U+010A)
  0x01, 0x01, 0x0E, 0x18, 0x10, 0x59, 0x15, // "ċ" (U+010B)
  0x01, 0x01, 0x13, 0x20, 0x14, 0x59, 0x75, // "Č" (U+010C)
  0x01, 0x01, 0x0E, 0x1A, 0x10, 0x5A, 0x08, // "č" (U+010D)
  0x03, 0x01, 0x15, 0x20, 0x17, 0x5A, 0x7B, // "Ď" (U+010E)
  0x01, 0x01, 0x16, 0x19, 0x14, 0x5B, 0x31, // "ď" (U+010F)
  0x00, 0x01, 0x15, 0x17, 0x17, 0x5B, 0xD1, // "Đ" (U+0110)
  0x01, 0x01, 0x13, 0x19, 0x14, 0x5C, 0x69, // "đ" (U+0111)
  0x03, 0x01, 0x0F, 0x1D, 0x12, 0x5C, 0xFD, // "Ē" (U+0112)
  0x01, 0x01, 0x10, 0x17, 0x12, 0x5D, 0x5D, // "ē" (U+0113)
  0x03, 0x01, 0x0F, 0x1F, 0x12, 0x5D, 0xC5, // "Ĕ" (U+0114)
  0x01, 0x01, 0x10, 0x19, 0x12, 0x5E, 0x35, // "ĕ" (U+0115)
  0x03, 0x01, 0x0F, 0x1E, 0x12, 0x5E, 0xAD, // "Ė" (U+0116)
  0x01, 0x01, 0x10, 0x18, 0x12, 0x5F, 0x0E, // "ė" (U+0117)
  0x03, 0xFA, 0x0F, 0x17, 0x12, 0x5F, 0x77, // "Ę" (U+0118)
  0x01, 0xF9, 0x10, 0x12, 0x12, 0x5F, 0xE4, // "ę" (U+0119)
  0x03, 0x01, 0x0F, 0x20, 0x12, 0x60, 0x5F, // "Ě" (U+011A)
  0x01, 0x01, 0x10, 0x1A, 0x12, 0x60, 0xD3, // "ě" (U+011B)
  0x01, 0x01, 0x14, 0x20, 0x17, 0x61, 0x50, // "Ĝ" (U+011C)
  0x01, 0xF9, 0x11, 0x1A, 0x14, 0x61, 0xFC, // "ĝ" (U+011D)
  0x01, 0x01, 0x14, 0x1F, 0x17, 0x62, 0xBD, // "Ğ" (U+011E)
  0x01, 0xF9, 0x11, 0x19, 0x14, 0x63, 0x63, // "ğ" (U+011F)
  0x01, 0x01, 0x14, 0x1E, 0x17, 0x64, 0x1F, // "Ġ" (U+0120)
  0x01, 0xF9, 0x11, 0x18, 0x14, 0x64, 0xB7, // "ġ" (U+0121)
  0x01, 0xFA, 0x14, 0x17, 0x17, 0x65, 0x64, // "Ģ" (U+0122)
  0x01, 0xF9, 0x11, 0x19, 0x14, 0x66, 0x01, // "ģ" (U+0123)
  0x03, 0x01, 0x14, 0x20, 0x18, 0x66, 0xB4, // "Ĥ" (U+0124)
  0xFE, 0x01, 0x11, 0x21, 0x14, 0x67, 0x5E, // "ĥ" (U+0125)
  0x00, 0x01, 0x17, 0x17, 0x18, 0x68, 0x06, // "Ħ" (U+0126)
  0x00, 0x01, 0x11, 0x19, 0x14, 0x68, 0x94, // "ħ" (U+0127)
  0xFF, 0x01, 0x0B, 0x1F, 0x0B, 0x69, 0x18, // "Ĩ" (U+0128)
  0xFE, 0x01, 0x0A, 0x19, 0x09, 0x69, 0x8C, // "ĩ" (U+0129)
  0x00, 0x01, 0x0A, 0x1D, 0x0B, 0x69, 0xD8, // "Ī" (U+012A)
  0xFF, 0x01, 0x09, 0x17, 0x09, 0x6A, 0x30, // "ī" (U+012B)
  0x00, 0x01, 0x0A, 0x1F, 0x0B, 0x6A, 0x60, // "Ĭ" (U+012C)
  0xFF, 0x01, 0x09, 0x19, 0x09, 0x6A, 0xC6, // "ĭ" (U+012D)
  0x01, 0xFA, 0x0A, 0x17, 0x0B, 0x6B, 0x04, // "Į" (U+012E)
  0x01, 0xFA, 0x06, 0x19, 0x09, 0x6B, 0x66, // "į" (U+012F)
  0x01, 0x01, 0x0A, 0x1E, 0x0B, 0x6B, 0xAE, // "İ" (U+0130)
  0x02, 0x01, 0x05, 0x12, 0x09, 0x6C, 0x05, // "ı" (U+0131)
  0x01, 0xFA, 0x11, 0x17, 0x15, 0x6C, 0x20, // "Ĳ" (U+0132)
  0x02, 0xF9, 0x0F, 0x19, 0x11, 0x6C, 0xCC, // "ĳ" (U+0133)
  0xFD, 0xFA, 0x0A, 0x20, 0x09, 0x6D, 0x4A, // "Ĵ" (U+0134)
  0xFE, 0xF9, 0x09, 0x1A, 0x09, 0x6D, 0xD8, // "ĵ" (U+0135)
  0x03, 0xFA, 0x13, 0x17, 0x14, 0x6E, 0x40, // "Ķ" (U+0136)
  0x02, 0xFA, 0x11, 0x19, 0x12, 0x6E, 0xE2, // "ķ" (U+0137)
  0x02, 0x01, 0x11, 0x12, 0x12, 0x6F, 0x6A, // "ĸ" (U+0138)
  0x02, 0x01, 0x10, 0x20, 0x11, 0x6F, 0xD7, // "Ĺ" (U+0139)
  0x02, 0x01, 0x09, 0x21, 0x09, 0x70, 0x47, // "ĺ" (U+013A)
  0x03, 0xFA, 0x10, 0x17, 0x11, 0x70, 0x93, // "Ļ" (U+013B)
  0x02, 0xFA, 0x06, 0x19, 0x09, 0x70, 0xF8, // "ļ" (U+013C)
  0x03, 0x01, 0x10, 0x17, 0x11, 0x71, 0x39, // "Ľ" (U+013D)
  0x02, 0x01, 0x0B, 0x19, 0x09, 0x71, 0x96, // "ľ" (U+013E)
  0x03, 0x01, 0x10, 0x17, 0x11, 0x71, 0xD6, // "Ŀ" (U+013F)
  0x02, 0x01, 0x0A, 0x19, 0x09, 0x72, 0x31, // "ŀ" (U+0140)
  0x00, 0x01, 0x10, 0x17, 0x11, 0x72, 0x6B, // "Ł" (U+0141)
  0xFF, 0x01, 0x08, 0x19, 0x09, 0x72, 0xC8, // "ł" (U+0142)
  0x03, 0x01, 0x15, 0x20, 0x19, 0x73, 0x1C, // "Ń" (U+0143)
  0x02, 0x01, 0x11, 0x1A, 0x14, 0x73, 0xE6, // "ń" (U+0144)
  0x03, 0xFA, 0x15, 0x17, 0x19, 0x74, 0x6C, // "Ņ" (U+0145)
  0x02, 0xFA, 0x11, 0x12, 0x14, 0x75, 0x2D, // "ņ" (U+0146)
  0x03, 0x01, 0x15, 0x20, 0x19, 0x75, 0xA8, // "Ň" (U+0147)
  0x02, 0x01, 0x11, 0x1A, 0x14, 0x76, 0x78, // "ň" (U+0148)
  0x00, 0x01, 0x14, 0x17, 0x17, 0x77, 0x03, // "ŉ" (U+0149)
  0x03, 0xFB, 0x15, 0x17, 0x19, 0x77, 0x8F, // "Ŋ" (U+014A)
  0x02, 0xF9, 0x11, 0x12, 0x14, 0x78, 0x52, // "ŋ" (U+014B)
  0x01, 0x01, 0x17, 0x1D, 0x19, 0x78, 0xDB, // "Ō" (U+014C)
  0x01, 0x01, 0x11, 0x17, 0x13, 0x79, 0x8B, // "ō" (U+014D)
  0x01, 0x01, 0x17, 0x1F, 0x19, 0x7A, 0x07, // "Ŏ" (U+014E)
  0x01, 0x01, 0x11, 0x19, 0x13, 0x7A, 0xC8, // "ŏ" (U+014F)
  0x01, 0x01, 0x17, 0x1F, 0x19, 0x7B, 0x54, // "Ő" (U+0150)
  0x01, 0x01, 0x11, 0x19, 0x13, 0x7C, 0x18, // "ő" (U+0151)
  0x01, 0x01, 0x1C, 0x17, 0x1E, 0x7C, 0xA7, // "Œ" (U+0152)
  0x01, 0x01, 0x1C, 0x12, 0x1F, 0x7D, 0x47, // "œ" (U+0153)
  0x03, 0x01, 0x13, 0x20, 0x14, 0x7D, 0xF1, // "Ŕ" (U+0154)
  0x02, 0x01, 0x0C, 0x1A, 0x0E, 0x7E, 0x99, // "ŕ" (U+0155)
  0x03, 0xFA, 0x13, 0x17, 0x14, 0x7E, 0xEB, // "Ŗ" (U+0156)
  0x02, 0xFA, 0x0C, 0x12, 0x0E, 0x7F, 0x89, // "ŗ" (U+0157)
  0x03, 0x01, 0x13, 0x20, 0x14, 0x7F, 0xD1, // "Ř" (U+0158)
  0x02, 0x01, 0x0D, 0x1A, 0x0E, 0x80, 0x7E, // "ř" (U+0159)
  0x01, 0x01, 0x10, 0x20, 0x12, 0x80, 0xDC, // "Ś" (U+015A)
  0x01, 0x01, 0x0E, 0x1A, 0x0F, 0x81, 0x6C, // "ś" (U+015B)
  0x01, 0x01, 0x10, 0x20, 0x12, 0x81, 0xE1, // "Ŝ" (U+015C)
  0x01, 0x01, 0x0E, 0x1A, 0x0F, 0x82, 0x75, // "ŝ" (U+015D)
  0x01, 0xF9, 0x10, 0x17, 0x12, 0x82, 0xEE, // "Ş" (U+015E)
  0x01, 0xF9, 0x0E, 0x12, 0x0F, 0x83, 0x82, // "ş" (U+015F)
  0x01, 0x01, 0x10, 0x20, 0x12, 0x83, 0xFA, // "Š" (U+0160)
  0x01, 0x01, 0x0E, 0x1A, 0x0F, 0x84, 0x8F, // "š" (U+0161)
  0x00, 0xF9, 0x11, 0x17, 0x12, 0x85, 0x09, // "Ţ" (U+0162)
  0x00, 0xF9, 0x0B, 0x16, 0x0C, 0x85, 0x81, // "ţ" (U+0163)
  0x00, 0x01, 0x11, 0x20, 0x12, 0x85, 0xEC, // "Ť" (U+0164)
  0x00, 0x01, 0x0F, 0x19, 0x0C, 0x86, 0x65, // "ť" (U+0165)
  0x00, 0x01, 0x11, 0x17, 0x12, 0x86, 0xC3, // "Ŧ" (U+0166)
  0x00, 0x01, 0x0B, 0x16, 0x0C, 0x87, 0x1F, // "ŧ" (U+0167)
  0x02, 0x01, 0x14, 0x1F, 0x18, 0x87, 0x6F, // "Ũ" (U+0168)
  0x02, 0x01, 0x11, 0x19, 0x14, 0x88, 0x21, // "ũ" (U+0169)
  0x02, 0x01, 0x14, 0x1D, 0x18, 0x88, 0xAD, // "Ū" (U+016A)
  0x02, 0x01, 0x11, 0x17, 0x14, 0x89, 0x4C, // "ū" (U+016B)
  0x02, 0x01, 0x14, 0x1F, 0x18, 0x89, 0xC5, // "Ŭ" (U+016C)
  0x02, 0x01, 0x11, 0x19, 0x14, 0x8A, 0x75, // "ŭ" (U+016D)
  0x02, 0x01, 0x14, 0x21, 0x18, 0x8A, 0xFE, // "Ů" (U+016E)
  0x02, 0x01, 0x11, 0x1B, 0x14, 0x8B, 0xB9, // "ů" (U+016F)
  0x02, 0x01, 0x14, 0x1F, 0x18, 0x8C, 0x4F, // "Ű" (U+0170)
  0x02, 0x01, 0x12, 0x19, 0x14, 0x8D, 0x02, // "ű" (U+0171)
  0x02, 0xF9, 0x14, 0x17, 0x18, 0x8D, 0x9B, // "Ų" (U+0172)
  0x02, 0xFA, 0x11, 0x12, 0x14, 0x8E, 0x4A, // "ų" (U+0173)
  0x00, 0x01, 0x1D, 0x20, 0x1E, 0x8E, 0xD0, // "Ŵ" (U+0174)
  0x00, 0x01, 0x19, 0x1A, 0x1A, 0x8F, 0xDA, // "ŵ" (U+0175)
  0x00, 0x01, 0x12, 0x20, 0x13, 0x90, 0xAF, // "Ŷ" (U+0176)
  0x00, 0xF9, 0x10, 0x1A, 0x11, 0x91, 0x3F, // "ŷ" (U+0177)
  0x00, 0x01, 0x12, 0x1F, 0x13, 0x91, 0xE7, // "Ÿ" (U+0178)
  0x01, 0x01, 0x11, 0x20, 0x12, 0x92, 0x6E, // "Ź" (U+0179)
  0x01, 0x01, 0x0D, 0x1A, 0x0F, 0x92, 0xE2, // "ź" (U+017A)
  0x01, 0x01, 0x11, 0x1E, 0x12, 0x93, 0x3B, // "Ż" (U+017B)
  0x01, 0x01, 0x0D, 0x18, 0x0F, 0x93, 0xA0, // "ż" (U+017C)
  0x01, 0x01, 0x11, 0x20, 0x12, 0x93, 0xED, // "Ž" (U+017D)
  0x01, 0x01, 0x0D, 0x1A, 0x0F, 0x94, 0x67, // "ž" (U+017E)
  0x02, 0x01, 0x0B, 0x19, 0x0B, 0x94, 0xC6, // "ſ" (U+017F)
  0x01, 0x01, 0x17, 0x17, 0x19, 0x95, 0x04, // "Ω" (U+03A9)
  0x02, 0xF9, 0x11, 0x12, 0x14, 0x95, 0xA0, // "μ" (U+03BC)
  0x00, 0x01, 0x14, 0x12, 0x16, 0x96, 0x18, // "π" (U+03C0)
  0x01, 0x08, 0x0E, 0x0A, 0x10, 0x96, 0x7A, // "–" (U+2013)
  0x01, 0x08, 0x1E, 0x0A, 0x20, 0x96, 0x84, // "—" (U+2014)
  0x00, 0x01, 0x11, 0x17, 0x12, 0x96, 0x90, // "€" (U+20AC)
  0x03, 0xFE, 0x11, 0x1B, 0x12, 0x96, 0xF8, // "₿" (U+20BF)
  0x40, 0x10, 0x05, 0x17, 0x06, 0x97, 0xA1, // "‘" (U+2018)
  0x40, 0x10, 0x05, 0x17, 0x06, 0x97, 0xB9, // "’" (U+2019)
  0x41, 0xFD, 0x06, 0x04, 0x08, 0x97, 0xD1, // "‚" (U+201A)
  0x40, 0x10, 0x05, 0x17, 0x06, 0x97, 0xE9, // "‛" (U+201B)
  0x00, 0x10, 0x0B, 0x17, 0x0C, 0x98, 0x01, // "“" (U+201C)
  0x00, 0x10, 0x0B, 0x17, 0x0C, 0x98, 0x30, // "”" (U+201D)
  0x01, 0xFD, 0x0C, 0x04, 0x0E, 0x98, 0x5E, // "„" (U+201E)
  0x00, 0x10, 0x0B, 0x17, 0x0C, 0x98, 0x8C, // "‟" (U+201F)
  0x02, 0x01, 0x0E, 0x19, 0x10, 0x98, 0xBA, // "†" (U+2020)
  0x01, 0x01, 0x0E, 0x19, 0x10, 0x99, 0x16, // "‡" (U+2021)
  0x02, 0x09, 0x09, 0x11, 0x0C, 0x99, 0x7C, // "•" (U+2022)
  0x02, 0x01, 0x17, 0x05, 0x1A, 0x99, 0x98, // "…" (U+2026)
  0x01, 0x01, 0x25, 0x17, 0x27, 0x99, 0xC6, // "‰" (U+2030)
  0x01, 0x02, 0x08, 0x10, 0x0A, 0x9A, 0xF6, // "‹" (U+2039)
  0x01, 0x02, 0x09, 0x10, 0x0A, 0x9B, 0x25, // "›" (U+203A)
  0xFA, 0x01, 0x09, 0x17, 0x04, 0x9B, 0x56, // "⁄" (U+2044)
  0x00, 0x0C, 0x16, 0x17, 0x19, 0x9B, 0xAA, // "™" (U+2122)
  0x01, 0x01, 0x21, 0x17, 0x22, 0x9C, 0x2D, // "⅒" (U+2152)
  0x00, 0x01, 0x11, 0x19, 0x14, 0x9D, 0x2D, // "ﬁ" (U+FB01)
  0x00, 0x01, 0x10, 0x19, 0x14, 0x9D, 0xB5, // "ﬂ" (U+FB02)
  
  // Kerning (21 classes, 129 sources, 729 entries, 2664 bytes).
  
  // Kerning header.
  0x00, 0x15, 0x00, 0x81, 0x02, 0xD9,
  
  // Kerning sources.
  0x00, 0x01, 0x00, // """ (U+0022) -> class 0
  0x00, 0x05, 0x01, // "&" (U+0026) -> class 1
  0x00, 0x06, 0x00, // "'" (U+0027) -> class 0
  0x00, 0x0B, 0x02, // "," (U+002C) -> class 2
  0x00, 0x0C, 0x03, // "-" (U+002D) -> class 3
  0x00, 0x0D, 0x02, // "." (U+002E) -> class 2
  0x00, 0x20, 0x04, // "A" (U+0041) -> class 4
  0x00, 0x22, 0x05, // "C" (U+0043) -> class 5
  0x00, 0x23, 0x06, // "D" (U+0044) -> class 6
  0x00, 0x25, 0x07, // "F" (U+0046) -> class 7
  0x00, 0x2A, 0x05, // "K" (U+004B) -> class 5
  0x00, 0x2B, 0x08, // "L" (U+004C) -> class 8
  0x00, 0x2E, 0x06, // "O" (U+004F) -> class 6
  0x00, 0x2F, 0x09, // "P" (U+0050) -> class 9
  0x00, 0x30, 0x06, // "Q" (U+0051) -> class 6
  0x00, 0x33, 0x0A, // "T" (U+0054) -> class 10
  0x00, 0x34, 0x0B, // "U" (U+0055) -> class 11
  0x00, 0x35, 0x0C, // "V" (U+0056) -> class 12
  0x00, 0x36, 0x0C, // "W" (U+0057) -> class 12
  0x00, 0x37, 0x05, // "X" (U+0058) -> class 5
  0x00, 0x38, 0x0D, // "Y" (U+0059) -> class 13
  0x00, 0x39, 0x0E, // "Z" (U+005A) -> class 14
  0x00, 0x41, 0x0F, // "b" (U+0062) -> class 15
  0x00, 0x44, 0x0F, // "e" (U+0065) -> class 15
  0x00, 0x45, 0x0B, // "f" (U+0066) -> class 11
  0x00, 0x4E, 0x0F, // "o" (U+006F) -> class 15
  0x00, 0x4F, 0x0F, // "p" (U+0070) -> class 15
  0x00, 0x51, 0x10, // "r" (U+0072) -> class 16
  0x00, 0x55, 0x0B, // "v" (U+0076) -> class 11
  0x00, 0x56, 0x0B, // "w" (U+0077) -> class 11
  0x00, 0x57, 0x11, // "x" (U+0078) -> class 17
  0x00, 0x58, 0x0B, // "y" (U+0079) -> class 11
  0x00, 0x5E, 0x12, // "¡" (U+00A1) -> class 18
  0x00, 0x68, 0x12, // "«" (U+00AB) -> class 18
  0x00, 0x77, 0x13, // "»" (U+00BB) -> class 19
  0x00, 0x7B, 0x14, // "¿" (U+00BF) -> class 20
  0x00, 0x7C, 0x04, // "À" (U+00C0) -> class 4
  0x00, 0x7D, 0x04, // "Á" (U+00C1) -> class 4
  0x00, 0x7E, 0x04, // "Â" (U+00C2) -> class 4
  0x00, 0x7F, 0x04, // "Ã" (U+00C3) -> class 4
  0x00, 0x80, 0x04, // "Ä" (U+00C4) -> class 4
  0x00, 0x81, 0x04, // "Å" (U+00C5) -> class 4
  0x00, 0x83, 0x05, // "Ç" (U+00C7) -> class 5
  0x00, 0x8C, 0x06, // "Ð" (U+00D0) -> class 6
  0x00, 0x8E, 0x06, // "Ò" (U+00D2) -> class 6
  0x00, 0x8F, 0x06, // "Ó" (U+00D3) -> class 6
  0x00, 0x90, 0x06, // "Ô" (U+00D4) -> class 6
  0x00, 0x91, 0x06, // "Õ" (U+00D5) -> class 6
  0x00, 0x92, 0x06, // "Ö" (U+00D6) -> class 6
  0x00, 0x94, 0x06, // "Ø" (U+00D8) -> class 6
  0x00, 0x95, 0x0B, // "Ù" (U+00D9) -> class 11
  0x00, 0x96, 0x0B, // "Ú" (U+00DA) -> class 11
  0x00, 0x97, 0x0B, // "Û" (U+00DB) -> class 11
  0x00, 0x98, 0x0B, // "Ü" (U+00DC) -> class 11
  0x00, 0x99, 0x0D, // "Ý" (U+00DD) -> class 13
  0x00, 0x9A, 0x09, // "Þ" (U+00DE) -> class 9
  0x00, 0xA2, 0x0F, // "æ" (U+00E6) -> class 15
  0x00, 0xA4, 0x0F, // "è" (U+00E8) -> class 15
  0x00, 0xA5, 0x0F, // "é" (U+00E9) -> class 15
  0x00, 0xA6, 0x0F, // "ê" (U+00EA) -> class 15
  0x00, 0xA7, 0x0F, // "ë" (U+00EB) -> class 15
  0x00, 0xAC, 0x0F, // "ð" (U+00F0) -> class 15
  0x00, 0xAE, 0x0F, // "ò" (U+00F2) -> class 15
  0x00, 0xAF, 0x0F, // "ó" (U+00F3) -> class 15
  0x00, 0xB0, 0x0F, // "ô" (U+00F4) -> class 15
  0x00, 0xB1, 0x0F, // "õ" (U+00F5) -> class 15
  0x00, 0xB2, 0x0F, // "ö" (U+00F6) -> class 15
  0x00, 0xB4, 0x0F, // "ø" (U+00F8) -> class 15
  0x00, 0xB9, 0x0B, // "ý" (U+00FD) -> class 11
  0x00, 0xBA, 0x0F, // "þ" (U+00FE) -> class 15
  0x00, 0xBB, 0x0B, // "ÿ" (U+00FF) -> class 11
  0x00, 0xBC, 0x04, // "Ā" (U+0100) -> class 4
  0x00, 0xBE, 0x04, // "Ă" (U+0102) -> class 4
  0x00, 0xC0, 0x04, // "Ą" (U+0104) -> class 4
  0x00, 0xC2, 0x05, // "Ć" (U+0106) -> class 5
  0x00, 0xC4, 0x05, // "Ĉ" (U+0108) -> class 5
  0x00, 0xC6, 0x05, // "Ċ" (U+010A) -> class 5
  0x00, 0xC8, 0x05, // "Č" (U+010C) -> class 5
  0x00, 0xCA, 0x06, // "Ď" (U+010E) -> class 6
  0x00, 0xCC, 0x06, // "Đ" (U+0110) -> class 6
  0x00, 0xCF, 0x0F, // "ē" (U+0113) -> class 15
  0x00, 0xD1, 0x0F, // "ĕ" (U+0115) -> class 15
  0x00, 0xD3, 0x0F, // "ė" (U+0117) -> class 15
  0x00, 0xD5, 0x0F, // "ę" (U+0119) -> class 15
  0x00, 0xD7, 0x0F, // "ě" (U+011B) -> class 15
  0x00, 0xF2, 0x05, // "Ķ" (U+0136) -> class 5
  0x00, 0xF4, 0x11, // "ĸ" (U+0138) -> class 17
  0x00, 0xF5, 0x08, // "Ĺ" (U+0139) -> class 8
  0x00, 0xF7, 0x08, // "Ļ" (U+013B) -> class 8
  0x00, 0xF9, 0x08, // "Ľ" (U+013D) -> class 8
  0x00, 0xFB, 0x08, // "Ŀ" (U+013F) -> class 8
  0x00, 0xFD, 0x08, // "Ł" (U+0141) -> class 8
  0x01, 0x08, 0x06, // "Ō" (U+014C) -> class 6
  0x01, 0x09, 0x0F, // "ō" (U+014D) -> class 15
  0x01, 0x0A, 0x06, // "Ŏ" (U+014E) -> class 6
  0x01, 0x0B, 0x0F, // "ŏ" (U+014F) -> class 15
  0x01, 0x0C, 0x06, // "Ő" (U+0150) -> class 6
  0x01, 0x0D, 0x0F, // "ő" (U+0151) -> class 15
  0x01, 0x0F, 0x0F, // "œ" (U+0153) -> class 15
  0x01, 0x11, 0x10, // "ŕ" (U+0155) -> class 16
  0x01, 0x13, 0x10, // "ŗ" (U+0157) -> class 16
  0x01, 0x15, 0x10, // "ř" (U+0159) -> class 16
  0x01, 0x1E, 0x0A, // "Ţ" (U+0162) -> class 10
  0x01, 0x20, 0x0A, // "Ť" (U+0164) -> class 10
  0x01, 0x22, 0x0A, // "Ŧ" (U+0166) -> class 10
  0x01, 0x24, 0x0B, // "Ũ" (U+0168) -> class 11
  0x01, 0x26, 0x0B, // "Ū" (U+016A) -> class 11
  0x01, 0x28, 0x0B, // "Ŭ" (U+016C) -> class 11
  0x01, 0x2A, 0x0B, // "Ů" (U+016E) -> class 11
  0x01, 0x2C, 0x0B, // "Ű" (U+0170) -> class 11
  0x01, 0x2E, 0x0B, // "Ų" (U+0172) -> class 11
  0x01, 0x30, 0x0C, // "Ŵ" (U+0174) -> class 12
  0x01, 0x31, 0x0B, // "ŵ" (U+0175) -> class 11
  0x01, 0x32, 0x0D, // "Ŷ" (U+0176) -> class 13
  0x01, 0x33, 0x0B, // "ŷ" (U+0177) -> class 11
  0x01, 0x34, 0x0D, // "Ÿ" (U+0178) -> class 13
  0x01, 0x35, 0x0E, // "Ź" (U+0179) -> class 14
  0x01, 0x37, 0x0E, // "Ż" (U+017B) -> class 14
  0x01, 0x39, 0x0E, // "Ž" (U+017D) -> class 14
  0x01, 0x3F, 0x03, // "–" (U+2013) -> class 3
  0x01, 0x40, 0x03, // "—" (U+2014) -> class 3
  0x01, 0x43, 0x00, // "‘" (U+2018) -> class 0
  0x01, 0x44, 0x00, // "’" (U+2019) -> class 0
  0x01, 0x45, 0x02, // "‚" (U+201A) -> class 2
  0x01, 0x47, 0x00, // "“" (U+201C) -> class 0
  0x01, 0x48, 0x00, // "”" (U+201D) -> class 0
  0x01, 0x49, 0x02, // "„" (U+201E) -> class 2
  0x01, 0x50, 0x12, // "‹" (U+2039) -> class 18
  0x01, 0x51, 0x13, // "›" (U+203A) -> class 19
  
  // Kerning classes.
  0x00, 0x00, 0x00, 0x53, // class 0 entries
  0x00, 0x53, 0x00, 0x0B, // class 1 entries
  0x00, 0x5E, 0x00, 0x2D, // class 2 entries
  0x00, 0x8B, 0x00, 0x04, // class 3 entries
  0x00, 0x8F, 0x00, 0x26, // class 4 entries
  0x00, 0xB5, 0x00, 0x19, // class 5 entries
  0x00, 0xCE, 0x00, 0x14, // class 6 entries
  0x00, 0xE2, 0x00, 0x0F, // class 7 entries
  0x00, 0xF1, 0x00, 0x26, // class 8 entries
  0x01, 0x17, 0x00, 0x13, // class 9 entries
  0x01, 0x2A, 0x00, 0x81, // class 10 entries
  0x01, 0xAB, 0x00, 0x05, // class 11 entries
  0x01, 0xB0, 0x00, 0x3B, // class 12 entries
  0x01, 0xEB, 0x00, 0x76, // class 13 entries
  0x02, 0x61, 0x00, 0x02, // class 14 entries
  0x02, 0x63, 0x00, 0x08, // class 15 entries
  0x02, 0x6B, 0x00, 0x2F, // class 16 entries
  0x02, 0x9A, 0x00, 0x20, // class 17 entries
  0x02, 0xBA, 0x00, 0x08, // class 18 entries
  0x02, 0xC2, 0x00, 0x0C, // class 19 entries
  0x02, 0xCE, 0x00, 0x0B, // class 20 entries
  
  // Kerning destinations.
  0x00, 0x20, 0x02, // class 0 -> "A" (U+0041)
  0x00, 0x40, 0x01, // class 0 -> "a" (U+0061)
  0x00, 0x42, 0x02, // class 0 -> "c" (U+0063)
  0x00, 0x43, 0x02, // class 0 -> "d" (U+0064)
  0x00, 0x44, 0x02, // class 0 -> "e" (U+0065)
  0x00, 0x46, 0x01, // class 0 -> "g" (U+0067)
  0x00, 0x4C, 0x01, // class 0 -> "m" (U+006D)
  0x00, 0x4D, 0x01, // class 0 -> "n" (U+006E)
  0x00, 0x4E, 0x02, // class 0 -> "o" (U+006F)
  0x00, 0x4F, 0x01, // class 0 -> "p" (U+0070)
  0x00, 0x50, 0x02, // class 0 -> "q" (U+0071)
  0x00, 0x51, 0x01, // class 0 -> "r" (U+0072)
  0x00, 0x52, 0x01, // class 0 -> "s" (U+0073)
  0x00, 0x54, 0x01, // class 0 -> "u" (U+0075)
  0x00, 0x7C, 0x02, // class 0 -> "À" (U+00C0)
  0x00, 0x7D, 0x02, // class 0 -> "Á" (U+00C1)
  0x00, 0x7E, 0x02, // class 0 -> "Â" (U+00C2)
  0x00, 0x7F, 0x02, // class 0 -> "Ã" (U+00C3)
  0x00, 0x80, 0x02, // class 0 -> "Ä" (U+00C4)
  0x00, 0x81, 0x02, // class 0 -> "Å" (U+00C5)
  0x00, 0x82, 0x03, // class 0 -> "Æ" (U+00C6)
  0x00, 0x9C, 0x02, // class 0 -> "à" (U+00E0)
  0x00, 0x9D, 0x01, // class 0 -> "á" (U+00E1)
  0x00, 0x9E, 0x01, // class 0 -> "â" (U+00E2)
  0x00, 0x9F, 0x01, // class 0 -> "ã" (U+00E3)
  0x00, 0xA0, 0x01, // class 0 -> "ä" (U+00E4)
  0x00, 0xA1, 0x01, // class 0 -> "å" (U+00E5)
  0x00, 0xA2, 0x01, // class 0 -> "æ" (U+00E6)
  0x00, 0xA3, 0x02, // class 0 -> "ç" (U+00E7)
  0x00, 0xA4, 0x02, // class 0 -> "è" (U+00E8)
  0x00, 0xA5, 0x02, // class 0 -> "é" (U+00E9)
  0x00, 0xA6, 0x02, // class 0 -> "ê" (U+00EA)
  0x00, 0xA7, 0x02, // class 0 -> "ë" (U+00EB)
  0x00, 0xAE, 0x02, // class 0 -> "ò" (U+00F2)
  0x00, 0xAF, 0x02, // class 0 -> "ó" (U+00F3)
  0x00, 0xB0, 0x02, // class 0 -> "ô" (U+00F4)
  0x00, 0xB1, 0x02, // class 0 -> "õ" (U+00F5)
  0x00, 0xB2, 0x02, // class 0 -> "ö" (U+00F6)
  0x00, 0xB4, 0x02, // class 0 -> "ø" (U+00F8)
  0x00, 0xB5, 0x01, // class 0 -> "ù" (U+00F9)
  0x00, 0xB6, 0x01, // class 0 -> "ú" (U+00FA)
  0x00, 0xB7, 0x01, // class 0 -> "û" (U+00FB)
  0x00, 0xB8, 0x01, // class 0 -> "ü" (U+00FC)
  0x00, 0xBC, 0x02, // class 0 -> "Ā" (U+0100)
  0x00, 0xBD, 0x01, // class 0 -> "ā" (U+0101)
  0x00, 0xBE, 0x02, // class 0 -> "Ă" (U+0102)
  0x00, 0xBF, 0x01, // class 0 -> "ă" (U+0103)
  0x00, 0xC0, 0x02, // class 0 -> "Ą" (U+0104)
  0x00, 0xC1, 0x01, // class 0 -> "ą" (U+0105)
  0x00, 0xC3, 0x02, // class 0 -> "ć" (U+0107)
  0x00, 0xC5, 0x02, // class 0 -> "ĉ" (U+0109)
  0x00, 0xC7, 0x02, // class 0 -> "ċ" (U+010B)
  0x00, 0xC9, 0x02, // class 0 -> "č" (U+010D)
  0x00, 0xCB, 0x02, // class 0 -> "ď" (U+010F)
  0x00, 0xCD, 0x02, // class 0 -> "đ" (U+0111)
  0x00, 0xCF, 0x02, // class 0 -> "ē" (U+0113)
  0x00, 0xD1, 0x02, // class 0 -> "ĕ" (U+0115)
  0x00, 0xD3, 0x02, // class 0 -> "ė" (U+0117)
  0x00, 0xD5, 0x02, // class 0 -> "ę" (U+0119)
  0x00, 0xD7, 0x02, // class 0 -> "ě" (U+011B)
  0x00, 0xD9, 0x01, // class 0 -> "ĝ" (U+011D)
  0x00, 0xDB, 0x01, // class 0 -> "ğ" (U+011F)
  0x00, 0xDD, 0x01, // class 0 -> "ġ" (U+0121)
  0x00, 0xDF, 0x01, // class 0 -> "ģ" (U+0123)
  0x00, 0xF4, 0x01, // class 0 -> "ĸ" (U+0138)
  0x01, 0x00, 0x01, // class 0 -> "ń" (U+0144)
  0x01, 0x02, 0x01, // class 0 -> "ņ" (U+0146)
  0x01, 0x07, 0x01, // class 0 -> "ŋ" (U+014B)
  0x01, 0x09, 0x02, // class 0 -> "ō" (U+014D)
  0x01, 0x0B, 0x02, // class 0 -> "ŏ" (U+014F)
  0x01, 0x0D, 0x02, // class 0 -> "ő" (U+0151)
  0x01, 0x0F, 0x02, // class 0 -> "œ" (U+0153)
  0x01, 0x11, 0x01, // class 0 -> "ŕ" (U+0155)
  0x01, 0x13, 0x01, // class 0 -> "ŗ" (U+0157)
  0x01, 0x17, 0x01, // class 0 -> "ś" (U+015B)
  0x01, 0x1B, 0x01, // class 0 -> "ş" (U+015F)
  0x01, 0x25, 0x01, // class 0 -> "ũ" (U+0169)
  0x01, 0x27, 0x01, // class 0 -> "ū" (U+016B)
  0x01, 0x29, 0x01, // class 0 -> "ŭ" (U+016D)
  0x01, 0x2B, 0x01, // class 0 -> "ů" (U+016F)
  0x01, 0x2D, 0x01, // class 0 -> "ű" (U+0171)
  0x01, 0x2F, 0x01, // class 0 -> "ų" (U+0173)
  0x01, 0x3D, 0x01, // class 0 -> "μ" (U+03BC)
  0x00, 0x33, 0x02, // class 1 -> "T" (U+0054)
  0x00, 0x35, 0x01, // class 1 -> "V" (U+0056)
  0x00, 0x36, 0x01, // class 1 -> "W" (U+0057)
  0x00, 0x38, 0x01, // class 1 -> "Y" (U+0059)
  0x00, 0x99, 0x01, // class 1 -> "Ý" (U+00DD)
  0x01, 0x1E, 0x02, // class 1 -> "Ţ" (U+0162)
  0x01, 0x20, 0x02, // class 1 -> "Ť" (U+0164)
  0x01, 0x22, 0x02, // class 1 -> "Ŧ" (U+0166)
  0x01, 0x30, 0x01, // class 1 -> "Ŵ" (U+0174)
  0x01, 0x32, 0x01, // class 1 -> "Ŷ" (U+0176)
  0x01, 0x34, 0x01, // class 1 -> "Ÿ" (U+0178)
  0x00, 0x22, 0x02, // class 2 -> "C" (U+0043)
  0x00, 0x26, 0x02, // class 2 -> "G" (U+0047)
  0x00, 0x2E, 0x02, // class 2 -> "O" (U+004F)
  0x00, 0x30, 0x02, // class 2 -> "Q" (U+0051)
  0x00, 0x33, 0x02, // class 2 -> "T" (U+0054)
  0x00, 0x34, 0x01, // class 2 -> "U" (U+0055)
  0x00, 0x35, 0x02, // class 2 -> "V" (U+0056)
  0x00, 0x36, 0x02, // class 2 -> "W" (U+0057)
  0x00, 0x38, 0x02, // class 2 -> "Y" (U+0059)
  0x00, 0x83, 0x02, // class 2 -> "Ç" (U+00C7)
  0x00, 0x8E, 0x02, // class 2 -> "Ò" (U+00D2)
  0x00, 0x8F, 0x02, // class 2 -> "Ó" (U+00D3)
  0x00, 0x90, 0x02, // class 2 -> "Ô" (U+00D4)
  0x00, 0x91, 0x02, // class 2 -> "Õ" (U+00D5)
  0x00, 0x92, 0x02, // class 2 -> "Ö" (U+00D6)
  0x00, 0x94, 0x02, // class 2 -> "Ø" (U+00D8)
  0x00, 0x95, 0x01, // class 2 -> "Ù" (U+00D9)
  0x00, 0x96, 0x01, // class 2 -> "Ú" (U+00DA)
  0x00, 0x97, 0x01, // class 2 -> "Û" (U+00DB)
  0x00, 0x98, 0x01, // class 2 -> "Ü" (U+00DC)
  0x00, 0x99, 0x02, // class 2 -> "Ý" (U+00DD)
  0x00, 0xC2, 0x02, // class 2 -> "Ć" (U+0106)
  0x00, 0xC4, 0x02, // class 2 -> "Ĉ" (U+0108)
  0x00, 0xC6, 0x02, // class 2 -> "Ċ" (U+010A)
  0x00, 0xC8, 0x02, // class 2 -> "Č" (U+010C)
  0x00, 0xD8, 0x02, // class 2 -> "Ĝ" (U+011C)
  0x00, 0xDA, 0x02, // class 2 -> "Ğ" (U+011E)
  0x00, 0xDC, 0x02, // class 2 -> "Ġ" (U+0120)
  0x00, 0xDE, 0x02, // class 2 -> "Ģ" (U+0122)
  0x01, 0x08, 0x02, // class 2 -> "Ō" (U+014C)
  0x01, 0x0A, 0x02, // class 2 -> "Ŏ" (U+014E)
  0x01, 0x0C, 0x02, // class 2 -> "Ő" (U+0150)
  0x01, 0x0E, 0x02, // class 2 -> "Œ" (U+0152)
  0x01, 0x1E, 0x02, // class 2 -> "Ţ" (U+0162)
  0x01, 0x20, 0x02, // class 2 -> "Ť" (U+0164)
  0x01, 0x22, 0x02, // class 2 -> "Ŧ" (U+0166)
  0x01, 0x24, 0x01, // class 2 -> "Ũ" (U+0168)
  0x01, 0x26, 0x01, // class 2 -> "Ū" (U+016A)
  0x01, 0x28, 0x01, // class 2 -> "Ŭ" (U+016C)
  0x01, 0x2A, 0x01, // class 2 -> "Ů" (U+016E)
  0x01, 0x2C, 0x01, // class 2 -> "Ű" (U+0170)
  0x01, 0x2E, 0x01, // class 2 -> "Ų" (U+0172)
  0x01, 0x30, 0x02, // class 2 -> "Ŵ" (U+0174)
  0x01, 0x32, 0x02, // class 2 -> "Ŷ" (U+0176)
  0x01, 0x34, 0x02, // class 2 -> "Ÿ" (U+0178)
  0x00, 0x33, 0x01, // class 3 -> "T" (U+0054)
  0x01, 0x1E, 0x01, // class 3 -> "Ţ" (U+0162)
  0x01, 0x20, 0x01, // class 3 -> "Ť" (U+0164)
  0x01, 0x22, 0x01, // class 3 -> "Ŧ" (U+0166)
  0x00, 0x01, 0x02, // class 4 -> """ (U+0022)
  0x00, 0x06, 0x02, // class 4 -> "'" (U+0027)
  0x00, 0x22, 0x01, // class 4 -> "C" (U+0043)
  0x00, 0x26, 0x01, // class 4 -> "G" (U+0047)
  0x00, 0x2E, 0x01, // class 4 -> "O" (U+004F)
  0x00, 0x30, 0x01, // class 4 -> "Q" (U+0051)
  0x00, 0x33, 0x02, // class 4 -> "T" (U+0054)
  0x00, 0x35, 0x01, // class 4 -> "V" (U+0056)
  0x00, 0x36, 0x01, // class 4 -> "W" (U+0057)
  0x00, 0x38, 0x02, // class 4 -> "Y" (U+0059)
  0x00, 0x83, 0x01, // class 4 -> "Ç" (U+00C7)
  0x00, 0x8E, 0x01, // class 4 -> "Ò" (U+00D2)
  0x00, 0x8F, 0x01, // class 4 -> "Ó" (U+00D3)
  0x00, 0x90, 0x01, // class 4 -> "Ô" (U+00D4)
  0x00, 0x91, 0x01, // class 4 -> "Õ" (U+00D5)
  0x00, 0x92, 0x01, // class 4 -> "Ö" (U+00D6)
  0x00, 0x94, 0x01, // class 4 -> "Ø" (U+00D8)
  0x00, 0x99, 0x02, // class 4 -> "Ý" (U+00DD)
  0x00, 0xC2, 0x01, // class 4 -> "Ć" (U+0106)
  0x00, 0xC4, 0x01, // class 4 -> "Ĉ" (U+0108)
  0x00, 0xC6, 0x01, // class 4 -> "Ċ" (U+010A)
  0x00, 0xC8, 0x01, // class 4 -> "Č" (U+010C)
  0x00, 0xD8, 0x01, // class 4 -> "Ĝ" (U+011C)
  0x00, 0xDA, 0x01, // class 4 -> "Ğ" (U+011E)
  0x00, 0xDC, 0x01, // class 4 -> "Ġ" (U+0120)
  0x00, 0xDE, 0x01, // class 4 -> "Ģ" (U+0122)
  0x01, 0x08, 0x01, // class 4 -> "Ō" (U+014C)
  0x01, 0x0A, 0x01, // class 4 -> "Ŏ" (U+014E)
  0x01, 0x0C, 0x01, // class 4 -> "Ő" (U+0150)
  0x01, 0x0E, 0x01, // class 4 -> "Œ" (U+0152)
  0x01, 0x1E, 0x02, // class 4 -> "Ţ" (U+0162)
  0x01, 0x20, 0x02, // class 4 -> "Ť" (U+0164)
  0x01, 0x22, 0x02, // class 4 -> "Ŧ" (U+0166)
  0x01, 0x30, 0x01, // class 4 -> "Ŵ" (U+0174)
  0x01, 0x32, 0x02, // class 4 -> "Ŷ" (U+0176)
  0x01, 0x34, 0x02, // class 4 -> "Ÿ" (U+0178)
  0x01, 0x44, 0x02, // class 4 -> "’" (U+2019)
  0x01, 0x48, 0x02, // class 4 -> "”" (U+201D)
  0x00, 0x22, 0x01, // class 5 -> "C" (U+0043)
  0x00, 0x26, 0x01, // class 5 -> "G" (U+0047)
  0x00, 0x2E, 0x01, // class 5 -> "O" (U+004F)
  0x00, 0x30, 0x01, // class 5 -> "Q" (U+0051)
  0x00, 0x68, 0x01, // class 5 -> "«" (U+00AB)
  0x00, 0x83, 0x01, // class 5 -> "Ç" (U+00C7)
  0x00, 0x8E, 0x01, // class 5 -> "Ò" (U+00D2)
  0x00, 0x8F, 0x01, // class 5 -> "Ó" (U+00D3)
  0x00, 0x90, 0x01, // class 5 -> "Ô" (U+00D4)
  0x00, 0x91, 0x01, // class 5 -> "Õ" (U+00D5)
  0x00, 0x92, 0x01, // class 5 -> "Ö" (U+00D6)
  0x00, 0x94, 0x01, // class 5 -> "Ø" (U+00D8)
  0x00, 0xC2, 0x01, // class 5 -> "Ć" (U+0106)
  0x00, 0xC4, 0x01, // class 5 -> "Ĉ" (U+0108)
  0x00, 0xC6, 0x01, // class 5 -> "Ċ" (U+010A)
  0x00, 0xC8, 0x01, // class 5 -> "Č" (U+010C)
  0x00, 0xD8, 0x01, // class 5 -> "Ĝ" (U+011C)
  0x00, 0xDA, 0x01, // class 5 -> "Ğ" (U+011E)
  0x00, 0xDC, 0x01, // class 5 -> "Ġ" (U+0120)
  0x00, 0xDE, 0x01, // class 5 -> "Ģ" (U+0122)
  0x01, 0x08, 0x01, // class 5 -> "Ō" (U+014C)
  0x01, 0x0A, 0x01, // class 5 -> "Ŏ" (U+014E)
  0x01, 0x0C, 0x01, // class 5 -> "Ő" (U+0150)
  0x01, 0x0E, 0x01, // class 5 -> "Œ" (U+0152)
  0x01, 0x50, 0x01, // class 5 -> "‹" (U+2039)
  0x00, 0x0B, 0x01, // class 6 -> "," (U+002C)
  0x00, 0x0D, 0x01, // class 6 -> "." (U+002E)
  0x00, 0x20, 0x01, // class 6 -> "A" (U+0041)
  0x00, 0x33, 0x01, // class 6 -> "T" (U+0054)
  0x00, 0x37, 0x01, // class 6 -> "X" (U+0058)
  0x00, 0x7C, 0x01, // class 6 -> "À" (U+00C0)
  0x00, 0x7D, 0x01, // class 6 -> "Á" (U+00C1)
  0x00, 0x7E, 0x01, // class 6 -> "Â" (U+00C2)
  0x00, 0x7F, 0x01, // class 6 -> "Ã" (U+00C3)
  0x00, 0x80, 0x01, // class 6 -> "Ä" (U+00C4)
  0x00, 0x81, 0x01, // class 6 -> "Å" (U+00C5)
  0x00, 0xBC, 0x01, // class 6 -> "Ā" (U+0100)
  0x00, 0xBE, 0x01, // class 6 -> "Ă" (U+0102)
  0x00, 0xC0, 0x01, // class 6 -> "Ą" (U+0104)
  0x01, 0x1E, 0x01, // class 6 -> "Ţ" (U+0162)
  0x01, 0x20, 0x01, // class 6 -> "Ť" (U+0164)
  0x01, 0x22, 0x01, // class 6 -> "Ŧ" (U+0166)
  0x01, 0x45, 0x01, // class 6 -> "‚" (U+201A)
  0x01, 0x49, 0x01, // class 6 -> "„" (U+201E)
  0x01, 0x4E, 0x01, // class 6 -> "…" (U+2026)
  0x00, 0x0B, 0x02, // class 7 -> "," (U+002C)
  0x00, 0x0D, 0x02, // class 7 -> "." (U+002E)
  0x00, 0x20, 0x01, // class 7 -> "A" (U+0041)
  0x00, 0x7C, 0x01, // class 7 -> "À" (U+00C0)
  0x00, 0x7D, 0x01, // class 7 -> "Á" (U+00C1)
  0x00, 0x7E, 0x01, // class 7 -> "Â" (U+00C2)
  0x00, 0x7F, 0x01, // class 7 -> "Ã" (U+00C3)
  0x00, 0x80, 0x01, // class 7 -> "Ä" (U+00C4)
  0x00, 0x81, 0x01, // class 7 -> "Å" (U+00C5)
  0x00, 0xBC, 0x01, // class 7 -> "Ā" (U+0100)
  0x00, 0xBE, 0x01, // class 7 -> "Ă" (U+0102)
  0x00, 0xC0, 0x01, // class 7 -> "Ą" (U+0104)
  0x01, 0x45, 0x02, // class 7 -> "‚" (U+201A)
  0x01, 0x49, 0x02, // class 7 -> "„" (U+201E)
  0x01, 0x4E, 0x02, // class 7 -> "…" (U+2026)
  0x00, 0x01, 0x03, // class 8 -> """ (U+0022)
  0x00, 0x06, 0x03, // class 8 -> "'" (U+0027)
  0x00, 0x22, 0x01, // class 8 -> "C" (U+0043)
  0x00, 0x26, 0x01, // class 8 -> "G" (U+0047)
  0x00, 0x2E, 0x01, // class 8 -> "O" (U+004F)
  0x00, 0x30, 0x01, // class 8 -> "Q" (U+0051)
  0x00, 0x33, 0x01, // class 8 -> "T" (U+0054)
  0x00, 0x35, 0x01, // class 8 -> "V" (U+0056)
  0x00, 0x36, 0x01, // class 8 -> "W" (U+0057)
  0x00, 0x38, 0x01, // class 8 -> "Y" (U+0059)
  0x00, 0x83, 0x01, // class 8 -> "Ç" (U+00C7)
  0x00, 0x8E, 0x01, // class 8 -> "Ò" (U+00D2)
  0x00, 0x8F, 0x01, // class 8 -> "Ó" (U+00D3)
  0x00, 0x90, 0x01, // class 8 -> "Ô" (U+00D4)
  0x00, 0x91, 0x01, // class 8 -> "Õ" (U+00D5)
  0x00, 0x92, 0x01, // class 8 -> "Ö" (U+00D6)
  0x00, 0x94, 0x01, // class 8 -> "Ø" (U+00D8)
  0x00, 0x99, 0x01, // class 8 -> "Ý" (U+00DD)
  0x00, 0xC2, 0x01, // class 8 -> "Ć" (U+0106)
  0x00, 0xC4, 0x01, // class 8 -> "Ĉ" (U+0108)
  0x00, 0xC6, 0x01, // class 8 -> "Ċ" (U+010A)
  0x00, 0xC8, 0x01, // class 8 -> "Č" (U+010C)
  0x00, 0xD8, 0x01, // class 8 -> "Ĝ" (U+011C)
  0x00, 0xDA, 0x01, // class 8 -> "Ğ" (U+011E)
  0x00, 0xDC, 0x01, // class 8 -> "Ġ" (U+0120)
  0x00, 0xDE, 0x01, // class 8 -> "Ģ" (U+0122)
  0x01, 0x08, 0x01, // class 8 -> "Ō" (U+014C)
  0x01, 0x0A, 0x01, // class 8 -> "Ŏ" (U+014E)
  0x01, 0x0C, 0x01, // class 8 -> "Ő" (U+0150)
  0x01, 0x0E, 0x01, // class 8 -> "Œ" (U+0152)
  0x01, 0x1E, 0x01, // class 8 -> "Ţ" (U+0162)
  0x01, 0x20, 0x01, // class 8 -> "Ť" (U+0164)
  0x01, 0x22, 0x01, // class 8 -> "Ŧ" (U+0166)
  0x01, 0x30, 0x01, // class 8 -> "Ŵ" (U+0174)
  0x01, 0x32, 0x01, // class 8 -> "Ŷ" (U+0176)
  0x01, 0x34, 0x01, // class 8 -> "Ÿ" (U+0178)
  0x01, 0x44, 0x03, // class 8 -> "’" (U+2019)
  0x01, 0x48, 0x03, // class 8 -> "”" (U+201D)
  0x00, 0x0B, 0x04, // class 9 -> "," (U+002C)
  0x00, 0x0D, 0x04, // class 9 -> "." (U+002E)
  0x00, 0x20, 0x02, // class 9 -> "A" (U+0041)
  0x00, 0x37, 0x01, // class 9 -> "X" (U+0058)
  0x00, 0x68, 0x01, // class 9 -> "«" (U+00AB)
  0x00, 0x7C, 0x02, // class 9 -> "À" (U+00C0)
  0x00, 0x7D, 0x02, // class 9 -> "Á" (U+00C1)
  0x00, 0x7E, 0x02, // class 9 -> "Â" (U+00C2)
  0x00, 0x7F, 0x02, // class 9 -> "Ã" (U+00C3)
  0x00, 0x80, 0x02, // class 9 -> "Ä" (U+00C4)
  0x00, 0x81, 0x02, // class 9 -> "Å" (U+00C5)
  0x00, 0x82, 0x01, // class 9 -> "Æ" (U+00C6)
  0x00, 0xBC, 0x02, // class 9 -> "Ā" (U+0100)
  0x00, 0xBE, 0x02, // class 9 -> "Ă" (U+0102)
  0x00, 0xC0, 0x02, // class 9 -> "Ą" (U+0104)
  0x01, 0x45, 0x04, // class 9 -> "‚" (U+201A)
  0x01, 0x49, 0x04, // class 9 -> "„" (U+201E)
  0x01, 0x4E, 0x04, // class 9 -> "…" (U+2026)
  0x01, 0x50, 0x01, // class 9 -> "‹" (U+2039)
  0x00, 0x05, 0x01, // class 10 -> "&" (U+0026)
  0x00, 0x0B, 0x02, // class 10 -> "," (U+002C)
  0x00, 0x0C, 0x01, // class 10 -> "-" (U+002D)
  0x00, 0x0D, 0x02, // class 10 -> "." (U+002E)
  0x00, 0x20, 0x02, // class 10 -> "A" (U+0041)
  0x00, 0x22, 0x01, // class 10 -> "C" (U+0043)
  0x00, 0x26, 0x01, // class 10 -> "G" (U+0047)
  0x00, 0x2E, 0x01, // class 10 -> "O" (U+004F)
  0x00, 0x30, 0x01, // class 10 -> "Q" (U+0051)
  0x00, 0x40, 0x03, // class 10 -> "a" (U+0061)
  0x00, 0x42, 0x02, // class 10 -> "c" (U+0063)
  0x00, 0x43, 0x02, // class 10 -> "d" (U+0064)
  0x00, 0x44, 0x02, // class 10 -> "e" (U+0065)
  0x00, 0x46, 0x02, // class 10 -> "g" (U+0067)
  0x00, 0x4C, 0x02, // class 10 -> "m" (U+006D)
  0x00, 0x4D, 0x02, // class 10 -> "n" (U+006E)
  0x00, 0x4E, 0x02, // class 10 -> "o" (U+006F)
  0x00, 0x4F, 0x02, // class 10 -> "p" (U+0070)
  0x00, 0x50, 0x02, // class 10 -> "q" (U+0071)
  0x00, 0x51, 0x02, // class 10 -> "r" (U+0072)
  0x00, 0x52, 0x02, // class 10 -> "s" (U+0073)
  0x00, 0x54, 0x02, // class 10 -> "u" (U+0075)
  0x00, 0x55, 0x01, // class 10 -> "v" (U+0076)
  0x00, 0x56, 0x01, // class 10 -> "w" (U+0077)
  0x00, 0x57, 0x01, // class 10 -> "x" (U+0078)
  0x00, 0x58, 0x01, // class 10 -> "y" (U+0079)
  0x00, 0x59, 0x01, // class 10 -> "z" (U+007A)
  0x00, 0x68, 0x02, // class 10 -> "«" (U+00AB)
  0x00, 0x77, 0x01, // class 10 -> "»" (U+00BB)
  0x00, 0x7C, 0x02, // class 10 -> "À" (U+00C0)
  0x00, 0x7D, 0x02, // class 10 -> "Á" (U+00C1)
  0x00, 0x7E, 0x02, // class 10 -> "Â" (U+00C2)
  0x00, 0x7F, 0x02, // class 10 -> "Ã" (U+00C3)
  0x00, 0x80, 0x02, // class 10 -> "Ä" (U+00C4)
  0x00, 0x81, 0x02, // class 10 -> "Å" (U+00C5)
  0x00, 0x83, 0x01, // class 10 -> "Ç" (U+00C7)
  0x00, 0x8E, 0x01, // class 10 -> "Ò" (U+00D2)
  0x00, 0x8F, 0x01, // class 10 -> "Ó" (U+00D3)
  0x00, 0x90, 0x01, // class 10 -> "Ô" (U+00D4)
  0x00, 0x91, 0x01, // class 10 -> "Õ" (U+00D5)
  0x00, 0x92, 0x01, // class 10 -> "Ö" (U+00D6)
  0x00, 0x94, 0x01, // class 10 -> "Ø" (U+00D8)
  0x00, 0x9C, 0x02, // class 10 -> "à" (U+00E0)
  0x00, 0x9D, 0x03, // class 10 -> "á" (U+00E1)
  0x00, 0x9E, 0x03, // class 10 -> "â" (U+00E2)
  0x00, 0x9F, 0x03, // class 10 -> "ã" (U+00E3)
  0x00, 0xA0, 0x03, // class 10 -> "ä" (U+00E4)
  0x00, 0xA1, 0x03, // class 10 -> "å" (U+00E5)
  0x00, 0xA2, 0x03, // class 10 -> "æ" (U+00E6)
  0x00, 0xA3, 0x02, // class 10 -> "ç" (U+00E7)
  0x00, 0xA4, 0x02, // class 10 -> "è" (U+00E8)
  0x00, 0xA5, 0x02, // class 10 -> "é" (U+00E9)
  0x00, 0xA6, 0x02, // class 10 -> "ê" (U+00EA)
  0x00, 0xA7, 0x02, // class 10 -> "ë" (U+00EB)
  0x00, 0xAE, 0x02, // class 10 -> "ò" (U+00F2)
  0x00, 0xAF, 0x02, // class 10 -> "ó" (U+00F3)
  0x00, 0xB0, 0x02, // class 10 -> "ô" (U+00F4)
  0x00, 0xB1, 0x02, // class 10 -> "õ" (U+00F5)
  0x00, 0xB2, 0x02, // class 10 -> "ö" (U+00F6)
  0x00, 0xB4, 0x02, // class 10 -> "ø" (U+00F8)
  0x00, 0xB5, 0x02, // class 10 -> "ù" (U+00F9)
  0x00, 0xB6, 0x02, // class 10 -> "ú" (U+00FA)
  0x00, 0xB7, 0x02, // class 10 -> "û" (U+00FB)
  0x00, 0xB8, 0x02, // class 10 -> "ü" (U+00FC)
  0x00, 0xB9, 0x01, // class 10 -> "ý" (U+00FD)
  0x00, 0xBB, 0x01, // class 10 -> "ÿ" (U+00FF)
  0x00, 0xBC, 0x02, // class 10 -> "Ā" (U+0100)
  0x00, 0xBD, 0x03, // class 10 -> "ā" (U+0101)
  0x00, 0xBE, 0x02, // class 10 -> "Ă" (U+0102)
  0x00, 0xBF, 0x03, // class 10 -> "ă" (U+0103)
  0x00, 0xC0, 0x02, // class 10 -> "Ą" (U+0104)
  0x00, 0xC1, 0x03, // class 10 -> "ą" (U+0105)
  0x00, 0xC2, 0x01, // class 10 -> "Ć" (U+0106)
  0x00, 0xC3, 0x02, // class 10 -> "ć" (U+0107)
  0x00, 0xC4, 0x01, // class 10 -> "Ĉ" (U+0108)
  0x00, 0xC5, 0x02, // class 10 -> "ĉ" (U+0109)
  0x00, 0xC6, 0x01, // class 10 -> "Ċ" (U+010A)
  0x00, 0xC7, 0x02, // class 10 -> "ċ" (U+010B)
  0x00, 0xC8, 0x01, // class 10 -> "Č" (U+010C)
  0x00, 0xC9, 0x02, // class 10 -> "č" (U+010D)
  0x00, 0xCB, 0x02, // class 10 -> "ď" (U+010F)
  0x00, 0xCD, 0x02, // class 10 -> "đ" (U+0111)
  0x00, 0xCF, 0x02, // class 10 -> "ē" (U+0113)
  0x00, 0xD1, 0x02, // class 10 -> "ĕ" (U+0115)
  0x00, 0xD3, 0x02, // class 10 -> "ė" (U+0117)
  0x00, 0xD5, 0x02, // class 10 -> "ę" (U+0119)
  0x00, 0xD7, 0x02, // class 10 -> "ě" (U+011B)
  0x00, 0xD8, 0x01, // class 10 -> "Ĝ" (U+011C)
  0x00, 0xD9, 0x02, // class 10 -> "ĝ" (U+011D)
  0x00, 0xDA, 0x01, // class 10 -> "Ğ" (U+011E)
  0x00, 0xDB, 0x02, // class 10 -> "ğ" (U+011F)
  0x00, 0xDC, 0x01, // class 10 -> "Ġ" (U+0120)
  0x00, 0xDD, 0x02, // class 10 -> "ġ" (U+0121)
  0x00, 0xDE, 0x01, // class 10 -> "Ģ" (U+0122)
  0x00, 0xDF, 0x02, // class 10 -> "ģ" (U+0123)
  0x00, 0xF4, 0x02, // class 10 -> "ĸ" (U+0138)
  0x01, 0x00, 0x02, // class 10 -> "ń" (U+0144)
  0x01, 0x02, 0x02, // class 10 -> "ņ" (U+0146)
  0x01, 0x07, 0x02, // class 10 -> "ŋ" (U+014B)
  0x01, 0x08, 0x01, // class 10 -> "Ō" (U+014C)
  0x01, 0x09, 0x02, // class 10 -> "ō" (U+014D)
  0x01, 0x0A, 0x01, // class 10 -> "Ŏ" (U+014E)
  0x01, 0x0B, 0x02, // class 10 -> "ŏ" (U+014F)
  0x01, 0x0C, 0x01, // class 10 -> "Ő" (U+0150)
  0x01, 0x0D, 0x02, // class 10 -> "ő" (U+0151)
  0x01, 0x0E, 0x01, // class 10 -> "Œ" (U+0152)
  0x01, 0x0F, 0x02, // class 10 -> "œ" (U+0153)
  0x01, 0x11, 0x02, // class 10 -> "ŕ" (U+0155)
  0x01, 0x13, 0x02, // class 10 -> "ŗ" (U+0157)
  0x01, 0x17, 0x02, // class 10 -> "ś" (U+015B)
  0x01, 0x1B, 0x02, // class 10 -> "ş" (U+015F)
  0x01, 0x25, 0x02, // class 10 -> "ũ" (U+0169)
  0x01, 0x27, 0x02, // class 10 -> "ū" (U+016B)
  0x01, 0x29, 0x02, // class 10 -> "ŭ" (U+016D)
  0x01, 0x2B, 0x02, // class 10 -> "ů" (U+016F)
  0x01, 0x2D, 0x02, // class 10 -> "ű" (U+0171)
  0x01, 0x2F, 0x02, // class 10 -> "ų" (U+0173)
  0x01, 0x31, 0x01, // class 10 -> "ŵ" (U+0175)
  0x01, 0x33, 0x01, // class 10 -> "ŷ" (U+0177)
  0x01, 0x36, 0x01, // class 10 -> "ź" (U+017A)
  0x01, 0x38, 0x01, // class 10 -> "ż" (U+017C)
  0x01, 0x3A, 0x01, // class 10 -> "ž" (U+017E)
  0x01, 0x3F, 0x01, // class 10 -> "–" (U+2013)
  0x01, 0x40, 0x01, // class 10 -> "—" (U+2014)
  0x01, 0x45, 0x02, // class 10 -> "‚" (U+201A)
  0x01, 0x49, 0x02, // class 10 -> "„" (U+201E)
  0x01, 0x4E, 0x02, // class 10 -> "…" (U+2026)
  0x01, 0x50, 0x02, // class 10 -> "‹" (U+2039)
  0x01, 0x51, 0x01, // class 10 -> "›" (U+203A)
  0x00, 0x0B, 0x01, // class 11 -> "," (U+002C)
  0x00, 0x0D, 0x01, // class 11 -> "." (U+002E)
  0x01, 0x45, 0x01, // class 11 -> "‚" (U+201A)
  0x01, 0x49, 0x01, // class 11 -> "„" (U+201E)
  0x01, 0x4E, 0x01, // class 11 -> "…" (U+2026)
  0x00, 0x0B, 0x02, // class 12 -> "," (U+002C)
  0x00, 0x0D, 0x02, // class 12 -> "." (U+002E)
  0x00, 0x20, 0x01, // class 12 -> "A" (U+0041)
  0x00, 0x40, 0x01, // class 12 -> "a" (U+0061)
  0x00, 0x42, 0x01, // class 12 -> "c" (U+0063)
  0x00, 0x43, 0x01, // class 12 -> "d" (U+0064)
  0x00, 0x44, 0x01, // class 12 -> "e" (U+0065)
  0x00, 0x4E, 0x01, // class 12 -> "o" (U+006F)
  0x00, 0x50, 0x01, // class 12 -> "q" (U+0071)
  0x00, 0x68, 0x01, // class 12 -> "«" (U+00AB)
  0x00, 0x7C, 0x01, // class 12 -> "À" (U+00C0)
  0x00, 0x7D, 0x01, // class 12 -> "Á" (U+00C1)
  0x00, 0x7E, 0x01, // class 12 -> "Â" (U+00C2)
  0x00, 0x7F, 0x01, // class 12 -> "Ã" (U+00C3)
  0x00, 0x80, 0x01, // class 12 -> "Ä" (U+00C4)
  0x00, 0x81, 0x01, // class 12 -> "Å" (U+00C5)
  0x00, 0x9C, 0x01, // class 12 -> "à" (U+00E0)
  0x00, 0x9D, 0x01, // class 12 -> "á" (U+00E1)
  0x00, 0x9E, 0x01, // class 12 -> "â" (U+00E2)
  0x00, 0x9F, 0x01, // class 12 -> "ã" (U+00E3)
  0x00, 0xA0, 0x01, // class 12 -> "ä" (U+00E4)
  0x00, 0xA1, 0x01, // class 12 -> "å" (U+00E5)
  0x00, 0xA2, 0x01, // class 12 -> "æ" (U+00E6)
  0x00, 0xA3, 0x01, // class 12 -> "ç" (U+00E7)
  0x00, 0xA4, 0x01, // class 12 -> "è" (U+00E8)
  0x00, 0xA5, 0x01, // class 12 -> "é" (U+00E9)
  0x00, 0xA6, 0x01, // class 12 -> "ê" (U+00EA)
  0x00, 0xA7, 0x01, // class 12 -> "ë" (U+00EB)
  0x00, 0xAE, 0x01, // class 12 -> "ò" (U+00F2)
  0x00, 0xAF, 0x01, // class 12 -> "ó" (U+00F3)
  0x00, 0xB0, 0x01, // class 12 -> "ô" (U+00F4)
  0x00, 0xB1, 0x01, // class 12 -> "õ" (U+00F5)
  0x00, 0xB2, 0x01, // class 12 -> "ö" (U+00F6)
  0x00, 0xB4, 0x01, // class 12 -> "ø" (U+00F8)
  0x00, 0xBC, 0x01, // class 12 -> "Ā" (U+0100)
  0x00, 0xBD, 0x01, // class 12 -> "ā" (U+0101)
  0x00, 0xBE, 0x01, // class 12 -> "Ă" (U+0102)
  0x00, 0xBF, 0x01, // class 12 -> "ă" (U+0103)
  0x00, 0xC0, 0x01, // class 12 -> "Ą" (U+0104)
  0x00, 0xC1, 0x01, // class 12 -> "ą" (U+0105)
  0x00, 0xC3, 0x01, // class 12 -> "ć" (U+0107)
  0x00, 0xC5, 0x01, // class 12 -> "ĉ" (U+0109)
  0x00, 0xC7, 0x01, // class 12 -> "ċ" (U+010B)
  0x00, 0xC9, 0x01, // class 12 -> "č" (U+010D)
  0x00, 0xCB, 0x01, // class 12 -> "ď" (U+010F)
  0x00, 0xCD, 0x01, // class 12 -> "đ" (U+0111)
  0x00, 0xCF, 0x01, // class 12 -> "ē" (U+0113)
  0x00, 0xD1, 0x01, // class 12 -> "ĕ" (U+0115)
  0x00, 0xD3, 0x01, // class 12 -> "ė" (U+0117)
  0x00, 0xD5, 0x01, // class 12 -> "ę" (U+0119)
  0x00, 0xD7, 0x01, // class 12 -> "ě" (U+011B)
  0x01, 0x09, 0x01, // class 12 -> "ō" (U+014D)
  0x01, 0x0B, 0x01, // class 12 -> "ŏ" (U+014F)
  0x01, 0x0D, 0x01, // class 12 -> "ő" (U+0151)
  0x01, 0x0F, 0x01, // class 12 -> "œ" (U+0153)
  0x01, 0x45, 0x02, // class 12 -> "‚" (U+201A)
  0x01, 0x49, 0x02, // class 12 -> "„" (U+201E)
  0x01, 0x4E, 0x02, // class 12 -> "…" (U+2026)
  0x01, 0x50, 0x01, // class 12 -> "‹" (U+2039)
  0x00, 0x05, 0x01, // class 13 -> "&" (U+0026)
  0x00, 0x0B, 0x02, // class 13 -> "," (U+002C)
  0x00, 0x0D, 0x02, // class 13 -> "." (U+002E)
  0x00, 0x20, 0x02, // class 13 -> "A" (U+0041)
  0x00, 0x22, 0x01, // class 13 -> "C" (U+0043)
  0x00, 0x26, 0x01, // class 13 -> "G" (U+0047)
  0x00, 0x2E, 0x01, // class 13 -> "O" (U+004F)
  0x00, 0x30, 0x01, // class 13 -> "Q" (U+0051)
  0x00, 0x40, 0x02, // class 13 -> "a" (U+0061)
  0x00, 0x42, 0x02, // class 13 -> "c" (U+0063)
  0x00, 0x43, 0x02, // class 13 -> "d" (U+0064)
  0x00, 0x44, 0x02, // class 13 -> "e" (U+0065)
  0x00, 0x46, 0x02, // class 13 -> "g" (U+0067)
  0x00, 0x4C, 0x01, // class 13 -> "m" (U+006D)
  0x00, 0x4D, 0x01, // class 13 -> "n" (U+006E)
  0x00, 0x4E, 0x02, // class 13 -> "o" (U+006F)
  0x00, 0x4F, 0x01, // class 13 -> "p" (U+0070)
  0x00, 0x50, 0x02, // class 13 -> "q" (U+0071)
  0x00, 0x51, 0x01, // class 13 -> "r" (U+0072)
  0x00, 0x52, 0x01, // class 13 -> "s" (U+0073)
  0x00, 0x54, 0x01, // class 13 -> "u" (U+0075)
  0x00, 0x59, 0x01, // class 13 -> "z" (U+007A)
  0x00, 0x68, 0x03, // class 13 -> "«" (U+00AB)
  0x00, 0x77, 0x01, // class 13 -> "»" (U+00BB)
  0x00, 0x7C, 0x02, // class 13 -> "À" (U+00C0)
  0x00, 0x7D, 0x02, // class 13 -> "Á" (U+00C1)
  0x00, 0x7E, 0x02, // class 13 -> "Â" (U+00C2)
  0x00, 0x7F, 0x02, // class 13 -> "Ã" (U+00C3)
  0x00, 0x80, 0x02, // class 13 -> "Ä" (U+00C4)
  0x00, 0x81, 0x02, // class 13 -> "Å" (U+00C5)
  0x00, 0x83, 0x01, // class 13 -> "Ç" (U+00C7)
  0x00, 0x8E, 0x01, // class 13 -> "Ò" (U+00D2)
  0x00, 0x8F, 0x01, // class 13 -> "Ó" (U+00D3)
  0x00, 0x90, 0x01, // class 13 -> "Ô" (U+00D4)
  0x00, 0x91, 0x01, // class 13 -> "Õ" (U+00D5)
  0x00, 0x92, 0x01, // class 13 -> "Ö" (U+00D6)
  0x00, 0x94, 0x01, // class 13 -> "Ø" (U+00D8)
  0x00, 0x9C, 0x02, // class 13 -> "à" (U+00E0)
  0x00, 0x9D, 0x02, // class 13 -> "á" (U+00E1)
  0x00, 0x9E, 0x02, // class 13 -> "â" (U+00E2)
  0x00, 0x9F, 0x02, // class 13 -> "ã" (U+00E3)
  0x00, 0xA0, 0x02, // class 13 -> "ä" (U+00E4)
  0x00, 0xA1, 0x02, // class 13 -> "å" (U+00E5)
  0x00, 0xA2, 0x02, // class 13 -> "æ" (U+00E6)
  0x00, 0xA3, 0x02, // class 13 -> "ç" (U+00E7)
  0x00, 0xA4, 0x02, // class 13 -> "è" (U+00E8)
  0x00, 0xA5, 0x02, // class 13 -> "é" (U+00E9)
  0x00, 0xA6, 0x02, // class 13 -> "ê" (U+00EA)
  0x00, 0xA7, 0x02, // class 13 -> "ë" (U+00EB)
  0x00, 0xAE, 0x02, // class 13 -> "ò" (U+00F2)
  0x00, 0xAF, 0x02, // class 13 -> "ó" (U+00F3)
  0x00, 0xB0, 0x02, // class 13 -> "ô" (U+00F4)
  0x00, 0xB1, 0x02, // class 13 -> "õ" (U+00F5)
  0x00, 0xB2, 0x02, // class 13 -> "ö" (U+00F6)
  0x00, 0xB4, 0x02, // class 13 -> "ø" (U+00F8)
  0x00, 0xB5, 0x01, // class 13 -> "ù" (U+00F9)
  0x00, 0xB6, 0x01, // class 13 -> "ú" (U+00FA)
  0x00, 0xB7, 0x01, // class 13 -> "û" (U+00FB)
  0x00, 0xB8, 0x01, // class 13 -> "ü" (U+00FC)
  0x00, 0xBC, 0x02, // class 13 -> "Ā" (U+0100)
  0x00, 0xBD, 0x02, // class 13 -> "ā" (U+0101)
  0x00, 0xBE, 0x02, // class 13 -> "Ă" (U+0102)
  0x00, 0xBF, 0x02, // class 13 -> "ă" (U+0103)
  0x00, 0xC0, 0x02, // class 13 -> "Ą" (U+0104)
  0x00, 0xC1, 0x02, // class 13 -> "ą" (U+0105)
  0x00, 0xC2, 0x01, // class 13 -> "Ć" (U+0106)
  0x00, 0xC3, 0x02, // class 13 -> "ć" (U+0107)
  0x00, 0xC4, 0x01, // class 13 -> "Ĉ" (U+0108)
  0x00, 0xC5, 0x02, // class 13 -> "ĉ" (U+0109)
  0x00, 0xC6, 0x01, // class 13 -> "Ċ" (U+010A)
  0x00, 0xC7, 0x02, // class 13 -> "ċ" (U+010B)
  0x00, 0xC8, 0x01, // class 13 -> "Č" (U+010C)
  0x00, 0xC9, 0x02, // class 13 -> "č" (U+010D)
  0x00, 0xCB, 0x02, // class 13 -> "ď" (U+010F)
  0x00, 0xCD, 0x02, // class 13 -> "đ" (U+0111)
  0x00, 0xCF, 0x02, // class 13 -> "ē" (U+0113)
  0x00, 0xD1, 0x02, // class 13 -> "ĕ" (U+0115)
  0x00, 0xD3, 0x02, // class 13 -> "ė" (U+0117)
  0x00, 0xD5, 0x02, // class 13 -> "ę" (U+0119)
  0x00, 0xD7, 0x02, // class 13 -> "ě" (U+011B)
  0x00, 0xD8, 0x01, // class 13 -> "Ĝ" (U+011C)
  0x00, 0xD9, 0x02, // class 13 -> "ĝ" (U+011D)
  0x00, 0xDA, 0x01, // class 13 -> "Ğ" (U+011E)
  0x00, 0xDB, 0x02, // class 13 -> "ğ" (U+011F)
  0x00, 0xDC, 0x01, // class 13 -> "Ġ" (U+0120)
  0x00, 0xDD, 0x02, // class 13 -> "ġ" (U+0121)
  0x00, 0xDE, 0x01, // class 13 -> "Ģ" (U+0122)
  0x00, 0xDF, 0x02, // class 13 -> "ģ" (U+0123)
  0x00, 0xF4, 0x01, // class 13 -> "ĸ" (U+0138)
  0x01, 0x00, 0x01, // class 13 -> "ń" (U+0144)
  0x01, 0x02, 0x01, // class 13 -> "ņ" (U+0146)
  0x01, 0x07, 0x01, // class 13 -> "ŋ" (U+014B)
  0x01, 0x08, 0x01, // class 13 -> "Ō" (U+014C)
  0x01, 0x09, 0x02, // class 13 -> "ō" (U+014D)
  0x01, 0x0A, 0x01, // class 13 -> "Ŏ" (U+014E)
  0x01, 0x0B, 0x02, // class 13 -> "ŏ" (U+014F)
  0x01, 0x0C, 0x01, // class 13 -> "Ő" (U+0150)
  0x01, 0x0D, 0x02, // class 13 -> "ő" (U+0151)
  0x01, 0x0E, 0x01, // class 13 -> "Œ" (U+0152)
  0x01, 0x0F, 0x02, // class 13 -> "œ" (U+0153)
  0x01, 0x11, 0x01, // class 13 -> "ŕ" (U+0155)
  0x01, 0x13, 0x01, // class 13 -> "ŗ" (U+0157)
  0x01, 0x17, 0x01, // class 13 -> "ś" (U+015B)
  0x01, 0x1B, 0x01, // class 13 -> "ş" (U+015F)
  0x01, 0x25, 0x01, // class 13 -> "ũ" (U+0169)
  0x01, 0x27, 0x01, // class 13 -> "ū" (U+016B)
  0x01, 0x29, 0x01, // class 13 -> "ŭ" (U+016D)
  0x01, 0x2B, 0x01, // class 13 -> "ů" (U+016F)
  0x01, 0x2D, 0x01, // class 13 -> "ű" (U+0171)
  0x01, 0x2F, 0x01, // class 13 -> "ų" (U+0173)
  0x01, 0x36, 0x01, // class 13 -> "ź" (U+017A)
  0x01, 0x38, 0x01, // class 13 -> "ż" (U+017C)
  0x01, 0x3A, 0x01, // class 13 -> "ž" (U+017E)
  0x01, 0x45, 0x02, // class 13 -> "‚" (U+201A)
  0x01, 0x49, 0x02, // class 13 -> "„" (U+201E)
  0x01, 0x4E, 0x02, // class 13 -> "…" (U+2026)
  0x01, 0x50, 0x03, // class 13 -> "‹" (U+2039)
  0x01, 0x51, 0x01, // class 13 -> "›" (U+203A)
  0x00, 0x68, 0x01, // class 14 -> "«" (U+00AB)
  0x01, 0x50, 0x01, // class 14 -> "‹" (U+2039)
  0x00, 0x55, 0x01, // class 15 -> "v" (U+0076)
  0x00, 0x56, 0x01, // class 15 -> "w" (U+0077)
  0x00, 0x57, 0x01, // class 15 -> "x" (U+0078)
  0x00, 0x58, 0x01, // class 15 -> "y" (U+0079)
  0x00, 0xB9, 0x01, // class 15 -> "ý" (U+00FD)
  0x00, 0xBB, 0x01, // class 15 -> "ÿ" (U+00FF)
  0x01, 0x31, 0x01, // class 15 -> "ŵ" (U+0175)
  0x01, 0x33, 0x01, // class 15 -> "ŷ" (U+0177)
  0x00, 0x0B, 0x05, // class 16 -> "," (U+002C)
  0x00, 0x0D, 0x05, // class 16 -> "." (U+002E)
  0x00, 0x40, 0x01, // class 16 -> "a" (U+0061)
  0x00, 0x42, 0x01, // class 16 -> "c" (U+0063)
  0x00, 0x43, 0x01, // class 16 -> "d" (U+0064)
  0x00, 0x44, 0x01, // class 16 -> "e" (U+0065)
  0x00, 0x4E, 0x01, // class 16 -> "o" (U+006F)
  0x00, 0x50, 0x01, // class 16 -> "q" (U+0071)
  0x00, 0x9C, 0x01, // class 16 -> "à" (U+00E0)
  0x00, 0x9D, 0x01, // class 16 -> "á" (U+00E1)
  0x00, 0x9E, 0x01, // class 16 -> "â" (U+00E2)
  0x00, 0x9F, 0x01, // class 16 -> "ã" (U+00E3)
  0x00, 0xA0, 0x01, // class 16 -> "ä" (U+00E4)
  0x00, 0xA1, 0x01, // class 16 -> "å" (U+00E5)
  0x00, 0xA2, 0x01, // class 16 -> "æ" (U+00E6)
  0x00, 0xA3, 0x01, // class 16 -> "ç" (U+00E7)
  0x00, 0xA4, 0x01, // class 16 -> "è" (U+00E8)
  0x00, 0xA5, 0x01, // class 16 -> "é" (U+00E9)
  0x00, 0xA6, 0x01, // class 16 -> "ê" (U+00EA)
  0x00, 0xA7, 0x01, // class 16 -> "ë" (U+00EB)
  0x00, 0xAE, 0x01, // class 16 -> "ò" (U+00F2)
  0x00, 0xAF, 0x01, // class 16 -> "ó" (U+00F3)
  0x00, 0xB0, 0x01, // class 16 -> "ô" (U+00F4)
  0x00, 0xB1, 0x01, // class 16 -> "õ" (U+00F5)
  0x00, 0xB2, 0x01, // class 16 -> "ö" (U+00F6)
  0x00, 0xB4, 0x01, // class 16 -> "ø" (U+00F8)
  0x00, 0xBD, 0x01, // class 16 -> "ā" (U+0101)
  0x00, 0xBF, 0x01, // class 16 -> "ă" (U+0103)
  0x00, 0xC1, 0x01, // class 16 -> "ą" (U+0105)
  0x00, 0xC3, 0x01, // class 16 -> "ć" (U+0107)
  0x00, 0xC5, 0x01, // class 16 -> "ĉ" (U+0109)
  0x00, 0xC7, 0x01, // class 16 -> "ċ" (U+010B)
  0x00, 0xC9, 0x01, // class 16 -> "č" (U+010D)
  0x00, 0xCB, 0x01, // class 16 -> "ď" (U+010F)
  0x00, 0xCD, 0x01, // class 16 -> "đ" (U+0111)
  0x00, 0xCF, 0x01, // class 16 -> "ē" (U+0113)
  0x00, 0xD1, 0x01, // class 16 -> "ĕ" (U+0115)
  0x00, 0xD3, 0x01, // class 16 -> "ė" (U+0117)
  0x00, 0xD5, 0x01, // class 16 -> "ę" (U+0119)
  0x00, 0xD7, 0x01, // class 16 -> "ě" (U+011B)
  0x01, 0x09, 0x01, // class 16 -> "ō" (U+014D)
  0x01, 0x0B, 0x01, // class 16 -> "ŏ" (U+014F)
  0x01, 0x0D, 0x01, // class 16 -> "ő" (U+0151)
  0x01, 0x0F, 0x01, // class 16 -> "œ" (U+0153)
  0x01, 0x45, 0x05, // class 16 -> "‚" (U+201A)
  0x01, 0x49, 0x05, // class 16 -> "„" (U+201E)
  0x01, 0x4E, 0x05, // class 16 -> "…" (U+2026)
  0x00, 0x42, 0x01, // class 17 -> "c" (U+0063)
  0x00, 0x43, 0x01, // class 17 -> "d" (U+0064)
  0x00, 0x44, 0x01, // class 17 -> "e" (U+0065)
  0x00, 0x4E, 0x01, // class 17 -> "o" (U+006F)
  0x00, 0x50, 0x01, // class 17 -> "q" (U+0071)
  0x00, 0x9C, 0x01, // class 17 -> "à" (U+00E0)
  0x00, 0xA3, 0x01, // class 17 -> "ç" (U+00E7)
  0x00, 0xA4, 0x01, // class 17 -> "è" (U+00E8)
  0x00, 0xA5, 0x01, // class 17 -> "é" (U+00E9)
  0x00, 0xA6, 0x01, // class 17 -> "ê" (U+00EA)
  0x00, 0xA7, 0x01, // class 17 -> "ë" (U+00EB)
  0x00, 0xAE, 0x01, // class 17 -> "ò" (U+00F2)
  0x00, 0xAF, 0x01, // class 17 -> "ó" (U+00F3)
  0x00, 0xB0, 0x01, // class 17 -> "ô" (U+00F4)
  0x00, 0xB1, 0x01, // class 17 -> "õ" (U+00F5)
  0x00, 0xB2, 0x01, // class 17 -> "ö" (U+00F6)
  0x00, 0xB4, 0x01, // class 17 -> "ø" (U+00F8)
  0x00, 0xC3, 0x01, // class 17 -> "ć" (U+0107)
  0x00, 0xC5, 0x01, // class 17 -> "ĉ" (U+0109)
  0x00, 0xC7, 0x01, // class 17 -> "ċ" (U+010B)
  0x00, 0xC9, 0x01, // class 17 -> "č" (U+010D)
  0x00, 0xCB, 0x01, // class 17 -> "ď" (U+010F)
  0x00, 0xCD, 0x01, // class 17 -> "đ" (U+0111)
  0x00, 0xCF, 0x01, // class 17 -> "ē" (U+0113)
  0x00, 0xD1, 0x01, // class 17 -> "ĕ" (U+0115)
  0x00, 0xD3, 0x01, // class 17 -> "ė" (U+0117)
  0x00, 0xD5, 0x01, // class 17 -> "ę" (U+0119)
  0x00, 0xD7, 0x01, // class 17 -> "ě" (U+011B)
  0x01, 0x09, 0x01, // class 17 -> "ō" (U+014D)
  0x01, 0x0B, 0x01, // class 17 -> "ŏ" (U+014F)
  0x01, 0x0D, 0x01, // class 17 -> "ő" (U+0151)
  0x01, 0x0F, 0x01, // class 17 -> "œ" (U+0153)
  0x00, 0x33, 0x01, // class 18 -> "T" (U+0054)
  0x00, 0x38, 0x01, // class 18 -> "Y" (U+0059)
  0x00, 0x99, 0x01, // class 18 -> "Ý" (U+00DD)
  0x01, 0x1E, 0x01, // class 18 -> "Ţ" (U+0162)
  0x01, 0x20, 0x01, // class 18 -> "Ť" (U+0164)
  0x01, 0x22, 0x01, // class 18 -> "Ŧ" (U+0166)
  0x01, 0x32, 0x01, // class 18 -> "Ŷ" (U+0176)
  0x01, 0x34, 0x01, // class 18 -> "Ÿ" (U+0178)
  0x00, 0x33, 0x02, // class 19 -> "T" (U+0054)
  0x00, 0x35, 0x01, // class 19 -> "V" (U+0056)
  0x00, 0x36, 0x01, // class 19 -> "W" (U+0057)
  0x00, 0x37, 0x01, // class 19 -> "X" (U+0058)
  0x00, 0x38, 0x03, // class 19 -> "Y" (U+0059)
  0x00, 0x99, 0x03, // class 19 -> "Ý" (U+00DD)
  0x01, 0x1E, 0x02, // class 19 -> "Ţ" (U+0162)
  0x01, 0x20, 0x02, // class 19 -> "Ť" (U+0164)
  0x01, 0x22, 0x02, // class 19 -> "Ŧ" (U+0166)
  0x01, 0x30, 0x01, // class 19 -> "Ŵ" (U+0174)
  0x01, 0x32, 0x03, // class 19 -> "Ŷ" (U+0176)
  0x01, 0x34, 0x03, // class 19 -> "Ÿ" (U+0178)
  0x00, 0x33, 0x01, // class 20 -> "T" (U+0054)
  0x00, 0x35, 0x01, // class 20 -> "V" (U+0056)
  0x00, 0x36, 0x01, // class 20 -> "W" (U+0057)
  0x00, 0x38, 0x01, // class 20 -> "Y" (U+0059)
  0x00, 0x99, 0x01, // class 20 -> "Ý" (U+00DD)
  0x01, 0x1E, 0x01, // class 20 -> "Ţ" (U+0162)
  0x01, 0x20, 0x01, // class 20 -> "Ť" (U+0164)
  0x01, 0x22, 0x01, // class 20 -> "Ŧ" (U+0166)
  0x01, 0x30, 0x01, // class 20 -> "Ŵ" (U+0174)
  0x01, 0x32, 0x01, // class 20 -> "Ŷ" (U+0176)
  0x01, 0x34, 0x01, // class 20 -> "Ÿ" (U+0178)
  
  // Glyph data (40508 bytes).
  
  // "!" (U+0021), RLE, 3 bytes saved (5.2%)
  0x08, 0xB0, 0x50, 0x8B, 0x05, 0x07, 0xB0, 0x40, 0x6B, 0x03, 0x05, 0xB0, 0x20, 0x5B, 0x01, 0x04,
  0xB0, 0x10, 0x3B, 0x10, 0x2B, 0x10, 0x1A, 0x81, 0xE0, 0x1A, 0x0D, 0x2A, 0x0C, 0x2A, 0x0B, 0x28,
  0x1E, 0xFB, 0x28, 0x1D, 0xFA, 0x28, 0x1C, 0xF9, 0x74, 0x84, 0x2C, 0xEA, 0x0A, 0xB0, 0x60, 0xCB,
  0x08, 0x0A, 0xB8, 0x35, 0x2C, 0xEA, 0x10,
  // """ (U+0022), uncompressed
  0xDF, 0xF7, 0x00, 0xCF, 0xF8, 0xCF, 0xF5, 0x00, 0xBF, 0xF7, 0xBF, 0xF4, 0x00, 0xAF, 0xF5, 0xAF,
  0xF3, 0x00, 0x8F, 0xF4, 0x8F, 0xF2, 0x00, 0x7F, 0xF3, 0x7F, 0xF0, 0x00, 0x6F, 0xF2, 0x6F, 0xF0,
  0x00, 0x5F, 0xF0, 0x5F, 0xD0, 0x00, 0x3F, 0xF0,
  // "#" (U+0023), RLE, 92 bytes saved (40.0%)
  0x70, 0x4A, 0x05, 0x30, 0x7A, 0x01, 0x72, 0x07, 0xA0, 0x23, 0x81, 0xAF, 0xD7, 0x38, 0x1A, 0xFE,
  0x48, 0x1D, 0xFA, 0x73, 0x81, 0xDF, 0xB3, 0x01, 0xA0, 0x77, 0x20, 0x1A, 0x08, 0x30, 0x4A, 0x03,
  0x72, 0x04, 0xA0, 0x53, 0x07, 0xA6, 0x80, 0x0D, 0x0E, 0xA8, 0x00, 0xD0, 0xEA, 0x0F, 0xD0, 0xB2,
  0xFF, 0xB0, 0xD2, 0xFF, 0xB0, 0xD6, 0xA0, 0x93, 0x04, 0xA0, 0x47, 0x20, 0x3A, 0x05, 0x30, 0x7A,
  0x01, 0x72, 0x06, 0xA0, 0x23, 0x81, 0xBF, 0xD7, 0x38, 0x1A, 0xFE, 0x48, 0x1E, 0xFA, 0x50, 0x38,
  0x00, 0xDB, 0x80, 0x0D, 0xA8, 0x5E, 0xDD, 0xDA, 0x03, 0xFF, 0xB8, 0x1C, 0x03, 0xFF, 0xB0, 0xC5,
  0x05, 0xA0, 0x33, 0x81, 0xAF, 0xE7, 0x30, 0x8A, 0x48, 0x1D, 0xFB, 0x73, 0x81, 0xBF, 0xD4, 0xA0,
  0x97, 0x38, 0x1D, 0xFA, 0x30, 0x3A, 0x06, 0x72, 0x01, 0xA0, 0x73, 0x06, 0xA0, 0x37, 0x20, 0x3A,
  0x05, 0x30, 0x9A, 0x73, 0x06, 0xA0, 0x23, 0x81, 0xBF, 0xD7,
  // "$" (U+0024), RLE, 75 bytes saved (34.7%)
  0x78, 0x1E, 0xF2, 0x76, 0x81, 0xEF, 0x27, 0x68, 0x1E, 0xF3, 0x72, 0x81, 0x3A, 0xED, 0x81, 0xDA,
  0x54, 0x08, 0xFC, 0x0D, 0x20, 0x6F, 0xD0, 0x92, 0x0D, 0xA8, 0x93, 0xE6, 0x2E, 0xF3, 0x25, 0xAE,
  0x30, 0x1B, 0x05, 0x28, 0x1E, 0xF2, 0x60, 0x2B, 0x02, 0x28, 0x1E, 0xF2, 0x60, 0x1B, 0x06, 0x28,
  0x1E, 0xF2, 0x70, 0xDA, 0x84, 0xE5, 0x0E, 0xF2, 0x70, 0x5C, 0x0D, 0xA0, 0x27, 0x10, 0x6E, 0x81,
  0xC6, 0x17, 0x02, 0x0B, 0xE8, 0x1E, 0x81, 0x70, 0x20, 0x8E, 0x0D, 0x02, 0x71, 0x82, 0xEF, 0xBE,
  0xB0, 0xE7, 0x18, 0x3E, 0xF2, 0x19, 0xB0, 0x67, 0x81, 0xEF, 0x22, 0x0D, 0xA0, 0x97, 0x81, 0xEF,
  0x22, 0x0B, 0xA8, 0x19, 0x13, 0x58, 0x4E, 0xF2, 0x01, 0xEA, 0x89, 0x37, 0x2F, 0xC8, 0x41, 0x0E,
  0xF5, 0x7D, 0xB0, 0x02, 0xFE, 0x82, 0x60, 0x2E, 0xFB, 0x0D, 0x05, 0x48, 0x35, 0x8B, 0xCD, 0xA8,
  0x1C, 0x94, 0x74, 0x81, 0xEF, 0x27, 0x68, 0x1E, 0xF2, 0x76, 0x81, 0xEF, 0x26,
  // "%" (U+0025), RLE, 71 bytes saved (24.7%)
  0x28, 0x42, 0xAE, 0xFD, 0x77, 0x20, 0xBA, 0x01, 0x50, 0x30, 0xED, 0x0A, 0x70, 0x4A, 0x08, 0x60,
  0xCB, 0x0E, 0xB0, 0x56, 0x82, 0xCF, 0xE1, 0x50, 0x2A, 0x82, 0xE1, 0x06, 0xA0, 0xC5, 0x06, 0xA0,
  0x66, 0x06, 0xA0, 0x73, 0x0D, 0xA5, 0x81, 0xEF, 0xD7, 0x08, 0xA0, 0x43, 0x09, 0xA0, 0x23, 0x07,
  0xA0, 0x57, 0x08, 0xA0, 0x33, 0x08, 0xA0, 0x32, 0x82, 0x1E, 0xFC, 0x71, 0x08, 0xA0, 0x33, 0x08,
  0xA0, 0x32, 0x09, 0xA0, 0x37, 0x10, 0x7A, 0x04, 0x30, 0x9A, 0x81, 0x20, 0x2A, 0x86, 0xA0, 0x3A,
  0xCC, 0x81, 0x20, 0x5A, 0x08, 0x30, 0xDA, 0x20, 0xAA, 0x02, 0x06, 0xD8, 0x2E, 0x20, 0x1A, 0x82,
  0xE3, 0x08, 0xA8, 0x1B, 0x03, 0xA0, 0x90, 0x1F, 0x0C, 0x20, 0x9F, 0x85, 0x50, 0xCF, 0xE1, 0x7A,
  0x82, 0xB1, 0x2D, 0xA8, 0x23, 0x01, 0xDD, 0x81, 0x90, 0x5A, 0x81, 0x70, 0xBA, 0x02, 0x20, 0x5A,
  0x08, 0x38, 0x37, 0xBC, 0xA5, 0x28, 0x1D, 0xFD, 0x28, 0x1D, 0xFE, 0x30, 0x1A, 0x0B, 0x72, 0x07,
  0xA0, 0x52, 0xA0, 0xC4, 0xA0, 0xC7, 0x18, 0x21, 0xEF, 0xC3, 0xA0, 0xC4, 0x81, 0xEF, 0xD7, 0x10,
  0x8A, 0x04, 0x3A, 0x0C, 0x4A, 0x0C, 0x70, 0x2A, 0x0B, 0x48, 0x1E, 0xFE, 0x30, 0x1A, 0x0B, 0x70,
  0xAA, 0x02, 0x40, 0xBA, 0x02, 0x20, 0x5A, 0x08, 0x60, 0x3A, 0x09, 0x50, 0x7A, 0x09, 0x20, 0xCA,
  0x04, 0x60, 0xBA, 0x01, 0x50, 0x10, 0xEA, 0x00, 0xEA, 0x0D, 0x60, 0x4A, 0x08, 0x70, 0x6E, 0x04,
  0x68, 0x1D, 0xFE, 0x72, 0x84, 0x4C, 0xEE, 0xB3, 0x20,
  // "&" (U+0026), RLE, 93 bytes saved (35.1%)
  0x58, 0x65, 0xBE, 0xFE, 0xC8, 0x17, 0x60, 0x10, 0xCF, 0x0E, 0x04, 0x75, 0x0B, 0xC0, 0xD0, 0xEB,
  0x0E, 0x01, 0x73, 0x02, 0xB0, 0xA0, 0x12, 0x07, 0xB0, 0x67, 0x30, 0x5B, 0x50, 0xCA, 0x08, 0x73,
  0x04, 0xA0, 0xE5, 0x0B, 0xA0, 0x77, 0x30, 0x1B, 0x03, 0x30, 0x2B, 0x03, 0x74, 0x0A, 0xA0, 0xC2,
  0x02, 0x0D, 0xA0, 0xA7, 0x50, 0x10, 0xEA, 0x0A, 0x08, 0xB0, 0xB7, 0x70, 0x4E, 0x09, 0x77, 0x10,
  0x60, 0xEC, 0x05, 0x77, 0x10, 0xBE, 0x0D, 0x01, 0x50, 0x5B, 0x01, 0x30, 0xCB, 0x0B, 0x07, 0xB0,
  0xD0, 0x24, 0x0A, 0xA0, 0xC3, 0x09, 0xB0, 0x82, 0x05, 0xB0, 0xD0, 0x23, 0x0E, 0xA0, 0x72, 0x01,
  0xB0, 0xB4, 0x05, 0xB8, 0x2D, 0x20, 0x7B, 0x01, 0x20, 0x5B, 0x04, 0x50, 0x5B, 0x81, 0xE3, 0xEA,
  0x09, 0x30, 0x6B, 0x02, 0x60, 0x4E, 0x0E, 0x01, 0x30, 0x5B, 0x03, 0x70, 0x40, 0xEC, 0x06, 0x40,
  0x2B, 0x0A, 0x70, 0x10, 0xCC, 0x03, 0x50, 0xCB, 0x0A, 0x02, 0x38, 0x12, 0x7E, 0xD0, 0xE0, 0x34,
  0x03, 0xD8, 0x1E, 0xDE, 0xD0, 0x9B, 0x0E, 0x02, 0x40, 0x30, 0xDF, 0xA8, 0x2B, 0x30, 0x5B, 0x0E,
  0x02, 0x58, 0x16, 0xAD, 0xA8, 0x2D, 0xC8, 0x34, 0x05, 0xB0, 0xE0, 0x20,
  // "'" (U+0027), uncompressed
  0xDF, 0xF7, 0xCF, 0xF5, 0xBF, 0xF4, 0xAF, 0xF3, 0x8F, 0xF2, 0x7F, 0xF0, 0x6F, 0xF0, 0x5F, 0xD0,
  // "(" (U+0028), RLE, 30 bytes saved (25.9%)
  0x40, 0x5A, 0x0A, 0x38, 0x32, 0xEF, 0xE1, 0x30, 0xBA, 0x07, 0x30, 0x4A, 0x0E, 0x40, 0xBA, 0x08,
  0x30, 0x2B, 0x01, 0x30, 0x7A, 0x0C, 0x40, 0xCA, 0x07, 0x4B, 0x03, 0x30, 0x3B, 0x40, 0x6A, 0x0C,
  0x40, 0x8A, 0x0B, 0x40, 0x9A, 0x09, 0x40, 0xAA, 0x08, 0x40, 0xBA, 0x08, 0x40, 0xAA, 0x08, 0x40,
  0xAA, 0x09, 0x40, 0x8A, 0x0A, 0x40, 0x6A, 0x0C, 0x40, 0x4B, 0x40, 0x1B, 0x03, 0x40, 0xCA, 0x07,
  0x40, 0x8A, 0x0B, 0x40, 0x3B, 0x01, 0x40, 0xCA, 0x07, 0x40, 0x4A, 0x0E, 0x50, 0xBA, 0x07, 0x40,
  0x2A, 0x0E, 0x01, 0x40, 0x6A, 0x0A,
  // ")" (U+0029), RLE, 28 bytes saved (24.1%)
  0x0B, 0xA0, 0x54, 0x83, 0x1E, 0xFE, 0x14, 0x08, 0xA0, 0xA4, 0x01, 0x0E, 0xA0, 0x34, 0x08, 0xA0,
  0xA4, 0x02, 0xB0, 0x14, 0x0D, 0xA0, 0x64, 0x08, 0xA0, 0xB4, 0x04, 0xA0, 0xE4, 0x01, 0xB0, 0x34,
  0x0D, 0xA0, 0x54, 0x0B, 0xA0, 0x74, 0x0A, 0xA0, 0x94, 0x09, 0xA0, 0xA4, 0x08, 0xA0, 0xA4, 0x09,
  0xA0, 0xA4, 0x09, 0xA0, 0x94, 0x0B, 0xA0, 0x84, 0x0D, 0xA0, 0x64, 0xB0, 0x33, 0x03, 0xB4, 0x07,
  0xA0, 0xC4, 0x0C, 0xA0, 0x73, 0x02, 0xB0, 0x23, 0x08, 0xA0, 0xB4, 0x0E, 0xA0, 0x43, 0x07, 0xA0,
  0xB3, 0x83, 0x1E, 0xFE, 0x23, 0x0A, 0xA0, 0x54,
  // "*" (U+002A), RLE, 37 bytes saved (30.8%)
  0x60, 0xEA, 0x05, 0x75, 0x0C, 0xA0, 0x47, 0x50, 0xBA, 0x02, 0x75, 0x09, 0xA0, 0x16, 0x81, 0x25,
  0x13, 0x07, 0xA4, 0x82, 0x36, 0x06, 0xA8, 0x90, 0xB7, 0x26, 0xFD, 0x05, 0x9D, 0xA1, 0x09, 0xD0,
  0xEF, 0x98, 0x22, 0x8D, 0xEF, 0xB8, 0x1D, 0xC3, 0x40, 0x10, 0x7B, 0x81, 0xD2, 0x17, 0x18, 0x21,
  0xEF, 0xCA, 0x08, 0x72, 0x0B, 0xA0, 0x30, 0xCA, 0x04, 0x70, 0x7A, 0x81, 0xB0, 0x4A, 0x0E, 0x01,
  0x50, 0x3B, 0x05, 0x20, 0xCA, 0x0B, 0x58, 0x25, 0xEF, 0xD3, 0x05, 0xA0, 0xB0, 0x16, 0x07, 0x06,
  0x40, 0xA0, 0x44,
  // "+" (U+002B), RLE, 69 bytes saved (53.9%)
  0x60, 0x2A, 0x06, 0x75, 0x02, 0xA0, 0x67, 0x50, 0x2A, 0x06, 0x75, 0x02, 0xA0, 0x67, 0x50, 0x2A,
  0x06, 0x75, 0x02, 0xA0, 0x67, 0x50, 0x2A, 0x06, 0x60, 0x7F, 0xF0, 0xA0, 0x7F, 0xF0, 0xA0, 0x68,
  0x02, 0xDA, 0x0E, 0x80, 0x1D, 0x09, 0x60, 0x2A, 0x06, 0x75, 0x02, 0xA0, 0x67, 0x50, 0x2A, 0x06,
  0x75, 0x02, 0xA0, 0x67, 0x50, 0x2A, 0x06, 0x75, 0x02, 0xA0, 0x66,
  // "," (U+002C), uncompressed
  0x04, 0xFF, 0xF5, 0x06, 0xFF, 0xF1, 0x09, 0xFF, 0xC0, 0x0C, 0xFF, 0x70, 0x0F, 0xFF, 0x10, 0x3F,
  0xFB, 0x00, 0x6F, 0xF5, 0x00, 0xAF, 0xD0, 0x00,
  // "-" (U+002D), RLE, 5 bytes saved (35.7%)
  0x0A, 0x80, 0x3D, 0x01, 0x0C, 0xF0, 0x10, 0xCF, 0x01,
  // "." (U+002E), uncompressed
  0x2C, 0xEA, 0x0A, 0xFF, 0xF6, 0xCF, 0xFF, 0x8A, 0xFF, 0xF5, 0x2C, 0xEA, 0x00,
  // "/" (U+002F), RLE, 63 bytes saved (45.7%)
  0x71, 0x06, 0xA0, 0xD7, 0x10, 0xBA, 0x07, 0x70, 0x2B, 0x01, 0x70, 0x7A, 0x0B, 0x71, 0x0D, 0xA0,
  0x57, 0x03, 0xA0, 0xE7, 0x10, 0x9A, 0x09, 0x71, 0x0E, 0xA0, 0x37, 0x05, 0xA0, 0xD7, 0x10, 0xBA,
  0x07, 0x70, 0x1B, 0x02, 0x70, 0x7A, 0x0B, 0x71, 0x0C, 0xA0, 0x67, 0x03, 0xB0, 0x17, 0x08, 0xA0,
  0xA7, 0x10, 0xEA, 0x04, 0x70, 0x4A, 0x0E, 0x71, 0x0A, 0xA0, 0x87, 0x01, 0xB0, 0x27, 0x06, 0xA0,
  0xC7, 0x10, 0xCA, 0x06, 0x70, 0x2B, 0x01, 0x70, 0x8A, 0x0A, 0x71,
  // "0" (U+0030), RLE, 51 bytes saved (27.7%)
  0x48, 0x62, 0x9D, 0xEE, 0xD9, 0x37, 0x07, 0xF9, 0x08, 0x50, 0x6C, 0x0E, 0x0D, 0xC0, 0x73, 0x01,
  0xB0, 0xD0, 0x32, 0x01, 0x0B, 0xB0, 0x22, 0x08, 0xA0, 0xE0, 0x15, 0x0D, 0xA0, 0xA2, 0x0D, 0xA0,
  0x96, 0x06, 0xB1, 0x01, 0xB0, 0x46, 0x01, 0xB0, 0x50, 0x4B, 0x01, 0x70, 0xDA, 0x07, 0x06, 0xB7,
  0x10, 0xBA, 0x0A, 0x07, 0xA0, 0xD7, 0x10, 0x9A, 0x0B, 0x08, 0xA0, 0xD7, 0x10, 0x9A, 0x0C, 0x08,
  0xA0, 0xC7, 0x10, 0x8A, 0x0D, 0x08, 0xA0, 0xD7, 0x10, 0x9A, 0x0C, 0x07, 0xA0, 0xD7, 0x10, 0x9A,
  0x0C, 0x05, 0xB7, 0x10, 0xBA, 0x0A, 0x03, 0xB0, 0x17, 0x0D, 0xA0, 0x81, 0xB0, 0x46, 0x01, 0xB8,
  0x15, 0x0B, 0xA0, 0x96, 0x05, 0xB8, 0x11, 0x06, 0xA0, 0xE0, 0x15, 0x0D, 0xA0, 0xC3, 0x0D, 0xA0,
  0xD0, 0x32, 0x01, 0x0B, 0xB0, 0x43, 0x04, 0xC0, 0xE0, 0xDC, 0x0A, 0x50, 0x50, 0xEF, 0x0A, 0x78,
  0x61, 0x8C, 0xEF, 0xDA, 0x44,
  // "1" (U+0031), RLE, 35 bytes saved (30.4%)
  0x60, 0x7A, 0x0E, 0x50, 0xAB, 0x0E, 0x30, 0x10, 0xCC, 0x0E, 0x20, 0x30, 0xED, 0x81, 0xE0, 0x5B,
  0x0D, 0x07, 0xA0, 0xE0, 0x3B, 0x81, 0xB1, 0x6A, 0x83, 0xE0, 0x8F, 0x92, 0x06, 0xA0, 0xE2, 0x04,
  0x30, 0x6A, 0x0E, 0x60, 0x7A, 0x0E, 0x60, 0x7A, 0x0E, 0x60, 0x7A, 0x0E, 0x60, 0x7A, 0x0E, 0x60,
  0x7A, 0x0E, 0x60, 0x7A, 0x0E, 0x60, 0x7A, 0x0E, 0x60, 0x7A, 0x0E, 0x60, 0x7A, 0x0E, 0x60, 0x7A,
  0x0E, 0x60, 0x7A, 0x0E, 0x60, 0x7A, 0x0E, 0x60, 0x7A, 0x0E, 0x60, 0x7A, 0x0E, 0x60, 0x7A, 0x0E,
  // "2" (U+0032), RLE, 84 bytes saved (45.7%)
  0x38, 0x71, 0x6B, 0xDE, 0xED, 0xA4, 0x60, 0x70, 0xEF, 0x90, 0xB0, 0x12, 0x01, 0x0C, 0xD0, 0xD0,
  0xEC, 0x0C, 0x30, 0xCA, 0x0C, 0x05, 0x30, 0x20, 0xBB, 0x06, 0x28, 0x12, 0xE7, 0x70, 0xDA, 0x0B,
  0x30, 0x17, 0x10, 0x8A, 0x0E, 0x75, 0x07, 0xA0, 0xE7, 0x50, 0x9A, 0x0C, 0x75, 0x0D, 0xA0, 0x97,
  0x40, 0x4B, 0x03, 0x73, 0x01, 0x0D, 0xA0, 0xA7, 0x40, 0xBA, 0x0E, 0x01, 0x73, 0x09, 0xB0, 0x47,
  0x30, 0x9B, 0x06, 0x73, 0x08, 0xB0, 0x77, 0x30, 0x8B, 0x07, 0x73, 0x07, 0xB0, 0x77, 0x30, 0x7B,
  0x07, 0x73, 0x07, 0xB0, 0x67, 0x30, 0x6B, 0x06, 0x73, 0x05, 0xC8, 0x06, 0xD0, 0xA0, 0x8F, 0xF0,
  0xC0, 0x8F, 0xF0, 0xC0,
  // "3" (U+0033), RLE, 68 bytes saved (37.0%)
  0x38, 0x74, 0x8C, 0xEF, 0xED, 0xA5, 0x50, 0x40, 0xCF, 0xA0, 0xD0, 0x32, 0x04, 0xD8, 0x1E, 0xDE,
  0xC0, 0xE0, 0x12, 0x83, 0x9F, 0xC5, 0x13, 0x02, 0x0A, 0xB0, 0x93, 0x04, 0x71, 0x0B, 0xA0, 0xD7,
  0x50, 0x7A, 0x0E, 0x75, 0x09, 0xA0, 0xC7, 0x40, 0x20, 0xEA, 0x06, 0x72, 0x81, 0x16, 0xEA, 0x0A,
  0x58, 0x31, 0xDD, 0xDE, 0xB0, 0xE0, 0x66, 0x02, 0xE0, 0xB0, 0x37, 0x02, 0xF9, 0x0D, 0x05, 0x72,
  0x82, 0x13, 0x7D, 0xB0, 0x67, 0x50, 0xBB, 0x01, 0x74, 0x02, 0xB0, 0x77, 0x50, 0xEA, 0x09, 0x75,
  0x0E, 0xA0, 0x87, 0x40, 0x3B, 0x07, 0x02, 0x73, 0x0B, 0xB8, 0x32, 0x9D, 0x83, 0x50, 0x40, 0xBB,
  0x81, 0xB0, 0x9C, 0x81, 0xED, 0xDD, 0x82, 0xD1, 0x08, 0xFC, 0x0B, 0x01, 0x38, 0x33, 0x7B, 0xDE,
  0xA8, 0x2E, 0xB8, 0x34,
  // "4" (U+0034), RLE, 91 bytes saved (44.0%)
  0x73, 0x03, 0xB0, 0x87, 0x60, 0xCB, 0x08, 0x75, 0x08, 0xC0, 0x87, 0x40, 0x3D, 0x08, 0x74, 0x82,
  0xDF, 0xEA, 0xA0, 0x87, 0x30, 0x9A, 0x06, 0x0A, 0xA0, 0x87, 0x20, 0x5A, 0x81, 0xB0, 0xBA, 0x08,
  0x71, 0x85, 0x1E, 0xFE, 0x10, 0xBA, 0x08, 0x71, 0x0B, 0xA0, 0x52, 0x0B, 0xA0, 0x87, 0x06, 0xA0,
  0xA3, 0x0B, 0xA0, 0x86, 0x83, 0x2E, 0xFD, 0x13, 0x0B, 0xA0, 0x86, 0x0B, 0xA0, 0x44, 0x0B, 0xA0,
  0x85, 0x07, 0xA0, 0x95, 0x0B, 0xA0, 0x84, 0x03, 0xA0, 0xD6, 0x0B, 0xA0, 0x84, 0x0C, 0xA0, 0x36,
  0x0B, 0xA0, 0x83, 0x05, 0xFF, 0xA0, 0xA0, 0x5F, 0xFA, 0x0A, 0x04, 0x80, 0x6D, 0x0E, 0xA8, 0x2E,
  0xDD, 0x97, 0x40, 0xBA, 0x08, 0x77, 0x0B, 0xA0, 0x87, 0x70, 0xBA, 0x08, 0x77, 0x0B, 0xA0, 0x87,
  0x70, 0xBA, 0x08, 0x30,
  // "5" (U+0035), RLE, 86 bytes saved (46.7%)
  0x20, 0xCF, 0xC4, 0x0D, 0xFC, 0x40, 0xEA, 0x80, 0x5D, 0x4B, 0x02, 0x74, 0x01, 0xB7, 0x50, 0x2B,
  0x75, 0x04, 0xA0, 0xD7, 0x50, 0x5A, 0x0C, 0x75, 0x06, 0xA8, 0x6D, 0x9B, 0xCC, 0xB8, 0x35, 0x07,
  0xFB, 0x0B, 0x01, 0x30, 0x6F, 0xC0, 0xD0, 0x13, 0x82, 0x47, 0x31, 0x28, 0x12, 0x6D, 0xB0, 0xA7,
  0x50, 0xCB, 0x02, 0x74, 0x03, 0xB0, 0x67, 0x50, 0xEA, 0x08, 0x75, 0x0D, 0xA0, 0x87, 0x5B, 0x07,
  0x74, 0x03, 0xB8, 0x13, 0x01, 0x72, 0x0C, 0xA8, 0x5E, 0x01, 0xFA, 0x51, 0x40, 0x50, 0xDB, 0x81,
  0x60, 0x1C, 0x81, 0xED, 0xDD, 0x09, 0x20, 0x1F, 0xC0, 0x74, 0x89, 0x11, 0x6A, 0xDE, 0xFE, 0xDB,
  0x71, 0x40,
  // "6" (U+0036), RLE, 57 bytes saved (31.0%)
  0x68, 0x72, 0x7B, 0xDE, 0xFE, 0xD2, 0x60, 0x9F, 0x90, 0x34, 0x01, 0x0D, 0xD8, 0x3E, 0xDE, 0xF3,
  0x40, 0xCB, 0x0A, 0x04, 0x72, 0x08, 0xB0, 0x47, 0x30, 0x1B, 0x06, 0x74, 0x07, 0xA0, 0xC7, 0x50,
  0xCA, 0x07, 0x75, 0xB8, 0x73, 0x05, 0xBD, 0xFD, 0xA4, 0x30, 0x2B, 0x01, 0x0A, 0xF0, 0x92, 0x04,
  0xA0, 0xE0, 0x9A, 0x81, 0xED, 0xEC, 0x81, 0x90, 0x5C, 0x0D, 0x04, 0x30, 0x30, 0xDB, 0x02, 0x06,
  0xB0, 0xD6, 0x02, 0xB0, 0x80, 0x6B, 0x04, 0x70, 0xAA, 0x0C, 0x05, 0xB7, 0x10, 0x7A, 0x0D, 0x04,
  0xB7, 0x10, 0x6A, 0x0D, 0x01, 0xB0, 0x47, 0x07, 0xA8, 0x1C, 0x0C, 0xA0, 0x97, 0x0B, 0xA8, 0x1A,
  0x06, 0xB0, 0x35, 0x03, 0xB0, 0x52, 0x0D, 0xA0, 0xE0, 0x53, 0x05, 0x0E, 0xA0, 0xD3, 0x03, 0x0E,
  0xC0, 0xD0, 0xEC, 0x03, 0x40, 0x30, 0xDF, 0x0E, 0x04, 0x78, 0x56, 0xBE, 0xFE, 0xB7, 0x40,
  // "7" (U+0037), RLE, 100 bytes saved (54.3%)
  0x0B, 0xFF, 0x0D, 0x0B, 0xFF, 0x0D, 0x09, 0x80, 0x7D, 0xB0, 0xC7, 0x40, 0x1B, 0x05, 0x74, 0x07,
  0xA0, 0xD7, 0x50, 0xEA, 0x07, 0x74, 0x06, 0xB0, 0x17, 0x40, 0xDA, 0x09, 0x74, 0x04, 0xB0, 0x27,
  0x40, 0xBA, 0x0B, 0x74, 0x03, 0xB0, 0x47, 0x40, 0xAA, 0x0D, 0x74, 0x02, 0xB0, 0x67, 0x40, 0x8A,
  0x0E, 0x74, 0x01, 0x0E, 0xA0, 0x87, 0x40, 0x7B, 0x01, 0x74, 0x0E, 0xA0, 0xA7, 0x40, 0x6B, 0x03,
  0x74, 0x0C, 0xA0, 0xC7, 0x40, 0x4B, 0x05, 0x74, 0x0B, 0xA0, 0xD7, 0x40, 0x3B, 0x07, 0x74, 0x0A,
  0xA0, 0xE0, 0x17, 0x10,
  // "8" (U+0038), RLE, 37 bytes saved (20.1%)
  0x48, 0x64, 0x9D, 0xEF, 0xDB, 0x66, 0x01, 0x0B, 0xF9, 0x0D, 0x04, 0x40, 0xDC, 0x0E, 0x0D, 0xC0,
  0xE0, 0x32, 0x07, 0xB0, 0x90, 0x13, 0x07, 0xB0, 0xB2, 0x0A, 0xA0, 0xB6, 0x07, 0xA0, 0xE2, 0x0C,
  0xA0, 0x76, 0x03, 0xB8, 0x11, 0x0B, 0xA0, 0x86, 0x04, 0xA0, 0xE2, 0x06, 0xA0, 0xE0, 0x15, 0x0B,
  0xA0, 0xA3, 0x0D, 0xA0, 0xD0, 0x42, 0x01, 0x0A, 0xA0, 0xD0, 0x13, 0x01, 0x0D, 0xB8, 0x1B, 0x8E,
  0xA0, 0xC0, 0x15, 0x01, 0x09, 0xE0, 0x77, 0x01, 0x09, 0xE0, 0xB0, 0x25, 0x05, 0x0E, 0xA8, 0x1E,
  0x8A, 0xC0, 0x63, 0x04, 0xB0, 0x93, 0x02, 0x0B, 0xB0, 0x72, 0x0E, 0xA0, 0x76, 0x07, 0xB0, 0x30,
  0x5A, 0x0E, 0x71, 0x0B, 0xA0, 0x90, 0x7A, 0x0B, 0x71, 0x07, 0xA0, 0xC0, 0x8A, 0x0C, 0x71, 0x08,
  0xA0, 0xB0, 0x5B, 0x03, 0x60, 0x10, 0xEA, 0x81, 0x91, 0xEA, 0x0E, 0x05, 0x40, 0x40, 0xCB, 0x81,
  0x20, 0x6D, 0x81, 0xDD, 0xEC, 0x08, 0x30, 0x60, 0xEF, 0x90, 0xE0, 0x75, 0x82, 0x17, 0xBD, 0xA8,
  0x2D, 0xB7, 0x13,
  // "9" (U+0039), RLE, 54 bytes saved (29.3%)
  0x48, 0x65, 0xAD, 0xFE, 0xC8, 0x26, 0x02, 0x0C, 0xF9, 0x07, 0x40, 0x10, 0xDC, 0x0D, 0x0E, 0xC0,
  0x83, 0x0A, 0xB0, 0x70, 0x12, 0x02, 0x0B, 0xB8, 0x14, 0x01, 0xB0, 0x76, 0x0B, 0xA8, 0x1C, 0x05,
  0xB7, 0x02, 0xB0, 0x20, 0x7A, 0x0C, 0x71, 0x0C, 0xA0, 0x70, 0x8A, 0x0C, 0x71, 0x0A, 0xA0, 0x90,
  0x7A, 0x0E, 0x71, 0x0C, 0xA0, 0xB0, 0x4B, 0x06, 0x60, 0x6B, 0x81, 0xC0, 0xEA, 0x0E, 0x05, 0x30,
  0x10, 0x8C, 0x81, 0xB0, 0x6C, 0x81, 0xED, 0xEA, 0x0E, 0x0A, 0xA0, 0xB2, 0x07, 0xF8, 0x1E, 0x39,
  0xA0, 0xA3, 0x89, 0x02, 0x9D, 0xFE, 0xC8, 0x10, 0xCA, 0x08, 0x75, 0x0E, 0xA0, 0x57, 0x40, 0x3B,
  0x02, 0x74, 0x09, 0xA0, 0xC7, 0x40, 0x3B, 0x06, 0x73, 0x02, 0x0E, 0xA0, 0xD4, 0x01, 0x40, 0x30,
  0x8C, 0x03, 0x48, 0x2E, 0xED, 0xDE, 0x05, 0x50, 0xEF, 0x0C, 0x03, 0x60, 0xB0, 0xEA, 0x82, 0xDC,
  0x84, 0x60,
  // ":" (U+003A), RLE, 16 bytes saved (35.6%)
  0x84, 0x2C, 0xEA, 0x0A, 0xB0, 0x60, 0xCB, 0x08, 0x0A, 0xB8, 0x36, 0x2C, 0xEA, 0x80, 0xC5, 0x08,
  0x42, 0xCE, 0xA0, 0xAB, 0x06, 0x0C, 0xB0, 0x80, 0xAB, 0x83, 0x52, 0xCE, 0xA1,
  // ";" (U+003B), RLE, 28 bytes saved (40.6%)
  0x18, 0x22, 0xCE, 0x92, 0x0B, 0xB8, 0x15, 0x0D, 0xB8, 0x17, 0x0B, 0xB8, 0x45, 0x02, 0xCE, 0x98,
  0x0F, 0x20, 0x07, 0xB8, 0x12, 0x0A, 0xA0, 0xE2, 0x0C, 0xA0, 0x92, 0xB8, 0x14, 0x03, 0xA0, 0xD2,
  0x06, 0xA0, 0x72, 0x0A, 0xA0, 0x12, 0x81, 0xDF, 0xA3,
  // "<" (U+003C), RLE, 54 bytes saved (39.7%)
  0x77, 0x10, 0x47, 0x68, 0x17, 0xEB, 0x74, 0x07, 0x0E, 0xA0, 0xB7, 0x18, 0x11, 0x7E, 0xB0, 0xC0,
  0x46, 0x81, 0x17, 0xEB, 0x0B, 0x04, 0x68, 0x11, 0x7E, 0xB0, 0xB0, 0x36, 0x81, 0x17, 0xEB, 0x0A,
  0x02, 0x68, 0x11, 0x7E, 0xB0, 0x90, 0x27, 0x10, 0x7B, 0x0A, 0x01, 0x73, 0x06, 0xC0, 0xA0, 0x37,
  0x30, 0x30, 0x9C, 0x0C, 0x06, 0x73, 0x81, 0x17, 0xEB, 0x81, 0xE9, 0x27, 0x30, 0x60, 0xCC, 0x0B,
  0x05, 0x73, 0x04, 0x0B, 0xC0, 0xD0, 0x67, 0x38, 0x12, 0x9E, 0xA0, 0xB7, 0x58, 0x21, 0x7D, 0xB7,
  0x71, 0x03,
  // "=" (U+003D), RLE, 48 bytes saved (66.7%)
  0x05, 0xFF, 0x09, 0x05, 0xFF, 0x09, 0x04, 0x80, 0x92, 0xD0, 0x78, 0x0D, 0x40, 0x04, 0x80, 0x92,
  0xD0, 0x70, 0x5F, 0xF0, 0x90, 0x5F, 0xF0, 0x90,
  // ">" (U+003E), RLE, 55 bytes saved (40.4%)
  0x03, 0x02, 0x77, 0x82, 0x7F, 0x92, 0x75, 0x07, 0xB0, 0x90, 0x27, 0x30, 0x20, 0xAC, 0x09, 0x02,
  0x73, 0x02, 0x09, 0xC0, 0x90, 0x27, 0x38, 0x11, 0x9E, 0xB0, 0x90, 0x27, 0x38, 0x11, 0x8E, 0xB0,
  0x90, 0x27, 0x40, 0x70, 0xEB, 0x0A, 0x02, 0x74, 0x07, 0xB0, 0xB7, 0x28, 0x12, 0x8E, 0xB0, 0xA7,
  0x04, 0x0B, 0xC0, 0xB0, 0x45, 0x81, 0x17, 0xDC, 0x09, 0x02, 0x50, 0x30, 0x9C, 0x81, 0xE7, 0x15,
  0x03, 0x0C, 0xC0, 0xC0, 0x67, 0x10, 0x7B, 0x0B, 0x04, 0x73, 0x82, 0x7E, 0x92, 0x75, 0x02, 0x01,
  0x77,
  // "?" (U+003F), RLE, 70 bytes saved (43.5%)
  0x28, 0x73, 0x8B, 0xEF, 0xED, 0xA4, 0x30, 0x50, 0xDF, 0xA0, 0xA2, 0x05, 0xC8, 0x1E, 0xDE, 0xC0,
  0x92, 0x82, 0xDD, 0x62, 0x30, 0x20, 0xBB, 0x81, 0x20, 0x17, 0x10, 0xEA, 0x05, 0x73, 0x0C, 0xA0,
  0x67, 0x30, 0xDA, 0x05, 0x72, 0x05, 0xA0, 0xE0, 0x17, 0x10, 0x5B, 0x06, 0x71, 0x08, 0xB0, 0x87,
  0x10, 0xAB, 0x06, 0x71, 0x09, 0xA0, 0xE0, 0x37, 0x10, 0x2A, 0x0E, 0x02, 0x72, 0x06, 0xA0, 0x77,
  0x30, 0x8A, 0x04, 0x73, 0x82, 0x48, 0x81, 0x80, 0xC2, 0x08, 0x26, 0xED, 0x57, 0x20, 0x1C, 0x72,
  0x02, 0xC0, 0x17, 0x10, 0x1B, 0x0E, 0x73, 0x82, 0x6E, 0xD5, 0x60,
  // "@" (U+0040), RLE, 96 bytes saved (27.4%)
  0x72, 0x89, 0x03, 0x7B, 0xDE, 0xFE, 0xC9, 0x57, 0x70, 0x30, 0xCF, 0xB0, 0xD0, 0x67, 0x40, 0xAE,
  0x81, 0xDD, 0xED, 0x0B, 0x01, 0x70, 0x10, 0xCB, 0x81, 0xC6, 0x24, 0x81, 0x14, 0xBB, 0x0C, 0x70,
  0xCA, 0x0D, 0x04, 0x73, 0x04, 0x0E, 0xA0, 0xA5, 0x09, 0xA0, 0xC0, 0x17, 0x50, 0x10, 0xDA, 0x05,
  0x30, 0x3A, 0x0D, 0x58, 0x66, 0xAC, 0xCB, 0x95, 0x12, 0x03, 0xA0, 0xC3, 0x0B, 0xA0, 0x33, 0x02,
  0x0D, 0xF9, 0x01, 0x20, 0x9A, 0x81, 0x30, 0x2A, 0x0A, 0x30, 0x20, 0xEF, 0xA0, 0x12, 0x02, 0xA8,
  0x18, 0x07, 0xA0, 0x33, 0x0C, 0xA8, 0x4D, 0x51, 0x02, 0xCA, 0x48, 0x5D, 0xFB, 0x0B, 0xFE, 0x30,
  0x4A, 0x0D, 0x01, 0x40, 0xBA, 0x48, 0x5B, 0xFD, 0x0E, 0xFA, 0x30, 0x9A, 0x05, 0x58, 0x1C, 0xFE,
  0x48, 0x19, 0xFE, 0x1A, 0x08, 0x30, 0xCA, 0x01, 0x58, 0x1D, 0xFE, 0x48, 0x29, 0xFE, 0x2A, 0x07,
  0x38, 0x1E, 0xFD, 0x68, 0x1E, 0xFD, 0x48, 0x2A, 0xFD, 0x2A, 0x06, 0x38, 0x1E, 0xFD, 0x50, 0x1A,
  0x0C, 0x48, 0x2D, 0xFB, 0x2A, 0x07, 0x38, 0x1D, 0xFE, 0x50, 0x4A, 0x0C, 0x30, 0x1A, 0x08, 0x01,
  0xA0, 0x93, 0x0A, 0xA0, 0x44, 0x0B, 0xA0, 0xE3, 0x07, 0xA8, 0x34, 0x0E, 0xFC, 0x30, 0x6A, 0x85,
  0xE5, 0x01, 0x8F, 0xEA, 0x81, 0x60, 0x5A, 0x0D, 0x20, 0xBA, 0x01, 0x30, 0xDF, 0x05, 0x0B, 0xE0,
  0x42, 0x06, 0xA0, 0x73, 0x02, 0x0E, 0xD8, 0x17, 0x03, 0xD0, 0x73, 0x01, 0xA0, 0xE0, 0x23, 0x84,
  0x17, 0xBC, 0xA4, 0x38, 0x33, 0xAC, 0xA4, 0x50, 0x8A, 0x0C, 0x01, 0x77, 0x71, 0x0D, 0xA0, 0xD0,
  0x47, 0x77, 0x02, 0x0D, 0xB8, 0x2C, 0x73, 0x12, 0x84, 0x12, 0x47, 0xBE, 0x73, 0x01, 0x0C, 0xFF,
  0x75, 0x06, 0x0D, 0xFB, 0x0D, 0x07, 0x77, 0x89, 0x03, 0x7A, 0xCC, 0xCB, 0x96, 0x27, 0x10,
  // "A" (U+0041), RLE, 112 bytes saved (46.3%)
  0x71, 0x08, 0xB0, 0x67, 0x72, 0x0D, 0xB0, 0xC7, 0x71, 0x04, 0xD0, 0x27, 0x70, 0xAA, 0x0C, 0xA0,
  0x87, 0x7B, 0x03, 0xA0, 0xE7, 0x60, 0x6A, 0x81, 0xB0, 0xDA, 0x04, 0x75, 0x0C, 0xA8, 0x17, 0x08,
  0xA0, 0xA7, 0x40, 0x2B, 0x81, 0x10, 0x2B, 0x01, 0x73, 0x08, 0xA0, 0xB3, 0x0C, 0xA0, 0x67, 0x30,
  0xDA, 0x05, 0x30, 0x7A, 0x0C, 0x72, 0x04, 0xA0, 0xE4, 0x01, 0xB0, 0x37, 0x10, 0xAA, 0x0A, 0x50,
  0xBA, 0x08, 0x70, 0x1B, 0x04, 0x50, 0x5A, 0x0E, 0x70, 0x6B, 0x80, 0x3D, 0xB0, 0x56, 0x0C, 0xFE,
  0x0A, 0x50, 0x2F, 0xF9, 0x01, 0x40, 0x8A, 0x0D, 0x72, 0x0E, 0xA0, 0x64, 0x0E, 0xA0, 0x77, 0x20,
  0x9A, 0x0C, 0x30, 0x4B, 0x02, 0x72, 0x04, 0xB0, 0x32, 0x0A, 0xA0, 0xC7, 0x40, 0xEA, 0x81, 0x80,
  0x1B, 0x06, 0x74, 0x09, 0xA8, 0x1E, 0x06, 0xB0, 0x17, 0x40, 0x3B, 0x05, 0x0C, 0xA0, 0xB7, 0x60,
  0xDA, 0x0A,
  // "B" (U+0042), RLE, 58 bytes saved (29.6%)
  0x0E, 0xF8, 0x3E, 0xCA, 0x61, 0x40, 0xEF, 0xD0, 0x93, 0x0E, 0xA8, 0x4E, 0xDD, 0xDD, 0xED, 0x0A,
  0x20, 0xEA, 0x07, 0x58, 0x11, 0x6E, 0xB8, 0x13, 0x0E, 0xA0, 0x77, 0x05, 0xB8, 0x17, 0x0E, 0xA0,
  0x77, 0x1B, 0x81, 0x80, 0xEA, 0x07, 0x71, 0xB8, 0x17, 0x0E, 0xA0, 0x77, 0x05, 0xB8, 0x13, 0x0E,
  0xA0, 0x76, 0x05, 0x0E, 0xA0, 0xA2, 0x0E, 0xA8, 0x4E, 0xDD, 0xDD, 0xEC, 0x08, 0x30, 0xEF, 0xB0,
  0xC0, 0x34, 0x0E, 0xFD, 0x0B, 0x02, 0x20, 0xEA, 0x07, 0x58, 0x13, 0x7E, 0xA8, 0x2E, 0x20, 0xEA,
  0x07, 0x70, 0x2B, 0x81, 0xB0, 0xEA, 0x07, 0x71, 0x09, 0xB0, 0x10, 0xEA, 0x07, 0x71, 0x06, 0xB0,
  0x30, 0xEA, 0x07, 0x71, 0x06, 0xB0, 0x40, 0xEA, 0x07, 0x71, 0x09, 0xB0, 0x20, 0xEA, 0x07, 0x70,
  0x20, 0xEA, 0x81, 0xE0, 0xEA, 0x07, 0x60, 0x50, 0xDB, 0x81, 0x70, 0xEA, 0x0E, 0x80, 0x1D, 0xD0,
  0xB2, 0x0E, 0xFD, 0x09, 0x30, 0xEF, 0x98, 0x2E, 0xC8, 0x24,
  // "C" (U+0043), RLE, 108 bytes saved (49.3%)
  0x78, 0x90, 0x49, 0xCE, 0xFE, 0xDB, 0x84, 0x70, 0x40, 0xCF, 0xB0, 0xE0, 0x14, 0x07, 0xD8, 0x1E,
  0xDE, 0xC0, 0xB4, 0x07, 0xC0, 0x90, 0x34, 0x82, 0x4A, 0xF4, 0x30, 0x3B, 0x0E, 0x03, 0x71, 0x01,
  0x40, 0xCB, 0x03, 0x76, 0x03, 0xB0, 0x97, 0x70, 0x8B, 0x02, 0x77, 0x0C, 0xA0, 0xD7, 0x71, 0x0E,
  0xA0, 0xA7, 0x71, 0xB0, 0x97, 0x70, 0x1B, 0x08, 0x77, 0x1B, 0x09, 0x77, 0x10, 0xEA, 0x0A, 0x77,
  0x10, 0xCA, 0x0D, 0x77, 0x10, 0x9B, 0x01, 0x77, 0x05, 0xB0, 0x87, 0x71, 0x0E, 0xA0, 0xE0, 0x27,
  0x70, 0x6B, 0x0D, 0x01, 0x77, 0x0B, 0xB8, 0x1E, 0x72, 0x48, 0x21, 0x58, 0x44, 0x01, 0x0C, 0xD8,
  0x1E, 0xDE, 0xC0, 0x56, 0x08, 0xFC, 0x05, 0x78, 0x31, 0x6B, 0xDE, 0xA8, 0x2E, 0xC8, 0x42,
  // "D" (U+0044), RLE, 73 bytes saved (33.3%)
  0x0E, 0xF8, 0x2E, 0xC9, 0x57, 0x0E, 0xFC, 0x0E, 0x07, 0x50, 0xEA, 0x84, 0xED, 0xDD, 0xDE, 0xD0,
  0xC0, 0x23, 0x0E, 0xA0, 0x75, 0x81, 0x27, 0xEB, 0x0D, 0x01, 0x20, 0xEA, 0x07, 0x71, 0x0A, 0xB0,
  0xB2, 0x0E, 0xA0, 0x77, 0x20, 0xBB, 0x81, 0x40, 0xEA, 0x07, 0x72, 0x01, 0xB8, 0x1B, 0x0E, 0xA0,
  0x77, 0x30, 0xAB, 0x01, 0x0E, 0xA0, 0x77, 0x30, 0x6B, 0x04, 0x0E, 0xA0, 0x77, 0x30, 0x3B, 0x06,
  0x0E, 0xA0, 0x77, 0x30, 0x2B, 0x07, 0x0E, 0xA0, 0x77, 0x30, 0x1B, 0x07, 0x0E, 0xA0, 0x77, 0x30,
  0x2B, 0x06, 0x0E, 0xA0, 0x77, 0x30, 0x3B, 0x05, 0x0E, 0xA0, 0x77, 0x30, 0x7B, 0x03, 0x0E, 0xA0,
  0x77, 0x30, 0xBA, 0x81, 0xE0, 0xEA, 0x07, 0x72, 0x03, 0xB8, 0x1A, 0x0E, 0xA0, 0x77, 0x20, 0xDB,
  0x81, 0x20, 0xEA, 0x07, 0x70, 0x10, 0xCB, 0x09, 0x20, 0xEA, 0x07, 0x50, 0x40, 0x9C, 0x0C, 0x30,
  0xEA, 0x83, 0xED, 0xDD, 0xEE, 0x0A, 0x01, 0x30, 0xEF, 0xC0, 0xC0, 0x55, 0x0E, 0xE8, 0x3E, 0xDB,
  0x73, 0x70,
  // "E" (U+0045), RLE, 68 bytes saved (45.3%)
  0x0E, 0xFC, 0x00, 0xEF, 0xC0, 0x0E, 0xA0, 0xE8, 0x04, 0xD0, 0xB0, 0xEA, 0x07, 0x72, 0x0E, 0xA0,
  0x77, 0x20, 0xEA, 0x07, 0x72, 0x0E, 0xA0, 0x77, 0x20, 0xEA, 0x07, 0x72, 0x0E, 0xA0, 0x77, 0x20,
  0xEA, 0x0E, 0x80, 0x4D, 0x04, 0x0E, 0xFC, 0x05, 0x0E, 0xFC, 0x05, 0x0E, 0xA0, 0x77, 0x20, 0xEA,
  0x07, 0x72, 0x0E, 0xA0, 0x77, 0x20, 0xEA, 0x07, 0x72, 0x0E, 0xA0, 0x77, 0x20, 0xEA, 0x07, 0x72,
  0x0E, 0xA0, 0x77, 0x20, 0xEA, 0x07, 0x72, 0x0E, 0xA0, 0xE8, 0x04, 0xD0, 0xB0, 0xEF, 0xC0, 0x0E,
  0xFC, 0x0E,
  // "F" (U+0046), RLE, 68 bytes saved (45.3%)
  0x0E, 0xFC, 0x00, 0xEF, 0xC0, 0x0E, 0xA0, 0xE8, 0x04, 0xD0, 0xB0, 0xEA, 0x07, 0x72, 0x0E, 0xA0,
  0x77, 0x20, 0xEA, 0x07, 0x72, 0x0E, 0xA0, 0x77, 0x20, 0xEA, 0x07, 0x72, 0x0E, 0xA0, 0x77, 0x20,
  0xEA, 0x07, 0x72, 0x0E, 0xA0, 0xE8, 0x04, 0xD0, 0x30, 0xEF, 0xC0, 0x40, 0xEF, 0xC0, 0x40, 0xEA,
  0x07, 0x72, 0x0E, 0xA0, 0x77, 0x20, 0xEA, 0x07, 0x72, 0x0E, 0xA0, 0x77, 0x20, 0xEA, 0x07, 0x72,
  0x0E, 0xA0, 0x77, 0x20, 0xEA, 0x07, 0x72, 0x0E, 0xA0, 0x77, 0x20, 0xEA, 0x07, 0x72, 0x0E, 0xA0,
  0x77, 0x20,
  // "G" (U+0047), RLE, 95 bytes saved (41.3%)
  0x78, 0x31, 0x6A, 0xCE, 0xA8, 0x3E, 0xC9, 0x51, 0x60, 0x10, 0x9F, 0xD0, 0x54, 0x04, 0x0E, 0xD8,
  0x1E, 0xDD, 0xD0, 0x13, 0x05, 0xC8, 0x1C, 0x51, 0x48, 0x23, 0x7C, 0x93, 0x02, 0x0E, 0xB0, 0x77,
  0x70, 0xBB, 0x06, 0x77, 0x02, 0xB0, 0xB7, 0x71, 0x08, 0xB0, 0x37, 0x71, 0x0C, 0xA0, 0xE7, 0x72,
  0x0E, 0xA0, 0xA7, 0x72, 0xB0, 0x86, 0x05, 0x80, 0x3D, 0x0A, 0x01, 0xB0, 0x86, 0x06, 0xF0, 0xC1,
  0xB0, 0x96, 0x06, 0xF8, 0x1C, 0x0E, 0xA0, 0xA7, 0x40, 0x9A, 0x81, 0xC0, 0xCA, 0x0D, 0x74, 0x09,
  0xA8, 0x1C, 0x08, 0xB0, 0x27, 0x30, 0x9A, 0x81, 0xC0, 0x4B, 0x09, 0x73, 0x09, 0xA0, 0xC2, 0x0D,
  0xB0, 0x37, 0x20, 0x9A, 0x0C, 0x20, 0x5B, 0x0E, 0x03, 0x71, 0x09, 0xA0, 0xC3, 0x09, 0xC0, 0x90,
  0x35, 0x02, 0x0B, 0xA0, 0xC4, 0x09, 0xE0, 0xFD, 0xD0, 0xC5, 0x06, 0x0D, 0xFD, 0x0C, 0x78, 0x25,
  0x9C, 0xEA, 0x84, 0xED, 0xCA, 0x73, 0x10,
  // "H" (U+0048), RLE, 73 bytes saved (35.3%)
  0x0E, 0xA0, 0x77, 0x30, 0x9A, 0x0D, 0x0E, 0xA0, 0x77, 0x30, 0x9A, 0x0D, 0x0E, 0xA0, 0x77, 0x30,
  0x9A, 0x0D, 0x0E, 0xA0, 0x77, 0x30, 0x9A, 0x0D, 0x0E, 0xA0, 0x77, 0x30, 0x9A, 0x0D, 0x0E, 0xA0,
  0x77, 0x30, 0x9A, 0x0D, 0x0E, 0xA0, 0x77, 0x30, 0x9A, 0x0D, 0x0E, 0xA0, 0x77, 0x30, 0x9A, 0x0D,
  0x0E, 0xA0, 0x77, 0x30, 0x9A, 0x0D, 0x0E, 0xA0, 0xE8, 0x06, 0xD0, 0xEA, 0x0D, 0x0E, 0xFF, 0xA0,
  0xD0, 0xEF, 0xFA, 0x0D, 0x0E, 0xA0, 0x77, 0x30, 0x9A, 0x0D, 0x0E, 0xA0, 0x77, 0x30, 0x9A, 0x0D,
  0x0E, 0xA0, 0x77, 0x30, 0x9A, 0x0D, 0x0E, 0xA0, 0x77, 0x30, 0x9A, 0x0D, 0x0E, 0xA0, 0x77, 0x30,
  0x9A, 0x0D, 0x0E, 0xA0, 0x77, 0x30, 0x9A, 0x0D, 0x0E, 0xA0, 0x77, 0x30, 0x9A, 0x0D, 0x0E, 0xA0,
  0x77, 0x30, 0x9A, 0x0D, 0x0E, 0xA0, 0x77, 0x30, 0x9A, 0x0D, 0x0E, 0xA0, 0x77, 0x30, 0x9A, 0x0D,
  0x0E, 0xA0, 0x77, 0x30, 0x9A, 0x0D,
  // "I" (U+0049), RLE, 41 bytes saved (35.7%)
  0x0C, 0xF9, 0x01, 0x0C, 0xF9, 0x82, 0x15, 0xAE, 0xC0, 0xC0, 0x73, 0x01, 0xB0, 0x65, 0x01, 0xB0,
  0x65, 0x01, 0xB0, 0x65, 0x01, 0xB0, 0x65, 0x01, 0xB0, 0x65, 0x01, 0xB0, 0x65, 0x01, 0xB0, 0x65,
  0x01, 0xB0, 0x65, 0x01, 0xB0, 0x65, 0x01, 0xB0, 0x65, 0x01, 0xB0, 0x65, 0x01, 0xB0, 0x65, 0x01,
  0xB0, 0x65, 0x01, 0xB0, 0x65, 0x01, 0xB0, 0x65, 0x01, 0xB0, 0x65, 0x01, 0xB0, 0x63, 0x81, 0x15,
  0x9B, 0x83, 0xC6, 0x20, 0xCF, 0x90, 0x10, 0xCF, 0x90, 0x10,
  // "J" (U+004A), RLE, 55 bytes saved (36.7%)
  0x50, 0x1B, 0x05, 0x50, 0x1B, 0x05, 0x50, 0x1B, 0x05, 0x50, 0x1B, 0x05, 0x50, 0x1B, 0x05, 0x50,
  0x1B, 0x05, 0x50, 0x1B, 0x05, 0x50, 0x1B, 0x05, 0x50, 0x1B, 0x05, 0x50, 0x1B, 0x05, 0x50, 0x1B,
  0x05, 0x50, 0x1B, 0x05, 0x50, 0x1B, 0x05, 0x50, 0x1B, 0x05, 0x50, 0x1B, 0x05, 0x50, 0x1B, 0x05,
  0x50, 0x1B, 0x05, 0x50, 0x1B, 0x05, 0x50, 0x1B, 0x05, 0x50, 0x1B, 0x05, 0x50, 0x1B, 0x05, 0x50,
  0x1B, 0x05, 0x50, 0x1B, 0x05, 0x50, 0x1B, 0x05, 0x50, 0x3B, 0x03, 0x50, 0x9B, 0x18, 0x32, 0x20,
  0x17, 0xB8, 0x1A, 0x07, 0xE8, 0x2E, 0x20, 0x7D, 0x0E, 0x03, 0x28, 0x43, 0xBC, 0xCA, 0x64,
  // "K" (U+004B), RLE, 54 bytes saved (27.6%)
  0x0E, 0xA0, 0x77, 0x10, 0x6B, 0x08, 0x0E, 0xA0, 0x77, 0x04, 0xB8, 0x1A, 0x0E, 0xA0, 0x76, 0x02,
  0x0E, 0xA0, 0xC2, 0x0E, 0xA0, 0x75, 0x01, 0x0D, 0xA0, 0xD0, 0x12, 0x0E, 0xA0, 0x75, 0x0B, 0xA0,
  0xE0, 0x23, 0x0E, 0xA0, 0x74, 0x09, 0xB0, 0x44, 0x0E, 0xA0, 0x73, 0x07, 0xB0, 0x65, 0x0E, 0xA0,
  0x72, 0x05, 0xB0, 0x86, 0x0E, 0xA8, 0x27, 0x03, 0xEA, 0x0A, 0x70, 0xEA, 0x81, 0x71, 0xDA, 0x0C,
  0x71, 0x0E, 0xA0, 0x80, 0xCB, 0x07, 0x71, 0x0E, 0xF0, 0xE0, 0x27, 0x0E, 0xC0, 0xCB, 0x0C, 0x70,
  0xEB, 0x81, 0x90, 0x9B, 0x08, 0x60, 0xEA, 0x09, 0x30, 0xDB, 0x03, 0x50, 0xEA, 0x07, 0x30, 0x2B,
  0x0D, 0x50, 0xEA, 0x07, 0x40, 0x6B, 0x09, 0x40, 0xEA, 0x07, 0x50, 0xBB, 0x05, 0x30, 0xEA, 0x07,
  0x50, 0x10, 0xEA, 0x0E, 0x01, 0x20, 0xEA, 0x07, 0x60, 0x4B, 0x0B, 0x20, 0xEA, 0x07, 0x70, 0x8B,
  0x81, 0x70, 0xEA, 0x07, 0x71, 0x0C, 0xB0, 0x20, 0xEA, 0x07, 0x71, 0x02, 0xB0, 0xC0,
  // "L" (U+004C), RLE, 79 bytes saved (49.1%)
  0x0E, 0xA0, 0x77, 0x30, 0xEA, 0x07, 0x73, 0x0E, 0xA0, 0x77, 0x30, 0xEA, 0x07, 0x73, 0x0E, 0xA0,
  0x77, 0x30, 0xEA, 0x07, 0x73, 0x0E, 0xA0, 0x77, 0x30, 0xEA, 0x07, 0x73, 0x0E, 0xA0, 0x77, 0x30,
  0xEA, 0x07, 0x73, 0x0E, 0xA0, 0x77, 0x30, 0xEA, 0x07, 0x73, 0x0E, 0xA0, 0x77, 0x30, 0xEA, 0x07,
  0x73, 0x0E, 0xA0, 0x77, 0x30, 0xEA, 0x07, 0x73, 0x0E, 0xA0, 0x77, 0x30, 0xEA, 0x07, 0x73, 0x0E,
  0xA0, 0x77, 0x30, 0xEA, 0x07, 0x73, 0x0E, 0xA0, 0xE8, 0x05, 0xD0, 0x30, 0xEF, 0xD0, 0x30, 0xEF,
  0xD0, 0x30,
  // "M" (U+004D), RLE, 66 bytes saved (23.9%)
  0x0E, 0xC0, 0x27, 0x50, 0xCC, 0x05, 0x0E, 0xC0, 0x77, 0x40, 0x2D, 0x05, 0x0E, 0xC0, 0xD7, 0x40,
  0x7D, 0x05, 0x0E, 0xA0, 0xEA, 0x03, 0x73, 0x0D, 0xA0, 0xEA, 0x05, 0x0E, 0xA0, 0x9A, 0x08, 0x72,
  0x03, 0xA0, 0x0C, 0xA0, 0x50, 0xEA, 0x04, 0xA0, 0xE7, 0x20, 0x9A, 0x06, 0x0D, 0xA0, 0x50, 0xEA,
  0x01, 0x0D, 0xA0, 0x47, 0x10, 0xEA, 0x01, 0x0E, 0xA0, 0x50, 0xEA, 0x02, 0x08, 0xA0, 0x97, 0x05,
  0xA0, 0xA1, 0xB0, 0x50, 0xEA, 0x00, 0x2A, 0x0E, 0x70, 0xAA, 0x05, 0x1B, 0x05, 0x0E, 0xA8, 0x12,
  0x0C, 0xA0, 0x55, 0x01, 0xA0, 0xE2, 0xB0, 0x50, 0xEA, 0x81, 0x20, 0x7A, 0x0A, 0x50, 0x6A, 0x09,
  0x2B, 0x05, 0x0E, 0xA8, 0x12, 0x01, 0xB0, 0x14, 0x0C, 0xA0, 0x32, 0xB0, 0x50, 0xEA, 0x02, 0x20,
  0xBA, 0x06, 0x30, 0x2A, 0x0D, 0x3B, 0x05, 0x0E, 0xA0, 0x22, 0x06, 0xA0, 0xB3, 0x08, 0xA0, 0x73,
  0xB0, 0x50, 0xEA, 0x02, 0x20, 0x1B, 0x01, 0x20, 0xDA, 0x01, 0x3B, 0x05, 0x0E, 0xA0, 0x23, 0x0A,
  0xA8, 0x17, 0x03, 0xA0, 0xB4, 0xB0, 0x50, 0xEA, 0x02, 0x30, 0x5A, 0x81, 0xC0, 0x9A, 0x05, 0x4B,
  0x05, 0x0E, 0xA0, 0x24, 0x0E, 0xA8, 0x23, 0xEF, 0xE5, 0xB0, 0x50, 0xEA, 0x02, 0x40, 0x9A, 0x0D,
  0xA0, 0x95, 0xB0, 0x50, 0xEA, 0x02, 0x40, 0x4D, 0x04, 0x5B, 0x05, 0x0E, 0xA0, 0x25, 0x0D, 0xB0,
  0xD6, 0xB0, 0x50, 0xEA, 0x02, 0x50, 0x8B, 0x08, 0x6B, 0x05, 0x0E, 0xA0, 0x25, 0x03, 0xB0, 0x26,
  0xB0, 0x50,
  // "N" (U+004E), RLE, 47 bytes saved (21.5%)
  0x0E, 0xB0, 0x77, 0x30, 0x6A, 0x0C, 0x0E, 0xC0, 0x27, 0x20, 0x6A, 0x0C, 0x0E, 0xC0, 0xB7, 0x20,
  0x6A, 0x0C, 0x0E, 0xD0, 0x67, 0x10, 0x6A, 0x0C, 0x0E, 0xA0, 0xEA, 0x0E, 0x01, 0x70, 0x6A, 0x83,
  0xCE, 0xFE, 0x6B, 0x0A, 0x70, 0x6A, 0x0C, 0x0E, 0xA1, 0x0C, 0xB0, 0x46, 0x06, 0xA0, 0xC0, 0xEA,
  0x01, 0x02, 0xB0, 0xD6, 0x06, 0xA0, 0xC0, 0xEA, 0x81, 0x10, 0x8B, 0x08, 0x50, 0x6A, 0x0C, 0x0E,
  0xA0, 0x22, 0x0D, 0xB0, 0x24, 0x06, 0xA0, 0xC0, 0xEA, 0x02, 0x20, 0x4B, 0x0C, 0x40, 0x6A, 0x0C,
  0x0E, 0xA0, 0x23, 0x0A, 0xB0, 0x63, 0x06, 0xA0, 0xC0, 0xEA, 0x02, 0x30, 0x10, 0xEA, 0x0E, 0x01,
  0x20, 0x6A, 0x0C, 0x0E, 0xA0, 0x24, 0x06, 0xB0, 0xA2, 0x05, 0xA0, 0xC0, 0xEA, 0x02, 0x50, 0xBB,
  0x81, 0x40, 0x5A, 0x0C, 0x0E, 0xA0, 0x25, 0x02, 0xB8, 0x1D, 0x04, 0xA0, 0xC0, 0xEA, 0x02, 0x60,
  0x7B, 0x08, 0x04, 0xA0, 0xC0, 0xEA, 0x02, 0x70, 0xDB, 0x06, 0xA0, 0xC0, 0xEA, 0x02, 0x70, 0x3B,
  0x0E, 0xA0, 0xC0, 0xEA, 0x02, 0x71, 0x09, 0xD0, 0xC0, 0xEA, 0x02, 0x71, 0x01, 0x0E, 0xC0, 0xC0,
  0xEA, 0x02, 0x72, 0x05, 0xC0, 0xC0, 0xEA, 0x02, 0x73, 0x0B, 0xB0, 0xC0,
  // "O" (U+004F), RLE, 104 bytes saved (39.2%)
  0x68, 0x91, 0x16, 0xAD, 0xEF, 0xED, 0xA6, 0x17, 0x40, 0x70, 0xEF, 0xA0, 0xE0, 0x87, 0x20, 0xBD,
  0x81, 0xED, 0xED, 0x0C, 0x01, 0x60, 0xAB, 0x81, 0xE6, 0x13, 0x81, 0x15, 0xDB, 0x0C, 0x50, 0x6B,
  0x0C, 0x01, 0x71, 0x0A, 0xB0, 0x74, 0x0D, 0xA0, 0xE0, 0x17, 0x30, 0xDA, 0x0E, 0x01, 0x20, 0x4B,
  0x07, 0x74, 0x05, 0xB0, 0x62, 0x09, 0xB0, 0x17, 0x50, 0xEA, 0x0B, 0x20, 0xCA, 0x0D, 0x76, 0x0B,
  0xA0, 0xE2, 0x0E, 0xA0, 0xA7, 0x60, 0x9B, 0x01, 0x1B, 0x09, 0x76, 0x07, 0xB0, 0x20, 0x1B, 0x08,
  0x76, 0x07, 0xB0, 0x31, 0xB0, 0x97, 0x60, 0x7B, 0x81, 0x20, 0xEA, 0x0A, 0x76, 0x09, 0xB8, 0x11,
  0x0C, 0xA0, 0xD7, 0x60, 0xBA, 0x0E, 0x20, 0x9B, 0x02, 0x75, 0xB0, 0xB2, 0x04, 0xB0, 0x77, 0x40,
  0x6B, 0x06, 0x30, 0xEA, 0x0E, 0x01, 0x73, 0x0D, 0xA0, 0xE0, 0x13, 0x06, 0xB0, 0xC0, 0x17, 0x10,
  0xBB, 0x07, 0x50, 0xBB, 0x81, 0xE6, 0x13, 0x81, 0x15, 0xDB, 0x0B, 0x70, 0xBD, 0x81, 0xED, 0xED,
  0x0C, 0x01, 0x71, 0x07, 0x0E, 0xFA, 0x0E, 0x07, 0x74, 0x89, 0x11, 0x6A, 0xDE, 0xFE, 0xDA, 0x61,
  0x60,
  // "P" (U+0050), RLE, 64 bytes saved (37.0%)
  0x0E, 0xE8, 0x3E, 0xDA, 0x71, 0x30, 0xEF, 0xC0, 0x72, 0x0E, 0xA8, 0x3E, 0xDD, 0xDE, 0xD8, 0x19,
  0x0E, 0xA0, 0x74, 0x81, 0x17, 0xEB, 0x04, 0x0E, 0xA0, 0x76, 0x03, 0xB0, 0xA0, 0xEA, 0x07, 0x70,
  0xBA, 0x0D, 0x0E, 0xA0, 0x77, 0x08, 0xB0, 0xEA, 0x07, 0x70, 0x9A, 0x00, 0xEA, 0x07, 0x70, 0xCA,
  0x0C, 0x0E, 0xA0, 0x76, 0x05, 0xB0, 0x70, 0xEA, 0x07, 0x40, 0x30, 0x9B, 0x81, 0xE1, 0xEA, 0x0E,
  0x0F, 0xDE, 0x81, 0x40, 0xEF, 0xB0, 0xD0, 0x32, 0x0E, 0xE8, 0x2E, 0xC9, 0x54, 0x0E, 0xA0, 0x77,
  0x40, 0xEA, 0x07, 0x74, 0x0E, 0xA0, 0x77, 0x40, 0xEA, 0x07, 0x74, 0x0E, 0xA0, 0x77, 0x40, 0xEA,
  0x07, 0x74, 0x0E, 0xA0, 0x77, 0x40, 0xEA, 0x07, 0x74, 0x0E, 0xA0, 0x77, 0x40,
  // "Q" (U+0051), RLE, 150 bytes saved (44.9%)
  0x68, 0x91, 0x16, 0xAD, 0xEF, 0xED, 0xA6, 0x17, 0x40, 0x70, 0xEF, 0xA0, 0xE0, 0x87, 0x20, 0xBD,
  0x81, 0xED, 0xED, 0x0C, 0x01, 0x60, 0xAB, 0x81, 0xE6, 0x13, 0x81, 0x15, 0xDB, 0x0C, 0x50, 0x6B,
  0x0C, 0x01, 0x71, 0x0A, 0xB0, 0x74, 0x0D, 0xA0, 0xE0, 0x17, 0x30, 0xDA, 0x0E, 0x01, 0x20, 0x4B,
  0x07, 0x74, 0x05, 0xB0, 0x62, 0x09, 0xB0, 0x17, 0x50, 0xEA, 0x0B, 0x20, 0xCA, 0x0D, 0x76, 0x0B,
  0xA0, 0xE2, 0x0E, 0xA0, 0xA7, 0x60, 0x9B, 0x01, 0x1B, 0x09, 0x76, 0x07, 0xB0, 0x20, 0x1B, 0x08,
  0x76, 0x07, 0xB0, 0x21, 0xB0, 0x97, 0x60, 0x7B, 0x81, 0x20, 0xEA, 0x0A, 0x76, 0x09, 0xB8, 0x11,
  0x0C, 0xA0, 0xD7, 0x60, 0xBA, 0x0E, 0x20, 0x9B, 0x02, 0x75, 0xB0, 0xB2, 0x04, 0xB0, 0x77, 0x40,
  0x6B, 0x06, 0x30, 0xEA, 0x0E, 0x01, 0x73, 0x0D, 0xA0, 0xE0, 0x13, 0x06, 0xB0, 0xC0, 0x17, 0x10,
  0xBB, 0x07, 0x50, 0xBB, 0x81, 0xE6, 0x13, 0x81, 0x15, 0xDB, 0x0C, 0x70, 0xBD, 0x81, 0xED, 0xED,
  0x0C, 0x01, 0x71, 0x07, 0x0E, 0xFB, 0x08, 0x74, 0x83, 0x16, 0xAD, 0xED, 0x03, 0x77, 0x40, 0x5B,
  0x0C, 0x77, 0x50, 0x8B, 0x0B, 0x77, 0x50, 0xBB, 0x0A, 0x77, 0x40, 0x10, 0xDB, 0x08, 0x77, 0x40,
  0x3C, 0x07, 0x77, 0x48, 0x44, 0x77, 0x77, 0x11,
  // "R" (U+0052), RLE, 58 bytes saved (29.6%)
  0x0E, 0xE8, 0x3E, 0xDB, 0x72, 0x50, 0xEF, 0xC0, 0x94, 0x0E, 0xA8, 0x3E, 0xDD, 0xDE, 0xD0, 0xA3,
  0x0E, 0xA0, 0x74, 0x81, 0x16, 0xEB, 0x05, 0x20, 0xEA, 0x07, 0x60, 0x2B, 0x0A, 0x20, 0xEA, 0x07,
  0x70, 0xAA, 0x0E, 0x20, 0xEA, 0x07, 0x70, 0x8B, 0x20, 0xEA, 0x07, 0x70, 0x9A, 0x0E, 0x20, 0xEA,
  0x07, 0x70, 0xCA, 0x0C, 0x20, 0xEA, 0x07, 0x60, 0x5B, 0x06, 0x20, 0xEA, 0x07, 0x38, 0x11, 0x39,
  0xB0, 0xC3, 0x0E, 0xFC, 0x0C, 0x01, 0x30, 0xEF, 0xA0, 0xE0, 0x75, 0x0E, 0xA8, 0x3E, 0xDD, 0xDE,
  0xA0, 0xD6, 0x0E, 0xA0, 0x73, 0x02, 0xB0, 0x75, 0x0E, 0xA0, 0x74, 0x08, 0xB0, 0x24, 0x0E, 0xA0,
  0x75, 0x0D, 0xA0, 0xC4, 0x0E, 0xA0, 0x75, 0x05, 0xB0, 0x63, 0x0E, 0xA0, 0x76, 0x0B, 0xA0, 0xE0,
  0x12, 0x0E, 0xA0, 0x76, 0x02, 0xB0, 0xA2, 0x0E, 0xA0, 0x77, 0x08, 0xB8, 0x15, 0x0E, 0xA0, 0x77,
  0x10, 0xDA, 0x81, 0xE1, 0xEA, 0x07, 0x71, 0x05, 0xB0, 0x90,
  // "S" (U+0053), RLE, 70 bytes saved (38.0%)
  0x48, 0x90, 0x49, 0xDE, 0xFE, 0xDA, 0x62, 0x40, 0x20, 0xCF, 0xB0, 0x82, 0x01, 0x0D, 0xC8, 0x1E,
  0xDE, 0xC0, 0x42, 0x09, 0xB0, 0x90, 0x13, 0x82, 0x26, 0xCE, 0x30, 0xEA, 0x0A, 0x71, 0x01, 0x20,
  0x1B, 0x05, 0x74, 0x01, 0xB0, 0x67, 0x50, 0xEA, 0x0C, 0x75, 0x09, 0xB0, 0xB0, 0x17, 0x30, 0x10,
  0xEC, 0x09, 0x02, 0x72, 0x03, 0x0D, 0xD0, 0xB0, 0x47, 0x10, 0x10, 0x9E, 0x0C, 0x03, 0x71, 0x81,
  0x18, 0xED, 0x06, 0x73, 0x05, 0x0D, 0xC0, 0x47, 0x40, 0x8B, 0x0C, 0x75, 0x0A, 0xB7, 0x50, 0x5B,
  0x01, 0x74, 0x05, 0xB0, 0x01, 0x73, 0x0B, 0xA8, 0x5D, 0x06, 0xE9, 0x51, 0x40, 0x20, 0xAB, 0x81,
  0x70, 0x6C, 0x82, 0xED, 0xDE, 0xC0, 0xB2, 0x06, 0xFC, 0x09, 0x48, 0x33, 0x8B, 0xDE, 0xA8, 0x2E,
  0xB7, 0x24,
  // "T" (U+0054), RLE, 121 bytes saved (58.5%)
  0x09, 0xFF, 0xA0, 0x80, 0x9F, 0xFA, 0x08, 0x07, 0x80, 0x2D, 0x0E, 0xA0, 0xE8, 0x02, 0xD0, 0x77,
  0x0B, 0xA0, 0xB7, 0x70, 0xBA, 0x0B, 0x77, 0x0B, 0xA0, 0xB7, 0x70, 0xBA, 0x0B, 0x77, 0x0B, 0xA0,
  0xB7, 0x70, 0xBA, 0x0B, 0x77, 0x0B, 0xA0, 0xB7, 0x70, 0xBA, 0x0B, 0x77, 0x0B, 0xA0, 0xB7, 0x70,
  0xBA, 0x0B, 0x77, 0x0B, 0xA0, 0xB7, 0x70, 0xBA, 0x0B, 0x77, 0x0B, 0xA0, 0xB7, 0x70, 0xBA, 0x0B,
  0x77, 0x0B, 0xA0, 0xB7, 0x70, 0xBA, 0x0B, 0x77, 0x0B, 0xA0, 0xB7, 0x70, 0xBA, 0x0B, 0x77, 0x0B,
  0xA0, 0xB7, 0x70, 0xBA, 0x0B, 0x70,
  // "U" (U+0055), RLE, 75 bytes saved (34.2%)
  0x02, 0xB0, 0x47, 0x30, 0xAA, 0x0B, 0x02, 0xB0, 0x47, 0x30, 0xAA, 0x0B, 0x02, 0xB0, 0x47, 0x30,
  0xAA, 0x0B, 0x02, 0xB0, 0x47, 0x30, 0xAA, 0x0B, 0x02, 0xB0, 0x47, 0x30, 0xAA, 0x0B, 0x02, 0xB0,
  0x47, 0x30, 0xAA, 0x0B, 0x02, 0xB0, 0x47, 0x30, 0xAA, 0x0B, 0x02, 0xB0, 0x47, 0x30, 0xAA, 0x0B,
  0x02, 0xB0, 0x47, 0x30, 0xAA, 0x0B, 0x02, 0xB0, 0x47, 0x30, 0xAA, 0x0B, 0x02, 0xB0, 0x47, 0x30,
  0xAA, 0x0B, 0x02, 0xB0, 0x47, 0x30, 0xAA, 0x0B, 0x02, 0xB0, 0x47, 0x30, 0xAA, 0x0B, 0x02, 0xB0,
  0x47, 0x30, 0xAA, 0x0B, 0x02, 0xB0, 0x47, 0x30, 0xAA, 0x0B, 0x01, 0xB0, 0x57, 0x30, 0xBA, 0x81,
  0xA0, 0xEA, 0x08, 0x73, 0x0E, 0xA8, 0x18, 0x0B, 0xA0, 0xD7, 0x20, 0x4B, 0x81, 0x40, 0x5B, 0x08,
  0x71, 0x0D, 0xA0, 0xE3, 0x0C, 0xB0, 0xA0, 0x34, 0x04, 0x0D, 0xB0, 0x63, 0x02, 0x0E, 0xC8, 0x1E,
  0xDD, 0xD0, 0x95, 0x01, 0x0B, 0xFA, 0x0E, 0x06, 0x71, 0x82, 0x39, 0xCE, 0xA8, 0x2D, 0xB6, 0x14,
  // "V" (U+0056), RLE, 97 bytes saved (42.2%)
  0x0C, 0xA0, 0xB7, 0x40, 0x1B, 0x00, 0x7B, 0x01, 0x73, 0x06, 0xB0, 0x02, 0xB0, 0x67, 0x30, 0xBA,
  0x0C, 0x20, 0xCA, 0x0B, 0x72, 0x01, 0xB0, 0x72, 0x06, 0xB0, 0x17, 0x10, 0x6B, 0x01, 0x20, 0x1B,
  0x06, 0x71, 0x0B, 0xA0, 0xB4, 0x0B, 0xA0, 0xB7, 0x01, 0xB0, 0x64, 0x05, 0xB0, 0x16, 0x07, 0xB0,
  0x15, 0xB0, 0x66, 0x0C, 0xA0, 0xA6, 0x0A, 0xA0, 0xB5, 0x01, 0xB0, 0x56, 0x05, 0xB0, 0x14, 0x07,
  0xA0, 0xE7, 0x10, 0xEA, 0x06, 0x40, 0xCA, 0x0A, 0x71, 0x09, 0xA0, 0xC3, 0x02, 0xB0, 0x47, 0x10,
  0x4B, 0x01, 0x20, 0x7A, 0x0E, 0x73, 0x0E, 0xA0, 0x72, 0x0C, 0xA0, 0x97, 0x30, 0x9A, 0x81, 0xB0,
  0x2B, 0x03, 0x73, 0x03, 0xB0, 0x10, 0x6A, 0x0D, 0x75, 0x0D, 0xA0, 0x50, 0xBA, 0x08, 0x75, 0x08,
  0xA0, 0x90, 0xEA, 0x02, 0x75, 0x03, 0xA0, 0xEA, 0x0D, 0x77, 0x0D, 0xC0, 0x77, 0x70, 0x7C, 0x02,
  0x77, 0x02, 0xB0, 0xC7, 0x10,
  // "W" (U+0057), RLE, 119 bytes saved (34.5%)
  0x09, 0xA0, 0xE7, 0x20, 0xDA, 0x0D, 0x72, 0x0C, 0xA0, 0xA0, 0x5B, 0x02, 0x70, 0x2C, 0x02, 0x70,
  0x1B, 0x06, 0x01, 0xB0, 0x67, 0x07, 0xC0, 0x67, 0x05, 0xB8, 0x12, 0x0D, 0xA0, 0xA7, 0x0B, 0xC0,
  0xB7, 0x08, 0xA0, 0xE2, 0x09, 0xA0, 0xE7, 0xA0, 0xEA, 0x0E, 0x70, 0xCA, 0x0A, 0x20, 0x5B, 0x02,
  0x50, 0x4A, 0x0B, 0x0C, 0xA0, 0x45, 0x01, 0xB0, 0x62, 0x01, 0xB0, 0x65, 0x08, 0xA0, 0x08, 0xA0,
  0x85, 0x04, 0xB0, 0x13, 0x0C, 0xA0, 0xA5, 0x0D, 0xA0, 0x04, 0xA0, 0xD5, 0x08, 0xA0, 0xD4, 0x08,
  0xA0, 0xE4, 0x01, 0xB2, 0xB0, 0x24, 0x0C, 0xA0, 0x94, 0x04, 0xB0, 0x23, 0x06, 0xA0, 0xB2, 0x0B,
  0xA0, 0x64, 0xB0, 0x55, 0xB0, 0x63, 0x0A, 0xA0, 0x72, 0x07, 0xA0, 0xB3, 0x04, 0xB0, 0x15, 0x0B,
  0xA0, 0x93, 0x0E, 0xA0, 0x32, 0x02, 0xB3, 0x08, 0xA0, 0xC6, 0x07, 0xA0, 0xD2, 0x03, 0xA0, 0xE4,
  0x0D, 0xA0, 0x42, 0x0C, 0xA0, 0x86, 0x03, 0xB8, 0x12, 0x08, 0xA0, 0x94, 0x09, 0xA0, 0x92, 0xB0,
  0x47, 0x0E, 0xA8, 0x15, 0x0C, 0xA0, 0x54, 0x05, 0xA8, 0x1D, 0x03, 0xB7, 0x10, 0xBA, 0x08, 0x1B,
  0x01, 0x5B, 0x01, 0x07, 0xA0, 0xB7, 0x10, 0x7A, 0x0C, 0x04, 0xA0, 0xC6, 0x0B, 0xA0, 0x40, 0xAA,
  0x07, 0x71, 0x03, 0xA0, 0xE0, 0x7A, 0x07, 0x60, 0x7A, 0x07, 0x0D, 0xA0, 0x37, 0x20, 0xEA, 0x0B,
  0xA0, 0x36, 0x02, 0xA0, 0xBA, 0x0E, 0x73, 0x0A, 0xC0, 0xE7, 0x10, 0xDC, 0x0B, 0x73, 0x06, 0xC0,
  0x97, 0x10, 0x9C, 0x07, 0x73, 0x02, 0xC0, 0x57, 0x10, 0x4C, 0x03, 0x74, 0x0D, 0xB0, 0x17, 0x2B,
  0x0E, 0x60,
  // "X" (U+0058), RLE, 92 bytes saved (40.0%)
  0x02, 0xB0, 0xB7, 0x20, 0x2B, 0x08, 0x20, 0x7B, 0x04, 0x71, 0x0A, 0xA0, 0xD4, 0x0C, 0xA0, 0xD7,
  0x04, 0xB0, 0x44, 0x03, 0xB0, 0x76, 0x0D, 0xA0, 0xA6, 0x08, 0xB0, 0x24, 0x07, 0xA0, 0xE0, 0x17,
  0x0D, 0xA0, 0xA3, 0x02, 0xB0, 0x67, 0x10, 0x4B, 0x04, 0x20, 0xAA, 0x0B, 0x73, 0x0A, 0xA8, 0x1D,
  0x04, 0xB0, 0x27, 0x30, 0x10, 0xEA, 0x08, 0x0D, 0xA0, 0x77, 0x50, 0x6D, 0x0D, 0x77, 0x0B, 0xC0,
  0x37, 0x70, 0x8B, 0x0E, 0x77, 0x02, 0xD0, 0x97, 0x60, 0xCA, 0x0D, 0xB0, 0x37, 0x40, 0x6A, 0x81,
  0xE1, 0xBA, 0x0D, 0x73, 0x01, 0x0E, 0xA8, 0x16, 0x02, 0xB0, 0x87, 0x20, 0xBA, 0x0C, 0x30, 0x8B,
  0x03, 0x70, 0x5B, 0x03, 0x40, 0xDA, 0x0C, 0x60, 0x10, 0xEA, 0x08, 0x50, 0x4B, 0x07, 0x50, 0xAA,
  0x0D, 0x70, 0xAB, 0x02, 0x30, 0x4B, 0x05, 0x70, 0x10, 0xEA, 0x0C, 0x30, 0xDA, 0x0B, 0x72, 0x06,
  0xB8, 0x16, 0x09, 0xA0, 0xE0, 0x27, 0x30, 0xCA, 0x0E, 0x02,
  // "Y" (U+0059), RLE, 111 bytes saved (50.7%)
  0x0B, 0xA0, 0xE0, 0x17, 0x20, 0x5B, 0x05, 0x03, 0xB0, 0x87, 0x20, 0xCA, 0x0D, 0x20, 0xAA, 0x0E,
  0x01, 0x70, 0x5B, 0x04, 0x20, 0x2B, 0x09, 0x70, 0xDA, 0x0C, 0x40, 0x9B, 0x01, 0x50, 0x6B, 0x03,
  0x40, 0x1B, 0x09, 0x50, 0xDA, 0x0B, 0x60, 0x8B, 0x02, 0x30, 0x7B, 0x02, 0x60, 0x10, 0xEA, 0x0A,
  0x30, 0xEA, 0x09, 0x71, 0x07, 0xB8, 0x13, 0x07, 0xB0, 0x17, 0x20, 0xEA, 0x81, 0xB1, 0xEA, 0x08,
  0x73, 0x06, 0xB0, 0xBA, 0x0E, 0x01, 0x74, 0x0D, 0xD0, 0x77, 0x50, 0x5C, 0x0E, 0x77, 0x0C, 0xB0,
  0x67, 0x70, 0x6B, 0x77, 0x10, 0x6B, 0x77, 0x10, 0x6B, 0x77, 0x10, 0x6B, 0x77, 0x10, 0x6B, 0x77,
  0x10, 0x6B, 0x77, 0x10, 0x6B, 0x77, 0x10, 0x6B, 0x77, 0x10, 0x6B, 0x71,
  // "Z" (U+005A), RLE, 110 bytes saved (56.1%)
  0x08, 0xFF, 0x81, 0xE0, 0x8F, 0xF8, 0x1E, 0x07, 0x80, 0x7D, 0xB0, 0xC7, 0x50, 0x9B, 0x03, 0x74,
  0x04, 0xB0, 0x87, 0x50, 0xDA, 0x0D, 0x75, 0x09, 0xB0, 0x37, 0x40, 0x4B, 0x08, 0x75, 0x0D, 0xA0,
  0xD7, 0x50, 0x9B, 0x04, 0x74, 0x03, 0xB0, 0x97, 0x50, 0xDA, 0x0D, 0x75, 0x08, 0xB0, 0x47, 0x40,
  0x3B, 0x09, 0x75, 0x0D, 0xA0, 0xE0, 0x17, 0x40, 0x8B, 0x04, 0x74, 0x03, 0xB0, 0xA7, 0x50, 0xCA,
  0x0E, 0x01, 0x74, 0x07, 0xB0, 0x57, 0x40, 0x2B, 0x0A, 0x75, 0x0B, 0xB8, 0x09, 0x0D, 0x03, 0x0E,
  0xFF, 0x90, 0x30, 0xEF, 0xF9, 0x03,
  // "[" (U+005B), RLE, 28 bytes saved (24.1%)
  0x08, 0xE0, 0xB0, 0x8E, 0x0B, 0x08, 0xA8, 0x4E, 0xDD, 0xDA, 0x8A, 0x09, 0x40, 0x8A, 0x09, 0x40,
  0x8A, 0x09, 0x40, 0x8A, 0x09, 0x40, 0x8A, 0x09, 0x40, 0x8A, 0x09, 0x40, 0x8A, 0x09, 0x40, 0x8A,
  0x09, 0x40, 0x8A, 0x09, 0x40, 0x8A, 0x09, 0x40, 0x8A, 0x09, 0x40, 0x8A, 0x09, 0x40, 0x8A, 0x09,
  0x40, 0x8A, 0x09, 0x40, 0x8A, 0x09, 0x40, 0x8A, 0x09, 0x40, 0x8A, 0x09, 0x40, 0x8A, 0x09, 0x40,
  0x8A, 0x09, 0x40, 0x8A, 0x09, 0x40, 0x8A, 0x09, 0x40, 0x8A, 0x09, 0x40, 0x8A, 0x09, 0x40, 0x8E,
  0x0B, 0x08, 0xE0, 0xB0, 0x68, 0x02, 0xD0, 0xA0,
  // "\" (U+005C), RLE, 58 bytes saved (42.0%)
  0x08, 0xA0, 0xA7, 0x10, 0x2B, 0x01, 0x71, 0x0C, 0xA0, 0x67, 0x10, 0x6A, 0x0C, 0x71, 0x01, 0xB0,
  0x27, 0x10, 0xAA, 0x08, 0x71, 0x04, 0xA0, 0xD7, 0x20, 0xEA, 0x04, 0x71, 0x08, 0xA0, 0x97, 0x10,
  0x3A, 0x0E, 0x72, 0x0C, 0xA0, 0x57, 0x10, 0x7A, 0x0B, 0x71, 0x01, 0xB0, 0x27, 0x10, 0xBA, 0x07,
  0x71, 0x05, 0xA0, 0xD7, 0x20, 0xEA, 0x03, 0x71, 0x09, 0xA0, 0x97, 0x10, 0x3A, 0x0E, 0x72, 0x0D,
  0xA0, 0x57, 0x10, 0x7A, 0x0B, 0x71, 0x02, 0xB0, 0x17, 0x10, 0xBA, 0x07, 0x71, 0x06, 0xA0, 0xD0,
  // "]" (U+005D), RLE, 43 bytes saved (32.8%)
  0x03, 0xF0, 0x10, 0x3F, 0x01, 0x02, 0x80, 0x0D, 0xB0, 0x14, 0x01, 0xB0, 0x14, 0x01, 0xB0, 0x14,
  0x01, 0xB0, 0x14, 0x01, 0xB0, 0x14, 0x01, 0xB0, 0x14, 0x01, 0xB0, 0x14, 0x01, 0xB0, 0x14, 0x01,
  0xB0, 0x14, 0x01, 0xB0, 0x14, 0x01, 0xB0, 0x14, 0x01, 0xB0, 0x14, 0x01, 0xB0, 0x14, 0x01, 0xB0,
  0x14, 0x01, 0xB0, 0x14, 0x01, 0xB0, 0x14, 0x01, 0xB0, 0x14, 0x01, 0xB0, 0x14, 0x01, 0xB0, 0x14,
  0x01, 0xB0, 0x14, 0x01, 0xB0, 0x14, 0x01, 0xB0, 0x14, 0x01, 0xB0, 0x14, 0x01, 0xB0, 0x10, 0x3F,
  0x01, 0x03, 0xF0, 0x10, 0x28, 0x03, 0xD0, 0x10,
  // "^" (U+005E), RLE, 39 bytes saved (32.5%)
  0x68, 0x15, 0xFD, 0x76, 0x0C, 0xA0, 0x67, 0x40, 0x4B, 0x0D, 0x74, 0x81, 0xBF, 0xEA, 0x06, 0x72,
  0x02, 0xA8, 0x27, 0xBF, 0xD7, 0x28, 0x39, 0xFE, 0x14, 0xA0, 0x67, 0x01, 0xA0, 0x92, 0x81, 0xCF,
  0xD7, 0x08, 0xA0, 0x22, 0x04, 0xA0, 0x66, 0x81, 0xEF, 0xB4, 0x81, 0xCF, 0xE5, 0x06, 0xA0, 0x44,
  0x04, 0xA0, 0x64, 0x81, 0xDF, 0xD6, 0x81, 0xCF, 0xE3, 0x05, 0xA0, 0x66, 0x05, 0xA0, 0x72, 0x81,
  0xCF, 0xE7, 0x18, 0x3D, 0xFE, 0x03, 0xA0, 0x87, 0x10, 0x5A, 0x07, 0x0A, 0xA0, 0x27, 0x28, 0x1D,
  0xFE,
  // "_" (U+005F), RLE, 15 bytes saved (65.2%)
  0x18, 0x09, 0x31, 0xFE, 0x0E, 0x01, 0xFE, 0x0E,
  // "`" (U+0060), RLE, 4 bytes saved (16.7%)
  0x83, 0x57, 0x77, 0x23, 0x04, 0xB0, 0xC4, 0x06, 0xB0, 0x54, 0x07, 0xA0, 0xE0, 0x14, 0x07, 0xA0,
  0xA5, 0x06, 0xA0, 0x50,
  // "a" (U+0061), RLE, 32 bytes saved (23.7%)
  0x48, 0x75, 0x9D, 0xEF, 0xEB, 0x71, 0x40, 0x60, 0xEF, 0x90, 0xE0, 0x33, 0x05, 0xC0, 0x0D, 0xC0,
  0xE4, 0x81, 0xD9, 0x43, 0x01, 0x08, 0xB0, 0x67, 0x40, 0xCA, 0x0A, 0x74, 0x08, 0xA0, 0xC7, 0x40,
  0x8A, 0x0C, 0x38, 0x32, 0x7B, 0xDE, 0xE0, 0xC2, 0x08, 0xFC, 0x81, 0xC0, 0x9D, 0x83, 0xED, 0xDD,
  0xEA, 0x0C, 0x02, 0xB8, 0x1E, 0x61, 0x40, 0x8A, 0x0C, 0x07, 0xB0, 0x46, 0x09, 0xA0, 0xC0, 0x8A,
  0x0E, 0x70, 0xBA, 0x0C, 0x07, 0xB6, 0x04, 0xB0, 0xC0, 0x4B, 0x0A, 0x01, 0x28, 0x11, 0x8E, 0xB8,
  0x1C, 0x0D, 0xC0, 0xD0, 0xEB, 0x06, 0xA8, 0x2C, 0x03, 0xEE, 0x84, 0xE4, 0x0E, 0xFC, 0x28, 0x61,
  0x8D, 0xFE, 0xD8, 0x22, 0x81, 0xBF, 0xC0,
  // "b" (U+0062), RLE, 76 bytes saved (35.7%)
  0x05, 0xB7, 0x60, 0x5B, 0x76, 0x05, 0xB7, 0x60, 0x5B, 0x76, 0x05, 0xB7, 0x60, 0x5B, 0x76, 0x05,
  0xB7, 0x60, 0x5B, 0x28, 0x56, 0xCE, 0xFD, 0x92, 0x40, 0x5A, 0x81, 0xE1, 0xCF, 0x07, 0x30, 0x5A,
  0x0E, 0x0C, 0xA8, 0x1E, 0xDE, 0xC0, 0x62, 0x05, 0xC0, 0xB0, 0x23, 0x05, 0x0E, 0xA8, 0x2E, 0x10,
  0x5B, 0x0D, 0x60, 0x5B, 0x81, 0x70, 0x5B, 0x07, 0x70, 0xCA, 0x81, 0xC0, 0x5B, 0x03, 0x70, 0x8A,
  0x81, 0xE0, 0x5B, 0x01, 0x70, 0x6B, 0x01, 0x05, 0xB7, 0x10, 0x5B, 0x02, 0x05, 0xB0, 0x17, 0x05,
  0xB0, 0x20, 0x5B, 0x01, 0x70, 0x6B, 0x01, 0x05, 0xB0, 0x47, 0x08, 0xA8, 0x1E, 0x05, 0xB0, 0x87,
  0x0D, 0xA8, 0x1B, 0x05, 0xB0, 0xE0, 0x15, 0x05, 0xB8, 0x17, 0x05, 0xC0, 0xC0, 0x33, 0x05, 0x0E,
  0xA8, 0x2E, 0x10, 0x5A, 0x00, 0xDA, 0x81, 0xED, 0xEC, 0x06, 0x20, 0x5A, 0x81, 0x82, 0xDF, 0x06,
  0x30, 0x5A, 0x04, 0x28, 0x57, 0xCE, 0xFD, 0x92, 0x40,
  // "c" (U+0063), RLE, 45 bytes saved (35.7%)
  0x58, 0x75, 0xAD, 0xEE, 0xDA, 0x61, 0x30, 0x40, 0xEF, 0x90, 0x72, 0x04, 0xD0, 0x0D, 0xB8, 0x21,
  0x01, 0xEA, 0x0E, 0x06, 0x38, 0x11, 0x68, 0x20, 0x8B, 0x04, 0x72, 0x0D, 0xA0, 0xB7, 0x20, 0x1B,
  0x06, 0x72, 0x03, 0xB0, 0x37, 0x20, 0x4B, 0x02, 0x72, 0x04, 0xB0, 0x27, 0x20, 0x4B, 0x03, 0x72,
  0x02, 0xB0, 0x67, 0x30, 0xEA, 0x0B, 0x73, 0x09, 0xB0, 0x47, 0x20, 0x2B, 0x0E, 0x05, 0x48, 0x14,
  0xA3, 0x20, 0x6D, 0x00, 0xDB, 0x04, 0x30, 0x60, 0xEF, 0x90, 0x44, 0x87, 0x17, 0xBE, 0xFE, 0xDA,
  0x51,
  // "d" (U+0064), RLE, 72 bytes saved (33.8%)
  0x75, 0x03, 0xB0, 0x27, 0x50, 0x3B, 0x02, 0x75, 0x03, 0xB0, 0x27, 0x50, 0x3B, 0x02, 0x75, 0x03,
  0xB0, 0x27, 0x50, 0x3B, 0x02, 0x75, 0x03, 0xB0, 0x24, 0x87, 0x3A, 0xDF, 0xEB, 0x50, 0x2B, 0x02,
  0x30, 0x8F, 0x0B, 0x02, 0xB0, 0x22, 0x08, 0xC8, 0x1E, 0xDE, 0xA0, 0xBB, 0x81, 0x20, 0x3B, 0x0E,
  0x05, 0x30, 0x40, 0xDC, 0x81, 0x20, 0x9B, 0x04, 0x50, 0x10, 0xEB, 0x81, 0x20, 0xEA, 0x0B, 0x70,
  0x9B, 0x00, 0x2B, 0x06, 0x70, 0x5B, 0x02, 0x04, 0xB0, 0x47, 0x02, 0xB0, 0x20, 0x4B, 0x02, 0x70,
  0x1B, 0x02, 0x04, 0xB0, 0x27, 0x01, 0xB0, 0x20, 0x4B, 0x03, 0x70, 0x1B, 0x00, 0x2B, 0x06, 0x70,
  0x3B, 0x81, 0x20, 0xEA, 0x0A, 0x70, 0x7B, 0x81, 0x20, 0xAB, 0x03, 0x50, 0x10, 0xEB, 0x81, 0x20,
  0x3B, 0x0D, 0x04, 0x30, 0x30, 0xCC, 0x02, 0x20, 0x9C, 0x81, 0xED, 0xEA, 0x0A, 0xB0, 0x23, 0x09,
  0xF8, 0x1B, 0x0C, 0xA0, 0x24, 0x85, 0x4A, 0xDF, 0xEB, 0x52, 0x09, 0xA0, 0x20,
  // "e" (U+0065), RLE, 53 bytes saved (36.8%)
  0x58, 0x57, 0xBE, 0xFE, 0xB6, 0x70, 0x30, 0xEF, 0x0D, 0x02, 0x40, 0x4C, 0x81, 0xED, 0xEB, 0x0E,
  0x01, 0x30, 0xDA, 0x0D, 0x04, 0x30, 0x50, 0xEA, 0x0B, 0x20, 0x7B, 0x02, 0x50, 0x5B, 0x81, 0x20,
  0xCA, 0x09, 0x70, 0xEA, 0x06, 0x01, 0xB0, 0x57, 0x0B, 0xA0, 0x90, 0x3F, 0xF0, 0xA0, 0x4F, 0xF0,
  0xB0, 0x5B, 0x80, 0x7D, 0x09, 0x04, 0xB0, 0x37, 0x40, 0x1B, 0x05, 0x75, 0x0D, 0xA0, 0xB7, 0x50,
  0x7B, 0x05, 0x75, 0x0D, 0xB0, 0x70, 0x14, 0x81, 0x37, 0xB3, 0x03, 0x0E, 0xC0, 0xFD, 0xB0, 0xE4,
  0x02, 0x0C, 0xFA, 0x0D, 0x68, 0x74, 0xAC, 0xEF, 0xED, 0xA5, 0x20,
  // "f" (U+0066), RLE, 67 bytes saved (41.1%)
  0x58, 0x61, 0x8C, 0xEF, 0xDB, 0x54, 0x03, 0x0E, 0xE0, 0x84, 0x0D, 0xC0, 0xDA, 0x03, 0x30, 0x4B,
  0x09, 0x30, 0x34, 0x07, 0xB0, 0x17, 0x10, 0x8A, 0x0D, 0x72, 0x09, 0xA0, 0xC7, 0x04, 0x0A, 0xF9,
  0x81, 0x10, 0x7F, 0xB8, 0x41, 0x06, 0xDD, 0xEB, 0x80, 0x0D, 0x01, 0x40, 0x9A, 0x0C, 0x72, 0x09,
  0xA0, 0xC7, 0x20, 0x9A, 0x0C, 0x72, 0x09, 0xA0, 0xC7, 0x20, 0x9A, 0x0C, 0x72, 0x09, 0xA0, 0xC7,
  0x20, 0x9A, 0x0C, 0x72, 0x09, 0xA0, 0xC7, 0x20, 0x9A, 0x0C, 0x72, 0x09, 0xA0, 0xC7, 0x20, 0x9A,
  0x0C, 0x72, 0x09, 0xA0, 0xC7, 0x20, 0x9A, 0x0C, 0x72, 0x09, 0xA0, 0xC7, 0x20, 0x9A, 0x0C, 0x60,
  // "g" (U+0067), RLE, 62 bytes saved (28.1%)
  0x48, 0x53, 0xAD, 0xFE, 0xB5, 0x20, 0x9A, 0x02, 0x30, 0x8F, 0x81, 0xB1, 0xCA, 0x02, 0x20, 0x7C,
  0x81, 0xED, 0xEA, 0x0C, 0x0E, 0xA8, 0x12, 0x02, 0xB0, 0xE0, 0x43, 0x04, 0x0D, 0xC8, 0x12, 0x09,
  0xB0, 0x35, 0x01, 0x0E, 0xB8, 0x12, 0x0E, 0xA0, 0xB7, 0x08, 0xB0, 0x20, 0x1B, 0x06, 0x70, 0x4B,
  0x02, 0x03, 0xB0, 0x37, 0x02, 0xB0, 0x20, 0x4B, 0x02, 0x70, 0x1B, 0x02, 0x04, 0xB0, 0x27, 0x1B,
  0x02, 0x04, 0xB0, 0x37, 0x01, 0xB0, 0x02, 0xB0, 0x67, 0x03, 0xB8, 0x12, 0x0E, 0xA0, 0xA7, 0x06,
  0xB8, 0x12, 0x09, 0xB0, 0x36, 0x0D, 0xB8, 0x12, 0x03, 0xB0, 0xE0, 0x43, 0x03, 0x0C, 0xC0, 0x22,
  0x08, 0xC8, 0x1E, 0xDE, 0xA0, 0xBB, 0x02, 0x30, 0x9F, 0x0B, 0x02, 0xB0, 0x24, 0x87, 0x4A, 0xDF,
  0xEB, 0x50, 0x2B, 0x02, 0x75, 0x03, 0xB0, 0x27, 0x50, 0x4B, 0x01, 0x75, 0x08, 0xA0, 0xE3, 0x01,
  0x71, 0x02, 0x0E, 0xA0, 0xA2, 0x83, 0x1E, 0x95, 0x14, 0x04, 0x0D, 0xB0, 0x42, 0x01, 0xC8, 0x2E,
  0xDD, 0xEC, 0x09, 0x30, 0x1F, 0xC0, 0x95, 0x83, 0x16, 0xAC, 0xEA, 0x82, 0xEC, 0x82, 0x40,
  // "h" (U+0068), RLE, 80 bytes saved (40.0%)
  0x05, 0xB7, 0x50, 0x5B, 0x75, 0x05, 0xB7, 0x50, 0x5B, 0x75, 0x05, 0xB7, 0x50, 0x5B, 0x75, 0x05,
  0xB7, 0x50, 0x5B, 0x28, 0x55, 0xBE, 0xFE, 0xB6, 0x30, 0x5B, 0x01, 0x0C, 0xF8, 0x2C, 0x10, 0x5A,
  0x0E, 0x0B, 0xA8, 0x1E, 0xDE, 0xC8, 0x1A, 0x05, 0xC0, 0xD0, 0x43, 0x03, 0x0D, 0xB0, 0x20, 0x5B,
  0x0E, 0x01, 0x50, 0x4B, 0x06, 0x05, 0xB0, 0x87, 0x0E, 0xA0, 0x80, 0x5B, 0x04, 0x70, 0xCA, 0x09,
  0x05, 0xB0, 0x27, 0x0B, 0xA0, 0x90, 0x5B, 0x01, 0x70, 0xBA, 0x09, 0x05, 0xB7, 0x10, 0xBA, 0x09,
  0x05, 0xB7, 0x10, 0xBA, 0x09, 0x05, 0xB7, 0x10, 0xBA, 0x09, 0x05, 0xB7, 0x10, 0xBA, 0x09, 0x05,
  0xB7, 0x10, 0xBA, 0x09, 0x05, 0xB7, 0x10, 0xBA, 0x09, 0x05, 0xB7, 0x10, 0xBA, 0x09, 0x05, 0xB7,
  0x10, 0xBA, 0x09, 0x05, 0xB7, 0x10, 0xBA, 0x09,
  // "i" (U+0069), RLE, 15 bytes saved (23.8%)
  0x84, 0x1C, 0xE9, 0x07, 0xB0, 0x30, 0x7B, 0x83, 0x31, 0xCE, 0x97, 0x72, 0x05, 0xB1, 0x05, 0xB1,
  0x05, 0xB1, 0x05, 0xB1, 0x05, 0xB1, 0x05, 0xB1, 0x05, 0xB1, 0x05, 0xB1, 0x05, 0xB1, 0x05, 0xB1,
  0x05, 0xB1, 0x05, 0xB1, 0x05, 0xB1, 0x05, 0xB1, 0x05, 0xB1, 0x05, 0xB1, 0x05, 0xB1, 0x05, 0xB1,
  // "j" (U+006A), RLE, 72 bytes saved (48.3%)
  0x48, 0x21, 0xCE, 0x95, 0x07, 0xB0, 0x34, 0x07, 0xB0, 0x34, 0x82, 0x1C, 0xE9, 0x77, 0x77, 0x40,
  0x5B, 0x50, 0x5B, 0x50, 0x5B, 0x50, 0x5B, 0x50, 0x5B, 0x50, 0x5B, 0x50, 0x5B, 0x50, 0x5B, 0x50,
  0x5B, 0x50, 0x5B, 0x50, 0x5B, 0x50, 0x5B, 0x50, 0x5B, 0x50, 0x5B, 0x50, 0x5B, 0x50, 0x5B, 0x50,
  0x5B, 0x50, 0x5B, 0x50, 0x5B, 0x50, 0x5B, 0x50, 0x5B, 0x50, 0x7B, 0x10, 0x12, 0x02, 0x0D, 0xA8,
  0x3C, 0x0D, 0xEE, 0xC8, 0x16, 0x0D, 0xD0, 0xB2, 0x84, 0x9D, 0xFE, 0xC7, 0x30,
  // "k" (U+006B), RLE, 84 bytes saved (42.0%)
  0x05, 0xB7, 0x50, 0x5B, 0x75, 0x05, 0xB7, 0x50, 0x5B, 0x75, 0x05, 0xB7, 0x50, 0x5B, 0x75, 0x05,
  0xB7, 0x50, 0x5B, 0x60, 0x20, 0xEA, 0x81, 0xB0, 0x5B, 0x50, 0x10, 0xDA, 0x82, 0xC1, 0x05, 0xB4,
  0x01, 0x0D, 0xA0, 0xD0, 0x12, 0x05, 0xB4, 0x0B, 0xA0, 0xE0, 0x23, 0x05, 0xB3, 0x0A, 0xB0, 0x34,
  0x05, 0xB2, 0x09, 0xB0, 0x55, 0x05, 0xB1, 0x06, 0xB0, 0x66, 0x05, 0xA0, 0xE0, 0x3B, 0x08, 0x70,
  0x5A, 0x0E, 0x0D, 0xB0, 0xC7, 0x05, 0xF9, 0x08, 0x60, 0x5C, 0x06, 0x09, 0xB0, 0x45, 0x05, 0xB0,
  0x42, 0x0D, 0xA0, 0xE0, 0x14, 0x05, 0xB3, 0x03, 0xB0, 0xB4, 0x05, 0xB4, 0x07, 0xB0, 0x73, 0x05,
  0xB5, 0x0B, 0xB0, 0x32, 0x05, 0xB5, 0x02, 0x0E, 0xA0, 0xD2, 0x05, 0xB6, 0x05, 0xB8, 0x19, 0x05,
  0xB7, 0x0A, 0xB0, 0x50,
  // "l" (U+006C), RLE, 12 bytes saved (24.0%)
  0x05, 0xB0, 0x5B, 0x05, 0xB0, 0x5B, 0x05, 0xB0, 0x5B, 0x05, 0xB0, 0x5B, 0x05, 0xB0, 0x5B, 0x05,
  0xB0, 0x5B, 0x05, 0xB0, 0x5B, 0x05, 0xB0, 0x5B, 0x05, 0xB0, 0x5B, 0x05, 0xB0, 0x5B, 0x05, 0xB0,
  0x5B, 0x05, 0xB0, 0x5B, 0x05, 0xB0,
  // "m" (U+006D), RLE, 75 bytes saved (32.1%)
  0x05, 0xA0, 0x62, 0x85, 0x7C, 0xEE, 0xD9, 0x23, 0x86, 0x18, 0xCE, 0xED, 0x92, 0x20, 0x5A, 0x81,
  0x92, 0xDF, 0x82, 0x50, 0x5E, 0xE8, 0x2E, 0x40, 0x5A, 0x0D, 0x0C, 0xA0, 0xE0, 0xDC, 0x0E, 0x05,
  0xB0, 0xE0, 0xDC, 0x81, 0xE1, 0x5C, 0x0B, 0x02, 0x20, 0x10, 0x9D, 0x0A, 0x02, 0x20, 0x10, 0xBB,
  0x06, 0x05, 0xB0, 0xE6, 0x0D, 0xB0, 0xC5, 0x01, 0x0E, 0xA0, 0xA0, 0x5B, 0x08, 0x60, 0x9B, 0x05,
  0x60, 0xAA, 0x0C, 0x05, 0xB0, 0x46, 0x07, 0xB0, 0x16, 0x08, 0xA0, 0xD0, 0x5B, 0x01, 0x60, 0x6B,
  0x70, 0x8A, 0x0D, 0x05, 0xB0, 0x16, 0x06, 0xA0, 0xE7, 0x08, 0xA0, 0xD0, 0x5B, 0x70, 0x6A, 0x0E,
  0x70, 0x8A, 0x0D, 0x05, 0xB7, 0x06, 0xA0, 0xE7, 0x08, 0xA0, 0xD0, 0x5B, 0x70, 0x6A, 0x0E, 0x70,
  0x8A, 0x0D, 0x05, 0xB7, 0x06, 0xA0, 0xE7, 0x08, 0xA0, 0xD0, 0x5B, 0x70, 0x6A, 0x0E, 0x70, 0x8A,
  0x0D, 0x05, 0xB7, 0x06, 0xA0, 0xE7, 0x08, 0xA0, 0xD0, 0x5B, 0x70, 0x6A, 0x0E, 0x70, 0x8A, 0x0D,
  0x05, 0xB7, 0x06, 0xA0, 0xE7, 0x08, 0xA0, 0xD0, 0x5B, 0x70, 0x6A, 0x0E, 0x70, 0x8A, 0x0D,
  // "n" (U+006E), RLE, 40 bytes saved (27.8%)
  0x05, 0xA0, 0x62, 0x85, 0x6B, 0xEF, 0xEB, 0x63, 0x05, 0xA8, 0x19, 0x1C, 0xF8, 0x2C, 0x10, 0x5A,
  0x0D, 0x0C, 0xA8, 0x1E, 0xDE, 0xC8, 0x1A, 0x05, 0xC0, 0xD0, 0x43, 0x03, 0x0D, 0xB0, 0x20, 0x5B,
  0x0E, 0x01, 0x50, 0x4B, 0x06, 0x05, 0xB0, 0x87, 0x0E, 0xA0, 0x80, 0x5B, 0x04, 0x70, 0xCA, 0x09,
  0x05, 0xB0, 0x27, 0x0B, 0xA0, 0x90, 0x5B, 0x01, 0x70, 0xBA, 0x09, 0x05, 0xB7, 0x10, 0xBA, 0x09,
  0x05, 0xB7, 0x10, 0xBA, 0x09, 0x05, 0xB7, 0x10, 0xBA, 0x09, 0x05, 0xB7, 0x10, 0xBA, 0x09, 0x05,
  0xB7, 0x10, 0xBA, 0x09, 0x05, 0xB7, 0x10, 0xBA, 0x09, 0x05, 0xB7, 0x10, 0xBA, 0x09, 0x05, 0xB7,
  0x10, 0xBA, 0x09, 0x05, 0xB7, 0x10, 0xBA, 0x09,
  // "o" (U+006F), RLE, 43 bytes saved (28.1%)
  0x58, 0x66, 0xBD, 0xFE, 0xC9, 0x27, 0x03, 0x0D, 0xF9, 0x08, 0x50, 0x4D, 0x0D, 0x0E, 0xC0, 0xA3,
  0x01, 0x0E, 0xA0, 0xE0, 0x53, 0x02, 0x0A, 0xB0, 0x62, 0x07, 0xB0, 0x36, 0x0B, 0xA0, 0xE2, 0x0D,
  0xA0, 0xB7, 0x03, 0xB0, 0x50, 0x1B, 0x06, 0x71, 0x0D, 0xA0, 0x90, 0x3B, 0x03, 0x71, 0x0B, 0xA0,
  0xB0, 0x4B, 0x02, 0x71, 0x0A, 0xA0, 0xC0, 0x5B, 0x02, 0x71, 0x0A, 0xA0, 0xC0, 0x3B, 0x03, 0x71,
  0x0B, 0xA0, 0xB0, 0x1B, 0x06, 0x71, 0x0E, 0xA8, 0x19, 0x0D, 0xA0, 0xB7, 0x03, 0xB8, 0x15, 0x07,
  0xB0, 0x46, 0x0B, 0xA0, 0xE3, 0x0C, 0xA0, 0xE0, 0x53, 0x02, 0x0A, 0xB0, 0x73, 0x02, 0x0E, 0xC0,
  0xD0, 0xEC, 0x0B, 0x50, 0x20, 0xDF, 0x90, 0x97, 0x18, 0x66, 0xBE, 0xFE, 0xC8, 0x24,
  // "p" (U+0070), RLE, 82 bytes saved (37.1%)
  0x05, 0xA0, 0x72, 0x85, 0x6C, 0xEF, 0xD9, 0x24, 0x05, 0xA8, 0x1A, 0x1C, 0xF0, 0x73, 0x05, 0xA0,
  0xD0, 0xCA, 0x81, 0xED, 0xEC, 0x06, 0x20, 0x5C, 0x0B, 0x03, 0x30, 0x50, 0xEA, 0x82, 0xE1, 0x05,
  0xB0, 0xD6, 0x05, 0xB8, 0x17, 0x05, 0xB0, 0x77, 0x0D, 0xA8, 0x1C, 0x05, 0xB0, 0x37, 0x08, 0xA8,
  0x1E, 0x05, 0xB0, 0x17, 0x06, 0xB0, 0x10, 0x5B, 0x71, 0x05, 0xB0, 0x20, 0x5B, 0x01, 0x70, 0x5B,
  0x02, 0x05, 0xB0, 0x27, 0x06, 0xB0, 0x10, 0x5B, 0x04, 0x70, 0x9A, 0x81, 0xE0, 0x5B, 0x08, 0x70,
  0xDA, 0x81, 0xB0, 0x5B, 0x0E, 0x01, 0x50, 0x6B, 0x81, 0x60, 0x5C, 0x0C, 0x03, 0x30, 0x6B, 0x82,
  0xE1, 0x05, 0xA0, 0xE0, 0xDA, 0x81, 0xED, 0xEC, 0x05, 0x20, 0x5A, 0x81, 0xE2, 0xDF, 0x06, 0x30,
  0x5B, 0x28, 0x57, 0xCE, 0xFD, 0x92, 0x40, 0x5B, 0x76, 0x05, 0xB7, 0x60, 0x5B, 0x76, 0x05, 0xB7,
  0x60, 0x5B, 0x76, 0x05, 0xB7, 0x60, 0x5B, 0x76, 0x05, 0xB7, 0x60,
  // "q" (U+0071), RLE, 76 bytes saved (34.4%)
  0x48, 0x53, 0x9D, 0xFE, 0xB5, 0x20, 0xAA, 0x02, 0x30, 0x8F, 0x81, 0xB0, 0xCA, 0x02, 0x20, 0x8C,
  0x81, 0xED, 0xEA, 0x0B, 0x0E, 0xA8, 0x12, 0x03, 0xB0, 0xE0, 0x43, 0x04, 0x0D, 0xC8, 0x12, 0x09,
  0xB0, 0x35, 0x01, 0x0E, 0xB8, 0x12, 0x0E, 0xA0, 0xB7, 0x09, 0xB0, 0x02, 0xB0, 0x67, 0x04, 0xB0,
  0x20, 0x3B, 0x03, 0x70, 0x2B, 0x02, 0x04, 0xB0, 0x27, 0x01, 0xB0, 0x20, 0x4B, 0x02, 0x70, 0x1B,
  0x02, 0x04, 0xB0, 0x37, 0x02, 0xB0, 0x02, 0xB0, 0x67, 0x04, 0xB8, 0x12, 0x0E, 0xA0, 0xA7, 0x07,
  0xB8, 0x12, 0x0A, 0xB0, 0x25, 0x01, 0x0E, 0xB8, 0x12, 0x03, 0xB0, 0xD0, 0x43, 0x03, 0x0C, 0xC0,
  0x22, 0x09, 0xC8, 0x1E, 0xDE, 0xA0, 0xAB, 0x02, 0x30, 0x9F, 0x0A, 0x02, 0xB0, 0x24, 0x87, 0x4A,
  0xDF, 0xDB, 0x50, 0x2B, 0x02, 0x75, 0x03, 0xB0, 0x27, 0x50, 0x3B, 0x02, 0x75, 0x03, 0xB0, 0x27,
  0x50, 0x3B, 0x02, 0x75, 0x03, 0xB0, 0x27, 0x50, 0x3B, 0x02, 0x75, 0x03, 0xB0, 0x27, 0x50, 0x3B,
  0x02,
  // "r" (U+0072), RLE, 44 bytes saved (44.4%)
  0x05, 0xA0, 0x62, 0x81, 0x3B, 0xDA, 0x05, 0xA8, 0x18, 0x08, 0xC0, 0xD0, 0x5A, 0x0A, 0x07, 0xB8,
  0x2E, 0xDC, 0x5A, 0x0E, 0xA0, 0x90, 0x13, 0x05, 0xC0, 0x65, 0x05, 0xB0, 0xB6, 0x05, 0xB0, 0x56,
  0x05, 0xB0, 0x26, 0x05, 0xB7, 0x05, 0xB7, 0x05, 0xB7, 0x05, 0xB7, 0x05, 0xB7, 0x05, 0xB7, 0x05,
  0xB7, 0x05, 0xB7, 0x05, 0xB7, 0x05, 0xB7,
  // "s" (U+0073), RLE, 38 bytes saved (30.2%)
  0x38, 0x75, 0xAD, 0xEF, 0xEB, 0x83, 0x30, 0x20, 0xCF, 0xA0, 0x92, 0x0D, 0xC0, 0x0D, 0xC8, 0x15,
  0x04, 0xB0, 0x74, 0x81, 0x4A, 0xE2, 0x06, 0xA0, 0xE7, 0x30, 0x5B, 0x02, 0x72, 0x01, 0x0E, 0xA0,
  0xE0, 0x67, 0x20, 0x5C, 0x81, 0xE8, 0x27, 0x03, 0x0C, 0xD0, 0xB0, 0x37, 0x04, 0x0B, 0xD0, 0x87,
  0x18, 0x12, 0x8E, 0xB0, 0x77, 0x20, 0x20, 0xCA, 0x0E, 0x73, 0x04, 0xB0, 0x17, 0x20, 0x5B, 0x18,
  0x26, 0xC7, 0x34, 0x03, 0x0D, 0xA8, 0x1C, 0x06, 0xC8, 0x1D, 0xDE, 0xC8, 0x15, 0x06, 0xFB, 0x07,
  0x38, 0x23, 0x8C, 0xEA, 0x82, 0xEB, 0x72, 0x30,
  // "t" (U+0074), RLE, 57 bytes saved (43.2%)
  0x48, 0x1D, 0xF5, 0x71, 0x02, 0xA0, 0x57, 0x10, 0x7A, 0x05, 0x71, 0x0C, 0xA0, 0x56, 0x04, 0x0C,
  0xF9, 0x04, 0x06, 0xFB, 0x82, 0x45, 0xDD, 0xB8, 0x4E, 0xDD, 0xDD, 0x33, 0xB0, 0x57, 0x1B, 0x05,
  0x71, 0xB0, 0x57, 0x1B, 0x05, 0x71, 0xB0, 0x57, 0x1B, 0x05, 0x71, 0xB0, 0x57, 0x1B, 0x05, 0x71,
  0xB0, 0x57, 0x1B, 0x06, 0x71, 0x0E, 0xA0, 0x87, 0x10, 0xCA, 0x0E, 0x03, 0x30, 0x13, 0x07, 0xC8,
  0x2E, 0xDF, 0x74, 0x0B, 0xE0, 0x75, 0x85, 0x7C, 0xEF, 0xDA, 0x30,
  // "u" (U+0075), RLE, 37 bytes saved (25.7%)
  0x07, 0xA0, 0xE7, 0x10, 0xDA, 0x00, 0x7A, 0x0E, 0x71, 0x0D, 0xA0, 0x07, 0xA0, 0xE7, 0x10, 0xDA,
  0x00, 0x7A, 0x0E, 0x71, 0x0D, 0xA0, 0x07, 0xA0, 0xE7, 0x10, 0xDA, 0x00, 0x7A, 0x0E, 0x71, 0x0D,
  0xA0, 0x07, 0xA0, 0xE7, 0x10, 0xDA, 0x00, 0x7A, 0x0E, 0x71, 0x0D, 0xA0, 0x07, 0xA0, 0xE7, 0x10,
  0xDA, 0x00, 0x7A, 0x0E, 0x71, 0x0E, 0xA0, 0x07, 0xA0, 0xE7, 0x1B, 0x00, 0x7A, 0x0E, 0x70, 0x2B,
  0x07, 0x06, 0xB0, 0x16, 0x06, 0xB0, 0x70, 0x5B, 0x06, 0x60, 0xDB, 0x07, 0x01, 0xB0, 0xE0, 0x43,
  0x02, 0x0B, 0xC8, 0x17, 0x09, 0xC8, 0x1E, 0xCE, 0xA0, 0xE0, 0xCA, 0x07, 0x20, 0xBF, 0x81, 0xE3,
  0x7A, 0x07, 0x38, 0x90, 0x5B, 0xEF, 0xEC, 0x71, 0x04, 0xA0, 0x70,
  // "v" (U+0076), RLE, 54 bytes saved (35.3%)
  0x0C, 0xA0, 0xB7, 0x20, 0xEA, 0x09, 0x07, 0xB0, 0x17, 0x04, 0xB0, 0x40, 0x1B, 0x06, 0x70, 0x9A,
  0x0D, 0x20, 0xBA, 0x0B, 0x70, 0xEA, 0x08, 0x20, 0x5B, 0x01, 0x50, 0x4B, 0x02, 0x30, 0xEA, 0x07,
  0x50, 0x9A, 0x0C, 0x40, 0x9A, 0x0C, 0x50, 0xEA, 0x07, 0x40, 0x4B, 0x02, 0x30, 0x4B, 0x01, 0x50,
  0xEA, 0x07, 0x30, 0xAA, 0x0B, 0x60, 0x8A, 0x0C, 0x30, 0xEA, 0x05, 0x60, 0x3B, 0x81, 0x20, 0x5A,
  0x0E, 0x71, 0x0C, 0xA8, 0x17, 0x09, 0xA0, 0x97, 0x10, 0x7A, 0x81, 0xB0, 0xEA, 0x04, 0x71, 0x01,
  0xB0, 0x4A, 0x0D, 0x73, 0x0B, 0xA0, 0xAA, 0x08, 0x73, 0x05, 0xD0, 0x27, 0x40, 0xEB, 0x0C, 0x75,
  0x0A, 0xB0, 0x66,
  // "w" (U+0077), RLE, 60 bytes saved (25.6%)
  0x07, 0xA0, 0xE6, 0x01, 0xB0, 0xE6, 0x01, 0xB0, 0x50, 0x3B, 0x02, 0x50, 0x5C, 0x03, 0x50, 0x5B,
  0x81, 0x10, 0xEA, 0x06, 0x50, 0x9C, 0x07, 0x50, 0x9A, 0x0C, 0x20, 0xBA, 0x0A, 0x58, 0x1E, 0xFD,
  0xA0, 0xB5, 0x0D, 0xA0, 0x82, 0x07, 0xA0, 0xE4, 0x03, 0xA0, 0x80, 0xCA, 0x40, 0x1B, 0x04, 0x20,
  0x2B, 0x02, 0x30, 0x7A, 0x05, 0x09, 0xA0, 0x43, 0x05, 0xA0, 0xE4, 0x0E, 0xA0, 0x63, 0x0C, 0xA0,
  0x10, 0x5A, 0x08, 0x30, 0x9A, 0x0B, 0x40, 0xAA, 0x0A, 0x20, 0x1A, 0x81, 0xD0, 0x1A, 0x0D, 0x30,
  0xDA, 0x07, 0x40, 0x6A, 0x0D, 0x20, 0x5A, 0x09, 0x20, 0xDA, 0x81, 0x10, 0x1B, 0x02, 0x40, 0x1B,
  0x81, 0x10, 0x9A, 0x05, 0x20, 0x9A, 0x81, 0x60, 0x5A, 0x0E, 0x60, 0xDA, 0x81, 0x50, 0xDA, 0x30,
  0x4A, 0x81, 0xA0, 0x8A, 0x0A, 0x60, 0x9A, 0x08, 0x01, 0xA0, 0xB4, 0xA8, 0x1E, 0x0C, 0xA0, 0x56,
  0x05, 0xA0, 0xB0, 0x5A, 0x07, 0x40, 0xBA, 0x02, 0xB0, 0x16, 0x01, 0xA0, 0xE0, 0x8A, 0x02, 0x40,
  0x7A, 0x08, 0xA0, 0xD7, 0x10, 0xCA, 0x81, 0xDF, 0xD5, 0x03, 0xA0, 0xDA, 0x08, 0x71, 0x08, 0xC0,
  0x96, 0x0E, 0xC0, 0x47, 0x10, 0x4C, 0x05, 0x60, 0xAC, 0x73, 0xC7, 0x05, 0xB0, 0xC5,
  // "x" (U+0078), RLE, 52 bytes saved (34.0%)
  0x10, 0xDA, 0x0D, 0x70, 0x8B, 0x81, 0x40, 0x4B, 0x08, 0x50, 0x2B, 0x0A, 0x30, 0x9B, 0x03, 0x40,
  0xBA, 0x0E, 0x01, 0x40, 0xDA, 0x0C, 0x30, 0x6B, 0x05, 0x50, 0x4B, 0x82, 0x60, 0x1E, 0xA0, 0xA7,
  0x09, 0xA8, 0x1E, 0x1A, 0xA0, 0xE0, 0x17, 0x10, 0xDA, 0x0C, 0xB0, 0x57, 0x20, 0x4D, 0x0A, 0x74,
  0x09, 0xB0, 0xE0, 0x17, 0x40, 0xDC, 0x03, 0x73, 0x08, 0xD0, 0xD7, 0x20, 0x3B, 0x08, 0x0E, 0xA0,
  0x87, 0x10, 0xDA, 0x81, 0xC0, 0x6B, 0x03, 0x60, 0x8B, 0x03, 0x20, 0xCA, 0x0D, 0x50, 0x3B, 0x08,
  0x30, 0x2B, 0x08, 0x40, 0xDA, 0x0D, 0x50, 0x7B, 0x03, 0x20, 0x8B, 0x03, 0x60, 0xDA, 0x81, 0xD0,
  0x3B, 0x09, 0x70, 0x3B, 0x09,
  // "y" (U+0079), RLE, 88 bytes saved (39.8%)
  0x0C, 0xA0, 0xD7, 0x20, 0xEA, 0x0A, 0x06, 0xB0, 0x37, 0x04, 0xB8, 0x14, 0x0E, 0xA0, 0x87, 0x09,
  0xA0, 0xE2, 0x09, 0xA0, 0xD7, 0x0E, 0xA0, 0x92, 0x03, 0xB0, 0x35, 0x04, 0xB0, 0x33, 0x0D, 0xA0,
  0x95, 0x09, 0xA0, 0xD4, 0x07, 0xA0, 0xE5, 0x0E, 0xA0, 0x74, 0x01, 0xB0, 0x43, 0x04, 0xB0, 0x25,
  0x0B, 0xA0, 0x93, 0x09, 0xA0, 0xC6, 0x05, 0xA0, 0xE3, 0x0E, 0xA0, 0x67, 0x0E, 0xA8, 0x15, 0x03,
  0xB0, 0x17, 0x08, 0xA8, 0x1A, 0x09, 0xA0, 0xA7, 0x10, 0x2A, 0x81, 0xE0, 0xDA, 0x05, 0x72, 0x0C,
  0xA0, 0x5A, 0x0E, 0x73, 0x06, 0xA0, 0xCA, 0x09, 0x73, 0x01, 0xD0, 0x37, 0x40, 0xAB, 0x0D, 0x75,
  0x04, 0xB0, 0x87, 0x50, 0x3B, 0x02, 0x75, 0x09, 0xA0, 0xC7, 0x60, 0xEA, 0x06, 0x75, 0x08, 0xA0,
  0xE0, 0x17, 0x40, 0x8B, 0x07, 0x71, 0x81, 0x6D, 0xDC, 0x0C, 0x72, 0x06, 0xD0, 0xD0, 0x17, 0x28,
  0x45, 0xDF, 0xEC, 0x77, 0x40,
  // "z" (U+007A), RLE, 55 bytes saved (47.0%)
  0x05, 0xFC, 0x0C, 0x05, 0xFC, 0x0C, 0x04, 0x80, 0x4D, 0xB0, 0xB7, 0x10, 0x6B, 0x03, 0x70, 0x2B,
  0x07, 0x71, 0x0C, 0xA0, 0xC7, 0x10, 0x7A, 0x0E, 0x02, 0x70, 0x3B, 0x06, 0x71, 0x0D, 0xA0, 0xB7,
  0x10, 0x9A, 0x0E, 0x01, 0x70, 0x4B, 0x05, 0x70, 0x10, 0xDA, 0x09, 0x71, 0x0A, 0xA0, 0xD7, 0x10,
  0x5B, 0x03, 0x70, 0x10, 0xEA, 0x08, 0x71, 0x0A, 0xB8, 0x06, 0xDF, 0xD0, 0xDF, 0xD0,
  // "{" (U+007B), RLE, 68 bytes saved (39.1%)
  0x78, 0x35, 0xAD, 0xE3, 0x50, 0x10, 0xCC, 0x03, 0x50, 0xAC, 0x0E, 0x02, 0x40, 0x1B, 0x0B, 0x02,
  0x60, 0x3B, 0x01, 0x70, 0x4A, 0x0E, 0x71, 0x04, 0xA0, 0xD7, 0x10, 0x4A, 0x0D, 0x71, 0x04, 0xA0,
  0xD7, 0x10, 0x4A, 0x0D, 0x71, 0x05, 0xA0, 0xD7, 0x10, 0x9A, 0x0A, 0x58, 0x11, 0x39, 0xB0, 0x44,
  0x03, 0xC0, 0xE0, 0x55, 0x03, 0xB0, 0xB0, 0x26, 0x03, 0x0E, 0xC0, 0x97, 0x01, 0x07, 0xB0, 0x67,
  0x10, 0x9A, 0x0B, 0x71, 0x05, 0xA0, 0xD7, 0x10, 0x4A, 0x0D, 0x71, 0x04, 0xA0, 0xD7, 0x10, 0x4A,
  0x0D, 0x71, 0x04, 0xA0, 0xD7, 0x10, 0x4A, 0x0E, 0x71, 0x03, 0xB0, 0x27, 0x01, 0xB8, 0x1D, 0x41,
  0x60, 0xAD, 0x03, 0x60, 0xBC, 0x03, 0x78, 0x34, 0x8B, 0xC2,
  // "|" (U+007C), uncompressed
  0x8F, 0xF2, 0x8F, 0xF2, 0x8F, 0xF2, 0x8F, 0xF2, 0x8F, 0xF2, 0x8F, 0xF2, 0x8F, 0xF2, 0x8F, 0xF2,
  0x8F, 0xF2, 0x8F, 0xF2, 0x8F, 0xF2, 0x8F, 0xF2, 0x8F, 0xF2, 0x8F, 0xF2, 0x8F, 0xF2, 0x8F, 0xF2,
  0x8F, 0xF2, 0x8F, 0xF2, 0x8F, 0xF2, 0x8F, 0xF2, 0x8F, 0xF2, 0x8F, 0xF2, 0x8F, 0xF2, 0x8F, 0xF2,
  0x8F, 0xF2, 0x8F, 0xF2, 0x8F, 0xF2, 0x8F, 0xF2, 0x8F, 0xF2, 0x8F, 0xF2, 0x8F, 0xF2, 0x8F, 0xF2,
  0x8F, 0xF2,
  // "}" (U+007D), RLE, 60 bytes saved (37.5%)
  0x83, 0xDE, 0xC7, 0x16, 0x0E, 0xB0, 0xE0, 0x45, 0x0C, 0xC0, 0xE0, 0x16, 0x08, 0xB0, 0x57, 0x0C,
  0xA0, 0x87, 0x09, 0xA0, 0x97, 0x09, 0xA0, 0x97, 0x09, 0xA0, 0x97, 0x09, 0xA0, 0x97, 0x09, 0xA0,
  0x97, 0x08, 0xA0, 0xA7, 0x06, 0xA0, 0xE0, 0x16, 0x01, 0x0E, 0xA8, 0x1C, 0x41, 0x50, 0x30, 0xCC,
  0x08, 0x60, 0x8B, 0x08, 0x40, 0x50, 0xEB, 0x0E, 0x06, 0x30, 0x2B, 0x0A, 0x02, 0x50, 0x6A, 0x0D,
  0x70, 0x8A, 0x09, 0x70, 0x9A, 0x09, 0x70, 0x9A, 0x09, 0x70, 0x9A, 0x09, 0x70, 0x9A, 0x09, 0x70,
  0x9A, 0x08, 0x70, 0xDA, 0x08, 0x50, 0x30, 0xAB, 0x05, 0x40, 0xEC, 0x0D, 0x50, 0xEB, 0x0D, 0x02,
  0x58, 0x2B, 0xB9, 0x57,
  // "~" (U+007E), RLE, 9 bytes saved (22.5%)
  0x28, 0x47, 0xBC, 0xB8, 0x37, 0x81, 0x61, 0xDE, 0x81, 0xC6, 0x12, 0x82, 0x3C, 0xB7, 0xFB, 0x00,
  0xEA, 0x87, 0xB7, 0xF7, 0x10, 0x37, 0xDF, 0x81, 0x65, 0x36, 0x85, 0x4A, 0xDE, 0xEB, 0x31,
  // "¡" (U+00A1), RLE, 4 bytes saved (6.7%)
  0x84, 0x2C, 0xEA, 0x0A, 0xB0, 0x60, 0xCB, 0x08, 0x0A, 0xB8, 0x36, 0x2C, 0xEA, 0x77, 0x38, 0x1D,
  0xF9, 0x28, 0x1E, 0xF9, 0x2A, 0x0A, 0x2A, 0x81, 0xB0, 0x1A, 0x81, 0xC0, 0x2A, 0x81, 0xD0, 0x2A,
  0x81, 0xD0, 0x3A, 0x81, 0xE0, 0x4B, 0x10, 0x5B, 0x10, 0x5B, 0x01, 0x06, 0xB0, 0x20, 0x7B, 0x03,
  0x08, 0xB0, 0x30, 0x9B, 0x04, 0x09, 0xB0, 0x50,
  // "¢" (U+00A2), RLE, 68 bytes saved (42.2%)
  0x7A, 0x06, 0x74, 0xA0, 0x67, 0x18, 0x11, 0x7B, 0xB8, 0x2E, 0xB7, 0x13, 0x06, 0x0E, 0xF9, 0x08,
  0x20, 0x6D, 0x00, 0xDB, 0x82, 0x30, 0x1E, 0xA0, 0xE0, 0x63, 0x81, 0x15, 0x92, 0x09, 0xB0, 0x47,
  0x20, 0xDA, 0x0B, 0x72, 0x01, 0xB0, 0x67, 0x20, 0x3B, 0x04, 0x72, 0x04, 0xB0, 0x37, 0x20, 0x3B,
  0x03, 0x72, 0x03, 0xB0, 0x47, 0x20, 0x1B, 0x06, 0x73, 0x0D, 0xA0, 0xB7, 0x30, 0x9B, 0x05, 0x72,
  0x02, 0xC0, 0x80, 0x22, 0x82, 0x25, 0xB5, 0x20, 0x6F, 0xB0, 0x53, 0x05, 0x0E, 0xF9, 0x05, 0x50,
  0x50, 0xAA, 0x82, 0xDB, 0x83, 0x71, 0xA0, 0x57, 0x4A, 0x05, 0x74, 0xA0, 0x54,
  // "£" (U+00A3), RLE, 100 bytes saved (51.0%)
  0x68, 0x75, 0xBD, 0xFE, 0xDB, 0x72, 0x60, 0x10, 0xCF, 0xA0, 0x55, 0x0D, 0xC0, 0xE0, 0xDC, 0x01,
  0x40, 0x6B, 0x0A, 0x01, 0x38, 0x14, 0xA9, 0x50, 0xAA, 0x0D, 0x76, 0x0C, 0xA0, 0xA7, 0x60, 0xDA,
  0x08, 0x76, 0x0D, 0xA0, 0x87, 0x60, 0xDA, 0x08, 0x76, 0x0D, 0xA0, 0x87, 0x30, 0xCF, 0xC0, 0xD4,
  0x0C, 0xFC, 0x0D, 0x48, 0x1A, 0xDD, 0xB0, 0xE8, 0x01, 0xD0, 0xB7, 0x0D, 0xA0, 0x87, 0x60, 0xDA,
  0x08, 0x76, 0x0D, 0xA0, 0x87, 0x60, 0xDA, 0x07, 0x76, 0xB0, 0x57, 0x50, 0x6A, 0x0D, 0x75, 0x05,
  0xA0, 0xE0, 0x37, 0x40, 0xCB, 0x0E, 0x80, 0x7D, 0x03, 0x0E, 0xFF, 0x90, 0x40, 0xEF, 0xF9, 0x04,
  // "¤" (U+00A4), RLE, 16 bytes saved (14.2%)
  0x10, 0xB0, 0x27, 0x28, 0xA1, 0xB2, 0x0B, 0xFE, 0x24, 0xBE, 0xFC, 0x60, 0xBF, 0xE1, 0x9A, 0x0E,
  0xE0, 0xEA, 0x0C, 0x20, 0xBC, 0x0E, 0x0D, 0xC0, 0xE0, 0x22, 0x03, 0xA0, 0xD0, 0x32, 0x01, 0x0A,
  0xA0, 0x83, 0x82, 0x9F, 0xE1, 0x58, 0x1B, 0xFD, 0x38, 0x1E, 0xF8, 0x60, 0x3A, 0x81, 0x30, 0x1A,
  0x06, 0x60, 0x1A, 0x05, 0x2A, 0x08, 0x60, 0x3A, 0x04, 0x28, 0x2B, 0xFE, 0x15, 0x0A, 0xA0, 0x12,
  0x03, 0xA0, 0xD0, 0x32, 0x01, 0x0A, 0xA0, 0x93, 0x0A, 0xC0, 0xE0, 0xDC, 0x82, 0xD1, 0x08, 0xA0,
  0xEF, 0xA8, 0xA2, 0xB0, 0xBF, 0xE2, 0x5B, 0xEF, 0xC6, 0x1C, 0xFE, 0x10, 0xB3, 0x71, 0x81, 0x1C,
  0x31,
  // "¥" (U+00A5), RLE, 88 bytes saved (42.5%)
  0x05, 0xB0, 0x27, 0x20, 0xDA, 0x81, 0x90, 0xCA, 0x09, 0x71, 0x05, 0xA8, 0x2E, 0x10, 0x3B, 0x02,
  0x70, 0xDA, 0x07, 0x30, 0xAA, 0x09, 0x60, 0x5A, 0x0D, 0x40, 0x2B, 0x01, 0x50, 0xCA, 0x05, 0x50,
  0x9A, 0x09, 0x40, 0x5A, 0x0C, 0x60, 0x10, 0xEA, 0x01, 0x30, 0xCA, 0x03, 0x70, 0x7A, 0x08, 0x20,
  0x5A, 0x0A, 0x72, 0x0D, 0xA8, 0x41, 0x0C, 0xFE, 0x17, 0x20, 0x5A, 0x08, 0x04, 0xA0, 0x77, 0x48,
  0x4C, 0xFE, 0xCF, 0xD7, 0x20, 0xFD, 0x0E, 0xC8, 0x3E, 0xDD, 0xD3, 0x40, 0x1F, 0xD0, 0x44, 0x01,
  0xFD, 0x04, 0x72, 0x08, 0xA0, 0xB7, 0x70, 0x8A, 0x0B, 0x73, 0x80, 0x0D, 0x0E, 0xA8, 0x4E, 0xDD,
  0xDD, 0x34, 0x01, 0xFD, 0x04, 0x40, 0x1F, 0xD0, 0x47, 0x20, 0x8A, 0x0B, 0x77, 0x08, 0xA0, 0xB7,
  0x70, 0x8A, 0x0B, 0x77, 0x08, 0xA0, 0xB7,
  // "¦" (U+00A6), uncompressed
  0x8F, 0xF2, 0x8F, 0xF2, 0x8F, 0xF2, 0x8F, 0xF2, 0x8F, 0xF2, 0x8F, 0xF2, 0x8F, 0xF2, 0x8F, 0xF2,
  0x8F, 0xF2, 0x8F, 0xF2, 0x8F, 0xF2, 0x8F, 0xF2, 0x8F, 0xF2, 0x00, 0x00, 0x00, 0x00, 0x00, 0x00,
  0x00, 0x00, 0x00, 0x00, 0x00, 0x00, 0x00, 0x00, 0x8F, 0xF2, 0x8F, 0xF2, 0x8F, 0xF2, 0x8F, 0xF2,
  0x8F, 0xF2, 0x8F, 0xF2, 0x8F, 0xF2, 0x8F, 0xF2, 0x8F, 0xF2, 0x8F, 0xF2, 0x8F, 0xF2, 0x8F, 0xF2,
  0x8F, 0xF2,
  // "§" (U+00A7), RLE, 39 bytes saved (22.3%)
  0x38, 0x73, 0x9C, 0xEF, 0xEC, 0x83, 0x40, 0x8F, 0xA0, 0xB2, 0x05, 0xC8, 0x1E, 0xDE, 0xB0, 0x82,
  0x0B, 0xA0, 0xA0, 0x13, 0x82, 0x28, 0xE3, 0x20, 0xCA, 0x02, 0x73, 0x0B, 0xA0, 0x87, 0x30, 0x5B,
  0x0A, 0x03, 0x72, 0x08, 0xC0, 0xC0, 0x67, 0x01, 0x0C, 0xD0, 0xE0, 0x74, 0x85, 0x1D, 0xFE, 0x79,
  0xEB, 0x0C, 0x01, 0x20, 0x9A, 0x04, 0x30, 0x60, 0xEA, 0x0A, 0x28, 0x1D, 0xFD, 0x50, 0x20, 0xEA,
  0x83, 0x10, 0xDF, 0xE6, 0x09, 0xA8, 0x12, 0x0A, 0xA0, 0x95, 0x0A, 0xA8, 0x11, 0x03, 0xB0, 0xD0,
  0x52, 0x03, 0xA0, 0xB3, 0x04, 0x0E, 0xB0, 0xE0, 0xAA, 0x0E, 0x02, 0x50, 0x70, 0xDD, 0x04, 0x71,
  0x04, 0x0A, 0xB0, 0xE0, 0x37, 0x20, 0x20, 0xBA, 0x0C, 0x74, 0x0E, 0xA0, 0x17, 0x30, 0xEA, 0x83,
  0x12, 0xD8, 0x34, 0x01, 0x09, 0xA8, 0x1E, 0x02, 0xC8, 0x1D, 0xDE, 0xC8, 0x27, 0x02, 0xEF, 0xA0,
  0x83, 0x82, 0x17, 0xBD, 0xA8, 0x2E, 0xC8, 0x23,
  // "¨" (U+00A8), RLE, 1 byte saved (4.5%)
  0x18, 0x1B, 0xE7, 0x38, 0x3A, 0xE8, 0x04, 0xB2, 0x02, 0xB0, 0x10, 0x4B, 0x20, 0x2B, 0x83, 0x10,
  0xBE, 0x73, 0x81, 0x9E, 0x81,
  // "©" (U+00A9), RLE, 77 bytes saved (26.7%)
  0x71, 0x87, 0x5A, 0xCE, 0xFD, 0xC8, 0x37, 0x60, 0x70, 0xEB, 0x81, 0xDD, 0xEB, 0x0B, 0x03, 0x72,
  0x84, 0x2D, 0xFE, 0x83, 0x48, 0x11, 0x6C, 0xA0, 0x87, 0x83, 0x3E, 0xFB, 0x17, 0x28, 0x25, 0xEF,
  0xA5, 0x82, 0x1D, 0xF8, 0x60, 0x01, 0x48, 0x22, 0xDF, 0x84, 0x81, 0xAF, 0xA4, 0x04, 0x0B, 0xB8,
  0x1E, 0xA4, 0x28, 0x22, 0xEF, 0x32, 0x81, 0x2F, 0xD4, 0x07, 0xF0, 0x83, 0x81, 0x6F, 0xB2, 0x81,
  0x9F, 0x63, 0x04, 0xA8, 0x5C, 0x40, 0x14, 0xB1, 0x48, 0x3D, 0xF3, 0x0E, 0x94, 0x81, 0xDF, 0xD7,
  0x48, 0x47, 0xF8, 0x2F, 0xB3, 0x03, 0xA0, 0x67, 0x48, 0x43, 0xFC, 0x4F, 0x93, 0x06, 0xA0, 0x17,
  0x59, 0x82, 0xE6, 0xF7, 0x30, 0x8A, 0x76, 0x83, 0xEF, 0x6F, 0x73, 0x08, 0xA7, 0x68, 0x3E, 0xF4,
  0xF9, 0x30, 0x7A, 0x01, 0x75, 0x98, 0x2E, 0x3F, 0xB3, 0x04, 0xA0, 0x57, 0x48, 0x53, 0xFC, 0x0E,
  0xF1, 0x38, 0x1E, 0xFC, 0x74, 0x85, 0x7F, 0x80, 0xAF, 0x63, 0x07, 0xA8, 0x5B, 0x30, 0x13, 0x72,
  0x48, 0x6D, 0xF4, 0x03, 0xFE, 0x13, 0x0A, 0xF0, 0x43, 0x81, 0x6F, 0xC3, 0x81, 0xBF, 0xB4, 0x06,
  0x0C, 0xB8, 0x1E, 0xA1, 0x28, 0x22, 0xEF, 0x53, 0x82, 0x1E, 0xF9, 0x60, 0x20, 0x14, 0x82, 0x2D,
  0xF9, 0x58, 0x33, 0xEF, 0xB1, 0x72, 0x82, 0x5E, 0xFB, 0x78, 0x42, 0xDF, 0xE8, 0x34, 0x81, 0x16,
  0xCA, 0x0A, 0x72, 0x81, 0x18, 0xEB, 0x81, 0xDD, 0xEB, 0x0D, 0x05, 0x75, 0x89, 0x01, 0x6A, 0xDE,
  0xFD, 0xC8, 0x47,
  // "ª" (U+00AA), uncompressed
  0x15, 0xAD, 0xFE, 0xC6, 0x00, 0x2F, 0xFC, 0xBC, 0xFF, 0x80, 0x04, 0x10, 0x00, 0x7F, 0xE0, 0x00,
  0x00, 0x00, 0x2F, 0xF1, 0x04, 0xAD, 0xFF, 0xFF, 0xF2, 0x7F, 0xFD, 0xBA, 0xBF, 0xF2, 0xEF, 0xA0,
  0x00, 0x3F, 0xF2, 0xFF, 0x50, 0x00, 0x6F, 0xF2, 0xDF, 0xA1, 0x15, 0xEF, 0xF2, 0x5F, 0xFF, 0xFF,
  0x8D, 0xF2, 0x03, 0x8A, 0x83, 0x06, 0xA1,
  // "«" (U+00AB), RLE, 19 bytes saved (16.8%)
  0x50, 0x16, 0x02, 0x68, 0x21, 0xDE, 0x63, 0x82, 0x2E, 0xD4, 0x40, 0xBA, 0x0B, 0x20, 0x10, 0xDA,
  0x09, 0x30, 0x9A, 0x0D, 0x01, 0x20, 0xBA, 0x0B, 0x30, 0x6B, 0x03, 0x20, 0x9A, 0x0D, 0x01, 0x20,
  0x4B, 0x05, 0x20, 0x7A, 0x0E, 0x03, 0x20, 0x20, 0xEA, 0x08, 0x20, 0x4B, 0x05, 0x30, 0xAA, 0x0E,
  0x30, 0xDA, 0x0C, 0x40, 0x10, 0xEA, 0x09, 0x20, 0x4B, 0x06, 0x40, 0x3B, 0x06, 0x20, 0x6B, 0x04,
  0x40, 0x5B, 0x04, 0x20, 0x8A, 0x0E, 0x02, 0x40, 0x8A, 0x0E, 0x02, 0x20, 0xBA, 0x0C, 0x50, 0xAA,
  0x0C, 0x30, 0xCA, 0x0A, 0x58, 0x1C, 0xD5, 0x38, 0x22, 0xEC, 0x35, 0x01, 0x60, 0x12,
  // "¬" (U+00AC), RLE, 40 bytes saved (55.6%)
  0x06, 0x80, 0x92, 0xD0, 0x90, 0x7F, 0xF0, 0xA0, 0x7F, 0xF0, 0xA7, 0x68, 0x1D, 0xFA, 0x76, 0x81,
  0xDF, 0xA7, 0x68, 0x1D, 0xFA, 0x76, 0x81, 0xDF, 0xA7, 0x68, 0x1D, 0xFA, 0x76, 0x81, 0xDF, 0xA0,
  // "®" (U+00AE), RLE, 58 bytes saved (20.1%)
  0x71, 0x87, 0x5A, 0xCE, 0xFD, 0xC8, 0x37, 0x60, 0x70, 0xEB, 0x81, 0xDD, 0xEB, 0x0B, 0x03, 0x72,
  0x84, 0x2D, 0xFE, 0x83, 0x48, 0x11, 0x6C, 0xA0, 0x87, 0x83, 0x3E, 0xFB, 0x17, 0x28, 0x25, 0xEF,
  0xA5, 0x82, 0x1D, 0xF8, 0x28, 0x00, 0x16, 0x82, 0x2D, 0xF8, 0x48, 0x1A, 0xFA, 0x20, 0x1D, 0x81,
  0xEA, 0x33, 0x82, 0x2E, 0xF3, 0x28, 0x12, 0xFD, 0x30, 0x1F, 0x90, 0x33, 0x81, 0x6F, 0xB2, 0x81,
  0x9F, 0x63, 0x01, 0xA8, 0x55, 0x01, 0x5E, 0xFB, 0x48, 0x3D, 0xF3, 0x0E, 0x94, 0x01, 0xA0, 0x53,
  0x08, 0xA4, 0x84, 0x7F, 0x82, 0xFB, 0x40, 0x1A, 0x05, 0x30, 0x7A, 0x48, 0x43, 0xFC, 0x4F, 0x94,
  0x01, 0xA0, 0x53, 0x81, 0xAF, 0xE5, 0x98, 0x2E, 0x6F, 0x74, 0x01, 0xA8, 0x26, 0x12, 0x8A, 0x08,
  0x58, 0x3E, 0xF6, 0xF7, 0x40, 0x1F, 0x0A, 0x68, 0x3E, 0xF4, 0xF9, 0x40, 0x1E, 0x0C, 0x79, 0x82,
  0xE3, 0xFB, 0x40, 0x1A, 0x81, 0x50, 0x5A, 0x05, 0x58, 0x53, 0xFC, 0x0E, 0xF1, 0x30, 0x1A, 0x05,
  0x28, 0x1B, 0xFD, 0x58, 0x57, 0xF8, 0x0A, 0xF6, 0x30, 0x1A, 0x05, 0x20, 0x2A, 0x08, 0x48, 0x6D,
  0xF4, 0x03, 0xFE, 0x12, 0x01, 0xA0, 0x53, 0x08, 0xA0, 0x32, 0x81, 0x6F, 0xC3, 0x81, 0xBF, 0xB2,
  0x01, 0xA0, 0x54, 0x86, 0xEF, 0xC0, 0x2E, 0xF5, 0x38, 0x21, 0xEF, 0x92, 0x81, 0x44, 0x14, 0x85,
  0x24, 0x43, 0xDF, 0x95, 0x83, 0x3E, 0xFB, 0x17, 0x28, 0x25, 0xEF, 0xB7, 0x84, 0x2D, 0xFE, 0x83,
  0x48, 0x11, 0x6C, 0xA0, 0xA7, 0x28, 0x11, 0x8E, 0xB8, 0x1D, 0xDE, 0xB0, 0xD0, 0x57, 0x58, 0x90,
  0x16, 0xAD, 0xEF, 0xDC, 0x84, 0x70,
  // "¯" (U+00AF), RLE, 16 bytes saved (59.3%)
  0x01, 0x80, 0x94, 0xD0, 0x01, 0xFF, 0xA0, 0x01, 0xFF, 0xA0, 0x10,
  // "°" (U+00B0), RLE, 10 bytes saved (16.4%)
  0x38, 0x45, 0xAC, 0xC9, 0x24, 0x0B, 0xE0, 0x62, 0x08, 0xF9, 0x03, 0x01, 0xA8, 0x3D, 0x40, 0x16,
  0xA0, 0xA0, 0x4A, 0x03, 0x48, 0x28, 0xFE, 0x6A, 0x50, 0x5A, 0x05, 0xA0, 0x34, 0x07, 0xA0, 0x1A,
  0x0C, 0x02, 0x28, 0x44, 0xEF, 0xB0, 0xAB, 0x0D, 0x0E, 0xB8, 0x24, 0x01, 0xCE, 0x08, 0x48, 0x47,
  0xDF, 0xEB, 0x52,
  // "±" (U+00B1), RLE, 89 bytes saved (55.6%)
  0x60, 0x2A, 0x06, 0x75, 0x02, 0xA0, 0x67, 0x50, 0x2A, 0x06, 0x75, 0x02, 0xA0, 0x67, 0x50, 0x2A,
  0x06, 0x75, 0x02, 0xA0, 0x67, 0x50, 0x2A, 0x06, 0x60, 0x7F, 0xF0, 0xA0, 0x7F, 0xF0, 0xA0, 0x68,
  0x02, 0xDA, 0x0E, 0x80, 0x1D, 0x09, 0x60, 0x2A, 0x06, 0x75, 0x02, 0xA0, 0x67, 0x50, 0x2A, 0x06,
  0x75, 0x02, 0xA0, 0x67, 0x50, 0x2A, 0x06, 0x75, 0x02, 0xA0, 0x67, 0x77, 0x10, 0x68, 0x09, 0x2D,
  0x09, 0x07, 0xFF, 0x0B, 0x07, 0xFF, 0x0B,
  // "²" (U+00B2), RLE, 25 bytes saved (32.5%)
  0x28, 0x52, 0x9D, 0xFE, 0xA3, 0x30, 0x7F, 0x04, 0x28, 0x4B, 0xFD, 0x86, 0xAA, 0x0C, 0x20, 0x10,
  0x84, 0x0C, 0xA7, 0x18, 0x1B, 0xFE, 0x71, 0x81, 0xEF, 0xA7, 0x09, 0xA0, 0x26, 0x08, 0xA0, 0x56,
  0x08, 0xA0, 0x66, 0x09, 0xA0, 0x66, 0x09, 0xA0, 0x56, 0x0A, 0xA0, 0xA8, 0x01, 0x51, 0x03, 0xFA,
  0x02, 0x03, 0xFA, 0x02,
  // "³" (U+00B3), RLE, 19 bytes saved (22.9%)
  0x38, 0x31, 0x45, 0x41, 0x40, 0x20, 0xAD, 0x08, 0x20, 0x10, 0xEF, 0x07, 0x28, 0x78, 0xD6, 0x10,
  0x4E, 0xFE, 0x71, 0x0A, 0xA7, 0x18, 0x1D, 0xFC, 0x38, 0x61, 0x56, 0x7C, 0xFE, 0x33, 0x03, 0xC0,
  0xD0, 0x24, 0x03, 0xD0, 0xE0, 0x46, 0x84, 0x14, 0xCF, 0xE1, 0x70, 0x4A, 0x81, 0x51, 0x15, 0x06,
  0xA8, 0x65, 0x5F, 0xB8, 0x66, 0x9B, 0x01, 0x04, 0xF9, 0x06, 0x28, 0x65, 0xAD, 0xEF, 0xDA, 0x32,
  // "´" (U+00B4), uncompressed
  0x00, 0x04, 0x77, 0x73, 0x00, 0x1E, 0xFF, 0xD1, 0x00, 0xAF, 0xFE, 0x20, 0x04, 0xFF, 0xE3, 0x00,
  0x1D, 0xFE, 0x30, 0x00, 0x9F, 0xD3, 0x00, 0x00,
  // "µ" (U+00B5), RLE, 88 bytes saved (42.3%)
  0x05, 0xB7, 0x10, 0xBA, 0x09, 0x05, 0xB7, 0x10, 0xBA, 0x09, 0x05, 0xB7, 0x10, 0xBA, 0x09, 0x05,
  0xB7, 0x10, 0xBA, 0x09, 0x05, 0xB7, 0x10, 0xBA, 0x09, 0x05, 0xB7, 0x10, 0xBA, 0x09, 0x05, 0xB7,
  0x10, 0xBA, 0x09, 0x05, 0xB7, 0x10, 0xBA, 0x09, 0x05, 0xB7, 0x10, 0xBA, 0x09, 0x05, 0xB7, 0x10,
  0xCA, 0x09, 0x05, 0xB7, 0x10, 0xDA, 0x09, 0x05, 0xB0, 0x17, 0xB0, 0x90, 0x5B, 0x03, 0x60, 0x4B,
  0x09, 0x05, 0xB0, 0x86, 0x0C, 0xB0, 0x90, 0x5C, 0x06, 0x30, 0x20, 0xAC, 0x09, 0x05, 0xD8, 0x1E,
  0xDE, 0xB0, 0xBA, 0x09, 0x05, 0xB0, 0xEE, 0x05, 0x04, 0xA0, 0x90, 0x5A, 0x89, 0x0E, 0x2A, 0xEF,
  0xDA, 0x30, 0x1A, 0x09, 0x05, 0xB7, 0x50, 0x5B, 0x75, 0x05, 0xB7, 0x50, 0x5B, 0x75, 0x05, 0xB7,
  0x50, 0x5B, 0x75, 0x05, 0xB7, 0x50, 0x5B, 0x75,
  // "¶" (U+00B6), RLE, 70 bytes saved (27.5%)
  0x48, 0x15, 0xAD, 0xFA, 0x0B, 0x20, 0x10, 0xCF, 0xD0, 0xB2, 0x0C, 0xF9, 0x86, 0xA2, 0x26, 0xFB,
  0x06, 0xFA, 0x09, 0x28, 0x34, 0xFB, 0x0C, 0xFA, 0x09, 0x28, 0x14, 0xFB, 0x1F, 0xB0, 0x92, 0x82,
  0x4F, 0xB2, 0xFB, 0x09, 0x28, 0x24, 0xFB, 0x3F, 0xB0, 0x92, 0x82, 0x4F, 0xB3, 0xFB, 0x09, 0x28,
  0x24, 0xFB, 0x2F, 0xB0, 0x92, 0x82, 0x4F, 0xB1, 0xFB, 0x09, 0x28, 0x34, 0xFB, 0x0D, 0xFA, 0x09,
  0x28, 0x34, 0xFB, 0x09, 0xFA, 0x09, 0x28, 0x44, 0xFB, 0x02, 0xEF, 0x90, 0x92, 0x81, 0x4F, 0xB2,
  0x06, 0xF9, 0x09, 0x28, 0x14, 0xFB, 0x30, 0x40, 0xBE, 0x09, 0x28, 0x14, 0xFB, 0x58, 0x51, 0x34,
  0x26, 0xF9, 0x28, 0x14, 0xFB, 0x72, 0x81, 0x6F, 0x92, 0x81, 0x4F, 0xB7, 0x28, 0x16, 0xF9, 0x28,
  0x14, 0xFB, 0x72, 0x81, 0x6F, 0x92, 0x81, 0x4F, 0xB7, 0x28, 0x16, 0xF9, 0x28, 0x14, 0xFB, 0x72,
  0x81, 0x6F, 0x92, 0x81, 0x4F, 0xB7, 0x28, 0x16, 0xF9, 0x28, 0x14, 0xFB, 0x72, 0x81, 0x6F, 0x92,
  0x81, 0x4F, 0xB7, 0x28, 0x16, 0xF9, 0x28, 0x14, 0xFB, 0x72, 0x81, 0x6F, 0x92, 0x81, 0x4F, 0xB7,
  0x28, 0x16, 0xF9, 0x28, 0x14, 0xFB, 0x72, 0x81, 0x6F, 0x92, 0x81, 0x4F, 0xB7, 0x28, 0x16, 0xF9,
  0x28, 0x14, 0xFB, 0x73, 0x02, 0x01, 0x30, 0x20, 0x10,
  // "·" (U+00B7), uncompressed
  0x2C, 0xEA, 0x0A, 0xFF, 0xF6, 0xCF, 0xFF, 0x8A, 0xFF, 0xF5, 0x2C, 0xEA, 0x00,
  // "¸" (U+00B8), uncompressed
  0x00, 0xBF, 0x70, 0x00, 0x2F, 0xF4, 0x00, 0x08, 0xFF, 0xFA, 0x00, 0x01, 0x9F, 0xF7, 0x00, 0x01,
  0xFF, 0xA2, 0x12, 0x7F, 0xF8, 0xDF, 0xFF, 0xFE, 0x2B, 0xFF, 0xD9, 0x20,
  // "¹" (U+00B9), RLE, 8 bytes saved (14.3%)
  0x30, 0x30, 0xDA, 0x01, 0x20, 0x6C, 0x81, 0x10, 0xAA, 0x0E, 0xA0, 0x10, 0x7A, 0x00, 0x8A, 0x84,
  0x10, 0xB4, 0x08, 0xA0, 0x14, 0x09, 0xA0, 0x14, 0x09, 0xA0, 0x14, 0x09, 0xA0, 0x14, 0x09, 0xA0,
  0x14, 0x09, 0xA0, 0x14, 0x09, 0xA0, 0x14, 0x09, 0xA0, 0x14, 0x09, 0xA0, 0x14, 0x09, 0xA0, 0x10,
  // "º" (U+00BA), RLE, 4 bytes saved (6.6%)
  0x28, 0x46, 0xCE, 0xFC, 0x74, 0x0A, 0xA8, 0x3C, 0xBE, 0xFC, 0x28, 0x26, 0xFE, 0x32, 0x86, 0x2D,
  0xF8, 0x0C, 0xF9, 0x48, 0x57, 0xFE, 0x0E, 0xF6, 0x40, 0x4A, 0x01, 0xA0, 0x54, 0x03, 0xA8, 0x22,
  0xEF, 0x64, 0x05, 0xA8, 0x21, 0xAF, 0xB4, 0x83, 0x9F, 0xC0, 0x3A, 0x82, 0x71, 0x16, 0xA0, 0x52,
  0x05, 0x0E, 0xD0, 0x74, 0x84, 0x17, 0x99, 0x72, 0x30,
  // "»" (U+00BB), RLE, 16 bytes saved (14.2%)
  0x20, 0x26, 0x02, 0x58, 0x22, 0xAF, 0x63, 0x82, 0x4C, 0xF3, 0x40, 0x5B, 0x03, 0x20, 0x8A, 0x0E,
  0x01, 0x40, 0x8A, 0x0E, 0x02, 0x20, 0xAA, 0x0C, 0x50, 0xAA, 0x0C, 0x30, 0xDA, 0x0A, 0x50, 0xCA,
  0x0B, 0x20, 0x20, 0xEA, 0x08, 0x40, 0x20, 0xEA, 0x08, 0x20, 0x4B, 0x05, 0x40, 0x7B, 0x01, 0x20,
  0xAA, 0x0E, 0x30, 0x20, 0xEA, 0x07, 0x20, 0x5B, 0x04, 0x20, 0x10, 0xDA, 0x0A, 0x20, 0x20, 0xEA,
  0x07, 0x30, 0xBA, 0x0C, 0x20, 0x10, 0xDA, 0x09, 0x30, 0x9A, 0x0D, 0x01, 0x20, 0xBA, 0x0B, 0x30,
  0x6B, 0x03, 0x20, 0x9A, 0x0D, 0x01, 0x38, 0x21, 0x9F, 0x53, 0x82, 0x2B, 0xE2, 0x60, 0x16, 0x01,
  0x50,
  // "¼" (U+00BC), RLE, 87 bytes saved (31.5%)
  0x30, 0x6A, 0x0C, 0x72, 0x06, 0xA0, 0x55, 0x01, 0x0A, 0xB0, 0xC7, 0x18, 0x21, 0xEF, 0xC5, 0x85,
  0x4D, 0xFE, 0xDF, 0xC7, 0x10, 0x9A, 0x03, 0x58, 0x5B, 0xFD, 0x2C, 0xFC, 0x70, 0x2A, 0x09, 0x60,
  0x10, 0x92, 0x81, 0xDF, 0xC7, 0x82, 0xBF, 0xE1, 0x73, 0x81, 0xDF, 0xC6, 0x05, 0xA0, 0x67, 0x48,
  0x1D, 0xFC, 0x68, 0x1D, 0xFC, 0x75, 0x81, 0xDF, 0xC5, 0x08, 0xA0, 0x37, 0x58, 0x1D, 0xFC, 0x40,
  0x2A, 0x0A, 0x76, 0x81, 0xDF, 0xC4, 0x82, 0xBF, 0xE1, 0x30, 0xAA, 0x06, 0x68, 0x1D, 0xFC, 0x30,
  0x4A, 0x07, 0x30, 0x5B, 0x06, 0x68, 0x1D, 0xFC, 0x38, 0x1D, 0xFD, 0x30, 0x10, 0xEB, 0x06, 0x68,
  0x1D, 0xFC, 0x20, 0x7A, 0x04, 0x38, 0x1B, 0xFC, 0xA0, 0x66, 0x86, 0xDF, 0xC0, 0x1E, 0xFB, 0x38,
  0x26, 0xFD, 0x6A, 0x06, 0x73, 0x0A, 0xA0, 0x22, 0x83, 0x2E, 0xF3, 0x6A, 0x06, 0x72, 0x04, 0xA0,
  0x83, 0x83, 0xBF, 0x80, 0x6A, 0x06, 0x72, 0x81, 0xCF, 0xD3, 0x81, 0x7F, 0xC2, 0x06, 0xA0, 0x67,
  0x10, 0x6A, 0x05, 0x20, 0x2A, 0x82, 0x42, 0x27, 0xA0, 0x70, 0x26, 0x82, 0x1E, 0xFB, 0x30, 0x8F,
  0xB0, 0x55, 0x09, 0xA0, 0x23, 0x08, 0xFB, 0x05, 0x40, 0x3A, 0x09, 0x73, 0x06, 0xA0, 0x66, 0x82,
  0xCF, 0xE1, 0x73, 0x06, 0xA0, 0x65, 0x06, 0xA0, 0x67, 0x40, 0x6A, 0x06, 0x20,
  // "½" (U+00BD), RLE, 100 bytes saved (34.7%)
  0x40, 0x9A, 0x08, 0x71, 0x82, 0x1E, 0xFA, 0x70, 0x20, 0xCB, 0x08, 0x71, 0x0A, 0xA0, 0x26, 0x82,
  0x5E, 0xFD, 0xA0, 0x87, 0x04, 0xA0, 0x86, 0x83, 0x1E, 0xFB, 0x2A, 0x08, 0x78, 0x1C, 0xFD, 0x71,
  0x82, 0x47, 0x01, 0xA0, 0x86, 0x06, 0xA0, 0x57, 0x40, 0x2A, 0x08, 0x58, 0x21, 0xEF, 0xB7, 0x50,
  0x2A, 0x08, 0x50, 0x9A, 0x02, 0x75, 0x02, 0xA0, 0x84, 0x03, 0xA0, 0x87, 0x60, 0x2A, 0x08, 0x48,
  0x2C, 0xFE, 0x12, 0x81, 0x13, 0x27, 0x10, 0x2A, 0x08, 0x30, 0x6A, 0x82, 0x60, 0x5C, 0xB0, 0xE0,
  0x86, 0x02, 0xA0, 0x82, 0x84, 0x1E, 0xFC, 0x09, 0xF0, 0xA5, 0x02, 0xA0, 0x82, 0x08, 0xA8, 0x73,
  0x05, 0xFB, 0x30, 0x3E, 0xA0, 0x14, 0x02, 0xA8, 0x18, 0x02, 0xA0, 0x93, 0x04, 0x40, 0x8A, 0x02,
  0x40, 0x2A, 0x84, 0x80, 0xBF, 0xE1, 0x71, 0x09, 0xA7, 0x20, 0x5A, 0x06, 0x71, 0x82, 0x1E, 0xFA,
  0x72, 0x81, 0xDF, 0xD7, 0x28, 0x2B, 0xFE, 0x27, 0x10, 0x8A, 0x04, 0x71, 0x82, 0xBF, 0xE3, 0x71,
  0x02, 0xA0, 0xA7, 0x18, 0x2B, 0xFE, 0x37, 0x28, 0x2A, 0xFE, 0x16, 0x83, 0x1C, 0xFE, 0x37, 0x20,
  0x4A, 0x07, 0x68, 0x31, 0xCF, 0xD2, 0x73, 0x81, 0xDF, 0xD7, 0x0C, 0xA0, 0xE8, 0x01, 0xD0, 0x44,
  0x07, 0xA0, 0x47, 0xFA, 0x04, 0x38, 0x21, 0xEF, 0xB7, 0x1F, 0xA0, 0x40,
  // "¾" (U+00BE), RLE, 103 bytes saved (33.0%)
  0x28, 0x55, 0xAE, 0xFE, 0xB4, 0x73, 0x81, 0xAA, 0x85, 0x0C, 0xF0, 0x57, 0x10, 0x7A, 0x05, 0x58,
  0x49, 0xF9, 0x42, 0x6A, 0x0E, 0x78, 0x21, 0xEF, 0xB7, 0x02, 0x40, 0x9A, 0x01, 0x60, 0x9A, 0x03,
  0x75, 0x81, 0xAF, 0xE6, 0x03, 0xA0, 0x97, 0x40, 0x10, 0x6A, 0x07, 0x68, 0x2B, 0xFE, 0x17, 0x10,
  0x2C, 0x0E, 0x06, 0x60, 0x5A, 0x07, 0x72, 0x02, 0xD0, 0xB0, 0x25, 0x81, 0xDF, 0xD7, 0x68, 0x31,
  0x5D, 0xFD, 0x40, 0x7A, 0x05, 0x77, 0x10, 0x4A, 0x05, 0x28, 0x21, 0xEF, 0xB7, 0x72, 0x02, 0xA0,
  0x72, 0x09, 0xA0, 0x33, 0x0B, 0xA0, 0x52, 0x01, 0x60, 0x5A, 0x81, 0x60, 0x3A, 0x09, 0x30, 0x6B,
  0x05, 0x28, 0x96, 0x3E, 0x95, 0x23, 0x6E, 0xFE, 0x10, 0xCF, 0xE1, 0x20, 0x20, 0xEB, 0x05, 0x20,
  0x3F, 0x98, 0x15, 0x05, 0xA0, 0x73, 0x81, 0xBF, 0xAA, 0x05, 0x38, 0x65, 0xAD, 0xEF, 0xD9, 0x32,
  0x81, 0xDF, 0xD3, 0x82, 0x7F, 0xB6, 0xA0, 0x57, 0x50, 0x7A, 0x04, 0x28, 0x32, 0xFE, 0x26, 0xA0,
  0x57, 0x48, 0x21, 0xEF, 0xB3, 0x83, 0xCF, 0x60, 0x6A, 0x05, 0x74, 0x0A, 0xA0, 0x22, 0x81, 0x7F,
  0xB2, 0x06, 0xA0, 0x57, 0x30, 0x3A, 0x09, 0x20, 0x3A, 0x82, 0x42, 0x27, 0xA0, 0x70, 0x27, 0x28,
  0x2C, 0xFE, 0x12, 0x09, 0xFB, 0x04, 0x70, 0x5A, 0x07, 0x30, 0x9F, 0xB0, 0x47, 0x81, 0xDF, 0xD7,
  0x30, 0x6A, 0x05, 0x71, 0x08, 0xA0, 0x47, 0x30, 0x6A, 0x05, 0x70, 0x1A, 0x0B, 0x74, 0x06, 0xA0,
  0x52,
  // "¿" (U+00BF), RLE, 70 bytes saved (43.5%)
  0x68, 0x25, 0xDE, 0x67, 0x30, 0xEB, 0x01, 0x71, 0x01, 0xC0, 0x27, 0x2C, 0x01, 0x72, 0x82, 0x5E,
  0xE6, 0x80, 0xC2, 0x08, 0x21, 0x88, 0x47, 0x30, 0x4A, 0x08, 0x73, 0x07, 0xA0, 0x67, 0x20, 0x20,
  0xEA, 0x02, 0x71, 0x03, 0x0E, 0xA0, 0x97, 0x10, 0x6B, 0x0A, 0x71, 0x08, 0xB0, 0x87, 0x10, 0x6B,
  0x05, 0x71, 0x01, 0x0E, 0xA0, 0x67, 0x20, 0x5A, 0x0D, 0x73, 0x06, 0xA0, 0xC7, 0x30, 0x6A, 0x0E,
  0x71, 0x81, 0x10, 0x2B, 0x0B, 0x02, 0x38, 0x21, 0x6D, 0xD2, 0x0A, 0xC8, 0x1E, 0xDE, 0xC0, 0x52,
  0x0B, 0xFA, 0x0D, 0x05, 0x38, 0x14, 0xAD, 0xA8, 0x2E, 0xC8, 0x32,
  // "À" (U+00C0), RLE, 179 bytes saved (53.3%)
  0x58, 0x35, 0x77, 0x72, 0x77, 0x20, 0x4B, 0x0C, 0x77, 0x30, 0x6B, 0x05, 0x77, 0x30, 0x7A, 0x0E,
  0x01, 0x77, 0x30, 0x7A, 0x0A, 0x77, 0x40, 0x6A, 0x05, 0x80, 0x99, 0x30, 0x08, 0xB0, 0x67, 0x72,
  0x0D, 0xB0, 0xC7, 0x71, 0x04, 0xD0, 0x27, 0x70, 0xAA, 0x0C, 0xA0, 0x87, 0x7B, 0x03, 0xA0, 0xE7,
  0x60, 0x6A, 0x81, 0xB0, 0xDA, 0x04, 0x75, 0x0C, 0xA8, 0x17, 0x08, 0xA0, 0xA7, 0x40, 0x2B, 0x81,
  0x10, 0x2B, 0x01, 0x73, 0x08, 0xA0, 0xB3, 0x0C, 0xA0, 0x67, 0x30, 0xDA, 0x05, 0x30, 0x7A, 0x0C,
  0x72, 0x04, 0xA0, 0xE4, 0x01, 0xB0, 0x37, 0x10, 0xAA, 0x0A, 0x50, 0xBA, 0x08, 0x70, 0x1B, 0x04,
  0x50, 0x5A, 0x0E, 0x70, 0x6B, 0x80, 0x3D, 0xB0, 0x56, 0x0C, 0xFE, 0x0A, 0x50, 0x2F, 0xF9, 0x01,
  0x40, 0x8A, 0x0D, 0x72, 0x0E, 0xA0, 0x64, 0x0E, 0xA0, 0x77, 0x20, 0x9A, 0x0C, 0x30, 0x4B, 0x02,
  0x72, 0x04, 0xB0, 0x32, 0x0A, 0xA0, 0xC7, 0x40, 0xEA, 0x81, 0x80, 0x1B, 0x06, 0x74, 0x09, 0xA8,
  0x1E, 0x06, 0xB0, 0x17, 0x40, 0x3B, 0x05, 0x0C, 0xA0, 0xB7, 0x60, 0xDA, 0x0A,
  // "Á" (U+00C1), RLE, 174 bytes saved (51.8%)
  0x74, 0x83, 0x47, 0x77, 0x37, 0x71, 0x01, 0x0E, 0xA0, 0xD0, 0x17, 0x71, 0x0A, 0xA0, 0xE0, 0x27,
  0x71, 0x04, 0xA0, 0xE0, 0x37, 0x71, 0x83, 0x1D, 0xFE, 0x37, 0x72, 0x82, 0x9F, 0xD3, 0x80, 0x99,
  0x40, 0x08, 0xB0, 0x67, 0x72, 0x0D, 0xB0, 0xC7, 0x71, 0x04, 0xD0, 0x27, 0x70, 0xAA, 0x0C, 0xA0,
  0x87, 0x7B, 0x03, 0xA0, 0xE7, 0x60, 0x6A, 0x81, 0xB0, 0xDA, 0x04, 0x75, 0x0C, 0xA8, 0x17, 0x08,
  0xA0, 0xA7, 0x40, 0x2B, 0x81, 0x10, 0x2B, 0x01, 0x73, 0x08, 0xA0, 0xB3, 0x0C, 0xA0, 0x67, 0x30,
  0xDA, 0x05, 0x30, 0x7A, 0x0C, 0x72, 0x04, 0xA0, 0xE4, 0x01, 0xB0, 0x37, 0x10, 0xAA, 0x0A, 0x50,
  0xBA, 0x08, 0x70, 0x1B, 0x04, 0x50, 0x5A, 0x0E, 0x70, 0x6B, 0x80, 0x3D, 0xB0, 0x56, 0x0C, 0xFE,
  0x0A, 0x50, 0x2F, 0xF9, 0x01, 0x40, 0x8A, 0x0D, 0x72, 0x0E, 0xA0, 0x64, 0x0E, 0xA0, 0x77, 0x20,
  0x9A, 0x0C, 0x30, 0x4B, 0x02, 0x72, 0x04, 0xB0, 0x32, 0x0A, 0xA0, 0xC7, 0x40, 0xEA, 0x81, 0x80,
  0x1B, 0x06, 0x74, 0x09, 0xA8, 0x1E, 0x06, 0xB0, 0x17, 0x40, 0x3B, 0x05, 0x0C, 0xA0, 0xB7, 0x60,
  0xDA, 0x0A,
  // "Â" (U+00C2), RLE, 169 bytes saved (50.3%)
  0x71, 0x80, 0x07, 0x77, 0x20, 0x6C, 0x08, 0x77, 0x02, 0x0E, 0xD0, 0x47, 0x50, 0x10, 0xDA, 0x08,
  0x06, 0xA0, 0xE0, 0x27, 0x40, 0xBA, 0x07, 0x20, 0x6A, 0x0D, 0x01, 0x72, 0x82, 0x8F, 0xE4, 0x48,
  0x23, 0xDF, 0xB8, 0x09, 0x90, 0x00, 0x8B, 0x06, 0x77, 0x20, 0xDB, 0x0C, 0x77, 0x10, 0x4D, 0x02,
  0x77, 0x0A, 0xA0, 0xCA, 0x08, 0x77, 0xB0, 0x3A, 0x0E, 0x76, 0x06, 0xA8, 0x1B, 0x0D, 0xA0, 0x47,
  0x50, 0xCA, 0x81, 0x70, 0x8A, 0x0A, 0x74, 0x02, 0xB8, 0x11, 0x02, 0xB0, 0x17, 0x30, 0x8A, 0x0B,
  0x30, 0xCA, 0x06, 0x73, 0x0D, 0xA0, 0x53, 0x07, 0xA0, 0xC7, 0x20, 0x4A, 0x0E, 0x40, 0x1B, 0x03,
  0x71, 0x0A, 0xA0, 0xA5, 0x0B, 0xA0, 0x87, 0x01, 0xB0, 0x45, 0x05, 0xA0, 0xE7, 0x06, 0xB8, 0x03,
  0xDB, 0x05, 0x60, 0xCF, 0xE0, 0xA5, 0x02, 0xFF, 0x90, 0x14, 0x08, 0xA0, 0xD7, 0x20, 0xEA, 0x06,
  0x40, 0xEA, 0x07, 0x72, 0x09, 0xA0, 0xC3, 0x04, 0xB0, 0x27, 0x20, 0x4B, 0x03, 0x20, 0xAA, 0x0C,
  0x74, 0x0E, 0xA8, 0x18, 0x01, 0xB0, 0x67, 0x40, 0x9A, 0x81, 0xE0, 0x6B, 0x01, 0x74, 0x03, 0xB0,
  0x50, 0xCA, 0x0B, 0x76, 0x0D, 0xA0, 0xA0,
  // "Ã" (U+00C3), RLE, 161 bytes saved (49.4%)
  0x68, 0x26, 0xCC, 0x74, 0x81, 0x7D, 0x47, 0x20, 0x8C, 0x85, 0xD4, 0x01, 0xEF, 0x27, 0x10, 0x2F,
  0x82, 0xEE, 0xFD, 0x72, 0x84, 0x7F, 0xB1, 0x29, 0xD0, 0x57, 0x28, 0x1A, 0xF4, 0x38, 0x33, 0xBE,
  0xD5, 0x80, 0x99, 0x10, 0x08, 0xB0, 0x67, 0x72, 0x0D, 0xB0, 0xC7, 0x71, 0x04, 0xD0, 0x27, 0x70,
  0xAA, 0x0C, 0xA0, 0x87, 0x7B, 0x03, 0xA0, 0xE7, 0x60, 0x6A, 0x81, 0xB0, 0xDA, 0x04, 0x75, 0x0C,
  0xA8, 0x17, 0x08, 0xA0, 0xA7, 0x40, 0x2B, 0x81, 0x10, 0x2B, 0x01, 0x73, 0x08, 0xA0, 0xB3, 0x0C,
  0xA0, 0x67, 0x30, 0xDA, 0x05, 0x30, 0x7A, 0x0C, 0x72, 0x04, 0xA0, 0xE4, 0x01, 0xB0, 0x37, 0x10,
  0xAA, 0x0A, 0x50, 0xBA, 0x08, 0x70, 0x1B, 0x04, 0x50, 0x5A, 0x0E, 0x70, 0x6B, 0x80, 0x3D, 0xB0,
  0x56, 0x0C, 0xFE, 0x0A, 0x50, 0x2F, 0xF9, 0x01, 0x40, 0x8A, 0x0D, 0x72, 0x0E, 0xA0, 0x64, 0x0E,
  0xA0, 0x77, 0x20, 0x9A, 0x0C, 0x30, 0x4B, 0x02, 0x72, 0x04, 0xB0, 0x32, 0x0A, 0xA0, 0xC7, 0x40,
  0xEA, 0x81, 0x80, 0x1B, 0x06, 0x74, 0x09, 0xA8, 0x1E, 0x06, 0xB0, 0x17, 0x40, 0x3B, 0x05, 0x0C,
  0xA0, 0xB7, 0x60, 0xDA, 0x0A,
  // "Ä" (U+00C4), RLE, 170 bytes saved (52.1%)
  0x68, 0x1B, 0xE7, 0x38, 0x1A, 0xE8, 0x74, 0x04, 0xB2, 0x02, 0xB0, 0x17, 0x30, 0x4B, 0x20, 0x2B,
  0x01, 0x74, 0x81, 0xBE, 0x73, 0x81, 0x9E, 0x88, 0x09, 0xB6, 0x00, 0x8B, 0x06, 0x77, 0x20, 0xDB,
  0x0C, 0x77, 0x10, 0x4D, 0x02, 0x77, 0x0A, 0xA0, 0xCA, 0x08, 0x77, 0xB0, 0x3A, 0x0E, 0x76, 0x06,
  0xA8, 0x1B, 0x0D, 0xA0, 0x47, 0x50, 0xCA, 0x81, 0x70, 0x8A, 0x0A, 0x74, 0x02, 0xB8, 0x11, 0x02,
  0xB0, 0x17, 0x30, 0x8A, 0x0B, 0x30, 0xCA, 0x06, 0x73, 0x0D, 0xA0, 0x53, 0x07, 0xA0, 0xC7, 0x20,
  0x4A, 0x0E, 0x40, 0x1B, 0x03, 0x71, 0x0A, 0xA0, 0xA5, 0x0B, 0xA0, 0x87, 0x01, 0xB0, 0x45, 0x05,
  0xA0, 0xE7, 0x06, 0xB8, 0x03, 0xDB, 0x05, 0x60, 0xCF, 0xE0, 0xA5, 0x02, 0xFF, 0x90, 0x14, 0x08,
  0xA0, 0xD7, 0x20, 0xEA, 0x06, 0x40, 0xEA, 0x07, 0x72, 0x09, 0xA0, 0xC3, 0x04, 0xB0, 0x27, 0x20,
  0x4B, 0x03, 0x20, 0xAA, 0x0C, 0x74, 0x0E, 0xA8, 0x18, 0x01, 0xB0, 0x67, 0x40, 0x9A, 0x81, 0xE0,
  0x6B, 0x01, 0x74, 0x03, 0xB0, 0x50, 0xCA, 0x0B, 0x76, 0x0D, 0xA0, 0xA0,
  // "Å" (U+00C5), RLE, 138 bytes saved (45.2%)
  0x71, 0x84, 0x3B, 0xED, 0x91, 0x77, 0x86, 0x2E, 0xFE, 0xEF, 0xD1, 0x76, 0x81, 0x8F, 0x82, 0x81,
  0xBF, 0x67, 0x68, 0x1A, 0xF3, 0x28, 0x17, 0xF8, 0x76, 0x81, 0x8F, 0x82, 0x81, 0xBF, 0x67, 0x60,
  0x2A, 0x82, 0xEE, 0xFD, 0x77, 0x10, 0xBC, 0x01, 0x77, 0x10, 0xDB, 0x0C, 0x77, 0x10, 0x4D, 0x02,
  0x77, 0x0A, 0xA0, 0xCA, 0x08, 0x77, 0xB0, 0x3A, 0x0E, 0x76, 0x06, 0xA8, 0x1B, 0x0D, 0xA0, 0x47,
  0x50, 0xCA, 0x81, 0x70, 0x8A, 0x0A, 0x74, 0x02, 0xB8, 0x11, 0x02, 0xB0, 0x17, 0x30, 0x8A, 0x0B,
  0x30, 0xCA, 0x06, 0x73, 0x0D, 0xA0, 0x53, 0x07, 0xA0, 0xC7, 0x20, 0x4A, 0x0E, 0x40, 0x1B, 0x03,
  0x71, 0x0A, 0xA0, 0xA5, 0x0B, 0xA0, 0x87, 0x01, 0xB0, 0x45, 0x05, 0xA0, 0xE7, 0x06, 0xB8, 0x03,
  0xDB, 0x05, 0x60, 0xCF, 0xE0, 0xA5, 0x02, 0xFF, 0x90, 0x14, 0x08, 0xA0, 0xD7, 0x20, 0xEA, 0x06,
  0x40, 0xEA, 0x07, 0x72, 0x09, 0xA0, 0xC3, 0x04, 0xB0, 0x27, 0x20, 0x4B, 0x03, 0x20, 0xAA, 0x0C,
  0x74, 0x0E, 0xA8, 0x18, 0x01, 0xB0, 0x67, 0x40, 0x9A, 0x81, 0xE0, 0x6B, 0x01, 0x74, 0x03, 0xB0,
  0x50, 0xCA, 0x0B, 0x76, 0x0D, 0xA0, 0xA0,
  // "Æ" (U+00C6), RLE, 171 bytes saved (55.0%)
  0x73, 0x09, 0xFF, 0x90, 0xE7, 0x20, 0x10, 0xEF, 0xF9, 0x0E, 0x72, 0x07, 0xA8, 0x1E, 0xDE, 0xB8,
  0x04, 0xD0, 0xC7, 0x20, 0xEA, 0x81, 0x50, 0x7B, 0x77, 0x30, 0x6A, 0x0D, 0x20, 0x7B, 0x77, 0x30,
  0xDA, 0x06, 0x20, 0x7B, 0x77, 0x20, 0x5A, 0x0E, 0x30, 0x7B, 0x77, 0x20, 0xCA, 0x07, 0x30, 0x7B,
  0x77, 0x10, 0x4B, 0x01, 0x30, 0x7B, 0x77, 0x10, 0xBA, 0x09, 0x40, 0x7B, 0x80, 0x4D, 0x04, 0x50,
  0x3B, 0x02, 0x40, 0x7F, 0xC0, 0x55, 0x0A, 0xA0, 0xA5, 0x07, 0xFC, 0x05, 0x40, 0x2B, 0x03, 0x50,
  0x7B, 0x76, 0x09, 0xB8, 0x02, 0xD0, 0xEB, 0x75, 0x01, 0xFF, 0x75, 0x08, 0xFF, 0x74, 0x01, 0x0E,
  0xA0, 0x67, 0x07, 0xB7, 0x40, 0x7A, 0x0E, 0x71, 0x07, 0xB7, 0x40, 0xEA, 0x07, 0x71, 0x07, 0xB7,
  0x30, 0x6B, 0x01, 0x71, 0x07, 0xB7, 0x30, 0xDA, 0x09, 0x72, 0x07, 0xB8, 0x04, 0xD0, 0xC0, 0x5B,
  0x02, 0x72, 0x07, 0xFC, 0x0E, 0x0C, 0xA0, 0xB7, 0x30, 0x7F, 0xC0, 0xE0,
  // "Ç" (U+00C7), RLE, 148 bytes saved (50.2%)
  0x78, 0x90, 0x49, 0xCE, 0xFE, 0xDB, 0x84, 0x70, 0x40, 0xCF, 0xB0, 0xE0, 0x14, 0x07, 0xD8, 0x1E,
  0xDE, 0xC0, 0xB4, 0x07, 0xC0, 0x90, 0x34, 0x82, 0x4A, 0xF4, 0x30, 0x3B, 0x0E, 0x03, 0x71, 0x01,
  0x40, 0xCB, 0x03, 0x76, 0x03, 0xB0, 0x97, 0x70, 0x8B, 0x02, 0x77, 0x0C, 0xA0, 0xD7, 0x71, 0x0E,
  0xA0, 0xA7, 0x71, 0xB0, 0x97, 0x70, 0x1B, 0x08, 0x77, 0x1B, 0x09, 0x77, 0x10, 0xEA, 0x0A, 0x77,
  0x10, 0xCA, 0x0D, 0x77, 0x10, 0x9B, 0x01, 0x77, 0x05, 0xB0, 0x87, 0x71, 0x0E, 0xA0, 0xE0, 0x27,
  0x70, 0x6B, 0x0D, 0x01, 0x77, 0x0B, 0xB8, 0x1E, 0x72, 0x48, 0x21, 0x58, 0x44, 0x01, 0x0C, 0xD8,
  0x1E, 0xDE, 0xC0, 0x56, 0x08, 0xFC, 0x05, 0x78, 0x31, 0x6B, 0xDE, 0xA8, 0x2E, 0xC8, 0x47, 0x58,
  0x1B, 0xF7, 0x77, 0x10, 0x2A, 0x04, 0x77, 0x10, 0x8B, 0x0A, 0x77, 0x10, 0x10, 0x9A, 0x07, 0x77,
  0x10, 0x1A, 0x0A, 0x75, 0x82, 0x21, 0x27, 0xA0, 0x87, 0x50, 0xDC, 0x0E, 0x02, 0x75, 0x0B, 0xA8,
  0x1D, 0x92, 0x50,
  // "È" (U+00C8), RLE, 101 bytes saved (48.6%)
  0x28, 0x35, 0x77, 0x72, 0x71, 0x04, 0xB0, 0xC7, 0x20, 0x6B, 0x05, 0x72, 0x07, 0xA0, 0xE0, 0x17,
  0x20, 0x7A, 0x0A, 0x73, 0x06, 0xA0, 0x58, 0x0C, 0x60, 0x0E, 0xFC, 0x00, 0xEF, 0xC0, 0x0E, 0xA0,
  0xE8, 0x04, 0xD0, 0xB0, 0xEA, 0x07, 0x72, 0x0E, 0xA0, 0x77, 0x20, 0xEA, 0x07, 0x72, 0x0E, 0xA0,
  0x77, 0x20, 0xEA, 0x07, 0x72, 0x0E, 0xA0, 0x77, 0x20, 0xEA, 0x0E, 0x80, 0x4D, 0x04, 0x0E, 0xFC,
  0x05, 0x0E, 0xFC, 0x05, 0x0E, 0xA0, 0x77, 0x20, 0xEA, 0x07, 0x72, 0x0E, 0xA0, 0x77, 0x20, 0xEA,
  0x07, 0x72, 0x0E, 0xA0, 0x77, 0x20, 0xEA, 0x07, 0x72, 0x0E, 0xA0, 0x77, 0x20, 0xEA, 0x07, 0x72,
  0x0E, 0xA0, 0xE8, 0x04, 0xD0, 0xB0, 0xEF, 0xC0, 0x0E, 0xFC, 0x0E,
  // "É" (U+00C9), RLE, 98 bytes saved (47.1%)
  0x78, 0x34, 0x77, 0x73, 0x70, 0x10, 0xEA, 0x0D, 0x01, 0x70, 0xAA, 0x0E, 0x02, 0x70, 0x4A, 0x0E,
  0x03, 0x78, 0x31, 0xDF, 0xE3, 0x71, 0x82, 0x9F, 0xD3, 0x80, 0xD0, 0x00, 0xEF, 0xC0, 0x0E, 0xFC,
  0x00, 0xEA, 0x0E, 0x80, 0x4D, 0x0B, 0x0E, 0xA0, 0x77, 0x20, 0xEA, 0x07, 0x72, 0x0E, 0xA0, 0x77,
  0x20, 0xEA, 0x07, 0x72, 0x0E, 0xA0, 0x77, 0x20, 0xEA, 0x07, 0x72, 0x0E, 0xA0, 0xE8, 0x04, 0xD0,
  0x40, 0xEF, 0xC0, 0x50, 0xEF, 0xC0, 0x50, 0xEA, 0x07, 0x72, 0x0E, 0xA0, 0x77, 0x20, 0xEA, 0x07,
  0x72, 0x0E, 0xA0, 0x77, 0x20, 0xEA, 0x07, 0x72, 0x0E, 0xA0, 0x77, 0x20, 0xEA, 0x07, 0x72, 0x0E,
  0xA0, 0x77, 0x20, 0xEA, 0x0E, 0x80, 0x4D, 0x0B, 0x0E, 0xFC, 0x00, 0xEF, 0xC0, 0xE0,
  // "Ê" (U+00CA), RLE, 93 bytes saved (44.7%)
  0x58, 0x00, 0x77, 0x10, 0x6C, 0x08, 0x60, 0x20, 0xED, 0x04, 0x40, 0x10, 0xDA, 0x08, 0x06, 0xA0,
  0xE0, 0x23, 0x0B, 0xA0, 0x72, 0x06, 0xA8, 0x5D, 0x10, 0x8F, 0xE4, 0x48, 0x23, 0xDF, 0xB8, 0x0C,
  0x30, 0x0E, 0xFC, 0x00, 0xEF, 0xC0, 0x0E, 0xA0, 0xE8, 0x04, 0xD0, 0xB0, 0xEA, 0x07, 0x72, 0x0E,
  0xA0, 0x77, 0x20, 0xEA, 0x07, 0x72, 0x0E, 0xA0, 0x77, 0x20, 0xEA, 0x07, 0x72, 0x0E, 0xA0, 0x77,
  0x20, 0xEA, 0x0E, 0x80, 0x4D, 0x04, 0x0E, 0xFC, 0x05, 0x0E, 0xFC, 0x05, 0x0E, 0xA0, 0x77, 0x20,
  0xEA, 0x07, 0x72, 0x0E, 0xA0, 0x77, 0x20, 0xEA, 0x07, 0x72, 0x0E, 0xA0, 0x77, 0x20, 0xEA, 0x07,
  0x72, 0x0E, 0xA0, 0x77, 0x20, 0xEA, 0x07, 0x72, 0x0E, 0xA0, 0xE8, 0x04, 0xD0, 0xB0, 0xEF, 0xC0,
  0x0E, 0xFC, 0x0E,
  // "Ë" (U+00CB), RLE, 95 bytes saved (47.0%)
  0x28, 0x1B, 0xE7, 0x38, 0x1A, 0xE8, 0x30, 0x4B, 0x20, 0x2B, 0x01, 0x20, 0x4B, 0x20, 0x2B, 0x01,
  0x38, 0x1B, 0xE7, 0x38, 0x19, 0xE8, 0x80, 0xE2, 0x00, 0xEF, 0xC0, 0x0E, 0xFC, 0x00, 0xEA, 0x0E,
  0x80, 0x4D, 0x0B, 0x0E, 0xA0, 0x77, 0x20, 0xEA, 0x07, 0x72, 0x0E, 0xA0, 0x77, 0x20, 0xEA, 0x07,
  0x72, 0x0E, 0xA0, 0x77, 0x20, 0xEA, 0x07, 0x72, 0x0E, 0xA0, 0xE8, 0x04, 0xD0, 0x40, 0xEF, 0xC0,
  0x50, 0xEF, 0xC0, 0x50, 0xEA, 0x07, 0x72, 0x0E, 0xA0, 0x77, 0x20, 0xEA, 0x07, 0x72, 0x0E, 0xA0,
  0x77, 0x20, 0xEA, 0x07, 0x72, 0x0E, 0xA0, 0x77, 0x20, 0xEA, 0x07, 0x72, 0x0E, 0xA0, 0x77, 0x20,
  0xEA, 0x0E, 0x80, 0x4D, 0x0B, 0x0E, 0xFC, 0x00, 0xEF, 0xC0, 0xE0,
  // "Ì" (U+00CC), RLE, 64 bytes saved (40.0%)
  0x83, 0x57, 0x77, 0x25, 0x04, 0xB0, 0xC6, 0x06, 0xB0, 0x56, 0x07, 0xA0, 0xE0, 0x16, 0x07, 0xA0,
  0xA7, 0x06, 0xA0, 0x57, 0x77, 0x74, 0x0C, 0xF9, 0x01, 0x0C, 0xF9, 0x82, 0x15, 0xAE, 0xC0, 0xC0,
  0x73, 0x01, 0xB0, 0x65, 0x01, 0xB0, 0x65, 0x01, 0xB0, 0x65, 0x01, 0xB0, 0x65, 0x01, 0xB0, 0x65,
  0x01, 0xB0, 0x65, 0x01, 0xB0, 0x65, 0x01, 0xB0, 0x65, 0x01, 0xB0, 0x65, 0x01, 0xB0, 0x65, 0x01,
  0xB0, 0x65, 0x01, 0xB0, 0x65, 0x01, 0xB0, 0x65, 0x01, 0xB0, 0x65, 0x01, 0xB0, 0x65, 0x01, 0xB0,
  0x65, 0x01, 0xB0, 0x63, 0x81, 0x15, 0x9B, 0x83, 0xC6, 0x20, 0xCF, 0x90, 0x10, 0xCF, 0x90, 0x10,
  // "Í" (U+00CD), RLE, 59 bytes saved (36.9%)
  0x58, 0x34, 0x77, 0x73, 0x40, 0x10, 0xEA, 0x0D, 0x01, 0x40, 0xAA, 0x0E, 0x02, 0x40, 0x4A, 0x0E,
  0x03, 0x48, 0x31, 0xDF, 0xE3, 0x58, 0x29, 0xFD, 0x37, 0x77, 0x76, 0x0C, 0xF9, 0x01, 0x0C, 0xF9,
  0x82, 0x15, 0xAE, 0xC0, 0xC0, 0x73, 0x01, 0xB0, 0x65, 0x01, 0xB0, 0x65, 0x01, 0xB0, 0x65, 0x01,
  0xB0, 0x65, 0x01, 0xB0, 0x65, 0x01, 0xB0, 0x65, 0x01, 0xB0, 0x65, 0x01, 0xB0, 0x65, 0x01, 0xB0,
  0x65, 0x01, 0xB0, 0x65, 0x01, 0xB0, 0x65, 0x01, 0xB0, 0x65, 0x01, 0xB0, 0x65, 0x01, 0xB0, 0x65,
  0x01, 0xB0, 0x65, 0x01, 0xB0, 0x65, 0x01, 0xB0, 0x63, 0x81, 0x15, 0x9B, 0x83, 0xC6, 0x20, 0xCF,
  0x90, 0x10, 0xCF, 0x90, 0x10,
  // "Î" (U+00CE), RLE, 83 bytes saved (43.2%)
  0x48, 0x00, 0x77, 0x06, 0xC0, 0x85, 0x02, 0x0E, 0xD0, 0x43, 0x01, 0x0D, 0xA0, 0x80, 0x6A, 0x0E,
  0x02, 0x20, 0xBA, 0x07, 0x20, 0x6A, 0x84, 0xD1, 0x8F, 0xE4, 0x48, 0x23, 0xDF, 0xB8, 0x0C, 0x10,
  0x0C, 0xF9, 0x01, 0x20, 0xCF, 0x90, 0x12, 0x81, 0x5A, 0xEC, 0x0C, 0x07, 0x50, 0x1B, 0x06, 0x70,
  0x1B, 0x06, 0x70, 0x1B, 0x06, 0x70, 0x1B, 0x06, 0x70, 0x1B, 0x06, 0x70, 0x1B, 0x06, 0x70, 0x1B,
  0x06, 0x70, 0x1B, 0x06, 0x70, 0x1B, 0x06, 0x70, 0x1B, 0x06, 0x70, 0x1B, 0x06, 0x70, 0x1B, 0x06,
  0x70, 0x1B, 0x06, 0x70, 0x1B, 0x06, 0x70, 0x1B, 0x06, 0x70, 0x1B, 0x06, 0x70, 0x1B, 0x06, 0x58,
  0x11, 0x59, 0xB8, 0x1C, 0x62, 0x30, 0xCF, 0x90, 0x12, 0x0C, 0xF9, 0x01, 0x10,
  // "Ï" (U+00CF), RLE, 72 bytes saved (42.1%)
  0x18, 0x1B, 0xE7, 0x38, 0x3A, 0xE8, 0x04, 0xB2, 0x02, 0xB0, 0x10, 0x4B, 0x20, 0x2B, 0x83, 0x10,
  0xBE, 0x73, 0x81, 0x9E, 0x88, 0x0D, 0x20, 0x0C, 0xF9, 0x81, 0x10, 0xCF, 0x98, 0x31, 0x05, 0xAE,
  0xC0, 0xC0, 0x74, 0x01, 0xB0, 0x66, 0x01, 0xB0, 0x66, 0x01, 0xB0, 0x66, 0x01, 0xB0, 0x66, 0x01,
  0xB0, 0x66, 0x01, 0xB0, 0x66, 0x01, 0xB0, 0x66, 0x01, 0xB0, 0x66, 0x01, 0xB0, 0x66, 0x01, 0xB0,
  0x66, 0x01, 0xB0, 0x66, 0x01, 0xB0, 0x66, 0x01, 0xB0, 0x66, 0x01, 0xB0, 0x66, 0x01, 0xB0, 0x66,
  0x01, 0xB0, 0x66, 0x01, 0xB0, 0x64, 0x81, 0x15, 0x9B, 0x81, 0xC6, 0x22, 0x0C, 0xF9, 0x81, 0x10,
  0xCF, 0x90, 0x10,
  // "Ð" (U+00D0), RLE, 101 bytes saved (39.9%)
  0x30, 0xCF, 0x82, 0xEC, 0x95, 0x73, 0x0C, 0xFC, 0x0E, 0x07, 0x71, 0x0C, 0xA0, 0xE8, 0x00, 0xDE,
  0x0C, 0x02, 0x60, 0xCA, 0x0A, 0x58, 0x12, 0x7E, 0xB0, 0xD0, 0x15, 0x0C, 0xA0, 0xA7, 0x10, 0xAB,
  0x0B, 0x50, 0xCA, 0x0A, 0x72, 0x0B, 0xB0, 0x44, 0x0C, 0xA0, 0xA7, 0x20, 0x1B, 0x0B, 0x40, 0xCA,
  0x0A, 0x73, 0x0A, 0xB0, 0x13, 0x0C, 0xA0, 0xA7, 0x30, 0x6B, 0x04, 0x30, 0xCA, 0x0A, 0x73, 0x03,
  0xB0, 0x60, 0x1F, 0xB0, 0xC5, 0x02, 0xB0, 0x70, 0x1F, 0xB0, 0xC5, 0x01, 0xB8, 0x27, 0x1D, 0xDB,
  0x84, 0xED, 0xDD, 0xDA, 0x50, 0x2B, 0x06, 0x30, 0xCA, 0x0A, 0x73, 0x03, 0xB0, 0x53, 0x0C, 0xA0,
  0xA7, 0x30, 0x7B, 0x03, 0x30, 0xCA, 0x0A, 0x73, 0x0B, 0xA0, 0xE4, 0x0C, 0xA0, 0xA7, 0x20, 0x3B,
  0x0A, 0x40, 0xCA, 0x0A, 0x72, 0x0D, 0xB0, 0x24, 0x0C, 0xA0, 0xA7, 0x01, 0x0C, 0xB0, 0x95, 0x0C,
  0xA0, 0xA5, 0x04, 0x09, 0xC0, 0xB6, 0x0C, 0xA8, 0x3E, 0xDD, 0xDE, 0xE0, 0xA7, 0x0C, 0xFC, 0x0C,
  0x05, 0x71, 0x0C, 0xE8, 0x3E, 0xDB, 0x73, 0x70,
  // "Ñ" (U+00D1), RLE, 90 bytes saved (30.5%)
  0x58, 0x26, 0xCC, 0x74, 0x81, 0x7D, 0x47, 0x08, 0xC8, 0x5D, 0x40, 0x1E, 0xF2, 0x60, 0x2F, 0x82,
  0xEE, 0xFD, 0x78, 0x47, 0xFB, 0x12, 0x9D, 0x05, 0x78, 0x1A, 0xF4, 0x38, 0x33, 0xBE, 0xD5, 0x80,
  0xF2, 0x00, 0xEB, 0x07, 0x73, 0x06, 0xA0, 0xC0, 0xEC, 0x02, 0x72, 0x06, 0xA0, 0xC0, 0xEC, 0x0B,
  0x72, 0x06, 0xA0, 0xC0, 0xED, 0x06, 0x71, 0x06, 0xA0, 0xC0, 0xEA, 0x0E, 0xA0, 0xE0, 0x17, 0x06,
  0xA8, 0x3C, 0xEF, 0xE6, 0xB0, 0xA7, 0x06, 0xA0, 0xC0, 0xEA, 0x10, 0xCB, 0x04, 0x60, 0x6A, 0x0C,
  0x0E, 0xA0, 0x10, 0x2B, 0x0D, 0x60, 0x6A, 0x0C, 0x0E, 0xA8, 0x11, 0x08, 0xB0, 0x85, 0x06, 0xA0,
  0xC0, 0xEA, 0x02, 0x20, 0xDB, 0x02, 0x40, 0x6A, 0x0C, 0x0E, 0xA0, 0x22, 0x04, 0xB0, 0xC4, 0x06,
  0xA0, 0xC0, 0xEA, 0x02, 0x30, 0xAB, 0x06, 0x30, 0x6A, 0x0C, 0x0E, 0xA0, 0x23, 0x01, 0x0E, 0xA0,
  0xE0, 0x12, 0x06, 0xA0, 0xC0, 0xEA, 0x02, 0x40, 0x6B, 0x0A, 0x20, 0x5A, 0x0C, 0x0E, 0xA0, 0x25,
  0x0B, 0xB8, 0x14, 0x05, 0xA0, 0xC0, 0xEA, 0x02, 0x50, 0x2B, 0x81, 0xD0, 0x4A, 0x0C, 0x0E, 0xA0,
  0x26, 0x07, 0xB0, 0x80, 0x4A, 0x0C, 0x0E, 0xA0, 0x27, 0x0D, 0xB0, 0x6A, 0x0C, 0x0E, 0xA0, 0x27,
  0x03, 0xB0, 0xEA, 0x0C, 0x0E, 0xA0, 0x27, 0x10, 0x9D, 0x0C, 0x0E, 0xA0, 0x27, 0x10, 0x10, 0xEC,
  0x0C, 0x0E, 0xA0, 0x27, 0x20, 0x5C, 0x0C, 0x0E, 0xA0, 0x27, 0x30, 0xBB, 0x0C,
  // "Ò" (U+00D2), RLE, 180 bytes saved (48.9%)
  0x78, 0x35, 0x77, 0x72, 0x77, 0x40, 0x4B, 0x0C, 0x77, 0x50, 0x6B, 0x05, 0x77, 0x50, 0x7A, 0x0E,
  0x01, 0x77, 0x50, 0x7A, 0x0A, 0x77, 0x60, 0x6A, 0x05, 0x80, 0x99, 0x70, 0x89, 0x11, 0x6A, 0xDE,
  0xFE, 0xDA, 0x61, 0x74, 0x07, 0x0E, 0xFA, 0x0E, 0x08, 0x72, 0x0B, 0xD8, 0x1E, 0xDE, 0xD0, 0xC0,
  0x16, 0x0A, 0xB8, 0x1E, 0x61, 0x38, 0x11, 0x5D, 0xB0, 0xC5, 0x06, 0xB0, 0xC0, 0x17, 0x10, 0xAB,
  0x07, 0x40, 0xDA, 0x0E, 0x01, 0x73, 0x0D, 0xA0, 0xE0, 0x12, 0x04, 0xB0, 0x77, 0x40, 0x5B, 0x06,
  0x20, 0x9B, 0x01, 0x75, 0x0E, 0xA0, 0xB2, 0x0C, 0xA0, 0xD7, 0x60, 0xBA, 0x0E, 0x20, 0xEA, 0x0A,
  0x76, 0x09, 0xB0, 0x11, 0xB0, 0x97, 0x60, 0x7B, 0x02, 0x01, 0xB0, 0x87, 0x60, 0x7B, 0x03, 0x1B,
  0x09, 0x76, 0x07, 0xB8, 0x12, 0x0E, 0xA0, 0xA7, 0x60, 0x9B, 0x81, 0x10, 0xCA, 0x0D, 0x76, 0x0B,
  0xA0, 0xE2, 0x09, 0xB0, 0x27, 0x5B, 0x0B, 0x20, 0x4B, 0x07, 0x74, 0x06, 0xB0, 0x63, 0x0E, 0xA0,
  0xE0, 0x17, 0x30, 0xDA, 0x0E, 0x01, 0x30, 0x6B, 0x0C, 0x01, 0x71, 0x0B, 0xB0, 0x75, 0x0B, 0xB8,
  0x1E, 0x61, 0x38, 0x11, 0x5D, 0xB0, 0xB7, 0x0B, 0xD8, 0x1E, 0xDE, 0xD0, 0xC0, 0x17, 0x10, 0x70,
  0xEF, 0xA0, 0xE0, 0x77, 0x48, 0x91, 0x16, 0xAD, 0xEF, 0xED, 0xA6, 0x16,
  // "Ó" (U+00D3), RLE, 175 bytes saved (47.6%)
  0x75, 0x83, 0x47, 0x77, 0x37, 0x73, 0x01, 0x0E, 0xA0, 0xD0, 0x17, 0x73, 0x0A, 0xA0, 0xE0, 0x27,
  0x73, 0x04, 0xA0, 0xE0, 0x37, 0x73, 0x83, 0x1D, 0xFE, 0x37, 0x74, 0x82, 0x9F, 0xD3, 0x80, 0x9A,
  0x10, 0x89, 0x11, 0x6A, 0xDE, 0xFE, 0xDA, 0x61, 0x74, 0x07, 0x0E, 0xFA, 0x0E, 0x08, 0x72, 0x0B,
  0xD8, 0x1E, 0xDE, 0xD0, 0xC0, 0x16, 0x0A, 0xB8, 0x1E, 0x61, 0x38, 0x11, 0x5D, 0xB0, 0xC5, 0x06,
  0xB0, 0xC0, 0x17, 0x10, 0xAB, 0x07, 0x40, 0xDA, 0x0E, 0x01, 0x73, 0x0D, 0xA0, 0xE0, 0x12, 0x04,
  0xB0, 0x77, 0x40, 0x5B, 0x06, 0x20, 0x9B, 0x01, 0x75, 0x0E, 0xA0, 0xB2, 0x0C, 0xA0, 0xD7, 0x60,
  0xBA, 0x0E, 0x20, 0xEA, 0x0A, 0x76, 0x09, 0xB0, 0x11, 0xB0, 0x97, 0x60, 0x7B, 0x02, 0x01, 0xB0,
  0x87, 0x60, 0x7B, 0x03, 0x1B, 0x09, 0x76, 0x07, 0xB8, 0x12, 0x0E, 0xA0, 0xA7, 0x60, 0x9B, 0x81,
  0x10, 0xCA, 0x0D, 0x76, 0x0B, 0xA0, 0xE2, 0x09, 0xB0, 0x27, 0x5B, 0x0B, 0x20, 0x4B, 0x07, 0x74,
  0x06, 0xB0, 0x63, 0x0E, 0xA0, 0xE0, 0x17, 0x30, 0xDA, 0x0E, 0x01, 0x30, 0x6B, 0x0C, 0x01, 0x71,
  0x0B, 0xB0, 0x75, 0x0B, 0xB8, 0x1E, 0x61, 0x38, 0x11, 0x5D, 0xB0, 0xB7, 0x0B, 0xD8, 0x1E, 0xDE,
  0xD0, 0xC0, 0x17, 0x10, 0x70, 0xEF, 0xA0, 0xE0, 0x77, 0x48, 0x91, 0x16, 0xAD, 0xEF, 0xED, 0xA6,
  0x16,
  // "Ô" (U+00D4), RLE, 170 bytes saved (46.2%)
  0x73, 0x80, 0x07, 0x77, 0x40, 0x6C, 0x08, 0x77, 0x20, 0x20, 0xED, 0x04, 0x77, 0x01, 0x0D, 0xA0,
  0x80, 0x6A, 0x0E, 0x02, 0x76, 0x0B, 0xA0, 0x72, 0x06, 0xA0, 0xD0, 0x17, 0x48, 0x28, 0xFE, 0x44,
  0x82, 0x3D, 0xFB, 0x80, 0x99, 0x40, 0x89, 0x11, 0x6A, 0xDE, 0xFE, 0xDA, 0x61, 0x74, 0x07, 0x0E,
  0xFA, 0x0E, 0x08, 0x72, 0x0B, 0xD8, 0x1E, 0xDE, 0xD0, 0xC0, 0x16, 0x0A, 0xB8, 0x1E, 0x61, 0x38,
  0x11, 0x5D, 0xB0, 0xC5, 0x06, 0xB0, 0xC0, 0x17, 0x10, 0xAB, 0x07, 0x40, 0xDA, 0x0E, 0x01, 0x73,
  0x0D, 0xA0, 0xE0, 0x12, 0x04, 0xB0, 0x77, 0x40, 0x5B, 0x06, 0x20, 0x9B, 0x01, 0x75, 0x0E, 0xA0,
  0xB2, 0x0C, 0xA0, 0xD7, 0x60, 0xBA, 0x0E, 0x20, 0xEA, 0x0A, 0x76, 0x09, 0xB0, 0x11, 0xB0, 0x97,
  0x60, 0x7B, 0x02, 0x01, 0xB0, 0x87, 0x60, 0x7B, 0x03, 0x1B, 0x09, 0x76, 0x07, 0xB8, 0x12, 0x0E,
  0xA0, 0xA7, 0x60, 0x9B, 0x81, 0x10, 0xCA, 0x0D, 0x76, 0x0B, 0xA0, 0xE2, 0x09, 0xB0, 0x27, 0x5B,
  0x0B, 0x20, 0x4B, 0x07, 0x74, 0x06, 0xB0, 0x63, 0x0E, 0xA0, 0xE0, 0x17, 0x30, 0xDA, 0x0E, 0x01,
  0x30, 0x6B, 0x0C, 0x01, 0x71, 0x0B, 0xB0, 0x75, 0x0B, 0xB8, 0x1E, 0x61, 0x38, 0x11, 0x5D, 0xB0,
  0xB7, 0x0B, 0xD8, 0x1E, 0xDE, 0xD0, 0xC0, 0x17, 0x10, 0x70, 0xEF, 0xA0, 0xE0, 0x77, 0x48, 0x91,
  0x16, 0xAD, 0xEF, 0xED, 0xA6, 0x16,
  // "Õ" (U+00D5), RLE, 161 bytes saved (45.1%)
  0x78, 0x26, 0xCC, 0x74, 0x81, 0x7D, 0x47, 0x40, 0x8C, 0x85, 0xD4, 0x01, 0xEF, 0x27, 0x30, 0x2F,
  0x82, 0xEE, 0xFD, 0x74, 0x84, 0x7F, 0xB1, 0x29, 0xD0, 0x57, 0x48, 0x1A, 0xF4, 0x38, 0x33, 0xBE,
  0xD5, 0x80, 0x99, 0x60, 0x89, 0x11, 0x6A, 0xDE, 0xFE, 0xDA, 0x61, 0x74, 0x07, 0x0E, 0xFA, 0x0E,
  0x08, 0x72, 0x0B, 0xD8, 0x1E, 0xDE, 0xD0, 0xC0, 0x16, 0x0A, 0xB8, 0x1E, 0x61, 0x38, 0x11, 0x5D,
  0xB0, 0xC5, 0x06, 0xB0, 0xC0, 0x17, 0x10, 0xAB, 0x07, 0x40, 0xDA, 0x0E, 0x01, 0x73, 0x0D, 0xA0,
  0xE0, 0x12, 0x04, 0xB0, 0x77, 0x40, 0x5B, 0x06, 0x20, 0x9B, 0x01, 0x75, 0x0E, 0xA0, 0xB2, 0x0C,
  0xA0, 0xD7, 0x60, 0xBA, 0x0E, 0x20, 0xEA, 0x0A, 0x76, 0x09, 0xB0, 0x11, 0xB0, 0x97, 0x60, 0x7B,
  0x02, 0x01, 0xB0, 0x87, 0x60, 0x7B, 0x03, 0x1B, 0x09, 0x76, 0x07, 0xB8, 0x12, 0x0E, 0xA0, 0xA7,
  0x60, 0x9B, 0x81, 0x10, 0xCA, 0x0D, 0x76, 0x0B, 0xA0, 0xE2, 0x09, 0xB0, 0x27, 0x5B, 0x0B, 0x20,
  0x4B, 0x07, 0x74, 0x06, 0xB0, 0x63, 0x0E, 0xA0, 0xE0, 0x17, 0x30, 0xDA, 0x0E, 0x01, 0x30, 0x6B,
  0x0C, 0x01, 0x71, 0x0B, 0xB0, 0x75, 0x0B, 0xB8, 0x1E, 0x61, 0x38, 0x11, 0x5D, 0xB0, 0xB7, 0x0B,
  0xD8, 0x1E, 0xDE, 0xD0, 0xC0, 0x17, 0x10, 0x70, 0xEF, 0xA0, 0xE0, 0x77, 0x48, 0x91, 0x16, 0xAD,
  0xEF, 0xED, 0xA6, 0x16,
  // "Ö" (U+00D6), RLE, 170 bytes saved (47.6%)
  0x78, 0x1B, 0xE7, 0x38, 0x1A, 0xE8, 0x76, 0x04, 0xB2, 0x02, 0xB0, 0x17, 0x50, 0x4B, 0x20, 0x2B,
  0x01, 0x76, 0x81, 0xBE, 0x73, 0x81, 0x9E, 0x88, 0x09, 0xC5, 0x08, 0x91, 0x16, 0xAD, 0xEF, 0xED,
  0xA6, 0x17, 0x40, 0x70, 0xEF, 0xA0, 0xE0, 0x87, 0x20, 0xBD, 0x81, 0xED, 0xED, 0x0C, 0x01, 0x60,
  0xAB, 0x81, 0xE6, 0x13, 0x81, 0x15, 0xDB, 0x0C, 0x50, 0x6B, 0x0C, 0x01, 0x71, 0x0A, 0xB0, 0x74,
  0x0D, 0xA0, 0xE0, 0x17, 0x30, 0xDA, 0x0E, 0x01, 0x20, 0x4B, 0x07, 0x74, 0x05, 0xB0, 0x62, 0x09,
  0xB0, 0x17, 0x50, 0xEA, 0x0B, 0x20, 0xCA, 0x0D, 0x76, 0x0B, 0xA0, 0xE2, 0x0E, 0xA0, 0xA7, 0x60,
  0x9B, 0x01, 0x1B, 0x09, 0x76, 0x07, 0xB0, 0x20, 0x1B, 0x08, 0x76, 0x07, 0xB0, 0x31, 0xB0, 0x97,
  0x60, 0x7B, 0x81, 0x20, 0xEA, 0x0A, 0x76, 0x09, 0xB8, 0x11, 0x0C, 0xA0, 0xD7, 0x60, 0xBA, 0x0E,
  0x20, 0x9B, 0x02, 0x75, 0xB0, 0xB2, 0x04, 0xB0, 0x77, 0x40, 0x6B, 0x06, 0x30, 0xEA, 0x0E, 0x01,
  0x73, 0x0D, 0xA0, 0xE0, 0x13, 0x06, 0xB0, 0xC0, 0x17, 0x10, 0xBB, 0x07, 0x50, 0xBB, 0x81, 0xE6,
  0x13, 0x81, 0x15, 0xDB, 0x0B, 0x70, 0xBD, 0x81, 0xED, 0xED, 0x0C, 0x01, 0x71, 0x07, 0x0E, 0xFA,
  0x0E, 0x07, 0x74, 0x89, 0x11, 0x6A, 0xDE, 0xFE, 0xDA, 0x61, 0x60,
  // "×" (U+00D7), RLE, 17 bytes saved (16.2%)
  0x10, 0x17, 0x38, 0x32, 0x01, 0xDB, 0x71, 0x82, 0x7F, 0x4A, 0xA0, 0xB6, 0x07, 0xA8, 0x1E, 0x1D,
  0xA0, 0xB4, 0x08, 0xA8, 0x3E, 0x30, 0x1D, 0xA0, 0xB2, 0x08, 0xA0, 0xE0, 0x33, 0x01, 0x0D, 0xA0,
  0xB0, 0x8A, 0x0E, 0x03, 0x50, 0x10, 0xDC, 0x0E, 0x03, 0x70, 0x10, 0xEB, 0x04, 0x71, 0x08, 0xC0,
  0xB7, 0x08, 0xA0, 0xE0, 0xDA, 0x0B, 0x50, 0x7A, 0x82, 0xE3, 0x1D, 0xA0, 0xA3, 0x07, 0xA0, 0xE0,
  0x32, 0x01, 0x0D, 0xA8, 0x1A, 0x07, 0xA0, 0xE0, 0x34, 0x01, 0x0D, 0xA8, 0x3A, 0x5F, 0xE3, 0x68,
  0x51, 0xDF, 0x90, 0x53, 0x71, 0x01, 0x07, 0x10,
  // "Ø" (U+00D8), RLE, 88 bytes saved (30.6%)
  0x77, 0x40, 0x60, 0x37, 0x38, 0x91, 0x5A, 0xDE, 0xFE, 0xDA, 0x61, 0x3A, 0x06, 0x70, 0x70, 0xEF,
  0xA8, 0x3E, 0xEF, 0xE2, 0x60, 0xBD, 0x81, 0xED, 0xEE, 0x06, 0x60, 0xAB, 0x81, 0xE6, 0x13, 0x81,
  0x16, 0xEB, 0x0B, 0x50, 0x6B, 0x0C, 0x01, 0x60, 0x10, 0xDC, 0x07, 0x40, 0xDA, 0x0E, 0x01, 0x70,
  0xAA, 0x0E, 0xA0, 0xE3, 0x04, 0xB0, 0x77, 0x06, 0xA0, 0x90, 0x6B, 0x06, 0x20, 0x9B, 0x01, 0x68,
  0x22, 0xEF, 0xD2, 0xB0, 0xA2, 0x0C, 0xA0, 0xD7, 0x0C, 0xA0, 0x32, 0x0B, 0xA0, 0xE2, 0x0E, 0xA0,
  0xA6, 0x08, 0xA0, 0x73, 0x09, 0xB2, 0xB0, 0x95, 0x04, 0xA0, 0xC4, 0x07, 0xB0, 0x20, 0x1B, 0x08,
  0x48, 0x31, 0xDF, 0xE2, 0x40, 0x7B, 0x02, 0x1B, 0x09, 0x40, 0xAA, 0x05, 0x50, 0x7B, 0x81, 0x20,
  0xEA, 0x0A, 0x30, 0x6A, 0x0A, 0x60, 0x9B, 0x81, 0x10, 0xCA, 0x0D, 0x28, 0x32, 0xEF, 0xD1, 0x60,
  0xBA, 0x0E, 0x20, 0x9B, 0x81, 0x10, 0xCA, 0x03, 0x70, 0xEA, 0x0A, 0x20, 0x5B, 0x07, 0x08, 0xA0,
  0x87, 0x05, 0xB0, 0x63, 0x0D, 0xA0, 0xEA, 0x0C, 0x71, 0x0D, 0xA0, 0xE0, 0x13, 0x06, 0xC0, 0xE0,
  0x27, 0x0B, 0xB0, 0x75, 0x0B, 0xB8, 0x1E, 0x71, 0x38, 0x11, 0x5D, 0xB0, 0xB6, 0x06, 0xE8, 0x1E,
  0xDE, 0xD0, 0xB6, 0x83, 0x2E, 0xFE, 0xEF, 0xA0, 0xE0, 0x77, 0x07, 0xA8, 0x92, 0x41, 0x6A, 0xDE,
  0xFE, 0xDA, 0x61, 0x72, 0x04, 0x07, 0x77, 0x40,
  // "Ù" (U+00D9), RLE, 133 bytes saved (43.8%)
  0x58, 0x35, 0x77, 0x72, 0x77, 0x04, 0xB0, 0xC7, 0x71, 0x06, 0xB0, 0x57, 0x71, 0x07, 0xA0, 0xE0,
  0x17, 0x71, 0x07, 0xA0, 0xA7, 0x72, 0x06, 0xA0, 0x58, 0x0F, 0x30, 0x02, 0xB0, 0x47, 0x30, 0xAA,
  0x0B, 0x02, 0xB0, 0x47, 0x30, 0xAA, 0x0B, 0x02, 0xB0, 0x47, 0x30, 0xAA, 0x0B, 0x02, 0xB0, 0x47,
  0x30, 0xAA, 0x0B, 0x02, 0xB0, 0x47, 0x30, 0xAA, 0x0B, 0x02, 0xB0, 0x47, 0x30, 0xAA, 0x0B, 0x02,
  0xB0, 0x47, 0x30, 0xAA, 0x0B, 0x02, 0xB0, 0x47, 0x30, 0xAA, 0x0B, 0x02, 0xB0, 0x47, 0x30, 0xAA,
  0x0B, 0x02, 0xB0, 0x47, 0x30, 0xAA, 0x0B, 0x02, 0xB0, 0x47, 0x30, 0xAA, 0x0B, 0x02, 0xB0, 0x47,
  0x30, 0xAA, 0x0B, 0x02, 0xB0, 0x47, 0x30, 0xAA, 0x0B, 0x02, 0xB0, 0x47, 0x30, 0xAA, 0x0B, 0x02,
  0xB0, 0x47, 0x30, 0xAA, 0x0B, 0x01, 0xB0, 0x57, 0x30, 0xBA, 0x81, 0xA0, 0xEA, 0x08, 0x73, 0x0E,
  0xA8, 0x18, 0x0B, 0xA0, 0xD7, 0x20, 0x4B, 0x81, 0x40, 0x5B, 0x08, 0x71, 0x0D, 0xA0, 0xE3, 0x0C,
  0xB0, 0xA0, 0x34, 0x04, 0x0D, 0xB0, 0x63, 0x02, 0x0E, 0xC8, 0x1E, 0xDD, 0xD0, 0x95, 0x01, 0x0B,
  0xFA, 0x0E, 0x06, 0x71, 0x82, 0x39, 0xCE, 0xA8, 0x2D, 0xB6, 0x14,
  // "Ú" (U+00DA), RLE, 130 bytes saved (42.8%)
  0x73, 0x83, 0x47, 0x77, 0x37, 0x60, 0x10, 0xEA, 0x0D, 0x01, 0x76, 0x0A, 0xA0, 0xE0, 0x27, 0x60,
  0x4A, 0x0E, 0x03, 0x76, 0x83, 0x1D, 0xFE, 0x37, 0x78, 0x29, 0xFD, 0x38, 0x0F, 0x50, 0x02, 0xB0,
  0x47, 0x30, 0xAA, 0x0B, 0x02, 0xB0, 0x47, 0x30, 0xAA, 0x0B, 0x02, 0xB0, 0x47, 0x30, 0xAA, 0x0B,
  0x02, 0xB0, 0x47, 0x30, 0xAA, 0x0B, 0x02, 0xB0, 0x47, 0x30, 0xAA, 0x0B, 0x02, 0xB0, 0x47, 0x30,
  0xAA, 0x0B, 0x02, 0xB0, 0x47, 0x30, 0xAA, 0x0B, 0x02, 0xB0, 0x47, 0x30, 0xAA, 0x0B, 0x02, 0xB0,
  0x47, 0x30, 0xAA, 0x0B, 0x02, 0xB0, 0x47, 0x30, 0xAA, 0x0B, 0x02, 0xB0, 0x47, 0x30, 0xAA, 0x0B,
  0x02, 0xB0, 0x47, 0x30, 0xAA, 0x0B, 0x02, 0xB0, 0x47, 0x30, 0xAA, 0x0B, 0x02, 0xB0, 0x47, 0x30,
  0xAA, 0x0B, 0x02, 0xB0, 0x47, 0x30, 0xAA, 0x0B, 0x01, 0xB0, 0x57, 0x30, 0xBA, 0x81, 0xA0, 0xEA,
  0x08, 0x73, 0x0E, 0xA8, 0x18, 0x0B, 0xA0, 0xD7, 0x20, 0x4B, 0x81, 0x40, 0x5B, 0x08, 0x71, 0x0D,
  0xA0, 0xE3, 0x0C, 0xB0, 0xA0, 0x34, 0x04, 0x0D, 0xB0, 0x63, 0x02, 0x0E, 0xC8, 0x1E, 0xDD, 0xD0,
  0x95, 0x01, 0x0B, 0xFA, 0x0E, 0x06, 0x71, 0x82, 0x39, 0xCE, 0xA8, 0x2D, 0xB6, 0x14,
  // "Û" (U+00DB), RLE, 124 bytes saved (40.8%)
  0x71, 0x80, 0x07, 0x77, 0x06, 0xC0, 0x87, 0x50, 0x20, 0xED, 0x04, 0x73, 0x01, 0x0D, 0xA0, 0x80,
  0x6A, 0x0E, 0x02, 0x72, 0x0B, 0xA0, 0x72, 0x06, 0xA0, 0xD0, 0x17, 0x82, 0x8F, 0xE4, 0x48, 0x23,
  0xDF, 0xB8, 0x0F, 0x00, 0x02, 0xB0, 0x47, 0x30, 0xAA, 0x0B, 0x02, 0xB0, 0x47, 0x30, 0xAA, 0x0B,
  0x02, 0xB0, 0x47, 0x30, 0xAA, 0x0B, 0x02, 0xB0, 0x47, 0x30, 0xAA, 0x0B, 0x02, 0xB0, 0x47, 0x30,
  0xAA, 0x0B, 0x02, 0xB0, 0x47, 0x30, 0xAA, 0x0B, 0x02, 0xB0, 0x47, 0x30, 0xAA, 0x0B, 0x02, 0xB0,
  0x47, 0x30, 0xAA, 0x0B, 0x02, 0xB0, 0x47, 0x30, 0xAA, 0x0B, 0x02, 0xB0, 0x47, 0x30, 0xAA, 0x0B,
  0x02, 0xB0, 0x47, 0x30, 0xAA, 0x0B, 0x02, 0xB0, 0x47, 0x30, 0xAA, 0x0B, 0x02, 0xB0, 0x47, 0x30,
  0xAA, 0x0B, 0x02, 0xB0, 0x47, 0x30, 0xAA, 0x0B, 0x02, 0xB0, 0x47, 0x30, 0xAA, 0x0B, 0x01, 0xB0,
  0x57, 0x30, 0xBA, 0x81, 0xA0, 0xEA, 0x08, 0x73, 0x0E, 0xA8, 0x18, 0x0B, 0xA0, 0xD7, 0x20, 0x4B,
  0x81, 0x40, 0x5B, 0x08, 0x71, 0x0D, 0xA0, 0xE3, 0x0C, 0xB0, 0xA0, 0x34, 0x04, 0x0D, 0xB0, 0x63,
  0x02, 0x0E, 0xC8, 0x1E, 0xDD, 0xD0, 0x95, 0x01, 0x0B, 0xFA, 0x0E, 0x06, 0x71, 0x82, 0x39, 0xCE,
  0xA8, 0x2D, 0xB6, 0x14,
  // "Ü" (U+00DC), RLE, 124 bytes saved (42.0%)
  0x58, 0x1B, 0xE7, 0x38, 0x1A, 0xE8, 0x72, 0x04, 0xB2, 0x02, 0xB0, 0x17, 0x10, 0x4B, 0x20, 0x2B,
  0x01, 0x72, 0x81, 0xBE, 0x73, 0x81, 0x9E, 0x88, 0x09, 0x95, 0x00, 0x2B, 0x04, 0x73, 0x0A, 0xA0,
  0xB0, 0x2B, 0x04, 0x73, 0x0A, 0xA0, 0xB0, 0x2B, 0x04, 0x73, 0x0A, 0xA0, 0xB0, 0x2B, 0x04, 0x73,
  0x0A, 0xA0, 0xB0, 0x2B, 0x04, 0x73, 0x0A, 0xA0, 0xB0, 0x2B, 0x04, 0x73, 0x0A, 0xA0, 0xB0, 0x2B,
  0x04, 0x73, 0x0A, 0xA0, 0xB0, 0x2B, 0x04, 0x73, 0x0A, 0xA0, 0xB0, 0x2B, 0x04, 0x73, 0x0A, 0xA0,
  0xB0, 0x2B, 0x04, 0x73, 0x0A, 0xA0, 0xB0, 0x2B, 0x04, 0x73, 0x0A, 0xA0, 0xB0, 0x2B, 0x04, 0x73,
  0x0A, 0xA0, 0xB0, 0x2B, 0x04, 0x73, 0x0A, 0xA0, 0xB0, 0x2B, 0x04, 0x73, 0x0A, 0xA0, 0xB0, 0x2B,
  0x04, 0x73, 0x0A, 0xA0, 0xB0, 0x1B, 0x05, 0x73, 0x0B, 0xA8, 0x1A, 0x0E, 0xA0, 0x87, 0x30, 0xEA,
  0x81, 0x80, 0xBA, 0x0D, 0x72, 0x04, 0xB8, 0x14, 0x05, 0xB0, 0x87, 0x10, 0xDA, 0x0E, 0x30, 0xCB,
  0x0A, 0x03, 0x40, 0x40, 0xDB, 0x06, 0x30, 0x20, 0xEC, 0x81, 0xED, 0xDD, 0x09, 0x50, 0x10, 0xBF,
  0xA0, 0xE0, 0x67, 0x18, 0x23, 0x9C, 0xEA, 0x82, 0xDB, 0x61, 0x40,
  // "Ý" (U+00DD), RLE, 166 bytes saved (54.6%)
  0x73, 0x83, 0x47, 0x77, 0x37, 0x60, 0x10, 0xEA, 0x0D, 0x01, 0x76, 0x0A, 0xA0, 0xE0, 0x27, 0x60,
  0x4A, 0x0E, 0x03, 0x76, 0x83, 0x1D, 0xFE, 0x37, 0x78, 0x29, 0xFD, 0x38, 0x0F, 0x50, 0x0B, 0xA0,
  0xE0, 0x17, 0x20, 0x5B, 0x05, 0x03, 0xB0, 0x87, 0x20, 0xCA, 0x0D, 0x20, 0xAA, 0x0E, 0x01, 0x70,
  0x5B, 0x04, 0x20, 0x2B, 0x09, 0x70, 0xDA, 0x0C, 0x40, 0x9B, 0x01, 0x50, 0x6B, 0x03, 0x40, 0x1B,
  0x09, 0x50, 0xDA, 0x0B, 0x60, 0x8B, 0x02, 0x30, 0x7B, 0x02, 0x60, 0x10, 0xEA, 0x0A, 0x30, 0xEA,
  0x09, 0x71, 0x07, 0xB8, 0x13, 0x07, 0xB0, 0x17, 0x20, 0xEA, 0x81, 0xB1, 0xEA, 0x08, 0x73, 0x06,
  0xB0, 0xBA, 0x0E, 0x01, 0x74, 0x0D, 0xD0, 0x77, 0x50, 0x5C, 0x0E, 0x77, 0x0C, 0xB0, 0x67, 0x70,
  0x6B, 0x77, 0x10, 0x6B, 0x77, 0x10, 0x6B, 0x77, 0x10, 0x6B, 0x77, 0x10, 0x6B, 0x77, 0x10, 0x6B,
  0x77, 0x10, 0x6B, 0x77, 0x10, 0x6B, 0x77, 0x10, 0x6B, 0x71,
  // "Þ" (U+00DE), RLE, 64 bytes saved (37.0%)
  0x0E, 0xA0, 0x77, 0x40, 0xEA, 0x07, 0x74, 0x0E, 0xA0, 0x77, 0x40, 0xEA, 0x07, 0x74, 0x0E, 0xE8,
  0x3E, 0xDB, 0x71, 0x30, 0xEF, 0xC0, 0x82, 0x0E, 0xA8, 0x3E, 0xDD, 0xDE, 0xD8, 0x19, 0x0E, 0xA0,
  0x74, 0x81, 0x17, 0xEB, 0x04, 0x0E, 0xA0, 0x76, 0x03, 0xB0, 0xA0, 0xEA, 0x07, 0x70, 0xBA, 0x0D,
  0x0E, 0xA0, 0x77, 0x08, 0xB0, 0xEA, 0x07, 0x70, 0x9A, 0x00, 0xEA, 0x07, 0x70, 0xCA, 0x0C, 0x0E,
  0xA0, 0x76, 0x05, 0xB0, 0x70, 0xEA, 0x07, 0x40, 0x20, 0x8B, 0x81, 0xE1, 0xEA, 0x0E, 0x0F, 0xDE,
  0x81, 0x50, 0xEF, 0xB0, 0xD0, 0x42, 0x0E, 0xE8, 0x2E, 0xC9, 0x54, 0x0E, 0xA0, 0x77, 0x40, 0xEA,
  0x07, 0x74, 0x0E, 0xA0, 0x77, 0x40, 0xEA, 0x07, 0x74, 0x0E, 0xA0, 0x77, 0x40,
  // "ß" (U+00DF), RLE, 78 bytes saved (34.7%)
  0x48, 0x76, 0xAD, 0xEF, 0xEC, 0x83, 0x70, 0x40, 0xDF, 0xA0, 0xA5, 0x03, 0xD0, 0x0D, 0xD0, 0xB4,
  0x0C, 0xB0, 0x70, 0x13, 0x04, 0x0C, 0xB0, 0x42, 0x02, 0xB0, 0x76, 0x01, 0xB0, 0x72, 0x04, 0xB0,
  0x27, 0x0E, 0xA0, 0x72, 0x05, 0xB7, 0x04, 0xB0, 0x32, 0x05, 0xB6, 0x03, 0x0E, 0xA0, 0x93, 0x05,
  0xB5, 0x05, 0xB0, 0xA4, 0x05, 0xB4, 0x05, 0xB0, 0x85, 0x05, 0xB3, 0x01, 0x0E, 0xA0, 0x76, 0x05,
  0xB3, 0x03, 0xB0, 0x26, 0x05, 0xB3, 0x02, 0xB0, 0x96, 0x05, 0xB4, 0x0B, 0xB0, 0xB0, 0x14, 0x05,
  0xB4, 0x01, 0x0C, 0xB0, 0xE0, 0x53, 0x05, 0xB6, 0x09, 0xC0, 0x82, 0x05, 0xB7, 0x04, 0x0D, 0xB8,
  0x18, 0x05, 0xB7, 0x10, 0x10, 0xBB, 0x02, 0x05, 0xB7, 0x20, 0x1B, 0x06, 0x05, 0xB7, 0x30, 0xDA,
  0x08, 0x05, 0xB7, 0x30, 0xEA, 0x08, 0x05, 0xB2, 0x81, 0x6B, 0x44, 0x09, 0xB0, 0x05, 0xB2, 0x06,
  0xB0, 0x0D, 0xC8, 0x1D, 0x05, 0xB2, 0x06, 0xF9, 0x82, 0xD2, 0x05, 0xB2, 0x82, 0x16, 0xBD, 0xA8,
  0x1E, 0xB7, 0x30,
  // "à" (U+00E0), RLE, 68 bytes saved (34.9%)
  0x38, 0x35, 0x77, 0x72, 0x73, 0x04, 0xB0, 0xC7, 0x40, 0x6B, 0x05, 0x74, 0x07, 0xA0, 0xE0, 0x17,
  0x40, 0x7A, 0x0A, 0x75, 0x06, 0xA0, 0x58, 0x0C, 0x20, 0x87, 0x59, 0xDE, 0xFE, 0xB7, 0x14, 0x06,
  0x0E, 0xF9, 0x0E, 0x03, 0x30, 0x5C, 0x00, 0xDC, 0x0E, 0x48, 0x1D, 0x94, 0x30, 0x10, 0x8B, 0x06,
  0x74, 0x0C, 0xA0, 0xA7, 0x40, 0x8A, 0x0C, 0x74, 0x08, 0xA0, 0xC3, 0x83, 0x27, 0xBD, 0xEE, 0x0C,
  0x20, 0x8F, 0xC8, 0x1C, 0x09, 0xD8, 0x3E, 0xDD, 0xDE, 0xA0, 0xC0, 0x2B, 0x81, 0xE6, 0x14, 0x08,
  0xA0, 0xC0, 0x7B, 0x04, 0x60, 0x9A, 0x0C, 0x08, 0xA0, 0xE7, 0x0B, 0xA0, 0xC0, 0x7B, 0x60, 0x4B,
  0x0C, 0x04, 0xB0, 0xA0, 0x12, 0x81, 0x18, 0xEB, 0x81, 0xC0, 0xDC, 0x0D, 0x0E, 0xB0, 0x6A, 0x82,
  0xC0, 0x3E, 0xE8, 0x4E, 0x40, 0xEF, 0xC2, 0x86, 0x18, 0xDF, 0xED, 0x82, 0x28, 0x1B, 0xFC,
  // "á" (U+00E1), RLE, 63 bytes saved (32.3%)
  0x72, 0x83, 0x47, 0x77, 0x37, 0x20, 0x10, 0xEA, 0x0D, 0x01, 0x72, 0x0A, 0xA0, 0xE0, 0x27, 0x20,
  0x4A, 0x0E, 0x03, 0x72, 0x83, 0x1D, 0xFE, 0x37, 0x38, 0x29, 0xFD, 0x38, 0x0C, 0x30, 0x87, 0x59,
  0xDE, 0xFE, 0xB7, 0x14, 0x06, 0x0E, 0xF9, 0x0E, 0x03, 0x30, 0x5C, 0x00, 0xDC, 0x0E, 0x48, 0x1D,
  0x94, 0x30, 0x10, 0x8B, 0x06, 0x74, 0x0C, 0xA0, 0xA7, 0x40, 0x8A, 0x0C, 0x74, 0x08, 0xA0, 0xC3,
  0x83, 0x27, 0xBD, 0xEE, 0x0C, 0x20, 0x8F, 0xC8, 0x1C, 0x09, 0xD8, 0x3E, 0xDD, 0xDE, 0xA0, 0xC0,
  0x2B, 0x81, 0xE6, 0x14, 0x08, 0xA0, 0xC0, 0x7B, 0x04, 0x60, 0x9A, 0x0C, 0x08, 0xA0, 0xE7, 0x0B,
  0xA0, 0xC0, 0x7B, 0x60, 0x4B, 0x0C, 0x04, 0xB0, 0xA0, 0x12, 0x81, 0x18, 0xEB, 0x81, 0xC0, 0xDC,
  0x0D, 0x0E, 0xB0, 0x6A, 0x82, 0xC0, 0x3E, 0xE8, 0x4E, 0x40, 0xEF, 0xC2, 0x86, 0x18, 0xDF, 0xED,
  0x82, 0x28, 0x1B, 0xFC,
  // "â" (U+00E2), RLE, 58 bytes saved (29.7%)
  0x68, 0x00, 0x77, 0x30, 0x6C, 0x08, 0x71, 0x02, 0x0E, 0xD0, 0x46, 0x01, 0x0D, 0xA0, 0x80, 0x6A,
  0x0E, 0x02, 0x50, 0xBA, 0x07, 0x20, 0x6A, 0x0D, 0x01, 0x38, 0x28, 0xFE, 0x44, 0x82, 0x3D, 0xFB,
  0x77, 0x77, 0x78, 0x75, 0x9D, 0xEF, 0xEB, 0x71, 0x40, 0x60, 0xEF, 0x90, 0xE0, 0x33, 0x05, 0xC0,
  0x0D, 0xC0, 0xE4, 0x81, 0xD9, 0x43, 0x01, 0x08, 0xB0, 0x67, 0x40, 0xCA, 0x0A, 0x74, 0x08, 0xA0,
  0xC7, 0x40, 0x8A, 0x0C, 0x38, 0x32, 0x7B, 0xDE, 0xE0, 0xC2, 0x08, 0xFC, 0x81, 0xC0, 0x9D, 0x83,
  0xED, 0xDD, 0xEA, 0x0C, 0x02, 0xB8, 0x1E, 0x61, 0x40, 0x8A, 0x0C, 0x07, 0xB0, 0x46, 0x09, 0xA0,
  0xC0, 0x8A, 0x0E, 0x70, 0xBA, 0x0C, 0x07, 0xB6, 0x04, 0xB0, 0xC0, 0x4B, 0x0A, 0x01, 0x28, 0x11,
  0x8E, 0xB8, 0x1C, 0x0D, 0xC0, 0xD0, 0xEB, 0x06, 0xA8, 0x2C, 0x03, 0xEE, 0x84, 0xE4, 0x0E, 0xFC,
  0x28, 0x61, 0x8D, 0xFE, 0xD8, 0x22, 0x81, 0xBF, 0xC0,
  // "ã" (U+00E3), RLE, 52 bytes saved (27.7%)
  0x48, 0x26, 0xCC, 0x74, 0x81, 0x7D, 0x43, 0x08, 0xC8, 0x5D, 0x40, 0x1E, 0xF2, 0x20, 0x2F, 0x82,
  0xEE, 0xFD, 0x38, 0x47, 0xFB, 0x12, 0x9D, 0x05, 0x38, 0x1A, 0xF4, 0x38, 0x33, 0xBE, 0xD5, 0x80,
  0xC0, 0x08, 0x75, 0x9D, 0xEF, 0xEB, 0x71, 0x40, 0x60, 0xEF, 0x90, 0xE0, 0x33, 0x05, 0xC0, 0x0D,
  0xC0, 0xE4, 0x81, 0xD9, 0x43, 0x01, 0x08, 0xB0, 0x67, 0x40, 0xCA, 0x0A, 0x74, 0x08, 0xA0, 0xC7,
  0x40, 0x8A, 0x0C, 0x38, 0x32, 0x7B, 0xDE, 0xE0, 0xC2, 0x08, 0xFC, 0x81, 0xC0, 0x9D, 0x83, 0xED,
  0xDD, 0xEA, 0x0C, 0x02, 0xB8, 0x1E, 0x61, 0x40, 0x8A, 0x0C, 0x07, 0xB0, 0x46, 0x09, 0xA0, 0xC0,
  0x8A, 0x0E, 0x70, 0xBA, 0x0C, 0x07, 0xB6, 0x04, 0xB0, 0xC0, 0x4B, 0x0A, 0x01, 0x28, 0x11, 0x8E,
  0xB8, 0x1C, 0x0D, 0xC0, 0xD0, 0xEB, 0x06, 0xA8, 0x2C, 0x03, 0xEE, 0x84, 0xE4, 0x0E, 0xFC, 0x28,
  0x61, 0x8D, 0xFE, 0xD8, 0x22, 0x81, 0xBF, 0xC0,
  // "ä" (U+00E4), RLE, 61 bytes saved (32.4%)
  0x48, 0x1B, 0xE7, 0x38, 0x1A, 0xE8, 0x50, 0x4B, 0x20, 0x2B, 0x01, 0x40, 0x4B, 0x20, 0x2B, 0x01,
  0x58, 0x1B, 0xE7, 0x38, 0x19, 0xE8, 0x80, 0xD7, 0x08, 0x75, 0x9D, 0xEF, 0xEB, 0x71, 0x40, 0x60,
  0xEF, 0x90, 0xE0, 0x33, 0x05, 0xC0, 0x0D, 0xC0, 0xE4, 0x81, 0xD9, 0x43, 0x01, 0x08, 0xB0, 0x67,
  0x40, 0xCA, 0x0A, 0x74, 0x08, 0xA0, 0xC7, 0x40, 0x8A, 0x0C, 0x38, 0x32, 0x7B, 0xDE, 0xE0, 0xC2,
  0x08, 0xFC, 0x81, 0xC0, 0x9D, 0x83, 0xED, 0xDD, 0xEA, 0x0C, 0x02, 0xB8, 0x1E, 0x61, 0x40, 0x8A,
  0x0C, 0x07, 0xB0, 0x46, 0x09, 0xA0, 0xC0, 0x8A, 0x0E, 0x70, 0xBA, 0x0C, 0x07, 0xB6, 0x04, 0xB0,
  0xC0, 0x4B, 0x0A, 0x01, 0x28, 0x11, 0x8E, 0xB8, 0x1C, 0x0D, 0xC0, 0xD0, 0xEB, 0x06, 0xA8, 0x2C,
  0x03, 0xEE, 0x84, 0xE4, 0x0E, 0xFC, 0x28, 0x61, 0x8D, 0xFE, 0xD8, 0x22, 0x81, 0xBF, 0xC0,
  // "å" (U+00E5), RLE, 60 bytes saved (29.6%)
  0x58, 0x43, 0xBE, 0xD9, 0x17, 0x18, 0x62, 0xEF, 0xEE, 0xFD, 0x17, 0x81, 0x8F, 0x82, 0x81, 0xBF,
  0x67, 0x81, 0xAF, 0x32, 0x81, 0x7F, 0x87, 0x81, 0x8F, 0x82, 0x81, 0xBF, 0x67, 0x02, 0xA8, 0x2E,
  0xEF, 0xD7, 0x28, 0x43, 0xBE, 0xE9, 0x18, 0x0C, 0x20, 0x87, 0x59, 0xDE, 0xFE, 0xB7, 0x14, 0x06,
  0x0E, 0xF9, 0x0E, 0x03, 0x30, 0x5C, 0x00, 0xDC, 0x0E, 0x48, 0x1D, 0x94, 0x30, 0x10, 0x8B, 0x06,
  0x74, 0x0C, 0xA0, 0xA7, 0x40, 0x8A, 0x0C, 0x74, 0x08, 0xA0, 0xC3, 0x83, 0x27, 0xBD, 0xEE, 0x0C,
  0x20, 0x8F, 0xC8, 0x1C, 0x09, 0xD8, 0x3E, 0xDD, 0xDE, 0xA0, 0xC0, 0x2B, 0x81, 0xE6, 0x14, 0x08,
  0xA0, 0xC0, 0x7B, 0x04, 0x60, 0x9A, 0x0C, 0x08, 0xA0, 0xE7, 0x0B, 0xA0, 0xC0, 0x7B, 0x60, 0x4B,
  0x0C, 0x04, 0xB0, 0xA0, 0x12, 0x81, 0x18, 0xEB, 0x81, 0xC0, 0xDC, 0x0D, 0x0E, 0xB0, 0x6A, 0x82,
  0xC0, 0x3E, 0xE8, 0x4E, 0x40, 0xEF, 0xC2, 0x86, 0x18, 0xDF, 0xED, 0x82, 0x28, 0x1B, 0xFC,
  // "æ" (U+00E6), RLE, 85 bytes saved (36.3%)
  0x38, 0x71, 0x6A, 0xDE, 0xED, 0x92, 0x38, 0x53, 0x9D, 0xFD, 0xB5, 0x60, 0x9F, 0xA8, 0x15, 0x08,
  0xF0, 0xC0, 0x14, 0x0A, 0xB8, 0x1E, 0xDE, 0xB0, 0xE0, 0x9B, 0x81, 0xED, 0xEB, 0x0D, 0x48, 0x23,
  0xD7, 0x23, 0x03, 0x0D, 0xC0, 0xE0, 0x53, 0x05, 0x0E, 0xA0, 0x87, 0x40, 0x3C, 0x06, 0x50, 0x7A,
  0x0E, 0x75, 0xB0, 0xE7, 0xB0, 0x47, 0x40, 0xEA, 0x0A, 0x70, 0xDA, 0x07, 0x38, 0x23, 0x8B, 0xEF,
  0xFC, 0x08, 0x20, 0xAF, 0xFF, 0x98, 0x19, 0x0A, 0xB8, 0x1B, 0x63, 0x0F, 0x2B, 0x0E, 0x80, 0x6D,
  0x07, 0x03, 0xB0, 0x96, 0xB0, 0x87, 0x40, 0x7B, 0x01, 0x6B, 0x0B, 0x74, 0x08, 0xA0, 0xE6, 0x04,
  0xB0, 0xE7, 0x40, 0x7B, 0x01, 0x50, 0xBC, 0x08, 0x73, 0x04, 0xB0, 0xA0, 0x12, 0x03, 0x0B, 0xA0,
  0xBB, 0x09, 0x01, 0x48, 0x13, 0x8A, 0x20, 0xDC, 0x0D, 0x0E, 0xB8, 0x1A, 0x09, 0xC8, 0x1E, 0xDD,
  0xB0, 0xB2, 0x02, 0x0E, 0xF0, 0x93, 0x08, 0xFA, 0x0B, 0x38, 0x61, 0x8D, 0xEF, 0xDA, 0x45, 0x87,
  0x28, 0xCE, 0xFE, 0xC9, 0x52,
  // "ç" (U+00E7), RLE, 69 bytes saved (37.9%)
  0x58, 0x75, 0xAD, 0xEE, 0xDA, 0x61, 0x30, 0x40, 0xEF, 0x90, 0x72, 0x04, 0xD0, 0x0D, 0xB8, 0x21,
  0x01, 0xEA, 0x0E, 0x06, 0x38, 0x11, 0x68, 0x20, 0x8B, 0x04, 0x72, 0x0D, 0xA0, 0xB7, 0x20, 0x1B,
  0x06, 0x72, 0x03, 0xB0, 0x37, 0x20, 0x4B, 0x02, 0x72, 0x04, 0xB0, 0x27, 0x20, 0x4B, 0x03, 0x72,
  0x02, 0xB0, 0x67, 0x30, 0xEA, 0x0B, 0x73, 0x09, 0xB0, 0x47, 0x20, 0x2B, 0x0E, 0x05, 0x48, 0x14,
  0xA3, 0x20, 0x6D, 0x00, 0xDB, 0x04, 0x30, 0x60, 0xEF, 0x90, 0x44, 0x87, 0x17, 0xBE, 0xFE, 0xDA,
  0x57, 0x18, 0x1B, 0xF7, 0x73, 0x02, 0xA0, 0x47, 0x30, 0x8B, 0x0A, 0x73, 0x01, 0x09, 0xA0, 0x77,
  0x30, 0x1A, 0x0A, 0x78, 0x22, 0x12, 0x7A, 0x08, 0x70, 0xDC, 0x0E, 0x02, 0x70, 0xBA, 0x81, 0xD9,
  0x23,
  // "è" (U+00E8), RLE, 93 bytes saved (44.7%)
  0x38, 0x35, 0x77, 0x72, 0x74, 0x04, 0xB0, 0xC7, 0x50, 0x6B, 0x05, 0x75, 0x07, 0xA0, 0xE0, 0x17,
  0x50, 0x7A, 0x0A, 0x76, 0x06, 0xA0, 0x58, 0x0C, 0x60, 0x85, 0x7B, 0xEF, 0xEB, 0x67, 0x03, 0x0E,
  0xF0, 0xD0, 0x24, 0x04, 0xC8, 0x1E, 0xDE, 0xB0, 0xE0, 0x13, 0x0D, 0xA0, 0xD0, 0x43, 0x05, 0x0E,
  0xA0, 0xB2, 0x07, 0xB0, 0x25, 0x05, 0xB8, 0x12, 0x0C, 0xA0, 0x97, 0x0E, 0xA0, 0x60, 0x1B, 0x05,
  0x70, 0xBA, 0x09, 0x03, 0xFF, 0x0A, 0x04, 0xFF, 0x0B, 0x05, 0xB8, 0x07, 0xD0, 0x90, 0x4B, 0x03,
  0x74, 0x01, 0xB0, 0x57, 0x50, 0xDA, 0x0B, 0x75, 0x07, 0xB0, 0x57, 0x50, 0xDB, 0x07, 0x01, 0x48,
  0x13, 0x7B, 0x30, 0x30, 0xEC, 0x0F, 0xDB, 0x0E, 0x40, 0x20, 0xCF, 0xA0, 0xD6, 0x87, 0x4A, 0xCE,
  0xFE, 0xDA, 0x52,
  // "é" (U+00E9), RLE, 88 bytes saved (42.3%)
  0x72, 0x83, 0x47, 0x77, 0x37, 0x30, 0x10, 0xEA, 0x0D, 0x01, 0x73, 0x0A, 0xA0, 0xE0, 0x27, 0x30,
  0x4A, 0x0E, 0x03, 0x73, 0x83, 0x1D, 0xFE, 0x37, 0x48, 0x29, 0xFD, 0x38, 0x0C, 0x70, 0x85, 0x7B,
  0xEF, 0xEB, 0x67, 0x03, 0x0E, 0xF0, 0xD0, 0x24, 0x04, 0xC8, 0x1E, 0xDE, 0xB0, 0xE0, 0x13, 0x0D,
  0xA0, 0xD0, 0x43, 0x05, 0x0E, 0xA0, 0xB2, 0x07, 0xB0, 0x25, 0x05, 0xB8, 0x12, 0x0C, 0xA0, 0x97,
  0x0E, 0xA0, 0x60, 0x1B, 0x05, 0x70, 0xBA, 0x09, 0x03, 0xFF, 0x0A, 0x04, 0xFF, 0x0B, 0x05, 0xB8,
  0x07, 0xD0, 0x90, 0x4B, 0x03, 0x74, 0x01, 0xB0, 0x57, 0x50, 0xDA, 0x0B, 0x75, 0x07, 0xB0, 0x57,
  0x50, 0xDB, 0x07, 0x01, 0x48, 0x13, 0x7B, 0x30, 0x30, 0xEC, 0x0F, 0xDB, 0x0E, 0x40, 0x20, 0xCF,
  0xA0, 0xD6, 0x87, 0x4A, 0xCE, 0xFE, 0xDA, 0x52,
  // "ê" (U+00EA), RLE, 83 bytes saved (39.9%)
  0x68, 0x00, 0x77, 0x40, 0x6C, 0x08, 0x72, 0x02, 0x0E, 0xD0, 0x47, 0x01, 0x0D, 0xA0, 0x80, 0x6A,
  0x0E, 0x02, 0x60, 0xBA, 0x07, 0x20, 0x6A, 0x0D, 0x01, 0x48, 0x28, 0xFE, 0x44, 0x82, 0x3D, 0xFB,
  0x80, 0xC3, 0x08, 0x57, 0xBE, 0xFE, 0xB6, 0x70, 0x30, 0xEF, 0x0D, 0x02, 0x40, 0x4C, 0x81, 0xED,
  0xEB, 0x0E, 0x01, 0x30, 0xDA, 0x0D, 0x04, 0x30, 0x50, 0xEA, 0x0B, 0x20, 0x7B, 0x02, 0x50, 0x5B,
  0x81, 0x20, 0xCA, 0x09, 0x70, 0xEA, 0x06, 0x01, 0xB0, 0x57, 0x0B, 0xA0, 0x90, 0x3F, 0xF0, 0xA0,
  0x4F, 0xF0, 0xB0, 0x5B, 0x80, 0x7D, 0x09, 0x04, 0xB0, 0x37, 0x40, 0x1B, 0x05, 0x75, 0x0D, 0xA0,
  0xB7, 0x50, 0x7B, 0x05, 0x75, 0x0D, 0xB0, 0x70, 0x14, 0x81, 0x37, 0xB3, 0x03, 0x0E, 0xC0, 0xFD,
  0xB0, 0xE4, 0x02, 0x0C, 0xFA, 0x0D, 0x68, 0x74, 0xAC, 0xEF, 0xED, 0xA5, 0x20,
  // "ë" (U+00EB), RLE, 85 bytes saved (42.5%)
  0x48, 0x1B, 0xE7, 0x38, 0x1A, 0xE8, 0x60, 0x4B, 0x20, 0x2B, 0x01, 0x50, 0x4B, 0x20, 0x2B, 0x01,
  0x68, 0x1B, 0xE7, 0x38, 0x19, 0xE8, 0x80, 0xE4, 0x08, 0x57, 0xBE, 0xFE, 0xB6, 0x70, 0x30, 0xEF,
  0x0D, 0x02, 0x40, 0x4C, 0x81, 0xED, 0xEB, 0x0E, 0x01, 0x30, 0xDA, 0x0D, 0x04, 0x30, 0x50, 0xEA,
  0x0B, 0x20, 0x7B, 0x02, 0x50, 0x5B, 0x81, 0x20, 0xCA, 0x09, 0x70, 0xEA, 0x06, 0x01, 0xB0, 0x57,
  0x0B, 0xA0, 0x90, 0x3F, 0xF0, 0xA0, 0x4F, 0xF0, 0xB0, 0x5B, 0x80, 0x7D, 0x09, 0x04, 0xB0, 0x37,
  0x40, 0x1B, 0x05, 0x75, 0x0D, 0xA0, 0xB7, 0x50, 0x7B, 0x05, 0x75, 0x0D, 0xB0, 0x70, 0x14, 0x81,
  0x37, 0xB3, 0x03, 0x0E, 0xC0, 0xFD, 0xB0, 0xE4, 0x02, 0x0C, 0xFA, 0x0D, 0x68, 0x74, 0xAC, 0xEF,
  0xED, 0xA5, 0x20,
  // "ì" (U+00EC), RLE, 47 bytes saved (45.2%)
  0x83, 0x57, 0x77, 0x23, 0x04, 0xB0, 0xC4, 0x06, 0xB0, 0x54, 0x07, 0xA0, 0xE0, 0x14, 0x07, 0xA0,
  0xA5, 0x06, 0xA0, 0x57, 0x75, 0x05, 0xB4, 0x05, 0xB4, 0x05, 0xB4, 0x05, 0xB4, 0x05, 0xB4, 0x05,
  0xB4, 0x05, 0xB4, 0x05, 0xB4, 0x05, 0xB4, 0x05, 0xB4, 0x05, 0xB4, 0x05, 0xB4, 0x05, 0xB4, 0x05,
  0xB4, 0x05, 0xB4, 0x05, 0xB4, 0x05, 0xB4, 0x05, 0xB1,
  // "í" (U+00ED), RLE, 42 bytes saved (40.4%)
  0x38, 0x34, 0x77, 0x73, 0x20, 0x10, 0xEA, 0x0D, 0x01, 0x20, 0xAA, 0x0E, 0x02, 0x20, 0x4A, 0x0E,
  0x03, 0x28, 0x31, 0xDF, 0xE3, 0x38, 0x29, 0xFD, 0x37, 0x76, 0x05, 0xB4, 0x05, 0xB4, 0x05, 0xB4,
  0x05, 0xB4, 0x05, 0xB4, 0x05, 0xB4, 0x05, 0xB4, 0x05, 0xB4, 0x05, 0xB4, 0x05, 0xB4, 0x05, 0xB4,
  0x05, 0xB4, 0x05, 0xB4, 0x05, 0xB4, 0x05, 0xB4, 0x05, 0xB4, 0x05, 0xB4, 0x05, 0xB4,
  // "î" (U+00EE), RLE, 80 bytes saved (51.3%)
  0x48, 0x00, 0x77, 0x06, 0xC0, 0x85, 0x02, 0x0E, 0xD0, 0x43, 0x01, 0x0D, 0xA0, 0x80, 0x6A, 0x0E,
  0x02, 0x20, 0xBA, 0x07, 0x20, 0x6A, 0x84, 0xD1, 0x8F, 0xE4, 0x48, 0x23, 0xDF, 0xB7, 0x77, 0x70,
  0x5B, 0x71, 0x05, 0xB7, 0x10, 0x5B, 0x71, 0x05, 0xB7, 0x10, 0x5B, 0x71, 0x05, 0xB7, 0x10, 0x5B,
  0x71, 0x05, 0xB7, 0x10, 0x5B, 0x71, 0x05, 0xB7, 0x10, 0x5B, 0x71, 0x05, 0xB7, 0x10, 0x5B, 0x71,
  0x05, 0xB7, 0x10, 0x5B, 0x71, 0x05, 0xB7, 0x10, 0x5B, 0x71, 0x05, 0xB4,
  // "ï" (U+00EF), RLE, 79 bytes saved (57.2%)
  0x18, 0x1B, 0xE7, 0x38, 0x3A, 0xE8, 0x04, 0xB2, 0x02, 0xB0, 0x10, 0x4B, 0x20, 0x2B, 0x83, 0x10,
  0xBE, 0x73, 0x81, 0x9E, 0x88, 0x0C, 0x10, 0x05, 0xB7, 0x05, 0xB7, 0x05, 0xB7, 0x05, 0xB7, 0x05,
  0xB7, 0x05, 0xB7, 0x05, 0xB7, 0x05, 0xB7, 0x05, 0xB7, 0x05, 0xB7, 0x05, 0xB7, 0x05, 0xB7, 0x05,
  0xB7, 0x05, 0xB7, 0x05, 0xB7, 0x05, 0xB7, 0x05, 0xB7, 0x05, 0xB4,
  // "ð" (U+00F0), RLE, 69 bytes saved (31.2%)
  0x60, 0x26, 0x01, 0x71, 0x82, 0x8F, 0x91, 0x28, 0x21, 0x9F, 0x36, 0x01, 0xB8, 0x2E, 0x66, 0xEA,
  0x0B, 0x70, 0x40, 0xDE, 0x08, 0x72, 0x01, 0x0D, 0xC0, 0x37, 0x20, 0x60, 0xED, 0x0C, 0x71, 0x09,
  0xB8, 0x19, 0x4E, 0xA0, 0xA7, 0x82, 0x3F, 0xC3, 0x20, 0x4B, 0x05, 0x70, 0x35, 0x08, 0xA0, 0xD7,
  0x70, 0xDA, 0x06, 0x58, 0x72, 0x8C, 0xEF, 0xDA, 0x46, 0xA0, 0xD4, 0x08, 0xF9, 0x09, 0xB0, 0x22,
  0x09, 0xC8, 0x1E, 0xDE, 0xE8, 0x16, 0x04, 0xB0, 0xD0, 0x43, 0x01, 0x08, 0xC8, 0x19, 0x0B, 0xA0,
  0xE0, 0x16, 0x08, 0xB0, 0xB1, 0xB0, 0x87, 0x10, 0xEA, 0x0C, 0x03, 0xB0, 0x47, 0x10, 0xAA, 0x0D,
  0x04, 0xB0, 0x27, 0x10, 0x9A, 0x0C, 0x04, 0xB0, 0x27, 0x10, 0xAA, 0x0B, 0x03, 0xB0, 0x47, 0x10,
  0xCA, 0x08, 0x1B, 0x08, 0x70, 0x1B, 0x81, 0x50, 0xAA, 0x0E, 0x02, 0x60, 0x9A, 0x0E, 0x20, 0x20,
  0xEA, 0x0D, 0x04, 0x30, 0x10, 0x9B, 0x07, 0x30, 0x5C, 0x81, 0xED, 0xDC, 0x0B, 0x50, 0x40, 0xEF,
  0x90, 0x97, 0x18, 0x66, 0xBD, 0xFE, 0xC8, 0x24,
  // "ñ" (U+00F1), RLE, 62 bytes saved (31.0%)
  0x48, 0x26, 0xCC, 0x74, 0x81, 0x7D, 0x44, 0x08, 0xC8, 0x5D, 0x40, 0x1E, 0xF2, 0x30, 0x2F, 0x82,
  0xEE, 0xFD, 0x48, 0x47, 0xFB, 0x12, 0x9D, 0x05, 0x48, 0x1A, 0xF4, 0x38, 0x33, 0xBE, 0xD5, 0x77,
  0x77, 0x70, 0x5A, 0x06, 0x28, 0x56, 0xBE, 0xFE, 0xB6, 0x30, 0x5A, 0x81, 0x91, 0xCF, 0x82, 0xC1,
  0x05, 0xA0, 0xD0, 0xCA, 0x81, 0xED, 0xEC, 0x81, 0xA0, 0x5C, 0x0D, 0x04, 0x30, 0x30, 0xDB, 0x02,
  0x05, 0xB0, 0xE0, 0x15, 0x04, 0xB0, 0x60, 0x5B, 0x08, 0x70, 0xEA, 0x08, 0x05, 0xB0, 0x47, 0x0C,
  0xA0, 0x90, 0x5B, 0x02, 0x70, 0xBA, 0x09, 0x05, 0xB0, 0x17, 0x0B, 0xA0, 0x90, 0x5B, 0x71, 0x0B,
  0xA0, 0x90, 0x5B, 0x71, 0x0B, 0xA0, 0x90, 0x5B, 0x71, 0x0B, 0xA0, 0x90, 0x5B, 0x71, 0x0B, 0xA0,
  0x90, 0x5B, 0x71, 0x0B, 0xA0, 0x90, 0x5B, 0x71, 0x0B, 0xA0, 0x90, 0x5B, 0x71, 0x0B, 0xA0, 0x90,
  0x5B, 0x71, 0x0B, 0xA0, 0x90, 0x5B, 0x71, 0x0B, 0xA0, 0x90,
  // "ò" (U+00F2), RLE, 86 bytes saved (38.9%)
  0x48, 0x35, 0x77, 0x72, 0x75, 0x04, 0xB0, 0xC7, 0x60, 0x6B, 0x05, 0x76, 0x07, 0xA0, 0xE0, 0x17,
  0x60, 0x7A, 0x0A, 0x77, 0x06, 0xA0, 0x58, 0x0D, 0x00, 0x86, 0x6B, 0xDF, 0xEC, 0x92, 0x70, 0x30,
  0xDF, 0x90, 0x85, 0x04, 0xD0, 0xD0, 0xEC, 0x0A, 0x30, 0x10, 0xEA, 0x0E, 0x05, 0x30, 0x20, 0xAB,
  0x06, 0x20, 0x7B, 0x03, 0x60, 0xBA, 0x0E, 0x20, 0xDA, 0x0B, 0x70, 0x3B, 0x05, 0x01, 0xB0, 0x67,
  0x10, 0xDA, 0x09, 0x03, 0xB0, 0x37, 0x10, 0xBA, 0x0B, 0x04, 0xB0, 0x27, 0x10, 0xAA, 0x0C, 0x05,
  0xB0, 0x27, 0x10, 0xAA, 0x0C, 0x03, 0xB0, 0x37, 0x10, 0xBA, 0x0B, 0x01, 0xB0, 0x67, 0x10, 0xEA,
  0x81, 0x90, 0xDA, 0x0B, 0x70, 0x3B, 0x81, 0x50, 0x7B, 0x04, 0x60, 0xBA, 0x0E, 0x30, 0xCA, 0x0E,
  0x05, 0x30, 0x20, 0xAB, 0x07, 0x30, 0x20, 0xEC, 0x0D, 0x0E, 0xC0, 0xB5, 0x02, 0x0D, 0xF9, 0x09,
  0x71, 0x86, 0x6B, 0xEF, 0xEC, 0x82, 0x40,
  // "ó" (U+00F3), RLE, 81 bytes saved (36.7%)
  0x72, 0x83, 0x47, 0x77, 0x37, 0x40, 0x10, 0xEA, 0x0D, 0x01, 0x74, 0x0A, 0xA0, 0xE0, 0x27, 0x40,
  0x4A, 0x0E, 0x03, 0x74, 0x83, 0x1D, 0xFE, 0x37, 0x58, 0x29, 0xFD, 0x38, 0x0D, 0x20, 0x86, 0x6B,
  0xDF, 0xEC, 0x92, 0x70, 0x30, 0xDF, 0x90, 0x85, 0x04, 0xD0, 0xD0, 0xEC, 0x0A, 0x30, 0x10, 0xEA,
  0x0E, 0x05, 0x30, 0x20, 0xAB, 0x06, 0x20, 0x7B, 0x03, 0x60, 0xBA, 0x0E, 0x20, 0xDA, 0x0B, 0x70,
  0x3B, 0x05, 0x01, 0xB0, 0x67, 0x10, 0xDA, 0x09, 0x03, 0xB0, 0x37, 0x10, 0xBA, 0x0B, 0x04, 0xB0,
  0x27, 0x10, 0xAA, 0x0C, 0x05, 0xB0, 0x27, 0x10, 0xAA, 0x0C, 0x03, 0xB0, 0x37, 0x10, 0xBA, 0x0B,
  0x01, 0xB0, 0x67, 0x10, 0xEA, 0x81, 0x90, 0xDA, 0x0B, 0x70, 0x3B, 0x81, 0x50, 0x7B, 0x04, 0x60,
  0xBA, 0x0E, 0x30, 0xCA, 0x0E, 0x05, 0x30, 0x20, 0xAB, 0x07, 0x30, 0x20, 0xEC, 0x0D, 0x0E, 0xC0,
  0xB5, 0x02, 0x0D, 0xF9, 0x09, 0x71, 0x86, 0x6B, 0xEF, 0xEC, 0x82, 0x40,
  // "ô" (U+00F4), RLE, 76 bytes saved (34.4%)
  0x78, 0x00, 0x77, 0x50, 0x6C, 0x08, 0x73, 0x02, 0x0E, 0xD0, 0x47, 0x10, 0x10, 0xDA, 0x08, 0x06,
  0xA0, 0xE0, 0x27, 0x0B, 0xA0, 0x72, 0x06, 0xA0, 0xD0, 0x15, 0x82, 0x8F, 0xE4, 0x48, 0x23, 0xDF,
  0xB8, 0x0C, 0x50, 0x86, 0x6B, 0xDF, 0xEC, 0x92, 0x70, 0x30, 0xDF, 0x90, 0x85, 0x04, 0xD0, 0xD0,
  0xEC, 0x0A, 0x30, 0x10, 0xEA, 0x0E, 0x05, 0x30, 0x20, 0xAB, 0x06, 0x20, 0x7B, 0x03, 0x60, 0xBA,
  0x0E, 0x20, 0xDA, 0x0B, 0x70, 0x3B, 0x05, 0x01, 0xB0, 0x67, 0x10, 0xDA, 0x09, 0x03, 0xB0, 0x37,
  0x10, 0xBA, 0x0B, 0x04, 0xB0, 0x27, 0x10, 0xAA, 0x0C, 0x05, 0xB0, 0x27, 0x10, 0xAA, 0x0C, 0x03,
  0xB0, 0x37, 0x10, 0xBA, 0x0B, 0x01, 0xB0, 0x67, 0x10, 0xEA, 0x81, 0x90, 0xDA, 0x0B, 0x70, 0x3B,
  0x81, 0x50, 0x7B, 0x04, 0x60, 0xBA, 0x0E, 0x30, 0xCA, 0x0E, 0x05, 0x30, 0x20, 0xAB, 0x07, 0x30,
  0x20, 0xEC, 0x0D, 0x0E, 0xC0, 0xB5, 0x02, 0x0D, 0xF9, 0x09, 0x71, 0x86, 0x6B, 0xEF, 0xEC, 0x82,
  0x40,
  // "õ" (U+00F5), RLE, 70 bytes saved (32.9%)
  0x48, 0x26, 0xCC, 0x74, 0x81, 0x7D, 0x45, 0x08, 0xC8, 0x5D, 0x40, 0x1E, 0xF2, 0x40, 0x2F, 0x82,
  0xEE, 0xFD, 0x58, 0x47, 0xFB, 0x12, 0x9D, 0x05, 0x58, 0x1A, 0xF4, 0x38, 0x33, 0xBE, 0xD5, 0x80,
  0xC7, 0x08, 0x66, 0xBD, 0xFE, 0xC9, 0x27, 0x03, 0x0D, 0xF9, 0x08, 0x50, 0x4D, 0x0D, 0x0E, 0xC0,
  0xA3, 0x01, 0x0E, 0xA0, 0xE0, 0x53, 0x02, 0x0A, 0xB0, 0x62, 0x07, 0xB0, 0x36, 0x0B, 0xA0, 0xE2,
  0x0D, 0xA0, 0xB7, 0x03, 0xB0, 0x50, 0x1B, 0x06, 0x71, 0x0D, 0xA0, 0x90, 0x3B, 0x03, 0x71, 0x0B,
  0xA0, 0xB0, 0x4B, 0x02, 0x71, 0x0A, 0xA0, 0xC0, 0x5B, 0x02, 0x71, 0x0A, 0xA0, 0xC0, 0x3B, 0x03,
  0x71, 0x0B, 0xA0, 0xB0, 0x1B, 0x06, 0x71, 0x0E, 0xA8, 0x19, 0x0D, 0xA0, 0xB7, 0x03, 0xB8, 0x15,
  0x07, 0xB0, 0x46, 0x0B, 0xA0, 0xE3, 0x0C, 0xA0, 0xE0, 0x53, 0x02, 0x0A, 0xB0, 0x73, 0x02, 0x0E,
  0xC0, 0xD0, 0xEC, 0x0B, 0x50, 0x20, 0xDF, 0x90, 0x97, 0x18, 0x66, 0xBE, 0xFE, 0xC8, 0x24,
  // "ö" (U+00F6), RLE, 79 bytes saved (37.1%)
  0x48, 0x1B, 0xE7, 0x38, 0x1A, 0xE8, 0x70, 0x4B, 0x20, 0x2B, 0x01, 0x60, 0x4B, 0x20, 0x2B, 0x01,
  0x78, 0x1B, 0xE7, 0x38, 0x19, 0xE8, 0x80, 0xF0, 0x08, 0x66, 0xBD, 0xFE, 0xC9, 0x27, 0x03, 0x0D,
  0xF9, 0x08, 0x50, 0x4D, 0x0D, 0x0E, 0xC0, 0xA3, 0x01, 0x0E, 0xA0, 0xE0, 0x53, 0x02, 0x0A, 0xB0,
  0x62, 0x07, 0xB0, 0x36, 0x0B, 0xA0, 0xE2, 0x0D, 0xA0, 0xB7, 0x03, 0xB0, 0x50, 0x1B, 0x06, 0x71,
  0x0D, 0xA0, 0x90, 0x3B, 0x03, 0x71, 0x0B, 0xA0, 0xB0, 0x4B, 0x02, 0x71, 0x0A, 0xA0, 0xC0, 0x5B,
  0x02, 0x71, 0x0A, 0xA0, 0xC0, 0x3B, 0x03, 0x71, 0x0B, 0xA0, 0xB0, 0x1B, 0x06, 0x71, 0x0E, 0xA8,
  0x19, 0x0D, 0xA0, 0xB7, 0x03, 0xB8, 0x15, 0x07, 0xB0, 0x46, 0x0B, 0xA0, 0xE3, 0x0C, 0xA0, 0xE0,
  0x53, 0x02, 0x0A, 0xB0, 0x73, 0x02, 0x0E, 0xC0, 0xD0, 0xEC, 0x0B, 0x50, 0x20, 0xDF, 0x90, 0x97,
  0x18, 0x66, 0xBE, 0xFE, 0xC8, 0x24,
  // "÷" (U+00F7), RLE, 75 bytes saved (62.5%)
  0x68, 0x24, 0xDE, 0x67, 0x50, 0xBA, 0x0E, 0x75, 0x0B, 0xA0, 0xE7, 0x58, 0x23, 0xDE, 0x58, 0x0C,
  0x20, 0x07, 0xFF, 0x0B, 0x07, 0xFF, 0x0B, 0x06, 0x80, 0x92, 0xD0, 0x98, 0x0C, 0x20, 0x82, 0x4D,
  0xE6, 0x75, 0x0B, 0xA0, 0xE7, 0x50, 0xBA, 0x0E, 0x75, 0x82, 0x3D, 0xE5, 0x60,
  // "ø" (U+00F8), RLE, 37 bytes saved (21.8%)
  0x76, 0x01, 0x04, 0x78, 0x91, 0x6B, 0xDF, 0xEC, 0x82, 0xBF, 0x94, 0x03, 0x0D, 0xFB, 0x08, 0x30,
  0x4D, 0x0D, 0x0E, 0xC0, 0xE3, 0x01, 0x0E, 0xA0, 0xE0, 0x53, 0x03, 0xC0, 0x62, 0x07, 0xB0, 0x34,
  0x07, 0xC0, 0xD2, 0x0D, 0xA0, 0xB4, 0x02, 0xA0, 0xEB, 0x05, 0x01, 0xB0, 0x64, 0x0C, 0xA0, 0x30,
  0xEA, 0x09, 0x03, 0xB0, 0x33, 0x08, 0xA8, 0x16, 0x0B, 0xA0, 0xB0, 0x4B, 0x02, 0x20, 0x4A, 0x0B,
  0x20, 0xAA, 0x0C, 0x04, 0xB8, 0x53, 0x01, 0xDF, 0xE1, 0x20, 0xAA, 0x0C, 0x03, 0xB8, 0x14, 0x0A,
  0xA0, 0x43, 0x0B, 0xA0, 0xB0, 0x1B, 0x00, 0x6A, 0x09, 0x40, 0xDA, 0x81, 0x90, 0xCA, 0x82, 0xCE,
  0xFD, 0x40, 0x3B, 0x81, 0x50, 0x6D, 0x02, 0x40, 0xBA, 0x0E, 0x30, 0xDB, 0x0A, 0x30, 0x20, 0xAB,
  0x07, 0x30, 0x5D, 0x0D, 0x0E, 0xC0, 0xB4, 0x0C, 0xFB, 0x09, 0x40, 0x3A, 0x87, 0x65, 0xBD, 0xFE,
  0xC8, 0x26, 0x02, 0x08, 0x76,
  // "ù" (U+00F9), RLE, 76 bytes saved (36.5%)
  0x38, 0x35, 0x77, 0x72, 0x74, 0x04, 0xB0, 0xC7, 0x50, 0x6B, 0x05, 0x75, 0x07, 0xA0, 0xE0, 0x17,
  0x50, 0x7A, 0x0A, 0x76, 0x06, 0xA0, 0x58, 0x0C, 0x10, 0x07, 0xA0, 0xE7, 0x10, 0xDA, 0x00, 0x7A,
  0x0E, 0x71, 0x0D, 0xA0, 0x07, 0xA0, 0xE7, 0x10, 0xDA, 0x00, 0x7A, 0x0E, 0x71, 0x0D, 0xA0, 0x07,
  0xA0, 0xE7, 0x10, 0xDA, 0x00, 0x7A, 0x0E, 0x71, 0x0D, 0xA0, 0x07, 0xA0, 0xE7, 0x10, 0xDA, 0x00,
  0x7A, 0x0E, 0x71, 0x0D, 0xA0, 0x07, 0xA0, 0xE7, 0x10, 0xDA, 0x00, 0x7A, 0x0E, 0x71, 0x0E, 0xA0,
  0x07, 0xA0, 0xE7, 0x1B, 0x00, 0x7A, 0x0E, 0x70, 0x2B, 0x07, 0x06, 0xB0, 0x16, 0x06, 0xB0, 0x70,
  0x5B, 0x06, 0x60, 0xDB, 0x07, 0x01, 0xB0, 0xE0, 0x43, 0x02, 0x0B, 0xC8, 0x17, 0x09, 0xC8, 0x1E,
  0xCE, 0xA0, 0xE0, 0xCA, 0x07, 0x20, 0xBF, 0x81, 0xE3, 0x7A, 0x07, 0x38, 0x90, 0x5B, 0xEF, 0xEC,
  0x71, 0x04, 0xA0, 0x70,
  // "ú" (U+00FA), RLE, 71 bytes saved (34.1%)
  0x72, 0x83, 0x47, 0x77, 0x37, 0x30, 0x10, 0xEA, 0x0D, 0x01, 0x73, 0x0A, 0xA0, 0xE0, 0x27, 0x30,
  0x4A, 0x0E, 0x03, 0x73, 0x83, 0x1D, 0xFE, 0x37, 0x48, 0x29, 0xFD, 0x38, 0x0C, 0x20, 0x07, 0xA0,
  0xE7, 0x10, 0xDA, 0x00, 0x7A, 0x0E, 0x71, 0x0D, 0xA0, 0x07, 0xA0, 0xE7, 0x10, 0xDA, 0x00, 0x7A,
  0x0E, 0x71, 0x0D, 0xA0, 0x07, 0xA0, 0xE7, 0x10, 0xDA, 0x00, 0x7A, 0x0E, 0x71, 0x0D, 0xA0, 0x07,
  0xA0, 0xE7, 0x10, 0xDA, 0x00, 0x7A, 0x0E, 0x71, 0x0D, 0xA0, 0x07, 0xA0, 0xE7, 0x10, 0xDA, 0x00,
  0x7A, 0x0E, 0x71, 0x0E, 0xA0, 0x07, 0xA0, 0xE7, 0x1B, 0x00, 0x7A, 0x0E, 0x70, 0x2B, 0x07, 0x06,
  0xB0, 0x16, 0x06, 0xB0, 0x70, 0x5B, 0x06, 0x60, 0xDB, 0x07, 0x01, 0xB0, 0xE0, 0x43, 0x02, 0x0B,
  0xC8, 0x17, 0x09, 0xC8, 0x1E, 0xCE, 0xA0, 0xE0, 0xCA, 0x07, 0x20, 0xBF, 0x81, 0xE3, 0x7A, 0x07,
  0x38, 0x90, 0x5B, 0xEF, 0xEC, 0x71, 0x04, 0xA0, 0x70,
  // "û" (U+00FB), RLE, 67 bytes saved (32.2%)
  0x68, 0x00, 0x77, 0x40, 0x6C, 0x08, 0x72, 0x02, 0x0E, 0xD0, 0x47, 0x01, 0x0D, 0xA0, 0x80, 0x6A,
  0x0E, 0x02, 0x60, 0xBA, 0x07, 0x20, 0x6A, 0x0D, 0x01, 0x48, 0x28, 0xFE, 0x44, 0x82, 0x3D, 0xFB,
  0x77, 0x77, 0x60, 0x7A, 0x0E, 0x71, 0x0D, 0xA0, 0x07, 0xA0, 0xE7, 0x10, 0xDA, 0x00, 0x7A, 0x0E,
  0x71, 0x0D, 0xA0, 0x07, 0xA0, 0xE7, 0x10, 0xDA, 0x00, 0x7A, 0x0E, 0x71, 0x0D, 0xA0, 0x07, 0xA0,
  0xE7, 0x10, 0xDA, 0x00, 0x7A, 0x0E, 0x71, 0x0D, 0xA0, 0x07, 0xA0, 0xE7, 0x10, 0xDA, 0x00, 0x7A,
  0x0E, 0x71, 0x0D, 0xA0, 0x07, 0xA0, 0xE7, 0x10, 0xEA, 0x00, 0x7A, 0x0E, 0x71, 0xB0, 0x07, 0xA0,
  0xE7, 0x02, 0xB0, 0x70, 0x6B, 0x01, 0x60, 0x6B, 0x07, 0x05, 0xB0, 0x66, 0x0D, 0xB0, 0x70, 0x1B,
  0x0E, 0x04, 0x30, 0x20, 0xBC, 0x81, 0x70, 0x9C, 0x81, 0xEC, 0xEA, 0x0E, 0x0C, 0xA0, 0x72, 0x0B,
  0xF8, 0x1E, 0x37, 0xA0, 0x73, 0x89, 0x05, 0xBE, 0xFE, 0xC7, 0x10, 0x4A, 0x07,
  // "ü" (U+00FC), RLE, 69 bytes saved (34.5%)
  0x48, 0x1B, 0xE7, 0x38, 0x1A, 0xE8, 0x60, 0x4B, 0x20, 0x2B, 0x01, 0x50, 0x4B, 0x20, 0x2B, 0x01,
  0x68, 0x1B, 0xE7, 0x38, 0x19, 0xE8, 0x80, 0xD7, 0x00, 0x7A, 0x0E, 0x71, 0x0D, 0xA0, 0x07, 0xA0,
  0xE7, 0x10, 0xDA, 0x00, 0x7A, 0x0E, 0x71, 0x0D, 0xA0, 0x07, 0xA0, 0xE7, 0x10, 0xDA, 0x00, 0x7A,
  0x0E, 0x71, 0x0D, 0xA0, 0x07, 0xA0, 0xE7, 0x10, 0xDA, 0x00, 0x7A, 0x0E, 0x71, 0x0D, 0xA0, 0x07,
  0xA0, 0xE7, 0x10, 0xDA, 0x00, 0x7A, 0x0E, 0x71, 0x0D, 0xA0, 0x07, 0xA0, 0xE7, 0x10, 0xEA, 0x00,
  0x7A, 0x0E, 0x71, 0xB0, 0x07, 0xA0, 0xE7, 0x02, 0xB0, 0x70, 0x6B, 0x01, 0x60, 0x6B, 0x07, 0x05,
  0xB0, 0x66, 0x0D, 0xB0, 0x70, 0x1B, 0x0E, 0x04, 0x30, 0x20, 0xBC, 0x81, 0x70, 0x9C, 0x81, 0xEC,
  0xEA, 0x0E, 0x0C, 0xA0, 0x72, 0x0B, 0xF8, 0x1E, 0x37, 0xA0, 0x73, 0x89, 0x05, 0xBE, 0xFE, 0xC7,
  0x10, 0x4A, 0x07,
  // "ý" (U+00FD), RLE, 126 bytes saved (43.6%)
  0x72, 0x83, 0x47, 0x77, 0x37, 0x40, 0x10, 0xEA, 0x0D, 0x01, 0x74, 0x0A, 0xA0, 0xE0, 0x27, 0x40,
  0x4A, 0x0E, 0x03, 0x74, 0x83, 0x1D, 0xFE, 0x37, 0x58, 0x29, 0xFD, 0x38, 0x0C, 0x50, 0x0C, 0xA0,
  0xD7, 0x20, 0xEA, 0x0A, 0x06, 0xB0, 0x37, 0x04, 0xB8, 0x14, 0x0E, 0xA0, 0x87, 0x09, 0xA0, 0xE2,
  0x09, 0xA0, 0xD7, 0x0E, 0xA0, 0x92, 0x03, 0xB0, 0x35, 0x04, 0xB0, 0x33, 0x0D, 0xA0, 0x95, 0x09,
  0xA0, 0xD4, 0x07, 0xA0, 0xE5, 0x0E, 0xA0, 0x74, 0x01, 0xB0, 0x43, 0x04, 0xB0, 0x25, 0x0B, 0xA0,
  0x93, 0x09, 0xA0, 0xC6, 0x05, 0xA0, 0xE3, 0x0E, 0xA0, 0x67, 0x0E, 0xA8, 0x15, 0x03, 0xB0, 0x17,
  0x08, 0xA8, 0x1A, 0x09, 0xA0, 0xA7, 0x10, 0x2A, 0x81, 0xE0, 0xDA, 0x05, 0x72, 0x0C, 0xA0, 0x5A,
  0x0E, 0x73, 0x06, 0xA0, 0xCA, 0x09, 0x73, 0x01, 0xD0, 0x37, 0x40, 0xAB, 0x0D, 0x75, 0x04, 0xB0,
  0x87, 0x50, 0x3B, 0x02, 0x75, 0x09, 0xA0, 0xC7, 0x60, 0xEA, 0x06, 0x75, 0x08, 0xA0, 0xE0, 0x17,
  0x40, 0x8B, 0x07, 0x71, 0x81, 0x6D, 0xDC, 0x0C, 0x72, 0x06, 0xD0, 0xD0, 0x17, 0x28, 0x45, 0xDF,
  0xEC, 0x77, 0x40,
  // "þ" (U+00FE), RLE, 125 bytes saved (44.5%)
  0x05, 0xB7, 0x60, 0x5B, 0x76, 0x05, 0xB7, 0x60, 0x5B, 0x76, 0x05, 0xB7, 0x60, 0x5B, 0x76, 0x05,
  0xB7, 0x60, 0x5B, 0x28, 0x56, 0xBE, 0xFD, 0x92, 0x40, 0x5B, 0x01, 0x0B, 0xF0, 0x73, 0x05, 0xA0,
  0xE0, 0xBA, 0x81, 0xED, 0xEC, 0x06, 0x20, 0x5C, 0x0B, 0x03, 0x30, 0x50, 0xEA, 0x82, 0xE1, 0x05,
  0xB0, 0xD6, 0x04, 0xB8, 0x17, 0x05, 0xB0, 0x77, 0x0C, 0xA8, 0x1C, 0x05, 0xB0, 0x37, 0x08, 0xA8,
  0x1E, 0x05, 0xB0, 0x17, 0x06, 0xB0, 0x10, 0x5B, 0x71, 0x05, 0xB0, 0x20, 0x5B, 0x01, 0x70, 0x5B,
  0x02, 0x05, 0xB0, 0x27, 0x06, 0xB0, 0x10, 0x5B, 0x04, 0x70, 0x8A, 0x81, 0xE0, 0x5B, 0x08, 0x70,
  0xDA, 0x81, 0xB0, 0x5B, 0x0E, 0x01, 0x50, 0x5B, 0x81, 0x70, 0x5C, 0x0C, 0x03, 0x30, 0x50, 0xEA,
  0x82, 0xE1, 0x05, 0xA0, 0xE0, 0xDA, 0x81, 0xED, 0xEC, 0x05, 0x20, 0x5A, 0x81, 0xE2, 0xDF, 0x06,
  0x30, 0x5B, 0x28, 0x57, 0xCE, 0xFD, 0x92, 0x40, 0x5B, 0x76, 0x05, 0xB7, 0x60, 0x5B, 0x76, 0x05,
  0xB7, 0x60, 0x5B, 0x76, 0x05, 0xB7, 0x60, 0x5B, 0x76, 0x05, 0xB7, 0x60,
  // "ÿ" (U+00FF), RLE, 124 bytes saved (44.1%)
  0x48, 0x1B, 0xE7, 0x38, 0x1A, 0xE8, 0x70, 0x4B, 0x20, 0x2B, 0x01, 0x60, 0x4B, 0x20, 0x2B, 0x01,
  0x78, 0x1B, 0xE7, 0x38, 0x19, 0xE8, 0x80, 0xE3, 0x00, 0xCA, 0x0D, 0x72, 0x0E, 0xA0, 0xA0, 0x6B,
  0x03, 0x70, 0x4B, 0x81, 0x40, 0xEA, 0x08, 0x70, 0x9A, 0x0E, 0x20, 0x9A, 0x0D, 0x70, 0xEA, 0x09,
  0x20, 0x3B, 0x03, 0x50, 0x4B, 0x03, 0x30, 0xDA, 0x09, 0x50, 0x9A, 0x0D, 0x40, 0x7A, 0x0E, 0x50,
  0xEA, 0x07, 0x40, 0x1B, 0x04, 0x30, 0x4B, 0x02, 0x50, 0xBA, 0x09, 0x30, 0x9A, 0x0C, 0x60, 0x5A,
  0x0E, 0x30, 0xEA, 0x06, 0x70, 0xEA, 0x81, 0x50, 0x3B, 0x01, 0x70, 0x8A, 0x81, 0xA0, 0x9A, 0x0A,
  0x71, 0x02, 0xA8, 0x1E, 0x0D, 0xA0, 0x57, 0x20, 0xCA, 0x05, 0xA0, 0xE7, 0x30, 0x6A, 0x0C, 0xA0,
  0x97, 0x30, 0x1D, 0x03, 0x74, 0x0A, 0xB0, 0xD7, 0x50, 0x4B, 0x08, 0x75, 0x03, 0xB0, 0x27, 0x50,
  0x9A, 0x0C, 0x76, 0x0E, 0xA0, 0x67, 0x50, 0x8A, 0x0E, 0x01, 0x74, 0x08, 0xB0, 0x77, 0x18, 0x16,
  0xDD, 0xC0, 0xC7, 0x20, 0x6D, 0x0D, 0x01, 0x72, 0x84, 0x5D, 0xFE, 0xC7, 0x74,
  // "Ā" (U+0100), RLE, 160 bytes saved (52.5%)
  0x50, 0x98, 0x05, 0xD0, 0x17, 0x30, 0xBF, 0xA0, 0x17, 0x30, 0xBF, 0xA0, 0x18, 0x09, 0x90, 0x00,
  0x8B, 0x06, 0x77, 0x20, 0xDB, 0x0C, 0x77, 0x10, 0x4D, 0x02, 0x77, 0x0A, 0xA0, 0xCA, 0x08, 0x77,
  0xB0, 0x3A, 0x0E, 0x76, 0x06, 0xA8, 0x1B, 0x0D, 0xA0, 0x47, 0x50, 0xCA, 0x81, 0x70, 0x8A, 0x0A,
  0x74, 0x02, 0xB8, 0x11, 0x02, 0xB0, 0x17, 0x30, 0x8A, 0x0B, 0x30, 0xCA, 0x06, 0x73, 0x0D, 0xA0,
  0x53, 0x07, 0xA0, 0xC7, 0x20, 0x4A, 0x0E, 0x40, 0x1B, 0x03, 0x71, 0x0A, 0xA0, 0xA5, 0x0B, 0xA0,
  0x87, 0x01, 0xB0, 0x45, 0x05, 0xA0, 0xE7, 0x06, 0xB8, 0x03, 0xDB, 0x05, 0x60, 0xCF, 0xE0, 0xA5,
  0x02, 0xFF, 0x90, 0x14, 0x08, 0xA0, 0xD7, 0x20, 0xEA, 0x06, 0x40, 0xEA, 0x07, 0x72, 0x09, 0xA0,
  0xC3, 0x04, 0xB0, 0x27, 0x20, 0x4B, 0x03, 0x20, 0xAA, 0x0C, 0x74, 0x0E, 0xA8, 0x18, 0x01, 0xB0,
  0x67, 0x40, 0x9A, 0x81, 0xE0, 0x6B, 0x01, 0x74, 0x03, 0xB0, 0x50, 0xCA, 0x0B, 0x76, 0x0D, 0xA0,
  0xA0,
  // "ā" (U+0101), RLE, 57 bytes saved (32.9%)
  0x30, 0x98, 0x05, 0xD0, 0x14, 0x0B, 0xFA, 0x01, 0x40, 0xBF, 0xA0, 0x17, 0x77, 0x77, 0x87, 0x59,
  0xDE, 0xFE, 0xB7, 0x14, 0x06, 0x0E, 0xF9, 0x0E, 0x03, 0x30, 0x5C, 0x00, 0xDC, 0x0E, 0x48, 0x1D,
  0x94, 0x30, 0x10, 0x8B, 0x06, 0x74, 0x0C, 0xA0, 0xA7, 0x40, 0x8A, 0x0C, 0x74, 0x08, 0xA0, 0xC3,
  0x83, 0x27, 0xBD, 0xEE, 0x0C, 0x20, 0x8F, 0xC8, 0x1C, 0x09, 0xD8, 0x3E, 0xDD, 0xDE, 0xA0, 0xC0,
  0x2B, 0x81, 0xE6, 0x14, 0x08, 0xA0, 0xC0, 0x7B, 0x04, 0x60, 0x9A, 0x0C, 0x08, 0xA0, 0xE7, 0x0B,
  0xA0, 0xC0, 0x7B, 0x60, 0x4B, 0x0C, 0x04, 0xB0, 0xA0, 0x12, 0x81, 0x18, 0xEB, 0x81, 0xC0, 0xDC,
  0x0D, 0x0E, 0xB0, 0x6A, 0x82, 0xC0, 0x3E, 0xE8, 0x4E, 0x40, 0xEF, 0xC2, 0x86, 0x18, 0xDF, 0xED,
  0x82, 0x28, 0x1B, 0xFC,
  // "Ă" (U+0102), RLE, 165 bytes saved (50.6%)
  0x58, 0x15, 0x73, 0x58, 0x11, 0x76, 0x73, 0x82, 0x8F, 0xB1, 0x38, 0x21, 0xAF, 0xB7, 0x30, 0x3B,
  0x81, 0xED, 0xEB, 0x04, 0x74, 0x07, 0xF0, 0x87, 0x68, 0x54, 0xBE, 0xFE, 0xB4, 0x80, 0x99, 0x20,
  0x08, 0xB0, 0x67, 0x72, 0x0D, 0xB0, 0xC7, 0x71, 0x04, 0xD0, 0x27, 0x70, 0xAA, 0x0C, 0xA0, 0x87,
  0x7B, 0x03, 0xA0, 0xE7, 0x60, 0x6A, 0x81, 0xB0, 0xDA, 0x04, 0x75, 0x0C, 0xA8, 0x17, 0x08, 0xA0,
  0xA7, 0x40, 0x2B, 0x81, 0x10, 0x2B, 0x01, 0x73, 0x08, 0xA0, 0xB3, 0x0C, 0xA0, 0x67, 0x30, 0xDA,
  0x05, 0x30, 0x7A, 0x0C, 0x72, 0x04, 0xA0, 0xE4, 0x01, 0xB0, 0x37, 0x10, 0xAA, 0x0A, 0x50, 0xBA,
  0x08, 0x70, 0x1B, 0x04, 0x50, 0x5A, 0x0E, 0x70, 0x6B, 0x80, 0x3D, 0xB0, 0x56, 0x0C, 0xFE, 0x0A,
  0x50, 0x2F, 0xF9, 0x01, 0x40, 0x8A, 0x0D, 0x72, 0x0E, 0xA0, 0x64, 0x0E, 0xA0, 0x77, 0x20, 0x9A,
  0x0C, 0x30, 0x4B, 0x02, 0x72, 0x04, 0xB0, 0x32, 0x0A, 0xA0, 0xC7, 0x40, 0xEA, 0x81, 0x80, 0x1B,
  0x06, 0x74, 0x09, 0xA8, 0x1E, 0x06, 0xB0, 0x17, 0x40, 0x3B, 0x05, 0x0C, 0xA0, 0xB7, 0x60, 0xDA,
  0x0A,
  // "ă" (U+0103), RLE, 56 bytes saved (29.8%)
  0x38, 0x15, 0x73, 0x58, 0x11, 0x76, 0x48, 0x28, 0xFB, 0x13, 0x82, 0x1A, 0xFB, 0x40, 0x3B, 0x81,
  0xED, 0xEB, 0x04, 0x50, 0x7F, 0x08, 0x78, 0x54, 0xBE, 0xFE, 0xB4, 0x80, 0xC1, 0x08, 0x75, 0x9D,
  0xEF, 0xEB, 0x71, 0x40, 0x60, 0xEF, 0x90, 0xE0, 0x33, 0x05, 0xC0, 0x0D, 0xC0, 0xE4, 0x81, 0xD9,
  0x43, 0x01, 0x08, 0xB0, 0x67, 0x40, 0xCA, 0x0A, 0x74, 0x08, 0xA0, 0xC7, 0x40, 0x8A, 0x0C, 0x38,
  0x32, 0x7B, 0xDE, 0xE0, 0xC2, 0x08, 0xFC, 0x81, 0xC0, 0x9D, 0x83, 0xED, 0xDD, 0xEA, 0x0C, 0x02,
  0xB8, 0x1E, 0x61, 0x40, 0x8A, 0x0C, 0x07, 0xB0, 0x46, 0x09, 0xA0, 0xC0, 0x8A, 0x0E, 0x70, 0xBA,
  0x0C, 0x07, 0xB6, 0x04, 0xB0, 0xC0, 0x4B, 0x0A, 0x01, 0x28, 0x11, 0x8E, 0xB8, 0x1C, 0x0D, 0xC0,
  0xD0, 0xEB, 0x06, 0xA8, 0x2C, 0x03, 0xEE, 0x84, 0xE4, 0x0E, 0xFC, 0x28, 0x61, 0x8D, 0xFE, 0xD8,
  0x22, 0x81, 0xBF, 0xC0,
  // "Ą" (U+0104), RLE, 155 bytes saved (49.2%)
  0x71, 0x08, 0xB0, 0x67, 0x72, 0x0D, 0xB0, 0xC7, 0x71, 0x04, 0xD0, 0x27, 0x70, 0xAA, 0x0C, 0xA0,
  0x87, 0x7B, 0x03, 0xA0, 0xE7, 0x60, 0x6A, 0x81, 0xB0, 0xDA, 0x04, 0x75, 0x0C, 0xA8, 0x17, 0x08,
  0xA0, 0xA7, 0x40, 0x2B, 0x81, 0x10, 0x2B, 0x01, 0x73, 0x08, 0xA0, 0xB3, 0x0C, 0xA0, 0x67, 0x30,
  0xDA, 0x05, 0x30, 0x7A, 0x0C, 0x72, 0x04, 0xA0, 0xE4, 0x01, 0xB0, 0x37, 0x10, 0xAA, 0x0A, 0x50,
  0xBA, 0x08, 0x70, 0x1B, 0x04, 0x50, 0x5A, 0x0E, 0x70, 0x6B, 0x80, 0x3D, 0xB0, 0x56, 0x0C, 0xFE,
  0x0A, 0x50, 0x2F, 0xF9, 0x01, 0x40, 0x8A, 0x0D, 0x72, 0x0E, 0xA0, 0x64, 0x0E, 0xA0, 0x77, 0x20,
  0x9A, 0x0C, 0x30, 0x4B, 0x02, 0x72, 0x04, 0xB0, 0x32, 0x0A, 0xA0, 0xC7, 0x40, 0xEA, 0x81, 0x80,
  0x1B, 0x06, 0x74, 0x09, 0xA8, 0x1E, 0x06, 0xB0, 0x17, 0x40, 0x3B, 0x05, 0x0C, 0xA0, 0xB7, 0x6B,
  0x0A, 0x77, 0x28, 0x23, 0xEF, 0x57, 0x73, 0x81, 0xDF, 0x87, 0x73, 0x07, 0xA0, 0x17, 0x73, 0x81,
  0xAF, 0xE7, 0x74, 0x09, 0xA8, 0x16, 0x23, 0x77, 0x10, 0x3C, 0x0D, 0x77, 0x28, 0x35, 0xCE, 0xEA,
  // "ą" (U+0105), RLE, 68 bytes saved (34.0%)
  0x48, 0x75, 0x9D, 0xEF, 0xEB, 0x71, 0x50, 0x60, 0xEF, 0x90, 0xE0, 0x34, 0x05, 0xC0, 0x0D, 0xC0,
  0xE5, 0x81, 0xD9, 0x43, 0x01, 0x08, 0xB0, 0x67, 0x50, 0xCA, 0x0A, 0x75, 0x08, 0xA0, 0xC7, 0x50,
  0x8A, 0x0C, 0x48, 0x32, 0x7B, 0xDE, 0xE0, 0xC3, 0x08, 0xFC, 0x0C, 0x20, 0x9D, 0x83, 0xED, 0xDD,
  0xEA, 0x81, 0xC0, 0x2B, 0x81, 0xE6, 0x14, 0x08, 0xA8, 0x1C, 0x07, 0xB0, 0x46, 0x09, 0xA8, 0x1C,
  0x08, 0xA0, 0xE7, 0x0B, 0xA8, 0x1C, 0x07, 0xB6, 0x04, 0xB8, 0x1C, 0x04, 0xB0, 0xA0, 0x12, 0x81,
  0x18, 0xEB, 0x0C, 0x20, 0xDC, 0x0D, 0x0E, 0xB0, 0x6A, 0x0C, 0x20, 0x30, 0xEE, 0x84, 0xE4, 0x0E,
  0xFC, 0x38, 0x61, 0x8D, 0xFE, 0xD8, 0x22, 0x0D, 0xA7, 0x58, 0x23, 0xEF, 0x57, 0x58, 0x1D, 0xF8,
  0x75, 0x07, 0xA0, 0x17, 0x58, 0x1A, 0xFE, 0x76, 0x09, 0xA8, 0x16, 0x23, 0x73, 0x03, 0xC0, 0xD7,
  0x48, 0x35, 0xCE, 0xEA,
  // "Ć" (U+0106), RLE, 163 bytes saved (53.6%)
  0x75, 0x83, 0x47, 0x77, 0x37, 0x60, 0x10, 0xEA, 0x0D, 0x01, 0x76, 0x0A, 0xA0, 0xE0, 0x27, 0x60,
  0x4A, 0x0E, 0x03, 0x76, 0x83, 0x1D, 0xFE, 0x37, 0x78, 0x29, 0xFD, 0x38, 0x09, 0x82, 0x08, 0x90,
  0x49, 0xCE, 0xFE, 0xDB, 0x84, 0x70, 0x40, 0xCF, 0xB0, 0xE0, 0x14, 0x07, 0xD8, 0x1E, 0xDE, 0xC0,
  0xB4, 0x07, 0xC0, 0x90, 0x34, 0x82, 0x4A, 0xF4, 0x30, 0x3B, 0x0E, 0x03, 0x71, 0x01, 0x40, 0xCB,
  0x03, 0x76, 0x03, 0xB0, 0x97, 0x70, 0x8B, 0x02, 0x77, 0x0C, 0xA0, 0xD7, 0x71, 0x0E, 0xA0, 0xA7,
  0x71, 0xB0, 0x97, 0x70, 0x1B, 0x08, 0x77, 0x1B, 0x09, 0x77, 0x10, 0xEA, 0x0A, 0x77, 0x10, 0xCA,
  0x0D, 0x77, 0x10, 0x9B, 0x01, 0x77, 0x05, 0xB0, 0x87, 0x71, 0x0E, 0xA0, 0xE0, 0x27, 0x70, 0x6B,
  0x0D, 0x01, 0x77, 0x0B, 0xB8, 0x1E, 0x72, 0x48, 0x21, 0x58, 0x44, 0x01, 0x0C, 0xD8, 0x1E, 0xDE,
  0xC0, 0x56, 0x08, 0xFC, 0x05, 0x78, 0x31, 0x6B, 0xDE, 0xA8, 0x2E, 0xC8, 0x42,
  // "ć" (U+0107), RLE, 71 bytes saved (39.0%)
  0x72, 0x83, 0x47, 0x77, 0x37, 0x10, 0x10, 0xEA, 0x0D, 0x01, 0x71, 0x0A, 0xA0, 0xE0, 0x27, 0x10,
  0x4A, 0x0E, 0x03, 0x71, 0x83, 0x1D, 0xFE, 0x37, 0x28, 0x29, 0xFD, 0x38, 0x0C, 0x10, 0x87, 0x5A,
  0xDE, 0xED, 0xA6, 0x13, 0x04, 0x0E, 0xF9, 0x07, 0x20, 0x4D, 0x00, 0xDB, 0x82, 0x10, 0x1E, 0xA0,
  0xE0, 0x63, 0x81, 0x16, 0x82, 0x08, 0xB0, 0x47, 0x20, 0xDA, 0x0B, 0x72, 0x01, 0xB0, 0x67, 0x20,
  0x3B, 0x03, 0x72, 0x04, 0xB0, 0x27, 0x20, 0x4B, 0x02, 0x72, 0x04, 0xB0, 0x37, 0x20, 0x2B, 0x06,
  0x73, 0x0E, 0xA0, 0xB7, 0x30, 0x9B, 0x04, 0x72, 0x02, 0xB0, 0xE0, 0x54, 0x81, 0x4A, 0x32, 0x06,
  0xD0, 0x0D, 0xB0, 0x43, 0x06, 0x0E, 0xF9, 0x04, 0x48, 0x71, 0x7B, 0xEF, 0xED, 0xA5, 0x10,
  // "Ĉ" (U+0108), RLE, 157 bytes saved (51.6%)
  0x72, 0x80, 0x07, 0x77, 0x06, 0xC0, 0x87, 0x50, 0x20, 0xED, 0x04, 0x73, 0x01, 0x0D, 0xA0, 0x80,
  0x6A, 0x0E, 0x02, 0x72, 0x0B, 0xA0, 0x72, 0x06, 0xA0, 0xD0, 0x17, 0x82, 0x8F, 0xE4, 0x48, 0x23,
  0xDF, 0xB8, 0x0F, 0x60, 0x89, 0x04, 0x9C, 0xEF, 0xED, 0xB8, 0x47, 0x04, 0x0C, 0xFB, 0x0E, 0x01,
  0x40, 0x7D, 0x81, 0xED, 0xEC, 0x0B, 0x40, 0x7C, 0x09, 0x03, 0x48, 0x24, 0xAF, 0x43, 0x03, 0xB0,
  0xE0, 0x37, 0x10, 0x14, 0x0C, 0xB0, 0x37, 0x60, 0x3B, 0x09, 0x77, 0x08, 0xB0, 0x27, 0x70, 0xCA,
  0x0D, 0x77, 0x10, 0xEA, 0x0A, 0x77, 0x1B, 0x09, 0x77, 0x01, 0xB0, 0x87, 0x71, 0xB0, 0x97, 0x71,
  0x0E, 0xA0, 0xA7, 0x71, 0x0C, 0xA0, 0xD7, 0x71, 0x09, 0xB0, 0x17, 0x70, 0x5B, 0x08, 0x77, 0x10,
  0xEA, 0x0E, 0x02, 0x77, 0x06, 0xB0, 0xD0, 0x17, 0x70, 0xBB, 0x81, 0xE7, 0x24, 0x82, 0x15, 0x84,
  0x40, 0x10, 0xCD, 0x81, 0xED, 0xEC, 0x05, 0x60, 0x8F, 0xC0, 0x57, 0x83, 0x16, 0xBD, 0xEA, 0x82,
  0xEC, 0x84, 0x20,
  // "ĉ" (U+0109), RLE, 67 bytes saved (36.8%)
  0x68, 0x00, 0x77, 0x20, 0x6C, 0x08, 0x70, 0x20, 0xED, 0x04, 0x50, 0x10, 0xDA, 0x08, 0x06, 0xA0,
  0xE0, 0x24, 0x0B, 0xA0, 0x72, 0x06, 0xA0, 0xD0, 0x12, 0x82, 0x8F, 0xE4, 0x48, 0x23, 0xDF, 0xB7,
  0x77, 0x75, 0x87, 0x5A, 0xDE, 0xED, 0xA6, 0x13, 0x04, 0x0E, 0xF9, 0x07, 0x20, 0x4D, 0x00, 0xDB,
  0x82, 0x10, 0x1E, 0xA0, 0xE0, 0x63, 0x81, 0x16, 0x82, 0x08, 0xB0, 0x47, 0x20, 0xDA, 0x0B, 0x72,
  0x01, 0xB0, 0x67, 0x20, 0x3B, 0x03, 0x72, 0x04, 0xB0, 0x27, 0x20, 0x4B, 0x02, 0x72, 0x04, 0xB0,
  0x37, 0x20, 0x2B, 0x06, 0x73, 0x0E, 0xA0, 0xB7, 0x30, 0x9B, 0x04, 0x72, 0x02, 0xB0, 0xE0, 0x54,
  0x81, 0x4A, 0x32, 0x06, 0xD0, 0x0D, 0xB0, 0x43, 0x06, 0x0E, 0xF9, 0x04, 0x48, 0x71, 0x7B, 0xEF,
  0xED, 0xA5, 0x10,
  // "Ċ" (U+010A), RLE, 157 bytes saved (55.1%)
  0x72, 0x82, 0x2D, 0xE7, 0x77, 0x10, 0x9B, 0x77, 0x10, 0x9B, 0x77, 0x18, 0x22, 0xDE, 0x78, 0x09,
  0x82, 0x08, 0x90, 0x49, 0xCE, 0xFE, 0xDB, 0x84, 0x70, 0x40, 0xCF, 0xB0, 0xE0, 0x14, 0x07, 0xD8,
  0x1E, 0xDE, 0xC0, 0xB4, 0x07, 0xC0, 0x90, 0x34, 0x82, 0x4A, 0xF4, 0x30, 0x3B, 0x0E, 0x03, 0x71,
  0x01, 0x40, 0xCB, 0x03, 0x76, 0x03, 0xB0, 0x97, 0x70, 0x8B, 0x02, 0x77, 0x0C, 0xA0, 0xD7, 0x71,
  0x0E, 0xA0, 0xA7, 0x71, 0xB0, 0x97, 0x70, 0x1B, 0x08, 0x77, 0x1B, 0x09, 0x77, 0x10, 0xEA, 0x0A,
  0x77, 0x10, 0xCA, 0x0D, 0x77, 0x10, 0x9B, 0x01, 0x77, 0x05, 0xB0, 0x87, 0x71, 0x0E, 0xA0, 0xE0,
  0x27, 0x70, 0x6B, 0x0D, 0x01, 0x77, 0x0B, 0xB8, 0x1E, 0x72, 0x48, 0x21, 0x58, 0x44, 0x01, 0x0C,
  0xD8, 0x1E, 0xDE, 0xC0, 0x56, 0x08, 0xFC, 0x05, 0x78, 0x31, 0x6B, 0xDE, 0xA8, 0x2E, 0xC8, 0x42,
  // "ċ" (U+010B), RLE, 72 bytes saved (42.9%)
  0x68, 0x22, 0xDE, 0x77, 0x30, 0x9B, 0x73, 0x09, 0xB7, 0x38, 0x22, 0xDE, 0x78, 0x0C, 0x10, 0x87,
  0x5A, 0xDE, 0xED, 0xA6, 0x13, 0x04, 0x0E, 0xF9, 0x07, 0x20, 0x4D, 0x00, 0xDB, 0x82, 0x10, 0x1E,
  0xA0, 0xE0, 0x63, 0x81, 0x16, 0x82, 0x08, 0xB0, 0x47, 0x20, 0xDA, 0x0B, 0x72, 0x01, 0xB0, 0x67,
  0x20, 0x3B, 0x03, 0x72, 0x04, 0xB0, 0x27, 0x20, 0x4B, 0x02, 0x72, 0x04, 0xB0, 0x37, 0x20, 0x2B,
  0x06, 0x73, 0x0E, 0xA0, 0xB7, 0x30, 0x9B, 0x04, 0x72, 0x02, 0xB0, 0xE0, 0x54, 0x81, 0x4A, 0x32,
  0x06, 0xD0, 0x0D, 0xB0, 0x43, 0x06, 0x0E, 0xF9, 0x04, 0x48, 0x71, 0x7B, 0xEF, 0xED, 0xA5, 0x10,
  // "Č" (U+010C), RLE, 157 bytes saved (51.6%)
  0x58, 0x15, 0x76, 0x68, 0x15, 0x76, 0x70, 0x4A, 0x0B, 0x01, 0x30, 0xAA, 0x07, 0x71, 0x06, 0xA8,
  0x2D, 0x10, 0xBA, 0x08, 0x73, 0x09, 0xA0, 0x0C, 0xA0, 0xA7, 0x50, 0xBC, 0x0D, 0x76, 0x02, 0x0E,
  0xB0, 0x38, 0x09, 0x81, 0x08, 0x90, 0x49, 0xCE, 0xFE, 0xDB, 0x84, 0x70, 0x40, 0xCF, 0xB0, 0xE0,
  0x14, 0x07, 0xD8, 0x1E, 0xDE, 0xC0, 0xB4, 0x07, 0xC0, 0x90, 0x34, 0x82, 0x4A, 0xF4, 0x30, 0x3B,
  0x0E, 0x03, 0x71, 0x01, 0x40, 0xCB, 0x03, 0x76, 0x03, 0xB0, 0x97, 0x70, 0x8B, 0x02, 0x77, 0x0C,
  0xA0, 0xD7, 0x71, 0x0E, 0xA0, 0xA7, 0x71, 0xB0, 0x97, 0x70, 0x1B, 0x08, 0x77, 0x1B, 0x09, 0x77,
  0x10, 0xEA, 0x0A, 0x77, 0x10, 0xCA, 0x0D, 0x77, 0x10, 0x9B, 0x01, 0x77, 0x05, 0xB0, 0x87, 0x71,
  0x0E, 0xA0, 0xE0, 0x27, 0x70, 0x6B, 0x0D, 0x01, 0x77, 0x0B, 0xB8, 0x1E, 0x72, 0x48, 0x21, 0x58,
  0x44, 0x01, 0x0C, 0xD8, 0x1E, 0xDE, 0xC0, 0x56, 0x08, 0xFC, 0x05, 0x78, 0x31, 0x6B, 0xDE, 0xA8,
  0x2E, 0xC8, 0x42,
  // "č" (U+010D), RLE, 67 bytes saved (36.8%)
  0x28, 0x15, 0x76, 0x68, 0x15, 0x76, 0x20, 0x4A, 0x0B, 0x01, 0x30, 0xAA, 0x07, 0x30, 0x6A, 0x82,
  0xD1, 0x0B, 0xA0, 0x85, 0x09, 0xA0, 0x0C, 0xA0, 0xA7, 0x0B, 0xC0, 0xD7, 0x10, 0x20, 0xEB, 0x03,
  0x80, 0xC0, 0x08, 0x75, 0xAD, 0xEE, 0xDA, 0x61, 0x30, 0x40, 0xEF, 0x90, 0x72, 0x04, 0xD0, 0x0D,
  0xB8, 0x21, 0x01, 0xEA, 0x0E, 0x06, 0x38, 0x11, 0x68, 0x20, 0x8B, 0x04, 0x72, 0x0D, 0xA0, 0xB7,
  0x20, 0x1B, 0x06, 0x72, 0x03, 0xB0, 0x37, 0x20, 0x4B, 0x02, 0x72, 0x04, 0xB0, 0x27, 0x20, 0x4B,
  0x03, 0x72, 0x02, 0xB0, 0x67, 0x30, 0xEA, 0x0B, 0x73, 0x09, 0xB0, 0x47, 0x20, 0x2B, 0x0E, 0x05,
  0x48, 0x14, 0xA3, 0x20, 0x6D, 0x00, 0xDB, 0x04, 0x30, 0x60, 0xEF, 0x90, 0x44, 0x87, 0x17, 0xBE,
  0xFE, 0xDA, 0x51,
  // "Ď" (U+010E), RLE, 122 bytes saved (40.1%)
  0x38, 0x15, 0x76, 0x68, 0x15, 0x76, 0x70, 0x4A, 0x0B, 0x01, 0x30, 0xAA, 0x07, 0x71, 0x06, 0xA8,
  0x2D, 0x10, 0xBA, 0x08, 0x73, 0x09, 0xA0, 0x0C, 0xA0, 0xA7, 0x50, 0xBC, 0x0D, 0x76, 0x02, 0x0E,
  0xB0, 0x38, 0x0F, 0x40, 0x0E, 0xF8, 0x2E, 0xC9, 0x57, 0x0E, 0xFC, 0x0E, 0x07, 0x50, 0xEA, 0x84,
  0xED, 0xDD, 0xDE, 0xD0, 0xC0, 0x23, 0x0E, 0xA0, 0x75, 0x81, 0x27, 0xEB, 0x0D, 0x01, 0x20, 0xEA,
  0x07, 0x71, 0x0A, 0xB0, 0xB2, 0x0E, 0xA0, 0x77, 0x20, 0xBB, 0x81, 0x40, 0xEA, 0x07, 0x72, 0x01,
  0xB8, 0x1B, 0x0E, 0xA0, 0x77, 0x30, 0xAB, 0x01, 0x0E, 0xA0, 0x77, 0x30, 0x6B, 0x04, 0x0E, 0xA0,
  0x77, 0x30, 0x3B, 0x06, 0x0E, 0xA0, 0x77, 0x30, 0x2B, 0x07, 0x0E, 0xA0, 0x77, 0x30, 0x1B, 0x07,
  0x0E, 0xA0, 0x77, 0x30, 0x2B, 0x06, 0x0E, 0xA0, 0x77, 0x30, 0x3B, 0x05, 0x0E, 0xA0, 0x77, 0x30,
  0x7B, 0x03, 0x0E, 0xA0, 0x77, 0x30, 0xBA, 0x81, 0xE0, 0xEA, 0x07, 0x72, 0x03, 0xB8, 0x1A, 0x0E,
  0xA0, 0x77, 0x20, 0xDB, 0x81, 0x20, 0xEA, 0x07, 0x70, 0x10, 0xCB, 0x09, 0x20, 0xEA, 0x07, 0x50,
  0x40, 0x9C, 0x0C, 0x30, 0xEA, 0x83, 0xED, 0xDD, 0xEE, 0x0A, 0x01, 0x30, 0xEF, 0xC0, 0xC0, 0x55,
  0x0E, 0xE8, 0x3E, 0xDB, 0x73, 0x70,
  // "ď" (U+010F), RLE, 115 bytes saved (41.8%)
  0x75, 0x03, 0xB8, 0x12, 0x0A, 0xA0, 0x87, 0x50, 0x3B, 0x81, 0x20, 0xDA, 0x02, 0x75, 0x03, 0xB0,
  0x21, 0xA0, 0xB7, 0x60, 0x3B, 0x02, 0x04, 0xA0, 0x37, 0x60, 0x3B, 0x82, 0x28, 0xF9, 0x77, 0x03,
  0xB0, 0x27, 0x73, 0x03, 0xB0, 0x27, 0x28, 0x73, 0xAD, 0xFE, 0xB5, 0x02, 0xB0, 0x27, 0x10, 0x8F,
  0x0B, 0x02, 0xB0, 0x27, 0x08, 0xC8, 0x1E, 0xDE, 0xA0, 0xBB, 0x02, 0x60, 0x3B, 0x0E, 0x05, 0x30,
  0x40, 0xDC, 0x02, 0x60, 0x9B, 0x04, 0x50, 0x10, 0xEB, 0x02, 0x60, 0xEA, 0x0B, 0x70, 0x9B, 0x02,
  0x50, 0x2B, 0x06, 0x70, 0x5B, 0x02, 0x50, 0x4B, 0x04, 0x70, 0x2B, 0x02, 0x50, 0x4B, 0x02, 0x70,
  0x1B, 0x02, 0x50, 0x4B, 0x02, 0x70, 0x1B, 0x02, 0x50, 0x4B, 0x03, 0x70, 0x1B, 0x02, 0x50, 0x2B,
  0x06, 0x70, 0x3B, 0x02, 0x60, 0xEA, 0x0A, 0x70, 0x7B, 0x02, 0x60, 0xAB, 0x03, 0x50, 0x10, 0xEB,
  0x02, 0x60, 0x3B, 0x0D, 0x04, 0x30, 0x30, 0xCC, 0x02, 0x70, 0x9C, 0x81, 0xED, 0xEA, 0x0A, 0xB0,
  0x27, 0x10, 0x9F, 0x81, 0xB0, 0xCA, 0x02, 0x72, 0x85, 0x4A, 0xDF, 0xEB, 0x52, 0x09, 0xA0, 0x25,
  // "Đ" (U+0110), RLE, 101 bytes saved (39.9%)
  0x30, 0xCF, 0x82, 0xEC, 0x95, 0x73, 0x0C, 0xFC, 0x0E, 0x07, 0x71, 0x0C, 0xA0, 0xE8, 0x00, 0xDE,
  0x0C, 0x02, 0x60, 0xCA, 0x0A, 0x58, 0x12, 0x7E, 0xB0, 0xD0, 0x15, 0x0C, 0xA0, 0xA7, 0x10, 0xAB,
  0x0B, 0x50, 0xCA, 0x0A, 0x72, 0x0B, 0xB0, 0x44, 0x0C, 0xA0, 0xA7, 0x20, 0x1B, 0x0B, 0x40, 0xCA,
  0x0A, 0x73, 0x0A, 0xB0, 0x13, 0x0C, 0xA0, 0xA7, 0x30, 0x6B, 0x04, 0x30, 0xCA, 0x0A, 0x73, 0x03,
  0xB0, 0x60, 0x1F, 0xB0, 0xC5, 0x02, 0xB0, 0x70, 0x1F, 0xB0, 0xC5, 0x01, 0xB8, 0x27, 0x1D, 0xDB,
  0x84, 0xED, 0xDD, 0xDA, 0x50, 0x2B, 0x06, 0x30, 0xCA, 0x0A, 0x73, 0x03, 0xB0, 0x53, 0x0C, 0xA0,
  0xA7, 0x30, 0x7B, 0x03, 0x30, 0xCA, 0x0A, 0x73, 0x0B, 0xA0, 0xE4, 0x0C, 0xA0, 0xA7, 0x20, 0x3B,
  0x0A, 0x40, 0xCA, 0x0A, 0x72, 0x0D, 0xB0, 0x24, 0x0C, 0xA0, 0xA7, 0x01, 0x0C, 0xB0, 0x95, 0x0C,
  0xA0, 0xA5, 0x04, 0x09, 0xC0, 0xB6, 0x0C, 0xA8, 0x3E, 0xDD, 0xDE, 0xE0, 0xA7, 0x0C, 0xFC, 0x0C,
  0x05, 0x71, 0x0C, 0xE8, 0x3E, 0xDB, 0x73, 0x70,
  // "đ" (U+0111), RLE, 90 bytes saved (37.8%)
  0x75, 0x03, 0xB0, 0x27, 0x70, 0x3B, 0x02, 0x71, 0x05, 0x80, 0x2D, 0xB8, 0x1D, 0xD7, 0x60, 0x7F,
  0xC0, 0x96, 0x07, 0xFC, 0x09, 0x75, 0x03, 0xB0, 0x27, 0x70, 0x3B, 0x02, 0x68, 0x73, 0xAD, 0xFE,
  0xB5, 0x02, 0xB0, 0x25, 0x09, 0xF0, 0xB0, 0x2B, 0x02, 0x40, 0x8C, 0x81, 0xED, 0xEA, 0x0B, 0xB0,
  0x23, 0x03, 0xB0, 0xE0, 0x43, 0x04, 0x0D, 0xC0, 0x23, 0x0A, 0xB0, 0x35, 0x01, 0x0E, 0xB0, 0x23,
  0x0E, 0xA0, 0xB7, 0x09, 0xB0, 0x22, 0x02, 0xB0, 0x67, 0x04, 0xB0, 0x22, 0x04, 0xB0, 0x37, 0x02,
  0xB0, 0x22, 0x04, 0xB0, 0x27, 0x01, 0xB0, 0x22, 0x04, 0xB0, 0x27, 0x01, 0xB0, 0x22, 0x04, 0xB0,
  0x37, 0x01, 0xB0, 0x22, 0x02, 0xB0, 0x67, 0x03, 0xB0, 0x23, 0x0E, 0xA0, 0xA7, 0x07, 0xB0, 0x23,
  0x0A, 0xB0, 0x36, 0x0D, 0xB0, 0x23, 0x03, 0xB0, 0xE0, 0x43, 0x03, 0x0C, 0xC0, 0x24, 0x09, 0xC8,
  0x1E, 0xDE, 0xA0, 0xBB, 0x02, 0x50, 0x9F, 0x81, 0xA0, 0xCA, 0x02, 0x68, 0x54, 0xAD, 0xFE, 0xB5,
  0x20, 0x9A, 0x02, 0x20,
  // "Ē" (U+0112), RLE, 93 bytes saved (49.2%)
  0x20, 0x98, 0x05, 0xD0, 0x12, 0x0B, 0xFA, 0x01, 0x20, 0xBF, 0xA0, 0x18, 0x0C, 0x30, 0x0E, 0xFC,
  0x00, 0xEF, 0xC0, 0x0E, 0xA0, 0xE8, 0x04, 0xD0, 0xB0, 0xEA, 0x07, 0x72, 0x0E, 0xA0, 0x77, 0x20,
  0xEA, 0x07, 0x72, 0x0E, 0xA0, 0x77, 0x20, 0xEA, 0x07, 0x72, 0x0E, 0xA0, 0x77, 0x20, 0xEA, 0x0E,
  0x80, 0x4D, 0x04, 0x0E, 0xFC, 0x05, 0x0E, 0xFC, 0x05, 0x0E, 0xA0, 0x77, 0x20, 0xEA, 0x07, 0x72,
  0x0E, 0xA0, 0x77, 0x20, 0xEA, 0x07, 0x72, 0x0E, 0xA0, 0x77, 0x20, 0xEA, 0x07, 0x72, 0x0E, 0xA0,
  0x77, 0x20, 0xEA, 0x07, 0x72, 0x0E, 0xA0, 0xE8, 0x04, 0xD0, 0xB0, 0xEF, 0xC0, 0x0E, 0xFC, 0x0E,
  // "ē" (U+0113), RLE, 80 bytes saved (43.5%)
  0x30, 0x98, 0x05, 0xD0, 0x15, 0x0B, 0xFA, 0x01, 0x50, 0xBF, 0xA0, 0x18, 0x0C, 0x30, 0x85, 0x7B,
  0xEF, 0xEB, 0x67, 0x03, 0x0E, 0xF0, 0xD0, 0x24, 0x04, 0xC8, 0x1E, 0xDE, 0xB0, 0xE0, 0x13, 0x0D,
  0xA0, 0xD0, 0x43, 0x05, 0x0E, 0xA0, 0xB2, 0x07, 0xB0, 0x25, 0x05, 0xB8, 0x12, 0x0C, 0xA0, 0x97,
  0x0E, 0xA0, 0x60, 0x1B, 0x05, 0x70, 0xBA, 0x09, 0x03, 0xFF, 0x0A, 0x04, 0xFF, 0x0B, 0x05, 0xB8,
  0x07, 0xD0, 0x90, 0x4B, 0x03, 0x74, 0x01, 0xB0, 0x57, 0x50, 0xDA, 0x0B, 0x75, 0x07, 0xB0, 0x57,
  0x50, 0xDB, 0x07, 0x01, 0x48, 0x13, 0x7B, 0x30, 0x30, 0xEC, 0x0F, 0xDB, 0x0E, 0x40, 0x20, 0xCF,
  0xA0, 0xD6, 0x87, 0x4A, 0xCE, 0xFE, 0xDA, 0x52,
  // "Ĕ" (U+0114), RLE, 90 bytes saved (44.6%)
  0x18, 0x15, 0x73, 0x58, 0x11, 0x76, 0x28, 0x28, 0xFB, 0x13, 0x82, 0x1A, 0xFB, 0x20, 0x3B, 0x81,
  0xED, 0xEB, 0x04, 0x30, 0x7F, 0x08, 0x58, 0x54, 0xBE, 0xFE, 0xB4, 0x80, 0xC6, 0x00, 0xEF, 0xC0,
  0x0E, 0xFC, 0x00, 0xEA, 0x0E, 0x80, 0x4D, 0x0B, 0x0E, 0xA0, 0x77, 0x20, 0xEA, 0x07, 0x72, 0x0E,
  0xA0, 0x77, 0x20, 0xEA, 0x07, 0x72, 0x0E, 0xA0, 0x77, 0x20, 0xEA, 0x07, 0x72, 0x0E, 0xA0, 0xE8,
  0x04, 0xD0, 0x40, 0xEF, 0xC0, 0x50, 0xEF, 0xC0, 0x50, 0xEA, 0x07, 0x72, 0x0E, 0xA0, 0x77, 0x20,
  0xEA, 0x07, 0x72, 0x0E, 0xA0, 0x77, 0x20, 0xEA, 0x07, 0x72, 0x0E, 0xA0, 0x77, 0x20, 0xEA, 0x07,
  0x72, 0x0E, 0xA0, 0x77, 0x20, 0xEA, 0x0E, 0x80, 0x4D, 0x0B, 0x0E, 0xFC, 0x00, 0xEF, 0xC0, 0xE0,
  // "ĕ" (U+0115), RLE, 80 bytes saved (40.0%)
  0x38, 0x15, 0x73, 0x58, 0x11, 0x76, 0x58, 0x28, 0xFB, 0x13, 0x82, 0x1A, 0xFB, 0x50, 0x3B, 0x81,
  0xED, 0xEB, 0x04, 0x60, 0x7F, 0x08, 0x71, 0x85, 0x4B, 0xEF, 0xEB, 0x48, 0x0C, 0x50, 0x85, 0x7B,
  0xEF, 0xEB, 0x67, 0x03, 0x0E, 0xF0, 0xD0, 0x24, 0x04, 0xC8, 0x1E, 0xDE, 0xB0, 0xE0, 0x13, 0x0D,
  0xA0, 0xD0, 0x43, 0x05, 0x0E, 0xA0, 0xB2, 0x07, 0xB0, 0x25, 0x05, 0xB8, 0x12, 0x0C, 0xA0, 0x97,
  0x0E, 0xA0, 0x60, 0x1B, 0x05, 0x70, 0xBA, 0x09, 0x03, 0xFF, 0x0A, 0x04, 0xFF, 0x0B, 0x05, 0xB8,
  0x07, 0xD0, 0x90, 0x4B, 0x03, 0x74, 0x01, 0xB0, 0x57, 0x50, 0xDA, 0x0B, 0x75, 0x07, 0xB0, 0x57,
  0x50, 0xDB, 0x07, 0x01, 0x48, 0x13, 0x7B, 0x30, 0x30, 0xEC, 0x0F, 0xDB, 0x0E, 0x40, 0x20, 0xCF,
  0xA0, 0xD6, 0x87, 0x4A, 0xCE, 0xFE, 0xDA, 0x52,
  // "Ė" (U+0116), RLE, 98 bytes saved (50.3%)
  0x58, 0x22, 0xDE, 0x77, 0x20, 0x9B, 0x72, 0x09, 0xB7, 0x28, 0x22, 0xDE, 0x78, 0x0C, 0x70, 0x0E,
  0xFC, 0x00, 0xEF, 0xC0, 0x0E, 0xA0, 0xE8, 0x04, 0xD0, 0xB0, 0xEA, 0x07, 0x72, 0x0E, 0xA0, 0x77,
  0x20, 0xEA, 0x07, 0x72, 0x0E, 0xA0, 0x77, 0x20, 0xEA, 0x07, 0x72, 0x0E, 0xA0, 0x77, 0x20, 0xEA,
  0x0E, 0x80, 0x4D, 0x04, 0x0E, 0xFC, 0x05, 0x0E, 0xFC, 0x05, 0x0E, 0xA0, 0x77, 0x20, 0xEA, 0x07,
  0x72, 0x0E, 0xA0, 0x77, 0x20, 0xEA, 0x07, 0x72, 0x0E, 0xA0, 0x77, 0x20, 0xEA, 0x07, 0x72, 0x0E,
  0xA0, 0x77, 0x20, 0xEA, 0x07, 0x72, 0x0E, 0xA0, 0xE8, 0x04, 0xD0, 0xB0, 0xEF, 0xC0, 0x0E, 0xFC,
  0x0E,
  // "ė" (U+0117), RLE, 87 bytes saved (45.3%)
  0x68, 0x22, 0xDE, 0x77, 0x50, 0x9B, 0x75, 0x09, 0xB7, 0x58, 0x22, 0xDE, 0x78, 0x0C, 0x70, 0x85,
  0x7B, 0xEF, 0xEB, 0x67, 0x03, 0x0E, 0xF0, 0xD0, 0x24, 0x04, 0xC8, 0x1E, 0xDE, 0xB0, 0xE0, 0x13,
  0x0D, 0xA0, 0xD0, 0x43, 0x05, 0x0E, 0xA0, 0xB2, 0x07, 0xB0, 0x25, 0x05, 0xB8, 0x12, 0x0C, 0xA0,
  0x97, 0x0E, 0xA0, 0x60, 0x1B, 0x05, 0x70, 0xBA, 0x09, 0x03, 0xFF, 0x0A, 0x04, 0xFF, 0x0B, 0x05,
  0xB8, 0x07, 0xD0, 0x90, 0x4B, 0x03, 0x74, 0x01, 0xB0, 0x57, 0x50, 0xDA, 0x0B, 0x75, 0x07, 0xB0,
  0x57, 0x50, 0xDB, 0x07, 0x01, 0x48, 0x13, 0x7B, 0x30, 0x30, 0xEC, 0x0F, 0xDB, 0x0E, 0x40, 0x20,
  0xCF, 0xA0, 0xD6, 0x87, 0x4A, 0xCE, 0xFE, 0xDA, 0x52,
  // "Ę" (U+0118), RLE, 86 bytes saved (44.1%)
  0x0E, 0xFC, 0x00, 0xEF, 0xC0, 0x0E, 0xA0, 0xE8, 0x04, 0xD0, 0xB0, 0xEA, 0x07, 0x72, 0x0E, 0xA0,
  0x77, 0x20, 0xEA, 0x07, 0x72, 0x0E, 0xA0, 0x77, 0x20, 0xEA, 0x07, 0x72, 0x0E, 0xA0, 0x77, 0x20,
  0xEA, 0x0E, 0x80, 0x4D, 0x04, 0x0E, 0xFC, 0x05, 0x0E, 0xFC, 0x05, 0x0E, 0xA0, 0x77, 0x20, 0xEA,
  0x07, 0x72, 0x0E, 0xA0, 0x77, 0x20, 0xEA, 0x07, 0x72, 0x0E, 0xA0, 0x77, 0x20, 0xEA, 0x07, 0x72,
  0x0E, 0xA0, 0x77, 0x20, 0xEA, 0x07, 0x72, 0x0E, 0xA0, 0xE8, 0x04, 0xD0, 0xB0, 0xEF, 0xC0, 0x0E,
  0xFC, 0x0E, 0x71, 0x82, 0x3E, 0xF5, 0x72, 0x81, 0xDF, 0x87, 0x20, 0x7A, 0x01, 0x72, 0x81, 0xAF,
  0xE7, 0x30, 0x9A, 0x81, 0x62, 0x37, 0x03, 0xC0, 0xD7, 0x18, 0x35, 0xCE, 0xEA,
  // "ę" (U+0119), RLE, 85 bytes saved (40.9%)
  0x58, 0x57, 0xBE, 0xFD, 0xB5, 0x70, 0x30, 0xEF, 0x0C, 0x01, 0x40, 0x4C, 0x81, 0xED, 0xEB, 0x0C,
  0x40, 0xDA, 0x0E, 0x05, 0x30, 0x6B, 0x08, 0x20, 0x7B, 0x04, 0x50, 0x8A, 0x0E, 0x20, 0xCA, 0x0B,
  0x60, 0x1B, 0x05, 0x01, 0xB0, 0x77, 0x0D, 0xA0, 0x80, 0x3B, 0x04, 0x70, 0xBA, 0x0A, 0x04, 0xFF,
  0x0B, 0x05, 0xFF, 0x0B, 0x04, 0xB8, 0x07, 0xD0, 0x90, 0x1B, 0x03, 0x75, 0x0D, 0xA0, 0x77, 0x50,
  0x7A, 0x0E, 0x02, 0x75, 0x0D, 0xA0, 0xE0, 0x55, 0x81, 0x26, 0x93, 0x03, 0x0E, 0xC0, 0xFD, 0xB0,
  0xE4, 0x02, 0x0C, 0xFA, 0x0D, 0x68, 0x44, 0xAC, 0xEF, 0xEB, 0x04, 0x74, 0x04, 0xA0, 0x57, 0x48,
  0x21, 0xEF, 0x97, 0x50, 0x7A, 0x01, 0x75, 0x81, 0xCF, 0xB7, 0x68, 0x1D, 0xFB, 0x76, 0x0B, 0xA8,
  0x14, 0x33, 0x73, 0x05, 0xC0, 0xA7, 0x48, 0x36, 0xCF, 0xE8, 0x10,
  // "Ě" (U+011A), RLE, 92 bytes saved (44.2%)
  0x18, 0x15, 0x76, 0x68, 0x35, 0x76, 0x04, 0xA0, 0xB0, 0x13, 0x0A, 0xA0, 0x72, 0x06, 0xA8, 0x2D,
  0x10, 0xBA, 0x08, 0x40, 0x9A, 0x00, 0xCA, 0x0A, 0x60, 0xBC, 0x0D, 0x70, 0x20, 0xEB, 0x03, 0x80,
  0xC6, 0x00, 0xEF, 0xC0, 0x0E, 0xFC, 0x00, 0xEA, 0x0E, 0x80, 0x4D, 0x0B, 0x0E, 0xA0, 0x77, 0x20,
  0xEA, 0x07, 0x72, 0x0E, 0xA0, 0x77, 0x20, 0xEA, 0x07, 0x72, 0x0E, 0xA0, 0x77, 0x20, 0xEA, 0x07,
  0x72, 0x0E, 0xA0, 0xE8, 0x04, 0xD0, 0x40, 0xEF, 0xC0, 0x50, 0xEF, 0xC0, 0x50, 0xEA, 0x07, 0x72,
  0x0E, 0xA0, 0x77, 0x20, 0xEA, 0x07, 0x72, 0x0E, 0xA0, 0x77, 0x20, 0xEA, 0x07, 0x72, 0x0E, 0xA0,
  0x77, 0x20, 0xEA, 0x07, 0x72, 0x0E, 0xA0, 0x77, 0x20, 0xEA, 0x0E, 0x80, 0x4D, 0x0B, 0x0E, 0xFC,
  0x00, 0xEF, 0xC0, 0xE0,
  // "ě" (U+011B), RLE, 83 bytes saved (39.9%)
  0x28, 0x15, 0x76, 0x68, 0x15, 0x76, 0x40, 0x4A, 0x0B, 0x01, 0x30, 0xAA, 0x07, 0x50, 0x6A, 0x82,
  0xD1, 0x0B, 0xA0, 0x87, 0x09, 0xA0, 0x0C, 0xA0, 0xA7, 0x20, 0xBC, 0x0D, 0x73, 0x02, 0x0E, 0xB0,
  0x38, 0x0C, 0x60, 0x85, 0x7B, 0xEF, 0xEB, 0x67, 0x03, 0x0E, 0xF0, 0xD0, 0x24, 0x04, 0xC8, 0x1E,
  0xDE, 0xB0, 0xE0, 0x13, 0x0D, 0xA0, 0xD0, 0x43, 0x05, 0x0E, 0xA0, 0xB2, 0x07, 0xB0, 0x25, 0x05,
  0xB8, 0x12, 0x0C, 0xA0, 0x97, 0x0E, 0xA0, 0x60, 0x1B, 0x05, 0x70, 0xBA, 0x09, 0x03, 0xFF, 0x0A,
  0x04, 0xFF, 0x0B, 0x05, 0xB8, 0x07, 0xD0, 0x90, 0x4B, 0x03, 0x74, 0x01, 0xB0, 0x57, 0x50, 0xDA,
  0x0B, 0x75, 0x07, 0xB0, 0x57, 0x50, 0xDB, 0x07, 0x01, 0x48, 0x13, 0x7B, 0x30, 0x30, 0xEC, 0x0F,
  0xDB, 0x0E, 0x40, 0x20, 0xCF, 0xA0, 0xD6, 0x87, 0x4A, 0xCE, 0xFE, 0xDA, 0x52,
  // "Ĝ" (U+011C), RLE, 148 bytes saved (46.3%)
  0x73, 0x80, 0x07, 0x77, 0x10, 0x6C, 0x08, 0x76, 0x02, 0x0E, 0xD0, 0x47, 0x40, 0x10, 0xDA, 0x08,
  0x06, 0xA0, 0xE0, 0x27, 0x30, 0xBA, 0x07, 0x20, 0x6A, 0x0D, 0x01, 0x71, 0x82, 0x8F, 0xE4, 0x48,
  0x23, 0xDF, 0xB8, 0x09, 0x81, 0x08, 0x31, 0x6A, 0xCE, 0xA8, 0x3E, 0xC9, 0x51, 0x60, 0x10, 0x9F,
  0xD0, 0x54, 0x04, 0x0E, 0xD8, 0x1E, 0xDD, 0xD0, 0x13, 0x05, 0xC8, 0x1C, 0x51, 0x48, 0x23, 0x7C,
  0x93, 0x02, 0x0E, 0xB0, 0x77, 0x70, 0xBB, 0x06, 0x77, 0x02, 0xB0, 0xB7, 0x71, 0x08, 0xB0, 0x37,
  0x71, 0x0C, 0xA0, 0xE7, 0x72, 0x0E, 0xA0, 0xA7, 0x72, 0xB0, 0x86, 0x05, 0x80, 0x3D, 0x0A, 0x01,
  0xB0, 0x86, 0x06, 0xF0, 0xC1, 0xB0, 0x96, 0x06, 0xF8, 0x1C, 0x0E, 0xA0, 0xA7, 0x40, 0x9A, 0x81,
  0xC0, 0xCA, 0x0D, 0x74, 0x09, 0xA8, 0x1C, 0x08, 0xB0, 0x27, 0x30, 0x9A, 0x81, 0xC0, 0x4B, 0x09,
  0x73, 0x09, 0xA0, 0xC2, 0x0D, 0xB0, 0x37, 0x20, 0x9A, 0x0C, 0x20, 0x5B, 0x0E, 0x03, 0x71, 0x09,
  0xA0, 0xC3, 0x09, 0xC0, 0x90, 0x35, 0x02, 0x0B, 0xA0, 0xC4, 0x09, 0xE0, 0xFD, 0xD0, 0xC5, 0x06,
  0x0D, 0xFD, 0x0C, 0x78, 0x25, 0x9C, 0xEA, 0x84, 0xED, 0xCA, 0x73, 0x10,
  // "ĝ" (U+011D), RLE, 96 bytes saved (33.2%)
  0x78, 0x00, 0x77, 0x50, 0x6C, 0x08, 0x73, 0x02, 0x0E, 0xD0, 0x47, 0x10, 0x10, 0xDA, 0x08, 0x06,
  0xA0, 0xE0, 0x27, 0x0B, 0xA0, 0x72, 0x06, 0xA0, 0xD0, 0x15, 0x82, 0x8F, 0xE4, 0x48, 0x23, 0xDF,
  0xB8, 0x0C, 0x40, 0x85, 0x3A, 0xDF, 0xEB, 0x52, 0x09, 0xA0, 0x23, 0x08, 0xF8, 0x1B, 0x1C, 0xA0,
  0x22, 0x07, 0xC8, 0x1E, 0xDE, 0xA0, 0xC0, 0xEA, 0x81, 0x20, 0x2B, 0x0E, 0x04, 0x30, 0x40, 0xDC,
  0x81, 0x20, 0x9B, 0x03, 0x50, 0x10, 0xEB, 0x81, 0x20, 0xEA, 0x0B, 0x70, 0x8B, 0x02, 0x01, 0xB0,
  0x67, 0x04, 0xB0, 0x20, 0x3B, 0x03, 0x70, 0x2B, 0x02, 0x04, 0xB0, 0x27, 0x01, 0xB0, 0x20, 0x4B,
  0x02, 0x71, 0xB0, 0x20, 0x4B, 0x03, 0x70, 0x1B, 0x00, 0x2B, 0x06, 0x70, 0x3B, 0x81, 0x20, 0xEA,
  0x0A, 0x70, 0x6B, 0x81, 0x20, 0x9B, 0x03, 0x60, 0xDB, 0x81, 0x20, 0x3B, 0x0E, 0x04, 0x30, 0x30,
  0xCC, 0x02, 0x20, 0x8C, 0x81, 0xED, 0xEA, 0x0B, 0xB0, 0x23, 0x09, 0xF0, 0xB0, 0x2B, 0x02, 0x48,
  0x74, 0xAD, 0xFE, 0xB5, 0x02, 0xB0, 0x27, 0x50, 0x3B, 0x02, 0x75, 0x04, 0xB0, 0x17, 0x50, 0x8A,
  0x0E, 0x30, 0x17, 0x10, 0x20, 0xEA, 0x0A, 0x28, 0x31, 0xE9, 0x51, 0x40, 0x40, 0xDB, 0x04, 0x20,
  0x1C, 0x82, 0xED, 0xDE, 0xC0, 0x93, 0x01, 0xFC, 0x09, 0x58, 0x31, 0x6A, 0xCE, 0xA8, 0x2E, 0xC8,
  0x24,
  // "Ğ" (U+011E), RLE, 144 bytes saved (46.5%)
  0x68, 0x15, 0x73, 0x58, 0x11, 0x76, 0x72, 0x82, 0x8F, 0xB1, 0x38, 0x21, 0xAF, 0xB7, 0x20, 0x3B,
  0x81, 0xED, 0xEB, 0x04, 0x73, 0x07, 0xF0, 0x87, 0x58, 0x54, 0xBE, 0xFE, 0xB4, 0x80, 0x98, 0x40,
  0x83, 0x16, 0xAC, 0xEA, 0x83, 0xEC, 0x95, 0x16, 0x01, 0x09, 0xFD, 0x05, 0x40, 0x40, 0xED, 0x81,
  0xED, 0xDD, 0x01, 0x30, 0x5C, 0x81, 0xC5, 0x14, 0x82, 0x37, 0xC9, 0x30, 0x20, 0xEB, 0x07, 0x77,
  0x0B, 0xB0, 0x67, 0x70, 0x2B, 0x0B, 0x77, 0x10, 0x8B, 0x03, 0x77, 0x10, 0xCA, 0x0E, 0x77, 0x20,
  0xEA, 0x0A, 0x77, 0x2B, 0x08, 0x60, 0x58, 0x03, 0xD0, 0xA0, 0x1B, 0x08, 0x60, 0x6F, 0x0C, 0x1B,
  0x09, 0x60, 0x6F, 0x81, 0xC0, 0xEA, 0x0A, 0x74, 0x09, 0xA8, 0x1C, 0x0C, 0xA0, 0xD7, 0x40, 0x9A,
  0x81, 0xC0, 0x8B, 0x02, 0x73, 0x09, 0xA8, 0x1C, 0x04, 0xB0, 0x97, 0x30, 0x9A, 0x0C, 0x20, 0xDB,
  0x03, 0x72, 0x09, 0xA0, 0xC2, 0x05, 0xB0, 0xE0, 0x37, 0x10, 0x9A, 0x0C, 0x30, 0x9C, 0x09, 0x03,
  0x50, 0x20, 0xBA, 0x0C, 0x40, 0x9E, 0x0F, 0xDD, 0x0C, 0x50, 0x60, 0xDF, 0xD0, 0xC7, 0x82, 0x59,
  0xCE, 0xA8, 0x4E, 0xDC, 0xA7, 0x31,
  // "ğ" (U+011F), RLE, 93 bytes saved (33.1%)
  0x38, 0x15, 0x73, 0x58, 0x11, 0x76, 0x68, 0x28, 0xFB, 0x13, 0x82, 0x1A, 0xFB, 0x60, 0x3B, 0x81,
  0xED, 0xEB, 0x04, 0x70, 0x7F, 0x08, 0x72, 0x85, 0x4B, 0xEF, 0xEB, 0x48, 0x0C, 0x70, 0x85, 0x3A,
  0xDF, 0xEB, 0x52, 0x09, 0xA0, 0x23, 0x08, 0xF8, 0x1B, 0x1C, 0xA0, 0x22, 0x07, 0xC8, 0x1E, 0xDE,
  0xA0, 0xC0, 0xEA, 0x81, 0x20, 0x2B, 0x0E, 0x04, 0x30, 0x40, 0xDC, 0x81, 0x20, 0x9B, 0x03, 0x50,
  0x10, 0xEB, 0x81, 0x20, 0xEA, 0x0B, 0x70, 0x8B, 0x02, 0x01, 0xB0, 0x67, 0x04, 0xB0, 0x20, 0x3B,
  0x03, 0x70, 0x2B, 0x02, 0x04, 0xB0, 0x27, 0x01, 0xB0, 0x20, 0x4B, 0x02, 0x71, 0xB0, 0x20, 0x4B,
  0x03, 0x70, 0x1B, 0x00, 0x2B, 0x06, 0x70, 0x3B, 0x81, 0x20, 0xEA, 0x0A, 0x70, 0x6B, 0x81, 0x20,
  0x9B, 0x03, 0x60, 0xDB, 0x81, 0x20, 0x3B, 0x0E, 0x04, 0x30, 0x30, 0xCC, 0x02, 0x20, 0x8C, 0x81,
  0xED, 0xEA, 0x0B, 0xB0, 0x23, 0x09, 0xF0, 0xB0, 0x2B, 0x02, 0x48, 0x74, 0xAD, 0xFE, 0xB5, 0x02,
  0xB0, 0x27, 0x50, 0x3B, 0x02, 0x75, 0x04, 0xB0, 0x17, 0x50, 0x8A, 0x0E, 0x30, 0x17, 0x10, 0x20,
  0xEA, 0x0A, 0x28, 0x31, 0xE9, 0x51, 0x40, 0x40, 0xDB, 0x04, 0x20, 0x1C, 0x82, 0xED, 0xDE, 0xC0,
  0x93, 0x01, 0xFC, 0x09, 0x58, 0x31, 0x6A, 0xCE, 0xA8, 0x2E, 0xC8, 0x24,
  // "Ġ" (U+0120), RLE, 148 bytes saved (49.3%)
  0x73, 0x82, 0x2D, 0xE7, 0x77, 0x20, 0x9B, 0x77, 0x20, 0x9B, 0x77, 0x28, 0x22, 0xDE, 0x78, 0x09,
  0x85, 0x08, 0x31, 0x6A, 0xCE, 0xA8, 0x3E, 0xC9, 0x51, 0x60, 0x10, 0x9F, 0xD0, 0x54, 0x04, 0x0E,
  0xD8, 0x1E, 0xDD, 0xD0, 0x13, 0x05, 0xC8, 0x1C, 0x51, 0x48, 0x23, 0x7C, 0x93, 0x02, 0x0E, 0xB0,
  0x77, 0x70, 0xBB, 0x06, 0x77, 0x02, 0xB0, 0xB7, 0x71, 0x08, 0xB0, 0x37, 0x71, 0x0C, 0xA0, 0xE7,
  0x72, 0x0E, 0xA0, 0xA7, 0x72, 0xB0, 0x86, 0x05, 0x80, 0x3D, 0x0A, 0x01, 0xB0, 0x86, 0x06, 0xF0,
  0xC1, 0xB0, 0x96, 0x06, 0xF8, 0x1C, 0x0E, 0xA0, 0xA7, 0x40, 0x9A, 0x81, 0xC0, 0xCA, 0x0D, 0x74,
  0x09, 0xA8, 0x1C, 0x08, 0xB0, 0x27, 0x30, 0x9A, 0x81, 0xC0, 0x4B, 0x09, 0x73, 0x09, 0xA0, 0xC2,
  0x0D, 0xB0, 0x37, 0x20, 0x9A, 0x0C, 0x20, 0x5B, 0x0E, 0x03, 0x71, 0x09, 0xA0, 0xC3, 0x09, 0xC0,
  0x90, 0x35, 0x02, 0x0B, 0xA0, 0xC4, 0x09, 0xE0, 0xFD, 0xD0, 0xC5, 0x06, 0x0D, 0xFD, 0x0C, 0x78,
  0x25, 0x9C, 0xEA, 0x84, 0xED, 0xCA, 0x73, 0x10,
  // "ġ" (U+0121), RLE, 99 bytes saved (36.4%)
  0x78, 0x22, 0xDE, 0x77, 0x60, 0x9B, 0x76, 0x09, 0xB7, 0x68, 0x22, 0xDE, 0x78, 0x0D, 0x00, 0x85,
  0x3A, 0xDF, 0xEB, 0x52, 0x09, 0xA0, 0x23, 0x08, 0xF8, 0x1B, 0x1C, 0xA0, 0x22, 0x07, 0xC8, 0x1E,
  0xDE, 0xA0, 0xC0, 0xEA, 0x81, 0x20, 0x2B, 0x0E, 0x04, 0x30, 0x40, 0xDC, 0x81, 0x20, 0x9B, 0x03,
  0x50, 0x10, 0xEB, 0x81, 0x20, 0xEA, 0x0B, 0x70, 0x8B, 0x02, 0x01, 0xB0, 0x67, 0x04, 0xB0, 0x20,
  0x3B, 0x03, 0x70, 0x2B, 0x02, 0x04, 0xB0, 0x27, 0x01, 0xB0, 0x20, 0x4B, 0x02, 0x71, 0xB0, 0x20,
  0x4B, 0x03, 0x70, 0x1B, 0x00, 0x2B, 0x06, 0x70, 0x3B, 0x81, 0x20, 0xEA, 0x0A, 0x70, 0x6B, 0x81,
  0x20, 0x9B, 0x03, 0x60, 0xDB, 0x81, 0x20, 0x3B, 0x0E, 0x04, 0x30, 0x30, 0xCC, 0x02, 0x20, 0x8C,
  0x81, 0xED, 0xEA, 0x0B, 0xB0, 0x23, 0x09, 0xF0, 0xB0, 0x2B, 0x02, 0x48, 0x74, 0xAD, 0xFE, 0xB5,
  0x02, 0xB0, 0x27, 0x50, 0x3B, 0x02, 0x75, 0x04, 0xB0, 0x17, 0x50, 0x8A, 0x0E, 0x30, 0x17, 0x10,
  0x20, 0xEA, 0x0A, 0x28, 0x31, 0xE9, 0x51, 0x40, 0x40, 0xDB, 0x04, 0x20, 0x1C, 0x82, 0xED, 0xDE,
  0xC0, 0x93, 0x01, 0xFC, 0x09, 0x58, 0x31, 0x6A, 0xCE, 0xA8, 0x2E, 0xC8, 0x24,
  // "Ģ" (U+0122), RLE, 143 bytes saved (47.7%)
  0x78, 0x31, 0x6A, 0xCE, 0xA8, 0x3E, 0xC9, 0x51, 0x60, 0x10, 0x9F, 0xD0, 0x54, 0x04, 0x0E, 0xD8,
  0x1E, 0xDD, 0xD0, 0x13, 0x05, 0xC8, 0x1C, 0x51, 0x48, 0x23, 0x7C, 0x93, 0x02, 0x0E, 0xB0, 0x77,
  0x70, 0xBB, 0x06, 0x77, 0x02, 0xB0, 0xB7, 0x71, 0x08, 0xB0, 0x37, 0x71, 0x0C, 0xA0, 0xE7, 0x72,
  0x0E, 0xA0, 0xA7, 0x72, 0xB0, 0x86, 0x05, 0x80, 0x3D, 0x0A, 0x01, 0xB0, 0x86, 0x06, 0xF0, 0xC1,
  0xB0, 0x96, 0x06, 0xF8, 0x1C, 0x0E, 0xA0, 0xA7, 0x40, 0x9A, 0x81, 0xC0, 0xCA, 0x0D, 0x74, 0x09,
  0xA8, 0x1C, 0x08, 0xB0, 0x27, 0x30, 0x9A, 0x81, 0xC0, 0x4B, 0x09, 0x73, 0x09, 0xA0, 0xC2, 0x0D,
  0xB0, 0x37, 0x20, 0x9A, 0x0C, 0x20, 0x5B, 0x0E, 0x03, 0x71, 0x09, 0xA0, 0xC3, 0x09, 0xC0, 0x90,
  0x35, 0x02, 0x0B, 0xA0, 0xC4, 0x09, 0xE0, 0xFD, 0xD0, 0xC5, 0x06, 0x0D, 0xFD, 0x0C, 0x78, 0x25,
  0x9C, 0xEA, 0x84, 0xED, 0xCA, 0x73, 0x80, 0xD7, 0x00, 0x5A, 0x0D, 0x77, 0x20, 0x8A, 0x07, 0x77,
  0x28, 0x2C, 0xFE, 0x17, 0x71, 0x01, 0xA0, 0x77, 0x72, 0x81, 0x6F, 0xB7, 0x10,
  // "ģ" (U+0123), RLE, 102 bytes saved (36.3%)
  0x71, 0x81, 0x6F, 0xD7, 0x68, 0x21, 0xEF, 0x87, 0x60, 0x9A, 0x03, 0x75, 0x01, 0xA0, 0xE7, 0x60,
  0x7A, 0x0B, 0x80, 0xD1, 0x08, 0x53, 0xAD, 0xFE, 0xB5, 0x20, 0x9A, 0x02, 0x30, 0x8F, 0x81, 0xB1,
  0xCA, 0x02, 0x20, 0x7C, 0x81, 0xED, 0xEA, 0x0C, 0x0E, 0xA8, 0x12, 0x02, 0xB0, 0xE0, 0x43, 0x04,
  0x0D, 0xC8, 0x12, 0x09, 0xB0, 0x35, 0x01, 0x0E, 0xB8, 0x12, 0x0E, 0xA0, 0xB7, 0x08, 0xB0, 0x20,
  0x1B, 0x06, 0x70, 0x4B, 0x02, 0x03, 0xB0, 0x37, 0x02, 0xB0, 0x20, 0x4B, 0x02, 0x70, 0x1B, 0x02,
  0x04, 0xB0, 0x27, 0x1B, 0x02, 0x04, 0xB0, 0x37, 0x01, 0xB0, 0x02, 0xB0, 0x67, 0x03, 0xB8, 0x12,
  0x0E, 0xA0, 0xA7, 0x06, 0xB8, 0x12, 0x09, 0xB0, 0x36, 0x0D, 0xB8, 0x12, 0x03, 0xB0, 0xE0, 0x43,
  0x03, 0x0C, 0xC0, 0x22, 0x08, 0xC8, 0x1E, 0xDE, 0xA0, 0xBB, 0x02, 0x30, 0x9F, 0x0B, 0x02, 0xB0,
  0x24, 0x87, 0x4A, 0xDF, 0xEB, 0x50, 0x2B, 0x02, 0x75, 0x03, 0xB0, 0x27, 0x50, 0x4B, 0x01, 0x75,
  0x08, 0xA0, 0xE3, 0x01, 0x71, 0x02, 0x0E, 0xA0, 0xA2, 0x83, 0x1E, 0x95, 0x14, 0x04, 0x0D, 0xB0,
  0x42, 0x01, 0xC8, 0x2E, 0xDD, 0xEC, 0x09, 0x30, 0x1F, 0xC0, 0x95, 0x83, 0x16, 0xAC, 0xEA, 0x82,
  0xEC, 0x82, 0x40,
  // "Ĥ" (U+0124), RLE, 118 bytes saved (41.0%)
  0x78, 0x00, 0x77, 0x60, 0x6C, 0x08, 0x74, 0x02, 0x0E, 0xD0, 0x47, 0x20, 0x10, 0xDA, 0x08, 0x06,
  0xA0, 0xE0, 0x27, 0x10, 0xBA, 0x07, 0x20, 0x6A, 0x0D, 0x01, 0x68, 0x28, 0xFE, 0x44, 0x82, 0x3D,
  0xFB, 0x80, 0xE5, 0x00, 0xEA, 0x07, 0x73, 0x09, 0xA0, 0xD0, 0xEA, 0x07, 0x73, 0x09, 0xA0, 0xD0,
  0xEA, 0x07, 0x73, 0x09, 0xA0, 0xD0, 0xEA, 0x07, 0x73, 0x09, 0xA0, 0xD0, 0xEA, 0x07, 0x73, 0x09,
  0xA0, 0xD0, 0xEA, 0x07, 0x73, 0x09, 0xA0, 0xD0, 0xEA, 0x07, 0x73, 0x09, 0xA0, 0xD0, 0xEA, 0x07,
  0x73, 0x09, 0xA0, 0xD0, 0xEA, 0x07, 0x73, 0x09, 0xA0, 0xD0, 0xEA, 0x0E, 0x80, 0x6D, 0x0E, 0xA0,
  0xD0, 0xEF, 0xFA, 0x0D, 0x0E, 0xFF, 0xA0, 0xD0, 0xEA, 0x07, 0x73, 0x09, 0xA0, 0xD0, 0xEA, 0x07,
  0x73, 0x09, 0xA0, 0xD0, 0xEA, 0x07, 0x73, 0x09, 0xA0, 0xD0, 0xEA, 0x07, 0x73, 0x09, 0xA0, 0xD0,
  0xEA, 0x07, 0x73, 0x09, 0xA0, 0xD0, 0xEA, 0x07, 0x73, 0x09, 0xA0, 0xD0, 0xEA, 0x07, 0x73, 0x09,
  0xA0, 0xD0, 0xEA, 0x07, 0x73, 0x09, 0xA0, 0xD0, 0xEA, 0x07, 0x73, 0x09, 0xA0, 0xD0, 0xEA, 0x07,
  0x73, 0x09, 0xA0, 0xD0, 0xEA, 0x07, 0x73, 0x09, 0xA0, 0xD0,
  // "ĥ" (U+0125), RLE, 162 bytes saved (49.1%)
  0x48, 0x00, 0x77, 0x71, 0x06, 0xC0, 0x87, 0x60, 0x20, 0xED, 0x04, 0x74, 0x01, 0x0D, 0xA0, 0x80,
  0x6A, 0x0E, 0x02, 0x73, 0x0B, 0xA0, 0x72, 0x06, 0xA0, 0xD0, 0x17, 0x18, 0x28, 0xFE, 0x44, 0x82,
  0x3D, 0xFB, 0x80, 0xE0, 0x00, 0x5B, 0x77, 0x20, 0x5B, 0x77, 0x20, 0x5B, 0x77, 0x20, 0x5B, 0x77,
  0x20, 0x5B, 0x77, 0x20, 0x5B, 0x77, 0x20, 0x5B, 0x77, 0x20, 0x5B, 0x28, 0x55, 0xBE, 0xFE, 0xB6,
  0x70, 0x5B, 0x01, 0x0C, 0xF0, 0xC0, 0x15, 0x05, 0xA0, 0xE0, 0xBA, 0x81, 0xED, 0xEC, 0x0A, 0x50,
  0x5C, 0x0D, 0x04, 0x30, 0x30, 0xDB, 0x02, 0x40, 0x5B, 0x0E, 0x01, 0x50, 0x4B, 0x06, 0x40, 0x5B,
  0x08, 0x70, 0xEA, 0x08, 0x40, 0x5B, 0x04, 0x70, 0xCA, 0x09, 0x40, 0x5B, 0x02, 0x70, 0xBA, 0x09,
  0x40, 0x5B, 0x01, 0x70, 0xBA, 0x09, 0x40, 0x5B, 0x71, 0x0B, 0xA0, 0x94, 0x05, 0xB7, 0x10, 0xBA,
  0x09, 0x40, 0x5B, 0x71, 0x0B, 0xA0, 0x94, 0x05, 0xB7, 0x10, 0xBA, 0x09, 0x40, 0x5B, 0x71, 0x0B,
  0xA0, 0x94, 0x05, 0xB7, 0x10, 0xBA, 0x09, 0x40, 0x5B, 0x71, 0x0B, 0xA0, 0x94, 0x05, 0xB7, 0x10,
  0xBA, 0x09, 0x40, 0x5B, 0x71, 0x0B, 0xA0, 0x90,
  // "Ħ" (U+0126), RLE, 134 bytes saved (48.6%)
  0x30, 0xEA, 0x07, 0x73, 0x09, 0xA0, 0xD6, 0x0E, 0xA0, 0x77, 0x30, 0x9A, 0x0D, 0x60, 0xEA, 0x07,
  0x73, 0x09, 0xA0, 0xD3, 0x0F, 0xDB, 0x0E, 0x80, 0x6D, 0x0E, 0xB8, 0x1D, 0xDB, 0xFF, 0xFA, 0x0E,
  0xFF, 0xFA, 0x0E, 0x30, 0xEA, 0x07, 0x73, 0x09, 0xA0, 0xD6, 0x0E, 0xA0, 0x77, 0x30, 0x9A, 0x0D,
  0x60, 0xEA, 0x07, 0x73, 0x09, 0xA0, 0xD6, 0x0E, 0xA0, 0xE8, 0x06, 0xD0, 0xEA, 0x0D, 0x60, 0xEF,
  0xFA, 0x0D, 0x60, 0xEF, 0xFA, 0x0D, 0x60, 0xEA, 0x07, 0x73, 0x09, 0xA0, 0xD6, 0x0E, 0xA0, 0x77,
  0x30, 0x9A, 0x0D, 0x60, 0xEA, 0x07, 0x73, 0x09, 0xA0, 0xD6, 0x0E, 0xA0, 0x77, 0x30, 0x9A, 0x0D,
  0x60, 0xEA, 0x07, 0x73, 0x09, 0xA0, 0xD6, 0x0E, 0xA0, 0x77, 0x30, 0x9A, 0x0D, 0x60, 0xEA, 0x07,
  0x73, 0x09, 0xA0, 0xD6, 0x0E, 0xA0, 0x77, 0x30, 0x9A, 0x0D, 0x60, 0xEA, 0x07, 0x73, 0x09, 0xA0,
  0xD6, 0x0E, 0xA0, 0x77, 0x30, 0x9A, 0x0D, 0x60, 0xEA, 0x07, 0x73, 0x09, 0xA0, 0xD3,
  // "ħ" (U+0127), RLE, 93 bytes saved (41.3%)
  0x20, 0x5B, 0x77, 0x05, 0xB7, 0x70, 0x5B, 0x75, 0x0C, 0xFC, 0x04, 0x50, 0xCF, 0xC0, 0x45, 0x81,
  0xAD, 0xDB, 0x80, 0x2D, 0x03, 0x70, 0x5B, 0x77, 0x05, 0xB2, 0x85, 0x5B, 0xEF, 0xEB, 0x55, 0x05,
  0xB0, 0x10, 0xCF, 0x0B, 0x40, 0x5A, 0x0E, 0x0B, 0xA8, 0x1E, 0xDE, 0xC0, 0x93, 0x05, 0xC0, 0xD0,
  0x43, 0x04, 0x0E, 0xB0, 0x12, 0x05, 0xC0, 0x25, 0x05, 0xB0, 0x52, 0x05, 0xB0, 0x97, 0x0E, 0xA0,
  0x72, 0x05, 0xB0, 0x57, 0x0C, 0xA0, 0x82, 0x05, 0xB0, 0x27, 0x0B, 0xA0, 0x92, 0x05, 0xB0, 0x17,
  0x0B, 0xA0, 0x92, 0x05, 0xB7, 0x10, 0xBA, 0x09, 0x20, 0x5B, 0x71, 0x0B, 0xA0, 0x92, 0x05, 0xB7,
  0x10, 0xBA, 0x09, 0x20, 0x5B, 0x71, 0x0B, 0xA0, 0x92, 0x05, 0xB7, 0x10, 0xBA, 0x09, 0x20, 0x5B,
  0x71, 0x0B, 0xA0, 0x92, 0x05, 0xB7, 0x10, 0xBA, 0x09, 0x20, 0x5B, 0x71, 0x0B, 0xA0, 0x92, 0x05,
  0xB7, 0x10, 0xBA, 0x09,
  // "Ĩ" (U+0128), RLE, 86 bytes saved (42.6%)
  0x28, 0x26, 0xCC, 0x74, 0x83, 0x7D, 0x40, 0x8C, 0x86, 0xD4, 0x01, 0xEF, 0x22, 0xF8, 0x91, 0xEE,
  0xFD, 0x07, 0xFB, 0x12, 0x9D, 0x83, 0x50, 0xAF, 0x43, 0x83, 0x3B, 0xED, 0x58, 0x0C, 0x70, 0x0C,
  0xF9, 0x01, 0x30, 0xCF, 0x90, 0x13, 0x81, 0x5A, 0xEC, 0x0C, 0x07, 0x60, 0x1B, 0x06, 0x71, 0x01,
  0xB0, 0x67, 0x10, 0x1B, 0x06, 0x71, 0x01, 0xB0, 0x67, 0x10, 0x1B, 0x06, 0x71, 0x01, 0xB0, 0x67,
  0x10, 0x1B, 0x06, 0x71, 0x01, 0xB0, 0x67, 0x10, 0x1B, 0x06, 0x71, 0x01, 0xB0, 0x67, 0x10, 0x1B,
  0x06, 0x71, 0x01, 0xB0, 0x67, 0x10, 0x1B, 0x06, 0x71, 0x01, 0xB0, 0x67, 0x10, 0x1B, 0x06, 0x71,
  0x01, 0xB0, 0x67, 0x10, 0x1B, 0x06, 0x68, 0x11, 0x59, 0xB8, 0x1C, 0x62, 0x40, 0xCF, 0x90, 0x13,
  0x0C, 0xF9, 0x01, 0x10,
  // "ĩ" (U+0129), RLE, 87 bytes saved (53.4%)
  0x28, 0x26, 0xCC, 0x74, 0x83, 0x7D, 0x40, 0x8C, 0x86, 0xD4, 0x01, 0xEF, 0x22, 0xF8, 0x91, 0xEE,
  0xFD, 0x07, 0xFB, 0x12, 0x9D, 0x83, 0x50, 0xAF, 0x43, 0x83, 0x3B, 0xED, 0x57, 0x77, 0x74, 0x05,
  0xB7, 0x20, 0x5B, 0x72, 0x05, 0xB7, 0x20, 0x5B, 0x72, 0x05, 0xB7, 0x20, 0x5B, 0x72, 0x05, 0xB7,
  0x20, 0x5B, 0x72, 0x05, 0xB7, 0x20, 0x5B, 0x72, 0x05, 0xB7, 0x20, 0x5B, 0x72, 0x05, 0xB7, 0x20,
  0x5B, 0x72, 0x05, 0xB7, 0x20, 0x5B, 0x72, 0x05, 0xB7, 0x20, 0x5B, 0x50,
  // "Ī" (U+012A), RLE, 72 bytes saved (45.0%)
  0x09, 0x80, 0x5D, 0x01, 0x0B, 0xFA, 0x01, 0x0B, 0xFA, 0x01, 0x77, 0x77, 0x60, 0xCF, 0x98, 0x11,
  0x0C, 0xF9, 0x83, 0x10, 0x5A, 0xEC, 0x0C, 0x07, 0x40, 0x1B, 0x06, 0x60, 0x1B, 0x06, 0x60, 0x1B,
  0x06, 0x60, 0x1B, 0x06, 0x60, 0x1B, 0x06, 0x60, 0x1B, 0x06, 0x60, 0x1B, 0x06, 0x60, 0x1B, 0x06,
  0x60, 0x1B, 0x06, 0x60, 0x1B, 0x06, 0x60, 0x1B, 0x06, 0x60, 0x1B, 0x06, 0x60, 0x1B, 0x06, 0x60,
  0x1B, 0x06, 0x60, 0x1B, 0x06, 0x60, 0x1B, 0x06, 0x60, 0x1B, 0x06, 0x48, 0x11, 0x59, 0xB8, 0x1C,
  0x62, 0x20, 0xCF, 0x98, 0x11, 0x0C, 0xF9, 0x01,
  // "ī" (U+012B), RLE, 79 bytes saved (62.2%)
  0x09, 0x80, 0x5D, 0x01, 0x0B, 0xFA, 0x01, 0x0B, 0xFA, 0x01, 0x77, 0x74, 0x05, 0xB7, 0x05, 0xB7,
  0x05, 0xB7, 0x05, 0xB7, 0x05, 0xB7, 0x05, 0xB7, 0x05, 0xB7, 0x05, 0xB7, 0x05, 0xB7, 0x05, 0xB7,
  0x05, 0xB7, 0x05, 0xB7, 0x05, 0xB7, 0x05, 0xB7, 0x05, 0xB7, 0x05, 0xB7, 0x05, 0xB7, 0x05, 0xB4,
  // "Ĭ" (U+012C), RLE, 69 bytes saved (40.4%)
  0x81, 0x57, 0x35, 0x85, 0x17, 0x68, 0xFB, 0x13, 0x83, 0x1A, 0xFB, 0x3B, 0x81, 0xED, 0xEB, 0x81,
  0x40, 0x7F, 0x08, 0x38, 0x54, 0xBE, 0xFE, 0xB4, 0x80, 0xC0, 0x00, 0xCF, 0x98, 0x11, 0x0C, 0xF9,
  0x83, 0x10, 0x5A, 0xEC, 0x0C, 0x07, 0x40, 0x1B, 0x06, 0x60, 0x1B, 0x06, 0x60, 0x1B, 0x06, 0x60,
  0x1B, 0x06, 0x60, 0x1B, 0x06, 0x60, 0x1B, 0x06, 0x60, 0x1B, 0x06, 0x60, 0x1B, 0x06, 0x60, 0x1B,
  0x06, 0x60, 0x1B, 0x06, 0x60, 0x1B, 0x06, 0x60, 0x1B, 0x06, 0x60, 0x1B, 0x06, 0x60, 0x1B, 0x06,
  0x60, 0x1B, 0x06, 0x60, 0x1B, 0x06, 0x60, 0x1B, 0x06, 0x48, 0x11, 0x59, 0xB8, 0x1C, 0x62, 0x20,
  0xCF, 0x98, 0x11, 0x0C, 0xF9, 0x01,
  // "ĭ" (U+012D), RLE, 76 bytes saved (55.1%)
  0x81, 0x57, 0x35, 0x85, 0x17, 0x68, 0xFB, 0x13, 0x83, 0x1A, 0xFB, 0x3B, 0x81, 0xED, 0xEB, 0x81,
  0x40, 0x7F, 0x08, 0x38, 0x54, 0xBE, 0xFE, 0xB4, 0x77, 0x76, 0x05, 0xB7, 0x05, 0xB7, 0x05, 0xB7,
  0x05, 0xB7, 0x05, 0xB7, 0x05, 0xB7, 0x05, 0xB7, 0x05, 0xB7, 0x05, 0xB7, 0x05, 0xB7, 0x05, 0xB7,
  0x05, 0xB7, 0x05, 0xB7, 0x05, 0xB7, 0x05, 0xB7, 0x05, 0xB7, 0x05, 0xB7, 0x05, 0xB4,
  // "Į" (U+012E), RLE, 52 bytes saved (34.7%)
  0x0C, 0xF9, 0x01, 0x0C, 0xF9, 0x82, 0x15, 0xAE, 0xC0, 0xC0, 0x73, 0x01, 0xB0, 0x65, 0x01, 0xB0,
  0x65, 0x01, 0xB0, 0x65, 0x01, 0xB0, 0x65, 0x01, 0xB0, 0x65, 0x01, 0xB0, 0x65, 0x01, 0xB0, 0x65,
  0x01, 0xB0, 0x65, 0x01, 0xB0, 0x65, 0x01, 0xB0, 0x65, 0x01, 0xB0, 0x65, 0x01, 0xB0, 0x65, 0x01,
  0xB0, 0x65, 0x01, 0xB0, 0x65, 0x01, 0xB0, 0x65, 0x01, 0xB0, 0x65, 0x01, 0xB0, 0x63, 0x81, 0x15,
  0x9B, 0x83, 0xC6, 0x20, 0xCF, 0x90, 0x10, 0xCF, 0x90, 0x14, 0x82, 0x3E, 0xF5, 0x68, 0x1D, 0xF8,
  0x60, 0x7A, 0x01, 0x68, 0x1A, 0xFE, 0x70, 0x9A, 0x81, 0x62, 0x34, 0x03, 0xC0, 0xD5, 0x83, 0x5C,
  0xEE, 0xA1,
  // "į" (U+012F), RLE, 24 bytes saved (25.0%)
  0x18, 0x21, 0xCE, 0x92, 0x07, 0xB8, 0x13, 0x07, 0xB8, 0x43, 0x01, 0xCE, 0x97, 0x76, 0x05, 0xB2,
  0x05, 0xB2, 0x05, 0xB2, 0x05, 0xB2, 0x05, 0xB2, 0x05, 0xB2, 0x05, 0xB2, 0x05, 0xB2, 0x05, 0xB2,
  0x05, 0xB2, 0x05, 0xB2, 0x05, 0xB2, 0x05, 0xB2, 0x05, 0xB2, 0x05, 0xB2, 0x05, 0xB2, 0x05, 0xB2,
  0x05, 0xB2, 0x82, 0x3E, 0xF5, 0x28, 0x1D, 0xF8, 0x20, 0x7A, 0x01, 0x28, 0x1A, 0xFE, 0x30, 0x9A,
  0x82, 0x62, 0x33, 0xC8, 0x5D, 0x05, 0xCE, 0xEA,
  // "İ" (U+0130), RLE, 63 bytes saved (42.0%)
  0x38, 0x22, 0xDE, 0x76, 0x09, 0xB6, 0x09, 0xB6, 0x82, 0x2D, 0xE7, 0x77, 0x77, 0x50, 0xCF, 0x90,
  0x10, 0xCF, 0x98, 0x21, 0x5A, 0xEC, 0x0C, 0x07, 0x30, 0x1B, 0x06, 0x50, 0x1B, 0x06, 0x50, 0x1B,
  0x06, 0x50, 0x1B, 0x06, 0x50, 0x1B, 0x06, 0x50, 0x1B, 0x06, 0x50, 0x1B, 0x06, 0x50, 0x1B, 0x06,
  0x50, 0x1B, 0x06, 0x50, 0x1B, 0x06, 0x50, 0x1B, 0x06, 0x50, 0x1B, 0x06, 0x50, 0x1B, 0x06, 0x50,
  0x1B, 0x06, 0x50, 0x1B, 0x06, 0x50, 0x1B, 0x06, 0x50, 0x1B, 0x06, 0x38, 0x11, 0x59, 0xB8, 0x3C,
  0x62, 0x0C, 0xF9, 0x01, 0x0C, 0xF9, 0x01,
  // "ı" (U+0131), RLE, 9 bytes saved (25.0%)
  0x05, 0xB0, 0x5B, 0x05, 0xB0, 0x5B, 0x05, 0xB0, 0x5B, 0x05, 0xB0, 0x5B, 0x05, 0xB0, 0x5B, 0x05,
  0xB0, 0x5B, 0x05, 0xB0, 0x5B, 0x05, 0xB0, 0x5B, 0x05, 0xB0, 0x5B,
  // "Ĳ" (U+0132), RLE, 83 bytes saved (32.5%)
  0x0C, 0xF9, 0x01, 0x20, 0x1B, 0x05, 0x0C, 0xF9, 0x01, 0x20, 0x1B, 0x82, 0x55, 0xAE, 0xC0, 0xC0,
  0x73, 0x01, 0xB0, 0x52, 0x01, 0xB0, 0x65, 0x01, 0xB0, 0x52, 0x01, 0xB0, 0x65, 0x01, 0xB0, 0x52,
  0x01, 0xB0, 0x65, 0x01, 0xB0, 0x52, 0x01, 0xB0, 0x65, 0x01, 0xB0, 0x52, 0x01, 0xB0, 0x65, 0x01,
  0xB0, 0x52, 0x01, 0xB0, 0x65, 0x01, 0xB0, 0x52, 0x01, 0xB0, 0x65, 0x01, 0xB0, 0x52, 0x01, 0xB0,
  0x65, 0x01, 0xB0, 0x52, 0x01, 0xB0, 0x65, 0x01, 0xB0, 0x52, 0x01, 0xB0, 0x65, 0x01, 0xB0, 0x52,
  0x01, 0xB0, 0x65, 0x01, 0xB0, 0x52, 0x01, 0xB0, 0x65, 0x01, 0xB0, 0x52, 0x01, 0xB0, 0x65, 0x01,
  0xB0, 0x52, 0x01, 0xB0, 0x65, 0x01, 0xB0, 0x52, 0x01, 0xB0, 0x65, 0x01, 0xB0, 0x52, 0x01, 0xB0,
  0x65, 0x01, 0xB0, 0x52, 0x01, 0xB0, 0x65, 0x01, 0xB8, 0x25, 0x15, 0x9B, 0x81, 0xC6, 0x23, 0x01,
  0xB0, 0x50, 0xCF, 0x90, 0x12, 0x01, 0xB0, 0x50, 0xCF, 0x90, 0x12, 0x01, 0xB0, 0x57, 0x50, 0x1B,
  0x05, 0x75, 0x03, 0xB0, 0x37, 0x50, 0x9B, 0x71, 0x83, 0x22, 0x01, 0x7B, 0x0A, 0x71, 0x07, 0xE0,
  0xE0, 0x27, 0x10, 0x7D, 0x0E, 0x03, 0x72, 0x84, 0x3B, 0xCC, 0xA6, 0x40,
  // "ĳ" (U+0133), RLE, 105 bytes saved (45.5%)
  0x82, 0x1C, 0xE9, 0x58, 0x41, 0xCE, 0x90, 0x7B, 0x03, 0x40, 0x7B, 0x03, 0x07, 0xB0, 0x34, 0x07,
  0xB8, 0x33, 0x1C, 0xE9, 0x58, 0x21, 0xCE, 0x98, 0x0C, 0x70, 0x05, 0xB5, 0x05, 0xB1, 0x05, 0xB5,
  0x05, 0xB1, 0x05, 0xB5, 0x05, 0xB1, 0x05, 0xB5, 0x05, 0xB1, 0x05, 0xB5, 0x05, 0xB1, 0x05, 0xB5,
  0x05, 0xB1, 0x05, 0xB5, 0x05, 0xB1, 0x05, 0xB5, 0x05, 0xB1, 0x05, 0xB5, 0x05, 0xB1, 0x05, 0xB5,
  0x05, 0xB1, 0x05, 0xB5, 0x05, 0xB1, 0x05, 0xB5, 0x05, 0xB1, 0x05, 0xB5, 0x05, 0xB1, 0x05, 0xB5,
  0x05, 0xB1, 0x05, 0xB5, 0x05, 0xB1, 0x05, 0xB5, 0x05, 0xB1, 0x05, 0xB5, 0x05, 0xB1, 0x05, 0xB5,
  0x05, 0xB7, 0x30, 0x5B, 0x73, 0x05, 0xB7, 0x30, 0x5B, 0x73, 0x07, 0xB6, 0x01, 0x20, 0x20, 0xDA,
  0x0C, 0x68, 0x1D, 0xEE, 0xC0, 0x66, 0x0D, 0xD0, 0xB7, 0x84, 0x9D, 0xFE, 0xC7, 0x30,
  // "Ĵ" (U+0134), RLE, 131 bytes saved (48.0%)
  0x68, 0x00, 0x77, 0x20, 0x6C, 0x08, 0x70, 0x20, 0xED, 0x04, 0x50, 0x10, 0xDA, 0x08, 0x06, 0xA0,
  0xE0, 0x24, 0x0B, 0xA0, 0x72, 0x06, 0xA0, 0xD0, 0x12, 0x82, 0x8F, 0xE4, 0x48, 0x23, 0xDF, 0xB8,
  0x0D, 0x30, 0x01, 0xB0, 0x57, 0x20, 0x1B, 0x05, 0x72, 0x01, 0xB0, 0x57, 0x20, 0x1B, 0x05, 0x72,
  0x01, 0xB0, 0x57, 0x20, 0x1B, 0x05, 0x72, 0x01, 0xB0, 0x57, 0x20, 0x1B, 0x05, 0x72, 0x01, 0xB0,
  0x57, 0x20, 0x1B, 0x05, 0x72, 0x01, 0xB0, 0x57, 0x20, 0x1B, 0x05, 0x72, 0x01, 0xB0, 0x57, 0x20,
  0x1B, 0x05, 0x72, 0x01, 0xB0, 0x57, 0x20, 0x1B, 0x05, 0x72, 0x01, 0xB0, 0x57, 0x20, 0x1B, 0x05,
  0x72, 0x01, 0xB0, 0x57, 0x20, 0x1B, 0x05, 0x72, 0x01, 0xB0, 0x57, 0x20, 0x1B, 0x05, 0x72, 0x01,
  0xB0, 0x57, 0x20, 0x1B, 0x05, 0x72, 0x03, 0xB0, 0x37, 0x20, 0x9B, 0x58, 0x32, 0x20, 0x17, 0xB0,
  0xA5, 0x07, 0xE0, 0xE0, 0x25, 0x07, 0xD0, 0xE0, 0x36, 0x84, 0x3B, 0xCC, 0xA6, 0x71,
  // "ĵ" (U+0135), RLE, 100 bytes saved (49.0%)
  0x48, 0x00, 0x77, 0x06, 0xC0, 0x85, 0x02, 0x0E, 0xD0, 0x43, 0x01, 0x0D, 0xA0, 0x80, 0x6A, 0x0E,
  0x02, 0x20, 0xBA, 0x07, 0x20, 0x6A, 0x84, 0xD1, 0x8F, 0xE4, 0x48, 0x23, 0xDF, 0xB7, 0x77, 0x70,
  0x5B, 0x71, 0x05, 0xB7, 0x10, 0x5B, 0x71, 0x05, 0xB7, 0x10, 0x5B, 0x71, 0x05, 0xB7, 0x10, 0x5B,
  0x71, 0x05, 0xB7, 0x10, 0x5B, 0x71, 0x05, 0xB7, 0x10, 0x5B, 0x71, 0x05, 0xB7, 0x10, 0x5B, 0x71,
  0x05, 0xB7, 0x10, 0x5B, 0x71, 0x05, 0xB7, 0x10, 0x5B, 0x71, 0x05, 0xB7, 0x10, 0x5B, 0x71, 0x05,
  0xB7, 0x10, 0x5B, 0x71, 0x07, 0xB4, 0x01, 0x20, 0x20, 0xDA, 0x0C, 0x48, 0x1D, 0xEE, 0xC0, 0x64,
  0x0D, 0xD0, 0xB5, 0x84, 0x9D, 0xFE, 0xC7, 0x60,
  // "Ķ" (U+0136), RLE, 93 bytes saved (36.5%)
  0x0E, 0xA0, 0x77, 0x10, 0x6B, 0x08, 0x0E, 0xA0, 0x77, 0x04, 0xB8, 0x1A, 0x0E, 0xA0, 0x76, 0x02,
  0x0E, 0xA0, 0xC2, 0x0E, 0xA0, 0x75, 0x01, 0x0D, 0xA0, 0xD0, 0x12, 0x0E, 0xA0, 0x75, 0x0B, 0xA0,
  0xE0, 0x23, 0x0E, 0xA0, 0x74, 0x09, 0xB0, 0x44, 0x0E, 0xA0, 0x73, 0x07, 0xB0, 0x65, 0x0E, 0xA0,
  0x72, 0x05, 0xB0, 0x86, 0x0E, 0xA8, 0x27, 0x03, 0xEA, 0x0A, 0x70, 0xEA, 0x81, 0x71, 0xDA, 0x0C,
  0x71, 0x0E, 0xA0, 0x80, 0xCB, 0x07, 0x71, 0x0E, 0xF0, 0xE0, 0x27, 0x0E, 0xC0, 0xCB, 0x0C, 0x70,
  0xEB, 0x81, 0x90, 0x9B, 0x08, 0x60, 0xEA, 0x09, 0x30, 0xDB, 0x03, 0x50, 0xEA, 0x07, 0x30, 0x2B,
  0x0D, 0x50, 0xEA, 0x07, 0x40, 0x6B, 0x09, 0x40, 0xEA, 0x07, 0x50, 0xBB, 0x05, 0x30, 0xEA, 0x07,
  0x50, 0x10, 0xEA, 0x0E, 0x01, 0x20, 0xEA, 0x07, 0x60, 0x4B, 0x0B, 0x20, 0xEA, 0x07, 0x70, 0x8B,
  0x81, 0x70, 0xEA, 0x07, 0x71, 0x0C, 0xB0, 0x20, 0xEA, 0x07, 0x71, 0x02, 0xB0, 0xC8, 0x0C, 0x40,
  0x06, 0xA0, 0xD7, 0x60, 0x9A, 0x07, 0x76, 0x82, 0xDF, 0xE1, 0x75, 0x02, 0xA0, 0x67, 0x68, 0x16,
  0xFB, 0x72,
  // "ķ" (U+0137), RLE, 120 bytes saved (46.9%)
  0x05, 0xB7, 0x50, 0x5B, 0x75, 0x05, 0xB7, 0x50, 0x5B, 0x75, 0x05, 0xB7, 0x50, 0x5B, 0x75, 0x05,
  0xB7, 0x50, 0x5B, 0x60, 0x20, 0xEA, 0x81, 0xB0, 0x5B, 0x50, 0x10, 0xDA, 0x82, 0xC1, 0x05, 0xB4,
  0x01, 0x0D, 0xA0, 0xD0, 0x12, 0x05, 0xB4, 0x0B, 0xA0, 0xE0, 0x23, 0x05, 0xB3, 0x0A, 0xB0, 0x34,
  0x05, 0xB2, 0x09, 0xB0, 0x55, 0x05, 0xB1, 0x06, 0xB0, 0x66, 0x05, 0xA0, 0xE0, 0x3B, 0x08, 0x70,
  0x5A, 0x0E, 0x0D, 0xB0, 0xC7, 0x05, 0xF9, 0x08, 0x60, 0x5C, 0x06, 0x09, 0xB0, 0x45, 0x05, 0xB0,
  0x42, 0x0D, 0xA0, 0xE0, 0x14, 0x05, 0xB3, 0x03, 0xB0, 0xB4, 0x05, 0xB4, 0x07, 0xB0, 0x73, 0x05,
  0xB5, 0x0B, 0xB0, 0x32, 0x05, 0xB5, 0x02, 0x0E, 0xA0, 0xD2, 0x05, 0xB6, 0x05, 0xB8, 0x19, 0x05,
  0xB7, 0x0A, 0xB0, 0x58, 0x0C, 0x10, 0x02, 0xB0, 0x17, 0x40, 0x5A, 0x0B, 0x75, 0x09, 0xA0, 0x37,
  0x58, 0x1D, 0xFA, 0x75, 0x82, 0x3F, 0xD1, 0x71,
  // "ĸ" (U+0138), RLE, 35 bytes saved (24.3%)
  0x05, 0xB0, 0x25, 0x02, 0x0E, 0xA8, 0x1C, 0x05, 0xB0, 0x25, 0x0D, 0xA8, 0x2D, 0x10, 0x5B, 0x02,
  0x40, 0xBA, 0x0E, 0x03, 0x20, 0x5B, 0x02, 0x30, 0x8B, 0x05, 0x30, 0x5B, 0x02, 0x20, 0x5B, 0x08,
  0x40, 0x5B, 0x82, 0x10, 0x3E, 0xA0, 0xA5, 0x05, 0xB8, 0x11, 0x1D, 0xA0, 0xC6, 0x05, 0xB0, 0x10,
  0xBA, 0x0E, 0x02, 0x60, 0x5B, 0x08, 0xB0, 0xD7, 0x05, 0xF9, 0x09, 0x60, 0x5C, 0x0D, 0x09, 0xB0,
  0x55, 0x05, 0xB0, 0xA2, 0x0C, 0xA0, 0xE0, 0x14, 0x05, 0xB0, 0x22, 0x02, 0xB0, 0xB4, 0x05, 0xB0,
  0x23, 0x06, 0xB0, 0x73, 0x05, 0xB0, 0x24, 0x0B, 0xB0, 0x32, 0x05, 0xB0, 0x24, 0x01, 0x0E, 0xA0,
  0xD2, 0x05, 0xB0, 0x25, 0x05, 0xB8, 0x19, 0x05, 0xB0, 0x26, 0x09, 0xB0, 0x50,
  // "Ĺ" (U+0139), RLE, 128 bytes saved (53.3%)
  0x38, 0x34, 0x77, 0x73, 0x72, 0x01, 0x0E, 0xA0, 0xD0, 0x17, 0x20, 0xAA, 0x0E, 0x02, 0x72, 0x04,
  0xA0, 0xE0, 0x37, 0x28, 0x31, 0xDF, 0xE3, 0x73, 0x82, 0x9F, 0xD3, 0x80, 0xE5, 0x00, 0xEA, 0x07,
  0x74, 0x0E, 0xA0, 0x77, 0x40, 0xEA, 0x07, 0x74, 0x0E, 0xA0, 0x77, 0x40, 0xEA, 0x07, 0x74, 0x0E,
  0xA0, 0x77, 0x40, 0xEA, 0x07, 0x74, 0x0E, 0xA0, 0x77, 0x40, 0xEA, 0x07, 0x74, 0x0E, 0xA0, 0x77,
  0x40, 0xEA, 0x07, 0x74, 0x0E, 0xA0, 0x77, 0x40, 0xEA, 0x07, 0x74, 0x0E, 0xA0, 0x77, 0x40, 0xEA,
  0x07, 0x74, 0x0E, 0xA0, 0x77, 0x40, 0xEA, 0x07, 0x74, 0x0E, 0xA0, 0x77, 0x40, 0xEA, 0x07, 0x74,
  0x0E, 0xA0, 0x77, 0x40, 0xEA, 0x0E, 0x80, 0x5D, 0x81, 0x30, 0xEF, 0xD8, 0x13, 0x0E, 0xFD, 0x03,
  // "ĺ" (U+013A), RLE, 56 bytes saved (42.4%)
  0x38, 0x34, 0x77, 0x73, 0x20, 0x10, 0xEA, 0x0D, 0x01, 0x20, 0xAA, 0x0E, 0x02, 0x20, 0x4A, 0x0E,
  0x03, 0x28, 0x31, 0xDF, 0xE3, 0x38, 0x29, 0xFD, 0x37, 0x76, 0x05, 0xB4, 0x05, 0xB4, 0x05, 0xB4,
  0x05, 0xB4, 0x05, 0xB4, 0x05, 0xB4, 0x05, 0xB4, 0x05, 0xB4, 0x05, 0xB4, 0x05, 0xB4, 0x05, 0xB4,
  0x05, 0xB4, 0x05, 0xB4, 0x05, 0xB4, 0x05, 0xB4, 0x05, 0xB4, 0x05, 0xB4, 0x05, 0xB4, 0x05, 0xB4,
  0x05, 0xB4, 0x05, 0xB4, 0x05, 0xB4, 0x05, 0xB4, 0x05, 0xB4, 0x05, 0xB4,
  // "Ļ" (U+013B), RLE, 109 bytes saved (51.9%)
  0x0E, 0xA0, 0x77, 0x30, 0xEA, 0x07, 0x73, 0x0E, 0xA0, 0x77, 0x30, 0xEA, 0x07, 0x73, 0x0E, 0xA0,
  0x77, 0x30, 0xEA, 0x07, 0x73, 0x0E, 0xA0, 0x77, 0x30, 0xEA, 0x07, 0x73, 0x0E, 0xA0, 0x77, 0x30,
  0xEA, 0x07, 0x73, 0x0E, 0xA0, 0x77, 0x30, 0xEA, 0x07, 0x73, 0x0E, 0xA0, 0x77, 0x30, 0xEA, 0x07,
  0x73, 0x0E, 0xA0, 0x77, 0x30, 0xEA, 0x07, 0x73, 0x0E, 0xA0, 0x77, 0x30, 0xEA, 0x07, 0x73, 0x0E,
  0xA0, 0x77, 0x30, 0xEA, 0x07, 0x73, 0x0E, 0xA0, 0xE8, 0x05, 0xD0, 0x30, 0xEF, 0xD0, 0x30, 0xEF,
  0xD0, 0x37, 0x77, 0x75, 0x07, 0xA0, 0xC7, 0x30, 0x9A, 0x06, 0x73, 0x81, 0xDF, 0xE7, 0x30, 0x3A,
  0x05, 0x73, 0x81, 0x7F, 0xA7,
  // "ļ" (U+013C), RLE, 15 bytes saved (18.8%)
  0x05, 0xB1, 0x05, 0xB1, 0x05, 0xB1, 0x05, 0xB1, 0x05, 0xB1, 0x05, 0xB1, 0x05, 0xB1, 0x05, 0xB1,
  0x05, 0xB1, 0x05, 0xB1, 0x05, 0xB1, 0x05, 0xB1, 0x05, 0xB1, 0x05, 0xB1, 0x05, 0xB1, 0x05, 0xB1,
  0x05, 0xB1, 0x05, 0xB1, 0x05, 0xB1, 0x05, 0xB1, 0x05, 0xB1, 0x05, 0xB1, 0x05, 0xB1, 0x05, 0xB1,
  0x05, 0xB7, 0x50, 0xBA, 0x81, 0x70, 0xEA, 0x02, 0x03, 0xA8, 0x90, 0x90, 0x7F, 0xE1, 0x0C, 0xF6,
  0x20,
  // "Ľ" (U+013D), RLE, 68 bytes saved (42.2%)
  0x0E, 0xA0, 0x76, 0x0C, 0xA0, 0x70, 0xEA, 0x07, 0x60, 0xEA, 0x01, 0x0E, 0xA0, 0x75, 0x02, 0xA8,
  0x19, 0x0E, 0xA0, 0x75, 0x84, 0x6F, 0xE1, 0x0E, 0xA0, 0x75, 0x81, 0xAF, 0x62, 0x0E, 0xA0, 0x77,
  0x30, 0xEA, 0x07, 0x73, 0x0E, 0xA0, 0x77, 0x30, 0xEA, 0x07, 0x73, 0x0E, 0xA0, 0x77, 0x30, 0xEA,
  0x07, 0x73, 0x0E, 0xA0, 0x77, 0x30, 0xEA, 0x07, 0x73, 0x0E, 0xA0, 0x77, 0x30, 0xEA, 0x07, 0x73,
  0x0E, 0xA0, 0x77, 0x30, 0xEA, 0x07, 0x73, 0x0E, 0xA0, 0x77, 0x30, 0xEA, 0x07, 0x73, 0x0E, 0xA0,
  0x77, 0x30, 0xEA, 0x0E, 0x80, 0x5D, 0x03, 0x0E, 0xFD, 0x03, 0x0E, 0xFD, 0x03,
  // "ľ" (U+013E), RLE, 61 bytes saved (48.8%)
  0x05, 0xB2, 0x0B, 0xA0, 0x70, 0x5B, 0x20, 0xEA, 0x01, 0x05, 0xB1, 0x02, 0xA8, 0x19, 0x05, 0xB1,
  0x06, 0xA8, 0x12, 0x05, 0xB1, 0x81, 0xAF, 0x72, 0x05, 0xB6, 0x05, 0xB6, 0x05, 0xB6, 0x05, 0xB6,
  0x05, 0xB6, 0x05, 0xB6, 0x05, 0xB6, 0x05, 0xB6, 0x05, 0xB6, 0x05, 0xB6, 0x05, 0xB6, 0x05, 0xB6,
  0x05, 0xB6, 0x05, 0xB6, 0x05, 0xB6, 0x05, 0xB6, 0x05, 0xB6, 0x05, 0xB6, 0x05, 0xB6, 0x05, 0xB6,
  // "Ŀ" (U+013F), RLE, 70 bytes saved (43.5%)
  0x0E, 0xA0, 0x77, 0x30, 0xEA, 0x07, 0x73, 0x0E, 0xA0, 0x77, 0x30, 0xEA, 0x07, 0x73, 0x0E, 0xA0,
  0x77, 0x30, 0xEA, 0x07, 0x73, 0x0E, 0xA0, 0x77, 0x30, 0xEA, 0x07, 0x73, 0x0E, 0xA0, 0x77, 0x30,
  0xEA, 0x07, 0x48, 0x22, 0xDE, 0x72, 0x0E, 0xA0, 0x74, 0x09, 0xB2, 0x0E, 0xA0, 0x74, 0x09, 0xB2,
  0x0E, 0xA0, 0x74, 0x82, 0x2D, 0xE7, 0x20, 0xEA, 0x07, 0x73, 0x0E, 0xA0, 0x77, 0x30, 0xEA, 0x07,
  0x73, 0x0E, 0xA0, 0x77, 0x30, 0xEA, 0x07, 0x73, 0x0E, 0xA0, 0x77, 0x30, 0xEA, 0x07, 0x73, 0x0E,
  0xA0, 0xE8, 0x05, 0xD0, 0x30, 0xEF, 0xD0, 0x30, 0xEF, 0xD0, 0x30,
  // "ŀ" (U+0140), RLE, 55 bytes saved (48.7%)
  0x05, 0xB5, 0x05, 0xB5, 0x05, 0xB5, 0x05, 0xB5, 0x05, 0xB5, 0x05, 0xB5, 0x05, 0xB5, 0x05, 0xB5,
  0x05, 0xB5, 0x05, 0xB5, 0x05, 0xB5, 0x05, 0xB1, 0x83, 0x2D, 0xE7, 0x5B, 0x10, 0x9B, 0x05, 0xB1,
  0x09, 0xB0, 0x5B, 0x18, 0x32, 0xDE, 0x75, 0xB5, 0x05, 0xB5, 0x05, 0xB5, 0x05, 0xB5, 0x05, 0xB5,
  0x05, 0xB5, 0x05, 0xB5, 0x05, 0xB5, 0x05, 0xB5, 0x05, 0xB5,
  // "Ł" (U+0141), RLE, 103 bytes saved (52.6%)
  0x30, 0xEA, 0x07, 0x76, 0x0E, 0xA0, 0x77, 0x60, 0xEA, 0x07, 0x76, 0x0E, 0xA0, 0x77, 0x60, 0xEA,
  0x07, 0x76, 0x0E, 0xA0, 0x77, 0x60, 0xEA, 0x07, 0x76, 0x0E, 0xA0, 0x77, 0x60, 0xEA, 0x83, 0x70,
  0x2B, 0x97, 0x20, 0xEA, 0x00, 0x8B, 0x03, 0x71, 0x0E, 0xE0, 0xC0, 0x27, 0x10, 0xEC, 0x0E, 0x05,
  0x72, 0x08, 0xC0, 0x80, 0x17, 0x10, 0x40, 0xDC, 0x08, 0x73, 0x04, 0xD0, 0x77, 0x48, 0x1A, 0x8E,
  0xA0, 0x77, 0x60, 0xEA, 0x07, 0x76, 0x0E, 0xA0, 0x77, 0x60, 0xEA, 0x07, 0x76, 0x0E, 0xA0, 0x77,
  0x60, 0xEA, 0x0E, 0x80, 0x5D, 0x03, 0x30, 0xEF, 0xD0, 0x33, 0x0E, 0xFD, 0x03,
  // "ł" (U+0142), RLE, 41 bytes saved (32.8%)
  0x30, 0x7A, 0x0D, 0x60, 0x7A, 0x0D, 0x60, 0x7A, 0x0D, 0x60, 0x7A, 0x0D, 0x60, 0x7A, 0x0D, 0x60,
  0x7A, 0x0D, 0x60, 0x7A, 0x0D, 0x60, 0x7A, 0x0D, 0x60, 0x7A, 0x0D, 0x60, 0x7A, 0x81, 0xD0, 0x34,
  0x07, 0xA8, 0x2E, 0xAF, 0x33, 0x07, 0xD0, 0xC3, 0x07, 0xC0, 0xD0, 0x32, 0x05, 0x0E, 0xB0, 0x82,
  0x01, 0x0B, 0xC0, 0xD4, 0x0D, 0xC0, 0xD4, 0x81, 0x5C, 0xAA, 0x0D, 0x60, 0x7A, 0x0D, 0x60, 0x7A,
  0x0D, 0x60, 0x7A, 0x0D, 0x60, 0x7A, 0x0D, 0x60, 0x7A, 0x0D, 0x60, 0x7A, 0x0D, 0x60, 0x7A, 0x0D,
  0x60, 0x7A, 0x0D, 0x30,
  // "Ń" (U+0143), RLE, 102 bytes saved (33.6%)
  0x73, 0x83, 0x47, 0x77, 0x37, 0x60, 0x10, 0xEA, 0x0D, 0x01, 0x76, 0x0A, 0xA0, 0xE0, 0x27, 0x60,
  0x4A, 0x0E, 0x03, 0x76, 0x83, 0x1D, 0xFE, 0x37, 0x78, 0x29, 0xFD, 0x38, 0x0F, 0x50, 0x0E, 0xB0,
  0x77, 0x30, 0x6A, 0x0C, 0x0E, 0xC0, 0x27, 0x20, 0x6A, 0x0C, 0x0E, 0xC0, 0xB7, 0x20, 0x6A, 0x0C,
  0x0E, 0xD0, 0x67, 0x10, 0x6A, 0x0C, 0x0E, 0xA0, 0xEA, 0x0E, 0x01, 0x70, 0x6A, 0x83, 0xCE, 0xFE,
  0x6B, 0x0A, 0x70, 0x6A, 0x0C, 0x0E, 0xA1, 0x0C, 0xB0, 0x46, 0x06, 0xA0, 0xC0, 0xEA, 0x01, 0x02,
  0xB0, 0xD6, 0x06, 0xA0, 0xC0, 0xEA, 0x81, 0x10, 0x8B, 0x08, 0x50, 0x6A, 0x0C, 0x0E, 0xA0, 0x22,
  0x0D, 0xB0, 0x24, 0x06, 0xA0, 0xC0, 0xEA, 0x02, 0x20, 0x4B, 0x0C, 0x40, 0x6A, 0x0C, 0x0E, 0xA0,
  0x23, 0x0A, 0xB0, 0x63, 0x06, 0xA0, 0xC0, 0xEA, 0x02, 0x30, 0x10, 0xEA, 0x0E, 0x01, 0x20, 0x6A,
  0x0C, 0x0E, 0xA0, 0x24, 0x06, 0xB0, 0xA2, 0x05, 0xA0, 0xC0, 0xEA, 0x02, 0x50, 0xBB, 0x81, 0x40,
  0x5A, 0x0C, 0x0E, 0xA0, 0x25, 0x02, 0xB8, 0x1D, 0x04, 0xA0, 0xC0, 0xEA, 0x02, 0x60, 0x7B, 0x08,
  0x04, 0xA0, 0xC0, 0xEA, 0x02, 0x70, 0xDB, 0x06, 0xA0, 0xC0, 0xEA, 0x02, 0x70, 0x3B, 0x0E, 0xA0,
  0xC0, 0xEA, 0x02, 0x71, 0x09, 0xD0, 0xC0, 0xEA, 0x02, 0x71, 0x01, 0x0E, 0xC0, 0xC0, 0xEA, 0x02,
  0x72, 0x05, 0xC0, 0xC0, 0xEA, 0x02, 0x73, 0x0B, 0xB0, 0xC0,
  // "ń" (U+0144), RLE, 74 bytes saved (35.6%)
  0x72, 0x83, 0x47, 0x77, 0x37, 0x30, 0x10, 0xEA, 0x0D, 0x01, 0x73, 0x0A, 0xA0, 0xE0, 0x27, 0x30,
  0x4A, 0x0E, 0x03, 0x73, 0x83, 0x1D, 0xFE, 0x37, 0x48, 0x29, 0xFD, 0x38, 0x0C, 0x20, 0x05, 0xA0,
  0x62, 0x85, 0x6B, 0xEF, 0xEB, 0x63, 0x05, 0xA8, 0x19, 0x1C, 0xF8, 0x2C, 0x10, 0x5A, 0x0D, 0x0C,
  0xA8, 0x1E, 0xDE, 0xC8, 0x1A, 0x05, 0xC0, 0xD0, 0x43, 0x03, 0x0D, 0xB0, 0x20, 0x5B, 0x0E, 0x01,
  0x50, 0x4B, 0x06, 0x05, 0xB0, 0x87, 0x0E, 0xA0, 0x80, 0x5B, 0x04, 0x70, 0xCA, 0x09, 0x05, 0xB0,
  0x27, 0x0B, 0xA0, 0x90, 0x5B, 0x01, 0x70, 0xBA, 0x09, 0x05, 0xB7, 0x10, 0xBA, 0x09, 0x05, 0xB7,
  0x10, 0xBA, 0x09, 0x05, 0xB7, 0x10, 0xBA, 0x09, 0x05, 0xB7, 0x10, 0xBA, 0x09, 0x05, 0xB7, 0x10,
  0xBA, 0x09, 0x05, 0xB7, 0x10, 0xBA, 0x09, 0x05, 0xB7, 0x10, 0xBA, 0x09, 0x05, 0xB7, 0x10, 0xBA,
  0x09, 0x05, 0xB7, 0x10, 0xBA, 0x09,
  // "Ņ" (U+0145), RLE, 92 bytes saved (32.3%)
  0x0E, 0xB0, 0x77, 0x30, 0x6A, 0x0C, 0x0E, 0xC0, 0x27, 0x20, 0x6A, 0x0C, 0x0E, 0xC0, 0xB7, 0x20,
  0x6A, 0x0C, 0x0E, 0xD0, 0x67, 0x10, 0x6A, 0x0C, 0x0E, 0xA0, 0xEA, 0x0E, 0x01, 0x70, 0x6A, 0x83,
  0xCE, 0xFE, 0x6B, 0x0A, 0x70, 0x6A, 0x0C, 0x0E, 0xA1, 0x0C, 0xB0, 0x46, 0x06, 0xA0, 0xC0, 0xEA,
  0x01, 0x02, 0xB0, 0xD6, 0x06, 0xA0, 0xC0, 0xEA, 0x81, 0x10, 0x8B, 0x08, 0x50, 0x6A, 0x0C, 0x0E,
  0xA0, 0x22, 0x0D, 0xB0, 0x24, 0x06, 0xA0, 0xC0, 0xEA, 0x02, 0x20, 0x4B, 0x0C, 0x40, 0x6A, 0x0C,
  0x0E, 0xA0, 0x23, 0x0A, 0xB0, 0x63, 0x06, 0xA0, 0xC0, 0xEA, 0x02, 0x30, 0x10, 0xEA, 0x0E, 0x01,
  0x20, 0x6A, 0x0C, 0x0E, 0xA0, 0x24, 0x06, 0xB0, 0xA2, 0x05, 0xA0, 0xC0, 0xEA, 0x02, 0x50, 0xBB,
  0x81, 0x40, 0x5A, 0x0C, 0x0E, 0xA0, 0x25, 0x02, 0xB8, 0x1D, 0x04, 0xA0, 0xC0, 0xEA, 0x02, 0x60,
  0x7B, 0x08, 0x04, 0xA0, 0xC0, 0xEA, 0x02, 0x70, 0xDB, 0x06, 0xA0, 0xC0, 0xEA, 0x02, 0x70, 0x3B,
  0x0E, 0xA0, 0xC0, 0xEA, 0x02, 0x71, 0x09, 0xD0, 0xC0, 0xEA, 0x02, 0x71, 0x01, 0x0E, 0xC0, 0xC0,
  0xEA, 0x02, 0x72, 0x05, 0xC0, 0xC0, 0xEA, 0x02, 0x73, 0x0B, 0xB0, 0xC8, 0x0D, 0x20, 0x0B, 0xA0,
  0x87, 0x71, 0x0E, 0xA0, 0x27, 0x70, 0x2A, 0x0A, 0x77, 0x10, 0x6A, 0x02, 0x77, 0x18, 0x1B, 0xF7,
  0x72,
  // "ņ" (U+0146), RLE, 77 bytes saved (38.5%)
  0x05, 0xA0, 0x62, 0x85, 0x6B, 0xEF, 0xEB, 0x63, 0x05, 0xA8, 0x19, 0x1C, 0xF8, 0x2C, 0x10, 0x5A,
  0x0D, 0x0C, 0xA8, 0x1E, 0xDE, 0xC8, 0x1A, 0x05, 0xC0, 0xD0, 0x43, 0x03, 0x0D, 0xB0, 0x20, 0x5B,
  0x0E, 0x01, 0x50, 0x4B, 0x06, 0x05, 0xB0, 0x87, 0x0E, 0xA0, 0x80, 0x5B, 0x04, 0x70, 0xCA, 0x09,
  0x05, 0xB0, 0x27, 0x0B, 0xA0, 0x90, 0x5B, 0x01, 0x70, 0xBA, 0x09, 0x05, 0xB7, 0x10, 0xBA, 0x09,
  0x05, 0xB7, 0x10, 0xBA, 0x09, 0x05, 0xB7, 0x10, 0xBA, 0x09, 0x05, 0xB7, 0x10, 0xBA, 0x09, 0x05,
  0xB7, 0x10, 0xBA, 0x09, 0x05, 0xB7, 0x10, 0xBA, 0x09, 0x05, 0xB7, 0x10, 0xBA, 0x09, 0x05, 0xB7,
  0x10, 0xBA, 0x09, 0x05, 0xB7, 0x10, 0xBA, 0x09, 0x80, 0xC3, 0x0B, 0x03, 0x74, 0x03, 0xA0, 0xD7,
  0x50, 0x7A, 0x05, 0x75, 0x81, 0xBF, 0xC7, 0x58, 0x21, 0xFE, 0x27,
  // "Ň" (U+0147), RLE, 96 bytes saved (31.6%)
  0x38, 0x15, 0x76, 0x68, 0x15, 0x76, 0x70, 0x4A, 0x0B, 0x01, 0x30, 0xAA, 0x07, 0x71, 0x06, 0xA8,
  0x2D, 0x10, 0xBA, 0x08, 0x73, 0x09, 0xA0, 0x0C, 0xA0, 0xA7, 0x50, 0xBC, 0x0D, 0x76, 0x02, 0x0E,
  0xB0, 0x38, 0x0F, 0x40, 0x0E, 0xB0, 0x77, 0x30, 0x6A, 0x0C, 0x0E, 0xC0, 0x27, 0x20, 0x6A, 0x0C,
  0x0E, 0xC0, 0xB7, 0x20, 0x6A, 0x0C, 0x0E, 0xD0, 0x67, 0x10, 0x6A, 0x0C, 0x0E, 0xA0, 0xEA, 0x0E,
  0x01, 0x70, 0x6A, 0x83, 0xCE, 0xFE, 0x6B, 0x0A, 0x70, 0x6A, 0x0C, 0x0E, 0xA1, 0x0C, 0xB0, 0x46,
  0x06, 0xA0, 0xC0, 0xEA, 0x01, 0x02, 0xB0, 0xD6, 0x06, 0xA0, 0xC0, 0xEA, 0x81, 0x10, 0x8B, 0x08,
  0x50, 0x6A, 0x0C, 0x0E, 0xA0, 0x22, 0x0D, 0xB0, 0x24, 0x06, 0xA0, 0xC0, 0xEA, 0x02, 0x20, 0x4B,
  0x0C, 0x40, 0x6A, 0x0C, 0x0E, 0xA0, 0x23, 0x0A, 0xB0, 0x63, 0x06, 0xA0, 0xC0, 0xEA, 0x02, 0x30,
  0x10, 0xEA, 0x0E, 0x01, 0x20, 0x6A, 0x0C, 0x0E, 0xA0, 0x24, 0x06, 0xB0, 0xA2, 0x05, 0xA0, 0xC0,
  0xEA, 0x02, 0x50, 0xBB, 0x81, 0x40, 0x5A, 0x0C, 0x0E, 0xA0, 0x25, 0x02, 0xB8, 0x1D, 0x04, 0xA0,
  0xC0, 0xEA, 0x02, 0x60, 0x7B, 0x08, 0x04, 0xA0, 0xC0, 0xEA, 0x02, 0x70, 0xDB, 0x06, 0xA0, 0xC0,
  0xEA, 0x02, 0x70, 0x3B, 0x0E, 0xA0, 0xC0, 0xEA, 0x02, 0x71, 0x09, 0xD0, 0xC0, 0xEA, 0x02, 0x71,
  0x01, 0x0E, 0xC0, 0xC0, 0xEA, 0x02, 0x72, 0x05, 0xC0, 0xC0, 0xEA, 0x02, 0x73, 0x0B, 0xB0, 0xC0,
  // "ň" (U+0148), RLE, 69 bytes saved (33.2%)
  0x28, 0x15, 0x76, 0x68, 0x15, 0x76, 0x40, 0x4A, 0x0B, 0x01, 0x30, 0xAA, 0x07, 0x50, 0x6A, 0x82,
  0xD1, 0x0B, 0xA0, 0x87, 0x09, 0xA0, 0x0C, 0xA0, 0xA7, 0x20, 0xBC, 0x0D, 0x73, 0x02, 0x0E, 0xB0,
  0x38, 0x0C, 0x10, 0x05, 0xA0, 0x62, 0x85, 0x6B, 0xEF, 0xEB, 0x63, 0x05, 0xA8, 0x19, 0x1C, 0xF8,
  0x2C, 0x10, 0x5A, 0x0D, 0x0C, 0xA8, 0x1E, 0xDE, 0xC8, 0x1A, 0x05, 0xC0, 0xD0, 0x43, 0x03, 0x0D,
  0xB0, 0x20, 0x5B, 0x0E, 0x01, 0x50, 0x4B, 0x06, 0x05, 0xB0, 0x87, 0x0E, 0xA0, 0x80, 0x5B, 0x04,
  0x70, 0xCA, 0x09, 0x05, 0xB0, 0x27, 0x0B, 0xA0, 0x90, 0x5B, 0x01, 0x70, 0xBA, 0x09, 0x05, 0xB7,
  0x10, 0xBA, 0x09, 0x05, 0xB7, 0x10, 0xBA, 0x09, 0x05, 0xB7, 0x10, 0xBA, 0x09, 0x05, 0xB7, 0x10,
  0xBA, 0x09, 0x05, 0xB7, 0x10, 0xBA, 0x09, 0x05, 0xB7, 0x10, 0xBA, 0x09, 0x05, 0xB7, 0x10, 0xBA,
  0x09, 0x05, 0xB7, 0x10, 0xBA, 0x09, 0x05, 0xB7, 0x10, 0xBA, 0x09,
  // "ŉ" (U+0149), RLE, 102 bytes saved (42.1%)
  0x10, 0x1B, 0x07, 0x77, 0x20, 0x4B, 0x04, 0x77, 0x20, 0x6A, 0x0E, 0x77, 0x30, 0x9A, 0x09, 0x77,
  0x30, 0xDA, 0x04, 0x77, 0x3A, 0x81, 0xD0, 0x5A, 0x06, 0x28, 0x56, 0xBE, 0xFE, 0xB6, 0x30, 0x4A,
  0x81, 0x70, 0x5A, 0x81, 0x91, 0xCF, 0x82, 0xC1, 0x07, 0xA8, 0x11, 0x05, 0xA0, 0xD0, 0xCA, 0x81,
  0xED, 0xEC, 0x0A, 0x60, 0x5C, 0x0D, 0x04, 0x30, 0x30, 0xDB, 0x02, 0x50, 0x5B, 0x0E, 0x01, 0x50,
  0x4B, 0x06, 0x50, 0x5B, 0x08, 0x70, 0xEA, 0x08, 0x50, 0x5B, 0x04, 0x70, 0xCA, 0x09, 0x50, 0x5B,
  0x02, 0x70, 0xBA, 0x09, 0x50, 0x5B, 0x01, 0x70, 0xBA, 0x09, 0x50, 0x5B, 0x71, 0x0B, 0xA0, 0x95,
  0x05, 0xB7, 0x10, 0xBA, 0x09, 0x50, 0x5B, 0x71, 0x0B, 0xA0, 0x95, 0x05, 0xB7, 0x10, 0xBA, 0x09,
  0x50, 0x5B, 0x71, 0x0B, 0xA0, 0x95, 0x05, 0xB7, 0x10, 0xBA, 0x09, 0x50, 0x5B, 0x71, 0x0B, 0xA0,
  0x95, 0x05, 0xB7, 0x10, 0xBA, 0x09, 0x50, 0x5B, 0x71, 0x0B, 0xA0, 0x90,
  // "Ŋ" (U+014A), RLE, 81 bytes saved (29.3%)
  0x0E, 0xB0, 0x87, 0x30, 0x6A, 0x0C, 0x0E, 0xC0, 0x37, 0x20, 0x6A, 0x0C, 0x0E, 0xC0, 0xD7, 0x20,
  0x6A, 0x0C, 0x0E, 0xD0, 0x87, 0x10, 0x6A, 0x0C, 0x0E, 0xA0, 0xEB, 0x03, 0x70, 0x6A, 0x0C, 0x0E,
  0xA0, 0x4B, 0x0D, 0x70, 0x6A, 0x0C, 0x0E, 0xA1, 0x09, 0xB0, 0x96, 0x06, 0xA0, 0xC0, 0xEA, 0x81,
  0x10, 0xDB, 0x04, 0x50, 0x6A, 0x0C, 0x0E, 0xA8, 0x11, 0x03, 0xB0, 0xD5, 0x06, 0xA0, 0xC0, 0xEA,
  0x02, 0x20, 0x8B, 0x09, 0x40, 0x6A, 0x0C, 0x0E, 0xA0, 0x23, 0x0D, 0xB0, 0x43, 0x06, 0xA0, 0xC0,
  0xEA, 0x02, 0x30, 0x3B, 0x0D, 0x01, 0x20, 0x6A, 0x0C, 0x0E, 0xA0, 0x24, 0x07, 0xB0, 0xA2, 0x05,
  0xA0, 0xC0, 0xEA, 0x02, 0x50, 0xCB, 0x81, 0x50, 0x5A, 0x0C, 0x0E, 0xA0, 0x25, 0x02, 0xB8, 0x1E,
  0x14, 0xA0, 0xC0, 0xEA, 0x02, 0x60, 0x7B, 0x0A, 0x04, 0xA0, 0xC0, 0xEA, 0x02, 0x70, 0xBB, 0x08,
  0xA0, 0xC0, 0xEA, 0x02, 0x70, 0x20, 0xED, 0x0C, 0x0E, 0xA0, 0x27, 0x10, 0x6D, 0x0C, 0x0E, 0xA0,
  0x27, 0x20, 0xBC, 0x0C, 0x0E, 0xA0, 0x27, 0x20, 0x10, 0xEB, 0x0C, 0x0E, 0xA0, 0x27, 0x30, 0x5B,
  0x0C, 0x0E, 0xA0, 0x27, 0x40, 0xAA, 0x0C, 0x77, 0x10, 0x6A, 0x0B, 0x77, 0x10, 0xAA, 0x09, 0x77,
  0x07, 0xB0, 0x47, 0x28, 0x23, 0xFD, 0xDC, 0x0C, 0x73, 0x03, 0xE0, 0xC0, 0x17, 0x38, 0x52, 0xCE,
  0xFE, 0xB6, 0x30,
  // "ŋ" (U+014B), RLE, 71 bytes saved (34.1%)
  0x05, 0xA0, 0x62, 0x85, 0x6B, 0xEF, 0xEB, 0x63, 0x05, 0xA8, 0x19, 0x1C, 0xF8, 0x2C, 0x10, 0x5A,
  0x0D, 0x0C, 0xA8, 0x1E, 0xDE, 0xC8, 0x1B, 0x05, 0xC0, 0xD0, 0x43, 0x04, 0x0D, 0xB0, 0x20, 0x5B,
  0x0E, 0x01, 0x50, 0x4B, 0x06, 0x05, 0xB0, 0x87, 0x0E, 0xA0, 0x80, 0x5B, 0x04, 0x70, 0xCA, 0x09,
  0x05, 0xB0, 0x27, 0x0B, 0xA0, 0x90, 0x5B, 0x01, 0x70, 0xBA, 0x09, 0x05, 0xB7, 0x10, 0xBA, 0x09,
  0x05, 0xB7, 0x10, 0xBA, 0x09, 0x05, 0xB7, 0x10, 0xBA, 0x09, 0x05, 0xB7, 0x10, 0xBA, 0x09, 0x05,
  0xB7, 0x10, 0xBA, 0x09, 0x05, 0xB7, 0x10, 0xBA, 0x09, 0x05, 0xB7, 0x10, 0xBA, 0x09, 0x05, 0xB7,
  0x10, 0xBA, 0x09, 0x05, 0xB7, 0x10, 0xBA, 0x09, 0x75, 0x0B, 0xA0, 0x97, 0x50, 0xBA, 0x09, 0x75,
  0x0C, 0xA0, 0x97, 0x50, 0xDA, 0x08, 0x74, 0x06, 0xB0, 0x57, 0x18, 0x1B, 0xDE, 0xB0, 0xE0, 0x17,
  0x10, 0xBD, 0x06, 0x72, 0x84, 0x8D, 0xFE, 0xB4, 0x20,
  // "Ō" (U+014C), RLE, 158 bytes saved (47.3%)
  0x60, 0x98, 0x05, 0xD0, 0x17, 0x50, 0xBF, 0xA0, 0x17, 0x50, 0xBF, 0xA0, 0x18, 0x09, 0x95, 0x08,
  0x91, 0x16, 0xAD, 0xEF, 0xED, 0xA6, 0x17, 0x40, 0x70, 0xEF, 0xA0, 0xE0, 0x87, 0x20, 0xBD, 0x81,
  0xED, 0xED, 0x0C, 0x01, 0x60, 0xAB, 0x81, 0xE6, 0x13, 0x81, 0x15, 0xDB, 0x0C, 0x50, 0x6B, 0x0C,
  0x01, 0x71, 0x0A, 0xB0, 0x74, 0x0D, 0xA0, 0xE0, 0x17, 0x30, 0xDA, 0x0E, 0x01, 0x20, 0x4B, 0x07,
  0x74, 0x05, 0xB0, 0x62, 0x09, 0xB0, 0x17, 0x50, 0xEA, 0x0B, 0x20, 0xCA, 0x0D, 0x76, 0x0B, 0xA0,
  0xE2, 0x0E, 0xA0, 0xA7, 0x60, 0x9B, 0x01, 0x1B, 0x09, 0x76, 0x07, 0xB0, 0x20, 0x1B, 0x08, 0x76,
  0x07, 0xB0, 0x31, 0xB0, 0x97, 0x60, 0x7B, 0x81, 0x20, 0xEA, 0x0A, 0x76, 0x09, 0xB8, 0x11, 0x0C,
  0xA0, 0xD7, 0x60, 0xBA, 0x0E, 0x20, 0x9B, 0x02, 0x75, 0xB0, 0xB2, 0x04, 0xB0, 0x77, 0x40, 0x6B,
  0x06, 0x30, 0xEA, 0x0E, 0x01, 0x73, 0x0D, 0xA0, 0xE0, 0x13, 0x06, 0xB0, 0xC0, 0x17, 0x10, 0xBB,
  0x07, 0x50, 0xBB, 0x81, 0xE6, 0x13, 0x81, 0x15, 0xDB, 0x0B, 0x70, 0xBD, 0x81, 0xED, 0xED, 0x0C,
  0x01, 0x71, 0x07, 0x0E, 0xFA, 0x0E, 0x07, 0x74, 0x89, 0x11, 0x6A, 0xDE, 0xFE, 0xDA, 0x61, 0x60,
  // "ō" (U+014D), RLE, 72 bytes saved (36.7%)
  0x40, 0x98, 0x05, 0xD0, 0x16, 0x0B, 0xFA, 0x01, 0x60, 0xBF, 0xA0, 0x18, 0x0C, 0x50, 0x86, 0x6B,
  0xDF, 0xEC, 0x92, 0x70, 0x30, 0xDF, 0x90, 0x85, 0x04, 0xD0, 0xD0, 0xEC, 0x0A, 0x30, 0x10, 0xEA,
  0x0E, 0x05, 0x30, 0x20, 0xAB, 0x06, 0x20, 0x7B, 0x03, 0x60, 0xBA, 0x0E, 0x20, 0xDA, 0x0B, 0x70,
  0x3B, 0x05, 0x01, 0xB0, 0x67, 0x10, 0xDA, 0x09, 0x03, 0xB0, 0x37, 0x10, 0xBA, 0x0B, 0x04, 0xB0,
  0x27, 0x10, 0xAA, 0x0C, 0x05, 0xB0, 0x27, 0x10, 0xAA, 0x0C, 0x03, 0xB0, 0x37, 0x10, 0xBA, 0x0B,
  0x01, 0xB0, 0x67, 0x10, 0xEA, 0x81, 0x90, 0xDA, 0x0B, 0x70, 0x3B, 0x81, 0x50, 0x7B, 0x04, 0x60,
  0xBA, 0x0E, 0x30, 0xCA, 0x0E, 0x05, 0x30, 0x20, 0xAB, 0x07, 0x30, 0x20, 0xEC, 0x0D, 0x0E, 0xC0,
  0xB5, 0x02, 0x0D, 0xF9, 0x09, 0x71, 0x86, 0x6B, 0xEF, 0xEC, 0x82, 0x40,
  // "Ŏ" (U+014E), RLE, 164 bytes saved (45.9%)
  0x68, 0x15, 0x73, 0x58, 0x11, 0x76, 0x75, 0x82, 0x8F, 0xB1, 0x38, 0x21, 0xAF, 0xB7, 0x50, 0x3B,
  0x81, 0xED, 0xEB, 0x04, 0x76, 0x07, 0xF0, 0x87, 0x71, 0x85, 0x4B, 0xEF, 0xEB, 0x48, 0x09, 0x97,
  0x08, 0x91, 0x16, 0xAD, 0xEF, 0xED, 0xA6, 0x17, 0x40, 0x70, 0xEF, 0xA0, 0xE0, 0x87, 0x20, 0xBD,
  0x81, 0xED, 0xED, 0x0C, 0x01, 0x60, 0xAB, 0x81, 0xE6, 0x13, 0x81, 0x15, 0xDB, 0x0C, 0x50, 0x6B,
  0x0C, 0x01, 0x71, 0x0A, 0xB0, 0x74, 0x0D, 0xA0, 0xE0, 0x17, 0x30, 0xDA, 0x0E, 0x01, 0x20, 0x4B,
  0x07, 0x74, 0x05, 0xB0, 0x62, 0x09, 0xB0, 0x17, 0x50, 0xEA, 0x0B, 0x20, 0xCA, 0x0D, 0x76, 0x0B,
  0xA0, 0xE2, 0x0E, 0xA0, 0xA7, 0x60, 0x9B, 0x01, 0x1B, 0x09, 0x76, 0x07, 0xB0, 0x20, 0x1B, 0x08,
  0x76, 0x07, 0xB0, 0x31, 0xB0, 0x97, 0x60, 0x7B, 0x81, 0x20, 0xEA, 0x0A, 0x76, 0x09, 0xB8, 0x11,
  0x0C, 0xA0, 0xD7, 0x60, 0xBA, 0x0E, 0x20, 0x9B, 0x02, 0x75, 0xB0, 0xB2, 0x04, 0xB0, 0x77, 0x40,
  0x6B, 0x06, 0x30, 0xEA, 0x0E, 0x01, 0x73, 0x0D, 0xA0, 0xE0, 0x13, 0x06, 0xB0, 0xC0, 0x17, 0x10,
  0xBB, 0x07, 0x50, 0xBB, 0x81, 0xE6, 0x13, 0x81, 0x15, 0xDB, 0x0B, 0x70, 0xBD, 0x81, 0xED, 0xED,
  0x0C, 0x01, 0x71, 0x07, 0x0E, 0xFA, 0x0E, 0x07, 0x74, 0x89, 0x11, 0x6A, 0xDE, 0xFE, 0xDA, 0x61,
  0x60,
  // "ŏ" (U+014F), RLE, 73 bytes saved (34.3%)
  0x38, 0x15, 0x73, 0x58, 0x11, 0x76, 0x68, 0x28, 0xFB, 0x13, 0x82, 0x1A, 0xFB, 0x60, 0x3B, 0x81,
  0xED, 0xEB, 0x04, 0x70, 0x7F, 0x08, 0x72, 0x85, 0x4B, 0xEF, 0xEB, 0x48, 0x0D, 0x00, 0x86, 0x6B,
  0xDF, 0xEC, 0x92, 0x70, 0x30, 0xDF, 0x90, 0x85, 0x04, 0xD0, 0xD0, 0xEC, 0x0A, 0x30, 0x10, 0xEA,
  0x0E, 0x05, 0x30, 0x20, 0xAB, 0x06, 0x20, 0x7B, 0x03, 0x60, 0xBA, 0x0E, 0x20, 0xDA, 0x0B, 0x70,
  0x3B, 0x05, 0x01, 0xB0, 0x67, 0x10, 0xDA, 0x09, 0x03, 0xB0, 0x37, 0x10, 0xBA, 0x0B, 0x04, 0xB0,
  0x27, 0x10, 0xAA, 0x0C, 0x05, 0xB0, 0x27, 0x10, 0xAA, 0x0C, 0x03, 0xB0, 0x37, 0x10, 0xBA, 0x0B,
  0x01, 0xB0, 0x67, 0x10, 0xEA, 0x81, 0x90, 0xDA, 0x0B, 0x70, 0x3B, 0x81, 0x50, 0x7B, 0x04, 0x60,
  0xBA, 0x0E, 0x30, 0xCA, 0x0E, 0x05, 0x30, 0x20, 0xAB, 0x07, 0x30, 0x20, 0xEC, 0x0D, 0x0E, 0xC0,
  0xB5, 0x02, 0x0D, 0xF9, 0x09, 0x71, 0x86, 0x6B, 0xEF, 0xEC, 0x82, 0x40,
  // "Ő" (U+0150), RLE, 161 bytes saved (45.1%)
  0x72, 0x02, 0xB8, 0x18, 0x05, 0xB0, 0x57, 0x50, 0xBA, 0x0C, 0x20, 0xDA, 0x09, 0x75, 0x04, 0xA8,
  0x2C, 0x10, 0x7A, 0x0A, 0x76, 0x84, 0xDF, 0xC1, 0x02, 0xA0, 0xA7, 0x68, 0x19, 0xFB, 0x38, 0x1C,
  0xF8, 0x80, 0x99, 0x60, 0x89, 0x11, 0x6A, 0xDE, 0xFE, 0xDA, 0x61, 0x74, 0x07, 0x0E, 0xFA, 0x0E,
  0x08, 0x72, 0x0B, 0xD8, 0x1E, 0xDE, 0xD0, 0xC0, 0x16, 0x0A, 0xB8, 0x1E, 0x61, 0x38, 0x11, 0x5D,
  0xB0, 0xC5, 0x06, 0xB0, 0xC0, 0x17, 0x10, 0xAB, 0x07, 0x40, 0xDA, 0x0E, 0x01, 0x73, 0x0D, 0xA0,
  0xE0, 0x12, 0x04, 0xB0, 0x77, 0x40, 0x5B, 0x06, 0x20, 0x9B, 0x01, 0x75, 0x0E, 0xA0, 0xB2, 0x0C,
  0xA0, 0xD7, 0x60, 0xBA, 0x0E, 0x20, 0xEA, 0x0A, 0x76, 0x09, 0xB0, 0x11, 0xB0, 0x97, 0x60, 0x7B,
  0x02, 0x01, 0xB0, 0x87, 0x60, 0x7B, 0x03, 0x1B, 0x09, 0x76, 0x07, 0xB8, 0x12, 0x0E, 0xA0, 0xA7,
  0x60, 0x9B, 0x81, 0x10, 0xCA, 0x0D, 0x76, 0x0B, 0xA0, 0xE2, 0x09, 0xB0, 0x27, 0x5B, 0x0B, 0x20,
  0x4B, 0x07, 0x74, 0x06, 0xB0, 0x63, 0x0E, 0xA0, 0xE0, 0x17, 0x30, 0xDA, 0x0E, 0x01, 0x30, 0x6B,
  0x0C, 0x01, 0x71, 0x0B, 0xB0, 0x75, 0x0B, 0xB8, 0x1E, 0x61, 0x38, 0x11, 0x5D, 0xB0, 0xB7, 0x0B,
  0xD8, 0x1E, 0xDE, 0xD0, 0xC0, 0x17, 0x10, 0x70, 0xEF, 0xA0, 0xE0, 0x77, 0x48, 0x91, 0x16, 0xAD,
  0xEF, 0xED, 0xA6, 0x16,
  // "ő" (U+0151), RLE, 70 bytes saved (32.9%)
  0x60, 0x2B, 0x81, 0x80, 0x5B, 0x05, 0x60, 0xBA, 0x0C, 0x20, 0xDA, 0x09, 0x60, 0x4A, 0x82, 0xC1,
  0x07, 0xA0, 0xA7, 0x84, 0xDF, 0xC1, 0x02, 0xA0, 0xA7, 0x81, 0x9F, 0xB3, 0x81, 0xCF, 0x88, 0x0C,
  0x70, 0x86, 0x6B, 0xDF, 0xEC, 0x92, 0x70, 0x30, 0xDF, 0x90, 0x85, 0x04, 0xD0, 0xD0, 0xEC, 0x0A,
  0x30, 0x10, 0xEA, 0x0E, 0x05, 0x30, 0x20, 0xAB, 0x06, 0x20, 0x7B, 0x03, 0x60, 0xBA, 0x0E, 0x20,
  0xDA, 0x0B, 0x70, 0x3B, 0x05, 0x01, 0xB0, 0x67, 0x10, 0xDA, 0x09, 0x03, 0xB0, 0x37, 0x10, 0xBA,
  0x0B, 0x04, 0xB0, 0x27, 0x10, 0xAA, 0x0C, 0x05, 0xB0, 0x27, 0x10, 0xAA, 0x0C, 0x03, 0xB0, 0x37,
  0x10, 0xBA, 0x0B, 0x01, 0xB0, 0x67, 0x10, 0xEA, 0x81, 0x90, 0xDA, 0x0B, 0x70, 0x3B, 0x81, 0x50,
  0x7B, 0x04, 0x60, 0xBA, 0x0E, 0x30, 0xCA, 0x0E, 0x05, 0x30, 0x20, 0xAB, 0x07, 0x30, 0x20, 0xEC,
  0x0D, 0x0E, 0xC0, 0xB5, 0x02, 0x0D, 0xF9, 0x09, 0x71, 0x86, 0x6B, 0xEF, 0xEC, 0x82, 0x40,
  // "Œ" (U+0152), RLE, 162 bytes saved (50.3%)
  0x68, 0x31, 0x7B, 0xDE, 0xFF, 0xA0, 0x35, 0x08, 0xFF, 0xF0, 0x33, 0x01, 0x0C, 0xD8, 0x2E, 0xDD,
  0xEC, 0x80, 0x5D, 0x02, 0x30, 0xCB, 0x81, 0xD6, 0x14, 0x05, 0xB0, 0x27, 0x40, 0x7B, 0x0B, 0x70,
  0x4B, 0x02, 0x74, 0x0E, 0xA0, 0xE0, 0x17, 0x04, 0xB0, 0x27, 0x30, 0x5B, 0x06, 0x71, 0x04, 0xB0,
  0x27, 0x30, 0x9B, 0x01, 0x71, 0x04, 0xB0, 0x27, 0x30, 0xCA, 0x0C, 0x72, 0x04, 0xB0, 0x27, 0x3B,
  0x09, 0x72, 0x04, 0xFC, 0x09, 0x2B, 0x08, 0x72, 0x04, 0xFC, 0x81, 0x90, 0x1B, 0x07, 0x72, 0x04,
  0xB8, 0x04, 0xD0, 0x72, 0xB0, 0x87, 0x20, 0x4B, 0x02, 0x73, 0x0E, 0xA0, 0x97, 0x20, 0x4B, 0x02,
  0x73, 0x0C, 0xA0, 0xC7, 0x20, 0x4B, 0x02, 0x73, 0x09, 0xB0, 0x17, 0x10, 0x4B, 0x02, 0x73, 0x05,
  0xB0, 0x67, 0x10, 0x4B, 0x02, 0x74, 0x0E, 0xA0, 0xE0, 0x17, 0x04, 0xB0, 0x27, 0x40, 0x6B, 0x0B,
  0x70, 0x4B, 0x02, 0x75, 0x0B, 0xB8, 0x1D, 0x61, 0x40, 0x5B, 0x02, 0x75, 0x01, 0x0C, 0xD8, 0x2E,
  0xDD, 0xEC, 0x80, 0x5D, 0x02, 0x50, 0x8F, 0xFF, 0x03, 0x68, 0x31, 0x6A, 0xDE, 0xFF, 0xA0, 0x30,
  // "œ" (U+0153), RLE, 82 bytes saved (32.5%)
  0x58, 0x57, 0xBD, 0xFD, 0xB6, 0x58, 0x63, 0x9D, 0xFE, 0xC8, 0x16, 0x04, 0x0E, 0xF0, 0xD0, 0x22,
  0x08, 0xF0, 0xE0, 0x54, 0x05, 0xC8, 0x1E, 0xDE, 0xB8, 0x1E, 0x28, 0xC0, 0xD0, 0xEC, 0x04, 0x20,
  0x10, 0xEA, 0x0D, 0x04, 0x30, 0x30, 0xCA, 0x0D, 0xB0, 0x63, 0x02, 0x0C, 0xA0, 0xE2, 0x08, 0xB0,
  0x25, 0x01, 0x0E, 0xC0, 0x65, 0x01, 0xB8, 0x16, 0x0E, 0xA0, 0xA7, 0x07, 0xB0, 0xE7, 0x0A, 0xA0,
  0xA0, 0x2B, 0x06, 0x70, 0x2B, 0x0A, 0x70, 0x7A, 0x0D, 0x04, 0xB0, 0x37, 0x1F, 0xF0, 0xE0, 0x5B,
  0x02, 0x71, 0x0E, 0xFF, 0x05, 0xB0, 0x27, 0x10, 0xEA, 0x0E, 0x80, 0x6D, 0x0C, 0x04, 0xB0, 0x37,
  0x1B, 0x09, 0x74, 0x01, 0xB0, 0x67, 0x02, 0xB0, 0xB7, 0x50, 0xDA, 0x0A, 0x70, 0x7B, 0x0E, 0x01,
  0x74, 0x07, 0xB0, 0x35, 0x01, 0x0D, 0xC0, 0x97, 0x50, 0xDA, 0x0D, 0x04, 0x30, 0x30, 0xCA, 0x0E,
  0xB0, 0xA0, 0x24, 0x82, 0x26, 0xB2, 0x20, 0x30, 0xEB, 0x81, 0xED, 0xEC, 0x04, 0x06, 0xC8, 0x2E,
  0xDD, 0xEB, 0x02, 0x30, 0x20, 0xDF, 0x0E, 0x04, 0x20, 0x60, 0xEF, 0xA0, 0x25, 0x86, 0x6B, 0xEF,
  0xEB, 0x61, 0x48, 0x90, 0x17, 0xCE, 0xFE, 0xDB, 0x71, 0x10,
  // "Ŕ" (U+0154), RLE, 104 bytes saved (38.2%)
  0x71, 0x83, 0x47, 0x77, 0x37, 0x40, 0x10, 0xEA, 0x0D, 0x01, 0x74, 0x0A, 0xA0, 0xE0, 0x27, 0x40,
  0x4A, 0x0E, 0x03, 0x74, 0x83, 0x1D, 0xFE, 0x37, 0x58, 0x29, 0xFD, 0x38, 0x0E, 0x70, 0x0E, 0xE8,
  0x3E, 0xDB, 0x72, 0x50, 0xEF, 0xC0, 0x94, 0x0E, 0xA8, 0x3E, 0xDD, 0xDE, 0xD0, 0xA3, 0x0E, 0xA0,
  0x74, 0x81, 0x16, 0xEB, 0x05, 0x20, 0xEA, 0x07, 0x60, 0x2B, 0x0A, 0x20, 0xEA, 0x07, 0x70, 0xAA,
  0x0E, 0x20, 0xEA, 0x07, 0x70, 0x8B, 0x20, 0xEA, 0x07, 0x70, 0x9A, 0x0E, 0x20, 0xEA, 0x07, 0x70,
  0xCA, 0x0C, 0x20, 0xEA, 0x07, 0x60, 0x5B, 0x06, 0x20, 0xEA, 0x07, 0x38, 0x11, 0x39, 0xB0, 0xC3,
  0x0E, 0xFC, 0x0C, 0x01, 0x30, 0xEF, 0xA0, 0xE0, 0x75, 0x0E, 0xA8, 0x3E, 0xDD, 0xDE, 0xA0, 0xD6,
  0x0E, 0xA0, 0x73, 0x02, 0xB0, 0x75, 0x0E, 0xA0, 0x74, 0x08, 0xB0, 0x24, 0x0E, 0xA0, 0x75, 0x0D,
  0xA0, 0xC4, 0x0E, 0xA0, 0x75, 0x05, 0xB0, 0x63, 0x0E, 0xA0, 0x76, 0x0B, 0xA0, 0xE0, 0x12, 0x0E,
  0xA0, 0x76, 0x02, 0xB0, 0xA2, 0x0E, 0xA0, 0x77, 0x08, 0xB8, 0x15, 0x0E, 0xA0, 0x77, 0x10, 0xDA,
  0x81, 0xE1, 0xEA, 0x07, 0x71, 0x05, 0xB0, 0x90,
  // "ŕ" (U+0155), RLE, 61 bytes saved (42.7%)
  0x68, 0x34, 0x77, 0x73, 0x50, 0x10, 0xEA, 0x0D, 0x01, 0x50, 0xAA, 0x0E, 0x02, 0x50, 0x4A, 0x0E,
  0x03, 0x58, 0x31, 0xDF, 0xE3, 0x68, 0x29, 0xFD, 0x37, 0x77, 0x50, 0x5A, 0x06, 0x28, 0x13, 0xBD,
  0xA0, 0x5A, 0x81, 0x80, 0x8C, 0x0D, 0x05, 0xA0, 0xA0, 0x7B, 0x82, 0xED, 0xC5, 0xA0, 0xEA, 0x09,
  0x01, 0x30, 0x5C, 0x06, 0x50, 0x5B, 0x0B, 0x60, 0x5B, 0x05, 0x60, 0x5B, 0x02, 0x60, 0x5B, 0x70,
  0x5B, 0x70, 0x5B, 0x70, 0x5B, 0x70, 0x5B, 0x70, 0x5B, 0x70, 0x5B, 0x70, 0x5B, 0x70, 0x5B, 0x70,
  0x5B, 0x70,
  // "Ŗ" (U+0156), RLE, 97 bytes saved (38.0%)
  0x0E, 0xE8, 0x3E, 0xDB, 0x72, 0x50, 0xEF, 0xC0, 0x94, 0x0E, 0xA8, 0x3E, 0xDD, 0xDE, 0xD0, 0xA3,
  0x0E, 0xA0, 0x74, 0x81, 0x16, 0xEB, 0x05, 0x20, 0xEA, 0x07, 0x60, 0x2B, 0x0A, 0x20, 0xEA, 0x07,
  0x70, 0xAA, 0x0E, 0x20, 0xEA, 0x07, 0x70, 0x8B, 0x20, 0xEA, 0x07, 0x70, 0x9A, 0x0E, 0x20, 0xEA,
  0x07, 0x70, 0xCA, 0x0C, 0x20, 0xEA, 0x07, 0x60, 0x5B, 0x06, 0x20, 0xEA, 0x07, 0x38, 0x11, 0x39,
  0xB0, 0xC3, 0x0E, 0xFC, 0x0C, 0x01, 0x30, 0xEF, 0xA0, 0xE0, 0x75, 0x0E, 0xA8, 0x3E, 0xDD, 0xDE,
  0xA0, 0xD6, 0x0E, 0xA0, 0x73, 0x02, 0xB0, 0x75, 0x0E, 0xA0, 0x74, 0x08, 0xB0, 0x24, 0x0E, 0xA0,
  0x75, 0x0D, 0xA0, 0xC4, 0x0E, 0xA0, 0x75, 0x05, 0xB0, 0x63, 0x0E, 0xA0, 0x76, 0x0B, 0xA0, 0xE0,
  0x12, 0x0E, 0xA0, 0x76, 0x02, 0xB0, 0xA2, 0x0E, 0xA0, 0x77, 0x08, 0xB8, 0x15, 0x0E, 0xA0, 0x77,
  0x10, 0xDA, 0x81, 0xE1, 0xEA, 0x07, 0x71, 0x05, 0xB0, 0x98, 0x0C, 0x40, 0x05, 0xA0, 0xE7, 0x60,
  0x8A, 0x08, 0x76, 0x82, 0xCF, 0xE1, 0x75, 0x01, 0xA0, 0x77, 0x68, 0x15, 0xFC, 0x72,
  // "ŗ" (U+0157), RLE, 66 bytes saved (47.8%)
  0x05, 0xA0, 0x62, 0x81, 0x3B, 0xDA, 0x05, 0xA8, 0x18, 0x08, 0xC0, 0xD0, 0x5A, 0x0A, 0x07, 0xB8,
  0x2E, 0xDC, 0x5A, 0x0E, 0xA0, 0x90, 0x13, 0x05, 0xC0, 0x65, 0x05, 0xB0, 0xB6, 0x05, 0xB0, 0x56,
  0x05, 0xB0, 0x26, 0x05, 0xB7, 0x05, 0xB7, 0x05, 0xB7, 0x05, 0xB7, 0x05, 0xB7, 0x05, 0xB7, 0x05,
  0xB7, 0x05, 0xB7, 0x05, 0xB7, 0x05, 0xB7, 0x77, 0x72, 0x0C, 0xA0, 0x77, 0xB0, 0x16, 0x03, 0xA0,
  0x97, 0x82, 0x8F, 0xE1, 0x78, 0x1D, 0xF5, 0x71,
  // "Ř" (U+0158), RLE, 99 bytes saved (36.4%)
  0x18, 0x15, 0x76, 0x68, 0x15, 0x76, 0x50, 0x4A, 0x0B, 0x01, 0x30, 0xAA, 0x07, 0x60, 0x6A, 0x82,
  0xD1, 0x0B, 0xA0, 0x87, 0x10, 0x9A, 0x00, 0xCA, 0x0A, 0x73, 0x0B, 0xC0, 0xD7, 0x40, 0x20, 0xEB,
  0x03, 0x80, 0xE6, 0x00, 0xEE, 0x83, 0xED, 0xB7, 0x25, 0x0E, 0xFC, 0x09, 0x40, 0xEA, 0x83, 0xED,
  0xDD, 0xED, 0x0A, 0x30, 0xEA, 0x07, 0x48, 0x11, 0x6E, 0xB0, 0x52, 0x0E, 0xA0, 0x76, 0x02, 0xB0,
  0xA2, 0x0E, 0xA0, 0x77, 0x0A, 0xA0, 0xE2, 0x0E, 0xA0, 0x77, 0x08, 0xB2, 0x0E, 0xA0, 0x77, 0x09,
  0xA0, 0xE2, 0x0E, 0xA0, 0x77, 0x0C, 0xA0, 0xC2, 0x0E, 0xA0, 0x76, 0x05, 0xB0, 0x62, 0x0E, 0xA0,
  0x73, 0x81, 0x13, 0x9B, 0x0C, 0x30, 0xEF, 0xC0, 0xC0, 0x13, 0x0E, 0xFA, 0x0E, 0x07, 0x50, 0xEA,
  0x83, 0xED, 0xDD, 0xEA, 0x0D, 0x60, 0xEA, 0x07, 0x30, 0x2B, 0x07, 0x50, 0xEA, 0x07, 0x40, 0x8B,
  0x02, 0x40, 0xEA, 0x07, 0x50, 0xDA, 0x0C, 0x40, 0xEA, 0x07, 0x50, 0x5B, 0x06, 0x30, 0xEA, 0x07,
  0x60, 0xBA, 0x0E, 0x01, 0x20, 0xEA, 0x07, 0x60, 0x2B, 0x0A, 0x20, 0xEA, 0x07, 0x70, 0x8B, 0x81,
  0x50, 0xEA, 0x07, 0x71, 0x0D, 0xA8, 0x1E, 0x1E, 0xA0, 0x77, 0x10, 0x5B, 0x09,
  // "ř" (U+0159), RLE, 62 bytes saved (39.7%)
  0x81, 0x57, 0x66, 0x82, 0x57, 0x64, 0xA0, 0xB0, 0x13, 0x0A, 0xA8, 0x17, 0x06, 0xA8, 0x2D, 0x10,
  0xBA, 0x08, 0x30, 0x9A, 0x00, 0xCA, 0x0A, 0x50, 0xBC, 0x0D, 0x60, 0x20, 0xEB, 0x03, 0x77, 0x76,
  0x05, 0xA0, 0x62, 0x81, 0x3B, 0xDA, 0x10, 0x5A, 0x81, 0x80, 0x8C, 0x81, 0xD0, 0x5A, 0x0A, 0x07,
  0xB8, 0x3E, 0xDC, 0x05, 0xA0, 0xEA, 0x09, 0x01, 0x40, 0x5C, 0x06, 0x60, 0x5B, 0x0B, 0x70, 0x5B,
  0x05, 0x70, 0x5B, 0x02, 0x70, 0x5B, 0x71, 0x05, 0xB7, 0x10, 0x5B, 0x71, 0x05, 0xB7, 0x10, 0x5B,
  0x71, 0x05, 0xB7, 0x10, 0x5B, 0x71, 0x05, 0xB7, 0x10, 0x5B, 0x71, 0x05, 0xB7, 0x10,
  // "Ś" (U+015A), RLE, 112 bytes saved (43.8%)
  0x72, 0x83, 0x47, 0x77, 0x37, 0x30, 0x10, 0xEA, 0x0D, 0x01, 0x73, 0x0A, 0xA0, 0xE0, 0x27, 0x30,
  0x4A, 0x0E, 0x03, 0x73, 0x83, 0x1D, 0xFE, 0x37, 0x48, 0x29, 0xFD, 0x38, 0x0E, 0x60, 0x89, 0x04,
  0x9D, 0xEF, 0xED, 0xA6, 0x24, 0x02, 0x0C, 0xFB, 0x08, 0x20, 0x10, 0xDC, 0x81, 0xED, 0xEC, 0x04,
  0x20, 0x9B, 0x09, 0x01, 0x38, 0x22, 0x6C, 0xE3, 0x0E, 0xA0, 0xA7, 0x10, 0x12, 0x01, 0xB0, 0x57,
  0x40, 0x1B, 0x06, 0x75, 0x0E, 0xA0, 0xC7, 0x50, 0x9B, 0x0B, 0x01, 0x73, 0x01, 0x0E, 0xC0, 0x90,
  0x27, 0x20, 0x30, 0xDD, 0x0B, 0x04, 0x71, 0x01, 0x09, 0xE0, 0xC0, 0x37, 0x18, 0x11, 0x8E, 0xD0,
  0x67, 0x30, 0x50, 0xDC, 0x04, 0x74, 0x08, 0xB0, 0xC7, 0x50, 0xAB, 0x75, 0x05, 0xB0, 0x17, 0x40,
  0x5B, 0x00, 0x17, 0x30, 0xBA, 0x85, 0xD0, 0x6E, 0x95, 0x14, 0x02, 0x0A, 0xB8, 0x17, 0x06, 0xC8,
  0x2E, 0xDD, 0xEC, 0x0B, 0x20, 0x6F, 0xC0, 0x94, 0x83, 0x38, 0xBD, 0xEA, 0x82, 0xEB, 0x72, 0x40,
  // "ś" (U+015B), RLE, 65 bytes saved (35.7%)
  0x78, 0x34, 0x77, 0x73, 0x71, 0x01, 0x0E, 0xA0, 0xD0, 0x17, 0x10, 0xAA, 0x0E, 0x02, 0x71, 0x04,
  0xA0, 0xE0, 0x37, 0x18, 0x31, 0xDF, 0xE3, 0x72, 0x82, 0x9F, 0xD3, 0x80, 0xC1, 0x08, 0x75, 0xAD,
  0xEF, 0xEB, 0x83, 0x30, 0x20, 0xCF, 0xA0, 0x92, 0x0D, 0xC0, 0x0D, 0xC8, 0x15, 0x04, 0xB0, 0x74,
  0x81, 0x4A, 0xE2, 0x06, 0xA0, 0xE7, 0x30, 0x5B, 0x02, 0x72, 0x01, 0x0E, 0xA0, 0xE0, 0x67, 0x20,
  0x5C, 0x81, 0xE8, 0x27, 0x03, 0x0C, 0xD0, 0xB0, 0x37, 0x04, 0x0B, 0xD0, 0x87, 0x18, 0x12, 0x8E,
  0xB0, 0x77, 0x20, 0x20, 0xCA, 0x0E, 0x73, 0x04, 0xB0, 0x17, 0x20, 0x5B, 0x18, 0x26, 0xC7, 0x34,
  0x03, 0x0D, 0xA8, 0x1C, 0x06, 0xC8, 0x1D, 0xDE, 0xC8, 0x15, 0x06, 0xFB, 0x07, 0x38, 0x23, 0x8C,
  0xEA, 0x82, 0xEB, 0x72, 0x30,
  // "Ŝ" (U+015C), RLE, 108 bytes saved (42.2%)
  0x68, 0x00, 0x77, 0x40, 0x6C, 0x08, 0x72, 0x02, 0x0E, 0xD0, 0x47, 0x01, 0x0D, 0xA0, 0x80, 0x6A,
  0x0E, 0x02, 0x60, 0xBA, 0x07, 0x20, 0x6A, 0x0D, 0x01, 0x48, 0x28, 0xFE, 0x44, 0x82, 0x3D, 0xFB,
  0x80, 0xE2, 0x08, 0x90, 0x49, 0xDE, 0xFE, 0xDA, 0x62, 0x40, 0x20, 0xCF, 0xB0, 0x82, 0x01, 0x0D,
  0xC8, 0x1E, 0xDE, 0xC0, 0x42, 0x09, 0xB0, 0x90, 0x13, 0x82, 0x26, 0xCE, 0x30, 0xEA, 0x0A, 0x71,
  0x01, 0x20, 0x1B, 0x05, 0x74, 0x01, 0xB0, 0x67, 0x50, 0xEA, 0x0C, 0x75, 0x09, 0xB0, 0xB0, 0x17,
  0x30, 0x10, 0xEC, 0x09, 0x02, 0x72, 0x03, 0x0D, 0xD0, 0xB0, 0x47, 0x10, 0x10, 0x9E, 0x0C, 0x03,
  0x71, 0x81, 0x18, 0xED, 0x06, 0x73, 0x05, 0x0D, 0xC0, 0x47, 0x40, 0x8B, 0x0C, 0x75, 0x0A, 0xB7,
  0x50, 0x5B, 0x01, 0x74, 0x05, 0xB0, 0x01, 0x73, 0x0B, 0xA8, 0x5D, 0x06, 0xE9, 0x51, 0x40, 0x20,
  0xAB, 0x81, 0x70, 0x6C, 0x82, 0xED, 0xDE, 0xC0, 0xB2, 0x06, 0xFC, 0x09, 0x48, 0x33, 0x8B, 0xDE,
  0xA8, 0x2E, 0xB7, 0x24,
  // "ŝ" (U+015D), RLE, 61 bytes saved (33.5%)
  0x58, 0x00, 0x77, 0x20, 0x6C, 0x08, 0x70, 0x20, 0xED, 0x04, 0x50, 0x10, 0xDA, 0x08, 0x06, 0xA0,
  0xE0, 0x24, 0x0B, 0xA0, 0x72, 0x06, 0xA0, 0xD0, 0x12, 0x82, 0x8F, 0xE4, 0x48, 0x23, 0xDF, 0xB7,
  0x77, 0x74, 0x87, 0x5A, 0xDE, 0xFE, 0xB8, 0x33, 0x02, 0x0C, 0xFA, 0x09, 0x20, 0xDC, 0x00, 0xDC,
  0x81, 0x50, 0x4B, 0x07, 0x48, 0x14, 0xAE, 0x20, 0x6A, 0x0E, 0x73, 0x05, 0xB0, 0x27, 0x20, 0x10,
  0xEA, 0x0E, 0x06, 0x72, 0x05, 0xC8, 0x1E, 0x82, 0x70, 0x30, 0xCD, 0x0B, 0x03, 0x70, 0x40, 0xBD,
  0x08, 0x71, 0x81, 0x28, 0xEB, 0x07, 0x72, 0x02, 0x0C, 0xA0, 0xE7, 0x30, 0x4B, 0x01, 0x72, 0x05,
  0xB1, 0x82, 0x6C, 0x73, 0x40, 0x30, 0xDA, 0x81, 0xC0, 0x6C, 0x81, 0xDD, 0xEC, 0x81, 0x50, 0x6F,
  0xB0, 0x73, 0x82, 0x38, 0xCE, 0xA8, 0x2E, 0xB7, 0x23,
  // "Ş" (U+015E), RLE, 100 bytes saved (40.3%)
  0x48, 0x90, 0x49, 0xDE, 0xFE, 0xDA, 0x62, 0x40, 0x20, 0xCF, 0xB0, 0x82, 0x01, 0x0D, 0xC8, 0x1E,
  0xDE, 0xC0, 0x42, 0x09, 0xB0, 0x90, 0x13, 0x82, 0x26, 0xCE, 0x30, 0xEA, 0x0A, 0x71, 0x01, 0x20,
  0x1B, 0x05, 0x74, 0x01, 0xB0, 0x67, 0x50, 0xEA, 0x0C, 0x75, 0x09, 0xB0, 0xB0, 0x17, 0x30, 0x10,
  0xEC, 0x09, 0x02, 0x72, 0x03, 0x0D, 0xD0, 0xB0, 0x47, 0x10, 0x10, 0x9E, 0x0C, 0x03, 0x71, 0x81,
  0x18, 0xED, 0x06, 0x73, 0x05, 0x0D, 0xC0, 0x47, 0x40, 0x8B, 0x0C, 0x75, 0x0A, 0xB7, 0x50, 0x5B,
  0x01, 0x74, 0x05, 0xB0, 0x01, 0x73, 0x0B, 0xA8, 0x5D, 0x06, 0xE9, 0x51, 0x40, 0x20, 0xAB, 0x81,
  0x70, 0x6C, 0x82, 0xED, 0xDE, 0xC0, 0xB2, 0x06, 0xFC, 0x09, 0x48, 0x33, 0x8B, 0xDE, 0xA8, 0x2E,
  0xB7, 0x27, 0x38, 0x1B, 0xF7, 0x75, 0x02, 0xA0, 0x47, 0x50, 0x8B, 0x0A, 0x75, 0x01, 0x09, 0xA0,
  0x77, 0x50, 0x1A, 0x0A, 0x72, 0x82, 0x21, 0x27, 0xA0, 0x87, 0x20, 0xDC, 0x0E, 0x02, 0x72, 0x0B,
  0xA8, 0x1D, 0x92, 0x60,
  // "ş" (U+015F), RLE, 62 bytes saved (34.1%)
  0x38, 0x75, 0xAD, 0xEF, 0xEB, 0x83, 0x30, 0x20, 0xCF, 0xA0, 0x92, 0x0D, 0xC0, 0x0D, 0xC8, 0x15,
  0x04, 0xB0, 0x74, 0x81, 0x4A, 0xE2, 0x06, 0xA0, 0xE7, 0x30, 0x5B, 0x02, 0x72, 0x01, 0x0E, 0xA0,
  0xE0, 0x67, 0x20, 0x5C, 0x81, 0xE8, 0x27, 0x03, 0x0C, 0xD0, 0xB0, 0x37, 0x04, 0x0B, 0xD0, 0x87,
  0x18, 0x12, 0x8E, 0xB0, 0x77, 0x20, 0x20, 0xCA, 0x0E, 0x73, 0x04, 0xB0, 0x17, 0x20, 0x5B, 0x18,
  0x26, 0xC7, 0x34, 0x03, 0x0D, 0xA8, 0x1C, 0x06, 0xC8, 0x1D, 0xDE, 0xC8, 0x15, 0x06, 0xFB, 0x07,
  0x38, 0x23, 0x8C, 0xEA, 0x82, 0xEB, 0x72, 0x71, 0x81, 0xBF, 0x77, 0x30, 0x2A, 0x04, 0x73, 0x08,
  0xB0, 0xA7, 0x30, 0x10, 0x9A, 0x07, 0x73, 0x01, 0xA0, 0xA7, 0x82, 0x21, 0x27, 0xA0, 0x87, 0x0D,
  0xC0, 0xE0, 0x27, 0x0B, 0xA8, 0x1D, 0x92, 0x50,
  // "Š" (U+0160), RLE, 107 bytes saved (41.8%)
  0x28, 0x15, 0x76, 0x68, 0x15, 0x76, 0x40, 0x4A, 0x0B, 0x01, 0x30, 0xAA, 0x07, 0x50, 0x6A, 0x82,
  0xD1, 0x0B, 0xA0, 0x87, 0x09, 0xA0, 0x0C, 0xA0, 0xA7, 0x20, 0xBC, 0x0D, 0x73, 0x02, 0x0E, 0xB0,
  0x38, 0x0E, 0x50, 0x89, 0x04, 0x9D, 0xEF, 0xED, 0xA6, 0x24, 0x02, 0x0C, 0xFB, 0x08, 0x20, 0x10,
  0xDC, 0x81, 0xED, 0xEC, 0x04, 0x20, 0x9B, 0x09, 0x01, 0x38, 0x22, 0x6C, 0xE3, 0x0E, 0xA0, 0xA7,
  0x10, 0x12, 0x01, 0xB0, 0x57, 0x40, 0x1B, 0x06, 0x75, 0x0E, 0xA0, 0xC7, 0x50, 0x9B, 0x0B, 0x01,
  0x73, 0x01, 0x0E, 0xC0, 0x90, 0x27, 0x20, 0x30, 0xDD, 0x0B, 0x04, 0x71, 0x01, 0x09, 0xE0, 0xC0,
  0x37, 0x18, 0x11, 0x8E, 0xD0, 0x67, 0x30, 0x50, 0xDC, 0x04, 0x74, 0x08, 0xB0, 0xC7, 0x50, 0xAB,
  0x75, 0x05, 0xB0, 0x17, 0x40, 0x5B, 0x00, 0x17, 0x30, 0xBA, 0x85, 0xD0, 0x6E, 0x95, 0x14, 0x02,
  0x0A, 0xB8, 0x17, 0x06, 0xC8, 0x2E, 0xDD, 0xEC, 0x0B, 0x20, 0x6F, 0xC0, 0x94, 0x83, 0x38, 0xBD,
  0xEA, 0x82, 0xEB, 0x72, 0x40,
  // "š" (U+0161), RLE, 60 bytes saved (33.0%)
  0x18, 0x15, 0x76, 0x68, 0x15, 0x76, 0x20, 0x4A, 0x0B, 0x01, 0x30, 0xAA, 0x07, 0x30, 0x6A, 0x82,
  0xD1, 0x0B, 0xA0, 0x85, 0x09, 0xA0, 0x0C, 0xA0, 0xA7, 0x0B, 0xC0, 0xD7, 0x10, 0x20, 0xEB, 0x03,
  0x77, 0x77, 0x78, 0x75, 0xAD, 0xEF, 0xEB, 0x83, 0x30, 0x20, 0xCF, 0xA0, 0x92, 0x0D, 0xC0, 0x0D,
  0xC8, 0x15, 0x04, 0xB0, 0x74, 0x81, 0x4A, 0xE2, 0x06, 0xA0, 0xE7, 0x30, 0x5B, 0x02, 0x72, 0x01,
  0x0E, 0xA0, 0xE0, 0x67, 0x20, 0x5C, 0x81, 0xE8, 0x27, 0x03, 0x0C, 0xD0, 0xB0, 0x37, 0x04, 0x0B,
  0xD0, 0x87, 0x18, 0x12, 0x8E, 0xB0, 0x77, 0x20, 0x20, 0xCA, 0x0E, 0x73, 0x04, 0xB0, 0x17, 0x20,
  0x5B, 0x18, 0x26, 0xC7, 0x34, 0x03, 0x0D, 0xA8, 0x1C, 0x06, 0xC8, 0x1D, 0xDE, 0xC8, 0x15, 0x06,
  0xFB, 0x07, 0x38, 0x23, 0x8C, 0xEA, 0x82, 0xEB, 0x72, 0x30,
  // "Ţ" (U+0162), RLE, 159 bytes saved (57.0%)
  0x09, 0xFF, 0xA0, 0x80, 0x9F, 0xFA, 0x08, 0x07, 0x80, 0x2D, 0x0E, 0xA0, 0xE8, 0x02, 0xD0, 0x77,
  0x0B, 0xA0, 0xB7, 0x70, 0xBA, 0x0B, 0x77, 0x0B, 0xA0, 0xB7, 0x70, 0xBA, 0x0B, 0x77, 0x0B, 0xA0,
  0xB7, 0x70, 0xBA, 0x0B, 0x77, 0x0B, 0xA0, 0xB7, 0x70, 0xBA, 0x0B, 0x77, 0x0B, 0xA0, 0xB7, 0x70,
  0xBA, 0x0B, 0x77, 0x0B, 0xA0, 0xB7, 0x70, 0xBA, 0x0B, 0x77, 0x0B, 0xA0, 0xB7, 0x70, 0xBA, 0x0B,
  0x77, 0x0B, 0xA0, 0xB7, 0x70, 0xBA, 0x0B, 0x77, 0x0B, 0xA0, 0xB7, 0x70, 0xBA, 0x0B, 0x77, 0x0B,
  0xA0, 0xB7, 0x70, 0xBA, 0x0B, 0x77, 0x18, 0x1B, 0xF7, 0x77, 0x02, 0xA0, 0x47, 0x70, 0x8B, 0x0A,
  0x77, 0x01, 0x09, 0xA0, 0x77, 0x70, 0x1A, 0x0A, 0x74, 0x82, 0x21, 0x27, 0xA0, 0x87, 0x40, 0xDC,
  0x0E, 0x02, 0x74, 0x0B, 0xA8, 0x1D, 0x92, 0x60,
  // "ţ" (U+0163), RLE, 73 bytes saved (40.6%)
  0x48, 0x1D, 0xF5, 0x71, 0x02, 0xA0, 0x57, 0x10, 0x7A, 0x05, 0x71, 0x0C, 0xA0, 0x56, 0x04, 0x0C,
  0xF9, 0x04, 0x06, 0xFB, 0x82, 0x45, 0xDD, 0xB8, 0x4E, 0xDD, 0xDD, 0x33, 0xB0, 0x57, 0x1B, 0x05,
  0x71, 0xB0, 0x57, 0x1B, 0x05, 0x71, 0xB0, 0x57, 0x1B, 0x05, 0x71, 0xB0, 0x57, 0x1B, 0x05, 0x71,
  0xB0, 0x57, 0x1B, 0x06, 0x71, 0x0E, 0xA0, 0x87, 0x10, 0xCA, 0x0E, 0x03, 0x30, 0x13, 0x07, 0xC8,
  0x2E, 0xDF, 0x74, 0x0B, 0xE0, 0x75, 0x85, 0x7C, 0xEF, 0xDA, 0x36, 0x81, 0xBF, 0x77, 0x10, 0x2A,
  0x04, 0x71, 0x08, 0xB0, 0xA7, 0x10, 0x10, 0x9A, 0x07, 0x71, 0x01, 0xA0, 0xA5, 0x82, 0x21, 0x27,
  0xA0, 0x85, 0x0D, 0xC0, 0xE0, 0x25, 0x0B, 0xA8, 0x1D, 0x92, 0x20,
  // "Ť" (U+0164), RLE, 167 bytes saved (58.0%)
  0x38, 0x15, 0x76, 0x68, 0x15, 0x76, 0x60, 0x4A, 0x0B, 0x01, 0x30, 0xAA, 0x07, 0x70, 0x6A, 0x82,
  0xD1, 0x0B, 0xA0, 0x87, 0x20, 0x9A, 0x00, 0xCA, 0x0A, 0x74, 0x0B, 0xC0, 0xD7, 0x50, 0x20, 0xEB,
  0x03, 0x80, 0xF0, 0x00, 0x9F, 0xFA, 0x08, 0x09, 0xFF, 0xA0, 0x80, 0x78, 0x02, 0xD0, 0xEA, 0x0E,
  0x80, 0x2D, 0x07, 0x70, 0xBA, 0x0B, 0x77, 0x0B, 0xA0, 0xB7, 0x70, 0xBA, 0x0B, 0x77, 0x0B, 0xA0,
  0xB7, 0x70, 0xBA, 0x0B, 0x77, 0x0B, 0xA0, 0xB7, 0x70, 0xBA, 0x0B, 0x77, 0x0B, 0xA0, 0xB7, 0x70,
  0xBA, 0x0B, 0x77, 0x0B, 0xA0, 0xB7, 0x70, 0xBA, 0x0B, 0x77, 0x0B, 0xA0, 0xB7, 0x70, 0xBA, 0x0B,
  0x77, 0x0B, 0xA0, 0xB7, 0x70, 0xBA, 0x0B, 0x77, 0x0B, 0xA0, 0xB7, 0x70, 0xBA, 0x0B, 0x77, 0x0B,
  0xA0, 0xB7, 0x70, 0xBA, 0x0B, 0x77, 0x0B, 0xA0, 0xB7,
  // "ť" (U+0165), RLE, 106 bytes saved (53.0%)
  0x75, 0x05, 0xA0, 0xE7, 0x50, 0x8A, 0x07, 0x75, 0x82, 0xBF, 0xE1, 0x48, 0x1B, 0xD5, 0x58, 0x1E,
  0xF7, 0x40, 0x2A, 0x05, 0x48, 0x13, 0xFD, 0x50, 0x7A, 0x05, 0x75, 0x0C, 0xA0, 0x57, 0x30, 0x40,
  0xCF, 0x90, 0x44, 0x06, 0xFB, 0x04, 0x48, 0x15, 0xDD, 0xB8, 0x4E, 0xDD, 0xDD, 0x37, 0xB0, 0x57,
  0x5B, 0x05, 0x75, 0xB0, 0x57, 0x5B, 0x05, 0x75, 0xB0, 0x57, 0x5B, 0x05, 0x75, 0xB0, 0x57, 0x5B,
  0x05, 0x75, 0xB0, 0x57, 0x5B, 0x06, 0x75, 0x0E, 0xA0, 0x87, 0x50, 0xCA, 0x0E, 0x03, 0x30, 0x17,
  0x07, 0xC8, 0x2E, 0xDF, 0x77, 0x10, 0xBE, 0x07, 0x72, 0x85, 0x7C, 0xEF, 0xDA, 0x34,
  // "Ŧ" (U+0166), RLE, 115 bytes saved (55.6%)
  0x09, 0xFF, 0xA0, 0x80, 0x9F, 0xFA, 0x08, 0x07, 0x80, 0x2D, 0x0E, 0xA0, 0xE8, 0x02, 0xD0, 0x77,
  0x0B, 0xA0, 0xB7, 0x70, 0xBA, 0x0B, 0x77, 0x0B, 0xA0, 0xB7, 0x70, 0xBA, 0x0B, 0x77, 0x0B, 0xA0,
  0xB7, 0x70, 0xBA, 0x0B, 0x77, 0x0B, 0xA0, 0xB7, 0x20, 0x3F, 0xD0, 0x34, 0x03, 0xFD, 0x03, 0x48,
  0x43, 0xDD, 0xDD, 0xEA, 0x84, 0xED, 0xDD, 0xD2, 0x72, 0x0B, 0xA0, 0xB7, 0x70, 0xBA, 0x0B, 0x77,
  0x0B, 0xA0, 0xB7, 0x70, 0xBA, 0x0B, 0x77, 0x0B, 0xA0, 0xB7, 0x70, 0xBA, 0x0B, 0x77, 0x0B, 0xA0,
  0xB7, 0x70, 0xBA, 0x0B, 0x77, 0x0B, 0xA0, 0xB7, 0x70, 0xBA, 0x0B, 0x70,
  // "ŧ" (U+0167), RLE, 52 bytes saved (39.4%)
  0x48, 0x1D, 0xF5, 0x71, 0x02, 0xA0, 0x57, 0x10, 0x7A, 0x05, 0x71, 0x0C, 0xA0, 0x56, 0x04, 0x0C,
  0xF9, 0x04, 0x06, 0xFB, 0x82, 0x45, 0xDD, 0xB8, 0x4E, 0xDD, 0xDD, 0x33, 0xB0, 0x57, 0x1B, 0x05,
  0x71, 0xB0, 0x55, 0x81, 0x2D, 0xDB, 0x85, 0xED, 0xDD, 0xC0, 0x2F, 0xA8, 0x1E, 0x02, 0xFA, 0x0E,
  0x4B, 0x05, 0x71, 0xB0, 0x57, 0x1B, 0x05, 0x71, 0xB0, 0x67, 0x10, 0xEA, 0x08, 0x71, 0x0C, 0xA0,
  0xE0, 0x33, 0x01, 0x30, 0x7C, 0x82, 0xED, 0xF7, 0x40, 0xCE, 0x07, 0x58, 0x57, 0xCE, 0xFD, 0xA3,
  // "Ũ" (U+0168), RLE, 117 bytes saved (39.7%)
  0x58, 0x26, 0xCC, 0x74, 0x81, 0x7D, 0x47, 0x08, 0xC8, 0x5D, 0x40, 0x1E, 0xF2, 0x60, 0x2F, 0x82,
  0xEE, 0xFD, 0x78, 0x47, 0xFB, 0x12, 0x9D, 0x05, 0x78, 0x1A, 0xF4, 0x38, 0x33, 0xBE, 0xD5, 0x80,
  0xF2, 0x00, 0x2B, 0x04, 0x73, 0x0A, 0xA0, 0xB0, 0x2B, 0x04, 0x73, 0x0A, 0xA0, 0xB0, 0x2B, 0x04,
  0x73, 0x0A, 0xA0, 0xB0, 0x2B, 0x04, 0x73, 0x0A, 0xA0, 0xB0, 0x2B, 0x04, 0x73, 0x0A, 0xA0, 0xB0,
  0x2B, 0x04, 0x73, 0x0A, 0xA0, 0xB0, 0x2B, 0x04, 0x73, 0x0A, 0xA0, 0xB0, 0x2B, 0x04, 0x73, 0x0A,
  0xA0, 0xB0, 0x2B, 0x04, 0x73, 0x0A, 0xA0, 0xB0, 0x2B, 0x04, 0x73, 0x0A, 0xA0, 0xB0, 0x2B, 0x04,
  0x73, 0x0A, 0xA0, 0xB0, 0x2B, 0x04, 0x73, 0x0A, 0xA0, 0xB0, 0x2B, 0x04, 0x73, 0x0A, 0xA0, 0xB0,
  0x2B, 0x04, 0x73, 0x0A, 0xA0, 0xB0, 0x2B, 0x04, 0x73, 0x0A, 0xA0, 0xB0, 0x1B, 0x05, 0x73, 0x0B,
  0xA8, 0x1A, 0x0E, 0xA0, 0x87, 0x30, 0xEA, 0x81, 0x80, 0xBA, 0x0D, 0x72, 0x04, 0xB8, 0x14, 0x05,
  0xB0, 0x87, 0x10, 0xDA, 0x0E, 0x30, 0xCB, 0x0A, 0x03, 0x40, 0x40, 0xDB, 0x06, 0x30, 0x20, 0xEC,
  0x81, 0xED, 0xDD, 0x09, 0x50, 0x10, 0xBF, 0xA0, 0xE0, 0x67, 0x18, 0x23, 0x9C, 0xEA, 0x82, 0xDB,
  0x61, 0x40,
  // "ũ" (U+0169), RLE, 60 bytes saved (30.0%)
  0x48, 0x26, 0xCC, 0x74, 0x81, 0x7D, 0x44, 0x08, 0xC8, 0x5D, 0x40, 0x1E, 0xF2, 0x30, 0x2F, 0x82,
  0xEE, 0xFD, 0x48, 0x47, 0xFB, 0x12, 0x9D, 0x05, 0x48, 0x1A, 0xF4, 0x38, 0x33, 0xBE, 0xD5, 0x77,
  0x77, 0x70, 0x7A, 0x0E, 0x71, 0x0D, 0xA0, 0x07, 0xA0, 0xE7, 0x10, 0xDA, 0x00, 0x7A, 0x0E, 0x71,
  0x0D, 0xA0, 0x07, 0xA0, 0xE7, 0x10, 0xDA, 0x00, 0x7A, 0x0E, 0x71, 0x0D, 0xA0, 0x07, 0xA0, 0xE7,
  0x10, 0xDA, 0x00, 0x7A, 0x0E, 0x71, 0x0D, 0xA0, 0x07, 0xA0, 0xE7, 0x10, 0xDA, 0x00, 0x7A, 0x0E,
  0x71, 0x0D, 0xA0, 0x07, 0xA0, 0xE7, 0x10, 0xEA, 0x00, 0x7A, 0x0E, 0x71, 0xB0, 0x07, 0xA0, 0xE7,
  0x02, 0xB0, 0x70, 0x6B, 0x01, 0x60, 0x6B, 0x07, 0x05, 0xB0, 0x66, 0x0D, 0xB0, 0x70, 0x1B, 0x0E,
  0x04, 0x30, 0x20, 0xBC, 0x81, 0x70, 0x9C, 0x81, 0xEC, 0xEA, 0x0E, 0x0C, 0xA0, 0x72, 0x0B, 0xF8,
  0x1E, 0x37, 0xA0, 0x73, 0x89, 0x05, 0xBE, 0xFE, 0xC7, 0x10, 0x4A, 0x07,
  // "Ū" (U+016A), RLE, 117 bytes saved (42.4%)
  0x50, 0x98, 0x05, 0xD0, 0x17, 0x10, 0xBF, 0xA0, 0x17, 0x10, 0xBF, 0xA0, 0x18, 0x0F, 0x00, 0x02,
  0xB0, 0x47, 0x30, 0xAA, 0x0B, 0x02, 0xB0, 0x47, 0x30, 0xAA, 0x0B, 0x02, 0xB0, 0x47, 0x30, 0xAA,
  0x0B, 0x02, 0xB0, 0x47, 0x30, 0xAA, 0x0B, 0x02, 0xB0, 0x47, 0x30, 0xAA, 0x0B, 0x02, 0xB0, 0x47,
  0x30, 0xAA, 0x0B, 0x02, 0xB0, 0x47, 0x30, 0xAA, 0x0B, 0x02, 0xB0, 0x47, 0x30, 0xAA, 0x0B, 0x02,
  0xB0, 0x47, 0x30, 0xAA, 0x0B, 0x02, 0xB0, 0x47, 0x30, 0xAA, 0x0B, 0x02, 0xB0, 0x47, 0x30, 0xAA,
  0x0B, 0x02, 0xB0, 0x47, 0x30, 0xAA, 0x0B, 0x02, 0xB0, 0x47, 0x30, 0xAA, 0x0B, 0x02, 0xB0, 0x47,
  0x30, 0xAA, 0x0B, 0x02, 0xB0, 0x47, 0x30, 0xAA, 0x0B, 0x01, 0xB0, 0x57, 0x30, 0xBA, 0x81, 0xA0,
  0xEA, 0x08, 0x73, 0x0E, 0xA8, 0x18, 0x0B, 0xA0, 0xD7, 0x20, 0x4B, 0x81, 0x40, 0x5B, 0x08, 0x71,
  0x0D, 0xA0, 0xE3, 0x0C, 0xB0, 0xA0, 0x34, 0x04, 0x0D, 0xB0, 0x63, 0x02, 0x0E, 0xC8, 0x1E, 0xDD,
  0xD0, 0x95, 0x01, 0x0B, 0xFA, 0x0E, 0x06, 0x71, 0x82, 0x39, 0xCE, 0xA8, 0x2D, 0xB6, 0x14,
  // "ū" (U+016B), RLE, 63 bytes saved (34.2%)
  0x30, 0x98, 0x05, 0xD0, 0x15, 0x0B, 0xFA, 0x01, 0x50, 0xBF, 0xA0, 0x17, 0x77, 0x76, 0x07, 0xA0,
  0xE7, 0x10, 0xDA, 0x00, 0x7A, 0x0E, 0x71, 0x0D, 0xA0, 0x07, 0xA0, 0xE7, 0x10, 0xDA, 0x00, 0x7A,
  0x0E, 0x71, 0x0D, 0xA0, 0x07, 0xA0, 0xE7, 0x10, 0xDA, 0x00, 0x7A, 0x0E, 0x71, 0x0D, 0xA0, 0x07,
  0xA0, 0xE7, 0x10, 0xDA, 0x00, 0x7A, 0x0E, 0x71, 0x0D, 0xA0, 0x07, 0xA0, 0xE7, 0x10, 0xDA, 0x00,
  0x7A, 0x0E, 0x71, 0x0E, 0xA0, 0x07, 0xA0, 0xE7, 0x1B, 0x00, 0x7A, 0x0E, 0x70, 0x2B, 0x07, 0x06,
  0xB0, 0x16, 0x06, 0xB0, 0x70, 0x5B, 0x06, 0x60, 0xDB, 0x07, 0x01, 0xB0, 0xE0, 0x43, 0x02, 0x0B,
  0xC8, 0x17, 0x09, 0xC8, 0x1E, 0xCE, 0xA0, 0xE0, 0xCA, 0x07, 0x20, 0xBF, 0x81, 0xE3, 0x7A, 0x07,
  0x38, 0x90, 0x5B, 0xEF, 0xEC, 0x71, 0x04, 0xA0, 0x70,
  // "Ŭ" (U+016C), RLE, 119 bytes saved (40.3%)
  0x48, 0x15, 0x73, 0x58, 0x11, 0x76, 0x71, 0x82, 0x8F, 0xB1, 0x38, 0x21, 0xAF, 0xB7, 0x10, 0x3B,
  0x81, 0xED, 0xEB, 0x04, 0x72, 0x07, 0xF0, 0x87, 0x48, 0x54, 0xBE, 0xFE, 0xB4, 0x80, 0xF3, 0x00,
  0x2B, 0x04, 0x73, 0x0A, 0xA0, 0xB0, 0x2B, 0x04, 0x73, 0x0A, 0xA0, 0xB0, 0x2B, 0x04, 0x73, 0x0A,
  0xA0, 0xB0, 0x2B, 0x04, 0x73, 0x0A, 0xA0, 0xB0, 0x2B, 0x04, 0x73, 0x0A, 0xA0, 0xB0, 0x2B, 0x04,
  0x73, 0x0A, 0xA0, 0xB0, 0x2B, 0x04, 0x73, 0x0A, 0xA0, 0xB0, 0x2B, 0x04, 0x73, 0x0A, 0xA0, 0xB0,
  0x2B, 0x04, 0x73, 0x0A, 0xA0, 0xB0, 0x2B, 0x04, 0x73, 0x0A, 0xA0, 0xB0, 0x2B, 0x04, 0x73, 0x0A,
  0xA0, 0xB0, 0x2B, 0x04, 0x73, 0x0A, 0xA0, 0xB0, 0x2B, 0x04, 0x73, 0x0A, 0xA0, 0xB0, 0x2B, 0x04,
  0x73, 0x0A, 0xA0, 0xB0, 0x2B, 0x04, 0x73, 0x0A, 0xA0, 0xB0, 0x1B, 0x05, 0x73, 0x0B, 0xA8, 0x1A,
  0x0E, 0xA0, 0x87, 0x30, 0xEA, 0x81, 0x80, 0xBA, 0x0D, 0x72, 0x04, 0xB8, 0x14, 0x05, 0xB0, 0x87,
  0x10, 0xDA, 0x0E, 0x30, 0xCB, 0x0A, 0x03, 0x40, 0x40, 0xDB, 0x06, 0x30, 0x20, 0xEC, 0x81, 0xED,
  0xDD, 0x09, 0x50, 0x10, 0xBF, 0xA0, 0xE0, 0x67, 0x18, 0x23, 0x9C, 0xEA, 0x82, 0xDB, 0x61, 0x40,
  // "ŭ" (U+016D), RLE, 63 bytes saved (31.5%)
  0x38, 0x15, 0x73, 0x58, 0x11, 0x76, 0x58, 0x28, 0xFB, 0x13, 0x82, 0x1A, 0xFB, 0x50, 0x3B, 0x81,
  0xED, 0xEB, 0x04, 0x60, 0x7F, 0x08, 0x71, 0x85, 0x4B, 0xEF, 0xEB, 0x48, 0x0C, 0x00, 0x07, 0xA0,
  0xE7, 0x10, 0xDA, 0x00, 0x7A, 0x0E, 0x71, 0x0D, 0xA0, 0x07, 0xA0, 0xE7, 0x10, 0xDA, 0x00, 0x7A,
  0x0E, 0x71, 0x0D, 0xA0, 0x07, 0xA0, 0xE7, 0x10, 0xDA, 0x00, 0x7A, 0x0E, 0x71, 0x0D, 0xA0, 0x07,
  0xA0, 0xE7, 0x10, 0xDA, 0x00, 0x7A, 0x0E, 0x71, 0x0D, 0xA0, 0x07, 0xA0, 0xE7, 0x10, 0xDA, 0x00,
  0x7A, 0x0E, 0x71, 0x0E, 0xA0, 0x07, 0xA0, 0xE7, 0x1B, 0x00, 0x7A, 0x0E, 0x70, 0x2B, 0x07, 0x06,
  0xB0, 0x16, 0x06, 0xB0, 0x70, 0x5B, 0x06, 0x60, 0xDB, 0x07, 0x01, 0xB0, 0xE0, 0x43, 0x02, 0x0B,
  0xC8, 0x17, 0x09, 0xC8, 0x1E, 0xCE, 0xA0, 0xE0, 0xCA, 0x07, 0x20, 0xBF, 0x81, 0xE3, 0x7A, 0x07,
  0x38, 0x90, 0x5B, 0xEF, 0xEC, 0x71, 0x04, 0xA0, 0x70,
  // "Ů" (U+016E), RLE, 127 bytes saved (40.4%)
  0x78, 0x43, 0xBE, 0xD9, 0x17, 0x58, 0x62, 0xEF, 0xEE, 0xFD, 0x17, 0x48, 0x18, 0xF8, 0x28, 0x1B,
  0xF6, 0x74, 0x81, 0xAF, 0x32, 0x81, 0x7F, 0x87, 0x48, 0x18, 0xF8, 0x28, 0x1B, 0xF6, 0x74, 0x02,
  0xA8, 0x2E, 0xEF, 0xD7, 0x68, 0x43, 0xBE, 0xE9, 0x18, 0x0F, 0x30, 0x02, 0xB0, 0x47, 0x30, 0xAA,
  0x0B, 0x02, 0xB0, 0x47, 0x30, 0xAA, 0x0B, 0x02, 0xB0, 0x47, 0x30, 0xAA, 0x0B, 0x02, 0xB0, 0x47,
  0x30, 0xAA, 0x0B, 0x02, 0xB0, 0x47, 0x30, 0xAA, 0x0B, 0x02, 0xB0, 0x47, 0x30, 0xAA, 0x0B, 0x02,
  0xB0, 0x47, 0x30, 0xAA, 0x0B, 0x02, 0xB0, 0x47, 0x30, 0xAA, 0x0B, 0x02, 0xB0, 0x47, 0x30, 0xAA,
  0x0B, 0x02, 0xB0, 0x47, 0x30, 0xAA, 0x0B, 0x02, 0xB0, 0x47, 0x30, 0xAA, 0x0B, 0x02, 0xB0, 0x47,
  0x30, 0xAA, 0x0B, 0x02, 0xB0, 0x47, 0x30, 0xAA, 0x0B, 0x02, 0xB0, 0x47, 0x30, 0xAA, 0x0B, 0x02,
  0xB0, 0x47, 0x30, 0xAA, 0x0B, 0x01, 0xB0, 0x57, 0x30, 0xBA, 0x81, 0xA0, 0xEA, 0x08, 0x73, 0x0E,
  0xA8, 0x18, 0x0B, 0xA0, 0xD7, 0x20, 0x4B, 0x81, 0x40, 0x5B, 0x08, 0x71, 0x0D, 0xA0, 0xE3, 0x0C,
  0xB0, 0xA0, 0x34, 0x04, 0x0D, 0xB0, 0x63, 0x02, 0x0E, 0xC8, 0x1E, 0xDD, 0xD0, 0x95, 0x01, 0x0B,
  0xFA, 0x0E, 0x06, 0x71, 0x82, 0x39, 0xCE, 0xA8, 0x2D, 0xB6, 0x14,
  // "ů" (U+016F), RLE, 66 bytes saved (30.6%)
  0x58, 0x43, 0xBE, 0xD9, 0x17, 0x28, 0x62, 0xEF, 0xEE, 0xFD, 0x17, 0x18, 0x18, 0xF8, 0x28, 0x1B,
  0xF6, 0x71, 0x81, 0xAF, 0x32, 0x81, 0x7F, 0x87, 0x18, 0x18, 0xF8, 0x28, 0x1B, 0xF6, 0x71, 0x02,
  0xA8, 0x2E, 0xEF, 0xD7, 0x38, 0x43, 0xBE, 0xE9, 0x18, 0x0C, 0x10, 0x07, 0xA0, 0xE7, 0x10, 0xDA,
  0x00, 0x7A, 0x0E, 0x71, 0x0D, 0xA0, 0x07, 0xA0, 0xE7, 0x10, 0xDA, 0x00, 0x7A, 0x0E, 0x71, 0x0D,
  0xA0, 0x07, 0xA0, 0xE7, 0x10, 0xDA, 0x00, 0x7A, 0x0E, 0x71, 0x0D, 0xA0, 0x07, 0xA0, 0xE7, 0x10,
  0xDA, 0x00, 0x7A, 0x0E, 0x71, 0x0D, 0xA0, 0x07, 0xA0, 0xE7, 0x10, 0xDA, 0x00, 0x7A, 0x0E, 0x71,
  0x0E, 0xA0, 0x07, 0xA0, 0xE7, 0x1B, 0x00, 0x7A, 0x0E, 0x70, 0x2B, 0x07, 0x06, 0xB0, 0x16, 0x06,
  0xB0, 0x70, 0x5B, 0x06, 0x60, 0xDB, 0x07, 0x01, 0xB0, 0xE0, 0x43, 0x02, 0x0B, 0xC8, 0x17, 0x09,
  0xC8, 0x1E, 0xCE, 0xA0, 0xE0, 0xCA, 0x07, 0x20, 0xBF, 0x81, 0xE3, 0x7A, 0x07, 0x38, 0x90, 0x5B,
  0xEF, 0xEC, 0x71, 0x04, 0xA0, 0x70,
  // "Ű" (U+0170), RLE, 116 bytes saved (39.3%)
  0x70, 0x2B, 0x81, 0x80, 0x5B, 0x05, 0x71, 0x0B, 0xA0, 0xC2, 0x0D, 0xA0, 0x97, 0x10, 0x4A, 0x82,
  0xC1, 0x07, 0xA0, 0xA7, 0x28, 0x4D, 0xFC, 0x10, 0x2A, 0x0A, 0x72, 0x81, 0x9F, 0xB3, 0x81, 0xCF,
  0x88, 0x0F, 0x20, 0x02, 0xB0, 0x47, 0x30, 0xAA, 0x0B, 0x02, 0xB0, 0x47, 0x30, 0xAA, 0x0B, 0x02,
  0xB0, 0x47, 0x30, 0xAA, 0x0B, 0x02, 0xB0, 0x47, 0x30, 0xAA, 0x0B, 0x02, 0xB0, 0x47, 0x30, 0xAA,
  0x0B, 0x02, 0xB0, 0x47, 0x30, 0xAA, 0x0B, 0x02, 0xB0, 0x47, 0x30, 0xAA, 0x0B, 0x02, 0xB0, 0x47,
  0x30, 0xAA, 0x0B, 0x02, 0xB0, 0x47, 0x30, 0xAA, 0x0B, 0x02, 0xB0, 0x47, 0x30, 0xAA, 0x0B, 0x02,
  0xB0, 0x47, 0x30, 0xAA, 0x0B, 0x02, 0xB0, 0x47, 0x30, 0xAA, 0x0B, 0x02, 0xB0, 0x47, 0x30, 0xAA,
  0x0B, 0x02, 0xB0, 0x47, 0x30, 0xAA, 0x0B, 0x02, 0xB0, 0x47, 0x30, 0xAA, 0x0B, 0x01, 0xB0, 0x57,
  0x30, 0xBA, 0x81, 0xA0, 0xEA, 0x08, 0x73, 0x0E, 0xA8, 0x18, 0x0B, 0xA0, 0xD7, 0x20, 0x4B, 0x81,
  0x40, 0x5B, 0x08, 0x71, 0x0D, 0xA0, 0xE3, 0x0C, 0xB0, 0xA0, 0x34, 0x04, 0x0D, 0xB0, 0x63, 0x02,
  0x0E, 0xC8, 0x1E, 0xDD, 0xD0, 0x95, 0x01, 0x0B, 0xFA, 0x0E, 0x06, 0x71, 0x82, 0x39, 0xCE, 0xA8,
  0x2D, 0xB6, 0x14,
  // "ű" (U+0171), RLE, 60 bytes saved (28.2%)
  0x60, 0x2B, 0x81, 0x80, 0x5B, 0x05, 0x60, 0xBA, 0x0C, 0x20, 0xDA, 0x09, 0x60, 0x4A, 0x82, 0xC1,
  0x07, 0xA0, 0xA7, 0x84, 0xDF, 0xC1, 0x02, 0xA0, 0xA7, 0x81, 0x9F, 0xB3, 0x81, 0xCF, 0x88, 0x0C,
  0x20, 0x07, 0xA0, 0xE7, 0x10, 0xDA, 0x81, 0x70, 0x7A, 0x0E, 0x71, 0x0D, 0xA8, 0x17, 0x07, 0xA0,
  0xE7, 0x10, 0xDA, 0x81, 0x70, 0x7A, 0x0E, 0x71, 0x0D, 0xA8, 0x17, 0x07, 0xA0, 0xE7, 0x10, 0xDA,
  0x81, 0x70, 0x7A, 0x0E, 0x71, 0x0D, 0xA8, 0x17, 0x07, 0xA0, 0xE7, 0x10, 0xDA, 0x81, 0x70, 0x7A,
  0x0E, 0x71, 0x0D, 0xA8, 0x17, 0x07, 0xA0, 0xE7, 0x10, 0xDA, 0x81, 0x70, 0x7A, 0x0E, 0x71, 0x0E,
  0xA8, 0x17, 0x07, 0xA0, 0xE7, 0x1B, 0x81, 0x70, 0x7A, 0x0E, 0x70, 0x2B, 0x81, 0x70, 0x6B, 0x01,
  0x60, 0x6B, 0x81, 0x70, 0x5B, 0x06, 0x60, 0xDB, 0x81, 0x70, 0x1B, 0x0E, 0x04, 0x30, 0x20, 0xBC,
  0x07, 0x20, 0x9C, 0x81, 0xEC, 0xEA, 0x0E, 0x0C, 0xA0, 0x73, 0x0B, 0xF8, 0x1E, 0x37, 0xA0, 0x74,
  0x89, 0x05, 0xBE, 0xFE, 0xC7, 0x10, 0x4A, 0x07, 0x10,
  // "Ų" (U+0172), RLE, 120 bytes saved (40.7%)
  0x02, 0xB0, 0x47, 0x30, 0xAA, 0x0B, 0x02, 0xB0, 0x47, 0x30, 0xAA, 0x0B, 0x02, 0xB0, 0x47, 0x30,
  0xAA, 0x0B, 0x02, 0xB0, 0x47, 0x30, 0xAA, 0x0B, 0x02, 0xB0, 0x47, 0x30, 0xAA, 0x0B, 0x02, 0xB0,
  0x47, 0x30, 0xAA, 0x0B, 0x02, 0xB0, 0x47, 0x30, 0xAA, 0x0B, 0x02, 0xB0, 0x47, 0x30, 0xAA, 0x0B,
  0x02, 0xB0, 0x47, 0x30, 0xAA, 0x0B, 0x02, 0xB0, 0x47, 0x30, 0xAA, 0x0B, 0x02, 0xB0, 0x47, 0x30,
  0xAA, 0x0B, 0x02, 0xB0, 0x47, 0x30, 0xAA, 0x0B, 0x02, 0xB0, 0x47, 0x30, 0xAA, 0x0B, 0x02, 0xB0,
  0x47, 0x30, 0xAA, 0x0B, 0x02, 0xB0, 0x47, 0x30, 0xAA, 0x0B, 0x01, 0xB0, 0x57, 0x30, 0xBA, 0x81,
  0xB0, 0xEA, 0x08, 0x73, 0x0E, 0xA8, 0x1A, 0x0B, 0xA0, 0xD7, 0x20, 0x4B, 0x81, 0x80, 0x5B, 0x08,
  0x71, 0x0D, 0xB0, 0x32, 0x0C, 0xB0, 0xA0, 0x34, 0x04, 0x0D, 0xB0, 0xD3, 0x02, 0x0E, 0xC8, 0x1E,
  0xDD, 0xE0, 0x44, 0x01, 0x0B, 0xFC, 0x06, 0x78, 0x53, 0x9C, 0xEF, 0xED, 0xB0, 0x77, 0x70, 0x4A,
  0x0A, 0x77, 0x18, 0x2D, 0xFE, 0x17, 0x70, 0x4A, 0x07, 0x77, 0x10, 0x7A, 0x03, 0x77, 0x10, 0x7A,
  0x02, 0x77, 0x10, 0x4A, 0x81, 0x92, 0x47, 0x70, 0xDC, 0x01, 0x76, 0x83, 0x2B, 0xEE, 0xC3,
  // "ų" (U+0173), RLE, 66 bytes saved (33.0%)
  0x07, 0xA0, 0xE7, 0x10, 0xDA, 0x00, 0x7A, 0x0E, 0x71, 0x0D, 0xA0, 0x07, 0xA0, 0xE7, 0x10, 0xDA,
  0x00, 0x7A, 0x0E, 0x71, 0x0D, 0xA0, 0x07, 0xA0, 0xE7, 0x10, 0xDA, 0x00, 0x7A, 0x0E, 0x71, 0x0D,
  0xA0, 0x07, 0xA0, 0xE7, 0x10, 0xDA, 0x00, 0x7A, 0x0E, 0x71, 0x0D, 0xA0, 0x07, 0xA0, 0xE7, 0x10,
  0xDA, 0x00, 0x7A, 0x0E, 0x71, 0x0E, 0xA0, 0x07, 0xA0, 0xE7, 0x1B, 0x00, 0x7A, 0x0E, 0x70, 0x2B,
  0x07, 0x06, 0xB0, 0x16, 0x06, 0xB0, 0x70, 0x5B, 0x06, 0x60, 0xDB, 0x07, 0x01, 0xB0, 0xE0, 0x43,
  0x02, 0x0B, 0xC8, 0x17, 0x09, 0xC8, 0x1E, 0xCE, 0xA0, 0xE0, 0xCA, 0x07, 0x20, 0xBF, 0x81, 0xE3,
  0x7A, 0x07, 0x38, 0x90, 0x5B, 0xEF, 0xEC, 0x71, 0x07, 0xA0, 0x77, 0x48, 0x23, 0xEF, 0x57, 0x58,
  0x1D, 0xF8, 0x75, 0x07, 0xA0, 0x17, 0x58, 0x1A, 0xFE, 0x76, 0x09, 0xA8, 0x16, 0x23, 0x73, 0x03,
  0xC0, 0xD7, 0x48, 0x35, 0xCE, 0xEA,
  // "Ŵ" (U+0174), RLE, 214 bytes saved (44.6%)
  0x76, 0x80, 0x07, 0x77, 0x74, 0x06, 0xC0, 0x87, 0x77, 0x20, 0x20, 0xED, 0x04, 0x77, 0x70, 0x10,
  0xDA, 0x08, 0x06, 0xA0, 0xE0, 0x27, 0x76, 0x0B, 0xA0, 0x72, 0x06, 0xA0, 0xD0, 0x17, 0x74, 0x82,
  0x8F, 0xE4, 0x48, 0x23, 0xDF, 0xB8, 0x09, 0xB7, 0x00, 0x9A, 0x0E, 0x72, 0x0D, 0xA0, 0xD7, 0x20,
  0xCA, 0x0A, 0x05, 0xB0, 0x27, 0x02, 0xC0, 0x27, 0x01, 0xB0, 0x60, 0x1B, 0x06, 0x70, 0x7C, 0x06,
  0x70, 0x5B, 0x81, 0x20, 0xDA, 0x0A, 0x70, 0xBC, 0x0B, 0x70, 0x8A, 0x0E, 0x20, 0x9A, 0x0E, 0x7A,
  0x0E, 0xA0, 0xE7, 0x0C, 0xA0, 0xA2, 0x05, 0xB0, 0x25, 0x04, 0xA0, 0xB0, 0xCA, 0x04, 0x50, 0x1B,
  0x06, 0x20, 0x1B, 0x06, 0x50, 0x8A, 0x00, 0x8A, 0x08, 0x50, 0x4B, 0x01, 0x30, 0xCA, 0x0A, 0x50,
  0xDA, 0x00, 0x4A, 0x0D, 0x50, 0x8A, 0x0D, 0x40, 0x8A, 0x0E, 0x40, 0x1B, 0x2B, 0x02, 0x40, 0xCA,
  0x09, 0x40, 0x4B, 0x02, 0x30, 0x6A, 0x0B, 0x20, 0xBA, 0x06, 0x4B, 0x05, 0x5B, 0x06, 0x30, 0xAA,
  0x07, 0x20, 0x7A, 0x0B, 0x30, 0x4B, 0x01, 0x50, 0xBA, 0x09, 0x30, 0xEA, 0x03, 0x20, 0x2B, 0x30,
  0x8A, 0x0C, 0x60, 0x7A, 0x0D, 0x20, 0x3A, 0x0E, 0x40, 0xDA, 0x04, 0x20, 0xCA, 0x08, 0x60, 0x3B,
  0x81, 0x20, 0x8A, 0x09, 0x40, 0x9A, 0x09, 0x2B, 0x04, 0x70, 0xEA, 0x81, 0x50, 0xCA, 0x05, 0x40,
  0x5A, 0x81, 0xD0, 0x3B, 0x71, 0x0B, 0xA0, 0x81, 0xB0, 0x15, 0xB0, 0x10, 0x7A, 0x0B, 0x71, 0x07,
  0xA0, 0xC0, 0x4A, 0x0C, 0x60, 0xBA, 0x04, 0x0A, 0xA0, 0x77, 0x10, 0x3A, 0x0E, 0x07, 0xA0, 0x76,
  0x07, 0xA0, 0x70, 0xDA, 0x03, 0x72, 0x0E, 0xA0, 0xBA, 0x03, 0x60, 0x2A, 0x0B, 0xA0, 0xE7, 0x30,
  0xAC, 0x0E, 0x71, 0x0D, 0xC0, 0xB7, 0x30, 0x6C, 0x09, 0x71, 0x09, 0xC0, 0x77, 0x30, 0x2C, 0x05,
  0x71, 0x04, 0xC0, 0x37, 0x40, 0xDB, 0x01, 0x72, 0xB0, 0xE6,
  // "ŵ" (U+0175), RLE, 125 bytes saved (37.0%)
  0x74, 0x80, 0x07, 0x77, 0x70, 0x6C, 0x08, 0x77, 0x50, 0x20, 0xED, 0x04, 0x77, 0x30, 0x10, 0xDA,
  0x08, 0x06, 0xA0, 0xE0, 0x27, 0x72, 0x0B, 0xA0, 0x72, 0x06, 0xA0, 0xD0, 0x17, 0x78, 0x28, 0xFE,
  0x44, 0x82, 0x3D, 0xFB, 0x80, 0xE7, 0x00, 0x7A, 0x0E, 0x60, 0x1B, 0x0E, 0x60, 0x1B, 0x05, 0x03,
  0xB0, 0x25, 0x05, 0xC0, 0x35, 0x05, 0xB8, 0x11, 0x0E, 0xA0, 0x65, 0x09, 0xC0, 0x75, 0x09, 0xA0,
  0xC2, 0x0B, 0xA0, 0xA5, 0x81, 0xEF, 0xDA, 0x0B, 0x50, 0xDA, 0x08, 0x20, 0x7A, 0x0E, 0x40, 0x3A,
  0x08, 0x0C, 0xA4, 0x01, 0xB0, 0x42, 0x02, 0xB0, 0x23, 0x07, 0xA0, 0x50, 0x9A, 0x04, 0x30, 0x5A,
  0x0E, 0x40, 0xEA, 0x06, 0x30, 0xCA, 0x01, 0x05, 0xA0, 0x83, 0x09, 0xA0, 0xB4, 0x0A, 0xA0, 0xA2,
  0x01, 0xA8, 0x1D, 0x01, 0xA0, 0xD3, 0x0D, 0xA0, 0x74, 0x06, 0xA0, 0xD2, 0x05, 0xA0, 0x92, 0x0D,
  0xA8, 0x11, 0x01, 0xB0, 0x24, 0x01, 0xB8, 0x11, 0x09, 0xA0, 0x52, 0x09, 0xA8, 0x16, 0x05, 0xA0,
  0xE6, 0x0D, 0xA8, 0x15, 0x0D, 0xA3, 0x04, 0xA8, 0x1A, 0x08, 0xA0, 0xA6, 0x09, 0xA0, 0x80, 0x1A,
  0x0B, 0x4A, 0x81, 0xE0, 0xCA, 0x05, 0x60, 0x5A, 0x0B, 0x05, 0xA0, 0x74, 0x0B, 0xA0, 0x2B, 0x01,
  0x60, 0x1A, 0x0E, 0x08, 0xA0, 0x24, 0x07, 0xA0, 0x8A, 0x0D, 0x71, 0x0C, 0xA8, 0x1D, 0xFD, 0x50,
  0x3A, 0x0D, 0xA0, 0x87, 0x10, 0x8C, 0x09, 0x60, 0xEC, 0x04, 0x71, 0x04, 0xC0, 0x56, 0x0A, 0xC7,
  0x3C, 0x70, 0x5B, 0x0C, 0x50,
  // "Ŷ" (U+0176), RLE, 160 bytes saved (52.6%)
  0x78, 0x00, 0x77, 0x70, 0x6C, 0x08, 0x75, 0x02, 0x0E, 0xD0, 0x47, 0x30, 0x10, 0xDA, 0x08, 0x06,
  0xA0, 0xE0, 0x27, 0x20, 0xBA, 0x07, 0x20, 0x6A, 0x0D, 0x01, 0x78, 0x28, 0xFE, 0x44, 0x82, 0x3D,
  0xFB, 0x80, 0xF1, 0x00, 0xBA, 0x0E, 0x01, 0x72, 0x05, 0xB0, 0x50, 0x3B, 0x08, 0x72, 0x0C, 0xA0,
  0xD2, 0x0A, 0xA0, 0xE0, 0x17, 0x05, 0xB0, 0x42, 0x02, 0xB0, 0x97, 0x0D, 0xA0, 0xC4, 0x09, 0xB0,
  0x15, 0x06, 0xB0, 0x34, 0x01, 0xB0, 0x95, 0x0D, 0xA0, 0xB6, 0x08, 0xB0, 0x23, 0x07, 0xB0, 0x26,
  0x01, 0x0E, 0xA0, 0xA3, 0x0E, 0xA0, 0x97, 0x10, 0x7B, 0x81, 0x30, 0x7B, 0x01, 0x72, 0x0E, 0xA8,
  0x1B, 0x1E, 0xA0, 0x87, 0x30, 0x6B, 0x0B, 0xA0, 0xE0, 0x17, 0x40, 0xDD, 0x07, 0x75, 0x05, 0xC0,
  0xE7, 0x70, 0xCB, 0x06, 0x77, 0x06, 0xB7, 0x71, 0x06, 0xB7, 0x71, 0x06, 0xB7, 0x71, 0x06, 0xB7,
  0x71, 0x06, 0xB7, 0x71, 0x06, 0xB7, 0x71, 0x06, 0xB7, 0x71, 0x06, 0xB7, 0x71, 0x06, 0xB7, 0x10,
  // "ŷ" (U+0177), RLE, 121 bytes saved (41.9%)
  0x68, 0x00, 0x77, 0x50, 0x6C, 0x08, 0x73, 0x02, 0x0E, 0xD0, 0x47, 0x10, 0x10, 0xDA, 0x08, 0x06,
  0xA0, 0xE0, 0x27, 0x0B, 0xA0, 0x72, 0x06, 0xA0, 0xD0, 0x15, 0x82, 0x8F, 0xE4, 0x48, 0x23, 0xDF,
  0xB8, 0x0C, 0x10, 0x0C, 0xA0, 0xD7, 0x20, 0xEA, 0x0A, 0x06, 0xB0, 0x37, 0x04, 0xB8, 0x14, 0x0E,
  0xA0, 0x87, 0x09, 0xA0, 0xE2, 0x09, 0xA0, 0xD7, 0x0E, 0xA0, 0x92, 0x03, 0xB0, 0x35, 0x04, 0xB0,
  0x33, 0x0D, 0xA0, 0x95, 0x09, 0xA0, 0xD4, 0x07, 0xA0, 0xE5, 0x0E, 0xA0, 0x74, 0x01, 0xB0, 0x43,
  0x04, 0xB0, 0x25, 0x0B, 0xA0, 0x93, 0x09, 0xA0, 0xC6, 0x05, 0xA0, 0xE3, 0x0E, 0xA0, 0x67, 0x0E,
  0xA8, 0x15, 0x03, 0xB0, 0x17, 0x08, 0xA8, 0x1A, 0x09, 0xA0, 0xA7, 0x10, 0x2A, 0x81, 0xE0, 0xDA,
  0x05, 0x72, 0x0C, 0xA0, 0x5A, 0x0E, 0x73, 0x06, 0xA0, 0xCA, 0x09, 0x73, 0x01, 0xD0, 0x37, 0x40,
  0xAB, 0x0D, 0x75, 0x04, 0xB0, 0x87, 0x50, 0x3B, 0x02, 0x75, 0x09, 0xA0, 0xC7, 0x60, 0xEA, 0x06,
  0x75, 0x08, 0xA0, 0xE0, 0x17, 0x40, 0x8B, 0x07, 0x71, 0x81, 0x6D, 0xDC, 0x0C, 0x72, 0x06, 0xD0,
  0xD0, 0x17, 0x28, 0x45, 0xDF, 0xEC, 0x77, 0x40,
  // "Ÿ" (U+0178), RLE, 160 bytes saved (54.2%)
  0x58, 0x1B, 0xE7, 0x38, 0x1A, 0xE8, 0x72, 0x04, 0xB2, 0x02, 0xB0, 0x17, 0x10, 0x4B, 0x20, 0x2B,
  0x01, 0x72, 0x81, 0xBE, 0x73, 0x81, 0x9E, 0x88, 0x09, 0x95, 0x00, 0xBA, 0x0E, 0x01, 0x72, 0x05,
  0xB0, 0x50, 0x3B, 0x08, 0x72, 0x0C, 0xA0, 0xD2, 0x0A, 0xA0, 0xE0, 0x17, 0x05, 0xB0, 0x42, 0x02,
  0xB0, 0x97, 0x0D, 0xA0, 0xC4, 0x09, 0xB0, 0x15, 0x06, 0xB0, 0x34, 0x01, 0xB0, 0x95, 0x0D, 0xA0,
  0xB6, 0x08, 0xB0, 0x23, 0x07, 0xB0, 0x26, 0x01, 0x0E, 0xA0, 0xA3, 0x0E, 0xA0, 0x97, 0x10, 0x7B,
  0x81, 0x30, 0x7B, 0x01, 0x72, 0x0E, 0xA8, 0x1B, 0x1E, 0xA0, 0x87, 0x30, 0x6B, 0x0B, 0xA0, 0xE0,
  0x17, 0x40, 0xDD, 0x07, 0x75, 0x05, 0xC0, 0xE7, 0x70, 0xCB, 0x06, 0x77, 0x06, 0xB7, 0x71, 0x06,
  0xB7, 0x71, 0x06, 0xB7, 0x71, 0x06, 0xB7, 0x71, 0x06, 0xB7, 0x71, 0x06, 0xB7, 0x71, 0x06, 0xB7,
  0x71, 0x06, 0xB7, 0x71, 0x06, 0xB7, 0x10,
  // "Ź" (U+0179), RLE, 156 bytes saved (57.4%)
  0x72, 0x83, 0x47, 0x77, 0x37, 0x40, 0x10, 0xEA, 0x0D, 0x01, 0x74, 0x0A, 0xA0, 0xE0, 0x27, 0x40,
  0x4A, 0x0E, 0x03, 0x74, 0x83, 0x1D, 0xFE, 0x37, 0x58, 0x29, 0xFD, 0x38, 0x0E, 0x60, 0x08, 0xFF,
  0x81, 0xE0, 0x8F, 0xF8, 0x1E, 0x07, 0x80, 0x7D, 0xB0, 0xC7, 0x50, 0x9B, 0x03, 0x74, 0x04, 0xB0,
  0x87, 0x50, 0xDA, 0x0D, 0x75, 0x09, 0xB0, 0x37, 0x40, 0x4B, 0x08, 0x75, 0x0D, 0xA0, 0xD7, 0x50,
  0x9B, 0x04, 0x74, 0x03, 0xB0, 0x97, 0x50, 0xDA, 0x0D, 0x75, 0x08, 0xB0, 0x47, 0x40, 0x3B, 0x09,
  0x75, 0x0D, 0xA0, 0xE0, 0x17, 0x40, 0x8B, 0x04, 0x74, 0x03, 0xB0, 0xA7, 0x50, 0xCA, 0x0E, 0x01,
  0x74, 0x07, 0xB0, 0x57, 0x40, 0x2B, 0x0A, 0x75, 0x0B, 0xB8, 0x09, 0x0D, 0x03, 0x0E, 0xFF, 0x90,
  0x30, 0xEF, 0xF9, 0x03,
  // "ź" (U+017A), RLE, 80 bytes saved (47.3%)
  0x78, 0x34, 0x77, 0x73, 0x70, 0x10, 0xEA, 0x0D, 0x01, 0x70, 0xAA, 0x0E, 0x02, 0x70, 0x4A, 0x0E,
  0x03, 0x78, 0x31, 0xDF, 0xE3, 0x71, 0x82, 0x9F, 0xD3, 0x77, 0x77, 0x30, 0x5F, 0xC0, 0xC0, 0x5F,
  0xC0, 0xC0, 0x48, 0x04, 0xDB, 0x0B, 0x71, 0x06, 0xB0, 0x37, 0x02, 0xB0, 0x77, 0x10, 0xCA, 0x0C,
  0x71, 0x07, 0xA0, 0xE0, 0x27, 0x03, 0xB0, 0x67, 0x10, 0xDA, 0x0B, 0x71, 0x09, 0xA0, 0xE0, 0x17,
  0x04, 0xB0, 0x57, 0x01, 0x0D, 0xA0, 0x97, 0x10, 0xAA, 0x0D, 0x71, 0x05, 0xB0, 0x37, 0x01, 0x0E,
  0xA0, 0x87, 0x10, 0xAB, 0x80, 0x6D, 0xFD, 0x0D, 0xFD,
  // "Ż" (U+017B), RLE, 154 bytes saved (60.4%)
  0x68, 0x22, 0xDE, 0x77, 0x60, 0x9B, 0x76, 0x09, 0xB7, 0x68, 0x22, 0xDE, 0x78, 0x0E, 0x60, 0x08,
  0xFF, 0x81, 0xE0, 0x8F, 0xF8, 0x1E, 0x07, 0x80, 0x7D, 0xB0, 0xC7, 0x50, 0x9B, 0x03, 0x74, 0x04,
  0xB0, 0x87, 0x50, 0xDA, 0x0D, 0x75, 0x09, 0xB0, 0x37, 0x40, 0x4B, 0x08, 0x75, 0x0D, 0xA0, 0xD7,
  0x50, 0x9B, 0x04, 0x74, 0x03, 0xB0, 0x97, 0x50, 0xDA, 0x0D, 0x75, 0x08, 0xB0, 0x47, 0x40, 0x3B,
  0x09, 0x75, 0x0D, 0xA0, 0xE0, 0x17, 0x40, 0x8B, 0x04, 0x74, 0x03, 0xB0, 0xA7, 0x50, 0xCA, 0x0E,
  0x01, 0x74, 0x07, 0xB0, 0x57, 0x40, 0x2B, 0x0A, 0x75, 0x0B, 0xB8, 0x09, 0x0D, 0x03, 0x0E, 0xFF,
  0x90, 0x30, 0xEF, 0xF9, 0x03,
  // "ż" (U+017C), RLE, 79 bytes saved (50.6%)
  0x48, 0x22, 0xDE, 0x77, 0x20, 0x9B, 0x72, 0x09, 0xB7, 0x28, 0x22, 0xDE, 0x77, 0x77, 0x73, 0x05,
  0xFC, 0x0C, 0x05, 0xFC, 0x0C, 0x04, 0x80, 0x4D, 0xB0, 0xB7, 0x10, 0x6B, 0x03, 0x70, 0x2B, 0x07,
  0x71, 0x0C, 0xA0, 0xC7, 0x10, 0x7A, 0x0E, 0x02, 0x70, 0x3B, 0x06, 0x71, 0x0D, 0xA0, 0xB7, 0x10,
  0x9A, 0x0E, 0x01, 0x70, 0x4B, 0x05, 0x70, 0x10, 0xDA, 0x09, 0x71, 0x0A, 0xA0, 0xD7, 0x10, 0x5B,
  0x03, 0x70, 0x10, 0xEA, 0x08, 0x71, 0x0A, 0xB8, 0x06, 0xDF, 0xD0, 0xDF, 0xD0,
  // "Ž" (U+017D), RLE, 150 bytes saved (55.1%)
  0x28, 0x15, 0x76, 0x68, 0x15, 0x76, 0x50, 0x4A, 0x0B, 0x01, 0x30, 0xAA, 0x07, 0x60, 0x6A, 0x82,
  0xD1, 0x0B, 0xA0, 0x87, 0x10, 0x9A, 0x00, 0xCA, 0x0A, 0x73, 0x0B, 0xC0, 0xD7, 0x40, 0x20, 0xEB,
  0x03, 0x80, 0xE5, 0x00, 0x8F, 0xF8, 0x1E, 0x08, 0xFF, 0x81, 0xE0, 0x78, 0x07, 0xDB, 0x0C, 0x75,
  0x09, 0xB0, 0x37, 0x40, 0x4B, 0x08, 0x75, 0x0D, 0xA0, 0xD7, 0x50, 0x9B, 0x03, 0x74, 0x04, 0xB0,
  0x87, 0x50, 0xDA, 0x0D, 0x75, 0x09, 0xB0, 0x47, 0x40, 0x3B, 0x09, 0x75, 0x0D, 0xA0, 0xD7, 0x50,
  0x8B, 0x04, 0x74, 0x03, 0xB0, 0x97, 0x50, 0xDA, 0x0E, 0x01, 0x74, 0x08, 0xB0, 0x47, 0x40, 0x3B,
  0x0A, 0x75, 0x0C, 0xA0, 0xE0, 0x17, 0x40, 0x7B, 0x05, 0x74, 0x02, 0xB0, 0xA7, 0x50, 0xBB, 0x80,
  0x90, 0xD0, 0x30, 0xEF, 0xF9, 0x03, 0x0E, 0xFF, 0x90, 0x30,
  // "ž" (U+017E), RLE, 74 bytes saved (43.8%)
  0x18, 0x15, 0x76, 0x68, 0x35, 0x76, 0x04, 0xA0, 0xB0, 0x13, 0x0A, 0xA0, 0x72, 0x06, 0xA8, 0x2D,
  0x10, 0xBA, 0x08, 0x40, 0x9A, 0x00, 0xCA, 0x0A, 0x60, 0xBC, 0x0D, 0x70, 0x20, 0xEB, 0x03, 0x77,
  0x77, 0x10, 0x5F, 0xC0, 0xC0, 0x5F, 0xC0, 0xC0, 0x48, 0x04, 0xDB, 0x0B, 0x71, 0x06, 0xB0, 0x37,
  0x02, 0xB0, 0x77, 0x10, 0xCA, 0x0C, 0x71, 0x07, 0xA0, 0xE0, 0x27, 0x03, 0xB0, 0x67, 0x10, 0xDA,
  0x0B, 0x71, 0x09, 0xA0, 0xE0, 0x17, 0x04, 0xB0, 0x57, 0x01, 0x0D, 0xA0, 0x97, 0x10, 0xAA, 0x0D,
  0x71, 0x05, 0xB0, 0x37, 0x01, 0x0E, 0xA0, 0x87, 0x10, 0xAB, 0x80, 0x6D, 0xFD, 0x0D, 0xFD,
  // "ſ" (U+017F), RLE, 63 bytes saved (50.4%)
  0x38, 0x90, 0x6B, 0xEF, 0xEB, 0x70, 0x1C, 0xE8, 0x1B, 0x09, 0xC0, 0xDA, 0x07, 0x1B, 0x0C, 0x01,
  0x28, 0x14, 0x13, 0xB0, 0x45, 0x04, 0xB0, 0x15, 0x05, 0xB6, 0x05, 0xB6, 0x05, 0xB6, 0x05, 0xB6,
  0x05, 0xB6, 0x05, 0xB6, 0x05, 0xB6, 0x05, 0xB6, 0x05, 0xB6, 0x05, 0xB6, 0x05, 0xB6, 0x05, 0xB6,
  0x05, 0xB6, 0x05, 0xB6, 0x05, 0xB6, 0x05, 0xB6, 0x05, 0xB6, 0x05, 0xB6, 0x05, 0xB6,
  // "Ω" (U+03A9), RLE, 109 bytes saved (41.1%)
  0x68, 0x91, 0x16, 0xAD, 0xEF, 0xED, 0xA7, 0x17, 0x40, 0x8F, 0xC0, 0x90, 0x17, 0x02, 0x0D, 0xD8,
  0x1E, 0xDE, 0xD0, 0xD0, 0x35, 0x01, 0x0D, 0xB8, 0x1C, 0x51, 0x40, 0x50, 0xCB, 0x0E, 0x02, 0x40,
  0xAB, 0x0A, 0x72, 0x08, 0xB0, 0xB3, 0x02, 0xB0, 0xC7, 0x40, 0xBB, 0x04, 0x20, 0x8B, 0x04, 0x74,
  0x02, 0xB0, 0x92, 0x0C, 0xA0, 0xE7, 0x60, 0xCA, 0x0D, 0x20, 0xEA, 0x0B, 0x76, 0x09, 0xB2, 0xB0,
  0x97, 0x60, 0x7B, 0x01, 0x1B, 0x08, 0x76, 0x07, 0xB0, 0x11, 0xB0, 0x97, 0x60, 0x7B, 0x20, 0xCA,
  0x0B, 0x76, 0x09, 0xA0, 0xE2, 0x09, 0xA0, 0xD7, 0x60, 0xCA, 0x0B, 0x20, 0x5B, 0x02, 0x74, 0x01,
  0xB0, 0x63, 0x0D, 0xA0, 0x77, 0x40, 0x6A, 0x0E, 0x01, 0x30, 0x6A, 0x0E, 0x01, 0x73, 0x0D, 0xA0,
  0x75, 0x0B, 0xA0, 0xA7, 0x20, 0x8A, 0x0C, 0x60, 0x10, 0xDA, 0x07, 0x70, 0x6A, 0x0E, 0x02, 0x70,
  0x10, 0xCA, 0x09, 0x50, 0x8A, 0x0D, 0x02, 0x40, 0xB8, 0x01, 0xDB, 0x08, 0x30, 0x7B, 0x80, 0x1D,
  0x0C, 0x0D, 0xF9, 0x08, 0x30, 0x7F, 0xA0, 0xDF, 0x90, 0x83, 0x07, 0xFA,
  // "μ" (U+03BC), RLE, 88 bytes saved (42.3%)
  0x05, 0xB7, 0x10, 0xBA, 0x09, 0x05, 0xB7, 0x10, 0xBA, 0x09, 0x05, 0xB7, 0x10, 0xBA, 0x09, 0x05,
  0xB7, 0x10, 0xBA, 0x09, 0x05, 0xB7, 0x10, 0xBA, 0x09, 0x05, 0xB7, 0x10, 0xBA, 0x09, 0x05, 0xB7,
  0x10, 0xBA, 0x09, 0x05, 0xB7, 0x10, 0xBA, 0x09, 0x05, 0xB7, 0x10, 0xBA, 0x09, 0x05, 0xB7, 0x10,
  0xCA, 0x09, 0x05, 0xB7, 0x10, 0xDA, 0x09, 0x05, 0xB0, 0x17, 0xB0, 0x90, 0x5B, 0x03, 0x60, 0x4B,
  0x09, 0x05, 0xB0, 0x86, 0x0C, 0xB0, 0x90, 0x5C, 0x06, 0x30, 0x20, 0xAC, 0x09, 0x05, 0xD8, 0x1E,
  0xDE, 0xB0, 0xBA, 0x09, 0x05, 0xB0, 0xEE, 0x05, 0x04, 0xA0, 0x90, 0x5A, 0x89, 0x0E, 0x2A, 0xEF,
  0xDA, 0x30, 0x1A, 0x09, 0x05, 0xB7, 0x50, 0x5B, 0x75, 0x05, 0xB7, 0x50, 0x5B, 0x75, 0x05, 0xB7,
  0x50, 0x5B, 0x75, 0x05, 0xB7, 0x50, 0x5B, 0x75,
  // "π" (U+03C0), RLE, 91 bytes saved (48.1%)
  0x10, 0x40, 0xCF, 0xFB, 0x0C, 0x08, 0xFF, 0xD0, 0xC0, 0x70, 0xFD, 0xB8, 0x03, 0xDB, 0x0F, 0xD0,
  0xA3, 0x01, 0xB0, 0x46, 0xB0, 0x56, 0x01, 0xB0, 0x46, 0xB0, 0x56, 0x01, 0xB0, 0x46, 0xB0, 0x56,
  0x01, 0xB0, 0x46, 0xB0, 0x56, 0x01, 0xB0, 0x46, 0xB0, 0x56, 0x01, 0xB0, 0x46, 0xB0, 0x56, 0x01,
  0xB0, 0x46, 0xB0, 0x56, 0x01, 0xB0, 0x46, 0xB0, 0x56, 0x01, 0xB0, 0x46, 0xB0, 0x56, 0x01, 0xB0,
  0x46, 0xB0, 0x56, 0x01, 0xB0, 0x46, 0xB0, 0x56, 0x01, 0xB0, 0x46, 0xB0, 0xA6, 0x01, 0xB0, 0x46,
  0x0B, 0xB8, 0x1E, 0xE6, 0x30, 0x1B, 0x04, 0x60, 0x4D, 0x06, 0x30, 0x1B, 0x04, 0x70, 0x40, 0xCA,
  0x0D, 0x04,
  // "–" (U+2013), RLE, 11 bytes saved (52.4%)
  0x09, 0x80, 0x90, 0xD0, 0x90, 0xBF, 0xD0, 0x0B, 0xFD, 0x0B,
  // "—" (U+2014), RLE, 33 bytes saved (73.3%)
  0x09, 0x80, 0xB0, 0xD0, 0x90, 0xBF, 0xFF, 0xF0, 0x0B, 0xFF, 0xFF, 0x0B,
  // "€" (U+20AC), RLE, 103 bytes saved (49.8%)
  0x71, 0x87, 0x59, 0xDE, 0xFE, 0xC8, 0x37, 0x03, 0x0D, 0xFA, 0x0A, 0x50, 0x4D, 0x81, 0xED, 0xEB,
  0x05, 0x40, 0x20, 0xEA, 0x81, 0xE7, 0x13, 0x81, 0x28, 0xB5, 0x0B, 0xA0, 0xE0, 0x37, 0x50, 0x2B,
  0x06, 0x76, 0x07, 0xA0, 0xE7, 0x58, 0x15, 0x5C, 0xA0, 0xC8, 0x03, 0x54, 0x02, 0xFE, 0x40, 0x2F,
  0xE7, 0xB0, 0x67, 0x7B, 0x05, 0x75, 0x00, 0x5B, 0x09, 0x80, 0x25, 0x50, 0x2F, 0xD5, 0x02, 0xFD,
  0x71, 0x09, 0xA0, 0xC7, 0x70, 0x5B, 0x01, 0x77, 0x0E, 0xA0, 0x97, 0x70, 0x8B, 0x05, 0x77, 0x0D,
  0xB0, 0x80, 0x24, 0x81, 0x49, 0x25, 0x02, 0x0E, 0xC8, 0x1E, 0xDD, 0xB0, 0x26, 0x02, 0x0C, 0xFA,
  0x02, 0x71, 0x87, 0x49, 0xDE, 0xFE, 0xC9, 0x41,
  // "₿" (U+20BF), RLE, 56 bytes saved (24.9%)
  0x38, 0x57, 0x71, 0x04, 0x73, 0x71, 0x85, 0xEF, 0x20, 0x9F, 0x77, 0x18, 0x5E, 0xF2, 0x09, 0xF7,
  0x71, 0x85, 0xEF, 0x20, 0x9F, 0x75, 0x0E, 0xD8, 0x3E, 0xEF, 0xA2, 0x40, 0xEF, 0xB0, 0x93, 0x0E,
  0xA0, 0xE0, 0xFD, 0xD0, 0xA2, 0x0E, 0xA0, 0x74, 0x05, 0x0E, 0xB8, 0x13, 0x0E, 0xA0, 0x75, 0x05,
  0xB8, 0x17, 0x0E, 0xA0, 0x76, 0xB8, 0x18, 0x0E, 0xA0, 0x75, 0x01, 0xB8, 0x16, 0x0E, 0xA0, 0x75,
  0x05, 0xB8, 0x13, 0x0E, 0xA0, 0x74, 0x04, 0x0E, 0xA0, 0xB2, 0x0E, 0xA0, 0xE0, 0xFD, 0xC0, 0xB0,
  0x12, 0x0E, 0xFA, 0x08, 0x40, 0xEF, 0xB0, 0xD0, 0x42, 0x0E, 0xA0, 0x73, 0x81, 0x16, 0xEB, 0x81,
  0x30, 0xEA, 0x07, 0x50, 0x3B, 0x81, 0xB0, 0xEA, 0x07, 0x60, 0xBB, 0x10, 0xEA, 0x07, 0x60, 0x8B,
  0x01, 0x0E, 0xA0, 0x76, 0x08, 0xB0, 0x20, 0xEA, 0x07, 0x60, 0xAB, 0x01, 0x0E, 0xA0, 0x75, 0x02,
  0xB8, 0x1D, 0x0E, 0xA0, 0x74, 0x03, 0x0C, 0xB8, 0x17, 0x0E, 0xA8, 0x3E, 0xDD, 0xDE, 0xC0, 0xD2,
  0x0E, 0xFB, 0x0C, 0x01, 0x20, 0xEF, 0x90, 0xC0, 0x57, 0x85, 0xEF, 0x20, 0x9F, 0x77, 0x18, 0x5E,
  0xF2, 0x09, 0xF7, 0x71, 0x85, 0xEF, 0x20, 0x9F, 0x65,
  // "‘" (U+2018), uncompressed
  0x00, 0x1F, 0xF7, 0x00, 0x7F, 0xF3, 0x00, 0xDF, 0xF0, 0x04, 0xFF, 0xC0, 0x09, 0xFF, 0x90, 0x0E,
  0xFF, 0x60, 0x4F, 0xFF, 0x40, 0x8F, 0xFF, 0x10,
  // "’" (U+2019), uncompressed
  0x01, 0xFF, 0xF7, 0x04, 0xFF, 0xF4, 0x06, 0xFF, 0xE0, 0x09, 0xFF, 0x90, 0x0D, 0xFF, 0x40, 0x0F,
  0xFD, 0x00, 0x4F, 0xF7, 0x00, 0x7F, 0xF1, 0x00,
  // "‚" (U+201A), uncompressed
  0x01, 0xFF, 0xF7, 0x04, 0xFF, 0xF4, 0x06, 0xFF, 0xE0, 0x09, 0xFF, 0x90, 0x0D, 0xFF, 0x40, 0x0F,
  0xFD, 0x00, 0x4F, 0xF7, 0x00, 0x7F, 0xF1, 0x00,
  // "‛" (U+201B), uncompressed
  0x7F, 0xFF, 0x10, 0x4F, 0xFF, 0x40, 0x0E, 0xFF, 0x70, 0x09, 0xFF, 0xA0, 0x04, 0xFF, 0xD0, 0x00,
  0xDF, 0xF1, 0x00, 0x7F, 0xF4, 0x00, 0x1F, 0xF7,
  // "“" (U+201C), RLE, 1 byte saved (2.1%)
  0x20, 0x1A, 0x07, 0x38, 0x1C, 0xFC, 0x20, 0x7A, 0x03, 0x20, 0x3A, 0x08, 0x20, 0xDA, 0x30, 0x9A,
  0x81, 0x50, 0x4A, 0x0C, 0x30, 0xEA, 0x81, 0x10, 0xAA, 0x09, 0x20, 0x5A, 0x0E, 0x20, 0xEA, 0x06,
  0x20, 0xAA, 0x81, 0xB0, 0x4B, 0x03, 0x2B, 0x81, 0x80, 0x8B, 0x81, 0x10, 0x3B, 0x06, 0x10,
  // "”" (U+201D), RLE, 2 bytes saved (4.2%)
  0x10, 0x1B, 0x07, 0x20, 0xCA, 0x81, 0xC0, 0x4B, 0x04, 0x2B, 0x81, 0x90, 0x7A, 0x0E, 0x20, 0x2B,
  0x81, 0x40, 0x9A, 0x09, 0x20, 0x5A, 0x0E, 0x20, 0xDA, 0x03, 0x20, 0x8A, 0x09, 0x2A, 0x0D, 0x30,
  0xBA, 0x81, 0x30, 0x4A, 0x07, 0x3A, 0x0C, 0x20, 0x7A, 0x01, 0x20, 0x3A, 0x05, 0x20,
  // "„" (U+201E), RLE, 2 bytes saved (4.2%)
  0x10, 0x1B, 0x07, 0x20, 0xCA, 0x81, 0xC0, 0x4B, 0x04, 0x2B, 0x81, 0x90, 0x7A, 0x0E, 0x20, 0x2B,
  0x81, 0x40, 0x9A, 0x09, 0x20, 0x5A, 0x0E, 0x20, 0xDA, 0x03, 0x20, 0x8A, 0x09, 0x2A, 0x0D, 0x30,
  0xBA, 0x81, 0x30, 0x4A, 0x07, 0x3A, 0x0C, 0x20, 0x7A, 0x01, 0x20, 0x3A, 0x05, 0x20,
  // "‟" (U+201F), RLE, 2 bytes saved (4.2%)
  0x08, 0xB8, 0x11, 0x03, 0xB8, 0x16, 0x04, 0xB0, 0x32, 0xB0, 0x82, 0x0E, 0xA0, 0x62, 0x0A, 0xA0,
  0xB2, 0x0A, 0xA0, 0x92, 0x05, 0xA0, 0xE2, 0x04, 0xA0, 0xC3, 0x0E, 0xA0, 0x12, 0x0D, 0xA3, 0x09,
  0xA0, 0x52, 0x07, 0xA0, 0x32, 0x03, 0xA0, 0x82, 0x01, 0xA0, 0x73, 0x81, 0xCF, 0xC0,
  // "†" (U+2020), RLE, 71 bytes saved (43.6%)
  0x40, 0xAA, 0x0C, 0x72, 0x08, 0xA0, 0xA7, 0x20, 0x6A, 0x08, 0x72, 0x04, 0xA0, 0x67, 0x20, 0x2A,
  0x04, 0x73, 0xA0, 0x25, 0x89, 0x49, 0x97, 0x64, 0xEF, 0x55, 0x78, 0x94, 0xEF, 0xC0, 0x60, 0xEF,
  0xC8, 0x56, 0x54, 0x21, 0x0E, 0x92, 0x82, 0x23, 0x52, 0x5A, 0x01, 0x73, 0xA0, 0x27, 0x20, 0x1A,
  0x03, 0x72, 0x01, 0xA0, 0x47, 0x20, 0x2A, 0x04, 0x72, 0x03, 0xA0, 0x57, 0x20, 0x4A, 0x06, 0x72,
  0x05, 0xA0, 0x77, 0x20, 0x5A, 0x08, 0x72, 0x06, 0xA0, 0x87, 0x20, 0x7A, 0x09, 0x72, 0x08, 0xA0,
  0xA7, 0x20, 0x9A, 0x0B, 0x72, 0x09, 0xA0, 0xC7, 0x20, 0xAA, 0x0C, 0x50,
  // "‡" (U+2021), RLE, 73 bytes saved (41.7%)
  0x50, 0x8A, 0x0D, 0x73, 0x06, 0xA0, 0xB7, 0x30, 0x4A, 0x09, 0x73, 0x02, 0xA0, 0x77, 0x4A, 0x05,
  0x68, 0x14, 0x31, 0x28, 0x7D, 0xF3, 0x01, 0x23, 0x21, 0xC0, 0xEA, 0x0E, 0xC0, 0x80, 0x1F, 0xD8,
  0x95, 0x81, 0xB9, 0x87, 0x5D, 0xF7, 0x67, 0x9A, 0x66, 0xA0, 0x57, 0x30, 0x2A, 0x08, 0x73, 0x05,
  0xA0, 0xA7, 0x30, 0x7A, 0x0C, 0x73, 0x05, 0xA0, 0xA7, 0x30, 0x2A, 0x08, 0x74, 0xA0, 0x55, 0x89,
  0x51, 0x98, 0x65, 0x3D, 0xF6, 0x56, 0x79, 0x51, 0xFD, 0x08, 0x01, 0xFD, 0x89, 0x58, 0x05, 0x43,
  0x10, 0xDF, 0x31, 0x23, 0x53, 0x6A, 0x05, 0x73, 0x02, 0xA0, 0x77, 0x30, 0x4A, 0x09, 0x73, 0x06,
  0xA0, 0xB7, 0x30, 0x8A, 0x0D, 0x50,
  // "•" (U+2022), RLE, 8 bytes saved (22.2%)
  0x18, 0x72, 0xAE, 0xEB, 0x20, 0x2E, 0xC8, 0x1E, 0x28, 0xE0, 0x80, 0xBE, 0x00, 0xCE, 0x0D, 0x0B,
  0xE0, 0xC0, 0x8E, 0x81, 0x81, 0xEC, 0x87, 0xE2, 0x02, 0xAE, 0xEB, 0x21,
  // "…" (U+2026), RLE, 9 bytes saved (16.4%)
  0x82, 0x2C, 0xEA, 0x58, 0x22, 0xCE, 0xA4, 0x84, 0x2C, 0xEA, 0x0A, 0xB0, 0x64, 0x0A, 0xB0, 0x63,
  0x0A, 0xB0, 0x60, 0xCB, 0x08, 0x40, 0xCB, 0x08, 0x30, 0xCB, 0x08, 0x0A, 0xB0, 0x54, 0x0A, 0xB0,
  0x53, 0x0A, 0xB8, 0x35, 0x2C, 0xEA, 0x58, 0x22, 0xCE, 0xA4, 0x82, 0x2C, 0xEA, 0x10,
  // "‰" (U+2030), RLE, 122 bytes saved (28.6%)
  0x28, 0x42, 0xAE, 0xFD, 0x77, 0x20, 0xBA, 0x01, 0x77, 0x30, 0x30, 0xED, 0x0A, 0x70, 0x4A, 0x08,
  0x77, 0x40, 0xCB, 0x0E, 0xB0, 0x56, 0x82, 0xCF, 0xE1, 0x77, 0x30, 0x2A, 0x82, 0xE1, 0x06, 0xA0,
  0xC5, 0x06, 0xA0, 0x67, 0x74, 0x06, 0xA0, 0x73, 0x0D, 0xA5, 0x81, 0xEF, 0xD7, 0x75, 0x08, 0xA0,
  0x43, 0x09, 0xA0, 0x23, 0x07, 0xA0, 0x57, 0x75, 0x08, 0xA0, 0x33, 0x08, 0xA0, 0x32, 0x82, 0x1E,
  0xFC, 0x77, 0x60, 0x8A, 0x03, 0x30, 0x8A, 0x03, 0x20, 0x9A, 0x03, 0x77, 0x60, 0x7A, 0x04, 0x30,
  0x9A, 0x81, 0x20, 0x2A, 0x86, 0xA0, 0x3A, 0xCC, 0x81, 0x58, 0x41, 0x7B, 0xCA, 0x43, 0x05, 0xA0,
  0x83, 0x0D, 0xA2, 0x0A, 0xA0, 0x20, 0x6D, 0x0E, 0x02, 0x30, 0x10, 0xDD, 0x07, 0x20, 0x1A, 0x82,
  0xE3, 0x08, 0xA8, 0x1B, 0x03, 0xA0, 0x90, 0x1F, 0x0C, 0x30, 0xAF, 0x02, 0x20, 0x9F, 0x85, 0x50,
  0xCF, 0xE1, 0x7A, 0x82, 0xB1, 0x2D, 0xA8, 0x13, 0x01, 0xA8, 0x2E, 0x30, 0x9A, 0x09, 0x20, 0x10,
  0xDD, 0x81, 0x90, 0x5A, 0x81, 0x70, 0xBA, 0x02, 0x20, 0x5A, 0x81, 0x80, 0x5A, 0x08, 0x38, 0x1E,
  0xFE, 0x48, 0x37, 0xBC, 0xA5, 0x28, 0x1D, 0xFD, 0x28, 0x1D, 0xFE, 0x30, 0x1A, 0x81, 0xB0, 0x7A,
  0x05, 0x30, 0xBA, 0x01, 0x72, 0x07, 0xA0, 0x52, 0xA0, 0xC4, 0xA8, 0x1C, 0x09, 0xA0, 0x33, 0x09,
  0xA0, 0x37, 0x18, 0x21, 0xEF, 0xC3, 0xA0, 0xC4, 0x83, 0xEF, 0xD0, 0x9A, 0x02, 0x30, 0x8A, 0x03,
  0x71, 0x08, 0xA0, 0x43, 0xA0, 0xC4, 0xA8, 0x1C, 0x09, 0xA0, 0x33, 0x09, 0xA0, 0x37, 0x02, 0xA0,
  0xB4, 0x81, 0xEF, 0xE3, 0x01, 0xA8, 0x1B, 0x07, 0xA0, 0x43, 0x0A, 0xA0, 0x17, 0x0A, 0xA0, 0x24,
  0x0B, 0xA0, 0x22, 0x05, 0xA8, 0x18, 0x05, 0xA0, 0x83, 0x81, 0xEF, 0xE7, 0x03, 0xA0, 0x95, 0x07,
  0xA0, 0x92, 0x0C, 0xA8, 0x14, 0x01, 0xA8, 0x2E, 0x10, 0x7A, 0x0A, 0x70, 0xBA, 0x01, 0x50, 0x10,
  0xEA, 0x00, 0xEA, 0x0D, 0x30, 0xAB, 0x0D, 0xB0, 0x46, 0x04, 0xA0, 0x87, 0x06, 0xE0, 0x43, 0x01,
  0x0D, 0xD0, 0xA7, 0x81, 0xDF, 0xE7, 0x28, 0x44, 0xCE, 0xEB, 0x35, 0x84, 0x19, 0xEF, 0xD7, 0x30,
  // "‹" (U+2039), RLE, 13 bytes saved (21.7%)
  0x50, 0x16, 0x82, 0x1D, 0xE6, 0x40, 0xBA, 0x0B, 0x30, 0x9A, 0x0D, 0x01, 0x20, 0x6B, 0x03, 0x20,
  0x4B, 0x05, 0x20, 0x20, 0xEA, 0x08, 0x30, 0xAA, 0x0E, 0x40, 0x10, 0xEA, 0x09, 0x40, 0x3B, 0x06,
  0x40, 0x5B, 0x04, 0x40, 0x8A, 0x0E, 0x02, 0x40, 0xAA, 0x0C, 0x58, 0x1C, 0xD5, 0x50, 0x12,
  // "›" (U+203A), RLE, 19 bytes saved (27.9%)
  0x20, 0x26, 0x82, 0x2A, 0xF6, 0x50, 0x5B, 0x03, 0x50, 0x8A, 0x0E, 0x02, 0x50, 0xAA, 0x0C, 0x60,
  0xCA, 0x0B, 0x50, 0x20, 0xEA, 0x08, 0x50, 0x7B, 0x01, 0x30, 0x20, 0xEA, 0x07, 0x30, 0x10, 0xDA,
  0x0A, 0x40, 0xBA, 0x0C, 0x40, 0x9A, 0x0D, 0x01, 0x30, 0x6B, 0x03, 0x48, 0x21, 0x9F, 0x57, 0x01,
  0x60,
  // "⁄" (U+2044), RLE, 100 bytes saved (54.3%)
  0x76, 0x81, 0xCF, 0xD7, 0x50, 0x6A, 0x05, 0x74, 0x82, 0x1E, 0xFB, 0x75, 0x09, 0xA0, 0x27, 0x40,
  0x3A, 0x09, 0x75, 0x82, 0xCF, 0xE1, 0x74, 0x05, 0xA0, 0x67, 0x58, 0x1E, 0xFC, 0x75, 0x08, 0xA0,
  0x37, 0x40, 0x2A, 0x09, 0x75, 0x82, 0xBF, 0xE1, 0x74, 0x05, 0xA0, 0x77, 0x58, 0x1D, 0xFD, 0x75,
  0x07, 0xA0, 0x47, 0x40, 0x2A, 0x0A, 0x75, 0x0A, 0xA0, 0x17, 0x40, 0x4A, 0x07, 0x75, 0x81, 0xDF,
  0xD7, 0x50, 0x7A, 0x05, 0x74, 0x82, 0x1E, 0xFB, 0x75, 0x09, 0xA0, 0x27, 0x40, 0x3A, 0x08, 0x75,
  0x81, 0xCF, 0xE7, 0x60,
  // "™" (U+2122), RLE, 7 bytes saved (5.1%)
  0x05, 0x80, 0x4D, 0x18, 0x27, 0xDD, 0x75, 0x83, 0x8D, 0xD5, 0x7F, 0x90, 0x10, 0x9A, 0x0D, 0x50,
  0xEA, 0x06, 0x38, 0x13, 0xFC, 0x40, 0x9B, 0x03, 0x30, 0x4B, 0x06, 0x38, 0x13, 0xFC, 0x48, 0x39,
  0xFA, 0xF8, 0x38, 0x3A, 0xFA, 0xF6, 0x38, 0x13, 0xFC, 0x48, 0x39, 0xF6, 0xFD, 0x38, 0x3E, 0xB9,
  0xF6, 0x38, 0x13, 0xFC, 0x48, 0x93, 0x9F, 0x4B, 0xF3, 0x05, 0xF6, 0x9F, 0x63, 0x81, 0x3F, 0xC4,
  0x89, 0x39, 0xF4, 0x5F, 0x90, 0xBE, 0x09, 0xF6, 0x38, 0x13, 0xFC, 0x48, 0x93, 0x9F, 0x40, 0xEE,
  0x1F, 0x90, 0x9F, 0x63, 0x81, 0x3F, 0xC4, 0x89, 0x39, 0xF4, 0x0A, 0xFA, 0xF3, 0x09, 0xF6, 0x38,
  0x13, 0xFC, 0x48, 0x39, 0xF4, 0x04, 0xA0, 0xD2, 0x81, 0x9F, 0x63, 0x81, 0x3F, 0xC4, 0x81, 0x9F,
  0x42, 0x81, 0xEF, 0x72, 0x81, 0x9F, 0x63, 0x81, 0x17, 0x54, 0x81, 0x47, 0x22, 0x81, 0x57, 0x12,
  0x81, 0x47, 0x30,
  // "⅒" (U+2152), RLE, 124 bytes saved (32.6%)
  0x30, 0x30, 0xDA, 0x01, 0x71, 0x81, 0xCF, 0xD7, 0x72, 0x06, 0xC0, 0x17, 0x06, 0xA0, 0x57, 0x71,
  0x0A, 0xA0, 0xEA, 0x01, 0x68, 0x21, 0xEF, 0xB7, 0x71, 0x07, 0xA0, 0x08, 0xA0, 0x16, 0x09, 0xA0,
  0x27, 0x72, 0x82, 0xB4, 0x08, 0xA0, 0x15, 0x03, 0xA0, 0x97, 0x76, 0x09, 0xA0, 0x15, 0x82, 0xCF,
  0xE1, 0x77, 0x60, 0x9A, 0x01, 0x40, 0x5A, 0x06, 0x77, 0x70, 0x9A, 0x01, 0x48, 0x1E, 0xFC, 0x77,
  0x71, 0x09, 0xA0, 0x13, 0x08, 0xA0, 0x37, 0x48, 0x23, 0x54, 0x17, 0x09, 0xA0, 0x12, 0x02, 0xA0,
  0x92, 0x03, 0x0D, 0xA0, 0x13, 0x04, 0x0D, 0xC0, 0x76, 0x09, 0xA0, 0x12, 0x84, 0xBF, 0xE1, 0x06,
  0xC0, 0x12, 0x02, 0x0E, 0xE0, 0x75, 0x09, 0xA8, 0x11, 0x05, 0xA8, 0x17, 0x0A, 0xA0, 0xEA, 0x01,
  0x20, 0xAA, 0x82, 0x80, 0x3E, 0xA0, 0x14, 0x09, 0xA8, 0x51, 0x0D, 0xFD, 0x07, 0xA0, 0x08, 0xA0,
  0x12, 0xA0, 0xD3, 0x06, 0xA0, 0x64, 0x09, 0xA0, 0x10, 0x7A, 0x04, 0x28, 0x2B, 0x40, 0x8A, 0x81,
  0x10, 0x3A, 0x09, 0x30, 0x2A, 0x0A, 0x70, 0x2A, 0x0A, 0x60, 0x9A, 0x81, 0x10, 0x5A, 0x07, 0x4A,
  0x0C, 0x70, 0xAA, 0x01, 0x60, 0x9A, 0x81, 0x10, 0x5A, 0x06, 0x48, 0x1E, 0xFC, 0x60, 0x4A, 0x07,
  0x70, 0x9A, 0x81, 0x10, 0x5A, 0x06, 0x48, 0x1E, 0xFC, 0x68, 0x1D, 0xFD, 0x71, 0x09, 0xA8, 0x11,
  0x04, 0xA0, 0x74, 0xA0, 0xB5, 0x07, 0xA0, 0x57, 0x10, 0x9A, 0x81, 0x10, 0x1A, 0x0A, 0x30, 0x3A,
  0x09, 0x48, 0x21, 0xEF, 0xB7, 0x20, 0x9A, 0x01, 0x28, 0x2D, 0xFE, 0x12, 0x09, 0xA0, 0x54, 0x09,
  0xA0, 0x27, 0x20, 0x9A, 0x01, 0x20, 0x6A, 0x81, 0xC6, 0x9A, 0x0D, 0x40, 0x3A, 0x08, 0x73, 0x09,
  0xA0, 0x13, 0x0B, 0xE0, 0x44, 0x81, 0xCF, 0xE7, 0x40, 0x9A, 0x01, 0x48, 0x47, 0xDF, 0xEB, 0x32,
  // "ﬁ" (U+FB01), RLE, 89 bytes saved (39.6%)
  0x58, 0x92, 0x18, 0xCE, 0xFD, 0xB5, 0x1C, 0xE9, 0x50, 0x30, 0xEE, 0x08, 0x07, 0xB0, 0x34, 0x0D,
  0xC0, 0xDA, 0x03, 0x07, 0xB0, 0x33, 0x04, 0xB0, 0x93, 0x84, 0x30, 0x1C, 0xE9, 0x40, 0x7B, 0x01,
  0x76, 0x08, 0xA0, 0xD7, 0x70, 0x9A, 0x0C, 0x75, 0x04, 0x0A, 0xF9, 0x81, 0x10, 0x5B, 0x10, 0x7F,
  0xB8, 0x11, 0x05, 0xB1, 0x82, 0x6D, 0xDE, 0xB8, 0x00, 0xD8, 0x11, 0x05, 0xB4, 0x09, 0xA0, 0xC6,
  0x05, 0xB4, 0x09, 0xA0, 0xC6, 0x05, 0xB4, 0x09, 0xA0, 0xC6, 0x05, 0xB4, 0x09, 0xA0, 0xC6, 0x05,
  0xB4, 0x09, 0xA0, 0xC6, 0x05, 0xB4, 0x09, 0xA0, 0xC6, 0x05, 0xB4, 0x09, 0xA0, 0xC6, 0x05, 0xB4,
  0x09, 0xA0, 0xC6, 0x05, 0xB4, 0x09, 0xA0, 0xC6, 0x05, 0xB4, 0x09, 0xA0, 0xC6, 0x05, 0xB4, 0x09,
  0xA0, 0xC6, 0x05, 0xB4, 0x09, 0xA0, 0xC6, 0x05, 0xB4, 0x09, 0xA0, 0xC6, 0x05, 0xB4, 0x09, 0xA0,
  0xC6, 0x05, 0xB4, 0x09, 0xA0, 0xC6, 0x05, 0xB1,
  // "ﬂ" (U+FB02), RLE, 78 bytes saved (36.6%)
  0x58, 0x71, 0x8C, 0xEF, 0xDB, 0x55, 0xB4, 0x03, 0x0E, 0xE0, 0x80, 0x5B, 0x40, 0xDC, 0x0D, 0xA0,
  0x30, 0x5B, 0x30, 0x4B, 0x09, 0x38, 0x13, 0x05, 0xB3, 0x07, 0xB0, 0x15, 0x05, 0xB3, 0x08, 0xA0,
  0xD6, 0x05, 0xB3, 0x09, 0xA0, 0xC6, 0x05, 0xB1, 0x04, 0x0A, 0xF9, 0x81, 0x10, 0x5B, 0x07, 0xFB,
  0x81, 0x10, 0x5B, 0x82, 0x6D, 0xDE, 0xB8, 0x00, 0xD8, 0x11, 0x05, 0xB3, 0x09, 0xA0, 0xC6, 0x05,
  0xB3, 0x09, 0xA0, 0xC6, 0x05, 0xB3, 0x09, 0xA0, 0xC6, 0x05, 0xB3, 0x09, 0xA0, 0xC6, 0x05, 0xB3,
  0x09, 0xA0, 0xC6, 0x05, 0xB3, 0x09, 0xA0, 0xC6, 0x05, 0xB3, 0x09, 0xA0, 0xC6, 0x05, 0xB3, 0x09,
  0xA0, 0xC6, 0x05, 0xB3, 0x09, 0xA0, 0xC6, 0x05, 0xB3, 0x09, 0xA0, 0xC6, 0x05, 0xB3, 0x09, 0xA0,
  0xC6, 0x05, 0xB3, 0x09, 0xA0, 0xC6, 0x05, 0xB3, 0x09, 0xA0, 0xC6, 0x05, 0xB3, 0x09, 0xA0, 0xC6,
  0x05, 0xB3, 0x09, 0xA0, 0xC6, 0x05, 0xB0,
  // Total: 45705 bytes.
};

const Font& font_NotoSans_Medium_32() {
  static SmoothFontV2 font(font_NotoSans_Medium_32_data);
  return font;
}

}  // namespace roo_display
