#include "44.h"
#include <inttypes.h>
#include "roo_display/hal/progmem.h"
#include "roo_display/font/smooth_font_v2.h"

namespace roo_display {

// Font NotoSans-Regular (Noto Sans Regular)
// Generated on Thu Jul 30 01:09:52 EEST 2026.
// 343 glyphs (338 compressed, 5 uncompressed), 63538 bytes total, 60144 bytes saved by RLE.
static const uint8_t font_NotoSans_Regular_44_data[] PROGMEM = {
  
  // Header (32 bytes).
  0x02, 0x00, 0x04, 0x02, 0x01, 0x02, 0x01, 0x01, 0x57, 0x00, 0x06,
  0xF7, 0xF6, 0x31, 0x2D, 0x21, 0xF5, 0x0C, 0x06, 0x34, 0x0C, 0x0B, 0x00, 0x5F,
  0x02, 0x00, 0x84, 0x00, 0x14, 0x60, 0x00, 0x00,
  
  // Cmap (343 glyphs, 100 bytes).
  0x00, 0x21, 0x00, 0x5E, 0x00, 0x00, 0x00, 0x00, 0x00, 0x00, 0x00, 0x00, // U+0021..U+007E dense.
  0x00, 0xA1, 0x00, 0x0C, 0x00, 0x5E, 0x00, 0x00, 0x00, 0x00, 0x00, 0x00, // U+00A1..U+00AC dense.
  0x00, 0xAE, 0x00, 0xD2, 0x00, 0x6A, 0x00, 0x00, 0x00, 0x00, 0x00, 0x00, // U+00AE..U+017F dense.
  0x03, 0xA9, 0x1C, 0x6C, 0x01, 0x3C, 0x00, 0x05, 0x00, 0x00, 0x68, 0x01, // U+03A9..U+2014 sparse.
  0x20, 0x18, 0x00, 0x0B, 0x01, 0x43, 0x00, 0x00, 0x00, 0x00, 0x00, 0x00, // U+2018..U+2022 dense.
  0x20, 0x26, 0xDA, 0xDD, 0x01, 0x4E, 0x00, 0x09, 0x00, 0x00, 0x72, 0x01, // U+2026..U+FB02 sparse.
  
  // Sparse indirection: glyphs 316..320, range U+03A9..U+2014.
  0x00, 0x00, // U+03A9.
  0x00, 0x13, // U+03BC.
  0x00, 0x17, // U+03C0.
  0x1C, 0x6A, // U+2013.
  0x1C, 0x6B, // U+2014.
  
  // Sparse indirection: glyphs 334..342, range U+2026..U+FB02.
  0x00, 0x00, // U+2026.
  0x00, 0x0A, // U+2030.
  0x00, 0x13, // U+2039.
  0x00, 0x14, // U+203A.
  0x00, 0x1E, // U+2044.
  0x00, 0xFC, // U+2122.
  0x01, 0x2C, // U+2152.
  0xDA, 0xDB, // U+FB01.
  0xDA, 0xDC, // U+FB02.
  
  // Glyph metrics (343 glyphs, 2401 bytes).
  0x03, 0x01, 0x08, 0x1F, 0x0C, 0x00, 0x00, // "!" (U+0021)
  0x02, 0x15, 0x0E, 0x1F, 0x12, 0x00, 0x50, // """ (U+0022)
  0x01, 0x01, 0x1B, 0x1F, 0x1C, 0x00, 0x8C, // "#" (U+0023)
  0x02, 0xFE, 0x16, 0x21, 0x19, 0x01, 0x4F, // "$" (U+0024)
  0x02, 0x01, 0x22, 0x1F, 0x25, 0x02, 0x28, // "%" (U+0025)
  0x02, 0x01, 0x1F, 0x1F, 0x20, 0x03, 0x71, // "&" (U+0026)
  0x42, 0x15, 0x06, 0x1F, 0x0A, 0x04, 0x5F, // "'" (U+0027)
  0x01, 0xF9, 0x0B, 0x1F, 0x0D, 0x04, 0x7B, // "(" (U+0028)
  0x01, 0xF9, 0x0B, 0x1F, 0x0D, 0x04, 0xEE, // ")" (U+0029)
  0x01, 0x0E, 0x16, 0x21, 0x18, 0x05, 0x64, // "*" (U+002A)
  0x02, 0x06, 0x16, 0x1A, 0x19, 0x05, 0xDD, // "+" (U+002B)
  0x01, 0xFB, 0x08, 0x05, 0x0C, 0x06, 0x22, // "," (U+002C)
  0x01, 0x0B, 0x0C, 0x0E, 0x0E, 0x06, 0x44, // "-" (U+002D)
  0x03, 0x01, 0x08, 0x06, 0x0C, 0x06, 0x51, // "." (U+002E)
  0x00, 0x01, 0x0F, 0x1F, 0x10, 0x06, 0x62, // "/" (U+002F)
  0x02, 0x01, 0x16, 0x1F, 0x19, 0x06, 0xD0, // "0" (U+0030)
  0x04, 0x01, 0x0F, 0x1F, 0x19, 0x07, 0x8E, // "1" (U+0031)
  0x02, 0x01, 0x16, 0x1F, 0x19, 0x07, 0xFB, // "2" (U+0032)
  0x02, 0x01, 0x16, 0x1F, 0x19, 0x08, 0x8D, // "3" (U+0033)
  0x00, 0x01, 0x18, 0x1F, 0x19, 0x09, 0x34, // "4" (U+0034)
  0x02, 0x01, 0x16, 0x1F, 0x19, 0x09, 0xD3, // "5" (U+0035)
  0x02, 0x01, 0x17, 0x1F, 0x19, 0x0A, 0x6E, // "6" (U+0036)
  0x01, 0x01, 0x16, 0x1F, 0x19, 0x0B, 0x2E, // "7" (U+0037)
  0x02, 0x01, 0x16, 0x1F, 0x19, 0x0B, 0xA9, // "8" (U+0038)
  0x02, 0x01, 0x16, 0x1F, 0x19, 0x0C, 0x74, // "9" (U+0039)
  0x03, 0x01, 0x08, 0x18, 0x0C, 0x0D, 0x32, // ":" (U+003A)
  0x01, 0xFB, 0x08, 0x18, 0x0C, 0x0D, 0x56, // ";" (U+003B)
  0x02, 0x06, 0x16, 0x1B, 0x19, 0x0D, 0x8C, // "<" (U+003C)
  0x02, 0x0B, 0x16, 0x16, 0x19, 0x0E, 0x02, // "=" (U+003D)
  0x02, 0x06, 0x16, 0x1B, 0x19, 0x0E, 0x23, // ">" (U+003E)
  0x00, 0x01, 0x11, 0x1F, 0x13, 0x0E, 0x93, // "?" (U+003F)
  0x02, 0xFC, 0x24, 0x1F, 0x28, 0x0F, 0x0D, // "@" (U+0040)
  0x00, 0x01, 0x1B, 0x1F, 0x1C, 0x10, 0x79, // "A" (U+0041)
  0x04, 0x01, 0x1A, 0x1F, 0x1D, 0x11, 0x3A, // "B" (U+0042)
  0x02, 0x01, 0x1A, 0x1F, 0x1C, 0x12, 0x04, // "C" (U+0043)
  0x04, 0x01, 0x1D, 0x1F, 0x20, 0x12, 0xA6, // "D" (U+0044)
  0x04, 0x01, 0x15, 0x1F, 0x18, 0x13, 0x78, // "E" (U+0045)
  0x04, 0x01, 0x15, 0x1F, 0x17, 0x13, 0xEA, // "F" (U+0046)
  0x02, 0x01, 0x1C, 0x1F, 0x20, 0x14, 0x5A, // "G" (U+0047)
  0x04, 0x01, 0x1C, 0x1F, 0x21, 0x15, 0x24, // "H" (U+0048)
  0x01, 0x01, 0x0D, 0x1F, 0x0F, 0x15, 0xE7, // "I" (U+0049)
  0xFC, 0xF8, 0x07, 0x1F, 0x0C, 0x16, 0x56, // "J" (U+004A)
  0x04, 0x01, 0x1A, 0x1F, 0x1B, 0x16, 0xC6, // "K" (U+004B)
  0x04, 0x01, 0x15, 0x1F, 0x17, 0x17, 0x96, // "L" (U+004C)
  0x04, 0x01, 0x23, 0x1F, 0x28, 0x18, 0x04, // "M" (U+004D)
  0x04, 0x01, 0x1D, 0x1F, 0x21, 0x19, 0x48, // "N" (U+004E)
  0x02, 0x01, 0x1F, 0x1F, 0x22, 0x1A, 0x45, // "O" (U+004F)
  0x04, 0x01, 0x18, 0x1F, 0x1B, 0x1B, 0x2A, // "P" (U+0050)
  0x02, 0xFA, 0x1F, 0x1F, 0x22, 0x1B, 0xD3, // "Q" (U+0051)
  0x04, 0x01, 0x1A, 0x1F, 0x1B, 0x1C, 0xD6, // "R" (U+0052)
  0x02, 0x01, 0x16, 0x1F, 0x18, 0x1D, 0xA0, // "S" (U+0053)
  0x00, 0x01, 0x17, 0x1F, 0x18, 0x1E, 0x45, // "T" (U+0054)
  0x04, 0x01, 0x1C, 0x1F, 0x20, 0x1E, 0xC2, // "U" (U+0055)
  0x00, 0x01, 0x1A, 0x1F, 0x1A, 0x1F, 0x7C, // "V" (U+0056)
  0x00, 0x01, 0x28, 0x1F, 0x29, 0x20, 0x3C, // "W" (U+0057)
  0x00, 0x01, 0x19, 0x1F, 0x1A, 0x21, 0x8B, // "X" (U+0058)
  0x00, 0x01, 0x18, 0x1F, 0x19, 0x22, 0x58, // "Y" (U+0059)
  0x01, 0x01, 0x17, 0x1F, 0x19, 0x22, 0xFE, // "Z" (U+005A)
  0x03, 0xF9, 0x0D, 0x1F, 0x0E, 0x23, 0x7E, // "[" (U+005B)
  0x00, 0x01, 0x0F, 0x1F, 0x10, 0x23, 0xF7, // "\" (U+005C)
  0x01, 0xF9, 0x0A, 0x1F, 0x0E, 0x24, 0x63, // "]" (U+005D)
  0x01, 0x0D, 0x17, 0x20, 0x19, 0x24, 0xD6, // "^" (U+005E)
  0xFF, 0xFA, 0x13, 0xFD, 0x14, 0x25, 0x52, // "_" (U+005F)
  0x01, 0x1C, 0x0A, 0x22, 0x0C, 0x25, 0x61, // "`" (U+0060)
  0x02, 0x01, 0x15, 0x18, 0x19, 0x25, 0x77, // "a" (U+0061)
  0x03, 0x01, 0x18, 0x21, 0x1B, 0x26, 0x0A, // "b" (U+0062)
  0x02, 0x01, 0x13, 0x18, 0x15, 0x26, 0xDA, // "c" (U+0063)
  0x02, 0x01, 0x17, 0x21, 0x1B, 0x27, 0x4B, // "d" (U+0064)
  0x02, 0x01, 0x16, 0x18, 0x19, 0x28, 0x17, // "e" (U+0065)
  0x00, 0x01, 0x10, 0x22, 0x0F, 0x28, 0x99, // "f" (U+0066)
  0x02, 0xF6, 0x17, 0x18, 0x1B, 0x29, 0x1E, // "g" (U+0067)
  0x03, 0x01, 0x17, 0x21, 0x1B, 0x2A, 0x03, // "h" (U+0068)
  0x03, 0x01, 0x07, 0x21, 0x0B, 0x2A, 0xC0, // "i" (U+0069)
  0xFD, 0xF6, 0x07, 0x21, 0x0B, 0x2B, 0x0B, // "j" (U+006A)
  0x03, 0x01, 0x16, 0x21, 0x18, 0x2B, 0x8C, // "k" (U+006B)
  0x43, 0x01, 0x07, 0x21, 0x0B, 0x2C, 0x4A, // "l" (U+006C)
  0x03, 0x01, 0x25, 0x18, 0x29, 0x2C, 0x9D, // "m" (U+006D)
  0x03, 0x01, 0x17, 0x18, 0x1B, 0x2D, 0x94, // "n" (U+006E)
  0x02, 0x01, 0x18, 0x18, 0x1B, 0x2E, 0x2E, // "o" (U+006F)
  0x03, 0xF6, 0x18, 0x18, 0x1B, 0x2E, 0xC7, // "p" (U+0070)
  0x02, 0xF6, 0x17, 0x18, 0x1B, 0x2F, 0x9B, // "q" (U+0071)
  0x03, 0x01, 0x11, 0x18, 0x12, 0x30, 0x70, // "r" (U+0072)
  0x02, 0x01, 0x12, 0x18, 0x15, 0x30, 0xD0, // "s" (U+0073)
  0x00, 0x01, 0x0E, 0x1E, 0x10, 0x31, 0x42, // "t" (U+0074)
  0x03, 0x01, 0x17, 0x18, 0x1B, 0x31, 0xB3, // "u" (U+0075)
  0x00, 0x01, 0x16, 0x18, 0x16, 0x32, 0x4E, // "v" (U+0076)
  0x00, 0x01, 0x21, 0x18, 0x23, 0x32, 0xDD, // "w" (U+0077)
  0x01, 0x01, 0x16, 0x18, 0x17, 0x33, 0xD2, // "x" (U+0078)
  0x00, 0xF6, 0x16, 0x18, 0x16, 0x34, 0x64, // "y" (U+0079)
  0x01, 0x01, 0x12, 0x18, 0x15, 0x35, 0x24, // "z" (U+007A)
  0x01, 0xF9, 0x0F, 0x1F, 0x11, 0x35, 0x81, // "{" (U+007B)
  0x4A, 0xF6, 0x0D, 0x21, 0x18, 0x36, 0x16, // "|" (U+007C)
  0x01, 0xF9, 0x0F, 0x1F, 0x11, 0x36, 0x6E, // "}" (U+007D)
  0x02, 0x0E, 0x16, 0x13, 0x19, 0x37, 0x00, // "~" (U+007E)
  0x03, 0xF9, 0x08, 0x18, 0x0C, 0x37, 0x2C, // "¡" (U+00A1)
  0x04, 0x01, 0x15, 0x1F, 0x19, 0x37, 0x7D, // "¢" (U+00A2)
  0x01, 0x01, 0x17, 0x1F, 0x19, 0x37, 0xFD, // "£" (U+00A3)
  0x02, 0x05, 0x16, 0x1A, 0x19, 0x38, 0x91, // "¤" (U+00A4)
  0x00, 0x01, 0x18, 0x1F, 0x19, 0x39, 0x2E, // "¥" (U+00A5)
  0x4A, 0xF6, 0x0D, 0x21, 0x18, 0x39, 0xDA, // "¦" (U+00A6)
  0x02, 0x01, 0x13, 0x22, 0x17, 0x3A, 0x32, // "§" (U+00A7)
  0x06, 0x1D, 0x12, 0x20, 0x1A, 0x3A, 0xEE, // "¨" (U+00A8)
  0x02, 0x01, 0x22, 0x21, 0x25, 0x3B, 0x06, // "©" (U+00A9)
  0x01, 0x12, 0x0D, 0x20, 0x10, 0x3C, 0x46, // "ª" (U+00AA)
  0x01, 0x03, 0x14, 0x15, 0x16, 0x3C, 0x99, // "«" (U+00AB)
  0x02, 0x06, 0x16, 0x12, 0x19, 0x3D, 0x1B, // "¬" (U+00AC)
  0x02, 0x01, 0x22, 0x21, 0x25, 0x3D, 0x4E, // "®" (U+00AE)
  0xFF, 0x22, 0x16, 0x25, 0x16, 0x3E, 0xA8, // "¯" (U+00AF)
  0x02, 0x13, 0x10, 0x20, 0x13, 0x3E, 0xB7, // "°" (U+00B0)
  0x02, 0x01, 0x16, 0x1A, 0x19, 0x3F, 0x09, // "±" (U+00B1)
  0x01, 0x13, 0x0D, 0x25, 0x0F, 0x3F, 0x5E, // "²" (U+00B2)
  0x00, 0x13, 0x0E, 0x26, 0x0F, 0x3F, 0xAE, // "³" (U+00B3)
  0x01, 0x1C, 0x0A, 0x22, 0x0C, 0x40, 0x0D, // "´" (U+00B4)
  0x03, 0xF6, 0x17, 0x18, 0x1B, 0x40, 0x28, // "µ" (U+00B5)
  0x02, 0xFB, 0x18, 0x22, 0x1D, 0x40, 0xEF, // "¶" (U+00B6)
  0x03, 0x0E, 0x08, 0x13, 0x0C, 0x41, 0xEE, // "·" (U+00B7)
  0x00, 0xF6, 0x09, 0x00, 0x0A, 0x41, 0xFF, // "¸" (U+00B8)
  0x01, 0x13, 0x0A, 0x25, 0x0F, 0x42, 0x28, // "¹" (U+00B9)
  0x01, 0x12, 0x0F, 0x20, 0x11, 0x42, 0x6C, // "º" (U+00BA)
  0x01, 0x03, 0x14, 0x15, 0x16, 0x42, 0xC3, // "»" (U+00BB)
  0x01, 0x01, 0x20, 0x1F, 0x21, 0x43, 0x47, // "¼" (U+00BC)
  0x01, 0x01, 0x1F, 0x1F, 0x22, 0x44, 0x5C, // "½" (U+00BD)
  0x00, 0x01, 0x21, 0x20, 0x22, 0x45, 0x64, // "¾" (U+00BE)
  0x01, 0xF9, 0x12, 0x17, 0x13, 0x46, 0x98, // "¿" (U+00BF)
  0x00, 0x01, 0x1B, 0x2A, 0x1C, 0x47, 0x13, // "À" (U+00C0)
  0x00, 0x01, 0x1B, 0x2A, 0x1C, 0x47, 0xF5, // "Á" (U+00C1)
  0x00, 0x01, 0x1B, 0x2A, 0x1C, 0x48, 0xDB, // "Â" (U+00C2)
  0x00, 0x01, 0x1B, 0x29, 0x1C, 0x49, 0xCA, // "Ã" (U+00C3)
  0x00, 0x01, 0x1B, 0x28, 0x1C, 0x4A, 0xB9, // "Ä" (U+00C4)
  0x00, 0x01, 0x1B, 0x28, 0x1C, 0x4B, 0x99, // "Å" (U+00C5)
  0x00, 0x01, 0x24, 0x1F, 0x27, 0x4C, 0x90, // "Æ" (U+00C6)
  0x02, 0xF6, 0x1A, 0x1F, 0x1C, 0x4D, 0x6D, // "Ç" (U+00C7)
  0x04, 0x01, 0x15, 0x2A, 0x18, 0x4E, 0x45, // "È" (U+00C8)
  0x04, 0x01, 0x15, 0x2A, 0x18, 0x4E, 0xD4, // "É" (U+00C9)
  0x04, 0x01, 0x15, 0x2A, 0x18, 0x4F, 0x67, // "Ê" (U+00CA)
  0x04, 0x01, 0x15, 0x28, 0x18, 0x50, 0x03, // "Ë" (U+00CB)
  0x01, 0x01, 0x0D, 0x2A, 0x0F, 0x50, 0x92, // "Ì" (U+00CC)
  0x01, 0x01, 0x0D, 0x2A, 0x0F, 0x51, 0x1C, // "Í" (U+00CD)
  0xFF, 0x01, 0x0E, 0x2A, 0x0F, 0x51, 0xA7, // "Î" (U+00CE)
  0x01, 0x01, 0x0D, 0x28, 0x0F, 0x52, 0x42, // "Ï" (U+00CF)
  0x01, 0x01, 0x1D, 0x1F, 0x20, 0x52, 0xCB, // "Ð" (U+00D0)
  0x04, 0x01, 0x1D, 0x29, 0x21, 0x53, 0xA5, // "Ñ" (U+00D1)
  0x02, 0x01, 0x1F, 0x2A, 0x22, 0x54, 0xD1, // "Ò" (U+00D2)
  0x02, 0x01, 0x1F, 0x2A, 0x22, 0x55, 0xD7, // "Ó" (U+00D3)
  0x02, 0x01, 0x1F, 0x2A, 0x22, 0x56, 0xE2, // "Ô" (U+00D4)
  0x02, 0x01, 0x1F, 0x29, 0x22, 0x57, 0xF6, // "Õ" (U+00D5)
  0x02, 0x01, 0x1F, 0x28, 0x22, 0x59, 0x0A, // "Ö" (U+00D6)
  0x03, 0x07, 0x15, 0x19, 0x19, 0x5A, 0x0E, // "×" (U+00D7)
  0x02, 0x00, 0x1F, 0x20, 0x22, 0x5A, 0x77, // "Ø" (U+00D8)
  0x04, 0x01, 0x1C, 0x2A, 0x20, 0x5B, 0x99, // "Ù" (U+00D9)
  0x04, 0x01, 0x1C, 0x2A, 0x20, 0x5C, 0x72, // "Ú" (U+00DA)
  0x04, 0x01, 0x1C, 0x2A, 0x20, 0x5D, 0x4F, // "Û" (U+00DB)
  0x04, 0x01, 0x1C, 0x28, 0x20, 0x5E, 0x36, // "Ü" (U+00DC)
  0x00, 0x01, 0x18, 0x2A, 0x19, 0x5F, 0x0E, // "Ý" (U+00DD)
  0x04, 0x01, 0x18, 0x1F, 0x1B, 0x5F, 0xD8, // "Þ" (U+00DE)
  0x03, 0x01, 0x19, 0x22, 0x1C, 0x60, 0x82, // "ß" (U+00DF)
  0x02, 0x01, 0x15, 0x22, 0x19, 0x61, 0x71, // "à" (U+00E0)
  0x02, 0x01, 0x15, 0x22, 0x19, 0x62, 0x23, // "á" (U+00E1)
  0x02, 0x01, 0x15, 0x22, 0x19, 0x62, 0xD6, // "â" (U+00E2)
  0x02, 0x01, 0x15, 0x21, 0x19, 0x63, 0x93, // "ã" (U+00E3)
  0x02, 0x01, 0x15, 0x20, 0x19, 0x64, 0x52, // "ä" (U+00E4)
  0x02, 0x01, 0x15, 0x25, 0x19, 0x65, 0x02, // "å" (U+00E5)
  0x02, 0x01, 0x23, 0x18, 0x26, 0x65, 0xCE, // "æ" (U+00E6)
  0x02, 0xF6, 0x13, 0x18, 0x15, 0x66, 0xA8, // "ç" (U+00E7)
  0x02, 0x01, 0x16, 0x22, 0x19, 0x67, 0x49, // "è" (U+00E8)
  0x02, 0x01, 0x16, 0x22, 0x19, 0x67, 0xE9, // "é" (U+00E9)
  0x02, 0x01, 0x16, 0x22, 0x19, 0x68, 0x8D, // "ê" (U+00EA)
  0x02, 0x01, 0x16, 0x20, 0x19, 0x69, 0x3A, // "ë" (U+00EB)
  0xFF, 0x01, 0x08, 0x22, 0x0B, 0x69, 0xDA, // "ì" (U+00EC)
  0x02, 0x01, 0x0B, 0x22, 0x0B, 0x6A, 0x3A, // "í" (U+00ED)
  0xFE, 0x01, 0x0D, 0x22, 0x0B, 0x6A, 0x9F, // "î" (U+00EE)
  0xFF, 0x01, 0x0B, 0x20, 0x0B, 0x6B, 0x1C, // "ï" (U+00EF)
  0x02, 0x01, 0x18, 0x22, 0x1B, 0x6B, 0x8A, // "ð" (U+00F0)
  0x03, 0x01, 0x17, 0x21, 0x1B, 0x6C, 0x67, // "ñ" (U+00F1)
  0x02, 0x01, 0x18, 0x22, 0x1B, 0x6D, 0x2D, // "ò" (U+00F2)
  0x02, 0x01, 0x18, 0x22, 0x1B, 0x6D, 0xE4, // "ó" (U+00F3)
  0x02, 0x01, 0x18, 0x22, 0x1B, 0x6E, 0xA0, // "ô" (U+00F4)
  0x02, 0x01, 0x18, 0x21, 0x1B, 0x6F, 0x65, // "õ" (U+00F5)
  0x02, 0x01, 0x18, 0x20, 0x1B, 0x70, 0x2B, // "ö" (U+00F6)
  0x02, 0x06, 0x16, 0x19, 0x19, 0x70, 0xE2, // "÷" (U+00F7)
  0x02, 0x00, 0x18, 0x19, 0x1B, 0x71, 0x21, // "ø" (U+00F8)
  0x03, 0x01, 0x17, 0x22, 0x1B, 0x71, 0xE8, // "ù" (U+00F9)
  0x03, 0x01, 0x17, 0x22, 0x1B, 0x72, 0xA2, // "ú" (U+00FA)
  0x03, 0x01, 0x17, 0x22, 0x1B, 0x73, 0x60, // "û" (U+00FB)
  0x03, 0x01, 0x17, 0x20, 0x1B, 0x74, 0x26, // "ü" (U+00FC)
  0x00, 0xF6, 0x16, 0x22, 0x16, 0x74, 0xE0, // "ý" (U+00FD)
  0x03, 0xF6, 0x18, 0x21, 0x1B, 0x75, 0xC3, // "þ" (U+00FE)
  0x00, 0xF6, 0x16, 0x20, 0x16, 0x76, 0xBE, // "ÿ" (U+00FF)
  0x00, 0x01, 0x1B, 0x27, 0x1C, 0x77, 0x9C, // "Ā" (U+0100)
  0x02, 0x01, 0x15, 0x1F, 0x19, 0x78, 0x6F, // "ā" (U+0101)
  0x00, 0x01, 0x1B, 0x29, 0x1C, 0x79, 0x13, // "Ă" (U+0102)
  0x02, 0x01, 0x15, 0x21, 0x19, 0x79, 0xFE, // "ă" (U+0103)
  0x00, 0xF7, 0x1B, 0x1F, 0x1C, 0x7A, 0xB9, // "Ą" (U+0104)
  0x02, 0xF7, 0x15, 0x18, 0x19, 0x7B, 0xA6, // "ą" (U+0105)
  0x02, 0x01, 0x1A, 0x2A, 0x1C, 0x7C, 0x5F, // "Ć" (U+0106)
  0x02, 0x01, 0x13, 0x22, 0x15, 0x7D, 0x24, // "ć" (U+0107)
  0x02, 0x01, 0x1A, 0x2A, 0x1C, 0x7D, 0xB5, // "Ĉ" (U+0108)
  0x02, 0x01, 0x13, 0x22, 0x15, 0x7E, 0x84, // "ĉ" (U+0109)
  0x02, 0x01, 0x1A, 0x28, 0x1C, 0x7F, 0x1E, // "Ċ" (U+010A)
  0x02, 0x01, 0x13, 0x20, 0x15, 0x7F, 0xD7, // "ċ" (U+010B)
  0x02, 0x01, 0x1A, 0x2A, 0x1C, 0x80, 0x5D, // "Č" (U+010C)
  0x02, 0x01, 0x13, 0x22, 0x15, 0x81, 0x2C, // "č" (U+010D)
  0x04, 0x01, 0x1D, 0x2A, 0x20, 0x81, 0xC7, // "Ď" (U+010E)
  0x02, 0x01, 0x1E, 0x21, 0x1B, 0x82, 0xC7, // "ď" (U+010F)
  0x01, 0x01, 0x1D, 0x1F, 0x20, 0x83, 0xB6, // "Đ" (U+0110)
  0x02, 0x01, 0x1A, 0x21, 0x1B, 0x84, 0x90, // "đ" (U+0111)
  0x04, 0x01, 0x15, 0x27, 0x18, 0x85, 0x69, // "Ē" (U+0112)
  0x02, 0x01, 0x16, 0x1F, 0x19, 0x85, 0xED, // "ē" (U+0113)
  0x04, 0x01, 0x15, 0x29, 0x18, 0x86, 0x80, // "Ĕ" (U+0114)
  0x02, 0x01, 0x16, 0x21, 0x19, 0x87, 0x1A, // "ĕ" (U+0115)
  0x04, 0x01, 0x15, 0x28, 0x18, 0x87, 0xC4, // "Ė" (U+0116)
  0x02, 0x01, 0x16, 0x20, 0x19, 0x88, 0x4C, // "ė" (U+0117)
  0x04, 0xF7, 0x15, 0x1F, 0x18, 0x88, 0xE5, // "Ę" (U+0118)
  0x02, 0xF8, 0x16, 0x18, 0x19, 0x89, 0x7A, // "ę" (U+0119)
  0x04, 0x01, 0x15, 0x2A, 0x18, 0x8A, 0x22, // "Ě" (U+011A)
  0x02, 0x01, 0x16, 0x22, 0x19, 0x8A, 0xBF, // "ě" (U+011B)
  0x02, 0x01, 0x1C, 0x2A, 0x20, 0x8B, 0x6C, // "Ĝ" (U+011C)
  0x02, 0xF6, 0x17, 0x22, 0x1B, 0x8C, 0x63, // "ĝ" (U+011D)
  0x02, 0x01, 0x1C, 0x29, 0x20, 0x8D, 0x73, // "Ğ" (U+011E)
  0x02, 0xF6, 0x17, 0x21, 0x1B, 0x8E, 0x68, // "ğ" (U+011F)
  0x02, 0x01, 0x1C, 0x28, 0x20, 0x8F, 0x76, // "Ġ" (U+0120)
  0x02, 0xF6, 0x17, 0x20, 0x1B, 0x90, 0x58, // "ġ" (U+0121)
  0x02, 0xF8, 0x1C, 0x1F, 0x20, 0x91, 0x54, // "Ģ" (U+0122)
  0x02, 0xF6, 0x17, 0x21, 0x1B, 0x92, 0x40, // "ģ" (U+0123)
  0x04, 0x01, 0x1C, 0x2A, 0x21, 0x93, 0x42, // "Ĥ" (U+0124)
  0xFE, 0x01, 0x17, 0x2C, 0x1B, 0x94, 0x33, // "ĥ" (U+0125)
  0x00, 0x01, 0x20, 0x1F, 0x21, 0x95, 0x28, // "Ħ" (U+0126)
  0x00, 0x01, 0x17, 0x21, 0x1B, 0x96, 0x03, // "ħ" (U+0127)
  0xFF, 0x01, 0x0F, 0x29, 0x0F, 0x96, 0xCF, // "Ĩ" (U+0128)
  0xFD, 0x01, 0x0D, 0x21, 0x0B, 0x97, 0x6E, // "ĩ" (U+0129)
  0x00, 0x01, 0x0D, 0x27, 0x0F, 0x97, 0xED, // "Ī" (U+012A)
  0xFE, 0x01, 0x0B, 0x1F, 0x0B, 0x98, 0x6D, // "ī" (U+012B)
  0x00, 0x01, 0x0E, 0x29, 0x0F, 0x98, 0xD0, // "Ĭ" (U+012C)
  0xFE, 0x01, 0x0C, 0x21, 0x0B, 0x99, 0x68, // "ĭ" (U+012D)
  0x01, 0xF7, 0x0D, 0x1F, 0x0F, 0x99, 0xE2, // "Į" (U+012E)
  0x00, 0xF7, 0x07, 0x21, 0x0B, 0x9A, 0x72, // "į" (U+012F)
  0x01, 0x01, 0x0D, 0x28, 0x0F, 0x9A, 0xEA, // "İ" (U+0130)
  0x43, 0x01, 0x07, 0x18, 0x0B, 0x9B, 0x6C, // "ı" (U+0131)
  0x01, 0xF8, 0x16, 0x1F, 0x1B, 0x9B, 0xA8, // "Ĳ" (U+0132)
  0x03, 0xF6, 0x12, 0x21, 0x17, 0x9C, 0x7F, // "ĳ" (U+0133)
  0xFC, 0xF8, 0x0D, 0x2A, 0x0C, 0x9D, 0x4E, // "Ĵ" (U+0134)
  0xFD, 0xF6, 0x0D, 0x22, 0x0B, 0x9D, 0xEB, // "ĵ" (U+0135)
  0x04, 0xF7, 0x1A, 0x1F, 0x1B, 0x9E, 0x93, // "Ķ" (U+0136)
  0x03, 0xF7, 0x16, 0x21, 0x18, 0x9F, 0x83, // "ķ" (U+0137)
  0x03, 0x01, 0x16, 0x18, 0x18, 0xA0, 0x5D, // "ĸ" (U+0138)
  0x03, 0x01, 0x15, 0x2A, 0x17, 0xA0, 0xF8, // "Ĺ" (U+0139)
  0x02, 0x01, 0x0B, 0x2C, 0x0B, 0xA1, 0x88, // "ĺ" (U+013A)
  0x04, 0xF7, 0x15, 0x1F, 0x17, 0xA2, 0x08, // "Ļ" (U+013B)
  0x02, 0xF7, 0x08, 0x21, 0x0B, 0xA2, 0x90, // "ļ" (U+013C)
  0x04, 0x01, 0x15, 0x1F, 0x17, 0xA3, 0x0B, // "Ľ" (U+013D)
  0x03, 0x01, 0x0E, 0x21, 0x0B, 0xA3, 0x8C, // "ľ" (U+013E)
  0x04, 0x01, 0x15, 0x1F, 0x17, 0xA4, 0x03, // "Ŀ" (U+013F)
  0x03, 0x01, 0x0E, 0x21, 0x0C, 0xA4, 0x7F, // "ŀ" (U+0140)
  0x00, 0x01, 0x15, 0x1F, 0x17, 0xA4, 0xF0, // "Ł" (U+0141)
  0xFF, 0x01, 0x0B, 0x21, 0x0B, 0xA5, 0x7C, // "ł" (U+0142)
  0x04, 0x01, 0x1D, 0x2A, 0x21, 0xA5, 0xF9, // "Ń" (U+0143)
  0x03, 0x01, 0x17, 0x22, 0x1B, 0xA7, 0x19, // "ń" (U+0144)
  0x04, 0xF7, 0x1D, 0x1F, 0x21, 0xA7, 0xD6, // "Ņ" (U+0145)
  0x03, 0xF7, 0x17, 0x18, 0x1B, 0xA8, 0xF2, // "ņ" (U+0146)
  0x04, 0x01, 0x1D, 0x2A, 0x21, 0xA9, 0xAA, // "Ň" (U+0147)
  0x03, 0x01, 0x17, 0x22, 0x1B, 0xAA, 0xD5, // "ň" (U+0148)
  0x00, 0x01, 0x1A, 0x1F, 0x1E, 0xAB, 0x9B, // "ŉ" (U+0149)
  0x04, 0xF8, 0x1D, 0x1F, 0x21, 0xAC, 0x69, // "Ŋ" (U+014A)
  0x03, 0xF6, 0x17, 0x18, 0x1B, 0xAD, 0x8E, // "ŋ" (U+014B)
  0x02, 0x01, 0x1F, 0x27, 0x22, 0xAE, 0x57, // "Ō" (U+014C)
  0x02, 0x01, 0x18, 0x1F, 0x1B, 0xAF, 0x50, // "ō" (U+014D)
  0x02, 0x01, 0x1F, 0x29, 0x22, 0xAF, 0xFB, // "Ŏ" (U+014E)
  0x02, 0x01, 0x18, 0x21, 0x1B, 0xB1, 0x0C, // "ŏ" (U+014F)
  0x02, 0x01, 0x1F, 0x2A, 0x22, 0xB1, 0xCE, // "Ő" (U+0150)
  0x02, 0x01, 0x18, 0x22, 0x1B, 0xB2, 0xE9, // "ő" (U+0151)
  0x02, 0x01, 0x26, 0x1F, 0x29, 0xB3, 0xB5, // "Œ" (U+0152)
  0x02, 0x01, 0x27, 0x18, 0x2A, 0xB4, 0x9D, // "œ" (U+0153)
  0x04, 0x01, 0x1A, 0x2A, 0x1B, 0xB5, 0x90, // "Ŕ" (U+0154)
  0x03, 0x01, 0x11, 0x22, 0x12, 0xB6, 0x7E, // "ŕ" (U+0155)
  0x04, 0xF7, 0x1A, 0x1F, 0x1B, 0xB6, 0xFE, // "Ŗ" (U+0156)
  0x02, 0xF7, 0x11, 0x18, 0x12, 0xB7, 0xE7, // "ŗ" (U+0157)
  0x04, 0x01, 0x1A, 0x2A, 0x1B, 0xB8, 0x66, // "Ř" (U+0158)
  0x02, 0x01, 0x11, 0x22, 0x12, 0xB9, 0x5E, // "ř" (U+0159)
  0x02, 0x01, 0x16, 0x2A, 0x18, 0xB9, 0xEA, // "Ś" (U+015A)
  0x02, 0x01, 0x12, 0x22, 0x15, 0xBA, 0xB2, // "ś" (U+015B)
  0x02, 0x01, 0x16, 0x2A, 0x18, 0xBB, 0x44, // "Ŝ" (U+015C)
  0x02, 0x01, 0x12, 0x22, 0x15, 0xBC, 0x14, // "ŝ" (U+015D)
  0x02, 0xF6, 0x16, 0x1F, 0x18, 0xBC, 0xAF, // "Ş" (U+015E)
  0x02, 0xF6, 0x12, 0x18, 0x15, 0xBD, 0x88, // "ş" (U+015F)
  0x02, 0x01, 0x16, 0x2A, 0x18, 0xBE, 0x29, // "Š" (U+0160)
  0x02, 0x01, 0x12, 0x22, 0x15, 0xBE, 0xFA, // "š" (U+0161)
  0x00, 0xF6, 0x17, 0x1F, 0x18, 0xBF, 0x96, // "Ţ" (U+0162)
  0x00, 0xF6, 0x0E, 0x1E, 0x10, 0xC0, 0x48, // "ţ" (U+0163)
  0x00, 0x01, 0x17, 0x2A, 0x18, 0xC0, 0xE8, // "Ť" (U+0164)
  0x00, 0x01, 0x14, 0x22, 0x10, 0xC1, 0x93, // "ť" (U+0165)
  0x00, 0x01, 0x17, 0x1F, 0x18, 0xC2, 0x29, // "Ŧ" (U+0166)
  0x00, 0x01, 0x0E, 0x1E, 0x10, 0xC2, 0xAB, // "ŧ" (U+0167)
  0x04, 0x01, 0x1C, 0x29, 0x20, 0xC3, 0x20, // "Ũ" (U+0168)
  0x03, 0x01, 0x17, 0x21, 0x1B, 0xC4, 0x09, // "ũ" (U+0169)
  0x04, 0x01, 0x1C, 0x27, 0x20, 0xC4, 0xD0, // "Ū" (U+016A)
  0x03, 0x01, 0x17, 0x1F, 0x1B, 0xC5, 0x9D, // "ū" (U+016B)
  0x04, 0x01, 0x1C, 0x29, 0x20, 0xC6, 0x49, // "Ŭ" (U+016C)
  0x03, 0x01, 0x17, 0x21, 0x1B, 0xC7, 0x2D, // "ŭ" (U+016D)
  0x04, 0x01, 0x1C, 0x2D, 0x20, 0xC7, 0xF1, // "Ů" (U+016E)
  0x03, 0x01, 0x17, 0x25, 0x1B, 0xC8, 0xE7, // "ů" (U+016F)
  0x04, 0x01, 0x1C, 0x2A, 0x20, 0xC9, 0xBC, // "Ű" (U+0170)
  0x03, 0x01, 0x17, 0x22, 0x1B, 0xCA, 0xAA, // "ű" (U+0171)
  0x04, 0xF8, 0x1C, 0x1F, 0x20, 0xCB, 0x78, // "Ų" (U+0172)
  0x03, 0xF7, 0x17, 0x18, 0x1B, 0xCC, 0x5C, // "ų" (U+0173)
  0x00, 0x01, 0x28, 0x2A, 0x29, 0xCD, 0x1D, // "Ŵ" (U+0174)
  0x00, 0x01, 0x21, 0x22, 0x23, 0xCE, 0xA1, // "ŵ" (U+0175)
  0x00, 0x01, 0x18, 0x2A, 0x19, 0xCF, 0xC7, // "Ŷ" (U+0176)
  0x00, 0xF6, 0x16, 0x22, 0x16, 0xD0, 0x9B, // "ŷ" (U+0177)
  0x00, 0x01, 0x18, 0x28, 0x19, 0xD1, 0x88, // "Ÿ" (U+0178)
  0x01, 0x01, 0x17, 0x2A, 0x19, 0xD2, 0x4D, // "Ź" (U+0179)
  0x01, 0x01, 0x12, 0x22, 0x15, 0xD2, 0xF0, // "ź" (U+017A)
  0x01, 0x01, 0x17, 0x28, 0x19, 0xD3, 0x6C, // "Ż" (U+017B)
  0x01, 0x01, 0x12, 0x20, 0x15, 0xD4, 0x03, // "ż" (U+017C)
  0x01, 0x01, 0x17, 0x2A, 0x19, 0xD4, 0x74, // "Ž" (U+017D)
  0x01, 0x01, 0x12, 0x22, 0x15, 0xD5, 0x21, // "ž" (U+017E)
  0x03, 0x01, 0x0F, 0x22, 0x0E, 0xD5, 0xA8, // "ſ" (U+017F)
  0x01, 0x01, 0x20, 0x1F, 0x22, 0xD6, 0x25, // "Ω" (U+03A9)
  0x03, 0xF6, 0x17, 0x18, 0x1B, 0xD7, 0x10, // "μ" (U+03BC)
  0x00, 0x01, 0x1B, 0x18, 0x1D, 0xD7, 0xD7, // "π" (U+03C0)
  0x01, 0x0B, 0x14, 0x0E, 0x16, 0xD8, 0x70, // "–" (U+2013)
  0x01, 0x0B, 0x2A, 0x0E, 0x2C, 0xD8, 0x7D, // "—" (U+2014)
  0x01, 0x01, 0x18, 0x1F, 0x19, 0xD8, 0x8D, // "€" (U+20AC)
  0x04, 0xFC, 0x17, 0x24, 0x19, 0xD9, 0x2C, // "₿" (U+20BF)
  0x00, 0x15, 0x07, 0x1F, 0x08, 0xDA, 0x24, // "‘" (U+2018)
  0x00, 0x15, 0x07, 0x1F, 0x08, 0xDA, 0x45, // "’" (U+2019)
  0x01, 0xFB, 0x08, 0x05, 0x0B, 0xDA, 0x67, // "‚" (U+201A)
  0x00, 0x15, 0x07, 0x1F, 0x08, 0xDA, 0x89, // "‛" (U+201B)
  0x00, 0x15, 0x0F, 0x1F, 0x10, 0xDA, 0xA9, // "“" (U+201C)
  0x00, 0x15, 0x0F, 0x1F, 0x10, 0xDA, 0xEA, // "”" (U+201D)
  0x01, 0xFB, 0x10, 0x05, 0x12, 0xDB, 0x2C, // "„" (U+201E)
  0x00, 0x15, 0x0F, 0x1F, 0x10, 0xDB, 0x6E, // "‟" (U+201F)
  0x02, 0x01, 0x13, 0x21, 0x17, 0xDB, 0xAE, // "†" (U+2020)
  0x02, 0x01, 0x13, 0x21, 0x17, 0xDC, 0x29, // "‡" (U+2021)
  0x03, 0x0C, 0x0D, 0x16, 0x11, 0xDC, 0xBC, // "•" (U+2022)
  0x03, 0x01, 0x1F, 0x06, 0x23, 0xDC, 0xE4, // "…" (U+2026)
  0x02, 0x01, 0x31, 0x1F, 0x34, 0xDD, 0x1C, // "‰" (U+2030)
  0x01, 0x03, 0x0B, 0x15, 0x0E, 0xDE, 0xDF, // "‹" (U+2039)
  0x01, 0x03, 0x0B, 0x15, 0x0E, 0xDF, 0x1F, // "›" (U+203A)
  0xF7, 0x01, 0x0D, 0x1F, 0x06, 0xDF, 0x61, // "⁄" (U+2044)
  0x00, 0x11, 0x1E, 0x20, 0x22, 0xDF, 0xE7, // "™" (U+2122)
  0x01, 0x01, 0x2C, 0x1F, 0x2E, 0xE0, 0x96, // "⅒" (U+2152)
  0x00, 0x01, 0x16, 0x22, 0x1A, 0xE2, 0x11, // "ﬁ" (U+FB01)
  0x00, 0x01, 0x16, 0x22, 0x1A, 0xE2, 0xED, // "ﬂ" (U+FB02)
  
  // Kerning (22 classes, 129 sources, 734 entries, 2683 bytes).
  
  // Kerning header.
  0x00, 0x16, 0x00, 0x81, 0x02, 0xDE,
  
  // Kerning sources.
  0x00, 0x01, 0x00, // """ (U+0022) -> class 0
  0x00, 0x05, 0x01, // "&" (U+0026) -> class 1
  0x00, 0x06, 0x00, // "'" (U+0027) -> class 0
  0x00, 0x0B, 0x02, // "," (U+002C) -> class 2
  0x00, 0x0C, 0x03, // "-" (U+002D) -> class 3
  0x00, 0x0D, 0x02, // "." (U+002E) -> class 2
  0x00, 0x20, 0x04, // "A" (U+0041) -> class 4
  0x00, 0x22, 0x05, // "C" (U+0043) -> class 5
  0x00, 0x23, 0x06, // "D" (U+0044) -> class 6
  0x00, 0x25, 0x07, // "F" (U+0046) -> class 7
  0x00, 0x2A, 0x05, // "K" (U+004B) -> class 5
  0x00, 0x2B, 0x08, // "L" (U+004C) -> class 8
  0x00, 0x2E, 0x06, // "O" (U+004F) -> class 6
  0x00, 0x2F, 0x09, // "P" (U+0050) -> class 9
  0x00, 0x30, 0x06, // "Q" (U+0051) -> class 6
  0x00, 0x33, 0x0A, // "T" (U+0054) -> class 10
  0x00, 0x34, 0x0B, // "U" (U+0055) -> class 11
  0x00, 0x35, 0x0C, // "V" (U+0056) -> class 12
  0x00, 0x36, 0x0C, // "W" (U+0057) -> class 12
  0x00, 0x37, 0x05, // "X" (U+0058) -> class 5
  0x00, 0x38, 0x0D, // "Y" (U+0059) -> class 13
  0x00, 0x39, 0x0E, // "Z" (U+005A) -> class 14
  0x00, 0x41, 0x0F, // "b" (U+0062) -> class 15
  0x00, 0x44, 0x0F, // "e" (U+0065) -> class 15
  0x00, 0x45, 0x0B, // "f" (U+0066) -> class 11
  0x00, 0x4E, 0x0F, // "o" (U+006F) -> class 15
  0x00, 0x4F, 0x0F, // "p" (U+0070) -> class 15
  0x00, 0x51, 0x10, // "r" (U+0072) -> class 16
  0x00, 0x55, 0x11, // "v" (U+0076) -> class 17
  0x00, 0x56, 0x11, // "w" (U+0077) -> class 17
  0x00, 0x57, 0x12, // "x" (U+0078) -> class 18
  0x00, 0x58, 0x11, // "y" (U+0079) -> class 17
  0x00, 0x5E, 0x13, // "¡" (U+00A1) -> class 19
  0x00, 0x68, 0x13, // "«" (U+00AB) -> class 19
  0x00, 0x77, 0x14, // "»" (U+00BB) -> class 20
  0x00, 0x7B, 0x15, // "¿" (U+00BF) -> class 21
  0x00, 0x7C, 0x04, // "À" (U+00C0) -> class 4
  0x00, 0x7D, 0x04, // "Á" (U+00C1) -> class 4
  0x00, 0x7E, 0x04, // "Â" (U+00C2) -> class 4
  0x00, 0x7F, 0x04, // "Ã" (U+00C3) -> class 4
  0x00, 0x80, 0x04, // "Ä" (U+00C4) -> class 4
  0x00, 0x81, 0x04, // "Å" (U+00C5) -> class 4
  0x00, 0x83, 0x05, // "Ç" (U+00C7) -> class 5
  0x00, 0x8C, 0x06, // "Ð" (U+00D0) -> class 6
  0x00, 0x8E, 0x06, // "Ò" (U+00D2) -> class 6
  0x00, 0x8F, 0x06, // "Ó" (U+00D3) -> class 6
  0x00, 0x90, 0x06, // "Ô" (U+00D4) -> class 6
  0x00, 0x91, 0x06, // "Õ" (U+00D5) -> class 6
  0x00, 0x92, 0x06, // "Ö" (U+00D6) -> class 6
  0x00, 0x94, 0x06, // "Ø" (U+00D8) -> class 6
  0x00, 0x95, 0x0B, // "Ù" (U+00D9) -> class 11
  0x00, 0x96, 0x0B, // "Ú" (U+00DA) -> class 11
  0x00, 0x97, 0x0B, // "Û" (U+00DB) -> class 11
  0x00, 0x98, 0x0B, // "Ü" (U+00DC) -> class 11
  0x00, 0x99, 0x0D, // "Ý" (U+00DD) -> class 13
  0x00, 0x9A, 0x09, // "Þ" (U+00DE) -> class 9
  0x00, 0xA2, 0x0F, // "æ" (U+00E6) -> class 15
  0x00, 0xA4, 0x0F, // "è" (U+00E8) -> class 15
  0x00, 0xA5, 0x0F, // "é" (U+00E9) -> class 15
  0x00, 0xA6, 0x0F, // "ê" (U+00EA) -> class 15
  0x00, 0xA7, 0x0F, // "ë" (U+00EB) -> class 15
  0x00, 0xAC, 0x0F, // "ð" (U+00F0) -> class 15
  0x00, 0xAE, 0x0F, // "ò" (U+00F2) -> class 15
  0x00, 0xAF, 0x0F, // "ó" (U+00F3) -> class 15
  0x00, 0xB0, 0x0F, // "ô" (U+00F4) -> class 15
  0x00, 0xB1, 0x0F, // "õ" (U+00F5) -> class 15
  0x00, 0xB2, 0x0F, // "ö" (U+00F6) -> class 15
  0x00, 0xB4, 0x0F, // "ø" (U+00F8) -> class 15
  0x00, 0xB9, 0x11, // "ý" (U+00FD) -> class 17
  0x00, 0xBA, 0x0F, // "þ" (U+00FE) -> class 15
  0x00, 0xBB, 0x11, // "ÿ" (U+00FF) -> class 17
  0x00, 0xBC, 0x04, // "Ā" (U+0100) -> class 4
  0x00, 0xBE, 0x04, // "Ă" (U+0102) -> class 4
  0x00, 0xC0, 0x04, // "Ą" (U+0104) -> class 4
  0x00, 0xC2, 0x05, // "Ć" (U+0106) -> class 5
  0x00, 0xC4, 0x05, // "Ĉ" (U+0108) -> class 5
  0x00, 0xC6, 0x05, // "Ċ" (U+010A) -> class 5
  0x00, 0xC8, 0x05, // "Č" (U+010C) -> class 5
  0x00, 0xCA, 0x06, // "Ď" (U+010E) -> class 6
  0x00, 0xCC, 0x06, // "Đ" (U+0110) -> class 6
  0x00, 0xCF, 0x0F, // "ē" (U+0113) -> class 15
  0x00, 0xD1, 0x0F, // "ĕ" (U+0115) -> class 15
  0x00, 0xD3, 0x0F, // "ė" (U+0117) -> class 15
  0x00, 0xD5, 0x0F, // "ę" (U+0119) -> class 15
  0x00, 0xD7, 0x0F, // "ě" (U+011B) -> class 15
  0x00, 0xF2, 0x05, // "Ķ" (U+0136) -> class 5
  0x00, 0xF4, 0x12, // "ĸ" (U+0138) -> class 18
  0x00, 0xF5, 0x08, // "Ĺ" (U+0139) -> class 8
  0x00, 0xF7, 0x08, // "Ļ" (U+013B) -> class 8
  0x00, 0xF9, 0x08, // "Ľ" (U+013D) -> class 8
  0x00, 0xFB, 0x08, // "Ŀ" (U+013F) -> class 8
  0x00, 0xFD, 0x08, // "Ł" (U+0141) -> class 8
  0x01, 0x08, 0x06, // "Ō" (U+014C) -> class 6
  0x01, 0x09, 0x0F, // "ō" (U+014D) -> class 15
  0x01, 0x0A, 0x06, // "Ŏ" (U+014E) -> class 6
  0x01, 0x0B, 0x0F, // "ŏ" (U+014F) -> class 15
  0x01, 0x0C, 0x06, // "Ő" (U+0150) -> class 6
  0x01, 0x0D, 0x0F, // "ő" (U+0151) -> class 15
  0x01, 0x0F, 0x0F, // "œ" (U+0153) -> class 15
  0x01, 0x11, 0x10, // "ŕ" (U+0155) -> class 16
  0x01, 0x13, 0x10, // "ŗ" (U+0157) -> class 16
  0x01, 0x15, 0x10, // "ř" (U+0159) -> class 16
  0x01, 0x1E, 0x0A, // "Ţ" (U+0162) -> class 10
  0x01, 0x20, 0x0A, // "Ť" (U+0164) -> class 10
  0x01, 0x22, 0x0A, // "Ŧ" (U+0166) -> class 10
  0x01, 0x24, 0x0B, // "Ũ" (U+0168) -> class 11
  0x01, 0x26, 0x0B, // "Ū" (U+016A) -> class 11
  0x01, 0x28, 0x0B, // "Ŭ" (U+016C) -> class 11
  0x01, 0x2A, 0x0B, // "Ů" (U+016E) -> class 11
  0x01, 0x2C, 0x0B, // "Ű" (U+0170) -> class 11
  0x01, 0x2E, 0x0B, // "Ų" (U+0172) -> class 11
  0x01, 0x30, 0x0C, // "Ŵ" (U+0174) -> class 12
  0x01, 0x31, 0x11, // "ŵ" (U+0175) -> class 17
  0x01, 0x32, 0x0D, // "Ŷ" (U+0176) -> class 13
  0x01, 0x33, 0x11, // "ŷ" (U+0177) -> class 17
  0x01, 0x34, 0x0D, // "Ÿ" (U+0178) -> class 13
  0x01, 0x35, 0x0E, // "Ź" (U+0179) -> class 14
  0x01, 0x37, 0x0E, // "Ż" (U+017B) -> class 14
  0x01, 0x39, 0x0E, // "Ž" (U+017D) -> class 14
  0x01, 0x3F, 0x03, // "–" (U+2013) -> class 3
  0x01, 0x40, 0x03, // "—" (U+2014) -> class 3
  0x01, 0x43, 0x00, // "‘" (U+2018) -> class 0
  0x01, 0x44, 0x00, // "’" (U+2019) -> class 0
  0x01, 0x45, 0x02, // "‚" (U+201A) -> class 2
  0x01, 0x47, 0x00, // "“" (U+201C) -> class 0
  0x01, 0x48, 0x00, // "”" (U+201D) -> class 0
  0x01, 0x49, 0x02, // "„" (U+201E) -> class 2
  0x01, 0x50, 0x13, // "‹" (U+2039) -> class 19
  0x01, 0x51, 0x14, // "›" (U+203A) -> class 20
  
  // Kerning classes.
  0x00, 0x00, 0x00, 0x53, // class 0 entries
  0x00, 0x53, 0x00, 0x0B, // class 1 entries
  0x00, 0x5E, 0x00, 0x2D, // class 2 entries
  0x00, 0x8B, 0x00, 0x04, // class 3 entries
  0x00, 0x8F, 0x00, 0x26, // class 4 entries
  0x00, 0xB5, 0x00, 0x19, // class 5 entries
  0x00, 0xCE, 0x00, 0x14, // class 6 entries
  0x00, 0xE2, 0x00, 0x0F, // class 7 entries
  0x00, 0xF1, 0x00, 0x26, // class 8 entries
  0x01, 0x17, 0x00, 0x13, // class 9 entries
  0x01, 0x2A, 0x00, 0x81, // class 10 entries
  0x01, 0xAB, 0x00, 0x05, // class 11 entries
  0x01, 0xB0, 0x00, 0x3B, // class 12 entries
  0x01, 0xEB, 0x00, 0x76, // class 13 entries
  0x02, 0x61, 0x00, 0x02, // class 14 entries
  0x02, 0x63, 0x00, 0x08, // class 15 entries
  0x02, 0x6B, 0x00, 0x2F, // class 16 entries
  0x02, 0x9A, 0x00, 0x05, // class 17 entries
  0x02, 0x9F, 0x00, 0x20, // class 18 entries
  0x02, 0xBF, 0x00, 0x08, // class 19 entries
  0x02, 0xC7, 0x00, 0x0C, // class 20 entries
  0x02, 0xD3, 0x00, 0x0B, // class 21 entries
  
  // Kerning destinations.
  0x00, 0x20, 0x03, // class 0 -> "A" (U+0041)
  0x00, 0x40, 0x02, // class 0 -> "a" (U+0061)
  0x00, 0x42, 0x03, // class 0 -> "c" (U+0063)
  0x00, 0x43, 0x03, // class 0 -> "d" (U+0064)
  0x00, 0x44, 0x03, // class 0 -> "e" (U+0065)
  0x00, 0x46, 0x01, // class 0 -> "g" (U+0067)
  0x00, 0x4C, 0x01, // class 0 -> "m" (U+006D)
  0x00, 0x4D, 0x01, // class 0 -> "n" (U+006E)
  0x00, 0x4E, 0x03, // class 0 -> "o" (U+006F)
  0x00, 0x4F, 0x01, // class 0 -> "p" (U+0070)
  0x00, 0x50, 0x03, // class 0 -> "q" (U+0071)
  0x00, 0x51, 0x01, // class 0 -> "r" (U+0072)
  0x00, 0x52, 0x01, // class 0 -> "s" (U+0073)
  0x00, 0x54, 0x01, // class 0 -> "u" (U+0075)
  0x00, 0x7C, 0x03, // class 0 -> "À" (U+00C0)
  0x00, 0x7D, 0x03, // class 0 -> "Á" (U+00C1)
  0x00, 0x7E, 0x03, // class 0 -> "Â" (U+00C2)
  0x00, 0x7F, 0x03, // class 0 -> "Ã" (U+00C3)
  0x00, 0x80, 0x03, // class 0 -> "Ä" (U+00C4)
  0x00, 0x81, 0x03, // class 0 -> "Å" (U+00C5)
  0x00, 0x82, 0x04, // class 0 -> "Æ" (U+00C6)
  0x00, 0x9C, 0x03, // class 0 -> "à" (U+00E0)
  0x00, 0x9D, 0x02, // class 0 -> "á" (U+00E1)
  0x00, 0x9E, 0x02, // class 0 -> "â" (U+00E2)
  0x00, 0x9F, 0x02, // class 0 -> "ã" (U+00E3)
  0x00, 0xA0, 0x02, // class 0 -> "ä" (U+00E4)
  0x00, 0xA1, 0x02, // class 0 -> "å" (U+00E5)
  0x00, 0xA2, 0x02, // class 0 -> "æ" (U+00E6)
  0x00, 0xA3, 0x03, // class 0 -> "ç" (U+00E7)
  0x00, 0xA4, 0x03, // class 0 -> "è" (U+00E8)
  0x00, 0xA5, 0x03, // class 0 -> "é" (U+00E9)
  0x00, 0xA6, 0x03, // class 0 -> "ê" (U+00EA)
  0x00, 0xA7, 0x03, // class 0 -> "ë" (U+00EB)
  0x00, 0xAE, 0x03, // class 0 -> "ò" (U+00F2)
  0x00, 0xAF, 0x03, // class 0 -> "ó" (U+00F3)
  0x00, 0xB0, 0x03, // class 0 -> "ô" (U+00F4)
  0x00, 0xB1, 0x03, // class 0 -> "õ" (U+00F5)
  0x00, 0xB2, 0x03, // class 0 -> "ö" (U+00F6)
  0x00, 0xB4, 0x03, // class 0 -> "ø" (U+00F8)
  0x00, 0xB5, 0x01, // class 0 -> "ù" (U+00F9)
  0x00, 0xB6, 0x01, // class 0 -> "ú" (U+00FA)
  0x00, 0xB7, 0x01, // class 0 -> "û" (U+00FB)
  0x00, 0xB8, 0x01, // class 0 -> "ü" (U+00FC)
  0x00, 0xBC, 0x03, // class 0 -> "Ā" (U+0100)
  0x00, 0xBD, 0x02, // class 0 -> "ā" (U+0101)
  0x00, 0xBE, 0x03, // class 0 -> "Ă" (U+0102)
  0x00, 0xBF, 0x02, // class 0 -> "ă" (U+0103)
  0x00, 0xC0, 0x03, // class 0 -> "Ą" (U+0104)
  0x00, 0xC1, 0x02, // class 0 -> "ą" (U+0105)
  0x00, 0xC3, 0x03, // class 0 -> "ć" (U+0107)
  0x00, 0xC5, 0x03, // class 0 -> "ĉ" (U+0109)
  0x00, 0xC7, 0x03, // class 0 -> "ċ" (U+010B)
  0x00, 0xC9, 0x03, // class 0 -> "č" (U+010D)
  0x00, 0xCB, 0x03, // class 0 -> "ď" (U+010F)
  0x00, 0xCD, 0x03, // class 0 -> "đ" (U+0111)
  0x00, 0xCF, 0x03, // class 0 -> "ē" (U+0113)
  0x00, 0xD1, 0x03, // class 0 -> "ĕ" (U+0115)
  0x00, 0xD3, 0x03, // class 0 -> "ė" (U+0117)
  0x00, 0xD5, 0x03, // class 0 -> "ę" (U+0119)
  0x00, 0xD7, 0x03, // class 0 -> "ě" (U+011B)
  0x00, 0xD9, 0x01, // class 0 -> "ĝ" (U+011D)
  0x00, 0xDB, 0x01, // class 0 -> "ğ" (U+011F)
  0x00, 0xDD, 0x01, // class 0 -> "ġ" (U+0121)
  0x00, 0xDF, 0x01, // class 0 -> "ģ" (U+0123)
  0x00, 0xF4, 0x01, // class 0 -> "ĸ" (U+0138)
  0x01, 0x00, 0x01, // class 0 -> "ń" (U+0144)
  0x01, 0x02, 0x01, // class 0 -> "ņ" (U+0146)
  0x01, 0x07, 0x01, // class 0 -> "ŋ" (U+014B)
  0x01, 0x09, 0x03, // class 0 -> "ō" (U+014D)
  0x01, 0x0B, 0x03, // class 0 -> "ŏ" (U+014F)
  0x01, 0x0D, 0x03, // class 0 -> "ő" (U+0151)
  0x01, 0x0F, 0x03, // class 0 -> "œ" (U+0153)
  0x01, 0x11, 0x01, // class 0 -> "ŕ" (U+0155)
  0x01, 0x13, 0x01, // class 0 -> "ŗ" (U+0157)
  0x01, 0x17, 0x01, // class 0 -> "ś" (U+015B)
  0x01, 0x1B, 0x01, // class 0 -> "ş" (U+015F)
  0x01, 0x25, 0x01, // class 0 -> "ũ" (U+0169)
  0x01, 0x27, 0x01, // class 0 -> "ū" (U+016B)
  0x01, 0x29, 0x01, // class 0 -> "ŭ" (U+016D)
  0x01, 0x2B, 0x01, // class 0 -> "ů" (U+016F)
  0x01, 0x2D, 0x01, // class 0 -> "ű" (U+0171)
  0x01, 0x2F, 0x01, // class 0 -> "ų" (U+0173)
  0x01, 0x3D, 0x01, // class 0 -> "μ" (U+03BC)
  0x00, 0x33, 0x03, // class 1 -> "T" (U+0054)
  0x00, 0x35, 0x01, // class 1 -> "V" (U+0056)
  0x00, 0x36, 0x01, // class 1 -> "W" (U+0057)
  0x00, 0x38, 0x01, // class 1 -> "Y" (U+0059)
  0x00, 0x99, 0x01, // class 1 -> "Ý" (U+00DD)
  0x01, 0x1E, 0x03, // class 1 -> "Ţ" (U+0162)
  0x01, 0x20, 0x03, // class 1 -> "Ť" (U+0164)
  0x01, 0x22, 0x03, // class 1 -> "Ŧ" (U+0166)
  0x01, 0x30, 0x01, // class 1 -> "Ŵ" (U+0174)
  0x01, 0x32, 0x01, // class 1 -> "Ŷ" (U+0176)
  0x01, 0x34, 0x01, // class 1 -> "Ÿ" (U+0178)
  0x00, 0x22, 0x02, // class 2 -> "C" (U+0043)
  0x00, 0x26, 0x02, // class 2 -> "G" (U+0047)
  0x00, 0x2E, 0x02, // class 2 -> "O" (U+004F)
  0x00, 0x30, 0x02, // class 2 -> "Q" (U+0051)
  0x00, 0x33, 0x03, // class 2 -> "T" (U+0054)
  0x00, 0x34, 0x01, // class 2 -> "U" (U+0055)
  0x00, 0x35, 0x03, // class 2 -> "V" (U+0056)
  0x00, 0x36, 0x03, // class 2 -> "W" (U+0057)
  0x00, 0x38, 0x03, // class 2 -> "Y" (U+0059)
  0x00, 0x83, 0x02, // class 2 -> "Ç" (U+00C7)
  0x00, 0x8E, 0x02, // class 2 -> "Ò" (U+00D2)
  0x00, 0x8F, 0x02, // class 2 -> "Ó" (U+00D3)
  0x00, 0x90, 0x02, // class 2 -> "Ô" (U+00D4)
  0x00, 0x91, 0x02, // class 2 -> "Õ" (U+00D5)
  0x00, 0x92, 0x02, // class 2 -> "Ö" (U+00D6)
  0x00, 0x94, 0x02, // class 2 -> "Ø" (U+00D8)
  0x00, 0x95, 0x01, // class 2 -> "Ù" (U+00D9)
  0x00, 0x96, 0x01, // class 2 -> "Ú" (U+00DA)
  0x00, 0x97, 0x01, // class 2 -> "Û" (U+00DB)
  0x00, 0x98, 0x01, // class 2 -> "Ü" (U+00DC)
  0x00, 0x99, 0x03, // class 2 -> "Ý" (U+00DD)
  0x00, 0xC2, 0x02, // class 2 -> "Ć" (U+0106)
  0x00, 0xC4, 0x02, // class 2 -> "Ĉ" (U+0108)
  0x00, 0xC6, 0x02, // class 2 -> "Ċ" (U+010A)
  0x00, 0xC8, 0x02, // class 2 -> "Č" (U+010C)
  0x00, 0xD8, 0x02, // class 2 -> "Ĝ" (U+011C)
  0x00, 0xDA, 0x02, // class 2 -> "Ğ" (U+011E)
  0x00, 0xDC, 0x02, // class 2 -> "Ġ" (U+0120)
  0x00, 0xDE, 0x02, // class 2 -> "Ģ" (U+0122)
  0x01, 0x08, 0x02, // class 2 -> "Ō" (U+014C)
  0x01, 0x0A, 0x02, // class 2 -> "Ŏ" (U+014E)
  0x01, 0x0C, 0x02, // class 2 -> "Ő" (U+0150)
  0x01, 0x0E, 0x02, // class 2 -> "Œ" (U+0152)
  0x01, 0x1E, 0x03, // class 2 -> "Ţ" (U+0162)
  0x01, 0x20, 0x03, // class 2 -> "Ť" (U+0164)
  0x01, 0x22, 0x03, // class 2 -> "Ŧ" (U+0166)
  0x01, 0x24, 0x01, // class 2 -> "Ũ" (U+0168)
  0x01, 0x26, 0x01, // class 2 -> "Ū" (U+016A)
  0x01, 0x28, 0x01, // class 2 -> "Ŭ" (U+016C)
  0x01, 0x2A, 0x01, // class 2 -> "Ů" (U+016E)
  0x01, 0x2C, 0x01, // class 2 -> "Ű" (U+0170)
  0x01, 0x2E, 0x01, // class 2 -> "Ų" (U+0172)
  0x01, 0x30, 0x03, // class 2 -> "Ŵ" (U+0174)
  0x01, 0x32, 0x03, // class 2 -> "Ŷ" (U+0176)
  0x01, 0x34, 0x03, // class 2 -> "Ÿ" (U+0178)
  0x00, 0x33, 0x02, // class 3 -> "T" (U+0054)
  0x01, 0x1E, 0x02, // class 3 -> "Ţ" (U+0162)
  0x01, 0x20, 0x02, // class 3 -> "Ť" (U+0164)
  0x01, 0x22, 0x02, // class 3 -> "Ŧ" (U+0166)
  0x00, 0x01, 0x03, // class 4 -> """ (U+0022)
  0x00, 0x06, 0x03, // class 4 -> "'" (U+0027)
  0x00, 0x22, 0x01, // class 4 -> "C" (U+0043)
  0x00, 0x26, 0x01, // class 4 -> "G" (U+0047)
  0x00, 0x2E, 0x01, // class 4 -> "O" (U+004F)
  0x00, 0x30, 0x01, // class 4 -> "Q" (U+0051)
  0x00, 0x33, 0x03, // class 4 -> "T" (U+0054)
  0x00, 0x35, 0x02, // class 4 -> "V" (U+0056)
  0x00, 0x36, 0x02, // class 4 -> "W" (U+0057)
  0x00, 0x38, 0x03, // class 4 -> "Y" (U+0059)
  0x00, 0x83, 0x01, // class 4 -> "Ç" (U+00C7)
  0x00, 0x8E, 0x01, // class 4 -> "Ò" (U+00D2)
  0x00, 0x8F, 0x01, // class 4 -> "Ó" (U+00D3)
  0x00, 0x90, 0x01, // class 4 -> "Ô" (U+00D4)
  0x00, 0x91, 0x01, // class 4 -> "Õ" (U+00D5)
  0x00, 0x92, 0x01, // class 4 -> "Ö" (U+00D6)
  0x00, 0x94, 0x01, // class 4 -> "Ø" (U+00D8)
  0x00, 0x99, 0x03, // class 4 -> "Ý" (U+00DD)
  0x00, 0xC2, 0x01, // class 4 -> "Ć" (U+0106)
  0x00, 0xC4, 0x01, // class 4 -> "Ĉ" (U+0108)
  0x00, 0xC6, 0x01, // class 4 -> "Ċ" (U+010A)
  0x00, 0xC8, 0x01, // class 4 -> "Č" (U+010C)
  0x00, 0xD8, 0x01, // class 4 -> "Ĝ" (U+011C)
  0x00, 0xDA, 0x01, // class 4 -> "Ğ" (U+011E)
  0x00, 0xDC, 0x01, // class 4 -> "Ġ" (U+0120)
  0x00, 0xDE, 0x01, // class 4 -> "Ģ" (U+0122)
  0x01, 0x08, 0x01, // class 4 -> "Ō" (U+014C)
  0x01, 0x0A, 0x01, // class 4 -> "Ŏ" (U+014E)
  0x01, 0x0C, 0x01, // class 4 -> "Ő" (U+0150)
  0x01, 0x0E, 0x01, // class 4 -> "Œ" (U+0152)
  0x01, 0x1E, 0x03, // class 4 -> "Ţ" (U+0162)
  0x01, 0x20, 0x03, // class 4 -> "Ť" (U+0164)
  0x01, 0x22, 0x03, // class 4 -> "Ŧ" (U+0166)
  0x01, 0x30, 0x02, // class 4 -> "Ŵ" (U+0174)
  0x01, 0x32, 0x03, // class 4 -> "Ŷ" (U+0176)
  0x01, 0x34, 0x03, // class 4 -> "Ÿ" (U+0178)
  0x01, 0x44, 0x03, // class 4 -> "’" (U+2019)
  0x01, 0x48, 0x03, // class 4 -> "”" (U+201D)
  0x00, 0x22, 0x01, // class 5 -> "C" (U+0043)
  0x00, 0x26, 0x01, // class 5 -> "G" (U+0047)
  0x00, 0x2E, 0x01, // class 5 -> "O" (U+004F)
  0x00, 0x30, 0x01, // class 5 -> "Q" (U+0051)
  0x00, 0x68, 0x01, // class 5 -> "«" (U+00AB)
  0x00, 0x83, 0x01, // class 5 -> "Ç" (U+00C7)
  0x00, 0x8E, 0x01, // class 5 -> "Ò" (U+00D2)
  0x00, 0x8F, 0x01, // class 5 -> "Ó" (U+00D3)
  0x00, 0x90, 0x01, // class 5 -> "Ô" (U+00D4)
  0x00, 0x91, 0x01, // class 5 -> "Õ" (U+00D5)
  0x00, 0x92, 0x01, // class 5 -> "Ö" (U+00D6)
  0x00, 0x94, 0x01, // class 5 -> "Ø" (U+00D8)
  0x00, 0xC2, 0x01, // class 5 -> "Ć" (U+0106)
  0x00, 0xC4, 0x01, // class 5 -> "Ĉ" (U+0108)
  0x00, 0xC6, 0x01, // class 5 -> "Ċ" (U+010A)
  0x00, 0xC8, 0x01, // class 5 -> "Č" (U+010C)
  0x00, 0xD8, 0x01, // class 5 -> "Ĝ" (U+011C)
  0x00, 0xDA, 0x01, // class 5 -> "Ğ" (U+011E)
  0x00, 0xDC, 0x01, // class 5 -> "Ġ" (U+0120)
  0x00, 0xDE, 0x01, // class 5 -> "Ģ" (U+0122)
  0x01, 0x08, 0x01, // class 5 -> "Ō" (U+014C)
  0x01, 0x0A, 0x01, // class 5 -> "Ŏ" (U+014E)
  0x01, 0x0C, 0x01, // class 5 -> "Ő" (U+0150)
  0x01, 0x0E, 0x01, // class 5 -> "Œ" (U+0152)
  0x01, 0x50, 0x01, // class 5 -> "‹" (U+2039)
  0x00, 0x0B, 0x02, // class 6 -> "," (U+002C)
  0x00, 0x0D, 0x02, // class 6 -> "." (U+002E)
  0x00, 0x20, 0x01, // class 6 -> "A" (U+0041)
  0x00, 0x33, 0x01, // class 6 -> "T" (U+0054)
  0x00, 0x37, 0x01, // class 6 -> "X" (U+0058)
  0x00, 0x7C, 0x01, // class 6 -> "À" (U+00C0)
  0x00, 0x7D, 0x01, // class 6 -> "Á" (U+00C1)
  0x00, 0x7E, 0x01, // class 6 -> "Â" (U+00C2)
  0x00, 0x7F, 0x01, // class 6 -> "Ã" (U+00C3)
  0x00, 0x80, 0x01, // class 6 -> "Ä" (U+00C4)
  0x00, 0x81, 0x01, // class 6 -> "Å" (U+00C5)
  0x00, 0xBC, 0x01, // class 6 -> "Ā" (U+0100)
  0x00, 0xBE, 0x01, // class 6 -> "Ă" (U+0102)
  0x00, 0xC0, 0x01, // class 6 -> "Ą" (U+0104)
  0x01, 0x1E, 0x01, // class 6 -> "Ţ" (U+0162)
  0x01, 0x20, 0x01, // class 6 -> "Ť" (U+0164)
  0x01, 0x22, 0x01, // class 6 -> "Ŧ" (U+0166)
  0x01, 0x45, 0x02, // class 6 -> "‚" (U+201A)
  0x01, 0x49, 0x02, // class 6 -> "„" (U+201E)
  0x01, 0x4E, 0x02, // class 6 -> "…" (U+2026)
  0x00, 0x0B, 0x03, // class 7 -> "," (U+002C)
  0x00, 0x0D, 0x03, // class 7 -> "." (U+002E)
  0x00, 0x20, 0x01, // class 7 -> "A" (U+0041)
  0x00, 0x7C, 0x01, // class 7 -> "À" (U+00C0)
  0x00, 0x7D, 0x01, // class 7 -> "Á" (U+00C1)
  0x00, 0x7E, 0x01, // class 7 -> "Â" (U+00C2)
  0x00, 0x7F, 0x01, // class 7 -> "Ã" (U+00C3)
  0x00, 0x80, 0x01, // class 7 -> "Ä" (U+00C4)
  0x00, 0x81, 0x01, // class 7 -> "Å" (U+00C5)
  0x00, 0xBC, 0x01, // class 7 -> "Ā" (U+0100)
  0x00, 0xBE, 0x01, // class 7 -> "Ă" (U+0102)
  0x00, 0xC0, 0x01, // class 7 -> "Ą" (U+0104)
  0x01, 0x45, 0x03, // class 7 -> "‚" (U+201A)
  0x01, 0x49, 0x03, // class 7 -> "„" (U+201E)
  0x01, 0x4E, 0x03, // class 7 -> "…" (U+2026)
  0x00, 0x01, 0x04, // class 8 -> """ (U+0022)
  0x00, 0x06, 0x04, // class 8 -> "'" (U+0027)
  0x00, 0x22, 0x01, // class 8 -> "C" (U+0043)
  0x00, 0x26, 0x01, // class 8 -> "G" (U+0047)
  0x00, 0x2E, 0x01, // class 8 -> "O" (U+004F)
  0x00, 0x30, 0x01, // class 8 -> "Q" (U+0051)
  0x00, 0x33, 0x01, // class 8 -> "T" (U+0054)
  0x00, 0x35, 0x01, // class 8 -> "V" (U+0056)
  0x00, 0x36, 0x01, // class 8 -> "W" (U+0057)
  0x00, 0x38, 0x01, // class 8 -> "Y" (U+0059)
  0x00, 0x83, 0x01, // class 8 -> "Ç" (U+00C7)
  0x00, 0x8E, 0x01, // class 8 -> "Ò" (U+00D2)
  0x00, 0x8F, 0x01, // class 8 -> "Ó" (U+00D3)
  0x00, 0x90, 0x01, // class 8 -> "Ô" (U+00D4)
  0x00, 0x91, 0x01, // class 8 -> "Õ" (U+00D5)
  0x00, 0x92, 0x01, // class 8 -> "Ö" (U+00D6)
  0x00, 0x94, 0x01, // class 8 -> "Ø" (U+00D8)
  0x00, 0x99, 0x01, // class 8 -> "Ý" (U+00DD)
  0x00, 0xC2, 0x01, // class 8 -> "Ć" (U+0106)
  0x00, 0xC4, 0x01, // class 8 -> "Ĉ" (U+0108)
  0x00, 0xC6, 0x01, // class 8 -> "Ċ" (U+010A)
  0x00, 0xC8, 0x01, // class 8 -> "Č" (U+010C)
  0x00, 0xD8, 0x01, // class 8 -> "Ĝ" (U+011C)
  0x00, 0xDA, 0x01, // class 8 -> "Ğ" (U+011E)
  0x00, 0xDC, 0x01, // class 8 -> "Ġ" (U+0120)
  0x00, 0xDE, 0x01, // class 8 -> "Ģ" (U+0122)
  0x01, 0x08, 0x01, // class 8 -> "Ō" (U+014C)
  0x01, 0x0A, 0x01, // class 8 -> "Ŏ" (U+014E)
  0x01, 0x0C, 0x01, // class 8 -> "Ő" (U+0150)
  0x01, 0x0E, 0x01, // class 8 -> "Œ" (U+0152)
  0x01, 0x1E, 0x01, // class 8 -> "Ţ" (U+0162)
  0x01, 0x20, 0x01, // class 8 -> "Ť" (U+0164)
  0x01, 0x22, 0x01, // class 8 -> "Ŧ" (U+0166)
  0x01, 0x30, 0x01, // class 8 -> "Ŵ" (U+0174)
  0x01, 0x32, 0x01, // class 8 -> "Ŷ" (U+0176)
  0x01, 0x34, 0x01, // class 8 -> "Ÿ" (U+0178)
  0x01, 0x44, 0x04, // class 8 -> "’" (U+2019)
  0x01, 0x48, 0x04, // class 8 -> "”" (U+201D)
  0x00, 0x0B, 0x06, // class 9 -> "," (U+002C)
  0x00, 0x0D, 0x06, // class 9 -> "." (U+002E)
  0x00, 0x20, 0x02, // class 9 -> "A" (U+0041)
  0x00, 0x37, 0x01, // class 9 -> "X" (U+0058)
  0x00, 0x68, 0x01, // class 9 -> "«" (U+00AB)
  0x00, 0x7C, 0x02, // class 9 -> "À" (U+00C0)
  0x00, 0x7D, 0x02, // class 9 -> "Á" (U+00C1)
  0x00, 0x7E, 0x02, // class 9 -> "Â" (U+00C2)
  0x00, 0x7F, 0x02, // class 9 -> "Ã" (U+00C3)
  0x00, 0x80, 0x02, // class 9 -> "Ä" (U+00C4)
  0x00, 0x81, 0x02, // class 9 -> "Å" (U+00C5)
  0x00, 0x82, 0x01, // class 9 -> "Æ" (U+00C6)
  0x00, 0xBC, 0x02, // class 9 -> "Ā" (U+0100)
  0x00, 0xBE, 0x02, // class 9 -> "Ă" (U+0102)
  0x00, 0xC0, 0x02, // class 9 -> "Ą" (U+0104)
  0x01, 0x45, 0x06, // class 9 -> "‚" (U+201A)
  0x01, 0x49, 0x06, // class 9 -> "„" (U+201E)
  0x01, 0x4E, 0x06, // class 9 -> "…" (U+2026)
  0x01, 0x50, 0x01, // class 9 -> "‹" (U+2039)
  0x00, 0x05, 0x01, // class 10 -> "&" (U+0026)
  0x00, 0x0B, 0x03, // class 10 -> "," (U+002C)
  0x00, 0x0C, 0x02, // class 10 -> "-" (U+002D)
  0x00, 0x0D, 0x03, // class 10 -> "." (U+002E)
  0x00, 0x20, 0x03, // class 10 -> "A" (U+0041)
  0x00, 0x22, 0x01, // class 10 -> "C" (U+0043)
  0x00, 0x26, 0x01, // class 10 -> "G" (U+0047)
  0x00, 0x2E, 0x01, // class 10 -> "O" (U+004F)
  0x00, 0x30, 0x01, // class 10 -> "Q" (U+0051)
  0x00, 0x40, 0x04, // class 10 -> "a" (U+0061)
  0x00, 0x42, 0x03, // class 10 -> "c" (U+0063)
  0x00, 0x43, 0x03, // class 10 -> "d" (U+0064)
  0x00, 0x44, 0x03, // class 10 -> "e" (U+0065)
  0x00, 0x46, 0x03, // class 10 -> "g" (U+0067)
  0x00, 0x4C, 0x02, // class 10 -> "m" (U+006D)
  0x00, 0x4D, 0x02, // class 10 -> "n" (U+006E)
  0x00, 0x4E, 0x03, // class 10 -> "o" (U+006F)
  0x00, 0x4F, 0x02, // class 10 -> "p" (U+0070)
  0x00, 0x50, 0x03, // class 10 -> "q" (U+0071)
  0x00, 0x51, 0x02, // class 10 -> "r" (U+0072)
  0x00, 0x52, 0x03, // class 10 -> "s" (U+0073)
  0x00, 0x54, 0x02, // class 10 -> "u" (U+0075)
  0x00, 0x55, 0x01, // class 10 -> "v" (U+0076)
  0x00, 0x56, 0x01, // class 10 -> "w" (U+0077)
  0x00, 0x57, 0x01, // class 10 -> "x" (U+0078)
  0x00, 0x58, 0x01, // class 10 -> "y" (U+0079)
  0x00, 0x59, 0x02, // class 10 -> "z" (U+007A)
  0x00, 0x68, 0x03, // class 10 -> "«" (U+00AB)
  0x00, 0x77, 0x01, // class 10 -> "»" (U+00BB)
  0x00, 0x7C, 0x03, // class 10 -> "À" (U+00C0)
  0x00, 0x7D, 0x03, // class 10 -> "Á" (U+00C1)
  0x00, 0x7E, 0x03, // class 10 -> "Â" (U+00C2)
  0x00, 0x7F, 0x03, // class 10 -> "Ã" (U+00C3)
  0x00, 0x80, 0x03, // class 10 -> "Ä" (U+00C4)
  0x00, 0x81, 0x03, // class 10 -> "Å" (U+00C5)
  0x00, 0x83, 0x01, // class 10 -> "Ç" (U+00C7)
  0x00, 0x8E, 0x01, // class 10 -> "Ò" (U+00D2)
  0x00, 0x8F, 0x01, // class 10 -> "Ó" (U+00D3)
  0x00, 0x90, 0x01, // class 10 -> "Ô" (U+00D4)
  0x00, 0x91, 0x01, // class 10 -> "Õ" (U+00D5)
  0x00, 0x92, 0x01, // class 10 -> "Ö" (U+00D6)
  0x00, 0x94, 0x01, // class 10 -> "Ø" (U+00D8)
  0x00, 0x9C, 0x03, // class 10 -> "à" (U+00E0)
  0x00, 0x9D, 0x04, // class 10 -> "á" (U+00E1)
  0x00, 0x9E, 0x04, // class 10 -> "â" (U+00E2)
  0x00, 0x9F, 0x04, // class 10 -> "ã" (U+00E3)
  0x00, 0xA0, 0x04, // class 10 -> "ä" (U+00E4)
  0x00, 0xA1, 0x04, // class 10 -> "å" (U+00E5)
  0x00, 0xA2, 0x04, // class 10 -> "æ" (U+00E6)
  0x00, 0xA3, 0x03, // class 10 -> "ç" (U+00E7)
  0x00, 0xA4, 0x03, // class 10 -> "è" (U+00E8)
  0x00, 0xA5, 0x03, // class 10 -> "é" (U+00E9)
  0x00, 0xA6, 0x03, // class 10 -> "ê" (U+00EA)
  0x00, 0xA7, 0x03, // class 10 -> "ë" (U+00EB)
  0x00, 0xAE, 0x03, // class 10 -> "ò" (U+00F2)
  0x00, 0xAF, 0x03, // class 10 -> "ó" (U+00F3)
  0x00, 0xB0, 0x03, // class 10 -> "ô" (U+00F4)
  0x00, 0xB1, 0x03, // class 10 -> "õ" (U+00F5)
  0x00, 0xB2, 0x03, // class 10 -> "ö" (U+00F6)
  0x00, 0xB4, 0x03, // class 10 -> "ø" (U+00F8)
  0x00, 0xB5, 0x02, // class 10 -> "ù" (U+00F9)
  0x00, 0xB6, 0x02, // class 10 -> "ú" (U+00FA)
  0x00, 0xB7, 0x02, // class 10 -> "û" (U+00FB)
  0x00, 0xB8, 0x02, // class 10 -> "ü" (U+00FC)
  0x00, 0xB9, 0x01, // class 10 -> "ý" (U+00FD)
  0x00, 0xBB, 0x01, // class 10 -> "ÿ" (U+00FF)
  0x00, 0xBC, 0x03, // class 10 -> "Ā" (U+0100)
  0x00, 0xBD, 0x04, // class 10 -> "ā" (U+0101)
  0x00, 0xBE, 0x03, // class 10 -> "Ă" (U+0102)
  0x00, 0xBF, 0x04, // class 10 -> "ă" (U+0103)
  0x00, 0xC0, 0x03, // class 10 -> "Ą" (U+0104)
  0x00, 0xC1, 0x04, // class 10 -> "ą" (U+0105)
  0x00, 0xC2, 0x01, // class 10 -> "Ć" (U+0106)
  0x00, 0xC3, 0x03, // class 10 -> "ć" (U+0107)
  0x00, 0xC4, 0x01, // class 10 -> "Ĉ" (U+0108)
  0x00, 0xC5, 0x03, // class 10 -> "ĉ" (U+0109)
  0x00, 0xC6, 0x01, // class 10 -> "Ċ" (U+010A)
  0x00, 0xC7, 0x03, // class 10 -> "ċ" (U+010B)
  0x00, 0xC8, 0x01, // class 10 -> "Č" (U+010C)
  0x00, 0xC9, 0x03, // class 10 -> "č" (U+010D)
  0x00, 0xCB, 0x03, // class 10 -> "ď" (U+010F)
  0x00, 0xCD, 0x03, // class 10 -> "đ" (U+0111)
  0x00, 0xCF, 0x03, // class 10 -> "ē" (U+0113)
  0x00, 0xD1, 0x03, // class 10 -> "ĕ" (U+0115)
  0x00, 0xD3, 0x03, // class 10 -> "ė" (U+0117)
  0x00, 0xD5, 0x03, // class 10 -> "ę" (U+0119)
  0x00, 0xD7, 0x03, // class 10 -> "ě" (U+011B)
  0x00, 0xD8, 0x01, // class 10 -> "Ĝ" (U+011C)
  0x00, 0xD9, 0x03, // class 10 -> "ĝ" (U+011D)
  0x00, 0xDA, 0x01, // class 10 -> "Ğ" (U+011E)
  0x00, 0xDB, 0x03, // class 10 -> "ğ" (U+011F)
  0x00, 0xDC, 0x01, // class 10 -> "Ġ" (U+0120)
  0x00, 0xDD, 0x03, // class 10 -> "ġ" (U+0121)
  0x00, 0xDE, 0x01, // class 10 -> "Ģ" (U+0122)
  0x00, 0xDF, 0x03, // class 10 -> "ģ" (U+0123)
  0x00, 0xF4, 0x02, // class 10 -> "ĸ" (U+0138)
  0x01, 0x00, 0x02, // class 10 -> "ń" (U+0144)
  0x01, 0x02, 0x02, // class 10 -> "ņ" (U+0146)
  0x01, 0x07, 0x02, // class 10 -> "ŋ" (U+014B)
  0x01, 0x08, 0x01, // class 10 -> "Ō" (U+014C)
  0x01, 0x09, 0x03, // class 10 -> "ō" (U+014D)
  0x01, 0x0A, 0x01, // class 10 -> "Ŏ" (U+014E)
  0x01, 0x0B, 0x03, // class 10 -> "ŏ" (U+014F)
  0x01, 0x0C, 0x01, // class 10 -> "Ő" (U+0150)
  0x01, 0x0D, 0x03, // class 10 -> "ő" (U+0151)
  0x01, 0x0E, 0x01, // class 10 -> "Œ" (U+0152)
  0x01, 0x0F, 0x03, // class 10 -> "œ" (U+0153)
  0x01, 0x11, 0x02, // class 10 -> "ŕ" (U+0155)
  0x01, 0x13, 0x02, // class 10 -> "ŗ" (U+0157)
  0x01, 0x17, 0x03, // class 10 -> "ś" (U+015B)
  0x01, 0x1B, 0x03, // class 10 -> "ş" (U+015F)
  0x01, 0x25, 0x02, // class 10 -> "ũ" (U+0169)
  0x01, 0x27, 0x02, // class 10 -> "ū" (U+016B)
  0x01, 0x29, 0x02, // class 10 -> "ŭ" (U+016D)
  0x01, 0x2B, 0x02, // class 10 -> "ů" (U+016F)
  0x01, 0x2D, 0x02, // class 10 -> "ű" (U+0171)
  0x01, 0x2F, 0x02, // class 10 -> "ų" (U+0173)
  0x01, 0x31, 0x01, // class 10 -> "ŵ" (U+0175)
  0x01, 0x33, 0x01, // class 10 -> "ŷ" (U+0177)
  0x01, 0x36, 0x02, // class 10 -> "ź" (U+017A)
  0x01, 0x38, 0x02, // class 10 -> "ż" (U+017C)
  0x01, 0x3A, 0x02, // class 10 -> "ž" (U+017E)
  0x01, 0x3F, 0x02, // class 10 -> "–" (U+2013)
  0x01, 0x40, 0x02, // class 10 -> "—" (U+2014)
  0x01, 0x45, 0x03, // class 10 -> "‚" (U+201A)
  0x01, 0x49, 0x03, // class 10 -> "„" (U+201E)
  0x01, 0x4E, 0x03, // class 10 -> "…" (U+2026)
  0x01, 0x50, 0x03, // class 10 -> "‹" (U+2039)
  0x01, 0x51, 0x01, // class 10 -> "›" (U+203A)
  0x00, 0x0B, 0x01, // class 11 -> "," (U+002C)
  0x00, 0x0D, 0x01, // class 11 -> "." (U+002E)
  0x01, 0x45, 0x01, // class 11 -> "‚" (U+201A)
  0x01, 0x49, 0x01, // class 11 -> "„" (U+201E)
  0x01, 0x4E, 0x01, // class 11 -> "…" (U+2026)
  0x00, 0x0B, 0x02, // class 12 -> "," (U+002C)
  0x00, 0x0D, 0x02, // class 12 -> "." (U+002E)
  0x00, 0x20, 0x02, // class 12 -> "A" (U+0041)
  0x00, 0x40, 0x01, // class 12 -> "a" (U+0061)
  0x00, 0x42, 0x01, // class 12 -> "c" (U+0063)
  0x00, 0x43, 0x01, // class 12 -> "d" (U+0064)
  0x00, 0x44, 0x01, // class 12 -> "e" (U+0065)
  0x00, 0x4E, 0x01, // class 12 -> "o" (U+006F)
  0x00, 0x50, 0x01, // class 12 -> "q" (U+0071)
  0x00, 0x68, 0x01, // class 12 -> "«" (U+00AB)
  0x00, 0x7C, 0x02, // class 12 -> "À" (U+00C0)
  0x00, 0x7D, 0x02, // class 12 -> "Á" (U+00C1)
  0x00, 0x7E, 0x02, // class 12 -> "Â" (U+00C2)
  0x00, 0x7F, 0x02, // class 12 -> "Ã" (U+00C3)
  0x00, 0x80, 0x02, // class 12 -> "Ä" (U+00C4)
  0x00, 0x81, 0x02, // class 12 -> "Å" (U+00C5)
  0x00, 0x9C, 0x01, // class 12 -> "à" (U+00E0)
  0x00, 0x9D, 0x01, // class 12 -> "á" (U+00E1)
  0x00, 0x9E, 0x01, // class 12 -> "â" (U+00E2)
  0x00, 0x9F, 0x01, // class 12 -> "ã" (U+00E3)
  0x00, 0xA0, 0x01, // class 12 -> "ä" (U+00E4)
  0x00, 0xA1, 0x01, // class 12 -> "å" (U+00E5)
  0x00, 0xA2, 0x01, // class 12 -> "æ" (U+00E6)
  0x00, 0xA3, 0x01, // class 12 -> "ç" (U+00E7)
  0x00, 0xA4, 0x01, // class 12 -> "è" (U+00E8)
  0x00, 0xA5, 0x01, // class 12 -> "é" (U+00E9)
  0x00, 0xA6, 0x01, // class 12 -> "ê" (U+00EA)
  0x00, 0xA7, 0x01, // class 12 -> "ë" (U+00EB)
  0x00, 0xAE, 0x01, // class 12 -> "ò" (U+00F2)
  0x00, 0xAF, 0x01, // class 12 -> "ó" (U+00F3)
  0x00, 0xB0, 0x01, // class 12 -> "ô" (U+00F4)
  0x00, 0xB1, 0x01, // class 12 -> "õ" (U+00F5)
  0x00, 0xB2, 0x01, // class 12 -> "ö" (U+00F6)
  0x00, 0xB4, 0x01, // class 12 -> "ø" (U+00F8)
  0x00, 0xBC, 0x02, // class 12 -> "Ā" (U+0100)
  0x00, 0xBD, 0x01, // class 12 -> "ā" (U+0101)
  0x00, 0xBE, 0x02, // class 12 -> "Ă" (U+0102)
  0x00, 0xBF, 0x01, // class 12 -> "ă" (U+0103)
  0x00, 0xC0, 0x02, // class 12 -> "Ą" (U+0104)
  0x00, 0xC1, 0x01, // class 12 -> "ą" (U+0105)
  0x00, 0xC3, 0x01, // class 12 -> "ć" (U+0107)
  0x00, 0xC5, 0x01, // class 12 -> "ĉ" (U+0109)
  0x00, 0xC7, 0x01, // class 12 -> "ċ" (U+010B)
  0x00, 0xC9, 0x01, // class 12 -> "č" (U+010D)
  0x00, 0xCB, 0x01, // class 12 -> "ď" (U+010F)
  0x00, 0xCD, 0x01, // class 12 -> "đ" (U+0111)
  0x00, 0xCF, 0x01, // class 12 -> "ē" (U+0113)
  0x00, 0xD1, 0x01, // class 12 -> "ĕ" (U+0115)
  0x00, 0xD3, 0x01, // class 12 -> "ė" (U+0117)
  0x00, 0xD5, 0x01, // class 12 -> "ę" (U+0119)
  0x00, 0xD7, 0x01, // class 12 -> "ě" (U+011B)
  0x01, 0x09, 0x01, // class 12 -> "ō" (U+014D)
  0x01, 0x0B, 0x01, // class 12 -> "ŏ" (U+014F)
  0x01, 0x0D, 0x01, // class 12 -> "ő" (U+0151)
  0x01, 0x0F, 0x01, // class 12 -> "œ" (U+0153)
  0x01, 0x45, 0x02, // class 12 -> "‚" (U+201A)
  0x01, 0x49, 0x02, // class 12 -> "„" (U+201E)
  0x01, 0x4E, 0x02, // class 12 -> "…" (U+2026)
  0x01, 0x50, 0x01, // class 12 -> "‹" (U+2039)
  0x00, 0x05, 0x01, // class 13 -> "&" (U+0026)
  0x00, 0x0B, 0x03, // class 13 -> "," (U+002C)
  0x00, 0x0D, 0x03, // class 13 -> "." (U+002E)
  0x00, 0x20, 0x03, // class 13 -> "A" (U+0041)
  0x00, 0x22, 0x01, // class 13 -> "C" (U+0043)
  0x00, 0x26, 0x01, // class 13 -> "G" (U+0047)
  0x00, 0x2E, 0x01, // class 13 -> "O" (U+004F)
  0x00, 0x30, 0x01, // class 13 -> "Q" (U+0051)
  0x00, 0x40, 0x02, // class 13 -> "a" (U+0061)
  0x00, 0x42, 0x02, // class 13 -> "c" (U+0063)
  0x00, 0x43, 0x02, // class 13 -> "d" (U+0064)
  0x00, 0x44, 0x02, // class 13 -> "e" (U+0065)
  0x00, 0x46, 0x02, // class 13 -> "g" (U+0067)
  0x00, 0x4C, 0x01, // class 13 -> "m" (U+006D)
  0x00, 0x4D, 0x01, // class 13 -> "n" (U+006E)
  0x00, 0x4E, 0x02, // class 13 -> "o" (U+006F)
  0x00, 0x4F, 0x01, // class 13 -> "p" (U+0070)
  0x00, 0x50, 0x02, // class 13 -> "q" (U+0071)
  0x00, 0x51, 0x01, // class 13 -> "r" (U+0072)
  0x00, 0x52, 0x02, // class 13 -> "s" (U+0073)
  0x00, 0x54, 0x01, // class 13 -> "u" (U+0075)
  0x00, 0x59, 0x01, // class 13 -> "z" (U+007A)
  0x00, 0x68, 0x04, // class 13 -> "«" (U+00AB)
  0x00, 0x77, 0x01, // class 13 -> "»" (U+00BB)
  0x00, 0x7C, 0x03, // class 13 -> "À" (U+00C0)
  0x00, 0x7D, 0x03, // class 13 -> "Á" (U+00C1)
  0x00, 0x7E, 0x03, // class 13 -> "Â" (U+00C2)
  0x00, 0x7F, 0x03, // class 13 -> "Ã" (U+00C3)
  0x00, 0x80, 0x03, // class 13 -> "Ä" (U+00C4)
  0x00, 0x81, 0x03, // class 13 -> "Å" (U+00C5)
  0x00, 0x83, 0x01, // class 13 -> "Ç" (U+00C7)
  0x00, 0x8E, 0x01, // class 13 -> "Ò" (U+00D2)
  0x00, 0x8F, 0x01, // class 13 -> "Ó" (U+00D3)
  0x00, 0x90, 0x01, // class 13 -> "Ô" (U+00D4)
  0x00, 0x91, 0x01, // class 13 -> "Õ" (U+00D5)
  0x00, 0x92, 0x01, // class 13 -> "Ö" (U+00D6)
  0x00, 0x94, 0x01, // class 13 -> "Ø" (U+00D8)
  0x00, 0x9C, 0x02, // class 13 -> "à" (U+00E0)
  0x00, 0x9D, 0x02, // class 13 -> "á" (U+00E1)
  0x00, 0x9E, 0x02, // class 13 -> "â" (U+00E2)
  0x00, 0x9F, 0x02, // class 13 -> "ã" (U+00E3)
  0x00, 0xA0, 0x02, // class 13 -> "ä" (U+00E4)
  0x00, 0xA1, 0x02, // class 13 -> "å" (U+00E5)
  0x00, 0xA2, 0x02, // class 13 -> "æ" (U+00E6)
  0x00, 0xA3, 0x02, // class 13 -> "ç" (U+00E7)
  0x00, 0xA4, 0x02, // class 13 -> "è" (U+00E8)
  0x00, 0xA5, 0x02, // class 13 -> "é" (U+00E9)
  0x00, 0xA6, 0x02, // class 13 -> "ê" (U+00EA)
  0x00, 0xA7, 0x02, // class 13 -> "ë" (U+00EB)
  0x00, 0xAE, 0x02, // class 13 -> "ò" (U+00F2)
  0x00, 0xAF, 0x02, // class 13 -> "ó" (U+00F3)
  0x00, 0xB0, 0x02, // class 13 -> "ô" (U+00F4)
  0x00, 0xB1, 0x02, // class 13 -> "õ" (U+00F5)
  0x00, 0xB2, 0x02, // class 13 -> "ö" (U+00F6)
  0x00, 0xB4, 0x02, // class 13 -> "ø" (U+00F8)
  0x00, 0xB5, 0x01, // class 13 -> "ù" (U+00F9)
  0x00, 0xB6, 0x01, // class 13 -> "ú" (U+00FA)
  0x00, 0xB7, 0x01, // class 13 -> "û" (U+00FB)
  0x00, 0xB8, 0x01, // class 13 -> "ü" (U+00FC)
  0x00, 0xBC, 0x03, // class 13 -> "Ā" (U+0100)
  0x00, 0xBD, 0x02, // class 13 -> "ā" (U+0101)
  0x00, 0xBE, 0x03, // class 13 -> "Ă" (U+0102)
  0x00, 0xBF, 0x02, // class 13 -> "ă" (U+0103)
  0x00, 0xC0, 0x03, // class 13 -> "Ą" (U+0104)
  0x00, 0xC1, 0x02, // class 13 -> "ą" (U+0105)
  0x00, 0xC2, 0x01, // class 13 -> "Ć" (U+0106)
  0x00, 0xC3, 0x02, // class 13 -> "ć" (U+0107)
  0x00, 0xC4, 0x01, // class 13 -> "Ĉ" (U+0108)
  0x00, 0xC5, 0x02, // class 13 -> "ĉ" (U+0109)
  0x00, 0xC6, 0x01, // class 13 -> "Ċ" (U+010A)
  0x00, 0xC7, 0x02, // class 13 -> "ċ" (U+010B)
  0x00, 0xC8, 0x01, // class 13 -> "Č" (U+010C)
  0x00, 0xC9, 0x02, // class 13 -> "č" (U+010D)
  0x00, 0xCB, 0x02, // class 13 -> "ď" (U+010F)
  0x00, 0xCD, 0x02, // class 13 -> "đ" (U+0111)
  0x00, 0xCF, 0x02, // class 13 -> "ē" (U+0113)
  0x00, 0xD1, 0x02, // class 13 -> "ĕ" (U+0115)
  0x00, 0xD3, 0x02, // class 13 -> "ė" (U+0117)
  0x00, 0xD5, 0x02, // class 13 -> "ę" (U+0119)
  0x00, 0xD7, 0x02, // class 13 -> "ě" (U+011B)
  0x00, 0xD8, 0x01, // class 13 -> "Ĝ" (U+011C)
  0x00, 0xD9, 0x02, // class 13 -> "ĝ" (U+011D)
  0x00, 0xDA, 0x01, // class 13 -> "Ğ" (U+011E)
  0x00, 0xDB, 0x02, // class 13 -> "ğ" (U+011F)
  0x00, 0xDC, 0x01, // class 13 -> "Ġ" (U+0120)
  0x00, 0xDD, 0x02, // class 13 -> "ġ" (U+0121)
  0x00, 0xDE, 0x01, // class 13 -> "Ģ" (U+0122)
  0x00, 0xDF, 0x02, // class 13 -> "ģ" (U+0123)
  0x00, 0xF4, 0x01, // class 13 -> "ĸ" (U+0138)
  0x01, 0x00, 0x01, // class 13 -> "ń" (U+0144)
  0x01, 0x02, 0x01, // class 13 -> "ņ" (U+0146)
  0x01, 0x07, 0x01, // class 13 -> "ŋ" (U+014B)
  0x01, 0x08, 0x01, // class 13 -> "Ō" (U+014C)
  0x01, 0x09, 0x02, // class 13 -> "ō" (U+014D)
  0x01, 0x0A, 0x01, // class 13 -> "Ŏ" (U+014E)
  0x01, 0x0B, 0x02, // class 13 -> "ŏ" (U+014F)
  0x01, 0x0C, 0x01, // class 13 -> "Ő" (U+0150)
  0x01, 0x0D, 0x02, // class 13 -> "ő" (U+0151)
  0x01, 0x0E, 0x01, // class 13 -> "Œ" (U+0152)
  0x01, 0x0F, 0x02, // class 13 -> "œ" (U+0153)
  0x01, 0x11, 0x01, // class 13 -> "ŕ" (U+0155)
  0x01, 0x13, 0x01, // class 13 -> "ŗ" (U+0157)
  0x01, 0x17, 0x02, // class 13 -> "ś" (U+015B)
  0x01, 0x1B, 0x02, // class 13 -> "ş" (U+015F)
  0x01, 0x25, 0x01, // class 13 -> "ũ" (U+0169)
  0x01, 0x27, 0x01, // class 13 -> "ū" (U+016B)
  0x01, 0x29, 0x01, // class 13 -> "ŭ" (U+016D)
  0x01, 0x2B, 0x01, // class 13 -> "ů" (U+016F)
  0x01, 0x2D, 0x01, // class 13 -> "ű" (U+0171)
  0x01, 0x2F, 0x01, // class 13 -> "ų" (U+0173)
  0x01, 0x36, 0x01, // class 13 -> "ź" (U+017A)
  0x01, 0x38, 0x01, // class 13 -> "ż" (U+017C)
  0x01, 0x3A, 0x01, // class 13 -> "ž" (U+017E)
  0x01, 0x45, 0x03, // class 13 -> "‚" (U+201A)
  0x01, 0x49, 0x03, // class 13 -> "„" (U+201E)
  0x01, 0x4E, 0x03, // class 13 -> "…" (U+2026)
  0x01, 0x50, 0x04, // class 13 -> "‹" (U+2039)
  0x01, 0x51, 0x01, // class 13 -> "›" (U+203A)
  0x00, 0x68, 0x01, // class 14 -> "«" (U+00AB)
  0x01, 0x50, 0x01, // class 14 -> "‹" (U+2039)
  0x00, 0x55, 0x01, // class 15 -> "v" (U+0076)
  0x00, 0x56, 0x01, // class 15 -> "w" (U+0077)
  0x00, 0x57, 0x01, // class 15 -> "x" (U+0078)
  0x00, 0x58, 0x01, // class 15 -> "y" (U+0079)
  0x00, 0xB9, 0x01, // class 15 -> "ý" (U+00FD)
  0x00, 0xBB, 0x01, // class 15 -> "ÿ" (U+00FF)
  0x01, 0x31, 0x01, // class 15 -> "ŵ" (U+0175)
  0x01, 0x33, 0x01, // class 15 -> "ŷ" (U+0177)
  0x00, 0x0B, 0x07, // class 16 -> "," (U+002C)
  0x00, 0x0D, 0x07, // class 16 -> "." (U+002E)
  0x00, 0x40, 0x01, // class 16 -> "a" (U+0061)
  0x00, 0x42, 0x01, // class 16 -> "c" (U+0063)
  0x00, 0x43, 0x01, // class 16 -> "d" (U+0064)
  0x00, 0x44, 0x01, // class 16 -> "e" (U+0065)
  0x00, 0x4E, 0x01, // class 16 -> "o" (U+006F)
  0x00, 0x50, 0x01, // class 16 -> "q" (U+0071)
  0x00, 0x9C, 0x01, // class 16 -> "à" (U+00E0)
  0x00, 0x9D, 0x01, // class 16 -> "á" (U+00E1)
  0x00, 0x9E, 0x01, // class 16 -> "â" (U+00E2)
  0x00, 0x9F, 0x01, // class 16 -> "ã" (U+00E3)
  0x00, 0xA0, 0x01, // class 16 -> "ä" (U+00E4)
  0x00, 0xA1, 0x01, // class 16 -> "å" (U+00E5)
  0x00, 0xA2, 0x01, // class 16 -> "æ" (U+00E6)
  0x00, 0xA3, 0x01, // class 16 -> "ç" (U+00E7)
  0x00, 0xA4, 0x01, // class 16 -> "è" (U+00E8)
  0x00, 0xA5, 0x01, // class 16 -> "é" (U+00E9)
  0x00, 0xA6, 0x01, // class 16 -> "ê" (U+00EA)
  0x00, 0xA7, 0x01, // class 16 -> "ë" (U+00EB)
  0x00, 0xAE, 0x01, // class 16 -> "ò" (U+00F2)
  0x00, 0xAF, 0x01, // class 16 -> "ó" (U+00F3)
  0x00, 0xB0, 0x01, // class 16 -> "ô" (U+00F4)
  0x00, 0xB1, 0x01, // class 16 -> "õ" (U+00F5)
  0x00, 0xB2, 0x01, // class 16 -> "ö" (U+00F6)
  0x00, 0xB4, 0x01, // class 16 -> "ø" (U+00F8)
  0x00, 0xBD, 0x01, // class 16 -> "ā" (U+0101)
  0x00, 0xBF, 0x01, // class 16 -> "ă" (U+0103)
  0x00, 0xC1, 0x01, // class 16 -> "ą" (U+0105)
  0x00, 0xC3, 0x01, // class 16 -> "ć" (U+0107)
  0x00, 0xC5, 0x01, // class 16 -> "ĉ" (U+0109)
  0x00, 0xC7, 0x01, // class 16 -> "ċ" (U+010B)
  0x00, 0xC9, 0x01, // class 16 -> "č" (U+010D)
  0x00, 0xCB, 0x01, // class 16 -> "ď" (U+010F)
  0x00, 0xCD, 0x01, // class 16 -> "đ" (U+0111)
  0x00, 0xCF, 0x01, // class 16 -> "ē" (U+0113)
  0x00, 0xD1, 0x01, // class 16 -> "ĕ" (U+0115)
  0x00, 0xD3, 0x01, // class 16 -> "ė" (U+0117)
  0x00, 0xD5, 0x01, // class 16 -> "ę" (U+0119)
  0x00, 0xD7, 0x01, // class 16 -> "ě" (U+011B)
  0x01, 0x09, 0x01, // class 16 -> "ō" (U+014D)
  0x01, 0x0B, 0x01, // class 16 -> "ŏ" (U+014F)
  0x01, 0x0D, 0x01, // class 16 -> "ő" (U+0151)
  0x01, 0x0F, 0x01, // class 16 -> "œ" (U+0153)
  0x01, 0x45, 0x07, // class 16 -> "‚" (U+201A)
  0x01, 0x49, 0x07, // class 16 -> "„" (U+201E)
  0x01, 0x4E, 0x07, // class 16 -> "…" (U+2026)
  0x00, 0x0B, 0x02, // class 17 -> "," (U+002C)
  0x00, 0x0D, 0x02, // class 17 -> "." (U+002E)
  0x01, 0x45, 0x02, // class 17 -> "‚" (U+201A)
  0x01, 0x49, 0x02, // class 17 -> "„" (U+201E)
  0x01, 0x4E, 0x02, // class 17 -> "…" (U+2026)
  0x00, 0x42, 0x01, // class 18 -> "c" (U+0063)
  0x00, 0x43, 0x01, // class 18 -> "d" (U+0064)
  0x00, 0x44, 0x01, // class 18 -> "e" (U+0065)
  0x00, 0x4E, 0x01, // class 18 -> "o" (U+006F)
  0x00, 0x50, 0x01, // class 18 -> "q" (U+0071)
  0x00, 0x9C, 0x01, // class 18 -> "à" (U+00E0)
  0x00, 0xA3, 0x01, // class 18 -> "ç" (U+00E7)
  0x00, 0xA4, 0x01, // class 18 -> "è" (U+00E8)
  0x00, 0xA5, 0x01, // class 18 -> "é" (U+00E9)
  0x00, 0xA6, 0x01, // class 18 -> "ê" (U+00EA)
  0x00, 0xA7, 0x01, // class 18 -> "ë" (U+00EB)
  0x00, 0xAE, 0x01, // class 18 -> "ò" (U+00F2)
  0x00, 0xAF, 0x01, // class 18 -> "ó" (U+00F3)
  0x00, 0xB0, 0x01, // class 18 -> "ô" (U+00F4)
  0x00, 0xB1, 0x01, // class 18 -> "õ" (U+00F5)
  0x00, 0xB2, 0x01, // class 18 -> "ö" (U+00F6)
  0x00, 0xB4, 0x01, // class 18 -> "ø" (U+00F8)
  0x00, 0xC3, 0x01, // class 18 -> "ć" (U+0107)
  0x00, 0xC5, 0x01, // class 18 -> "ĉ" (U+0109)
  0x00, 0xC7, 0x01, // class 18 -> "ċ" (U+010B)
  0x00, 0xC9, 0x01, // class 18 -> "č" (U+010D)
  0x00, 0xCB, 0x01, // class 18 -> "ď" (U+010F)
  0x00, 0xCD, 0x01, // class 18 -> "đ" (U+0111)
  0x00, 0xCF, 0x01, // class 18 -> "ē" (U+0113)
  0x00, 0xD1, 0x01, // class 18 -> "ĕ" (U+0115)
  0x00, 0xD3, 0x01, // class 18 -> "ė" (U+0117)
  0x00, 0xD5, 0x01, // class 18 -> "ę" (U+0119)
  0x00, 0xD7, 0x01, // class 18 -> "ě" (U+011B)
  0x01, 0x09, 0x01, // class 18 -> "ō" (U+014D)
  0x01, 0x0B, 0x01, // class 18 -> "ŏ" (U+014F)
  0x01, 0x0D, 0x01, // class 18 -> "ő" (U+0151)
  0x01, 0x0F, 0x01, // class 18 -> "œ" (U+0153)
  0x00, 0x33, 0x01, // class 19 -> "T" (U+0054)
  0x00, 0x38, 0x01, // class 19 -> "Y" (U+0059)
  0x00, 0x99, 0x01, // class 19 -> "Ý" (U+00DD)
  0x01, 0x1E, 0x01, // class 19 -> "Ţ" (U+0162)
  0x01, 0x20, 0x01, // class 19 -> "Ť" (U+0164)
  0x01, 0x22, 0x01, // class 19 -> "Ŧ" (U+0166)
  0x01, 0x32, 0x01, // class 19 -> "Ŷ" (U+0176)
  0x01, 0x34, 0x01, // class 19 -> "Ÿ" (U+0178)
  0x00, 0x33, 0x03, // class 20 -> "T" (U+0054)
  0x00, 0x35, 0x01, // class 20 -> "V" (U+0056)
  0x00, 0x36, 0x01, // class 20 -> "W" (U+0057)
  0x00, 0x37, 0x01, // class 20 -> "X" (U+0058)
  0x00, 0x38, 0x04, // class 20 -> "Y" (U+0059)
  0x00, 0x99, 0x04, // class 20 -> "Ý" (U+00DD)
  0x01, 0x1E, 0x03, // class 20 -> "Ţ" (U+0162)
  0x01, 0x20, 0x03, // class 20 -> "Ť" (U+0164)
  0x01, 0x22, 0x03, // class 20 -> "Ŧ" (U+0166)
  0x01, 0x30, 0x01, // class 20 -> "Ŵ" (U+0174)
  0x01, 0x32, 0x04, // class 20 -> "Ŷ" (U+0176)
  0x01, 0x34, 0x04, // class 20 -> "Ÿ" (U+0178)
  0x00, 0x33, 0x02, // class 21 -> "T" (U+0054)
  0x00, 0x35, 0x01, // class 21 -> "V" (U+0056)
  0x00, 0x36, 0x01, // class 21 -> "W" (U+0057)
  0x00, 0x38, 0x02, // class 21 -> "Y" (U+0059)
  0x00, 0x99, 0x02, // class 21 -> "Ý" (U+00DD)
  0x01, 0x1E, 0x02, // class 21 -> "Ţ" (U+0162)
  0x01, 0x20, 0x02, // class 21 -> "Ť" (U+0164)
  0x01, 0x22, 0x02, // class 21 -> "Ŧ" (U+0166)
  0x01, 0x30, 0x01, // class 21 -> "Ŵ" (U+0174)
  0x01, 0x32, 0x02, // class 21 -> "Ŷ" (U+0176)
  0x01, 0x34, 0x02, // class 21 -> "Ÿ" (U+0178)
  
  // Glyph data (58322 bytes).
  
  // "!" (U+0021), RLE, 13 bytes saved (14.0%)
  0x06, 0xC0, 0x30, 0x5C, 0x03, 0x05, 0xC0, 0x20, 0x4C, 0x01, 0x03, 0xC1, 0x02, 0xC1, 0x02, 0xB8,
  0x1E, 0x01, 0xB0, 0xE2, 0xB0, 0xD2, 0xB0, 0xC2, 0x0E, 0xA0, 0xB2, 0x0D, 0xA0, 0xB2, 0x0D, 0xA0,
  0xA2, 0x0C, 0xA0, 0x92, 0x0B, 0xA0, 0x82, 0x0A, 0xA0, 0x82, 0x0A, 0xA0, 0x72, 0x09, 0xA0, 0x62,
  0x08, 0xA0, 0x52, 0x07, 0xA0, 0x52, 0x07, 0xA0, 0x42, 0x06, 0xA0, 0x32, 0x05, 0xA0, 0x37, 0x78,
  0x49, 0xED, 0x70, 0x8C, 0x05, 0x0B, 0xC0, 0x80, 0xBC, 0x08, 0x07, 0xC8, 0x44, 0x09, 0xED, 0x71,
  // """ (U+0022), RLE, 12 bytes saved (16.7%)
  0x01, 0xC4, 0xC1, 0xB0, 0xE4, 0xC1, 0x0E, 0xA0, 0xD4, 0x0D, 0xA8, 0x1D, 0x0D, 0xA0, 0xB4, 0x0C,
  0xA8, 0x1C, 0x0C, 0xA0, 0xA4, 0x0B, 0xA8, 0x1B, 0x0A, 0xA0, 0x94, 0x0A, 0xA8, 0x1A, 0x09, 0xA0,
  0x84, 0x08, 0xA8, 0x18, 0x08, 0xA0, 0x64, 0x07, 0xA8, 0x17, 0x07, 0xA0, 0x54, 0x06, 0xA8, 0x16,
  0x06, 0xA0, 0x44, 0x05, 0xA8, 0x15, 0x04, 0xA0, 0x34, 0x03, 0xA0, 0x40,
  // "#" (U+0023), RLE, 224 bytes saved (53.5%)
  0x72, 0x03, 0xA0, 0xE6, 0x0A, 0xA0, 0x57, 0x60, 0x6A, 0x0C, 0x60, 0xDA, 0x02, 0x76, 0x09, 0xA0,
  0x85, 0x01, 0xA0, 0xE7, 0x70, 0xCA, 0x05, 0x50, 0x4A, 0x0B, 0x77, 0xB0, 0x25, 0x07, 0xA0, 0x87,
  0x60, 0x3A, 0x0E, 0x60, 0xAA, 0x05, 0x76, 0x06, 0xA0, 0xB6, 0x0D, 0xA0, 0x27, 0x60, 0x9A, 0x08,
  0x50, 0x1A, 0x0E, 0x71, 0x80, 0x23, 0x0C, 0xA0, 0x88, 0x01, 0x30, 0x6A, 0x0C, 0x80, 0x13, 0x20,
  0x4F, 0xFF, 0xB8, 0x14, 0x04, 0xFF, 0xFB, 0x81, 0x40, 0x4F, 0xFF, 0xB0, 0x47, 0x07, 0xA0, 0x95,
  0x01, 0xB7, 0x70, 0xAA, 0x06, 0x50, 0x4A, 0x0C, 0x77, 0x0D, 0xA0, 0x35, 0x07, 0xA0, 0x97, 0x60,
  0x1B, 0x60, 0xBA, 0x06, 0x76, 0x04, 0xA0, 0xC6, 0x0E, 0xA0, 0x37, 0x60, 0x8A, 0x09, 0x50, 0x1B,
  0x71, 0x80, 0x23, 0x0B, 0xA0, 0x88, 0x01, 0x30, 0x7A, 0x0D, 0x80, 0x13, 0x02, 0x20, 0xEF, 0xFF,
  0xA0, 0xC2, 0x0E, 0xFF, 0xFA, 0x0C, 0x20, 0xEF, 0xFF, 0xA0, 0xC7, 0x07, 0xA0, 0xA6, 0xB0, 0x17,
  0x60, 0x9A, 0x07, 0x50, 0x3A, 0x0D, 0x77, 0x0C, 0xA0, 0x45, 0x06, 0xA0, 0xA7, 0x7B, 0x01, 0x50,
  0xAA, 0x07, 0x76, 0x03, 0xA0, 0xE6, 0x0D, 0xA0, 0x47, 0x60, 0x5A, 0x0B, 0x6B, 0x01, 0x76, 0x08,
  0xA0, 0x85, 0x03, 0xA0, 0xD7, 0x70, 0xBA, 0x05, 0x50, 0x7A, 0x0A, 0x77, 0x0E, 0xA0, 0x25, 0x0A,
  0xA0, 0x77, 0x30,
  // "$" (U+0024), RLE, 161 bytes saved (42.6%)
  0x72, 0x81, 0xDF, 0xE7, 0x74, 0x81, 0xDF, 0xE7, 0x74, 0x81, 0xDF, 0xE7, 0x74, 0x81, 0xDF, 0xE7,
  0x68, 0x31, 0x6A, 0xDE, 0xB8, 0x4E, 0xDC, 0x96, 0x16, 0x06, 0x0E, 0xFE, 0x0C, 0x04, 0x30, 0x8F,
  0xFA, 0x05, 0x20, 0x5D, 0x81, 0xB8, 0xEA, 0x82, 0x68, 0xBE, 0xA0, 0xE3, 0x0C, 0xB0, 0xA0, 0x12,
  0x81, 0xDF, 0xE4, 0x81, 0x38, 0x82, 0x01, 0xB0, 0xD4, 0x81, 0xDF, 0xE7, 0x20, 0x3B, 0x08, 0x48,
  0x1D, 0xFE, 0x72, 0x03, 0xB0, 0x94, 0x81, 0xDF, 0xE7, 0x20, 0x2B, 0x0C, 0x48, 0x1D, 0xFE, 0x73,
  0x0D, 0xB0, 0x73, 0x81, 0xDF, 0xE7, 0x30, 0x7C, 0x84, 0xA4, 0x0D, 0xFE, 0x74, 0x0B, 0xD0, 0xEA,
  0x0E, 0x75, 0x0A, 0xF9, 0x09, 0x04, 0x74, 0x04, 0x0C, 0xF9, 0x81, 0xE8, 0x27, 0x38, 0x13, 0x9E,
  0xF9, 0x09, 0x01, 0x74, 0x0D, 0xF9, 0x0D, 0x01, 0x73, 0x84, 0xDF, 0xE3, 0x7D, 0xC0, 0xC7, 0x38,
  0x1D, 0xFE, 0x30, 0x6C, 0x04, 0x72, 0x81, 0xDF, 0xE4, 0x07, 0xB0, 0x87, 0x28, 0x1D, 0xFE, 0x40,
  0x2B, 0x0A, 0x72, 0x81, 0xDF, 0xE4, 0x01, 0xB0, 0x97, 0x28, 0x1D, 0xFE, 0x40, 0x6B, 0x82, 0x73,
  0x71, 0x68, 0x1D, 0xFE, 0x30, 0x40, 0xEB, 0x02, 0x04, 0xA8, 0x92, 0xC8, 0x53, 0x10, 0xDF, 0xE4,
  0x7B, 0xC8, 0x18, 0x04, 0xFF, 0xB0, 0x92, 0x03, 0xFF, 0x90, 0xD0, 0x54, 0x82, 0x27, 0xAD, 0xF9,
  0x81, 0xC9, 0x47, 0x48, 0x41, 0x23, 0xDF, 0xE7, 0x74, 0x81, 0xDF, 0xE7, 0x74, 0x81, 0xDF, 0xE7,
  0x74, 0x81, 0xDF, 0xE7, 0x74, 0x81, 0xDF, 0xE7, 0x20,
  // "%" (U+0025), RLE, 183 bytes saved (35.7%)
  0x38, 0x53, 0xAD, 0xFD, 0xA4, 0x76, 0x0E, 0xA0, 0x67, 0x10, 0x7F, 0x09, 0x74, 0x08, 0xA0, 0xC7,
  0x10, 0x4F, 0xA0, 0x77, 0x20, 0x2B, 0x04, 0x71, 0x0C, 0xA8, 0x3E, 0x73, 0x6D, 0xA0, 0xE0, 0x17,
  0x10, 0xAA, 0x0B, 0x71, 0x02, 0xB0, 0x53, 0x02, 0x0E, 0xA0, 0x67, 0x03, 0xB0, 0x27, 0x10, 0x6A,
  0x0D, 0x50, 0x9A, 0x0B, 0x70, 0xCA, 0x09, 0x72, 0x09, 0xA0, 0x95, 0x05, 0xA0, 0xE6, 0x05, 0xA0,
  0xE0, 0x17, 0x20, 0xBA, 0x07, 0x50, 0x2B, 0x01, 0x50, 0xDA, 0x07, 0x73, 0x0C, 0xA0, 0x65, 0x01,
  0xB0, 0x24, 0x07, 0xA0, 0xD7, 0x40, 0xCA, 0x05, 0x6B, 0x02, 0x30, 0x10, 0xEA, 0x05, 0x74, 0x0C,
  0xA0, 0x65, 0x01, 0xB0, 0x23, 0x09, 0xA0, 0xC7, 0x50, 0xBA, 0x07, 0x50, 0x2B, 0x01, 0x20, 0x2B,
  0x87, 0x30, 0x18, 0xDE, 0xEB, 0x54, 0x09, 0xA0, 0x95, 0x04, 0xA0, 0xE3, 0x0B, 0xA8, 0x2A, 0x03,
  0xEE, 0x0A, 0x30, 0x6A, 0x0C, 0x50, 0x8A, 0x0C, 0x20, 0x4B, 0x81, 0x11, 0xDF, 0x90, 0x92, 0x02,
  0xB0, 0x34, 0x0E, 0xA0, 0x72, 0x0D, 0xA8, 0x18, 0x07, 0xB8, 0x29, 0x45, 0xCB, 0x02, 0x20, 0xCA,
  0x83, 0xD3, 0x02, 0xBB, 0x81, 0x20, 0x6A, 0x0E, 0x20, 0xDA, 0x09, 0x40, 0xDA, 0x09, 0x20, 0x4F,
  0xA0, 0xA2, 0x0E, 0xA8, 0x16, 0x02, 0xB0, 0x24, 0x06, 0xA0, 0xD3, 0x07, 0xF0, 0xC2, 0x08, 0xA0,
  0xD2, 0x05, 0xA0, 0xD5, 0x02, 0xB0, 0x13, 0x05, 0x0D, 0xB0, 0xE0, 0x82, 0x02, 0xB0, 0x42, 0x07,
  0xA0, 0xB6, 0x0E, 0xA0, 0x35, 0x81, 0x13, 0x24, 0x0A, 0xA0, 0xB3, 0x08, 0xA0, 0x96, 0x0D, 0xA0,
  0x57, 0x40, 0x3B, 0x02, 0x30, 0x9A, 0x09, 0x60, 0xCA, 0x05, 0x74, 0x0C, 0xA0, 0x94, 0x09, 0xA0,
  0x96, 0x0C, 0xA0, 0x57, 0x30, 0x5A, 0x0E, 0x01, 0x40, 0x8A, 0x0A, 0x60, 0xDA, 0x05, 0x73, 0x0D,
  0xA0, 0x75, 0x07, 0xA0, 0xB6, 0x0E, 0xA0, 0x37, 0x20, 0x7A, 0x0D, 0x60, 0x4A, 0x0D, 0x50, 0x2B,
  0x01, 0x71, 0x01, 0x0E, 0xA0, 0x56, 0x01, 0xB0, 0x24, 0x06, 0xA0, 0xD7, 0x20, 0x9A, 0x0C, 0x71,
  0x0C, 0xA0, 0x94, 0x0D, 0xA0, 0x97, 0x10, 0x2B, 0x03, 0x71, 0x06, 0xB8, 0x29, 0x45, 0xCB, 0x03,
  0x71, 0x0B, 0xA0, 0xA7, 0x30, 0xCF, 0x90, 0xA7, 0x10, 0x4B, 0x02, 0x73, 0x02, 0x0D, 0xE0, 0xB7,
  0x20, 0xCA, 0x08, 0x76, 0x84, 0x7D, 0xEE, 0xC6, 0x40,
  // "&" (U+0026), RLE, 227 bytes saved (48.8%)
  0x78, 0x75, 0xAD, 0xEF, 0xEC, 0x83, 0x77, 0x50, 0x40, 0xEF, 0xA0, 0x97, 0x73, 0x05, 0xFD, 0x0B,
  0x77, 0x10, 0x10, 0xEB, 0x84, 0xE7, 0x54, 0x6C, 0xC0, 0x57, 0x70, 0x6B, 0x0C, 0x60, 0x9B, 0x0B,
  0x77, 0x09, 0xB0, 0x37, 0xB0, 0xE7, 0x70, 0xAB, 0x01, 0x70, 0xDA, 0x0E, 0x77, 0x09, 0xB0, 0x37,
  0x0E, 0xA0, 0xD7, 0x70, 0x6B, 0x08, 0x60, 0x6B, 0x08, 0x77, 0x10, 0xEA, 0x0E, 0x02, 0x40, 0x30,
  0xEA, 0x0E, 0x01, 0x77, 0x10, 0x5B, 0x0D, 0x01, 0x20, 0x6C, 0x05, 0x77, 0x30, 0x8B, 0x81, 0xD4,
  0xBB, 0x0E, 0x04, 0x77, 0x50, 0xAF, 0x0C, 0x02, 0x77, 0x60, 0x3D, 0x0E, 0x06, 0x77, 0x70, 0x8F,
  0x04, 0x77, 0x50, 0x20, 0xCC, 0x0E, 0xC0, 0x57, 0x20, 0xDB, 0x40, 0x30, 0xEB, 0x82, 0xE5, 0x0B,
  0xC0, 0x67, 0x02, 0xB0, 0xB3, 0x01, 0x0E, 0xB0, 0xC0, 0x13, 0x0B, 0xC0, 0x66, 0x07, 0xB0, 0x73,
  0x0B, 0xB0, 0xC6, 0x0B, 0xC0, 0x75, 0x0C, 0xB0, 0x12, 0x02, 0xC0, 0x27, 0x0A, 0xC0, 0x83, 0x04,
  0xB0, 0xB3, 0x06, 0xB0, 0xA7, 0x20, 0xAC, 0x08, 0x20, 0xBB, 0x04, 0x30, 0x9B, 0x07, 0x73, 0x09,
  0xC0, 0x90, 0x6B, 0x0B, 0x40, 0xAB, 0x06, 0x74, 0x09, 0xF9, 0x03, 0x40, 0x9B, 0x07, 0x75, 0x09,
  0xE0, 0x75, 0x07, 0xB0, 0xB7, 0x60, 0xAC, 0x0D, 0x60, 0x2C, 0x04, 0x74, 0x07, 0xE0, 0xA6, 0x0C,
  0xB0, 0xE0, 0x47, 0x10, 0x40, 0xCF, 0x90, 0xA5, 0x03, 0xD8, 0x6B, 0x64, 0x34, 0x69, 0xED, 0x07,
  0x08, 0xC0, 0x95, 0x04, 0xFF, 0x90, 0xD0, 0x32, 0x08, 0xC0, 0x95, 0x02, 0x0B, 0xFC, 0x0D, 0x05,
  0x50, 0x8C, 0x09, 0x68, 0x91, 0x28, 0xBD, 0xEF, 0xED, 0xB8, 0x37, 0x10, 0x9C, 0x09,
  // "'" (U+0027), uncompressed
  0x1F, 0xFF, 0xF0, 0xFF, 0xFE, 0x0E, 0xFF, 0xD0, 0xDF, 0xFB, 0x0C, 0xFF, 0xA0, 0xAF, 0xF9, 0x09,
  0xFF, 0x80, 0x8F, 0xF6, 0x07, 0xFF, 0x50, 0x6F, 0xF4, 0x04, 0xFF, 0x30,
  // "(" (U+0028), RLE, 100 bytes saved (46.5%)
  0x60, 0x20, 0xEA, 0x08, 0x60, 0xDA, 0x0C, 0x60, 0x9B, 0x03, 0x50, 0x3B, 0x0A, 0x60, 0xBB, 0x02,
  0x50, 0x4B, 0x0A, 0x60, 0xBB, 0x03, 0x50, 0x1B, 0x0C, 0x60, 0x7B, 0x07, 0x60, 0xCB, 0x02, 0x50,
  0x1B, 0x0D, 0x60, 0x5B, 0x09, 0x60, 0x8B, 0x05, 0x60, 0xBB, 0x03, 0x60, 0xDB, 0x7B, 0x0E, 0x60,
  0x1B, 0x0C, 0x60, 0x2B, 0x0B, 0x60, 0x3B, 0x0A, 0x60, 0x3B, 0x0A, 0x60, 0x3B, 0x0B, 0x60, 0x2B,
  0x0B, 0x60, 0x1B, 0x0C, 0x7B, 0x0E, 0x70, 0xDB, 0x01, 0x60, 0xAB, 0x04, 0x60, 0x7B, 0x07, 0x60,
  0x4B, 0x0A, 0x7B, 0x0E, 0x70, 0xBB, 0x04, 0x60, 0x5B, 0x09, 0x70, 0xEA, 0x0E, 0x70, 0x8B, 0x06,
  0x60, 0x1B, 0x0D, 0x70, 0x8B, 0x05, 0x70, 0xDA, 0x0D, 0x70, 0x4B, 0x07, 0x70, 0x8B, 0x03, 0x78,
  0x26, 0x77, 0x50,
  // ")" (U+0029), RLE, 97 bytes saved (45.1%)
  0x05, 0xB0, 0x57, 0x0A, 0xA0, 0xE0, 0x26, 0x01, 0x0E, 0xA0, 0xC7, 0x07, 0xB0, 0x67, 0x0D, 0xA0,
  0xE7, 0x07, 0xB0, 0x77, 0x0E, 0xA0, 0xE7, 0x09, 0xB0, 0x46, 0x04, 0xB0, 0xA7, 0x0E, 0xB7, 0x0A,
  0xB0, 0x46, 0x06, 0xB0, 0x86, 0x02, 0xB0, 0xB7, 0xB0, 0xE7, 0x0C, 0xB0, 0x16, 0x0B, 0xB0, 0x36,
  0x09, 0xB0, 0x46, 0x08, 0xB0, 0x56, 0x07, 0xB0, 0x66, 0x07, 0xB0, 0x66, 0x07, 0xB0, 0x66, 0x08,
  0xB0, 0x56, 0x09, 0xB0, 0x46, 0x0B, 0xB0, 0x26, 0x0D, 0xB6, 0x01, 0xB0, 0xD6, 0x04, 0xB0, 0xA6,
  0x07, 0xB0, 0x76, 0x0C, 0xB0, 0x35, 0x01, 0xB0, 0xE6, 0x06, 0xB0, 0x86, 0x0C, 0xB0, 0x35, 0x03,
  0xB0, 0xB6, 0x0A, 0xB0, 0x45, 0x02, 0xB0, 0xB6, 0x0B, 0xB0, 0x25, 0x04, 0xB0, 0x75, 0x01, 0x0E,
  0xA0, 0xB6, 0x83, 0x37, 0x77, 0x16,
  // "*" (U+002A), RLE, 99 bytes saved (45.0%)
  0x71, 0x01, 0xC0, 0x17, 0x73, 0xC7, 0x74, 0x0D, 0xA0, 0xE7, 0x74, 0x0B, 0xA0, 0xC7, 0x74, 0x0A,
  0xA0, 0xA7, 0x74, 0x08, 0xA0, 0x97, 0x38, 0x28, 0x95, 0x14, 0x06, 0xA0, 0x75, 0x81, 0x49, 0xA2,
  0x0C, 0xB8, 0x3B, 0x73, 0x05, 0xA8, 0x35, 0x02, 0x7B, 0xB0, 0xE2, 0x0E, 0xE0, 0xE0, 0xBA, 0x0B,
  0x0D, 0xF0, 0x01, 0xFF, 0xE8, 0x90, 0x40, 0x23, 0x56, 0x79, 0xAC, 0xC8, 0x6C, 0xA9, 0x76, 0x54,
  0x27, 0x20, 0xBC, 0x0C, 0x77, 0x10, 0x7A, 0x00, 0xCA, 0x08, 0x76, 0x03, 0xB0, 0x05, 0xB0, 0x47,
  0x40, 0x10, 0xDA, 0x0D, 0x20, 0xDA, 0x0E, 0x01, 0x73, 0x0A, 0xB0, 0x72, 0x05, 0xB0, 0xC7, 0x20,
  0x6B, 0x0E, 0x01, 0x30, 0xDB, 0x08, 0x70, 0x1C, 0x09, 0x40, 0x6C, 0x03, 0x70, 0x20, 0xAA, 0x02,
  0x58, 0x2D, 0xFC, 0x37, 0x30, 0x30, 0x76, 0x00, 0x56,
  // "+" (U+002B), RLE, 152 bytes saved (68.8%)
  0x72, 0xB0, 0x17, 0x73, 0xB0, 0x17, 0x73, 0xB0, 0x17, 0x73, 0xB0, 0x17, 0x73, 0xB0, 0x17, 0x73,
  0xB0, 0x17, 0x73, 0xB0, 0x17, 0x73, 0xB0, 0x17, 0x10, 0x28, 0x04, 0x3B, 0x04, 0x80, 0x43, 0x0C,
  0xFF, 0xD0, 0xD0, 0xCF, 0xFD, 0x0D, 0x0C, 0xFF, 0xD0, 0xD7, 0x2B, 0x01, 0x77, 0x3B, 0x01, 0x77,
  0x3B, 0x01, 0x77, 0x3B, 0x01, 0x77, 0x3B, 0x01, 0x77, 0x3B, 0x01, 0x77, 0x3B, 0x01, 0x77, 0x3B,
  0x01, 0x77, 0x3B, 0x01, 0x71,
  // "," (U+002C), RLE, 10 bytes saved (22.7%)
  0x20, 0x1C, 0x05, 0x20, 0x3C, 0x02, 0x20, 0x6B, 0x0D, 0x30, 0x8B, 0x08, 0x30, 0xBB, 0x03, 0x30,
  0xEA, 0x0D, 0x30, 0x2B, 0x07, 0x30, 0x6B, 0x01, 0x30, 0x9A, 0x0B, 0x40, 0xDA, 0x04, 0x30, 0x1A,
  0x0D, 0x40,
  // "-" (U+002D), RLE, 11 bytes saved (45.8%)
  0x18, 0x06, 0x30, 0x10, 0x3F, 0xB0, 0x60, 0x3F, 0xB0, 0x60, 0x3F, 0xB0, 0x60,
  // "." (U+002E), RLE, 1 byte saved (5.6%)
  0x18, 0x49, 0xED, 0x70, 0x8C, 0x05, 0x0B, 0xC0, 0x80, 0xBC, 0x08, 0x07, 0xC8, 0x44, 0x09, 0xED,
  0x71,
  // "/" (U+002F), RLE, 138 bytes saved (55.6%)
  0x74, 0x01, 0xB0, 0xB7, 0x40, 0x6B, 0x05, 0x74, 0x0C, 0xA0, 0xE7, 0x40, 0x2B, 0x09, 0x74, 0x08,
  0xB0, 0x37, 0x40, 0xEA, 0x0D, 0x74, 0x04, 0xB0, 0x77, 0x40, 0xAB, 0x01, 0x73, 0x01, 0xB0, 0xB7,
  0x40, 0x6B, 0x05, 0x74, 0x0C, 0xA0, 0xE7, 0x40, 0x3B, 0x09, 0x74, 0x09, 0xB0, 0x37, 0x40, 0xEA,
  0x0C, 0x74, 0x05, 0xB0, 0x67, 0x40, 0xBB, 0x01, 0x73, 0x01, 0xB0, 0xA7, 0x40, 0x7B, 0x04, 0x74,
  0x0D, 0xA0, 0xE7, 0x40, 0x3B, 0x08, 0x74, 0x09, 0xB0, 0x27, 0x40, 0xEA, 0x0C, 0x74, 0x05, 0xB0,
  0x67, 0x40, 0xBB, 0x01, 0x73, 0x01, 0xB0, 0xA7, 0x40, 0x7B, 0x04, 0x74, 0x0D, 0xA0, 0xD7, 0x40,
  0x3B, 0x08, 0x74, 0x09, 0xB0, 0x27, 0x40, 0xEA, 0x0C, 0x74, 0x05, 0xB0, 0x67, 0x40,
  // "0" (U+0030), RLE, 136 bytes saved (41.7%)
  0x68, 0x74, 0x9C, 0xEF, 0xEC, 0x94, 0x73, 0x02, 0x0C, 0xFA, 0x0B, 0x02, 0x70, 0x30, 0xEF, 0xC0,
  0xE0, 0x25, 0x01, 0x0E, 0xB8, 0x5E, 0x85, 0x35, 0x8E, 0xB0, 0xD0, 0x14, 0x0A, 0xB0, 0xC0, 0x15,
  0x01, 0x0B, 0xB0, 0x93, 0x03, 0xB0, 0xE0, 0x17, 0x10, 0xDB, 0x02, 0x20, 0x9B, 0x06, 0x72, 0x05,
  0xB0, 0x92, 0x0D, 0xB0, 0x17, 0x30, 0xEA, 0x81, 0xE0, 0x2B, 0x0B, 0x74, 0x0A, 0xB0, 0x30, 0x5B,
  0x08, 0x74, 0x06, 0xB0, 0x60, 0x7B, 0x05, 0x74, 0x03, 0xB0, 0x09, 0xB0, 0x37, 0x40, 0x2B, 0x00,
  0xBB, 0x02, 0x75, 0xB0, 0xD0, 0xCB, 0x01, 0x75, 0xB0, 0xE0, 0xCB, 0x76, 0x0E, 0xB0, 0xCB, 0x76,
  0x0E, 0xB0, 0xCB, 0x01, 0x75, 0x0E, 0xB0, 0xBB, 0x01, 0x75, 0xB0, 0xE0, 0xBB, 0x02, 0x75, 0xB0,
  0xD0, 0x9B, 0x03, 0x74, 0x02, 0xB0, 0xC0, 0x6B, 0x05, 0x74, 0x03, 0xB0, 0xA0, 0x4B, 0x08, 0x74,
  0x06, 0xB0, 0x70, 0x1B, 0x0B, 0x74, 0x0A, 0xB8, 0x14, 0x0B, 0xB0, 0x17, 0x30, 0xEB, 0x20, 0x7B,
  0x06, 0x72, 0x05, 0xB0, 0xA3, 0x0E, 0xA0, 0xE0, 0x17, 0x10, 0xDB, 0x04, 0x30, 0x7B, 0x0C, 0x01,
  0x50, 0x10, 0xBB, 0x0C, 0x50, 0xDB, 0x85, 0xE8, 0x53, 0x58, 0xEB, 0x0E, 0x02, 0x50, 0x20, 0xDF,
  0xD0, 0x47, 0x01, 0x0B, 0xFA, 0x0D, 0x03, 0x73, 0x87, 0x39, 0xCE, 0xFE, 0xD9, 0x46,
  // "1" (U+0031), RLE, 77 bytes saved (41.4%)
  0x70, 0x40, 0xEA, 0x09, 0x60, 0x7C, 0x09, 0x40, 0x10, 0xBD, 0x09, 0x30, 0x30, 0xDE, 0x09, 0x20,
  0x6C, 0x08, 0xB8, 0x19, 0x09, 0xC0, 0x60, 0x1B, 0x09, 0x0B, 0xB8, 0x2E, 0x40, 0x1B, 0x09, 0x05,
  0xA0, 0xC0, 0x22, 0x02, 0xB8, 0x29, 0x08, 0xA4, 0x02, 0xB0, 0x97, 0x02, 0xB0, 0x97, 0x02, 0xB0,
  0x97, 0x02, 0xB0, 0x97, 0x02, 0xB0, 0x97, 0x02, 0xB0, 0x97, 0x02, 0xB0, 0x97, 0x02, 0xB0, 0x97,
  0x02, 0xB0, 0x97, 0x02, 0xB0, 0x97, 0x02, 0xB0, 0x97, 0x02, 0xB0, 0x97, 0x02, 0xB0, 0x97, 0x02,
  0xB0, 0x97, 0x02, 0xB0, 0x97, 0x02, 0xB0, 0x97, 0x02, 0xB0, 0x97, 0x02, 0xB0, 0x97, 0x02, 0xB0,
  0x97, 0x02, 0xB0, 0x97, 0x02, 0xB0, 0x97, 0x02, 0xB0, 0x97, 0x02, 0xB0, 0x90,
  // "2" (U+0032), RLE, 180 bytes saved (55.2%)
  0x58, 0x23, 0x8B, 0xEA, 0x82, 0xEC, 0x83, 0x72, 0x04, 0x0C, 0xFB, 0x0C, 0x03, 0x50, 0x20, 0xBF,
  0xF0, 0x53, 0x03, 0x0E, 0xC8, 0x5D, 0x85, 0x43, 0x59, 0xD0, 0x33, 0x0C, 0xA0, 0xD0, 0x57, 0x02,
  0x0D, 0xB0, 0xC3, 0x81, 0x1E, 0x87, 0x30, 0x2C, 0x02, 0x77, 0x20, 0xAB, 0x06, 0x77, 0x20, 0x6B,
  0x08, 0x77, 0x20, 0x5B, 0x09, 0x77, 0x20, 0x7B, 0x08, 0x77, 0x20, 0x9B, 0x05, 0x77, 0x20, 0xEB,
  0x01, 0x77, 0x10, 0x5B, 0x0B, 0x77, 0x20, 0xDB, 0x03, 0x77, 0x10, 0x9B, 0x09, 0x77, 0x10, 0x6B,
  0x0D, 0x01, 0x77, 0x04, 0xB0, 0xE0, 0x27, 0x70, 0x4C, 0x04, 0x77, 0x03, 0x0E, 0xB0, 0x67, 0x70,
  0x30, 0xEB, 0x06, 0x77, 0x03, 0x0E, 0xB0, 0x77, 0x70, 0x30, 0xEB, 0x07, 0x77, 0x03, 0x0E, 0xB0,
  0x67, 0x70, 0x30, 0xEB, 0x06, 0x77, 0x04, 0x0E, 0xB0, 0x57, 0x70, 0x40, 0xEB, 0x05, 0x77, 0x04,
  0x0E, 0xB0, 0x57, 0x70, 0x4C, 0x08, 0x80, 0x93, 0x30, 0xDF, 0xFD, 0x00, 0xDF, 0xFD, 0x00, 0xDF,
  0xFD, 0x0D,
  // "3" (U+0033), RLE, 159 bytes saved (48.8%)
  0x48, 0x91, 0x15, 0x9C, 0xDE, 0xFE, 0xC9, 0x67, 0x10, 0x30, 0xAF, 0xC0, 0xE0, 0x74, 0x01, 0x0A,
  0xFF, 0x90, 0xB3, 0x08, 0xC8, 0x7E, 0xA6, 0x54, 0x35, 0x8E, 0xC0, 0x83, 0x82, 0xCF, 0xD5, 0x72,
  0x09, 0xC0, 0x22, 0x01, 0x05, 0x75, 0x0C, 0xB0, 0x77, 0x72, 0x06, 0xB0, 0x97, 0x72, 0x04, 0xB0,
  0xA7, 0x72, 0x06, 0xB0, 0x87, 0x72, 0x0B, 0xB0, 0x47, 0x71, 0x06, 0xB0, 0xD7, 0x71, 0x08, 0xB0,
  0xE0, 0x37, 0x80, 0x03, 0x82, 0x47, 0xAE, 0xB0, 0xD0, 0x27, 0x03, 0xFA, 0x0B, 0x05, 0x72, 0x03,
  0xF9, 0x81, 0xB8, 0x47, 0x20, 0x3F, 0xC0, 0xD0, 0x57, 0x58, 0x31, 0x25, 0x9E, 0xC0, 0x97, 0x72,
  0x07, 0xC0, 0x77, 0x72, 0x05, 0xB0, 0xE0, 0x17, 0x72, 0x0C, 0xB0, 0x57, 0x72, 0x07, 0xB0, 0x87,
  0x72, 0x06, 0xB0, 0x97, 0x72, 0x07, 0xB0, 0x97, 0x72, 0x0A, 0xB0, 0x77, 0x71, 0x01, 0x0E, 0xB0,
  0x30, 0x17, 0x70, 0xAB, 0x83, 0xD0, 0xFA, 0x47, 0x30, 0x10, 0xBC, 0x05, 0x1B, 0x89, 0x0E, 0xB8,
  0x54, 0x34, 0x57, 0xBD, 0x09, 0x2F, 0xFB, 0x08, 0x30, 0x80, 0xEF, 0xE0, 0xB0, 0x36, 0x84, 0x47,
  0xAC, 0xEE, 0xA8, 0x3E, 0xCA, 0x72, 0x60,
  // "4" (U+0034), RLE, 229 bytes saved (59.0%)
  0x77, 0x10, 0xAB, 0x0B, 0x77, 0x50, 0x5C, 0x0B, 0x77, 0x40, 0x10, 0xEC, 0x0B, 0x77, 0x40, 0xBD,
  0x0B, 0x77, 0x30, 0x7A, 0x00, 0xDA, 0x0B, 0x77, 0x20, 0x3B, 0x05, 0x0D, 0xA0, 0xB7, 0x72, 0x0D,
  0xA8, 0x1C, 0x0E, 0xA0, 0xB7, 0x71, 0x09, 0xB8, 0x13, 0x0E, 0xA0, 0xB7, 0x70, 0x4B, 0x07, 0x2B,
  0x0B, 0x76, 0x01, 0x0E, 0xA0, 0xB3, 0xB0, 0xB7, 0x60, 0xAA, 0x0E, 0x01, 0x3B, 0x0B, 0x75, 0x06,
  0xB0, 0x54, 0xB0, 0xB7, 0x40, 0x20, 0xEA, 0x09, 0x5B, 0x0B, 0x74, 0x0C, 0xA0, 0xD6, 0xB0, 0xB7,
  0x30, 0x8B, 0x03, 0x6B, 0x0B, 0x72, 0x03, 0xB0, 0x77, 0xB0, 0xB7, 0x20, 0xDA, 0x0B, 0x71, 0xB0,
  0xB7, 0x10, 0xAA, 0x0E, 0x01, 0x71, 0xB0, 0xB7, 0x05, 0xB0, 0x57, 0x2B, 0x0B, 0x60, 0x10, 0xEA,
  0x09, 0x73, 0xB0, 0xB6, 0x0B, 0xA0, 0xE0, 0x48, 0x06, 0x3B, 0x85, 0xC3, 0x33, 0x30, 0x1F, 0xFF,
  0xA0, 0x40, 0x1F, 0xFF, 0xA0, 0x40, 0x1F, 0xFF, 0xA0, 0x47, 0x72, 0xB0, 0xB7, 0x77, 0xB0, 0xB7,
  0x77, 0xB0, 0xB7, 0x77, 0xB0, 0xB7, 0x77, 0xB0, 0xB7, 0x77, 0xB0, 0xB7, 0x77, 0xB0, 0xB5,
  // "5" (U+0035), RLE, 171 bytes saved (52.5%)
  0x20, 0x5F, 0xF9, 0x07, 0x40, 0x6F, 0xF9, 0x07, 0x40, 0x8F, 0xF9, 0x07, 0x40, 0x9B, 0x80, 0x90,
  0x30, 0x14, 0x0A, 0xA0, 0xD7, 0x73, 0x0C, 0xA0, 0xC7, 0x73, 0x0D, 0xA0, 0xB7, 0x73, 0x0E, 0xA0,
  0x97, 0x73, 0xB0, 0x87, 0x72, 0x01, 0xB0, 0x67, 0x72, 0x03, 0xB0, 0x57, 0x72, 0x04, 0xB8, 0x90,
  0xAA, 0xCD, 0xEF, 0xEC, 0x95, 0x70, 0x6F, 0xE0, 0xE0, 0x65, 0x05, 0xFF, 0x90, 0xB5, 0x89, 0x14,
  0xCA, 0x86, 0x43, 0x45, 0x7B, 0xD0, 0xB7, 0x71, 0x01, 0x0B, 0xC0, 0x67, 0x72, 0x0A, 0xB0, 0xE7,
  0x72, 0x01, 0x0E, 0xB0, 0x37, 0x72, 0x09, 0xB0, 0x77, 0x72, 0x06, 0xB0, 0x97, 0x72, 0x05, 0xB0,
  0x97, 0x72, 0x05, 0xB0, 0x87, 0x72, 0x07, 0xB0, 0x77, 0x72, 0x0B, 0xB0, 0x37, 0x71, 0x02, 0xB8,
  0x1E, 0x01, 0x76, 0x01, 0x0C, 0xB8, 0x47, 0x03, 0xE7, 0x27, 0x20, 0x30, 0xDB, 0x0D, 0x20, 0x3B,
  0x87, 0xC9, 0x64, 0x33, 0x57, 0xCC, 0x0E, 0x02, 0x20, 0x3F, 0xF9, 0x0D, 0x03, 0x30, 0x10, 0xAF,
  0xD0, 0xE0, 0x87, 0x89, 0x21, 0x59, 0xBD, 0xEF, 0xED, 0xC9, 0x57,
  // "6" (U+0036), RLE, 149 bytes saved (43.7%)
  0x72, 0x89, 0x04, 0x8B, 0xDE, 0xFE, 0xEC, 0x67, 0x30, 0x60, 0xDF, 0xA0, 0xA7, 0x10, 0x20, 0xCF,
  0xC0, 0xA7, 0x03, 0x0E, 0xC8, 0x7E, 0x96, 0x53, 0x45, 0x77, 0x60, 0x10, 0xEB, 0x0D, 0x05, 0x77,
  0x10, 0xBB, 0x0B, 0x77, 0x20, 0x4B, 0x0C, 0x77, 0x30, 0xBB, 0x02, 0x77, 0x20, 0x3B, 0x09, 0x77,
  0x30, 0x7B, 0x03, 0x77, 0x30, 0xBA, 0x0E, 0x58, 0x21, 0x32, 0x17, 0x2B, 0x0B, 0x28, 0x12, 0x9E,
  0xC8, 0x1E, 0x92, 0x50, 0x2B, 0x82, 0x80, 0x5E, 0xFA, 0x09, 0x40, 0x4B, 0x00, 0x6F, 0xD0, 0xB3,
  0x06, 0xB0, 0x8A, 0x86, 0xD7, 0x31, 0x01, 0x5C, 0xC0, 0x82, 0x07, 0xD0, 0x97, 0x10, 0x8C, 0x81,
  0x10, 0x8C, 0x09, 0x73, 0x0B, 0xB8, 0x17, 0x08, 0xB0, 0xE7, 0x40, 0x3B, 0x81, 0xB0, 0x8B, 0x08,
  0x75, 0x0E, 0xA8, 0x1E, 0x07, 0xB0, 0x67, 0x50, 0xCB, 0x10, 0x6B, 0x06, 0x75, 0x0B, 0xB0, 0x10,
  0x4B, 0x08, 0x75, 0x0C, 0xB1, 0x01, 0xB0, 0xC7, 0x50, 0xEA, 0x0E, 0x20, 0xCB, 0x01, 0x73, 0x01,
  0xB0, 0xB2, 0x06, 0xB0, 0x97, 0x30, 0x7B, 0x07, 0x30, 0xEB, 0x04, 0x71, 0x02, 0x0E, 0xB0, 0x13,
  0x06, 0xC0, 0x56, 0x02, 0x0D, 0xB0, 0x95, 0x0A, 0xC8, 0x4B, 0x63, 0x35, 0xAC, 0x0D, 0x70, 0xAF,
  0xD0, 0xD0, 0x27, 0x10, 0x60, 0xEF, 0xA0, 0x90, 0x17, 0x48, 0x15, 0xAD, 0xA8, 0x2D, 0xB7, 0x26,
  // "7" (U+0037), RLE, 218 bytes saved (63.9%)
  0x01, 0xFF, 0xF0, 0x1F, 0xFF, 0x01, 0xFF, 0xF1, 0x80, 0x94, 0x30, 0x7B, 0x0A, 0x77, 0x30, 0xBB,
  0x03, 0x77, 0x20, 0x2B, 0x0B, 0x77, 0x30, 0xAB, 0x04, 0x77, 0x20, 0x1B, 0x0D, 0x77, 0x30, 0x8B,
  0x06, 0x77, 0x20, 0x10, 0xEA, 0x0E, 0x77, 0x30, 0x7B, 0x07, 0x77, 0x30, 0xEB, 0x01, 0x77, 0x20,
  0x6B, 0x09, 0x77, 0x30, 0xDB, 0x02, 0x77, 0x20, 0x5B, 0x0A, 0x77, 0x30, 0xCB, 0x03, 0x77, 0x20,
  0x4B, 0x0C, 0x77, 0x30, 0xBB, 0x05, 0x77, 0x20, 0x3B, 0x0D, 0x77, 0x30, 0xAB, 0x06, 0x77, 0x20,
  0x2B, 0x0E, 0x77, 0x30, 0x9B, 0x08, 0x77, 0x20, 0x1C, 0x01, 0x77, 0x20, 0x8B, 0x09, 0x77, 0x30,
  0xEB, 0x02, 0x77, 0x20, 0x7B, 0x0B, 0x77, 0x30, 0xDB, 0x04, 0x77, 0x20, 0x6B, 0x0C, 0x77, 0x30,
  0xDB, 0x05, 0x77, 0x20, 0x5B, 0x0D, 0x77, 0x30, 0xCB, 0x07, 0x75,
  // "8" (U+0038), RLE, 123 bytes saved (37.7%)
  0x58, 0x91, 0x15, 0x9C, 0xEF, 0xED, 0xA7, 0x17, 0x20, 0x70, 0xEF, 0xB0, 0x90, 0x16, 0x0B, 0xFE,
  0x0D, 0x02, 0x40, 0xBC, 0x85, 0xC7, 0x43, 0x46, 0xBC, 0x0C, 0x30, 0x4C, 0x05, 0x70, 0x40, 0xEB,
  0x06, 0x20, 0x9B, 0x07, 0x72, 0x06, 0xB0, 0xB2, 0x0C, 0xB0, 0x17, 0x3B, 0x0D, 0x20, 0xCB, 0x74,
  0x0D, 0xA0, 0xE2, 0x0B, 0xB0, 0x17, 0x3B, 0x0C, 0x20, 0x7B, 0x06, 0x72, 0x04, 0xB0, 0x82, 0x01,
  0xB0, 0xE0, 0x27, 0x01, 0x0D, 0xA0, 0xE0, 0x13, 0x07, 0xB0, 0xE0, 0x45, 0x03, 0x0D, 0xB0, 0x55,
  0x08, 0xC8, 0x3B, 0x40, 0x18, 0xC0, 0x57, 0x06, 0xD0, 0xDC, 0x0C, 0x02, 0x72, 0x02, 0x0C, 0xF0,
  0x77, 0x40, 0x80, 0xEF, 0x0E, 0x08, 0x71, 0x04, 0x0D, 0xB8, 0x2E, 0x89, 0xEC, 0x0D, 0x04, 0x50,
  0x6C, 0x08, 0x40, 0x60, 0xDC, 0x07, 0x30, 0x5B, 0x0D, 0x03, 0x70, 0x7C, 0x06, 0x20, 0xEA, 0x0E,
  0x02, 0x72, 0x04, 0x0E, 0xB0, 0x20, 0x6B, 0x06, 0x74, 0x06, 0xB0, 0x80, 0xAB, 0x01, 0x75, 0x0E,
  0xA0, 0x0C, 0xB7, 0x60, 0xDA, 0x0E, 0x0C, 0xB7, 0x60, 0xEA, 0x0D, 0x0A, 0xB0, 0x47, 0x40, 0x2B,
  0x0C, 0x06, 0xB0, 0xC7, 0x40, 0xBB, 0x81, 0x71, 0xEB, 0x0B, 0x01, 0x70, 0x10, 0xAB, 0x82, 0xE1,
  0x06, 0xC8, 0x7E, 0x96, 0x43, 0x46, 0x9E, 0xC0, 0x63, 0x07, 0xFF, 0x90, 0x75, 0x04, 0x0C, 0xFC,
  0x0C, 0x03, 0x71, 0x89, 0x13, 0x8B, 0xDE, 0xFE, 0xDB, 0x83, 0x50,
  // "9" (U+0039), RLE, 136 bytes saved (41.7%)
  0x58, 0x90, 0x16, 0xAD, 0xEF, 0xEB, 0x71, 0x73, 0x07, 0x0E, 0xFA, 0x09, 0x70, 0x10, 0xBF, 0xD0,
  0xD0, 0x15, 0x0B, 0xC8, 0x5B, 0x64, 0x35, 0x9E, 0xB0, 0xD0, 0x13, 0x06, 0xB0, 0xE0, 0x46, 0x01,
  0x0C, 0xB0, 0xA3, 0x0E, 0xB0, 0x37, 0x20, 0xCB, 0x81, 0x40, 0x4B, 0x0A, 0x73, 0x02, 0xB8, 0x1B,
  0x08, 0xB0, 0x57, 0x40, 0xAB, 0x01, 0x0A, 0xB0, 0x17, 0x40, 0x5B, 0x05, 0x0B, 0xB7, 0x50, 0x2B,
  0x08, 0x0B, 0xB0, 0x17, 0x40, 0x1B, 0x00, 0xAB, 0x03, 0x74, 0x03, 0xB0, 0xC0, 0x8B, 0x07, 0x74,
  0x09, 0xB0, 0xD0, 0x3B, 0x0E, 0x01, 0x72, 0x05, 0xC8, 0x1D, 0x0C, 0xB0, 0xC0, 0x17, 0x07, 0xD8,
  0x1C, 0x04, 0xC8, 0x6E, 0x95, 0x34, 0x59, 0xEA, 0x08, 0xB0, 0xB2, 0x06, 0xFD, 0x09, 0x02, 0xB0,
  0xB3, 0x04, 0x0D, 0xFA, 0x81, 0x60, 0x3B, 0x09, 0x58, 0x75, 0xAD, 0xEF, 0xEC, 0x71, 0x20, 0x5B,
  0x07, 0x77, 0x20, 0x8B, 0x04, 0x77, 0x20, 0xCB, 0x01, 0x77, 0x10, 0x2B, 0x0C, 0x77, 0x20, 0x8B,
  0x07, 0x77, 0x10, 0x10, 0xEA, 0x0E, 0x01, 0x77, 0x10, 0xBB, 0x08, 0x77, 0x10, 0xAB, 0x0E, 0x01,
  0x76, 0x04, 0x0D, 0xC0, 0x55, 0x87, 0x58, 0x54, 0x34, 0x58, 0xDD, 0x06, 0x60, 0x8F, 0xC0, 0xE0,
  0x47, 0x08, 0xFA, 0x81, 0xE8, 0x17, 0x18, 0x15, 0xCE, 0xA8, 0x3E, 0xDB, 0x95, 0x72,
  // ":" (U+003A), RLE, 36 bytes saved (50.0%)
  0x85, 0x19, 0xED, 0x70, 0x8C, 0x05, 0x0C, 0xC0, 0x90, 0xBC, 0x00, 0x8C, 0x84, 0x40, 0x9E, 0xD7,
  0x80, 0x98, 0x60, 0x84, 0x9E, 0xD7, 0x08, 0xC0, 0x50, 0xBC, 0x08, 0x0B, 0xC0, 0x80, 0x7C, 0x84,
  0x40, 0x9E, 0xD7, 0x10,
  // ";" (U+003B), RLE, 66 bytes saved (55.0%)
  0x28, 0x31, 0xAE, 0xD6, 0x30, 0xAC, 0x04, 0x20, 0xDC, 0x07, 0x20, 0xDC, 0x07, 0x20, 0x9C, 0x03,
  0x28, 0x31, 0xAE, 0xD6, 0x80, 0x9C, 0x70, 0x07, 0xB0, 0xE3, 0x09, 0xB0, 0xB3, 0x0C, 0xB0, 0x73,
  0xC0, 0x22, 0x03, 0xB0, 0xC3, 0x06, 0xB0, 0x73, 0x09, 0xB0, 0x13, 0x0C, 0xA0, 0xB4, 0xB0, 0x53,
  0x04, 0xA0, 0xD4, 0x08, 0xA0, 0x74,
  // "<" (U+003C), RLE, 113 bytes saved (48.9%)
  0x77, 0x50, 0x10, 0x77, 0x73, 0x82, 0x18, 0xEE, 0x77, 0x18, 0x11, 0x8E, 0xA0, 0xE7, 0x68, 0x11,
  0x8E, 0xC0, 0xC7, 0x48, 0x11, 0x8E, 0xC0, 0xC0, 0x57, 0x38, 0x11, 0x8E, 0xC0, 0xC0, 0x47, 0x38,
  0x11, 0x8E, 0xC0, 0xB0, 0x37, 0x38, 0x11, 0x8E, 0xC0, 0xA0, 0x37, 0x38, 0x11, 0x8E, 0xC0, 0x90,
  0x27, 0x38, 0x11, 0x8E, 0xB8, 0x1E, 0x81, 0x74, 0x07, 0x0E, 0xB8, 0x1E, 0x71, 0x76, 0x0C, 0xB0,
  0xC0, 0x17, 0x71, 0x0B, 0xC8, 0x1E, 0x92, 0x77, 0x05, 0x0C, 0xD0, 0xB0, 0x57, 0x70, 0x30, 0xAD,
  0x81, 0xD7, 0x17, 0x68, 0x11, 0x8E, 0xD0, 0xA0, 0x37, 0x70, 0x60, 0xDD, 0x0C, 0x06, 0x77, 0x04,
  0x0B, 0xD8, 0x1E, 0x82, 0x76, 0x02, 0x09, 0xE0, 0xA7, 0x78, 0x11, 0x7E, 0xB0, 0xE7, 0x73, 0x82,
  0x6C, 0xFE, 0x77, 0x50, 0x40, 0x90,
  // "=" (U+003D), RLE, 93 bytes saved (73.8%)
  0x08, 0xFF, 0xD0, 0x90, 0x8F, 0xFD, 0x09, 0x08, 0xFF, 0xD0, 0x90, 0x18, 0x09, 0x73, 0x02, 0x80,
  0x9A, 0x00, 0x01, 0x80, 0x97, 0x30, 0x20, 0x8F, 0xFD, 0x09, 0x08, 0xFF, 0xD0, 0x90, 0x8F, 0xFD,
  0x09,
  // ">" (U+003E), RLE, 119 bytes saved (51.5%)
  0x06, 0x01, 0x77, 0x58, 0x2C, 0xF9, 0x17, 0x73, 0x0C, 0xB0, 0x90, 0x17, 0x71, 0x0A, 0xD0, 0x90,
  0x17, 0x70, 0x40, 0xCD, 0x09, 0x01, 0x77, 0x03, 0x0B, 0xD0, 0x90, 0x27, 0x70, 0x30, 0xAD, 0x09,
  0x02, 0x77, 0x02, 0x09, 0xD0, 0x90, 0x27, 0x78, 0x11, 0x8E, 0xC0, 0x90, 0x27, 0x78, 0x11, 0x8E,
  0xC0, 0x90, 0x27, 0x71, 0x07, 0x0E, 0xC0, 0x97, 0x72, 0x0B, 0xB0, 0xE7, 0x68, 0x11, 0x7D, 0xC0,
  0xD7, 0x40, 0x30, 0xAD, 0x0D, 0x06, 0x73, 0x06, 0x0C, 0xD0, 0xB0, 0x47, 0x28, 0x12, 0x9E, 0xD0,
  0x90, 0x27, 0x20, 0x50, 0xBD, 0x81, 0xD7, 0x17, 0x18, 0x11, 0x7D, 0xD0, 0xC0, 0x57, 0x30, 0x8E,
  0x0A, 0x03, 0x75, 0x0C, 0xB8, 0x1E, 0x82, 0x77, 0x82, 0xCF, 0xD6, 0x77, 0x30, 0x80, 0x57, 0x75,
  // "?" (U+003F), RLE, 157 bytes saved (56.3%)
  0x38, 0x91, 0x16, 0x9C, 0xDE, 0xFE, 0xC9, 0x45, 0x05, 0x0C, 0xFC, 0x0C, 0x02, 0x20, 0x4F, 0xF0,
  0xE0, 0x32, 0x0C, 0xA8, 0x7E, 0xA6, 0x43, 0x35, 0x9E, 0xB0, 0xD2, 0x81, 0x5C, 0x67, 0x10, 0x10,
  0xCB, 0x06, 0x76, 0x02, 0xB0, 0xB7, 0x70, 0xDA, 0x0D, 0x77, 0x0C, 0xA0, 0xE7, 0x70, 0xDA, 0x0D,
  0x76, 0x03, 0xB0, 0x97, 0x60, 0xCB, 0x03, 0x75, 0x0B, 0xB0, 0x97, 0x40, 0x10, 0xCB, 0x0B, 0x74,
  0x03, 0x0D, 0xB0, 0xB7, 0x40, 0x40, 0xEB, 0x08, 0x74, 0x03, 0xC0, 0x67, 0x50, 0xDB, 0x04, 0x75,
  0x05, 0xB0, 0x47, 0x60, 0xAA, 0x0A, 0x77, 0x0C, 0xA0, 0x57, 0x70, 0xCA, 0x04, 0x77, 0x82, 0x8A,
  0xA2, 0x80, 0xF7, 0x08, 0x31, 0xAE, 0xD7, 0x76, 0x08, 0xC0, 0x47, 0x50, 0xCC, 0x07, 0x75, 0x0C,
  0xC0, 0x77, 0x50, 0x8C, 0x03, 0x76, 0x82, 0x9E, 0xD6, 0x71,
  // "@" (U+0040), RLE, 266 bytes saved (42.2%)
  0x76, 0x83, 0x37, 0xAC, 0xEA, 0x83, 0xED, 0xA7, 0x37, 0x76, 0x81, 0x28, 0xEF, 0xD0, 0xD0, 0x67,
  0x72, 0x01, 0x09, 0xFF, 0xB0, 0xD0, 0x57, 0x60, 0x40, 0xED, 0x89, 0x0C, 0x96, 0x44, 0x34, 0x68,
  0xDD, 0x09, 0x74, 0x06, 0xC8, 0x1D, 0x61, 0x73, 0x02, 0x09, 0xC0, 0xA7, 0x20, 0x6C, 0x07, 0x77,
  0x10, 0x20, 0xCB, 0x09, 0x70, 0x4B, 0x0D, 0x02, 0x77, 0x40, 0xAB, 0x04, 0x50, 0x10, 0xEA, 0x0D,
  0x01, 0x77, 0x60, 0xCA, 0x0E, 0x50, 0xAA, 0x0E, 0x02, 0x72, 0x82, 0x23, 0x21, 0x71, 0x01, 0x0E,
  0xA0, 0x63, 0x03, 0xB0, 0x57, 0x04, 0x0B, 0xE8, 0x1C, 0x94, 0x50, 0x7A, 0x0D, 0x30, 0xAA, 0x0C,
  0x70, 0xBF, 0xC0, 0x54, 0x01, 0x0E, 0xA8, 0x13, 0x01, 0xB0, 0x45, 0x01, 0x0C, 0xFD, 0x05, 0x50,
  0xAA, 0x81, 0x70, 0x6A, 0x0D, 0x60, 0xBB, 0x85, 0xC5, 0x10, 0x12, 0x5B, 0x04, 0x50, 0x6A, 0x81,
  0xA0, 0xBA, 0x08, 0x50, 0x5B, 0x0B, 0x60, 0x1B, 0x03, 0x50, 0x3A, 0x81, 0xD0, 0xEA, 0x04, 0x50,
  0xDA, 0x0D, 0x70, 0x1B, 0x02, 0x50, 0x2A, 0x0E, 0x02, 0xB0, 0x14, 0x03, 0xB0, 0x67, 0x02, 0xB0,
  0x25, 0x01, 0xB0, 0x4A, 0x0E, 0x50, 0x6B, 0x01, 0x70, 0x3B, 0x01, 0x50, 0x1B, 0x05, 0xA0, 0xC5,
  0x08, 0xA0, 0xD7, 0x10, 0x4B, 0x60, 0x2A, 0x0E, 0x06, 0xA0, 0xB5, 0x09, 0xA0, 0xC7, 0x10, 0x5B,
  0x60, 0x4A, 0x0C, 0x06, 0xA0, 0xB5, 0x09, 0xA0, 0xC7, 0x10, 0x8A, 0x0E, 0x60, 0x7A, 0x09, 0x06,
  0xA0, 0xC5, 0x08, 0xA0, 0xE7, 0x10, 0xCA, 0x0E, 0x60, 0xCA, 0x06, 0x05, 0xA0, 0xD5, 0x05, 0xB0,
  0x26, 0x02, 0xC5, 0x03, 0xB0, 0x10, 0x3A, 0x0E, 0x50, 0x1B, 0x0B, 0x60, 0xBC, 0x04, 0x40, 0xCA,
  0x81, 0xA0, 0x1B, 0x03, 0x50, 0xAB, 0x0B, 0x03, 0x20, 0x30, 0xBA, 0x04, 0xA8, 0x3D, 0x40, 0x2A,
  0xB0, 0x32, 0x0D, 0xA0, 0x65, 0x02, 0x0E, 0xFA, 0x81, 0x90, 0xBF, 0x90, 0x73, 0x09, 0xA0, 0xC6,
  0x04, 0xF9, 0x0A, 0x20, 0x20, 0xEE, 0x09, 0x40, 0x4B, 0x03, 0x68, 0x12, 0xAE, 0xB0, 0xD0, 0x74,
  0x03, 0x0C, 0xB0, 0xC0, 0x56, 0x0D, 0xA0, 0xB7, 0x28, 0x12, 0x31, 0x71, 0x81, 0x12, 0x17, 0x10,
  0x6B, 0x08, 0x77, 0x77, 0x30, 0xCB, 0x06, 0x77, 0x77, 0x20, 0x20, 0xEB, 0x09, 0x77, 0x77, 0x20,
  0x30, 0xEB, 0x81, 0xE7, 0x17, 0x48, 0x21, 0x5A, 0x77, 0x60, 0x30, 0xDD, 0x89, 0x1C, 0x86, 0x53,
  0x34, 0x57, 0xAD, 0xB0, 0x87, 0x70, 0x10, 0x9F, 0xFC, 0x08, 0x77, 0x20, 0x20, 0x9F, 0xF8, 0x1C,
  0x61, 0x77, 0x58, 0x34, 0x8B, 0xDE, 0xA8, 0x4E, 0xDB, 0x95, 0x17, 0x40,
  // "A" (U+0041), RLE, 241 bytes saved (55.5%)
  0x75, 0x0D, 0xB0, 0x17, 0x77, 0x10, 0x4C, 0x06, 0x77, 0x71, 0x0B, 0xC0, 0xC7, 0x77, 0x01, 0xE0,
  0x37, 0x76, 0x07, 0xA0, 0x0D, 0xA0, 0x97, 0x76, 0x0D, 0xA0, 0x90, 0x8A, 0x0E, 0x77, 0x50, 0x4B,
  0x04, 0x03, 0xB0, 0x67, 0x74, 0x0A, 0xB2, 0x0E, 0xA0, 0xC7, 0x73, 0x01, 0xB0, 0xA2, 0x08, 0xB0,
  0x37, 0x72, 0x07, 0xB0, 0x42, 0x03, 0xB0, 0x97, 0x72, 0x0D, 0xA0, 0xE4, 0x0C, 0xA0, 0xE7, 0x71,
  0x04, 0xB0, 0x84, 0x06, 0xB0, 0x57, 0x70, 0xAB, 0x02, 0x40, 0x1B, 0x0C, 0x76, 0x01, 0xB0, 0xC6,
  0x0A, 0xB0, 0x27, 0x50, 0x7B, 0x06, 0x60, 0x4B, 0x08, 0x75, 0x0D, 0xA0, 0xE7, 0x10, 0xEA, 0x0E,
  0x74, 0x04, 0xB0, 0x97, 0x10, 0x8B, 0x05, 0x73, 0x0A, 0xB0, 0x37, 0x10, 0x2B, 0x0B, 0x72, 0x01,
  0xFF, 0xC0, 0x27, 0x10, 0x6F, 0xFC, 0x08, 0x71, 0x0D, 0xFF, 0xC0, 0xE7, 0x03, 0xB0, 0xA8, 0x09,
  0x03, 0x0B, 0xB0, 0x56, 0x09, 0xB0, 0x47, 0x50, 0x4B, 0x0B, 0x50, 0x10, 0xEA, 0x0D, 0x77, 0x0D,
  0xB0, 0x14, 0x06, 0xB0, 0x77, 0x70, 0x8B, 0x07, 0x40, 0xCB, 0x01, 0x77, 0x02, 0xB0, 0xD3, 0x03,
  0xB0, 0xB7, 0x72, 0x0B, 0xB0, 0x42, 0x09, 0xB0, 0x57, 0x72, 0x05, 0xB0, 0xA2, 0x0E, 0xA0, 0xE7,
  0x74, 0x0E, 0xB0, 0x10, 0x6B, 0x08, 0x77, 0x40, 0x9B, 0x07, 0x0C, 0xB0, 0x37, 0x74, 0x03, 0xB0,
  0xD0,
  // "B" (U+0042), RLE, 155 bytes saved (43.4%)
  0x0B, 0xFA, 0x84, 0xEE, 0xCA, 0x84, 0x70, 0xBF, 0xF9, 0x81, 0xE9, 0x14, 0x0B, 0xFF, 0xB0, 0xE0,
  0x43, 0x0B, 0xB0, 0x68, 0x01, 0x38, 0x34, 0x56, 0xAE, 0xC0, 0xE0, 0x12, 0x0B, 0xB0, 0x37, 0x30,
  0x8C, 0x09, 0x20, 0xBB, 0x03, 0x74, 0x09, 0xB0, 0xE2, 0x0B, 0xB0, 0x37, 0x40, 0x2C, 0x81, 0x10,
  0xBB, 0x03, 0x75, 0xC8, 0x12, 0x0B, 0xB0, 0x37, 0x5C, 0x81, 0x10, 0xBB, 0x03, 0x74, 0x01, 0xB0,
  0xE2, 0x0B, 0xB0, 0x37, 0x40, 0x7B, 0x09, 0x20, 0xBB, 0x03, 0x73, 0x04, 0xB0, 0xE0, 0x12, 0x0B,
  0xB0, 0x37, 0x81, 0x25, 0xAB, 0x0E, 0x03, 0x30, 0xBF, 0xF9, 0x81, 0xE9, 0x14, 0x0B, 0xFF, 0x0A,
  0x02, 0x60, 0xBF, 0xFA, 0x0C, 0x05, 0x40, 0xBB, 0x06, 0x80, 0x23, 0x82, 0x45, 0x8C, 0xC0, 0xB0,
  0x12, 0x0B, 0xB0, 0x37, 0x30, 0x30, 0xDB, 0x0C, 0x20, 0xBB, 0x03, 0x74, 0x02, 0x0E, 0xB8, 0x17,
  0x0B, 0xB0, 0x37, 0x50, 0x7B, 0x81, 0xD0, 0xBB, 0x03, 0x75, 0x02, 0xC1, 0x0B, 0xB0, 0x37, 0x6C,
  0x02, 0x0B, 0xB0, 0x37, 0x6C, 0x02, 0x0B, 0xB0, 0x37, 0x50, 0x3C, 0x01, 0x0B, 0xB0, 0x37, 0x50,
  0x8B, 0x81, 0xD0, 0xBB, 0x03, 0x74, 0x02, 0x0E, 0xB8, 0x19, 0x0B, 0xB0, 0x37, 0x30, 0x30, 0xDC,
  0x81, 0x20, 0xBB, 0x06, 0x80, 0x23, 0x82, 0x45, 0x7C, 0xD0, 0x62, 0x0B, 0xFF, 0xC0, 0x73, 0x0B,
  0xFF, 0xA0, 0xB0, 0x34, 0x0B, 0xFC, 0x83, 0xED, 0xA7, 0x26,
  // "C" (U+0043), RLE, 226 bytes saved (58.2%)
  0x73, 0x83, 0x38, 0xBD, 0xEA, 0x83, 0xED, 0xA8, 0x47, 0x38, 0x11, 0x7E, 0xFE, 0x0A, 0x02, 0x60,
  0x50, 0xEF, 0xF9, 0x0E, 0x01, 0x50, 0x8D, 0x87, 0xEA, 0x65, 0x34, 0x57, 0xBB, 0x08, 0x50, 0x8C,
  0x0E, 0x06, 0x73, 0x81, 0x5B, 0x14, 0x06, 0xC0, 0xC0, 0x17, 0x73, 0x01, 0x0E, 0xB0, 0xB7, 0x75,
  0x09, 0xB0, 0xE0, 0x17, 0x74, 0x01, 0x0E, 0xB0, 0x67, 0x75, 0x06, 0xB0, 0xE7, 0x76, 0x0A, 0xB0,
  0x87, 0x76, 0x0E, 0xB0, 0x57, 0x75, 0x01, 0xC0, 0x17, 0x75, 0x03, 0xC7, 0x76, 0x04, 0xB0, 0xE7,
  0x76, 0x04, 0xB0, 0xD7, 0x76, 0x04, 0xB0, 0xE7, 0x76, 0x03, 0xC7, 0x76, 0x01, 0xC0, 0x17, 0x76,
  0x0E, 0xB0, 0x47, 0x76, 0x0B, 0xB0, 0x87, 0x76, 0x07, 0xB0, 0xD7, 0x76, 0x02, 0xC0, 0x47, 0x76,
  0x0C, 0xB0, 0xD7, 0x76, 0x04, 0xC0, 0x97, 0x76, 0x0A, 0xC0, 0x97, 0x75, 0x01, 0x0D, 0xC0, 0xC0,
  0x47, 0x40, 0x30, 0x15, 0x01, 0x0D, 0xD8, 0x90, 0xD9, 0x64, 0x33, 0x46, 0x8C, 0xA0, 0x36, 0x01,
  0x0A, 0xFF, 0xA0, 0x37, 0x10, 0x40, 0xCF, 0xF0, 0x27, 0x38, 0x32, 0x7A, 0xCE, 0xA8, 0x4E, 0xEC,
  0xB8, 0x53,
  // "D" (U+0044), RLE, 193 bytes saved (47.9%)
  0x0B, 0xFB, 0x83, 0xED, 0xA8, 0x47, 0x30, 0xBF, 0xF9, 0x81, 0xE8, 0x17, 0x0B, 0xFF, 0xB0, 0xE0,
  0x76, 0x0B, 0xB0, 0x68, 0x01, 0x38, 0x34, 0x57, 0xBE, 0xD0, 0xB0, 0x14, 0x0B, 0xB0, 0x37, 0x30,
  0x60, 0xDC, 0x0C, 0x40, 0xBB, 0x03, 0x75, 0x0A, 0xC0, 0xA3, 0x0B, 0xB0, 0x37, 0x60, 0x8C, 0x04,
  0x20, 0xBB, 0x03, 0x77, 0x0B, 0xB0, 0xD2, 0x0B, 0xB0, 0x37, 0x70, 0x2C, 0x81, 0x40, 0xBB, 0x03,
  0x77, 0x10, 0xBB, 0x81, 0x90, 0xBB, 0x03, 0x77, 0x10, 0x6B, 0x81, 0xE0, 0xBB, 0x03, 0x77, 0x10,
  0x2C, 0x01, 0x0B, 0xB0, 0x37, 0x72, 0x0E, 0xB0, 0x40, 0xBB, 0x03, 0x77, 0x20, 0xDB, 0x05, 0x0B,
  0xB0, 0x37, 0x72, 0x0C, 0xB0, 0x60, 0xBB, 0x03, 0x77, 0x20, 0xBB, 0x06, 0x0B, 0xB0, 0x37, 0x72,
  0x0C, 0xB0, 0x60, 0xBB, 0x03, 0x77, 0x20, 0xDB, 0x04, 0x0B, 0xB0, 0x37, 0x72, 0xC0, 0x30, 0xBB,
  0x03, 0x77, 0x10, 0x3C, 0x10, 0xBB, 0x03, 0x77, 0x10, 0x7B, 0x81, 0xC0, 0xBB, 0x03, 0x77, 0x10,
  0xDB, 0x81, 0x80, 0xBB, 0x03, 0x77, 0x05, 0xC8, 0x12, 0x0B, 0xB0, 0x37, 0x60, 0x10, 0xEB, 0x0B,
  0x20, 0xBB, 0x03, 0x76, 0x0C, 0xC0, 0x22, 0x0B, 0xB0, 0x37, 0x40, 0x20, 0xDC, 0x07, 0x30, 0xBB,
  0x03, 0x72, 0x02, 0x09, 0xD0, 0x94, 0x0B, 0xB8, 0x90, 0x63, 0x33, 0x34, 0x56, 0x9D, 0xE0, 0x75,
  0x0B, 0xFF, 0xB0, 0xD0, 0x36, 0x0B, 0xFF, 0x90, 0xB0, 0x47, 0x10, 0xBF, 0xA8, 0x4E, 0xDB, 0x85,
  0x17, 0x30,
  // "E" (U+0045), RLE, 165 bytes saved (59.1%)
  0x0B, 0xFF, 0xA0, 0xC0, 0xBF, 0xFA, 0x0C, 0x0B, 0xFF, 0xA0, 0xC0, 0xBB, 0x06, 0x80, 0x90, 0x30,
  0x20, 0xBB, 0x03, 0x76, 0x0B, 0xB0, 0x37, 0x60, 0xBB, 0x03, 0x76, 0x0B, 0xB0, 0x37, 0x60, 0xBB,
  0x03, 0x76, 0x0B, 0xB0, 0x37, 0x60, 0xBB, 0x03, 0x76, 0x0B, 0xB0, 0x37, 0x60, 0xBB, 0x03, 0x76,
  0x0B, 0xFF, 0xA1, 0x0B, 0xFF, 0xA1, 0x0B, 0xFF, 0xA1, 0x0B, 0xB0, 0x68, 0x09, 0x03, 0x10, 0xBB,
  0x03, 0x76, 0x0B, 0xB0, 0x37, 0x60, 0xBB, 0x03, 0x76, 0x0B, 0xB0, 0x37, 0x60, 0xBB, 0x03, 0x76,
  0x0B, 0xB0, 0x37, 0x60, 0xBB, 0x03, 0x76, 0x0B, 0xB0, 0x37, 0x60, 0xBB, 0x03, 0x76, 0x0B, 0xB0,
  0x37, 0x60, 0xBB, 0x06, 0x80, 0x90, 0x30, 0x20, 0xBF, 0xFA, 0x0C, 0x0B, 0xFF, 0xA0, 0xC0, 0xBF,
  0xFA, 0x0C,
  // "F" (U+0046), RLE, 167 bytes saved (59.9%)
  0x0B, 0xFF, 0xA0, 0xC0, 0xBF, 0xFA, 0x0C, 0x0B, 0xFF, 0xA0, 0xC0, 0xBB, 0x06, 0x80, 0x90, 0x30,
  0x20, 0xBB, 0x03, 0x76, 0x0B, 0xB0, 0x37, 0x60, 0xBB, 0x03, 0x76, 0x0B, 0xB0, 0x37, 0x60, 0xBB,
  0x03, 0x76, 0x0B, 0xB0, 0x37, 0x60, 0xBB, 0x03, 0x76, 0x0B, 0xB0, 0x37, 0x60, 0xBB, 0x03, 0x76,
  0x0B, 0xB0, 0x37, 0x60, 0xBF, 0xFA, 0x10, 0xBF, 0xFA, 0x10, 0xBF, 0xFA, 0x10, 0xBB, 0x06, 0x80,
  0x90, 0x31, 0x0B, 0xB0, 0x37, 0x60, 0xBB, 0x03, 0x76, 0x0B, 0xB0, 0x37, 0x60, 0xBB, 0x03, 0x76,
  0x0B, 0xB0, 0x37, 0x60, 0xBB, 0x03, 0x76, 0x0B, 0xB0, 0x37, 0x60, 0xBB, 0x03, 0x76, 0x0B, 0xB0,
  0x37, 0x60, 0xBB, 0x03, 0x76, 0x0B, 0xB0, 0x37, 0x60, 0xBB, 0x03, 0x76, 0x0B, 0xB0, 0x37, 0x60,
  // "G" (U+0047), RLE, 217 bytes saved (51.8%)
  0x74, 0x83, 0x48, 0xBD, 0xEA, 0x84, 0xED, 0xB9, 0x62, 0x74, 0x03, 0x0A, 0xFF, 0x81, 0xE9, 0x16,
  0x01, 0x0A, 0xFF, 0xB0, 0xE6, 0x03, 0x0E, 0xD8, 0x90, 0xD9, 0x64, 0x34, 0x57, 0x9D, 0xB0, 0x85,
  0x04, 0xD0, 0xA0, 0x27, 0x38, 0x22, 0x7C, 0x14, 0x02, 0x0E, 0xB0, 0xE0, 0x37, 0x76, 0x0C, 0xB0,
  0xD0, 0x27, 0x76, 0x07, 0xC0, 0x37, 0x77, 0x0E, 0xB0, 0x77, 0x77, 0x05, 0xB0, 0xE0, 0x17, 0x77,
  0x0A, 0xB0, 0x97, 0x77, 0x10, 0xDB, 0x05, 0x77, 0x70, 0x1C, 0x01, 0x77, 0x70, 0x3B, 0x0E, 0x77,
  0x71, 0x04, 0xB0, 0xD7, 0x30, 0x1F, 0xB0, 0xC0, 0x4B, 0x0C, 0x73, 0x01, 0xFB, 0x0C, 0x04, 0xB0,
  0xD7, 0x30, 0x1F, 0xB0, 0xC0, 0x3B, 0x0E, 0x74, 0x80, 0x23, 0x05, 0xB0, 0xC0, 0x1C, 0x77, 0x30,
  0x2B, 0x81, 0xC0, 0xEB, 0x04, 0x77, 0x20, 0x2B, 0x81, 0xC0, 0xBB, 0x08, 0x77, 0x20, 0x2B, 0x81,
  0xC0, 0x7B, 0x0D, 0x77, 0x20, 0x2B, 0x81, 0xC0, 0x1C, 0x05, 0x77, 0x10, 0x2B, 0x0C, 0x20, 0xAB,
  0x0D, 0x77, 0x10, 0x2B, 0x0C, 0x20, 0x2C, 0x0A, 0x77, 0x02, 0xB0, 0xC3, 0x07, 0xC0, 0xB0, 0x17,
  0x50, 0x2B, 0x0C, 0x40, 0xAC, 0x0E, 0x06, 0x74, 0x02, 0xB0, 0xC5, 0x0A, 0xE8, 0x91, 0xB7, 0x54,
  0x33, 0x45, 0x7A, 0xEB, 0x0C, 0x60, 0x7F, 0xFD, 0x0C, 0x78, 0x12, 0x9E, 0xFF, 0x90, 0xC0, 0x77,
  0x38, 0x34, 0x8B, 0xDE, 0xA8, 0x6E, 0xED, 0xBA, 0x74, 0x12,
  // "H" (U+0048), RLE, 193 bytes saved (49.7%)
  0x0B, 0xB0, 0x37, 0x71, 0x0A, 0xB0, 0x40, 0xBB, 0x03, 0x77, 0x10, 0xAB, 0x04, 0x0B, 0xB0, 0x37,
  0x71, 0x0A, 0xB0, 0x40, 0xBB, 0x03, 0x77, 0x10, 0xAB, 0x04, 0x0B, 0xB0, 0x37, 0x71, 0x0A, 0xB0,
  0x40, 0xBB, 0x03, 0x77, 0x10, 0xAB, 0x04, 0x0B, 0xB0, 0x37, 0x71, 0x0A, 0xB0, 0x40, 0xBB, 0x03,
  0x77, 0x10, 0xAB, 0x04, 0x0B, 0xB0, 0x37, 0x71, 0x0A, 0xB0, 0x40, 0xBB, 0x03, 0x77, 0x10, 0xAB,
  0x04, 0x0B, 0xB0, 0x37, 0x71, 0x0A, 0xB0, 0x40, 0xBB, 0x03, 0x77, 0x10, 0xAB, 0x04, 0x0B, 0xB0,
  0x37, 0x71, 0x0A, 0xB0, 0x40, 0xBF, 0xFF, 0xA0, 0x40, 0xBF, 0xFF, 0xA0, 0x40, 0xBF, 0xFF, 0xA0,
  0x40, 0xBB, 0x06, 0x80, 0x93, 0x30, 0xBB, 0x04, 0x0B, 0xB0, 0x37, 0x71, 0x0A, 0xB0, 0x40, 0xBB,
  0x03, 0x77, 0x10, 0xAB, 0x04, 0x0B, 0xB0, 0x37, 0x71, 0x0A, 0xB0, 0x40, 0xBB, 0x03, 0x77, 0x10,
  0xAB, 0x04, 0x0B, 0xB0, 0x37, 0x71, 0x0A, 0xB0, 0x40, 0xBB, 0x03, 0x77, 0x10, 0xAB, 0x04, 0x0B,
  0xB0, 0x37, 0x71, 0x0A, 0xB0, 0x40, 0xBB, 0x03, 0x77, 0x10, 0xAB, 0x04, 0x0B, 0xB0, 0x37, 0x71,
  0x0A, 0xB0, 0x40, 0xBB, 0x03, 0x77, 0x10, 0xAB, 0x04, 0x0B, 0xB0, 0x37, 0x71, 0x0A, 0xB0, 0x40,
  0xBB, 0x03, 0x77, 0x10, 0xAB, 0x04, 0x0B, 0xB0, 0x37, 0x71, 0x0A, 0xB0, 0x40, 0xBB, 0x03, 0x77,
  0x10, 0xAB, 0x04,
  // "I" (U+0049), RLE, 91 bytes saved (45.0%)
  0x03, 0xFC, 0x01, 0x03, 0xFC, 0x82, 0x11, 0x8B, 0xE8, 0x1E, 0xB7, 0x50, 0x9B, 0x07, 0x71, 0x08,
  0xB0, 0x67, 0x10, 0x8B, 0x06, 0x71, 0x08, 0xB0, 0x67, 0x10, 0x8B, 0x06, 0x71, 0x08, 0xB0, 0x67,
  0x10, 0x8B, 0x06, 0x71, 0x08, 0xB0, 0x67, 0x10, 0x8B, 0x06, 0x71, 0x08, 0xB0, 0x67, 0x10, 0x8B,
  0x06, 0x71, 0x08, 0xB0, 0x67, 0x10, 0x8B, 0x06, 0x71, 0x08, 0xB0, 0x67, 0x10, 0x8B, 0x06, 0x71,
  0x08, 0xB0, 0x67, 0x10, 0x8B, 0x06, 0x71, 0x08, 0xB0, 0x67, 0x10, 0x8B, 0x06, 0x71, 0x08, 0xB0,
  0x67, 0x10, 0x8B, 0x06, 0x71, 0x08, 0xB0, 0x67, 0x10, 0x8B, 0x06, 0x71, 0x08, 0xB0, 0x67, 0x10,
  0x8B, 0x06, 0x48, 0x21, 0x69, 0xDD, 0x83, 0xC9, 0x50, 0x3F, 0xC0, 0x10, 0x3F, 0xC0, 0x10,
  // "J" (U+004A), RLE, 128 bytes saved (53.3%)
  0x71, 0x0E, 0xB7, 0x10, 0xEB, 0x71, 0x0E, 0xB7, 0x10, 0xEB, 0x71, 0x0E, 0xB7, 0x10, 0xEB, 0x71,
  0x0E, 0xB7, 0x10, 0xEB, 0x71, 0x0E, 0xB7, 0x10, 0xEB, 0x71, 0x0E, 0xB7, 0x10, 0xEB, 0x71, 0x0E,
  0xB7, 0x10, 0xEB, 0x71, 0x0E, 0xB7, 0x10, 0xEB, 0x71, 0x0E, 0xB7, 0x10, 0xEB, 0x71, 0x0E, 0xB7,
  0x10, 0xEB, 0x71, 0x0E, 0xB7, 0x10, 0xEB, 0x71, 0x0E, 0xB7, 0x10, 0xEB, 0x71, 0x0E, 0xB7, 0x10,
  0xEB, 0x71, 0x0E, 0xB7, 0x10, 0xEB, 0x71, 0x0E, 0xB7, 0x10, 0xEB, 0x71, 0x0E, 0xB7, 0x1B, 0x0E,
  0x70, 0x1B, 0x0D, 0x70, 0x5B, 0x0A, 0x70, 0xDB, 0x86, 0x52, 0x31, 0x01, 0x5D, 0xB8, 0x1D, 0x06,
  0xFA, 0x81, 0x40, 0x6F, 0x0E, 0x04, 0x20, 0x50, 0xEC, 0x81, 0xD8, 0x15, 0x82, 0x23, 0x21, 0x60,
  // "K" (U+004B), RLE, 149 bytes saved (41.7%)
  0x0B, 0xB0, 0x37, 0x50, 0x5C, 0x04, 0x0B, 0xB0, 0x37, 0x40, 0x3C, 0x81, 0x50, 0xBB, 0x03, 0x73,
  0x02, 0x0E, 0xB0, 0x72, 0x0B, 0xB0, 0x37, 0x20, 0x10, 0xDB, 0x08, 0x30, 0xBB, 0x03, 0x71, 0x01,
  0x0D, 0xB0, 0x94, 0x0B, 0xB0, 0x37, 0x10, 0xCB, 0x0A, 0x50, 0xBB, 0x03, 0x70, 0xBB, 0x0B, 0x60,
  0xBB, 0x03, 0x60, 0x9B, 0x0C, 0x70, 0xBB, 0x03, 0x50, 0x8B, 0x0D, 0x01, 0x70, 0xBB, 0x03, 0x40,
  0x6B, 0x0D, 0x01, 0x71, 0x0B, 0xB0, 0x33, 0x05, 0xB0, 0xE0, 0x27, 0x20, 0xBB, 0x03, 0x20, 0x4B,
  0x0E, 0x03, 0x73, 0x0B, 0xB8, 0x13, 0x03, 0xC0, 0x47, 0x40, 0xBB, 0x81, 0x32, 0xEB, 0x07, 0x75,
  0x0B, 0xB0, 0x50, 0xDC, 0x0E, 0x01, 0x74, 0x0B, 0xB0, 0xEE, 0x0B, 0x74, 0x0B, 0xD0, 0xE0, 0x8C,
  0x07, 0x73, 0x0B, 0xC8, 0x2D, 0x20, 0x9C, 0x03, 0x72, 0x0B, 0xB0, 0xB0, 0x13, 0x0C, 0xB0, 0xD0,
  0x17, 0x10, 0xBB, 0x03, 0x40, 0x20, 0xEB, 0x0A, 0x71, 0x0B, 0xB0, 0x35, 0x05, 0xC0, 0x67, 0x0B,
  0xB0, 0x36, 0x09, 0xC0, 0x36, 0x0B, 0xB0, 0x37, 0x0C, 0xB0, 0xD6, 0x0B, 0xB0, 0x37, 0x02, 0x0E,
  0xB0, 0xA5, 0x0B, 0xB0, 0x37, 0x10, 0x5C, 0x06, 0x40, 0xBB, 0x03, 0x72, 0x09, 0xC0, 0x23, 0x0B,
  0xB0, 0x37, 0x30, 0xCB, 0x0D, 0x30, 0xBB, 0x03, 0x73, 0x02, 0x0E, 0xB0, 0x92, 0x0B, 0xB0, 0x37,
  0x40, 0x4C, 0x81, 0x50, 0xBB, 0x03, 0x75, 0x08, 0xB8, 0x1E, 0x2B, 0xB0, 0x37, 0x60, 0xCB, 0x0C,
  // "L" (U+004C), RLE, 169 bytes saved (60.6%)
  0x0B, 0xB0, 0x37, 0x60, 0xBB, 0x03, 0x76, 0x0B, 0xB0, 0x37, 0x60, 0xBB, 0x03, 0x76, 0x0B, 0xB0,
  0x37, 0x60, 0xBB, 0x03, 0x76, 0x0B, 0xB0, 0x37, 0x60, 0xBB, 0x03, 0x76, 0x0B, 0xB0, 0x37, 0x60,
  0xBB, 0x03, 0x76, 0x0B, 0xB0, 0x37, 0x60, 0xBB, 0x03, 0x76, 0x0B, 0xB0, 0x37, 0x60, 0xBB, 0x03,
  0x76, 0x0B, 0xB0, 0x37, 0x60, 0xBB, 0x03, 0x76, 0x0B, 0xB0, 0x37, 0x60, 0xBB, 0x03, 0x76, 0x0B,
  0xB0, 0x37, 0x60, 0xBB, 0x03, 0x76, 0x0B, 0xB0, 0x37, 0x60, 0xBB, 0x03, 0x76, 0x0B, 0xB0, 0x37,
  0x60, 0xBB, 0x03, 0x76, 0x0B, 0xB0, 0x37, 0x60, 0xBB, 0x03, 0x76, 0x0B, 0xB0, 0x37, 0x60, 0xBB,
  0x06, 0x80, 0x91, 0x30, 0xBF, 0xFA, 0x0E, 0x0B, 0xFF, 0xA0, 0xE0, 0xBF, 0xFA, 0x0E,
  // "M" (U+004D), RLE, 172 bytes saved (34.7%)
  0x0B, 0xD0, 0x47, 0x74, 0x05, 0xD0, 0x90, 0xBD, 0x0A, 0x77, 0x40, 0xBD, 0x09, 0x0B, 0xE0, 0x17,
  0x72, 0x02, 0xE0, 0x90, 0xBE, 0x07, 0x77, 0x20, 0x8E, 0x09, 0x0B, 0xA0, 0xA0, 0xEA, 0x0C, 0x77,
  0x20, 0xDA, 0x0A, 0xB0, 0x90, 0xBA, 0x0B, 0x09, 0xB0, 0x37, 0x70, 0x4B, 0x05, 0xB0, 0x90, 0xBA,
  0x0C, 0x03, 0xB0, 0x97, 0x70, 0xAA, 0x0D, 0x01, 0xB0, 0x90, 0xBA, 0x81, 0xC0, 0xDA, 0x0E, 0x76,
  0x01, 0xB0, 0x70, 0x2B, 0x09, 0x0B, 0xA8, 0x1D, 0x07, 0xB0, 0x57, 0x50, 0x7B, 0x01, 0x03, 0xB0,
  0x90, 0xBA, 0x81, 0xD0, 0x1B, 0x0B, 0x75, 0x0D, 0xA8, 0x1B, 0x03, 0xB0, 0x90, 0xBA, 0x0D, 0x20,
  0xBB, 0x01, 0x73, 0x03, 0xB8, 0x15, 0x03, 0xB0, 0x90, 0xBA, 0x0E, 0x20, 0x5B, 0x07, 0x73, 0x09,
  0xA0, 0xE2, 0x04, 0xB0, 0x90, 0xBA, 0x0E, 0x30, 0xEA, 0x0D, 0x73, 0x0E, 0xA0, 0x82, 0x04, 0xB0,
  0x90, 0xBA, 0x0E, 0x30, 0x8B, 0x04, 0x71, 0x06, 0xB0, 0x22, 0x04, 0xB0, 0x90, 0xBA, 0x0E, 0x30,
  0x2B, 0x09, 0x71, 0x0C, 0xA0, 0xC3, 0x04, 0xB0, 0x90, 0xBA, 0x0E, 0x40, 0xCA, 0x0E, 0x70, 0x2B,
  0x06, 0x30, 0x4B, 0x09, 0x0B, 0xA0, 0xE4, 0x06, 0xB0, 0x66, 0x08, 0xA0, 0xE4, 0x04, 0xB0, 0x90,
  0xBA, 0x0E, 0x40, 0x1B, 0x0C, 0x60, 0xEA, 0x09, 0x40, 0x4B, 0x09, 0x0B, 0xA0, 0xE5, 0x0A, 0xB0,
  0x24, 0x05, 0xB0, 0x34, 0x04, 0xB0, 0x90, 0xBA, 0x0E, 0x50, 0x4B, 0x08, 0x40, 0xBA, 0x0D, 0x50,
  0x4B, 0x09, 0x0B, 0xA0, 0xE6, 0x0D, 0xA0, 0xE3, 0x01, 0xB0, 0x75, 0x04, 0xB0, 0x90, 0xBA, 0x0E,
  0x60, 0x7B, 0x04, 0x20, 0x7B, 0x01, 0x50, 0x4B, 0x09, 0x0B, 0xA0, 0xE6, 0x02, 0xB0, 0xA2, 0x0D,
  0xA0, 0xA6, 0x04, 0xB0, 0x90, 0xBA, 0x0E, 0x70, 0xBB, 0x01, 0x04, 0xB0, 0x46, 0x04, 0xB0, 0x90,
  0xBA, 0x0E, 0x70, 0x5B, 0x06, 0x0A, 0xA0, 0xD7, 0x04, 0xB0, 0x90, 0xBA, 0x0E, 0x71, 0x0E, 0xA0,
  0xDB, 0x08, 0x70, 0x4B, 0x09, 0x0B, 0xA0, 0xE7, 0x10, 0x9E, 0x02, 0x70, 0x4B, 0x09, 0x0B, 0xA0,
  0xE7, 0x10, 0x3D, 0x0B, 0x71, 0x04, 0xB0, 0x90, 0xBA, 0x0E, 0x72, 0x0C, 0xC0, 0x57, 0x10, 0x4B,
  0x09, 0x0B, 0xA0, 0xE7, 0x20, 0x7B, 0x0E, 0x72, 0x04, 0xB0, 0x90, 0xBA, 0x0E, 0x72, 0x01, 0xB0,
  0x97, 0x20, 0x4B, 0x09,
  // "N" (U+004E), RLE, 150 bytes saved (37.2%)
  0x0B, 0xC0, 0x27, 0x71, 0x08, 0xB0, 0x20, 0xBC, 0x0C, 0x77, 0x10, 0x8B, 0x02, 0x0B, 0xD0, 0x77,
  0x70, 0x8B, 0x02, 0x0B, 0xD0, 0xE0, 0x27, 0x60, 0x8B, 0x02, 0x0B, 0xE0, 0xB7, 0x60, 0x8B, 0x02,
  0x0B, 0xA0, 0xCC, 0x05, 0x75, 0x08, 0xB0, 0x20, 0xBA, 0x09, 0x07, 0xB0, 0xE0, 0x17, 0x40, 0x8B,
  0x02, 0x0B, 0xA8, 0x1A, 0x0C, 0xB0, 0xA7, 0x40, 0x8B, 0x02, 0x0B, 0xA8, 0x1B, 0x03, 0xC0, 0x47,
  0x30, 0x8B, 0x02, 0x0B, 0xA0, 0xC2, 0x08, 0xB0, 0xD0, 0x17, 0x20, 0x8B, 0x02, 0x0B, 0xA0, 0xC3,
  0x0D, 0xB0, 0x97, 0x20, 0x8B, 0x02, 0x0B, 0xA0, 0xD3, 0x03, 0xC0, 0x37, 0x10, 0x8B, 0x02, 0x0B,
  0xA0, 0xD4, 0x08, 0xB0, 0xD7, 0x10, 0x8B, 0x02, 0x0B, 0xA0, 0xE5, 0x0D, 0xB0, 0x87, 0x08, 0xB0,
  0x20, 0xBA, 0x0E, 0x50, 0x4C, 0x03, 0x60, 0x8B, 0x02, 0x0B, 0xA0, 0xE6, 0x09, 0xB0, 0xC6, 0x08,
  0xB0, 0x20, 0xBA, 0x0E, 0x70, 0xDB, 0x07, 0x50, 0x8B, 0x02, 0x0B, 0xA0, 0xE7, 0x04, 0xC0, 0x24,
  0x08, 0xB0, 0x20, 0xBA, 0x0E, 0x71, 0x09, 0xB0, 0xB4, 0x08, 0xB0, 0x20, 0xBA, 0x0E, 0x71, 0x01,
  0x0E, 0xB0, 0x63, 0x07, 0xB0, 0x20, 0xBA, 0x0E, 0x72, 0x05, 0xB0, 0xE0, 0x12, 0x07, 0xB0, 0x20,
  0xBA, 0x0E, 0x73, 0x0A, 0xB0, 0xA2, 0x06, 0xB0, 0x20, 0xBA, 0x0E, 0x73, 0x01, 0x0E, 0xB8, 0x15,
  0x06, 0xB0, 0x20, 0xBA, 0x0E, 0x74, 0x05, 0xB8, 0x1E, 0x15, 0xB0, 0x20, 0xBA, 0x0E, 0x75, 0x0B,
  0xB0, 0x90, 0x4B, 0x02, 0x0B, 0xA0, 0xE7, 0x50, 0x10, 0xEB, 0x08, 0xB0, 0x20, 0xBA, 0x0E, 0x76,
  0x06, 0xF0, 0x20, 0xBA, 0x0E, 0x77, 0x0B, 0xE0, 0x20, 0xBA, 0x0E, 0x77, 0x02, 0x0E, 0xD0, 0x20,
  0xBA, 0x0E, 0x77, 0x10, 0x6D, 0x02, 0x0B, 0xA0, 0xE7, 0x72, 0x0B, 0xC0, 0x20,
  // "O" (U+004F), RLE, 236 bytes saved (50.8%)
  0x72, 0x89, 0x21, 0x69, 0xCE, 0xEF, 0xED, 0xA8, 0x37, 0x72, 0x04, 0x0B, 0xFD, 0x0D, 0x06, 0x75,
  0x01, 0x0A, 0xFF, 0xA0, 0xC0, 0x27, 0x20, 0x10, 0xDD, 0x87, 0xC7, 0x54, 0x35, 0x69, 0xEC, 0x0E,
  0x04, 0x71, 0x0D, 0xC0, 0xA0, 0x27, 0x20, 0x60, 0xEC, 0x03, 0x60, 0xAC, 0x05, 0x75, 0x01, 0x0D,
  0xB0, 0xD0, 0x14, 0x04, 0xC0, 0x67, 0x70, 0x10, 0xDB, 0x08, 0x40, 0xCB, 0x0B, 0x77, 0x20, 0x5C,
  0x01, 0x20, 0x2C, 0x03, 0x77, 0x30, 0xCB, 0x07, 0x20, 0x7B, 0x0C, 0x77, 0x40, 0x6B, 0x0D, 0x20,
  0xBB, 0x07, 0x77, 0x40, 0x1C, 0x01, 0x1C, 0x04, 0x77, 0x50, 0xDB, 0x05, 0x01, 0xC0, 0x17, 0x75,
  0x0B, 0xB0, 0x70, 0x3C, 0x77, 0x60, 0x9B, 0x09, 0x04, 0xB0, 0xE7, 0x76, 0x08, 0xB0, 0x90, 0x4B,
  0x0D, 0x77, 0x60, 0x8B, 0x0A, 0x04, 0xB0, 0xE7, 0x76, 0x08, 0xB0, 0x90, 0x3C, 0x77, 0x60, 0x9B,
  0x09, 0x01, 0xC0, 0x17, 0x75, 0x0B, 0xB8, 0x17, 0x0E, 0xB0, 0x47, 0x75, 0x0E, 0xB8, 0x15, 0x0B,
  0xB0, 0x77, 0x74, 0x01, 0xC8, 0x11, 0x07, 0xB0, 0xC7, 0x74, 0x07, 0xB0, 0xD2, 0x02, 0xC0, 0x37,
  0x73, 0x0C, 0xB0, 0x73, 0x0B, 0xB0, 0xB7, 0x72, 0x05, 0xC0, 0x13, 0x04, 0xC0, 0x67, 0x70, 0x10,
  0xEB, 0x08, 0x50, 0xAC, 0x05, 0x75, 0x01, 0x0D, 0xB0, 0xD7, 0x0D, 0xC0, 0xA0, 0x17, 0x20, 0x60,
  0xEB, 0x0E, 0x03, 0x70, 0x10, 0xDD, 0x87, 0xC7, 0x54, 0x35, 0x6A, 0xEC, 0x0E, 0x03, 0x72, 0x01,
  0x0A, 0xFF, 0xA0, 0xC0, 0x27, 0x50, 0x40, 0xBF, 0xD0, 0xD0, 0x67, 0x72, 0x83, 0x26, 0xAC, 0xEA,
  0x83, 0xED, 0xA7, 0x37, 0x20,
  // "P" (U+0050), RLE, 157 bytes saved (48.2%)
  0x0B, 0xF9, 0x84, 0xED, 0xCA, 0x72, 0x60, 0xBF, 0xF0, 0xC0, 0x44, 0x0B, 0xFF, 0xA0, 0x93, 0x0B,
  0xB8, 0x76, 0x33, 0x33, 0x45, 0x8C, 0xD0, 0x82, 0x0B, 0xB0, 0x37, 0x10, 0x30, 0xDC, 0x81, 0x30,
  0xBB, 0x03, 0x72, 0x01, 0x0D, 0xB8, 0x1B, 0x0B, 0xB0, 0x37, 0x30, 0x4C, 0x10, 0xBB, 0x03, 0x74,
  0x0E, 0xB0, 0x30, 0xBB, 0x03, 0x74, 0x0C, 0xB0, 0x40, 0xBB, 0x03, 0x74, 0x0B, 0xB0, 0x50, 0xBB,
  0x03, 0x74, 0x0C, 0xB0, 0x40, 0xBB, 0x03, 0x74, 0xC0, 0x10, 0xBB, 0x03, 0x73, 0x06, 0xB8, 0x1C,
  0x0B, 0xB0, 0x37, 0x20, 0x20, 0xEB, 0x81, 0x60, 0xBB, 0x03, 0x71, 0x05, 0x0E, 0xB0, 0xD2, 0x0B,
  0xB8, 0x76, 0x33, 0x34, 0x57, 0xAE, 0xC0, 0xE0, 0x22, 0x0B, 0xFF, 0x90, 0xD0, 0x23, 0x0B, 0xFE,
  0x0E, 0x07, 0x50, 0xBF, 0x98, 0x3E, 0xDB, 0x84, 0x70, 0xBB, 0x03, 0x77, 0x20, 0xBB, 0x03, 0x77,
  0x20, 0xBB, 0x03, 0x77, 0x20, 0xBB, 0x03, 0x77, 0x20, 0xBB, 0x03, 0x77, 0x20, 0xBB, 0x03, 0x77,
  0x20, 0xBB, 0x03, 0x77, 0x20, 0xBB, 0x03, 0x77, 0x20, 0xBB, 0x03, 0x77, 0x20, 0xBB, 0x03, 0x77,
  0x20, 0xBB, 0x03, 0x77, 0x20, 0xBB, 0x03, 0x77, 0x20,
  // "Q" (U+0051), RLE, 311 bytes saved (54.6%)
  0x72, 0x89, 0x21, 0x69, 0xCE, 0xEF, 0xED, 0xA8, 0x37, 0x72, 0x04, 0x0B, 0xFD, 0x0D, 0x06, 0x75,
  0x01, 0x0A, 0xFF, 0xA0, 0xC0, 0x27, 0x20, 0x10, 0xDD, 0x87, 0xC7, 0x54, 0x35, 0x69, 0xEC, 0x0E,
  0x04, 0x71, 0x0D, 0xC0, 0xA0, 0x27, 0x20, 0x60, 0xEC, 0x03, 0x60, 0xAC, 0x05, 0x75, 0x01, 0x0D,
  0xB0, 0xD0, 0x14, 0x04, 0xC0, 0x67, 0x70, 0x10, 0xDB, 0x08, 0x40, 0xCB, 0x0B, 0x77, 0x20, 0x5C,
  0x01, 0x20, 0x2C, 0x03, 0x77, 0x30, 0xCB, 0x07, 0x20, 0x7B, 0x0C, 0x77, 0x40, 0x6B, 0x0D, 0x20,
  0xBB, 0x07, 0x77, 0x40, 0x1C, 0x01, 0x1C, 0x04, 0x77, 0x50, 0xDB, 0x05, 0x01, 0xC0, 0x17, 0x75,
  0x0B, 0xB0, 0x70, 0x3C, 0x77, 0x60, 0x9B, 0x09, 0x04, 0xB0, 0xE7, 0x76, 0x08, 0xB0, 0x90, 0x4B,
  0x0D, 0x77, 0x60, 0x8B, 0x0A, 0x04, 0xB0, 0xE7, 0x76, 0x08, 0xB0, 0x90, 0x3C, 0x77, 0x60, 0x9B,
  0x09, 0x01, 0xC0, 0x17, 0x75, 0x0B, 0xB8, 0x17, 0x0E, 0xB0, 0x47, 0x75, 0x0E, 0xB8, 0x14, 0x0B,
  0xB0, 0x77, 0x74, 0x01, 0xC8, 0x11, 0x07, 0xB0, 0xC7, 0x74, 0x07, 0xB0, 0xC2, 0x02, 0xC0, 0x37,
  0x73, 0x0C, 0xB0, 0x73, 0x0B, 0xB0, 0xB7, 0x72, 0x05, 0xC0, 0x13, 0x04, 0xC0, 0x67, 0x70, 0x10,
  0xEB, 0x09, 0x50, 0xAC, 0x05, 0x75, 0x01, 0x0D, 0xB0, 0xD0, 0x16, 0x0D, 0xC0, 0xA0, 0x17, 0x20,
  0x60, 0xEC, 0x03, 0x70, 0x10, 0xDD, 0x87, 0xC7, 0x54, 0x35, 0x6A, 0xEC, 0x0E, 0x04, 0x72, 0x01,
  0x0A, 0xFF, 0xA0, 0xC0, 0x37, 0x50, 0x40, 0xBF, 0xD0, 0xD0, 0x67, 0x72, 0x83, 0x26, 0xAC, 0xEE,
  0x0D, 0x77, 0x74, 0x04, 0xC0, 0xA7, 0x77, 0x40, 0x6C, 0x0A, 0x77, 0x74, 0x08, 0xC0, 0xA7, 0x77,
  0x40, 0xAC, 0x09, 0x77, 0x74, 0x0B, 0xC0, 0x97, 0x77, 0x30, 0x10, 0xDC, 0x09, 0x77, 0x73, 0x02,
  0x0E, 0xC0, 0x82,
  // "R" (U+0052), RLE, 155 bytes saved (43.4%)
  0x0B, 0xFA, 0x83, 0xED, 0xB8, 0x47, 0x10, 0xBF, 0xF0, 0xE0, 0x76, 0x0B, 0xFF, 0xA0, 0xC0, 0x14,
  0x0B, 0xB0, 0x68, 0x01, 0x38, 0x24, 0x7A, 0xEC, 0x0C, 0x40, 0xBB, 0x03, 0x71, 0x01, 0x09, 0xC0,
  0x63, 0x0B, 0xB0, 0x37, 0x30, 0x9B, 0x0D, 0x30, 0xBB, 0x03, 0x73, 0x01, 0xC0, 0x22, 0x0B, 0xB0,
  0x37, 0x40, 0xDB, 0x04, 0x20, 0xBB, 0x03, 0x74, 0x0B, 0xB0, 0x52, 0x0B, 0xB0, 0x37, 0x40, 0xCB,
  0x04, 0x20, 0xBB, 0x03, 0x74, 0x0E, 0xB0, 0x32, 0x0B, 0xB0, 0x37, 0x30, 0x3B, 0x0E, 0x30, 0xBB,
  0x03, 0x73, 0x0C, 0xB0, 0x83, 0x0B, 0xB0, 0x37, 0x10, 0x10, 0xBB, 0x0D, 0x01, 0x30, 0xBB, 0x06,
  0x80, 0x13, 0x81, 0x47, 0xAC, 0x0E, 0x03, 0x40, 0xBF, 0xF9, 0x0B, 0x02, 0x50, 0xBF, 0xE0, 0xC0,
  0x57, 0x0B, 0xFE, 0x06, 0x71, 0x0B, 0xB0, 0x35, 0x03, 0xB0, 0xE0, 0x17, 0x0B, 0xB0, 0x36, 0x0A,
  0xB0, 0x97, 0x0B, 0xB0, 0x36, 0x01, 0x0E, 0xB0, 0x36, 0x0B, 0xB0, 0x37, 0x07, 0xB0, 0xD6, 0x0B,
  0xB0, 0x37, 0x10, 0xDB, 0x07, 0x50, 0xBB, 0x03, 0x71, 0x04, 0xB0, 0xE0, 0x24, 0x0B, 0xB0, 0x37,
  0x20, 0xBB, 0x0B, 0x40, 0xBB, 0x03, 0x72, 0x02, 0xC0, 0x53, 0x0B, 0xB0, 0x37, 0x30, 0x8B, 0x0D,
  0x30, 0xBB, 0x03, 0x74, 0x0E, 0xB0, 0x82, 0x0B, 0xB0, 0x37, 0x40, 0x5C, 0x81, 0x20, 0xBB, 0x03,
  0x75, 0x0C, 0xB8, 0x1C, 0x0B, 0xB0, 0x37, 0x50, 0x3C, 0x06,
  // "S" (U+0053), RLE, 161 bytes saved (49.4%)
  0x58, 0x92, 0x15, 0xAC, 0xDF, 0xEE, 0xCA, 0x84, 0x71, 0x08, 0xFD, 0x81, 0xEA, 0x13, 0x02, 0x0D,
  0xFF, 0x90, 0x12, 0x01, 0x0D, 0xC8, 0x6B, 0x64, 0x34, 0x58, 0xCB, 0x0A, 0x30, 0x9B, 0x0E, 0x03,
  0x71, 0x82, 0x17, 0xE5, 0x3C, 0x03, 0x77, 0x10, 0x3B, 0x0C, 0x77, 0x20, 0x5B, 0x0A, 0x77, 0x20,
  0x4B, 0x0B, 0x77, 0x20, 0x2B, 0x0E, 0x77, 0x30, 0xEB, 0x09, 0x77, 0x20, 0x8C, 0x0A, 0x01, 0x77,
  0x01, 0x0D, 0xC8, 0x1E, 0x71, 0x76, 0x02, 0x0D, 0xE0, 0xA0, 0x47, 0x50, 0x10, 0xAF, 0x81, 0xD7,
  0x17, 0x40, 0x40, 0xBF, 0x0E, 0x07, 0x75, 0x81, 0x39, 0xEE, 0x0D, 0x03, 0x76, 0x05, 0x0B, 0xE0,
  0x37, 0x70, 0x20, 0xBC, 0x0E, 0x01, 0x77, 0x10, 0x6C, 0x07, 0x77, 0x20, 0x8B, 0x0D, 0x77, 0x20,
  0x1C, 0x77, 0x30, 0xEB, 0x01, 0x77, 0x20, 0xEB, 0x77, 0x20, 0x2B, 0x0D, 0x77, 0x20, 0xBB, 0x83,
  0x80, 0x98, 0x37, 0x30, 0x10, 0xAB, 0x82, 0xE1, 0x0B, 0xA8, 0x91, 0xEB, 0x85, 0x43, 0x34, 0x6A,
  0xEC, 0x05, 0x20, 0xBF, 0xF9, 0x0E, 0x05, 0x30, 0x8F, 0xF0, 0xA0, 0x15, 0x85, 0x15, 0x8A, 0xCE,
  0xEA, 0x83, 0xEC, 0x96, 0x16,
  // "T" (U+0054), RLE, 247 bytes saved (66.4%)
  0x08, 0xFF, 0xFA, 0x08, 0xFF, 0xFA, 0x08, 0xFF, 0xFA, 0x01, 0x80, 0x53, 0x0C, 0xB0, 0x68, 0x05,
  0x37, 0x30, 0xBB, 0x03, 0x77, 0x50, 0xBB, 0x03, 0x77, 0x50, 0xBB, 0x03, 0x77, 0x50, 0xBB, 0x03,
  0x77, 0x50, 0xBB, 0x03, 0x77, 0x50, 0xBB, 0x03, 0x77, 0x50, 0xBB, 0x03, 0x77, 0x50, 0xBB, 0x03,
  0x77, 0x50, 0xBB, 0x03, 0x77, 0x50, 0xBB, 0x03, 0x77, 0x50, 0xBB, 0x03, 0x77, 0x50, 0xBB, 0x03,
  0x77, 0x50, 0xBB, 0x03, 0x77, 0x50, 0xBB, 0x03, 0x77, 0x50, 0xBB, 0x03, 0x77, 0x50, 0xBB, 0x03,
  0x77, 0x50, 0xBB, 0x03, 0x77, 0x50, 0xBB, 0x03, 0x77, 0x50, 0xBB, 0x03, 0x77, 0x50, 0xBB, 0x03,
  0x77, 0x50, 0xBB, 0x03, 0x77, 0x50, 0xBB, 0x03, 0x77, 0x50, 0xBB, 0x03, 0x77, 0x50, 0xBB, 0x03,
  0x77, 0x50, 0xBB, 0x03, 0x77, 0x50, 0xBB, 0x03, 0x77, 0x50, 0xBB, 0x03, 0x72,
  // "U" (U+0055), RLE, 202 bytes saved (52.1%)
  0xB0, 0xE7, 0x72, 0x0B, 0xB0, 0x2B, 0x0E, 0x77, 0x20, 0xBB, 0x02, 0xB0, 0xE7, 0x72, 0x0B, 0xB0,
  0x2B, 0x0E, 0x77, 0x20, 0xBB, 0x02, 0xB0, 0xE7, 0x72, 0x0B, 0xB0, 0x2B, 0x0E, 0x77, 0x20, 0xBB,
  0x02, 0xB0, 0xE7, 0x72, 0x0B, 0xB0, 0x2B, 0x0E, 0x77, 0x20, 0xBB, 0x02, 0xB0, 0xE7, 0x72, 0x0B,
  0xB0, 0x2B, 0x0E, 0x77, 0x20, 0xBB, 0x02, 0xB0, 0xE7, 0x72, 0x0B, 0xB0, 0x2B, 0x0E, 0x77, 0x20,
  0xBB, 0x02, 0xB0, 0xE7, 0x72, 0x0B, 0xB0, 0x2B, 0x0E, 0x77, 0x20, 0xBB, 0x02, 0xB0, 0xE7, 0x72,
  0x0B, 0xB0, 0x2B, 0x0E, 0x77, 0x20, 0xBB, 0x02, 0xB0, 0xE7, 0x72, 0x0B, 0xB0, 0x2B, 0x0E, 0x77,
  0x20, 0xBB, 0x02, 0xB0, 0xE7, 0x72, 0x0B, 0xB0, 0x2B, 0x0E, 0x77, 0x20, 0xBB, 0x02, 0xB0, 0xE7,
  0x72, 0x0C, 0xB0, 0x10, 0xEB, 0x77, 0x20, 0xDB, 0x10, 0xBB, 0x03, 0x77, 0x01, 0xB8, 0x1D, 0x07,
  0xB0, 0x87, 0x70, 0x6B, 0x81, 0x90, 0x2B, 0x0E, 0x01, 0x76, 0x0D, 0xB0, 0x42, 0x0A, 0xB0, 0xB7,
  0x50, 0xAB, 0x0C, 0x30, 0x20, 0xEB, 0x0C, 0x03, 0x71, 0x01, 0x0A, 0xC0, 0x34, 0x04, 0xD8, 0x6C,
  0x75, 0x43, 0x46, 0xAD, 0x06, 0x60, 0x40, 0xEF, 0xF0, 0xE0, 0x57, 0x10, 0x20, 0x9F, 0xD0, 0xA0,
  0x27, 0x48, 0x31, 0x6A, 0xCE, 0xA8, 0x3E, 0xCA, 0x61, 0x70,
  // "V" (U+0056), RLE, 227 bytes saved (54.2%)
  0x0C, 0xB0, 0x47, 0x73, 0x0E, 0xB0, 0x30, 0x7B, 0x0A, 0x77, 0x20, 0x4B, 0x81, 0xD0, 0x1C, 0x77,
  0x20, 0xAB, 0x07, 0x20, 0xBB, 0x05, 0x77, 0x1C, 0x02, 0x20, 0x5B, 0x0B, 0x77, 0x05, 0xB0, 0xC4,
  0x0E, 0xB0, 0x17, 0x60, 0xBB, 0x06, 0x40, 0xAB, 0x07, 0x75, 0x01, 0xC0, 0x14, 0x04, 0xB0, 0xC7,
  0x50, 0x6B, 0x0A, 0x60, 0xEB, 0x02, 0x74, 0x0C, 0xB0, 0x56, 0x08, 0xB0, 0x87, 0x30, 0x2B, 0x0E,
  0x70, 0x3B, 0x0D, 0x73, 0x07, 0xB0, 0x97, 0x10, 0xDB, 0x03, 0x72, 0x0D, 0xB0, 0x37, 0x10, 0x7B,
  0x09, 0x71, 0x03, 0xB0, 0xD7, 0x20, 0x1B, 0x0E, 0x71, 0x09, 0xB0, 0x87, 0x30, 0xBB, 0x04, 0x70,
  0xEB, 0x02, 0x73, 0x06, 0xB0, 0xA6, 0x04, 0xB0, 0xC7, 0x5B, 0x0E, 0x60, 0x9B, 0x06, 0x75, 0x0A,
  0xB0, 0x55, 0x0E, 0xB0, 0x17, 0x50, 0x4B, 0x0B, 0x40, 0x5B, 0x0B, 0x77, 0x0E, 0xB0, 0x13, 0x0B,
  0xB0, 0x57, 0x70, 0x9B, 0x06, 0x20, 0x1B, 0x0E, 0x77, 0x10, 0x3B, 0x0B, 0x20, 0x5B, 0x09, 0x77,
  0x20, 0xDB, 0x81, 0x10, 0xAB, 0x04, 0x77, 0x20, 0x7B, 0x06, 0x1B, 0x0D, 0x77, 0x30, 0x2B, 0x0A,
  0x04, 0xB0, 0x87, 0x74, 0x0C, 0xA0, 0xE0, 0x8B, 0x02, 0x77, 0x40, 0x6B, 0x0D, 0xA0, 0xC7, 0x75,
  0x01, 0xE0, 0x77, 0x76, 0x0A, 0xD0, 0x17, 0x76, 0x05, 0xC0, 0xB7, 0x77, 0x10, 0xEB, 0x05, 0x74,
  // "W" (U+0057), RLE, 301 bytes saved (47.3%)
  0x05, 0xB0, 0xC7, 0x60, 0xDB, 0x07, 0x76, 0x0E, 0xB0, 0x30, 0x1C, 0x75, 0x02, 0xC0, 0xC7, 0x50,
  0x2B, 0x0E, 0x20, 0xCB, 0x04, 0x74, 0x07, 0xD0, 0x17, 0x40, 0x6B, 0x0A, 0x20, 0x8B, 0x08, 0x74,
  0x0C, 0xD0, 0x67, 0x40, 0xAB, 0x06, 0x20, 0x4B, 0x0C, 0x73, 0x01, 0xE0, 0xB7, 0x40, 0xEB, 0x01,
  0x30, 0xEB, 0x01, 0x72, 0x05, 0xB0, 0xAB, 0x73, 0x03, 0xB0, 0xD4, 0x0B, 0xB0, 0x57, 0x20, 0xAA,
  0x0E, 0x04, 0xB0, 0x57, 0x20, 0x7B, 0x09, 0x40, 0x7B, 0x09, 0x72, 0x0E, 0xA0, 0xA1, 0xB0, 0xA7,
  0x20, 0xAB, 0x04, 0x40, 0x3B, 0x0D, 0x71, 0x03, 0xB8, 0x16, 0x0B, 0xA0, 0xE7, 0x20, 0xEB, 0x01,
  0x50, 0xEB, 0x01, 0x70, 0x8B, 0x81, 0x20, 0x7B, 0x03, 0x70, 0x3B, 0x0C, 0x60, 0xAB, 0x05, 0x70,
  0xDA, 0x0D, 0x20, 0x3B, 0x08, 0x70, 0x7B, 0x07, 0x60, 0x6B, 0x09, 0x60, 0x2B, 0x09, 0x30, 0xDA,
  0x0D, 0x70, 0xBB, 0x03, 0x60, 0x1B, 0x0D, 0x60, 0x6B, 0x04, 0x30, 0x9B, 0x02, 0x60, 0xEA, 0x0E,
  0x71, 0x0D, 0xB0, 0x25, 0x0B, 0xB4, 0x04, 0xB0, 0x75, 0x03, 0xB0, 0xA7, 0x10, 0x9B, 0x06, 0x5B,
  0x0B, 0x50, 0xEA, 0x0C, 0x50, 0x7B, 0x06, 0x71, 0x04, 0xB0, 0xA4, 0x05, 0xB0, 0x65, 0x0A, 0xB0,
  0x14, 0x0B, 0xB0, 0x27, 0x2B, 0x0E, 0x40, 0x9B, 0x01, 0x50, 0x6B, 0x06, 0x4B, 0x0D, 0x73, 0x0C,
  0xB0, 0x23, 0x0E, 0xA0, 0xC6, 0x01, 0xB0, 0xA3, 0x04, 0xB0, 0x97, 0x30, 0x7B, 0x06, 0x20, 0x3B,
  0x08, 0x70, 0xCA, 0x0E, 0x30, 0x8B, 0x05, 0x73, 0x03, 0xB0, 0xA2, 0x07, 0xB0, 0x37, 0x07, 0xB0,
  0x42, 0x0B, 0xB0, 0x17, 0x40, 0xEA, 0x0E, 0x20, 0xBA, 0x0E, 0x71, 0x02, 0xB0, 0x82, 0xB0, 0xC7,
  0x50, 0xAB, 0x02, 0x1B, 0x0A, 0x72, 0x0D, 0xA8, 0x1C, 0x03, 0xB0, 0x87, 0x50, 0x6B, 0x05, 0x03,
  0xB0, 0x57, 0x20, 0x9B, 0x01, 0x07, 0xB0, 0x47, 0x50, 0x2B, 0x08, 0x07, 0xB0, 0x17, 0x20, 0x4B,
  0x04, 0x0A, 0xB7, 0x70, 0xDA, 0x0B, 0x0A, 0xA0, 0xB7, 0x40, 0xEA, 0x07, 0x0D, 0xA0, 0xB7, 0x70,
  0x9A, 0x0E, 0x0C, 0xA0, 0x77, 0x40, 0xAA, 0x0B, 0xB0, 0x77, 0x70, 0x5E, 0x02, 0x74, 0x05, 0xE0,
  0x37, 0x70, 0x1D, 0x0D, 0x75, 0x01, 0xD0, 0xE7, 0x72, 0x0C, 0xC0, 0x97, 0x60, 0xBC, 0x0A, 0x77,
  0x20, 0x8C, 0x04, 0x76, 0x07, 0xC0, 0x67, 0x72, 0x04, 0xB0, 0xE7, 0x70, 0x2C, 0x01, 0x71,
  // "X" (U+0058), RLE, 198 bytes saved (49.1%)
  0x10, 0xCB, 0x08, 0x77, 0x09, 0xB0, 0x82, 0x03, 0xC0, 0x37, 0x50, 0x4B, 0x0D, 0x40, 0x8B, 0x0C,
  0x75, 0x0D, 0xB0, 0x35, 0x0C, 0xB0, 0x67, 0x30, 0x8B, 0x08, 0x60, 0x3B, 0x0E, 0x01, 0x71, 0x02,
  0xB0, 0xD7, 0x10, 0x8B, 0x0A, 0x71, 0x0C, 0xB0, 0x37, 0x20, 0xDB, 0x05, 0x60, 0x6B, 0x09, 0x73,
  0x03, 0xB0, 0xD5, 0x01, 0x0E, 0xA0, 0xD7, 0x50, 0x9B, 0x09, 0x40, 0xAB, 0x04, 0x76, 0x0D, 0xB0,
  0x32, 0x05, 0xB0, 0x97, 0x70, 0x4B, 0x82, 0xC0, 0x1E, 0xA0, 0xE0, 0x17, 0x71, 0x09, 0xB0, 0x70,
  0x9B, 0x04, 0x77, 0x20, 0x10, 0xDE, 0x0A, 0x77, 0x40, 0x4D, 0x0E, 0x01, 0x77, 0x50, 0xAC, 0x05,
  0x77, 0x60, 0xCC, 0x09, 0x77, 0x50, 0x6E, 0x03, 0x77, 0x30, 0x10, 0xEA, 0x0D, 0xB0, 0xD7, 0x73,
  0x0B, 0xB0, 0x30, 0x9B, 0x08, 0x77, 0x10, 0x5B, 0x82, 0x90, 0x1E, 0xB0, 0x27, 0x60, 0x10, 0xEA,
  0x0E, 0x01, 0x20, 0x6B, 0x0C, 0x76, 0x0A, 0xB0, 0x54, 0x0B, 0xB0, 0x77, 0x40, 0x5B, 0x0B, 0x50,
  0x2B, 0x0E, 0x02, 0x72, 0x01, 0x0E, 0xA0, 0xE0, 0x16, 0x08, 0xB0, 0xB7, 0x20, 0x9B, 0x06, 0x71,
  0x0D, 0xB0, 0x67, 0x04, 0xB0, 0xC7, 0x20, 0x4B, 0x0E, 0x01, 0x60, 0xDB, 0x03, 0x73, 0x0A, 0xB0,
  0xA5, 0x08, 0xB0, 0x87, 0x40, 0x10, 0xEB, 0x05, 0x30, 0x3B, 0x0D, 0x76, 0x06, 0xB0, 0xE0, 0x12,
  0x0C, 0xB0, 0x47, 0x70, 0xCB, 0x81, 0x90, 0x7B, 0x0A, 0x77, 0x10, 0x3C, 0x04,
  // "Y" (U+0059), RLE, 222 bytes saved (57.2%)
  0x0B, 0xB0, 0x87, 0x71, 0x09, 0xB0, 0x90, 0x2C, 0x01, 0x76, 0x02, 0xC8, 0x11, 0x09, 0xB0, 0x97,
  0x60, 0xAB, 0x08, 0x20, 0x1C, 0x02, 0x74, 0x03, 0xB0, 0xE4, 0x08, 0xB0, 0xA7, 0x40, 0xBB, 0x06,
  0x40, 0x10, 0xEB, 0x03, 0x72, 0x04, 0xB0, 0xD6, 0x07, 0xB0, 0xB7, 0x20, 0xCB, 0x05, 0x70, 0xDB,
  0x04, 0x70, 0x5B, 0x0B, 0x71, 0x05, 0xB0, 0xC7, 0x0D, 0xB0, 0x37, 0x20, 0xCB, 0x04, 0x50, 0x6B,
  0x0A, 0x73, 0x04, 0xB0, 0xC5, 0x0D, 0xB0, 0x27, 0x40, 0xBB, 0x05, 0x30, 0x7B, 0x08, 0x75, 0x02,
  0xB0, 0xD3, 0x0E, 0xA0, 0xE0, 0x17, 0x60, 0x9B, 0x81, 0x60, 0x7B, 0x07, 0x77, 0x01, 0xB8, 0x1E,
  0x2E, 0xA0, 0xD7, 0x72, 0x08, 0xB0, 0xDB, 0x05, 0x77, 0x20, 0x10, 0xED, 0x0C, 0x77, 0x40, 0x6D,
  0x04, 0x77, 0x50, 0xDB, 0x0B, 0x77, 0x60, 0x8B, 0x06, 0x77, 0x60, 0x8B, 0x06, 0x77, 0x60, 0x8B,
  0x06, 0x77, 0x60, 0x8B, 0x06, 0x77, 0x60, 0x8B, 0x06, 0x77, 0x60, 0x8B, 0x06, 0x77, 0x60, 0x8B,
  0x06, 0x77, 0x60, 0x8B, 0x06, 0x77, 0x60, 0x8B, 0x06, 0x77, 0x60, 0x8B, 0x06, 0x77, 0x60, 0x8B,
  0x06, 0x77, 0x60, 0x8B, 0x06, 0x73,
  // "Z" (U+005A), RLE, 229 bytes saved (64.1%)
  0x10, 0xCF, 0xFE, 0x20, 0xCF, 0xFE, 0x20, 0xCF, 0xFE, 0x20, 0x28, 0x09, 0x23, 0x04, 0x0E, 0xB0,
  0x77, 0x73, 0x09, 0xB0, 0xC7, 0x73, 0x04, 0xC0, 0x37, 0x73, 0x0D, 0xB0, 0x87, 0x73, 0x09, 0xB0,
  0xD7, 0x73, 0x04, 0xC0, 0x37, 0x73, 0x0D, 0xB0, 0x87, 0x73, 0x09, 0xB0, 0xD7, 0x73, 0x03, 0xC0,
  0x37, 0x73, 0x0D, 0xB0, 0x87, 0x73, 0x08, 0xB0, 0xD7, 0x73, 0x03, 0xC0, 0x37, 0x73, 0x0D, 0xB0,
  0x97, 0x73, 0x08, 0xB0, 0xD7, 0x73, 0x03, 0xC0, 0x47, 0x73, 0x0C, 0xB0, 0x97, 0x73, 0x08, 0xB0,
  0xD7, 0x73, 0x03, 0xC0, 0x47, 0x73, 0x0C, 0xB0, 0x97, 0x73, 0x07, 0xB0, 0xD7, 0x73, 0x02, 0xC0,
  0x47, 0x73, 0x0C, 0xB0, 0x97, 0x73, 0x07, 0xB0, 0xE0, 0x17, 0x72, 0x02, 0xC0, 0x47, 0x73, 0x0C,
  0xB0, 0xC8, 0x09, 0x43, 0x01, 0x04, 0xFF, 0xF0, 0x70, 0x5F, 0xFF, 0x07, 0x05, 0xFF, 0xF0, 0x70,
  // "[" (U+005B), RLE, 94 bytes saved (43.7%)
  0x07, 0xFA, 0x05, 0x07, 0xFA, 0x05, 0x07, 0xFA, 0x05, 0x07, 0xB0, 0x78, 0x01, 0x30, 0x10, 0x7B,
  0x04, 0x60, 0x7B, 0x04, 0x60, 0x7B, 0x04, 0x60, 0x7B, 0x04, 0x60, 0x7B, 0x04, 0x60, 0x7B, 0x04,
  0x60, 0x7B, 0x04, 0x60, 0x7B, 0x04, 0x60, 0x7B, 0x04, 0x60, 0x7B, 0x04, 0x60, 0x7B, 0x04, 0x60,
  0x7B, 0x04, 0x60, 0x7B, 0x04, 0x60, 0x7B, 0x04, 0x60, 0x7B, 0x04, 0x60, 0x7B, 0x04, 0x60, 0x7B,
  0x04, 0x60, 0x7B, 0x04, 0x60, 0x7B, 0x04, 0x60, 0x7B, 0x04, 0x60, 0x7B, 0x04, 0x60, 0x7B, 0x04,
  0x60, 0x7B, 0x04, 0x60, 0x7B, 0x04, 0x60, 0x7B, 0x04, 0x60, 0x7B, 0x04, 0x60, 0x7B, 0x04, 0x60,
  0x7B, 0x04, 0x60, 0x7B, 0x04, 0x60, 0x7B, 0x04, 0x60, 0x7B, 0x04, 0x60, 0x7F, 0xA0, 0x50, 0x7F,
  0xA0, 0x50, 0x7F, 0xA0, 0x50, 0x18, 0x05, 0x30, 0x10,
  // "\" (U+005C), RLE, 140 bytes saved (56.5%)
  0x05, 0xB0, 0x67, 0x50, 0xEA, 0x0C, 0x75, 0x09, 0xB0, 0x27, 0x40, 0x3B, 0x08, 0x75, 0x0D, 0xA0,
  0xE7, 0x50, 0x7B, 0x04, 0x74, 0x01, 0xB0, 0xA7, 0x50, 0xBB, 0x01, 0x74, 0x05, 0xB0, 0x67, 0x50,
  0xEA, 0x0C, 0x75, 0x09, 0xB0, 0x37, 0x40, 0x3B, 0x08, 0x75, 0x0D, 0xA0, 0xE7, 0x50, 0x7B, 0x05,
  0x74, 0x01, 0xB0, 0xB7, 0x50, 0xBB, 0x01, 0x74, 0x05, 0xB0, 0x77, 0x50, 0xEA, 0x0D, 0x75, 0x09,
  0xB0, 0x37, 0x40, 0x3B, 0x09, 0x75, 0x0C, 0xA0, 0xE7, 0x50, 0x6B, 0x05, 0x74, 0x01, 0xB0, 0xB7,
  0x50, 0xAB, 0x02, 0x74, 0x04, 0xB0, 0x77, 0x50, 0xEA, 0x0D, 0x75, 0x08, 0xB0, 0x47, 0x40, 0x2B,
  0x09, 0x75, 0x0C, 0xA0, 0xE7, 0x50, 0x6B, 0x06, 0x74, 0x01, 0xB0, 0xC0,
  // "]" (U+005D), RLE, 80 bytes saved (41.0%)
  0x0E, 0xF9, 0x00, 0xEF, 0x90, 0x0E, 0xF9, 0x0E, 0x80, 0x23, 0x0D, 0xA0, 0xE6, 0x0C, 0xA0, 0xE6,
  0x0C, 0xA0, 0xE6, 0x0C, 0xA0, 0xE6, 0x0C, 0xA0, 0xE6, 0x0C, 0xA0, 0xE6, 0x0C, 0xA0, 0xE6, 0x0C,
  0xA0, 0xE6, 0x0C, 0xA0, 0xE6, 0x0C, 0xA0, 0xE6, 0x0C, 0xA0, 0xE6, 0x0C, 0xA0, 0xE6, 0x0C, 0xA0,
  0xE6, 0x0C, 0xA0, 0xE6, 0x0C, 0xA0, 0xE6, 0x0C, 0xA0, 0xE6, 0x0C, 0xA0, 0xE6, 0x0C, 0xA0, 0xE6,
  0x0C, 0xA0, 0xE6, 0x0C, 0xA0, 0xE6, 0x0C, 0xA0, 0xE6, 0x0C, 0xA0, 0xE6, 0x0C, 0xA0, 0xE6, 0x0C,
  0xA0, 0xE6, 0x0C, 0xA0, 0xE6, 0x0C, 0xA0, 0xE6, 0x0C, 0xA0, 0xE6, 0x0C, 0xA0, 0xE6, 0x0C, 0xA0,
  0xE6, 0x0C, 0xA0, 0xE6, 0x0C, 0xA0, 0xE6, 0x0C, 0xA0, 0x0E, 0xF9, 0x00, 0xEF, 0x90, 0x0E, 0xF9,
  0x0E, 0x80, 0x63,
  // "^" (U+005E), RLE, 106 bytes saved (46.1%)
  0x72, 0x03, 0xA0, 0x77, 0x75, 0x0A, 0xA0, 0xE7, 0x74, 0x02, 0xC0, 0x77, 0x73, 0x09, 0xC0, 0xE0,
  0x17, 0x71, 0x01, 0xA0, 0xE0, 0xBA, 0x08, 0x77, 0x10, 0x8A, 0x08, 0x03, 0xA0, 0xE0, 0x17, 0x60,
  0x10, 0xEA, 0x81, 0x20, 0xBA, 0x08, 0x76, 0x07, 0xA0, 0xA2, 0x03, 0xA0, 0xE0, 0x17, 0x50, 0xEA,
  0x03, 0x30, 0xBA, 0x09, 0x74, 0x06, 0xA0, 0xC4, 0x03, 0xB0, 0x17, 0x30, 0xDA, 0x05, 0x50, 0xBA,
  0x09, 0x72, 0x05, 0xA0, 0xD6, 0x03, 0xB0, 0x27, 0x10, 0xCA, 0x07, 0x70, 0xBA, 0x09, 0x70, 0x4A,
  0x0E, 0x71, 0x03, 0xB0, 0x26, 0x0B, 0xA0, 0x87, 0x20, 0xAA, 0x0A, 0x50, 0x3B, 0x01, 0x72, 0x03,
  0xB0, 0x24, 0x0A, 0xA0, 0xA7, 0x40, 0xAA, 0x0A, 0x30, 0x2B, 0x03, 0x74, 0x03, 0xB0, 0x32, 0x09,
  0xA0, 0xC7, 0x60, 0xAA, 0x81, 0xB0, 0x1B, 0x05, 0x76, 0x03, 0xB0, 0x30,
  // "_" (U+005F), RLE, 27 bytes saved (64.3%)
  0x18, 0x09, 0x73, 0x02, 0x01, 0xFF, 0xD0, 0x90, 0x1F, 0xFD, 0x09, 0x01, 0xFF, 0xD0, 0x90,
  // "`" (U+0060), RLE, 13 bytes saved (37.1%)
  0x02, 0xC0, 0xA5, 0x07, 0xC0, 0x35, 0x09, 0xB0, 0xC6, 0x0A, 0xB0, 0x76, 0x0B, 0xA0, 0xE0, 0x26,
  0x0A, 0xA0, 0xC7, 0x08, 0xA0, 0x80,
  // "a" (U+0061), RLE, 93 bytes saved (38.8%)
  0x58, 0x91, 0x16, 0x9C, 0xEF, 0xED, 0xB7, 0x17, 0x04, 0x0B, 0xFC, 0x07, 0x50, 0x2F, 0xF0, 0x85,
  0x0B, 0xA8, 0x6C, 0x85, 0x43, 0x47, 0xDC, 0x03, 0x48, 0x13, 0x72, 0x71, 0x09, 0xB0, 0x97, 0x72,
  0x0E, 0xA0, 0xD7, 0x72, 0x0B, 0xB7, 0x72, 0x0A, 0xB0, 0x17, 0x28, 0x52, 0x23, 0x33, 0x3B, 0xB0,
  0x14, 0x82, 0x16, 0xBE, 0xFC, 0x01, 0x20, 0x10, 0x9F, 0xF9, 0x82, 0x10, 0x1C, 0xFF, 0xA8, 0x11,
  0x0B, 0xC8, 0x2D, 0x74, 0x15, 0x0A, 0xB0, 0x10, 0x5C, 0x07, 0x72, 0x0A, 0xB0, 0x10, 0xAB, 0x0A,
  0x73, 0x0B, 0xB0, 0x10, 0xDB, 0x03, 0x73, 0x0C, 0xB0, 0x10, 0xEB, 0x01, 0x73, 0xC0, 0x10, 0xEB,
  0x01, 0x72, 0x06, 0xC0, 0x10, 0xCB, 0x05, 0x71, 0x02, 0x0E, 0xC0, 0x10, 0x8B, 0x0D, 0x01, 0x60,
  0x40, 0xED, 0x01, 0x02, 0xC8, 0x5E, 0x85, 0x34, 0x7C, 0xA0, 0xE0, 0x8B, 0x81, 0x10, 0x7F, 0xC8,
  0x1E, 0x32, 0xB0, 0x12, 0x07, 0xFA, 0x0C, 0x02, 0x2B, 0x01, 0x38, 0x71, 0x8C, 0xEF, 0xED, 0xA5,
  0x40, 0xCA, 0x01,
  // "b" (U+0062), RLE, 155 bytes saved (42.7%)
  0x04, 0xB0, 0x97, 0x73, 0x04, 0xB0, 0x97, 0x73, 0x04, 0xB0, 0x97, 0x73, 0x04, 0xB0, 0x97, 0x73,
  0x04, 0xB0, 0x97, 0x73, 0x04, 0xB0, 0x97, 0x73, 0x04, 0xB0, 0x97, 0x73, 0x04, 0xB0, 0x97, 0x73,
  0x04, 0xB0, 0x97, 0x73, 0x04, 0xB0, 0x83, 0x86, 0x6B, 0xEF, 0xED, 0xA5, 0x60, 0x4B, 0x82, 0x80,
  0x4E, 0xF9, 0x0D, 0x04, 0x40, 0x4B, 0x07, 0x06, 0xFD, 0x06, 0x30, 0x4B, 0x0B, 0xA8, 0x6E, 0x95,
  0x43, 0x59, 0xEC, 0x04, 0x20, 0x4D, 0x0C, 0x01, 0x60, 0x10, 0xBB, 0x82, 0xE1, 0x04, 0xC0, 0xE0,
  0x17, 0x20, 0xDB, 0x81, 0x70, 0x4C, 0x07, 0x73, 0x05, 0xB8, 0x1D, 0x04, 0xC0, 0x17, 0x40, 0xEB,
  0x01, 0x04, 0xB0, 0xD7, 0x50, 0xAB, 0x05, 0x04, 0xB0, 0xB7, 0x50, 0x8B, 0x07, 0x04, 0xB0, 0xA7,
  0x50, 0x6B, 0x08, 0x04, 0xB0, 0x97, 0x50, 0x5B, 0x09, 0x04, 0xB0, 0x97, 0x50, 0x6B, 0x09, 0x04,
  0xB0, 0xA7, 0x50, 0x6B, 0x08, 0x04, 0xB0, 0xB7, 0x50, 0x8B, 0x07, 0x04, 0xB0, 0xE7, 0x50, 0xBB,
  0x05, 0x04, 0xC0, 0x27, 0x40, 0xEB, 0x01, 0x04, 0xC0, 0x87, 0x30, 0x5B, 0x81, 0xD0, 0x4C, 0x0E,
  0x01, 0x71, 0x01, 0x0D, 0xB8, 0x16, 0x04, 0xD0, 0xC0, 0x26, 0x01, 0x0C, 0xB8, 0x2E, 0x10, 0x4B,
  0x0B, 0xB8, 0x5A, 0x64, 0x35, 0x9E, 0xC0, 0x42, 0x04, 0xB0, 0x10, 0x8F, 0xD0, 0x63, 0x04, 0xA0,
  0xD2, 0x05, 0x0E, 0xF9, 0x0D, 0x04, 0x40, 0x4A, 0x09, 0x38, 0x71, 0x7B, 0xEF, 0xED, 0xA5, 0x60,
  // "c" (U+0063), RLE, 103 bytes saved (47.7%)
  0x68, 0x91, 0x16, 0xAD, 0xEF, 0xED, 0xB7, 0x36, 0x08, 0xFC, 0x07, 0x30, 0x20, 0xDF, 0xD0, 0x32,
  0x01, 0x0D, 0xC8, 0x7B, 0x64, 0x34, 0x7B, 0xFC, 0x30, 0xAB, 0x0E, 0x04, 0x70, 0x10, 0x32, 0x04,
  0xC0, 0x27, 0x50, 0xAB, 0x08, 0x76, 0xC0, 0x17, 0x50, 0x3B, 0x0C, 0x76, 0x06, 0xB0, 0x97, 0x60,
  0x7B, 0x07, 0x76, 0x08, 0xB0, 0x67, 0x60, 0x8B, 0x06, 0x76, 0x08, 0xB0, 0x77, 0x60, 0x6B, 0x09,
  0x76, 0x04, 0xB0, 0xC7, 0x60, 0x1C, 0x01, 0x76, 0x0C, 0xB0, 0x77, 0x60, 0x5B, 0x0E, 0x02, 0x76,
  0x0C, 0xB0, 0xD0, 0x37, 0x10, 0x30, 0x22, 0x02, 0x0E, 0xC8, 0x90, 0xA6, 0x43, 0x46, 0x9D, 0xF4,
  0x30, 0x30, 0xEF, 0xD0, 0x44, 0x01, 0x0A, 0xFC, 0x03, 0x68, 0x22, 0x7B, 0xDA, 0x83, 0xED, 0xA7,
  0x11,
  // "d" (U+0064), RLE, 159 bytes saved (43.8%)
  0x77, 0x30, 0x8B, 0x04, 0x77, 0x30, 0x8B, 0x04, 0x77, 0x30, 0x8B, 0x04, 0x77, 0x30, 0x8B, 0x04,
  0x77, 0x30, 0x8B, 0x04, 0x77, 0x30, 0x8B, 0x04, 0x77, 0x30, 0x8B, 0x04, 0x77, 0x30, 0x8B, 0x04,
  0x77, 0x30, 0x8B, 0x04, 0x68, 0x75, 0x9D, 0xEF, 0xEB, 0x71, 0x20, 0x8B, 0x04, 0x40, 0x30, 0xCF,
  0x98, 0x2E, 0x40, 0x7B, 0x04, 0x30, 0x5F, 0xD0, 0x70, 0x5B, 0x04, 0x20, 0x3D, 0x84, 0x95, 0x34,
  0x6A, 0xB0, 0xBB, 0x04, 0x20, 0xDB, 0x0D, 0x02, 0x60, 0x20, 0xCD, 0x81, 0x40, 0x6B, 0x0E, 0x02,
  0x71, 0x01, 0x0E, 0xC8, 0x14, 0x0C, 0xB0, 0x87, 0x30, 0x7C, 0x04, 0x1C, 0x01, 0x73, 0x01, 0xC0,
  0x04, 0xB0, 0xC7, 0x50, 0xDB, 0x04, 0x06, 0xB0, 0x97, 0x50, 0xAB, 0x04, 0x07, 0xB0, 0x77, 0x50,
  0x9B, 0x04, 0x08, 0xB0, 0x77, 0x50, 0x8B, 0x04, 0x08, 0xB0, 0x67, 0x50, 0x8B, 0x04, 0x07, 0xB0,
  0x77, 0x50, 0x8B, 0x04, 0x06, 0xB0, 0x97, 0x50, 0x9B, 0x00, 0x4B, 0x0B, 0x75, 0x0B, 0xB0, 0x40,
  0x1C, 0x01, 0x74, 0x0E, 0xB8, 0x14, 0x0C, 0xB0, 0x67, 0x30, 0x5C, 0x81, 0x40, 0x6B, 0x0E, 0x01,
  0x72, 0x0D, 0xC0, 0x42, 0x0D, 0xB0, 0xC0, 0x16, 0x01, 0x0B, 0xD0, 0x42, 0x04, 0xC8, 0x6E, 0x95,
  0x34, 0x59, 0xEA, 0x0A, 0xB0, 0x43, 0x06, 0xFD, 0x07, 0x03, 0xB0, 0x44, 0x04, 0x0D, 0xF9, 0x0E,
  0x04, 0x2B, 0x04, 0x68, 0x75, 0xAD, 0xEF, 0xEB, 0x71, 0x30, 0xDA, 0x04,
  // "e" (U+0065), RLE, 122 bytes saved (48.4%)
  0x68, 0x90, 0x17, 0xBE, 0xFE, 0xDB, 0x61, 0x73, 0x09, 0xFA, 0x0E, 0x07, 0x70, 0x10, 0xDF, 0xD0,
  0xA6, 0x0D, 0xB8, 0x5E, 0x85, 0x34, 0x6B, 0xC0, 0x94, 0x09, 0xB0, 0xA0, 0x16, 0x04, 0xC0, 0x32,
  0x03, 0xB0, 0xC7, 0x20, 0x6B, 0x0B, 0x20, 0x9B, 0x03, 0x73, 0x0E, 0xB8, 0x11, 0x0E, 0xA0, 0xC7,
  0x40, 0xAB, 0x05, 0x03, 0xB0, 0x97, 0x40, 0x7B, 0x07, 0x05, 0xFF, 0xD0, 0x80, 0x7F, 0xFD, 0x00,
  0x8F, 0xFD, 0x09, 0x08, 0xB0, 0x88, 0x09, 0x33, 0x01, 0x08, 0xB0, 0x87, 0x72, 0x06, 0xB0, 0xA7,
  0x72, 0x03, 0xB0, 0xD7, 0x73, 0xC0, 0x37, 0x72, 0x0A, 0xB0, 0xB7, 0x72, 0x03, 0xC0, 0x67, 0x72,
  0x09, 0xC0, 0x87, 0x28, 0x11, 0x76, 0x40, 0xCC, 0x87, 0xD8, 0x53, 0x34, 0x68, 0xCA, 0x08, 0x40,
  0x10, 0xBF, 0xF0, 0x86, 0x07, 0x0E, 0xFC, 0x0D, 0x05, 0x71, 0x82, 0x59, 0xCE, 0xA8, 0x3E, 0xDA,
  0x73, 0x30,
  // "f" (U+0066), RLE, 156 bytes saved (54.0%)
  0x71, 0x87, 0x28, 0xCE, 0xFD, 0xC9, 0x57, 0x08, 0xF9, 0x0C, 0x60, 0x9F, 0xA0, 0x75, 0x03, 0xC8,
  0x5B, 0x53, 0x57, 0xC2, 0x50, 0x9B, 0x0A, 0x75, 0x0D, 0xB0, 0x17, 0x40, 0x1B, 0x0D, 0x75, 0x02,
  0xB0, 0xB7, 0x50, 0x3B, 0x0A, 0x75, 0x03, 0xB0, 0xA7, 0x30, 0x50, 0xAF, 0xB0, 0x92, 0x04, 0x0E,
  0xFD, 0x09, 0x20, 0x5F, 0xE0, 0x92, 0x83, 0x13, 0x33, 0x5B, 0x0B, 0x80, 0x13, 0x02, 0x60, 0x3B,
  0x0A, 0x75, 0x03, 0xB0, 0xA7, 0x50, 0x3B, 0x0A, 0x75, 0x03, 0xB0, 0xA7, 0x50, 0x3B, 0x0A, 0x75,
  0x03, 0xB0, 0xA7, 0x50, 0x3B, 0x0A, 0x75, 0x03, 0xB0, 0xA7, 0x50, 0x3B, 0x0A, 0x75, 0x03, 0xB0,
  0xA7, 0x50, 0x3B, 0x0A, 0x75, 0x03, 0xB0, 0xA7, 0x50, 0x3B, 0x0A, 0x75, 0x03, 0xB0, 0xA7, 0x50,
  0x3B, 0x0A, 0x75, 0x03, 0xB0, 0xA7, 0x50, 0x3B, 0x0A, 0x75, 0x03, 0xB0, 0xA7, 0x50, 0x3B, 0x0A,
  0x75, 0x03, 0xB0, 0xA7, 0x10,
  // "g" (U+0067), RLE, 156 bytes saved (40.5%)
  0x68, 0x65, 0xAD, 0xEE, 0xDA, 0x54, 0x0D, 0xA0, 0x44, 0x03, 0x0C, 0xF9, 0x0D, 0x04, 0x2B, 0x04,
  0x30, 0x4F, 0xD0, 0x70, 0x1B, 0x04, 0x20, 0x2D, 0x84, 0x95, 0x34, 0x6A, 0xB0, 0xAB, 0x04, 0x20,
  0xCB, 0x0D, 0x02, 0x60, 0x20, 0xDD, 0x81, 0x40, 0x4B, 0x0E, 0x02, 0x71, 0x01, 0x0E, 0xC8, 0x14,
  0x0B, 0xB0, 0x77, 0x30, 0x6C, 0x04, 0x1C, 0x01, 0x73, 0x01, 0xC0, 0x40, 0x3B, 0x0C, 0x75, 0x0C,
  0xB0, 0x40, 0x6B, 0x09, 0x75, 0x09, 0xB0, 0x40, 0x7B, 0x07, 0x75, 0x08, 0xB0, 0x40, 0x8B, 0x06,
  0x75, 0x07, 0xB0, 0x40, 0x8B, 0x06, 0x75, 0x07, 0xB0, 0x40, 0x7B, 0x07, 0x75, 0x07, 0xB0, 0x40,
  0x6B, 0x09, 0x75, 0x08, 0xB0, 0x04, 0xB0, 0xC7, 0x50, 0xAB, 0x04, 0x1C, 0x01, 0x74, 0x0D, 0xB8,
  0x14, 0x0B, 0xB0, 0x77, 0x30, 0x4C, 0x81, 0x40, 0x5B, 0x0E, 0x01, 0x72, 0x0C, 0xC0, 0x42, 0x0D,
  0xB0, 0xD0, 0x26, 0x01, 0x0B, 0xD0, 0x42, 0x03, 0xC8, 0x6E, 0x95, 0x34, 0x59, 0xEA, 0x0B, 0xB0,
  0x43, 0x05, 0xFD, 0x07, 0x06, 0xB0, 0x44, 0x04, 0x0D, 0xF9, 0x82, 0xE6, 0x07, 0xB0, 0x46, 0x87,
  0x5A, 0xDE, 0xED, 0xB6, 0x12, 0x07, 0xB0, 0x47, 0x73, 0x08, 0xB0, 0x47, 0x73, 0x09, 0xB0, 0x37,
  0x73, 0x0B, 0xB0, 0x27, 0x73, 0x0E, 0xB7, 0x73, 0x05, 0xB0, 0xC3, 0x01, 0x75, 0x01, 0x0E, 0xB0,
  0x73, 0x81, 0xBA, 0x47, 0x20, 0x20, 0xDB, 0x0E, 0x01, 0x30, 0xBA, 0x87, 0xEA, 0x75, 0x43, 0x45,
  0xAD, 0x06, 0x40, 0xBF, 0xF9, 0x08, 0x50, 0x70, 0xEF, 0xD0, 0xD0, 0x57, 0x18, 0x92, 0x47, 0xAC,
  0xEE, 0xFE, 0xDC, 0x84, 0x60,
  // "h" (U+0068), RLE, 158 bytes saved (45.5%)
  0x04, 0xB0, 0x97, 0x72, 0x04, 0xB0, 0x97, 0x72, 0x04, 0xB0, 0x97, 0x72, 0x04, 0xB0, 0x97, 0x72,
  0x04, 0xB0, 0x97, 0x72, 0x04, 0xB0, 0x97, 0x72, 0x04, 0xB0, 0x97, 0x72, 0x04, 0xB0, 0x97, 0x72,
  0x04, 0xB0, 0x97, 0x72, 0x04, 0xB0, 0x93, 0x87, 0x4A, 0xDE, 0xFE, 0xB8, 0x24, 0x04, 0xB8, 0x28,
  0x03, 0xDF, 0xA0, 0xA3, 0x04, 0xB0, 0x70, 0x5F, 0xD0, 0xC2, 0x04, 0xB0, 0xAB, 0x85, 0xA6, 0x43,
  0x47, 0xDC, 0x81, 0x80, 0x4D, 0x0D, 0x02, 0x70, 0xAB, 0x81, 0xE0, 0x4C, 0x0E, 0x02, 0x72, 0x0E,
  0xB0, 0x04, 0xC0, 0x87, 0x30, 0x8B, 0x07, 0x04, 0xC0, 0x27, 0x30, 0x4B, 0x08, 0x04, 0xB0, 0xE7,
  0x40, 0x3B, 0x09, 0x04, 0xB0, 0xB7, 0x40, 0x3B, 0x09, 0x04, 0xB0, 0xA7, 0x40, 0x3B, 0x09, 0x04,
  0xB0, 0x97, 0x40, 0x3B, 0x09, 0x04, 0xB0, 0x97, 0x40, 0x3B, 0x09, 0x04, 0xB0, 0x97, 0x40, 0x3B,
  0x09, 0x04, 0xB0, 0x97, 0x40, 0x3B, 0x09, 0x04, 0xB0, 0x97, 0x40, 0x3B, 0x09, 0x04, 0xB0, 0x97,
  0x40, 0x3B, 0x09, 0x04, 0xB0, 0x97, 0x40, 0x3B, 0x09, 0x04, 0xB0, 0x97, 0x40, 0x3B, 0x09, 0x04,
  0xB0, 0x97, 0x40, 0x3B, 0x09, 0x04, 0xB0, 0x97, 0x40, 0x3B, 0x09, 0x04, 0xB0, 0x97, 0x40, 0x3B,
  0x09, 0x04, 0xB0, 0x97, 0x40, 0x3B, 0x09, 0x04, 0xB0, 0x97, 0x40, 0x3B, 0x09,
  // "i" (U+0069), RLE, 8 bytes saved (9.6%)
  0x18, 0x39, 0xEC, 0x25, 0xB0, 0xC0, 0x8B, 0x0E, 0x05, 0xB8, 0x4B, 0x09, 0xEC, 0x27, 0x76, 0x04,
  0xB0, 0x90, 0x4B, 0x09, 0x04, 0xB0, 0x90, 0x4B, 0x09, 0x04, 0xB0, 0x90, 0x4B, 0x09, 0x04, 0xB0,
  0x90, 0x4B, 0x09, 0x04, 0xB0, 0x90, 0x4B, 0x09, 0x04, 0xB0, 0x90, 0x4B, 0x09, 0x04, 0xB0, 0x90,
  0x4B, 0x09, 0x04, 0xB0, 0x90, 0x4B, 0x09, 0x04, 0xB0, 0x90, 0x4B, 0x09, 0x04, 0xB0, 0x90, 0x4B,
  0x09, 0x04, 0xB0, 0x90, 0x4B, 0x09, 0x04, 0xB0, 0x90, 0x4B, 0x09,
  // "j" (U+006A), RLE, 113 bytes saved (46.7%)
  0x78, 0x29, 0xEC, 0x26, 0x05, 0xB0, 0xC6, 0x08, 0xB0, 0xE6, 0x05, 0xB0, 0xB7, 0x82, 0x9E, 0xC2,
  0x80, 0xD6, 0x00, 0x4B, 0x09, 0x60, 0x4B, 0x09, 0x60, 0x4B, 0x09, 0x60, 0x4B, 0x09, 0x60, 0x4B,
  0x09, 0x60, 0x4B, 0x09, 0x60, 0x4B, 0x09, 0x60, 0x4B, 0x09, 0x60, 0x4B, 0x09, 0x60, 0x4B, 0x09,
  0x60, 0x4B, 0x09, 0x60, 0x4B, 0x09, 0x60, 0x4B, 0x09, 0x60, 0x4B, 0x09, 0x60, 0x4B, 0x09, 0x60,
  0x4B, 0x09, 0x60, 0x4B, 0x09, 0x60, 0x4B, 0x09, 0x60, 0x4B, 0x09, 0x60, 0x4B, 0x09, 0x60, 0x4B,
  0x09, 0x60, 0x4B, 0x09, 0x60, 0x4B, 0x09, 0x60, 0x4B, 0x09, 0x60, 0x4B, 0x09, 0x60, 0x4B, 0x09,
  0x60, 0x4B, 0x09, 0x60, 0x4B, 0x09, 0x60, 0x4B, 0x08, 0x60, 0x6B, 0x07, 0x60, 0xCB, 0x85, 0x43,
  0x64, 0x35, 0xCB, 0x81, 0xE0, 0x6F, 0x98, 0x16, 0x06, 0xF0, 0x82, 0x86, 0x3B, 0xDF, 0xED, 0xA3,
  0x30,
  // "k" (U+006B), RLE, 140 bytes saved (42.4%)
  0x04, 0xB0, 0x87, 0x71, 0x04, 0xB0, 0x87, 0x71, 0x04, 0xB0, 0x87, 0x71, 0x04, 0xB0, 0x87, 0x71,
  0x04, 0xB0, 0x87, 0x71, 0x04, 0xB0, 0x87, 0x71, 0x04, 0xB0, 0x87, 0x71, 0x04, 0xB0, 0x87, 0x71,
  0x04, 0xB0, 0x87, 0x71, 0x04, 0xB0, 0x87, 0x20, 0x8B, 0x81, 0xD1, 0x4B, 0x08, 0x71, 0x07, 0xB8,
  0x2E, 0x20, 0x4B, 0x08, 0x70, 0x6B, 0x0E, 0x02, 0x20, 0x4B, 0x08, 0x60, 0x5B, 0x0E, 0x03, 0x30,
  0x4B, 0x08, 0x50, 0x4C, 0x04, 0x40, 0x4B, 0x08, 0x40, 0x30, 0xEB, 0x05, 0x50, 0x4B, 0x08, 0x30,
  0x20, 0xEB, 0x06, 0x60, 0x4B, 0x08, 0x20, 0x20, 0xDB, 0x07, 0x70, 0x4B, 0x82, 0x80, 0x1D, 0xB0,
  0x87, 0x10, 0x4B, 0x81, 0x70, 0xBB, 0x09, 0x72, 0x04, 0xB0, 0x70, 0x8C, 0x02, 0x72, 0x04, 0xB0,
  0xBD, 0x0C, 0x72, 0x04, 0xFB, 0x08, 0x71, 0x04, 0xD0, 0x70, 0x4C, 0x04, 0x70, 0x4C, 0x05, 0x20,
  0x8B, 0x0E, 0x01, 0x60, 0x4B, 0x09, 0x40, 0xCB, 0x0B, 0x60, 0x4B, 0x08, 0x40, 0x10, 0xEB, 0x07,
  0x50, 0x4B, 0x08, 0x50, 0x5C, 0x04, 0x40, 0x4B, 0x08, 0x60, 0x9B, 0x0E, 0x01, 0x30, 0x4B, 0x08,
  0x70, 0xCB, 0x0B, 0x30, 0x4B, 0x08, 0x70, 0x20, 0xEB, 0x07, 0x20, 0x4B, 0x08, 0x71, 0x06, 0xC8,
  0x13, 0x04, 0xB0, 0x87, 0x20, 0xAB, 0x81, 0xD1, 0x4B, 0x08, 0x73, 0x0D, 0xB0, 0xB0,
  // "l" (U+006C), uncompressed
  0x4F, 0xFF, 0x94, 0xFF, 0xF9, 0x4F, 0xFF, 0x94, 0xFF, 0xF9, 0x4F, 0xFF, 0x94, 0xFF, 0xF9, 0x4F,
  0xFF, 0x94, 0xFF, 0xF9, 0x4F, 0xFF, 0x94, 0xFF, 0xF9, 0x4F, 0xFF, 0x94, 0xFF, 0xF9, 0x4F, 0xFF,
  0x94, 0xFF, 0xF9, 0x4F, 0xFF, 0x94, 0xFF, 0xF9, 0x4F, 0xFF, 0x94, 0xFF, 0xF9, 0x4F, 0xFF, 0x94,
  0xFF, 0xF9, 0x4F, 0xFF, 0x94, 0xFF, 0xF9, 0x4F, 0xFF, 0x94, 0xFF, 0xF9, 0x4F, 0xFF, 0x94, 0xFF,
  0xF9, 0x4F, 0xFF, 0x94, 0xFF, 0xF9, 0x4F, 0xFF, 0x94, 0xFF, 0xF9, 0x4F, 0xFF, 0x94, 0xFF, 0xF9,
  0x4F, 0xFF, 0x90,
  // "m" (U+006D), RLE, 173 bytes saved (41.2%)
  0x04, 0xA0, 0xE3, 0x87, 0x16, 0xBD, 0xFE, 0xC9, 0x46, 0x87, 0x17, 0xBD, 0xFE, 0xD9, 0x44, 0x04,
  0xB8, 0x21, 0x05, 0xEF, 0x90, 0xB0, 0x13, 0x08, 0xFA, 0x0C, 0x01, 0x20, 0x4B, 0x03, 0x06, 0xFC,
  0x0D, 0x20, 0xCF, 0xC0, 0xD2, 0x04, 0xB0, 0xAA, 0x85, 0xE9, 0x53, 0x46, 0xCC, 0x08, 0x09, 0xA8,
  0x5E, 0x95, 0x34, 0x6C, 0xC8, 0x18, 0x04, 0xD0, 0xB0, 0x16, 0x09, 0xE0, 0xB0, 0x16, 0x09, 0xB8,
  0x1E, 0x04, 0xC0, 0xD0, 0x17, 0x10, 0xDC, 0x0D, 0x72, 0x0D, 0xB0, 0x30, 0x4C, 0x07, 0x72, 0x08,
  0xC0, 0x57, 0x20, 0x8B, 0x06, 0x04, 0xC0, 0x17, 0x20, 0x5B, 0x0E, 0x73, 0x05, 0xB0, 0x70, 0x4B,
  0x0D, 0x73, 0x04, 0xB0, 0xC7, 0x30, 0x4B, 0x08, 0x04, 0xB0, 0xB7, 0x30, 0x3B, 0x0A, 0x73, 0x03,
  0xB0, 0x90, 0x4B, 0x0A, 0x73, 0x03, 0xB0, 0x97, 0x30, 0x3B, 0x09, 0x04, 0xB0, 0x97, 0x30, 0x3B,
  0x09, 0x73, 0x03, 0xB0, 0x90, 0x4B, 0x09, 0x73, 0x03, 0xB0, 0x97, 0x30, 0x3B, 0x09, 0x04, 0xB0,
  0x97, 0x30, 0x3B, 0x09, 0x73, 0x03, 0xB0, 0x90, 0x4B, 0x09, 0x73, 0x03, 0xB0, 0x97, 0x30, 0x3B,
  0x09, 0x04, 0xB0, 0x97, 0x30, 0x3B, 0x09, 0x73, 0x03, 0xB0, 0x90, 0x4B, 0x09, 0x73, 0x03, 0xB0,
  0x97, 0x30, 0x3B, 0x09, 0x04, 0xB0, 0x97, 0x30, 0x3B, 0x09, 0x73, 0x03, 0xB0, 0x90, 0x4B, 0x09,
  0x73, 0x03, 0xB0, 0x97, 0x30, 0x3B, 0x09, 0x04, 0xB0, 0x97, 0x30, 0x3B, 0x09, 0x73, 0x03, 0xB0,
  0x90, 0x4B, 0x09, 0x73, 0x03, 0xB0, 0x97, 0x30, 0x3B, 0x09, 0x04, 0xB0, 0x97, 0x30, 0x3B, 0x09,
  0x73, 0x03, 0xB0, 0x90, 0x4B, 0x09, 0x73, 0x03, 0xB0, 0x97, 0x30, 0x3B, 0x09, 0x04, 0xB0, 0x97,
  0x30, 0x3B, 0x09, 0x73, 0x03, 0xB0, 0x90,
  // "n" (U+006E), RLE, 98 bytes saved (38.9%)
  0x04, 0xA0, 0xE4, 0x87, 0x49, 0xCE, 0xFE, 0xC8, 0x24, 0x04, 0xB8, 0x21, 0x04, 0xDF, 0xA0, 0xA3,
  0x04, 0xB0, 0x30, 0x5F, 0xD0, 0xC2, 0x04, 0xB0, 0xAB, 0x85, 0xA6, 0x43, 0x47, 0xDC, 0x81, 0x80,
  0x4D, 0x0D, 0x02, 0x70, 0xAB, 0x81, 0xE0, 0x4C, 0x0E, 0x02, 0x72, 0x0E, 0xB0, 0x30, 0x4C, 0x08,
  0x73, 0x08, 0xB0, 0x70, 0x4C, 0x02, 0x73, 0x04, 0xB0, 0x80, 0x4B, 0x0E, 0x74, 0x03, 0xB0, 0x90,
  0x4B, 0x0B, 0x74, 0x03, 0xB0, 0x90, 0x4B, 0x0A, 0x74, 0x03, 0xB0, 0x90, 0x4B, 0x09, 0x74, 0x03,
  0xB0, 0x90, 0x4B, 0x09, 0x74, 0x03, 0xB0, 0x90, 0x4B, 0x09, 0x74, 0x03, 0xB0, 0x90, 0x4B, 0x09,
  0x74, 0x03, 0xB0, 0x90, 0x4B, 0x09, 0x74, 0x03, 0xB0, 0x90, 0x4B, 0x09, 0x74, 0x03, 0xB0, 0x90,
  0x4B, 0x09, 0x74, 0x03, 0xB0, 0x90, 0x4B, 0x09, 0x74, 0x03, 0xB0, 0x90, 0x4B, 0x09, 0x74, 0x03,
  0xB0, 0x90, 0x4B, 0x09, 0x74, 0x03, 0xB0, 0x90, 0x4B, 0x09, 0x74, 0x03, 0xB0, 0x90, 0x4B, 0x09,
  0x74, 0x03, 0xB0, 0x90, 0x4B, 0x09, 0x74, 0x03, 0xB0, 0x90,
  // "o" (U+006F), RLE, 123 bytes saved (44.6%)
  0x68, 0x90, 0x16, 0xAD, 0xEF, 0xEC, 0x94, 0x75, 0x08, 0x0E, 0xFA, 0x0D, 0x04, 0x71, 0x01, 0x0C,
  0xFE, 0x08, 0x60, 0x10, 0xDC, 0x85, 0xB6, 0x43, 0x58, 0xDC, 0x07, 0x50, 0xAB, 0x0D, 0x03, 0x70,
  0x7C, 0x04, 0x30, 0x3B, 0x0E, 0x02, 0x72, 0x08, 0xB0, 0xD3, 0x0A, 0xB0, 0x87, 0x40, 0xDB, 0x04,
  0x2C, 0x01, 0x74, 0x07, 0xB8, 0x19, 0x03, 0xB0, 0xC7, 0x50, 0x2B, 0x81, 0xE0, 0x6B, 0x09, 0x76,
  0x0E, 0xB0, 0x10, 0x7B, 0x07, 0x76, 0x0D, 0xB0, 0x20, 0x8B, 0x06, 0x76, 0x0C, 0xB0, 0x30, 0x8B,
  0x07, 0x76, 0x0C, 0xB0, 0x30, 0x7B, 0x07, 0x76, 0x0D, 0xB0, 0x20, 0x6B, 0x09, 0x76, 0xC0, 0x10,
  0x3B, 0x0C, 0x75, 0x02, 0xB0, 0xD2, 0x0E, 0xB0, 0x27, 0x40, 0x7B, 0x09, 0x20, 0x9B, 0x08, 0x74,
  0x0D, 0xB0, 0x42, 0x02, 0xC0, 0x37, 0x20, 0x8B, 0x0D, 0x40, 0x8B, 0x0E, 0x03, 0x70, 0x8C, 0x04,
  0x50, 0xCC, 0x85, 0xB6, 0x43, 0x58, 0xDC, 0x08, 0x70, 0xBF, 0xE0, 0x77, 0x20, 0x70, 0xEF, 0xA0,
  0xC0, 0x47, 0x58, 0x76, 0xAD, 0xEF, 0xDC, 0x84, 0x70,
  // "p" (U+0070), RLE, 173 bytes saved (44.9%)
  0x04, 0xB4, 0x86, 0x6B, 0xEF, 0xED, 0xA5, 0x60, 0x4B, 0x82, 0x10, 0x3E, 0xF9, 0x0D, 0x04, 0x40,
  0x4B, 0x04, 0x05, 0xFD, 0x06, 0x30, 0x4B, 0x09, 0xB8, 0x59, 0x54, 0x35, 0x9E, 0xC0, 0x52, 0x04,
  0xD0, 0xC0, 0x16, 0x02, 0x0C, 0xB8, 0x2E, 0x10, 0x4C, 0x0E, 0x01, 0x71, 0x01, 0x0E, 0xB8, 0x17,
  0x04, 0xC0, 0x77, 0x30, 0x6B, 0x81, 0xD0, 0x4C, 0x01, 0x74, 0xC0, 0x20, 0x4B, 0x0D, 0x75, 0x0B,
  0xB0, 0x50, 0x4B, 0x0B, 0x75, 0x08, 0xB0, 0x70, 0x4B, 0x0A, 0x75, 0x06, 0xB0, 0x80, 0x4B, 0x09,
  0x75, 0x05, 0xB0, 0x90, 0x4B, 0x09, 0x75, 0x06, 0xB0, 0x90, 0x4B, 0x0A, 0x75, 0x07, 0xB0, 0x80,
  0x4B, 0x0C, 0x75, 0x09, 0xB0, 0x70, 0x4B, 0x0E, 0x75, 0x0C, 0xB0, 0x04, 0xC0, 0x37, 0x30, 0x1C,
  0x01, 0x04, 0xC0, 0x87, 0x30, 0x8B, 0x81, 0xC0, 0x4C, 0x0E, 0x02, 0x71, 0x02, 0x0E, 0xB8, 0x16,
  0x04, 0xD0, 0xD0, 0x26, 0x02, 0x0D, 0xB0, 0xD2, 0x04, 0xB0, 0xCB, 0x84, 0xA6, 0x43, 0x59, 0xD0,
  0x42, 0x04, 0xB0, 0x60, 0x7F, 0xD0, 0x53, 0x04, 0xB8, 0x27, 0x05, 0xEF, 0x90, 0xD0, 0x44, 0x04,
  0xB0, 0x82, 0x87, 0x17, 0xBE, 0xFE, 0xDA, 0x56, 0x04, 0xB0, 0x97, 0x73, 0x04, 0xB0, 0x97, 0x73,
  0x04, 0xB0, 0x97, 0x73, 0x04, 0xB0, 0x97, 0x73, 0x04, 0xB0, 0x97, 0x73, 0x04, 0xB0, 0x97, 0x73,
  0x04, 0xB0, 0x97, 0x73, 0x04, 0xB0, 0x97, 0x73, 0x04, 0xB0, 0x97, 0x73, 0x04, 0xB0, 0x97, 0x73,
  0x04, 0xB0, 0x97, 0x73,
  // "q" (U+0071), RLE, 172 bytes saved (44.7%)
  0x68, 0x74, 0x9D, 0xEF, 0xEB, 0x71, 0x30, 0xDA, 0x04, 0x40, 0x30, 0xCF, 0x90, 0xE0, 0x42, 0xB0,
  0x43, 0x04, 0xFD, 0x06, 0x02, 0xB0, 0x42, 0x03, 0xC8, 0x5E, 0x95, 0x34, 0x6A, 0xB0, 0x9B, 0x04,
  0x20, 0xDB, 0x0D, 0x02, 0x60, 0x20, 0xCD, 0x81, 0x40, 0x5B, 0x0E, 0x02, 0x71, 0x01, 0x0E, 0xC8,
  0x14, 0x0B, 0xB0, 0x77, 0x30, 0x7C, 0x04, 0x1C, 0x01, 0x73, 0x01, 0xC0, 0x40, 0x3B, 0x0C, 0x75,
  0x0D, 0xB0, 0x40, 0x6B, 0x09, 0x75, 0x0A, 0xB0, 0x40, 0x7B, 0x07, 0x75, 0x09, 0xB0, 0x40, 0x8B,
  0x07, 0x75, 0x08, 0xB0, 0x40, 0x8B, 0x06, 0x75, 0x08, 0xB0, 0x40, 0x7B, 0x07, 0x75, 0x08, 0xB0,
  0x40, 0x6B, 0x09, 0x75, 0x09, 0xB0, 0x04, 0xB0, 0xB7, 0x50, 0xBB, 0x04, 0x01, 0xC0, 0x17, 0x40,
  0xEB, 0x81, 0x40, 0xCB, 0x06, 0x73, 0x05, 0xC8, 0x14, 0x06, 0xB0, 0xE0, 0x17, 0x20, 0xDC, 0x04,
  0x20, 0xDB, 0x0C, 0x02, 0x60, 0x10, 0xBD, 0x04, 0x20, 0x4C, 0x86, 0xE9, 0x53, 0x45, 0x9E, 0xA0,
  0xBB, 0x04, 0x30, 0x6F, 0xD0, 0x60, 0x7B, 0x04, 0x40, 0x40, 0xDF, 0x98, 0x2E, 0x40, 0x8B, 0x04,
  0x68, 0x75, 0xAD, 0xEF, 0xEB, 0x71, 0x20, 0x8B, 0x04, 0x77, 0x30, 0x8B, 0x04, 0x77, 0x30, 0x8B,
  0x04, 0x77, 0x30, 0x8B, 0x04, 0x77, 0x30, 0x8B, 0x04, 0x77, 0x30, 0x8B, 0x04, 0x77, 0x30, 0x8B,
  0x04, 0x77, 0x30, 0x8B, 0x04, 0x77, 0x30, 0x8B, 0x04, 0x77, 0x30, 0x8B, 0x04, 0x77, 0x30, 0x8B,
  0x04, 0x77, 0x30, 0x8B, 0x04,
  // "r" (U+0072), RLE, 84 bytes saved (46.7%)
  0x04, 0xA0, 0xE4, 0x81, 0x39, 0xDB, 0x07, 0x04, 0xB3, 0x09, 0xE0, 0x50, 0x4B, 0x81, 0x20, 0xAF,
  0x03, 0x04, 0xB0, 0x30, 0x8A, 0x86, 0xE9, 0x53, 0x59, 0x14, 0xB0, 0x9A, 0x0A, 0x01, 0x60, 0x4D,
  0x09, 0x71, 0x04, 0xC0, 0xD7, 0x20, 0x4C, 0x05, 0x72, 0x04, 0xC7, 0x30, 0x4B, 0x0C, 0x73, 0x04,
  0xB0, 0xA7, 0x30, 0x4B, 0x09, 0x73, 0x04, 0xB0, 0x97, 0x30, 0x4B, 0x09, 0x73, 0x04, 0xB0, 0x97,
  0x30, 0x4B, 0x09, 0x73, 0x04, 0xB0, 0x97, 0x30, 0x4B, 0x09, 0x73, 0x04, 0xB0, 0x97, 0x30, 0x4B,
  0x09, 0x73, 0x04, 0xB0, 0x97, 0x30, 0x4B, 0x09, 0x73, 0x04, 0xB0, 0x97, 0x30, 0x4B, 0x09, 0x73,
  // "s" (U+0073), RLE, 90 bytes saved (44.1%)
  0x48, 0x24, 0x9C, 0xEA, 0x83, 0xEC, 0xA7, 0x24, 0x03, 0x0C, 0xFC, 0x82, 0xC4, 0x05, 0xFF, 0x81,
  0x42, 0xEB, 0x86, 0xC7, 0x43, 0x45, 0x8D, 0xA8, 0x1D, 0x07, 0xB0, 0x87, 0x18, 0x33, 0x96, 0x0A,
  0xB7, 0x60, 0xAB, 0x76, 0x08, 0xB0, 0x77, 0x50, 0x3C, 0x09, 0x01, 0x74, 0x08, 0xD0, 0x90, 0x37,
  0x30, 0x7E, 0x0C, 0x06, 0x72, 0x02, 0x0A, 0xE8, 0x1E, 0x91, 0x71, 0x81, 0x18, 0xDE, 0x07, 0x73,
  0x04, 0x0B, 0xD0, 0xA7, 0x40, 0x20, 0xBC, 0x06, 0x75, 0x07, 0xB0, 0xC7, 0x60, 0xCB, 0x76, 0x0A,
  0xB7, 0x60, 0xDA, 0x82, 0xE9, 0x72, 0x72, 0x08, 0xB0, 0xA0, 0xBA, 0x87, 0xD9, 0x64, 0x33, 0x57,
  0xDC, 0x03, 0x0B, 0xFF, 0x82, 0x60, 0x7E, 0xFC, 0x0C, 0x04, 0x48, 0x91, 0x59, 0xBD, 0xEF, 0xED,
  0xB8, 0x34,
  // "t" (U+0074), RLE, 112 bytes saved (49.8%)
  0x58, 0x13, 0x77, 0x75, 0x81, 0xAF, 0xE7, 0x58, 0x1E, 0xFE, 0x74, 0x04, 0xA0, 0xE7, 0x40, 0x8A,
  0x0E, 0x73, 0x01, 0x0D, 0xA0, 0xE7, 0x10, 0x20, 0x9F, 0xC0, 0xB0, 0x3F, 0xE0, 0xB0, 0x4F, 0xE8,
  0x4B, 0x13, 0x33, 0xEA, 0x0E, 0x80, 0x23, 0x02, 0x40, 0xEA, 0x0E, 0x74, 0x0E, 0xA0, 0xE7, 0x40,
  0xEA, 0x0E, 0x74, 0x0E, 0xA0, 0xE7, 0x40, 0xEA, 0x0E, 0x74, 0x0E, 0xA0, 0xE7, 0x40, 0xEA, 0x0E,
  0x74, 0x0E, 0xA0, 0xE7, 0x40, 0xEA, 0x0E, 0x74, 0x0E, 0xA0, 0xE7, 0x40, 0xEA, 0x0E, 0x74, 0x0E,
  0xA0, 0xE7, 0x40, 0xEA, 0x0E, 0x74, 0x0E, 0xB7, 0x40, 0xCB, 0x03, 0x73, 0x0A, 0xB0, 0xB7, 0x30,
  0x4C, 0x84, 0xC5, 0x34, 0x58, 0x50, 0xAF, 0x90, 0xE6, 0x0B, 0xF0, 0xE7, 0x86, 0x4A, 0xDE, 0xED,
  0xB6,
  // "u" (U+0075), RLE, 97 bytes saved (38.5%)
  0x08, 0xB0, 0x67, 0x40, 0x6B, 0x07, 0x08, 0xB0, 0x67, 0x40, 0x6B, 0x07, 0x08, 0xB0, 0x67, 0x40,
  0x6B, 0x07, 0x08, 0xB0, 0x67, 0x40, 0x6B, 0x07, 0x08, 0xB0, 0x67, 0x40, 0x6B, 0x07, 0x08, 0xB0,
  0x67, 0x40, 0x6B, 0x07, 0x08, 0xB0, 0x67, 0x40, 0x6B, 0x07, 0x08, 0xB0, 0x67, 0x40, 0x6B, 0x07,
  0x08, 0xB0, 0x67, 0x40, 0x6B, 0x07, 0x08, 0xB0, 0x67, 0x40, 0x6B, 0x07, 0x08, 0xB0, 0x67, 0x40,
  0x6B, 0x07, 0x08, 0xB0, 0x67, 0x40, 0x6B, 0x07, 0x08, 0xB0, 0x67, 0x40, 0x6B, 0x07, 0x08, 0xB0,
  0x67, 0x40, 0x7B, 0x07, 0x08, 0xB0, 0x67, 0x40, 0x8B, 0x07, 0x08, 0xB0, 0x67, 0x40, 0xBB, 0x00,
  0x7B, 0x07, 0x74, 0x0E, 0xB0, 0x70, 0x5B, 0x0A, 0x73, 0x05, 0xC0, 0x70, 0x2C, 0x02, 0x72, 0x0D,
  0xC8, 0x17, 0x0D, 0xB0, 0xC0, 0x16, 0x01, 0x0B, 0xD8, 0x17, 0x06, 0xC8, 0x6E, 0x84, 0x34, 0x69,
  0xEA, 0x0B, 0xB0, 0x72, 0x0B, 0xFD, 0x09, 0x01, 0xB0, 0x73, 0x09, 0xFA, 0x0E, 0x06, 0x20, 0xEA,
  0x07, 0x48, 0x90, 0x28, 0xBE, 0xFE, 0xDB, 0x61, 0x30, 0xCA, 0x07,
  // "v" (U+0076), RLE, 133 bytes saved (48.2%)
  0x0C, 0xB0, 0x47, 0x60, 0xEB, 0x02, 0x06, 0xB0, 0xA7, 0x50, 0x4B, 0x81, 0xC0, 0x1C, 0x75, 0x0A,
  0xB0, 0x62, 0x0A, 0xB0, 0x57, 0x4C, 0x01, 0x20, 0x5B, 0x0B, 0x73, 0x05, 0xB0, 0xA4, 0x0E, 0xB0,
  0x17, 0x20, 0xBB, 0x04, 0x40, 0x9B, 0x06, 0x71, 0x01, 0xB0, 0xE5, 0x03, 0xB0, 0xC7, 0x10, 0x6B,
  0x08, 0x60, 0xDB, 0x02, 0x70, 0xCB, 0x02, 0x60, 0x7B, 0x07, 0x60, 0x2B, 0x0C, 0x70, 0x1B, 0x0D,
  0x60, 0x7B, 0x06, 0x71, 0x0B, 0xB0, 0x35, 0x0D, 0xB0, 0x17, 0x10, 0x5B, 0x08, 0x40, 0x3B, 0x0A,
  0x73, 0x0E, 0xA0, 0xE4, 0x08, 0xB0, 0x47, 0x30, 0x9B, 0x04, 0x30, 0xEA, 0x0E, 0x74, 0x03, 0xB0,
  0x92, 0x03, 0xB0, 0x87, 0x50, 0xDA, 0x0E, 0x20, 0x9B, 0x02, 0x75, 0x07, 0xB8, 0x13, 0x0E, 0xA0,
  0xC7, 0x60, 0x1B, 0x08, 0x03, 0xB0, 0x67, 0x70, 0xBA, 0x0C, 0x08, 0xB0, 0x17, 0x70, 0x5B, 0x0D,
  0xA0, 0xA7, 0x72, 0x0E, 0xD0, 0x47, 0x72, 0x09, 0xC0, 0xE7, 0x73, 0x03, 0xC0, 0x87, 0x20,
  // "w" (U+0077), RLE, 163 bytes saved (40.0%)
  0x05, 0xB0, 0x97, 0x30, 0xEB, 0x09, 0x73, 0x0E, 0xA0, 0xE0, 0x1B, 0x0D, 0x72, 0x03, 0xC0, 0xD7,
  0x20, 0x3B, 0x81, 0xA0, 0xDB, 0x01, 0x71, 0x08, 0xD0, 0x37, 0x10, 0x7B, 0x81, 0x60, 0x8B, 0x05,
  0x71, 0x0D, 0xD0, 0x77, 0x10, 0xBB, 0x81, 0x20, 0x4B, 0x09, 0x70, 0x2B, 0x0A, 0xA0, 0xC7, 0x1B,
  0x0D, 0x3B, 0x0D, 0x70, 0x7A, 0x0D, 0x05, 0xB0, 0x16, 0x04, 0xB0, 0x93, 0x0B, 0xB0, 0x26, 0x0C,
  0xA0, 0xA0, 0x2B, 0x06, 0x60, 0x8B, 0x04, 0x30, 0x7B, 0x06, 0x50, 0x1B, 0x81, 0x60, 0xDA, 0x0A,
  0x60, 0xCB, 0x40, 0x3B, 0x0A, 0x50, 0x6B, 0x81, 0x20, 0x9A, 0x0E, 0x6B, 0x0C, 0x50, 0xEA, 0x0E,
  0x50, 0xBA, 0x0D, 0x20, 0x4B, 0x04, 0x40, 0x4B, 0x07, 0x50, 0xAB, 0x02, 0x4B, 0x09, 0x3B, 0x09,
  0x40, 0x8B, 0x03, 0x50, 0x6B, 0x06, 0x30, 0x5B, 0x04, 0x30, 0xBA, 0x0D, 0x40, 0xCA, 0x0E, 0x60,
  0x2B, 0x0A, 0x30, 0x9A, 0x0E, 0x40, 0x6B, 0x02, 0x20, 0x1B, 0x0A, 0x70, 0xDA, 0x0E, 0x30, 0xEA,
  0x0A, 0x40, 0x2B, 0x07, 0x20, 0x5B, 0x06, 0x70, 0x9B, 0x81, 0x20, 0x3B, 0x05, 0x50, 0xDA, 0x0C,
  0x20, 0x8B, 0x02, 0x70, 0x5B, 0x81, 0x50, 0x7B, 0x60, 0x8B, 0x81, 0x10, 0xCA, 0x0D, 0x71, 0x01,
  0xB8, 0x19, 0x0B, 0xA0, 0xB6, 0x03, 0xB0, 0x50, 0x1B, 0x09, 0x72, 0x0C, 0xA8, 0x1C, 0x0E, 0xA0,
  0x67, 0x0E, 0xA0, 0x90, 0x4B, 0x04, 0x72, 0x08, 0xB0, 0x3B, 0x01, 0x70, 0x9A, 0x0C, 0x07, 0xB7,
  0x30, 0x4B, 0x09, 0xA0, 0xB7, 0x10, 0x5B, 0x0B, 0xA0, 0xC7, 0x40, 0xED, 0x07, 0x72, 0xE0, 0x77,
  0x40, 0xBD, 0x02, 0x72, 0x0B, 0xD0, 0x37, 0x40, 0x7C, 0x0C, 0x73, 0x06, 0xC0, 0xE7, 0x50, 0x2C,
  0x08, 0x73, 0x02, 0xC0, 0xA6,
  // "x" (U+0078), RLE, 118 bytes saved (44.7%)
  0x07, 0xB0, 0xD7, 0x40, 0xAB, 0x0A, 0x20, 0xBB, 0x09, 0x72, 0x04, 0xB0, 0xE0, 0x12, 0x02, 0x0E,
  0xB0, 0x47, 0x01, 0x0E, 0xB0, 0x44, 0x06, 0xB0, 0xD7, 0x09, 0xB0, 0x96, 0x0A, 0xB0, 0x95, 0x04,
  0xB0, 0xD7, 0x01, 0x0E, 0xB0, 0x43, 0x01, 0x0D, 0xB0, 0x37, 0x10, 0x4B, 0x0D, 0x30, 0x9B, 0x08,
  0x73, 0x09, 0xB8, 0x19, 0x04, 0xB0, 0xC7, 0x50, 0xDB, 0x05, 0x0D, 0xB0, 0x27, 0x50, 0x3F, 0x07,
  0x77, 0x08, 0xD0, 0xB7, 0x72, 0x0D, 0xC0, 0x27, 0x71, 0x03, 0xD0, 0x67, 0x71, 0x0D, 0xE0, 0x27,
  0x60, 0x9B, 0x0C, 0xB0, 0xC7, 0x50, 0x4B, 0x81, 0xD0, 0x9B, 0x08, 0x73, 0x01, 0x0E, 0xB8, 0x23,
  0x01, 0xDB, 0x03, 0x72, 0x0A, 0xB0, 0x83, 0x04, 0xB0, 0xD7, 0x10, 0x5B, 0x0D, 0x50, 0x9B, 0x09,
  0x60, 0x10, 0xEB, 0x03, 0x60, 0xDB, 0x05, 0x50, 0xBB, 0x08, 0x70, 0x4B, 0x0E, 0x01, 0x30, 0x7B,
  0x0C, 0x72, 0x09, 0xB0, 0xB2, 0x02, 0xC0, 0x27, 0x30, 0xDB, 0x81, 0x60, 0xCB, 0x07, 0x74, 0x04,
  0xC0, 0x20,
  // "y" (U+0079), RLE, 211 bytes saved (52.4%)
  0x0B, 0xB0, 0x57, 0x60, 0xDB, 0x03, 0x05, 0xB0, 0xB7, 0x50, 0x3B, 0x0D, 0x20, 0xEB, 0x01, 0x74,
  0x09, 0xB0, 0x72, 0x09, 0xB0, 0x77, 0x40, 0xEB, 0x02, 0x20, 0x3B, 0x0D, 0x73, 0x04, 0xB0, 0xC4,
  0x0C, 0xB0, 0x37, 0x20, 0xAB, 0x06, 0x40, 0x6B, 0x08, 0x72, 0x0E, 0xB0, 0x14, 0x01, 0xB0, 0xE7,
  0x10, 0x5B, 0x0A, 0x60, 0xAB, 0x04, 0x70, 0xAB, 0x04, 0x60, 0x3B, 0x0A, 0x60, 0x1B, 0x0E, 0x71,
  0x0D, 0xB0, 0x15, 0x05, 0xB0, 0x87, 0x10, 0x7B, 0x06, 0x50, 0xBB, 0x03, 0x71, 0x01, 0xB0, 0xC4,
  0x01, 0xB0, 0xC7, 0x30, 0xAB, 0x02, 0x30, 0x6B, 0x07, 0x73, 0x04, 0xB0, 0x73, 0x0B, 0xB0, 0x17,
  0x40, 0xDA, 0x0D, 0x20, 0x1B, 0x0B, 0x75, 0x08, 0xB8, 0x12, 0x06, 0xB0, 0x57, 0x50, 0x2B, 0x81,
  0x70, 0xBA, 0x0E, 0x77, 0x0B, 0xA0, 0xC1, 0xB0, 0x97, 0x70, 0x5B, 0x05, 0xB0, 0x37, 0x71, 0x0E,
  0xA0, 0xDA, 0x0D, 0x77, 0x20, 0x9D, 0x07, 0x77, 0x20, 0x2D, 0x02, 0x77, 0x30, 0xCB, 0x0B, 0x77,
  0x40, 0x8B, 0x06, 0x77, 0x40, 0xDB, 0x77, 0x40, 0x4B, 0x0A, 0x77, 0x40, 0xAB, 0x04, 0x77, 0x30,
  0x2B, 0x0D, 0x77, 0x40, 0xBB, 0x06, 0x77, 0x30, 0x8B, 0x0D, 0x75, 0x84, 0x35, 0x33, 0x6C, 0xC0,
  0x47, 0x50, 0x8F, 0x90, 0x77, 0x60, 0x8F, 0x07, 0x77, 0x86, 0x5C, 0xEF, 0xEC, 0x82, 0x77, 0x10,
  // "z" (U+007A), RLE, 123 bytes saved (56.9%)
  0x10, 0x8F, 0xF9, 0x81, 0xA0, 0x8F, 0xF9, 0x81, 0xA0, 0x8F, 0xF9, 0x81, 0xA0, 0x18, 0x07, 0x30,
  0xDB, 0x05, 0x75, 0x07, 0xB0, 0xA7, 0x50, 0x3B, 0x0D, 0x01, 0x75, 0x0D, 0xB0, 0x47, 0x50, 0x9B,
  0x08, 0x75, 0x05, 0xB0, 0xC7, 0x50, 0x10, 0xEB, 0x02, 0x75, 0x0B, 0xB0, 0x67, 0x50, 0x6B, 0x0B,
  0x75, 0x02, 0xB0, 0xE0, 0x17, 0x50, 0xCB, 0x04, 0x75, 0x08, 0xB0, 0x97, 0x50, 0x3B, 0x0D, 0x76,
  0x0D, 0xB0, 0x37, 0x50, 0xAB, 0x07, 0x75, 0x05, 0xB0, 0xB7, 0x50, 0x10, 0xEA, 0x0E, 0x01, 0x75,
  0x0B, 0xB0, 0x88, 0x09, 0x03, 0x04, 0xFF, 0xB0, 0x4F, 0xFB, 0x04, 0xFF, 0xB0,
  // "{" (U+007B), RLE, 144 bytes saved (49.1%)
  0x72, 0x84, 0x16, 0xAD, 0xE4, 0x71, 0x08, 0xD0, 0x47, 0x0B, 0xE0, 0x46, 0x08, 0xC8, 0x2C, 0x74,
  0x16, 0x0E, 0xB0, 0x77, 0x20, 0x3B, 0x0C, 0x73, 0x05, 0xB0, 0x77, 0x30, 0x6B, 0x06, 0x73, 0x06,
  0xB0, 0x67, 0x30, 0x6B, 0x06, 0x73, 0x06, 0xB0, 0x67, 0x30, 0x6B, 0x06, 0x73, 0x06, 0xB0, 0x67,
  0x30, 0x6B, 0x06, 0x73, 0x07, 0xB0, 0x57, 0x30, 0xBB, 0x03, 0x72, 0x06, 0xB0, 0xC6, 0x82, 0x24,
  0x7C, 0xB0, 0xE0, 0x36, 0x0B, 0xD0, 0xA0, 0x27, 0x0B, 0xB0, 0xD0, 0x57, 0x20, 0xBD, 0x0E, 0x05,
  0x71, 0x81, 0x13, 0x9C, 0x06, 0x73, 0x03, 0xB0, 0xE7, 0x40, 0xAB, 0x04, 0x73, 0x07, 0xB0, 0x67,
  0x30, 0x6B, 0x06, 0x73, 0x06, 0xB0, 0x67, 0x30, 0x6B, 0x06, 0x73, 0x06, 0xB0, 0x67, 0x30, 0x6B,
  0x06, 0x73, 0x06, 0xB0, 0x67, 0x30, 0x6B, 0x07, 0x73, 0x04, 0xB0, 0x97, 0x30, 0x1C, 0x02, 0x73,
  0x0B, 0xB8, 0x1E, 0x72, 0x71, 0x02, 0x0E, 0xE0, 0x47, 0x03, 0x0D, 0xD0, 0x47, 0x28, 0x15, 0xBE,
  0xA0, 0x47, 0x58, 0x11, 0x21,
  // "|" (U+007C), uncompressed
  0x7F, 0xFB, 0x7F, 0xFB, 0x7F, 0xFB, 0x7F, 0xFB, 0x7F, 0xFB, 0x7F, 0xFB, 0x7F, 0xFB, 0x7F, 0xFB,
  0x7F, 0xFB, 0x7F, 0xFB, 0x7F, 0xFB, 0x7F, 0xFB, 0x7F, 0xFB, 0x7F, 0xFB, 0x7F, 0xFB, 0x7F, 0xFB,
  0x7F, 0xFB, 0x7F, 0xFB, 0x7F, 0xFB, 0x7F, 0xFB, 0x7F, 0xFB, 0x7F, 0xFB, 0x7F, 0xFB, 0x7F, 0xFB,
  0x7F, 0xFB, 0x7F, 0xFB, 0x7F, 0xFB, 0x7F, 0xFB, 0x7F, 0xFB, 0x7F, 0xFB, 0x7F, 0xFB, 0x7F, 0xFB,
  0x7F, 0xFB, 0x7F, 0xFB, 0x7F, 0xFB, 0x7F, 0xFB, 0x7F, 0xFB, 0x7F, 0xFB, 0x7F, 0xFB, 0x7F, 0xFB,
  0x7F, 0xFB, 0x7F, 0xFB, 0x7F, 0xFB, 0x7F, 0xFB,
  // "}" (U+007D), RLE, 147 bytes saved (50.2%)
  0x83, 0x9E, 0xDA, 0x57, 0x30, 0x9C, 0x0E, 0x06, 0x71, 0x09, 0xE0, 0x87, 0x82, 0x24, 0x7D, 0xC0,
  0x47, 0x30, 0xAB, 0x0A, 0x73, 0x01, 0xB0, 0xE7, 0x40, 0xCB, 0x01, 0x73, 0x0B, 0xB0, 0x17, 0x30,
  0xAB, 0x01, 0x73, 0x0A, 0xB0, 0x17, 0x30, 0xAB, 0x01, 0x73, 0x0A, 0xB0, 0x17, 0x30, 0xAB, 0x01,
  0x73, 0x0A, 0xB0, 0x27, 0x30, 0xAB, 0x03, 0x73, 0x07, 0xB0, 0x77, 0x30, 0x2B, 0x0E, 0x03, 0x73,
  0x06, 0xC8, 0x2A, 0x64, 0x17, 0x04, 0x0C, 0xD0, 0x77, 0x10, 0x10, 0x7C, 0x07, 0x70, 0x8E, 0x07,
  0x60, 0xAB, 0x81, 0xD7, 0x27, 0x04, 0xB0, 0xD0, 0x17, 0x20, 0x8B, 0x05, 0x73, 0x0A, 0xB0, 0x27,
  0x30, 0xAB, 0x01, 0x73, 0x0A, 0xB0, 0x17, 0x30, 0xAB, 0x01, 0x73, 0x0A, 0xB0, 0x17, 0x30, 0xAB,
  0x01, 0x73, 0x0A, 0xB0, 0x17, 0x30, 0xBB, 0x01, 0x73, 0x0E, 0xB7, 0x30, 0x7B, 0x0C, 0x78, 0x11,
  0x4A, 0xC0, 0x66, 0x09, 0xE0, 0xB7, 0x09, 0xD0, 0x97, 0x10, 0x9A, 0x81, 0xD9, 0x37, 0x28, 0x11,
  0x21, 0x75,
  // "~" (U+007E), RLE, 19 bytes saved (30.2%)
  0x28, 0x64, 0xAD, 0xFE, 0xC8, 0x37, 0x38, 0x17, 0x0A, 0xF9, 0x0C, 0x06, 0x68, 0x21, 0xBE, 0xAF,
  0xC8, 0x90, 0xE9, 0x64, 0x48, 0xEF, 0xEC, 0xA8, 0x49, 0x53, 0x59, 0xDF, 0xC0, 0xFC, 0x02, 0x60,
  0x50, 0xBF, 0x98, 0x1B, 0x17, 0x73, 0x86, 0x27, 0xBE, 0xFE, 0xB5, 0x20,
  // "¡" (U+00A1), RLE, 15 bytes saved (15.6%)
  0x18, 0x49, 0xED, 0x70, 0x7C, 0x04, 0x0B, 0xC0, 0x80, 0xBC, 0x00, 0x8C, 0x84, 0x50, 0x9E, 0xE7,
  0x77, 0x60, 0x7A, 0x02, 0x20, 0x7A, 0x03, 0x20, 0x8A, 0x03, 0x20, 0x9A, 0x04, 0x20, 0x9A, 0x05,
  0x20, 0xAA, 0x06, 0x20, 0xBA, 0x06, 0x20, 0xCA, 0x07, 0x20, 0xCA, 0x08, 0x20, 0xDA, 0x09, 0x20,
  0xEA, 0x09, 0x2B, 0x0A, 0x2B, 0x81, 0xB0, 0x1B, 0x81, 0xC0, 0x1B, 0x81, 0xC0, 0x2B, 0x81, 0xD0,
  0x3B, 0x81, 0xE0, 0x4C, 0x10, 0x4C, 0x10, 0x5C, 0x01, 0x06, 0xC0, 0x10, 0x7C, 0x02, 0x07, 0xC0,
  0x30,
  // "¢" (U+00A2), RLE, 151 bytes saved (54.1%)
  0x71, 0x07, 0xA0, 0x87, 0x70, 0x7A, 0x08, 0x75, 0x81, 0x37, 0xDB, 0x83, 0xED, 0xA6, 0x15, 0x03,
  0x0C, 0xFC, 0x02, 0x30, 0x8F, 0xD0, 0xE3, 0x07, 0xC8, 0x90, 0xE9, 0x54, 0x46, 0xAE, 0xF9, 0x20,
  0x3C, 0x0A, 0x01, 0x70, 0x50, 0x32, 0x0B, 0xB0, 0xB7, 0x50, 0x1C, 0x02, 0x75, 0x06, 0xB0, 0xB7,
  0x60, 0x9B, 0x06, 0x76, 0x0C, 0xB0, 0x37, 0x60, 0xEB, 0x01, 0x76, 0xC7, 0x7C, 0x77, 0xC7, 0x70,
  0xEB, 0x77, 0x0D, 0xB0, 0x27, 0x60, 0xAB, 0x05, 0x76, 0x07, 0xB0, 0xA7, 0x60, 0x3B, 0x0E, 0x01,
  0x76, 0x0C, 0xB0, 0xA7, 0x60, 0x5C, 0x09, 0x71, 0x01, 0x05, 0x30, 0xAC, 0x89, 0x0E, 0x85, 0x33,
  0x47, 0xBF, 0xE4, 0x0B, 0xFD, 0x0E, 0x50, 0x60, 0xEF, 0xB0, 0xD7, 0x81, 0x5A, 0xEB, 0x82, 0xED,
  0xA4, 0x73, 0x07, 0xA0, 0x77, 0x70, 0x7A, 0x07, 0x77, 0x07, 0xA0, 0x77, 0x70, 0x7A, 0x07, 0x60,
  // "£" (U+00A3), RLE, 209 bytes saved (58.5%)
  0x72, 0x89, 0x03, 0x9C, 0xEF, 0xED, 0xB8, 0x57, 0x40, 0x20, 0xCF, 0xC0, 0x90, 0x27, 0x04, 0xFF,
  0x02, 0x60, 0x10, 0xEB, 0x86, 0xE8, 0x53, 0x45, 0x8C, 0xA0, 0xB7, 0x09, 0xB0, 0xC0, 0x17, 0x81,
  0x28, 0x37, 0x0E, 0xB0, 0x27, 0x73, 0x01, 0xB0, 0xD7, 0x74, 0x03, 0xB0, 0xA7, 0x74, 0x03, 0xB0,
  0x97, 0x74, 0x03, 0xB0, 0x97, 0x74, 0x03, 0xB0, 0x97, 0x74, 0x03, 0xB0, 0x97, 0x74, 0x03, 0xB0,
  0x97, 0x78, 0x31, 0x33, 0x36, 0xB0, 0xB8, 0x04, 0x30, 0x25, 0x07, 0xFF, 0xA0, 0x95, 0x07, 0xFF,
  0xA0, 0x95, 0x07, 0xFF, 0xA0, 0x97, 0x20, 0x3B, 0x09, 0x77, 0x40, 0x3B, 0x09, 0x77, 0x40, 0x3B,
  0x09, 0x77, 0x40, 0x3B, 0x09, 0x77, 0x40, 0x3B, 0x09, 0x77, 0x40, 0x4B, 0x09, 0x77, 0x40, 0x6B,
  0x07, 0x77, 0x40, 0x9B, 0x04, 0x77, 0x30, 0x10, 0xEA, 0x0C, 0x77, 0x30, 0x10, 0xCA, 0x0E, 0x02,
  0x77, 0x20, 0x60, 0xDA, 0x0E, 0x05, 0x80, 0x93, 0x30, 0x10, 0x9F, 0xFF, 0x08, 0x09, 0xFF, 0xF0,
  0x80, 0x9F, 0xFF, 0x08,
  // "¤" (U+00A4), RLE, 74 bytes saved (32.0%)
  0x20, 0x17, 0x71, 0x01, 0x38, 0x12, 0xD7, 0x76, 0x84, 0x5E, 0x20, 0x1D, 0xA0, 0x72, 0x85, 0x5A,
  0xEF, 0xEB, 0x52, 0x05, 0xA8, 0x2E, 0x20, 0xCB, 0x08, 0x0C, 0xF0, 0xD0, 0x7B, 0x83, 0xD1, 0x01,
  0xEF, 0xF9, 0x0E, 0x02, 0x30, 0x30, 0xEC, 0x84, 0xA5, 0x35, 0x9E, 0xC0, 0x45, 0x0A, 0xA0, 0xD0,
  0x35, 0x01, 0x0C, 0xA0, 0xC5, 0x02, 0xA0, 0xE0, 0x27, 0x10, 0xDA, 0x04, 0x40, 0x9A, 0x07, 0x72,
  0x04, 0xA0, 0xB4, 0x0D, 0xA0, 0x17, 0x30, 0xEA, 0x4B, 0x74, 0x0B, 0xA0, 0x23, 0xA0, 0xE7, 0x40,
  0xBA, 0x02, 0x30, 0xEA, 0x01, 0x73, 0x0E, 0xA0, 0x13, 0x0A, 0xA0, 0x77, 0x20, 0x4A, 0x0D, 0x40,
  0x4A, 0x0E, 0x02, 0x71, 0x0D, 0xA0, 0x75, 0x0C, 0xA0, 0xD0, 0x35, 0x01, 0x0C, 0xA0, 0xE0, 0x14,
  0x01, 0x0D, 0xC8, 0x4A, 0x53, 0x58, 0xEB, 0x0E, 0x02, 0x40, 0xCF, 0xF9, 0x0D, 0x01, 0x20, 0xBB,
  0x09, 0x0D, 0xF0, 0xD0, 0x9B, 0x82, 0xC0, 0x1D, 0xA0, 0x72, 0x85, 0x6B, 0xEF, 0xEB, 0x62, 0x06,
  0xA8, 0x4E, 0x20, 0x2D, 0x87, 0x68, 0x17, 0xE3, 0x30, 0x17, 0x71, 0x01, 0x20,
  // "¥" (U+00A5), RLE, 216 bytes saved (55.7%)
  0x02, 0xB0, 0xE7, 0x71, 0x0C, 0xB8, 0x13, 0x08, 0xB0, 0x77, 0x60, 0x5B, 0x09, 0x20, 0x10, 0xEA,
  0x0E, 0x76, 0x0D, 0xB0, 0x13, 0x07, 0xB0, 0x77, 0x40, 0x5B, 0x08, 0x50, 0xDA, 0x0E, 0x01, 0x73,
  0x0D, 0xA0, 0xE6, 0x05, 0xB0, 0x77, 0x20, 0x6B, 0x06, 0x70, 0xCA, 0x0E, 0x01, 0x71, 0x0D, 0xA0,
  0xD7, 0x10, 0x4B, 0x08, 0x70, 0x6B, 0x05, 0x72, 0x0B, 0xA0, 0xE0, 0x16, 0x0D, 0xA0, 0xB7, 0x30,
  0x3B, 0x08, 0x50, 0x7B, 0x03, 0x74, 0x09, 0xA0, 0xE0, 0x14, 0x0E, 0xA0, 0xA7, 0x50, 0x1B, 0x08,
  0x30, 0x7B, 0x02, 0x76, 0x08, 0xB0, 0x12, 0x0E, 0xA0, 0x87, 0x70, 0x10, 0xEA, 0x81, 0x90, 0x7A,
  0x0E, 0x01, 0x77, 0x10, 0x7B, 0x03, 0x0E, 0xA0, 0x77, 0x73, 0x0D, 0xA0, 0xEA, 0x0D, 0x76, 0xFF,
  0xB0, 0x17, 0xFF, 0xB0, 0x17, 0xFF, 0xB0, 0x17, 0x80, 0x23, 0x07, 0xB0, 0x88, 0x02, 0x37, 0x70,
  0x5B, 0x06, 0x77, 0x80, 0x23, 0x07, 0xB0, 0x88, 0x02, 0x37, 0x1F, 0xFB, 0x01, 0x7F, 0xFB, 0x01,
  0x7F, 0xFB, 0x01, 0x76, 0x05, 0xB0, 0x67, 0x76, 0x05, 0xB0, 0x67, 0x76, 0x05, 0xB0, 0x67, 0x76,
  0x05, 0xB0, 0x67, 0x76, 0x05, 0xB0, 0x67, 0x76, 0x05, 0xB0, 0x67, 0x30,
  // "¦" (U+00A6), uncompressed
  0x7F, 0xFB, 0x7F, 0xFB, 0x7F, 0xFB, 0x7F, 0xFB, 0x7F, 0xFB, 0x7F, 0xFB, 0x7F, 0xFB, 0x7F, 0xFB,
  0x7F, 0xFB, 0x7F, 0xFB, 0x7F, 0xFB, 0x7F, 0xFB, 0x7F, 0xFB, 0x7F, 0xFB, 0x7F, 0xFB, 0x7F, 0xFB,
  0x7F, 0xFB, 0x00, 0x00, 0x00, 0x00, 0x00, 0x00, 0x00, 0x00, 0x00, 0x00, 0x00, 0x00, 0x00, 0x00,
  0x00, 0x00, 0x00, 0x00, 0x00, 0x00, 0x7F, 0xFB, 0x7F, 0xFB, 0x7F, 0xFB, 0x7F, 0xFB, 0x7F, 0xFB,
  0x7F, 0xFB, 0x7F, 0xFB, 0x7F, 0xFB, 0x7F, 0xFB, 0x7F, 0xFB, 0x7F, 0xFB, 0x7F, 0xFB, 0x7F, 0xFB,
  0x7F, 0xFB, 0x7F, 0xFB, 0x7F, 0xFB, 0x7F, 0xFB,
  // "§" (U+00A7), RLE, 118 bytes saved (38.6%)
  0x48, 0x92, 0x16, 0xAD, 0xEF, 0xEE, 0xC9, 0x51, 0x50, 0x8F, 0xD0, 0xA0, 0x12, 0x0A, 0xFE, 0x0E,
  0x20, 0x5B, 0x87, 0xE9, 0x53, 0x34, 0x58, 0xCA, 0x08, 0x20, 0xBB, 0x02, 0x71, 0x81, 0x28, 0x22,
  0x0D, 0xA0, 0xB7, 0x70, 0xCA, 0x0D, 0x77, 0x09, 0xB0, 0x87, 0x60, 0x2C, 0x0C, 0x04, 0x75, 0x06,
  0xD8, 0x1D, 0x71, 0x73, 0x04, 0x0E, 0xE0, 0xA0, 0x47, 0x10, 0x7F, 0xA0, 0xC0, 0x35, 0x09, 0xB8,
  0x29, 0x48, 0xED, 0x07, 0x30, 0x5B, 0x04, 0x40, 0x40, 0xCC, 0x08, 0x20, 0xCA, 0x09, 0x70, 0x6C,
  0x02, 0x1B, 0x05, 0x71, 0x05, 0xB0, 0x71, 0xB0, 0x57, 0x20, 0xDA, 0x81, 0x90, 0xEA, 0x0A, 0x72,
  0x0B, 0xA8, 0x19, 0x0A, 0xB0, 0x77, 0x10, 0xDA, 0x81, 0x70, 0x3C, 0x0B, 0x03, 0x50, 0x5B, 0x02,
  0x20, 0x5D, 0x0B, 0x05, 0x20, 0x40, 0xEA, 0x09, 0x40, 0x20, 0xCD, 0x0E, 0x0B, 0xB0, 0xB7, 0x04,
  0x0B, 0xF0, 0xB7, 0x38, 0x12, 0x8E, 0xD0, 0x87, 0x50, 0x50, 0xCC, 0x09, 0x76, 0x06, 0xC0, 0x27,
  0x60, 0x6B, 0x07, 0x76, 0x01, 0xB0, 0x97, 0x60, 0x3B, 0x82, 0x85, 0x94, 0x72, 0x01, 0x0D, 0xB0,
  0x40, 0x6A, 0x89, 0x0E, 0xA7, 0x54, 0x34, 0x59, 0xEB, 0x81, 0xC0, 0x6F, 0xF8, 0x3D, 0x20, 0x3C,
  0xFD, 0x09, 0x01, 0x48, 0x33, 0x7A, 0xDE, 0xA8, 0x3E, 0xDA, 0x61, 0x40,
  // "¨" (U+00A8), RLE, 2 bytes saved (7.7%)
  0x18, 0x2A, 0xEC, 0x24, 0x83, 0x7E, 0xD4, 0x5B, 0x09, 0x30, 0x1B, 0x0D, 0x05, 0xB0, 0x93, 0x01,
  0xB8, 0x4C, 0x0A, 0xEC, 0x14, 0x82, 0x7E, 0xD4,
  // "©" (U+00A9), RLE, 225 bytes saved (41.3%)
  0x77, 0x82, 0x11, 0x21, 0x77, 0x74, 0x82, 0x38, 0xBE, 0xD8, 0x1D, 0x95, 0x77, 0x50, 0x40, 0xCF,
  0xD0, 0xE0, 0x77, 0x71, 0x02, 0x0B, 0xB8, 0x2C, 0x74, 0x13, 0x82, 0x25, 0x9E, 0xA0, 0xE0, 0x67,
  0x50, 0x40, 0xEA, 0x0A, 0x02, 0x74, 0x07, 0x0E, 0xA0, 0x97, 0x30, 0x5A, 0x0E, 0x04, 0x77, 0x01,
  0x0B, 0xA0, 0xB7, 0x10, 0x3A, 0x0C, 0x01, 0x77, 0x30, 0x8A, 0x0A, 0x68, 0x31, 0xEF, 0xD1, 0x68,
  0x74, 0xAD, 0xEF, 0xDB, 0x61, 0x40, 0x8A, 0x07, 0x50, 0x9A, 0x03, 0x50, 0x10, 0xCF, 0x90, 0xE0,
  0x44, 0x0B, 0xA0, 0x23, 0x02, 0xA0, 0x85, 0x02, 0x0E, 0xFB, 0x01, 0x40, 0x1A, 0x0A, 0x38, 0x19,
  0xFE, 0x60, 0xDB, 0x86, 0xD7, 0x43, 0x59, 0xEA, 0x60, 0x9A, 0x02, 0x28, 0x1E, 0xF8, 0x50, 0x7B,
  0x0A, 0x60, 0x10, 0x26, 0x01, 0xA8, 0x18, 0x04, 0xA0, 0x35, 0x0E, 0xA0, 0xC7, 0x72, 0x83, 0xBF,
  0xD0, 0x8A, 0x50, 0x3B, 0x05, 0x77, 0x20, 0x7A, 0x82, 0x1A, 0xFC, 0x50, 0x7B, 0x77, 0x30, 0x4A,
  0x82, 0x4C, 0xFA, 0x50, 0x8A, 0x0C, 0x77, 0x30, 0x2A, 0x82, 0x5C, 0xFA, 0x50, 0xAA, 0x0B, 0x77,
  0x30, 0x1A, 0x82, 0x6C, 0xFA, 0x50, 0xAA, 0x0B, 0x77, 0x30, 0x1A, 0x82, 0x6B, 0xFB, 0x50, 0x9A,
  0x0C, 0x77, 0x30, 0x2A, 0x82, 0x5A, 0xFD, 0x50, 0x7B, 0x77, 0x30, 0x4A, 0x04, 0x07, 0xA0, 0x14,
  0x04, 0xB0, 0x37, 0x72, 0x07, 0xA0, 0x10, 0x4A, 0x05, 0x50, 0xEA, 0x0A, 0x77, 0x28, 0x1B, 0xFD,
  0x28, 0x1E, 0xFB, 0x50, 0x9B, 0x07, 0x77, 0x02, 0xA0, 0x82, 0x08, 0xA0, 0x34, 0x01, 0x0E, 0xB8,
  0x6B, 0x64, 0x35, 0x8C, 0xB6, 0x0A, 0xA0, 0x22, 0x82, 0x1E, 0xFB, 0x50, 0x4F, 0xB0, 0xB5, 0x02,
  0xA0, 0xA4, 0x08, 0xA0, 0x75, 0x04, 0x0D, 0xF9, 0x0B, 0x50, 0xDA, 0x02, 0x50, 0xDA, 0x04, 0x68,
  0x66, 0xAD, 0xEF, 0xDA, 0x45, 0x0A, 0xA0, 0x76, 0x02, 0x0E, 0xA0, 0x57, 0x73, 0x0B, 0xA0, 0xA7,
  0x10, 0x40, 0xEA, 0x08, 0x77, 0x03, 0x0D, 0xA0, 0xB7, 0x30, 0x20, 0xDA, 0x0E, 0x06, 0x73, 0x02,
  0x0A, 0xB0, 0x97, 0x50, 0x10, 0x9B, 0x89, 0x0E, 0xA6, 0x43, 0x23, 0x58, 0xCB, 0x0D, 0x05, 0x77,
  0x10, 0x20, 0xAF, 0xD0, 0xD0, 0x67, 0x75, 0x83, 0x15, 0x9C, 0xEA, 0x83, 0xED, 0xB8, 0x47, 0x40,
  // "ª" (U+00AA), RLE, 15 bytes saved (15.3%)
  0x28, 0x74, 0x8B, 0xDE, 0xDC, 0x82, 0x30, 0x8F, 0xA0, 0x52, 0x86, 0x1F, 0xB5, 0x10, 0x17, 0xA0,
  0xE0, 0x12, 0x01, 0x60, 0x7A, 0x05, 0x72, 0x03, 0xA0, 0x77, 0x20, 0x2A, 0x08, 0x38, 0x26, 0xAC,
  0xD0, 0xFE, 0xA8, 0x28, 0x04, 0xEF, 0xA8, 0x18, 0x1E, 0xA0, 0x80, 0x33, 0x02, 0xA0, 0x80, 0x7A,
  0x09, 0x50, 0x3A, 0x00, 0x8A, 0x04, 0x50, 0x6A, 0x08, 0x07, 0xA0, 0x55, 0x0D, 0xA0, 0x80, 0x3A,
  0x0C, 0x02, 0x20, 0x30, 0xBB, 0x81, 0x80, 0xAF, 0x82, 0x8E, 0xF8, 0x28, 0x91, 0x7C, 0xFE, 0xD9,
  0x20, 0x7C, 0x60,
  // "«" (U+00AB), RLE, 60 bytes saved (31.6%)
  0x70, 0x10, 0x77, 0x03, 0x06, 0x72, 0x82, 0xCF, 0xD5, 0x48, 0x32, 0xEF, 0xC3, 0x60, 0xAB, 0x06,
  0x30, 0x10, 0xDA, 0x0E, 0x03, 0x50, 0x8B, 0x09, 0x40, 0xBB, 0x05, 0x50, 0x5B, 0x0B, 0x40, 0x9B,
  0x08, 0x50, 0x3B, 0x0D, 0x01, 0x30, 0x7B, 0x0A, 0x50, 0x10, 0xEA, 0x0E, 0x02, 0x30, 0x4B, 0x0C,
  0x60, 0xCB, 0x04, 0x30, 0x30, 0xEA, 0x0E, 0x02, 0x50, 0xAB, 0x07, 0x30, 0x10, 0xDB, 0x04, 0x50,
  0x2B, 0x0E, 0x40, 0x7B, 0x0B, 0x70, 0x8B, 0x0A, 0x40, 0xCB, 0x06, 0x70, 0xBB, 0x07, 0x30, 0x10,
  0xDB, 0x04, 0x70, 0xCB, 0x04, 0x30, 0x30, 0xEA, 0x0E, 0x02, 0x60, 0x20, 0xEA, 0x0E, 0x02, 0x30,
  0x4B, 0x0C, 0x70, 0x3B, 0x0D, 0x01, 0x30, 0x7B, 0x0A, 0x70, 0x5B, 0x0B, 0x40, 0x9B, 0x08, 0x70,
  0x8B, 0x08, 0x40, 0xBB, 0x05, 0x78, 0x2A, 0xFB, 0x24, 0x83, 0x1D, 0xF9, 0x17, 0x10, 0x47, 0x02,
  0x03, 0x20,
  // "¬" (U+00AC), RLE, 86 bytes saved (62.8%)
  0x02, 0x80, 0xA0, 0x30, 0xCF, 0xFD, 0x0D, 0x0C, 0xFF, 0xD0, 0xD0, 0xCF, 0xFD, 0x0D, 0x77, 0x30,
  0x3A, 0x0D, 0x77, 0x30, 0x3A, 0x0D, 0x77, 0x30, 0x3A, 0x0D, 0x77, 0x30, 0x3A, 0x0D, 0x77, 0x30,
  0x3A, 0x0D, 0x77, 0x30, 0x3A, 0x0D, 0x77, 0x30, 0x3A, 0x0D, 0x77, 0x30, 0x3A, 0x0D, 0x77, 0x38,
  0x21, 0x77, 0x60,
  // "®" (U+00AE), RLE, 199 bytes saved (36.5%)
  0x77, 0x82, 0x11, 0x21, 0x77, 0x74, 0x82, 0x38, 0xBE, 0xD8, 0x1D, 0x95, 0x77, 0x50, 0x40, 0xCF,
  0xD0, 0xE0, 0x77, 0x71, 0x02, 0x0B, 0xB8, 0x2C, 0x74, 0x13, 0x82, 0x25, 0x9E, 0xA0, 0xE0, 0x67,
  0x50, 0x40, 0xEA, 0x0A, 0x02, 0x74, 0x07, 0x0E, 0xA0, 0x97, 0x30, 0x5A, 0x0E, 0x04, 0x77, 0x01,
  0x0B, 0xA0, 0xB7, 0x10, 0x3A, 0x0C, 0x01, 0x77, 0x30, 0x8A, 0x0A, 0x68, 0x31, 0xEF, 0xD1, 0x30,
  0xBE, 0x82, 0xDB, 0x71, 0x50, 0x8A, 0x07, 0x50, 0x9A, 0x03, 0x40, 0xBF, 0xA0, 0xE0, 0x35, 0x0B,
  0xA0, 0x23, 0x02, 0xA0, 0x85, 0x0B, 0xFB, 0x0E, 0x01, 0x40, 0x1A, 0x0A, 0x38, 0x19, 0xFE, 0x60,
  0xBA, 0x84, 0xB3, 0x34, 0x6C, 0xB0, 0x75, 0x09, 0xA0, 0x22, 0x81, 0xEF, 0x86, 0x0B, 0xA0, 0x94,
  0x01, 0x0D, 0xA0, 0xB5, 0x01, 0xA8, 0x18, 0x04, 0xA0, 0x36, 0x0B, 0xA0, 0x95, 0x09, 0xA0, 0xC6,
  0x83, 0xBF, 0xD0, 0x8A, 0x70, 0xBA, 0x09, 0x50, 0x9A, 0x0C, 0x60, 0x7A, 0x82, 0x1A, 0xFC, 0x70,
  0xBA, 0x09, 0x40, 0x10, 0xEA, 0x0A, 0x60, 0x4A, 0x82, 0x4C, 0xFA, 0x70, 0xBA, 0x09, 0x28, 0x11,
  0x4C, 0xB0, 0x46, 0x02, 0xA8, 0x25, 0xCF, 0xA7, 0x0B, 0xFB, 0x09, 0x70, 0x1A, 0x82, 0x6C, 0xFA,
  0x70, 0xBF, 0xA0, 0x77, 0x10, 0x1A, 0x82, 0x6B, 0xFB, 0x70, 0xBF, 0x90, 0xA7, 0x20, 0x2A, 0x82,
  0x5A, 0xFD, 0x70, 0xBA, 0x82, 0xB3, 0x38, 0xB0, 0x37, 0x10, 0x4A, 0x04, 0x07, 0xA0, 0x16, 0x0B,
  0xA0, 0x93, 0x0D, 0xA0, 0xC7, 0x10, 0x7A, 0x01, 0x04, 0xA0, 0x56, 0x0B, 0xA0, 0x93, 0x04, 0xB0,
  0x67, 0x81, 0xBF, 0xD2, 0x81, 0xEF, 0xB6, 0x0B, 0xA0, 0x94, 0x0B, 0xA0, 0xE0, 0x15, 0x02, 0xA0,
  0x82, 0x08, 0xA0, 0x35, 0x0B, 0xA0, 0x94, 0x02, 0xB0, 0x95, 0x0A, 0xA0, 0x22, 0x82, 0x1E, 0xFB,
  0x50, 0xBA, 0x09, 0x50, 0x8B, 0x03, 0x30, 0x2A, 0x0A, 0x40, 0x8A, 0x07, 0x40, 0xBA, 0x09, 0x60,
  0xEA, 0x0C, 0x30, 0xDA, 0x02, 0x50, 0xDA, 0x04, 0x38, 0x27, 0xAA, 0x66, 0x85, 0x5A, 0xAA, 0x30,
  0xAA, 0x07, 0x60, 0x20, 0xEA, 0x05, 0x77, 0x30, 0xBA, 0x0A, 0x71, 0x04, 0x0E, 0xA0, 0x87, 0x70,
  0x30, 0xDA, 0x0B, 0x73, 0x02, 0x0D, 0xA0, 0xE0, 0x67, 0x30, 0x20, 0xAB, 0x09, 0x75, 0x01, 0x09,
  0xB8, 0x90, 0xEA, 0x64, 0x32, 0x35, 0x8C, 0xB0, 0xD0, 0x57, 0x71, 0x02, 0x0A, 0xFD, 0x0D, 0x06,
  0x77, 0x58, 0x31, 0x59, 0xCE, 0xA8, 0x3E, 0xDB, 0x84, 0x74,
  // "¯" (U+00AF), RLE, 33 bytes saved (68.8%)
  0x18, 0x0A, 0x23, 0x10, 0x1F, 0xFF, 0x90, 0x01, 0xFF, 0xF9, 0x00, 0x1F, 0xFF, 0x90, 0x10,
  // "°" (U+00B0), RLE, 23 bytes saved (21.9%)
  0x48, 0x54, 0x9B, 0xCB, 0x83, 0x60, 0x20, 0xCF, 0x0A, 0x40, 0x10, 0xEF, 0xA0, 0xB3, 0x0A, 0xA8,
  0x5D, 0x51, 0x01, 0x6E, 0xA8, 0x17, 0x02, 0xA0, 0xE0, 0x15, 0x03, 0xA8, 0x1E, 0x06, 0xA0, 0x87,
  0x0B, 0xA0, 0x30, 0x8A, 0x05, 0x70, 0x7A, 0x05, 0x08, 0xA0, 0x57, 0x07, 0xA0, 0x50, 0x6A, 0x07,
  0x70, 0xAA, 0x04, 0x03, 0xA0, 0xE6, 0x02, 0xB2, 0x0C, 0xA0, 0xB0, 0x23, 0x03, 0x0C, 0xA0, 0x92,
  0x03, 0x0E, 0xB8, 0x1E, 0xDE, 0xB0, 0xD0, 0x13, 0x03, 0x0E, 0xF0, 0xC0, 0x26, 0x85, 0x7B, 0xEF,
  0xEB, 0x64,
  // "±" (U+00B1), RLE, 188 bytes saved (68.9%)
  0x72, 0xB0, 0x17, 0x73, 0xB0, 0x17, 0x73, 0xB0, 0x17, 0x73, 0xB0, 0x17, 0x73, 0xB0, 0x17, 0x73,
  0xB0, 0x17, 0x73, 0xB0, 0x17, 0x73, 0xB0, 0x17, 0x10, 0x28, 0x04, 0x3B, 0x04, 0x80, 0x43, 0x0C,
  0xFF, 0xD0, 0xD0, 0xCF, 0xFD, 0x0D, 0x0C, 0xFF, 0xD0, 0xD7, 0x2B, 0x01, 0x77, 0x3B, 0x01, 0x77,
  0x3B, 0x01, 0x77, 0x3B, 0x01, 0x77, 0x3B, 0x01, 0x77, 0x3B, 0x01, 0x77, 0x3B, 0x01, 0x77, 0x3B,
  0x01, 0x77, 0x3B, 0x01, 0x77, 0x77, 0x10, 0x28, 0x0A, 0x03, 0x0C, 0xFF, 0xD0, 0xE0, 0xCF, 0xFD,
  0x0E, 0x0C, 0xFF, 0xD0, 0xE0,
  // "²" (U+00B2), RLE, 44 bytes saved (35.5%)
  0x38, 0x56, 0xBD, 0xFE, 0xB6, 0x40, 0x50, 0xEF, 0x82, 0xD1, 0x06, 0xC8, 0x1C, 0xBE, 0xB8, 0x5C,
  0x01, 0xEE, 0x81, 0x30, 0x7B, 0x82, 0x40, 0x32, 0x60, 0xCA, 0x07, 0x72, 0x09, 0xA0, 0x77, 0x20,
  0xBA, 0x05, 0x71, 0x01, 0xA0, 0xE0, 0x17, 0x10, 0xAA, 0x07, 0x71, 0x08, 0xA0, 0xB7, 0x10, 0x7A,
  0x0C, 0x71, 0x08, 0xA0, 0xC0, 0x17, 0x09, 0xA0, 0xC0, 0x17, 0x09, 0xA0, 0xB0, 0x17, 0x0A, 0xA0,
  0xB7, 0x10, 0xBA, 0x0A, 0x71, 0x0B, 0xB8, 0x04, 0xB0, 0x50, 0xEF, 0xC0, 0x70, 0xEF, 0xC0, 0x70,
  // "³" (U+00B3), RLE, 55 bytes saved (36.7%)
  0x48, 0x55, 0x8A, 0xBA, 0x73, 0x60, 0x70, 0xEF, 0x0A, 0x40, 0xCF, 0xB0, 0xB3, 0x87, 0x6F, 0xE8,
  0x31, 0x03, 0xAB, 0x04, 0x30, 0x57, 0x0C, 0xA0, 0x77, 0x40, 0xAA, 0x07, 0x74, 0x0D, 0xA0, 0x47,
  0x20, 0x10, 0xAA, 0x0C, 0x58, 0x34, 0xBB, 0xBD, 0xB0, 0xC0, 0x15, 0x06, 0xE0, 0xB7, 0x06, 0xF0,
  0xE0, 0x57, 0x28, 0x11, 0x4A, 0xB0, 0x57, 0x40, 0x7A, 0x0D, 0x74, 0x01, 0xB0, 0x17, 0x30, 0x1B,
  0x01, 0x73, 0x06, 0xA8, 0x4E, 0x03, 0xD7, 0x25, 0x05, 0x0E, 0xA8, 0x19, 0x03, 0xB8, 0x3E, 0xCB,
  0xCE, 0xB8, 0x3E, 0x10, 0x2E, 0xFA, 0x0D, 0x02, 0x48, 0x76, 0xAD, 0xEF, 0xED, 0xA5, 0x40,
  // "´" (U+00B4), RLE, 8 bytes saved (22.9%)
  0x40, 0x5C, 0x07, 0x40, 0xDB, 0x0C, 0x40, 0x7B, 0x0D, 0x01, 0x30, 0x2B, 0x0D, 0x02, 0x40, 0xCA,
  0x0E, 0x02, 0x40, 0x7A, 0x0D, 0x02, 0x40, 0x2A, 0x0C, 0x01, 0x50,
  // "µ" (U+00B5), RLE, 169 bytes saved (45.9%)
  0x04, 0xB0, 0x97, 0x40, 0x3B, 0x0A, 0x04, 0xB0, 0x97, 0x40, 0x3B, 0x0A, 0x04, 0xB0, 0x97, 0x40,
  0x3B, 0x0A, 0x04, 0xB0, 0x97, 0x40, 0x3B, 0x0A, 0x04, 0xB0, 0x97, 0x40, 0x3B, 0x0A, 0x04, 0xB0,
  0x97, 0x40, 0x3B, 0x0A, 0x04, 0xB0, 0x97, 0x40, 0x3B, 0x0A, 0x04, 0xB0, 0x97, 0x40, 0x3B, 0x0A,
  0x04, 0xB0, 0x97, 0x40, 0x3B, 0x0A, 0x04, 0xB0, 0x97, 0x40, 0x3B, 0x0A, 0x04, 0xB0, 0x97, 0x40,
  0x3B, 0x0A, 0x04, 0xB0, 0x97, 0x40, 0x3B, 0x0A, 0x04, 0xB0, 0x97, 0x40, 0x3B, 0x0A, 0x04, 0xB0,
  0x97, 0x40, 0x4B, 0x0A, 0x04, 0xB0, 0x97, 0x40, 0x5B, 0x0A, 0x04, 0xB0, 0x97, 0x40, 0x7B, 0x0A,
  0x04, 0xB0, 0xB7, 0x40, 0xBB, 0x0A, 0x04, 0xB0, 0xE7, 0x30, 0x2C, 0x0A, 0x04, 0xC0, 0x57, 0x20,
  0xAC, 0x0A, 0x04, 0xC0, 0xE0, 0x27, 0x09, 0xD0, 0xA0, 0x4E, 0x85, 0x95, 0x34, 0x58, 0xDA, 0x0A,
  0xB0, 0xA0, 0x4F, 0xF8, 0x1B, 0x0D, 0xA0, 0xA0, 0x4B, 0x09, 0x0D, 0xF9, 0x09, 0x20, 0xBA, 0x0A,
  0x04, 0xB8, 0x90, 0x70, 0x6B, 0xEF, 0xEC, 0x83, 0x30, 0x8A, 0x0A, 0x04, 0xB0, 0x87, 0x72, 0x04,
  0xB0, 0x97, 0x72, 0x04, 0xB0, 0x97, 0x72, 0x04, 0xB0, 0x97, 0x72, 0x04, 0xB0, 0x97, 0x72, 0x04,
  0xB0, 0x97, 0x72, 0x04, 0xB0, 0x97, 0x72, 0x04, 0xB0, 0x97, 0x72, 0x04, 0xB0, 0x97, 0x72, 0x04,
  0xB0, 0x97, 0x72, 0x04, 0xB0, 0x97, 0x72,
  // "¶" (U+00B6), RLE, 205 bytes saved (44.6%)
  0x72, 0x01, 0x80, 0x90, 0x26, 0x81, 0x49, 0xDF, 0xF0, 0x23, 0x03, 0x0D, 0xFF, 0xB0, 0x22, 0x03,
  0x0E, 0xFC, 0x01, 0x30, 0x6A, 0x02, 0x20, 0xDF, 0xD0, 0x13, 0x06, 0xA8, 0x12, 0x07, 0xFE, 0x01,
  0x30, 0x6A, 0x81, 0x20, 0xDF, 0xE0, 0x13, 0x06, 0xA0, 0x02, 0xFF, 0x01, 0x30, 0x6A, 0x02, 0x05,
  0xFF, 0x01, 0x30, 0x6A, 0x02, 0x07, 0xFF, 0x01, 0x30, 0x6A, 0x02, 0x08, 0xFF, 0x01, 0x30, 0x6A,
  0x02, 0x08, 0xFF, 0x01, 0x30, 0x6A, 0x02, 0x08, 0xFF, 0x01, 0x30, 0x6A, 0x02, 0x07, 0xFF, 0x01,
  0x30, 0x6A, 0x02, 0x06, 0xFF, 0x01, 0x30, 0x6A, 0x02, 0x03, 0xFF, 0x01, 0x30, 0x6A, 0x02, 0x1F,
  0xF0, 0x13, 0x06, 0xA8, 0x12, 0x0A, 0xFE, 0x01, 0x30, 0x6A, 0x81, 0x20, 0x2F, 0xE0, 0x13, 0x06,
  0xA0, 0x22, 0x07, 0xFD, 0x01, 0x30, 0x6A, 0x02, 0x30, 0x8F, 0xC0, 0x13, 0x06, 0xA0, 0x24, 0x81,
  0x39, 0xEF, 0x90, 0x13, 0x06, 0xA0, 0x27, 0x84, 0x13, 0x43, 0x16, 0xA0, 0x13, 0x06, 0xA0, 0x27,
  0x50, 0x6A, 0x01, 0x30, 0x6A, 0x02, 0x75, 0x06, 0xA0, 0x13, 0x06, 0xA0, 0x27, 0x50, 0x6A, 0x01,
  0x30, 0x6A, 0x02, 0x75, 0x06, 0xA0, 0x13, 0x06, 0xA0, 0x27, 0x50, 0x6A, 0x01, 0x30, 0x6A, 0x02,
  0x75, 0x06, 0xA0, 0x13, 0x06, 0xA0, 0x27, 0x50, 0x6A, 0x01, 0x30, 0x6A, 0x02, 0x75, 0x06, 0xA0,
  0x13, 0x06, 0xA0, 0x27, 0x50, 0x6A, 0x01, 0x30, 0x6A, 0x02, 0x75, 0x06, 0xA0, 0x13, 0x06, 0xA0,
  0x27, 0x50, 0x6A, 0x01, 0x30, 0x6A, 0x02, 0x75, 0x06, 0xA0, 0x13, 0x06, 0xA0, 0x27, 0x50, 0x6A,
  0x01, 0x30, 0x6A, 0x02, 0x75, 0x06, 0xA0, 0x13, 0x06, 0xA0, 0x27, 0x50, 0x6A, 0x01, 0x30, 0x6A,
  0x02, 0x75, 0x06, 0xA0, 0x13, 0x06, 0xA0, 0x27, 0x58, 0x13, 0x77, 0x48, 0x22, 0x77, 0x10,
  // "·" (U+00B7), RLE, 1 byte saved (5.6%)
  0x18, 0x49, 0xED, 0x70, 0x8C, 0x05, 0x0B, 0xC0, 0x80, 0xBC, 0x08, 0x07, 0xC8, 0x44, 0x09, 0xED,
  0x71,
  // "¸" (U+00B8), RLE, 14 bytes saved (25.5%)
  0x48, 0x17, 0x74, 0x60, 0x6A, 0x02, 0x68, 0x1D, 0xFA, 0x60, 0x6B, 0x0C, 0x05, 0x48, 0x14, 0x8D,
  0xB0, 0x96, 0x05, 0xB0, 0x26, 0x0D, 0xA0, 0x45, 0x01, 0xB8, 0x53, 0x37, 0x67, 0x9E, 0xA8, 0x1D,
  0x06, 0xE8, 0x3D, 0x20, 0x5E, 0xA8, 0x1D, 0xB6, 0x30,
  // "¹" (U+00B9), RLE, 27 bytes saved (28.4%)
  0x50, 0x50, 0xEA, 0x08, 0x40, 0xAC, 0x08, 0x20, 0x30, 0xDD, 0x81, 0x80, 0x6B, 0x0D, 0x08, 0xA0,
  0x80, 0x2B, 0x81, 0xA0, 0x7A, 0x83, 0x80, 0x6E, 0x62, 0x08, 0xA0, 0x82, 0x02, 0x30, 0x8A, 0x08,
  0x60, 0x8A, 0x08, 0x60, 0x8A, 0x08, 0x60, 0x8A, 0x08, 0x60, 0x8A, 0x08, 0x60, 0x8A, 0x08, 0x60,
  0x8A, 0x08, 0x60, 0x8A, 0x08, 0x60, 0x8A, 0x08, 0x60, 0x8A, 0x08, 0x60, 0x8A, 0x08, 0x60, 0x8A,
  0x08, 0x60, 0x8A, 0x08,
  // "º" (U+00BA), RLE, 26 bytes saved (23.0%)
  0x48, 0x56, 0xBD, 0xEC, 0x94, 0x60, 0x30, 0xEF, 0x0A, 0x48, 0x72, 0xEF, 0xD5, 0x10, 0x28, 0xA0,
  0xB3, 0x82, 0xBF, 0xE2, 0x50, 0x8A, 0x81, 0x50, 0x2A, 0x09, 0x60, 0x1A, 0x81, 0xB0, 0x6A, 0x05,
  0x70, 0xCA, 0x10, 0x8A, 0x03, 0x70, 0xAA, 0x01, 0x09, 0xA0, 0x37, 0x0A, 0xA0, 0x20, 0x8A, 0x03,
  0x70, 0xAA, 0x01, 0x06, 0xA0, 0x57, 0x0C, 0xA1, 0x02, 0xA0, 0x96, 0x01, 0xA0, 0xB2, 0x82, 0xBF,
  0xE1, 0x50, 0x8A, 0x05, 0x28, 0x32, 0xEF, 0xD4, 0x20, 0x10, 0x8A, 0x0A, 0x40, 0x30, 0xEB, 0x0E,
  0xB0, 0xA7, 0x85, 0x7C, 0xEF, 0xDA, 0x44,
  // "»" (U+00BB), RLE, 58 bytes saved (30.5%)
  0x20, 0x20, 0x77, 0x00, 0x57, 0x10, 0x9A, 0x07, 0x40, 0x20, 0xBA, 0x03, 0x70, 0xBB, 0x04, 0x30,
  0x20, 0xEA, 0x0E, 0x01, 0x60, 0x10, 0xDA, 0x0E, 0x02, 0x30, 0x3B, 0x0C, 0x70, 0x20, 0xEA, 0x0D,
  0x01, 0x30, 0x6B, 0x0B, 0x70, 0x4B, 0x0C, 0x40, 0x9B, 0x08, 0x70, 0x7B, 0x0A, 0x40, 0xBB, 0x06,
  0x70, 0xAB, 0x07, 0x30, 0x10, 0xDB, 0x04, 0x70, 0xCB, 0x05, 0x30, 0x20, 0xEA, 0x0E, 0x02, 0x60,
  0x5B, 0x0C, 0x40, 0x9B, 0x09, 0x50, 0x10, 0xEB, 0x03, 0x30, 0x5B, 0x0D, 0x01, 0x50, 0xCB, 0x05,
  0x30, 0x20, 0xEA, 0x0E, 0x02, 0x50, 0xAB, 0x07, 0x30, 0x10, 0xDB, 0x04, 0x50, 0x7B, 0x0A, 0x40,
  0xBB, 0x06, 0x50, 0x4B, 0x0C, 0x40, 0x9B, 0x08, 0x50, 0x20, 0xEA, 0x0D, 0x01, 0x30, 0x6B, 0x0B,
  0x50, 0x10, 0xDA, 0x0E, 0x02, 0x30, 0x3B, 0x0C, 0x78, 0x25, 0xEF, 0x45, 0x82, 0x8F, 0xE1, 0x72,
  0x04, 0x70, 0x20, 0x37,
  // "¼" (U+00BC), RLE, 219 bytes saved (44.2%)
  0x50, 0x7B, 0x06, 0x76, 0x09, 0xA0, 0xB7, 0x10, 0x20, 0xCC, 0x06, 0x75, 0x03, 0xB0, 0x27, 0x06,
  0x0E, 0xD0, 0x67, 0x50, 0xCA, 0x07, 0x60, 0x10, 0xAB, 0x00, 0x9A, 0x06, 0x74, 0x06, 0xA0, 0xD7,
  0x85, 0x2E, 0xFE, 0x50, 0x9A, 0x06, 0x73, 0x01, 0x0E, 0xA0, 0x37, 0x18, 0x16, 0xB1, 0x20, 0xAA,
  0x06, 0x73, 0x0A, 0xA0, 0x97, 0x70, 0xAA, 0x06, 0x72, 0x04, 0xA0, 0xE0, 0x17, 0x70, 0xAA, 0x06,
  0x72, 0x0D, 0xA0, 0x67, 0x71, 0x0A, 0xA0, 0x67, 0x10, 0x8A, 0x0B, 0x77, 0x20, 0xAA, 0x06, 0x70,
  0x2B, 0x02, 0x77, 0x20, 0xAA, 0x06, 0x70, 0xBA, 0x08, 0x77, 0x30, 0xAA, 0x06, 0x60, 0x5A, 0x0D,
  0x77, 0x40, 0xAA, 0x06, 0x50, 0x10, 0xEA, 0x04, 0x50, 0xCA, 0x0A, 0x72, 0x0A, 0xA0, 0x65, 0x09,
  0xA0, 0xA5, 0x08, 0xB0, 0xA7, 0x20, 0xAA, 0x06, 0x40, 0x3A, 0x0E, 0x01, 0x40, 0x4C, 0x0A, 0x72,
  0x0A, 0xA0, 0x64, 0x0C, 0xA0, 0x64, 0x01, 0x0D, 0xC0, 0xA7, 0x20, 0xAA, 0x06, 0x30, 0x7A, 0x0C,
  0x50, 0xAA, 0x0A, 0xA0, 0xA7, 0x20, 0xAA, 0x06, 0x20, 0x20, 0xEA, 0x03, 0x40, 0x5A, 0x00, 0x8A,
  0x0A, 0x72, 0x0A, 0xA0, 0x62, 0x0B, 0xA0, 0x94, 0x84, 0x2E, 0xFC, 0x08, 0xA0, 0xA7, 0x70, 0x5A,
  0x0D, 0x50, 0xBA, 0x81, 0x20, 0x9A, 0x0A, 0x77, 0x0D, 0xA0, 0x54, 0x07, 0xA0, 0x62, 0x09, 0xA0,
  0xA7, 0x60, 0x8A, 0x0B, 0x40, 0x3A, 0x0A, 0x30, 0x9A, 0x0A, 0x75, 0x03, 0xB0, 0x24, 0x82, 0xDF,
  0xE1, 0x30, 0x9A, 0x0A, 0x75, 0x0C, 0xA0, 0x74, 0x09, 0xA0, 0x44, 0x09, 0xA0, 0xA7, 0x40, 0x6A,
  0x0D, 0x40, 0x2F, 0xF0, 0x67, 0x01, 0x0E, 0xA0, 0x34, 0x02, 0xFF, 0x06, 0x70, 0xAA, 0x09, 0x50,
  0x18, 0x04, 0x90, 0xDA, 0x82, 0xD9, 0x93, 0x60, 0x4A, 0x0E, 0x01, 0x77, 0x09, 0xA0, 0xA7, 0x20,
  0xDA, 0x06, 0x77, 0x10, 0x9A, 0x0A, 0x71, 0x08, 0xA0, 0xB7, 0x72, 0x09, 0xA0, 0xA7, 0x02, 0xB0,
  0x27, 0x72, 0x09, 0xA0, 0xA3,
  // "½" (U+00BD), RLE, 217 bytes saved (45.1%)
  0x40, 0x30, 0xCA, 0x0E, 0x76, 0x0D, 0xA0, 0x67, 0x10, 0x7C, 0x0E, 0x75, 0x08, 0xA0, 0xB7, 0x01,
  0x0B, 0xD0, 0xE7, 0x40, 0x2B, 0x02, 0x60, 0x50, 0xEA, 0x0D, 0x04, 0xA0, 0xE7, 0x40, 0xBA, 0x08,
  0x70, 0xAA, 0x81, 0xB1, 0x2A, 0x0E, 0x73, 0x05, 0xA0, 0xD7, 0x18, 0x11, 0xD6, 0x20, 0x2A, 0x0E,
  0x72, 0x01, 0x0E, 0xA0, 0x47, 0x60, 0x3A, 0x0E, 0x72, 0x09, 0xA0, 0xA7, 0x70, 0x3A, 0x0E, 0x71,
  0x03, 0xA0, 0xE0, 0x17, 0x70, 0x3A, 0x0E, 0x71, 0x0C, 0xA0, 0x67, 0x71, 0x03, 0xA0, 0xE7, 0x07,
  0xA0, 0xC7, 0x72, 0x03, 0xA0, 0xE6, 0x02, 0x0E, 0xA0, 0x37, 0x72, 0x03, 0xA0, 0xE6, 0x0B, 0xA0,
  0x97, 0x73, 0x03, 0xA0, 0xE5, 0x05, 0xA0, 0xE0, 0x12, 0x86, 0x49, 0xDE, 0xFD, 0xA3, 0x70, 0x3A,
  0x0E, 0x50, 0xDA, 0x82, 0x50, 0x2B, 0xF9, 0x08, 0x60, 0x3A, 0x0E, 0x40, 0x8A, 0x0B, 0x20, 0xEB,
  0x82, 0xC9, 0x9D, 0xB0, 0x65, 0x03, 0xA0, 0xE3, 0x03, 0xB0, 0x22, 0x82, 0x7F, 0xB2, 0x40, 0xBA,
  0x0C, 0x50, 0x3A, 0x0E, 0x30, 0xCA, 0x07, 0x40, 0x56, 0x03, 0xB5, 0x03, 0xA0, 0xE2, 0x06, 0xA0,
  0xD7, 0x50, 0x1B, 0x50, 0x3A, 0x82, 0xE0, 0x1E, 0xA0, 0x47, 0x50, 0x4A, 0x0C, 0x73, 0x0A, 0xA0,
  0x97, 0x60, 0xAA, 0x06, 0x72, 0x04, 0xA0, 0xE0, 0x17, 0x50, 0x6A, 0x0C, 0x73, 0x0D, 0xA0, 0x67,
  0x50, 0x4A, 0x0E, 0x01, 0x72, 0x08, 0xA0, 0xC7, 0x50, 0x4A, 0x0E, 0x02, 0x72, 0x02, 0xB0, 0x27,
  0x40, 0x5A, 0x0E, 0x02, 0x73, 0x0B, 0xA0, 0x87, 0x40, 0x6A, 0x0D, 0x02, 0x73, 0x05, 0xA0, 0xD7,
  0x40, 0x7A, 0x0C, 0x01, 0x73, 0x01, 0x0E, 0xA0, 0x47, 0x30, 0x8A, 0x0B, 0x75, 0x09, 0xA0, 0xA7,
  0x30, 0x9A, 0x0D, 0x80, 0x43, 0x40, 0x3A, 0x0E, 0x01, 0x72, 0x06, 0xFD, 0x40, 0xCA, 0x07, 0x73,
  0x06, 0xFD, 0x30, 0x7A, 0x0C, 0x74, 0x06, 0xFD,
  // "¾" (U+00BE), RLE, 236 bytes saved (43.4%)
  0x38, 0x64, 0x9D, 0xEF, 0xEB, 0x67, 0x71, 0x82, 0x48, 0x86, 0x50, 0x20, 0xBF, 0x90, 0xC0, 0x17,
  0x50, 0x10, 0xEA, 0x05, 0x40, 0x10, 0xEC, 0x0E, 0x0D, 0xC0, 0xB7, 0x50, 0x9A, 0x0B, 0x68, 0x37,
  0xFD, 0x61, 0x20, 0x10, 0xAB, 0x03, 0x73, 0x03, 0xB0, 0x27, 0x06, 0x70, 0xEA, 0x06, 0x73, 0x0C,
  0xA0, 0x77, 0x72, 0x0B, 0xA0, 0x67, 0x20, 0x6A, 0x0D, 0x77, 0x30, 0xDA, 0x04, 0x71, 0x01, 0x0E,
  0xA0, 0x47, 0x72, 0x05, 0xA0, 0xD7, 0x20, 0x9A, 0x0A, 0x74, 0x84, 0x12, 0x22, 0x49, 0xA0, 0xE0,
  0x37, 0x10, 0x3A, 0x0E, 0x01, 0x74, 0x07, 0xE0, 0xB0, 0x27, 0x20, 0xCA, 0x07, 0x75, 0x07, 0xE8,
  0x1E, 0x91, 0x70, 0x7A, 0x0C, 0x77, 0x38, 0x12, 0x5A, 0xA0, 0xE0, 0x25, 0x01, 0x0E, 0xA0, 0x37,
  0x76, 0x08, 0xA0, 0xA5, 0x0A, 0xA0, 0x97, 0x77, 0x02, 0xA0, 0xE4, 0x04, 0xA0, 0xE0, 0x14, 0x04,
  0xB0, 0x47, 0x50, 0x3B, 0x40, 0xDA, 0x06, 0x40, 0x10, 0xDB, 0x04, 0x20, 0x17, 0x20, 0x8A, 0x0D,
  0x30, 0x7A, 0x0C, 0x50, 0xAC, 0x04, 0x28, 0x25, 0xE8, 0x44, 0x01, 0x08, 0xB0, 0x82, 0x02, 0x0E,
  0xA0, 0x34, 0x05, 0xA0, 0xEA, 0x04, 0x20, 0x5C, 0x81, 0xED, 0xEC, 0x0D, 0x01, 0x20, 0xAA, 0x09,
  0x48, 0x32, 0xEF, 0x8E, 0xA0, 0x42, 0x03, 0x0E, 0xFA, 0x0C, 0x02, 0x20, 0x4A, 0x0E, 0x01, 0x48,
  0x3B, 0xFD, 0x0E, 0xA0, 0x43, 0x89, 0x01, 0x6A, 0xDE, 0xFE, 0xDA, 0x54, 0x0D, 0xA0, 0x54, 0x07,
  0xA0, 0x31, 0xB0, 0x47, 0x72, 0x08, 0xA0, 0xB4, 0x03, 0xA0, 0x82, 0xB0, 0x47, 0x71, 0x02, 0xB0,
  0x24, 0x81, 0xDF, 0xD3, 0xB0, 0x47, 0x71, 0x0B, 0xA0, 0x84, 0x09, 0xA0, 0x33, 0xB0, 0x47, 0x70,
  0x5A, 0x0D, 0x40, 0x4A, 0x07, 0x4B, 0x04, 0x77, 0x0D, 0xA0, 0x53, 0x82, 0x1E, 0xFC, 0x5B, 0x04,
  0x76, 0x08, 0xA0, 0xB4, 0x08, 0xFF, 0x73, 0x02, 0xB0, 0x24, 0x09, 0xFF, 0x73, 0x0C, 0xA0, 0x85,
  0x05, 0x80, 0x39, 0x0A, 0xB8, 0x1B, 0x99, 0x72, 0x06, 0xA0, 0xD7, 0x71, 0xB0, 0x47, 0x30, 0x10,
  0xEA, 0x04, 0x77, 0x1B, 0x04, 0x73, 0x09, 0xA0, 0xA7, 0x72, 0xB0, 0x47, 0x20, 0x3A, 0x0E, 0x01,
  0x77, 0x2B, 0x04, 0x20,
  // "¿" (U+00BF), RLE, 156 bytes saved (55.9%)
  0x71, 0x82, 0x6D, 0xE9, 0x76, 0x03, 0xC0, 0x87, 0x50, 0x7C, 0x0C, 0x75, 0x07, 0xC0, 0xC7, 0x50,
  0x4C, 0x08, 0x76, 0x83, 0x7D, 0xEA, 0x18, 0x0F, 0x70, 0x82, 0x2A, 0xA8, 0x77, 0x04, 0xA0, 0xC7,
  0x70, 0x5A, 0x0C, 0x77, 0x0A, 0xA0, 0x97, 0x60, 0x4B, 0x05, 0x75, 0x04, 0xB0, 0xD7, 0x50, 0x6B,
  0x0E, 0x03, 0x74, 0x08, 0xB0, 0xE0, 0x47, 0x40, 0xBB, 0x0D, 0x03, 0x74, 0x0B, 0xB0, 0xC0, 0x17,
  0x40, 0x9B, 0x0B, 0x75, 0x03, 0xB0, 0xC7, 0x60, 0x9B, 0x03, 0x76, 0x0D, 0xA0, 0xD7, 0x70, 0xEA,
  0x0B, 0x77, 0x0D, 0xA0, 0xD7, 0x70, 0xBB, 0x02, 0x76, 0x07, 0xB0, 0xC0, 0x17, 0x18, 0x16, 0xC5,
  0x20, 0xEB, 0x87, 0xE9, 0x53, 0x34, 0x6A, 0xEA, 0x0C, 0x20, 0x30, 0xEF, 0xF0, 0x42, 0x03, 0x0C,
  0xFC, 0x0C, 0x05, 0x58, 0x91, 0x49, 0xCE, 0xFE, 0xEC, 0x96, 0x13,
  // "À" (U+00C0), RLE, 362 bytes saved (61.6%)
  0x70, 0x2C, 0x0A, 0x77, 0x72, 0x07, 0xC0, 0x37, 0x77, 0x20, 0x9B, 0x0C, 0x77, 0x73, 0x0A, 0xB0,
  0x77, 0x77, 0x30, 0xBA, 0x0E, 0x02, 0x77, 0x73, 0x0A, 0xA0, 0xC7, 0x77, 0x40, 0x8A, 0x08, 0x80,
  0xA8, 0x30, 0x0D, 0xB0, 0x17, 0x77, 0x10, 0x4C, 0x06, 0x77, 0x71, 0x0B, 0xC0, 0xC7, 0x77, 0x01,
  0xE0, 0x37, 0x76, 0x07, 0xA0, 0x0D, 0xA0, 0x97, 0x76, 0x0D, 0xA0, 0x90, 0x8A, 0x0E, 0x77, 0x50,
  0x4B, 0x04, 0x03, 0xB0, 0x67, 0x74, 0x0A, 0xB2, 0x0E, 0xA0, 0xC7, 0x73, 0x01, 0xB0, 0xA2, 0x08,
  0xB0, 0x37, 0x72, 0x07, 0xB0, 0x42, 0x03, 0xB0, 0x97, 0x72, 0x0D, 0xA0, 0xE4, 0x0C, 0xA0, 0xE7,
  0x71, 0x04, 0xB0, 0x84, 0x06, 0xB0, 0x57, 0x70, 0xAB, 0x02, 0x40, 0x1B, 0x0C, 0x76, 0x01, 0xB0,
  0xC6, 0x0A, 0xB0, 0x27, 0x50, 0x7B, 0x06, 0x60, 0x4B, 0x08, 0x75, 0x0D, 0xA0, 0xE7, 0x10, 0xEA,
  0x0E, 0x74, 0x04, 0xB0, 0x97, 0x10, 0x8B, 0x05, 0x73, 0x0A, 0xB0, 0x37, 0x10, 0x2B, 0x0B, 0x72,
  0x01, 0xFF, 0xC0, 0x27, 0x10, 0x6F, 0xFC, 0x08, 0x71, 0x0D, 0xFF, 0xC0, 0xE7, 0x03, 0xB0, 0xA8,
  0x09, 0x03, 0x0B, 0xB0, 0x56, 0x09, 0xB0, 0x47, 0x50, 0x4B, 0x0B, 0x50, 0x10, 0xEA, 0x0D, 0x77,
  0x0D, 0xB0, 0x14, 0x06, 0xB0, 0x77, 0x70, 0x8B, 0x07, 0x40, 0xCB, 0x01, 0x77, 0x02, 0xB0, 0xD3,
  0x03, 0xB0, 0xB7, 0x72, 0x0B, 0xB0, 0x42, 0x09, 0xB0, 0x57, 0x72, 0x05, 0xB0, 0xA2, 0x0E, 0xA0,
  0xE7, 0x74, 0x0E, 0xB0, 0x10, 0x6B, 0x08, 0x77, 0x40, 0x9B, 0x07, 0x0C, 0xB0, 0x37, 0x74, 0x03,
  0xB0, 0xD0,
  // "Á" (U+00C1), RLE, 358 bytes saved (60.9%)
  0x77, 0x10, 0x5C, 0x07, 0x77, 0x71, 0x0D, 0xB0, 0xC7, 0x77, 0x10, 0x7B, 0x0D, 0x01, 0x77, 0x70,
  0x2B, 0x0D, 0x02, 0x77, 0x71, 0x0C, 0xA0, 0xE0, 0x27, 0x77, 0x10, 0x7A, 0x0D, 0x02, 0x77, 0x71,
  0x02, 0xA0, 0xC0, 0x18, 0x0A, 0x84, 0x00, 0xDB, 0x01, 0x77, 0x71, 0x04, 0xC0, 0x67, 0x77, 0x10,
  0xBC, 0x0C, 0x77, 0x70, 0x1E, 0x03, 0x77, 0x60, 0x7A, 0x00, 0xDA, 0x09, 0x77, 0x60, 0xDA, 0x09,
  0x08, 0xA0, 0xE7, 0x75, 0x04, 0xB0, 0x40, 0x3B, 0x06, 0x77, 0x40, 0xAB, 0x20, 0xEA, 0x0C, 0x77,
  0x30, 0x1B, 0x0A, 0x20, 0x8B, 0x03, 0x77, 0x20, 0x7B, 0x04, 0x20, 0x3B, 0x09, 0x77, 0x20, 0xDA,
  0x0E, 0x40, 0xCA, 0x0E, 0x77, 0x10, 0x4B, 0x08, 0x40, 0x6B, 0x05, 0x77, 0x0A, 0xB0, 0x24, 0x01,
  0xB0, 0xC7, 0x60, 0x1B, 0x0C, 0x60, 0xAB, 0x02, 0x75, 0x07, 0xB0, 0x66, 0x04, 0xB0, 0x87, 0x50,
  0xDA, 0x0E, 0x71, 0x0E, 0xA0, 0xE7, 0x40, 0x4B, 0x09, 0x71, 0x08, 0xB0, 0x57, 0x30, 0xAB, 0x03,
  0x71, 0x02, 0xB0, 0xB7, 0x20, 0x1F, 0xFC, 0x02, 0x71, 0x06, 0xFF, 0xC0, 0x87, 0x10, 0xDF, 0xFC,
  0x0E, 0x70, 0x3B, 0x0A, 0x80, 0x90, 0x30, 0xBB, 0x05, 0x60, 0x9B, 0x04, 0x75, 0x04, 0xB0, 0xB5,
  0x01, 0x0E, 0xA0, 0xD7, 0x70, 0xDB, 0x01, 0x40, 0x6B, 0x07, 0x77, 0x08, 0xB0, 0x74, 0x0C, 0xB0,
  0x17, 0x70, 0x2B, 0x0D, 0x30, 0x3B, 0x0B, 0x77, 0x20, 0xBB, 0x04, 0x20, 0x9B, 0x05, 0x77, 0x20,
  0x5B, 0x0A, 0x20, 0xEA, 0x0E, 0x77, 0x40, 0xEB, 0x01, 0x06, 0xB0, 0x87, 0x74, 0x09, 0xB0, 0x70,
  0xCB, 0x03, 0x77, 0x40, 0x3B, 0x0D,
  // "Â" (U+00C2), RLE, 349 bytes saved (59.4%)
  0x74, 0x02, 0xC0, 0x67, 0x77, 0x10, 0xCC, 0x0E, 0x02, 0x77, 0x60, 0xAE, 0x0D, 0x01, 0x77, 0x40,
  0x8B, 0x0A, 0x07, 0xB0, 0xB7, 0x73, 0x05, 0xB0, 0x82, 0x05, 0xB0, 0xA7, 0x71, 0x04, 0xB0, 0x64,
  0x04, 0x0E, 0xA0, 0x97, 0x60, 0x2A, 0x0D, 0x03, 0x60, 0x10, 0xBA, 0x07, 0x80, 0x9F, 0x60, 0x0D,
  0xB0, 0x17, 0x77, 0x10, 0x4C, 0x06, 0x77, 0x71, 0x0B, 0xC0, 0xC7, 0x77, 0x01, 0xE0, 0x37, 0x76,
  0x07, 0xA0, 0x0D, 0xA0, 0x97, 0x76, 0x0D, 0xA0, 0x90, 0x8A, 0x0E, 0x77, 0x50, 0x4B, 0x04, 0x03,
  0xB0, 0x67, 0x74, 0x0A, 0xB2, 0x0E, 0xA0, 0xC7, 0x73, 0x01, 0xB0, 0xA2, 0x08, 0xB0, 0x37, 0x72,
  0x07, 0xB0, 0x42, 0x03, 0xB0, 0x97, 0x72, 0x0D, 0xA0, 0xE4, 0x0C, 0xA0, 0xE7, 0x71, 0x04, 0xB0,
  0x84, 0x06, 0xB0, 0x57, 0x70, 0xAB, 0x02, 0x40, 0x1B, 0x0C, 0x76, 0x01, 0xB0, 0xC6, 0x0A, 0xB0,
  0x27, 0x50, 0x7B, 0x06, 0x60, 0x4B, 0x08, 0x75, 0x0D, 0xA0, 0xE7, 0x10, 0xEA, 0x0E, 0x74, 0x04,
  0xB0, 0x97, 0x10, 0x8B, 0x05, 0x73, 0x0A, 0xB0, 0x37, 0x10, 0x2B, 0x0B, 0x72, 0x01, 0xFF, 0xC0,
  0x27, 0x10, 0x6F, 0xFC, 0x08, 0x71, 0x0D, 0xFF, 0xC0, 0xE7, 0x03, 0xB0, 0xA8, 0x09, 0x03, 0x0B,
  0xB0, 0x56, 0x09, 0xB0, 0x47, 0x50, 0x4B, 0x0B, 0x50, 0x10, 0xEA, 0x0D, 0x77, 0x0D, 0xB0, 0x14,
  0x06, 0xB0, 0x77, 0x70, 0x8B, 0x07, 0x40, 0xCB, 0x01, 0x77, 0x02, 0xB0, 0xD3, 0x03, 0xB0, 0xB7,
  0x72, 0x0B, 0xB0, 0x42, 0x09, 0xB0, 0x57, 0x72, 0x05, 0xB0, 0xA2, 0x0E, 0xA0, 0xE7, 0x74, 0x0E,
  0xB0, 0x10, 0x6B, 0x08, 0x77, 0x40, 0x9B, 0x07, 0x0C, 0xB0, 0x37, 0x74, 0x03, 0xB0, 0xD0,
  // "Ã" (U+00C3), RLE, 335 bytes saved (58.4%)
  0x71, 0x84, 0x6D, 0xFD, 0x81, 0x58, 0x17, 0xFC, 0x76, 0x09, 0xD0, 0xE0, 0x64, 0x81, 0xCF, 0xA7,
  0x50, 0x3F, 0x98, 0x2C, 0x54, 0xAA, 0x05, 0x75, 0x0A, 0xA8, 0x27, 0x47, 0xEF, 0x0D, 0x76, 0x81,
  0xEF, 0x84, 0x09, 0xE0, 0x47, 0x50, 0x2A, 0x02, 0x58, 0x43, 0xAE, 0xEB, 0x38, 0x0A, 0x80, 0x00,
  0xDB, 0x01, 0x77, 0x71, 0x04, 0xC0, 0x67, 0x77, 0x10, 0xBC, 0x0C, 0x77, 0x70, 0x1E, 0x03, 0x77,
  0x60, 0x7A, 0x00, 0xDA, 0x09, 0x77, 0x60, 0xDA, 0x09, 0x08, 0xA0, 0xE7, 0x75, 0x04, 0xB0, 0x40,
  0x3B, 0x06, 0x77, 0x40, 0xAB, 0x20, 0xEA, 0x0C, 0x77, 0x30, 0x1B, 0x0A, 0x20, 0x8B, 0x03, 0x77,
  0x20, 0x7B, 0x04, 0x20, 0x3B, 0x09, 0x77, 0x20, 0xDA, 0x0E, 0x40, 0xCA, 0x0E, 0x77, 0x10, 0x4B,
  0x08, 0x40, 0x6B, 0x05, 0x77, 0x0A, 0xB0, 0x24, 0x01, 0xB0, 0xC7, 0x60, 0x1B, 0x0C, 0x60, 0xAB,
  0x02, 0x75, 0x07, 0xB0, 0x66, 0x04, 0xB0, 0x87, 0x50, 0xDA, 0x0E, 0x71, 0x0E, 0xA0, 0xE7, 0x40,
  0x4B, 0x09, 0x71, 0x08, 0xB0, 0x57, 0x30, 0xAB, 0x03, 0x71, 0x02, 0xB0, 0xB7, 0x20, 0x1F, 0xFC,
  0x02, 0x71, 0x06, 0xFF, 0xC0, 0x87, 0x10, 0xDF, 0xFC, 0x0E, 0x70, 0x3B, 0x0A, 0x80, 0x90, 0x30,
  0xBB, 0x05, 0x60, 0x9B, 0x04, 0x75, 0x04, 0xB0, 0xB5, 0x01, 0x0E, 0xA0, 0xD7, 0x70, 0xDB, 0x01,
  0x40, 0x6B, 0x07, 0x77, 0x08, 0xB0, 0x74, 0x0C, 0xB0, 0x17, 0x70, 0x2B, 0x0D, 0x30, 0x3B, 0x0B,
  0x77, 0x20, 0xBB, 0x04, 0x20, 0x9B, 0x05, 0x77, 0x20, 0x5B, 0x0A, 0x20, 0xEA, 0x0E, 0x77, 0x40,
  0xEB, 0x01, 0x06, 0xB0, 0x87, 0x74, 0x09, 0xB0, 0x70, 0xCB, 0x03, 0x77, 0x40, 0x3B, 0x0D,
  // "Ä" (U+00C4), RLE, 336 bytes saved (60.0%)
  0x71, 0x82, 0xAE, 0xC2, 0x48, 0x27, 0xED, 0x47, 0x71, 0x05, 0xB0, 0x93, 0x01, 0xB0, 0xD7, 0x71,
  0x05, 0xB0, 0x93, 0x01, 0xB0, 0xC7, 0x72, 0x82, 0xAE, 0xC1, 0x48, 0x27, 0xED, 0x48, 0x0A, 0xB4,
  0x00, 0xDB, 0x01, 0x77, 0x71, 0x04, 0xC0, 0x67, 0x77, 0x10, 0xBC, 0x0C, 0x77, 0x70, 0x1E, 0x03,
  0x77, 0x60, 0x7A, 0x00, 0xDA, 0x09, 0x77, 0x60, 0xDA, 0x09, 0x08, 0xA0, 0xE7, 0x75, 0x04, 0xB0,
  0x40, 0x3B, 0x06, 0x77, 0x40, 0xAB, 0x20, 0xEA, 0x0C, 0x77, 0x30, 0x1B, 0x0A, 0x20, 0x8B, 0x03,
  0x77, 0x20, 0x7B, 0x04, 0x20, 0x3B, 0x09, 0x77, 0x20, 0xDA, 0x0E, 0x40, 0xCA, 0x0E, 0x77, 0x10,
  0x4B, 0x08, 0x40, 0x6B, 0x05, 0x77, 0x0A, 0xB0, 0x24, 0x01, 0xB0, 0xC7, 0x60, 0x1B, 0x0C, 0x60,
  0xAB, 0x02, 0x75, 0x07, 0xB0, 0x66, 0x04, 0xB0, 0x87, 0x50, 0xDA, 0x0E, 0x71, 0x0E, 0xA0, 0xE7,
  0x40, 0x4B, 0x09, 0x71, 0x08, 0xB0, 0x57, 0x30, 0xAB, 0x03, 0x71, 0x02, 0xB0, 0xB7, 0x20, 0x1F,
  0xFC, 0x02, 0x71, 0x06, 0xFF, 0xC0, 0x87, 0x10, 0xDF, 0xFC, 0x0E, 0x70, 0x3B, 0x0A, 0x80, 0x90,
  0x30, 0xBB, 0x05, 0x60, 0x9B, 0x04, 0x75, 0x04, 0xB0, 0xB5, 0x01, 0x0E, 0xA0, 0xD7, 0x70, 0xDB,
  0x01, 0x40, 0x6B, 0x07, 0x77, 0x08, 0xB0, 0x74, 0x0C, 0xB0, 0x17, 0x70, 0x2B, 0x0D, 0x30, 0x3B,
  0x0B, 0x77, 0x20, 0xBB, 0x04, 0x20, 0x9B, 0x05, 0x77, 0x20, 0x5B, 0x0A, 0x20, 0xEA, 0x0E, 0x77,
  0x40, 0xEB, 0x01, 0x06, 0xB0, 0x87, 0x74, 0x09, 0xB0, 0x70, 0xCB, 0x03, 0x77, 0x40, 0x3B, 0x0D,
  // "Å" (U+00C5), RLE, 313 bytes saved (55.9%)
  0x76, 0x02, 0x01, 0x77, 0x72, 0x04, 0x0C, 0xB0, 0xC0, 0x47, 0x76, 0x04, 0xF0, 0x67, 0x75, 0x85,
  0xDF, 0xD4, 0x03, 0xCA, 0x01, 0x77, 0x30, 0x2A, 0x04, 0x30, 0x3A, 0x05, 0x77, 0x30, 0x3A, 0x02,
  0x4A, 0x06, 0x77, 0x30, 0x1A, 0x05, 0x30, 0x3A, 0x04, 0x77, 0x48, 0x7C, 0xFE, 0x53, 0x5D, 0xFE,
  0x77, 0x50, 0x30, 0xEE, 0x04, 0x77, 0x60, 0x20, 0xAC, 0x04, 0x77, 0x71, 0x04, 0xC0, 0x67, 0x77,
  0x10, 0xBC, 0x0C, 0x77, 0x70, 0x1E, 0x03, 0x77, 0x60, 0x7A, 0x00, 0xDA, 0x09, 0x77, 0x60, 0xDA,
  0x09, 0x08, 0xA0, 0xE7, 0x75, 0x04, 0xB0, 0x40, 0x3B, 0x06, 0x77, 0x40, 0xAB, 0x20, 0xEA, 0x0C,
  0x77, 0x30, 0x1B, 0x0A, 0x20, 0x8B, 0x03, 0x77, 0x20, 0x7B, 0x04, 0x20, 0x3B, 0x09, 0x77, 0x20,
  0xDA, 0x0E, 0x40, 0xCA, 0x0E, 0x77, 0x10, 0x4B, 0x08, 0x40, 0x6B, 0x05, 0x77, 0x0A, 0xB0, 0x24,
  0x01, 0xB0, 0xC7, 0x60, 0x1B, 0x0C, 0x60, 0xAB, 0x02, 0x75, 0x07, 0xB0, 0x66, 0x04, 0xB0, 0x87,
  0x50, 0xDA, 0x0E, 0x71, 0x0E, 0xA0, 0xE7, 0x40, 0x4B, 0x09, 0x71, 0x08, 0xB0, 0x57, 0x30, 0xAB,
  0x03, 0x71, 0x02, 0xB0, 0xB7, 0x20, 0x1F, 0xFC, 0x02, 0x71, 0x06, 0xFF, 0xC0, 0x87, 0x10, 0xDF,
  0xFC, 0x0E, 0x70, 0x3B, 0x0A, 0x80, 0x90, 0x30, 0xBB, 0x05, 0x60, 0x9B, 0x04, 0x75, 0x04, 0xB0,
  0xB5, 0x01, 0x0E, 0xA0, 0xD7, 0x70, 0xDB, 0x01, 0x40, 0x6B, 0x07, 0x77, 0x08, 0xB0, 0x74, 0x0C,
  0xB0, 0x17, 0x70, 0x2B, 0x0D, 0x30, 0x3B, 0x0B, 0x77, 0x20, 0xBB, 0x04, 0x20, 0x9B, 0x05, 0x77,
  0x20, 0x5B, 0x0A, 0x20, 0xEA, 0x0E, 0x77, 0x40, 0xEB, 0x01, 0x06, 0xB0, 0x87, 0x74, 0x09, 0xB0,
  0x70, 0xCB, 0x03, 0x77, 0x40, 0x3B, 0x0D,
  // "Æ" (U+00C6), RLE, 353 bytes saved (61.5%)
  0x77, 0x05, 0xFF, 0xF0, 0x17, 0x70, 0xDF, 0xFF, 0x01, 0x76, 0x05, 0xFF, 0xF9, 0x01, 0x76, 0x0C,
  0xB8, 0x14, 0x36, 0xB0, 0xC8, 0x09, 0x03, 0x76, 0x04, 0xB0, 0x92, 0x03, 0xB0, 0xB7, 0x77, 0x40,
  0xBB, 0x02, 0x20, 0x3B, 0x0B, 0x77, 0x73, 0x03, 0xB0, 0xA3, 0x03, 0xB0, 0xB7, 0x77, 0x30, 0xBB,
  0x03, 0x30, 0x3B, 0x0B, 0x77, 0x72, 0x03, 0xB0, 0xB4, 0x03, 0xB0, 0xB7, 0x77, 0x20, 0xAB, 0x04,
  0x40, 0x3B, 0x0B, 0x77, 0x71, 0x02, 0xB0, 0xC5, 0x03, 0xB0, 0xB7, 0x77, 0x10, 0xAB, 0x05, 0x50,
  0x3B, 0x0B, 0x77, 0x70, 0x2B, 0x0D, 0x60, 0x3B, 0x0B, 0x77, 0x70, 0x9B, 0x06, 0x60, 0x3F, 0xF9,
  0x04, 0x71, 0x01, 0xB0, 0xD7, 0x03, 0xFF, 0x90, 0x47, 0x10, 0x9B, 0x07, 0x70, 0x3F, 0xF9, 0x04,
  0x70, 0x1B, 0x0E, 0x71, 0x03, 0xB0, 0xC8, 0x07, 0x37, 0x10, 0x8B, 0x08, 0x71, 0x03, 0xB0, 0xB7,
  0x74, 0x01, 0x0E, 0xFF, 0xA0, 0xB7, 0x74, 0x07, 0xFF, 0xB0, 0xB7, 0x74, 0x0E, 0xFF, 0xB0, 0xB7,
  0x73, 0x07, 0xB0, 0xA8, 0x06, 0x30, 0x6B, 0x0B, 0x77, 0x30, 0xEB, 0x02, 0x73, 0x03, 0xB0, 0xB7,
  0x72, 0x06, 0xB0, 0xA7, 0x40, 0x3B, 0x0B, 0x77, 0x20, 0xDB, 0x02, 0x74, 0x03, 0xB0, 0xB7, 0x71,
  0x06, 0xB0, 0xA7, 0x50, 0x3B, 0x0B, 0x77, 0x10, 0xDB, 0x03, 0x75, 0x03, 0xB0, 0xB7, 0x70, 0x5B,
  0x0B, 0x76, 0x03, 0xB0, 0xC8, 0x09, 0x03, 0x20, 0xDB, 0x03, 0x76, 0x03, 0xFF, 0xA0, 0x10, 0x5B,
  0x0B, 0x77, 0x03, 0xFF, 0xA0, 0x10, 0xCB, 0x04, 0x77, 0x03, 0xFF, 0xA0, 0x10,
  // "Ç" (U+00C7), RLE, 309 bytes saved (58.9%)
  0x73, 0x83, 0x38, 0xBD, 0xEA, 0x83, 0xED, 0xA8, 0x47, 0x38, 0x11, 0x7E, 0xFE, 0x0A, 0x02, 0x60,
  0x50, 0xEF, 0xF9, 0x0E, 0x01, 0x50, 0x8D, 0x87, 0xEA, 0x65, 0x34, 0x57, 0xBB, 0x08, 0x50, 0x8C,
  0x0E, 0x06, 0x73, 0x81, 0x5B, 0x14, 0x06, 0xC0, 0xC0, 0x17, 0x73, 0x01, 0x0E, 0xB0, 0xB7, 0x75,
  0x09, 0xB0, 0xE0, 0x17, 0x74, 0x01, 0x0E, 0xB0, 0x67, 0x75, 0x06, 0xB0, 0xE7, 0x76, 0x0A, 0xB0,
  0x87, 0x76, 0x0E, 0xB0, 0x57, 0x75, 0x01, 0xC0, 0x17, 0x75, 0x03, 0xC7, 0x76, 0x04, 0xB0, 0xE7,
  0x76, 0x04, 0xB0, 0xD7, 0x76, 0x04, 0xB0, 0xE7, 0x76, 0x03, 0xC7, 0x76, 0x01, 0xC0, 0x17, 0x76,
  0x0E, 0xB0, 0x47, 0x76, 0x0B, 0xB0, 0x87, 0x76, 0x07, 0xB0, 0xD7, 0x76, 0x02, 0xC0, 0x47, 0x76,
  0x0C, 0xB0, 0xD7, 0x76, 0x04, 0xC0, 0x97, 0x76, 0x0A, 0xC0, 0x97, 0x75, 0x01, 0x0D, 0xC0, 0xC0,
  0x47, 0x40, 0x30, 0x15, 0x01, 0x0D, 0xD8, 0x90, 0xD9, 0x64, 0x33, 0x46, 0x8C, 0xA0, 0x36, 0x01,
  0x0A, 0xFF, 0xA0, 0x37, 0x10, 0x40, 0xCF, 0xF0, 0x27, 0x38, 0x32, 0x7A, 0xCE, 0xA8, 0x4E, 0xEC,
  0xB8, 0x57, 0x72, 0x81, 0x77, 0x47, 0x77, 0x06, 0xA0, 0x27, 0x77, 0x81, 0xDF, 0xA7, 0x77, 0x06,
  0xB0, 0xC0, 0x57, 0x75, 0x81, 0x48, 0xDB, 0x09, 0x77, 0x70, 0x5B, 0x02, 0x77, 0x70, 0xDA, 0x04,
  0x77, 0x60, 0x1B, 0x03, 0x77, 0x18, 0x43, 0x76, 0x79, 0xEA, 0x0D, 0x77, 0x20, 0x6E, 0x0D, 0x02,
  0x77, 0x20, 0x50, 0xEA, 0x81, 0xDB, 0x67, 0x20,
  // "È" (U+00C8), RLE, 235 bytes saved (62.2%)
  0x30, 0x2C, 0x0A, 0x76, 0x07, 0xC0, 0x37, 0x60, 0x9B, 0x0C, 0x77, 0x0A, 0xB0, 0x77, 0x70, 0xBA,
  0x0E, 0x02, 0x77, 0x0A, 0xA0, 0xC7, 0x71, 0x08, 0xA0, 0x88, 0x09, 0x91, 0x00, 0xBF, 0xFA, 0x0C,
  0x0B, 0xFF, 0xA0, 0xC0, 0xBF, 0xFA, 0x0C, 0x0B, 0xB0, 0x68, 0x09, 0x03, 0x02, 0x0B, 0xB0, 0x37,
  0x60, 0xBB, 0x03, 0x76, 0x0B, 0xB0, 0x37, 0x60, 0xBB, 0x03, 0x76, 0x0B, 0xB0, 0x37, 0x60, 0xBB,
  0x03, 0x76, 0x0B, 0xB0, 0x37, 0x60, 0xBB, 0x03, 0x76, 0x0B, 0xB0, 0x37, 0x60, 0xBF, 0xFA, 0x10,
  0xBF, 0xFA, 0x10, 0xBF, 0xFA, 0x10, 0xBB, 0x06, 0x80, 0x90, 0x31, 0x0B, 0xB0, 0x37, 0x60, 0xBB,
  0x03, 0x76, 0x0B, 0xB0, 0x37, 0x60, 0xBB, 0x03, 0x76, 0x0B, 0xB0, 0x37, 0x60, 0xBB, 0x03, 0x76,
  0x0B, 0xB0, 0x37, 0x60, 0xBB, 0x03, 0x76, 0x0B, 0xB0, 0x37, 0x60, 0xBB, 0x03, 0x76, 0x0B, 0xB0,
  0x68, 0x09, 0x03, 0x02, 0x0B, 0xFF, 0xA0, 0xC0, 0xBF, 0xFA, 0x0C, 0x0B, 0xFF, 0xA0, 0xC0,
  // "É" (U+00C9), RLE, 231 bytes saved (61.1%)
  0x73, 0x05, 0xC0, 0x77, 0x50, 0xDB, 0x0C, 0x75, 0x07, 0xB0, 0xD0, 0x17, 0x40, 0x2B, 0x0D, 0x02,
  0x75, 0x0C, 0xA0, 0xE0, 0x27, 0x50, 0x7A, 0x0D, 0x02, 0x75, 0x02, 0xA0, 0xC0, 0x18, 0x09, 0x93,
  0x00, 0xBF, 0xFA, 0x0C, 0x0B, 0xFF, 0xA0, 0xC0, 0xBF, 0xFA, 0x0C, 0x0B, 0xB0, 0x68, 0x09, 0x03,
  0x02, 0x0B, 0xB0, 0x37, 0x60, 0xBB, 0x03, 0x76, 0x0B, 0xB0, 0x37, 0x60, 0xBB, 0x03, 0x76, 0x0B,
  0xB0, 0x37, 0x60, 0xBB, 0x03, 0x76, 0x0B, 0xB0, 0x37, 0x60, 0xBB, 0x03, 0x76, 0x0B, 0xB0, 0x37,
  0x60, 0xBF, 0xFA, 0x10, 0xBF, 0xFA, 0x10, 0xBF, 0xFA, 0x10, 0xBB, 0x06, 0x80, 0x90, 0x31, 0x0B,
  0xB0, 0x37, 0x60, 0xBB, 0x03, 0x76, 0x0B, 0xB0, 0x37, 0x60, 0xBB, 0x03, 0x76, 0x0B, 0xB0, 0x37,
  0x60, 0xBB, 0x03, 0x76, 0x0B, 0xB0, 0x37, 0x60, 0xBB, 0x03, 0x76, 0x0B, 0xB0, 0x37, 0x60, 0xBB,
  0x03, 0x76, 0x0B, 0xB0, 0x68, 0x09, 0x03, 0x02, 0x0B, 0xFF, 0xA0, 0xC0, 0xBF, 0xFA, 0x0C, 0x0B,
  0xFF, 0xA0, 0xC0,
  // "Ê" (U+00CA), RLE, 222 bytes saved (58.7%)
  0x60, 0x2C, 0x06, 0x75, 0x0C, 0xC0, 0xE0, 0x27, 0x30, 0xAE, 0x0D, 0x01, 0x71, 0x08, 0xB0, 0xA0,
  0x7B, 0x0B, 0x70, 0x5B, 0x08, 0x20, 0x5B, 0x0A, 0x50, 0x4B, 0x06, 0x40, 0x40, 0xEA, 0x09, 0x30,
  0x2A, 0x0D, 0x03, 0x60, 0x10, 0xBA, 0x07, 0x80, 0x98, 0x50, 0x0B, 0xFF, 0xA0, 0xC0, 0xBF, 0xFA,
  0x0C, 0x0B, 0xFF, 0xA0, 0xC0, 0xBB, 0x06, 0x80, 0x90, 0x30, 0x20, 0xBB, 0x03, 0x76, 0x0B, 0xB0,
  0x37, 0x60, 0xBB, 0x03, 0x76, 0x0B, 0xB0, 0x37, 0x60, 0xBB, 0x03, 0x76, 0x0B, 0xB0, 0x37, 0x60,
  0xBB, 0x03, 0x76, 0x0B, 0xB0, 0x37, 0x60, 0xBB, 0x03, 0x76, 0x0B, 0xFF, 0xA1, 0x0B, 0xFF, 0xA1,
  0x0B, 0xFF, 0xA1, 0x0B, 0xB0, 0x68, 0x09, 0x03, 0x10, 0xBB, 0x03, 0x76, 0x0B, 0xB0, 0x37, 0x60,
  0xBB, 0x03, 0x76, 0x0B, 0xB0, 0x37, 0x60, 0xBB, 0x03, 0x76, 0x0B, 0xB0, 0x37, 0x60, 0xBB, 0x03,
  0x76, 0x0B, 0xB0, 0x37, 0x60, 0xBB, 0x03, 0x76, 0x0B, 0xB0, 0x37, 0x60, 0xBB, 0x06, 0x80, 0x90,
  0x30, 0x20, 0xBF, 0xFA, 0x0C, 0x0B, 0xFF, 0xA0, 0xC0, 0xBF, 0xFA, 0x0C,
  // "Ë" (U+00CB), RLE, 217 bytes saved (60.3%)
  0x48, 0x2A, 0xEC, 0x24, 0x82, 0x7E, 0xD4, 0x50, 0x5B, 0x09, 0x30, 0x1B, 0x0D, 0x50, 0x5B, 0x09,
  0x30, 0x1B, 0x0C, 0x68, 0x2A, 0xEC, 0x14, 0x82, 0x7E, 0xD4, 0x80, 0x9B, 0x00, 0x0B, 0xFF, 0xA0,
  0xC0, 0xBF, 0xFA, 0x0C, 0x0B, 0xFF, 0xA0, 0xC0, 0xBB, 0x06, 0x80, 0x90, 0x30, 0x20, 0xBB, 0x03,
  0x76, 0x0B, 0xB0, 0x37, 0x60, 0xBB, 0x03, 0x76, 0x0B, 0xB0, 0x37, 0x60, 0xBB, 0x03, 0x76, 0x0B,
  0xB0, 0x37, 0x60, 0xBB, 0x03, 0x76, 0x0B, 0xB0, 0x37, 0x60, 0xBB, 0x03, 0x76, 0x0B, 0xFF, 0xA1,
  0x0B, 0xFF, 0xA1, 0x0B, 0xFF, 0xA1, 0x0B, 0xB0, 0x68, 0x09, 0x03, 0x10, 0xBB, 0x03, 0x76, 0x0B,
  0xB0, 0x37, 0x60, 0xBB, 0x03, 0x76, 0x0B, 0xB0, 0x37, 0x60, 0xBB, 0x03, 0x76, 0x0B, 0xB0, 0x37,
  0x60, 0xBB, 0x03, 0x76, 0x0B, 0xB0, 0x37, 0x60, 0xBB, 0x03, 0x76, 0x0B, 0xB0, 0x37, 0x60, 0xBB,
  0x06, 0x80, 0x90, 0x30, 0x20, 0xBF, 0xFA, 0x0C, 0x0B, 0xFF, 0xA0, 0xC0, 0xBF, 0xFA, 0x0C,
  // "Ì" (U+00CC), RLE, 135 bytes saved (49.5%)
  0x02, 0xC0, 0xA7, 0x10, 0x7C, 0x03, 0x71, 0x09, 0xB0, 0xC7, 0x20, 0xAB, 0x07, 0x72, 0x0B, 0xA0,
  0xE0, 0x27, 0x20, 0xAA, 0x0C, 0x73, 0x08, 0xA0, 0x88, 0x0E, 0x30, 0x03, 0xFC, 0x01, 0x03, 0xFC,
  0x82, 0x11, 0x8B, 0xE8, 0x1E, 0xB7, 0x50, 0x9B, 0x07, 0x71, 0x08, 0xB0, 0x67, 0x10, 0x8B, 0x06,
  0x71, 0x08, 0xB0, 0x67, 0x10, 0x8B, 0x06, 0x71, 0x08, 0xB0, 0x67, 0x10, 0x8B, 0x06, 0x71, 0x08,
  0xB0, 0x67, 0x10, 0x8B, 0x06, 0x71, 0x08, 0xB0, 0x67, 0x10, 0x8B, 0x06, 0x71, 0x08, 0xB0, 0x67,
  0x10, 0x8B, 0x06, 0x71, 0x08, 0xB0, 0x67, 0x10, 0x8B, 0x06, 0x71, 0x08, 0xB0, 0x67, 0x10, 0x8B,
  0x06, 0x71, 0x08, 0xB0, 0x67, 0x10, 0x8B, 0x06, 0x71, 0x08, 0xB0, 0x67, 0x10, 0x8B, 0x06, 0x71,
  0x08, 0xB0, 0x67, 0x10, 0x8B, 0x06, 0x71, 0x08, 0xB0, 0x67, 0x10, 0x8B, 0x06, 0x48, 0x21, 0x69,
  0xDD, 0x83, 0xC9, 0x50, 0x3F, 0xC0, 0x10, 0x3F, 0xC0, 0x10,
  // "Í" (U+00CD), RLE, 134 bytes saved (49.1%)
  0x70, 0x5C, 0x07, 0x70, 0xDB, 0x0C, 0x70, 0x7B, 0x0D, 0x01, 0x60, 0x2B, 0x0D, 0x02, 0x70, 0xCA,
  0x0E, 0x02, 0x70, 0x7A, 0x0D, 0x02, 0x70, 0x2A, 0x0C, 0x01, 0x80, 0xE5, 0x00, 0x3F, 0xC0, 0x10,
  0x3F, 0xC8, 0x21, 0x18, 0xBE, 0x81, 0xEB, 0x75, 0x09, 0xB0, 0x77, 0x10, 0x8B, 0x06, 0x71, 0x08,
  0xB0, 0x67, 0x10, 0x8B, 0x06, 0x71, 0x08, 0xB0, 0x67, 0x10, 0x8B, 0x06, 0x71, 0x08, 0xB0, 0x67,
  0x10, 0x8B, 0x06, 0x71, 0x08, 0xB0, 0x67, 0x10, 0x8B, 0x06, 0x71, 0x08, 0xB0, 0x67, 0x10, 0x8B,
  0x06, 0x71, 0x08, 0xB0, 0x67, 0x10, 0x8B, 0x06, 0x71, 0x08, 0xB0, 0x67, 0x10, 0x8B, 0x06, 0x71,
  0x08, 0xB0, 0x67, 0x10, 0x8B, 0x06, 0x71, 0x08, 0xB0, 0x67, 0x10, 0x8B, 0x06, 0x71, 0x08, 0xB0,
  0x67, 0x10, 0x8B, 0x06, 0x71, 0x08, 0xB0, 0x67, 0x10, 0x8B, 0x06, 0x71, 0x08, 0xB0, 0x64, 0x82,
  0x16, 0x9D, 0xD8, 0x3C, 0x95, 0x03, 0xFC, 0x01, 0x03, 0xFC, 0x01,
  // "Î" (U+00CE), RLE, 181 bytes saved (53.9%)
  0x50, 0x2C, 0x06, 0x73, 0x0C, 0xC0, 0xE0, 0x27, 0x10, 0xAE, 0x0D, 0x01, 0x60, 0x8B, 0x0A, 0x07,
  0xB0, 0xB5, 0x05, 0xB0, 0x82, 0x05, 0xB0, 0xA3, 0x04, 0xB0, 0x64, 0x04, 0x0E, 0xA8, 0x19, 0x02,
  0xA0, 0xD0, 0x36, 0x01, 0x0B, 0xA0, 0x78, 0x0F, 0x60, 0x03, 0xFC, 0x01, 0x30, 0x3F, 0xC0, 0x13,
  0x81, 0x18, 0xBE, 0x81, 0xEB, 0x77, 0x10, 0x9B, 0x07, 0x74, 0x08, 0xB0, 0x67, 0x40, 0x8B, 0x06,
  0x74, 0x08, 0xB0, 0x67, 0x40, 0x8B, 0x06, 0x74, 0x08, 0xB0, 0x67, 0x40, 0x8B, 0x06, 0x74, 0x08,
  0xB0, 0x67, 0x40, 0x8B, 0x06, 0x74, 0x08, 0xB0, 0x67, 0x40, 0x8B, 0x06, 0x74, 0x08, 0xB0, 0x67,
  0x40, 0x8B, 0x06, 0x74, 0x08, 0xB0, 0x67, 0x40, 0x8B, 0x06, 0x74, 0x08, 0xB0, 0x67, 0x40, 0x8B,
  0x06, 0x74, 0x08, 0xB0, 0x67, 0x40, 0x8B, 0x06, 0x74, 0x08, 0xB0, 0x67, 0x40, 0x8B, 0x06, 0x74,
  0x08, 0xB0, 0x67, 0x40, 0x8B, 0x06, 0x74, 0x08, 0xB0, 0x67, 0x40, 0x8B, 0x06, 0x78, 0x21, 0x69,
  0xDD, 0x81, 0xC9, 0x54, 0x03, 0xFC, 0x01, 0x30, 0x3F, 0xC0, 0x11,
  // "Ï" (U+00CF), RLE, 123 bytes saved (47.3%)
  0x18, 0x2A, 0xEC, 0x24, 0x83, 0x7E, 0xD4, 0x5B, 0x09, 0x30, 0x1B, 0x0D, 0x05, 0xB0, 0x93, 0x01,
  0xB8, 0x4C, 0x0A, 0xEC, 0x14, 0x82, 0x7E, 0xD4, 0x80, 0xF5, 0x00, 0x3F, 0xC0, 0x10, 0x3F, 0xC8,
  0x21, 0x18, 0xBE, 0x81, 0xEB, 0x75, 0x09, 0xB0, 0x77, 0x10, 0x8B, 0x06, 0x71, 0x08, 0xB0, 0x67,
  0x10, 0x8B, 0x06, 0x71, 0x08, 0xB0, 0x67, 0x10, 0x8B, 0x06, 0x71, 0x08, 0xB0, 0x67, 0x10, 0x8B,
  0x06, 0x71, 0x08, 0xB0, 0x67, 0x10, 0x8B, 0x06, 0x71, 0x08, 0xB0, 0x67, 0x10, 0x8B, 0x06, 0x71,
  0x08, 0xB0, 0x67, 0x10, 0x8B, 0x06, 0x71, 0x08, 0xB0, 0x67, 0x10, 0x8B, 0x06, 0x71, 0x08, 0xB0,
  0x67, 0x10, 0x8B, 0x06, 0x71, 0x08, 0xB0, 0x67, 0x10, 0x8B, 0x06, 0x71, 0x08, 0xB0, 0x67, 0x10,
  0x8B, 0x06, 0x71, 0x08, 0xB0, 0x67, 0x10, 0x8B, 0x06, 0x71, 0x08, 0xB0, 0x64, 0x82, 0x16, 0x9D,
  0xD8, 0x3C, 0x95, 0x03, 0xFC, 0x01, 0x03, 0xFC, 0x01,
  // "Ð" (U+00D0), RLE, 232 bytes saved (51.6%)
  0x30, 0x6F, 0xB8, 0x3E, 0xDA, 0x73, 0x76, 0x06, 0xFF, 0x98, 0x1E, 0x81, 0x73, 0x06, 0xFF, 0xB0,
  0xE0, 0x67, 0x20, 0x6B, 0x09, 0x80, 0x13, 0x83, 0x45, 0x7B, 0xED, 0x0A, 0x71, 0x06, 0xB0, 0x87,
  0x30, 0x70, 0xDC, 0x0B, 0x70, 0x6B, 0x08, 0x75, 0x0A, 0xC0, 0x96, 0x06, 0xB0, 0x87, 0x60, 0x9C,
  0x04, 0x50, 0x6B, 0x08, 0x77, 0x0B, 0xB0, 0xC5, 0x06, 0xB0, 0x87, 0x70, 0x2C, 0x04, 0x40, 0x6B,
  0x08, 0x77, 0x10, 0xBB, 0x09, 0x40, 0x6B, 0x08, 0x77, 0x10, 0x6B, 0x0E, 0x40, 0x6B, 0x08, 0x77,
  0x10, 0x2C, 0x01, 0x30, 0x6B, 0x08, 0x77, 0x20, 0xEB, 0x83, 0x42, 0x33, 0x8B, 0x09, 0x80, 0x33,
  0x01, 0x71, 0x0D, 0xB0, 0x50, 0xAF, 0xF0, 0x57, 0x10, 0xCB, 0x06, 0x0A, 0xFF, 0x05, 0x71, 0x0B,
  0xB0, 0x60, 0xAF, 0xF0, 0x57, 0x10, 0xCB, 0x06, 0x30, 0x6B, 0x08, 0x77, 0x20, 0xDB, 0x04, 0x30,
  0x6B, 0x08, 0x77, 0x2C, 0x03, 0x30, 0x6B, 0x08, 0x77, 0x10, 0x3C, 0x40, 0x6B, 0x08, 0x77, 0x10,
  0x7B, 0x0C, 0x40, 0x6B, 0x08, 0x77, 0x10, 0xDB, 0x08, 0x40, 0x6B, 0x08, 0x77, 0x05, 0xC0, 0x24,
  0x06, 0xB0, 0x87, 0x60, 0x10, 0xEB, 0x0B, 0x50, 0x6B, 0x08, 0x76, 0x0C, 0xC0, 0x25, 0x06, 0xB0,
  0x87, 0x40, 0x20, 0xDC, 0x07, 0x60, 0x6B, 0x08, 0x72, 0x02, 0x09, 0xD0, 0x97, 0x06, 0xB8, 0x90,
  0x93, 0x33, 0x34, 0x56, 0x9D, 0xE0, 0x77, 0x10, 0x6F, 0xFB, 0x0D, 0x03, 0x72, 0x06, 0xFF, 0x90,
  0xB0, 0x47, 0x40, 0x6F, 0xA8, 0x4D, 0xCB, 0x85, 0x17, 0x30,
  // "Ñ" (U+00D1), RLE, 233 bytes saved (43.7%)
  0x78, 0x46, 0xDF, 0xD8, 0x15, 0x81, 0x7F, 0xC7, 0x40, 0x9D, 0x0E, 0x06, 0x48, 0x1C, 0xFA, 0x73,
  0x03, 0xF9, 0x82, 0xC5, 0x4A, 0xA0, 0x57, 0x30, 0xAA, 0x82, 0x74, 0x7E, 0xF0, 0xD7, 0x48, 0x1E,
  0xF8, 0x40, 0x9E, 0x04, 0x73, 0x02, 0xA0, 0x25, 0x84, 0x3A, 0xEE, 0xB3, 0x80, 0x9D, 0x30, 0x0B,
  0xC0, 0x27, 0x71, 0x08, 0xB0, 0x20, 0xBC, 0x0C, 0x77, 0x10, 0x8B, 0x02, 0x0B, 0xD0, 0x77, 0x70,
  0x8B, 0x02, 0x0B, 0xD0, 0xE0, 0x27, 0x60, 0x8B, 0x02, 0x0B, 0xE0, 0xB7, 0x60, 0x8B, 0x02, 0x0B,
  0xA0, 0xCC, 0x05, 0x75, 0x08, 0xB0, 0x20, 0xBA, 0x09, 0x07, 0xB0, 0xE0, 0x17, 0x40, 0x8B, 0x02,
  0x0B, 0xA8, 0x1A, 0x0C, 0xB0, 0xA7, 0x40, 0x8B, 0x02, 0x0B, 0xA8, 0x1B, 0x03, 0xC0, 0x47, 0x30,
  0x8B, 0x02, 0x0B, 0xA0, 0xC2, 0x08, 0xB0, 0xD0, 0x17, 0x20, 0x8B, 0x02, 0x0B, 0xA0, 0xC3, 0x0D,
  0xB0, 0x97, 0x20, 0x8B, 0x02, 0x0B, 0xA0, 0xD3, 0x03, 0xC0, 0x37, 0x10, 0x8B, 0x02, 0x0B, 0xA0,
  0xD4, 0x08, 0xB0, 0xD7, 0x10, 0x8B, 0x02, 0x0B, 0xA0, 0xE5, 0x0D, 0xB0, 0x87, 0x08, 0xB0, 0x20,
  0xBA, 0x0E, 0x50, 0x4C, 0x03, 0x60, 0x8B, 0x02, 0x0B, 0xA0, 0xE6, 0x09, 0xB0, 0xC6, 0x08, 0xB0,
  0x20, 0xBA, 0x0E, 0x70, 0xDB, 0x07, 0x50, 0x8B, 0x02, 0x0B, 0xA0, 0xE7, 0x04, 0xC0, 0x24, 0x08,
  0xB0, 0x20, 0xBA, 0x0E, 0x71, 0x09, 0xB0, 0xB4, 0x08, 0xB0, 0x20, 0xBA, 0x0E, 0x71, 0x01, 0x0E,
  0xB0, 0x63, 0x07, 0xB0, 0x20, 0xBA, 0x0E, 0x72, 0x05, 0xB0, 0xE0, 0x12, 0x07, 0xB0, 0x20, 0xBA,
  0x0E, 0x73, 0x0A, 0xB0, 0xA2, 0x06, 0xB0, 0x20, 0xBA, 0x0E, 0x73, 0x01, 0x0E, 0xB8, 0x15, 0x06,
  0xB0, 0x20, 0xBA, 0x0E, 0x74, 0x05, 0xB8, 0x1E, 0x15, 0xB0, 0x20, 0xBA, 0x0E, 0x75, 0x0B, 0xB0,
  0x90, 0x4B, 0x02, 0x0B, 0xA0, 0xE7, 0x50, 0x10, 0xEB, 0x08, 0xB0, 0x20, 0xBA, 0x0E, 0x76, 0x06,
  0xF0, 0x20, 0xBA, 0x0E, 0x77, 0x0B, 0xE0, 0x20, 0xBA, 0x0E, 0x77, 0x02, 0x0E, 0xD0, 0x20, 0xBA,
  0x0E, 0x77, 0x10, 0x6D, 0x02, 0x0B, 0xA0, 0xE7, 0x72, 0x0B, 0xC0, 0x20,
  // "Ò" (U+00D2), RLE, 368 bytes saved (58.4%)
  0x72, 0x02, 0xC0, 0xA7, 0x77, 0x40, 0x7C, 0x03, 0x77, 0x74, 0x09, 0xB0, 0xC7, 0x77, 0x50, 0xAB,
  0x07, 0x77, 0x75, 0x0B, 0xA0, 0xE0, 0x27, 0x77, 0x50, 0xAA, 0x0C, 0x77, 0x76, 0x08, 0xA0, 0x88,
  0x0A, 0x90, 0x08, 0x92, 0x16, 0x9C, 0xEE, 0xFE, 0xDA, 0x83, 0x77, 0x20, 0x40, 0xBF, 0xD0, 0xD0,
  0x67, 0x50, 0x10, 0xAF, 0xFA, 0x0C, 0x02, 0x72, 0x01, 0x0D, 0xD8, 0x7C, 0x75, 0x43, 0x56, 0x9E,
  0xC0, 0xE0, 0x47, 0x10, 0xDC, 0x0A, 0x02, 0x72, 0x06, 0x0E, 0xC0, 0x36, 0x0A, 0xC0, 0x57, 0x50,
  0x10, 0xDB, 0x0D, 0x01, 0x40, 0x4C, 0x06, 0x77, 0x01, 0x0D, 0xB0, 0x84, 0x0C, 0xB0, 0xB7, 0x72,
  0x05, 0xC0, 0x12, 0x02, 0xC0, 0x37, 0x73, 0x0C, 0xB0, 0x72, 0x07, 0xB0, 0xC7, 0x74, 0x06, 0xB0,
  0xD2, 0x0B, 0xB0, 0x77, 0x74, 0x01, 0xC0, 0x11, 0xC0, 0x47, 0x75, 0x0D, 0xB0, 0x50, 0x1C, 0x01,
  0x77, 0x50, 0xBB, 0x07, 0x03, 0xC7, 0x76, 0x09, 0xB0, 0x90, 0x4B, 0x0E, 0x77, 0x60, 0x8B, 0x09,
  0x04, 0xB0, 0xD7, 0x76, 0x08, 0xB0, 0xA0, 0x4B, 0x0E, 0x77, 0x60, 0x8B, 0x09, 0x03, 0xC7, 0x76,
  0x09, 0xB0, 0x90, 0x1C, 0x01, 0x77, 0x50, 0xBB, 0x81, 0x70, 0xEB, 0x04, 0x77, 0x50, 0xEB, 0x81,
  0x50, 0xBB, 0x07, 0x77, 0x40, 0x1C, 0x81, 0x10, 0x7B, 0x0C, 0x77, 0x40, 0x7B, 0x0D, 0x20, 0x2C,
  0x03, 0x77, 0x30, 0xCB, 0x07, 0x30, 0xBB, 0x0B, 0x77, 0x20, 0x5C, 0x01, 0x30, 0x4C, 0x06, 0x77,
  0x01, 0x0E, 0xB0, 0x85, 0x0A, 0xC0, 0x57, 0x50, 0x10, 0xDB, 0x0D, 0x70, 0xDC, 0x0A, 0x01, 0x72,
  0x06, 0x0E, 0xB0, 0xE0, 0x37, 0x01, 0x0D, 0xD8, 0x7C, 0x75, 0x43, 0x56, 0xAE, 0xC0, 0xE0, 0x37,
  0x20, 0x10, 0xAF, 0xFA, 0x0C, 0x02, 0x75, 0x04, 0x0B, 0xFD, 0x0D, 0x06, 0x77, 0x28, 0x32, 0x6A,
  0xCE, 0xA8, 0x3E, 0xDA, 0x73, 0x72,
  // "Ó" (U+00D3), RLE, 363 bytes saved (57.6%)
  0x77, 0x20, 0x5C, 0x07, 0x77, 0x73, 0x0D, 0xB0, 0xC7, 0x77, 0x30, 0x7B, 0x0D, 0x01, 0x77, 0x72,
  0x02, 0xB0, 0xD0, 0x27, 0x77, 0x30, 0xCA, 0x0E, 0x02, 0x77, 0x73, 0x07, 0xA0, 0xD0, 0x27, 0x77,
  0x30, 0x2A, 0x0C, 0x01, 0x80, 0xA9, 0x20, 0x89, 0x21, 0x69, 0xCE, 0xEF, 0xED, 0xA8, 0x37, 0x72,
  0x04, 0x0B, 0xFD, 0x0D, 0x06, 0x75, 0x01, 0x0A, 0xFF, 0xA0, 0xC0, 0x27, 0x20, 0x10, 0xDD, 0x87,
  0xC7, 0x54, 0x35, 0x69, 0xEC, 0x0E, 0x04, 0x71, 0x0D, 0xC0, 0xA0, 0x27, 0x20, 0x60, 0xEC, 0x03,
  0x60, 0xAC, 0x05, 0x75, 0x01, 0x0D, 0xB0, 0xD0, 0x14, 0x04, 0xC0, 0x67, 0x70, 0x10, 0xDB, 0x08,
  0x40, 0xCB, 0x0B, 0x77, 0x20, 0x5C, 0x01, 0x20, 0x2C, 0x03, 0x77, 0x30, 0xCB, 0x07, 0x20, 0x7B,
  0x0C, 0x77, 0x40, 0x6B, 0x0D, 0x20, 0xBB, 0x07, 0x77, 0x40, 0x1C, 0x01, 0x1C, 0x04, 0x77, 0x50,
  0xDB, 0x05, 0x01, 0xC0, 0x17, 0x75, 0x0B, 0xB0, 0x70, 0x3C, 0x77, 0x60, 0x9B, 0x09, 0x04, 0xB0,
  0xE7, 0x76, 0x08, 0xB0, 0x90, 0x4B, 0x0D, 0x77, 0x60, 0x8B, 0x0A, 0x04, 0xB0, 0xE7, 0x76, 0x08,
  0xB0, 0x90, 0x3C, 0x77, 0x60, 0x9B, 0x09, 0x01, 0xC0, 0x17, 0x75, 0x0B, 0xB8, 0x17, 0x0E, 0xB0,
  0x47, 0x75, 0x0E, 0xB8, 0x15, 0x0B, 0xB0, 0x77, 0x74, 0x01, 0xC8, 0x11, 0x07, 0xB0, 0xC7, 0x74,
  0x07, 0xB0, 0xD2, 0x02, 0xC0, 0x37, 0x73, 0x0C, 0xB0, 0x73, 0x0B, 0xB0, 0xB7, 0x72, 0x05, 0xC0,
  0x13, 0x04, 0xC0, 0x67, 0x70, 0x10, 0xEB, 0x08, 0x50, 0xAC, 0x05, 0x75, 0x01, 0x0D, 0xB0, 0xD7,
  0x0D, 0xC0, 0xA0, 0x17, 0x20, 0x60, 0xEB, 0x0E, 0x03, 0x70, 0x10, 0xDD, 0x87, 0xC7, 0x54, 0x35,
  0x6A, 0xEC, 0x0E, 0x03, 0x72, 0x01, 0x0A, 0xFF, 0xA0, 0xC0, 0x27, 0x50, 0x40, 0xBF, 0xD0, 0xD0,
  0x67, 0x72, 0x83, 0x26, 0xAC, 0xEA, 0x83, 0xED, 0xA7, 0x37, 0x20,
  // "Ô" (U+00D4), RLE, 354 bytes saved (56.2%)
  0x75, 0x02, 0xC0, 0x67, 0x77, 0x30, 0xCC, 0x0E, 0x02, 0x77, 0x71, 0x0A, 0xE0, 0xD0, 0x17, 0x76,
  0x08, 0xB0, 0xA0, 0x7B, 0x0B, 0x77, 0x50, 0x5B, 0x08, 0x20, 0x5B, 0x0A, 0x77, 0x30, 0x4B, 0x06,
  0x40, 0x40, 0xEA, 0x09, 0x77, 0x10, 0x2A, 0x0D, 0x03, 0x60, 0x10, 0xBA, 0x07, 0x80, 0xA8, 0x40,
  0x89, 0x21, 0x69, 0xCE, 0xEF, 0xED, 0xA8, 0x37, 0x72, 0x04, 0x0B, 0xFD, 0x0D, 0x06, 0x75, 0x01,
  0x0A, 0xFF, 0xA0, 0xC0, 0x27, 0x20, 0x10, 0xDD, 0x87, 0xC7, 0x54, 0x35, 0x69, 0xEC, 0x0E, 0x04,
  0x71, 0x0D, 0xC0, 0xA0, 0x27, 0x20, 0x60, 0xEC, 0x03, 0x60, 0xAC, 0x05, 0x75, 0x01, 0x0D, 0xB0,
  0xD0, 0x14, 0x04, 0xC0, 0x67, 0x70, 0x10, 0xDB, 0x08, 0x40, 0xCB, 0x0B, 0x77, 0x20, 0x5C, 0x01,
  0x20, 0x2C, 0x03, 0x77, 0x30, 0xCB, 0x07, 0x20, 0x7B, 0x0C, 0x77, 0x40, 0x6B, 0x0D, 0x20, 0xBB,
  0x07, 0x77, 0x40, 0x1C, 0x01, 0x1C, 0x04, 0x77, 0x50, 0xDB, 0x05, 0x01, 0xC0, 0x17, 0x75, 0x0B,
  0xB0, 0x70, 0x3C, 0x77, 0x60, 0x9B, 0x09, 0x04, 0xB0, 0xE7, 0x76, 0x08, 0xB0, 0x90, 0x4B, 0x0D,
  0x77, 0x60, 0x8B, 0x0A, 0x04, 0xB0, 0xE7, 0x76, 0x08, 0xB0, 0x90, 0x3C, 0x77, 0x60, 0x9B, 0x09,
  0x01, 0xC0, 0x17, 0x75, 0x0B, 0xB8, 0x17, 0x0E, 0xB0, 0x47, 0x75, 0x0E, 0xB8, 0x15, 0x0B, 0xB0,
  0x77, 0x74, 0x01, 0xC8, 0x11, 0x07, 0xB0, 0xC7, 0x74, 0x07, 0xB0, 0xD2, 0x02, 0xC0, 0x37, 0x73,
  0x0C, 0xB0, 0x73, 0x0B, 0xB0, 0xB7, 0x72, 0x05, 0xC0, 0x13, 0x04, 0xC0, 0x67, 0x70, 0x10, 0xEB,
  0x08, 0x50, 0xAC, 0x05, 0x75, 0x01, 0x0D, 0xB0, 0xD7, 0x0D, 0xC0, 0xA0, 0x17, 0x20, 0x60, 0xEB,
  0x0E, 0x03, 0x70, 0x10, 0xDD, 0x87, 0xC7, 0x54, 0x35, 0x6A, 0xEC, 0x0E, 0x03, 0x72, 0x01, 0x0A,
  0xFF, 0xA0, 0xC0, 0x27, 0x50, 0x40, 0xBF, 0xD0, 0xD0, 0x67, 0x72, 0x83, 0x26, 0xAC, 0xEA, 0x83,
  0xED, 0xA7, 0x37, 0x20,
  // "Õ" (U+00D5), RLE, 339 bytes saved (55.1%)
  0x72, 0x84, 0x6D, 0xFD, 0x81, 0x58, 0x17, 0xFC, 0x77, 0x10, 0x9D, 0x0E, 0x06, 0x48, 0x1C, 0xFA,
  0x77, 0x03, 0xF9, 0x82, 0xC5, 0x4A, 0xA0, 0x57, 0x70, 0xAA, 0x82, 0x74, 0x7E, 0xF0, 0xD7, 0x71,
  0x81, 0xEF, 0x84, 0x09, 0xE0, 0x47, 0x70, 0x2A, 0x02, 0x58, 0x43, 0xAE, 0xEB, 0x38, 0x0A, 0x86,
  0x08, 0x92, 0x16, 0x9C, 0xEE, 0xFE, 0xDA, 0x83, 0x77, 0x20, 0x40, 0xBF, 0xD0, 0xD0, 0x67, 0x50,
  0x10, 0xAF, 0xFA, 0x0C, 0x02, 0x72, 0x01, 0x0D, 0xD8, 0x7C, 0x75, 0x43, 0x56, 0x9E, 0xC0, 0xE0,
  0x47, 0x10, 0xDC, 0x0A, 0x02, 0x72, 0x06, 0x0E, 0xC0, 0x36, 0x0A, 0xC0, 0x57, 0x50, 0x10, 0xDB,
  0x0D, 0x01, 0x40, 0x4C, 0x06, 0x77, 0x01, 0x0D, 0xB0, 0x84, 0x0C, 0xB0, 0xB7, 0x72, 0x05, 0xC0,
  0x12, 0x02, 0xC0, 0x37, 0x73, 0x0C, 0xB0, 0x72, 0x07, 0xB0, 0xC7, 0x74, 0x06, 0xB0, 0xD2, 0x0B,
  0xB0, 0x77, 0x74, 0x01, 0xC0, 0x11, 0xC0, 0x47, 0x75, 0x0D, 0xB0, 0x50, 0x1C, 0x01, 0x77, 0x50,
  0xBB, 0x07, 0x03, 0xC7, 0x76, 0x09, 0xB0, 0x90, 0x4B, 0x0E, 0x77, 0x60, 0x8B, 0x09, 0x04, 0xB0,
  0xD7, 0x76, 0x08, 0xB0, 0xA0, 0x4B, 0x0E, 0x77, 0x60, 0x8B, 0x09, 0x03, 0xC7, 0x76, 0x09, 0xB0,
  0x90, 0x1C, 0x01, 0x77, 0x50, 0xBB, 0x81, 0x70, 0xEB, 0x04, 0x77, 0x50, 0xEB, 0x81, 0x50, 0xBB,
  0x07, 0x77, 0x40, 0x1C, 0x81, 0x10, 0x7B, 0x0C, 0x77, 0x40, 0x7B, 0x0D, 0x20, 0x2C, 0x03, 0x77,
  0x30, 0xCB, 0x07, 0x30, 0xBB, 0x0B, 0x77, 0x20, 0x5C, 0x01, 0x30, 0x4C, 0x06, 0x77, 0x01, 0x0E,
  0xB0, 0x85, 0x0A, 0xC0, 0x57, 0x50, 0x10, 0xDB, 0x0D, 0x70, 0xDC, 0x0A, 0x01, 0x72, 0x06, 0x0E,
  0xB0, 0xE0, 0x37, 0x01, 0x0D, 0xD8, 0x7C, 0x75, 0x43, 0x56, 0xAE, 0xC0, 0xE0, 0x37, 0x20, 0x10,
  0xAF, 0xFA, 0x0C, 0x02, 0x75, 0x04, 0x0B, 0xFD, 0x0D, 0x06, 0x77, 0x28, 0x32, 0x6A, 0xCE, 0xA8,
  0x3E, 0xDA, 0x73, 0x72,
  // "Ö" (U+00D6), RLE, 340 bytes saved (56.7%)
  0x72, 0x82, 0xAE, 0xC2, 0x48, 0x27, 0xED, 0x47, 0x73, 0x05, 0xB0, 0x93, 0x01, 0xB0, 0xD7, 0x73,
  0x05, 0xB0, 0x93, 0x01, 0xB0, 0xC7, 0x74, 0x82, 0xAE, 0xC1, 0x48, 0x27, 0xED, 0x48, 0x0A, 0xC4,
  0x08, 0x92, 0x16, 0x9C, 0xEE, 0xFE, 0xDA, 0x83, 0x77, 0x20, 0x40, 0xBF, 0xD0, 0xD0, 0x67, 0x50,
  0x10, 0xAF, 0xFA, 0x0C, 0x02, 0x72, 0x01, 0x0D, 0xD8, 0x7C, 0x75, 0x43, 0x56, 0x9E, 0xC0, 0xE0,
  0x47, 0x10, 0xDC, 0x0A, 0x02, 0x72, 0x06, 0x0E, 0xC0, 0x36, 0x0A, 0xC0, 0x57, 0x50, 0x10, 0xDB,
  0x0D, 0x01, 0x40, 0x4C, 0x06, 0x77, 0x01, 0x0D, 0xB0, 0x84, 0x0C, 0xB0, 0xB7, 0x72, 0x05, 0xC0,
  0x12, 0x02, 0xC0, 0x37, 0x73, 0x0C, 0xB0, 0x72, 0x07, 0xB0, 0xC7, 0x74, 0x06, 0xB0, 0xD2, 0x0B,
  0xB0, 0x77, 0x74, 0x01, 0xC0, 0x11, 0xC0, 0x47, 0x75, 0x0D, 0xB0, 0x50, 0x1C, 0x01, 0x77, 0x50,
  0xBB, 0x07, 0x03, 0xC7, 0x76, 0x09, 0xB0, 0x90, 0x4B, 0x0E, 0x77, 0x60, 0x8B, 0x09, 0x04, 0xB0,
  0xD7, 0x76, 0x08, 0xB0, 0xA0, 0x4B, 0x0E, 0x77, 0x60, 0x8B, 0x09, 0x03, 0xC7, 0x76, 0x09, 0xB0,
  0x90, 0x1C, 0x01, 0x77, 0x50, 0xBB, 0x81, 0x70, 0xEB, 0x04, 0x77, 0x50, 0xEB, 0x81, 0x50, 0xBB,
  0x07, 0x77, 0x40, 0x1C, 0x81, 0x10, 0x7B, 0x0C, 0x77, 0x40, 0x7B, 0x0D, 0x20, 0x2C, 0x03, 0x77,
  0x30, 0xCB, 0x07, 0x30, 0xBB, 0x0B, 0x77, 0x20, 0x5C, 0x01, 0x30, 0x4C, 0x06, 0x77, 0x01, 0x0E,
  0xB0, 0x85, 0x0A, 0xC0, 0x57, 0x50, 0x10, 0xDB, 0x0D, 0x70, 0xDC, 0x0A, 0x01, 0x72, 0x06, 0x0E,
  0xB0, 0xE0, 0x37, 0x01, 0x0D, 0xD8, 0x7C, 0x75, 0x43, 0x56, 0xAE, 0xC0, 0xE0, 0x37, 0x20, 0x10,
  0xAF, 0xFA, 0x0C, 0x02, 0x75, 0x04, 0x0B, 0xFD, 0x0D, 0x06, 0x77, 0x28, 0x32, 0x6A, 0xCE, 0xA8,
  0x3E, 0xDA, 0x73, 0x72,
  // "×" (U+00D7), RLE, 76 bytes saved (42.0%)
  0x10, 0x90, 0xC7, 0x68, 0x2A, 0xB0, 0x9A, 0x0C, 0x74, 0x0A, 0xA0, 0xB0, 0xAB, 0x0C, 0x72, 0x0A,
  0xB8, 0x1B, 0x0A, 0xB0, 0xB7, 0x0A, 0xB0, 0xB3, 0x0A, 0xB0, 0xB5, 0x0A, 0xB0, 0xB5, 0x0A, 0xB0,
  0xB3, 0x0A, 0xB0, 0xB7, 0x0A, 0xB8, 0x1B, 0x0A, 0xB0, 0xB7, 0x20, 0xAB, 0x0E, 0xB0, 0xB7, 0x40,
  0xAD, 0x0B, 0x76, 0x0E, 0xB0, 0xE0, 0x17, 0x50, 0xAD, 0x0B, 0x74, 0x0A, 0xB0, 0xEB, 0x0B, 0x72,
  0x0A, 0xB8, 0x1B, 0x1B, 0xB0, 0xB7, 0x0A, 0xB0, 0xB3, 0x0A, 0xB0, 0xB5, 0x0A, 0xB0, 0xB5, 0x0A,
  0xB0, 0xB3, 0x0A, 0xB0, 0xB7, 0x0A, 0xB8, 0x1B, 0x0A, 0xB0, 0xB7, 0x20, 0xAB, 0x0B, 0x08, 0xA0,
  0xB7, 0x40, 0xAA, 0x82, 0xA0, 0x8B, 0x76, 0x00, 0xA1,
  // "Ø" (U+00D8), RLE, 205 bytes saved (41.4%)
  0x77, 0x73, 0x81, 0x3A, 0x17, 0x58, 0x92, 0x16, 0x9C, 0xEE, 0xFE, 0xDA, 0x73, 0x28, 0x31, 0xDF,
  0xE5, 0x72, 0x03, 0x0B, 0xFD, 0x81, 0xD6, 0xAB, 0x04, 0x71, 0x09, 0xFF, 0xD0, 0x97, 0x01, 0x0C,
  0xD8, 0x6C, 0x75, 0x43, 0x47, 0xBE, 0x0D, 0x71, 0x0D, 0xC0, 0xA0, 0x27, 0x10, 0x20, 0xBC, 0x0D,
  0x01, 0x60, 0xAC, 0x06, 0x74, 0x05, 0xD0, 0xB5, 0x04, 0xC0, 0x67, 0x40, 0x20, 0xEE, 0x06, 0x40,
  0xCB, 0x0B, 0x75, 0x0C, 0xA0, 0xE0, 0x9B, 0x0E, 0x30, 0x2C, 0x03, 0x74, 0x09, 0xB8, 0x14, 0x0E,
  0xB0, 0x62, 0x07, 0xB0, 0xC7, 0x40, 0x5B, 0x08, 0x20, 0x8B, 0x0C, 0x20, 0xBB, 0x07, 0x73, 0x02,
  0x0E, 0xA0, 0xB3, 0x02, 0xC8, 0x11, 0x0E, 0xB0, 0x47, 0x30, 0xCA, 0x0E, 0x01, 0x40, 0xEB, 0x04,
  0x01, 0xC0, 0x17, 0x20, 0x9B, 0x04, 0x50, 0xBB, 0x07, 0x03, 0xC7, 0x20, 0x5B, 0x08, 0x60, 0x9B,
  0x09, 0x04, 0xB0, 0xE7, 0x10, 0x20, 0xEA, 0x0C, 0x70, 0x8B, 0x0A, 0x04, 0xB0, 0xD7, 0x10, 0xCA,
  0x0E, 0x02, 0x70, 0x8B, 0x0A, 0x03, 0xB0, 0xE7, 0x08, 0xB0, 0x57, 0x10, 0x8B, 0x0A, 0x02, 0xB0,
  0xE6, 0x04, 0xB0, 0x97, 0x20, 0x9B, 0x09, 0x01, 0xC0, 0x14, 0x01, 0x0E, 0xA0, 0xC7, 0x30, 0xAB,
  0x81, 0x70, 0xEB, 0x03, 0x40, 0xBA, 0x0E, 0x02, 0x73, 0x0D, 0xB8, 0x15, 0x0B, 0xB0, 0x73, 0x08,
  0xB0, 0x57, 0x30, 0x1C, 0x81, 0x10, 0x7B, 0x0C, 0x20, 0x4B, 0x09, 0x74, 0x06, 0xB0, 0xD2, 0x02,
  0xC8, 0x12, 0x1E, 0xA0, 0xD7, 0x50, 0xCB, 0x07, 0x30, 0xBB, 0x00, 0xBB, 0x02, 0x74, 0x05, 0xC0,
  0x13, 0x04, 0xF0, 0x67, 0x40, 0x10, 0xDB, 0x08, 0x50, 0xAD, 0x0A, 0x74, 0x01, 0x0D, 0xB0, 0xD0,
  0x16, 0x0D, 0xC0, 0xA0, 0x27, 0x20, 0x60, 0xEC, 0x03, 0x70, 0xBE, 0x87, 0xB7, 0x54, 0x35, 0x6A,
  0xEC, 0x0E, 0x04, 0x70, 0x7F, 0xFD, 0x0C, 0x02, 0x70, 0x3B, 0x81, 0xB4, 0xCF, 0xD0, 0xD0, 0x67,
  0x28, 0x35, 0xEF, 0xE1, 0x28, 0x32, 0x7A, 0xCE, 0xA8, 0x3E, 0xDB, 0x83, 0x75, 0x81, 0x1A, 0x47,
  0x77, 0x30,
  // "Ù" (U+00D9), RLE, 308 bytes saved (58.7%)
  0x60, 0x2C, 0x0A, 0x77, 0x60, 0x7C, 0x03, 0x77, 0x60, 0x9B, 0x0C, 0x77, 0x70, 0xAB, 0x07, 0x77,
  0x70, 0xBA, 0x0E, 0x02, 0x77, 0x70, 0xAA, 0x0C, 0x77, 0x71, 0x08, 0xA0, 0x88, 0x09, 0xD1, 0x0B,
  0x0E, 0x77, 0x20, 0xBB, 0x02, 0xB0, 0xE7, 0x72, 0x0B, 0xB0, 0x2B, 0x0E, 0x77, 0x20, 0xBB, 0x02,
  0xB0, 0xE7, 0x72, 0x0B, 0xB0, 0x2B, 0x0E, 0x77, 0x20, 0xBB, 0x02, 0xB0, 0xE7, 0x72, 0x0B, 0xB0,
  0x2B, 0x0E, 0x77, 0x20, 0xBB, 0x02, 0xB0, 0xE7, 0x72, 0x0B, 0xB0, 0x2B, 0x0E, 0x77, 0x20, 0xBB,
  0x02, 0xB0, 0xE7, 0x72, 0x0B, 0xB0, 0x2B, 0x0E, 0x77, 0x20, 0xBB, 0x02, 0xB0, 0xE7, 0x72, 0x0B,
  0xB0, 0x2B, 0x0E, 0x77, 0x20, 0xBB, 0x02, 0xB0, 0xE7, 0x72, 0x0B, 0xB0, 0x2B, 0x0E, 0x77, 0x20,
  0xBB, 0x02, 0xB0, 0xE7, 0x72, 0x0B, 0xB0, 0x2B, 0x0E, 0x77, 0x20, 0xBB, 0x02, 0xB0, 0xE7, 0x72,
  0x0B, 0xB0, 0x2B, 0x0E, 0x77, 0x20, 0xBB, 0x02, 0xB0, 0xE7, 0x72, 0x0B, 0xB0, 0x2B, 0x0E, 0x77,
  0x20, 0xCB, 0x01, 0x0E, 0xB7, 0x72, 0x0D, 0xB1, 0x0B, 0xB0, 0x37, 0x70, 0x1B, 0x81, 0xD0, 0x7B,
  0x08, 0x77, 0x06, 0xB8, 0x19, 0x02, 0xB0, 0xE0, 0x17, 0x60, 0xDB, 0x04, 0x20, 0xAB, 0x0B, 0x75,
  0x0A, 0xB0, 0xC3, 0x02, 0x0E, 0xB0, 0xC0, 0x37, 0x10, 0x10, 0xAC, 0x03, 0x40, 0x4D, 0x86, 0xC7,
  0x54, 0x34, 0x6A, 0xD0, 0x66, 0x04, 0x0E, 0xFF, 0x0E, 0x05, 0x71, 0x02, 0x09, 0xFD, 0x0A, 0x02,
  0x74, 0x83, 0x16, 0xAC, 0xEA, 0x83, 0xEC, 0xA6, 0x17,
  // "Ú" (U+00DA), RLE, 304 bytes saved (57.9%)
  0x76, 0x05, 0xC0, 0x77, 0x75, 0x0D, 0xB0, 0xC7, 0x75, 0x07, 0xB0, 0xD0, 0x17, 0x74, 0x02, 0xB0,
  0xD0, 0x27, 0x75, 0x0C, 0xA0, 0xE0, 0x27, 0x75, 0x07, 0xA0, 0xD0, 0x27, 0x75, 0x02, 0xA0, 0xC0,
  0x18, 0x09, 0xD3, 0x0B, 0x0E, 0x77, 0x20, 0xBB, 0x02, 0xB0, 0xE7, 0x72, 0x0B, 0xB0, 0x2B, 0x0E,
  0x77, 0x20, 0xBB, 0x02, 0xB0, 0xE7, 0x72, 0x0B, 0xB0, 0x2B, 0x0E, 0x77, 0x20, 0xBB, 0x02, 0xB0,
  0xE7, 0x72, 0x0B, 0xB0, 0x2B, 0x0E, 0x77, 0x20, 0xBB, 0x02, 0xB0, 0xE7, 0x72, 0x0B, 0xB0, 0x2B,
  0x0E, 0x77, 0x20, 0xBB, 0x02, 0xB0, 0xE7, 0x72, 0x0B, 0xB0, 0x2B, 0x0E, 0x77, 0x20, 0xBB, 0x02,
  0xB0, 0xE7, 0x72, 0x0B, 0xB0, 0x2B, 0x0E, 0x77, 0x20, 0xBB, 0x02, 0xB0, 0xE7, 0x72, 0x0B, 0xB0,
  0x2B, 0x0E, 0x77, 0x20, 0xBB, 0x02, 0xB0, 0xE7, 0x72, 0x0B, 0xB0, 0x2B, 0x0E, 0x77, 0x20, 0xBB,
  0x02, 0xB0, 0xE7, 0x72, 0x0B, 0xB0, 0x2B, 0x0E, 0x77, 0x20, 0xBB, 0x02, 0xB0, 0xE7, 0x72, 0x0B,
  0xB0, 0x2B, 0x0E, 0x77, 0x20, 0xCB, 0x01, 0x0E, 0xB7, 0x72, 0x0D, 0xB1, 0x0B, 0xB0, 0x37, 0x70,
  0x1B, 0x81, 0xD0, 0x7B, 0x08, 0x77, 0x06, 0xB8, 0x19, 0x02, 0xB0, 0xE0, 0x17, 0x60, 0xDB, 0x04,
  0x20, 0xAB, 0x0B, 0x75, 0x0A, 0xB0, 0xC3, 0x02, 0x0E, 0xB0, 0xC0, 0x37, 0x10, 0x10, 0xAC, 0x03,
  0x40, 0x4D, 0x86, 0xC7, 0x54, 0x34, 0x6A, 0xD0, 0x66, 0x04, 0x0E, 0xFF, 0x0E, 0x05, 0x71, 0x02,
  0x09, 0xFD, 0x0A, 0x02, 0x74, 0x83, 0x16, 0xAC, 0xEA, 0x83, 0xEC, 0xA6, 0x17,
  // "Û" (U+00DB), RLE, 294 bytes saved (56.0%)
  0x72, 0x02, 0xC0, 0x67, 0x75, 0x0C, 0xC0, 0xE0, 0x27, 0x73, 0x0A, 0xE0, 0xD0, 0x17, 0x71, 0x08,
  0xB0, 0xA0, 0x7B, 0x0B, 0x77, 0x05, 0xB0, 0x82, 0x05, 0xB0, 0xA7, 0x50, 0x4B, 0x06, 0x40, 0x40,
  0xEA, 0x09, 0x73, 0x02, 0xA0, 0xD0, 0x36, 0x01, 0x0B, 0xA0, 0x78, 0x09, 0xC5, 0x0B, 0x0E, 0x77,
  0x20, 0xBB, 0x02, 0xB0, 0xE7, 0x72, 0x0B, 0xB0, 0x2B, 0x0E, 0x77, 0x20, 0xBB, 0x02, 0xB0, 0xE7,
  0x72, 0x0B, 0xB0, 0x2B, 0x0E, 0x77, 0x20, 0xBB, 0x02, 0xB0, 0xE7, 0x72, 0x0B, 0xB0, 0x2B, 0x0E,
  0x77, 0x20, 0xBB, 0x02, 0xB0, 0xE7, 0x72, 0x0B, 0xB0, 0x2B, 0x0E, 0x77, 0x20, 0xBB, 0x02, 0xB0,
  0xE7, 0x72, 0x0B, 0xB0, 0x2B, 0x0E, 0x77, 0x20, 0xBB, 0x02, 0xB0, 0xE7, 0x72, 0x0B, 0xB0, 0x2B,
  0x0E, 0x77, 0x20, 0xBB, 0x02, 0xB0, 0xE7, 0x72, 0x0B, 0xB0, 0x2B, 0x0E, 0x77, 0x20, 0xBB, 0x02,
  0xB0, 0xE7, 0x72, 0x0B, 0xB0, 0x2B, 0x0E, 0x77, 0x20, 0xBB, 0x02, 0xB0, 0xE7, 0x72, 0x0B, 0xB0,
  0x2B, 0x0E, 0x77, 0x20, 0xBB, 0x02, 0xB0, 0xE7, 0x72, 0x0B, 0xB0, 0x2B, 0x0E, 0x77, 0x20, 0xCB,
  0x01, 0x0E, 0xB7, 0x72, 0x0D, 0xB1, 0x0B, 0xB0, 0x37, 0x70, 0x1B, 0x81, 0xD0, 0x7B, 0x08, 0x77,
  0x06, 0xB8, 0x19, 0x02, 0xB0, 0xE0, 0x17, 0x60, 0xDB, 0x04, 0x20, 0xAB, 0x0B, 0x75, 0x0A, 0xB0,
  0xC3, 0x02, 0x0E, 0xB0, 0xC0, 0x37, 0x10, 0x10, 0xAC, 0x03, 0x40, 0x4D, 0x86, 0xC7, 0x54, 0x34,
  0x6A, 0xD0, 0x66, 0x04, 0x0E, 0xFF, 0x0E, 0x05, 0x71, 0x02, 0x09, 0xFD, 0x0A, 0x02, 0x74, 0x83,
  0x16, 0xAC, 0xEA, 0x83, 0xEC, 0xA6, 0x17,
  // "Ü" (U+00DC), RLE, 284 bytes saved (56.8%)
  0x68, 0x2A, 0xEC, 0x24, 0x82, 0x7E, 0xD4, 0x75, 0x05, 0xB0, 0x93, 0x01, 0xB0, 0xD7, 0x50, 0x5B,
  0x09, 0x30, 0x1B, 0x0C, 0x76, 0x82, 0xAE, 0xC1, 0x48, 0x27, 0xED, 0x48, 0x0A, 0x80, 0x0B, 0x0E,
  0x77, 0x20, 0xBB, 0x02, 0xB0, 0xE7, 0x72, 0x0B, 0xB0, 0x2B, 0x0E, 0x77, 0x20, 0xBB, 0x02, 0xB0,
  0xE7, 0x72, 0x0B, 0xB0, 0x2B, 0x0E, 0x77, 0x20, 0xBB, 0x02, 0xB0, 0xE7, 0x72, 0x0B, 0xB0, 0x2B,
  0x0E, 0x77, 0x20, 0xBB, 0x02, 0xB0, 0xE7, 0x72, 0x0B, 0xB0, 0x2B, 0x0E, 0x77, 0x20, 0xBB, 0x02,
  0xB0, 0xE7, 0x72, 0x0B, 0xB0, 0x2B, 0x0E, 0x77, 0x20, 0xBB, 0x02, 0xB0, 0xE7, 0x72, 0x0B, 0xB0,
  0x2B, 0x0E, 0x77, 0x20, 0xBB, 0x02, 0xB0, 0xE7, 0x72, 0x0B, 0xB0, 0x2B, 0x0E, 0x77, 0x20, 0xBB,
  0x02, 0xB0, 0xE7, 0x72, 0x0B, 0xB0, 0x2B, 0x0E, 0x77, 0x20, 0xBB, 0x02, 0xB0, 0xE7, 0x72, 0x0B,
  0xB0, 0x2B, 0x0E, 0x77, 0x20, 0xBB, 0x02, 0xB0, 0xE7, 0x72, 0x0B, 0xB0, 0x2B, 0x0E, 0x77, 0x20,
  0xCB, 0x01, 0x0E, 0xB7, 0x72, 0x0D, 0xB1, 0x0B, 0xB0, 0x37, 0x70, 0x1B, 0x81, 0xD0, 0x7B, 0x08,
  0x77, 0x06, 0xB8, 0x19, 0x02, 0xB0, 0xE0, 0x17, 0x60, 0xDB, 0x04, 0x20, 0xAB, 0x0B, 0x75, 0x0A,
  0xB0, 0xC3, 0x02, 0x0E, 0xB0, 0xC0, 0x37, 0x10, 0x10, 0xAC, 0x03, 0x40, 0x4D, 0x86, 0xC7, 0x54,
  0x34, 0x6A, 0xD0, 0x66, 0x04, 0x0E, 0xFF, 0x0E, 0x05, 0x71, 0x02, 0x09, 0xFD, 0x0A, 0x02, 0x74,
  0x83, 0x16, 0xAC, 0xEA, 0x83, 0xEC, 0xA6, 0x17,
  // "Ý" (U+00DD), RLE, 323 bytes saved (61.5%)
  0x76, 0x05, 0xC0, 0x77, 0x75, 0x0D, 0xB0, 0xC7, 0x75, 0x07, 0xB0, 0xD0, 0x17, 0x74, 0x02, 0xB0,
  0xD0, 0x27, 0x75, 0x0C, 0xA0, 0xE0, 0x27, 0x75, 0x07, 0xA0, 0xD0, 0x27, 0x75, 0x02, 0xA0, 0xC0,
  0x18, 0x09, 0xD3, 0x00, 0xBB, 0x08, 0x77, 0x10, 0x9B, 0x09, 0x02, 0xC0, 0x17, 0x60, 0x2C, 0x81,
  0x10, 0x9B, 0x09, 0x76, 0x0A, 0xB0, 0x82, 0x01, 0xC0, 0x27, 0x40, 0x3B, 0x0E, 0x40, 0x8B, 0x0A,
  0x74, 0x0B, 0xB0, 0x64, 0x01, 0x0E, 0xB0, 0x37, 0x20, 0x4B, 0x0D, 0x60, 0x7B, 0x0B, 0x72, 0x0C,
  0xB0, 0x57, 0x0D, 0xB0, 0x47, 0x05, 0xB0, 0xB7, 0x10, 0x5B, 0x0C, 0x70, 0xDB, 0x03, 0x72, 0x0C,
  0xB0, 0x45, 0x06, 0xB0, 0xA7, 0x30, 0x4B, 0x0C, 0x50, 0xDB, 0x02, 0x74, 0x0B, 0xB0, 0x53, 0x07,
  0xB0, 0x87, 0x50, 0x2B, 0x0D, 0x30, 0xEA, 0x0E, 0x01, 0x76, 0x09, 0xB8, 0x16, 0x07, 0xB0, 0x77,
  0x70, 0x1B, 0x81, 0xE2, 0xEA, 0x0D, 0x77, 0x20, 0x8B, 0x0D, 0xB0, 0x57, 0x72, 0x01, 0x0E, 0xD0,
  0xC7, 0x74, 0x06, 0xD0, 0x47, 0x75, 0x0D, 0xB0, 0xB7, 0x76, 0x08, 0xB0, 0x67, 0x76, 0x08, 0xB0,
  0x67, 0x76, 0x08, 0xB0, 0x67, 0x76, 0x08, 0xB0, 0x67, 0x76, 0x08, 0xB0, 0x67, 0x76, 0x08, 0xB0,
  0x67, 0x76, 0x08, 0xB0, 0x67, 0x76, 0x08, 0xB0, 0x67, 0x76, 0x08, 0xB0, 0x67, 0x76, 0x08, 0xB0,
  0x67, 0x76, 0x08, 0xB0, 0x67, 0x76, 0x08, 0xB0, 0x67, 0x30,
  // "Þ" (U+00DE), RLE, 156 bytes saved (47.9%)
  0x0B, 0xB0, 0x37, 0x72, 0x0B, 0xB0, 0x37, 0x72, 0x0B, 0xB0, 0x37, 0x72, 0x0B, 0xB0, 0x37, 0x72,
  0x0B, 0xB0, 0x37, 0x72, 0x0B, 0xF9, 0x84, 0xED, 0xCA, 0x72, 0x60, 0xBF, 0xF0, 0xC0, 0x44, 0x0B,
  0xFF, 0xA0, 0x93, 0x0B, 0xB8, 0x76, 0x33, 0x33, 0x45, 0x8C, 0xD0, 0x82, 0x0B, 0xB0, 0x37, 0x10,
  0x30, 0xCC, 0x81, 0x30, 0xBB, 0x03, 0x72, 0x01, 0x0D, 0xB8, 0x1B, 0x0B, 0xB0, 0x37, 0x30, 0x4C,
  0x10, 0xBB, 0x03, 0x74, 0x0E, 0xB0, 0x30, 0xBB, 0x03, 0x74, 0x0C, 0xB0, 0x40, 0xBB, 0x03, 0x74,
  0x0B, 0xB0, 0x50, 0xBB, 0x03, 0x74, 0x0C, 0xB0, 0x40, 0xBB, 0x03, 0x74, 0x0E, 0xB0, 0x10, 0xBB,
  0x03, 0x73, 0x04, 0xB8, 0x1D, 0x0B, 0xB0, 0x37, 0x30, 0xDB, 0x81, 0x70, 0xBB, 0x03, 0x71, 0x02,
  0x0C, 0xB8, 0x2E, 0x10, 0xBB, 0x03, 0x48, 0x21, 0x36, 0xBD, 0x04, 0x20, 0xBF, 0xF9, 0x0E, 0x05,
  0x30, 0xBF, 0xF0, 0xB0, 0x24, 0x0B, 0xFB, 0x82, 0xEB, 0x72, 0x60, 0xBB, 0x85, 0x63, 0x33, 0x32,
  0x17, 0x30, 0xBB, 0x03, 0x77, 0x20, 0xBB, 0x03, 0x77, 0x20, 0xBB, 0x03, 0x77, 0x20, 0xBB, 0x03,
  0x77, 0x20, 0xBB, 0x03, 0x77, 0x20, 0xBB, 0x03, 0x77, 0x20,
  // "ß" (U+00DF), RLE, 152 bytes saved (38.9%)
  0x58, 0x91, 0x27, 0xBD, 0xEF, 0xED, 0xB8, 0x37, 0x30, 0x20, 0xAF, 0xC0, 0xC0, 0x37, 0x03, 0x0E,
  0xFF, 0x06, 0x50, 0x20, 0xEC, 0x85, 0xA6, 0x43, 0x46, 0xAD, 0x03, 0x40, 0x9B, 0x0D, 0x02, 0x70,
  0x10, 0xCB, 0x09, 0x40, 0xEB, 0x03, 0x72, 0x03, 0xB0, 0xD3, 0x02, 0xB0, 0xC7, 0x4B, 0x0E, 0x30,
  0x3B, 0x0A, 0x73, 0x01, 0xB0, 0xD3, 0x04, 0xB0, 0x97, 0x30, 0x7B, 0x08, 0x30, 0x4B, 0x09, 0x72,
  0x04, 0xB0, 0xE0, 0x23, 0x04, 0xB0, 0x97, 0x10, 0x6C, 0x05, 0x40, 0x4B, 0x09, 0x70, 0x9C, 0x05,
  0x50, 0x4B, 0x09, 0x60, 0xAB, 0x0E, 0x03, 0x60, 0x4B, 0x09, 0x50, 0x5B, 0x0D, 0x01, 0x70, 0x4B,
  0x09, 0x50, 0xCB, 0x02, 0x71, 0x04, 0xB0, 0x95, 0x0E, 0xA0, 0xD7, 0x20, 0x4B, 0x09, 0x50, 0xDB,
  0x02, 0x71, 0x04, 0xB0, 0x95, 0x09, 0xB0, 0xD0, 0x27, 0x04, 0xB0, 0x95, 0x01, 0x0E, 0xB0, 0xE0,
  0x66, 0x04, 0xB0, 0x96, 0x03, 0x0E, 0xC0, 0xB0, 0x14, 0x04, 0xB0, 0x97, 0x02, 0x0C, 0xC0, 0xE0,
  0x43, 0x04, 0xB0, 0x97, 0x20, 0x8D, 0x05, 0x20, 0x4B, 0x09, 0x73, 0x03, 0x0D, 0xC8, 0x14, 0x04,
  0xB0, 0x97, 0x50, 0xBB, 0x81, 0xE0, 0x4B, 0x09, 0x76, 0x0C, 0xB0, 0x60, 0x4B, 0x09, 0x76, 0x04,
  0xB0, 0xA0, 0x4B, 0x09, 0x76, 0x01, 0xB0, 0xB0, 0x4B, 0x09, 0x77, 0xB0, 0xB0, 0x4B, 0x09, 0x76,
  0x04, 0xB0, 0x90, 0x4B, 0x09, 0x30, 0xA0, 0x57, 0x10, 0xCB, 0x05, 0x04, 0xB0, 0x93, 0x89, 0x0C,
  0xFE, 0xA6, 0x43, 0x47, 0xDB, 0x81, 0xE0, 0x4B, 0x09, 0x30, 0xCF, 0xD8, 0x14, 0x04, 0xB0, 0x93,
  0x0A, 0xFB, 0x0D, 0x04, 0x20, 0x4B, 0x09, 0x48, 0x90, 0x48, 0xBD, 0xEF, 0xED, 0xA5, 0x40,
  // "à" (U+00E0), RLE, 162 bytes saved (47.6%)
  0x40, 0x2C, 0x0A, 0x77, 0x10, 0x7C, 0x03, 0x77, 0x10, 0x9B, 0x0C, 0x77, 0x20, 0xAB, 0x07, 0x77,
  0x20, 0xBA, 0x0E, 0x02, 0x77, 0x20, 0xAA, 0x0C, 0x77, 0x30, 0x8A, 0x08, 0x80, 0x98, 0x30, 0x89,
  0x11, 0x69, 0xCE, 0xFE, 0xDB, 0x71, 0x70, 0x40, 0xBF, 0xC0, 0x75, 0x02, 0xFF, 0x08, 0x50, 0xBA,
  0x86, 0xC8, 0x54, 0x34, 0x7D, 0xC0, 0x34, 0x81, 0x37, 0x27, 0x10, 0x9B, 0x09, 0x77, 0x20, 0xEA,
  0x0D, 0x77, 0x20, 0xBB, 0x77, 0x20, 0xAB, 0x01, 0x72, 0x85, 0x22, 0x33, 0x33, 0xBB, 0x01, 0x48,
  0x21, 0x6B, 0xEF, 0xC0, 0x12, 0x01, 0x09, 0xFF, 0x98, 0x21, 0x01, 0xCF, 0xFA, 0x81, 0x10, 0xBC,
  0x82, 0xD7, 0x41, 0x50, 0xAB, 0x01, 0x05, 0xC0, 0x77, 0x20, 0xAB, 0x01, 0x0A, 0xB0, 0xA7, 0x30,
  0xBB, 0x01, 0x0D, 0xB0, 0x37, 0x30, 0xCB, 0x01, 0x0E, 0xB0, 0x17, 0x3C, 0x01, 0x0E, 0xB0, 0x17,
  0x20, 0x6C, 0x01, 0x0C, 0xB0, 0x57, 0x10, 0x20, 0xEC, 0x01, 0x08, 0xB0, 0xD0, 0x16, 0x04, 0x0E,
  0xD0, 0x10, 0x2C, 0x85, 0xE8, 0x53, 0x47, 0xCA, 0x0E, 0x08, 0xB8, 0x11, 0x07, 0xFC, 0x81, 0xE3,
  0x2B, 0x01, 0x20, 0x7F, 0xA0, 0xC0, 0x22, 0xB0, 0x13, 0x87, 0x18, 0xCE, 0xFE, 0xDA, 0x54, 0x0C,
  0xA0, 0x10,
  // "á" (U+00E1), RLE, 161 bytes saved (47.4%)
  0x74, 0x05, 0xC0, 0x77, 0x70, 0xDB, 0x0C, 0x77, 0x07, 0xB0, 0xD0, 0x17, 0x60, 0x2B, 0x0D, 0x02,
  0x77, 0x0C, 0xA0, 0xE0, 0x27, 0x70, 0x7A, 0x0D, 0x02, 0x77, 0x02, 0xA0, 0xC0, 0x18, 0x09, 0x85,
  0x08, 0x91, 0x16, 0x9C, 0xEF, 0xED, 0xB7, 0x17, 0x04, 0x0B, 0xFC, 0x07, 0x50, 0x2F, 0xF0, 0x85,
  0x0B, 0xA8, 0x6C, 0x85, 0x43, 0x47, 0xDC, 0x03, 0x48, 0x13, 0x72, 0x71, 0x09, 0xB0, 0x97, 0x72,
  0x0E, 0xA0, 0xD7, 0x72, 0x0B, 0xB7, 0x72, 0x0A, 0xB0, 0x17, 0x28, 0x52, 0x23, 0x33, 0x3B, 0xB0,
  0x14, 0x82, 0x16, 0xBE, 0xFC, 0x01, 0x20, 0x10, 0x9F, 0xF9, 0x82, 0x10, 0x1C, 0xFF, 0xA8, 0x11,
  0x0B, 0xC8, 0x2D, 0x74, 0x15, 0x0A, 0xB0, 0x10, 0x5C, 0x07, 0x72, 0x0A, 0xB0, 0x10, 0xAB, 0x0A,
  0x73, 0x0B, 0xB0, 0x10, 0xDB, 0x03, 0x73, 0x0C, 0xB0, 0x10, 0xEB, 0x01, 0x73, 0xC0, 0x10, 0xEB,
  0x01, 0x72, 0x06, 0xC0, 0x10, 0xCB, 0x05, 0x71, 0x02, 0x0E, 0xC0, 0x10, 0x8B, 0x0D, 0x01, 0x60,
  0x40, 0xED, 0x01, 0x02, 0xC8, 0x5E, 0x85, 0x34, 0x7C, 0xA0, 0xE0, 0x8B, 0x81, 0x10, 0x7F, 0xC8,
  0x1E, 0x32, 0xB0, 0x12, 0x07, 0xFA, 0x0C, 0x02, 0x2B, 0x01, 0x38, 0x71, 0x8C, 0xEF, 0xED, 0xA5,
  0x40, 0xCA, 0x01,
  // "â" (U+00E2), RLE, 151 bytes saved (44.4%)
  0x70, 0x2C, 0x06, 0x77, 0x0C, 0xC0, 0xE0, 0x27, 0x50, 0xAE, 0x0D, 0x01, 0x73, 0x08, 0xB0, 0xA0,
  0x7B, 0x0B, 0x72, 0x05, 0xB0, 0x82, 0x05, 0xB0, 0xA7, 0x04, 0xB0, 0x64, 0x04, 0x0E, 0xA0, 0x95,
  0x02, 0xA0, 0xD0, 0x36, 0x01, 0x0B, 0xA0, 0x78, 0x0F, 0x70, 0x89, 0x11, 0x69, 0xCE, 0xFE, 0xDB,
  0x71, 0x70, 0x40, 0xBF, 0xC0, 0x75, 0x02, 0xFF, 0x08, 0x50, 0xBA, 0x86, 0xC8, 0x54, 0x34, 0x7D,
  0xC0, 0x34, 0x81, 0x37, 0x27, 0x10, 0x9B, 0x09, 0x77, 0x20, 0xEA, 0x0D, 0x77, 0x20, 0xBB, 0x77,
  0x20, 0xAB, 0x01, 0x72, 0x85, 0x22, 0x33, 0x33, 0xBB, 0x01, 0x48, 0x21, 0x6B, 0xEF, 0xC0, 0x12,
  0x01, 0x09, 0xFF, 0x98, 0x21, 0x01, 0xCF, 0xFA, 0x81, 0x10, 0xBC, 0x82, 0xD7, 0x41, 0x50, 0xAB,
  0x01, 0x05, 0xC0, 0x77, 0x20, 0xAB, 0x01, 0x0A, 0xB0, 0xA7, 0x30, 0xBB, 0x01, 0x0D, 0xB0, 0x37,
  0x30, 0xCB, 0x01, 0x0E, 0xB0, 0x17, 0x3C, 0x01, 0x0E, 0xB0, 0x17, 0x20, 0x6C, 0x01, 0x0C, 0xB0,
  0x57, 0x10, 0x20, 0xEC, 0x01, 0x08, 0xB0, 0xD0, 0x16, 0x04, 0x0E, 0xD0, 0x10, 0x2C, 0x85, 0xE8,
  0x53, 0x47, 0xCA, 0x0E, 0x08, 0xB8, 0x11, 0x07, 0xFC, 0x81, 0xE3, 0x2B, 0x01, 0x20, 0x7F, 0xA0,
  0xC0, 0x22, 0xB0, 0x13, 0x87, 0x18, 0xCE, 0xFE, 0xDA, 0x54, 0x0C, 0xA0, 0x10,
  // "ã" (U+00E3), RLE, 139 bytes saved (42.1%)
  0x58, 0x46, 0xDF, 0xD8, 0x15, 0x81, 0x7F, 0xC5, 0x09, 0xD0, 0xE0, 0x64, 0x81, 0xCF, 0xA4, 0x03,
  0xF9, 0x82, 0xC5, 0x4A, 0xA0, 0x54, 0x0A, 0xA8, 0x27, 0x47, 0xEF, 0x0D, 0x58, 0x1E, 0xF8, 0x40,
  0x9E, 0x04, 0x40, 0x2A, 0x02, 0x58, 0x43, 0xAE, 0xEB, 0x38, 0x09, 0x80, 0x08, 0x91, 0x16, 0x9C,
  0xEF, 0xED, 0xB7, 0x17, 0x04, 0x0B, 0xFC, 0x07, 0x50, 0x2F, 0xF0, 0x85, 0x0B, 0xA8, 0x6C, 0x85,
  0x43, 0x47, 0xDC, 0x03, 0x48, 0x13, 0x72, 0x71, 0x09, 0xB0, 0x97, 0x72, 0x0E, 0xA0, 0xD7, 0x72,
  0x0B, 0xB7, 0x72, 0x0A, 0xB0, 0x17, 0x28, 0x52, 0x23, 0x33, 0x3B, 0xB0, 0x14, 0x82, 0x16, 0xBE,
  0xFC, 0x01, 0x20, 0x10, 0x9F, 0xF9, 0x82, 0x10, 0x1C, 0xFF, 0xA8, 0x11, 0x0B, 0xC8, 0x2D, 0x74,
  0x15, 0x0A, 0xB0, 0x10, 0x5C, 0x07, 0x72, 0x0A, 0xB0, 0x10, 0xAB, 0x0A, 0x73, 0x0B, 0xB0, 0x10,
  0xDB, 0x03, 0x73, 0x0C, 0xB0, 0x10, 0xEB, 0x01, 0x73, 0xC0, 0x10, 0xEB, 0x01, 0x72, 0x06, 0xC0,
  0x10, 0xCB, 0x05, 0x71, 0x02, 0x0E, 0xC0, 0x10, 0x8B, 0x0D, 0x01, 0x60, 0x40, 0xED, 0x01, 0x02,
  0xC8, 0x5E, 0x85, 0x34, 0x7C, 0xA0, 0xE0, 0x8B, 0x81, 0x10, 0x7F, 0xC8, 0x1E, 0x32, 0xB0, 0x12,
  0x07, 0xFA, 0x0C, 0x02, 0x2B, 0x01, 0x38, 0x71, 0x8C, 0xEF, 0xED, 0xA5, 0x40, 0xCA, 0x01,
  // "ä" (U+00E4), RLE, 144 bytes saved (45.0%)
  0x58, 0x2A, 0xEC, 0x24, 0x82, 0x7E, 0xD4, 0x70, 0x5B, 0x09, 0x30, 0x1B, 0x0D, 0x70, 0x5B, 0x09,
  0x30, 0x1B, 0x0C, 0x71, 0x82, 0xAE, 0xC1, 0x48, 0x27, 0xED, 0x48, 0x09, 0xA4, 0x08, 0x91, 0x16,
  0x9C, 0xEF, 0xED, 0xB7, 0x17, 0x04, 0x0B, 0xFC, 0x07, 0x50, 0x2F, 0xF0, 0x85, 0x0B, 0xA8, 0x6C,
  0x85, 0x43, 0x47, 0xDC, 0x03, 0x48, 0x13, 0x72, 0x71, 0x09, 0xB0, 0x97, 0x72, 0x0E, 0xA0, 0xD7,
  0x72, 0x0B, 0xB7, 0x72, 0x0A, 0xB0, 0x17, 0x28, 0x52, 0x23, 0x33, 0x3B, 0xB0, 0x14, 0x82, 0x16,
  0xBE, 0xFC, 0x01, 0x20, 0x10, 0x9F, 0xF9, 0x82, 0x10, 0x1C, 0xFF, 0xA8, 0x11, 0x0B, 0xC8, 0x2D,
  0x74, 0x15, 0x0A, 0xB0, 0x10, 0x5C, 0x07, 0x72, 0x0A, 0xB0, 0x10, 0xAB, 0x0A, 0x73, 0x0B, 0xB0,
  0x10, 0xDB, 0x03, 0x73, 0x0C, 0xB0, 0x10, 0xEB, 0x01, 0x73, 0xC0, 0x10, 0xEB, 0x01, 0x72, 0x06,
  0xC0, 0x10, 0xCB, 0x05, 0x71, 0x02, 0x0E, 0xC0, 0x10, 0x8B, 0x0D, 0x01, 0x60, 0x40, 0xED, 0x01,
  0x02, 0xC8, 0x5E, 0x85, 0x34, 0x7C, 0xA0, 0xE0, 0x8B, 0x81, 0x10, 0x7F, 0xC8, 0x1E, 0x32, 0xB0,
  0x12, 0x07, 0xFA, 0x0C, 0x02, 0x2B, 0x01, 0x38, 0x71, 0x8C, 0xEF, 0xED, 0xA5, 0x40, 0xCA, 0x01,
  // "å" (U+00E5), RLE, 166 bytes saved (44.9%)
  0x73, 0x02, 0x01, 0x77, 0x10, 0x40, 0xCB, 0x0C, 0x04, 0x75, 0x04, 0xF0, 0x67, 0x48, 0x5D, 0xFD,
  0x40, 0x3C, 0xA0, 0x17, 0x20, 0x2A, 0x04, 0x30, 0x3A, 0x05, 0x72, 0x03, 0xA0, 0x24, 0xA0, 0x67,
  0x20, 0x1A, 0x05, 0x30, 0x3A, 0x04, 0x73, 0x87, 0xCF, 0xE5, 0x35, 0xDF, 0xE7, 0x40, 0x30, 0xEE,
  0x04, 0x75, 0x85, 0x29, 0xDF, 0xEA, 0x28, 0x09, 0x83, 0x08, 0x91, 0x16, 0x9C, 0xEF, 0xED, 0xB7,
  0x17, 0x04, 0x0B, 0xFC, 0x07, 0x50, 0x2F, 0xF0, 0x85, 0x0B, 0xA8, 0x6C, 0x85, 0x43, 0x47, 0xDC,
  0x03, 0x48, 0x13, 0x72, 0x71, 0x09, 0xB0, 0x97, 0x72, 0x0E, 0xA0, 0xD7, 0x72, 0x0B, 0xB7, 0x72,
  0x0A, 0xB0, 0x17, 0x28, 0x52, 0x23, 0x33, 0x3B, 0xB0, 0x14, 0x82, 0x16, 0xBE, 0xFC, 0x01, 0x20,
  0x10, 0x9F, 0xF9, 0x82, 0x10, 0x1C, 0xFF, 0xA8, 0x11, 0x0B, 0xC8, 0x2D, 0x74, 0x15, 0x0A, 0xB0,
  0x10, 0x5C, 0x07, 0x72, 0x0A, 0xB0, 0x10, 0xAB, 0x0A, 0x73, 0x0B, 0xB0, 0x10, 0xDB, 0x03, 0x73,
  0x0C, 0xB0, 0x10, 0xEB, 0x01, 0x73, 0xC0, 0x10, 0xEB, 0x01, 0x72, 0x06, 0xC0, 0x10, 0xCB, 0x05,
  0x71, 0x02, 0x0E, 0xC0, 0x10, 0x8B, 0x0D, 0x01, 0x60, 0x40, 0xED, 0x01, 0x02, 0xC8, 0x5E, 0x85,
  0x34, 0x7C, 0xA0, 0xE0, 0x8B, 0x81, 0x10, 0x7F, 0xC8, 0x1E, 0x32, 0xB0, 0x12, 0x07, 0xFA, 0x0C,
  0x02, 0x2B, 0x01, 0x38, 0x71, 0x8C, 0xEF, 0xED, 0xA5, 0x40, 0xCA, 0x01,
  // "æ" (U+00E6), RLE, 190 bytes saved (46.6%)
  0x58, 0x90, 0x48, 0xBD, 0xEE, 0xDB, 0x61, 0x58, 0x71, 0x7B, 0xEF, 0xEC, 0x82, 0x78, 0x12, 0x9E,
  0xFB, 0x06, 0x30, 0x50, 0xEF, 0x90, 0x96, 0x0C, 0xFE, 0x81, 0x60, 0x7F, 0xC0, 0xB5, 0x07, 0xB8,
  0x5B, 0x75, 0x34, 0x6C, 0xB0, 0xE0, 0x6B, 0x84, 0xE8, 0x43, 0x59, 0xC0, 0xA4, 0x82, 0x1D, 0x81,
  0x70, 0x8E, 0x0D, 0x01, 0x50, 0x20, 0xEB, 0x04, 0x77, 0x10, 0xDC, 0x0E, 0x02, 0x70, 0x5B, 0x0C,
  0x77, 0x10, 0x7C, 0x08, 0x72, 0x0D, 0xB0, 0x27, 0x70, 0x5C, 0x03, 0x72, 0x09, 0xB0, 0x67, 0x70,
  0x4B, 0x0E, 0x73, 0x06, 0xB0, 0x97, 0x70, 0x4B, 0x0C, 0x73, 0x05, 0xB0, 0xA4, 0x84, 0x15, 0x9B,
  0xDE, 0xFF, 0xFA, 0x0B, 0x20, 0x10, 0x9F, 0xFF, 0xF9, 0x82, 0xB0, 0x2D, 0xFF, 0xFF, 0xA8, 0x1B,
  0x0D, 0xC8, 0x7D, 0x96, 0x43, 0x33, 0x37, 0xB0, 0xC8, 0x09, 0x23, 0x02, 0x06, 0xC0, 0x67, 0x10,
  0x5B, 0x0C, 0x77, 0x10, 0xBB, 0x08, 0x72, 0x06, 0xB0, 0xE7, 0x71, 0x0E, 0xB0, 0x27, 0x20, 0x8C,
  0x02, 0x77, 0x0E, 0xB7, 0x30, 0xDC, 0x08, 0x77, 0x0D, 0xB0, 0x27, 0x10, 0x6E, 0x03, 0x76, 0x0A,
  0xB0, 0xA7, 0x07, 0xB0, 0x9B, 0x0E, 0x04, 0x72, 0x82, 0x36, 0x04, 0xC8, 0x5D, 0x64, 0x35, 0x8D,
  0xB8, 0x16, 0x0A, 0xC8, 0x91, 0xB7, 0x43, 0x44, 0x79, 0xDF, 0xB2, 0x09, 0xFD, 0x07, 0x30, 0xBF,
  0xE0, 0xB3, 0x08, 0xFA, 0x0D, 0x04, 0x50, 0x70, 0xEF, 0xB0, 0xE0, 0x74, 0x87, 0x28, 0xCE, 0xFE,
  0xDA, 0x57, 0x18, 0x91, 0x16, 0xAD, 0xEF, 0xED, 0xB8, 0x43,
  // "ç" (U+00E7), RLE, 154 bytes saved (48.9%)
  0x68, 0x91, 0x16, 0xAD, 0xEF, 0xED, 0xB7, 0x36, 0x08, 0xFC, 0x07, 0x30, 0x20, 0xDF, 0xD0, 0x32,
  0x01, 0x0D, 0xC8, 0x7B, 0x64, 0x34, 0x7B, 0xFC, 0x30, 0xAB, 0x0E, 0x04, 0x70, 0x10, 0x32, 0x04,
  0xC0, 0x27, 0x50, 0xAB, 0x08, 0x76, 0xC0, 0x17, 0x50, 0x3B, 0x0C, 0x76, 0x06, 0xB0, 0x97, 0x60,
  0x7B, 0x07, 0x76, 0x08, 0xB0, 0x67, 0x60, 0x8B, 0x06, 0x76, 0x08, 0xB0, 0x77, 0x60, 0x6B, 0x09,
  0x76, 0x04, 0xB0, 0xC7, 0x60, 0x1C, 0x01, 0x76, 0x0C, 0xB0, 0x77, 0x60, 0x5B, 0x0E, 0x02, 0x76,
  0x0C, 0xB0, 0xD0, 0x37, 0x10, 0x30, 0x22, 0x02, 0x0E, 0xC8, 0x90, 0xA6, 0x43, 0x46, 0x9D, 0xF4,
  0x30, 0x30, 0xEF, 0xD0, 0x44, 0x01, 0x0A, 0xFC, 0x03, 0x68, 0x22, 0x7B, 0xDA, 0x83, 0xED, 0xA7,
  0x17, 0x38, 0x17, 0x74, 0x77, 0x06, 0xA0, 0x27, 0x78, 0x1D, 0xFA, 0x77, 0x06, 0xB0, 0xC0, 0x57,
  0x58, 0x14, 0x8D, 0xB0, 0x97, 0x70, 0x5B, 0x02, 0x77, 0x0D, 0xA0, 0x47, 0x60, 0x1B, 0x03, 0x71,
  0x84, 0x37, 0x67, 0x9E, 0xA0, 0xD7, 0x20, 0x6E, 0x0D, 0x02, 0x72, 0x05, 0x0E, 0xA8, 0x1D, 0xB6,
  0x60,
  // "è" (U+00E8), RLE, 197 bytes saved (55.2%)
  0x40, 0x2C, 0x0A, 0x77, 0x20, 0x7C, 0x03, 0x77, 0x20, 0x9B, 0x0C, 0x77, 0x30, 0xAB, 0x07, 0x77,
  0x30, 0xBA, 0x0E, 0x02, 0x77, 0x30, 0xAA, 0x0C, 0x77, 0x40, 0x8A, 0x08, 0x80, 0x99, 0x00, 0x89,
  0x01, 0x7B, 0xEF, 0xED, 0xB6, 0x17, 0x30, 0x9F, 0xA0, 0xE0, 0x77, 0x01, 0x0D, 0xFD, 0x0A, 0x60,
  0xDB, 0x85, 0xE8, 0x53, 0x46, 0xBC, 0x09, 0x40, 0x9B, 0x0A, 0x01, 0x60, 0x4C, 0x03, 0x20, 0x3B,
  0x0C, 0x72, 0x06, 0xB0, 0xB2, 0x09, 0xB0, 0x37, 0x30, 0xEB, 0x81, 0x10, 0xEA, 0x0C, 0x74, 0x0A,
  0xB0, 0x50, 0x3B, 0x09, 0x74, 0x07, 0xB0, 0x70, 0x5F, 0xFD, 0x08, 0x07, 0xFF, 0xD0, 0x08, 0xFF,
  0xD0, 0x90, 0x8B, 0x08, 0x80, 0x93, 0x30, 0x10, 0x8B, 0x08, 0x77, 0x20, 0x6B, 0x0A, 0x77, 0x20,
  0x3B, 0x0D, 0x77, 0x3C, 0x03, 0x77, 0x20, 0xAB, 0x0B, 0x77, 0x20, 0x3C, 0x06, 0x77, 0x20, 0x9C,
  0x08, 0x72, 0x81, 0x17, 0x64, 0x0C, 0xC8, 0x7D, 0x85, 0x33, 0x46, 0x8C, 0xA0, 0x84, 0x01, 0x0B,
  0xFF, 0x08, 0x60, 0x70, 0xEF, 0xC0, 0xD0, 0x57, 0x18, 0x25, 0x9C, 0xEA, 0x83, 0xED, 0xA7, 0x33,
  // "é" (U+00E9), RLE, 193 bytes saved (54.1%)
  0x74, 0x05, 0xC0, 0x77, 0x71, 0x0D, 0xB0, 0xC7, 0x71, 0x07, 0xB0, 0xD0, 0x17, 0x70, 0x2B, 0x0D,
  0x02, 0x77, 0x10, 0xCA, 0x0E, 0x02, 0x77, 0x10, 0x7A, 0x0D, 0x02, 0x77, 0x10, 0x2A, 0x0C, 0x01,
  0x80, 0x99, 0x20, 0x89, 0x01, 0x7B, 0xEF, 0xED, 0xB6, 0x17, 0x30, 0x9F, 0xA0, 0xE0, 0x77, 0x01,
  0x0D, 0xFD, 0x0A, 0x60, 0xDB, 0x85, 0xE8, 0x53, 0x46, 0xBC, 0x09, 0x40, 0x9B, 0x0A, 0x01, 0x60,
  0x4C, 0x03, 0x20, 0x3B, 0x0C, 0x72, 0x06, 0xB0, 0xB2, 0x09, 0xB0, 0x37, 0x30, 0xEB, 0x81, 0x10,
  0xEA, 0x0C, 0x74, 0x0A, 0xB0, 0x50, 0x3B, 0x09, 0x74, 0x07, 0xB0, 0x70, 0x5F, 0xFD, 0x08, 0x07,
  0xFF, 0xD0, 0x08, 0xFF, 0xD0, 0x90, 0x8B, 0x08, 0x80, 0x93, 0x30, 0x10, 0x8B, 0x08, 0x77, 0x20,
  0x6B, 0x0A, 0x77, 0x20, 0x3B, 0x0D, 0x77, 0x3C, 0x03, 0x77, 0x20, 0xAB, 0x0B, 0x77, 0x20, 0x3C,
  0x06, 0x77, 0x20, 0x9C, 0x08, 0x72, 0x81, 0x17, 0x64, 0x0C, 0xC8, 0x7D, 0x85, 0x33, 0x46, 0x8C,
  0xA0, 0x84, 0x01, 0x0B, 0xFF, 0x08, 0x60, 0x70, 0xEF, 0xC0, 0xD0, 0x57, 0x18, 0x25, 0x9C, 0xEA,
  0x83, 0xED, 0xA7, 0x33,
  // "ê" (U+00EA), RLE, 184 bytes saved (51.5%)
  0x70, 0x2C, 0x06, 0x77, 0x10, 0xCC, 0x0E, 0x02, 0x76, 0x0A, 0xE0, 0xD0, 0x17, 0x40, 0x8B, 0x0A,
  0x07, 0xB0, 0xB7, 0x30, 0x5B, 0x08, 0x20, 0x5B, 0x0A, 0x71, 0x04, 0xB0, 0x64, 0x04, 0x0E, 0xA0,
  0x96, 0x02, 0xA0, 0xD0, 0x36, 0x01, 0x0B, 0xA0, 0x78, 0x09, 0x84, 0x08, 0x90, 0x17, 0xBE, 0xFE,
  0xDB, 0x61, 0x73, 0x09, 0xFA, 0x0E, 0x07, 0x70, 0x10, 0xDF, 0xD0, 0xA6, 0x0D, 0xB8, 0x5E, 0x85,
  0x34, 0x6B, 0xC0, 0x94, 0x09, 0xB0, 0xA0, 0x16, 0x04, 0xC0, 0x32, 0x03, 0xB0, 0xC7, 0x20, 0x6B,
  0x0B, 0x20, 0x9B, 0x03, 0x73, 0x0E, 0xB8, 0x11, 0x0E, 0xA0, 0xC7, 0x40, 0xAB, 0x05, 0x03, 0xB0,
  0x97, 0x40, 0x7B, 0x07, 0x05, 0xFF, 0xD0, 0x80, 0x7F, 0xFD, 0x00, 0x8F, 0xFD, 0x09, 0x08, 0xB0,
  0x88, 0x09, 0x33, 0x01, 0x08, 0xB0, 0x87, 0x72, 0x06, 0xB0, 0xA7, 0x72, 0x03, 0xB0, 0xD7, 0x73,
  0xC0, 0x37, 0x72, 0x0A, 0xB0, 0xB7, 0x72, 0x03, 0xC0, 0x67, 0x72, 0x09, 0xC0, 0x87, 0x28, 0x11,
  0x76, 0x40, 0xCC, 0x87, 0xD8, 0x53, 0x34, 0x68, 0xCA, 0x08, 0x40, 0x10, 0xBF, 0xF0, 0x86, 0x07,
  0x0E, 0xFC, 0x0D, 0x05, 0x71, 0x82, 0x59, 0xCE, 0xA8, 0x3E, 0xDA, 0x73, 0x30,
  // "ë" (U+00EB), RLE, 176 bytes saved (52.4%)
  0x58, 0x2A, 0xEC, 0x24, 0x82, 0x7E, 0xD4, 0x71, 0x05, 0xB0, 0x93, 0x01, 0xB0, 0xD7, 0x10, 0x5B,
  0x09, 0x30, 0x1B, 0x0C, 0x72, 0x82, 0xAE, 0xC1, 0x48, 0x27, 0xED, 0x48, 0x09, 0xB2, 0x08, 0x90,
  0x17, 0xBE, 0xFE, 0xDB, 0x61, 0x73, 0x09, 0xFA, 0x0E, 0x07, 0x70, 0x10, 0xDF, 0xD0, 0xA6, 0x0D,
  0xB8, 0x5E, 0x85, 0x34, 0x6B, 0xC0, 0x94, 0x09, 0xB0, 0xA0, 0x16, 0x04, 0xC0, 0x32, 0x03, 0xB0,
  0xC7, 0x20, 0x6B, 0x0B, 0x20, 0x9B, 0x03, 0x73, 0x0E, 0xB8, 0x11, 0x0E, 0xA0, 0xC7, 0x40, 0xAB,
  0x05, 0x03, 0xB0, 0x97, 0x40, 0x7B, 0x07, 0x05, 0xFF, 0xD0, 0x80, 0x7F, 0xFD, 0x00, 0x8F, 0xFD,
  0x09, 0x08, 0xB0, 0x88, 0x09, 0x33, 0x01, 0x08, 0xB0, 0x87, 0x72, 0x06, 0xB0, 0xA7, 0x72, 0x03,
  0xB0, 0xD7, 0x73, 0xC0, 0x37, 0x72, 0x0A, 0xB0, 0xB7, 0x72, 0x03, 0xC0, 0x67, 0x72, 0x09, 0xC0,
  0x87, 0x28, 0x11, 0x76, 0x40, 0xCC, 0x87, 0xD8, 0x53, 0x34, 0x68, 0xCA, 0x08, 0x40, 0x10, 0xBF,
  0xF0, 0x86, 0x07, 0x0E, 0xFC, 0x0D, 0x05, 0x71, 0x82, 0x59, 0xCE, 0xA8, 0x3E, 0xDA, 0x73, 0x30,
  // "ì" (U+00EC), RLE, 74 bytes saved (43.5%)
  0x02, 0xC0, 0xA5, 0x07, 0xC0, 0x35, 0x09, 0xB0, 0xC6, 0x0A, 0xB0, 0x76, 0x0B, 0xA0, 0xE0, 0x26,
  0x0A, 0xA0, 0xC7, 0x08, 0xA0, 0x87, 0x77, 0x76, 0x04, 0xB0, 0x95, 0x04, 0xB0, 0x95, 0x04, 0xB0,
  0x95, 0x04, 0xB0, 0x95, 0x04, 0xB0, 0x95, 0x04, 0xB0, 0x95, 0x04, 0xB0, 0x95, 0x04, 0xB0, 0x95,
  0x04, 0xB0, 0x95, 0x04, 0xB0, 0x95, 0x04, 0xB0, 0x95, 0x04, 0xB0, 0x95, 0x04, 0xB0, 0x95, 0x04,
  0xB0, 0x95, 0x04, 0xB0, 0x95, 0x04, 0xB0, 0x95, 0x04, 0xB0, 0x95, 0x04, 0xB0, 0x95, 0x04, 0xB0,
  0x95, 0x04, 0xB0, 0x95, 0x04, 0xB0, 0x95, 0x04, 0xB0, 0x95, 0x04, 0xB0, 0x95, 0x04, 0xB0, 0x91,
  // "í" (U+00ED), RLE, 69 bytes saved (40.6%)
  0x40, 0x5C, 0x07, 0x40, 0xDB, 0x0C, 0x40, 0x7B, 0x0D, 0x01, 0x30, 0x2B, 0x0D, 0x02, 0x40, 0xCA,
  0x0E, 0x02, 0x40, 0x7A, 0x0D, 0x02, 0x40, 0x2A, 0x0C, 0x01, 0x80, 0xC0, 0x00, 0x4B, 0x09, 0x50,
  0x4B, 0x09, 0x50, 0x4B, 0x09, 0x50, 0x4B, 0x09, 0x50, 0x4B, 0x09, 0x50, 0x4B, 0x09, 0x50, 0x4B,
  0x09, 0x50, 0x4B, 0x09, 0x50, 0x4B, 0x09, 0x50, 0x4B, 0x09, 0x50, 0x4B, 0x09, 0x50, 0x4B, 0x09,
  0x50, 0x4B, 0x09, 0x50, 0x4B, 0x09, 0x50, 0x4B, 0x09, 0x50, 0x4B, 0x09, 0x50, 0x4B, 0x09, 0x50,
  0x4B, 0x09, 0x50, 0x4B, 0x09, 0x50, 0x4B, 0x09, 0x50, 0x4B, 0x09, 0x50, 0x4B, 0x09, 0x50, 0x4B,
  0x09, 0x50, 0x4B, 0x09, 0x40,
  // "î" (U+00EE), RLE, 147 bytes saved (54.0%)
  0x50, 0x2C, 0x06, 0x73, 0x0C, 0xC0, 0xE0, 0x27, 0x10, 0xAE, 0x0D, 0x01, 0x60, 0x8B, 0x0A, 0x07,
  0xB0, 0xB5, 0x05, 0xB0, 0x82, 0x05, 0xB0, 0xA3, 0x04, 0xB0, 0x64, 0x04, 0x0E, 0xA8, 0x19, 0x02,
  0xA0, 0xD0, 0x36, 0x01, 0x0B, 0xA0, 0x78, 0x0E, 0x10, 0x04, 0xB0, 0x97, 0x40, 0x4B, 0x09, 0x74,
  0x04, 0xB0, 0x97, 0x40, 0x4B, 0x09, 0x74, 0x04, 0xB0, 0x97, 0x40, 0x4B, 0x09, 0x74, 0x04, 0xB0,
  0x97, 0x40, 0x4B, 0x09, 0x74, 0x04, 0xB0, 0x97, 0x40, 0x4B, 0x09, 0x74, 0x04, 0xB0, 0x97, 0x40,
  0x4B, 0x09, 0x74, 0x04, 0xB0, 0x97, 0x40, 0x4B, 0x09, 0x74, 0x04, 0xB0, 0x97, 0x40, 0x4B, 0x09,
  0x74, 0x04, 0xB0, 0x97, 0x40, 0x4B, 0x09, 0x74, 0x04, 0xB0, 0x97, 0x40, 0x4B, 0x09, 0x74, 0x04,
  0xB0, 0x97, 0x40, 0x4B, 0x09, 0x74, 0x04, 0xB0, 0x97, 0x40, 0x4B, 0x09, 0x60,
  // "ï" (U+00EF), RLE, 98 bytes saved (47.1%)
  0x18, 0x2A, 0xEC, 0x24, 0x83, 0x7E, 0xD4, 0x5B, 0x09, 0x30, 0x1B, 0x0D, 0x05, 0xB0, 0x93, 0x01,
  0xB8, 0x4C, 0x0A, 0xEC, 0x14, 0x82, 0x7E, 0xD4, 0x80, 0xE4, 0x00, 0x4B, 0x09, 0x71, 0x04, 0xB0,
  0x97, 0x10, 0x4B, 0x09, 0x71, 0x04, 0xB0, 0x97, 0x10, 0x4B, 0x09, 0x71, 0x04, 0xB0, 0x97, 0x10,
  0x4B, 0x09, 0x71, 0x04, 0xB0, 0x97, 0x10, 0x4B, 0x09, 0x71, 0x04, 0xB0, 0x97, 0x10, 0x4B, 0x09,
  0x71, 0x04, 0xB0, 0x97, 0x10, 0x4B, 0x09, 0x71, 0x04, 0xB0, 0x97, 0x10, 0x4B, 0x09, 0x71, 0x04,
  0xB0, 0x97, 0x10, 0x4B, 0x09, 0x71, 0x04, 0xB0, 0x97, 0x10, 0x4B, 0x09, 0x71, 0x04, 0xB0, 0x97,
  0x10, 0x4B, 0x09, 0x71, 0x04, 0xB0, 0x97, 0x10, 0x4B, 0x09, 0x71, 0x04, 0xB0, 0x94,
  // "ð" (U+00F0), RLE, 170 bytes saved (43.5%)
  0x78, 0x1B, 0x81, 0x70, 0x70, 0x57, 0x30, 0x6A, 0x0E, 0x07, 0x48, 0x34, 0xDF, 0xE1, 0x72, 0x0C,
  0xC8, 0x2C, 0x32, 0xBC, 0x07, 0x73, 0x07, 0x0E, 0xF9, 0x0D, 0x04, 0x75, 0x01, 0x0A, 0xD0, 0xE0,
  0x67, 0x70, 0x40, 0xDD, 0x0C, 0x76, 0x02, 0x0B, 0xF9, 0x0B, 0x74, 0x08, 0xC8, 0x2D, 0x52, 0xDB,
  0x09, 0x73, 0x08, 0xA0, 0xE0, 0x73, 0x02, 0x0E, 0xB0, 0x57, 0x38, 0x1C, 0x91, 0x50, 0x4B, 0x0E,
  0x01, 0x77, 0x40, 0x7B, 0x08, 0x77, 0x50, 0xDB, 0x01, 0x74, 0x82, 0x13, 0x21, 0x30, 0x5B, 0x08,
  0x78, 0x11, 0x7C, 0xD8, 0x3E, 0xA3, 0x0D, 0xA0, 0xD6, 0x06, 0x0E, 0xFB, 0x09, 0x08, 0xB0, 0x44,
  0x09, 0xFE, 0x0D, 0xB0, 0x83, 0x07, 0xC8, 0x1C, 0x62, 0x28, 0x21, 0x38, 0xED, 0x0B, 0x20, 0x2C,
  0x07, 0x71, 0x01, 0x0C, 0xC0, 0xE2, 0x0A, 0xB0, 0x97, 0x30, 0x10, 0xDC, 0x01, 0x1C, 0x01, 0x74,
  0x05, 0xC0, 0x20, 0x4B, 0x0B, 0x76, 0x0E, 0xB0, 0x30, 0x6B, 0x07, 0x76, 0x0B, 0xB0, 0x30, 0x8B,
  0x06, 0x76, 0x0A, 0xB0, 0x20, 0x8B, 0x05, 0x76, 0x0B, 0xB0, 0x10, 0x7B, 0x06, 0x76, 0x0C, 0xB1,
  0x06, 0xB0, 0x87, 0x60, 0xEA, 0x81, 0xC0, 0x3B, 0x0C, 0x75, 0x03, 0xB0, 0x92, 0x0D, 0xB0, 0x37,
  0x40, 0xAB, 0x04, 0x20, 0x7B, 0x0D, 0x73, 0x04, 0xB0, 0xD4, 0x0D, 0xB0, 0xC0, 0x17, 0x04, 0x0E,
  0xB0, 0x44, 0x02, 0x0E, 0xC8, 0x5A, 0x64, 0x34, 0x7C, 0xC0, 0x86, 0x03, 0x0E, 0xFE, 0x08, 0x71,
  0x01, 0x09, 0xFB, 0x0D, 0x04, 0x74, 0x89, 0x01, 0x7B, 0xDE, 0xFD, 0xC8, 0x47,
  // "ñ" (U+00F1), RLE, 149 bytes saved (42.9%)
  0x58, 0x46, 0xDF, 0xD8, 0x15, 0x81, 0x7F, 0xC6, 0x09, 0xD0, 0xE0, 0x64, 0x81, 0xCF, 0xA5, 0x03,
  0xF9, 0x82, 0xC5, 0x4A, 0xA0, 0x55, 0x0A, 0xA8, 0x27, 0x47, 0xEF, 0x0D, 0x68, 0x1E, 0xF8, 0x40,
  0x9E, 0x04, 0x50, 0x2A, 0x02, 0x58, 0x43, 0xAE, 0xEB, 0x38, 0x0F, 0x70, 0x04, 0xA0, 0xE4, 0x87,
  0x49, 0xCE, 0xFE, 0xC8, 0x24, 0x04, 0xB8, 0x21, 0x04, 0xDF, 0xA0, 0xA3, 0x04, 0xB0, 0x30, 0x5F,
  0xD0, 0xC2, 0x04, 0xB0, 0xAB, 0x85, 0xA6, 0x43, 0x47, 0xDC, 0x81, 0x80, 0x4D, 0x0D, 0x02, 0x70,
  0xAB, 0x81, 0xE0, 0x4C, 0x0E, 0x02, 0x72, 0x0E, 0xB0, 0x30, 0x4C, 0x08, 0x73, 0x08, 0xB0, 0x70,
  0x4C, 0x02, 0x73, 0x04, 0xB0, 0x80, 0x4B, 0x0E, 0x74, 0x03, 0xB0, 0x90, 0x4B, 0x0B, 0x74, 0x03,
  0xB0, 0x90, 0x4B, 0x0A, 0x74, 0x03, 0xB0, 0x90, 0x4B, 0x09, 0x74, 0x03, 0xB0, 0x90, 0x4B, 0x09,
  0x74, 0x03, 0xB0, 0x90, 0x4B, 0x09, 0x74, 0x03, 0xB0, 0x90, 0x4B, 0x09, 0x74, 0x03, 0xB0, 0x90,
  0x4B, 0x09, 0x74, 0x03, 0xB0, 0x90, 0x4B, 0x09, 0x74, 0x03, 0xB0, 0x90, 0x4B, 0x09, 0x74, 0x03,
  0xB0, 0x90, 0x4B, 0x09, 0x74, 0x03, 0xB0, 0x90, 0x4B, 0x09, 0x74, 0x03, 0xB0, 0x90, 0x4B, 0x09,
  0x74, 0x03, 0xB0, 0x90, 0x4B, 0x09, 0x74, 0x03, 0xB0, 0x90, 0x4B, 0x09, 0x74, 0x03, 0xB0, 0x90,
  0x4B, 0x09, 0x74, 0x03, 0xB0, 0x90,
  // "ò" (U+00F2), RLE, 208 bytes saved (53.2%)
  0x50, 0x2C, 0x0A, 0x77, 0x40, 0x7C, 0x03, 0x77, 0x40, 0x9B, 0x0C, 0x77, 0x50, 0xAB, 0x07, 0x77,
  0x50, 0xBA, 0x0E, 0x02, 0x77, 0x50, 0xAA, 0x0C, 0x77, 0x60, 0x8A, 0x08, 0x80, 0x99, 0x70, 0x89,
  0x01, 0x6A, 0xDE, 0xFE, 0xC9, 0x47, 0x50, 0x80, 0xEF, 0xA0, 0xD0, 0x47, 0x10, 0x10, 0xCF, 0xE0,
  0x86, 0x01, 0x0D, 0xC8, 0x5B, 0x64, 0x35, 0x8D, 0xC0, 0x75, 0x0A, 0xB0, 0xD0, 0x37, 0x07, 0xC0,
  0x43, 0x03, 0xB0, 0xE0, 0x27, 0x20, 0x8B, 0x0D, 0x30, 0xAB, 0x08, 0x74, 0x0D, 0xB0, 0x42, 0xC0,
  0x17, 0x40, 0x7B, 0x81, 0x90, 0x3B, 0x0C, 0x75, 0x02, 0xB8, 0x1E, 0x06, 0xB0, 0x97, 0x60, 0xEB,
  0x01, 0x07, 0xB0, 0x77, 0x60, 0xDB, 0x02, 0x08, 0xB0, 0x67, 0x60, 0xCB, 0x03, 0x08, 0xB0, 0x77,
  0x60, 0xCB, 0x03, 0x07, 0xB0, 0x77, 0x60, 0xDB, 0x02, 0x06, 0xB0, 0x97, 0x6C, 0x01, 0x03, 0xB0,
  0xC7, 0x50, 0x2B, 0x0D, 0x20, 0xEB, 0x02, 0x74, 0x07, 0xB0, 0x92, 0x09, 0xB0, 0x87, 0x40, 0xDB,
  0x04, 0x20, 0x2C, 0x03, 0x72, 0x08, 0xB0, 0xD4, 0x08, 0xB0, 0xE0, 0x37, 0x08, 0xC0, 0x45, 0x0C,
  0xC8, 0x5B, 0x64, 0x35, 0x8D, 0xC0, 0x87, 0x0B, 0xFE, 0x07, 0x72, 0x07, 0x0E, 0xFA, 0x0C, 0x04,
  0x75, 0x87, 0x6A, 0xDE, 0xFD, 0xC8, 0x47,
  // "ó" (U+00F3), RLE, 203 bytes saved (51.9%)
  0x75, 0x05, 0xC0, 0x77, 0x73, 0x0D, 0xB0, 0xC7, 0x73, 0x07, 0xB0, 0xD0, 0x17, 0x72, 0x02, 0xB0,
  0xD0, 0x27, 0x73, 0x0C, 0xA0, 0xE0, 0x27, 0x73, 0x07, 0xA0, 0xD0, 0x27, 0x73, 0x02, 0xA0, 0xC0,
  0x18, 0x09, 0xA1, 0x08, 0x90, 0x16, 0xAD, 0xEF, 0xEC, 0x94, 0x75, 0x08, 0x0E, 0xFA, 0x0D, 0x04,
  0x71, 0x01, 0x0C, 0xFE, 0x08, 0x60, 0x10, 0xDC, 0x85, 0xB6, 0x43, 0x58, 0xDC, 0x07, 0x50, 0xAB,
  0x0D, 0x03, 0x70, 0x7C, 0x04, 0x30, 0x3B, 0x0E, 0x02, 0x72, 0x08, 0xB0, 0xD3, 0x0A, 0xB0, 0x87,
  0x40, 0xDB, 0x04, 0x2C, 0x01, 0x74, 0x07, 0xB8, 0x19, 0x03, 0xB0, 0xC7, 0x50, 0x2B, 0x81, 0xE0,
  0x6B, 0x09, 0x76, 0x0E, 0xB0, 0x10, 0x7B, 0x07, 0x76, 0x0D, 0xB0, 0x20, 0x8B, 0x06, 0x76, 0x0C,
  0xB0, 0x30, 0x8B, 0x07, 0x76, 0x0C, 0xB0, 0x30, 0x7B, 0x07, 0x76, 0x0D, 0xB0, 0x20, 0x6B, 0x09,
  0x76, 0xC0, 0x10, 0x3B, 0x0C, 0x75, 0x02, 0xB0, 0xD2, 0x0E, 0xB0, 0x27, 0x40, 0x7B, 0x09, 0x20,
  0x9B, 0x08, 0x74, 0x0D, 0xB0, 0x42, 0x02, 0xC0, 0x37, 0x20, 0x8B, 0x0D, 0x40, 0x8B, 0x0E, 0x03,
  0x70, 0x8C, 0x04, 0x50, 0xCC, 0x85, 0xB6, 0x43, 0x58, 0xDC, 0x08, 0x70, 0xBF, 0xE0, 0x77, 0x20,
  0x70, 0xEF, 0xA0, 0xC0, 0x47, 0x58, 0x76, 0xAD, 0xEF, 0xDC, 0x84, 0x70,
  // "ô" (U+00F4), RLE, 194 bytes saved (49.6%)
  0x71, 0x02, 0xC0, 0x67, 0x73, 0x0C, 0xC0, 0xE0, 0x27, 0x71, 0x0A, 0xE0, 0xD0, 0x17, 0x60, 0x8B,
  0x0A, 0x07, 0xB0, 0xB7, 0x50, 0x5B, 0x08, 0x20, 0x5B, 0x0A, 0x73, 0x04, 0xB0, 0x64, 0x04, 0x0E,
  0xA0, 0x97, 0x10, 0x2A, 0x0D, 0x03, 0x60, 0x10, 0xBA, 0x07, 0x80, 0x99, 0x30, 0x89, 0x01, 0x6A,
  0xDE, 0xFE, 0xC9, 0x47, 0x50, 0x80, 0xEF, 0xA0, 0xD0, 0x47, 0x10, 0x10, 0xCF, 0xE0, 0x86, 0x01,
  0x0D, 0xC8, 0x5B, 0x64, 0x35, 0x8D, 0xC0, 0x75, 0x0A, 0xB0, 0xD0, 0x37, 0x07, 0xC0, 0x43, 0x03,
  0xB0, 0xE0, 0x27, 0x20, 0x8B, 0x0D, 0x30, 0xAB, 0x08, 0x74, 0x0D, 0xB0, 0x42, 0xC0, 0x17, 0x40,
  0x7B, 0x81, 0x90, 0x3B, 0x0C, 0x75, 0x02, 0xB8, 0x1E, 0x06, 0xB0, 0x97, 0x60, 0xEB, 0x01, 0x07,
  0xB0, 0x77, 0x60, 0xDB, 0x02, 0x08, 0xB0, 0x67, 0x60, 0xCB, 0x03, 0x08, 0xB0, 0x77, 0x60, 0xCB,
  0x03, 0x07, 0xB0, 0x77, 0x60, 0xDB, 0x02, 0x06, 0xB0, 0x97, 0x6C, 0x01, 0x03, 0xB0, 0xC7, 0x50,
  0x2B, 0x0D, 0x20, 0xEB, 0x02, 0x74, 0x07, 0xB0, 0x92, 0x09, 0xB0, 0x87, 0x40, 0xDB, 0x04, 0x20,
  0x2C, 0x03, 0x72, 0x08, 0xB0, 0xD4, 0x08, 0xB0, 0xE0, 0x37, 0x08, 0xC0, 0x45, 0x0C, 0xC8, 0x5B,
  0x64, 0x35, 0x8D, 0xC0, 0x87, 0x0B, 0xFE, 0x07, 0x72, 0x07, 0x0E, 0xFA, 0x0C, 0x04, 0x75, 0x87,
  0x6A, 0xDE, 0xFD, 0xC8, 0x47,
  // "õ" (U+00F5), RLE, 182 bytes saved (47.9%)
  0x58, 0x46, 0xDF, 0xD8, 0x15, 0x81, 0x7F, 0xC7, 0x10, 0x9D, 0x0E, 0x06, 0x48, 0x1C, 0xFA, 0x70,
  0x3F, 0x98, 0x2C, 0x54, 0xAA, 0x05, 0x70, 0xAA, 0x82, 0x74, 0x7E, 0xF0, 0xD7, 0x18, 0x1E, 0xF8,
  0x40, 0x9E, 0x04, 0x70, 0x2A, 0x02, 0x58, 0x43, 0xAE, 0xEB, 0x38, 0x09, 0x95, 0x08, 0x90, 0x16,
  0xAD, 0xEF, 0xEC, 0x94, 0x75, 0x08, 0x0E, 0xFA, 0x0D, 0x04, 0x71, 0x01, 0x0C, 0xFE, 0x08, 0x60,
  0x10, 0xDC, 0x85, 0xB6, 0x43, 0x58, 0xDC, 0x07, 0x50, 0xAB, 0x0D, 0x03, 0x70, 0x7C, 0x04, 0x30,
  0x3B, 0x0E, 0x02, 0x72, 0x08, 0xB0, 0xD3, 0x0A, 0xB0, 0x87, 0x40, 0xDB, 0x04, 0x2C, 0x01, 0x74,
  0x07, 0xB8, 0x19, 0x03, 0xB0, 0xC7, 0x50, 0x2B, 0x81, 0xE0, 0x6B, 0x09, 0x76, 0x0E, 0xB0, 0x10,
  0x7B, 0x07, 0x76, 0x0D, 0xB0, 0x20, 0x8B, 0x06, 0x76, 0x0C, 0xB0, 0x30, 0x8B, 0x07, 0x76, 0x0C,
  0xB0, 0x30, 0x7B, 0x07, 0x76, 0x0D, 0xB0, 0x20, 0x6B, 0x09, 0x76, 0xC0, 0x10, 0x3B, 0x0C, 0x75,
  0x02, 0xB0, 0xD2, 0x0E, 0xB0, 0x27, 0x40, 0x7B, 0x09, 0x20, 0x9B, 0x08, 0x74, 0x0D, 0xB0, 0x42,
  0x02, 0xC0, 0x37, 0x20, 0x8B, 0x0D, 0x40, 0x8B, 0x0E, 0x03, 0x70, 0x8C, 0x04, 0x50, 0xCC, 0x85,
  0xB6, 0x43, 0x58, 0xDC, 0x08, 0x70, 0xBF, 0xE0, 0x77, 0x20, 0x70, 0xEF, 0xA0, 0xC0, 0x47, 0x58,
  0x76, 0xAD, 0xEF, 0xDC, 0x84, 0x70,
  // "ö" (U+00F6), RLE, 185 bytes saved (50.3%)
  0x68, 0x2A, 0xEC, 0x24, 0x82, 0x7E, 0xD4, 0x73, 0x05, 0xB0, 0x93, 0x01, 0xB0, 0xD7, 0x30, 0x5B,
  0x09, 0x30, 0x1B, 0x0C, 0x74, 0x82, 0xAE, 0xC1, 0x48, 0x27, 0xED, 0x48, 0x09, 0xC3, 0x08, 0x90,
  0x16, 0xAD, 0xEF, 0xEC, 0x94, 0x75, 0x08, 0x0E, 0xFA, 0x0D, 0x04, 0x71, 0x01, 0x0C, 0xFE, 0x08,
  0x60, 0x10, 0xDC, 0x85, 0xB6, 0x43, 0x58, 0xDC, 0x07, 0x50, 0xAB, 0x0D, 0x03, 0x70, 0x7C, 0x04,
  0x30, 0x3B, 0x0E, 0x02, 0x72, 0x08, 0xB0, 0xD3, 0x0A, 0xB0, 0x87, 0x40, 0xDB, 0x04, 0x2C, 0x01,
  0x74, 0x07, 0xB8, 0x19, 0x03, 0xB0, 0xC7, 0x50, 0x2B, 0x81, 0xE0, 0x6B, 0x09, 0x76, 0x0E, 0xB0,
  0x10, 0x7B, 0x07, 0x76, 0x0D, 0xB0, 0x20, 0x8B, 0x06, 0x76, 0x0C, 0xB0, 0x30, 0x8B, 0x07, 0x76,
  0x0C, 0xB0, 0x30, 0x7B, 0x07, 0x76, 0x0D, 0xB0, 0x20, 0x6B, 0x09, 0x76, 0xC0, 0x10, 0x3B, 0x0C,
  0x75, 0x02, 0xB0, 0xD2, 0x0E, 0xB0, 0x27, 0x40, 0x7B, 0x09, 0x20, 0x9B, 0x08, 0x74, 0x0D, 0xB0,
  0x42, 0x02, 0xC0, 0x37, 0x20, 0x8B, 0x0D, 0x40, 0x8B, 0x0E, 0x03, 0x70, 0x8C, 0x04, 0x50, 0xCC,
  0x85, 0xB6, 0x43, 0x58, 0xDC, 0x08, 0x70, 0xBF, 0xE0, 0x77, 0x20, 0x70, 0xEF, 0xA0, 0xC0, 0x47,
  0x58, 0x76, 0xAD, 0xEF, 0xDC, 0x84, 0x70,
  // "÷" (U+00F7), RLE, 147 bytes saved (70.0%)
  0x71, 0x83, 0x2C, 0xEC, 0x37, 0x72, 0x0B, 0xB0, 0xC7, 0x72, 0x0D, 0xB0, 0xE7, 0x72, 0x0B, 0xB0,
  0xB7, 0x72, 0x83, 0x2B, 0xEC, 0x28, 0x09, 0x83, 0x00, 0xCF, 0xFD, 0x0E, 0x0C, 0xFF, 0xD0, 0xE0,
  0xCF, 0xFD, 0x0E, 0x02, 0x80, 0xA0, 0x38, 0x09, 0x83, 0x08, 0x32, 0xCE, 0xC3, 0x77, 0x20, 0xBB,
  0x0C, 0x77, 0x20, 0xDB, 0x0E, 0x77, 0x20, 0xBB, 0x0B, 0x77, 0x28, 0x32, 0xBE, 0xC2, 0x71,
  // "ø" (U+00F8), RLE, 100 bytes saved (33.4%)
  0x77, 0x40, 0x50, 0x77, 0x28, 0x96, 0x16, 0xAD, 0xEF, 0xEC, 0x83, 0x02, 0xEF, 0xC2, 0x60, 0x80,
  0xEF, 0xA0, 0xB0, 0xCA, 0x0D, 0x01, 0x40, 0x10, 0xCF, 0xF9, 0x04, 0x40, 0x10, 0xDC, 0x85, 0xB6,
  0x43, 0x58, 0xEC, 0x0A, 0x50, 0xAB, 0x0D, 0x03, 0x60, 0x2C, 0x0E, 0x01, 0x30, 0x3B, 0x0E, 0x02,
  0x70, 0x9D, 0x0A, 0x30, 0xAB, 0x08, 0x70, 0x6F, 0x02, 0x2C, 0x01, 0x60, 0x20, 0xEA, 0x0A, 0x07,
  0xB8, 0x18, 0x03, 0xB0, 0xC7, 0x0C, 0xA8, 0x1D, 0x12, 0xB8, 0x1C, 0x06, 0xB0, 0x96, 0x09, 0xB0,
  0x32, 0x0E, 0xB1, 0x07, 0xB0, 0x75, 0x05, 0xB0, 0x73, 0x0D, 0xB0, 0x20, 0x8B, 0x06, 0x40, 0x20,
  0xEA, 0x0B, 0x40, 0xCB, 0x03, 0x08, 0xB0, 0x74, 0x0C, 0xA0, 0xD0, 0x14, 0x0C, 0xB0, 0x30, 0x7B,
  0x08, 0x30, 0x9B, 0x03, 0x50, 0xDB, 0x02, 0x05, 0xB0, 0x92, 0x05, 0xB0, 0x76, 0x0E, 0xB0, 0x10,
  0x2B, 0x82, 0xC0, 0x1E, 0xA0, 0xB6, 0x02, 0xB0, 0xD2, 0x0E, 0xB0, 0x10, 0xCA, 0x0E, 0x01, 0x60,
  0x7B, 0x0A, 0x20, 0x8B, 0x0D, 0xB0, 0x47, 0x0D, 0xB0, 0x52, 0x02, 0xE0, 0x77, 0x08, 0xB0, 0xD4,
  0x08, 0xC0, 0xC7, 0x07, 0xC0, 0x45, 0x0E, 0xC8, 0x5C, 0x64, 0x34, 0x8D, 0xC0, 0x85, 0x06, 0xFF,
  0x90, 0x85, 0x03, 0xB0, 0xC0, 0xEF, 0xA0, 0xC0, 0x46, 0x06, 0xA8, 0x92, 0xD0, 0x16, 0xAD, 0xEF,
  0xDC, 0x84, 0x72, 0x81, 0x2C, 0x37, 0x74,
  // "ù" (U+00F9), RLE, 171 bytes saved (47.9%)
  0x40, 0x2C, 0x0A, 0x77, 0x20, 0x7C, 0x03, 0x77, 0x20, 0x9B, 0x0C, 0x77, 0x30, 0xAB, 0x07, 0x77,
  0x30, 0xBA, 0x0E, 0x02, 0x77, 0x30, 0xAA, 0x0C, 0x77, 0x40, 0x8A, 0x08, 0x80, 0x98, 0x20, 0x08,
  0xB0, 0x67, 0x40, 0x6B, 0x07, 0x08, 0xB0, 0x67, 0x40, 0x6B, 0x07, 0x08, 0xB0, 0x67, 0x40, 0x6B,
  0x07, 0x08, 0xB0, 0x67, 0x40, 0x6B, 0x07, 0x08, 0xB0, 0x67, 0x40, 0x6B, 0x07, 0x08, 0xB0, 0x67,
  0x40, 0x6B, 0x07, 0x08, 0xB0, 0x67, 0x40, 0x6B, 0x07, 0x08, 0xB0, 0x67, 0x40, 0x6B, 0x07, 0x08,
  0xB0, 0x67, 0x40, 0x6B, 0x07, 0x08, 0xB0, 0x67, 0x40, 0x6B, 0x07, 0x08, 0xB0, 0x67, 0x40, 0x6B,
  0x07, 0x08, 0xB0, 0x67, 0x40, 0x6B, 0x07, 0x08, 0xB0, 0x67, 0x40, 0x6B, 0x07, 0x08, 0xB0, 0x67,
  0x40, 0x7B, 0x07, 0x08, 0xB0, 0x67, 0x40, 0x8B, 0x07, 0x08, 0xB0, 0x67, 0x40, 0xBB, 0x00, 0x7B,
  0x07, 0x74, 0x0E, 0xB0, 0x70, 0x5B, 0x0A, 0x73, 0x05, 0xC0, 0x70, 0x2C, 0x02, 0x72, 0x0D, 0xC8,
  0x17, 0x0D, 0xB0, 0xC0, 0x16, 0x01, 0x0B, 0xD8, 0x17, 0x06, 0xC8, 0x6E, 0x84, 0x34, 0x69, 0xEA,
  0x0B, 0xB0, 0x72, 0x0B, 0xFD, 0x09, 0x01, 0xB0, 0x73, 0x09, 0xFA, 0x0E, 0x06, 0x20, 0xEA, 0x07,
  0x48, 0x90, 0x28, 0xBE, 0xFE, 0xDB, 0x61, 0x30, 0xCA, 0x07,
  // "ú" (U+00FA), RLE, 167 bytes saved (46.8%)
  0x74, 0x05, 0xC0, 0x77, 0x71, 0x0D, 0xB0, 0xC7, 0x71, 0x07, 0xB0, 0xD0, 0x17, 0x70, 0x2B, 0x0D,
  0x02, 0x77, 0x10, 0xCA, 0x0E, 0x02, 0x77, 0x10, 0x7A, 0x0D, 0x02, 0x77, 0x10, 0x2A, 0x0C, 0x01,
  0x80, 0x98, 0x40, 0x08, 0xB0, 0x67, 0x40, 0x6B, 0x07, 0x08, 0xB0, 0x67, 0x40, 0x6B, 0x07, 0x08,
  0xB0, 0x67, 0x40, 0x6B, 0x07, 0x08, 0xB0, 0x67, 0x40, 0x6B, 0x07, 0x08, 0xB0, 0x67, 0x40, 0x6B,
  0x07, 0x08, 0xB0, 0x67, 0x40, 0x6B, 0x07, 0x08, 0xB0, 0x67, 0x40, 0x6B, 0x07, 0x08, 0xB0, 0x67,
  0x40, 0x6B, 0x07, 0x08, 0xB0, 0x67, 0x40, 0x6B, 0x07, 0x08, 0xB0, 0x67, 0x40, 0x6B, 0x07, 0x08,
  0xB0, 0x67, 0x40, 0x6B, 0x07, 0x08, 0xB0, 0x67, 0x40, 0x6B, 0x07, 0x08, 0xB0, 0x67, 0x40, 0x6B,
  0x07, 0x08, 0xB0, 0x67, 0x40, 0x7B, 0x07, 0x08, 0xB0, 0x67, 0x40, 0x8B, 0x07, 0x08, 0xB0, 0x67,
  0x40, 0xBB, 0x00, 0x7B, 0x07, 0x74, 0x0E, 0xB0, 0x70, 0x5B, 0x0A, 0x73, 0x05, 0xC0, 0x70, 0x2C,
  0x02, 0x72, 0x0D, 0xC8, 0x17, 0x0D, 0xB0, 0xC0, 0x16, 0x01, 0x0B, 0xD8, 0x17, 0x06, 0xC8, 0x6E,
  0x84, 0x34, 0x69, 0xEA, 0x0B, 0xB0, 0x72, 0x0B, 0xFD, 0x09, 0x01, 0xB0, 0x73, 0x09, 0xFA, 0x0E,
  0x06, 0x20, 0xEA, 0x07, 0x48, 0x90, 0x28, 0xBE, 0xFE, 0xDB, 0x61, 0x30, 0xCA, 0x07,
  // "û" (U+00FB), RLE, 159 bytes saved (44.5%)
  0x70, 0x2C, 0x06, 0x77, 0x10, 0xCC, 0x0E, 0x02, 0x76, 0x0A, 0xE0, 0xD0, 0x17, 0x40, 0x8B, 0x0A,
  0x07, 0xB0, 0xB7, 0x30, 0x5B, 0x08, 0x20, 0x5B, 0x0A, 0x71, 0x04, 0xB0, 0x64, 0x04, 0x0E, 0xA0,
  0x96, 0x02, 0xA0, 0xD0, 0x36, 0x01, 0x0B, 0xA0, 0x78, 0x0F, 0x60, 0x08, 0xB0, 0x67, 0x40, 0x6B,
  0x07, 0x08, 0xB0, 0x67, 0x40, 0x6B, 0x07, 0x08, 0xB0, 0x67, 0x40, 0x6B, 0x07, 0x08, 0xB0, 0x67,
  0x40, 0x6B, 0x07, 0x08, 0xB0, 0x67, 0x40, 0x6B, 0x07, 0x08, 0xB0, 0x67, 0x40, 0x6B, 0x07, 0x08,
  0xB0, 0x67, 0x40, 0x6B, 0x07, 0x08, 0xB0, 0x67, 0x40, 0x6B, 0x07, 0x08, 0xB0, 0x67, 0x40, 0x6B,
  0x07, 0x08, 0xB0, 0x67, 0x40, 0x6B, 0x07, 0x08, 0xB0, 0x67, 0x40, 0x6B, 0x07, 0x08, 0xB0, 0x67,
  0x40, 0x6B, 0x07, 0x08, 0xB0, 0x67, 0x40, 0x6B, 0x07, 0x08, 0xB0, 0x67, 0x40, 0x7B, 0x07, 0x08,
  0xB0, 0x67, 0x40, 0x8B, 0x07, 0x08, 0xB0, 0x67, 0x40, 0xBB, 0x00, 0x7B, 0x07, 0x74, 0x0E, 0xB0,
  0x70, 0x5B, 0x0A, 0x73, 0x05, 0xC0, 0x70, 0x2C, 0x02, 0x72, 0x0D, 0xC8, 0x17, 0x0D, 0xB0, 0xC0,
  0x16, 0x01, 0x0B, 0xD8, 0x17, 0x06, 0xC8, 0x6E, 0x84, 0x34, 0x69, 0xEA, 0x0B, 0xB0, 0x72, 0x0B,
  0xFD, 0x09, 0x01, 0xB0, 0x73, 0x09, 0xFA, 0x0E, 0x06, 0x20, 0xEA, 0x07, 0x48, 0x90, 0x28, 0xBE,
  0xFE, 0xDB, 0x61, 0x30, 0xCA, 0x07,
  // "ü" (U+00FC), RLE, 150 bytes saved (44.6%)
  0x58, 0x2A, 0xEC, 0x24, 0x82, 0x7E, 0xD4, 0x71, 0x05, 0xB0, 0x93, 0x01, 0xB0, 0xD7, 0x10, 0x5B,
  0x09, 0x30, 0x1B, 0x0C, 0x72, 0x82, 0xAE, 0xC1, 0x48, 0x27, 0xED, 0x48, 0x09, 0xA4, 0x00, 0x8B,
  0x06, 0x74, 0x06, 0xB0, 0x70, 0x8B, 0x06, 0x74, 0x06, 0xB0, 0x70, 0x8B, 0x06, 0x74, 0x06, 0xB0,
  0x70, 0x8B, 0x06, 0x74, 0x06, 0xB0, 0x70, 0x8B, 0x06, 0x74, 0x06, 0xB0, 0x70, 0x8B, 0x06, 0x74,
  0x06, 0xB0, 0x70, 0x8B, 0x06, 0x74, 0x06, 0xB0, 0x70, 0x8B, 0x06, 0x74, 0x06, 0xB0, 0x70, 0x8B,
  0x06, 0x74, 0x06, 0xB0, 0x70, 0x8B, 0x06, 0x74, 0x06, 0xB0, 0x70, 0x8B, 0x06, 0x74, 0x06, 0xB0,
  0x70, 0x8B, 0x06, 0x74, 0x06, 0xB0, 0x70, 0x8B, 0x06, 0x74, 0x06, 0xB0, 0x70, 0x8B, 0x06, 0x74,
  0x07, 0xB0, 0x70, 0x8B, 0x06, 0x74, 0x08, 0xB0, 0x70, 0x8B, 0x06, 0x74, 0x0B, 0xB0, 0x07, 0xB0,
  0x77, 0x40, 0xEB, 0x07, 0x05, 0xB0, 0xA7, 0x30, 0x5C, 0x07, 0x02, 0xC0, 0x27, 0x20, 0xDC, 0x81,
  0x70, 0xDB, 0x0C, 0x01, 0x60, 0x10, 0xBD, 0x81, 0x70, 0x6C, 0x86, 0xE8, 0x43, 0x46, 0x9E, 0xA0,
  0xBB, 0x07, 0x20, 0xBF, 0xD0, 0x90, 0x1B, 0x07, 0x30, 0x9F, 0xA0, 0xE0, 0x62, 0x0E, 0xA0, 0x74,
  0x89, 0x02, 0x8B, 0xEF, 0xED, 0xB6, 0x13, 0x0C, 0xA0, 0x70,
  // "ý" (U+00FD), RLE, 291 bytes saved (56.2%)
  0x75, 0x05, 0xC0, 0x77, 0x73, 0x0D, 0xB0, 0xC7, 0x73, 0x07, 0xB0, 0xD0, 0x17, 0x72, 0x02, 0xB0,
  0xD0, 0x27, 0x73, 0x0C, 0xA0, 0xE0, 0x27, 0x73, 0x07, 0xA0, 0xD0, 0x27, 0x73, 0x02, 0xA0, 0xC0,
  0x18, 0x09, 0x93, 0x00, 0xBB, 0x05, 0x76, 0x0D, 0xB0, 0x30, 0x5B, 0x0B, 0x75, 0x03, 0xB0, 0xD2,
  0x0E, 0xB0, 0x17, 0x40, 0x9B, 0x07, 0x20, 0x9B, 0x07, 0x74, 0x0E, 0xB0, 0x22, 0x03, 0xB0, 0xD7,
  0x30, 0x4B, 0x0C, 0x40, 0xCB, 0x03, 0x72, 0x0A, 0xB0, 0x64, 0x06, 0xB0, 0x87, 0x20, 0xEB, 0x01,
  0x40, 0x1B, 0x0E, 0x71, 0x05, 0xB0, 0xA6, 0x0A, 0xB0, 0x47, 0x0A, 0xB0, 0x46, 0x03, 0xB0, 0xA6,
  0x01, 0xB0, 0xE7, 0x10, 0xDB, 0x01, 0x50, 0x5B, 0x08, 0x71, 0x07, 0xB0, 0x65, 0x0B, 0xB0, 0x37,
  0x10, 0x1B, 0x0C, 0x40, 0x1B, 0x0C, 0x73, 0x0A, 0xB0, 0x23, 0x06, 0xB0, 0x77, 0x30, 0x4B, 0x07,
  0x30, 0xBB, 0x01, 0x74, 0x0D, 0xA0, 0xD2, 0x01, 0xB0, 0xB7, 0x50, 0x8B, 0x81, 0x20, 0x6B, 0x05,
  0x75, 0x02, 0xB8, 0x17, 0x0B, 0xA0, 0xE7, 0x70, 0xBA, 0x0C, 0x1B, 0x09, 0x77, 0x05, 0xB0, 0x5B,
  0x03, 0x77, 0x10, 0xEA, 0x0D, 0xA0, 0xD7, 0x72, 0x09, 0xD0, 0x77, 0x72, 0x02, 0xD0, 0x27, 0x73,
  0x0C, 0xB0, 0xB7, 0x74, 0x08, 0xB0, 0x67, 0x74, 0x0D, 0xB7, 0x74, 0x04, 0xB0, 0xA7, 0x74, 0x0A,
  0xB0, 0x47, 0x73, 0x02, 0xB0, 0xD7, 0x74, 0x0B, 0xB0, 0x67, 0x73, 0x08, 0xB0, 0xD7, 0x58, 0x43,
  0x53, 0x36, 0xCC, 0x04, 0x75, 0x08, 0xF9, 0x07, 0x76, 0x08, 0xF0, 0x77, 0x78, 0x65, 0xCE, 0xFE,
  0xC8, 0x27, 0x71,
  // "þ" (U+00FE), RLE, 233 bytes saved (48.1%)
  0x04, 0xB0, 0x97, 0x73, 0x04, 0xB0, 0x97, 0x73, 0x04, 0xB0, 0x97, 0x73, 0x04, 0xB0, 0x97, 0x73,
  0x04, 0xB0, 0x97, 0x73, 0x04, 0xB0, 0x97, 0x73, 0x04, 0xB0, 0x97, 0x73, 0x04, 0xB0, 0x97, 0x73,
  0x04, 0xB0, 0x97, 0x73, 0x04, 0xB0, 0x93, 0x86, 0x6B, 0xDF, 0xED, 0xA5, 0x60, 0x4B, 0x82, 0x90,
  0x3D, 0xF9, 0x0D, 0x04, 0x40, 0x4B, 0x08, 0x05, 0xFD, 0x06, 0x30, 0x4B, 0x0B, 0x0E, 0xA8, 0x5A,
  0x64, 0x35, 0x8E, 0xC0, 0x42, 0x04, 0xD0, 0xC0, 0x16, 0x01, 0x0B, 0xB8, 0x2E, 0x10, 0x4C, 0x0E,
  0x01, 0x72, 0x0C, 0xB8, 0x17, 0x04, 0xC0, 0x77, 0x30, 0x4B, 0x81, 0xD0, 0x4C, 0x01, 0x74, 0x0E,
  0xB0, 0x10, 0x4B, 0x0D, 0x75, 0x0A, 0xB0, 0x50, 0x4B, 0x0B, 0x75, 0x08, 0xB0, 0x70, 0x4B, 0x0A,
  0x75, 0x06, 0xB0, 0x80, 0x4B, 0x09, 0x75, 0x05, 0xB0, 0x90, 0x4B, 0x09, 0x75, 0x06, 0xB0, 0x90,
  0x4B, 0x0A, 0x75, 0x06, 0xB0, 0x80, 0x4B, 0x0C, 0x75, 0x08, 0xB0, 0x70, 0x4B, 0x0E, 0x75, 0x0B,
  0xB0, 0x04, 0xC0, 0x37, 0x40, 0xEB, 0x01, 0x04, 0xC0, 0x87, 0x30, 0x5B, 0x81, 0xC0, 0x4C, 0x0E,
  0x02, 0x71, 0x01, 0x0D, 0xB8, 0x16, 0x04, 0xD0, 0xD0, 0x26, 0x01, 0x0B, 0xB0, 0xD2, 0x04, 0xB0,
  0xCB, 0x85, 0xA6, 0x43, 0x58, 0xEC, 0x04, 0x20, 0x4B, 0x06, 0x07, 0xFD, 0x05, 0x30, 0x4B, 0x82,
  0x70, 0x5E, 0xF9, 0x0D, 0x04, 0x40, 0x4B, 0x08, 0x28, 0x71, 0x7B, 0xEF, 0xED, 0xA5, 0x60, 0x4B,
  0x09, 0x77, 0x30, 0x4B, 0x09, 0x77, 0x30, 0x4B, 0x09, 0x77, 0x30, 0x4B, 0x09, 0x77, 0x30, 0x4B,
  0x09, 0x77, 0x30, 0x4B, 0x09, 0x77, 0x30, 0x4B, 0x09, 0x77, 0x30, 0x4B, 0x09, 0x77, 0x30, 0x4B,
  0x09, 0x77, 0x30, 0x4B, 0x09, 0x77, 0x30, 0x4B, 0x09, 0x77, 0x30,
  // "ÿ" (U+00FF), RLE, 273 bytes saved (55.2%)
  0x58, 0x2A, 0xEC, 0x24, 0x82, 0x7E, 0xD4, 0x73, 0x05, 0xB0, 0x93, 0x01, 0xB0, 0xD7, 0x30, 0x5B,
  0x09, 0x30, 0x1B, 0x0C, 0x74, 0x82, 0xAE, 0xC1, 0x48, 0x27, 0xED, 0x48, 0x09, 0xB6, 0x00, 0xBB,
  0x05, 0x76, 0x0D, 0xB0, 0x30, 0x5B, 0x0B, 0x75, 0x03, 0xB0, 0xD2, 0x0E, 0xB0, 0x17, 0x40, 0x9B,
  0x07, 0x20, 0x9B, 0x07, 0x74, 0x0E, 0xB0, 0x22, 0x03, 0xB0, 0xD7, 0x30, 0x4B, 0x0C, 0x40, 0xCB,
  0x03, 0x72, 0x0A, 0xB0, 0x64, 0x06, 0xB0, 0x87, 0x20, 0xEB, 0x01, 0x40, 0x1B, 0x0E, 0x71, 0x05,
  0xB0, 0xA6, 0x0A, 0xB0, 0x47, 0x0A, 0xB0, 0x46, 0x03, 0xB0, 0xA6, 0x01, 0xB0, 0xE7, 0x10, 0xDB,
  0x01, 0x50, 0x5B, 0x08, 0x71, 0x07, 0xB0, 0x65, 0x0B, 0xB0, 0x37, 0x10, 0x1B, 0x0C, 0x40, 0x1B,
  0x0C, 0x73, 0x0A, 0xB0, 0x23, 0x06, 0xB0, 0x77, 0x30, 0x4B, 0x07, 0x30, 0xBB, 0x01, 0x74, 0x0D,
  0xA0, 0xD2, 0x01, 0xB0, 0xB7, 0x50, 0x8B, 0x81, 0x20, 0x6B, 0x05, 0x75, 0x02, 0xB8, 0x17, 0x0B,
  0xA0, 0xE7, 0x70, 0xBA, 0x0C, 0x1B, 0x09, 0x77, 0x05, 0xB0, 0x5B, 0x03, 0x77, 0x10, 0xEA, 0x0D,
  0xA0, 0xD7, 0x72, 0x09, 0xD0, 0x77, 0x72, 0x02, 0xD0, 0x27, 0x73, 0x0C, 0xB0, 0xB7, 0x74, 0x08,
  0xB0, 0x67, 0x74, 0x0D, 0xB7, 0x74, 0x04, 0xB0, 0xA7, 0x74, 0x0A, 0xB0, 0x47, 0x73, 0x02, 0xB0,
  0xD7, 0x74, 0x0B, 0xB0, 0x67, 0x73, 0x08, 0xB0, 0xD7, 0x58, 0x43, 0x53, 0x36, 0xCC, 0x04, 0x75,
  0x08, 0xF9, 0x07, 0x76, 0x08, 0xF0, 0x77, 0x78, 0x65, 0xCE, 0xFE, 0xC8, 0x27, 0x71,
  // "Ā" (U+0100), RLE, 335 bytes saved (61.4%)
  0x71, 0x80, 0x90, 0x30, 0x27, 0x70, 0x3F, 0xD0, 0xC7, 0x70, 0x3F, 0xD0, 0xC7, 0x70, 0x3F, 0xD0,
  0xC8, 0x09, 0xF7, 0x00, 0xDB, 0x01, 0x77, 0x71, 0x04, 0xC0, 0x67, 0x77, 0x10, 0xBC, 0x0C, 0x77,
  0x70, 0x1E, 0x03, 0x77, 0x60, 0x7A, 0x00, 0xDA, 0x09, 0x77, 0x60, 0xDA, 0x09, 0x08, 0xA0, 0xE7,
  0x75, 0x04, 0xB0, 0x40, 0x3B, 0x06, 0x77, 0x40, 0xAB, 0x20, 0xEA, 0x0C, 0x77, 0x30, 0x1B, 0x0A,
  0x20, 0x8B, 0x03, 0x77, 0x20, 0x7B, 0x04, 0x20, 0x3B, 0x09, 0x77, 0x20, 0xDA, 0x0E, 0x40, 0xCA,
  0x0E, 0x77, 0x10, 0x4B, 0x08, 0x40, 0x6B, 0x05, 0x77, 0x0A, 0xB0, 0x24, 0x01, 0xB0, 0xC7, 0x60,
  0x1B, 0x0C, 0x60, 0xAB, 0x02, 0x75, 0x07, 0xB0, 0x66, 0x04, 0xB0, 0x87, 0x50, 0xDA, 0x0E, 0x71,
  0x0E, 0xA0, 0xE7, 0x40, 0x4B, 0x09, 0x71, 0x08, 0xB0, 0x57, 0x30, 0xAB, 0x03, 0x71, 0x02, 0xB0,
  0xB7, 0x20, 0x1F, 0xFC, 0x02, 0x71, 0x06, 0xFF, 0xC0, 0x87, 0x10, 0xDF, 0xFC, 0x0E, 0x70, 0x3B,
  0x0A, 0x80, 0x90, 0x30, 0xBB, 0x05, 0x60, 0x9B, 0x04, 0x75, 0x04, 0xB0, 0xB5, 0x01, 0x0E, 0xA0,
  0xD7, 0x70, 0xDB, 0x01, 0x40, 0x6B, 0x07, 0x77, 0x08, 0xB0, 0x74, 0x0C, 0xB0, 0x17, 0x70, 0x2B,
  0x0D, 0x30, 0x3B, 0x0B, 0x77, 0x20, 0xBB, 0x04, 0x20, 0x9B, 0x05, 0x77, 0x20, 0x5B, 0x0A, 0x20,
  0xEA, 0x0E, 0x77, 0x40, 0xEB, 0x01, 0x06, 0xB0, 0x87, 0x74, 0x09, 0xB0, 0x70, 0xCB, 0x03, 0x77,
  0x40, 0x3B, 0x0D,
  // "ā" (U+0101), RLE, 146 bytes saved (47.1%)
  0x48, 0x09, 0x03, 0x02, 0x60, 0x3F, 0xD0, 0xC6, 0x03, 0xFD, 0x0C, 0x60, 0x3F, 0xD0, 0xC8, 0x09,
  0x80, 0x08, 0x91, 0x16, 0x9C, 0xEF, 0xED, 0xB7, 0x17, 0x04, 0x0B, 0xFC, 0x07, 0x50, 0x2F, 0xF0,
  0x85, 0x0B, 0xA8, 0x6C, 0x85, 0x43, 0x47, 0xDC, 0x03, 0x48, 0x13, 0x72, 0x71, 0x09, 0xB0, 0x97,
  0x72, 0x0E, 0xA0, 0xD7, 0x72, 0x0B, 0xB7, 0x72, 0x0A, 0xB0, 0x17, 0x28, 0x52, 0x23, 0x33, 0x3B,
  0xB0, 0x14, 0x82, 0x16, 0xBE, 0xFC, 0x01, 0x20, 0x10, 0x9F, 0xF9, 0x82, 0x10, 0x1C, 0xFF, 0xA8,
  0x11, 0x0B, 0xC8, 0x2D, 0x74, 0x15, 0x0A, 0xB0, 0x10, 0x5C, 0x07, 0x72, 0x0A, 0xB0, 0x10, 0xAB,
  0x0A, 0x73, 0x0B, 0xB0, 0x10, 0xDB, 0x03, 0x73, 0x0C, 0xB0, 0x10, 0xEB, 0x01, 0x73, 0xC0, 0x10,
  0xEB, 0x01, 0x72, 0x06, 0xC0, 0x10, 0xCB, 0x05, 0x71, 0x02, 0x0E, 0xC0, 0x10, 0x8B, 0x0D, 0x01,
  0x60, 0x40, 0xED, 0x01, 0x02, 0xC8, 0x5E, 0x85, 0x34, 0x7C, 0xA0, 0xE0, 0x8B, 0x81, 0x10, 0x7F,
  0xC8, 0x1E, 0x32, 0xB0, 0x12, 0x07, 0xFA, 0x0C, 0x02, 0x2B, 0x01, 0x38, 0x71, 0x8C, 0xEF, 0xED,
  0xA5, 0x40, 0xCA, 0x01,
  // "Ă" (U+0102), RLE, 339 bytes saved (59.1%)
  0x70, 0x2A, 0x03, 0x70, 0x1A, 0x05, 0x77, 0x81, 0xEF, 0x97, 0x08, 0xA0, 0x27, 0x70, 0xAA, 0x85,
  0xB6, 0x43, 0x46, 0xBA, 0x0B, 0x77, 0x10, 0x20, 0xEF, 0xA0, 0xE0, 0x37, 0x72, 0x04, 0x0E, 0xF0,
  0xE0, 0x47, 0x74, 0x87, 0x18, 0xCE, 0xFE, 0xC7, 0x18, 0x0A, 0x81, 0x00, 0xDB, 0x01, 0x77, 0x71,
  0x04, 0xC0, 0x67, 0x77, 0x10, 0xBC, 0x0C, 0x77, 0x70, 0x1E, 0x03, 0x77, 0x60, 0x7A, 0x00, 0xDA,
  0x09, 0x77, 0x60, 0xDA, 0x09, 0x08, 0xA0, 0xE7, 0x75, 0x04, 0xB0, 0x40, 0x3B, 0x06, 0x77, 0x40,
  0xAB, 0x20, 0xEA, 0x0C, 0x77, 0x30, 0x1B, 0x0A, 0x20, 0x8B, 0x03, 0x77, 0x20, 0x7B, 0x04, 0x20,
  0x3B, 0x09, 0x77, 0x20, 0xDA, 0x0E, 0x40, 0xCA, 0x0E, 0x77, 0x10, 0x4B, 0x08, 0x40, 0x6B, 0x05,
  0x77, 0x0A, 0xB0, 0x24, 0x01, 0xB0, 0xC7, 0x60, 0x1B, 0x0C, 0x60, 0xAB, 0x02, 0x75, 0x07, 0xB0,
  0x66, 0x04, 0xB0, 0x87, 0x50, 0xDA, 0x0E, 0x71, 0x0E, 0xA0, 0xE7, 0x40, 0x4B, 0x09, 0x71, 0x08,
  0xB0, 0x57, 0x30, 0xAB, 0x03, 0x71, 0x02, 0xB0, 0xB7, 0x20, 0x1F, 0xFC, 0x02, 0x71, 0x06, 0xFF,
  0xC0, 0x87, 0x10, 0xDF, 0xFC, 0x0E, 0x70, 0x3B, 0x0A, 0x80, 0x90, 0x30, 0xBB, 0x05, 0x60, 0x9B,
  0x04, 0x75, 0x04, 0xB0, 0xB5, 0x01, 0x0E, 0xA0, 0xD7, 0x70, 0xDB, 0x01, 0x40, 0x6B, 0x07, 0x77,
  0x08, 0xB0, 0x74, 0x0C, 0xB0, 0x17, 0x70, 0x2B, 0x0D, 0x30, 0x3B, 0x0B, 0x77, 0x20, 0xBB, 0x04,
  0x20, 0x9B, 0x05, 0x77, 0x20, 0x5B, 0x0A, 0x20, 0xEA, 0x0E, 0x77, 0x40, 0xEB, 0x01, 0x06, 0xB0,
  0x87, 0x74, 0x09, 0xB0, 0x70, 0xCB, 0x03, 0x77, 0x40, 0x3B, 0x0D,
  // "ă" (U+0103), RLE, 143 bytes saved (43.3%)
  0x30, 0x2A, 0x03, 0x70, 0x1A, 0x05, 0x68, 0x1E, 0xF9, 0x70, 0x8A, 0x02, 0x60, 0xAA, 0x85, 0xB6,
  0x43, 0x46, 0xBA, 0x0B, 0x70, 0x20, 0xEF, 0xA0, 0xE0, 0x37, 0x10, 0x40, 0xEF, 0x0E, 0x04, 0x73,
  0x87, 0x18, 0xCE, 0xFE, 0xC7, 0x18, 0x09, 0x82, 0x08, 0x91, 0x16, 0x9C, 0xEF, 0xED, 0xB7, 0x17,
  0x04, 0x0B, 0xFC, 0x07, 0x50, 0x2F, 0xF0, 0x85, 0x0B, 0xA8, 0x6C, 0x85, 0x43, 0x47, 0xDC, 0x03,
  0x48, 0x13, 0x72, 0x71, 0x09, 0xB0, 0x97, 0x72, 0x0E, 0xA0, 0xD7, 0x72, 0x0B, 0xB7, 0x72, 0x0A,
  0xB0, 0x17, 0x28, 0x52, 0x23, 0x33, 0x3B, 0xB0, 0x14, 0x82, 0x16, 0xBE, 0xFC, 0x01, 0x20, 0x10,
  0x9F, 0xF9, 0x82, 0x10, 0x1C, 0xFF, 0xA8, 0x11, 0x0B, 0xC8, 0x2D, 0x74, 0x15, 0x0A, 0xB0, 0x10,
  0x5C, 0x07, 0x72, 0x0A, 0xB0, 0x10, 0xAB, 0x0A, 0x73, 0x0B, 0xB0, 0x10, 0xDB, 0x03, 0x73, 0x0C,
  0xB0, 0x10, 0xEB, 0x01, 0x73, 0xC0, 0x10, 0xEB, 0x01, 0x72, 0x06, 0xC0, 0x10, 0xCB, 0x05, 0x71,
  0x02, 0x0E, 0xC0, 0x10, 0x8B, 0x0D, 0x01, 0x60, 0x40, 0xED, 0x01, 0x02, 0xC8, 0x5E, 0x85, 0x34,
  0x7C, 0xA0, 0xE0, 0x8B, 0x81, 0x10, 0x7F, 0xC8, 0x1E, 0x32, 0xB0, 0x12, 0x07, 0xFA, 0x0C, 0x02,
  0x2B, 0x01, 0x38, 0x71, 0x8C, 0xEF, 0xED, 0xA5, 0x40, 0xCA, 0x01,
  // "Ą" (U+0104), RLE, 337 bytes saved (58.7%)
  0x75, 0x0D, 0xB0, 0x17, 0x77, 0x10, 0x4C, 0x06, 0x77, 0x71, 0x0B, 0xC0, 0xC7, 0x77, 0x01, 0xE0,
  0x37, 0x76, 0x07, 0xA0, 0x0D, 0xA0, 0x97, 0x76, 0x0D, 0xA0, 0x90, 0x8A, 0x0E, 0x77, 0x50, 0x4B,
  0x04, 0x03, 0xB0, 0x67, 0x74, 0x0A, 0xB2, 0x0E, 0xA0, 0xC7, 0x73, 0x01, 0xB0, 0xA2, 0x08, 0xB0,
  0x37, 0x72, 0x07, 0xB0, 0x42, 0x03, 0xB0, 0x97, 0x72, 0x0D, 0xA0, 0xE4, 0x0C, 0xA0, 0xE7, 0x71,
  0x04, 0xB0, 0x84, 0x06, 0xB0, 0x57, 0x70, 0xAB, 0x02, 0x40, 0x1B, 0x0C, 0x76, 0x01, 0xB0, 0xC6,
  0x0A, 0xB0, 0x27, 0x50, 0x7B, 0x06, 0x60, 0x4B, 0x08, 0x75, 0x0D, 0xA0, 0xE7, 0x10, 0xEA, 0x0E,
  0x74, 0x04, 0xB0, 0x97, 0x10, 0x8B, 0x05, 0x73, 0x0A, 0xB0, 0x37, 0x10, 0x2B, 0x0B, 0x72, 0x01,
  0xFF, 0xC0, 0x27, 0x10, 0x6F, 0xFC, 0x08, 0x71, 0x0D, 0xFF, 0xC0, 0xE7, 0x03, 0xB0, 0xA8, 0x09,
  0x03, 0x0B, 0xB0, 0x56, 0x09, 0xB0, 0x47, 0x50, 0x4B, 0x0B, 0x50, 0x10, 0xEA, 0x0D, 0x77, 0x0D,
  0xB0, 0x14, 0x06, 0xB0, 0x77, 0x70, 0x8B, 0x07, 0x40, 0xCB, 0x01, 0x77, 0x02, 0xB0, 0xD3, 0x03,
  0xB0, 0xB7, 0x72, 0x0B, 0xB0, 0x42, 0x09, 0xB0, 0x57, 0x72, 0x05, 0xB0, 0xA2, 0x0E, 0xA0, 0xE7,
  0x74, 0x0E, 0xB0, 0x10, 0x6B, 0x08, 0x77, 0x40, 0x9B, 0x07, 0x0C, 0xB0, 0x37, 0x74, 0x03, 0xB0,
  0xD7, 0x77, 0x28, 0x2B, 0xFE, 0x37, 0x77, 0x20, 0x9A, 0x04, 0x77, 0x72, 0x04, 0xA0, 0x97, 0x77,
  0x30, 0xCA, 0x02, 0x77, 0x72, 0x01, 0xB7, 0x77, 0x30, 0x3B, 0x77, 0x73, 0x02, 0xB8, 0x2A, 0x44,
  0x57, 0x77, 0x0E, 0xE7, 0x77, 0x06, 0xE7, 0x77, 0x18, 0x44, 0xBE, 0xFE, 0xA0,
  // "ą" (U+0105), RLE, 155 bytes saved (45.6%)
  0x58, 0x91, 0x16, 0x9C, 0xEF, 0xED, 0xB7, 0x17, 0x04, 0x0B, 0xFC, 0x07, 0x50, 0x2F, 0xF0, 0x85,
  0x0B, 0xA8, 0x6C, 0x85, 0x43, 0x47, 0xDC, 0x03, 0x48, 0x13, 0x72, 0x71, 0x09, 0xB0, 0x97, 0x72,
  0x0E, 0xA0, 0xD7, 0x72, 0x0B, 0xB7, 0x72, 0x0A, 0xB0, 0x17, 0x28, 0x52, 0x23, 0x33, 0x3B, 0xB0,
  0x14, 0x82, 0x16, 0xBE, 0xFC, 0x01, 0x20, 0x10, 0x9F, 0xF9, 0x82, 0x10, 0x1C, 0xFF, 0xA8, 0x11,
  0x0B, 0xC8, 0x2D, 0x74, 0x15, 0x0A, 0xB0, 0x10, 0x5C, 0x07, 0x72, 0x0A, 0xB0, 0x10, 0xAB, 0x0A,
  0x73, 0x0B, 0xB0, 0x10, 0xDB, 0x03, 0x73, 0x0C, 0xB0, 0x10, 0xEB, 0x01, 0x73, 0xC0, 0x10, 0xEB,
  0x01, 0x72, 0x06, 0xC0, 0x10, 0xCB, 0x05, 0x71, 0x02, 0x0E, 0xC0, 0x10, 0x8B, 0x0D, 0x01, 0x60,
  0x40, 0xED, 0x01, 0x02, 0xC8, 0x5E, 0x85, 0x34, 0x7C, 0xA0, 0xE0, 0x8B, 0x81, 0x10, 0x7F, 0xC8,
  0x1E, 0x32, 0xB0, 0x12, 0x07, 0xFA, 0x0C, 0x02, 0x2B, 0x01, 0x38, 0x71, 0x8C, 0xEF, 0xED, 0xA5,
  0x4B, 0x01, 0x77, 0x18, 0x2B, 0xFE, 0x37, 0x71, 0x09, 0xA0, 0x47, 0x71, 0x04, 0xA0, 0x97, 0x72,
  0x0C, 0xA0, 0x27, 0x71, 0x01, 0xB7, 0x72, 0x03, 0xB7, 0x72, 0x02, 0xB8, 0x2A, 0x44, 0x57, 0x60,
  0xEE, 0x76, 0x06, 0xE7, 0x78, 0x44, 0xBE, 0xFE, 0xA0,
  // "Ć" (U+0106), RLE, 328 bytes saved (62.5%)
  0x77, 0x10, 0x5C, 0x07, 0x77, 0x50, 0xDB, 0x0C, 0x77, 0x50, 0x7B, 0x0D, 0x01, 0x77, 0x40, 0x2B,
  0x0D, 0x02, 0x77, 0x50, 0xCA, 0x0E, 0x02, 0x77, 0x50, 0x7A, 0x0D, 0x02, 0x77, 0x50, 0x2A, 0x0C,
  0x01, 0x80, 0x9E, 0x30, 0x83, 0x38, 0xBD, 0xEA, 0x83, 0xED, 0xA8, 0x47, 0x38, 0x11, 0x7E, 0xFE,
  0x0A, 0x02, 0x60, 0x50, 0xEF, 0xF9, 0x0E, 0x01, 0x50, 0x8D, 0x87, 0xEA, 0x65, 0x34, 0x57, 0xBB,
  0x08, 0x50, 0x8C, 0x0E, 0x06, 0x73, 0x81, 0x5B, 0x14, 0x06, 0xC0, 0xC0, 0x17, 0x73, 0x01, 0x0E,
  0xB0, 0xB7, 0x75, 0x09, 0xB0, 0xE0, 0x17, 0x74, 0x01, 0x0E, 0xB0, 0x67, 0x75, 0x06, 0xB0, 0xE7,
  0x76, 0x0A, 0xB0, 0x87, 0x76, 0x0E, 0xB0, 0x57, 0x75, 0x01, 0xC0, 0x17, 0x75, 0x03, 0xC7, 0x76,
  0x04, 0xB0, 0xE7, 0x76, 0x04, 0xB0, 0xD7, 0x76, 0x04, 0xB0, 0xE7, 0x76, 0x03, 0xC7, 0x76, 0x01,
  0xC0, 0x17, 0x76, 0x0E, 0xB0, 0x47, 0x76, 0x0B, 0xB0, 0x87, 0x76, 0x07, 0xB0, 0xD7, 0x76, 0x02,
  0xC0, 0x47, 0x76, 0x0C, 0xB0, 0xD7, 0x76, 0x04, 0xC0, 0x97, 0x76, 0x0A, 0xC0, 0x97, 0x75, 0x01,
  0x0D, 0xC0, 0xC0, 0x47, 0x40, 0x30, 0x15, 0x01, 0x0D, 0xD8, 0x90, 0xD9, 0x64, 0x33, 0x46, 0x8C,
  0xA0, 0x36, 0x01, 0x0A, 0xFF, 0xA0, 0x37, 0x10, 0x40, 0xCF, 0xF0, 0x27, 0x38, 0x32, 0x7A, 0xCE,
  0xA8, 0x4E, 0xEC, 0xB8, 0x53,
  // "ć" (U+0107), RLE, 161 bytes saved (52.6%)
  0x74, 0x05, 0xC0, 0x77, 0x50, 0xDB, 0x0C, 0x75, 0x07, 0xB0, 0xD0, 0x17, 0x40, 0x2B, 0x0D, 0x02,
  0x75, 0x0C, 0xA0, 0xE0, 0x27, 0x50, 0x7A, 0x0D, 0x02, 0x75, 0x02, 0xA0, 0xC0, 0x18, 0x0F, 0x60,
  0x89, 0x11, 0x6A, 0xDE, 0xFE, 0xDB, 0x73, 0x60, 0x8F, 0xC0, 0x73, 0x02, 0x0D, 0xFD, 0x03, 0x20,
  0x10, 0xDC, 0x87, 0xB6, 0x43, 0x47, 0xBF, 0xC3, 0x0A, 0xB0, 0xE0, 0x47, 0x01, 0x03, 0x20, 0x4C,
  0x02, 0x75, 0x0A, 0xB0, 0x87, 0x6C, 0x01, 0x75, 0x03, 0xB0, 0xC7, 0x60, 0x6B, 0x09, 0x76, 0x07,
  0xB0, 0x77, 0x60, 0x8B, 0x06, 0x76, 0x08, 0xB0, 0x67, 0x60, 0x8B, 0x07, 0x76, 0x06, 0xB0, 0x97,
  0x60, 0x4B, 0x0C, 0x76, 0x01, 0xC0, 0x17, 0x60, 0xCB, 0x07, 0x76, 0x05, 0xB0, 0xE0, 0x27, 0x60,
  0xCB, 0x0D, 0x03, 0x71, 0x03, 0x02, 0x20, 0x20, 0xEC, 0x89, 0x0A, 0x64, 0x34, 0x69, 0xDF, 0x43,
  0x03, 0x0E, 0xFD, 0x04, 0x40, 0x10, 0xAF, 0xC0, 0x36, 0x82, 0x27, 0xBD, 0xA8, 0x3E, 0xDA, 0x71,
  0x10,
  // "Ĉ" (U+0108), RLE, 318 bytes saved (60.6%)
  0x75, 0x02, 0xC0, 0x67, 0x75, 0x0C, 0xC0, 0xE0, 0x27, 0x73, 0x0A, 0xE0, 0xD0, 0x17, 0x71, 0x08,
  0xB0, 0xA0, 0x7B, 0x0B, 0x77, 0x05, 0xB0, 0x82, 0x05, 0xB0, 0xA7, 0x50, 0x4B, 0x06, 0x40, 0x40,
  0xEA, 0x09, 0x73, 0x02, 0xA0, 0xD0, 0x36, 0x01, 0x0B, 0xA0, 0x78, 0x09, 0xD4, 0x08, 0x33, 0x8B,
  0xDE, 0xA8, 0x3E, 0xDA, 0x84, 0x73, 0x81, 0x17, 0xEF, 0xE0, 0xA0, 0x26, 0x05, 0x0E, 0xFF, 0x90,
  0xE0, 0x15, 0x08, 0xD8, 0x7E, 0xA6, 0x53, 0x45, 0x7B, 0xB0, 0x85, 0x08, 0xC0, 0xE0, 0x67, 0x38,
  0x15, 0xB1, 0x40, 0x6C, 0x0C, 0x01, 0x77, 0x30, 0x10, 0xEB, 0x0B, 0x77, 0x50, 0x9B, 0x0E, 0x01,
  0x77, 0x40, 0x10, 0xEB, 0x06, 0x77, 0x50, 0x6B, 0x0E, 0x77, 0x60, 0xAB, 0x08, 0x77, 0x60, 0xEB,
  0x05, 0x77, 0x50, 0x1C, 0x01, 0x77, 0x50, 0x3C, 0x77, 0x60, 0x4B, 0x0E, 0x77, 0x60, 0x4B, 0x0D,
  0x77, 0x60, 0x4B, 0x0E, 0x77, 0x60, 0x3C, 0x77, 0x60, 0x1C, 0x01, 0x77, 0x60, 0xEB, 0x04, 0x77,
  0x60, 0xBB, 0x08, 0x77, 0x60, 0x7B, 0x0D, 0x77, 0x60, 0x2C, 0x04, 0x77, 0x60, 0xCB, 0x0D, 0x77,
  0x60, 0x4C, 0x09, 0x77, 0x60, 0xAC, 0x09, 0x77, 0x50, 0x10, 0xDC, 0x0C, 0x04, 0x74, 0x03, 0x01,
  0x50, 0x10, 0xDD, 0x89, 0x0D, 0x96, 0x43, 0x34, 0x68, 0xCA, 0x03, 0x60, 0x10, 0xAF, 0xFA, 0x03,
  0x71, 0x04, 0x0C, 0xFF, 0x02, 0x73, 0x83, 0x27, 0xAC, 0xEA, 0x84, 0xEE, 0xCB, 0x85, 0x30,
  // "ĉ" (U+0109), RLE, 152 bytes saved (49.7%)
  0x70, 0x2C, 0x06, 0x75, 0x0C, 0xC0, 0xE0, 0x27, 0x30, 0xAE, 0x0D, 0x01, 0x71, 0x08, 0xB0, 0xA0,
  0x7B, 0x0B, 0x70, 0x5B, 0x08, 0x20, 0x5B, 0x0A, 0x50, 0x4B, 0x06, 0x40, 0x40, 0xEA, 0x09, 0x30,
  0x2A, 0x0D, 0x03, 0x60, 0x10, 0xBA, 0x07, 0x80, 0xF0, 0x08, 0x91, 0x16, 0xAD, 0xEF, 0xED, 0xB7,
  0x36, 0x08, 0xFC, 0x07, 0x30, 0x20, 0xDF, 0xD0, 0x32, 0x01, 0x0D, 0xC8, 0x7B, 0x64, 0x34, 0x7B,
  0xFC, 0x30, 0xAB, 0x0E, 0x04, 0x70, 0x10, 0x32, 0x04, 0xC0, 0x27, 0x50, 0xAB, 0x08, 0x76, 0xC0,
  0x17, 0x50, 0x3B, 0x0C, 0x76, 0x06, 0xB0, 0x97, 0x60, 0x7B, 0x07, 0x76, 0x08, 0xB0, 0x67, 0x60,
  0x8B, 0x06, 0x76, 0x08, 0xB0, 0x77, 0x60, 0x6B, 0x09, 0x76, 0x04, 0xB0, 0xC7, 0x60, 0x1C, 0x01,
  0x76, 0x0C, 0xB0, 0x77, 0x60, 0x5B, 0x0E, 0x02, 0x76, 0x0C, 0xB0, 0xD0, 0x37, 0x10, 0x30, 0x22,
  0x02, 0x0E, 0xC8, 0x90, 0xA6, 0x43, 0x46, 0x9D, 0xF4, 0x30, 0x30, 0xEF, 0xD0, 0x44, 0x01, 0x0A,
  0xFC, 0x03, 0x68, 0x22, 0x7B, 0xDA, 0x83, 0xED, 0xA7, 0x11,
  // "Ċ" (U+010A), RLE, 315 bytes saved (63.0%)
  0x76, 0x82, 0x5D, 0xE6, 0x77, 0x60, 0x1C, 0x01, 0x77, 0x50, 0x3C, 0x03, 0x77, 0x50, 0x1C, 0x01,
  0x77, 0x68, 0x25, 0xDE, 0x68, 0x09, 0xE2, 0x08, 0x33, 0x8B, 0xDE, 0xA8, 0x3E, 0xDA, 0x84, 0x73,
  0x81, 0x17, 0xEF, 0xE0, 0xA0, 0x26, 0x05, 0x0E, 0xFF, 0x90, 0xE0, 0x15, 0x08, 0xD8, 0x7E, 0xA6,
  0x53, 0x45, 0x7B, 0xB0, 0x85, 0x08, 0xC0, 0xE0, 0x67, 0x38, 0x15, 0xB1, 0x40, 0x6C, 0x0C, 0x01,
  0x77, 0x30, 0x10, 0xEB, 0x0B, 0x77, 0x50, 0x9B, 0x0E, 0x01, 0x77, 0x40, 0x10, 0xEB, 0x06, 0x77,
  0x50, 0x6B, 0x0E, 0x77, 0x60, 0xAB, 0x08, 0x77, 0x60, 0xEB, 0x05, 0x77, 0x50, 0x1C, 0x01, 0x77,
  0x50, 0x3C, 0x77, 0x60, 0x4B, 0x0E, 0x77, 0x60, 0x4B, 0x0D, 0x77, 0x60, 0x4B, 0x0E, 0x77, 0x60,
  0x3C, 0x77, 0x60, 0x1C, 0x01, 0x77, 0x60, 0xEB, 0x04, 0x77, 0x60, 0xBB, 0x08, 0x77, 0x60, 0x7B,
  0x0D, 0x77, 0x60, 0x2C, 0x04, 0x77, 0x60, 0xCB, 0x0D, 0x77, 0x60, 0x4C, 0x09, 0x77, 0x60, 0xAC,
  0x09, 0x77, 0x50, 0x10, 0xDC, 0x0C, 0x04, 0x74, 0x03, 0x01, 0x50, 0x10, 0xDD, 0x89, 0x0D, 0x96,
  0x43, 0x34, 0x68, 0xCA, 0x03, 0x60, 0x10, 0xAF, 0xFA, 0x03, 0x71, 0x04, 0x0C, 0xFF, 0x02, 0x73,
  0x83, 0x27, 0xAC, 0xEA, 0x84, 0xEE, 0xCB, 0x85, 0x30,
  // "ċ" (U+010B), RLE, 154 bytes saved (53.5%)
  0x72, 0x82, 0x5D, 0xE6, 0x76, 0x01, 0xC0, 0x17, 0x50, 0x3C, 0x03, 0x75, 0x01, 0xC0, 0x17, 0x68,
  0x25, 0xDE, 0x68, 0x0F, 0x50, 0x89, 0x11, 0x6A, 0xDE, 0xFE, 0xDB, 0x73, 0x60, 0x8F, 0xC0, 0x73,
  0x02, 0x0D, 0xFD, 0x03, 0x20, 0x10, 0xDC, 0x87, 0xB6, 0x43, 0x47, 0xBF, 0xC3, 0x0A, 0xB0, 0xE0,
  0x47, 0x01, 0x03, 0x20, 0x4C, 0x02, 0x75, 0x0A, 0xB0, 0x87, 0x6C, 0x01, 0x75, 0x03, 0xB0, 0xC7,
  0x60, 0x6B, 0x09, 0x76, 0x07, 0xB0, 0x77, 0x60, 0x8B, 0x06, 0x76, 0x08, 0xB0, 0x67, 0x60, 0x8B,
  0x07, 0x76, 0x06, 0xB0, 0x97, 0x60, 0x4B, 0x0C, 0x76, 0x01, 0xC0, 0x17, 0x60, 0xCB, 0x07, 0x76,
  0x05, 0xB0, 0xE0, 0x27, 0x60, 0xCB, 0x0D, 0x03, 0x71, 0x03, 0x02, 0x20, 0x20, 0xEC, 0x89, 0x0A,
  0x64, 0x34, 0x69, 0xDF, 0x43, 0x03, 0x0E, 0xFD, 0x04, 0x40, 0x10, 0xAF, 0xC0, 0x36, 0x82, 0x27,
  0xBD, 0xA8, 0x3E, 0xDA, 0x71, 0x10,
  // "Č" (U+010C), RLE, 318 bytes saved (60.6%)
  0x70, 0x2A, 0x0D, 0x03, 0x60, 0x10, 0xBA, 0x08, 0x73, 0x06, 0xB0, 0x64, 0x03, 0x0D, 0xA0, 0xB7,
  0x50, 0x7B, 0x07, 0x20, 0x40, 0xEA, 0x0B, 0x77, 0x09, 0xB0, 0x80, 0x5B, 0x0C, 0x77, 0x20, 0xAE,
  0x0D, 0x01, 0x77, 0x30, 0xCC, 0x0E, 0x02, 0x77, 0x40, 0x2C, 0x06, 0x80, 0x9E, 0x10, 0x83, 0x38,
  0xBD, 0xEA, 0x83, 0xED, 0xA8, 0x47, 0x38, 0x11, 0x7E, 0xFE, 0x0A, 0x02, 0x60, 0x50, 0xEF, 0xF9,
  0x0E, 0x01, 0x50, 0x8D, 0x87, 0xEA, 0x65, 0x34, 0x57, 0xBB, 0x08, 0x50, 0x8C, 0x0E, 0x06, 0x73,
  0x81, 0x5B, 0x14, 0x06, 0xC0, 0xC0, 0x17, 0x73, 0x01, 0x0E, 0xB0, 0xB7, 0x75, 0x09, 0xB0, 0xE0,
  0x17, 0x74, 0x01, 0x0E, 0xB0, 0x67, 0x75, 0x06, 0xB0, 0xE7, 0x76, 0x0A, 0xB0, 0x87, 0x76, 0x0E,
  0xB0, 0x57, 0x75, 0x01, 0xC0, 0x17, 0x75, 0x03, 0xC7, 0x76, 0x04, 0xB0, 0xE7, 0x76, 0x04, 0xB0,
  0xD7, 0x76, 0x04, 0xB0, 0xE7, 0x76, 0x03, 0xC7, 0x76, 0x01, 0xC0, 0x17, 0x76, 0x0E, 0xB0, 0x47,
  0x76, 0x0B, 0xB0, 0x87, 0x76, 0x07, 0xB0, 0xD7, 0x76, 0x02, 0xC0, 0x47, 0x76, 0x0C, 0xB0, 0xD7,
  0x76, 0x04, 0xC0, 0x97, 0x76, 0x0A, 0xC0, 0x97, 0x75, 0x01, 0x0D, 0xC0, 0xC0, 0x47, 0x40, 0x30,
  0x15, 0x01, 0x0D, 0xD8, 0x90, 0xD9, 0x64, 0x33, 0x46, 0x8C, 0xA0, 0x36, 0x01, 0x0A, 0xFF, 0xA0,
  0x37, 0x10, 0x40, 0xCF, 0xF0, 0x27, 0x38, 0x32, 0x7A, 0xCE, 0xA8, 0x4E, 0xEC, 0xB8, 0x53,
  // "č" (U+010D), RLE, 151 bytes saved (49.3%)
  0x20, 0x2A, 0x0D, 0x03, 0x60, 0x10, 0xBA, 0x08, 0x30, 0x6B, 0x06, 0x40, 0x30, 0xDA, 0x0B, 0x50,
  0x7B, 0x07, 0x20, 0x40, 0xEA, 0x0B, 0x70, 0x9B, 0x08, 0x05, 0xB0, 0xC7, 0x20, 0xAE, 0x0D, 0x01,
  0x73, 0x0C, 0xC0, 0xE0, 0x27, 0x40, 0x2C, 0x06, 0x80, 0xF5, 0x08, 0x91, 0x16, 0xAD, 0xEF, 0xED,
  0xB7, 0x36, 0x08, 0xFC, 0x07, 0x30, 0x20, 0xDF, 0xD0, 0x32, 0x01, 0x0D, 0xC8, 0x7B, 0x64, 0x34,
  0x7B, 0xFC, 0x30, 0xAB, 0x0E, 0x04, 0x70, 0x10, 0x32, 0x04, 0xC0, 0x27, 0x50, 0xAB, 0x08, 0x76,
  0xC0, 0x17, 0x50, 0x3B, 0x0C, 0x76, 0x06, 0xB0, 0x97, 0x60, 0x7B, 0x07, 0x76, 0x08, 0xB0, 0x67,
  0x60, 0x8B, 0x06, 0x76, 0x08, 0xB0, 0x77, 0x60, 0x6B, 0x09, 0x76, 0x04, 0xB0, 0xC7, 0x60, 0x1C,
  0x01, 0x76, 0x0C, 0xB0, 0x77, 0x60, 0x5B, 0x0E, 0x02, 0x76, 0x0C, 0xB0, 0xD0, 0x37, 0x10, 0x30,
  0x22, 0x02, 0x0E, 0xC8, 0x90, 0xA6, 0x43, 0x46, 0x9D, 0xF4, 0x30, 0x30, 0xEF, 0xD0, 0x44, 0x01,
  0x0A, 0xFC, 0x03, 0x68, 0x22, 0x7B, 0xDA, 0x83, 0xED, 0xA7, 0x11,
  // "Ď" (U+010E), RLE, 290 bytes saved (53.1%)
  0x40, 0x2A, 0x0D, 0x03, 0x60, 0x10, 0xBA, 0x08, 0x74, 0x06, 0xB0, 0x64, 0x03, 0x0D, 0xA0, 0xB7,
  0x60, 0x7B, 0x07, 0x20, 0x40, 0xEA, 0x0B, 0x77, 0x10, 0x9B, 0x08, 0x05, 0xB0, 0xC7, 0x73, 0x0A,
  0xE0, 0xD0, 0x17, 0x74, 0x0C, 0xC0, 0xE0, 0x27, 0x75, 0x02, 0xC0, 0x68, 0x09, 0xD7, 0x00, 0xBF,
  0xB8, 0x3E, 0xDA, 0x84, 0x73, 0x0B, 0xFF, 0x98, 0x1E, 0x81, 0x70, 0xBF, 0xFB, 0x0E, 0x07, 0x60,
  0xBB, 0x06, 0x80, 0x13, 0x83, 0x45, 0x7B, 0xED, 0x0B, 0x01, 0x40, 0xBB, 0x03, 0x73, 0x06, 0x0D,
  0xC0, 0xC4, 0x0B, 0xB0, 0x37, 0x50, 0xAC, 0x0A, 0x30, 0xBB, 0x03, 0x76, 0x08, 0xC0, 0x42, 0x0B,
  0xB0, 0x37, 0x70, 0xBB, 0x0D, 0x20, 0xBB, 0x03, 0x77, 0x02, 0xC8, 0x14, 0x0B, 0xB0, 0x37, 0x71,
  0x0B, 0xB8, 0x19, 0x0B, 0xB0, 0x37, 0x71, 0x06, 0xB8, 0x1E, 0x0B, 0xB0, 0x37, 0x71, 0x02, 0xC0,
  0x10, 0xBB, 0x03, 0x77, 0x20, 0xEB, 0x04, 0x0B, 0xB0, 0x37, 0x72, 0x0D, 0xB0, 0x50, 0xBB, 0x03,
  0x77, 0x20, 0xCB, 0x06, 0x0B, 0xB0, 0x37, 0x72, 0x0B, 0xB0, 0x60, 0xBB, 0x03, 0x77, 0x20, 0xCB,
  0x06, 0x0B, 0xB0, 0x37, 0x72, 0x0D, 0xB0, 0x40, 0xBB, 0x03, 0x77, 0x2C, 0x03, 0x0B, 0xB0, 0x37,
  0x71, 0x03, 0xC1, 0x0B, 0xB0, 0x37, 0x71, 0x07, 0xB8, 0x1C, 0x0B, 0xB0, 0x37, 0x71, 0x0D, 0xB8,
  0x18, 0x0B, 0xB0, 0x37, 0x70, 0x5C, 0x81, 0x20, 0xBB, 0x03, 0x76, 0x01, 0x0E, 0xB0, 0xB2, 0x0B,
  0xB0, 0x37, 0x60, 0xCC, 0x02, 0x20, 0xBB, 0x03, 0x74, 0x02, 0x0D, 0xC0, 0x73, 0x0B, 0xB0, 0x37,
  0x20, 0x20, 0x9D, 0x09, 0x40, 0xBB, 0x89, 0x06, 0x33, 0x33, 0x45, 0x69, 0xDE, 0x07, 0x50, 0xBF,
  0xFB, 0x0D, 0x03, 0x60, 0xBF, 0xF9, 0x0B, 0x04, 0x71, 0x0B, 0xFA, 0x84, 0xED, 0xB8, 0x51, 0x73,
  // "ď" (U+010F), RLE, 240 bytes saved (50.1%)
  0x77, 0x30, 0x8B, 0x04, 0x20, 0x9B, 0x03, 0x77, 0x30, 0x8B, 0x04, 0x20, 0xCA, 0x0E, 0x77, 0x40,
  0x8B, 0x04, 0x20, 0xEA, 0x08, 0x77, 0x40, 0x8B, 0x81, 0x40, 0x3A, 0x0E, 0x01, 0x77, 0x40, 0x8B,
  0x81, 0x40, 0x6A, 0x08, 0x77, 0x50, 0x8B, 0x84, 0x40, 0xAF, 0xE1, 0x77, 0x50, 0x8B, 0x04, 0x1A,
  0x06, 0x77, 0x60, 0x8B, 0x04, 0x77, 0x73, 0x08, 0xB0, 0x47, 0x68, 0x75, 0x9D, 0xEF, 0xEB, 0x71,
  0x20, 0x8B, 0x04, 0x74, 0x03, 0x0C, 0xF9, 0x82, 0xE4, 0x07, 0xB0, 0x47, 0x30, 0x5F, 0xD0, 0x70,
  0x5B, 0x04, 0x72, 0x03, 0xD8, 0x49, 0x53, 0x46, 0xAB, 0x0B, 0xB0, 0x47, 0x20, 0xDB, 0x0D, 0x02,
  0x60, 0x20, 0xCD, 0x04, 0x71, 0x06, 0xB0, 0xE0, 0x27, 0x10, 0x10, 0xEC, 0x04, 0x71, 0x0C, 0xB0,
  0x87, 0x30, 0x7C, 0x04, 0x71, 0xC0, 0x17, 0x30, 0x1C, 0x04, 0x70, 0x4B, 0x0C, 0x75, 0x0D, 0xB0,
  0x47, 0x06, 0xB0, 0x97, 0x50, 0xAB, 0x04, 0x70, 0x7B, 0x07, 0x75, 0x09, 0xB0, 0x47, 0x08, 0xB0,
  0x77, 0x50, 0x8B, 0x04, 0x70, 0x8B, 0x06, 0x75, 0x08, 0xB0, 0x47, 0x07, 0xB0, 0x77, 0x50, 0x8B,
  0x04, 0x70, 0x6B, 0x09, 0x75, 0x09, 0xB0, 0x47, 0x04, 0xB0, 0xB7, 0x50, 0xBB, 0x04, 0x70, 0x1C,
  0x01, 0x74, 0x0E, 0xB0, 0x47, 0x10, 0xCB, 0x06, 0x73, 0x05, 0xC0, 0x47, 0x10, 0x6B, 0x0E, 0x01,
  0x72, 0x0D, 0xC0, 0x47, 0x20, 0xDB, 0x0C, 0x01, 0x60, 0x10, 0xBD, 0x04, 0x72, 0x04, 0xC8, 0x6E,
  0x95, 0x34, 0x59, 0xEA, 0x0A, 0xB0, 0x47, 0x30, 0x6F, 0xD0, 0x70, 0x3B, 0x04, 0x74, 0x04, 0x0D,
  0xF9, 0x0E, 0x04, 0x2B, 0x04, 0x76, 0x87, 0x5A, 0xDE, 0xFE, 0xB7, 0x13, 0x0D, 0xA0, 0x47,
  // "Đ" (U+0110), RLE, 232 bytes saved (51.6%)
  0x30, 0x6F, 0xB8, 0x3E, 0xDA, 0x73, 0x76, 0x06, 0xFF, 0x98, 0x1E, 0x81, 0x73, 0x06, 0xFF, 0xB0,
  0xE0, 0x67, 0x20, 0x6B, 0x09, 0x80, 0x13, 0x83, 0x45, 0x7B, 0xED, 0x0A, 0x71, 0x06, 0xB0, 0x87,
  0x30, 0x70, 0xDC, 0x0B, 0x70, 0x6B, 0x08, 0x75, 0x0A, 0xC0, 0x96, 0x06, 0xB0, 0x87, 0x60, 0x9C,
  0x04, 0x50, 0x6B, 0x08, 0x77, 0x0B, 0xB0, 0xC5, 0x06, 0xB0, 0x87, 0x70, 0x2C, 0x04, 0x40, 0x6B,
  0x08, 0x77, 0x10, 0xBB, 0x09, 0x40, 0x6B, 0x08, 0x77, 0x10, 0x6B, 0x0E, 0x40, 0x6B, 0x08, 0x77,
  0x10, 0x2C, 0x01, 0x30, 0x6B, 0x08, 0x77, 0x20, 0xEB, 0x83, 0x42, 0x33, 0x8B, 0x09, 0x80, 0x33,
  0x01, 0x71, 0x0D, 0xB0, 0x50, 0xAF, 0xF0, 0x57, 0x10, 0xCB, 0x06, 0x0A, 0xFF, 0x05, 0x71, 0x0B,
  0xB0, 0x60, 0xAF, 0xF0, 0x57, 0x10, 0xCB, 0x06, 0x30, 0x6B, 0x08, 0x77, 0x20, 0xDB, 0x04, 0x30,
  0x6B, 0x08, 0x77, 0x2C, 0x03, 0x30, 0x6B, 0x08, 0x77, 0x10, 0x3C, 0x40, 0x6B, 0x08, 0x77, 0x10,
  0x7B, 0x0C, 0x40, 0x6B, 0x08, 0x77, 0x10, 0xDB, 0x08, 0x40, 0x6B, 0x08, 0x77, 0x05, 0xC0, 0x24,
  0x06, 0xB0, 0x87, 0x60, 0x10, 0xEB, 0x0B, 0x50, 0x6B, 0x08, 0x76, 0x0C, 0xC0, 0x25, 0x06, 0xB0,
  0x87, 0x40, 0x20, 0xDC, 0x07, 0x60, 0x6B, 0x08, 0x72, 0x02, 0x09, 0xD0, 0x97, 0x06, 0xB8, 0x90,
  0x93, 0x33, 0x34, 0x56, 0x9D, 0xE0, 0x77, 0x10, 0x6F, 0xFB, 0x0D, 0x03, 0x72, 0x06, 0xFF, 0x90,
  0xB0, 0x47, 0x40, 0x6F, 0xA8, 0x4D, 0xCB, 0x85, 0x17, 0x30,
  // "đ" (U+0111), RLE, 196 bytes saved (47.5%)
  0x77, 0x30, 0x8B, 0x04, 0x77, 0x60, 0x8B, 0x04, 0x77, 0x60, 0x8B, 0x04, 0x74, 0x0E, 0xFF, 0x90,
  0xA7, 0x10, 0xEF, 0xF9, 0x0A, 0x71, 0x0E, 0xFF, 0x90, 0xA7, 0x18, 0x05, 0x30, 0xAB, 0x82, 0x73,
  0x32, 0x77, 0x30, 0x8B, 0x04, 0x77, 0x60, 0x8B, 0x04, 0x72, 0x86, 0x5A, 0xDE, 0xFE, 0xB6, 0x30,
  0x8B, 0x04, 0x70, 0x40, 0xDF, 0x98, 0x2E, 0x40, 0x7B, 0x04, 0x60, 0x6F, 0xD0, 0x06, 0xB0, 0x45,
  0x04, 0xC8, 0x5E, 0x95, 0x34, 0x6A, 0xB0, 0xAB, 0x04, 0x50, 0xDB, 0x0D, 0x02, 0x60, 0x20, 0xCD,
  0x04, 0x40, 0x6B, 0x0E, 0x02, 0x71, 0x01, 0x0E, 0xC0, 0x44, 0x0C, 0xB0, 0x87, 0x30, 0x7C, 0x04,
  0x30, 0x1C, 0x02, 0x73, 0x01, 0xC0, 0x43, 0x04, 0xB0, 0xD7, 0x50, 0xDB, 0x04, 0x30, 0x6B, 0x0A,
  0x75, 0x0A, 0xB0, 0x43, 0x07, 0xB0, 0x87, 0x50, 0x9B, 0x04, 0x30, 0x8B, 0x07, 0x75, 0x08, 0xB0,
  0x43, 0x08, 0xB0, 0x77, 0x50, 0x8B, 0x04, 0x30, 0x7B, 0x08, 0x75, 0x08, 0xB0, 0x43, 0x06, 0xB0,
  0x97, 0x50, 0x9B, 0x04, 0x30, 0x4B, 0x0C, 0x75, 0x0B, 0xB0, 0x43, 0x01, 0xC0, 0x17, 0x40, 0xEB,
  0x04, 0x40, 0xCB, 0x07, 0x73, 0x05, 0xC0, 0x44, 0x06, 0xB0, 0xE0, 0x17, 0x20, 0xDC, 0x04, 0x50,
  0xDB, 0x0C, 0x02, 0x60, 0x10, 0xBD, 0x04, 0x50, 0x4C, 0x86, 0xE9, 0x53, 0x45, 0x9E, 0xA0, 0xBB,
  0x04, 0x60, 0x6F, 0xD0, 0x60, 0x3B, 0x04, 0x70, 0x40, 0xDF, 0x98, 0x2E, 0x40, 0x1B, 0x04, 0x72,
  0x86, 0x5A, 0xDE, 0xFE, 0xB6, 0x40, 0xEA, 0x04, 0x30,
  // "Ē" (U+0112), RLE, 219 bytes saved (62.4%)
  0x38, 0x09, 0x03, 0x02, 0x40, 0x3F, 0xD0, 0xC4, 0x03, 0xFD, 0x0C, 0x40, 0x3F, 0xD0, 0xC8, 0x09,
  0x86, 0x00, 0xBF, 0xFA, 0x0C, 0x0B, 0xFF, 0xA0, 0xC0, 0xBF, 0xFA, 0x0C, 0x0B, 0xB0, 0x68, 0x09,
  0x03, 0x02, 0x0B, 0xB0, 0x37, 0x60, 0xBB, 0x03, 0x76, 0x0B, 0xB0, 0x37, 0x60, 0xBB, 0x03, 0x76,
  0x0B, 0xB0, 0x37, 0x60, 0xBB, 0x03, 0x76, 0x0B, 0xB0, 0x37, 0x60, 0xBB, 0x03, 0x76, 0x0B, 0xB0,
  0x37, 0x60, 0xBF, 0xFA, 0x10, 0xBF, 0xFA, 0x10, 0xBF, 0xFA, 0x10, 0xBB, 0x06, 0x80, 0x90, 0x31,
  0x0B, 0xB0, 0x37, 0x60, 0xBB, 0x03, 0x76, 0x0B, 0xB0, 0x37, 0x60, 0xBB, 0x03, 0x76, 0x0B, 0xB0,
  0x37, 0x60, 0xBB, 0x03, 0x76, 0x0B, 0xB0, 0x37, 0x60, 0xBB, 0x03, 0x76, 0x0B, 0xB0, 0x37, 0x60,
  0xBB, 0x03, 0x76, 0x0B, 0xB0, 0x68, 0x09, 0x03, 0x02, 0x0B, 0xFF, 0xA0, 0xC0, 0xBF, 0xFA, 0x0C,
  0x0B, 0xFF, 0xA0, 0xC0,
  // "ē" (U+0113), RLE, 179 bytes saved (54.9%)
  0x48, 0x09, 0x03, 0x02, 0x70, 0x3F, 0xD0, 0xC7, 0x03, 0xFD, 0x0C, 0x70, 0x3F, 0xD0, 0xC8, 0x09,
  0x85, 0x08, 0x90, 0x17, 0xBE, 0xFE, 0xDB, 0x61, 0x73, 0x09, 0xFA, 0x0E, 0x07, 0x70, 0x10, 0xDF,
  0xD0, 0xA6, 0x0D, 0xB8, 0x5E, 0x85, 0x34, 0x6B, 0xC0, 0x94, 0x09, 0xB0, 0xA0, 0x16, 0x04, 0xC0,
  0x32, 0x03, 0xB0, 0xC7, 0x20, 0x6B, 0x0B, 0x20, 0x9B, 0x03, 0x73, 0x0E, 0xB8, 0x11, 0x0E, 0xA0,
  0xC7, 0x40, 0xAB, 0x05, 0x03, 0xB0, 0x97, 0x40, 0x7B, 0x07, 0x05, 0xFF, 0xD0, 0x80, 0x7F, 0xFD,
  0x00, 0x8F, 0xFD, 0x09, 0x08, 0xB0, 0x88, 0x09, 0x33, 0x01, 0x08, 0xB0, 0x87, 0x72, 0x06, 0xB0,
  0xA7, 0x72, 0x03, 0xB0, 0xD7, 0x73, 0xC0, 0x37, 0x72, 0x0A, 0xB0, 0xB7, 0x72, 0x03, 0xC0, 0x67,
  0x72, 0x09, 0xC0, 0x87, 0x28, 0x11, 0x76, 0x40, 0xCC, 0x87, 0xD8, 0x53, 0x34, 0x68, 0xCA, 0x08,
  0x40, 0x10, 0xBF, 0xF0, 0x86, 0x07, 0x0E, 0xFC, 0x0D, 0x05, 0x71, 0x82, 0x59, 0xCE, 0xA8, 0x3E,
  0xDA, 0x73, 0x30,
  // "Ĕ" (U+0114), RLE, 215 bytes saved (58.3%)
  0x20, 0x2A, 0x03, 0x70, 0x1A, 0x05, 0x48, 0x1E, 0xF9, 0x70, 0x8A, 0x02, 0x40, 0xAA, 0x85, 0xB6,
  0x43, 0x46, 0xBA, 0x0B, 0x50, 0x20, 0xEF, 0xA0, 0xE0, 0x36, 0x04, 0x0E, 0xF0, 0xE0, 0x47, 0x18,
  0x71, 0x8C, 0xEF, 0xEC, 0x71, 0x80, 0x99, 0x00, 0x0B, 0xFF, 0xA0, 0xC0, 0xBF, 0xFA, 0x0C, 0x0B,
  0xFF, 0xA0, 0xC0, 0xBB, 0x06, 0x80, 0x90, 0x30, 0x20, 0xBB, 0x03, 0x76, 0x0B, 0xB0, 0x37, 0x60,
  0xBB, 0x03, 0x76, 0x0B, 0xB0, 0x37, 0x60, 0xBB, 0x03, 0x76, 0x0B, 0xB0, 0x37, 0x60, 0xBB, 0x03,
  0x76, 0x0B, 0xB0, 0x37, 0x60, 0xBB, 0x03, 0x76, 0x0B, 0xFF, 0xA1, 0x0B, 0xFF, 0xA1, 0x0B, 0xFF,
  0xA1, 0x0B, 0xB0, 0x68, 0x09, 0x03, 0x10, 0xBB, 0x03, 0x76, 0x0B, 0xB0, 0x37, 0x60, 0xBB, 0x03,
  0x76, 0x0B, 0xB0, 0x37, 0x60, 0xBB, 0x03, 0x76, 0x0B, 0xB0, 0x37, 0x60, 0xBB, 0x03, 0x76, 0x0B,
  0xB0, 0x37, 0x60, 0xBB, 0x03, 0x76, 0x0B, 0xB0, 0x37, 0x60, 0xBB, 0x06, 0x80, 0x90, 0x30, 0x20,
  0xBF, 0xFA, 0x0C, 0x0B, 0xFF, 0xA0, 0xC0, 0xBF, 0xFA, 0x0C,
  // "ĕ" (U+0115), RLE, 177 bytes saved (51.0%)
  0x30, 0x2A, 0x03, 0x70, 0x1A, 0x05, 0x78, 0x1E, 0xF9, 0x70, 0x8A, 0x02, 0x70, 0xAA, 0x85, 0xB6,
  0x43, 0x46, 0xBA, 0x0B, 0x71, 0x02, 0x0E, 0xFA, 0x0E, 0x03, 0x72, 0x04, 0x0E, 0xF0, 0xE0, 0x47,
  0x48, 0x71, 0x8C, 0xEF, 0xEC, 0x71, 0x80, 0x98, 0x70, 0x89, 0x01, 0x7B, 0xEF, 0xED, 0xB6, 0x17,
  0x30, 0x9F, 0xA0, 0xE0, 0x77, 0x01, 0x0D, 0xFD, 0x0A, 0x60, 0xDB, 0x85, 0xE8, 0x53, 0x46, 0xBC,
  0x09, 0x40, 0x9B, 0x0A, 0x01, 0x60, 0x4C, 0x03, 0x20, 0x3B, 0x0C, 0x72, 0x06, 0xB0, 0xB2, 0x09,
  0xB0, 0x37, 0x30, 0xEB, 0x81, 0x10, 0xEA, 0x0C, 0x74, 0x0A, 0xB0, 0x50, 0x3B, 0x09, 0x74, 0x07,
  0xB0, 0x70, 0x5F, 0xFD, 0x08, 0x07, 0xFF, 0xD0, 0x08, 0xFF, 0xD0, 0x90, 0x8B, 0x08, 0x80, 0x93,
  0x30, 0x10, 0x8B, 0x08, 0x77, 0x20, 0x6B, 0x0A, 0x77, 0x20, 0x3B, 0x0D, 0x77, 0x3C, 0x03, 0x77,
  0x20, 0xAB, 0x0B, 0x77, 0x20, 0x3C, 0x06, 0x77, 0x20, 0x9C, 0x08, 0x72, 0x81, 0x17, 0x64, 0x0C,
  0xC8, 0x7D, 0x85, 0x33, 0x46, 0x8C, 0xA0, 0x84, 0x01, 0x0B, 0xFF, 0x08, 0x60, 0x70, 0xEF, 0xC0,
  0xD0, 0x57, 0x18, 0x25, 0x9C, 0xEA, 0x83, 0xED, 0xA7, 0x33,
  // "Ė" (U+0116), RLE, 224 bytes saved (62.2%)
  0x71, 0x82, 0x5D, 0xE6, 0x76, 0x01, 0xC0, 0x17, 0x50, 0x3C, 0x03, 0x75, 0x01, 0xC0, 0x17, 0x68,
  0x25, 0xDE, 0x68, 0x09, 0x92, 0x00, 0xBF, 0xFA, 0x0C, 0x0B, 0xFF, 0xA0, 0xC0, 0xBF, 0xFA, 0x0C,
  0x0B, 0xB0, 0x68, 0x09, 0x03, 0x02, 0x0B, 0xB0, 0x37, 0x60, 0xBB, 0x03, 0x76, 0x0B, 0xB0, 0x37,
  0x60, 0xBB, 0x03, 0x76, 0x0B, 0xB0, 0x37, 0x60, 0xBB, 0x03, 0x76, 0x0B, 0xB0, 0x37, 0x60, 0xBB,
  0x03, 0x76, 0x0B, 0xB0, 0x37, 0x60, 0xBF, 0xFA, 0x10, 0xBF, 0xFA, 0x10, 0xBF, 0xFA, 0x10, 0xBB,
  0x06, 0x80, 0x90, 0x31, 0x0B, 0xB0, 0x37, 0x60, 0xBB, 0x03, 0x76, 0x0B, 0xB0, 0x37, 0x60, 0xBB,
  0x03, 0x76, 0x0B, 0xB0, 0x37, 0x60, 0xBB, 0x03, 0x76, 0x0B, 0xB0, 0x37, 0x60, 0xBB, 0x03, 0x76,
  0x0B, 0xB0, 0x37, 0x60, 0xBB, 0x03, 0x76, 0x0B, 0xB0, 0x68, 0x09, 0x03, 0x02, 0x0B, 0xFF, 0xA0,
  0xC0, 0xBF, 0xFA, 0x0C, 0x0B, 0xFF, 0xA0, 0xC0,
  // "ė" (U+0117), RLE, 183 bytes saved (54.5%)
  0x72, 0x82, 0x5D, 0xE6, 0x77, 0x20, 0x1C, 0x01, 0x77, 0x10, 0x3C, 0x03, 0x77, 0x10, 0x1C, 0x01,
  0x77, 0x28, 0x25, 0xDE, 0x68, 0x09, 0x91, 0x08, 0x90, 0x17, 0xBE, 0xFE, 0xDB, 0x61, 0x73, 0x09,
  0xFA, 0x0E, 0x07, 0x70, 0x10, 0xDF, 0xD0, 0xA6, 0x0D, 0xB8, 0x5E, 0x85, 0x34, 0x6B, 0xC0, 0x94,
  0x09, 0xB0, 0xA0, 0x16, 0x04, 0xC0, 0x32, 0x03, 0xB0, 0xC7, 0x20, 0x6B, 0x0B, 0x20, 0x9B, 0x03,
  0x73, 0x0E, 0xB8, 0x11, 0x0E, 0xA0, 0xC7, 0x40, 0xAB, 0x05, 0x03, 0xB0, 0x97, 0x40, 0x7B, 0x07,
  0x05, 0xFF, 0xD0, 0x80, 0x7F, 0xFD, 0x00, 0x8F, 0xFD, 0x09, 0x08, 0xB0, 0x88, 0x09, 0x33, 0x01,
  0x08, 0xB0, 0x87, 0x72, 0x06, 0xB0, 0xA7, 0x72, 0x03, 0xB0, 0xD7, 0x73, 0xC0, 0x37, 0x72, 0x0A,
  0xB0, 0xB7, 0x72, 0x03, 0xC0, 0x67, 0x72, 0x09, 0xC0, 0x87, 0x28, 0x11, 0x76, 0x40, 0xCC, 0x87,
  0xD8, 0x53, 0x34, 0x68, 0xCA, 0x08, 0x40, 0x10, 0xBF, 0xF0, 0x86, 0x07, 0x0E, 0xFC, 0x0D, 0x05,
  0x71, 0x82, 0x59, 0xCE, 0xA8, 0x3E, 0xDA, 0x73, 0x30,
  // "Ę" (U+0118), RLE, 220 bytes saved (59.6%)
  0x0B, 0xFF, 0xA0, 0xC0, 0xBF, 0xFA, 0x0C, 0x0B, 0xFF, 0xA0, 0xC0, 0xBB, 0x06, 0x80, 0x90, 0x30,
  0x20, 0xBB, 0x03, 0x76, 0x0B, 0xB0, 0x37, 0x60, 0xBB, 0x03, 0x76, 0x0B, 0xB0, 0x37, 0x60, 0xBB,
  0x03, 0x76, 0x0B, 0xB0, 0x37, 0x60, 0xBB, 0x03, 0x76, 0x0B, 0xB0, 0x37, 0x60, 0xBB, 0x03, 0x76,
  0x0B, 0xFF, 0xA1, 0x0B, 0xFF, 0xA1, 0x0B, 0xFF, 0xA1, 0x0B, 0xB0, 0x68, 0x09, 0x03, 0x10, 0xBB,
  0x03, 0x76, 0x0B, 0xB0, 0x37, 0x60, 0xBB, 0x03, 0x76, 0x0B, 0xB0, 0x37, 0x60, 0xBB, 0x03, 0x76,
  0x0B, 0xB0, 0x37, 0x60, 0xBB, 0x03, 0x76, 0x0B, 0xB0, 0x37, 0x60, 0xBB, 0x03, 0x76, 0x0B, 0xB0,
  0x37, 0x60, 0xBB, 0x06, 0x80, 0x90, 0x30, 0x20, 0xBF, 0xFA, 0x0C, 0x0B, 0xFF, 0xA0, 0xC0, 0xBF,
  0xFA, 0x0C, 0x76, 0x82, 0xBF, 0xE3, 0x76, 0x09, 0xA0, 0x47, 0x60, 0x4A, 0x09, 0x77, 0x0C, 0xA0,
  0x27, 0x60, 0x1B, 0x77, 0x03, 0xB7, 0x70, 0x2B, 0x82, 0xA4, 0x45, 0x74, 0x0E, 0xE7, 0x40, 0x6E,
  0x75, 0x84, 0x4B, 0xEF, 0xEA,
  // "ę" (U+0119), RLE, 179 bytes saved (51.6%)
  0x68, 0x90, 0x17, 0xBE, 0xFE, 0xDB, 0x61, 0x73, 0x09, 0xFA, 0x0E, 0x07, 0x70, 0x10, 0xDF, 0xD0,
  0xA6, 0x0D, 0xB8, 0x5E, 0x85, 0x34, 0x6B, 0xC0, 0x94, 0x09, 0xB0, 0xA0, 0x16, 0x04, 0xC0, 0x32,
  0x03, 0xB0, 0xC7, 0x20, 0x6B, 0x0B, 0x20, 0x9B, 0x03, 0x73, 0x0E, 0xB8, 0x11, 0x0E, 0xA0, 0xC7,
  0x40, 0xAB, 0x05, 0x03, 0xB0, 0x97, 0x40, 0x7B, 0x07, 0x05, 0xFF, 0xD0, 0x80, 0x7F, 0xFD, 0x00,
  0x8F, 0xFD, 0x09, 0x08, 0xB0, 0x88, 0x09, 0x33, 0x01, 0x08, 0xB0, 0x87, 0x72, 0x06, 0xB0, 0xA7,
  0x72, 0x03, 0xB0, 0xD7, 0x73, 0xC0, 0x37, 0x72, 0x0A, 0xB0, 0xB7, 0x72, 0x03, 0xC0, 0x67, 0x72,
  0x09, 0xC0, 0x87, 0x28, 0x11, 0x76, 0x40, 0xCC, 0x87, 0xD8, 0x53, 0x34, 0x68, 0xCA, 0x08, 0x40,
  0x10, 0xBF, 0xF0, 0x86, 0x07, 0x0E, 0xFD, 0x05, 0x71, 0x82, 0x59, 0xCE, 0xA0, 0x0E, 0xA0, 0xE0,
  0x47, 0x72, 0x82, 0xBF, 0xD2, 0x77, 0x28, 0x29, 0xFE, 0x27, 0x72, 0x04, 0xA0, 0x77, 0x73, 0x0B,
  0xA0, 0x27, 0x73, 0x0E, 0xA0, 0x37, 0x73, 0xB8, 0x3C, 0x43, 0x51, 0x76, 0x0C, 0xE0, 0x37, 0x60,
  0x4E, 0x03, 0x77, 0x85, 0x4B, 0xEF, 0xEB, 0x11,
  // "Ě" (U+011A), RLE, 221 bytes saved (58.5%)
  0x10, 0x2A, 0x0D, 0x03, 0x60, 0x10, 0xBA, 0x08, 0x30, 0x6B, 0x06, 0x40, 0x30, 0xDA, 0x0B, 0x50,
  0x7B, 0x07, 0x20, 0x40, 0xEA, 0x0B, 0x70, 0x9B, 0x08, 0x05, 0xB0, 0xC7, 0x20, 0xAE, 0x0D, 0x01,
  0x73, 0x0C, 0xC0, 0xE0, 0x27, 0x40, 0x2C, 0x06, 0x80, 0x99, 0x20, 0x0B, 0xFF, 0xA0, 0xC0, 0xBF,
  0xFA, 0x0C, 0x0B, 0xFF, 0xA0, 0xC0, 0xBB, 0x06, 0x80, 0x90, 0x30, 0x20, 0xBB, 0x03, 0x76, 0x0B,
  0xB0, 0x37, 0x60, 0xBB, 0x03, 0x76, 0x0B, 0xB0, 0x37, 0x60, 0xBB, 0x03, 0x76, 0x0B, 0xB0, 0x37,
  0x60, 0xBB, 0x03, 0x76, 0x0B, 0xB0, 0x37, 0x60, 0xBB, 0x03, 0x76, 0x0B, 0xFF, 0xA1, 0x0B, 0xFF,
  0xA1, 0x0B, 0xFF, 0xA1, 0x0B, 0xB0, 0x68, 0x09, 0x03, 0x10, 0xBB, 0x03, 0x76, 0x0B, 0xB0, 0x37,
  0x60, 0xBB, 0x03, 0x76, 0x0B, 0xB0, 0x37, 0x60, 0xBB, 0x03, 0x76, 0x0B, 0xB0, 0x37, 0x60, 0xBB,
  0x03, 0x76, 0x0B, 0xB0, 0x37, 0x60, 0xBB, 0x03, 0x76, 0x0B, 0xB0, 0x37, 0x60, 0xBB, 0x06, 0x80,
  0x90, 0x30, 0x20, 0xBF, 0xFA, 0x0C, 0x0B, 0xFF, 0xA0, 0xC0, 0xBF, 0xFA, 0x0C,
  // "ě" (U+011B), RLE, 184 bytes saved (51.5%)
  0x20, 0x2A, 0x0D, 0x03, 0x60, 0x10, 0xBA, 0x08, 0x60, 0x6B, 0x06, 0x40, 0x30, 0xDA, 0x0B, 0x71,
  0x07, 0xB0, 0x72, 0x04, 0x0E, 0xA0, 0xB7, 0x30, 0x9B, 0x08, 0x05, 0xB0, 0xC7, 0x50, 0xAE, 0x0D,
  0x01, 0x76, 0x0C, 0xC0, 0xE0, 0x27, 0x70, 0x2C, 0x06, 0x80, 0x99, 0x10, 0x89, 0x01, 0x7B, 0xEF,
  0xED, 0xB6, 0x17, 0x30, 0x9F, 0xA0, 0xE0, 0x77, 0x01, 0x0D, 0xFD, 0x0A, 0x60, 0xDB, 0x85, 0xE8,
  0x53, 0x46, 0xBC, 0x09, 0x40, 0x9B, 0x0A, 0x01, 0x60, 0x4C, 0x03, 0x20, 0x3B, 0x0C, 0x72, 0x06,
  0xB0, 0xB2, 0x09, 0xB0, 0x37, 0x30, 0xEB, 0x81, 0x10, 0xEA, 0x0C, 0x74, 0x0A, 0xB0, 0x50, 0x3B,
  0x09, 0x74, 0x07, 0xB0, 0x70, 0x5F, 0xFD, 0x08, 0x07, 0xFF, 0xD0, 0x08, 0xFF, 0xD0, 0x90, 0x8B,
  0x08, 0x80, 0x93, 0x30, 0x10, 0x8B, 0x08, 0x77, 0x20, 0x6B, 0x0A, 0x77, 0x20, 0x3B, 0x0D, 0x77,
  0x3C, 0x03, 0x77, 0x20, 0xAB, 0x0B, 0x77, 0x20, 0x3C, 0x06, 0x77, 0x20, 0x9C, 0x08, 0x72, 0x81,
  0x17, 0x64, 0x0C, 0xC8, 0x7D, 0x85, 0x33, 0x46, 0x8C, 0xA0, 0x84, 0x01, 0x0B, 0xFF, 0x08, 0x60,
  0x70, 0xEF, 0xC0, 0xD0, 0x57, 0x18, 0x25, 0x9C, 0xEA, 0x83, 0xED, 0xA7, 0x33,
  // "Ĝ" (U+011C), RLE, 320 bytes saved (56.4%)
  0x76, 0x02, 0xC0, 0x67, 0x77, 0x0C, 0xC0, 0xE0, 0x27, 0x75, 0x0A, 0xE0, 0xD0, 0x17, 0x73, 0x08,
  0xB0, 0xA0, 0x7B, 0x0B, 0x77, 0x20, 0x5B, 0x08, 0x20, 0x5B, 0x0A, 0x77, 0x04, 0xB0, 0x64, 0x04,
  0x0E, 0xA0, 0x97, 0x50, 0x2A, 0x0D, 0x03, 0x60, 0x10, 0xBA, 0x07, 0x80, 0x9E, 0x60, 0x83, 0x48,
  0xBD, 0xEA, 0x84, 0xED, 0xB9, 0x62, 0x74, 0x03, 0x0A, 0xFF, 0x81, 0xE9, 0x16, 0x01, 0x0A, 0xFF,
  0xB0, 0xE6, 0x03, 0x0E, 0xD8, 0x90, 0xD9, 0x64, 0x34, 0x57, 0x9D, 0xB0, 0x85, 0x04, 0xD0, 0xA0,
  0x27, 0x38, 0x22, 0x7C, 0x14, 0x02, 0x0E, 0xB0, 0xE0, 0x37, 0x76, 0x0C, 0xB0, 0xD0, 0x27, 0x76,
  0x07, 0xC0, 0x37, 0x77, 0x0E, 0xB0, 0x77, 0x77, 0x05, 0xB0, 0xE0, 0x17, 0x77, 0x0A, 0xB0, 0x97,
  0x77, 0x10, 0xDB, 0x05, 0x77, 0x70, 0x1C, 0x01, 0x77, 0x70, 0x3B, 0x0E, 0x77, 0x71, 0x04, 0xB0,
  0xD7, 0x30, 0x1F, 0xB0, 0xC0, 0x4B, 0x0C, 0x73, 0x01, 0xFB, 0x0C, 0x04, 0xB0, 0xD7, 0x30, 0x1F,
  0xB0, 0xC0, 0x3B, 0x0E, 0x74, 0x80, 0x23, 0x05, 0xB0, 0xC0, 0x1C, 0x77, 0x30, 0x2B, 0x81, 0xC0,
  0xEB, 0x04, 0x77, 0x20, 0x2B, 0x81, 0xC0, 0xBB, 0x08, 0x77, 0x20, 0x2B, 0x81, 0xC0, 0x7B, 0x0D,
  0x77, 0x20, 0x2B, 0x81, 0xC0, 0x1C, 0x05, 0x77, 0x10, 0x2B, 0x0C, 0x20, 0xAB, 0x0D, 0x77, 0x10,
  0x2B, 0x0C, 0x20, 0x2C, 0x0A, 0x77, 0x02, 0xB0, 0xC3, 0x07, 0xC0, 0xB0, 0x17, 0x50, 0x2B, 0x0C,
  0x40, 0xAC, 0x0E, 0x06, 0x74, 0x02, 0xB0, 0xC5, 0x0A, 0xE8, 0x91, 0xB7, 0x54, 0x33, 0x45, 0x7A,
  0xEB, 0x0C, 0x60, 0x7F, 0xFD, 0x0C, 0x78, 0x12, 0x9E, 0xFF, 0x90, 0xC0, 0x77, 0x38, 0x34, 0x8B,
  0xDE, 0xA8, 0x6E, 0xED, 0xBA, 0x74, 0x12,
  // "ĝ" (U+011D), RLE, 223 bytes saved (45.1%)
  0x71, 0x02, 0xC0, 0x67, 0x72, 0x0C, 0xC0, 0xE0, 0x27, 0x70, 0xAE, 0x0D, 0x01, 0x75, 0x08, 0xB0,
  0xA0, 0x7B, 0x0B, 0x74, 0x05, 0xB0, 0x82, 0x05, 0xB0, 0xA7, 0x20, 0x4B, 0x06, 0x40, 0x40, 0xEA,
  0x09, 0x70, 0x2A, 0x0D, 0x03, 0x60, 0x10, 0xBA, 0x07, 0x80, 0x98, 0x70, 0x86, 0x5A, 0xDE, 0xED,
  0xA5, 0x40, 0xDA, 0x04, 0x40, 0x30, 0xCF, 0x90, 0xD0, 0x42, 0xB0, 0x43, 0x04, 0xFD, 0x07, 0x01,
  0xB0, 0x42, 0x02, 0xD8, 0x49, 0x53, 0x46, 0xAB, 0x0A, 0xB0, 0x42, 0x0C, 0xB0, 0xD0, 0x26, 0x02,
  0x0D, 0xD8, 0x14, 0x04, 0xB0, 0xE0, 0x27, 0x10, 0x10, 0xEC, 0x81, 0x40, 0xBB, 0x07, 0x73, 0x06,
  0xC0, 0x41, 0xC0, 0x17, 0x30, 0x1C, 0x04, 0x03, 0xB0, 0xC7, 0x50, 0xCB, 0x04, 0x06, 0xB0, 0x97,
  0x50, 0x9B, 0x04, 0x07, 0xB0, 0x77, 0x50, 0x8B, 0x04, 0x08, 0xB0, 0x67, 0x50, 0x7B, 0x04, 0x08,
  0xB0, 0x67, 0x50, 0x7B, 0x04, 0x07, 0xB0, 0x77, 0x50, 0x7B, 0x04, 0x06, 0xB0, 0x97, 0x50, 0x8B,
  0x00, 0x4B, 0x0C, 0x75, 0x0A, 0xB0, 0x41, 0xC0, 0x17, 0x40, 0xDB, 0x81, 0x40, 0xBB, 0x07, 0x73,
  0x04, 0xC8, 0x14, 0x05, 0xB0, 0xE0, 0x17, 0x20, 0xCC, 0x04, 0x20, 0xDB, 0x0D, 0x02, 0x60, 0x10,
  0xBD, 0x04, 0x20, 0x3C, 0x86, 0xE9, 0x53, 0x45, 0x9E, 0xA0, 0xBB, 0x04, 0x30, 0x5F, 0xD0, 0x70,
  0x6B, 0x04, 0x40, 0x40, 0xDF, 0x98, 0x2E, 0x60, 0x7B, 0x04, 0x68, 0x75, 0xAD, 0xEE, 0xDB, 0x61,
  0x20, 0x7B, 0x04, 0x77, 0x30, 0x8B, 0x04, 0x77, 0x30, 0x9B, 0x03, 0x77, 0x30, 0xBB, 0x02, 0x77,
  0x30, 0xEB, 0x77, 0x30, 0x5B, 0x0C, 0x30, 0x17, 0x50, 0x10, 0xEB, 0x07, 0x38, 0x1B, 0xA4, 0x72,
  0x02, 0x0D, 0xB0, 0xE0, 0x13, 0x0B, 0xA8, 0x7E, 0xA7, 0x54, 0x34, 0x5A, 0xD0, 0x64, 0x0B, 0xFF,
  0x90, 0x85, 0x07, 0x0E, 0xFD, 0x0D, 0x05, 0x71, 0x89, 0x24, 0x7A, 0xCE, 0xEF, 0xED, 0xC8, 0x46,
  // "Ğ" (U+011E), RLE, 309 bytes saved (55.8%)
  0x71, 0x02, 0xA0, 0x37, 0x01, 0xA0, 0x57, 0x68, 0x1E, 0xF9, 0x70, 0x8A, 0x02, 0x76, 0x0A, 0xA8,
  0x5B, 0x64, 0x34, 0x6B, 0xA0, 0xB7, 0x70, 0x20, 0xEF, 0xA0, 0xE0, 0x37, 0x71, 0x04, 0x0E, 0xF0,
  0xE0, 0x47, 0x73, 0x87, 0x18, 0xCE, 0xFE, 0xC7, 0x18, 0x09, 0xF2, 0x08, 0x34, 0x8B, 0xDE, 0xA8,
  0x4E, 0xDB, 0x96, 0x27, 0x40, 0x30, 0xAF, 0xF8, 0x1E, 0x91, 0x60, 0x10, 0xAF, 0xFB, 0x0E, 0x60,
  0x30, 0xED, 0x89, 0x0D, 0x96, 0x43, 0x45, 0x79, 0xDB, 0x08, 0x50, 0x4D, 0x0A, 0x02, 0x73, 0x82,
  0x27, 0xC1, 0x40, 0x20, 0xEB, 0x0E, 0x03, 0x77, 0x60, 0xCB, 0x0D, 0x02, 0x77, 0x60, 0x7C, 0x03,
  0x77, 0x70, 0xEB, 0x07, 0x77, 0x70, 0x5B, 0x0E, 0x01, 0x77, 0x70, 0xAB, 0x09, 0x77, 0x71, 0x0D,
  0xB0, 0x57, 0x77, 0x01, 0xC0, 0x17, 0x77, 0x03, 0xB0, 0xE7, 0x77, 0x10, 0x4B, 0x0D, 0x73, 0x01,
  0xFB, 0x0C, 0x04, 0xB0, 0xC7, 0x30, 0x1F, 0xB0, 0xC0, 0x4B, 0x0D, 0x73, 0x01, 0xFB, 0x0C, 0x03,
  0xB0, 0xE7, 0x48, 0x02, 0x30, 0x5B, 0x0C, 0x01, 0xC7, 0x73, 0x02, 0xB8, 0x1C, 0x0E, 0xB0, 0x47,
  0x72, 0x02, 0xB8, 0x1C, 0x0B, 0xB0, 0x87, 0x72, 0x02, 0xB8, 0x1C, 0x07, 0xB0, 0xD7, 0x72, 0x02,
  0xB8, 0x1C, 0x01, 0xC0, 0x57, 0x71, 0x02, 0xB0, 0xC2, 0x0A, 0xB0, 0xD7, 0x71, 0x02, 0xB0, 0xC2,
  0x02, 0xC0, 0xA7, 0x70, 0x2B, 0x0C, 0x30, 0x7C, 0x0B, 0x01, 0x75, 0x02, 0xB0, 0xC4, 0x0A, 0xC0,
  0xE0, 0x67, 0x40, 0x2B, 0x0C, 0x50, 0xAE, 0x89, 0x1B, 0x75, 0x43, 0x34, 0x57, 0xAE, 0xB0, 0xC6,
  0x07, 0xFF, 0xD0, 0xC7, 0x81, 0x29, 0xEF, 0xF9, 0x0C, 0x07, 0x73, 0x83, 0x48, 0xBD, 0xEA, 0x86,
  0xEE, 0xDB, 0xA7, 0x41, 0x20,
  // "ğ" (U+011F), RLE, 214 bytes saved (44.2%)
  0x40, 0x2A, 0x03, 0x70, 0x1A, 0x05, 0x71, 0x81, 0xEF, 0x97, 0x08, 0xA0, 0x27, 0x10, 0xAA, 0x85,
  0xB6, 0x43, 0x46, 0xBA, 0x0B, 0x72, 0x02, 0x0E, 0xFA, 0x0E, 0x03, 0x73, 0x04, 0x0E, 0xF0, 0xE0,
  0x47, 0x58, 0x71, 0x8C, 0xEF, 0xEC, 0x71, 0x80, 0x99, 0x20, 0x86, 0x5A, 0xDE, 0xED, 0xA5, 0x40,
  0xDA, 0x04, 0x40, 0x30, 0xCF, 0x90, 0xD0, 0x42, 0xB0, 0x43, 0x04, 0xFD, 0x07, 0x01, 0xB0, 0x42,
  0x02, 0xD8, 0x49, 0x53, 0x46, 0xAB, 0x0A, 0xB0, 0x42, 0x0C, 0xB0, 0xD0, 0x26, 0x02, 0x0D, 0xD8,
  0x14, 0x04, 0xB0, 0xE0, 0x27, 0x10, 0x10, 0xEC, 0x81, 0x40, 0xBB, 0x07, 0x73, 0x06, 0xC0, 0x41,
  0xC0, 0x17, 0x30, 0x1C, 0x04, 0x03, 0xB0, 0xC7, 0x50, 0xCB, 0x04, 0x06, 0xB0, 0x97, 0x50, 0x9B,
  0x04, 0x07, 0xB0, 0x77, 0x50, 0x8B, 0x04, 0x08, 0xB0, 0x67, 0x50, 0x7B, 0x04, 0x08, 0xB0, 0x67,
  0x50, 0x7B, 0x04, 0x07, 0xB0, 0x77, 0x50, 0x7B, 0x04, 0x06, 0xB0, 0x97, 0x50, 0x8B, 0x00, 0x4B,
  0x0C, 0x75, 0x0A, 0xB0, 0x41, 0xC0, 0x17, 0x40, 0xDB, 0x81, 0x40, 0xBB, 0x07, 0x73, 0x04, 0xC8,
  0x14, 0x05, 0xB0, 0xE0, 0x17, 0x20, 0xCC, 0x04, 0x20, 0xDB, 0x0D, 0x02, 0x60, 0x10, 0xBD, 0x04,
  0x20, 0x3C, 0x86, 0xE9, 0x53, 0x45, 0x9E, 0xA0, 0xBB, 0x04, 0x30, 0x5F, 0xD0, 0x70, 0x6B, 0x04,
  0x40, 0x40, 0xDF, 0x98, 0x2E, 0x60, 0x7B, 0x04, 0x68, 0x75, 0xAD, 0xEE, 0xDB, 0x61, 0x20, 0x7B,
  0x04, 0x77, 0x30, 0x8B, 0x04, 0x77, 0x30, 0x9B, 0x03, 0x77, 0x30, 0xBB, 0x02, 0x77, 0x30, 0xEB,
  0x77, 0x30, 0x5B, 0x0C, 0x30, 0x17, 0x50, 0x10, 0xEB, 0x07, 0x38, 0x1B, 0xA4, 0x72, 0x02, 0x0D,
  0xB0, 0xE0, 0x13, 0x0B, 0xA8, 0x7E, 0xA7, 0x54, 0x34, 0x5A, 0xD0, 0x64, 0x0B, 0xFF, 0x90, 0x85,
  0x07, 0x0E, 0xFD, 0x0D, 0x05, 0x71, 0x89, 0x24, 0x7A, 0xCE, 0xEF, 0xED, 0xC8, 0x46,
  // "Ġ" (U+0120), RLE, 314 bytes saved (58.1%)
  0x77, 0x82, 0x5D, 0xE6, 0x77, 0x71, 0x01, 0xC0, 0x17, 0x77, 0x03, 0xC0, 0x37, 0x77, 0x01, 0xC0,
  0x17, 0x77, 0x18, 0x25, 0xDE, 0x68, 0x09, 0xF4, 0x08, 0x34, 0x8B, 0xDE, 0xA8, 0x4E, 0xDB, 0x96,
  0x27, 0x40, 0x30, 0xAF, 0xF8, 0x1E, 0x91, 0x60, 0x10, 0xAF, 0xFB, 0x0E, 0x60, 0x30, 0xED, 0x89,
  0x0D, 0x96, 0x43, 0x45, 0x79, 0xDB, 0x08, 0x50, 0x4D, 0x0A, 0x02, 0x73, 0x82, 0x27, 0xC1, 0x40,
  0x20, 0xEB, 0x0E, 0x03, 0x77, 0x60, 0xCB, 0x0D, 0x02, 0x77, 0x60, 0x7C, 0x03, 0x77, 0x70, 0xEB,
  0x07, 0x77, 0x70, 0x5B, 0x0E, 0x01, 0x77, 0x70, 0xAB, 0x09, 0x77, 0x71, 0x0D, 0xB0, 0x57, 0x77,
  0x01, 0xC0, 0x17, 0x77, 0x03, 0xB0, 0xE7, 0x77, 0x10, 0x4B, 0x0D, 0x73, 0x01, 0xFB, 0x0C, 0x04,
  0xB0, 0xC7, 0x30, 0x1F, 0xB0, 0xC0, 0x4B, 0x0D, 0x73, 0x01, 0xFB, 0x0C, 0x03, 0xB0, 0xE7, 0x48,
  0x02, 0x30, 0x5B, 0x0C, 0x01, 0xC7, 0x73, 0x02, 0xB8, 0x1C, 0x0E, 0xB0, 0x47, 0x72, 0x02, 0xB8,
  0x1C, 0x0B, 0xB0, 0x87, 0x72, 0x02, 0xB8, 0x1C, 0x07, 0xB0, 0xD7, 0x72, 0x02, 0xB8, 0x1C, 0x01,
  0xC0, 0x57, 0x71, 0x02, 0xB0, 0xC2, 0x0A, 0xB0, 0xD7, 0x71, 0x02, 0xB0, 0xC2, 0x02, 0xC0, 0xA7,
  0x70, 0x2B, 0x0C, 0x30, 0x7C, 0x0B, 0x01, 0x75, 0x02, 0xB0, 0xC4, 0x0A, 0xC0, 0xE0, 0x67, 0x40,
  0x2B, 0x0C, 0x50, 0xAE, 0x89, 0x1B, 0x75, 0x43, 0x34, 0x57, 0xAE, 0xB0, 0xC6, 0x07, 0xFF, 0xD0,
  0xC7, 0x81, 0x29, 0xEF, 0xF9, 0x0C, 0x07, 0x73, 0x83, 0x48, 0xBD, 0xEA, 0x86, 0xEE, 0xDB, 0xA7,
  0x41, 0x20,
  // "ġ" (U+0121), RLE, 221 bytes saved (46.7%)
  0x72, 0x82, 0x5D, 0xE6, 0x77, 0x30, 0x1C, 0x01, 0x77, 0x20, 0x3C, 0x03, 0x77, 0x20, 0x1C, 0x01,
  0x77, 0x38, 0x25, 0xDE, 0x68, 0x09, 0x95, 0x08, 0x65, 0xAD, 0xEE, 0xDA, 0x54, 0x0D, 0xA0, 0x44,
  0x03, 0x0C, 0xF9, 0x0D, 0x04, 0x2B, 0x04, 0x30, 0x4F, 0xD0, 0x70, 0x1B, 0x04, 0x20, 0x2D, 0x84,
  0x95, 0x34, 0x6A, 0xB0, 0xAB, 0x04, 0x20, 0xCB, 0x0D, 0x02, 0x60, 0x20, 0xDD, 0x81, 0x40, 0x4B,
  0x0E, 0x02, 0x71, 0x01, 0x0E, 0xC8, 0x14, 0x0B, 0xB0, 0x77, 0x30, 0x6C, 0x04, 0x1C, 0x01, 0x73,
  0x01, 0xC0, 0x40, 0x3B, 0x0C, 0x75, 0x0C, 0xB0, 0x40, 0x6B, 0x09, 0x75, 0x09, 0xB0, 0x40, 0x7B,
  0x07, 0x75, 0x08, 0xB0, 0x40, 0x8B, 0x06, 0x75, 0x07, 0xB0, 0x40, 0x8B, 0x06, 0x75, 0x07, 0xB0,
  0x40, 0x7B, 0x07, 0x75, 0x07, 0xB0, 0x40, 0x6B, 0x09, 0x75, 0x08, 0xB0, 0x04, 0xB0, 0xC7, 0x50,
  0xAB, 0x04, 0x1C, 0x01, 0x74, 0x0D, 0xB8, 0x14, 0x0B, 0xB0, 0x77, 0x30, 0x4C, 0x81, 0x40, 0x5B,
  0x0E, 0x01, 0x72, 0x0C, 0xC0, 0x42, 0x0D, 0xB0, 0xD0, 0x26, 0x01, 0x0B, 0xD0, 0x42, 0x03, 0xC8,
  0x6E, 0x95, 0x34, 0x59, 0xEA, 0x0B, 0xB0, 0x43, 0x05, 0xFD, 0x07, 0x06, 0xB0, 0x44, 0x04, 0x0D,
  0xF9, 0x82, 0xE6, 0x07, 0xB0, 0x46, 0x87, 0x5A, 0xDE, 0xED, 0xB6, 0x12, 0x07, 0xB0, 0x47, 0x73,
  0x08, 0xB0, 0x47, 0x73, 0x09, 0xB0, 0x37, 0x73, 0x0B, 0xB0, 0x27, 0x73, 0x0E, 0xB7, 0x73, 0x05,
  0xB0, 0xC3, 0x01, 0x75, 0x01, 0x0E, 0xB0, 0x73, 0x81, 0xBA, 0x47, 0x20, 0x20, 0xDB, 0x0E, 0x01,
  0x30, 0xBA, 0x87, 0xEA, 0x75, 0x43, 0x45, 0xAD, 0x06, 0x40, 0xBF, 0xF9, 0x08, 0x50, 0x70, 0xEF,
  0xD0, 0xD0, 0x57, 0x18, 0x92, 0x47, 0xAC, 0xEE, 0xFE, 0xDC, 0x84, 0x60,
  // "Ģ" (U+0122), RLE, 304 bytes saved (56.3%)
  0x74, 0x83, 0x48, 0xBD, 0xEA, 0x84, 0xED, 0xB9, 0x62, 0x74, 0x03, 0x0A, 0xFF, 0x81, 0xE9, 0x16,
  0x01, 0x0A, 0xFF, 0xB0, 0xE6, 0x03, 0x0E, 0xD8, 0x90, 0xD9, 0x64, 0x34, 0x57, 0x9D, 0xB0, 0x85,
  0x04, 0xD0, 0xA0, 0x27, 0x38, 0x22, 0x7C, 0x14, 0x02, 0x0E, 0xB0, 0xE0, 0x37, 0x76, 0x0C, 0xB0,
  0xD0, 0x27, 0x76, 0x07, 0xC0, 0x37, 0x77, 0x0E, 0xB0, 0x77, 0x77, 0x05, 0xB0, 0xE0, 0x17, 0x77,
  0x0A, 0xB0, 0x97, 0x77, 0x10, 0xDB, 0x05, 0x77, 0x70, 0x1C, 0x01, 0x77, 0x70, 0x3B, 0x0E, 0x77,
  0x71, 0x04, 0xB0, 0xD7, 0x30, 0x1F, 0xB0, 0xC0, 0x4B, 0x0C, 0x73, 0x01, 0xFB, 0x0C, 0x04, 0xB0,
  0xD7, 0x30, 0x1F, 0xB0, 0xC0, 0x3B, 0x0E, 0x74, 0x80, 0x23, 0x05, 0xB0, 0xC0, 0x1C, 0x77, 0x30,
  0x2B, 0x81, 0xC0, 0xEB, 0x04, 0x77, 0x20, 0x2B, 0x81, 0xC0, 0xBB, 0x08, 0x77, 0x20, 0x2B, 0x81,
  0xC0, 0x7B, 0x0D, 0x77, 0x20, 0x2B, 0x81, 0xC0, 0x1C, 0x05, 0x77, 0x10, 0x2B, 0x0C, 0x20, 0xAB,
  0x0D, 0x77, 0x10, 0x2B, 0x0C, 0x20, 0x2C, 0x0A, 0x77, 0x02, 0xB0, 0xC3, 0x07, 0xC0, 0xB0, 0x17,
  0x50, 0x2B, 0x0C, 0x40, 0xAC, 0x0E, 0x06, 0x74, 0x02, 0xB0, 0xC5, 0x0A, 0xE8, 0x91, 0xB7, 0x54,
  0x33, 0x45, 0x7A, 0xEB, 0x0C, 0x60, 0x7F, 0xFD, 0x0C, 0x78, 0x12, 0x9E, 0xFF, 0x90, 0xC0, 0x77,
  0x38, 0x34, 0x8B, 0xDE, 0xA8, 0x6E, 0xED, 0xBA, 0x74, 0x18, 0x09, 0x82, 0x00, 0x6B, 0x07, 0x77,
  0x71, 0x08, 0xB0, 0x27, 0x77, 0x10, 0xCA, 0x0B, 0x77, 0x71, 0x01, 0xB0, 0x37, 0x77, 0x10, 0x5A,
  0x0A, 0x77, 0x72, 0x82, 0xBF, 0xE1, 0x77, 0x71, 0x01, 0xA0, 0x57, 0x40,
  // "ģ" (U+0123), RLE, 226 bytes saved (46.7%)
  0x74, 0x81, 0x8F, 0xE7, 0x74, 0x04, 0xA0, 0x97, 0x74, 0x0D, 0xA0, 0x37, 0x73, 0x05, 0xA0, 0xE7,
  0x74, 0x0D, 0xA0, 0xA7, 0x73, 0x04, 0xB0, 0x67, 0x73, 0x09, 0xB0, 0x38, 0x0E, 0x70, 0x86, 0x5A,
  0xDE, 0xED, 0xA5, 0x40, 0xDA, 0x04, 0x40, 0x30, 0xCF, 0x90, 0xD0, 0x42, 0xB0, 0x43, 0x04, 0xFD,
  0x07, 0x01, 0xB0, 0x42, 0x02, 0xD8, 0x49, 0x53, 0x46, 0xAB, 0x0A, 0xB0, 0x42, 0x0C, 0xB0, 0xD0,
  0x26, 0x02, 0x0D, 0xD8, 0x14, 0x04, 0xB0, 0xE0, 0x27, 0x10, 0x10, 0xEC, 0x81, 0x40, 0xBB, 0x07,
  0x73, 0x06, 0xC0, 0x41, 0xC0, 0x17, 0x30, 0x1C, 0x04, 0x03, 0xB0, 0xC7, 0x50, 0xCB, 0x04, 0x06,
  0xB0, 0x97, 0x50, 0x9B, 0x04, 0x07, 0xB0, 0x77, 0x50, 0x8B, 0x04, 0x08, 0xB0, 0x67, 0x50, 0x7B,
  0x04, 0x08, 0xB0, 0x67, 0x50, 0x7B, 0x04, 0x07, 0xB0, 0x77, 0x50, 0x7B, 0x04, 0x06, 0xB0, 0x97,
  0x50, 0x8B, 0x00, 0x4B, 0x0C, 0x75, 0x0A, 0xB0, 0x41, 0xC0, 0x17, 0x40, 0xDB, 0x81, 0x40, 0xBB,
  0x07, 0x73, 0x04, 0xC8, 0x14, 0x05, 0xB0, 0xE0, 0x17, 0x20, 0xCC, 0x04, 0x20, 0xDB, 0x0D, 0x02,
  0x60, 0x10, 0xBD, 0x04, 0x20, 0x3C, 0x86, 0xE9, 0x53, 0x45, 0x9E, 0xA0, 0xBB, 0x04, 0x30, 0x5F,
  0xD0, 0x70, 0x6B, 0x04, 0x40, 0x40, 0xDF, 0x98, 0x2E, 0x60, 0x7B, 0x04, 0x68, 0x75, 0xAD, 0xEE,
  0xDB, 0x61, 0x20, 0x7B, 0x04, 0x77, 0x30, 0x8B, 0x04, 0x77, 0x30, 0x9B, 0x03, 0x77, 0x30, 0xBB,
  0x02, 0x77, 0x30, 0xEB, 0x77, 0x30, 0x5B, 0x0C, 0x30, 0x17, 0x50, 0x10, 0xEB, 0x07, 0x38, 0x1B,
  0xA4, 0x72, 0x02, 0x0D, 0xB0, 0xE0, 0x13, 0x0B, 0xA8, 0x7E, 0xA7, 0x54, 0x34, 0x5A, 0xD0, 0x64,
  0x0B, 0xFF, 0x90, 0x85, 0x07, 0x0E, 0xFD, 0x0D, 0x05, 0x71, 0x89, 0x24, 0x7A, 0xCE, 0xEF, 0xED,
  0xC8, 0x46,
  // "Ĥ" (U+0124), RLE, 284 bytes saved (54.1%)
  0x72, 0x02, 0xC0, 0x67, 0x75, 0x0C, 0xC0, 0xE0, 0x27, 0x73, 0x0A, 0xE0, 0xD0, 0x17, 0x71, 0x08,
  0xB0, 0xA0, 0x7B, 0x0B, 0x77, 0x05, 0xB0, 0x82, 0x05, 0xB0, 0xA7, 0x50, 0x4B, 0x06, 0x40, 0x40,
  0xEA, 0x09, 0x73, 0x02, 0xA0, 0xD0, 0x36, 0x01, 0x0B, 0xA0, 0x78, 0x09, 0xC5, 0x00, 0xBB, 0x03,
  0x77, 0x10, 0xAB, 0x04, 0x0B, 0xB0, 0x37, 0x71, 0x0A, 0xB0, 0x40, 0xBB, 0x03, 0x77, 0x10, 0xAB,
  0x04, 0x0B, 0xB0, 0x37, 0x71, 0x0A, 0xB0, 0x40, 0xBB, 0x03, 0x77, 0x10, 0xAB, 0x04, 0x0B, 0xB0,
  0x37, 0x71, 0x0A, 0xB0, 0x40, 0xBB, 0x03, 0x77, 0x10, 0xAB, 0x04, 0x0B, 0xB0, 0x37, 0x71, 0x0A,
  0xB0, 0x40, 0xBB, 0x03, 0x77, 0x10, 0xAB, 0x04, 0x0B, 0xB0, 0x37, 0x71, 0x0A, 0xB0, 0x40, 0xBB,
  0x03, 0x77, 0x10, 0xAB, 0x04, 0x0B, 0xB0, 0x37, 0x71, 0x0A, 0xB0, 0x40, 0xBB, 0x03, 0x77, 0x10,
  0xAB, 0x04, 0x0B, 0xFF, 0xFA, 0x04, 0x0B, 0xFF, 0xFA, 0x04, 0x0B, 0xFF, 0xFA, 0x04, 0x0B, 0xB0,
  0x68, 0x09, 0x33, 0x0B, 0xB0, 0x40, 0xBB, 0x03, 0x77, 0x10, 0xAB, 0x04, 0x0B, 0xB0, 0x37, 0x71,
  0x0A, 0xB0, 0x40, 0xBB, 0x03, 0x77, 0x10, 0xAB, 0x04, 0x0B, 0xB0, 0x37, 0x71, 0x0A, 0xB0, 0x40,
  0xBB, 0x03, 0x77, 0x10, 0xAB, 0x04, 0x0B, 0xB0, 0x37, 0x71, 0x0A, 0xB0, 0x40, 0xBB, 0x03, 0x77,
  0x10, 0xAB, 0x04, 0x0B, 0xB0, 0x37, 0x71, 0x0A, 0xB0, 0x40, 0xBB, 0x03, 0x77, 0x10, 0xAB, 0x04,
  0x0B, 0xB0, 0x37, 0x71, 0x0A, 0xB0, 0x40, 0xBB, 0x03, 0x77, 0x10, 0xAB, 0x04, 0x0B, 0xB0, 0x37,
  0x71, 0x0A, 0xB0, 0x40, 0xBB, 0x03, 0x77, 0x10, 0xAB, 0x04, 0x0B, 0xB0, 0x37, 0x71, 0x0A, 0xB0,
  0x40,
  // "ĥ" (U+0125), RLE, 327 bytes saved (57.2%)
  0x50, 0x2C, 0x06, 0x77, 0x60, 0xCC, 0x0E, 0x02, 0x77, 0x40, 0xAE, 0x0D, 0x01, 0x77, 0x20, 0x8B,
  0x0A, 0x07, 0xB0, 0xB7, 0x71, 0x05, 0xB0, 0x82, 0x05, 0xB0, 0xA7, 0x60, 0x4B, 0x06, 0x40, 0x40,
  0xEA, 0x09, 0x74, 0x02, 0xA0, 0xD0, 0x36, 0x01, 0x0B, 0xA0, 0x78, 0x09, 0xE3, 0x00, 0x4B, 0x09,
  0x77, 0x70, 0x4B, 0x09, 0x77, 0x70, 0x4B, 0x09, 0x77, 0x70, 0x4B, 0x09, 0x77, 0x70, 0x4B, 0x09,
  0x77, 0x70, 0x4B, 0x09, 0x77, 0x70, 0x4B, 0x09, 0x77, 0x70, 0x4B, 0x09, 0x77, 0x70, 0x4B, 0x09,
  0x77, 0x70, 0x4B, 0x09, 0x38, 0x74, 0xAD, 0xEF, 0xEB, 0x82, 0x72, 0x04, 0xB8, 0x28, 0x03, 0xDF,
  0xA0, 0xA7, 0x10, 0x4B, 0x07, 0x05, 0xFD, 0x0C, 0x70, 0x4B, 0x0A, 0xB8, 0x5A, 0x64, 0x34, 0x7D,
  0xC0, 0x86, 0x04, 0xD0, 0xD0, 0x27, 0x0A, 0xB0, 0xE6, 0x04, 0xC0, 0xE0, 0x27, 0x20, 0xEB, 0x04,
  0x50, 0x4C, 0x08, 0x73, 0x08, 0xB0, 0x75, 0x04, 0xC0, 0x27, 0x30, 0x4B, 0x08, 0x50, 0x4B, 0x0E,
  0x74, 0x03, 0xB0, 0x95, 0x04, 0xB0, 0xB7, 0x40, 0x3B, 0x09, 0x50, 0x4B, 0x0A, 0x74, 0x03, 0xB0,
  0x95, 0x04, 0xB0, 0x97, 0x40, 0x3B, 0x09, 0x50, 0x4B, 0x09, 0x74, 0x03, 0xB0, 0x95, 0x04, 0xB0,
  0x97, 0x40, 0x3B, 0x09, 0x50, 0x4B, 0x09, 0x74, 0x03, 0xB0, 0x95, 0x04, 0xB0, 0x97, 0x40, 0x3B,
  0x09, 0x50, 0x4B, 0x09, 0x74, 0x03, 0xB0, 0x95, 0x04, 0xB0, 0x97, 0x40, 0x3B, 0x09, 0x50, 0x4B,
  0x09, 0x74, 0x03, 0xB0, 0x95, 0x04, 0xB0, 0x97, 0x40, 0x3B, 0x09, 0x50, 0x4B, 0x09, 0x74, 0x03,
  0xB0, 0x95, 0x04, 0xB0, 0x97, 0x40, 0x3B, 0x09, 0x50, 0x4B, 0x09, 0x74, 0x03, 0xB0, 0x95, 0x04,
  0xB0, 0x97, 0x40, 0x3B, 0x09,
  // "Ħ" (U+0126), RLE, 293 bytes saved (57.2%)
  0x40, 0xBB, 0x03, 0x77, 0x10, 0xAB, 0x04, 0x71, 0x0B, 0xB0, 0x37, 0x71, 0x0A, 0xB0, 0x47, 0x10,
  0xBB, 0x03, 0x77, 0x10, 0xAB, 0x04, 0x71, 0x0B, 0xB0, 0x37, 0x71, 0x0A, 0xB0, 0x44, 0x80, 0x03,
  0x0C, 0xB0, 0x68, 0x09, 0x33, 0x0B, 0xB8, 0x37, 0x33, 0x31, 0xFF, 0xFF, 0xC0, 0x8F, 0xFF, 0xFC,
  0x08, 0xFF, 0xFF, 0xC0, 0x84, 0x0B, 0xB0, 0x37, 0x71, 0x0A, 0xB0, 0x47, 0x10, 0xBB, 0x03, 0x77,
  0x10, 0xAB, 0x04, 0x71, 0x0B, 0xB0, 0x37, 0x71, 0x0A, 0xB0, 0x47, 0x10, 0xBB, 0x03, 0x77, 0x10,
  0xAB, 0x04, 0x71, 0x0B, 0xB0, 0x37, 0x71, 0x0A, 0xB0, 0x47, 0x10, 0xBF, 0xFF, 0xA0, 0x47, 0x10,
  0xBF, 0xFF, 0xA0, 0x47, 0x10, 0xBF, 0xFF, 0xA0, 0x47, 0x10, 0xBB, 0x06, 0x80, 0x93, 0x30, 0xBB,
  0x04, 0x71, 0x0B, 0xB0, 0x37, 0x71, 0x0A, 0xB0, 0x47, 0x10, 0xBB, 0x03, 0x77, 0x10, 0xAB, 0x04,
  0x71, 0x0B, 0xB0, 0x37, 0x71, 0x0A, 0xB0, 0x47, 0x10, 0xBB, 0x03, 0x77, 0x10, 0xAB, 0x04, 0x71,
  0x0B, 0xB0, 0x37, 0x71, 0x0A, 0xB0, 0x47, 0x10, 0xBB, 0x03, 0x77, 0x10, 0xAB, 0x04, 0x71, 0x0B,
  0xB0, 0x37, 0x71, 0x0A, 0xB0, 0x47, 0x10, 0xBB, 0x03, 0x77, 0x10, 0xAB, 0x04, 0x71, 0x0B, 0xB0,
  0x37, 0x71, 0x0A, 0xB0, 0x47, 0x10, 0xBB, 0x03, 0x77, 0x10, 0xAB, 0x04, 0x71, 0x0B, 0xB0, 0x37,
  0x71, 0x0A, 0xB0, 0x47, 0x10, 0xBB, 0x03, 0x77, 0x10, 0xAB, 0x04, 0x71, 0x0B, 0xB0, 0x37, 0x71,
  0x0A, 0xB0, 0x47, 0x10, 0xBB, 0x03, 0x77, 0x10, 0xAB, 0x04, 0x40,
  // "ħ" (U+0127), RLE, 192 bytes saved (48.5%)
  0x30, 0x4B, 0x09, 0x77, 0x50, 0x4B, 0x09, 0x77, 0x50, 0x4B, 0x09, 0x77, 0x50, 0x4B, 0x09, 0x77,
  0x20, 0x9F, 0xF9, 0x0E, 0x70, 0x9F, 0xF9, 0x0E, 0x70, 0x9F, 0xF9, 0x0E, 0x78, 0x22, 0x33, 0x6B,
  0x0A, 0x80, 0x53, 0x73, 0x04, 0xB0, 0x97, 0x75, 0x04, 0xB0, 0x93, 0x87, 0x49, 0xCE, 0xFD, 0xB8,
  0x27, 0x04, 0xB8, 0x29, 0x02, 0xCF, 0xA0, 0x96, 0x04, 0xB8, 0x18, 0x3E, 0xFC, 0x0B, 0x50, 0x4B,
  0x08, 0x0E, 0xA8, 0x5B, 0x64, 0x34, 0x7D, 0xC0, 0x64, 0x04, 0xD0, 0xD0, 0x37, 0x0B, 0xB0, 0xD4,
  0x04, 0xD0, 0x27, 0x10, 0x10, 0xEB, 0x03, 0x30, 0x4C, 0x09, 0x73, 0x09, 0xB0, 0x63, 0x04, 0xC0,
  0x37, 0x30, 0x5B, 0x08, 0x30, 0x4B, 0x0E, 0x74, 0x03, 0xB0, 0x93, 0x04, 0xB0, 0xC7, 0x40, 0x3B,
  0x09, 0x30, 0x4B, 0x0A, 0x74, 0x03, 0xB0, 0x93, 0x04, 0xB0, 0x97, 0x40, 0x3B, 0x09, 0x30, 0x4B,
  0x09, 0x74, 0x03, 0xB0, 0x93, 0x04, 0xB0, 0x97, 0x40, 0x3B, 0x09, 0x30, 0x4B, 0x09, 0x74, 0x03,
  0xB0, 0x93, 0x04, 0xB0, 0x97, 0x40, 0x3B, 0x09, 0x30, 0x4B, 0x09, 0x74, 0x03, 0xB0, 0x93, 0x04,
  0xB0, 0x97, 0x40, 0x3B, 0x09, 0x30, 0x4B, 0x09, 0x74, 0x03, 0xB0, 0x93, 0x04, 0xB0, 0x97, 0x40,
  0x3B, 0x09, 0x30, 0x4B, 0x09, 0x74, 0x03, 0xB0, 0x93, 0x04, 0xB0, 0x97, 0x40, 0x3B, 0x09, 0x30,
  0x4B, 0x09, 0x74, 0x03, 0xB0, 0x93, 0x04, 0xB0, 0x97, 0x40, 0x3B, 0x09,
  // "Ĩ" (U+0128), RLE, 190 bytes saved (54.4%)
  0x38, 0x46, 0xDF, 0xD8, 0x15, 0x81, 0x7F, 0xC2, 0x09, 0xD0, 0xE0, 0x64, 0x83, 0xCF, 0xA0, 0x3F,
  0x98, 0x2C, 0x54, 0xAA, 0x81, 0x50, 0xAA, 0x82, 0x74, 0x7E, 0xF0, 0xD2, 0x81, 0xEF, 0x84, 0x09,
  0xE8, 0x14, 0x02, 0xA0, 0x25, 0x84, 0x3A, 0xEE, 0xB3, 0x80, 0x98, 0x40, 0x03, 0xFC, 0x01, 0x40,
  0x3F, 0xC0, 0x14, 0x81, 0x18, 0xBE, 0x81, 0xEB, 0x77, 0x20, 0x9B, 0x07, 0x75, 0x08, 0xB0, 0x67,
  0x50, 0x8B, 0x06, 0x75, 0x08, 0xB0, 0x67, 0x50, 0x8B, 0x06, 0x75, 0x08, 0xB0, 0x67, 0x50, 0x8B,
  0x06, 0x75, 0x08, 0xB0, 0x67, 0x50, 0x8B, 0x06, 0x75, 0x08, 0xB0, 0x67, 0x50, 0x8B, 0x06, 0x75,
  0x08, 0xB0, 0x67, 0x50, 0x8B, 0x06, 0x75, 0x08, 0xB0, 0x67, 0x50, 0x8B, 0x06, 0x75, 0x08, 0xB0,
  0x67, 0x50, 0x8B, 0x06, 0x75, 0x08, 0xB0, 0x67, 0x50, 0x8B, 0x06, 0x75, 0x08, 0xB0, 0x67, 0x50,
  0x8B, 0x06, 0x75, 0x08, 0xB0, 0x67, 0x50, 0x8B, 0x06, 0x75, 0x08, 0xB0, 0x67, 0x50, 0x8B, 0x06,
  0x71, 0x82, 0x16, 0x9D, 0xD8, 0x1C, 0x95, 0x50, 0x3F, 0xC0, 0x14, 0x03, 0xFC, 0x01, 0x20,
  // "ĩ" (U+0129), RLE, 154 bytes saved (54.8%)
  0x38, 0x46, 0xDF, 0xD8, 0x15, 0x81, 0x7F, 0xC2, 0x09, 0xD0, 0xE0, 0x64, 0x83, 0xCF, 0xA0, 0x3F,
  0x98, 0x2C, 0x54, 0xAA, 0x81, 0x50, 0xAA, 0x82, 0x74, 0x7E, 0xF0, 0xD2, 0x81, 0xEF, 0x84, 0x09,
  0xE8, 0x14, 0x02, 0xA0, 0x25, 0x84, 0x3A, 0xEE, 0xB3, 0x80, 0xE7, 0x00, 0x4B, 0x09, 0x75, 0x04,
  0xB0, 0x97, 0x50, 0x4B, 0x09, 0x75, 0x04, 0xB0, 0x97, 0x50, 0x4B, 0x09, 0x75, 0x04, 0xB0, 0x97,
  0x50, 0x4B, 0x09, 0x75, 0x04, 0xB0, 0x97, 0x50, 0x4B, 0x09, 0x75, 0x04, 0xB0, 0x97, 0x50, 0x4B,
  0x09, 0x75, 0x04, 0xB0, 0x97, 0x50, 0x4B, 0x09, 0x75, 0x04, 0xB0, 0x97, 0x50, 0x4B, 0x09, 0x75,
  0x04, 0xB0, 0x97, 0x50, 0x4B, 0x09, 0x75, 0x04, 0xB0, 0x97, 0x50, 0x4B, 0x09, 0x75, 0x04, 0xB0,
  0x97, 0x50, 0x4B, 0x09, 0x75, 0x04, 0xB0, 0x97, 0x50, 0x4B, 0x09, 0x75, 0x04, 0xB0, 0x96,
  // "Ī" (U+012A), RLE, 145 bytes saved (53.1%)
  0x18, 0x09, 0x03, 0x02, 0x03, 0xFD, 0x0C, 0x03, 0xFD, 0x0C, 0x03, 0xFD, 0x0C, 0x80, 0xE5, 0x00,
  0x3F, 0xC8, 0x11, 0x03, 0xFC, 0x83, 0x10, 0x18, 0xBE, 0x81, 0xEB, 0x76, 0x09, 0xB0, 0x77, 0x20,
  0x8B, 0x06, 0x72, 0x08, 0xB0, 0x67, 0x20, 0x8B, 0x06, 0x72, 0x08, 0xB0, 0x67, 0x20, 0x8B, 0x06,
  0x72, 0x08, 0xB0, 0x67, 0x20, 0x8B, 0x06, 0x72, 0x08, 0xB0, 0x67, 0x20, 0x8B, 0x06, 0x72, 0x08,
  0xB0, 0x67, 0x20, 0x8B, 0x06, 0x72, 0x08, 0xB0, 0x67, 0x20, 0x8B, 0x06, 0x72, 0x08, 0xB0, 0x67,
  0x20, 0x8B, 0x06, 0x72, 0x08, 0xB0, 0x67, 0x20, 0x8B, 0x06, 0x72, 0x08, 0xB0, 0x67, 0x20, 0x8B,
  0x06, 0x72, 0x08, 0xB0, 0x67, 0x20, 0x8B, 0x06, 0x72, 0x08, 0xB0, 0x67, 0x20, 0x8B, 0x06, 0x72,
  0x08, 0xB0, 0x65, 0x82, 0x16, 0x9D, 0xD8, 0x1C, 0x95, 0x20, 0x3F, 0xC8, 0x11, 0x03, 0xFC, 0x01,
  // "ī" (U+012B), RLE, 118 bytes saved (54.4%)
  0x18, 0x09, 0x03, 0x02, 0x03, 0xFD, 0x0C, 0x03, 0xFD, 0x0C, 0x03, 0xFD, 0x0C, 0x80, 0xD3, 0x00,
  0x4B, 0x09, 0x72, 0x04, 0xB0, 0x97, 0x20, 0x4B, 0x09, 0x72, 0x04, 0xB0, 0x97, 0x20, 0x4B, 0x09,
  0x72, 0x04, 0xB0, 0x97, 0x20, 0x4B, 0x09, 0x72, 0x04, 0xB0, 0x97, 0x20, 0x4B, 0x09, 0x72, 0x04,
  0xB0, 0x97, 0x20, 0x4B, 0x09, 0x72, 0x04, 0xB0, 0x97, 0x20, 0x4B, 0x09, 0x72, 0x04, 0xB0, 0x97,
  0x20, 0x4B, 0x09, 0x72, 0x04, 0xB0, 0x97, 0x20, 0x4B, 0x09, 0x72, 0x04, 0xB0, 0x97, 0x20, 0x4B,
  0x09, 0x72, 0x04, 0xB0, 0x97, 0x20, 0x4B, 0x09, 0x72, 0x04, 0xB0, 0x97, 0x20, 0x4B, 0x09, 0x72,
  0x04, 0xB0, 0x94,
  // "Ĭ" (U+012C), RLE, 156 bytes saved (50.6%)
  0x02, 0xA0, 0x37, 0x01, 0xA8, 0x35, 0x0E, 0xF9, 0x70, 0x8A, 0x81, 0x20, 0xAA, 0x85, 0xB6, 0x43,
  0x46, 0xBA, 0x0B, 0x20, 0x20, 0xEF, 0xA0, 0xE0, 0x33, 0x04, 0x0E, 0xF0, 0xE0, 0x45, 0x87, 0x18,
  0xCE, 0xFE, 0xC7, 0x18, 0x0F, 0x40, 0x03, 0xFC, 0x01, 0x20, 0x3F, 0xC0, 0x12, 0x81, 0x18, 0xBE,
  0x81, 0xEB, 0x77, 0x09, 0xB0, 0x77, 0x30, 0x8B, 0x06, 0x73, 0x08, 0xB0, 0x67, 0x30, 0x8B, 0x06,
  0x73, 0x08, 0xB0, 0x67, 0x30, 0x8B, 0x06, 0x73, 0x08, 0xB0, 0x67, 0x30, 0x8B, 0x06, 0x73, 0x08,
  0xB0, 0x67, 0x30, 0x8B, 0x06, 0x73, 0x08, 0xB0, 0x67, 0x30, 0x8B, 0x06, 0x73, 0x08, 0xB0, 0x67,
  0x30, 0x8B, 0x06, 0x73, 0x08, 0xB0, 0x67, 0x30, 0x8B, 0x06, 0x73, 0x08, 0xB0, 0x67, 0x30, 0x8B,
  0x06, 0x73, 0x08, 0xB0, 0x67, 0x30, 0x8B, 0x06, 0x73, 0x08, 0xB0, 0x67, 0x30, 0x8B, 0x06, 0x73,
  0x08, 0xB0, 0x67, 0x30, 0x8B, 0x06, 0x73, 0x08, 0xB0, 0x66, 0x82, 0x16, 0x9D, 0xD8, 0x1C, 0x95,
  0x30, 0x3F, 0xC0, 0x12, 0x03, 0xFC, 0x01, 0x10,
  // "ĭ" (U+012D), RLE, 126 bytes saved (50.8%)
  0x02, 0xA0, 0x37, 0x01, 0xA8, 0x35, 0x0E, 0xF9, 0x70, 0x8A, 0x81, 0x20, 0xAA, 0x85, 0xB6, 0x43,
  0x46, 0xBA, 0x0B, 0x20, 0x20, 0xEF, 0xA0, 0xE0, 0x33, 0x04, 0x0E, 0xF0, 0xE0, 0x45, 0x87, 0x18,
  0xCE, 0xFE, 0xC7, 0x18, 0x0E, 0x10, 0x04, 0xB0, 0x97, 0x30, 0x4B, 0x09, 0x73, 0x04, 0xB0, 0x97,
  0x30, 0x4B, 0x09, 0x73, 0x04, 0xB0, 0x97, 0x30, 0x4B, 0x09, 0x73, 0x04, 0xB0, 0x97, 0x30, 0x4B,
  0x09, 0x73, 0x04, 0xB0, 0x97, 0x30, 0x4B, 0x09, 0x73, 0x04, 0xB0, 0x97, 0x30, 0x4B, 0x09, 0x73,
  0x04, 0xB0, 0x97, 0x30, 0x4B, 0x09, 0x73, 0x04, 0xB0, 0x97, 0x30, 0x4B, 0x09, 0x73, 0x04, 0xB0,
  0x97, 0x30, 0x4B, 0x09, 0x73, 0x04, 0xB0, 0x97, 0x30, 0x4B, 0x09, 0x73, 0x04, 0xB0, 0x97, 0x30,
  0x4B, 0x09, 0x73, 0x04, 0xB0, 0x97, 0x30, 0x4B, 0x09, 0x50,
  // "Į" (U+012E), RLE, 123 bytes saved (46.1%)
  0x03, 0xFC, 0x01, 0x03, 0xFC, 0x82, 0x11, 0x8B, 0xE8, 0x1E, 0xB7, 0x50, 0x9B, 0x07, 0x71, 0x08,
  0xB0, 0x67, 0x10, 0x8B, 0x06, 0x71, 0x08, 0xB0, 0x67, 0x10, 0x8B, 0x06, 0x71, 0x08, 0xB0, 0x67,
  0x10, 0x8B, 0x06, 0x71, 0x08, 0xB0, 0x67, 0x10, 0x8B, 0x06, 0x71, 0x08, 0xB0, 0x67, 0x10, 0x8B,
  0x06, 0x71, 0x08, 0xB0, 0x67, 0x10, 0x8B, 0x06, 0x71, 0x08, 0xB0, 0x67, 0x10, 0x8B, 0x06, 0x71,
  0x08, 0xB0, 0x67, 0x10, 0x8B, 0x06, 0x71, 0x08, 0xB0, 0x67, 0x10, 0x8B, 0x06, 0x71, 0x08, 0xB0,
  0x67, 0x10, 0x8B, 0x06, 0x71, 0x08, 0xB0, 0x67, 0x10, 0x8B, 0x06, 0x71, 0x08, 0xB0, 0x67, 0x10,
  0x8B, 0x06, 0x48, 0x21, 0x69, 0xDD, 0x83, 0xC9, 0x50, 0x3F, 0xC0, 0x10, 0x3F, 0xC0, 0x17, 0x82,
  0xBF, 0xE3, 0x71, 0x09, 0xA0, 0x47, 0x10, 0x4A, 0x09, 0x72, 0x0C, 0xA0, 0x27, 0x10, 0x1B, 0x72,
  0x03, 0xB7, 0x20, 0x2B, 0x82, 0xA4, 0x45, 0x60, 0xEE, 0x60, 0x6E, 0x78, 0x44, 0xBE, 0xFE, 0xA1,
  // "į" (U+012F), RLE, 52 bytes saved (30.2%)
  0x48, 0x29, 0xEC, 0x23, 0x05, 0xB0, 0xC3, 0x08, 0xB0, 0xE3, 0x05, 0xB0, 0xB4, 0x82, 0x9E, 0xC2,
  0x77, 0x77, 0x70, 0x4B, 0x09, 0x30, 0x4B, 0x09, 0x30, 0x4B, 0x09, 0x30, 0x4B, 0x09, 0x30, 0x4B,
  0x09, 0x30, 0x4B, 0x09, 0x30, 0x4B, 0x09, 0x30, 0x4B, 0x09, 0x30, 0x4B, 0x09, 0x30, 0x4B, 0x09,
  0x30, 0x4B, 0x09, 0x30, 0x4B, 0x09, 0x30, 0x4B, 0x09, 0x30, 0x4B, 0x09, 0x30, 0x4B, 0x09, 0x30,
  0x4B, 0x09, 0x30, 0x4B, 0x09, 0x30, 0x4B, 0x09, 0x30, 0x4B, 0x09, 0x30, 0x4B, 0x09, 0x30, 0x4B,
  0x09, 0x30, 0x4B, 0x09, 0x30, 0x4B, 0x09, 0x30, 0x4B, 0x09, 0x38, 0x2B, 0xFE, 0x33, 0x09, 0xA0,
  0x43, 0x04, 0xA0, 0x94, 0x0C, 0xA0, 0x23, 0x01, 0xB4, 0x03, 0xB4, 0x02, 0xB8, 0x4A, 0x44, 0x50,
  0xEE, 0x10, 0x6E, 0x28, 0x44, 0xBE, 0xFE, 0xA0,
  // "İ" (U+0130), RLE, 130 bytes saved (50.0%)
  0x58, 0x25, 0xDE, 0x67, 0x10, 0x1C, 0x01, 0x70, 0x3C, 0x03, 0x70, 0x1C, 0x01, 0x71, 0x82, 0x5D,
  0xE6, 0x80, 0xE4, 0x00, 0x3F, 0xC0, 0x10, 0x3F, 0xC8, 0x21, 0x18, 0xBE, 0x81, 0xEB, 0x75, 0x09,
  0xB0, 0x77, 0x10, 0x8B, 0x06, 0x71, 0x08, 0xB0, 0x67, 0x10, 0x8B, 0x06, 0x71, 0x08, 0xB0, 0x67,
  0x10, 0x8B, 0x06, 0x71, 0x08, 0xB0, 0x67, 0x10, 0x8B, 0x06, 0x71, 0x08, 0xB0, 0x67, 0x10, 0x8B,
  0x06, 0x71, 0x08, 0xB0, 0x67, 0x10, 0x8B, 0x06, 0x71, 0x08, 0xB0, 0x67, 0x10, 0x8B, 0x06, 0x71,
  0x08, 0xB0, 0x67, 0x10, 0x8B, 0x06, 0x71, 0x08, 0xB0, 0x67, 0x10, 0x8B, 0x06, 0x71, 0x08, 0xB0,
  0x67, 0x10, 0x8B, 0x06, 0x71, 0x08, 0xB0, 0x67, 0x10, 0x8B, 0x06, 0x71, 0x08, 0xB0, 0x67, 0x10,
  0x8B, 0x06, 0x71, 0x08, 0xB0, 0x64, 0x82, 0x16, 0x9D, 0xD8, 0x3C, 0x95, 0x03, 0xFC, 0x01, 0x03,
  0xFC, 0x01,
  // "ı" (U+0131), uncompressed
  0x4F, 0xFF, 0x94, 0xFF, 0xF9, 0x4F, 0xFF, 0x94, 0xFF, 0xF9, 0x4F, 0xFF, 0x94, 0xFF, 0xF9, 0x4F,
  0xFF, 0x94, 0xFF, 0xF9, 0x4F, 0xFF, 0x94, 0xFF, 0xF9, 0x4F, 0xFF, 0x94, 0xFF, 0xF9, 0x4F, 0xFF,
  0x94, 0xFF, 0xF9, 0x4F, 0xFF, 0x94, 0xFF, 0xF9, 0x4F, 0xFF, 0x94, 0xFF, 0xF9, 0x4F, 0xFF, 0x94,
  0xFF, 0xF9, 0x4F, 0xFF, 0x94, 0xFF, 0xF9, 0x4F, 0xFF, 0x94, 0xFF, 0xF9,
  // "Ĳ" (U+0132), RLE, 225 bytes saved (51.1%)
  0x03, 0xFC, 0x01, 0x50, 0xEB, 0x03, 0xFC, 0x01, 0x50, 0xEB, 0x81, 0x18, 0xBE, 0x81, 0xEB, 0x76,
  0x0E, 0xB4, 0x09, 0xB0, 0x77, 0x20, 0xEB, 0x40, 0x8B, 0x06, 0x72, 0x0E, 0xB4, 0x08, 0xB0, 0x67,
  0x20, 0xEB, 0x40, 0x8B, 0x06, 0x72, 0x0E, 0xB4, 0x08, 0xB0, 0x67, 0x20, 0xEB, 0x40, 0x8B, 0x06,
  0x72, 0x0E, 0xB4, 0x08, 0xB0, 0x67, 0x20, 0xEB, 0x40, 0x8B, 0x06, 0x72, 0x0E, 0xB4, 0x08, 0xB0,
  0x67, 0x20, 0xEB, 0x40, 0x8B, 0x06, 0x72, 0x0E, 0xB4, 0x08, 0xB0, 0x67, 0x20, 0xEB, 0x40, 0x8B,
  0x06, 0x72, 0x0E, 0xB4, 0x08, 0xB0, 0x67, 0x20, 0xEB, 0x40, 0x8B, 0x06, 0x72, 0x0E, 0xB4, 0x08,
  0xB0, 0x67, 0x20, 0xEB, 0x40, 0x8B, 0x06, 0x72, 0x0E, 0xB4, 0x08, 0xB0, 0x67, 0x20, 0xEB, 0x40,
  0x8B, 0x06, 0x72, 0x0E, 0xB4, 0x08, 0xB0, 0x67, 0x20, 0xEB, 0x40, 0x8B, 0x06, 0x72, 0x0E, 0xB4,
  0x08, 0xB0, 0x67, 0x20, 0xEB, 0x40, 0x8B, 0x06, 0x72, 0x0E, 0xB4, 0x08, 0xB0, 0x67, 0x20, 0xEB,
  0x40, 0x8B, 0x06, 0x72, 0x0E, 0xB4, 0x08, 0xB0, 0x67, 0x20, 0xEB, 0x82, 0x16, 0x9D, 0xD8, 0x1C,
  0x95, 0x60, 0xEB, 0x03, 0xFC, 0x01, 0x50, 0xEB, 0x03, 0xFC, 0x01, 0x50, 0xEB, 0x77, 0x4B, 0x0E,
  0x77, 0x30, 0x1B, 0x0D, 0x77, 0x30, 0x5B, 0x0A, 0x77, 0x30, 0xDB, 0x05, 0x73, 0x85, 0x23, 0x10,
  0x15, 0xDB, 0x0D, 0x74, 0x06, 0xFA, 0x04, 0x74, 0x06, 0xF0, 0xE0, 0x47, 0x50, 0x50, 0xEC, 0x81,
  0xD8, 0x17, 0x71, 0x82, 0x23, 0x21, 0x60,
  // "ĳ" (U+0133), RLE, 145 bytes saved (41.2%)
  0x18, 0x29, 0xEC, 0x27, 0x83, 0x9E, 0xC2, 0x5B, 0x0C, 0x60, 0x5B, 0x0C, 0x08, 0xB0, 0xE6, 0x08,
  0xB0, 0xE0, 0x5B, 0x0B, 0x60, 0x5B, 0x84, 0xB0, 0x9E, 0xC2, 0x78, 0x29, 0xEC, 0x28, 0x0F, 0x40,
  0x04, 0xB0, 0x96, 0x04, 0xB0, 0x90, 0x4B, 0x09, 0x60, 0x4B, 0x09, 0x04, 0xB0, 0x96, 0x04, 0xB0,
  0x90, 0x4B, 0x09, 0x60, 0x4B, 0x09, 0x04, 0xB0, 0x96, 0x04, 0xB0, 0x90, 0x4B, 0x09, 0x60, 0x4B,
  0x09, 0x04, 0xB0, 0x96, 0x04, 0xB0, 0x90, 0x4B, 0x09, 0x60, 0x4B, 0x09, 0x04, 0xB0, 0x96, 0x04,
  0xB0, 0x90, 0x4B, 0x09, 0x60, 0x4B, 0x09, 0x04, 0xB0, 0x96, 0x04, 0xB0, 0x90, 0x4B, 0x09, 0x60,
  0x4B, 0x09, 0x04, 0xB0, 0x96, 0x04, 0xB0, 0x90, 0x4B, 0x09, 0x60, 0x4B, 0x09, 0x04, 0xB0, 0x96,
  0x04, 0xB0, 0x90, 0x4B, 0x09, 0x60, 0x4B, 0x09, 0x04, 0xB0, 0x96, 0x04, 0xB0, 0x90, 0x4B, 0x09,
  0x60, 0x4B, 0x09, 0x04, 0xB0, 0x96, 0x04, 0xB0, 0x90, 0x4B, 0x09, 0x60, 0x4B, 0x09, 0x04, 0xB0,
  0x96, 0x04, 0xB0, 0x90, 0x4B, 0x09, 0x60, 0x4B, 0x09, 0x04, 0xB0, 0x96, 0x04, 0xB0, 0x90, 0x4B,
  0x09, 0x60, 0x4B, 0x09, 0x74, 0x04, 0xB0, 0x97, 0x40, 0x4B, 0x09, 0x74, 0x04, 0xB0, 0x97, 0x40,
  0x4B, 0x09, 0x74, 0x04, 0xB0, 0x87, 0x40, 0x6B, 0x07, 0x74, 0x0C, 0xB0, 0x45, 0x84, 0x36, 0x43,
  0x5C, 0xB0, 0xE6, 0x06, 0xF9, 0x06, 0x60, 0x6F, 0x08, 0x78, 0x63, 0xBD, 0xFE, 0xDA, 0x33,
  // "Ĵ" (U+0134), RLE, 302 bytes saved (65.8%)
  0x70, 0x2C, 0x06, 0x75, 0x0C, 0xC0, 0xE0, 0x27, 0x30, 0xAE, 0x0D, 0x01, 0x71, 0x08, 0xB0, 0xA0,
  0x7B, 0x0B, 0x70, 0x5B, 0x08, 0x20, 0x5B, 0x0A, 0x50, 0x4B, 0x06, 0x40, 0x40, 0xEA, 0x09, 0x30,
  0x2A, 0x0D, 0x03, 0x60, 0x10, 0xBA, 0x07, 0x80, 0x99, 0x40, 0x0E, 0xB7, 0x70, 0xEB, 0x77, 0x0E,
  0xB7, 0x70, 0xEB, 0x77, 0x0E, 0xB7, 0x70, 0xEB, 0x77, 0x0E, 0xB7, 0x70, 0xEB, 0x77, 0x0E, 0xB7,
  0x70, 0xEB, 0x77, 0x0E, 0xB7, 0x70, 0xEB, 0x77, 0x0E, 0xB7, 0x70, 0xEB, 0x77, 0x0E, 0xB7, 0x70,
  0xEB, 0x77, 0x0E, 0xB7, 0x70, 0xEB, 0x77, 0x0E, 0xB7, 0x70, 0xEB, 0x77, 0x0E, 0xB7, 0x70, 0xEB,
  0x77, 0x0E, 0xB7, 0x70, 0xEB, 0x77, 0x0E, 0xB7, 0x70, 0xEB, 0x77, 0x0E, 0xB7, 0x70, 0xEB, 0x77,
  0x0E, 0xB7, 0x70, 0xEB, 0x77, 0x0E, 0xB7, 0x7B, 0x0E, 0x76, 0x01, 0xB0, 0xD7, 0x60, 0x5B, 0x0A,
  0x76, 0x0D, 0xB0, 0x56, 0x85, 0x23, 0x10, 0x15, 0xDB, 0x0D, 0x70, 0x6F, 0xA0, 0x47, 0x06, 0xF0,
  0xE0, 0x47, 0x10, 0x50, 0xEC, 0x81, 0xD8, 0x17, 0x48, 0x22, 0x32, 0x17, 0x50,
  // "ĵ" (U+0135), RLE, 215 bytes saved (56.1%)
  0x60, 0x2C, 0x06, 0x74, 0x0C, 0xC0, 0xE0, 0x27, 0x20, 0xAE, 0x0D, 0x01, 0x70, 0x8B, 0x0A, 0x07,
  0xB0, 0xB6, 0x05, 0xB0, 0x82, 0x05, 0xB0, 0xA4, 0x04, 0xB0, 0x64, 0x04, 0x0E, 0xA0, 0x92, 0x02,
  0xA0, 0xD0, 0x36, 0x01, 0x0B, 0xA0, 0x78, 0x0E, 0x50, 0x04, 0xB0, 0x97, 0x50, 0x4B, 0x09, 0x75,
  0x04, 0xB0, 0x97, 0x50, 0x4B, 0x09, 0x75, 0x04, 0xB0, 0x97, 0x50, 0x4B, 0x09, 0x75, 0x04, 0xB0,
  0x97, 0x50, 0x4B, 0x09, 0x75, 0x04, 0xB0, 0x97, 0x50, 0x4B, 0x09, 0x75, 0x04, 0xB0, 0x97, 0x50,
  0x4B, 0x09, 0x75, 0x04, 0xB0, 0x97, 0x50, 0x4B, 0x09, 0x75, 0x04, 0xB0, 0x97, 0x50, 0x4B, 0x09,
  0x75, 0x04, 0xB0, 0x97, 0x50, 0x4B, 0x09, 0x75, 0x04, 0xB0, 0x97, 0x50, 0x4B, 0x09, 0x75, 0x04,
  0xB0, 0x97, 0x50, 0x4B, 0x09, 0x75, 0x04, 0xB0, 0x97, 0x50, 0x4B, 0x09, 0x75, 0x04, 0xB0, 0x97,
  0x50, 0x4B, 0x09, 0x75, 0x04, 0xB0, 0x97, 0x50, 0x4B, 0x09, 0x75, 0x04, 0xB0, 0x87, 0x50, 0x6B,
  0x07, 0x75, 0x0C, 0xB0, 0x46, 0x84, 0x36, 0x43, 0x5C, 0xB0, 0xE7, 0x06, 0xF9, 0x06, 0x70, 0x6F,
  0x08, 0x71, 0x86, 0x3B, 0xDF, 0xED, 0xA3, 0x72,
  // "Ķ" (U+0136), RLE, 232 bytes saved (49.2%)
  0x0B, 0xB0, 0x37, 0x50, 0x5C, 0x04, 0x0B, 0xB0, 0x37, 0x40, 0x3C, 0x81, 0x50, 0xBB, 0x03, 0x73,
  0x02, 0x0E, 0xB0, 0x72, 0x0B, 0xB0, 0x37, 0x20, 0x10, 0xDB, 0x08, 0x30, 0xBB, 0x03, 0x71, 0x01,
  0x0D, 0xB0, 0x94, 0x0B, 0xB0, 0x37, 0x10, 0xCB, 0x0A, 0x50, 0xBB, 0x03, 0x70, 0xBB, 0x0B, 0x60,
  0xBB, 0x03, 0x60, 0x9B, 0x0C, 0x70, 0xBB, 0x03, 0x50, 0x8B, 0x0D, 0x01, 0x70, 0xBB, 0x03, 0x40,
  0x6B, 0x0D, 0x01, 0x71, 0x0B, 0xB0, 0x33, 0x05, 0xB0, 0xE0, 0x27, 0x20, 0xBB, 0x03, 0x20, 0x4B,
  0x0E, 0x03, 0x73, 0x0B, 0xB8, 0x13, 0x03, 0xC0, 0x47, 0x40, 0xBB, 0x81, 0x32, 0xEB, 0x07, 0x75,
  0x0B, 0xB0, 0x50, 0xDC, 0x0E, 0x01, 0x74, 0x0B, 0xB0, 0xEE, 0x0B, 0x74, 0x0B, 0xD0, 0xE0, 0x8C,
  0x07, 0x73, 0x0B, 0xC8, 0x2D, 0x20, 0x9C, 0x03, 0x72, 0x0B, 0xB0, 0xB0, 0x13, 0x0C, 0xB0, 0xD0,
  0x17, 0x10, 0xBB, 0x03, 0x40, 0x20, 0xEB, 0x0A, 0x71, 0x0B, 0xB0, 0x35, 0x05, 0xC0, 0x67, 0x0B,
  0xB0, 0x36, 0x09, 0xC0, 0x36, 0x0B, 0xB0, 0x37, 0x0C, 0xB0, 0xD6, 0x0B, 0xB0, 0x37, 0x02, 0x0E,
  0xB0, 0xA5, 0x0B, 0xB0, 0x37, 0x10, 0x5C, 0x06, 0x40, 0xBB, 0x03, 0x72, 0x09, 0xC0, 0x23, 0x0B,
  0xB0, 0x37, 0x30, 0xCB, 0x0D, 0x30, 0xBB, 0x03, 0x73, 0x02, 0x0E, 0xB0, 0x92, 0x0B, 0xB0, 0x37,
  0x40, 0x4C, 0x81, 0x50, 0xBB, 0x03, 0x75, 0x08, 0xB8, 0x1E, 0x2B, 0xB0, 0x37, 0x60, 0xCB, 0x0C,
  0x80, 0x99, 0x20, 0x08, 0xB0, 0x47, 0x74, 0x0B, 0xA0, 0xE7, 0x75, 0x0E, 0xA0, 0x87, 0x74, 0x04,
  0xA0, 0xE0, 0x17, 0x74, 0x08, 0xA0, 0x77, 0x75, 0x81, 0xDF, 0xC7, 0x75, 0x03, 0xA0, 0x27, 0x50,
  // "ķ" (U+0137), RLE, 212 bytes saved (49.3%)
  0x04, 0xB0, 0x87, 0x71, 0x04, 0xB0, 0x87, 0x71, 0x04, 0xB0, 0x87, 0x71, 0x04, 0xB0, 0x87, 0x71,
  0x04, 0xB0, 0x87, 0x71, 0x04, 0xB0, 0x87, 0x71, 0x04, 0xB0, 0x87, 0x71, 0x04, 0xB0, 0x87, 0x71,
  0x04, 0xB0, 0x87, 0x71, 0x04, 0xB0, 0x87, 0x20, 0x8B, 0x81, 0xD1, 0x4B, 0x08, 0x71, 0x07, 0xB8,
  0x2E, 0x20, 0x4B, 0x08, 0x70, 0x6B, 0x0E, 0x02, 0x20, 0x4B, 0x08, 0x60, 0x5B, 0x0E, 0x03, 0x30,
  0x4B, 0x08, 0x50, 0x4C, 0x04, 0x40, 0x4B, 0x08, 0x40, 0x30, 0xEB, 0x05, 0x50, 0x4B, 0x08, 0x30,
  0x20, 0xEB, 0x06, 0x60, 0x4B, 0x08, 0x20, 0x20, 0xDB, 0x07, 0x70, 0x4B, 0x82, 0x80, 0x1D, 0xB0,
  0x87, 0x10, 0x4B, 0x81, 0x70, 0xBB, 0x09, 0x72, 0x04, 0xB0, 0x70, 0x8C, 0x02, 0x72, 0x04, 0xB0,
  0xBD, 0x0C, 0x72, 0x04, 0xFB, 0x08, 0x71, 0x04, 0xD0, 0x70, 0x4C, 0x04, 0x70, 0x4C, 0x05, 0x20,
  0x8B, 0x0E, 0x01, 0x60, 0x4B, 0x09, 0x40, 0xCB, 0x0B, 0x60, 0x4B, 0x08, 0x40, 0x10, 0xEB, 0x07,
  0x50, 0x4B, 0x08, 0x50, 0x5C, 0x04, 0x40, 0x4B, 0x08, 0x60, 0x9B, 0x0E, 0x01, 0x30, 0x4B, 0x08,
  0x70, 0xCB, 0x0B, 0x30, 0x4B, 0x08, 0x70, 0x20, 0xEB, 0x07, 0x20, 0x4B, 0x08, 0x71, 0x06, 0xC8,
  0x13, 0x04, 0xB0, 0x87, 0x20, 0xAB, 0x81, 0xD1, 0x4B, 0x08, 0x73, 0x0D, 0xB0, 0xB8, 0x0F, 0x70,
  0x05, 0xB0, 0x87, 0x71, 0x08, 0xB0, 0x37, 0x71, 0x0B, 0xA0, 0xC7, 0x72, 0xB0, 0x47, 0x71, 0x05,
  0xA0, 0xB7, 0x72, 0x82, 0xAF, 0xE2, 0x77, 0x2A, 0x06, 0x74,
  // "ĸ" (U+0138), RLE, 85 bytes saved (35.4%)
  0x04, 0xB0, 0xC7, 0x20, 0xAB, 0x81, 0xD1, 0x4B, 0x0C, 0x71, 0x08, 0xB8, 0x2E, 0x20, 0x4B, 0x0C,
  0x70, 0x5C, 0x04, 0x20, 0x4B, 0x0C, 0x60, 0x3C, 0x07, 0x30, 0x4B, 0x0C, 0x50, 0x10, 0xDB, 0x09,
  0x40, 0x4B, 0x0C, 0x50, 0xCB, 0x0B, 0x50, 0x4B, 0x0C, 0x40, 0xAB, 0x0D, 0x01, 0x50, 0x4B, 0x0C,
  0x30, 0x7B, 0x0E, 0x02, 0x60, 0x4B, 0x0B, 0x20, 0x5C, 0x04, 0x70, 0x4B, 0x82, 0xB0, 0x3E, 0xB0,
  0x67, 0x10, 0x4B, 0x81, 0xA1, 0xDB, 0x0A, 0x72, 0x04, 0xB0, 0x90, 0xBC, 0x0E, 0x02, 0x71, 0x04,
  0xB0, 0xEE, 0x0C, 0x71, 0x04, 0xE0, 0x70, 0xEB, 0x08, 0x70, 0x4C, 0x82, 0xE3, 0x05, 0xC0, 0x36,
  0x04, 0xB0, 0xE0, 0x23, 0x09, 0xB0, 0xD0, 0x15, 0x04, 0xB0, 0xC5, 0x0D, 0xB0, 0xA5, 0x04, 0xB0,
  0xC5, 0x03, 0xC0, 0x64, 0x04, 0xB0, 0xC6, 0x07, 0xB0, 0xE0, 0x23, 0x04, 0xB0, 0xC7, 0x0B, 0xB0,
  0xC3, 0x04, 0xB0, 0xC7, 0x01, 0x0E, 0xB0, 0x82, 0x04, 0xB0, 0xC7, 0x10, 0x4C, 0x81, 0x40, 0x4B,
  0x0C, 0x72, 0x09, 0xB8, 0x1E, 0x14, 0xB0, 0xC7, 0x30, 0xDB, 0x0B,
  // "Ĺ" (U+0139), RLE, 255 bytes saved (63.9%)
  0x40, 0x5C, 0x07, 0x76, 0x0D, 0xB0, 0xC7, 0x60, 0x7B, 0x0D, 0x01, 0x75, 0x02, 0xB0, 0xD0, 0x27,
  0x60, 0xCA, 0x0E, 0x02, 0x76, 0x07, 0xA0, 0xD0, 0x27, 0x60, 0x2A, 0x0C, 0x01, 0x80, 0x9A, 0x70,
  0x0B, 0xB0, 0x37, 0x70, 0xBB, 0x03, 0x77, 0x0B, 0xB0, 0x37, 0x70, 0xBB, 0x03, 0x77, 0x0B, 0xB0,
  0x37, 0x70, 0xBB, 0x03, 0x77, 0x0B, 0xB0, 0x37, 0x70, 0xBB, 0x03, 0x77, 0x0B, 0xB0, 0x37, 0x70,
  0xBB, 0x03, 0x77, 0x0B, 0xB0, 0x37, 0x70, 0xBB, 0x03, 0x77, 0x0B, 0xB0, 0x37, 0x70, 0xBB, 0x03,
  0x77, 0x0B, 0xB0, 0x37, 0x70, 0xBB, 0x03, 0x77, 0x0B, 0xB0, 0x37, 0x70, 0xBB, 0x03, 0x77, 0x0B,
  0xB0, 0x37, 0x70, 0xBB, 0x03, 0x77, 0x0B, 0xB0, 0x37, 0x70, 0xBB, 0x03, 0x77, 0x0B, 0xB0, 0x37,
  0x70, 0xBB, 0x03, 0x77, 0x0B, 0xB0, 0x37, 0x70, 0xBB, 0x03, 0x77, 0x0B, 0xB0, 0x37, 0x70, 0xBB,
  0x06, 0x80, 0x91, 0x31, 0x0B, 0xFF, 0xA8, 0x1E, 0x0B, 0xFF, 0xA8, 0x1E, 0x0B, 0xFF, 0xA0, 0xE0,
  // "ĺ" (U+013A), RLE, 92 bytes saved (41.8%)
  0x40, 0x5C, 0x07, 0x40, 0xDB, 0x0C, 0x40, 0x7B, 0x0D, 0x01, 0x30, 0x2B, 0x0D, 0x02, 0x40, 0xCA,
  0x0E, 0x02, 0x40, 0x7A, 0x0D, 0x02, 0x40, 0x2A, 0x0C, 0x01, 0x80, 0xD2, 0x00, 0x4B, 0x09, 0x50,
  0x4B, 0x09, 0x50, 0x4B, 0x09, 0x50, 0x4B, 0x09, 0x50, 0x4B, 0x09, 0x50, 0x4B, 0x09, 0x50, 0x4B,
  0x09, 0x50, 0x4B, 0x09, 0x50, 0x4B, 0x09, 0x50, 0x4B, 0x09, 0x50, 0x4B, 0x09, 0x50, 0x4B, 0x09,
  0x50, 0x4B, 0x09, 0x50, 0x4B, 0x09, 0x50, 0x4B, 0x09, 0x50, 0x4B, 0x09, 0x50, 0x4B, 0x09, 0x50,
  0x4B, 0x09, 0x50, 0x4B, 0x09, 0x50, 0x4B, 0x09, 0x50, 0x4B, 0x09, 0x50, 0x4B, 0x09, 0x50, 0x4B,
  0x09, 0x50, 0x4B, 0x09, 0x50, 0x4B, 0x09, 0x50, 0x4B, 0x09, 0x50, 0x4B, 0x09, 0x50, 0x4B, 0x09,
  0x50, 0x4B, 0x09, 0x50, 0x4B, 0x09, 0x50, 0x4B, 0x09, 0x50, 0x4B, 0x09, 0x50, 0x4B, 0x09, 0x40,
  // "Ļ" (U+013B), RLE, 233 bytes saved (63.1%)
  0x0B, 0xB0, 0x37, 0x60, 0xBB, 0x03, 0x76, 0x0B, 0xB0, 0x37, 0x60, 0xBB, 0x03, 0x76, 0x0B, 0xB0,
  0x37, 0x60, 0xBB, 0x03, 0x76, 0x0B, 0xB0, 0x37, 0x60, 0xBB, 0x03, 0x76, 0x0B, 0xB0, 0x37, 0x60,
  0xBB, 0x03, 0x76, 0x0B, 0xB0, 0x37, 0x60, 0xBB, 0x03, 0x76, 0x0B, 0xB0, 0x37, 0x60, 0xBB, 0x03,
  0x76, 0x0B, 0xB0, 0x37, 0x60, 0xBB, 0x03, 0x76, 0x0B, 0xB0, 0x37, 0x60, 0xBB, 0x03, 0x76, 0x0B,
  0xB0, 0x37, 0x60, 0xBB, 0x03, 0x76, 0x0B, 0xB0, 0x37, 0x60, 0xBB, 0x03, 0x76, 0x0B, 0xB0, 0x37,
  0x60, 0xBB, 0x03, 0x76, 0x0B, 0xB0, 0x37, 0x60, 0xBB, 0x03, 0x76, 0x0B, 0xB0, 0x37, 0x60, 0xBB,
  0x06, 0x80, 0x91, 0x30, 0xBF, 0xFA, 0x0E, 0x0B, 0xFF, 0xA0, 0xE0, 0xBF, 0xFA, 0x0E, 0x80, 0xF2,
  0x00, 0xDB, 0x76, 0x01, 0xB0, 0xA7, 0x60, 0x4B, 0x03, 0x76, 0x09, 0xA0, 0xB7, 0x70, 0xDA, 0x02,
  0x76, 0x03, 0xA0, 0x87, 0x78, 0x18, 0xFC, 0x72,
  // "ļ" (U+013C), RLE, 28 bytes saved (18.5%)
  0x10, 0x4B, 0x09, 0x20, 0x4B, 0x09, 0x20, 0x4B, 0x09, 0x20, 0x4B, 0x09, 0x20, 0x4B, 0x09, 0x20,
  0x4B, 0x09, 0x20, 0x4B, 0x09, 0x20, 0x4B, 0x09, 0x20, 0x4B, 0x09, 0x20, 0x4B, 0x09, 0x20, 0x4B,
  0x09, 0x20, 0x4B, 0x09, 0x20, 0x4B, 0x09, 0x20, 0x4B, 0x09, 0x20, 0x4B, 0x09, 0x20, 0x4B, 0x09,
  0x20, 0x4B, 0x09, 0x20, 0x4B, 0x09, 0x20, 0x4B, 0x09, 0x20, 0x4B, 0x09, 0x20, 0x4B, 0x09, 0x20,
  0x4B, 0x09, 0x20, 0x4B, 0x09, 0x20, 0x4B, 0x09, 0x20, 0x4B, 0x09, 0x20, 0x4B, 0x09, 0x20, 0x4B,
  0x09, 0x20, 0x4B, 0x09, 0x20, 0x4B, 0x09, 0x20, 0x4B, 0x09, 0x20, 0x4B, 0x09, 0x20, 0x4B, 0x09,
  0x20, 0x4B, 0x09, 0x77, 0x73, 0x06, 0xB0, 0x62, 0x09, 0xB0, 0x22, 0x0C, 0xA0, 0xB2, 0x01, 0xB0,
  0x32, 0x06, 0xA0, 0xA3, 0x82, 0xBF, 0xE1, 0x20, 0x1A, 0x04, 0x30,
  // "Ľ" (U+013D), RLE, 150 bytes saved (53.8%)
  0x0B, 0xB0, 0x37, 0x20, 0xEA, 0x0E, 0x0B, 0xB0, 0x37, 0x10, 0x1B, 0x09, 0x0B, 0xB0, 0x37, 0x10,
  0x4B, 0x03, 0x0B, 0xB0, 0x37, 0x10, 0x7A, 0x81, 0xB0, 0xBB, 0x03, 0x71, 0x0B, 0xA8, 0x14, 0x0B,
  0xB0, 0x37, 0x1A, 0x0B, 0x20, 0xBB, 0x03, 0x78, 0x24, 0xFE, 0x22, 0x0B, 0xB0, 0x37, 0x60, 0xBB,
  0x03, 0x76, 0x0B, 0xB0, 0x37, 0x60, 0xBB, 0x03, 0x76, 0x0B, 0xB0, 0x37, 0x60, 0xBB, 0x03, 0x76,
  0x0B, 0xB0, 0x37, 0x60, 0xBB, 0x03, 0x76, 0x0B, 0xB0, 0x37, 0x60, 0xBB, 0x03, 0x76, 0x0B, 0xB0,
  0x37, 0x60, 0xBB, 0x03, 0x76, 0x0B, 0xB0, 0x37, 0x60, 0xBB, 0x03, 0x76, 0x0B, 0xB0, 0x37, 0x60,
  0xBB, 0x03, 0x76, 0x0B, 0xB0, 0x37, 0x60, 0xBB, 0x03, 0x76, 0x0B, 0xB0, 0x37, 0x60, 0xBB, 0x03,
  0x76, 0x0B, 0xB0, 0x68, 0x09, 0x13, 0x0B, 0xFF, 0xA0, 0xE0, 0xBF, 0xFA, 0x0E, 0x0B, 0xFF, 0xA0,
  0xE0,
  // "ľ" (U+013E), RLE, 79 bytes saved (39.9%)
  0x04, 0xB0, 0x92, 0x01, 0xB0, 0xC0, 0x4B, 0x09, 0x20, 0x3B, 0x07, 0x04, 0xB0, 0x92, 0x06, 0xB0,
  0x10, 0x4B, 0x09, 0x20, 0x9A, 0x81, 0x90, 0x4B, 0x09, 0x20, 0xDA, 0x81, 0x20, 0x4B, 0x81, 0x90,
  0x2A, 0x09, 0x20, 0x4B, 0x84, 0x90, 0x6F, 0xE1, 0x20, 0x4B, 0x09, 0x70, 0x4B, 0x09, 0x70, 0x4B,
  0x09, 0x70, 0x4B, 0x09, 0x70, 0x4B, 0x09, 0x70, 0x4B, 0x09, 0x70, 0x4B, 0x09, 0x70, 0x4B, 0x09,
  0x70, 0x4B, 0x09, 0x70, 0x4B, 0x09, 0x70, 0x4B, 0x09, 0x70, 0x4B, 0x09, 0x70, 0x4B, 0x09, 0x70,
  0x4B, 0x09, 0x70, 0x4B, 0x09, 0x70, 0x4B, 0x09, 0x70, 0x4B, 0x09, 0x70, 0x4B, 0x09, 0x70, 0x4B,
  0x09, 0x70, 0x4B, 0x09, 0x70, 0x4B, 0x09, 0x70, 0x4B, 0x09, 0x70, 0x4B, 0x09, 0x70, 0x4B, 0x09,
  0x70, 0x4B, 0x09, 0x70, 0x4B, 0x09, 0x70,
  // "Ŀ" (U+013F), RLE, 155 bytes saved (55.6%)
  0x0B, 0xB0, 0x37, 0x60, 0xBB, 0x03, 0x76, 0x0B, 0xB0, 0x37, 0x60, 0xBB, 0x03, 0x76, 0x0B, 0xB0,
  0x37, 0x60, 0xBB, 0x03, 0x76, 0x0B, 0xB0, 0x37, 0x60, 0xBB, 0x03, 0x76, 0x0B, 0xB0, 0x37, 0x60,
  0xBB, 0x03, 0x76, 0x0B, 0xB0, 0x37, 0x60, 0xBB, 0x03, 0x76, 0x0B, 0xB0, 0x37, 0x60, 0xBB, 0x03,
  0x68, 0x25, 0xDE, 0x63, 0x0B, 0xB0, 0x35, 0x01, 0xC0, 0x12, 0x0B, 0xB0, 0x35, 0x03, 0xC0, 0x32,
  0x0B, 0xB0, 0x35, 0x01, 0xC0, 0x12, 0x0B, 0xB0, 0x36, 0x82, 0x5D, 0xE6, 0x30, 0xBB, 0x03, 0x76,
  0x0B, 0xB0, 0x37, 0x60, 0xBB, 0x03, 0x76, 0x0B, 0xB0, 0x37, 0x60, 0xBB, 0x03, 0x76, 0x0B, 0xB0,
  0x37, 0x60, 0xBB, 0x03, 0x76, 0x0B, 0xB0, 0x37, 0x60, 0xBB, 0x03, 0x76, 0x0B, 0xB0, 0x68, 0x09,
  0x13, 0x0B, 0xFF, 0xA0, 0xE0, 0xBF, 0xFA, 0x0E, 0x0B, 0xFF, 0xA0, 0xE0,
  // "ŀ" (U+0140), RLE, 85 bytes saved (42.9%)
  0x04, 0xB0, 0x97, 0x04, 0xB0, 0x97, 0x04, 0xB0, 0x97, 0x04, 0xB0, 0x97, 0x04, 0xB0, 0x97, 0x04,
  0xB0, 0x97, 0x04, 0xB0, 0x97, 0x04, 0xB0, 0x97, 0x04, 0xB0, 0x97, 0x04, 0xB0, 0x97, 0x04, 0xB0,
  0x97, 0x04, 0xB0, 0x97, 0x04, 0xB0, 0x97, 0x04, 0xB0, 0x97, 0x04, 0xB0, 0x92, 0x84, 0x5D, 0xE6,
  0x04, 0xB8, 0x19, 0x01, 0xC0, 0x10, 0x4B, 0x81, 0x90, 0x3C, 0x03, 0x04, 0xB8, 0x19, 0x01, 0xC0,
  0x10, 0x4B, 0x09, 0x28, 0x45, 0xDE, 0x60, 0x4B, 0x09, 0x70, 0x4B, 0x09, 0x70, 0x4B, 0x09, 0x70,
  0x4B, 0x09, 0x70, 0x4B, 0x09, 0x70, 0x4B, 0x09, 0x70, 0x4B, 0x09, 0x70, 0x4B, 0x09, 0x70, 0x4B,
  0x09, 0x70, 0x4B, 0x09, 0x70, 0x4B, 0x09, 0x70, 0x4B, 0x09, 0x70, 0x4B, 0x09, 0x70, 0x4B, 0x09,
  0x70,
  // "Ł" (U+0141), RLE, 201 bytes saved (58.9%)
  0x40, 0xBB, 0x03, 0x77, 0x30, 0xBB, 0x03, 0x77, 0x30, 0xBB, 0x03, 0x77, 0x30, 0xBB, 0x03, 0x77,
  0x30, 0xBB, 0x03, 0x77, 0x30, 0xBB, 0x03, 0x77, 0x30, 0xBB, 0x03, 0x77, 0x30, 0xBB, 0x03, 0x77,
  0x30, 0xBB, 0x03, 0x77, 0x30, 0xBB, 0x03, 0x77, 0x30, 0xBB, 0x03, 0x77, 0x30, 0xBB, 0x03, 0x40,
  0x05, 0x74, 0x0B, 0xB0, 0x32, 0x83, 0x3B, 0xFE, 0x17, 0x30, 0xBB, 0x81, 0x31, 0x9C, 0x09, 0x73,
  0x0B, 0xB0, 0x90, 0xEC, 0x0A, 0x02, 0x73, 0x0B, 0xF0, 0xC0, 0x47, 0x50, 0xBD, 0x0E, 0x06, 0x76,
  0x08, 0xD0, 0x87, 0x60, 0x50, 0xDD, 0x04, 0x76, 0x03, 0xF0, 0x37, 0x78, 0x29, 0xFE, 0xDB, 0x03,
  0x77, 0x82, 0x18, 0x0B, 0xB0, 0x37, 0x73, 0x0B, 0xB0, 0x37, 0x73, 0x0B, 0xB0, 0x37, 0x73, 0x0B,
  0xB0, 0x37, 0x73, 0x0B, 0xB0, 0x37, 0x73, 0x0B, 0xB0, 0x37, 0x73, 0x0B, 0xB0, 0x68, 0x09, 0x13,
  0x40, 0xBF, 0xFA, 0x0E, 0x40, 0xBF, 0xFA, 0x0E, 0x40, 0xBF, 0xFA, 0x0E,
  // "ł" (U+0142), RLE, 90 bytes saved (41.9%)
  0x40, 0x8B, 0x04, 0x71, 0x08, 0xB0, 0x47, 0x10, 0x8B, 0x04, 0x71, 0x08, 0xB0, 0x47, 0x10, 0x8B,
  0x04, 0x71, 0x08, 0xB0, 0x47, 0x10, 0x8B, 0x04, 0x71, 0x08, 0xB0, 0x47, 0x10, 0x8B, 0x04, 0x71,
  0x08, 0xB0, 0x47, 0x10, 0x8B, 0x04, 0x71, 0x08, 0xB0, 0x47, 0x10, 0x8B, 0x04, 0x71, 0x08, 0xB8,
  0x24, 0x3D, 0x95, 0x08, 0xB0, 0xBB, 0x04, 0x40, 0x8E, 0x0E, 0x05, 0x40, 0x8D, 0x0B, 0x01, 0x40,
  0x50, 0xEB, 0x0E, 0x06, 0x40, 0x10, 0xAD, 0x05, 0x40, 0x20, 0xEE, 0x04, 0x50, 0xBA, 0x0E, 0xB0,
  0x45, 0x82, 0x2C, 0x38, 0xB0, 0x47, 0x10, 0x8B, 0x04, 0x71, 0x08, 0xB0, 0x47, 0x10, 0x8B, 0x04,
  0x71, 0x08, 0xB0, 0x47, 0x10, 0x8B, 0x04, 0x71, 0x08, 0xB0, 0x47, 0x10, 0x8B, 0x04, 0x71, 0x08,
  0xB0, 0x47, 0x10, 0x8B, 0x04, 0x71, 0x08, 0xB0, 0x47, 0x10, 0x8B, 0x04, 0x40,
  // "Ń" (U+0143), RLE, 258 bytes saved (47.3%)
  0x76, 0x05, 0xC0, 0x77, 0x76, 0x0D, 0xB0, 0xC7, 0x76, 0x07, 0xB0, 0xD0, 0x17, 0x75, 0x02, 0xB0,
  0xD0, 0x27, 0x76, 0x0C, 0xA0, 0xE0, 0x27, 0x76, 0x07, 0xA0, 0xD0, 0x27, 0x76, 0x02, 0xA0, 0xC0,
  0x18, 0x09, 0xE0, 0x00, 0xBC, 0x02, 0x77, 0x10, 0x8B, 0x02, 0x0B, 0xC0, 0xC7, 0x71, 0x08, 0xB0,
  0x20, 0xBD, 0x07, 0x77, 0x08, 0xB0, 0x20, 0xBD, 0x0E, 0x02, 0x76, 0x08, 0xB0, 0x20, 0xBE, 0x0B,
  0x76, 0x08, 0xB0, 0x20, 0xBA, 0x0C, 0xC0, 0x57, 0x50, 0x8B, 0x02, 0x0B, 0xA0, 0x90, 0x7B, 0x0E,
  0x01, 0x74, 0x08, 0xB0, 0x20, 0xBA, 0x81, 0xA0, 0xCB, 0x0A, 0x74, 0x08, 0xB0, 0x20, 0xBA, 0x81,
  0xB0, 0x3C, 0x04, 0x73, 0x08, 0xB0, 0x20, 0xBA, 0x0C, 0x20, 0x8B, 0x0D, 0x01, 0x72, 0x08, 0xB0,
  0x20, 0xBA, 0x0C, 0x30, 0xDB, 0x09, 0x72, 0x08, 0xB0, 0x20, 0xBA, 0x0D, 0x30, 0x3C, 0x03, 0x71,
  0x08, 0xB0, 0x20, 0xBA, 0x0D, 0x40, 0x8B, 0x0D, 0x71, 0x08, 0xB0, 0x20, 0xBA, 0x0E, 0x50, 0xDB,
  0x08, 0x70, 0x8B, 0x02, 0x0B, 0xA0, 0xE5, 0x04, 0xC0, 0x36, 0x08, 0xB0, 0x20, 0xBA, 0x0E, 0x60,
  0x9B, 0x0C, 0x60, 0x8B, 0x02, 0x0B, 0xA0, 0xE7, 0x0D, 0xB0, 0x75, 0x08, 0xB0, 0x20, 0xBA, 0x0E,
  0x70, 0x4C, 0x02, 0x40, 0x8B, 0x02, 0x0B, 0xA0, 0xE7, 0x10, 0x9B, 0x0B, 0x40, 0x8B, 0x02, 0x0B,
  0xA0, 0xE7, 0x10, 0x10, 0xEB, 0x06, 0x30, 0x7B, 0x02, 0x0B, 0xA0, 0xE7, 0x20, 0x5B, 0x0E, 0x01,
  0x20, 0x7B, 0x02, 0x0B, 0xA0, 0xE7, 0x30, 0xAB, 0x0A, 0x20, 0x6B, 0x02, 0x0B, 0xA0, 0xE7, 0x30,
  0x10, 0xEB, 0x81, 0x50, 0x6B, 0x02, 0x0B, 0xA0, 0xE7, 0x40, 0x5B, 0x81, 0xE1, 0x5B, 0x02, 0x0B,
  0xA0, 0xE7, 0x50, 0xBB, 0x09, 0x04, 0xB0, 0x20, 0xBA, 0x0E, 0x75, 0x01, 0x0E, 0xB0, 0x8B, 0x02,
  0x0B, 0xA0, 0xE7, 0x60, 0x6F, 0x02, 0x0B, 0xA0, 0xE7, 0x70, 0xBE, 0x02, 0x0B, 0xA0, 0xE7, 0x70,
  0x20, 0xED, 0x02, 0x0B, 0xA0, 0xE7, 0x71, 0x06, 0xD0, 0x20, 0xBA, 0x0E, 0x77, 0x20, 0xBC, 0x02,
  // "ń" (U+0144), RLE, 168 bytes saved (47.1%)
  0x74, 0x05, 0xC0, 0x77, 0x71, 0x0D, 0xB0, 0xC7, 0x71, 0x07, 0xB0, 0xD0, 0x17, 0x70, 0x2B, 0x0D,
  0x02, 0x77, 0x10, 0xCA, 0x0E, 0x02, 0x77, 0x10, 0x7A, 0x0D, 0x02, 0x77, 0x10, 0x2A, 0x0C, 0x01,
  0x80, 0x98, 0x40, 0x04, 0xA0, 0xE4, 0x87, 0x49, 0xCE, 0xFE, 0xC8, 0x24, 0x04, 0xB8, 0x21, 0x04,
  0xDF, 0xA0, 0xA3, 0x04, 0xB0, 0x30, 0x5F, 0xD0, 0xC2, 0x04, 0xB0, 0xAB, 0x85, 0xA6, 0x43, 0x47,
  0xDC, 0x81, 0x80, 0x4D, 0x0D, 0x02, 0x70, 0xAB, 0x81, 0xE0, 0x4C, 0x0E, 0x02, 0x72, 0x0E, 0xB0,
  0x30, 0x4C, 0x08, 0x73, 0x08, 0xB0, 0x70, 0x4C, 0x02, 0x73, 0x04, 0xB0, 0x80, 0x4B, 0x0E, 0x74,
  0x03, 0xB0, 0x90, 0x4B, 0x0B, 0x74, 0x03, 0xB0, 0x90, 0x4B, 0x0A, 0x74, 0x03, 0xB0, 0x90, 0x4B,
  0x09, 0x74, 0x03, 0xB0, 0x90, 0x4B, 0x09, 0x74, 0x03, 0xB0, 0x90, 0x4B, 0x09, 0x74, 0x03, 0xB0,
  0x90, 0x4B, 0x09, 0x74, 0x03, 0xB0, 0x90, 0x4B, 0x09, 0x74, 0x03, 0xB0, 0x90, 0x4B, 0x09, 0x74,
  0x03, 0xB0, 0x90, 0x4B, 0x09, 0x74, 0x03, 0xB0, 0x90, 0x4B, 0x09, 0x74, 0x03, 0xB0, 0x90, 0x4B,
  0x09, 0x74, 0x03, 0xB0, 0x90, 0x4B, 0x09, 0x74, 0x03, 0xB0, 0x90, 0x4B, 0x09, 0x74, 0x03, 0xB0,
  0x90, 0x4B, 0x09, 0x74, 0x03, 0xB0, 0x90, 0x4B, 0x09, 0x74, 0x03, 0xB0, 0x90,
  // "Ņ" (U+0145), RLE, 249 bytes saved (46.7%)
  0x0B, 0xC0, 0x27, 0x71, 0x08, 0xB0, 0x20, 0xBC, 0x0C, 0x77, 0x10, 0x8B, 0x02, 0x0B, 0xD0, 0x77,
  0x70, 0x8B, 0x02, 0x0B, 0xD0, 0xE0, 0x27, 0x60, 0x8B, 0x02, 0x0B, 0xE0, 0xB7, 0x60, 0x8B, 0x02,
  0x0B, 0xA0, 0xCC, 0x05, 0x75, 0x08, 0xB0, 0x20, 0xBA, 0x09, 0x07, 0xB0, 0xE0, 0x17, 0x40, 0x8B,
  0x02, 0x0B, 0xA8, 0x1A, 0x0C, 0xB0, 0xA7, 0x40, 0x8B, 0x02, 0x0B, 0xA8, 0x1B, 0x03, 0xC0, 0x47,
  0x30, 0x8B, 0x02, 0x0B, 0xA0, 0xC2, 0x08, 0xB0, 0xD0, 0x17, 0x20, 0x8B, 0x02, 0x0B, 0xA0, 0xC3,
  0x0D, 0xB0, 0x97, 0x20, 0x8B, 0x02, 0x0B, 0xA0, 0xD3, 0x03, 0xC0, 0x37, 0x10, 0x8B, 0x02, 0x0B,
  0xA0, 0xD4, 0x08, 0xB0, 0xD7, 0x10, 0x8B, 0x02, 0x0B, 0xA0, 0xE5, 0x0D, 0xB0, 0x87, 0x08, 0xB0,
  0x20, 0xBA, 0x0E, 0x50, 0x4C, 0x03, 0x60, 0x8B, 0x02, 0x0B, 0xA0, 0xE6, 0x09, 0xB0, 0xC6, 0x08,
  0xB0, 0x20, 0xBA, 0x0E, 0x70, 0xDB, 0x07, 0x50, 0x8B, 0x02, 0x0B, 0xA0, 0xE7, 0x04, 0xC0, 0x24,
  0x08, 0xB0, 0x20, 0xBA, 0x0E, 0x71, 0x09, 0xB0, 0xB4, 0x08, 0xB0, 0x20, 0xBA, 0x0E, 0x71, 0x01,
  0x0E, 0xB0, 0x63, 0x07, 0xB0, 0x20, 0xBA, 0x0E, 0x72, 0x05, 0xB0, 0xE0, 0x12, 0x07, 0xB0, 0x20,
  0xBA, 0x0E, 0x73, 0x0A, 0xB0, 0xA2, 0x06, 0xB0, 0x20, 0xBA, 0x0E, 0x73, 0x01, 0x0E, 0xB8, 0x15,
  0x06, 0xB0, 0x20, 0xBA, 0x0E, 0x74, 0x05, 0xB8, 0x1E, 0x15, 0xB0, 0x20, 0xBA, 0x0E, 0x75, 0x0B,
  0xB0, 0x90, 0x4B, 0x02, 0x0B, 0xA0, 0xE7, 0x50, 0x10, 0xEB, 0x08, 0xB0, 0x20, 0xBA, 0x0E, 0x76,
  0x06, 0xF0, 0x20, 0xBA, 0x0E, 0x77, 0x0B, 0xE0, 0x20, 0xBA, 0x0E, 0x77, 0x02, 0x0E, 0xD0, 0x20,
  0xBA, 0x0E, 0x77, 0x10, 0x6D, 0x02, 0x0B, 0xA0, 0xE7, 0x72, 0x0B, 0xC0, 0x28, 0x09, 0xA5, 0x00,
  0x5B, 0x07, 0x77, 0x70, 0x8B, 0x03, 0x77, 0x70, 0xCA, 0x0C, 0x77, 0x70, 0x1B, 0x03, 0x77, 0x70,
  0x5A, 0x0B, 0x77, 0x71, 0x82, 0xAF, 0xE1, 0x77, 0x71, 0xA0, 0x57, 0x60,
  // "ņ" (U+0146), RLE, 173 bytes saved (48.5%)
  0x04, 0xA0, 0xE4, 0x87, 0x49, 0xCE, 0xFE, 0xC8, 0x24, 0x04, 0xB8, 0x21, 0x04, 0xDF, 0xA0, 0xA3,
  0x04, 0xB0, 0x30, 0x5F, 0xD0, 0xC2, 0x04, 0xB0, 0xAB, 0x85, 0xA6, 0x43, 0x47, 0xDC, 0x81, 0x80,
  0x4D, 0x0D, 0x02, 0x70, 0xAB, 0x81, 0xE0, 0x4C, 0x0E, 0x02, 0x72, 0x0E, 0xB0, 0x30, 0x4C, 0x08,
  0x73, 0x08, 0xB0, 0x70, 0x4C, 0x02, 0x73, 0x04, 0xB0, 0x80, 0x4B, 0x0E, 0x74, 0x03, 0xB0, 0x90,
  0x4B, 0x0B, 0x74, 0x03, 0xB0, 0x90, 0x4B, 0x0A, 0x74, 0x03, 0xB0, 0x90, 0x4B, 0x09, 0x74, 0x03,
  0xB0, 0x90, 0x4B, 0x09, 0x74, 0x03, 0xB0, 0x90, 0x4B, 0x09, 0x74, 0x03, 0xB0, 0x90, 0x4B, 0x09,
  0x74, 0x03, 0xB0, 0x90, 0x4B, 0x09, 0x74, 0x03, 0xB0, 0x90, 0x4B, 0x09, 0x74, 0x03, 0xB0, 0x90,
  0x4B, 0x09, 0x74, 0x03, 0xB0, 0x90, 0x4B, 0x09, 0x74, 0x03, 0xB0, 0x90, 0x4B, 0x09, 0x74, 0x03,
  0xB0, 0x90, 0x4B, 0x09, 0x74, 0x03, 0xB0, 0x90, 0x4B, 0x09, 0x74, 0x03, 0xB0, 0x90, 0x4B, 0x09,
  0x74, 0x03, 0xB0, 0x90, 0x4B, 0x09, 0x74, 0x03, 0xB0, 0x98, 0x09, 0x84, 0x00, 0x7B, 0x05, 0x77,
  0x20, 0xAB, 0x01, 0x77, 0x20, 0xEA, 0x0A, 0x77, 0x20, 0x3B, 0x02, 0x77, 0x20, 0x7A, 0x09, 0x77,
  0x38, 0x1C, 0xFD, 0x77, 0x30, 0x2A, 0x03, 0x73,
  // "Ň" (U+0147), RLE, 247 bytes saved (45.2%)
  0x50, 0x2A, 0x0D, 0x03, 0x60, 0x10, 0xBA, 0x08, 0x74, 0x06, 0xB0, 0x64, 0x03, 0x0D, 0xA0, 0xB7,
  0x60, 0x7B, 0x07, 0x20, 0x40, 0xEA, 0x0B, 0x77, 0x10, 0x9B, 0x08, 0x05, 0xB0, 0xC7, 0x73, 0x0A,
  0xE0, 0xD0, 0x17, 0x74, 0x0C, 0xC0, 0xE0, 0x27, 0x75, 0x02, 0xC0, 0x68, 0x09, 0xD6, 0x00, 0xBC,
  0x02, 0x77, 0x10, 0x8B, 0x02, 0x0B, 0xC0, 0xC7, 0x71, 0x08, 0xB0, 0x20, 0xBD, 0x07, 0x77, 0x08,
  0xB0, 0x20, 0xBD, 0x0E, 0x02, 0x76, 0x08, 0xB0, 0x20, 0xBE, 0x0B, 0x76, 0x08, 0xB0, 0x20, 0xBA,
  0x0C, 0xC0, 0x57, 0x50, 0x8B, 0x02, 0x0B, 0xA0, 0x90, 0x7B, 0x0E, 0x01, 0x74, 0x08, 0xB0, 0x20,
  0xBA, 0x81, 0xA0, 0xCB, 0x0A, 0x74, 0x08, 0xB0, 0x20, 0xBA, 0x81, 0xB0, 0x3C, 0x04, 0x73, 0x08,
  0xB0, 0x20, 0xBA, 0x0C, 0x20, 0x8B, 0x0D, 0x01, 0x72, 0x08, 0xB0, 0x20, 0xBA, 0x0C, 0x30, 0xDB,
  0x09, 0x72, 0x08, 0xB0, 0x20, 0xBA, 0x0D, 0x30, 0x3C, 0x03, 0x71, 0x08, 0xB0, 0x20, 0xBA, 0x0D,
  0x40, 0x8B, 0x0D, 0x71, 0x08, 0xB0, 0x20, 0xBA, 0x0E, 0x50, 0xDB, 0x08, 0x70, 0x8B, 0x02, 0x0B,
  0xA0, 0xE5, 0x04, 0xC0, 0x36, 0x08, 0xB0, 0x20, 0xBA, 0x0E, 0x60, 0x9B, 0x0C, 0x60, 0x8B, 0x02,
  0x0B, 0xA0, 0xE7, 0x0D, 0xB0, 0x75, 0x08, 0xB0, 0x20, 0xBA, 0x0E, 0x70, 0x4C, 0x02, 0x40, 0x8B,
  0x02, 0x0B, 0xA0, 0xE7, 0x10, 0x9B, 0x0B, 0x40, 0x8B, 0x02, 0x0B, 0xA0, 0xE7, 0x10, 0x10, 0xEB,
  0x06, 0x30, 0x7B, 0x02, 0x0B, 0xA0, 0xE7, 0x20, 0x5B, 0x0E, 0x01, 0x20, 0x7B, 0x02, 0x0B, 0xA0,
  0xE7, 0x30, 0xAB, 0x0A, 0x20, 0x6B, 0x02, 0x0B, 0xA0, 0xE7, 0x30, 0x10, 0xEB, 0x81, 0x50, 0x6B,
  0x02, 0x0B, 0xA0, 0xE7, 0x40, 0x5B, 0x81, 0xE1, 0x5B, 0x02, 0x0B, 0xA0, 0xE7, 0x50, 0xBB, 0x09,
  0x04, 0xB0, 0x20, 0xBA, 0x0E, 0x75, 0x01, 0x0E, 0xB0, 0x8B, 0x02, 0x0B, 0xA0, 0xE7, 0x60, 0x6F,
  0x02, 0x0B, 0xA0, 0xE7, 0x70, 0xBE, 0x02, 0x0B, 0xA0, 0xE7, 0x70, 0x20, 0xED, 0x02, 0x0B, 0xA0,
  0xE7, 0x71, 0x06, 0xD0, 0x20, 0xBA, 0x0E, 0x77, 0x20, 0xBC, 0x02,
  // "ň" (U+0148), RLE, 159 bytes saved (44.5%)
  0x20, 0x2A, 0x0D, 0x03, 0x60, 0x10, 0xBA, 0x08, 0x60, 0x6B, 0x06, 0x40, 0x30, 0xDA, 0x0B, 0x71,
  0x07, 0xB0, 0x72, 0x04, 0x0E, 0xA0, 0xB7, 0x30, 0x9B, 0x08, 0x05, 0xB0, 0xC7, 0x50, 0xAE, 0x0D,
  0x01, 0x76, 0x0C, 0xC0, 0xE0, 0x27, 0x70, 0x2C, 0x06, 0x80, 0x98, 0x30, 0x04, 0xA0, 0xE4, 0x87,
  0x49, 0xCE, 0xFE, 0xC8, 0x24, 0x04, 0xB8, 0x21, 0x04, 0xDF, 0xA0, 0xA3, 0x04, 0xB0, 0x30, 0x5F,
  0xD0, 0xC2, 0x04, 0xB0, 0xAB, 0x85, 0xA6, 0x43, 0x47, 0xDC, 0x81, 0x80, 0x4D, 0x0D, 0x02, 0x70,
  0xAB, 0x81, 0xE0, 0x4C, 0x0E, 0x02, 0x72, 0x0E, 0xB0, 0x30, 0x4C, 0x08, 0x73, 0x08, 0xB0, 0x70,
  0x4C, 0x02, 0x73, 0x04, 0xB0, 0x80, 0x4B, 0x0E, 0x74, 0x03, 0xB0, 0x90, 0x4B, 0x0B, 0x74, 0x03,
  0xB0, 0x90, 0x4B, 0x0A, 0x74, 0x03, 0xB0, 0x90, 0x4B, 0x09, 0x74, 0x03, 0xB0, 0x90, 0x4B, 0x09,
  0x74, 0x03, 0xB0, 0x90, 0x4B, 0x09, 0x74, 0x03, 0xB0, 0x90, 0x4B, 0x09, 0x74, 0x03, 0xB0, 0x90,
  0x4B, 0x09, 0x74, 0x03, 0xB0, 0x90, 0x4B, 0x09, 0x74, 0x03, 0xB0, 0x90, 0x4B, 0x09, 0x74, 0x03,
  0xB0, 0x90, 0x4B, 0x09, 0x74, 0x03, 0xB0, 0x90, 0x4B, 0x09, 0x74, 0x03, 0xB0, 0x90, 0x4B, 0x09,
  0x74, 0x03, 0xB0, 0x90, 0x4B, 0x09, 0x74, 0x03, 0xB0, 0x90, 0x4B, 0x09, 0x74, 0x03, 0xB0, 0x90,
  0x4B, 0x09, 0x74, 0x03, 0xB0, 0x90,
  // "ŉ" (U+0149), RLE, 213 bytes saved (50.8%)
  0x20, 0x5C, 0x01, 0x77, 0x70, 0x7B, 0x0D, 0x77, 0x71, 0x0A, 0xB0, 0x97, 0x77, 0x10, 0xDB, 0x04,
  0x77, 0x71, 0xB0, 0xE7, 0x77, 0x10, 0x3B, 0x09, 0x77, 0x71, 0x07, 0xB0, 0x37, 0x77, 0x10, 0xAA,
  0x81, 0xC0, 0x4A, 0x0E, 0x48, 0x74, 0x9C, 0xEF, 0xEC, 0x82, 0x50, 0xDA, 0x81, 0x60, 0x4B, 0x82,
  0x10, 0x4D, 0xFA, 0x0A, 0x30, 0x1A, 0x82, 0xE1, 0x04, 0xB0, 0x30, 0x5F, 0xD0, 0xC2, 0x05, 0xA0,
  0x92, 0x04, 0xB0, 0xAB, 0x85, 0xA6, 0x43, 0x47, 0xDC, 0x08, 0x70, 0x4D, 0x0D, 0x02, 0x70, 0xAB,
  0x0E, 0x70, 0x4C, 0x0E, 0x02, 0x72, 0x0E, 0xB0, 0x36, 0x04, 0xC0, 0x87, 0x30, 0x8B, 0x07, 0x60,
  0x4C, 0x02, 0x73, 0x04, 0xB0, 0x86, 0x04, 0xB0, 0xE7, 0x40, 0x3B, 0x09, 0x60, 0x4B, 0x0B, 0x74,
  0x03, 0xB0, 0x96, 0x04, 0xB0, 0xA7, 0x40, 0x3B, 0x09, 0x60, 0x4B, 0x09, 0x74, 0x03, 0xB0, 0x96,
  0x04, 0xB0, 0x97, 0x40, 0x3B, 0x09, 0x60, 0x4B, 0x09, 0x74, 0x03, 0xB0, 0x96, 0x04, 0xB0, 0x97,
  0x40, 0x3B, 0x09, 0x60, 0x4B, 0x09, 0x74, 0x03, 0xB0, 0x96, 0x04, 0xB0, 0x97, 0x40, 0x3B, 0x09,
  0x60, 0x4B, 0x09, 0x74, 0x03, 0xB0, 0x96, 0x04, 0xB0, 0x97, 0x40, 0x3B, 0x09, 0x60, 0x4B, 0x09,
  0x74, 0x03, 0xB0, 0x96, 0x04, 0xB0, 0x97, 0x40, 0x3B, 0x09, 0x60, 0x4B, 0x09, 0x74, 0x03, 0xB0,
  0x96, 0x04, 0xB0, 0x97, 0x40, 0x3B, 0x09, 0x60, 0x4B, 0x09, 0x74, 0x03, 0xB0, 0x90,
  // "Ŋ" (U+014A), RLE, 227 bytes saved (43.7%)
  0x0B, 0xC0, 0x37, 0x71, 0x08, 0xB0, 0x20, 0xBC, 0x0C, 0x77, 0x10, 0x8B, 0x02, 0x0B, 0xD0, 0x87,
  0x70, 0x8B, 0x02, 0x0B, 0xE0, 0x37, 0x60, 0x8B, 0x02, 0x0B, 0xE0, 0xD7, 0x60, 0x8B, 0x02, 0x0B,
  0xA0, 0x90, 0xCB, 0x08, 0x75, 0x08, 0xB0, 0x20, 0xBA, 0x0A, 0x02, 0xC0, 0x37, 0x40, 0x8B, 0x02,
  0x0B, 0xA8, 0x1B, 0x07, 0xB0, 0xD7, 0x40, 0x8B, 0x02, 0x0B, 0xA0, 0xB2, 0x0C, 0xB0, 0x97, 0x30,
  0x8B, 0x02, 0x0B, 0xA0, 0xC2, 0x02, 0xC0, 0x47, 0x20, 0x8B, 0x02, 0x0B, 0xA0, 0xD3, 0x07, 0xB0,
  0xD7, 0x20, 0x8B, 0x02, 0x0B, 0xA0, 0xD4, 0x0B, 0xB0, 0x97, 0x10, 0x8B, 0x02, 0x0B, 0xA0, 0xD4,
  0x02, 0x0E, 0xB0, 0x47, 0x08, 0xB0, 0x20, 0xBA, 0x0E, 0x50, 0x6B, 0x0D, 0x70, 0x8B, 0x02, 0x0B,
  0xA0, 0xE6, 0x0B, 0xB0, 0x96, 0x08, 0xB0, 0x20, 0xBA, 0x0E, 0x60, 0x10, 0xEB, 0x04, 0x50, 0x8B,
  0x02, 0x0B, 0xA0, 0xE7, 0x05, 0xB0, 0xE0, 0x14, 0x08, 0xB0, 0x20, 0xBA, 0x0E, 0x71, 0x0A, 0xB0,
  0xA4, 0x07, 0xB0, 0x20, 0xBA, 0x0E, 0x71, 0x01, 0x0E, 0xB0, 0x53, 0x07, 0xB0, 0x20, 0xBA, 0x0E,
  0x72, 0x05, 0xB0, 0xE0, 0x12, 0x07, 0xB0, 0x20, 0xBA, 0x0E, 0x73, 0x0A, 0xB0, 0xA2, 0x06, 0xB0,
  0x20, 0xBA, 0x0E, 0x73, 0x01, 0x0E, 0xB8, 0x15, 0x06, 0xB0, 0x20, 0xBA, 0x0E, 0x74, 0x04, 0xB8,
  0x1E, 0x15, 0xB0, 0x20, 0xBA, 0x0E, 0x75, 0x09, 0xB0, 0xA0, 0x4B, 0x02, 0x0B, 0xA0, 0xE7, 0x60,
  0xDB, 0x09, 0xB0, 0x20, 0xBA, 0x0E, 0x76, 0x04, 0xF0, 0x20, 0xBA, 0x0E, 0x77, 0x09, 0xE0, 0x20,
  0xBA, 0x0E, 0x77, 0x10, 0xDD, 0x02, 0x0B, 0xA0, 0xE7, 0x71, 0x03, 0xD0, 0x20, 0xBA, 0x0E, 0x77,
  0x20, 0x8C, 0x02, 0x0B, 0xA0, 0xE7, 0x73, 0x0D, 0xB0, 0x27, 0x77, 0x09, 0xB0, 0x17, 0x77, 0x0A,
  0xB7, 0x77, 0x10, 0xEA, 0x0D, 0x77, 0x70, 0x9B, 0x08, 0x77, 0x81, 0x23, 0x12, 0x03, 0x0A, 0xC0,
  0x27, 0x70, 0x6F, 0xA0, 0x77, 0x71, 0x06, 0xF9, 0x07, 0x77, 0x20, 0x50, 0xEC, 0x81, 0xD9, 0x27,
  0x75, 0x82, 0x23, 0x21, 0x70,
  // "ŋ" (U+014B), RLE, 167 bytes saved (45.4%)
  0x04, 0xA0, 0xE4, 0x87, 0x5A, 0xDE, 0xFE, 0xB8, 0x24, 0x04, 0xB8, 0x21, 0x04, 0xDF, 0xA0, 0xA3,
  0x04, 0xB0, 0x40, 0x5F, 0xD0, 0xC2, 0x04, 0xB0, 0xAB, 0x85, 0xA6, 0x43, 0x47, 0xDC, 0x81, 0x80,
  0x4D, 0x0D, 0x03, 0x70, 0xAB, 0x81, 0xE0, 0x4C, 0x0E, 0x02, 0x72, 0x0E, 0xB0, 0x04, 0xC0, 0x87,
  0x30, 0x8B, 0x07, 0x04, 0xC0, 0x27, 0x30, 0x4B, 0x09, 0x04, 0xB0, 0xE7, 0x40, 0x3B, 0x0A, 0x04,
  0xB0, 0xB7, 0x40, 0x3B, 0x0A, 0x04, 0xB0, 0xA7, 0x40, 0x3B, 0x0A, 0x04, 0xB0, 0x97, 0x40, 0x3B,
  0x0A, 0x04, 0xB0, 0x97, 0x40, 0x3B, 0x0A, 0x04, 0xB0, 0x97, 0x40, 0x3B, 0x0A, 0x04, 0xB0, 0x97,
  0x40, 0x3B, 0x0A, 0x04, 0xB0, 0x97, 0x40, 0x3B, 0x0A, 0x04, 0xB0, 0x97, 0x40, 0x3B, 0x0A, 0x04,
  0xB0, 0x97, 0x40, 0x3B, 0x0A, 0x04, 0xB0, 0x97, 0x40, 0x3B, 0x0A, 0x04, 0xB0, 0x97, 0x40, 0x3B,
  0x0A, 0x04, 0xB0, 0x97, 0x40, 0x3B, 0x0A, 0x04, 0xB0, 0x97, 0x40, 0x3B, 0x0A, 0x04, 0xB0, 0x97,
  0x40, 0x3B, 0x0A, 0x04, 0xB0, 0x97, 0x40, 0x3B, 0x0A, 0x77, 0x20, 0x3B, 0x0A, 0x77, 0x20, 0x3B,
  0x0A, 0x77, 0x20, 0x3B, 0x0A, 0x77, 0x20, 0x3B, 0x0A, 0x77, 0x20, 0x3B, 0x09, 0x77, 0x20, 0x5B,
  0x08, 0x77, 0x20, 0xBB, 0x05, 0x74, 0x83, 0x65, 0x35, 0xBB, 0x0E, 0x01, 0x74, 0x0C, 0xF0, 0x87,
  0x50, 0xCE, 0x0A, 0x76, 0x85, 0x7C, 0xEF, 0xEB, 0x53,
  // "Ō" (U+014C), RLE, 336 bytes saved (57.4%)
  0x72, 0x80, 0x90, 0x30, 0x27, 0x72, 0x03, 0xFD, 0x0C, 0x77, 0x20, 0x3F, 0xD0, 0xC7, 0x72, 0x03,
  0xFD, 0x0C, 0x80, 0xA8, 0x50, 0x89, 0x21, 0x69, 0xCE, 0xEF, 0xED, 0xA8, 0x37, 0x72, 0x04, 0x0B,
  0xFD, 0x0D, 0x06, 0x75, 0x01, 0x0A, 0xFF, 0xA0, 0xC0, 0x27, 0x20, 0x10, 0xDD, 0x87, 0xC7, 0x54,
  0x35, 0x69, 0xEC, 0x0E, 0x04, 0x71, 0x0D, 0xC0, 0xA0, 0x27, 0x20, 0x60, 0xEC, 0x03, 0x60, 0xAC,
  0x05, 0x75, 0x01, 0x0D, 0xB0, 0xD0, 0x14, 0x04, 0xC0, 0x67, 0x70, 0x10, 0xDB, 0x08, 0x40, 0xCB,
  0x0B, 0x77, 0x20, 0x5C, 0x01, 0x20, 0x2C, 0x03, 0x77, 0x30, 0xCB, 0x07, 0x20, 0x7B, 0x0C, 0x77,
  0x40, 0x6B, 0x0D, 0x20, 0xBB, 0x07, 0x77, 0x40, 0x1C, 0x01, 0x1C, 0x04, 0x77, 0x50, 0xDB, 0x05,
  0x01, 0xC0, 0x17, 0x75, 0x0B, 0xB0, 0x70, 0x3C, 0x77, 0x60, 0x9B, 0x09, 0x04, 0xB0, 0xE7, 0x76,
  0x08, 0xB0, 0x90, 0x4B, 0x0D, 0x77, 0x60, 0x8B, 0x0A, 0x04, 0xB0, 0xE7, 0x76, 0x08, 0xB0, 0x90,
  0x3C, 0x77, 0x60, 0x9B, 0x09, 0x01, 0xC0, 0x17, 0x75, 0x0B, 0xB8, 0x17, 0x0E, 0xB0, 0x47, 0x75,
  0x0E, 0xB8, 0x15, 0x0B, 0xB0, 0x77, 0x74, 0x01, 0xC8, 0x11, 0x07, 0xB0, 0xC7, 0x74, 0x07, 0xB0,
  0xD2, 0x02, 0xC0, 0x37, 0x73, 0x0C, 0xB0, 0x73, 0x0B, 0xB0, 0xB7, 0x72, 0x05, 0xC0, 0x13, 0x04,
  0xC0, 0x67, 0x70, 0x10, 0xEB, 0x08, 0x50, 0xAC, 0x05, 0x75, 0x01, 0x0D, 0xB0, 0xD7, 0x0D, 0xC0,
  0xA0, 0x17, 0x20, 0x60, 0xEB, 0x0E, 0x03, 0x70, 0x10, 0xDD, 0x87, 0xC7, 0x54, 0x35, 0x6A, 0xEC,
  0x0E, 0x03, 0x72, 0x01, 0x0A, 0xFF, 0xA0, 0xC0, 0x27, 0x50, 0x40, 0xBF, 0xD0, 0xD0, 0x67, 0x72,
  0x83, 0x26, 0xAC, 0xEA, 0x83, 0xED, 0xA7, 0x37, 0x20,
  // "ō" (U+014D), RLE, 186 bytes saved (52.1%)
  0x58, 0x09, 0x03, 0x02, 0x72, 0x03, 0xFD, 0x0C, 0x72, 0x03, 0xFD, 0x0C, 0x72, 0x03, 0xFD, 0x0C,
  0x80, 0x99, 0x40, 0x89, 0x01, 0x6A, 0xDE, 0xFE, 0xC9, 0x47, 0x50, 0x80, 0xEF, 0xA0, 0xD0, 0x47,
  0x10, 0x10, 0xCF, 0xE0, 0x86, 0x01, 0x0D, 0xC8, 0x5B, 0x64, 0x35, 0x8D, 0xC0, 0x75, 0x0A, 0xB0,
  0xD0, 0x37, 0x07, 0xC0, 0x43, 0x03, 0xB0, 0xE0, 0x27, 0x20, 0x8B, 0x0D, 0x30, 0xAB, 0x08, 0x74,
  0x0D, 0xB0, 0x42, 0xC0, 0x17, 0x40, 0x7B, 0x81, 0x90, 0x3B, 0x0C, 0x75, 0x02, 0xB8, 0x1E, 0x06,
  0xB0, 0x97, 0x60, 0xEB, 0x01, 0x07, 0xB0, 0x77, 0x60, 0xDB, 0x02, 0x08, 0xB0, 0x67, 0x60, 0xCB,
  0x03, 0x08, 0xB0, 0x77, 0x60, 0xCB, 0x03, 0x07, 0xB0, 0x77, 0x60, 0xDB, 0x02, 0x06, 0xB0, 0x97,
  0x6C, 0x01, 0x03, 0xB0, 0xC7, 0x50, 0x2B, 0x0D, 0x20, 0xEB, 0x02, 0x74, 0x07, 0xB0, 0x92, 0x09,
  0xB0, 0x87, 0x40, 0xDB, 0x04, 0x20, 0x2C, 0x03, 0x72, 0x08, 0xB0, 0xD4, 0x08, 0xB0, 0xE0, 0x37,
  0x08, 0xC0, 0x45, 0x0C, 0xC8, 0x5B, 0x64, 0x35, 0x8D, 0xC0, 0x87, 0x0B, 0xFE, 0x07, 0x72, 0x07,
  0x0E, 0xFA, 0x0C, 0x04, 0x75, 0x87, 0x6A, 0xDE, 0xFD, 0xC8, 0x47,
  // "Ŏ" (U+014E), RLE, 342 bytes saved (55.6%)
  0x71, 0x02, 0xA0, 0x37, 0x01, 0xA0, 0x57, 0x72, 0x81, 0xEF, 0x97, 0x08, 0xA0, 0x27, 0x72, 0x0A,
  0xA8, 0x5B, 0x64, 0x34, 0x6B, 0xA0, 0xB7, 0x73, 0x02, 0x0E, 0xFA, 0x0E, 0x03, 0x77, 0x40, 0x40,
  0xEF, 0x0E, 0x04, 0x77, 0x68, 0x71, 0x8C, 0xEF, 0xEC, 0x71, 0x80, 0xA8, 0x70, 0x89, 0x21, 0x69,
  0xCE, 0xEF, 0xED, 0xA8, 0x37, 0x72, 0x04, 0x0B, 0xFD, 0x0D, 0x06, 0x75, 0x01, 0x0A, 0xFF, 0xA0,
  0xC0, 0x27, 0x20, 0x10, 0xDD, 0x87, 0xC7, 0x54, 0x35, 0x69, 0xEC, 0x0E, 0x04, 0x71, 0x0D, 0xC0,
  0xA0, 0x27, 0x20, 0x60, 0xEC, 0x03, 0x60, 0xAC, 0x05, 0x75, 0x01, 0x0D, 0xB0, 0xD0, 0x14, 0x04,
  0xC0, 0x67, 0x70, 0x10, 0xDB, 0x08, 0x40, 0xCB, 0x0B, 0x77, 0x20, 0x5C, 0x01, 0x20, 0x2C, 0x03,
  0x77, 0x30, 0xCB, 0x07, 0x20, 0x7B, 0x0C, 0x77, 0x40, 0x6B, 0x0D, 0x20, 0xBB, 0x07, 0x77, 0x40,
  0x1C, 0x01, 0x1C, 0x04, 0x77, 0x50, 0xDB, 0x05, 0x01, 0xC0, 0x17, 0x75, 0x0B, 0xB0, 0x70, 0x3C,
  0x77, 0x60, 0x9B, 0x09, 0x04, 0xB0, 0xE7, 0x76, 0x08, 0xB0, 0x90, 0x4B, 0x0D, 0x77, 0x60, 0x8B,
  0x0A, 0x04, 0xB0, 0xE7, 0x76, 0x08, 0xB0, 0x90, 0x3C, 0x77, 0x60, 0x9B, 0x09, 0x01, 0xC0, 0x17,
  0x75, 0x0B, 0xB8, 0x17, 0x0E, 0xB0, 0x47, 0x75, 0x0E, 0xB8, 0x15, 0x0B, 0xB0, 0x77, 0x74, 0x01,
  0xC8, 0x11, 0x07, 0xB0, 0xC7, 0x74, 0x07, 0xB0, 0xD2, 0x02, 0xC0, 0x37, 0x73, 0x0C, 0xB0, 0x73,
  0x0B, 0xB0, 0xB7, 0x72, 0x05, 0xC0, 0x13, 0x04, 0xC0, 0x67, 0x70, 0x10, 0xEB, 0x08, 0x50, 0xAC,
  0x05, 0x75, 0x01, 0x0D, 0xB0, 0xD7, 0x0D, 0xC0, 0xA0, 0x17, 0x20, 0x60, 0xEB, 0x0E, 0x03, 0x70,
  0x10, 0xDD, 0x87, 0xC7, 0x54, 0x35, 0x6A, 0xEC, 0x0E, 0x03, 0x72, 0x01, 0x0A, 0xFF, 0xA0, 0xC0,
  0x27, 0x50, 0x40, 0xBF, 0xD0, 0xD0, 0x67, 0x72, 0x83, 0x26, 0xAC, 0xEA, 0x83, 0xED, 0xA7, 0x37,
  0x20,
  // "ŏ" (U+014F), RLE, 186 bytes saved (48.9%)
  0x40, 0x2A, 0x03, 0x70, 0x1A, 0x05, 0x72, 0x81, 0xEF, 0x97, 0x08, 0xA0, 0x27, 0x20, 0xAA, 0x85,
  0xB6, 0x43, 0x46, 0xBA, 0x0B, 0x73, 0x02, 0x0E, 0xFA, 0x0E, 0x03, 0x74, 0x04, 0x0E, 0xF0, 0xE0,
  0x47, 0x68, 0x71, 0x8C, 0xEF, 0xEC, 0x71, 0x80, 0x99, 0x60, 0x89, 0x01, 0x6A, 0xDE, 0xFE, 0xC9,
  0x47, 0x50, 0x80, 0xEF, 0xA0, 0xD0, 0x47, 0x10, 0x10, 0xCF, 0xE0, 0x86, 0x01, 0x0D, 0xC8, 0x5B,
  0x64, 0x35, 0x8D, 0xC0, 0x75, 0x0A, 0xB0, 0xD0, 0x37, 0x07, 0xC0, 0x43, 0x03, 0xB0, 0xE0, 0x27,
  0x20, 0x8B, 0x0D, 0x30, 0xAB, 0x08, 0x74, 0x0D, 0xB0, 0x42, 0xC0, 0x17, 0x40, 0x7B, 0x81, 0x90,
  0x3B, 0x0C, 0x75, 0x02, 0xB8, 0x1E, 0x06, 0xB0, 0x97, 0x60, 0xEB, 0x01, 0x07, 0xB0, 0x77, 0x60,
  0xDB, 0x02, 0x08, 0xB0, 0x67, 0x60, 0xCB, 0x03, 0x08, 0xB0, 0x77, 0x60, 0xCB, 0x03, 0x07, 0xB0,
  0x77, 0x60, 0xDB, 0x02, 0x06, 0xB0, 0x97, 0x6C, 0x01, 0x03, 0xB0, 0xC7, 0x50, 0x2B, 0x0D, 0x20,
  0xEB, 0x02, 0x74, 0x07, 0xB0, 0x92, 0x09, 0xB0, 0x87, 0x40, 0xDB, 0x04, 0x20, 0x2C, 0x03, 0x72,
  0x08, 0xB0, 0xD4, 0x08, 0xB0, 0xE0, 0x37, 0x08, 0xC0, 0x45, 0x0C, 0xC8, 0x5B, 0x64, 0x35, 0x8D,
  0xC0, 0x87, 0x0B, 0xFE, 0x07, 0x72, 0x07, 0x0E, 0xFA, 0x0C, 0x04, 0x75, 0x87, 0x6A, 0xDE, 0xFD,
  0xC8, 0x47,
  // "Ő" (U+0150), RLE, 347 bytes saved (55.1%)
  0x76, 0x0A, 0xB0, 0xB3, 0x0D, 0xB0, 0x77, 0x72, 0x02, 0xB0, 0xE0, 0x22, 0x07, 0xB0, 0xC7, 0x73,
  0x0B, 0xB0, 0x52, 0x01, 0x0E, 0xA0, 0xE0, 0x27, 0x72, 0x04, 0xB0, 0x73, 0x09, 0xB0, 0x37, 0x73,
  0x0D, 0xA0, 0x93, 0x02, 0xB0, 0x57, 0x73, 0x08, 0xA0, 0x94, 0x0C, 0xA0, 0x67, 0x73, 0x02, 0xA0,
  0x84, 0x82, 0x6F, 0xE5, 0x80, 0xA8, 0x60, 0x89, 0x21, 0x69, 0xCE, 0xEF, 0xED, 0xA8, 0x37, 0x72,
  0x04, 0x0B, 0xFD, 0x0D, 0x06, 0x75, 0x01, 0x0A, 0xFF, 0xA0, 0xC0, 0x27, 0x20, 0x10, 0xDD, 0x87,
  0xC7, 0x54, 0x35, 0x69, 0xEC, 0x0E, 0x04, 0x71, 0x0D, 0xC0, 0xA0, 0x27, 0x20, 0x60, 0xEC, 0x03,
  0x60, 0xAC, 0x05, 0x75, 0x01, 0x0D, 0xB0, 0xD0, 0x14, 0x04, 0xC0, 0x67, 0x70, 0x10, 0xDB, 0x08,
  0x40, 0xCB, 0x0B, 0x77, 0x20, 0x5C, 0x01, 0x20, 0x2C, 0x03, 0x77, 0x30, 0xCB, 0x07, 0x20, 0x7B,
  0x0C, 0x77, 0x40, 0x6B, 0x0D, 0x20, 0xBB, 0x07, 0x77, 0x40, 0x1C, 0x01, 0x1C, 0x04, 0x77, 0x50,
  0xDB, 0x05, 0x01, 0xC0, 0x17, 0x75, 0x0B, 0xB0, 0x70, 0x3C, 0x77, 0x60, 0x9B, 0x09, 0x04, 0xB0,
  0xE7, 0x76, 0x08, 0xB0, 0x90, 0x4B, 0x0D, 0x77, 0x60, 0x8B, 0x0A, 0x04, 0xB0, 0xE7, 0x76, 0x08,
  0xB0, 0x90, 0x3C, 0x77, 0x60, 0x9B, 0x09, 0x01, 0xC0, 0x17, 0x75, 0x0B, 0xB8, 0x17, 0x0E, 0xB0,
  0x47, 0x75, 0x0E, 0xB8, 0x15, 0x0B, 0xB0, 0x77, 0x74, 0x01, 0xC8, 0x11, 0x07, 0xB0, 0xC7, 0x74,
  0x07, 0xB0, 0xD2, 0x02, 0xC0, 0x37, 0x73, 0x0C, 0xB0, 0x73, 0x0B, 0xB0, 0xB7, 0x72, 0x05, 0xC0,
  0x13, 0x04, 0xC0, 0x67, 0x70, 0x10, 0xEB, 0x08, 0x50, 0xAC, 0x05, 0x75, 0x01, 0x0D, 0xB0, 0xD7,
  0x0D, 0xC0, 0xA0, 0x17, 0x20, 0x60, 0xEB, 0x0E, 0x03, 0x70, 0x10, 0xDD, 0x87, 0xC7, 0x54, 0x35,
  0x6A, 0xEC, 0x0E, 0x03, 0x72, 0x01, 0x0A, 0xFF, 0xA0, 0xC0, 0x27, 0x50, 0x40, 0xBF, 0xD0, 0xD0,
  0x67, 0x72, 0x83, 0x26, 0xAC, 0xEA, 0x83, 0xED, 0xA7, 0x37, 0x20,
  // "ő" (U+0151), RLE, 187 bytes saved (47.8%)
  0x72, 0x0A, 0xB0, 0xB3, 0x0D, 0xB0, 0x77, 0x20, 0x2B, 0x0E, 0x02, 0x20, 0x7B, 0x0C, 0x73, 0x0B,
  0xB0, 0x52, 0x01, 0x0E, 0xA0, 0xE0, 0x27, 0x20, 0x4B, 0x07, 0x30, 0x9B, 0x03, 0x73, 0x0D, 0xA0,
  0x93, 0x02, 0xB0, 0x57, 0x30, 0x8A, 0x09, 0x40, 0xCA, 0x06, 0x73, 0x02, 0xA0, 0x84, 0x82, 0x6F,
  0xE5, 0x80, 0x99, 0x50, 0x89, 0x01, 0x6A, 0xDE, 0xFE, 0xC9, 0x47, 0x50, 0x80, 0xEF, 0xA0, 0xD0,
  0x47, 0x10, 0x10, 0xCF, 0xE0, 0x86, 0x01, 0x0D, 0xC8, 0x5B, 0x64, 0x35, 0x8D, 0xC0, 0x75, 0x0A,
  0xB0, 0xD0, 0x37, 0x07, 0xC0, 0x43, 0x03, 0xB0, 0xE0, 0x27, 0x20, 0x8B, 0x0D, 0x30, 0xAB, 0x08,
  0x74, 0x0D, 0xB0, 0x42, 0xC0, 0x17, 0x40, 0x7B, 0x81, 0x90, 0x3B, 0x0C, 0x75, 0x02, 0xB8, 0x1E,
  0x06, 0xB0, 0x97, 0x60, 0xEB, 0x01, 0x07, 0xB0, 0x77, 0x60, 0xDB, 0x02, 0x08, 0xB0, 0x67, 0x60,
  0xCB, 0x03, 0x08, 0xB0, 0x77, 0x60, 0xCB, 0x03, 0x07, 0xB0, 0x77, 0x60, 0xDB, 0x02, 0x06, 0xB0,
  0x97, 0x6C, 0x01, 0x03, 0xB0, 0xC7, 0x50, 0x2B, 0x0D, 0x20, 0xEB, 0x02, 0x74, 0x07, 0xB0, 0x92,
  0x09, 0xB0, 0x87, 0x40, 0xDB, 0x04, 0x20, 0x2C, 0x03, 0x72, 0x08, 0xB0, 0xD4, 0x08, 0xB0, 0xE0,
  0x37, 0x08, 0xC0, 0x45, 0x0C, 0xC8, 0x5B, 0x64, 0x35, 0x8D, 0xC0, 0x87, 0x0B, 0xFE, 0x07, 0x72,
  0x07, 0x0E, 0xFA, 0x0C, 0x04, 0x75, 0x87, 0x6A, 0xDE, 0xFD, 0xC8, 0x47,
  // "Œ" (U+0152), RLE, 342 bytes saved (59.6%)
  0x72, 0x83, 0x27, 0xAD, 0xEF, 0xFF, 0x90, 0x27, 0x05, 0x0C, 0xFF, 0xFE, 0x02, 0x50, 0x10, 0xBF,
  0xFF, 0xF9, 0x02, 0x40, 0x20, 0xDD, 0x87, 0xC7, 0x54, 0x33, 0x45, 0xAB, 0x0A, 0x80, 0x90, 0x34,
  0x01, 0x0D, 0xC0, 0xA0, 0x27, 0x10, 0x5B, 0x08, 0x77, 0x20, 0xBC, 0x05, 0x73, 0x05, 0xB0, 0x87,
  0x71, 0x05, 0xC0, 0x57, 0x40, 0x5B, 0x08, 0x77, 0x10, 0xCB, 0x0B, 0x75, 0x05, 0xB0, 0x87, 0x70,
  0x3C, 0x02, 0x75, 0x05, 0xB0, 0x87, 0x70, 0x8B, 0x0B, 0x76, 0x05, 0xB0, 0x87, 0x70, 0xCB, 0x06,
  0x76, 0x05, 0xB0, 0x87, 0x7C, 0x03, 0x76, 0x05, 0xB0, 0x87, 0x60, 0x1C, 0x77, 0x05, 0xB0, 0xA8,
  0x07, 0x38, 0x11, 0x03, 0xB0, 0xE7, 0x70, 0x5F, 0xF9, 0x81, 0x50, 0x4B, 0x0D, 0x77, 0x05, 0xFF,
  0x98, 0x15, 0x04, 0xB0, 0xC7, 0x70, 0x5F, 0xF9, 0x81, 0x50, 0x4B, 0x0D, 0x77, 0x05, 0xB0, 0x87,
  0x60, 0x3B, 0x0E, 0x77, 0x05, 0xB0, 0x87, 0x60, 0x1C, 0x77, 0x05, 0xB0, 0x87, 0x70, 0xEB, 0x03,
  0x76, 0x05, 0xB0, 0x87, 0x70, 0xBB, 0x06, 0x76, 0x05, 0xB0, 0x87, 0x70, 0x7B, 0x0C, 0x76, 0x05,
  0xB0, 0x87, 0x70, 0x2C, 0x02, 0x75, 0x05, 0xB0, 0x87, 0x71, 0x0B, 0xB0, 0xB7, 0x50, 0x5B, 0x08,
  0x77, 0x10, 0x4C, 0x06, 0x74, 0x05, 0xB0, 0x87, 0x72, 0x0A, 0xC0, 0x67, 0x30, 0x5B, 0x08, 0x77,
  0x30, 0xDC, 0x0A, 0x02, 0x71, 0x05, 0xB0, 0x87, 0x73, 0x01, 0x0D, 0xD8, 0x7C, 0x75, 0x43, 0x34,
  0x5A, 0xB0, 0xA8, 0x09, 0x03, 0x60, 0x10, 0xAF, 0xFF, 0xF9, 0x02, 0x70, 0x40, 0xBF, 0xFF, 0xE0,
  0x27, 0x28, 0x32, 0x6A, 0xCE, 0xFF, 0xF9, 0x02,
  // "œ" (U+0153), RLE, 213 bytes saved (46.7%)
  0x68, 0x90, 0x26, 0xBD, 0xEF, 0xEB, 0x71, 0x78, 0x71, 0x6B, 0xEF, 0xED, 0xA5, 0x73, 0x01, 0x09,
  0xFB, 0x08, 0x50, 0x60, 0xEF, 0x90, 0xD0, 0x57, 0x02, 0x0D, 0xFD, 0x0C, 0x01, 0x20, 0x9F, 0xD0,
  0x75, 0x01, 0x0E, 0xB8, 0x6E, 0x95, 0x44, 0x59, 0xEB, 0x81, 0xC0, 0x8B, 0x85, 0xE8, 0x53, 0x46,
  0xBC, 0x05, 0x40, 0xBB, 0x0B, 0x01, 0x60, 0x10, 0xCB, 0x0A, 0xB0, 0xB0, 0x16, 0x06, 0xB0, 0xE0,
  0x12, 0x04, 0xB0, 0xD7, 0x20, 0x10, 0xDD, 0x0D, 0x72, 0x09, 0xB0, 0x72, 0x0B, 0xB0, 0x57, 0x30,
  0x5D, 0x05, 0x72, 0x02, 0xB0, 0xD2, 0xB0, 0xE7, 0x50, 0xEC, 0x74, 0x0D, 0xB0, 0x10, 0x4B, 0x0B,
  0x75, 0x0A, 0xB0, 0xD7, 0x40, 0xCB, 0x03, 0x07, 0xB0, 0x97, 0x50, 0x8F, 0xFD, 0x04, 0x08, 0xB0,
  0x77, 0x50, 0x6F, 0xFD, 0x05, 0x09, 0xB0, 0x67, 0x50, 0x5F, 0xFD, 0x05, 0x09, 0xB0, 0x67, 0x50,
  0x5B, 0x0B, 0x80, 0x93, 0x30, 0x10, 0x8B, 0x07, 0x75, 0x06, 0xB0, 0xB7, 0x72, 0x06, 0xB0, 0x97,
  0x50, 0x7B, 0x0D, 0x77, 0x20, 0x4B, 0x0C, 0x75, 0x0A, 0xC0, 0x17, 0x72, 0xC0, 0x17, 0x40, 0xEC,
  0x05, 0x77, 0x20, 0xAB, 0x06, 0x73, 0x04, 0xD0, 0xC7, 0x72, 0x03, 0xB0, 0xE0, 0x17, 0x20, 0xDE,
  0x06, 0x77, 0x20, 0x9B, 0x0C, 0x02, 0x60, 0x10, 0xBB, 0x09, 0x0E, 0xB0, 0x77, 0x28, 0x12, 0x83,
  0x40, 0xDC, 0x85, 0xA5, 0x43, 0x59, 0xEB, 0x81, 0xC0, 0x4C, 0x87, 0xD8, 0x53, 0x34, 0x69, 0xDA,
  0x04, 0x40, 0x10, 0xCF, 0xD0, 0xC0, 0x12, 0x05, 0xFF, 0x04, 0x60, 0x8F, 0xB0, 0x85, 0x02, 0x0C,
  0xFC, 0x0C, 0x02, 0x78, 0x21, 0x7B, 0xDA, 0x82, 0xEB, 0x71, 0x71, 0x82, 0x38, 0xCE, 0xA8, 0x3E,
  0xCA, 0x72, 0x30,
  // "Ŕ" (U+0154), RLE, 245 bytes saved (50.7%)
  0x73, 0x05, 0xC0, 0x77, 0x73, 0x0D, 0xB0, 0xC7, 0x73, 0x07, 0xB0, 0xD0, 0x17, 0x72, 0x02, 0xB0,
  0xD0, 0x27, 0x73, 0x0C, 0xA0, 0xE0, 0x27, 0x73, 0x07, 0xA0, 0xD0, 0x27, 0x73, 0x02, 0xA0, 0xC0,
  0x18, 0x09, 0xC4, 0x00, 0xBF, 0xA8, 0x3E, 0xDB, 0x84, 0x71, 0x0B, 0xFF, 0x0E, 0x07, 0x60, 0xBF,
  0xFA, 0x0C, 0x01, 0x40, 0xBB, 0x06, 0x80, 0x13, 0x82, 0x47, 0xAE, 0xC0, 0xC4, 0x0B, 0xB0, 0x37,
  0x10, 0x10, 0x9C, 0x06, 0x30, 0xBB, 0x03, 0x73, 0x09, 0xB0, 0xD3, 0x0B, 0xB0, 0x37, 0x30, 0x1C,
  0x02, 0x20, 0xBB, 0x03, 0x74, 0x0D, 0xB0, 0x42, 0x0B, 0xB0, 0x37, 0x40, 0xBB, 0x05, 0x20, 0xBB,
  0x03, 0x74, 0x0C, 0xB0, 0x42, 0x0B, 0xB0, 0x37, 0x40, 0xEB, 0x03, 0x20, 0xBB, 0x03, 0x73, 0x03,
  0xB0, 0xE3, 0x0B, 0xB0, 0x37, 0x30, 0xCB, 0x08, 0x30, 0xBB, 0x03, 0x71, 0x01, 0x0B, 0xB0, 0xD0,
  0x13, 0x0B, 0xB0, 0x68, 0x01, 0x38, 0x14, 0x7A, 0xC0, 0xE0, 0x34, 0x0B, 0xFF, 0x90, 0xB0, 0x25,
  0x0B, 0xFE, 0x0C, 0x05, 0x70, 0xBF, 0xE0, 0x67, 0x10, 0xBB, 0x03, 0x50, 0x3B, 0x0E, 0x01, 0x70,
  0xBB, 0x03, 0x60, 0xAB, 0x09, 0x70, 0xBB, 0x03, 0x60, 0x10, 0xEB, 0x03, 0x60, 0xBB, 0x03, 0x70,
  0x7B, 0x0D, 0x60, 0xBB, 0x03, 0x71, 0x0D, 0xB0, 0x75, 0x0B, 0xB0, 0x37, 0x10, 0x4B, 0x0E, 0x02,
  0x40, 0xBB, 0x03, 0x72, 0x0B, 0xB0, 0xB4, 0x0B, 0xB0, 0x37, 0x20, 0x2C, 0x05, 0x30, 0xBB, 0x03,
  0x73, 0x08, 0xB0, 0xD3, 0x0B, 0xB0, 0x37, 0x40, 0xEB, 0x08, 0x20, 0xBB, 0x03, 0x74, 0x05, 0xC8,
  0x12, 0x0B, 0xB0, 0x37, 0x50, 0xCB, 0x81, 0xC0, 0xBB, 0x03, 0x75, 0x03, 0xC0, 0x60,
  // "ŕ" (U+0155), RLE, 127 bytes saved (49.8%)
  0x71, 0x05, 0xC0, 0x77, 0x20, 0xDB, 0x0C, 0x72, 0x07, 0xB0, 0xD0, 0x17, 0x10, 0x2B, 0x0D, 0x02,
  0x72, 0x0C, 0xA0, 0xE0, 0x27, 0x20, 0x7A, 0x0D, 0x02, 0x72, 0x02, 0xA0, 0xC0, 0x18, 0x0D, 0x70,
  0x04, 0xA0, 0xE4, 0x81, 0x39, 0xDB, 0x07, 0x04, 0xB3, 0x09, 0xE0, 0x50, 0x4B, 0x81, 0x20, 0xAF,
  0x03, 0x04, 0xB0, 0x30, 0x8A, 0x86, 0xE9, 0x53, 0x59, 0x14, 0xB0, 0x9A, 0x0A, 0x01, 0x60, 0x4D,
  0x09, 0x71, 0x04, 0xC0, 0xD7, 0x20, 0x4C, 0x05, 0x72, 0x04, 0xC7, 0x30, 0x4B, 0x0C, 0x73, 0x04,
  0xB0, 0xA7, 0x30, 0x4B, 0x09, 0x73, 0x04, 0xB0, 0x97, 0x30, 0x4B, 0x09, 0x73, 0x04, 0xB0, 0x97,
  0x30, 0x4B, 0x09, 0x73, 0x04, 0xB0, 0x97, 0x30, 0x4B, 0x09, 0x73, 0x04, 0xB0, 0x97, 0x30, 0x4B,
  0x09, 0x73, 0x04, 0xB0, 0x97, 0x30, 0x4B, 0x09, 0x73, 0x04, 0xB0, 0x97, 0x30, 0x4B, 0x09, 0x73,
  // "Ŗ" (U+0156), RLE, 239 bytes saved (50.6%)
  0x0B, 0xFA, 0x83, 0xED, 0xB8, 0x47, 0x10, 0xBF, 0xF0, 0xE0, 0x76, 0x0B, 0xFF, 0xA0, 0xC0, 0x14,
  0x0B, 0xB0, 0x68, 0x01, 0x38, 0x24, 0x7A, 0xEC, 0x0C, 0x40, 0xBB, 0x03, 0x71, 0x01, 0x09, 0xC0,
  0x63, 0x0B, 0xB0, 0x37, 0x30, 0x9B, 0x0D, 0x30, 0xBB, 0x03, 0x73, 0x01, 0xC0, 0x22, 0x0B, 0xB0,
  0x37, 0x40, 0xDB, 0x04, 0x20, 0xBB, 0x03, 0x74, 0x0B, 0xB0, 0x52, 0x0B, 0xB0, 0x37, 0x40, 0xCB,
  0x04, 0x20, 0xBB, 0x03, 0x74, 0x0E, 0xB0, 0x32, 0x0B, 0xB0, 0x37, 0x30, 0x3B, 0x0E, 0x30, 0xBB,
  0x03, 0x73, 0x0C, 0xB0, 0x83, 0x0B, 0xB0, 0x37, 0x10, 0x10, 0xBB, 0x0D, 0x01, 0x30, 0xBB, 0x06,
  0x80, 0x13, 0x81, 0x47, 0xAC, 0x0E, 0x03, 0x40, 0xBF, 0xF9, 0x0B, 0x02, 0x50, 0xBF, 0xE0, 0xC0,
  0x57, 0x0B, 0xFE, 0x06, 0x71, 0x0B, 0xB0, 0x35, 0x03, 0xB0, 0xE0, 0x17, 0x0B, 0xB0, 0x36, 0x0A,
  0xB0, 0x97, 0x0B, 0xB0, 0x36, 0x01, 0x0E, 0xB0, 0x36, 0x0B, 0xB0, 0x37, 0x07, 0xB0, 0xD6, 0x0B,
  0xB0, 0x37, 0x10, 0xDB, 0x07, 0x50, 0xBB, 0x03, 0x71, 0x04, 0xB0, 0xE0, 0x24, 0x0B, 0xB0, 0x37,
  0x20, 0xBB, 0x0B, 0x40, 0xBB, 0x03, 0x72, 0x02, 0xC0, 0x53, 0x0B, 0xB0, 0x37, 0x30, 0x8B, 0x0D,
  0x30, 0xBB, 0x03, 0x74, 0x0E, 0xB0, 0x82, 0x0B, 0xB0, 0x37, 0x40, 0x5C, 0x81, 0x20, 0xBB, 0x03,
  0x75, 0x0C, 0xB8, 0x1C, 0x0B, 0xB0, 0x37, 0x50, 0x3C, 0x06, 0x80, 0x99, 0x20, 0x0A, 0xB0, 0x37,
  0x74, 0x0D, 0xA0, 0xD7, 0x74, 0x01, 0xB0, 0x77, 0x74, 0x05, 0xA0, 0xE7, 0x75, 0x09, 0xA0, 0x67,
  0x75, 0x81, 0xEF, 0xB7, 0x75, 0x82, 0x5F, 0xE2, 0x75,
  // "ŗ" (U+0157), RLE, 145 bytes saved (53.3%)
  0x10, 0x4A, 0x0E, 0x48, 0x13, 0x9D, 0xB8, 0x17, 0x04, 0xB3, 0x09, 0xE8, 0x15, 0x04, 0xB8, 0x12,
  0x0A, 0xF8, 0x13, 0x04, 0xB0, 0x30, 0x8A, 0x87, 0xE9, 0x53, 0x59, 0x10, 0x4B, 0x09, 0xA0, 0xA0,
  0x17, 0x04, 0xD0, 0x97, 0x20, 0x4C, 0x0D, 0x73, 0x04, 0xC0, 0x57, 0x30, 0x4C, 0x74, 0x04, 0xB0,
  0xC7, 0x40, 0x4B, 0x0A, 0x74, 0x04, 0xB0, 0x97, 0x40, 0x4B, 0x09, 0x74, 0x04, 0xB0, 0x97, 0x40,
  0x4B, 0x09, 0x74, 0x04, 0xB0, 0x97, 0x40, 0x4B, 0x09, 0x74, 0x04, 0xB0, 0x97, 0x40, 0x4B, 0x09,
  0x74, 0x04, 0xB0, 0x97, 0x40, 0x4B, 0x09, 0x74, 0x04, 0xB0, 0x97, 0x40, 0x4B, 0x09, 0x74, 0x04,
  0xB0, 0x98, 0x0F, 0x00, 0x08, 0xB0, 0x47, 0x40, 0xBA, 0x0E, 0x01, 0x74, 0x0E, 0xA0, 0x97, 0x40,
  0x3A, 0x0E, 0x01, 0x74, 0x08, 0xA0, 0x87, 0x58, 0x1D, 0xFD, 0x75, 0x03, 0xA0, 0x37, 0x50,
  // "Ř" (U+0158), RLE, 235 bytes saved (48.7%)
  0x10, 0x2A, 0x0D, 0x03, 0x60, 0x10, 0xBA, 0x08, 0x71, 0x06, 0xB0, 0x64, 0x03, 0x0D, 0xA0, 0xB7,
  0x30, 0x7B, 0x07, 0x20, 0x40, 0xEA, 0x0B, 0x75, 0x09, 0xB0, 0x80, 0x5B, 0x0C, 0x77, 0x0A, 0xE0,
  0xD0, 0x17, 0x71, 0x0C, 0xC0, 0xE0, 0x27, 0x72, 0x02, 0xC0, 0x68, 0x09, 0xC3, 0x00, 0xBF, 0xA8,
  0x3E, 0xDB, 0x84, 0x71, 0x0B, 0xFF, 0x0E, 0x07, 0x60, 0xBF, 0xFA, 0x0C, 0x01, 0x40, 0xBB, 0x06,
  0x80, 0x13, 0x82, 0x47, 0xAE, 0xC0, 0xC4, 0x0B, 0xB0, 0x37, 0x10, 0x10, 0x9C, 0x06, 0x30, 0xBB,
  0x03, 0x73, 0x09, 0xB0, 0xD3, 0x0B, 0xB0, 0x37, 0x30, 0x1C, 0x02, 0x20, 0xBB, 0x03, 0x74, 0x0D,
  0xB0, 0x42, 0x0B, 0xB0, 0x37, 0x40, 0xBB, 0x05, 0x20, 0xBB, 0x03, 0x74, 0x0C, 0xB0, 0x42, 0x0B,
  0xB0, 0x37, 0x40, 0xEB, 0x03, 0x20, 0xBB, 0x03, 0x73, 0x03, 0xB0, 0xE3, 0x0B, 0xB0, 0x37, 0x30,
  0xCB, 0x08, 0x30, 0xBB, 0x03, 0x71, 0x01, 0x0B, 0xB0, 0xD0, 0x13, 0x0B, 0xB0, 0x68, 0x01, 0x38,
  0x14, 0x7A, 0xC0, 0xE0, 0x34, 0x0B, 0xFF, 0x90, 0xB0, 0x25, 0x0B, 0xFE, 0x0C, 0x05, 0x70, 0xBF,
  0xE0, 0x67, 0x10, 0xBB, 0x03, 0x50, 0x3B, 0x0E, 0x01, 0x70, 0xBB, 0x03, 0x60, 0xAB, 0x09, 0x70,
  0xBB, 0x03, 0x60, 0x10, 0xEB, 0x03, 0x60, 0xBB, 0x03, 0x70, 0x7B, 0x0D, 0x60, 0xBB, 0x03, 0x71,
  0x0D, 0xB0, 0x75, 0x0B, 0xB0, 0x37, 0x10, 0x4B, 0x0E, 0x02, 0x40, 0xBB, 0x03, 0x72, 0x0B, 0xB0,
  0xB4, 0x0B, 0xB0, 0x37, 0x20, 0x2C, 0x05, 0x30, 0xBB, 0x03, 0x73, 0x08, 0xB0, 0xD3, 0x0B, 0xB0,
  0x37, 0x40, 0xEB, 0x08, 0x20, 0xBB, 0x03, 0x74, 0x05, 0xC8, 0x12, 0x0B, 0xB0, 0x37, 0x50, 0xCB,
  0x81, 0xC0, 0xBB, 0x03, 0x75, 0x03, 0xC0, 0x60,
  // "ř" (U+0159), RLE, 132 bytes saved (48.5%)
  0x02, 0xA0, 0xD0, 0x36, 0x01, 0x0B, 0xA8, 0x18, 0x06, 0xB0, 0x64, 0x03, 0x0D, 0xA0, 0xB3, 0x07,
  0xB0, 0x72, 0x04, 0x0E, 0xA0, 0xB5, 0x09, 0xB0, 0x80, 0x5B, 0x0C, 0x70, 0xAE, 0x0D, 0x01, 0x71,
  0x0C, 0xC0, 0xE0, 0x27, 0x20, 0x2C, 0x06, 0x80, 0xE2, 0x00, 0x4A, 0x0E, 0x48, 0x13, 0x9D, 0xB8,
  0x17, 0x04, 0xB3, 0x09, 0xE8, 0x15, 0x04, 0xB8, 0x12, 0x0A, 0xF8, 0x13, 0x04, 0xB0, 0x30, 0x8A,
  0x87, 0xE9, 0x53, 0x59, 0x10, 0x4B, 0x09, 0xA0, 0xA0, 0x17, 0x04, 0xD0, 0x97, 0x20, 0x4C, 0x0D,
  0x73, 0x04, 0xC0, 0x57, 0x30, 0x4C, 0x74, 0x04, 0xB0, 0xC7, 0x40, 0x4B, 0x0A, 0x74, 0x04, 0xB0,
  0x97, 0x40, 0x4B, 0x09, 0x74, 0x04, 0xB0, 0x97, 0x40, 0x4B, 0x09, 0x74, 0x04, 0xB0, 0x97, 0x40,
  0x4B, 0x09, 0x74, 0x04, 0xB0, 0x97, 0x40, 0x4B, 0x09, 0x74, 0x04, 0xB0, 0x97, 0x40, 0x4B, 0x09,
  0x74, 0x04, 0xB0, 0x97, 0x40, 0x4B, 0x09, 0x74, 0x04, 0xB0, 0x97, 0x30,
  // "Ś" (U+015A), RLE, 241 bytes saved (54.6%)
  0x74, 0x05, 0xC0, 0x77, 0x71, 0x0D, 0xB0, 0xC7, 0x71, 0x07, 0xB0, 0xD0, 0x17, 0x70, 0x2B, 0x0D,
  0x02, 0x77, 0x10, 0xCA, 0x0E, 0x02, 0x77, 0x10, 0x7A, 0x0D, 0x02, 0x77, 0x10, 0x2A, 0x0C, 0x01,
  0x80, 0x9B, 0x60, 0x89, 0x21, 0x5A, 0xCD, 0xFE, 0xEC, 0xA8, 0x47, 0x10, 0x8F, 0xD8, 0x1E, 0xA1,
  0x30, 0x20, 0xDF, 0xF9, 0x01, 0x20, 0x10, 0xDC, 0x86, 0xB6, 0x43, 0x45, 0x8C, 0xB0, 0xA3, 0x09,
  0xB0, 0xE0, 0x37, 0x18, 0x21, 0x7E, 0x53, 0xC0, 0x37, 0x71, 0x03, 0xB0, 0xC7, 0x72, 0x05, 0xB0,
  0xA7, 0x72, 0x04, 0xB0, 0xB7, 0x72, 0x02, 0xB0, 0xE7, 0x73, 0x0E, 0xB0, 0x97, 0x72, 0x08, 0xC0,
  0xA0, 0x17, 0x70, 0x10, 0xDC, 0x81, 0xE7, 0x17, 0x60, 0x20, 0xDE, 0x0A, 0x04, 0x75, 0x01, 0x0A,
  0xF8, 0x1D, 0x71, 0x74, 0x04, 0x0B, 0xF0, 0xE0, 0x77, 0x58, 0x13, 0x9E, 0xE0, 0xD0, 0x37, 0x60,
  0x50, 0xBE, 0x03, 0x77, 0x02, 0x0B, 0xC0, 0xE0, 0x17, 0x71, 0x06, 0xC0, 0x77, 0x72, 0x08, 0xB0,
  0xD7, 0x72, 0x01, 0xC7, 0x73, 0x0E, 0xB0, 0x17, 0x72, 0x0E, 0xB7, 0x72, 0x02, 0xB0, 0xD7, 0x72,
  0x0B, 0xB8, 0x38, 0x09, 0x83, 0x73, 0x01, 0x0A, 0xB8, 0x2E, 0x10, 0xBA, 0x89, 0x1E, 0xB8, 0x54,
  0x33, 0x46, 0xAE, 0xC0, 0x52, 0x0B, 0xFF, 0x90, 0xE0, 0x53, 0x08, 0xFF, 0x0A, 0x01, 0x58, 0x51,
  0x58, 0xAC, 0xEE, 0xA8, 0x3E, 0xC9, 0x61, 0x60,
  // "ś" (U+015B), RLE, 143 bytes saved (49.5%)
  0x72, 0x05, 0xC0, 0x77, 0x40, 0xDB, 0x0C, 0x74, 0x07, 0xB0, 0xD0, 0x17, 0x30, 0x2B, 0x0D, 0x02,
  0x74, 0x0C, 0xA0, 0xE0, 0x27, 0x40, 0x7A, 0x0D, 0x02, 0x74, 0x02, 0xA0, 0xC0, 0x18, 0x0F, 0x20,
  0x82, 0x49, 0xCE, 0xA8, 0x3E, 0xCA, 0x72, 0x40, 0x30, 0xCF, 0xC8, 0x2C, 0x40, 0x5F, 0xF8, 0x14,
  0x2E, 0xB8, 0x6C, 0x74, 0x34, 0x58, 0xDA, 0x81, 0xD0, 0x7B, 0x08, 0x71, 0x83, 0x39, 0x60, 0xAB,
  0x76, 0x0A, 0xB7, 0x60, 0x8B, 0x07, 0x75, 0x03, 0xC0, 0x90, 0x17, 0x40, 0x8D, 0x09, 0x03, 0x73,
  0x07, 0xE0, 0xC0, 0x67, 0x20, 0x20, 0xAE, 0x81, 0xE9, 0x17, 0x18, 0x11, 0x8D, 0xE0, 0x77, 0x30,
  0x40, 0xBD, 0x0A, 0x74, 0x02, 0x0B, 0xC0, 0x67, 0x50, 0x7B, 0x0C, 0x76, 0x0C, 0xB7, 0x60, 0xAB,
  0x76, 0x0D, 0xA8, 0x2E, 0x97, 0x27, 0x20, 0x8B, 0x0A, 0x0B, 0xA8, 0x7D, 0x96, 0x43, 0x35, 0x7D,
  0xC0, 0x30, 0xBF, 0xF8, 0x26, 0x07, 0xEF, 0xC0, 0xC0, 0x44, 0x89, 0x15, 0x9B, 0xDE, 0xFE, 0xDB,
  0x83, 0x40,
  // "Ŝ" (U+015C), RLE, 233 bytes saved (52.8%)
  0x70, 0x2C, 0x06, 0x77, 0x10, 0xCC, 0x0E, 0x02, 0x76, 0x0A, 0xE0, 0xD0, 0x17, 0x40, 0x8B, 0x0A,
  0x07, 0xB0, 0xB7, 0x30, 0x5B, 0x08, 0x20, 0x5B, 0x0A, 0x71, 0x04, 0xB0, 0x64, 0x04, 0x0E, 0xA0,
  0x96, 0x02, 0xA0, 0xD0, 0x36, 0x01, 0x0B, 0xA0, 0x78, 0x09, 0xB0, 0x08, 0x92, 0x15, 0xAC, 0xDF,
  0xEE, 0xCA, 0x84, 0x71, 0x08, 0xFD, 0x81, 0xEA, 0x13, 0x02, 0x0D, 0xFF, 0x90, 0x12, 0x01, 0x0D,
  0xC8, 0x6B, 0x64, 0x34, 0x58, 0xCB, 0x0A, 0x30, 0x9B, 0x0E, 0x03, 0x71, 0x82, 0x17, 0xE5, 0x3C,
  0x03, 0x77, 0x10, 0x3B, 0x0C, 0x77, 0x20, 0x5B, 0x0A, 0x77, 0x20, 0x4B, 0x0B, 0x77, 0x20, 0x2B,
  0x0E, 0x77, 0x30, 0xEB, 0x09, 0x77, 0x20, 0x8C, 0x0A, 0x01, 0x77, 0x01, 0x0D, 0xC8, 0x1E, 0x71,
  0x76, 0x02, 0x0D, 0xE0, 0xA0, 0x47, 0x50, 0x10, 0xAF, 0x81, 0xD7, 0x17, 0x40, 0x40, 0xBF, 0x0E,
  0x07, 0x75, 0x81, 0x39, 0xEE, 0x0D, 0x03, 0x76, 0x05, 0x0B, 0xE0, 0x37, 0x70, 0x20, 0xBC, 0x0E,
  0x01, 0x77, 0x10, 0x6C, 0x07, 0x77, 0x20, 0x8B, 0x0D, 0x77, 0x20, 0x1C, 0x77, 0x30, 0xEB, 0x01,
  0x77, 0x20, 0xEB, 0x77, 0x20, 0x2B, 0x0D, 0x77, 0x20, 0xBB, 0x83, 0x80, 0x98, 0x37, 0x30, 0x10,
  0xAB, 0x82, 0xE1, 0x0B, 0xA8, 0x91, 0xEB, 0x85, 0x43, 0x34, 0x6A, 0xEC, 0x05, 0x20, 0xBF, 0xF9,
  0x0E, 0x05, 0x30, 0x8F, 0xF0, 0xA0, 0x15, 0x85, 0x15, 0x8A, 0xCE, 0xEA, 0x83, 0xEC, 0x96, 0x16,
  // "ŝ" (U+015D), RLE, 134 bytes saved (46.4%)
  0x50, 0x2C, 0x06, 0x74, 0x0C, 0xC0, 0xE0, 0x27, 0x20, 0xAE, 0x0D, 0x01, 0x70, 0x8B, 0x0A, 0x07,
  0xB0, 0xB6, 0x05, 0xB0, 0x82, 0x05, 0xB0, 0xA4, 0x04, 0xB0, 0x64, 0x04, 0x0E, 0xA0, 0x92, 0x02,
  0xA0, 0xD0, 0x36, 0x01, 0x0B, 0xA0, 0x78, 0x0E, 0x40, 0x82, 0x49, 0xCE, 0xA8, 0x3E, 0xCA, 0x72,
  0x40, 0x30, 0xCF, 0xC8, 0x2C, 0x40, 0x5F, 0xF8, 0x14, 0x2E, 0xB8, 0x6C, 0x74, 0x34, 0x58, 0xDA,
  0x81, 0xD0, 0x7B, 0x08, 0x71, 0x83, 0x39, 0x60, 0xAB, 0x76, 0x0A, 0xB7, 0x60, 0x8B, 0x07, 0x75,
  0x03, 0xC0, 0x90, 0x17, 0x40, 0x8D, 0x09, 0x03, 0x73, 0x07, 0xE0, 0xC0, 0x67, 0x20, 0x20, 0xAE,
  0x81, 0xE9, 0x17, 0x18, 0x11, 0x8D, 0xE0, 0x77, 0x30, 0x40, 0xBD, 0x0A, 0x74, 0x02, 0x0B, 0xC0,
  0x67, 0x50, 0x7B, 0x0C, 0x76, 0x0C, 0xB7, 0x60, 0xAB, 0x76, 0x0D, 0xA8, 0x2E, 0x97, 0x27, 0x20,
  0x8B, 0x0A, 0x0B, 0xA8, 0x7D, 0x96, 0x43, 0x35, 0x7D, 0xC0, 0x30, 0xBF, 0xF8, 0x26, 0x07, 0xEF,
  0xC0, 0xC0, 0x44, 0x89, 0x15, 0x9B, 0xDE, 0xFE, 0xDB, 0x83, 0x40,
  // "Ş" (U+015E), RLE, 224 bytes saved (50.8%)
  0x58, 0x92, 0x15, 0xAC, 0xDF, 0xEE, 0xCA, 0x84, 0x71, 0x08, 0xFD, 0x81, 0xEA, 0x13, 0x02, 0x0D,
  0xFF, 0x90, 0x12, 0x01, 0x0D, 0xC8, 0x6B, 0x64, 0x34, 0x58, 0xCB, 0x0A, 0x30, 0x9B, 0x0E, 0x03,
  0x71, 0x82, 0x17, 0xE5, 0x3C, 0x03, 0x77, 0x10, 0x3B, 0x0C, 0x77, 0x20, 0x5B, 0x0A, 0x77, 0x20,
  0x4B, 0x0B, 0x77, 0x20, 0x2B, 0x0E, 0x77, 0x30, 0xEB, 0x09, 0x77, 0x20, 0x8C, 0x0A, 0x01, 0x77,
  0x01, 0x0D, 0xC8, 0x1E, 0x71, 0x76, 0x02, 0x0D, 0xE0, 0xA0, 0x47, 0x50, 0x10, 0xAF, 0x81, 0xD7,
  0x17, 0x40, 0x40, 0xBF, 0x0E, 0x07, 0x75, 0x81, 0x39, 0xEE, 0x0D, 0x03, 0x76, 0x05, 0x0B, 0xE0,
  0x37, 0x70, 0x20, 0xBC, 0x0E, 0x01, 0x77, 0x10, 0x6C, 0x07, 0x77, 0x20, 0x8B, 0x0D, 0x77, 0x20,
  0x1C, 0x77, 0x30, 0xEB, 0x01, 0x77, 0x20, 0xEB, 0x77, 0x20, 0x2B, 0x0D, 0x77, 0x20, 0xBB, 0x83,
  0x80, 0x98, 0x37, 0x30, 0x10, 0xAB, 0x82, 0xE1, 0x0B, 0xA8, 0x91, 0xEB, 0x85, 0x43, 0x34, 0x6A,
  0xEC, 0x05, 0x20, 0xBF, 0xF9, 0x0E, 0x05, 0x30, 0x8F, 0xF0, 0xA0, 0x15, 0x85, 0x15, 0x8A, 0xCE,
  0xEA, 0x83, 0xEC, 0x96, 0x17, 0x78, 0x17, 0x74, 0x77, 0x30, 0x6A, 0x02, 0x77, 0x38, 0x1D, 0xFA,
  0x77, 0x30, 0x6B, 0x0C, 0x05, 0x77, 0x18, 0x14, 0x8D, 0xB0, 0x97, 0x73, 0x05, 0xB0, 0x27, 0x73,
  0x0D, 0xA0, 0x47, 0x72, 0x01, 0xB0, 0x37, 0x48, 0x43, 0x76, 0x79, 0xEA, 0x0D, 0x75, 0x06, 0xE0,
  0xD0, 0x27, 0x50, 0x50, 0xEA, 0x81, 0xDB, 0x67, 0x30,
  // "ş" (U+015F), RLE, 137 bytes saved (46.0%)
  0x48, 0x24, 0x9C, 0xEA, 0x83, 0xEC, 0xA7, 0x24, 0x03, 0x0C, 0xFC, 0x82, 0xC4, 0x05, 0xFF, 0x81,
  0x42, 0xEB, 0x86, 0xC7, 0x43, 0x45, 0x8D, 0xA8, 0x1D, 0x07, 0xB0, 0x87, 0x18, 0x33, 0x96, 0x0A,
  0xB7, 0x60, 0xAB, 0x76, 0x08, 0xB0, 0x77, 0x50, 0x3C, 0x09, 0x01, 0x74, 0x08, 0xD0, 0x90, 0x37,
  0x30, 0x7E, 0x0C, 0x06, 0x72, 0x02, 0x0A, 0xE8, 0x1E, 0x91, 0x71, 0x81, 0x18, 0xDE, 0x07, 0x73,
  0x04, 0x0B, 0xD0, 0xA7, 0x40, 0x20, 0xBC, 0x06, 0x75, 0x07, 0xB0, 0xC7, 0x60, 0xCB, 0x76, 0x0A,
  0xB7, 0x60, 0xDA, 0x82, 0xE9, 0x72, 0x72, 0x08, 0xB0, 0xA0, 0xBA, 0x87, 0xD9, 0x64, 0x33, 0x57,
  0xDC, 0x03, 0x0B, 0xFF, 0x82, 0x60, 0x7E, 0xFC, 0x0C, 0x04, 0x48, 0x91, 0x59, 0xBD, 0xEF, 0xED,
  0xB8, 0x37, 0x58, 0x17, 0x74, 0x76, 0x06, 0xA0, 0x27, 0x68, 0x1D, 0xFA, 0x76, 0x06, 0xB0, 0xC0,
  0x57, 0x48, 0x14, 0x8D, 0xB0, 0x97, 0x60, 0x5B, 0x02, 0x76, 0x0D, 0xA0, 0x47, 0x50, 0x1B, 0x03,
  0x78, 0x43, 0x76, 0x79, 0xEA, 0x0D, 0x71, 0x06, 0xE0, 0xD0, 0x27, 0x10, 0x50, 0xEA, 0x81, 0xDB,
  0x66,
  // "Š" (U+0160), RLE, 232 bytes saved (52.6%)
  0x20, 0x2A, 0x0D, 0x03, 0x60, 0x10, 0xBA, 0x08, 0x60, 0x6B, 0x06, 0x40, 0x30, 0xDA, 0x0B, 0x71,
  0x07, 0xB0, 0x72, 0x04, 0x0E, 0xA0, 0xB7, 0x30, 0x9B, 0x08, 0x05, 0xB0, 0xC7, 0x50, 0xAE, 0x0D,
  0x01, 0x76, 0x0C, 0xC0, 0xE0, 0x27, 0x70, 0x2C, 0x06, 0x80, 0x9B, 0x50, 0x89, 0x21, 0x5A, 0xCD,
  0xFE, 0xEC, 0xA8, 0x47, 0x10, 0x8F, 0xD8, 0x1E, 0xA1, 0x30, 0x20, 0xDF, 0xF9, 0x01, 0x20, 0x10,
  0xDC, 0x86, 0xB6, 0x43, 0x45, 0x8C, 0xB0, 0xA3, 0x09, 0xB0, 0xE0, 0x37, 0x18, 0x21, 0x7E, 0x53,
  0xC0, 0x37, 0x71, 0x03, 0xB0, 0xC7, 0x72, 0x05, 0xB0, 0xA7, 0x72, 0x04, 0xB0, 0xB7, 0x72, 0x02,
  0xB0, 0xE7, 0x73, 0x0E, 0xB0, 0x97, 0x72, 0x08, 0xC0, 0xA0, 0x17, 0x70, 0x10, 0xDC, 0x81, 0xE7,
  0x17, 0x60, 0x20, 0xDE, 0x0A, 0x04, 0x75, 0x01, 0x0A, 0xF8, 0x1D, 0x71, 0x74, 0x04, 0x0B, 0xF0,
  0xE0, 0x77, 0x58, 0x13, 0x9E, 0xE0, 0xD0, 0x37, 0x60, 0x50, 0xBE, 0x03, 0x77, 0x02, 0x0B, 0xC0,
  0xE0, 0x17, 0x71, 0x06, 0xC0, 0x77, 0x72, 0x08, 0xB0, 0xD7, 0x72, 0x01, 0xC7, 0x73, 0x0E, 0xB0,
  0x17, 0x72, 0x0E, 0xB7, 0x72, 0x02, 0xB0, 0xD7, 0x72, 0x0B, 0xB8, 0x38, 0x09, 0x83, 0x73, 0x01,
  0x0A, 0xB8, 0x2E, 0x10, 0xBA, 0x89, 0x1E, 0xB8, 0x54, 0x33, 0x46, 0xAE, 0xC0, 0x52, 0x0B, 0xFF,
  0x90, 0xE0, 0x53, 0x08, 0xFF, 0x0A, 0x01, 0x58, 0x51, 0x58, 0xAC, 0xEE, 0xA8, 0x3E, 0xC9, 0x61,
  0x60,
  // "š" (U+0161), RLE, 133 bytes saved (46.0%)
  0x02, 0xA0, 0xD0, 0x36, 0x01, 0x0B, 0xA0, 0x82, 0x06, 0xB0, 0x64, 0x03, 0x0D, 0xA0, 0xB4, 0x07,
  0xB0, 0x72, 0x04, 0x0E, 0xA0, 0xB6, 0x09, 0xB0, 0x80, 0x5B, 0x0C, 0x71, 0x0A, 0xE0, 0xD0, 0x17,
  0x20, 0xCC, 0x0E, 0x02, 0x73, 0x02, 0xC0, 0x68, 0x0F, 0x10, 0x82, 0x49, 0xCE, 0xA8, 0x3E, 0xCA,
  0x72, 0x40, 0x30, 0xCF, 0xC8, 0x2C, 0x40, 0x5F, 0xF8, 0x14, 0x2E, 0xB8, 0x6C, 0x74, 0x34, 0x58,
  0xDA, 0x81, 0xD0, 0x7B, 0x08, 0x71, 0x83, 0x39, 0x60, 0xAB, 0x76, 0x0A, 0xB7, 0x60, 0x8B, 0x07,
  0x75, 0x03, 0xC0, 0x90, 0x17, 0x40, 0x8D, 0x09, 0x03, 0x73, 0x07, 0xE0, 0xC0, 0x67, 0x20, 0x20,
  0xAE, 0x81, 0xE9, 0x17, 0x18, 0x11, 0x8D, 0xE0, 0x77, 0x30, 0x40, 0xBD, 0x0A, 0x74, 0x02, 0x0B,
  0xC0, 0x67, 0x50, 0x7B, 0x0C, 0x76, 0x0C, 0xB7, 0x60, 0xAB, 0x76, 0x0D, 0xA8, 0x2E, 0x97, 0x27,
  0x20, 0x8B, 0x0A, 0x0B, 0xA8, 0x7D, 0x96, 0x43, 0x35, 0x7D, 0xC0, 0x30, 0xBF, 0xF8, 0x26, 0x07,
  0xEF, 0xC0, 0xC0, 0x44, 0x89, 0x15, 0x9B, 0xDE, 0xFE, 0xDB, 0x83, 0x40,
  // "Ţ" (U+0162), RLE, 326 bytes saved (64.7%)
  0x08, 0xFF, 0xFA, 0x08, 0xFF, 0xFA, 0x08, 0xFF, 0xFA, 0x01, 0x80, 0x53, 0x0C, 0xB0, 0x68, 0x05,
  0x37, 0x30, 0xBB, 0x03, 0x77, 0x50, 0xBB, 0x03, 0x77, 0x50, 0xBB, 0x03, 0x77, 0x50, 0xBB, 0x03,
  0x77, 0x50, 0xBB, 0x03, 0x77, 0x50, 0xBB, 0x03, 0x77, 0x50, 0xBB, 0x03, 0x77, 0x50, 0xBB, 0x03,
  0x77, 0x50, 0xBB, 0x03, 0x77, 0x50, 0xBB, 0x03, 0x77, 0x50, 0xBB, 0x03, 0x77, 0x50, 0xBB, 0x03,
  0x77, 0x50, 0xBB, 0x03, 0x77, 0x50, 0xBB, 0x03, 0x77, 0x50, 0xBB, 0x03, 0x77, 0x50, 0xBB, 0x03,
  0x77, 0x50, 0xBB, 0x03, 0x77, 0x50, 0xBB, 0x03, 0x77, 0x50, 0xBB, 0x03, 0x77, 0x50, 0xBB, 0x03,
  0x77, 0x50, 0xBB, 0x03, 0x77, 0x50, 0xBB, 0x03, 0x77, 0x50, 0xBB, 0x03, 0x77, 0x50, 0xBB, 0x03,
  0x77, 0x50, 0xBB, 0x03, 0x77, 0x50, 0xBB, 0x03, 0x77, 0x50, 0xBB, 0x03, 0x77, 0x68, 0x17, 0x74,
  0x77, 0x60, 0x6A, 0x02, 0x77, 0x68, 0x1D, 0xFA, 0x77, 0x60, 0x6B, 0x0C, 0x05, 0x77, 0x48, 0x14,
  0x8D, 0xB0, 0x97, 0x76, 0x05, 0xB0, 0x27, 0x76, 0x0D, 0xA0, 0x47, 0x75, 0x01, 0xB0, 0x37, 0x78,
  0x43, 0x76, 0x79, 0xEA, 0x0D, 0x77, 0x10, 0x6E, 0x0D, 0x02, 0x77, 0x10, 0x50, 0xEA, 0x81, 0xDB,
  0x67, 0x30,
  // "ţ" (U+0163), RLE, 148 bytes saved (48.1%)
  0x58, 0x13, 0x77, 0x75, 0x81, 0xAF, 0xE7, 0x58, 0x1E, 0xFE, 0x74, 0x04, 0xA0, 0xE7, 0x40, 0x8A,
  0x0E, 0x73, 0x01, 0x0D, 0xA0, 0xE7, 0x10, 0x20, 0x9F, 0xC0, 0xB0, 0x3F, 0xE0, 0xB0, 0x4F, 0xE8,
  0x4B, 0x13, 0x33, 0xEA, 0x0E, 0x80, 0x23, 0x02, 0x40, 0xEA, 0x0E, 0x74, 0x0E, 0xA0, 0xE7, 0x40,
  0xEA, 0x0E, 0x74, 0x0E, 0xA0, 0xE7, 0x40, 0xEA, 0x0E, 0x74, 0x0E, 0xA0, 0xE7, 0x40, 0xEA, 0x0E,
  0x74, 0x0E, 0xA0, 0xE7, 0x40, 0xEA, 0x0E, 0x74, 0x0E, 0xA0, 0xE7, 0x40, 0xEA, 0x0E, 0x74, 0x0E,
  0xA0, 0xE7, 0x40, 0xEA, 0x0E, 0x74, 0x0E, 0xB7, 0x40, 0xCB, 0x03, 0x73, 0x0A, 0xB0, 0xB7, 0x30,
  0x4C, 0x84, 0xC5, 0x34, 0x58, 0x50, 0xAF, 0x90, 0xE6, 0x0B, 0xF0, 0xE7, 0x86, 0x4A, 0xDE, 0xED,
  0xB6, 0x72, 0x81, 0x77, 0x47, 0x40, 0x6A, 0x02, 0x74, 0x81, 0xDF, 0xA7, 0x40, 0x6B, 0x0C, 0x05,
  0x72, 0x81, 0x48, 0xDB, 0x09, 0x74, 0x05, 0xB0, 0x27, 0x40, 0xDA, 0x04, 0x73, 0x01, 0xB0, 0x35,
  0x84, 0x37, 0x67, 0x9E, 0xA0, 0xD6, 0x06, 0xE0, 0xD0, 0x26, 0x05, 0x0E, 0xA8, 0x1D, 0xB6, 0x30,
  // "Ť" (U+0164), RLE, 333 bytes saved (66.1%)
  0x40, 0x2A, 0x0D, 0x03, 0x60, 0x10, 0xBA, 0x08, 0x72, 0x06, 0xB0, 0x64, 0x03, 0x0D, 0xA0, 0xB7,
  0x40, 0x7B, 0x07, 0x20, 0x40, 0xEA, 0x0B, 0x76, 0x09, 0xB0, 0x80, 0x5B, 0x0C, 0x77, 0x10, 0xAE,
  0x0D, 0x01, 0x77, 0x20, 0xCC, 0x0E, 0x02, 0x77, 0x30, 0x2C, 0x06, 0x80, 0x9C, 0x50, 0x08, 0xFF,
  0xFA, 0x08, 0xFF, 0xFA, 0x08, 0xFF, 0xFA, 0x01, 0x80, 0x53, 0x0C, 0xB0, 0x68, 0x05, 0x37, 0x30,
  0xBB, 0x03, 0x77, 0x50, 0xBB, 0x03, 0x77, 0x50, 0xBB, 0x03, 0x77, 0x50, 0xBB, 0x03, 0x77, 0x50,
  0xBB, 0x03, 0x77, 0x50, 0xBB, 0x03, 0x77, 0x50, 0xBB, 0x03, 0x77, 0x50, 0xBB, 0x03, 0x77, 0x50,
  0xBB, 0x03, 0x77, 0x50, 0xBB, 0x03, 0x77, 0x50, 0xBB, 0x03, 0x77, 0x50, 0xBB, 0x03, 0x77, 0x50,
  0xBB, 0x03, 0x77, 0x50, 0xBB, 0x03, 0x77, 0x50, 0xBB, 0x03, 0x77, 0x50, 0xBB, 0x03, 0x77, 0x50,
  0xBB, 0x03, 0x77, 0x50, 0xBB, 0x03, 0x77, 0x50, 0xBB, 0x03, 0x77, 0x50, 0xBB, 0x03, 0x77, 0x50,
  0xBB, 0x03, 0x77, 0x50, 0xBB, 0x03, 0x77, 0x50, 0xBB, 0x03, 0x77, 0x50, 0xBB, 0x03, 0x77, 0x50,
  0xBB, 0x03, 0x77, 0x50, 0xBB, 0x03, 0x77, 0x50, 0xBB, 0x03, 0x72,
  // "ť" (U+0165), RLE, 207 bytes saved (58.0%)
  0x77, 0x20, 0x3B, 0x09, 0x77, 0x20, 0x5B, 0x05, 0x77, 0x20, 0x8A, 0x0D, 0x77, 0x30, 0xCA, 0x07,
  0x68, 0x14, 0x98, 0x71, 0xA0, 0xE7, 0x81, 0xAF, 0xE7, 0x04, 0xA0, 0x67, 0x81, 0xEF, 0xE7, 0x81,
  0x8F, 0xC7, 0x04, 0xA0, 0xE7, 0x73, 0x09, 0xA0, 0xE7, 0x72, 0x01, 0x0D, 0xA0, 0xE7, 0x70, 0x20,
  0x9F, 0xC0, 0xB6, 0x03, 0xFE, 0x0B, 0x60, 0x4F, 0xE0, 0xB6, 0x83, 0x13, 0x33, 0xEA, 0x0E, 0x80,
  0x23, 0x02, 0x73, 0x0E, 0xA0, 0xE7, 0x73, 0x0E, 0xA0, 0xE7, 0x73, 0x0E, 0xA0, 0xE7, 0x73, 0x0E,
  0xA0, 0xE7, 0x73, 0x0E, 0xA0, 0xE7, 0x73, 0x0E, 0xA0, 0xE7, 0x73, 0x0E, 0xA0, 0xE7, 0x73, 0x0E,
  0xA0, 0xE7, 0x73, 0x0E, 0xA0, 0xE7, 0x73, 0x0E, 0xA0, 0xE7, 0x73, 0x0E, 0xA0, 0xE7, 0x73, 0x0E,
  0xA0, 0xE7, 0x73, 0x0E, 0xA0, 0xE7, 0x73, 0x0E, 0xB7, 0x73, 0x0C, 0xB0, 0x37, 0x72, 0x0A, 0xB0,
  0xB7, 0x72, 0x04, 0xC8, 0x4C, 0x53, 0x45, 0x87, 0x40, 0xAF, 0x90, 0xE7, 0x50, 0xBF, 0x0E, 0x76,
  0x86, 0x4A, 0xDE, 0xED, 0xB6, 0x60,
  // "Ŧ" (U+0166), RLE, 242 bytes saved (65.1%)
  0x08, 0xFF, 0xFA, 0x08, 0xFF, 0xFA, 0x08, 0xFF, 0xFA, 0x01, 0x80, 0x53, 0x0D, 0xB0, 0x58, 0x05,
  0x37, 0x30, 0xCB, 0x02, 0x77, 0x50, 0xCB, 0x02, 0x77, 0x50, 0xCB, 0x02, 0x77, 0x50, 0xCB, 0x02,
  0x77, 0x50, 0xCB, 0x02, 0x77, 0x50, 0xCB, 0x02, 0x77, 0x50, 0xCB, 0x02, 0x77, 0x50, 0xCB, 0x02,
  0x77, 0x50, 0xCB, 0x02, 0x75, 0x01, 0x80, 0x23, 0x0D, 0xB0, 0x58, 0x01, 0x30, 0x26, 0x05, 0xFF,
  0xA0, 0xA6, 0x05, 0xFF, 0xA0, 0xA6, 0x05, 0xFF, 0xA0, 0xA7, 0x60, 0xCB, 0x02, 0x77, 0x50, 0xCB,
  0x02, 0x77, 0x50, 0xCB, 0x02, 0x77, 0x50, 0xCB, 0x02, 0x77, 0x50, 0xCB, 0x02, 0x77, 0x50, 0xCB,
  0x02, 0x77, 0x50, 0xCB, 0x02, 0x77, 0x50, 0xCB, 0x02, 0x77, 0x50, 0xCB, 0x02, 0x77, 0x50, 0xCB,
  0x02, 0x77, 0x50, 0xCB, 0x02, 0x77, 0x50, 0xCB, 0x02, 0x77, 0x50, 0xCB, 0x02, 0x77, 0x50, 0xCB,
  0x02, 0x72,
  // "ŧ" (U+0167), RLE, 108 bytes saved (48.0%)
  0x58, 0x13, 0x77, 0x75, 0x81, 0xAF, 0xE7, 0x58, 0x1E, 0xFE, 0x74, 0x04, 0xA0, 0xE7, 0x40, 0x8A,
  0x0E, 0x73, 0x01, 0x0D, 0xA0, 0xE7, 0x10, 0x20, 0x9F, 0xC0, 0xB0, 0x3F, 0xE0, 0xB0, 0x4F, 0xE8,
  0x4B, 0x13, 0x33, 0xEA, 0x0E, 0x80, 0x23, 0x02, 0x40, 0xEA, 0x0E, 0x74, 0x0E, 0xA0, 0xE7, 0x40,
  0xEA, 0x0E, 0x74, 0x0E, 0xA0, 0xE7, 0x10, 0xEF, 0xD8, 0x15, 0x0E, 0xFD, 0x81, 0x50, 0xEF, 0xD8,
  0x45, 0x03, 0x33, 0xEA, 0x0E, 0x80, 0x23, 0x01, 0x40, 0xEA, 0x0E, 0x74, 0x0E, 0xA0, 0xE7, 0x40,
  0xEA, 0x0E, 0x74, 0x0E, 0xA0, 0xE7, 0x40, 0xEA, 0x0E, 0x74, 0x0E, 0xB7, 0x40, 0xCB, 0x03, 0x73,
  0x09, 0xB0, 0xB7, 0x30, 0x4C, 0x84, 0xC5, 0x34, 0x68, 0x50, 0xAF, 0x90, 0xE6, 0x0A, 0xF0, 0xE7,
  0x86, 0x49, 0xDE, 0xED, 0xB6,
  // "Ũ" (U+0168), RLE, 280 bytes saved (54.6%)
  0x68, 0x46, 0xDF, 0xD8, 0x15, 0x81, 0x7F, 0xC7, 0x30, 0x9D, 0x0E, 0x06, 0x48, 0x1C, 0xFA, 0x72,
  0x03, 0xF9, 0x82, 0xC5, 0x4A, 0xA0, 0x57, 0x20, 0xAA, 0x82, 0x74, 0x7E, 0xF0, 0xD7, 0x38, 0x1E,
  0xF8, 0x40, 0x9E, 0x04, 0x72, 0x02, 0xA0, 0x25, 0x84, 0x3A, 0xEE, 0xB3, 0x80, 0x9C, 0x70, 0xB0,
  0xE7, 0x72, 0x0B, 0xB0, 0x2B, 0x0E, 0x77, 0x20, 0xBB, 0x02, 0xB0, 0xE7, 0x72, 0x0B, 0xB0, 0x2B,
  0x0E, 0x77, 0x20, 0xBB, 0x02, 0xB0, 0xE7, 0x72, 0x0B, 0xB0, 0x2B, 0x0E, 0x77, 0x20, 0xBB, 0x02,
  0xB0, 0xE7, 0x72, 0x0B, 0xB0, 0x2B, 0x0E, 0x77, 0x20, 0xBB, 0x02, 0xB0, 0xE7, 0x72, 0x0B, 0xB0,
  0x2B, 0x0E, 0x77, 0x20, 0xBB, 0x02, 0xB0, 0xE7, 0x72, 0x0B, 0xB0, 0x2B, 0x0E, 0x77, 0x20, 0xBB,
  0x02, 0xB0, 0xE7, 0x72, 0x0B, 0xB0, 0x2B, 0x0E, 0x77, 0x20, 0xBB, 0x02, 0xB0, 0xE7, 0x72, 0x0B,
  0xB0, 0x2B, 0x0E, 0x77, 0x20, 0xBB, 0x02, 0xB0, 0xE7, 0x72, 0x0B, 0xB0, 0x2B, 0x0E, 0x77, 0x20,
  0xBB, 0x02, 0xB0, 0xE7, 0x72, 0x0B, 0xB0, 0x2B, 0x0E, 0x77, 0x20, 0xBB, 0x02, 0xB0, 0xE7, 0x72,
  0x0C, 0xB0, 0x10, 0xEB, 0x77, 0x20, 0xDB, 0x10, 0xBB, 0x03, 0x77, 0x01, 0xB8, 0x1D, 0x07, 0xB0,
  0x87, 0x70, 0x6B, 0x81, 0x90, 0x2B, 0x0E, 0x01, 0x76, 0x0D, 0xB0, 0x42, 0x0A, 0xB0, 0xB7, 0x50,
  0xAB, 0x0C, 0x30, 0x20, 0xEB, 0x0C, 0x03, 0x71, 0x01, 0x0A, 0xC0, 0x34, 0x04, 0xD8, 0x6C, 0x75,
  0x43, 0x46, 0xAD, 0x06, 0x60, 0x40, 0xEF, 0xF0, 0xE0, 0x57, 0x10, 0x20, 0x9F, 0xD0, 0xA0, 0x27,
  0x48, 0x31, 0x6A, 0xCE, 0xA8, 0x3E, 0xCA, 0x61, 0x70,
  // "ũ" (U+0169), RLE, 148 bytes saved (42.7%)
  0x58, 0x46, 0xDF, 0xD8, 0x15, 0x81, 0x7F, 0xC6, 0x09, 0xD0, 0xE0, 0x64, 0x81, 0xCF, 0xA5, 0x03,
  0xF9, 0x82, 0xC5, 0x4A, 0xA0, 0x55, 0x0A, 0xA8, 0x27, 0x47, 0xEF, 0x0D, 0x68, 0x1E, 0xF8, 0x40,
  0x9E, 0x04, 0x50, 0x2A, 0x02, 0x58, 0x43, 0xAE, 0xEB, 0x38, 0x0F, 0x70, 0x08, 0xB0, 0x67, 0x40,
  0x6B, 0x07, 0x08, 0xB0, 0x67, 0x40, 0x6B, 0x07, 0x08, 0xB0, 0x67, 0x40, 0x6B, 0x07, 0x08, 0xB0,
  0x67, 0x40, 0x6B, 0x07, 0x08, 0xB0, 0x67, 0x40, 0x6B, 0x07, 0x08, 0xB0, 0x67, 0x40, 0x6B, 0x07,
  0x08, 0xB0, 0x67, 0x40, 0x6B, 0x07, 0x08, 0xB0, 0x67, 0x40, 0x6B, 0x07, 0x08, 0xB0, 0x67, 0x40,
  0x6B, 0x07, 0x08, 0xB0, 0x67, 0x40, 0x6B, 0x07, 0x08, 0xB0, 0x67, 0x40, 0x6B, 0x07, 0x08, 0xB0,
  0x67, 0x40, 0x6B, 0x07, 0x08, 0xB0, 0x67, 0x40, 0x6B, 0x07, 0x08, 0xB0, 0x67, 0x40, 0x7B, 0x07,
  0x08, 0xB0, 0x67, 0x40, 0x8B, 0x07, 0x08, 0xB0, 0x67, 0x40, 0xBB, 0x00, 0x7B, 0x07, 0x74, 0x0E,
  0xB0, 0x70, 0x5B, 0x0A, 0x73, 0x05, 0xC0, 0x70, 0x2C, 0x02, 0x72, 0x0D, 0xC8, 0x17, 0x0D, 0xB0,
  0xC0, 0x16, 0x01, 0x0B, 0xD8, 0x17, 0x06, 0xC8, 0x6E, 0x84, 0x34, 0x69, 0xEA, 0x0B, 0xB0, 0x72,
  0x0B, 0xFD, 0x09, 0x01, 0xB0, 0x73, 0x09, 0xFA, 0x0E, 0x06, 0x20, 0xEA, 0x07, 0x48, 0x90, 0x28,
  0xBE, 0xFE, 0xDB, 0x61, 0x30, 0xCA, 0x07,
  // "Ū" (U+016A), RLE, 283 bytes saved (58.0%)
  0x68, 0x09, 0x03, 0x02, 0x74, 0x03, 0xFD, 0x0C, 0x74, 0x03, 0xFD, 0x0C, 0x74, 0x03, 0xFD, 0x0C,
  0x80, 0x9C, 0x60, 0xB0, 0xE7, 0x72, 0x0B, 0xB0, 0x2B, 0x0E, 0x77, 0x20, 0xBB, 0x02, 0xB0, 0xE7,
  0x72, 0x0B, 0xB0, 0x2B, 0x0E, 0x77, 0x20, 0xBB, 0x02, 0xB0, 0xE7, 0x72, 0x0B, 0xB0, 0x2B, 0x0E,
  0x77, 0x20, 0xBB, 0x02, 0xB0, 0xE7, 0x72, 0x0B, 0xB0, 0x2B, 0x0E, 0x77, 0x20, 0xBB, 0x02, 0xB0,
  0xE7, 0x72, 0x0B, 0xB0, 0x2B, 0x0E, 0x77, 0x20, 0xBB, 0x02, 0xB0, 0xE7, 0x72, 0x0B, 0xB0, 0x2B,
  0x0E, 0x77, 0x20, 0xBB, 0x02, 0xB0, 0xE7, 0x72, 0x0B, 0xB0, 0x2B, 0x0E, 0x77, 0x20, 0xBB, 0x02,
  0xB0, 0xE7, 0x72, 0x0B, 0xB0, 0x2B, 0x0E, 0x77, 0x20, 0xBB, 0x02, 0xB0, 0xE7, 0x72, 0x0B, 0xB0,
  0x2B, 0x0E, 0x77, 0x20, 0xBB, 0x02, 0xB0, 0xE7, 0x72, 0x0B, 0xB0, 0x2B, 0x0E, 0x77, 0x20, 0xBB,
  0x02, 0xB0, 0xE7, 0x72, 0x0C, 0xB0, 0x10, 0xEB, 0x77, 0x20, 0xDB, 0x10, 0xBB, 0x03, 0x77, 0x01,
  0xB8, 0x1D, 0x07, 0xB0, 0x87, 0x70, 0x6B, 0x81, 0x90, 0x2B, 0x0E, 0x01, 0x76, 0x0D, 0xB0, 0x42,
  0x0A, 0xB0, 0xB7, 0x50, 0xAB, 0x0C, 0x30, 0x20, 0xEB, 0x0C, 0x03, 0x71, 0x01, 0x0A, 0xC0, 0x34,
  0x04, 0xD8, 0x6C, 0x75, 0x43, 0x46, 0xAD, 0x06, 0x60, 0x40, 0xEF, 0xF0, 0xE0, 0x57, 0x10, 0x20,
  0x9F, 0xD0, 0xA0, 0x27, 0x48, 0x31, 0x6A, 0xCE, 0xA8, 0x3E, 0xCA, 0x61, 0x70,
  // "ū" (U+016B), RLE, 154 bytes saved (47.2%)
  0x48, 0x09, 0x03, 0x02, 0x70, 0x3F, 0xD0, 0xC7, 0x03, 0xFD, 0x0C, 0x70, 0x3F, 0xD0, 0xC8, 0x0F,
  0x70, 0x08, 0xB0, 0x67, 0x40, 0x6B, 0x07, 0x08, 0xB0, 0x67, 0x40, 0x6B, 0x07, 0x08, 0xB0, 0x67,
  0x40, 0x6B, 0x07, 0x08, 0xB0, 0x67, 0x40, 0x6B, 0x07, 0x08, 0xB0, 0x67, 0x40, 0x6B, 0x07, 0x08,
  0xB0, 0x67, 0x40, 0x6B, 0x07, 0x08, 0xB0, 0x67, 0x40, 0x6B, 0x07, 0x08, 0xB0, 0x67, 0x40, 0x6B,
  0x07, 0x08, 0xB0, 0x67, 0x40, 0x6B, 0x07, 0x08, 0xB0, 0x67, 0x40, 0x6B, 0x07, 0x08, 0xB0, 0x67,
  0x40, 0x6B, 0x07, 0x08, 0xB0, 0x67, 0x40, 0x6B, 0x07, 0x08, 0xB0, 0x67, 0x40, 0x6B, 0x07, 0x08,
  0xB0, 0x67, 0x40, 0x7B, 0x07, 0x08, 0xB0, 0x67, 0x40, 0x8B, 0x07, 0x08, 0xB0, 0x67, 0x40, 0xBB,
  0x00, 0x7B, 0x07, 0x74, 0x0E, 0xB0, 0x70, 0x5B, 0x0A, 0x73, 0x05, 0xC0, 0x70, 0x2C, 0x02, 0x72,
  0x0D, 0xC8, 0x17, 0x0D, 0xB0, 0xC0, 0x16, 0x01, 0x0B, 0xD8, 0x17, 0x06, 0xC8, 0x6E, 0x84, 0x34,
  0x69, 0xEA, 0x0B, 0xB0, 0x72, 0x0B, 0xFD, 0x09, 0x01, 0xB0, 0x73, 0x09, 0xFA, 0x0E, 0x06, 0x20,
  0xEA, 0x07, 0x48, 0x90, 0x28, 0xBE, 0xFE, 0xDB, 0x61, 0x30, 0xCA, 0x07,
  // "Ŭ" (U+016C), RLE, 285 bytes saved (55.6%)
  0x50, 0x2A, 0x03, 0x70, 0x1A, 0x05, 0x74, 0x81, 0xEF, 0x97, 0x08, 0xA0, 0x27, 0x40, 0xAA, 0x85,
  0xB6, 0x43, 0x46, 0xBA, 0x0B, 0x75, 0x02, 0x0E, 0xFA, 0x0E, 0x03, 0x76, 0x04, 0x0E, 0xF0, 0xE0,
  0x47, 0x71, 0x87, 0x18, 0xCE, 0xFE, 0xC7, 0x18, 0x09, 0xD0, 0x0B, 0x0E, 0x77, 0x20, 0xBB, 0x02,
  0xB0, 0xE7, 0x72, 0x0B, 0xB0, 0x2B, 0x0E, 0x77, 0x20, 0xBB, 0x02, 0xB0, 0xE7, 0x72, 0x0B, 0xB0,
  0x2B, 0x0E, 0x77, 0x20, 0xBB, 0x02, 0xB0, 0xE7, 0x72, 0x0B, 0xB0, 0x2B, 0x0E, 0x77, 0x20, 0xBB,
  0x02, 0xB0, 0xE7, 0x72, 0x0B, 0xB0, 0x2B, 0x0E, 0x77, 0x20, 0xBB, 0x02, 0xB0, 0xE7, 0x72, 0x0B,
  0xB0, 0x2B, 0x0E, 0x77, 0x20, 0xBB, 0x02, 0xB0, 0xE7, 0x72, 0x0B, 0xB0, 0x2B, 0x0E, 0x77, 0x20,
  0xBB, 0x02, 0xB0, 0xE7, 0x72, 0x0B, 0xB0, 0x2B, 0x0E, 0x77, 0x20, 0xBB, 0x02, 0xB0, 0xE7, 0x72,
  0x0B, 0xB0, 0x2B, 0x0E, 0x77, 0x20, 0xBB, 0x02, 0xB0, 0xE7, 0x72, 0x0B, 0xB0, 0x2B, 0x0E, 0x77,
  0x20, 0xBB, 0x02, 0xB0, 0xE7, 0x72, 0x0B, 0xB0, 0x2B, 0x0E, 0x77, 0x20, 0xCB, 0x01, 0x0E, 0xB7,
  0x72, 0x0D, 0xB1, 0x0B, 0xB0, 0x37, 0x70, 0x1B, 0x81, 0xD0, 0x7B, 0x08, 0x77, 0x06, 0xB8, 0x19,
  0x02, 0xB0, 0xE0, 0x17, 0x60, 0xDB, 0x04, 0x20, 0xAB, 0x0B, 0x75, 0x0A, 0xB0, 0xC3, 0x02, 0x0E,
  0xB0, 0xC0, 0x37, 0x10, 0x10, 0xAC, 0x03, 0x40, 0x4D, 0x86, 0xC7, 0x54, 0x34, 0x6A, 0xD0, 0x66,
  0x04, 0x0E, 0xFF, 0x0E, 0x05, 0x71, 0x02, 0x09, 0xFD, 0x0A, 0x02, 0x74, 0x83, 0x16, 0xAC, 0xEA,
  0x83, 0xEC, 0xA6, 0x17,
  // "ŭ" (U+016D), RLE, 151 bytes saved (43.5%)
  0x30, 0x2A, 0x03, 0x70, 0x1A, 0x05, 0x78, 0x1E, 0xF9, 0x70, 0x8A, 0x02, 0x70, 0xAA, 0x85, 0xB6,
  0x43, 0x46, 0xBA, 0x0B, 0x71, 0x02, 0x0E, 0xFA, 0x0E, 0x03, 0x72, 0x04, 0x0E, 0xF0, 0xE0, 0x47,
  0x48, 0x71, 0x8C, 0xEF, 0xEC, 0x71, 0x80, 0x98, 0x10, 0x08, 0xB0, 0x67, 0x40, 0x6B, 0x07, 0x08,
  0xB0, 0x67, 0x40, 0x6B, 0x07, 0x08, 0xB0, 0x67, 0x40, 0x6B, 0x07, 0x08, 0xB0, 0x67, 0x40, 0x6B,
  0x07, 0x08, 0xB0, 0x67, 0x40, 0x6B, 0x07, 0x08, 0xB0, 0x67, 0x40, 0x6B, 0x07, 0x08, 0xB0, 0x67,
  0x40, 0x6B, 0x07, 0x08, 0xB0, 0x67, 0x40, 0x6B, 0x07, 0x08, 0xB0, 0x67, 0x40, 0x6B, 0x07, 0x08,
  0xB0, 0x67, 0x40, 0x6B, 0x07, 0x08, 0xB0, 0x67, 0x40, 0x6B, 0x07, 0x08, 0xB0, 0x67, 0x40, 0x6B,
  0x07, 0x08, 0xB0, 0x67, 0x40, 0x6B, 0x07, 0x08, 0xB0, 0x67, 0x40, 0x7B, 0x07, 0x08, 0xB0, 0x67,
  0x40, 0x8B, 0x07, 0x08, 0xB0, 0x67, 0x40, 0xBB, 0x00, 0x7B, 0x07, 0x74, 0x0E, 0xB0, 0x70, 0x5B,
  0x0A, 0x73, 0x05, 0xC0, 0x70, 0x2C, 0x02, 0x72, 0x0D, 0xC8, 0x17, 0x0D, 0xB0, 0xC0, 0x16, 0x01,
  0x0B, 0xD8, 0x17, 0x06, 0xC8, 0x6E, 0x84, 0x34, 0x69, 0xEA, 0x0B, 0xB0, 0x72, 0x0B, 0xFD, 0x09,
  0x01, 0xB0, 0x73, 0x09, 0xFA, 0x0E, 0x06, 0x20, 0xEA, 0x07, 0x48, 0x90, 0x28, 0xBE, 0xFE, 0xDB,
  0x61, 0x30, 0xCA, 0x07,
  // "Ů" (U+016E), RLE, 317 bytes saved (56.3%)
  0x75, 0x02, 0x01, 0x77, 0x60, 0x40, 0xCB, 0x0C, 0x04, 0x77, 0x30, 0x4F, 0x06, 0x77, 0x28, 0x5D,
  0xFD, 0x40, 0x3C, 0xA0, 0x17, 0x70, 0x2A, 0x04, 0x30, 0x3A, 0x05, 0x77, 0x03, 0xA0, 0x24, 0xA0,
  0x67, 0x70, 0x1A, 0x05, 0x30, 0x3A, 0x04, 0x77, 0x18, 0x7C, 0xFE, 0x53, 0x5D, 0xFE, 0x77, 0x20,
  0x30, 0xEE, 0x04, 0x77, 0x38, 0x52, 0x9D, 0xFE, 0xA2, 0x80, 0x9D, 0x10, 0xB0, 0xE7, 0x72, 0x0B,
  0xB0, 0x2B, 0x0E, 0x77, 0x20, 0xBB, 0x02, 0xB0, 0xE7, 0x72, 0x0B, 0xB0, 0x2B, 0x0E, 0x77, 0x20,
  0xBB, 0x02, 0xB0, 0xE7, 0x72, 0x0B, 0xB0, 0x2B, 0x0E, 0x77, 0x20, 0xBB, 0x02, 0xB0, 0xE7, 0x72,
  0x0B, 0xB0, 0x2B, 0x0E, 0x77, 0x20, 0xBB, 0x02, 0xB0, 0xE7, 0x72, 0x0B, 0xB0, 0x2B, 0x0E, 0x77,
  0x20, 0xBB, 0x02, 0xB0, 0xE7, 0x72, 0x0B, 0xB0, 0x2B, 0x0E, 0x77, 0x20, 0xBB, 0x02, 0xB0, 0xE7,
  0x72, 0x0B, 0xB0, 0x2B, 0x0E, 0x77, 0x20, 0xBB, 0x02, 0xB0, 0xE7, 0x72, 0x0B, 0xB0, 0x2B, 0x0E,
  0x77, 0x20, 0xBB, 0x02, 0xB0, 0xE7, 0x72, 0x0B, 0xB0, 0x2B, 0x0E, 0x77, 0x20, 0xBB, 0x02, 0xB0,
  0xE7, 0x72, 0x0B, 0xB0, 0x2B, 0x0E, 0x77, 0x20, 0xBB, 0x02, 0xB0, 0xE7, 0x72, 0x0C, 0xB0, 0x10,
  0xEB, 0x77, 0x20, 0xDB, 0x10, 0xBB, 0x03, 0x77, 0x01, 0xB8, 0x1D, 0x07, 0xB0, 0x87, 0x70, 0x6B,
  0x81, 0x90, 0x2B, 0x0E, 0x01, 0x76, 0x0D, 0xB0, 0x42, 0x0A, 0xB0, 0xB7, 0x50, 0xAB, 0x0C, 0x30,
  0x20, 0xEB, 0x0C, 0x03, 0x71, 0x01, 0x0A, 0xC0, 0x34, 0x04, 0xD8, 0x6C, 0x75, 0x43, 0x46, 0xAD,
  0x06, 0x60, 0x40, 0xEF, 0xF0, 0xE0, 0x57, 0x10, 0x20, 0x9F, 0xD0, 0xA0, 0x27, 0x48, 0x31, 0x6A,
  0xCE, 0xA8, 0x3E, 0xCA, 0x61, 0x70,
  // "ů" (U+016F), RLE, 176 bytes saved (45.2%)
  0x73, 0x02, 0x01, 0x77, 0x20, 0x40, 0xCB, 0x0C, 0x04, 0x76, 0x04, 0xF0, 0x67, 0x58, 0x5D, 0xFD,
  0x40, 0x3C, 0xA0, 0x17, 0x30, 0x2A, 0x04, 0x30, 0x3A, 0x05, 0x73, 0x03, 0xA0, 0x24, 0xA0, 0x67,
  0x30, 0x1A, 0x05, 0x30, 0x3A, 0x04, 0x74, 0x87, 0xCF, 0xE5, 0x35, 0xDF, 0xE7, 0x50, 0x30, 0xEE,
  0x04, 0x76, 0x85, 0x29, 0xDF, 0xEA, 0x28, 0x09, 0x82, 0x00, 0x8B, 0x06, 0x74, 0x06, 0xB0, 0x70,
  0x8B, 0x06, 0x74, 0x06, 0xB0, 0x70, 0x8B, 0x06, 0x74, 0x06, 0xB0, 0x70, 0x8B, 0x06, 0x74, 0x06,
  0xB0, 0x70, 0x8B, 0x06, 0x74, 0x06, 0xB0, 0x70, 0x8B, 0x06, 0x74, 0x06, 0xB0, 0x70, 0x8B, 0x06,
  0x74, 0x06, 0xB0, 0x70, 0x8B, 0x06, 0x74, 0x06, 0xB0, 0x70, 0x8B, 0x06, 0x74, 0x06, 0xB0, 0x70,
  0x8B, 0x06, 0x74, 0x06, 0xB0, 0x70, 0x8B, 0x06, 0x74, 0x06, 0xB0, 0x70, 0x8B, 0x06, 0x74, 0x06,
  0xB0, 0x70, 0x8B, 0x06, 0x74, 0x06, 0xB0, 0x70, 0x8B, 0x06, 0x74, 0x07, 0xB0, 0x70, 0x8B, 0x06,
  0x74, 0x08, 0xB0, 0x70, 0x8B, 0x06, 0x74, 0x0B, 0xB0, 0x07, 0xB0, 0x77, 0x40, 0xEB, 0x07, 0x05,
  0xB0, 0xA7, 0x30, 0x5C, 0x07, 0x02, 0xC0, 0x27, 0x20, 0xDC, 0x81, 0x70, 0xDB, 0x0C, 0x01, 0x60,
  0x10, 0xBD, 0x81, 0x70, 0x6C, 0x86, 0xE8, 0x43, 0x46, 0x9E, 0xA0, 0xBB, 0x07, 0x20, 0xBF, 0xD0,
  0x90, 0x1B, 0x07, 0x30, 0x9F, 0xA0, 0xE0, 0x62, 0x0E, 0xA0, 0x74, 0x89, 0x02, 0x8B, 0xEF, 0xED,
  0xB6, 0x13, 0x0C, 0xA0, 0x70,
  // "Ű" (U+0170), RLE, 287 bytes saved (54.7%)
  0x73, 0x0A, 0xB0, 0xB3, 0x0D, 0xB0, 0x77, 0x40, 0x2B, 0x0E, 0x02, 0x20, 0x7B, 0x0C, 0x75, 0x0B,
  0xB0, 0x52, 0x01, 0x0E, 0xA0, 0xE0, 0x27, 0x40, 0x4B, 0x07, 0x30, 0x9B, 0x03, 0x75, 0x0D, 0xA0,
  0x93, 0x02, 0xB0, 0x57, 0x50, 0x8A, 0x09, 0x40, 0xCA, 0x06, 0x75, 0x02, 0xA0, 0x84, 0x82, 0x6F,
  0xE5, 0x80, 0x9C, 0x70, 0xB0, 0xE7, 0x72, 0x0B, 0xB0, 0x2B, 0x0E, 0x77, 0x20, 0xBB, 0x02, 0xB0,
  0xE7, 0x72, 0x0B, 0xB0, 0x2B, 0x0E, 0x77, 0x20, 0xBB, 0x02, 0xB0, 0xE7, 0x72, 0x0B, 0xB0, 0x2B,
  0x0E, 0x77, 0x20, 0xBB, 0x02, 0xB0, 0xE7, 0x72, 0x0B, 0xB0, 0x2B, 0x0E, 0x77, 0x20, 0xBB, 0x02,
  0xB0, 0xE7, 0x72, 0x0B, 0xB0, 0x2B, 0x0E, 0x77, 0x20, 0xBB, 0x02, 0xB0, 0xE7, 0x72, 0x0B, 0xB0,
  0x2B, 0x0E, 0x77, 0x20, 0xBB, 0x02, 0xB0, 0xE7, 0x72, 0x0B, 0xB0, 0x2B, 0x0E, 0x77, 0x20, 0xBB,
  0x02, 0xB0, 0xE7, 0x72, 0x0B, 0xB0, 0x2B, 0x0E, 0x77, 0x20, 0xBB, 0x02, 0xB0, 0xE7, 0x72, 0x0B,
  0xB0, 0x2B, 0x0E, 0x77, 0x20, 0xBB, 0x02, 0xB0, 0xE7, 0x72, 0x0B, 0xB0, 0x2B, 0x0E, 0x77, 0x20,
  0xBB, 0x02, 0xB0, 0xE7, 0x72, 0x0C, 0xB0, 0x10, 0xEB, 0x77, 0x20, 0xDB, 0x10, 0xBB, 0x03, 0x77,
  0x01, 0xB8, 0x1D, 0x07, 0xB0, 0x87, 0x70, 0x6B, 0x81, 0x90, 0x2B, 0x0E, 0x01, 0x76, 0x0D, 0xB0,
  0x42, 0x0A, 0xB0, 0xB7, 0x50, 0xAB, 0x0C, 0x30, 0x20, 0xEB, 0x0C, 0x03, 0x71, 0x01, 0x0A, 0xC0,
  0x34, 0x04, 0xD8, 0x6C, 0x75, 0x43, 0x46, 0xAD, 0x06, 0x60, 0x40, 0xEF, 0xF0, 0xE0, 0x57, 0x10,
  0x20, 0x9F, 0xD0, 0xA0, 0x27, 0x48, 0x31, 0x6A, 0xCE, 0xA8, 0x3E, 0xCA, 0x61, 0x70,
  // "ű" (U+0171), RLE, 151 bytes saved (42.3%)
  0x71, 0x0A, 0xB0, 0xB3, 0x0D, 0xB0, 0x77, 0x02, 0xB0, 0xE0, 0x22, 0x07, 0xB0, 0xC7, 0x10, 0xBB,
  0x05, 0x20, 0x10, 0xEA, 0x0E, 0x02, 0x70, 0x4B, 0x07, 0x30, 0x9B, 0x03, 0x71, 0x0D, 0xA0, 0x93,
  0x02, 0xB0, 0x57, 0x10, 0x8A, 0x09, 0x40, 0xCA, 0x06, 0x71, 0x02, 0xA0, 0x84, 0x82, 0x6F, 0xE5,
  0x80, 0x98, 0x00, 0x08, 0xB0, 0x67, 0x40, 0x6B, 0x07, 0x08, 0xB0, 0x67, 0x40, 0x6B, 0x07, 0x08,
  0xB0, 0x67, 0x40, 0x6B, 0x07, 0x08, 0xB0, 0x67, 0x40, 0x6B, 0x07, 0x08, 0xB0, 0x67, 0x40, 0x6B,
  0x07, 0x08, 0xB0, 0x67, 0x40, 0x6B, 0x07, 0x08, 0xB0, 0x67, 0x40, 0x6B, 0x07, 0x08, 0xB0, 0x67,
  0x40, 0x6B, 0x07, 0x08, 0xB0, 0x67, 0x40, 0x6B, 0x07, 0x08, 0xB0, 0x67, 0x40, 0x6B, 0x07, 0x08,
  0xB0, 0x67, 0x40, 0x6B, 0x07, 0x08, 0xB0, 0x67, 0x40, 0x6B, 0x07, 0x08, 0xB0, 0x67, 0x40, 0x6B,
  0x07, 0x08, 0xB0, 0x67, 0x40, 0x7B, 0x07, 0x08, 0xB0, 0x67, 0x40, 0x8B, 0x07, 0x08, 0xB0, 0x67,
  0x40, 0xBB, 0x00, 0x7B, 0x07, 0x74, 0x0E, 0xB0, 0x70, 0x5B, 0x0A, 0x73, 0x05, 0xC0, 0x70, 0x2C,
  0x02, 0x72, 0x0D, 0xC8, 0x17, 0x0D, 0xB0, 0xC0, 0x16, 0x01, 0x0B, 0xD8, 0x17, 0x06, 0xC8, 0x6E,
  0x84, 0x34, 0x69, 0xEA, 0x0B, 0xB0, 0x72, 0x0B, 0xFD, 0x09, 0x01, 0xB0, 0x73, 0x09, 0xFA, 0x0E,
  0x06, 0x20, 0xEA, 0x07, 0x48, 0x90, 0x28, 0xBE, 0xFE, 0xDB, 0x61, 0x30, 0xCA, 0x07,
  // "Ų" (U+0172), RLE, 272 bytes saved (54.4%)
  0xB0, 0xE7, 0x72, 0x0B, 0xB0, 0x2B, 0x0E, 0x77, 0x20, 0xBB, 0x02, 0xB0, 0xE7, 0x72, 0x0B, 0xB0,
  0x2B, 0x0E, 0x77, 0x20, 0xBB, 0x02, 0xB0, 0xE7, 0x72, 0x0B, 0xB0, 0x2B, 0x0E, 0x77, 0x20, 0xBB,
  0x02, 0xB0, 0xE7, 0x72, 0x0B, 0xB0, 0x2B, 0x0E, 0x77, 0x20, 0xBB, 0x02, 0xB0, 0xE7, 0x72, 0x0B,
  0xB0, 0x2B, 0x0E, 0x77, 0x20, 0xBB, 0x02, 0xB0, 0xE7, 0x72, 0x0B, 0xB0, 0x2B, 0x0E, 0x77, 0x20,
  0xBB, 0x02, 0xB0, 0xE7, 0x72, 0x0B, 0xB0, 0x2B, 0x0E, 0x77, 0x20, 0xBB, 0x02, 0xB0, 0xE7, 0x72,
  0x0B, 0xB0, 0x2B, 0x0E, 0x77, 0x20, 0xBB, 0x02, 0xB0, 0xE7, 0x72, 0x0B, 0xB0, 0x2B, 0x0E, 0x77,
  0x20, 0xBB, 0x02, 0xB0, 0xE7, 0x72, 0x0B, 0xB0, 0x2B, 0x0E, 0x77, 0x20, 0xBB, 0x02, 0xB0, 0xE7,
  0x72, 0x0C, 0xB1, 0x0E, 0xB7, 0x72, 0x0D, 0xA8, 0x1E, 0x0B, 0xB0, 0x37, 0x70, 0x1B, 0x81, 0xB0,
  0x7B, 0x08, 0x77, 0x06, 0xB8, 0x16, 0x02, 0xB0, 0xE0, 0x17, 0x60, 0xDA, 0x0E, 0x01, 0x20, 0xAB,
  0x0B, 0x75, 0x0A, 0xB0, 0x73, 0x02, 0x0E, 0xB0, 0xC0, 0x37, 0x10, 0x10, 0xAB, 0x0B, 0x50, 0x4D,
  0x86, 0xC7, 0x54, 0x34, 0x6A, 0xC0, 0xB7, 0x04, 0x0E, 0xFF, 0x0C, 0x72, 0x02, 0x09, 0xFD, 0x0D,
  0x01, 0x74, 0x83, 0x16, 0xAC, 0xEA, 0x81, 0xEC, 0xDA, 0x03, 0x77, 0x68, 0x21, 0xEF, 0x77, 0x77,
  0x81, 0xAF, 0xE7, 0x77, 0x02, 0xA0, 0xA7, 0x77, 0x07, 0xA0, 0x87, 0x77, 0x09, 0xA0, 0xA7, 0x77,
  0x09, 0xB8, 0x27, 0x34, 0x37, 0x73, 0x05, 0xE0, 0x97, 0x74, 0x0C, 0xD0, 0x97, 0x74, 0x81, 0x18,
  0xDA, 0x0C, 0x05, 0x40,
  // "ų" (U+0173), RLE, 164 bytes saved (45.9%)
  0x08, 0xB0, 0x67, 0x40, 0x6B, 0x07, 0x08, 0xB0, 0x67, 0x40, 0x6B, 0x07, 0x08, 0xB0, 0x67, 0x40,
  0x6B, 0x07, 0x08, 0xB0, 0x67, 0x40, 0x6B, 0x07, 0x08, 0xB0, 0x67, 0x40, 0x6B, 0x07, 0x08, 0xB0,
  0x67, 0x40, 0x6B, 0x07, 0x08, 0xB0, 0x67, 0x40, 0x6B, 0x07, 0x08, 0xB0, 0x67, 0x40, 0x6B, 0x07,
  0x08, 0xB0, 0x67, 0x40, 0x6B, 0x07, 0x08, 0xB0, 0x67, 0x40, 0x6B, 0x07, 0x08, 0xB0, 0x67, 0x40,
  0x6B, 0x07, 0x08, 0xB0, 0x67, 0x40, 0x6B, 0x07, 0x08, 0xB0, 0x67, 0x40, 0x6B, 0x07, 0x08, 0xB0,
  0x67, 0x40, 0x7B, 0x07, 0x08, 0xB0, 0x67, 0x40, 0x8B, 0x07, 0x08, 0xB0, 0x67, 0x40, 0xBB, 0x00,
  0x7B, 0x07, 0x74, 0x0E, 0xB0, 0x70, 0x5B, 0x0A, 0x73, 0x05, 0xC0, 0x70, 0x2C, 0x02, 0x72, 0x0D,
  0xC8, 0x17, 0x0D, 0xB0, 0xC0, 0x16, 0x01, 0x0B, 0xD8, 0x17, 0x06, 0xC8, 0x6E, 0x84, 0x34, 0x69,
  0xEA, 0x0B, 0xB0, 0x72, 0x0B, 0xFD, 0x09, 0x01, 0xB0, 0x73, 0x09, 0xFA, 0x0E, 0x06, 0x20, 0xEA,
  0x07, 0x48, 0x90, 0x28, 0xBE, 0xFE, 0xDB, 0x61, 0x3B, 0x07, 0x77, 0x28, 0x2B, 0xFE, 0x37, 0x72,
  0x09, 0xA0, 0x47, 0x72, 0x04, 0xA0, 0x97, 0x73, 0x0C, 0xA0, 0x27, 0x72, 0x01, 0xB7, 0x73, 0x03,
  0xB7, 0x73, 0x02, 0xB8, 0x2A, 0x44, 0x57, 0x70, 0xEE, 0x77, 0x06, 0xE7, 0x71, 0x84, 0x4B, 0xEF,
  0xEA,
  // "Ŵ" (U+0174), RLE, 473 bytes saved (54.9%)
  0x77, 0x30, 0x2C, 0x06, 0x77, 0x77, 0x70, 0xCC, 0x0E, 0x02, 0x77, 0x77, 0x50, 0xAE, 0x0D, 0x01,
  0x77, 0x77, 0x30, 0x8B, 0x0A, 0x07, 0xB0, 0xB7, 0x77, 0x72, 0x05, 0xB0, 0x82, 0x05, 0xB0, 0xA7,
  0x77, 0x70, 0x4B, 0x06, 0x40, 0x40, 0xEA, 0x09, 0x77, 0x75, 0x02, 0xA0, 0xD0, 0x36, 0x01, 0x0B,
  0xA0, 0x78, 0x0A, 0xD5, 0x00, 0x5B, 0x0C, 0x76, 0x0D, 0xB0, 0x77, 0x60, 0xEB, 0x03, 0x01, 0xC7,
  0x50, 0x2C, 0x0C, 0x75, 0x02, 0xB0, 0xE2, 0x0C, 0xB0, 0x47, 0x40, 0x7D, 0x01, 0x74, 0x06, 0xB0,
  0xA2, 0x08, 0xB0, 0x87, 0x40, 0xCD, 0x06, 0x74, 0x0A, 0xB0, 0x62, 0x04, 0xB0, 0xC7, 0x30, 0x1E,
  0x0B, 0x74, 0x0E, 0xB0, 0x13, 0x0E, 0xB0, 0x17, 0x20, 0x5B, 0x0A, 0xB7, 0x30, 0x3B, 0x0D, 0x40,
  0xBB, 0x05, 0x72, 0x0A, 0xA0, 0xE0, 0x4B, 0x05, 0x72, 0x07, 0xB0, 0x94, 0x07, 0xB0, 0x97, 0x20,
  0xEA, 0x0A, 0x1B, 0x0A, 0x72, 0x0A, 0xB0, 0x44, 0x03, 0xB0, 0xD7, 0x10, 0x3B, 0x81, 0x60, 0xBA,
  0x0E, 0x72, 0x0E, 0xB0, 0x15, 0x0E, 0xB0, 0x17, 0x08, 0xB8, 0x12, 0x07, 0xB0, 0x37, 0x03, 0xB0,
  0xC6, 0x0A, 0xB0, 0x57, 0x0D, 0xA0, 0xD2, 0x03, 0xB0, 0x87, 0x07, 0xB0, 0x76, 0x06, 0xB0, 0x96,
  0x02, 0xB0, 0x93, 0x0D, 0xA0, 0xD7, 0x0B, 0xB0, 0x36, 0x01, 0xB0, 0xD6, 0x06, 0xB0, 0x43, 0x09,
  0xB0, 0x26, 0x0E, 0xA0, 0xE7, 0x10, 0xDB, 0x02, 0x50, 0xBB, 0x40, 0x4B, 0x07, 0x50, 0x3B, 0x0A,
  0x71, 0x09, 0xB0, 0x65, 0xB0, 0xB5, 0x0E, 0xA0, 0xC5, 0x07, 0xB0, 0x67, 0x10, 0x4B, 0x0A, 0x40,
  0x5B, 0x06, 0x50, 0xAB, 0x01, 0x40, 0xBB, 0x02, 0x72, 0xB0, 0xE4, 0x09, 0xB0, 0x15, 0x06, 0xB0,
  0x64, 0xB0, 0xD7, 0x30, 0xCB, 0x02, 0x30, 0xEA, 0x0C, 0x60, 0x1B, 0x0A, 0x30, 0x4B, 0x09, 0x73,
  0x07, 0xB0, 0x62, 0x03, 0xB0, 0x87, 0x0C, 0xA0, 0xE3, 0x08, 0xB0, 0x57, 0x30, 0x3B, 0x0A, 0x20,
  0x7B, 0x03, 0x70, 0x7B, 0x04, 0x20, 0xBB, 0x01, 0x74, 0x0E, 0xA0, 0xE2, 0x0B, 0xA0, 0xE7, 0x10,
  0x2B, 0x08, 0x2B, 0x0C, 0x75, 0x0A, 0xB0, 0x21, 0xB0, 0xA7, 0x20, 0xDA, 0x81, 0xC0, 0x3B, 0x08,
  0x75, 0x06, 0xB0, 0x50, 0x3B, 0x05, 0x72, 0x09, 0xB0, 0x10, 0x7B, 0x04, 0x75, 0x02, 0xB0, 0x80,
  0x7B, 0x01, 0x72, 0x04, 0xB0, 0x40, 0xAB, 0x77, 0x0D, 0xA0, 0xB0, 0xAA, 0x0B, 0x74, 0x0E, 0xA0,
  0x70, 0xDA, 0x0B, 0x77, 0x09, 0xA0, 0xE0, 0xCA, 0x07, 0x74, 0x0A, 0xA0, 0xBB, 0x07, 0x77, 0x05,
  0xE0, 0x27, 0x40, 0x5E, 0x03, 0x77, 0x01, 0xD0, 0xD7, 0x50, 0x1D, 0x0E, 0x77, 0x20, 0xCC, 0x09,
  0x76, 0x0B, 0xC0, 0xA7, 0x72, 0x08, 0xC0, 0x47, 0x60, 0x7C, 0x06, 0x77, 0x20, 0x4B, 0x0E, 0x77,
  0x02, 0xC0, 0x17, 0x10,
  // "ŵ" (U+0175), RLE, 284 bytes saved (49.1%)
  0x77, 0x02, 0xC0, 0x67, 0x77, 0x70, 0xCC, 0x0E, 0x02, 0x77, 0x75, 0x0A, 0xE0, 0xD0, 0x17, 0x77,
  0x30, 0x8B, 0x0A, 0x07, 0xB0, 0xB7, 0x77, 0x20, 0x5B, 0x08, 0x20, 0x5B, 0x0A, 0x77, 0x70, 0x4B,
  0x06, 0x40, 0x40, 0xEA, 0x09, 0x77, 0x50, 0x2A, 0x0D, 0x03, 0x60, 0x10, 0xBA, 0x07, 0x80, 0x9D,
  0x30, 0x05, 0xB0, 0x97, 0x30, 0xEB, 0x09, 0x73, 0x0E, 0xA0, 0xE0, 0x1B, 0x0D, 0x72, 0x03, 0xC0,
  0xD7, 0x20, 0x3B, 0x81, 0xA0, 0xDB, 0x01, 0x71, 0x08, 0xD0, 0x37, 0x10, 0x7B, 0x81, 0x60, 0x8B,
  0x05, 0x71, 0x0D, 0xD0, 0x77, 0x10, 0xBB, 0x81, 0x20, 0x4B, 0x09, 0x70, 0x2B, 0x0A, 0xA0, 0xC7,
  0x1B, 0x0D, 0x3B, 0x0D, 0x70, 0x7A, 0x0D, 0x05, 0xB0, 0x16, 0x04, 0xB0, 0x93, 0x0B, 0xB0, 0x26,
  0x0C, 0xA0, 0xA0, 0x2B, 0x06, 0x60, 0x8B, 0x04, 0x30, 0x7B, 0x06, 0x50, 0x1B, 0x81, 0x60, 0xDA,
  0x0A, 0x60, 0xCB, 0x40, 0x3B, 0x0A, 0x50, 0x6B, 0x81, 0x20, 0x9A, 0x0E, 0x6B, 0x0C, 0x50, 0xEA,
  0x0E, 0x50, 0xBA, 0x0D, 0x20, 0x4B, 0x04, 0x40, 0x4B, 0x07, 0x50, 0xAB, 0x02, 0x4B, 0x09, 0x3B,
  0x09, 0x40, 0x8B, 0x03, 0x50, 0x6B, 0x06, 0x30, 0x5B, 0x04, 0x30, 0xBA, 0x0D, 0x40, 0xCA, 0x0E,
  0x60, 0x2B, 0x0A, 0x30, 0x9A, 0x0E, 0x40, 0x6B, 0x02, 0x20, 0x1B, 0x0A, 0x70, 0xDA, 0x0E, 0x30,
  0xEA, 0x0A, 0x40, 0x2B, 0x07, 0x20, 0x5B, 0x06, 0x70, 0x9B, 0x81, 0x20, 0x3B, 0x05, 0x50, 0xDA,
  0x0C, 0x20, 0x8B, 0x02, 0x70, 0x5B, 0x81, 0x50, 0x7B, 0x60, 0x8B, 0x81, 0x10, 0xCA, 0x0D, 0x71,
  0x01, 0xB8, 0x19, 0x0B, 0xA0, 0xB6, 0x03, 0xB0, 0x50, 0x1B, 0x09, 0x72, 0x0C, 0xA8, 0x1C, 0x0E,
  0xA0, 0x67, 0x0E, 0xA0, 0x90, 0x4B, 0x04, 0x72, 0x08, 0xB0, 0x3B, 0x01, 0x70, 0x9A, 0x0C, 0x07,
  0xB7, 0x30, 0x4B, 0x09, 0xA0, 0xB7, 0x10, 0x5B, 0x0B, 0xA0, 0xC7, 0x40, 0xED, 0x07, 0x72, 0xE0,
  0x77, 0x40, 0xBD, 0x02, 0x72, 0x0B, 0xD0, 0x37, 0x40, 0x7C, 0x0C, 0x73, 0x06, 0xC0, 0xE7, 0x50,
  0x2C, 0x08, 0x73, 0x02, 0xC0, 0xA6,
  // "Ŷ" (U+0176), RLE, 313 bytes saved (59.6%)
  0x72, 0x02, 0xC0, 0x67, 0x75, 0x0C, 0xC0, 0xE0, 0x27, 0x73, 0x0A, 0xE0, 0xD0, 0x17, 0x71, 0x08,
  0xB0, 0xA0, 0x7B, 0x0B, 0x77, 0x05, 0xB0, 0x82, 0x05, 0xB0, 0xA7, 0x50, 0x4B, 0x06, 0x40, 0x40,
  0xEA, 0x09, 0x73, 0x02, 0xA0, 0xD0, 0x36, 0x01, 0x0B, 0xA0, 0x78, 0x09, 0xC5, 0x00, 0xBB, 0x08,
  0x77, 0x10, 0x9B, 0x09, 0x02, 0xC0, 0x17, 0x60, 0x2C, 0x81, 0x10, 0x9B, 0x09, 0x76, 0x0A, 0xB0,
  0x82, 0x01, 0xC0, 0x27, 0x40, 0x3B, 0x0E, 0x40, 0x8B, 0x0A, 0x74, 0x0B, 0xB0, 0x64, 0x01, 0x0E,
  0xB0, 0x37, 0x20, 0x4B, 0x0D, 0x60, 0x7B, 0x0B, 0x72, 0x0C, 0xB0, 0x57, 0x0D, 0xB0, 0x47, 0x05,
  0xB0, 0xB7, 0x10, 0x5B, 0x0C, 0x70, 0xDB, 0x03, 0x72, 0x0C, 0xB0, 0x45, 0x06, 0xB0, 0xA7, 0x30,
  0x4B, 0x0C, 0x50, 0xDB, 0x02, 0x74, 0x0B, 0xB0, 0x53, 0x07, 0xB0, 0x87, 0x50, 0x2B, 0x0D, 0x30,
  0xEA, 0x0E, 0x01, 0x76, 0x09, 0xB8, 0x16, 0x07, 0xB0, 0x77, 0x70, 0x1B, 0x81, 0xE2, 0xEA, 0x0D,
  0x77, 0x20, 0x8B, 0x0D, 0xB0, 0x57, 0x72, 0x01, 0x0E, 0xD0, 0xC7, 0x74, 0x06, 0xD0, 0x47, 0x75,
  0x0D, 0xB0, 0xB7, 0x76, 0x08, 0xB0, 0x67, 0x76, 0x08, 0xB0, 0x67, 0x76, 0x08, 0xB0, 0x67, 0x76,
  0x08, 0xB0, 0x67, 0x76, 0x08, 0xB0, 0x67, 0x76, 0x08, 0xB0, 0x67, 0x76, 0x08, 0xB0, 0x67, 0x76,
  0x08, 0xB0, 0x67, 0x76, 0x08, 0xB0, 0x67, 0x76, 0x08, 0xB0, 0x67, 0x76, 0x08, 0xB0, 0x67, 0x76,
  0x08, 0xB0, 0x67, 0x30,
  // "ŷ" (U+0177), RLE, 281 bytes saved (54.2%)
  0x71, 0x02, 0xC0, 0x67, 0x73, 0x0C, 0xC0, 0xE0, 0x27, 0x71, 0x0A, 0xE0, 0xD0, 0x17, 0x60, 0x8B,
  0x0A, 0x07, 0xB0, 0xB7, 0x50, 0x5B, 0x08, 0x20, 0x5B, 0x0A, 0x73, 0x04, 0xB0, 0x64, 0x04, 0x0E,
  0xA0, 0x97, 0x10, 0x2A, 0x0D, 0x03, 0x60, 0x10, 0xBA, 0x07, 0x80, 0x98, 0x50, 0x0B, 0xB0, 0x57,
  0x60, 0xDB, 0x03, 0x05, 0xB0, 0xB7, 0x50, 0x3B, 0x0D, 0x20, 0xEB, 0x01, 0x74, 0x09, 0xB0, 0x72,
  0x09, 0xB0, 0x77, 0x40, 0xEB, 0x02, 0x20, 0x3B, 0x0D, 0x73, 0x04, 0xB0, 0xC4, 0x0C, 0xB0, 0x37,
  0x20, 0xAB, 0x06, 0x40, 0x6B, 0x08, 0x72, 0x0E, 0xB0, 0x14, 0x01, 0xB0, 0xE7, 0x10, 0x5B, 0x0A,
  0x60, 0xAB, 0x04, 0x70, 0xAB, 0x04, 0x60, 0x3B, 0x0A, 0x60, 0x1B, 0x0E, 0x71, 0x0D, 0xB0, 0x15,
  0x05, 0xB0, 0x87, 0x10, 0x7B, 0x06, 0x50, 0xBB, 0x03, 0x71, 0x01, 0xB0, 0xC4, 0x01, 0xB0, 0xC7,
  0x30, 0xAB, 0x02, 0x30, 0x6B, 0x07, 0x73, 0x04, 0xB0, 0x73, 0x0B, 0xB0, 0x17, 0x40, 0xDA, 0x0D,
  0x20, 0x1B, 0x0B, 0x75, 0x08, 0xB8, 0x12, 0x06, 0xB0, 0x57, 0x50, 0x2B, 0x81, 0x70, 0xBA, 0x0E,
  0x77, 0x0B, 0xA0, 0xC1, 0xB0, 0x97, 0x70, 0x5B, 0x05, 0xB0, 0x37, 0x71, 0x0E, 0xA0, 0xDA, 0x0D,
  0x77, 0x20, 0x9D, 0x07, 0x77, 0x20, 0x2D, 0x02, 0x77, 0x30, 0xCB, 0x0B, 0x77, 0x40, 0x8B, 0x06,
  0x77, 0x40, 0xDB, 0x77, 0x40, 0x4B, 0x0A, 0x77, 0x40, 0xAB, 0x04, 0x77, 0x30, 0x2B, 0x0D, 0x77,
  0x40, 0xBB, 0x06, 0x77, 0x30, 0x8B, 0x0D, 0x75, 0x84, 0x35, 0x33, 0x6C, 0xC0, 0x47, 0x50, 0x8F,
  0x90, 0x77, 0x60, 0x8F, 0x07, 0x77, 0x86, 0x5C, 0xEF, 0xEC, 0x82, 0x77, 0x10,
  // "Ÿ" (U+0178), RLE, 303 bytes saved (60.6%)
  0x78, 0x2A, 0xEC, 0x24, 0x82, 0x7E, 0xD4, 0x75, 0x05, 0xB0, 0x93, 0x01, 0xB0, 0xD7, 0x50, 0x5B,
  0x09, 0x30, 0x1B, 0x0C, 0x76, 0x82, 0xAE, 0xC1, 0x48, 0x27, 0xED, 0x48, 0x09, 0xF7, 0x00, 0xBB,
  0x08, 0x77, 0x10, 0x9B, 0x09, 0x02, 0xC0, 0x17, 0x60, 0x2C, 0x81, 0x10, 0x9B, 0x09, 0x76, 0x0A,
  0xB0, 0x82, 0x01, 0xC0, 0x27, 0x40, 0x3B, 0x0E, 0x40, 0x8B, 0x0A, 0x74, 0x0B, 0xB0, 0x64, 0x01,
  0x0E, 0xB0, 0x37, 0x20, 0x4B, 0x0D, 0x60, 0x7B, 0x0B, 0x72, 0x0C, 0xB0, 0x57, 0x0D, 0xB0, 0x47,
  0x05, 0xB0, 0xB7, 0x10, 0x5B, 0x0C, 0x70, 0xDB, 0x03, 0x72, 0x0C, 0xB0, 0x45, 0x06, 0xB0, 0xA7,
  0x30, 0x4B, 0x0C, 0x50, 0xDB, 0x02, 0x74, 0x0B, 0xB0, 0x53, 0x07, 0xB0, 0x87, 0x50, 0x2B, 0x0D,
  0x30, 0xEA, 0x0E, 0x01, 0x76, 0x09, 0xB8, 0x16, 0x07, 0xB0, 0x77, 0x70, 0x1B, 0x81, 0xE2, 0xEA,
  0x0D, 0x77, 0x20, 0x8B, 0x0D, 0xB0, 0x57, 0x72, 0x01, 0x0E, 0xD0, 0xC7, 0x74, 0x06, 0xD0, 0x47,
  0x75, 0x0D, 0xB0, 0xB7, 0x76, 0x08, 0xB0, 0x67, 0x76, 0x08, 0xB0, 0x67, 0x76, 0x08, 0xB0, 0x67,
  0x76, 0x08, 0xB0, 0x67, 0x76, 0x08, 0xB0, 0x67, 0x76, 0x08, 0xB0, 0x67, 0x76, 0x08, 0xB0, 0x67,
  0x76, 0x08, 0xB0, 0x67, 0x76, 0x08, 0xB0, 0x67, 0x76, 0x08, 0xB0, 0x67, 0x76, 0x08, 0xB0, 0x67,
  0x76, 0x08, 0xB0, 0x67, 0x30,
  // "Ź" (U+0179), RLE, 320 bytes saved (66.3%)
  0x75, 0x05, 0xC0, 0x77, 0x73, 0x0D, 0xB0, 0xC7, 0x73, 0x07, 0xB0, 0xD0, 0x17, 0x72, 0x02, 0xB0,
  0xD0, 0x27, 0x73, 0x0C, 0xA0, 0xE0, 0x27, 0x73, 0x07, 0xA0, 0xD0, 0x27, 0x73, 0x02, 0xA0, 0xC0,
  0x18, 0x09, 0xC3, 0x00, 0xCF, 0xFE, 0x20, 0xCF, 0xFE, 0x20, 0xCF, 0xFE, 0x20, 0x28, 0x09, 0x23,
  0x04, 0x0E, 0xB0, 0x77, 0x73, 0x09, 0xB0, 0xC7, 0x73, 0x04, 0xC0, 0x37, 0x73, 0x0D, 0xB0, 0x87,
  0x73, 0x09, 0xB0, 0xD7, 0x73, 0x04, 0xC0, 0x37, 0x73, 0x0D, 0xB0, 0x87, 0x73, 0x09, 0xB0, 0xD7,
  0x73, 0x03, 0xC0, 0x37, 0x73, 0x0D, 0xB0, 0x87, 0x73, 0x08, 0xB0, 0xD7, 0x73, 0x03, 0xC0, 0x37,
  0x73, 0x0D, 0xB0, 0x97, 0x73, 0x08, 0xB0, 0xD7, 0x73, 0x03, 0xC0, 0x47, 0x73, 0x0C, 0xB0, 0x97,
  0x73, 0x08, 0xB0, 0xD7, 0x73, 0x03, 0xC0, 0x47, 0x73, 0x0C, 0xB0, 0x97, 0x73, 0x07, 0xB0, 0xD7,
  0x73, 0x02, 0xC0, 0x47, 0x73, 0x0C, 0xB0, 0x97, 0x73, 0x07, 0xB0, 0xE0, 0x17, 0x72, 0x02, 0xC0,
  0x47, 0x73, 0x0C, 0xB0, 0xC8, 0x09, 0x43, 0x01, 0x04, 0xFF, 0xF0, 0x70, 0x5F, 0xFF, 0x07, 0x05,
  0xFF, 0xF0, 0x70,
  // "ź" (U+017A), RLE, 182 bytes saved (59.5%)
  0x73, 0x05, 0xC0, 0x77, 0x50, 0xDB, 0x0C, 0x75, 0x07, 0xB0, 0xD0, 0x17, 0x40, 0x2B, 0x0D, 0x02,
  0x75, 0x0C, 0xA0, 0xE0, 0x27, 0x50, 0x7A, 0x0D, 0x02, 0x75, 0x02, 0xA0, 0xC0, 0x18, 0x0F, 0x20,
  0x08, 0xFF, 0x98, 0x1A, 0x08, 0xFF, 0x98, 0x1A, 0x08, 0xFF, 0x98, 0x1A, 0x01, 0x80, 0x73, 0x0D,
  0xB0, 0x57, 0x50, 0x7B, 0x0A, 0x75, 0x03, 0xB0, 0xD0, 0x17, 0x50, 0xDB, 0x04, 0x75, 0x09, 0xB0,
  0x87, 0x50, 0x5B, 0x0C, 0x75, 0x01, 0x0E, 0xB0, 0x27, 0x50, 0xBB, 0x06, 0x75, 0x06, 0xB0, 0xB7,
  0x50, 0x2B, 0x0E, 0x01, 0x75, 0x0C, 0xB0, 0x47, 0x50, 0x8B, 0x09, 0x75, 0x03, 0xB0, 0xD7, 0x60,
  0xDB, 0x03, 0x75, 0x0A, 0xB0, 0x77, 0x50, 0x5B, 0x0B, 0x75, 0x01, 0x0E, 0xA0, 0xE0, 0x17, 0x50,
  0xBB, 0x08, 0x80, 0x90, 0x30, 0x4F, 0xFB, 0x04, 0xFF, 0xB0, 0x4F, 0xFB,
  // "Ż" (U+017B), RLE, 309 bytes saved (67.2%)
  0x73, 0x82, 0x5D, 0xE6, 0x77, 0x40, 0x1C, 0x01, 0x77, 0x30, 0x3C, 0x03, 0x77, 0x30, 0x1C, 0x01,
  0x77, 0x48, 0x25, 0xDE, 0x68, 0x09, 0xC2, 0x00, 0xCF, 0xFE, 0x20, 0xCF, 0xFE, 0x20, 0xCF, 0xFE,
  0x20, 0x28, 0x09, 0x23, 0x04, 0x0E, 0xB0, 0x77, 0x73, 0x09, 0xB0, 0xC7, 0x73, 0x04, 0xC0, 0x37,
  0x73, 0x0D, 0xB0, 0x87, 0x73, 0x09, 0xB0, 0xD7, 0x73, 0x04, 0xC0, 0x37, 0x73, 0x0D, 0xB0, 0x87,
  0x73, 0x09, 0xB0, 0xD7, 0x73, 0x03, 0xC0, 0x37, 0x73, 0x0D, 0xB0, 0x87, 0x73, 0x08, 0xB0, 0xD7,
  0x73, 0x03, 0xC0, 0x37, 0x73, 0x0D, 0xB0, 0x97, 0x73, 0x08, 0xB0, 0xD7, 0x73, 0x03, 0xC0, 0x47,
  0x73, 0x0C, 0xB0, 0x97, 0x73, 0x08, 0xB0, 0xD7, 0x73, 0x03, 0xC0, 0x47, 0x73, 0x0C, 0xB0, 0x97,
  0x73, 0x07, 0xB0, 0xD7, 0x73, 0x02, 0xC0, 0x47, 0x73, 0x0C, 0xB0, 0x97, 0x73, 0x07, 0xB0, 0xE0,
  0x17, 0x72, 0x02, 0xC0, 0x47, 0x73, 0x0C, 0xB0, 0xC8, 0x09, 0x43, 0x01, 0x04, 0xFF, 0xF0, 0x70,
  0x5F, 0xFF, 0x07, 0x05, 0xFF, 0xF0, 0x70,
  // "ż" (U+017C), RLE, 175 bytes saved (60.8%)
  0x78, 0x25, 0xDE, 0x67, 0x60, 0x1C, 0x01, 0x75, 0x03, 0xC0, 0x37, 0x50, 0x1C, 0x01, 0x76, 0x82,
  0x5D, 0xE6, 0x80, 0xF2, 0x00, 0x8F, 0xF9, 0x81, 0xA0, 0x8F, 0xF9, 0x81, 0xA0, 0x8F, 0xF9, 0x81,
  0xA0, 0x18, 0x07, 0x30, 0xDB, 0x05, 0x75, 0x07, 0xB0, 0xA7, 0x50, 0x3B, 0x0D, 0x01, 0x75, 0x0D,
  0xB0, 0x47, 0x50, 0x9B, 0x08, 0x75, 0x05, 0xB0, 0xC7, 0x50, 0x10, 0xEB, 0x02, 0x75, 0x0B, 0xB0,
  0x67, 0x50, 0x6B, 0x0B, 0x75, 0x02, 0xB0, 0xE0, 0x17, 0x50, 0xCB, 0x04, 0x75, 0x08, 0xB0, 0x97,
  0x50, 0x3B, 0x0D, 0x76, 0x0D, 0xB0, 0x37, 0x50, 0xAB, 0x07, 0x75, 0x05, 0xB0, 0xB7, 0x50, 0x10,
  0xEA, 0x0E, 0x01, 0x75, 0x0B, 0xB0, 0x88, 0x09, 0x03, 0x04, 0xFF, 0xB0, 0x4F, 0xFB, 0x04, 0xFF,
  0xB0,
  // "Ž" (U+017D), RLE, 310 bytes saved (64.2%)
  0x40, 0x2A, 0x0D, 0x03, 0x60, 0x10, 0xBA, 0x08, 0x71, 0x06, 0xB0, 0x64, 0x03, 0x0D, 0xA0, 0xB7,
  0x30, 0x7B, 0x07, 0x20, 0x40, 0xEA, 0x0B, 0x75, 0x09, 0xB0, 0x80, 0x5B, 0x0C, 0x77, 0x0A, 0xE0,
  0xD0, 0x17, 0x71, 0x0C, 0xC0, 0xE0, 0x27, 0x72, 0x02, 0xC0, 0x68, 0x09, 0xC1, 0x00, 0xCF, 0xFE,
  0x20, 0xCF, 0xFE, 0x20, 0xCF, 0xFE, 0x20, 0x28, 0x09, 0x23, 0x04, 0x0E, 0xB0, 0x77, 0x73, 0x09,
  0xB0, 0xC7, 0x73, 0x04, 0xC0, 0x37, 0x73, 0x0D, 0xB0, 0x87, 0x73, 0x09, 0xB0, 0xD7, 0x73, 0x04,
  0xC0, 0x37, 0x73, 0x0D, 0xB0, 0x87, 0x73, 0x09, 0xB0, 0xD7, 0x73, 0x03, 0xC0, 0x37, 0x73, 0x0D,
  0xB0, 0x87, 0x73, 0x08, 0xB0, 0xD7, 0x73, 0x03, 0xC0, 0x37, 0x73, 0x0D, 0xB0, 0x97, 0x73, 0x08,
  0xB0, 0xD7, 0x73, 0x03, 0xC0, 0x47, 0x73, 0x0C, 0xB0, 0x97, 0x73, 0x08, 0xB0, 0xD7, 0x73, 0x03,
  0xC0, 0x47, 0x73, 0x0C, 0xB0, 0x97, 0x73, 0x07, 0xB0, 0xD7, 0x73, 0x02, 0xC0, 0x47, 0x73, 0x0C,
  0xB0, 0x97, 0x73, 0x07, 0xB0, 0xE0, 0x17, 0x72, 0x02, 0xC0, 0x47, 0x73, 0x0C, 0xB0, 0xC8, 0x09,
  0x43, 0x01, 0x04, 0xFF, 0xF0, 0x70, 0x5F, 0xFF, 0x07, 0x05, 0xFF, 0xF0, 0x70,
  // "ž" (U+017E), RLE, 171 bytes saved (55.9%)
  0x10, 0x2A, 0x0D, 0x03, 0x60, 0x10, 0xBA, 0x08, 0x30, 0x6B, 0x06, 0x40, 0x30, 0xDA, 0x0B, 0x50,
  0x7B, 0x07, 0x20, 0x40, 0xEA, 0x0B, 0x70, 0x9B, 0x08, 0x05, 0xB0, 0xC7, 0x20, 0xAE, 0x0D, 0x01,
  0x73, 0x0C, 0xC0, 0xE0, 0x27, 0x40, 0x2C, 0x06, 0x80, 0xF1, 0x00, 0x8F, 0xF9, 0x81, 0xA0, 0x8F,
  0xF9, 0x81, 0xA0, 0x8F, 0xF9, 0x81, 0xA0, 0x18, 0x07, 0x30, 0xDB, 0x05, 0x75, 0x07, 0xB0, 0xA7,
  0x50, 0x3B, 0x0D, 0x01, 0x75, 0x0D, 0xB0, 0x47, 0x50, 0x9B, 0x08, 0x75, 0x05, 0xB0, 0xC7, 0x50,
  0x10, 0xEB, 0x02, 0x75, 0x0B, 0xB0, 0x67, 0x50, 0x6B, 0x0B, 0x75, 0x02, 0xB0, 0xE0, 0x17, 0x50,
  0xCB, 0x04, 0x75, 0x08, 0xB0, 0x97, 0x50, 0x3B, 0x0D, 0x76, 0x0D, 0xB0, 0x37, 0x50, 0xAB, 0x07,
  0x75, 0x05, 0xB0, 0xB7, 0x50, 0x10, 0xEA, 0x0E, 0x01, 0x75, 0x0B, 0xB0, 0x88, 0x09, 0x03, 0x04,
  0xFF, 0xB0, 0x4F, 0xFB, 0x04, 0xFF, 0xB0,
  // "ſ" (U+017F), RLE, 96 bytes saved (43.4%)
  0x48, 0x72, 0x8C, 0xEF, 0xEC, 0x94, 0x30, 0x8F, 0x90, 0xB2, 0x09, 0xFA, 0x81, 0x60, 0x4C, 0x87,
  0xB5, 0x35, 0xAF, 0x20, 0xBB, 0x09, 0x50, 0x12, 0x0E, 0xB7, 0x10, 0x2B, 0x0B, 0x71, 0x03, 0xB0,
  0xA7, 0x10, 0x4B, 0x09, 0x71, 0x04, 0xB0, 0x97, 0x10, 0x4B, 0x09, 0x71, 0x04, 0xB0, 0x97, 0x10,
  0x4B, 0x09, 0x71, 0x04, 0xB0, 0x97, 0x10, 0x4B, 0x09, 0x71, 0x04, 0xB0, 0x97, 0x10, 0x4B, 0x09,
  0x71, 0x04, 0xB0, 0x97, 0x10, 0x4B, 0x09, 0x71, 0x04, 0xB0, 0x97, 0x10, 0x4B, 0x09, 0x71, 0x04,
  0xB0, 0x97, 0x10, 0x4B, 0x09, 0x71, 0x04, 0xB0, 0x97, 0x10, 0x4B, 0x09, 0x71, 0x04, 0xB0, 0x97,
  0x10, 0x4B, 0x09, 0x71, 0x04, 0xB0, 0x97, 0x10, 0x4B, 0x09, 0x71, 0x04, 0xB0, 0x97, 0x10, 0x4B,
  0x09, 0x71, 0x04, 0xB0, 0x97, 0x10, 0x4B, 0x09, 0x71, 0x04, 0xB0, 0x97, 0x10,
  // "Ω" (U+03A9), RLE, 261 bytes saved (52.6%)
  0x73, 0x89, 0x22, 0x6A, 0xCE, 0xEF, 0xED, 0xB8, 0x47, 0x74, 0x05, 0x0C, 0xFD, 0x81, 0xE8, 0x17,
  0x60, 0x20, 0xBF, 0xFA, 0x0E, 0x06, 0x74, 0x03, 0x0E, 0xC8, 0x90, 0xEB, 0x75, 0x43, 0x46, 0x9D,
  0xD0, 0x97, 0x20, 0x20, 0xEB, 0x0E, 0x07, 0x73, 0x04, 0x0C, 0xC0, 0x97, 0x10, 0xDB, 0x0D, 0x02,
  0x76, 0x09, 0xC0, 0x56, 0x07, 0xC0, 0x27, 0x71, 0x0A, 0xB0, 0xE6, 0x0E, 0xB0, 0x77, 0x72, 0x01,
  0x0E, 0xB0, 0x64, 0x05, 0xB0, 0xE7, 0x74, 0x08, 0xB0, 0xC4, 0x0A, 0xB0, 0x97, 0x74, 0x01, 0xC0,
  0x13, 0x0D, 0xB0, 0x57, 0x75, 0x0D, 0xB0, 0x53, 0xC0, 0x27, 0x75, 0x0A, 0xB0, 0x72, 0x01, 0xC0,
  0x17, 0x75, 0x09, 0xB0, 0x82, 0x02, 0xC7, 0x76, 0x08, 0xB0, 0x92, 0x02, 0xC7, 0x76, 0x08, 0xB0,
  0x92, 0x01, 0xC0, 0x17, 0x75, 0x09, 0xB0, 0x83, 0xC0, 0x27, 0x75, 0x0A, 0xB0, 0x73, 0x0D, 0xB0,
  0x57, 0x75, 0x0D, 0xB0, 0x43, 0x09, 0xB0, 0x87, 0x74, 0x01, 0xC0, 0x13, 0x05, 0xB0, 0xC7, 0x74,
  0x05, 0xB0, 0xC5, 0x0E, 0xB0, 0x27, 0x73, 0x0A, 0xB0, 0x65, 0x08, 0xB0, 0x87, 0x72, 0x01, 0xB0,
  0xE6, 0x01, 0x0E, 0xB0, 0x17, 0x71, 0x09, 0xB0, 0x77, 0x06, 0xB0, 0xA7, 0x70, 0x3B, 0x0D, 0x72,
  0x0B, 0xB0, 0x77, 0x50, 0x10, 0xDB, 0x03, 0x72, 0x01, 0x0D, 0xB0, 0x57, 0x30, 0x10, 0xCB, 0x06,
  0x74, 0x01, 0x0D, 0xB0, 0x67, 0x10, 0x10, 0xCB, 0x07, 0x60, 0x18, 0x02, 0x30, 0x40, 0xDB, 0x09,
  0x60, 0x30, 0xEB, 0x08, 0x80, 0x23, 0x02, 0x05, 0xFD, 0x05, 0x50, 0xDF, 0xC0, 0xC0, 0x5F, 0xD0,
  0x55, 0x0D, 0xFC, 0x0C, 0x05, 0xFD, 0x05, 0x50, 0xDF, 0xC0, 0xC0,
  // "μ" (U+03BC), RLE, 169 bytes saved (45.9%)
  0x04, 0xB0, 0x97, 0x40, 0x3B, 0x0A, 0x04, 0xB0, 0x97, 0x40, 0x3B, 0x0A, 0x04, 0xB0, 0x97, 0x40,
  0x3B, 0x0A, 0x04, 0xB0, 0x97, 0x40, 0x3B, 0x0A, 0x04, 0xB0, 0x97, 0x40, 0x3B, 0x0A, 0x04, 0xB0,
  0x97, 0x40, 0x3B, 0x0A, 0x04, 0xB0, 0x97, 0x40, 0x3B, 0x0A, 0x04, 0xB0, 0x97, 0x40, 0x3B, 0x0A,
  0x04, 0xB0, 0x97, 0x40, 0x3B, 0x0A, 0x04, 0xB0, 0x97, 0x40, 0x3B, 0x0A, 0x04, 0xB0, 0x97, 0x40,
  0x3B, 0x0A, 0x04, 0xB0, 0x97, 0x40, 0x3B, 0x0A, 0x04, 0xB0, 0x97, 0x40, 0x3B, 0x0A, 0x04, 0xB0,
  0x97, 0x40, 0x4B, 0x0A, 0x04, 0xB0, 0x97, 0x40, 0x5B, 0x0A, 0x04, 0xB0, 0x97, 0x40, 0x7B, 0x0A,
  0x04, 0xB0, 0xB7, 0x40, 0xBB, 0x0A, 0x04, 0xB0, 0xE7, 0x30, 0x2C, 0x0A, 0x04, 0xC0, 0x57, 0x20,
  0xAC, 0x0A, 0x04, 0xC0, 0xE0, 0x27, 0x09, 0xD0, 0xA0, 0x4E, 0x85, 0x95, 0x34, 0x58, 0xDA, 0x0A,
  0xB0, 0xA0, 0x4F, 0xF8, 0x1B, 0x0D, 0xA0, 0xA0, 0x4B, 0x09, 0x0D, 0xF9, 0x09, 0x20, 0xBA, 0x0A,
  0x04, 0xB8, 0x90, 0x70, 0x6B, 0xEF, 0xEC, 0x83, 0x30, 0x8A, 0x0A, 0x04, 0xB0, 0x87, 0x72, 0x04,
  0xB0, 0x97, 0x72, 0x04, 0xB0, 0x97, 0x72, 0x04, 0xB0, 0x97, 0x72, 0x04, 0xB0, 0x97, 0x72, 0x04,
  0xB0, 0x97, 0x72, 0x04, 0xB0, 0x97, 0x72, 0x04, 0xB0, 0x97, 0x72, 0x04, 0xB0, 0x97, 0x72, 0x04,
  0xB0, 0x97, 0x72, 0x04, 0xB0, 0x97, 0x72,
  // "π" (U+03C0), RLE, 183 bytes saved (54.5%)
  0x20, 0x60, 0xDF, 0xFF, 0xA8, 0x19, 0x4D, 0xFF, 0xFC, 0x09, 0x07, 0xFF, 0xFD, 0x85, 0x91, 0x33,
  0x33, 0xBB, 0x05, 0x80, 0x53, 0x0D, 0xB8, 0x00, 0x30, 0x25, 0x0A, 0xB0, 0x27, 0x20, 0xDB, 0x73,
  0x0A, 0xB0, 0x27, 0x20, 0xDB, 0x73, 0x0A, 0xB0, 0x27, 0x20, 0xDB, 0x73, 0x0A, 0xB0, 0x27, 0x20,
  0xDB, 0x73, 0x0A, 0xB0, 0x27, 0x20, 0xDB, 0x73, 0x0A, 0xB0, 0x27, 0x20, 0xDB, 0x73, 0x0A, 0xB0,
  0x27, 0x20, 0xDB, 0x73, 0x0A, 0xB0, 0x27, 0x20, 0xDB, 0x73, 0x0A, 0xB0, 0x27, 0x20, 0xDB, 0x73,
  0x0A, 0xB0, 0x27, 0x20, 0xDB, 0x73, 0x0A, 0xB0, 0x27, 0x20, 0xDB, 0x73, 0x0A, 0xB0, 0x27, 0x20,
  0xDB, 0x73, 0x0A, 0xB0, 0x27, 0x20, 0xDB, 0x73, 0x0A, 0xB0, 0x27, 0x20, 0xDB, 0x73, 0x0A, 0xB0,
  0x27, 0x20, 0xDB, 0x73, 0x0A, 0xB0, 0x27, 0x20, 0xCB, 0x03, 0x72, 0x0A, 0xB0, 0x27, 0x20, 0x9B,
  0x82, 0xC4, 0x46, 0x60, 0xAB, 0x02, 0x72, 0x04, 0xE0, 0xE6, 0x0A, 0xB0, 0x27, 0x30, 0xAD, 0x0E,
  0x60, 0xAB, 0x02, 0x74, 0x84, 0x6C, 0xEF, 0xEC, 0x10,
  // "–" (U+2013), RLE, 27 bytes saved (67.5%)
  0x18, 0x09, 0x63, 0x10, 0x3F, 0xFC, 0x00, 0x3F, 0xFC, 0x00, 0x3F, 0xFC, 0x03,
  // "—" (U+2014), RLE, 68 bytes saved (81.0%)
  0x18, 0x0C, 0x43, 0x10, 0x38, 0x0C, 0x4F, 0x00, 0x38, 0x0C, 0x4F, 0x00, 0x38, 0x0C, 0x4F, 0x03,
  // "€" (U+20AC), RLE, 213 bytes saved (57.3%)
  0x74, 0x89, 0x05, 0x9C, 0xEF, 0xED, 0xB9, 0x57, 0x50, 0x80, 0xEF, 0xB8, 0x1E, 0x91, 0x70, 0x20,
  0xCF, 0xF0, 0x46, 0x02, 0x0E, 0xC8, 0x6C, 0x74, 0x34, 0x69, 0xEA, 0x0B, 0x70, 0xDB, 0x0E, 0x04,
  0x71, 0x81, 0x4B, 0x36, 0x08, 0xB0, 0xD0, 0x17, 0x73, 0x01, 0xC0, 0x37, 0x74, 0x08, 0xB0, 0x97,
  0x75, 0x0D, 0xB0, 0x27, 0x74, 0x02, 0xB0, 0xC7, 0x75, 0x06, 0xB0, 0x87, 0x72, 0xFF, 0xC0, 0x25,
  0xFF, 0xC0, 0x25, 0x81, 0xCD, 0xDC, 0x80, 0x7D, 0x01, 0x71, 0x0D, 0xB7, 0x76, 0x0D, 0xB7, 0x76,
  0x0D, 0xB0, 0x17, 0x72, 0xFF, 0xA0, 0xC7, 0xFF, 0xA0, 0xC7, 0x82, 0xCD, 0xDE, 0xB0, 0xE8, 0x04,
  0xD0, 0xA7, 0x30, 0x4B, 0x09, 0x77, 0x50, 0x1B, 0x0D, 0x77, 0x60, 0xBB, 0x04, 0x77, 0x50, 0x5B,
  0x0B, 0x77, 0x60, 0xEB, 0x05, 0x77, 0x50, 0x5B, 0x0E, 0x03, 0x77, 0x50, 0xBB, 0x0E, 0x06, 0x72,
  0x03, 0x05, 0x70, 0x10, 0xDC, 0x89, 0x1D, 0x85, 0x43, 0x47, 0xAE, 0xF9, 0x71, 0x01, 0x0B, 0xFE,
  0x09, 0x73, 0x07, 0x0E, 0xFC, 0x07, 0x75, 0x82, 0x59, 0xCD, 0xA8, 0x3E, 0xC9, 0x61, 0x20,
  // "₿" (U+20BF), RLE, 162 bytes saved (39.5%)
  0x40, 0xAA, 0x01, 0x20, 0xCA, 0x74, 0x0A, 0xA0, 0x12, 0x0C, 0xA7, 0x40, 0xAA, 0x01, 0x20, 0xCA,
  0x74, 0x0A, 0xA0, 0x12, 0x0C, 0xA7, 0x40, 0xAA, 0x01, 0x20, 0xCA, 0x70, 0xBF, 0x90, 0xD0, 0xEA,
  0x04, 0x60, 0xBF, 0xE0, 0xE0, 0x64, 0x0B, 0xFF, 0x90, 0xB3, 0x0B, 0xB8, 0x66, 0x33, 0x33, 0x47,
  0xBD, 0x09, 0x20, 0xBB, 0x03, 0x70, 0x20, 0xCC, 0x81, 0x10, 0xBB, 0x03, 0x71, 0x01, 0x0E, 0xB8,
  0x16, 0x0B, 0xB0, 0x37, 0x20, 0x9B, 0x81, 0x90, 0xBB, 0x03, 0x72, 0x07, 0xB8, 0x19, 0x0B, 0xB0,
  0x37, 0x20, 0x7B, 0x81, 0x90, 0xBB, 0x03, 0x72, 0x09, 0xB8, 0x16, 0x0B, 0xB0, 0x37, 0x20, 0xEB,
  0x81, 0x20, 0xBB, 0x03, 0x71, 0x09, 0xB0, 0xA2, 0x0B, 0xB0, 0x35, 0x81, 0x26, 0xCB, 0x0C, 0x01,
  0x20, 0xBF, 0xF0, 0x94, 0x0B, 0xFD, 0x0C, 0x03, 0x50, 0xBF, 0xF0, 0xC0, 0x43, 0x0B, 0xB8, 0x76,
  0x33, 0x33, 0x45, 0x8D, 0xC0, 0x72, 0x0B, 0xB0, 0x37, 0x10, 0x7C, 0x81, 0x50, 0xBB, 0x03, 0x72,
  0x09, 0xB8, 0x1D, 0x0B, 0xB0, 0x37, 0x20, 0x1C, 0x03, 0x0B, 0xB0, 0x37, 0x30, 0xCB, 0x06, 0x0B,
  0xB0, 0x37, 0x30, 0xAB, 0x08, 0x0B, 0xB0, 0x37, 0x30, 0xAB, 0x08, 0x0B, 0xB0, 0x37, 0x30, 0xCB,
  0x07, 0x0B, 0xB0, 0x37, 0x20, 0x2C, 0x04, 0x0B, 0xB0, 0x37, 0x20, 0xAB, 0x81, 0xE0, 0xBB, 0x03,
  0x71, 0x08, 0xC8, 0x19, 0x0B, 0xB8, 0x76, 0x33, 0x33, 0x45, 0x8D, 0xC8, 0x2D, 0x10, 0xBF, 0xF9,
  0x0D, 0x02, 0x20, 0xBF, 0xF0, 0xA0, 0x13, 0x0B, 0xFD, 0x07, 0x02, 0x72, 0x0A, 0xA0, 0x12, 0x0C,
  0xA7, 0x40, 0xAA, 0x01, 0x20, 0xCA, 0x74, 0x0A, 0xA0, 0x12, 0x0C, 0xA7, 0x40, 0xAA, 0x01, 0x20,
  0xCA, 0x74, 0x81, 0x57, 0x73, 0x81, 0x57, 0x77,
  // "‘" (U+2018), RLE, 11 bytes saved (25.0%)
  0x40, 0xDA, 0x01, 0x30, 0x5A, 0x0C, 0x40, 0xBA, 0x09, 0x30, 0x2B, 0x05, 0x30, 0x8B, 0x02, 0x30,
  0xDA, 0x0E, 0x30, 0x3B, 0x0B, 0x30, 0x9B, 0x08, 0x30, 0xDB, 0x05, 0x20, 0x2C, 0x03, 0x20, 0x5C,
  0x30,
  // "’" (U+2019), RLE, 10 bytes saved (22.7%)
  0x20, 0x5C, 0x01, 0x20, 0x7B, 0x0D, 0x30, 0xAB, 0x09, 0x30, 0xDB, 0x04, 0x3B, 0x0E, 0x30, 0x3B,
  0x09, 0x30, 0x7B, 0x03, 0x30, 0xAA, 0x0C, 0x40, 0xDA, 0x06, 0x30, 0x1A, 0x0E, 0x01, 0x30, 0x5A,
  0x09, 0x40,
  // "‚" (U+201A), RLE, 10 bytes saved (22.7%)
  0x20, 0x5C, 0x01, 0x20, 0x7B, 0x0D, 0x30, 0xAB, 0x09, 0x30, 0xDB, 0x04, 0x3B, 0x0E, 0x30, 0x3B,
  0x09, 0x30, 0x7B, 0x03, 0x30, 0xAA, 0x0C, 0x40, 0xDA, 0x06, 0x30, 0x1A, 0x0E, 0x01, 0x30, 0x5A,
  0x09, 0x40,
  // "‛" (U+201B), RLE, 12 bytes saved (27.3%)
  0x05, 0xC0, 0x12, 0x02, 0xC0, 0x33, 0x0D, 0xB0, 0x63, 0x08, 0xB0, 0x93, 0x03, 0xB0, 0xC4, 0x0D,
  0xB4, 0x08, 0xB0, 0x33, 0x02, 0xB0, 0x64, 0x0B, 0xA0, 0x94, 0x04, 0xA0, 0xD5, 0x0D, 0xA0, 0x10,
  // "“" (U+201C), RLE, 23 bytes saved (26.1%)
  0x40, 0xDA, 0x50, 0xCA, 0x02, 0x30, 0x5A, 0x0C, 0x40, 0x3A, 0x0E, 0x40, 0xBA, 0x08, 0x40, 0xAA,
  0x0A, 0x30, 0x2B, 0x05, 0x30, 0x1B, 0x07, 0x30, 0x8B, 0x02, 0x30, 0x6B, 0x04, 0x30, 0xDA, 0x0E,
  0x40, 0xCB, 0x01, 0x20, 0x3B, 0x0B, 0x30, 0x2B, 0x0D, 0x30, 0x9B, 0x08, 0x30, 0x8B, 0x0A, 0x30,
  0xDB, 0x05, 0x30, 0xDB, 0x07, 0x20, 0x2C, 0x02, 0x20, 0x2C, 0x04, 0x20, 0x5C, 0x30, 0x4C, 0x02,
  0x20,
  // "”" (U+201D), RLE, 22 bytes saved (25.0%)
  0x20, 0x6C, 0x30, 0x3C, 0x02, 0x20, 0x8B, 0x0D, 0x30, 0x6B, 0x0E, 0x30, 0xBB, 0x08, 0x30, 0x9B,
  0x0B, 0x30, 0xDB, 0x04, 0x30, 0xBB, 0x06, 0x20, 0x1B, 0x0E, 0x40, 0xEB, 0x01, 0x20, 0x4B, 0x08,
  0x30, 0x2B, 0x0B, 0x30, 0x7B, 0x02, 0x30, 0x6B, 0x05, 0x30, 0xAA, 0x0C, 0x40, 0x9A, 0x0E, 0x40,
  0xEA, 0x06, 0x40, 0xDA, 0x08, 0x30, 0x2A, 0x0E, 0x40, 0x1B, 0x02, 0x30, 0x5A, 0x08, 0x40, 0x4A,
  0x0A, 0x40,
  // "„" (U+201E), RLE, 22 bytes saved (25.0%)
  0x20, 0x6C, 0x30, 0x3C, 0x02, 0x20, 0x8B, 0x0D, 0x30, 0x6B, 0x0E, 0x30, 0xBB, 0x08, 0x30, 0x9B,
  0x0B, 0x30, 0xDB, 0x04, 0x30, 0xBB, 0x06, 0x20, 0x1B, 0x0E, 0x40, 0xEB, 0x01, 0x20, 0x4B, 0x08,
  0x30, 0x2B, 0x0B, 0x30, 0x7B, 0x02, 0x30, 0x6B, 0x05, 0x30, 0xAA, 0x0C, 0x40, 0x9A, 0x0E, 0x40,
  0xEA, 0x06, 0x40, 0xDA, 0x08, 0x30, 0x2A, 0x0E, 0x40, 0x1B, 0x02, 0x30, 0x5A, 0x08, 0x40, 0x4A,
  0x0A, 0x40,
  // "‟" (U+201F), RLE, 24 bytes saved (27.3%)
  0x05, 0xC3, 0x04, 0xC0, 0x22, 0x02, 0xC0, 0x22, 0x01, 0xC0, 0x43, 0x0D, 0xB0, 0x53, 0x0C, 0xB0,
  0x73, 0x08, 0xB0, 0x83, 0x07, 0xB0, 0xA3, 0x03, 0xB0, 0xB3, 0x02, 0xB0, 0xD4, 0x0D, 0xA0, 0xE4,
  0x0C, 0xB0, 0x13, 0x08, 0xB0, 0x23, 0x06, 0xB0, 0x43, 0x02, 0xB0, 0x53, 0x01, 0xB0, 0x74, 0x0B,
  0xA0, 0x84, 0x0A, 0xA0, 0xA4, 0x05, 0xA0, 0xC4, 0x03, 0xA0, 0xE5, 0x0D, 0xA5, 0x0C, 0xA0, 0x20,
  // "†" (U+2020), RLE, 174 bytes saved (58.6%)
  0x7C, 0x03, 0x76, 0x0E, 0xB0, 0x17, 0x60, 0xCB, 0x77, 0x0A, 0xA0, 0xD7, 0x70, 0x9A, 0x0B, 0x77,
  0x07, 0xA0, 0x97, 0x70, 0x5A, 0x07, 0x77, 0x03, 0xA0, 0x57, 0x86, 0x19, 0x87, 0x54, 0x23, 0xA8,
  0x74, 0x24, 0x56, 0x79, 0x72, 0xFF, 0xA0, 0xB0, 0x2F, 0xFA, 0x87, 0xB2, 0xFD, 0xCB, 0x98, 0x7A,
  0x86, 0x88, 0x9A, 0xCD, 0xEB, 0x70, 0x1A, 0x03, 0x77, 0x02, 0xA0, 0x47, 0x70, 0x3A, 0x05, 0x77,
  0x04, 0xA0, 0x67, 0x70, 0x4A, 0x06, 0x77, 0x05, 0xA0, 0x77, 0x70, 0x6A, 0x08, 0x77, 0x07, 0xA0,
  0x97, 0x70, 0x7A, 0x0A, 0x77, 0x08, 0xA0, 0xA7, 0x70, 0x9A, 0x0B, 0x77, 0x0A, 0xA0, 0xC7, 0x70,
  0xAA, 0x0D, 0x77, 0x0B, 0xA0, 0xD7, 0x70, 0xCA, 0x0E, 0x77, 0x0D, 0xB7, 0x70, 0xDB, 0x77, 0x0E,
  0xB0, 0x17, 0x6C, 0x02, 0x76, 0xC0, 0x37, 0x50, 0x1C, 0x03, 0x60,
  // "‡" (U+2021), RLE, 150 bytes saved (50.5%)
  0x70, 0xEB, 0x05, 0x76, 0x0D, 0xB0, 0x37, 0x60, 0xBB, 0x01, 0x76, 0x09, 0xA0, 0xE7, 0x70, 0x6A,
  0x0C, 0x77, 0x04, 0xA0, 0xA7, 0x70, 0x2A, 0x08, 0x78, 0x32, 0x64, 0x32, 0x3A, 0x06, 0x28, 0x41,
  0x24, 0x56, 0x5D, 0x0E, 0x0D, 0xA0, 0x0E, 0xD0, 0xD0, 0x5F, 0xFA, 0x0D, 0x05, 0xA8, 0x3E, 0xDB,
  0xA9, 0xA8, 0x3B, 0x9B, 0xCD, 0xA8, 0x1D, 0x01, 0x50, 0x1A, 0x07, 0x50, 0x10, 0x27, 0x04, 0xA0,
  0xA7, 0x70, 0x6A, 0x0C, 0x77, 0x09, 0xB7, 0x70, 0xBB, 0x02, 0x76, 0x0D, 0xB0, 0x37, 0x60, 0xBB,
  0x01, 0x76, 0x09, 0xA0, 0xE7, 0x70, 0x6A, 0x0C, 0x77, 0x04, 0xA0, 0xA7, 0x70, 0x2A, 0x08, 0x78,
  0x65, 0xFE, 0xDB, 0xA8, 0x7A, 0x87, 0xA8, 0x9B, 0xCD, 0xFD, 0x5F, 0xFA, 0x0D, 0x05, 0xFF, 0xA8,
  0x7D, 0x38, 0x65, 0x43, 0x11, 0xA8, 0x66, 0x12, 0x35, 0x67, 0x77, 0x02, 0xA0, 0x87, 0x70, 0x4A,
  0x0A, 0x77, 0x06, 0xA0, 0xC7, 0x70, 0x8A, 0x0E, 0x77, 0x0A, 0xB0, 0x17, 0x60, 0xDB, 0x03, 0x76,
  0x0E, 0xB0, 0x56,
  // "•" (U+2022), RLE, 21 bytes saved (34.4%)
  0x28, 0x43, 0xAE, 0xFD, 0x84, 0x06, 0xE8, 0x2D, 0x10, 0x1F, 0x98, 0x19, 0x06, 0xF9, 0x81, 0xE0,
  0x8F, 0xA0, 0x10, 0x9F, 0xA0, 0x20, 0x8F, 0xA0, 0x10, 0x5F, 0x98, 0x2E, 0x01, 0xEF, 0x09, 0x20,
  0x5E, 0x0D, 0x01, 0x38, 0x43, 0xAE, 0xFD, 0x83,
  // "…" (U+2026), RLE, 31 bytes saved (35.6%)
  0x18, 0x29, 0xED, 0x77, 0x18, 0x29, 0xED, 0x77, 0x84, 0x9E, 0xD7, 0x08, 0xC0, 0x56, 0x08, 0xC0,
  0x55, 0x08, 0xC0, 0x50, 0xBC, 0x08, 0x60, 0xBC, 0x08, 0x50, 0xBC, 0x08, 0x0B, 0xC0, 0x86, 0x0B,
  0xC0, 0x85, 0x0B, 0xC0, 0x80, 0x7C, 0x04, 0x60, 0x7C, 0x04, 0x50, 0x7C, 0x84, 0x40, 0x9E, 0xD7,
  0x71, 0x82, 0x9E, 0xD7, 0x78, 0x29, 0xED, 0x71,
  // "‰" (U+2030), RLE, 293 bytes saved (39.4%)
  0x38, 0x53, 0xAD, 0xFD, 0xA4, 0x76, 0x0E, 0xA0, 0x67, 0x77, 0x20, 0x7F, 0x09, 0x74, 0x08, 0xA0,
  0xC7, 0x77, 0x20, 0x4F, 0xA0, 0x77, 0x20, 0x2B, 0x04, 0x77, 0x72, 0x0C, 0xA8, 0x3E, 0x73, 0x6D,
  0xA0, 0xE0, 0x17, 0x10, 0xAA, 0x0B, 0x77, 0x72, 0x02, 0xB0, 0x53, 0x02, 0x0E, 0xA0, 0x67, 0x03,
  0xB0, 0x27, 0x77, 0x20, 0x6A, 0x0D, 0x50, 0x9A, 0x0B, 0x70, 0xCA, 0x09, 0x77, 0x73, 0x09, 0xA0,
  0x95, 0x05, 0xA0, 0xE6, 0x05, 0xA0, 0xE0, 0x17, 0x77, 0x30, 0xBA, 0x07, 0x50, 0x2B, 0x01, 0x50,
  0xDA, 0x07, 0x77, 0x74, 0x0C, 0xA0, 0x65, 0x01, 0xB0, 0x24, 0x07, 0xA0, 0xD7, 0x77, 0x50, 0xCA,
  0x05, 0x6B, 0x02, 0x30, 0x10, 0xEA, 0x05, 0x77, 0x75, 0x0C, 0xA0, 0x65, 0x01, 0xB0, 0x23, 0x09,
  0xA0, 0xC7, 0x77, 0x60, 0xBA, 0x07, 0x50, 0x2B, 0x01, 0x20, 0x2B, 0x87, 0x30, 0x18, 0xDE, 0xEB,
  0x57, 0x28, 0x47, 0xCE, 0xEC, 0x74, 0x09, 0xA0, 0x95, 0x04, 0xA0, 0xE3, 0x0B, 0xA8, 0x2A, 0x03,
  0xEE, 0x0A, 0x60, 0x10, 0xDE, 0x0D, 0x01, 0x20, 0x6A, 0x0C, 0x50, 0x8A, 0x0C, 0x20, 0x4B, 0x81,
  0x11, 0xDF, 0x90, 0x95, 0x0B, 0xF9, 0x0C, 0x20, 0x2B, 0x03, 0x40, 0xEA, 0x07, 0x20, 0xDA, 0x81,
  0x80, 0x7B, 0x82, 0x94, 0x5C, 0xB0, 0x23, 0x04, 0xB8, 0x2B, 0x44, 0xAB, 0x06, 0x20, 0xCA, 0x83,
  0xD3, 0x02, 0xBB, 0x81, 0x20, 0x6A, 0x0E, 0x20, 0xDA, 0x09, 0x40, 0xDA, 0x09, 0x30, 0xAA, 0x0C,
  0x40, 0xAA, 0x0C, 0x20, 0x4F, 0xA0, 0xA2, 0x0E, 0xA8, 0x16, 0x02, 0xB0, 0x24, 0x06, 0xA0, 0xD3,
  0x0E, 0xA0, 0x54, 0x03, 0xB0, 0x12, 0x07, 0xF0, 0xC2, 0x08, 0xA0, 0xD2, 0x05, 0xA0, 0xD5, 0x02,
  0xB8, 0x11, 0x01, 0xB0, 0x15, 0x0E, 0xA0, 0x53, 0x05, 0x0D, 0xB0, 0xE0, 0x82, 0x02, 0xB0, 0x42,
  0x07, 0xA0, 0xB6, 0x0E, 0xA8, 0x13, 0x04, 0xA0, 0xE6, 0x0B, 0xA0, 0x75, 0x81, 0x13, 0x24, 0x0A,
  0xA0, 0xB3, 0x08, 0xA0, 0x96, 0x0D, 0xA8, 0x15, 0x05, 0xA0, 0xD6, 0x09, 0xA0, 0x87, 0x40, 0x3B,
  0x02, 0x30, 0x9A, 0x09, 0x60, 0xCA, 0x81, 0x50, 0x5A, 0x0C, 0x60, 0x9A, 0x09, 0x74, 0x0C, 0xA0,
  0x94, 0x09, 0xA0, 0x96, 0x0C, 0xA8, 0x15, 0x05, 0xA0, 0xC6, 0x09, 0xA0, 0x97, 0x30, 0x5A, 0x0E,
  0x01, 0x40, 0x8A, 0x0A, 0x60, 0xDA, 0x81, 0x50, 0x5A, 0x0D, 0x60, 0x9A, 0x08, 0x73, 0x0D, 0xA0,
  0x75, 0x07, 0xA0, 0xB6, 0x0E, 0xA8, 0x13, 0x03, 0xA0, 0xE6, 0x0B, 0xA0, 0x77, 0x20, 0x7A, 0x0D,
  0x60, 0x4A, 0x0D, 0x50, 0x2B, 0x81, 0x10, 0x1B, 0x01, 0x50, 0xEA, 0x05, 0x71, 0x01, 0x0E, 0xA0,
  0x56, 0x01, 0xB0, 0x24, 0x06, 0xA0, 0xD3, 0x0D, 0xA0, 0x54, 0x03, 0xB0, 0x17, 0x10, 0x9A, 0x0C,
  0x71, 0x0C, 0xA0, 0x94, 0x0D, 0xA0, 0x93, 0x09, 0xA0, 0xC4, 0x0A, 0xA0, 0xC7, 0x10, 0x2B, 0x03,
  0x71, 0x06, 0xB8, 0x29, 0x45, 0xCB, 0x03, 0x30, 0x2B, 0x82, 0xB4, 0x4A, 0xB0, 0x67, 0x10, 0xBA,
  0x0A, 0x73, 0x0C, 0xF9, 0x0A, 0x50, 0x9F, 0x90, 0xD7, 0x10, 0x4B, 0x02, 0x73, 0x02, 0x0D, 0xE0,
  0xB7, 0x0B, 0xE0, 0xD0, 0x27, 0x10, 0xCA, 0x08, 0x76, 0x84, 0x7D, 0xEE, 0xC6, 0x72, 0x85, 0x6C,
  0xEE, 0xC7, 0x13,
  // "‹" (U+2039), RLE, 41 bytes saved (39.0%)
  0x70, 0x10, 0x77, 0x28, 0x2C, 0xFD, 0x56, 0x0A, 0xB0, 0x65, 0x08, 0xB0, 0x95, 0x05, 0xB0, 0xB5,
  0x03, 0xB0, 0xD0, 0x14, 0x01, 0x0E, 0xA0, 0xE0, 0x25, 0x0C, 0xB0, 0x45, 0x0A, 0xB0, 0x75, 0x02,
  0xB0, 0xE7, 0x08, 0xB0, 0xA7, 0x0B, 0xB0, 0x77, 0x0C, 0xB0, 0x46, 0x02, 0x0E, 0xA0, 0xE0, 0x26,
  0x03, 0xB0, 0xD0, 0x16, 0x05, 0xB0, 0xB7, 0x08, 0xB0, 0x87, 0x82, 0xAF, 0xB2, 0x71, 0x04, 0x20,
  // "›" (U+203A), RLE, 39 bytes saved (37.1%)
  0x20, 0x20, 0x77, 0x10, 0x9A, 0x07, 0x70, 0xBB, 0x04, 0x60, 0x10, 0xDA, 0x0E, 0x02, 0x60, 0x20,
  0xEA, 0x0D, 0x01, 0x60, 0x4B, 0x0C, 0x70, 0x7B, 0x0A, 0x70, 0xAB, 0x07, 0x70, 0xCB, 0x05, 0x60,
  0x5B, 0x0C, 0x50, 0x10, 0xEB, 0x03, 0x50, 0xCB, 0x05, 0x50, 0xAB, 0x07, 0x50, 0x7B, 0x0A, 0x50,
  0x4B, 0x0C, 0x50, 0x20, 0xEA, 0x0D, 0x01, 0x40, 0x10, 0xDA, 0x0E, 0x02, 0x68, 0x25, 0xEF, 0x47,
  0x20, 0x47,
  // "⁄" (U+2044), RLE, 223 bytes saved (62.5%)
  0x77, 0x50, 0x8A, 0x0B, 0x77, 0x40, 0x2B, 0x02, 0x77, 0x40, 0xBA, 0x08, 0x77, 0x40, 0x6A, 0x0D,
  0x77, 0x40, 0x10, 0xEA, 0x04, 0x77, 0x40, 0x9A, 0x0A, 0x77, 0x40, 0x3A, 0x0E, 0x01, 0x77, 0x40,
  0xDA, 0x06, 0x77, 0x40, 0x7A, 0x0C, 0x77, 0x40, 0x20, 0xEA, 0x03, 0x77, 0x40, 0xBA, 0x09, 0x77,
  0x40, 0x5A, 0x0D, 0x77, 0x50, 0xDA, 0x05, 0x77, 0x40, 0x8A, 0x0B, 0x77, 0x40, 0x3B, 0x02, 0x77,
  0x40, 0xCA, 0x07, 0x77, 0x40, 0x6A, 0x0D, 0x77, 0x40, 0x10, 0xEA, 0x03, 0x77, 0x40, 0xAA, 0x09,
  0x77, 0x40, 0x4A, 0x0E, 0x01, 0x77, 0x40, 0xDA, 0x06, 0x77, 0x40, 0x8A, 0x0B, 0x77, 0x40, 0x2B,
  0x02, 0x77, 0x40, 0xBA, 0x08, 0x77, 0x40, 0x5A, 0x0D, 0x77, 0x40, 0x10, 0xEA, 0x04, 0x77, 0x40,
  0x9A, 0x0A, 0x77, 0x40, 0x3A, 0x0E, 0x01, 0x77, 0x40, 0xCA, 0x06, 0x77, 0x40, 0x7A, 0x0C, 0x77,
  0x40, 0x20, 0xEA, 0x03, 0x77, 0x40,
  // "™" (U+2122), RLE, 73 bytes saved (29.4%)
  0x01, 0x80, 0x75, 0x85, 0x20, 0x45, 0x55, 0x27, 0x84, 0x15, 0x55, 0x43, 0xFC, 0x81, 0x70, 0xAB,
  0x0B, 0x70, 0x7B, 0x0D, 0x03, 0xFC, 0x81, 0x70, 0xAC, 0x01, 0x60, 0xCB, 0x0D, 0x50, 0xCA, 0x60,
  0xAC, 0x06, 0x50, 0x3C, 0x0D, 0x50, 0xCA, 0x68, 0x4A, 0xFD, 0xEF, 0xC5, 0x84, 0x8F, 0xDD, 0xFD,
  0x50, 0xCA, 0x68, 0x2A, 0xFD, 0x8A, 0x02, 0x48, 0x4D, 0xF7, 0xEF, 0xD5, 0x0C, 0xA6, 0x82, 0xAF,
  0xE3, 0xA0, 0x73, 0x04, 0xA8, 0x22, 0xEF, 0xD5, 0x0C, 0xA6, 0x85, 0xAF, 0xE0, 0xDF, 0xD3, 0x81,
  0x9F, 0xB1, 0xA0, 0xD5, 0x0C, 0xA6, 0x83, 0xAF, 0xE0, 0x7A, 0x02, 0x28, 0x1E, 0xF5, 0x1A, 0x0D,
  0x50, 0xCA, 0x68, 0x3A, 0xFE, 0x02, 0xA8, 0x38, 0x05, 0xFE, 0x2A, 0x0D, 0x50, 0xCA, 0x68, 0x1A,
  0xFE, 0x28, 0x5B, 0xFD, 0x0B, 0xF9, 0x2A, 0x0D, 0x50, 0xCA, 0x68, 0x1A, 0xFE, 0x20, 0x6A, 0x04,
  0xA0, 0x32, 0xA0, 0xD5, 0x0C, 0xA6, 0x81, 0xAF, 0xE2, 0x01, 0xA8, 0x1E, 0xFD, 0x3A, 0x0D, 0x50,
  0xCA, 0x68, 0x1A, 0xFE, 0x30, 0xAB, 0x07, 0x3A, 0x0D, 0x50, 0xCA, 0x68, 0x1A, 0xFE, 0x30, 0x5B,
  0x01, 0x3A, 0x0D, 0x58, 0x1C, 0xFE, 0x68, 0x1A, 0xFE, 0x48, 0x1E, 0xFB, 0x48, 0x1E, 0xFC,
  // "⅒" (U+2152), RLE, 303 bytes saved (44.4%)
  0x50, 0x50, 0xEA, 0x08, 0x75, 0x08, 0xA0, 0xB7, 0x77, 0x10, 0xAC, 0x08, 0x74, 0x02, 0xB0, 0x27,
  0x76, 0x03, 0x0D, 0xD0, 0x87, 0x40, 0xBA, 0x08, 0x77, 0x60, 0x6B, 0x0D, 0x08, 0xA0, 0x87, 0x30,
  0x6A, 0x0D, 0x77, 0x60, 0x2B, 0x81, 0xA0, 0x7A, 0x08, 0x72, 0x01, 0x0E, 0xA0, 0x47, 0x77, 0x81,
  0x6E, 0x62, 0x08, 0xA0, 0x87, 0x20, 0x9A, 0x0A, 0x77, 0x72, 0x02, 0x30, 0x8A, 0x08, 0x71, 0x03,
  0xA0, 0xE0, 0x17, 0x77, 0x60, 0x8A, 0x08, 0x71, 0x0D, 0xA0, 0x67, 0x77, 0x70, 0x8A, 0x08, 0x70,
  0x7A, 0x0C, 0x77, 0x77, 0x10, 0x8A, 0x08, 0x60, 0x20, 0xEA, 0x03, 0x77, 0x77, 0x10, 0x8A, 0x08,
  0x60, 0xBA, 0x09, 0x77, 0x77, 0x20, 0x8A, 0x08, 0x50, 0x5A, 0x0D, 0x77, 0x85, 0x16, 0x9A, 0xA7,
  0x27, 0x30, 0x8A, 0x08, 0x50, 0xDA, 0x05, 0x30, 0x50, 0xEA, 0x08, 0x50, 0x50, 0xEE, 0x07, 0x72,
  0x08, 0xA0, 0x84, 0x08, 0xA0, 0xB3, 0x0A, 0xC0, 0x84, 0x04, 0xFA, 0x07, 0x71, 0x08, 0xA0, 0x83,
  0x03, 0xB8, 0x22, 0x03, 0xDD, 0x08, 0x40, 0xDA, 0x83, 0xD3, 0x02, 0xAB, 0x02, 0x70, 0x8A, 0x08,
  0x30, 0xCA, 0x81, 0x70, 0x6B, 0x0D, 0x08, 0xA0, 0x83, 0x04, 0xA0, 0xE0, 0x14, 0x0B, 0xA0, 0x97,
  0x08, 0xA0, 0x82, 0x06, 0xA8, 0x1D, 0x02, 0xB8, 0x1A, 0x07, 0xA0, 0x83, 0x09, 0xA0, 0x95, 0x04,
  0xA0, 0xE7, 0x08, 0xA8, 0x28, 0x01, 0xEA, 0x03, 0x28, 0x16, 0xE6, 0x20, 0x8A, 0x08, 0x30, 0xDA,
  0x05, 0x6B, 0x02, 0x60, 0x8A, 0x81, 0x80, 0xAA, 0x09, 0x40, 0x23, 0x08, 0xA0, 0x83, 0xB0, 0x36,
  0x0C, 0xA0, 0x57, 0x30, 0x4A, 0x0E, 0x01, 0x71, 0x08, 0xA0, 0x82, 0x01, 0xB0, 0x16, 0x0B, 0xA0,
  0x67, 0x30, 0xDA, 0x06, 0x72, 0x08, 0xA0, 0x82, 0x02, 0xB0, 0x16, 0x0A, 0xA0, 0x77, 0x20, 0x8A,
  0x0B, 0x73, 0x08, 0xA0, 0x82, 0x02, 0xB7, 0x0A, 0xA0, 0x77, 0x10, 0x2B, 0x02, 0x73, 0x08, 0xA0,
  0x82, 0x01, 0xB0, 0x16, 0x0A, 0xA0, 0x77, 0x10, 0xBA, 0x08, 0x74, 0x08, 0xA0, 0x83, 0xB0, 0x26,
  0x0C, 0xA0, 0x57, 0x05, 0xA0, 0xD7, 0x50, 0x8A, 0x08, 0x30, 0xDA, 0x04, 0x60, 0xEA, 0x03, 0x60,
  0x10, 0xEA, 0x04, 0x75, 0x08, 0xA0, 0x83, 0x0A, 0xA0, 0x85, 0x03, 0xB7, 0x09, 0xA0, 0xA7, 0x60,
  0x8A, 0x08, 0x30, 0x5A, 0x0E, 0x50, 0x9A, 0x0B, 0x60, 0x3A, 0x0E, 0x01, 0x76, 0x08, 0xA0, 0x84,
  0x0E, 0xA0, 0xA3, 0x06, 0xB0, 0x56, 0x0C, 0xA0, 0x67, 0x70, 0x8A, 0x08, 0x40, 0x5B, 0x81, 0xEB,
  0xDB, 0x0C, 0x60, 0x7A, 0x0C, 0x77, 0x10, 0x8A, 0x08, 0x50, 0x7F, 0x0D, 0x01, 0x50, 0x20, 0xEA,
  0x03, 0x77, 0x10, 0x8A, 0x08, 0x68, 0x53, 0xAD, 0xFE, 0xC6, 0x40,
  // "ﬁ" (U+FB01), RLE, 171 bytes saved (43.7%)
  0x71, 0x87, 0x28, 0xCE, 0xFD, 0xC9, 0x57, 0x60, 0x8F, 0x90, 0xC2, 0x82, 0x9E, 0xC2, 0x60, 0x9F,
  0xA8, 0x17, 0x05, 0xB0, 0xC5, 0x03, 0xC8, 0x7B, 0x53, 0x57, 0xC2, 0x08, 0xB0, 0xE5, 0x09, 0xB0,
  0xA7, 0x10, 0x5B, 0x0B, 0x50, 0xDB, 0x01, 0x72, 0x82, 0x9E, 0xC2, 0x40, 0x1B, 0x0D, 0x77, 0x40,
  0x2B, 0x0B, 0x77, 0x40, 0x3B, 0x0A, 0x77, 0x40, 0x3B, 0x0A, 0x77, 0x20, 0x50, 0xAF, 0xB0, 0x93,
  0x04, 0xB8, 0x19, 0x4E, 0xFD, 0x09, 0x30, 0x4B, 0x09, 0x05, 0xFE, 0x09, 0x30, 0x4B, 0x84, 0x91,
  0x33, 0x35, 0xB0, 0xB8, 0x01, 0x30, 0x23, 0x04, 0xB0, 0x94, 0x03, 0xB0, 0xA7, 0x20, 0x4B, 0x09,
  0x40, 0x3B, 0x0A, 0x72, 0x04, 0xB0, 0x94, 0x03, 0xB0, 0xA7, 0x20, 0x4B, 0x09, 0x40, 0x3B, 0x0A,
  0x72, 0x04, 0xB0, 0x94, 0x03, 0xB0, 0xA7, 0x20, 0x4B, 0x09, 0x40, 0x3B, 0x0A, 0x72, 0x04, 0xB0,
  0x94, 0x03, 0xB0, 0xA7, 0x20, 0x4B, 0x09, 0x40, 0x3B, 0x0A, 0x72, 0x04, 0xB0, 0x94, 0x03, 0xB0,
  0xA7, 0x20, 0x4B, 0x09, 0x40, 0x3B, 0x0A, 0x72, 0x04, 0xB0, 0x94, 0x03, 0xB0, 0xA7, 0x20, 0x4B,
  0x09, 0x40, 0x3B, 0x0A, 0x72, 0x04, 0xB0, 0x94, 0x03, 0xB0, 0xA7, 0x20, 0x4B, 0x09, 0x40, 0x3B,
  0x0A, 0x72, 0x04, 0xB0, 0x94, 0x03, 0xB0, 0xA7, 0x20, 0x4B, 0x09, 0x40, 0x3B, 0x0A, 0x72, 0x04,
  0xB0, 0x94, 0x03, 0xB0, 0xA7, 0x20, 0x4B, 0x09, 0x40, 0x3B, 0x0A, 0x72, 0x04, 0xB0, 0x94, 0x03,
  0xB0, 0xA7, 0x20, 0x4B, 0x09, 0x40, 0x3B, 0x0A, 0x72, 0x04, 0xB0, 0x90,
  // "ﬂ" (U+FB02), RLE, 162 bytes saved (41.4%)
  0x71, 0x87, 0x28, 0xCE, 0xFD, 0xC9, 0x57, 0x60, 0x8F, 0x98, 0x1C, 0x04, 0xB0, 0x96, 0x09, 0xFA,
  0x81, 0x70, 0x4B, 0x09, 0x50, 0x3C, 0x87, 0xB5, 0x35, 0x7C, 0x20, 0x4B, 0x09, 0x50, 0x9B, 0x0A,
  0x71, 0x04, 0xB0, 0x95, 0x0D, 0xB0, 0x17, 0x10, 0x4B, 0x09, 0x40, 0x1B, 0x0D, 0x72, 0x04, 0xB0,
  0x94, 0x02, 0xB0, 0xB7, 0x20, 0x4B, 0x09, 0x40, 0x3B, 0x0A, 0x72, 0x04, 0xB0, 0x94, 0x03, 0xB0,
  0xA7, 0x20, 0x4B, 0x09, 0x20, 0x50, 0xAF, 0xB0, 0x93, 0x04, 0xB8, 0x19, 0x4E, 0xFD, 0x09, 0x30,
  0x4B, 0x09, 0x05, 0xFE, 0x09, 0x30, 0x4B, 0x84, 0x91, 0x33, 0x35, 0xB0, 0xB8, 0x01, 0x30, 0x23,
  0x04, 0xB0, 0x94, 0x03, 0xB0, 0xA7, 0x20, 0x4B, 0x09, 0x40, 0x3B, 0x0A, 0x72, 0x04, 0xB0, 0x94,
  0x03, 0xB0, 0xA7, 0x20, 0x4B, 0x09, 0x40, 0x3B, 0x0A, 0x72, 0x04, 0xB0, 0x94, 0x03, 0xB0, 0xA7,
  0x20, 0x4B, 0x09, 0x40, 0x3B, 0x0A, 0x72, 0x04, 0xB0, 0x94, 0x03, 0xB0, 0xA7, 0x20, 0x4B, 0x09,
  0x40, 0x3B, 0x0A, 0x72, 0x04, 0xB0, 0x94, 0x03, 0xB0, 0xA7, 0x20, 0x4B, 0x09, 0x40, 0x3B, 0x0A,
  0x72, 0x04, 0xB0, 0x94, 0x03, 0xB0, 0xA7, 0x20, 0x4B, 0x09, 0x40, 0x3B, 0x0A, 0x72, 0x04, 0xB0,
  0x94, 0x03, 0xB0, 0xA7, 0x20, 0x4B, 0x09, 0x40, 0x3B, 0x0A, 0x72, 0x04, 0xB0, 0x94, 0x03, 0xB0,
  0xA7, 0x20, 0x4B, 0x09, 0x40, 0x3B, 0x0A, 0x72, 0x04, 0xB0, 0x94, 0x03, 0xB0, 0xA7, 0x20, 0x4B,
  0x09, 0x40, 0x3B, 0x0A, 0x72, 0x04, 0xB0, 0x94, 0x03, 0xB0, 0xA7, 0x20, 0x4B, 0x09, 0x40, 0x3B,
  0x0A, 0x72, 0x04, 0xB0, 0x90,
  // Total: 63538 bytes.
};

const Font& font_NotoSans_Regular_44() {
  static SmoothFontV2 font(font_NotoSans_Regular_44_data);
  return font;
}

}  // namespace roo_display
