#include "56.h"
#include <inttypes.h>
#include "roo_display/hal/progmem.h"
#include "roo_display/font/smooth_font_v2.h"

namespace roo_display {

// Font NotoSans-Regular (Noto Sans Regular)
// Generated on Thu Jul 30 01:09:53 EEST 2026.
// 343 glyphs (342 compressed, 1 uncompressed), 86217 bytes total, 113637 bytes saved by RLE.
static const uint8_t font_NotoSans_Regular_56_data[] PROGMEM = {
  
  // Header (32 bytes).
  0x02, 0x00, 0x04, 0x02, 0x01, 0x03, 0x01, 0x01, 0x57, 0x00, 0x06,
  0xF5, 0xF3, 0x3F, 0x38, 0x2B, 0xF2, 0x0D, 0x07, 0x42, 0x0F, 0x0E, 0x00, 0x5F,
  0x02, 0x00, 0x84, 0x00, 0x17, 0x7C, 0x00, 0x00,
  
  // Cmap (343 glyphs, 100 bytes).
  0x00, 0x21, 0x00, 0x5E, 0x00, 0x00, 0x00, 0x00, 0x00, 0x00, 0x00, 0x00, // U+0021..U+007E dense.
  0x00, 0xA1, 0x00, 0x0C, 0x00, 0x5E, 0x00, 0x00, 0x00, 0x00, 0x00, 0x00, // U+00A1..U+00AC dense.
  0x00, 0xAE, 0x00, 0xD2, 0x00, 0x6A, 0x00, 0x00, 0x00, 0x00, 0x00, 0x00, // U+00AE..U+017F dense.
  0x03, 0xA9, 0x1C, 0x6C, 0x01, 0x3C, 0x00, 0x05, 0x00, 0x00, 0x68, 0x01, // U+03A9..U+2014 sparse.
  0x20, 0x18, 0x00, 0x0B, 0x01, 0x43, 0x00, 0x00, 0x00, 0x00, 0x00, 0x00, // U+2018..U+2022 dense.
  0x20, 0x26, 0xDA, 0xDD, 0x01, 0x4E, 0x00, 0x09, 0x00, 0x00, 0x72, 0x01, // U+2026..U+FB02 sparse.
  
  // Sparse indirection: glyphs 316..320, range U+03A9..U+2014.
  0x00, 0x00, // U+03A9.
  0x00, 0x13, // U+03BC.
  0x00, 0x17, // U+03C0.
  0x1C, 0x6A, // U+2013.
  0x1C, 0x6B, // U+2014.
  
  // Sparse indirection: glyphs 334..342, range U+2026..U+FB02.
  0x00, 0x00, // U+2026.
  0x00, 0x0A, // U+2030.
  0x00, 0x13, // U+2039.
  0x00, 0x14, // U+203A.
  0x00, 0x1E, // U+2044.
  0x00, 0xFC, // U+2122.
  0x01, 0x2C, // U+2152.
  0xDA, 0xDB, // U+FB01.
  0xDA, 0xDC, // U+FB02.
  
  // Glyph metrics (343 glyphs, 2744 bytes).
  0x04, 0x00, 0x0A, 0x29, 0x0F, 0x00, 0x00, 0x00, // "!" (U+0021)
  0x03, 0x1B, 0x13, 0x29, 0x17, 0x00, 0x00, 0x6D, // """ (U+0022)
  0x01, 0x01, 0x22, 0x29, 0x24, 0x00, 0x00, 0xC1, // "#" (U+0023)
  0x03, 0xFE, 0x1C, 0x2C, 0x20, 0x00, 0x01, 0xD5, // "$" (U+0024)
  0x02, 0x00, 0x2B, 0x2A, 0x2F, 0x00, 0x02, 0xFF, // "%" (U+0025)
  0x03, 0x00, 0x28, 0x2A, 0x29, 0x00, 0x04, 0xCB, // "&" (U+0026)
  0x03, 0x1B, 0x08, 0x29, 0x0D, 0x00, 0x06, 0x31, // "'" (U+0027)
  0x02, 0xF8, 0x0E, 0x29, 0x11, 0x00, 0x06, 0x5B, // "(" (U+0028)
  0x01, 0xF8, 0x0E, 0x29, 0x11, 0x00, 0x06, 0xFA, // ")" (U+0029)
  0x02, 0x12, 0x1C, 0x2B, 0x1F, 0x00, 0x07, 0xAA, // "*" (U+002A)
  0x02, 0x07, 0x1D, 0x21, 0x20, 0x00, 0x08, 0x51, // "+" (U+002B)
  0x02, 0xFA, 0x0A, 0x07, 0x0F, 0x00, 0x08, 0xB4, // "," (U+002C)
  0x02, 0x0E, 0x0F, 0x12, 0x12, 0x00, 0x08, 0xDD, // "-" (U+002D)
  0x04, 0x00, 0x0A, 0x08, 0x0F, 0x00, 0x08, 0xEE, // "." (U+002E)
  0x00, 0x01, 0x14, 0x29, 0x15, 0x00, 0x09, 0x0A, // "/" (U+002F)
  0x02, 0x00, 0x1D, 0x2A, 0x20, 0x00, 0x09, 0xAE, // "0" (U+0030)
  0x05, 0x01, 0x13, 0x29, 0x20, 0x00, 0x0A, 0xC4, // "1" (U+0031)
  0x02, 0x01, 0x1D, 0x2A, 0x20, 0x00, 0x0B, 0x6A, // "2" (U+0032)
  0x02, 0x00, 0x1C, 0x2A, 0x20, 0x00, 0x0C, 0x45, // "3" (U+0033)
  0x01, 0x01, 0x1E, 0x29, 0x20, 0x00, 0x0D, 0x33, // "4" (U+0034)
  0x03, 0x00, 0x1C, 0x29, 0x20, 0x00, 0x0E, 0x2B, // "5" (U+0035)
  0x03, 0x00, 0x1D, 0x2A, 0x20, 0x00, 0x0E, 0xF8, // "6" (U+0036)
  0x02, 0x01, 0x1D, 0x29, 0x20, 0x00, 0x10, 0x07, // "7" (U+0037)
  0x02, 0x00, 0x1D, 0x2A, 0x20, 0x00, 0x10, 0xB9, // "8" (U+0038)
  0x02, 0x00, 0x1D, 0x2A, 0x20, 0x00, 0x11, 0xE2, // "9" (U+0039)
  0x04, 0x00, 0x0A, 0x1F, 0x0F, 0x00, 0x12, 0xEF, // ":" (U+003A)
  0x01, 0xF9, 0x0A, 0x1F, 0x0F, 0x00, 0x13, 0x28, // ";" (U+003B)
  0x02, 0x07, 0x1D, 0x22, 0x20, 0x00, 0x13, 0x6F, // "<" (U+003C)
  0x03, 0x0D, 0x1C, 0x1C, 0x20, 0x00, 0x14, 0x0F, // "=" (U+003D)
  0x02, 0x07, 0x1D, 0x22, 0x20, 0x00, 0x14, 0x3B, // ">" (U+003E)
  0x00, 0x00, 0x16, 0x2A, 0x18, 0x00, 0x14, 0xD9, // "?" (U+003F)
  0x03, 0xFB, 0x2F, 0x29, 0x32, 0x00, 0x15, 0x94, // "@" (U+0040)
  0x00, 0x01, 0x23, 0x29, 0x24, 0x00, 0x17, 0x81, // "A" (U+0041)
  0x05, 0x01, 0x21, 0x29, 0x24, 0x00, 0x18, 0x92, // "B" (U+0042)
  0x03, 0x00, 0x21, 0x2A, 0x23, 0x00, 0x19, 0xA9, // "C" (U+0043)
  0x05, 0x01, 0x25, 0x29, 0x29, 0x00, 0x1A, 0x97, // "D" (U+0044)
  0x05, 0x01, 0x1B, 0x29, 0x1F, 0x00, 0x1B, 0xB4, // "E" (U+0045)
  0x05, 0x01, 0x1B, 0x29, 0x1D, 0x00, 0x1C, 0x5B, // "F" (U+0046)
  0x03, 0x00, 0x24, 0x2A, 0x29, 0x00, 0x1D, 0x02, // "G" (U+0047)
  0x05, 0x01, 0x23, 0x29, 0x2A, 0x00, 0x1E, 0x20, // "H" (U+0048)
  0x02, 0x01, 0x10, 0x29, 0x13, 0x00, 0x1E, 0xD6, // "I" (U+0049)
  0xFB, 0xF6, 0x0A, 0x29, 0x0F, 0x00, 0x1F, 0x49, // "J" (U+004A)
  0x05, 0x01, 0x22, 0x29, 0x23, 0x00, 0x20, 0x07, // "K" (U+004B)
  0x05, 0x01, 0x1B, 0x29, 0x1D, 0x00, 0x21, 0x28, // "L" (U+004C)
  0x05, 0x01, 0x2D, 0x29, 0x33, 0x00, 0x21, 0xCB, // "M" (U+004D)
  0x05, 0x01, 0x25, 0x29, 0x2B, 0x00, 0x23, 0x82, // "N" (U+004E)
  0x03, 0x00, 0x28, 0x2A, 0x2C, 0x00, 0x24, 0xD3, // "O" (U+004F)
  0x05, 0x01, 0x1E, 0x29, 0x22, 0x00, 0x26, 0x13, // "P" (U+0050)
  0x03, 0xF7, 0x28, 0x2A, 0x2C, 0x00, 0x26, 0xF0, // "Q" (U+0051)
  0x05, 0x01, 0x21, 0x29, 0x23, 0x00, 0x28, 0x5F, // "R" (U+0052)
  0x02, 0x00, 0x1C, 0x2A, 0x1F, 0x00, 0x29, 0x73, // "S" (U+0053)
  0x00, 0x01, 0x1E, 0x29, 0x1F, 0x00, 0x2A, 0x5F, // "T" (U+0054)
  0x05, 0x00, 0x23, 0x29, 0x29, 0x00, 0x2B, 0x1C, // "U" (U+0055)
  0x00, 0x01, 0x21, 0x29, 0x22, 0x00, 0x2C, 0x37, // "V" (U+0056)
  0x00, 0x01, 0x33, 0x29, 0x34, 0x00, 0x2D, 0x42, // "W" (U+0057)
  0x00, 0x01, 0x20, 0x29, 0x21, 0x00, 0x2F, 0x15, // "X" (U+0058)
  0x00, 0x01, 0x1F, 0x29, 0x20, 0x00, 0x30, 0x34, // "Y" (U+0059)
  0x02, 0x01, 0x1D, 0x29, 0x20, 0x00, 0x31, 0x22, // "Z" (U+005A)
  0x04, 0xF8, 0x10, 0x29, 0x12, 0x00, 0x31, 0xD5, // "[" (U+005B)
  0x00, 0x01, 0x14, 0x29, 0x15, 0x00, 0x32, 0x65, // "\" (U+005C)
  0x01, 0xF8, 0x0D, 0x29, 0x12, 0x00, 0x33, 0x07, // "]" (U+005D)
  0x02, 0x10, 0x1D, 0x29, 0x20, 0x00, 0x33, 0xB4, // "^" (U+005E)
  0xFF, 0xF8, 0x18, 0xFC, 0x19, 0x00, 0x34, 0x54, // "_" (U+005F)
  0x02, 0x23, 0x0D, 0x2B, 0x10, 0x00, 0x34, 0x63, // "`" (U+0060)
  0x02, 0x00, 0x1A, 0x1F, 0x1F, 0x00, 0x34, 0x80, // "a" (U+0061)
  0x04, 0x00, 0x1F, 0x2B, 0x22, 0x00, 0x35, 0x44, // "b" (U+0062)
  0x03, 0x00, 0x18, 0x1F, 0x1B, 0x00, 0x36, 0x61, // "c" (U+0063)
  0x03, 0x00, 0x1D, 0x2B, 0x22, 0x00, 0x36, 0xFF, // "d" (U+0064)
  0x03, 0x00, 0x1C, 0x1F, 0x20, 0x00, 0x38, 0x19, // "e" (U+0065)
  0x00, 0x01, 0x15, 0x2C, 0x13, 0x00, 0x38, 0xD2, // "f" (U+0066)
  0x03, 0xF3, 0x1D, 0x1F, 0x22, 0x00, 0x39, 0x73, // "g" (U+0067)
  0x04, 0x01, 0x1E, 0x2B, 0x23, 0x00, 0x3A, 0xA2, // "h" (U+0068)
  0x04, 0x01, 0x09, 0x2A, 0x0E, 0x00, 0x3B, 0xA5, // "i" (U+0069)
  0xFC, 0xF3, 0x09, 0x29, 0x0E, 0x00, 0x3C, 0x02, // "j" (U+006A)
  0x04, 0x01, 0x1D, 0x2B, 0x1E, 0x00, 0x3C, 0xB9, // "k" (U+006B)
  0x04, 0x01, 0x09, 0x2B, 0x0E, 0x00, 0x3D, 0xB5, // "l" (U+006C)
  0x04, 0x01, 0x2F, 0x1F, 0x34, 0x00, 0x3E, 0x21, // "m" (U+006D)
  0x04, 0x01, 0x1E, 0x1F, 0x23, 0x00, 0x3F, 0x4B, // "n" (U+006E)
  0x03, 0x00, 0x1E, 0x1F, 0x22, 0x00, 0x40, 0x1C, // "o" (U+006F)
  0x04, 0xF3, 0x1F, 0x1F, 0x22, 0x00, 0x40, 0xF7, // "p" (U+0070)
  0x03, 0xF3, 0x1D, 0x1F, 0x22, 0x00, 0x42, 0x19, // "q" (U+0071)
  0x04, 0x01, 0x16, 0x1F, 0x17, 0x00, 0x43, 0x37, // "r" (U+0072)
  0x02, 0x00, 0x18, 0x1F, 0x1B, 0x00, 0x43, 0xB9, // "s" (U+0073)
  0x00, 0x00, 0x12, 0x26, 0x14, 0x00, 0x44, 0x6A, // "t" (U+0074)
  0x04, 0x00, 0x1D, 0x1E, 0x23, 0x00, 0x45, 0x02, // "u" (U+0075)
  0x00, 0x01, 0x1C, 0x1E, 0x1C, 0x00, 0x45, 0xCE, // "v" (U+0076)
  0x00, 0x01, 0x2B, 0x1E, 0x2C, 0x00, 0x46, 0x8B, // "w" (U+0077)
  0x01, 0x01, 0x1C, 0x1E, 0x1E, 0x00, 0x47, 0xD1, // "x" (U+0078)
  0x00, 0xF3, 0x1C, 0x1E, 0x1D, 0x00, 0x48, 0x97, // "y" (U+0079)
  0x02, 0x01, 0x18, 0x1E, 0x1A, 0x00, 0x49, 0x9B, // "z" (U+007A)
  0x01, 0xF8, 0x13, 0x29, 0x15, 0x00, 0x4A, 0x20, // "{" (U+007B)
  0x4D, 0xF3, 0x11, 0x2B, 0x1F, 0x00, 0x4A, 0xE8, // "|" (U+007C)
  0x01, 0xF8, 0x13, 0x29, 0x15, 0x00, 0x4B, 0x77, // "}" (U+007D)
  0x02, 0x11, 0x1D, 0x18, 0x20, 0x00, 0x4C, 0x27, // "~" (U+007E)
  0x04, 0xF6, 0x0A, 0x1F, 0x0F, 0x00, 0x4C, 0x65, // "¡" (U+00A1)
  0x05, 0x00, 0x1A, 0x29, 0x20, 0x00, 0x4C, 0xD2, // "¢" (U+00A2)
  0x01, 0x01, 0x1D, 0x2A, 0x20, 0x00, 0x4D, 0x91, // "£" (U+00A3)
  0x03, 0x07, 0x1C, 0x20, 0x20, 0x00, 0x4E, 0x5F, // "¤" (U+00A4)
  0x01, 0x01, 0x1E, 0x29, 0x20, 0x00, 0x4F, 0x1F, // "¥" (U+00A5)
  0x0D, 0xF3, 0x11, 0x2B, 0x1F, 0x00, 0x50, 0x0E, // "¦" (U+00A6)
  0x03, 0x01, 0x18, 0x2C, 0x1D, 0x00, 0x50, 0x7F, // "§" (U+00A7)
  0x08, 0x25, 0x17, 0x2A, 0x20, 0x00, 0x51, 0x7B, // "¨" (U+00A8)
  0x02, 0x00, 0x2B, 0x29, 0x2F, 0x00, 0x51, 0x9B, // "©" (U+00A9)
  0x01, 0x17, 0x11, 0x29, 0x14, 0x00, 0x53, 0x59, // "ª" (U+00AA)
  0x02, 0x04, 0x1A, 0x1B, 0x1D, 0x00, 0x53, 0xCD, // "«" (U+00AB)
  0x02, 0x08, 0x1D, 0x17, 0x20, 0x00, 0x54, 0x7C, // "¬" (U+00AC)
  0x02, 0x00, 0x2B, 0x29, 0x2F, 0x00, 0x54, 0xC2, // "®" (U+00AE)
  0xFF, 0x2C, 0x1C, 0x30, 0x1C, 0x00, 0x56, 0x98, // "¯" (U+00AF)
  0x03, 0x19, 0x14, 0x29, 0x18, 0x00, 0x56, 0xAA, // "°" (U+00B0)
  0x02, 0x01, 0x1D, 0x22, 0x20, 0x00, 0x57, 0x12, // "±" (U+00B1)
  0x01, 0x18, 0x11, 0x30, 0x14, 0x00, 0x57, 0x8A, // "²" (U+00B2)
  0x01, 0x18, 0x11, 0x30, 0x14, 0x00, 0x57, 0xFB, // "³" (U+00B3)
  0x02, 0x23, 0x0D, 0x2B, 0x10, 0x00, 0x58, 0x79, // "´" (U+00B4)
  0x04, 0xF3, 0x1E, 0x1E, 0x23, 0x00, 0x58, 0x9B, // "µ" (U+00B5)
  0x03, 0xFA, 0x1E, 0x2B, 0x25, 0x00, 0x59, 0xA2, // "¶" (U+00B6)
  0x04, 0x11, 0x0A, 0x19, 0x0F, 0x00, 0x5A, 0xFA, // "·" (U+00B7)
  0x00, 0xF3, 0x0B, 0x00, 0x0D, 0x00, 0x5B, 0x16, // "¸" (U+00B8)
  0x02, 0x18, 0x0D, 0x2F, 0x14, 0x00, 0x5B, 0x4B, // "¹" (U+00B9)
  0x01, 0x17, 0x13, 0x29, 0x15, 0x00, 0x5B, 0xA2, // "º" (U+00BA)
  0x02, 0x04, 0x1A, 0x1B, 0x1D, 0x00, 0x5C, 0x18, // "»" (U+00BB)
  0x02, 0x01, 0x29, 0x28, 0x2A, 0x00, 0x5C, 0xC5, // "¼" (U+00BC)
  0x01, 0x01, 0x28, 0x28, 0x2B, 0x00, 0x5E, 0x39, // "½" (U+00BD)
  0x00, 0x01, 0x2B, 0x29, 0x2C, 0x00, 0x5F, 0xAB, // "¾" (U+00BE)
  0x01, 0xF5, 0x17, 0x1F, 0x18, 0x00, 0x61, 0x41, // "¿" (U+00BF)
  0x00, 0x01, 0x23, 0x35, 0x24, 0x00, 0x61, 0xFC, // "À" (U+00C0)
  0x00, 0x01, 0x23, 0x35, 0x24, 0x00, 0x63, 0x3C, // "Á" (U+00C1)
  0x00, 0x01, 0x23, 0x35, 0x24, 0x00, 0x64, 0x7F, // "Â" (U+00C2)
  0x00, 0x01, 0x23, 0x34, 0x24, 0x00, 0x65, 0xD0, // "Ã" (U+00C3)
  0x00, 0x01, 0x23, 0x34, 0x24, 0x00, 0x67, 0x20, // "Ä" (U+00C4)
  0x00, 0x01, 0x23, 0x31, 0x24, 0x00, 0x68, 0x5B, // "Å" (U+00C5)
  0x00, 0x01, 0x2D, 0x29, 0x31, 0x00, 0x69, 0xA5, // "Æ" (U+00C6)
  0x03, 0xF3, 0x21, 0x2A, 0x23, 0x00, 0x6A, 0xD9, // "Ç" (U+00C7)
  0x05, 0x01, 0x1B, 0x35, 0x1F, 0x00, 0x6C, 0x0B, // "È" (U+00C8)
  0x05, 0x01, 0x1B, 0x35, 0x1F, 0x00, 0x6C, 0xDA, // "É" (U+00C9)
  0x05, 0x01, 0x1B, 0x35, 0x1F, 0x00, 0x6D, 0xAD, // "Ê" (U+00CA)
  0x05, 0x01, 0x1B, 0x34, 0x1F, 0x00, 0x6E, 0x8D, // "Ë" (U+00CB)
  0x02, 0x01, 0x10, 0x35, 0x13, 0x00, 0x6F, 0x5A, // "Ì" (U+00CC)
  0x02, 0x01, 0x11, 0x35, 0x13, 0x00, 0x6F, 0xF0, // "Í" (U+00CD)
  0x00, 0x01, 0x13, 0x35, 0x13, 0x00, 0x70, 0x8F, // "Î" (U+00CE)
  0x01, 0x01, 0x10, 0x34, 0x13, 0x00, 0x71, 0x3F, // "Ï" (U+00CF)
  0x01, 0x01, 0x25, 0x29, 0x29, 0x00, 0x71, 0xD9, // "Ð" (U+00D0)
  0x05, 0x01, 0x25, 0x34, 0x2B, 0x00, 0x73, 0x05, // "Ñ" (U+00D1)
  0x03, 0x00, 0x28, 0x35, 0x2C, 0x00, 0x74, 0x94, // "Ò" (U+00D2)
  0x03, 0x00, 0x28, 0x35, 0x2C, 0x00, 0x76, 0x04, // "Ó" (U+00D3)
  0x03, 0x00, 0x28, 0x35, 0x2C, 0x00, 0x77, 0x78, // "Ô" (U+00D4)
  0x03, 0x00, 0x28, 0x34, 0x2C, 0x00, 0x78, 0xFA, // "Õ" (U+00D5)
  0x03, 0x00, 0x28, 0x34, 0x2C, 0x00, 0x7A, 0x7A, // "Ö" (U+00D6)
  0x03, 0x08, 0x1C, 0x20, 0x20, 0x00, 0x7B, 0xE7, // "×" (U+00D7)
  0x03, 0xFF, 0x28, 0x2B, 0x2C, 0x00, 0x7C, 0x9A, // "Ø" (U+00D8)
  0x05, 0x00, 0x23, 0x35, 0x29, 0x00, 0x7E, 0x2D, // "Ù" (U+00D9)
  0x05, 0x00, 0x23, 0x35, 0x29, 0x00, 0x7F, 0x75, // "Ú" (U+00DA)
  0x05, 0x00, 0x23, 0x35, 0x29, 0x00, 0x80, 0xC1, // "Û" (U+00DB)
  0x05, 0x00, 0x23, 0x34, 0x29, 0x00, 0x82, 0x1B, // "Ü" (U+00DC)
  0x00, 0x01, 0x1F, 0x35, 0x20, 0x00, 0x83, 0x62, // "Ý" (U+00DD)
  0x05, 0x01, 0x1E, 0x29, 0x22, 0x00, 0x84, 0x81, // "Þ" (U+00DE)
  0x04, 0x00, 0x20, 0x2C, 0x23, 0x00, 0x85, 0x5E, // "ß" (U+00DF)
  0x02, 0x00, 0x1A, 0x2B, 0x1F, 0x00, 0x86, 0x9D, // "à" (U+00E0)
  0x02, 0x00, 0x1A, 0x2B, 0x1F, 0x00, 0x87, 0x88, // "á" (U+00E1)
  0x02, 0x00, 0x1A, 0x2B, 0x1F, 0x00, 0x88, 0x78, // "â" (U+00E2)
  0x02, 0x00, 0x1A, 0x2A, 0x1F, 0x00, 0x89, 0x76, // "ã" (U+00E3)
  0x02, 0x00, 0x1A, 0x2A, 0x1F, 0x00, 0x8A, 0x73, // "ä" (U+00E4)
  0x02, 0x00, 0x1A, 0x2E, 0x1F, 0x00, 0x8B, 0x5F, // "å" (U+00E5)
  0x02, 0x00, 0x2D, 0x1F, 0x30, 0x00, 0x8C, 0x6E, // "æ" (U+00E6)
  0x03, 0xF3, 0x18, 0x1F, 0x1B, 0x00, 0x8D, 0xA6, // "ç" (U+00E7)
  0x03, 0x00, 0x1C, 0x2B, 0x20, 0x00, 0x8E, 0x81, // "è" (U+00E8)
  0x03, 0x00, 0x1C, 0x2B, 0x20, 0x00, 0x8F, 0x62, // "é" (U+00E9)
  0x03, 0x00, 0x1C, 0x2B, 0x20, 0x00, 0x90, 0x47, // "ê" (U+00EA)
  0x03, 0x00, 0x1C, 0x2A, 0x20, 0x00, 0x91, 0x3B, // "ë" (U+00EB)
  0x00, 0x01, 0x0B, 0x2B, 0x0E, 0x00, 0x92, 0x1C, // "ì" (U+00EC)
  0x04, 0x01, 0x0F, 0x2B, 0x0E, 0x00, 0x92, 0x96, // "í" (U+00ED)
  0xFE, 0x01, 0x11, 0x2B, 0x0E, 0x00, 0x93, 0x14, // "î" (U+00EE)
  0xFF, 0x01, 0x0E, 0x2A, 0x0E, 0x00, 0x93, 0xB5, // "ï" (U+00EF)
  0x03, 0x00, 0x1E, 0x2C, 0x22, 0x00, 0x94, 0x41, // "ð" (U+00F0)
  0x04, 0x01, 0x1E, 0x2A, 0x23, 0x00, 0x95, 0x74, // "ñ" (U+00F1)
  0x03, 0x00, 0x1E, 0x2B, 0x22, 0x00, 0x96, 0x7F, // "ò" (U+00F2)
  0x03, 0x00, 0x1E, 0x2B, 0x22, 0x00, 0x97, 0x84, // "ó" (U+00F3)
  0x03, 0x00, 0x1E, 0x2B, 0x22, 0x00, 0x98, 0x8B, // "ô" (U+00F4)
  0x03, 0x00, 0x1E, 0x2A, 0x22, 0x00, 0x99, 0xA1, // "õ" (U+00F5)
  0x03, 0x00, 0x1E, 0x2A, 0x22, 0x00, 0x9A, 0xB8, // "ö" (U+00F6)
  0x02, 0x08, 0x1D, 0x21, 0x20, 0x00, 0x9B, 0xBA, // "÷" (U+00F7)
  0x03, 0xFF, 0x1E, 0x20, 0x22, 0x00, 0x9C, 0x10, // "ø" (U+00F8)
  0x04, 0x00, 0x1D, 0x2B, 0x23, 0x00, 0x9D, 0x1E, // "ù" (U+00F9)
  0x04, 0x00, 0x1D, 0x2B, 0x23, 0x00, 0x9E, 0x12, // "ú" (U+00FA)
  0x04, 0x00, 0x1D, 0x2B, 0x23, 0x00, 0x9F, 0x0B, // "û" (U+00FB)
  0x04, 0x00, 0x1D, 0x2A, 0x23, 0x00, 0xA0, 0x12, // "ü" (U+00FC)
  0x00, 0xF3, 0x1C, 0x2B, 0x1D, 0x00, 0xA1, 0x06, // "ý" (U+00FD)
  0x04, 0xF3, 0x1F, 0x2B, 0x22, 0x00, 0xA2, 0x3A, // "þ" (U+00FE)
  0x00, 0xF3, 0x1C, 0x2A, 0x1D, 0x00, 0xA3, 0x93, // "ÿ" (U+00FF)
  0x00, 0x01, 0x23, 0x31, 0x24, 0x00, 0xA4, 0xC0, // "Ā" (U+0100)
  0x02, 0x00, 0x1A, 0x27, 0x1F, 0x00, 0xA5, 0xEC, // "ā" (U+0101)
  0x00, 0x01, 0x23, 0x34, 0x24, 0x00, 0xA6, 0xC9, // "Ă" (U+0102)
  0x02, 0x00, 0x1A, 0x2A, 0x1F, 0x00, 0xA8, 0x14, // "ă" (U+0103)
  0x00, 0xF5, 0x23, 0x29, 0x24, 0x00, 0xA9, 0x0C, // "Ą" (U+0104)
  0x02, 0xF5, 0x1C, 0x1F, 0x1F, 0x00, 0xAA, 0x5E, // "ą" (U+0105)
  0x03, 0x00, 0x21, 0x35, 0x23, 0x00, 0xAB, 0x5F, // "Ć" (U+0106)
  0x03, 0x00, 0x18, 0x2B, 0x1B, 0x00, 0xAC, 0x7D, // "ć" (U+0107)
  0x03, 0x00, 0x21, 0x35, 0x23, 0x00, 0xAD, 0x45, // "Ĉ" (U+0108)
  0x03, 0x00, 0x19, 0x2B, 0x1B, 0x00, 0xAE, 0x71, // "ĉ" (U+0109)
  0x03, 0x00, 0x21, 0x33, 0x23, 0x00, 0xAF, 0x48, // "Ċ" (U+010A)
  0x03, 0x00, 0x18, 0x29, 0x1B, 0x00, 0xB0, 0x54, // "ċ" (U+010B)
  0x03, 0x00, 0x21, 0x35, 0x23, 0x00, 0xB1, 0x0D, // "Č" (U+010C)
  0x03, 0x00, 0x19, 0x2B, 0x1B, 0x00, 0xB2, 0x37, // "č" (U+010D)
  0x05, 0x01, 0x25, 0x35, 0x29, 0x00, 0xB3, 0x0D, // "Ď" (U+010E)
  0x03, 0x00, 0x26, 0x2B, 0x22, 0x00, 0xB4, 0x68, // "ď" (U+010F)
  0x01, 0x01, 0x25, 0x29, 0x29, 0x00, 0xB5, 0xBC, // "Đ" (U+0110)
  0x03, 0x00, 0x21, 0x2B, 0x23, 0x00, 0xB6, 0xE8, // "đ" (U+0111)
  0x05, 0x01, 0x1B, 0x31, 0x1F, 0x00, 0xB8, 0x14, // "Ē" (U+0112)
  0x03, 0x00, 0x1C, 0x27, 0x20, 0x00, 0xB8, 0xD3, // "ē" (U+0113)
  0x05, 0x01, 0x1B, 0x34, 0x1F, 0x00, 0xB9, 0xA5, // "Ĕ" (U+0114)
  0x03, 0x00, 0x1C, 0x2A, 0x20, 0x00, 0xBA, 0x80, // "ĕ" (U+0115)
  0x05, 0x01, 0x1B, 0x33, 0x1F, 0x00, 0xBB, 0x6F, // "Ė" (U+0116)
  0x03, 0x00, 0x1C, 0x29, 0x20, 0x00, 0xBC, 0x32, // "ė" (U+0117)
  0x05, 0xF5, 0x1B, 0x29, 0x1F, 0x00, 0xBD, 0x07, // "Ę" (U+0118)
  0x03, 0xF5, 0x1C, 0x1F, 0x20, 0x00, 0xBD, 0xE3, // "ę" (U+0119)
  0x05, 0x01, 0x1B, 0x35, 0x1F, 0x00, 0xBE, 0xCD, // "Ě" (U+011A)
  0x03, 0x00, 0x1C, 0x2B, 0x20, 0x00, 0xBF, 0xAC, // "ě" (U+011B)
  0x03, 0x00, 0x24, 0x35, 0x29, 0x00, 0xC0, 0x9E, // "Ĝ" (U+011C)
  0x03, 0xF3, 0x1D, 0x2B, 0x22, 0x00, 0xC1, 0xFB, // "ĝ" (U+011D)
  0x03, 0x00, 0x24, 0x34, 0x29, 0x00, 0xC3, 0x65, // "Ğ" (U+011E)
  0x03, 0xF3, 0x1D, 0x2A, 0x22, 0x00, 0xC4, 0xBC, // "ğ" (U+011F)
  0x03, 0x00, 0x24, 0x33, 0x29, 0x00, 0xC6, 0x21, // "Ġ" (U+0120)
  0x03, 0xF3, 0x1D, 0x29, 0x22, 0x00, 0xC7, 0x5D, // "ġ" (U+0121)
  0x03, 0xF5, 0x24, 0x2A, 0x29, 0x00, 0xC8, 0xA8, // "Ģ" (U+0122)
  0x03, 0xF3, 0x1D, 0x2B, 0x22, 0x00, 0xC9, 0xF0, // "ģ" (U+0123)
  0x05, 0x01, 0x23, 0x35, 0x2A, 0x00, 0xCB, 0x44, // "Ĥ" (U+0124)
  0xFE, 0x01, 0x1E, 0x38, 0x23, 0x00, 0xCC, 0x38, // "ĥ" (U+0125)
  0x00, 0x01, 0x29, 0x29, 0x2A, 0x00, 0xCD, 0x8C, // "Ħ" (U+0126)
  0x00, 0x01, 0x1E, 0x2B, 0x23, 0x00, 0xCE, 0x67, // "ħ" (U+0127)
  0xFF, 0x01, 0x13, 0x34, 0x13, 0x00, 0xCF, 0x81, // "Ĩ" (U+0128)
  0xFD, 0x01, 0x11, 0x2A, 0x0E, 0x00, 0xD0, 0x42, // "ĩ" (U+0129)
  0x01, 0x01, 0x11, 0x31, 0x13, 0x00, 0xD0, 0xF3, // "Ī" (U+012A)
  0xFF, 0x01, 0x0F, 0x27, 0x0E, 0x00, 0xD1, 0x80, // "ī" (U+012B)
  0x01, 0x01, 0x12, 0x34, 0x13, 0x00, 0xD1, 0xFE, // "Ĭ" (U+012C)
  0xFF, 0x01, 0x10, 0x2A, 0x0E, 0x00, 0xD2, 0xA6, // "ĭ" (U+012D)
  0x02, 0xF5, 0x10, 0x29, 0x13, 0x00, 0xD3, 0x3F, // "Į" (U+012E)
  0x01, 0xF5, 0x0A, 0x2A, 0x0E, 0x00, 0xD3, 0xE1, // "į" (U+012F)
  0x02, 0x01, 0x10, 0x33, 0x13, 0x00, 0xD4, 0x78, // "İ" (U+0130)
  0x04, 0x01, 0x09, 0x1E, 0x0E, 0x00, 0xD5, 0x04, // "ı" (U+0131)
  0x02, 0xF6, 0x1D, 0x29, 0x22, 0x00, 0xD5, 0x4F, // "Ĳ" (U+0132)
  0x04, 0xF3, 0x17, 0x2A, 0x1D, 0x00, 0xD6, 0x75, // "ĳ" (U+0133)
  0xFB, 0xF6, 0x11, 0x35, 0x0F, 0x00, 0xD7, 0x8B, // "Ĵ" (U+0134)
  0xFC, 0xF3, 0x11, 0x2B, 0x0E, 0x00, 0xD8, 0x9C, // "ĵ" (U+0135)
  0x05, 0xF5, 0x22, 0x29, 0x23, 0x00, 0xD9, 0x8C, // "Ķ" (U+0136)
  0x04, 0xF5, 0x1D, 0x2B, 0x1E, 0x00, 0xDA, 0xD7, // "ķ" (U+0137)
  0x04, 0x01, 0x1D, 0x1E, 0x1E, 0x00, 0xDB, 0xF9, // "ĸ" (U+0138)
  0x04, 0x01, 0x1B, 0x35, 0x1D, 0x00, 0xDC, 0xB1, // "Ĺ" (U+0139)
  0x04, 0x01, 0x0F, 0x38, 0x0E, 0x00, 0xDD, 0x82, // "ĺ" (U+013A)
  0x05, 0xF5, 0x1B, 0x29, 0x1D, 0x00, 0xDE, 0x27, // "Ļ" (U+013B)
  0x03, 0xF5, 0x0A, 0x2B, 0x0E, 0x00, 0xDE, 0xF2, // "ļ" (U+013C)
  0x05, 0x01, 0x1B, 0x29, 0x1D, 0x00, 0xDF, 0x90, // "Ľ" (U+013D)
  0x04, 0x01, 0x12, 0x2B, 0x0E, 0x00, 0xE0, 0x47, // "ľ" (U+013E)
  0x05, 0x01, 0x1B, 0x29, 0x1D, 0x00, 0xE0, 0xF1, // "Ŀ" (U+013F)
  0x04, 0x01, 0x11, 0x2B, 0x0F, 0x00, 0xE1, 0xA3, // "ŀ" (U+0140)
  0x00, 0x01, 0x1B, 0x29, 0x1D, 0x00, 0xE2, 0x47, // "Ł" (U+0141)
  0xFF, 0x01, 0x0E, 0x2B, 0x0E, 0x00, 0xE3, 0x14, // "ł" (U+0142)
  0x05, 0x01, 0x25, 0x35, 0x2B, 0x00, 0xE3, 0xBA, // "Ń" (U+0143)
  0x04, 0x01, 0x1E, 0x2B, 0x23, 0x00, 0xE5, 0x3C, // "ń" (U+0144)
  0x05, 0xF5, 0x25, 0x29, 0x2B, 0x00, 0xE6, 0x39, // "Ņ" (U+0145)
  0x04, 0xF5, 0x1E, 0x1F, 0x23, 0x00, 0xE7, 0xB5, // "ņ" (U+0146)
  0x05, 0x01, 0x25, 0x35, 0x2B, 0x00, 0xE8, 0xAD, // "Ň" (U+0147)
  0x04, 0x01, 0x1E, 0x2B, 0x23, 0x00, 0xEA, 0x3C, // "ň" (U+0148)
  0xFF, 0x01, 0x22, 0x29, 0x27, 0x00, 0xEB, 0x46, // "ŉ" (U+0149)
  0x05, 0xF6, 0x25, 0x29, 0x2B, 0x00, 0xEC, 0x6C, // "Ŋ" (U+014A)
  0x04, 0xF3, 0x1E, 0x1F, 0x23, 0x00, 0xED, 0xF7, // "ŋ" (U+014B)
  0x03, 0x00, 0x28, 0x31, 0x2C, 0x00, 0xEF, 0x06, // "Ō" (U+014C)
  0x03, 0x00, 0x1E, 0x27, 0x22, 0x00, 0xF0, 0x62, // "ō" (U+014D)
  0x03, 0x00, 0x28, 0x34, 0x2C, 0x00, 0xF1, 0x56, // "Ŏ" (U+014E)
  0x03, 0x00, 0x1E, 0x2A, 0x22, 0x00, 0xF2, 0xD2, // "ŏ" (U+014F)
  0x03, 0x00, 0x28, 0x35, 0x2C, 0x00, 0xF3, 0xE3, // "Ő" (U+0150)
  0x03, 0x00, 0x1E, 0x2B, 0x22, 0x00, 0xF5, 0x68, // "ő" (U+0151)
  0x03, 0x00, 0x30, 0x2A, 0x34, 0x00, 0xF6, 0x81, // "Œ" (U+0152)
  0x03, 0x00, 0x32, 0x1F, 0x35, 0x00, 0xF7, 0xE3, // "œ" (U+0153)
  0x05, 0x01, 0x21, 0x35, 0x23, 0x00, 0xF9, 0x3D, // "Ŕ" (U+0154)
  0x04, 0x01, 0x16, 0x2B, 0x17, 0x00, 0xFA, 0x80, // "ŕ" (U+0155)
  0x05, 0xF5, 0x21, 0x29, 0x23, 0x00, 0xFB, 0x2A, // "Ŗ" (U+0156)
  0x03, 0xF5, 0x16, 0x1F, 0x17, 0x00, 0xFC, 0x68, // "ŗ" (U+0157)
  0x05, 0x01, 0x21, 0x35, 0x23, 0x00, 0xFD, 0x11, // "Ř" (U+0158)
  0x04, 0x01, 0x17, 0x2B, 0x17, 0x00, 0xFE, 0x60, // "ř" (U+0159)
  0x02, 0x00, 0x1C, 0x35, 0x1F, 0x00, 0xFF, 0x18, // "Ś" (U+015A)
  0x02, 0x00, 0x18, 0x2B, 0x1B, 0x01, 0x00, 0x30, // "ś" (U+015B)
  0x02, 0x00, 0x1C, 0x35, 0x1F, 0x01, 0x01, 0x0D, // "Ŝ" (U+015C)
  0x02, 0x00, 0x18, 0x2B, 0x1B, 0x01, 0x02, 0x34, // "ŝ" (U+015D)
  0x02, 0xF3, 0x1C, 0x2A, 0x1F, 0x01, 0x03, 0x1E, // "Ş" (U+015E)
  0x02, 0xF3, 0x18, 0x1F, 0x1B, 0x01, 0x04, 0x4B, // "ş" (U+015F)
  0x02, 0x00, 0x1C, 0x35, 0x1F, 0x01, 0x05, 0x39, // "Š" (U+0160)
  0x02, 0x00, 0x18, 0x2B, 0x1B, 0x01, 0x06, 0x5E, // "š" (U+0161)
  0x00, 0xF3, 0x1E, 0x29, 0x1F, 0x01, 0x07, 0x47, // "Ţ" (U+0162)
  0x00, 0xF3, 0x12, 0x26, 0x14, 0x01, 0x08, 0x4B, // "ţ" (U+0163)
  0x00, 0x01, 0x1E, 0x35, 0x1F, 0x01, 0x09, 0x1B, // "Ť" (U+0164)
  0x00, 0x00, 0x1A, 0x2B, 0x14, 0x01, 0x0A, 0x15, // "ť" (U+0165)
  0x00, 0x01, 0x1E, 0x29, 0x1F, 0x01, 0x0A, 0xE2, // "Ŧ" (U+0166)
  0x00, 0x00, 0x12, 0x26, 0x14, 0x01, 0x0B, 0x60, // "ŧ" (U+0167)
  0x05, 0x00, 0x23, 0x34, 0x29, 0x01, 0x0B, 0xFE, // "Ũ" (U+0168)
  0x04, 0x00, 0x1D, 0x2A, 0x23, 0x01, 0x0D, 0x56, // "ũ" (U+0169)
  0x05, 0x00, 0x23, 0x31, 0x29, 0x01, 0x0E, 0x5C, // "Ū" (U+016A)
  0x04, 0x00, 0x1D, 0x27, 0x23, 0x01, 0x0F, 0x91, // "ū" (U+016B)
  0x05, 0x00, 0x23, 0x34, 0x29, 0x01, 0x10, 0x77, // "Ŭ" (U+016C)
  0x04, 0x00, 0x1D, 0x2A, 0x23, 0x01, 0x11, 0xCB, // "ŭ" (U+016D)
  0x05, 0x00, 0x23, 0x38, 0x29, 0x01, 0x12, 0xCE, // "Ů" (U+016E)
  0x04, 0x00, 0x1D, 0x2E, 0x23, 0x01, 0x14, 0x3A, // "ů" (U+016F)
  0x05, 0x00, 0x23, 0x35, 0x29, 0x01, 0x15, 0x52, // "Ű" (U+0170)
  0x04, 0x00, 0x1E, 0x2B, 0x23, 0x01, 0x16, 0xAF, // "ű" (U+0171)
  0x05, 0xF5, 0x23, 0x29, 0x29, 0x01, 0x17, 0xC6, // "Ų" (U+0172)
  0x04, 0xF5, 0x1E, 0x1E, 0x23, 0x01, 0x19, 0x1A, // "ų" (U+0173)
  0x00, 0x01, 0x33, 0x35, 0x34, 0x01, 0x1A, 0x29, // "Ŵ" (U+0174)
  0x00, 0x01, 0x2B, 0x2B, 0x2C, 0x01, 0x1C, 0x43, // "ŵ" (U+0175)
  0x00, 0x01, 0x1F, 0x35, 0x20, 0x01, 0x1D, 0xCE, // "Ŷ" (U+0176)
  0x00, 0xF3, 0x1C, 0x2B, 0x1D, 0x01, 0x1E, 0xFB, // "ŷ" (U+0177)
  0x00, 0x01, 0x1F, 0x34, 0x20, 0x01, 0x20, 0x3D, // "Ÿ" (U+0178)
  0x02, 0x01, 0x1D, 0x35, 0x20, 0x01, 0x21, 0x56, // "Ź" (U+0179)
  0x02, 0x01, 0x18, 0x2B, 0x1A, 0x01, 0x22, 0x36, // "ź" (U+017A)
  0x02, 0x01, 0x1D, 0x33, 0x20, 0x01, 0x22, 0xE7, // "Ż" (U+017B)
  0x02, 0x01, 0x18, 0x29, 0x1A, 0x01, 0x23, 0xB9, // "ż" (U+017C)
  0x02, 0x01, 0x1D, 0x35, 0x20, 0x01, 0x24, 0x5A, // "Ž" (U+017D)
  0x02, 0x01, 0x18, 0x2B, 0x1A, 0x01, 0x25, 0x48, // "ž" (U+017E)
  0x04, 0x01, 0x14, 0x2C, 0x12, 0x01, 0x26, 0x05, // "ſ" (U+017F)
  0x02, 0x01, 0x29, 0x2A, 0x2C, 0x01, 0x26, 0xA6, // "Ω" (U+03A9)
  0x04, 0xF3, 0x1E, 0x1E, 0x23, 0x01, 0x27, 0xED, // "μ" (U+03BC)
  0x00, 0x00, 0x23, 0x1E, 0x25, 0x01, 0x28, 0xF4, // "π" (U+03C0)
  0x02, 0x0E, 0x19, 0x12, 0x1C, 0x01, 0x29, 0xD2, // "–" (U+2013)
  0x02, 0x0E, 0x35, 0x12, 0x38, 0x01, 0x29, 0xE5, // "—" (U+2014)
  0x01, 0x00, 0x1F, 0x2A, 0x20, 0x01, 0x29, 0xFA, // "€" (U+20AC)
  0x05, 0xFB, 0x1D, 0x2F, 0x20, 0x01, 0x2A, 0xEB, // "₿" (U+20BF)
  0x00, 0x1C, 0x08, 0x29, 0x0A, 0x01, 0x2C, 0x40, // "‘" (U+2018)
  0x00, 0x1C, 0x08, 0x29, 0x0A, 0x01, 0x2C, 0x6A, // "’" (U+2019)
  0x01, 0xFB, 0x09, 0x08, 0x0E, 0x01, 0x2C, 0x95, // "‚" (U+201A)
  0x00, 0x1C, 0x09, 0x29, 0x0A, 0x01, 0x2C, 0xC0, // "‛" (U+201B)
  0x00, 0x1C, 0x13, 0x29, 0x14, 0x01, 0x2C, 0xEA, // "“" (U+201C)
  0x00, 0x1C, 0x13, 0x29, 0x14, 0x01, 0x2D, 0x3C, // "”" (U+201D)
  0x01, 0xFB, 0x14, 0x08, 0x17, 0x01, 0x2D, 0x8F, // "„" (U+201E)
  0x00, 0x1C, 0x13, 0x29, 0x14, 0x01, 0x2D, 0xE2, // "‟" (U+201F)
  0x03, 0x01, 0x19, 0x2B, 0x1D, 0x01, 0x2E, 0x33, // "†" (U+2020)
  0x03, 0x01, 0x19, 0x2B, 0x1D, 0x01, 0x2E, 0xED, // "‡" (U+2021)
  0x04, 0x0F, 0x10, 0x1C, 0x15, 0x01, 0x2F, 0xBB, // "•" (U+2022)
  0x04, 0x00, 0x27, 0x08, 0x2C, 0x01, 0x2F, 0xEB, // "…" (U+2026)
  0x02, 0x00, 0x3F, 0x2A, 0x42, 0x01, 0x30, 0x4A, // "‰" (U+2030)
  0x02, 0x04, 0x0E, 0x1B, 0x11, 0x01, 0x32, 0xC2, // "‹" (U+2039)
  0x02, 0x04, 0x0F, 0x1B, 0x11, 0x01, 0x33, 0x18, // "›" (U+203A)
  0xF5, 0x01, 0x11, 0x29, 0x07, 0x01, 0x33, 0x72, // "⁄" (U+2044)
  0x01, 0x15, 0x27, 0x28, 0x2B, 0x01, 0x34, 0x36, // "™" (U+2122)
  0x02, 0x01, 0x39, 0x29, 0x3A, 0x01, 0x35, 0x30, // "⅒" (U+2152)
  0x00, 0x01, 0x1C, 0x2C, 0x22, 0x01, 0x37, 0x3C, // "ﬁ" (U+FB01)
  0x00, 0x01, 0x1C, 0x2C, 0x22, 0x01, 0x38, 0x3D, // "ﬂ" (U+FB02)
  
  // Kerning (25 classes, 149 sources, 861 entries, 3136 bytes).
  
  // Kerning header.
  0x00, 0x19, 0x00, 0x95, 0x03, 0x5D,
  
  // Kerning sources.
  0x00, 0x01, 0x00, // """ (U+0022) -> class 0
  0x00, 0x05, 0x01, // "&" (U+0026) -> class 1
  0x00, 0x06, 0x00, // "'" (U+0027) -> class 0
  0x00, 0x0B, 0x02, // "," (U+002C) -> class 2
  0x00, 0x0C, 0x03, // "-" (U+002D) -> class 3
  0x00, 0x0D, 0x02, // "." (U+002E) -> class 2
  0x00, 0x20, 0x04, // "A" (U+0041) -> class 4
  0x00, 0x21, 0x05, // "B" (U+0042) -> class 5
  0x00, 0x22, 0x06, // "C" (U+0043) -> class 6
  0x00, 0x23, 0x07, // "D" (U+0044) -> class 7
  0x00, 0x25, 0x08, // "F" (U+0046) -> class 8
  0x00, 0x2A, 0x06, // "K" (U+004B) -> class 6
  0x00, 0x2B, 0x09, // "L" (U+004C) -> class 9
  0x00, 0x2E, 0x07, // "O" (U+004F) -> class 7
  0x00, 0x2F, 0x0A, // "P" (U+0050) -> class 10
  0x00, 0x30, 0x07, // "Q" (U+0051) -> class 7
  0x00, 0x31, 0x0B, // "R" (U+0052) -> class 11
  0x00, 0x33, 0x0C, // "T" (U+0054) -> class 12
  0x00, 0x34, 0x0D, // "U" (U+0055) -> class 13
  0x00, 0x35, 0x0E, // "V" (U+0056) -> class 14
  0x00, 0x36, 0x0E, // "W" (U+0057) -> class 14
  0x00, 0x37, 0x06, // "X" (U+0058) -> class 6
  0x00, 0x38, 0x0F, // "Y" (U+0059) -> class 15
  0x00, 0x39, 0x06, // "Z" (U+005A) -> class 6
  0x00, 0x40, 0x10, // "a" (U+0061) -> class 16
  0x00, 0x41, 0x11, // "b" (U+0062) -> class 17
  0x00, 0x44, 0x11, // "e" (U+0065) -> class 17
  0x00, 0x45, 0x05, // "f" (U+0066) -> class 5
  0x00, 0x47, 0x10, // "h" (U+0068) -> class 16
  0x00, 0x4C, 0x10, // "m" (U+006D) -> class 16
  0x00, 0x4D, 0x10, // "n" (U+006E) -> class 16
  0x00, 0x4E, 0x11, // "o" (U+006F) -> class 17
  0x00, 0x4F, 0x11, // "p" (U+0070) -> class 17
  0x00, 0x51, 0x12, // "r" (U+0072) -> class 18
  0x00, 0x55, 0x13, // "v" (U+0076) -> class 19
  0x00, 0x56, 0x13, // "w" (U+0077) -> class 19
  0x00, 0x57, 0x14, // "x" (U+0078) -> class 20
  0x00, 0x58, 0x13, // "y" (U+0079) -> class 19
  0x00, 0x5E, 0x15, // "¡" (U+00A1) -> class 21
  0x00, 0x68, 0x16, // "«" (U+00AB) -> class 22
  0x00, 0x77, 0x17, // "»" (U+00BB) -> class 23
  0x00, 0x7B, 0x18, // "¿" (U+00BF) -> class 24
  0x00, 0x7C, 0x04, // "À" (U+00C0) -> class 4
  0x00, 0x7D, 0x04, // "Á" (U+00C1) -> class 4
  0x00, 0x7E, 0x04, // "Â" (U+00C2) -> class 4
  0x00, 0x7F, 0x04, // "Ã" (U+00C3) -> class 4
  0x00, 0x80, 0x04, // "Ä" (U+00C4) -> class 4
  0x00, 0x81, 0x04, // "Å" (U+00C5) -> class 4
  0x00, 0x83, 0x06, // "Ç" (U+00C7) -> class 6
  0x00, 0x8C, 0x07, // "Ð" (U+00D0) -> class 7
  0x00, 0x8E, 0x07, // "Ò" (U+00D2) -> class 7
  0x00, 0x8F, 0x07, // "Ó" (U+00D3) -> class 7
  0x00, 0x90, 0x07, // "Ô" (U+00D4) -> class 7
  0x00, 0x91, 0x07, // "Õ" (U+00D5) -> class 7
  0x00, 0x92, 0x07, // "Ö" (U+00D6) -> class 7
  0x00, 0x94, 0x07, // "Ø" (U+00D8) -> class 7
  0x00, 0x95, 0x0D, // "Ù" (U+00D9) -> class 13
  0x00, 0x96, 0x0D, // "Ú" (U+00DA) -> class 13
  0x00, 0x97, 0x0D, // "Û" (U+00DB) -> class 13
  0x00, 0x98, 0x0D, // "Ü" (U+00DC) -> class 13
  0x00, 0x99, 0x0F, // "Ý" (U+00DD) -> class 15
  0x00, 0x9A, 0x0A, // "Þ" (U+00DE) -> class 10
  0x00, 0x9C, 0x10, // "à" (U+00E0) -> class 16
  0x00, 0x9D, 0x10, // "á" (U+00E1) -> class 16
  0x00, 0x9E, 0x10, // "â" (U+00E2) -> class 16
  0x00, 0x9F, 0x10, // "ã" (U+00E3) -> class 16
  0x00, 0xA0, 0x10, // "ä" (U+00E4) -> class 16
  0x00, 0xA1, 0x10, // "å" (U+00E5) -> class 16
  0x00, 0xA2, 0x11, // "æ" (U+00E6) -> class 17
  0x00, 0xA4, 0x11, // "è" (U+00E8) -> class 17
  0x00, 0xA5, 0x11, // "é" (U+00E9) -> class 17
  0x00, 0xA6, 0x11, // "ê" (U+00EA) -> class 17
  0x00, 0xA7, 0x11, // "ë" (U+00EB) -> class 17
  0x00, 0xAC, 0x11, // "ð" (U+00F0) -> class 17
  0x00, 0xAE, 0x11, // "ò" (U+00F2) -> class 17
  0x00, 0xAF, 0x11, // "ó" (U+00F3) -> class 17
  0x00, 0xB0, 0x11, // "ô" (U+00F4) -> class 17
  0x00, 0xB1, 0x11, // "õ" (U+00F5) -> class 17
  0x00, 0xB2, 0x11, // "ö" (U+00F6) -> class 17
  0x00, 0xB4, 0x11, // "ø" (U+00F8) -> class 17
  0x00, 0xB9, 0x13, // "ý" (U+00FD) -> class 19
  0x00, 0xBA, 0x11, // "þ" (U+00FE) -> class 17
  0x00, 0xBB, 0x13, // "ÿ" (U+00FF) -> class 19
  0x00, 0xBC, 0x04, // "Ā" (U+0100) -> class 4
  0x00, 0xBD, 0x10, // "ā" (U+0101) -> class 16
  0x00, 0xBE, 0x04, // "Ă" (U+0102) -> class 4
  0x00, 0xBF, 0x10, // "ă" (U+0103) -> class 16
  0x00, 0xC0, 0x04, // "Ą" (U+0104) -> class 4
  0x00, 0xC1, 0x10, // "ą" (U+0105) -> class 16
  0x00, 0xC2, 0x06, // "Ć" (U+0106) -> class 6
  0x00, 0xC4, 0x06, // "Ĉ" (U+0108) -> class 6
  0x00, 0xC6, 0x06, // "Ċ" (U+010A) -> class 6
  0x00, 0xC8, 0x06, // "Č" (U+010C) -> class 6
  0x00, 0xCA, 0x07, // "Ď" (U+010E) -> class 7
  0x00, 0xCC, 0x07, // "Đ" (U+0110) -> class 7
  0x00, 0xCF, 0x11, // "ē" (U+0113) -> class 17
  0x00, 0xD1, 0x11, // "ĕ" (U+0115) -> class 17
  0x00, 0xD3, 0x11, // "ė" (U+0117) -> class 17
  0x00, 0xD5, 0x11, // "ę" (U+0119) -> class 17
  0x00, 0xD7, 0x11, // "ě" (U+011B) -> class 17
  0x00, 0xE1, 0x10, // "ĥ" (U+0125) -> class 16
  0x00, 0xF2, 0x06, // "Ķ" (U+0136) -> class 6
  0x00, 0xF4, 0x14, // "ĸ" (U+0138) -> class 20
  0x00, 0xF5, 0x09, // "Ĺ" (U+0139) -> class 9
  0x00, 0xF7, 0x09, // "Ļ" (U+013B) -> class 9
  0x00, 0xF9, 0x09, // "Ľ" (U+013D) -> class 9
  0x00, 0xFB, 0x09, // "Ŀ" (U+013F) -> class 9
  0x00, 0xFD, 0x09, // "Ł" (U+0141) -> class 9
  0x01, 0x00, 0x10, // "ń" (U+0144) -> class 16
  0x01, 0x02, 0x10, // "ņ" (U+0146) -> class 16
  0x01, 0x05, 0x10, // "ŉ" (U+0149) -> class 16
  0x01, 0x07, 0x10, // "ŋ" (U+014B) -> class 16
  0x01, 0x08, 0x07, // "Ō" (U+014C) -> class 7
  0x01, 0x09, 0x11, // "ō" (U+014D) -> class 17
  0x01, 0x0A, 0x07, // "Ŏ" (U+014E) -> class 7
  0x01, 0x0B, 0x11, // "ŏ" (U+014F) -> class 17
  0x01, 0x0C, 0x07, // "Ő" (U+0150) -> class 7
  0x01, 0x0D, 0x11, // "ő" (U+0151) -> class 17
  0x01, 0x0F, 0x11, // "œ" (U+0153) -> class 17
  0x01, 0x11, 0x12, // "ŕ" (U+0155) -> class 18
  0x01, 0x13, 0x12, // "ŗ" (U+0157) -> class 18
  0x01, 0x15, 0x12, // "ř" (U+0159) -> class 18
  0x01, 0x1E, 0x0C, // "Ţ" (U+0162) -> class 12
  0x01, 0x20, 0x0C, // "Ť" (U+0164) -> class 12
  0x01, 0x22, 0x0C, // "Ŧ" (U+0166) -> class 12
  0x01, 0x24, 0x0D, // "Ũ" (U+0168) -> class 13
  0x01, 0x26, 0x0D, // "Ū" (U+016A) -> class 13
  0x01, 0x28, 0x0D, // "Ŭ" (U+016C) -> class 13
  0x01, 0x2A, 0x0D, // "Ů" (U+016E) -> class 13
  0x01, 0x2C, 0x0D, // "Ű" (U+0170) -> class 13
  0x01, 0x2E, 0x0D, // "Ų" (U+0172) -> class 13
  0x01, 0x30, 0x0E, // "Ŵ" (U+0174) -> class 14
  0x01, 0x31, 0x13, // "ŵ" (U+0175) -> class 19
  0x01, 0x32, 0x0F, // "Ŷ" (U+0176) -> class 15
  0x01, 0x33, 0x13, // "ŷ" (U+0177) -> class 19
  0x01, 0x34, 0x0F, // "Ÿ" (U+0178) -> class 15
  0x01, 0x35, 0x06, // "Ź" (U+0179) -> class 6
  0x01, 0x37, 0x06, // "Ż" (U+017B) -> class 6
  0x01, 0x39, 0x06, // "Ž" (U+017D) -> class 6
  0x01, 0x3F, 0x03, // "–" (U+2013) -> class 3
  0x01, 0x40, 0x03, // "—" (U+2014) -> class 3
  0x01, 0x43, 0x00, // "‘" (U+2018) -> class 0
  0x01, 0x44, 0x00, // "’" (U+2019) -> class 0
  0x01, 0x45, 0x02, // "‚" (U+201A) -> class 2
  0x01, 0x47, 0x00, // "“" (U+201C) -> class 0
  0x01, 0x48, 0x00, // "”" (U+201D) -> class 0
  0x01, 0x49, 0x02, // "„" (U+201E) -> class 2
  0x01, 0x50, 0x16, // "‹" (U+2039) -> class 22
  0x01, 0x51, 0x17, // "›" (U+203A) -> class 23
  
  // Kerning classes.
  0x00, 0x00, 0x00, 0x53, // class 0 entries
  0x00, 0x53, 0x00, 0x0B, // class 1 entries
  0x00, 0x5E, 0x00, 0x2D, // class 2 entries
  0x00, 0x8B, 0x00, 0x04, // class 3 entries
  0x00, 0x8F, 0x00, 0x26, // class 4 entries
  0x00, 0xB5, 0x00, 0x05, // class 5 entries
  0x00, 0xBA, 0x00, 0x19, // class 6 entries
  0x00, 0xD3, 0x00, 0x1F, // class 7 entries
  0x00, 0xF2, 0x00, 0x0F, // class 8 entries
  0x01, 0x01, 0x00, 0x31, // class 9 entries
  0x01, 0x32, 0x00, 0x18, // class 10 entries
  0x01, 0x4A, 0x00, 0x02, // class 11 entries
  0x01, 0x4C, 0x00, 0x81, // class 12 entries
  0x01, 0xCD, 0x00, 0x0F, // class 13 entries
  0x01, 0xDC, 0x00, 0x71, // class 14 entries
  0x02, 0x4D, 0x00, 0x76, // class 15 entries
  0x02, 0xC3, 0x00, 0x04, // class 16 entries
  0x02, 0xC7, 0x00, 0x10, // class 17 entries
  0x02, 0xD7, 0x00, 0x34, // class 18 entries
  0x03, 0x0B, 0x00, 0x05, // class 19 entries
  0x03, 0x10, 0x00, 0x20, // class 20 entries
  0x03, 0x30, 0x00, 0x0B, // class 21 entries
  0x03, 0x3B, 0x00, 0x0B, // class 22 entries
  0x03, 0x46, 0x00, 0x0C, // class 23 entries
  0x03, 0x52, 0x00, 0x0B, // class 24 entries
  
  // Kerning destinations.
  0x00, 0x20, 0x04, // class 0 -> "A" (U+0041)
  0x00, 0x40, 0x02, // class 0 -> "a" (U+0061)
  0x00, 0x42, 0x03, // class 0 -> "c" (U+0063)
  0x00, 0x43, 0x03, // class 0 -> "d" (U+0064)
  0x00, 0x44, 0x03, // class 0 -> "e" (U+0065)
  0x00, 0x46, 0x02, // class 0 -> "g" (U+0067)
  0x00, 0x4C, 0x02, // class 0 -> "m" (U+006D)
  0x00, 0x4D, 0x02, // class 0 -> "n" (U+006E)
  0x00, 0x4E, 0x03, // class 0 -> "o" (U+006F)
  0x00, 0x4F, 0x02, // class 0 -> "p" (U+0070)
  0x00, 0x50, 0x03, // class 0 -> "q" (U+0071)
  0x00, 0x51, 0x02, // class 0 -> "r" (U+0072)
  0x00, 0x52, 0x02, // class 0 -> "s" (U+0073)
  0x00, 0x54, 0x02, // class 0 -> "u" (U+0075)
  0x00, 0x7C, 0x04, // class 0 -> "À" (U+00C0)
  0x00, 0x7D, 0x04, // class 0 -> "Á" (U+00C1)
  0x00, 0x7E, 0x04, // class 0 -> "Â" (U+00C2)
  0x00, 0x7F, 0x04, // class 0 -> "Ã" (U+00C3)
  0x00, 0x80, 0x04, // class 0 -> "Ä" (U+00C4)
  0x00, 0x81, 0x04, // class 0 -> "Å" (U+00C5)
  0x00, 0x82, 0x04, // class 0 -> "Æ" (U+00C6)
  0x00, 0x9C, 0x03, // class 0 -> "à" (U+00E0)
  0x00, 0x9D, 0x02, // class 0 -> "á" (U+00E1)
  0x00, 0x9E, 0x02, // class 0 -> "â" (U+00E2)
  0x00, 0x9F, 0x02, // class 0 -> "ã" (U+00E3)
  0x00, 0xA0, 0x02, // class 0 -> "ä" (U+00E4)
  0x00, 0xA1, 0x02, // class 0 -> "å" (U+00E5)
  0x00, 0xA2, 0x02, // class 0 -> "æ" (U+00E6)
  0x00, 0xA3, 0x03, // class 0 -> "ç" (U+00E7)
  0x00, 0xA4, 0x03, // class 0 -> "è" (U+00E8)
  0x00, 0xA5, 0x03, // class 0 -> "é" (U+00E9)
  0x00, 0xA6, 0x03, // class 0 -> "ê" (U+00EA)
  0x00, 0xA7, 0x03, // class 0 -> "ë" (U+00EB)
  0x00, 0xAE, 0x03, // class 0 -> "ò" (U+00F2)
  0x00, 0xAF, 0x03, // class 0 -> "ó" (U+00F3)
  0x00, 0xB0, 0x03, // class 0 -> "ô" (U+00F4)
  0x00, 0xB1, 0x03, // class 0 -> "õ" (U+00F5)
  0x00, 0xB2, 0x03, // class 0 -> "ö" (U+00F6)
  0x00, 0xB4, 0x03, // class 0 -> "ø" (U+00F8)
  0x00, 0xB5, 0x02, // class 0 -> "ù" (U+00F9)
  0x00, 0xB6, 0x02, // class 0 -> "ú" (U+00FA)
  0x00, 0xB7, 0x02, // class 0 -> "û" (U+00FB)
  0x00, 0xB8, 0x02, // class 0 -> "ü" (U+00FC)
  0x00, 0xBC, 0x04, // class 0 -> "Ā" (U+0100)
  0x00, 0xBD, 0x02, // class 0 -> "ā" (U+0101)
  0x00, 0xBE, 0x04, // class 0 -> "Ă" (U+0102)
  0x00, 0xBF, 0x02, // class 0 -> "ă" (U+0103)
  0x00, 0xC0, 0x04, // class 0 -> "Ą" (U+0104)
  0x00, 0xC1, 0x02, // class 0 -> "ą" (U+0105)
  0x00, 0xC3, 0x03, // class 0 -> "ć" (U+0107)
  0x00, 0xC5, 0x03, // class 0 -> "ĉ" (U+0109)
  0x00, 0xC7, 0x03, // class 0 -> "ċ" (U+010B)
  0x00, 0xC9, 0x03, // class 0 -> "č" (U+010D)
  0x00, 0xCB, 0x03, // class 0 -> "ď" (U+010F)
  0x00, 0xCD, 0x03, // class 0 -> "đ" (U+0111)
  0x00, 0xCF, 0x03, // class 0 -> "ē" (U+0113)
  0x00, 0xD1, 0x03, // class 0 -> "ĕ" (U+0115)
  0x00, 0xD3, 0x03, // class 0 -> "ė" (U+0117)
  0x00, 0xD5, 0x03, // class 0 -> "ę" (U+0119)
  0x00, 0xD7, 0x03, // class 0 -> "ě" (U+011B)
  0x00, 0xD9, 0x02, // class 0 -> "ĝ" (U+011D)
  0x00, 0xDB, 0x02, // class 0 -> "ğ" (U+011F)
  0x00, 0xDD, 0x02, // class 0 -> "ġ" (U+0121)
  0x00, 0xDF, 0x02, // class 0 -> "ģ" (U+0123)
  0x00, 0xF4, 0x02, // class 0 -> "ĸ" (U+0138)
  0x01, 0x00, 0x02, // class 0 -> "ń" (U+0144)
  0x01, 0x02, 0x02, // class 0 -> "ņ" (U+0146)
  0x01, 0x07, 0x02, // class 0 -> "ŋ" (U+014B)
  0x01, 0x09, 0x03, // class 0 -> "ō" (U+014D)
  0x01, 0x0B, 0x03, // class 0 -> "ŏ" (U+014F)
  0x01, 0x0D, 0x03, // class 0 -> "ő" (U+0151)
  0x01, 0x0F, 0x03, // class 0 -> "œ" (U+0153)
  0x01, 0x11, 0x02, // class 0 -> "ŕ" (U+0155)
  0x01, 0x13, 0x02, // class 0 -> "ŗ" (U+0157)
  0x01, 0x17, 0x02, // class 0 -> "ś" (U+015B)
  0x01, 0x1B, 0x02, // class 0 -> "ş" (U+015F)
  0x01, 0x25, 0x02, // class 0 -> "ũ" (U+0169)
  0x01, 0x27, 0x02, // class 0 -> "ū" (U+016B)
  0x01, 0x29, 0x02, // class 0 -> "ŭ" (U+016D)
  0x01, 0x2B, 0x02, // class 0 -> "ů" (U+016F)
  0x01, 0x2D, 0x02, // class 0 -> "ű" (U+0171)
  0x01, 0x2F, 0x02, // class 0 -> "ų" (U+0173)
  0x01, 0x3D, 0x01, // class 0 -> "μ" (U+03BC)
  0x00, 0x33, 0x03, // class 1 -> "T" (U+0054)
  0x00, 0x35, 0x01, // class 1 -> "V" (U+0056)
  0x00, 0x36, 0x01, // class 1 -> "W" (U+0057)
  0x00, 0x38, 0x02, // class 1 -> "Y" (U+0059)
  0x00, 0x99, 0x02, // class 1 -> "Ý" (U+00DD)
  0x01, 0x1E, 0x03, // class 1 -> "Ţ" (U+0162)
  0x01, 0x20, 0x03, // class 1 -> "Ť" (U+0164)
  0x01, 0x22, 0x03, // class 1 -> "Ŧ" (U+0166)
  0x01, 0x30, 0x01, // class 1 -> "Ŵ" (U+0174)
  0x01, 0x32, 0x02, // class 1 -> "Ŷ" (U+0176)
  0x01, 0x34, 0x02, // class 1 -> "Ÿ" (U+0178)
  0x00, 0x22, 0x03, // class 2 -> "C" (U+0043)
  0x00, 0x26, 0x03, // class 2 -> "G" (U+0047)
  0x00, 0x2E, 0x03, // class 2 -> "O" (U+004F)
  0x00, 0x30, 0x03, // class 2 -> "Q" (U+0051)
  0x00, 0x33, 0x04, // class 2 -> "T" (U+0054)
  0x00, 0x34, 0x01, // class 2 -> "U" (U+0055)
  0x00, 0x35, 0x03, // class 2 -> "V" (U+0056)
  0x00, 0x36, 0x03, // class 2 -> "W" (U+0057)
  0x00, 0x38, 0x03, // class 2 -> "Y" (U+0059)
  0x00, 0x83, 0x03, // class 2 -> "Ç" (U+00C7)
  0x00, 0x8E, 0x03, // class 2 -> "Ò" (U+00D2)
  0x00, 0x8F, 0x03, // class 2 -> "Ó" (U+00D3)
  0x00, 0x90, 0x03, // class 2 -> "Ô" (U+00D4)
  0x00, 0x91, 0x03, // class 2 -> "Õ" (U+00D5)
  0x00, 0x92, 0x03, // class 2 -> "Ö" (U+00D6)
  0x00, 0x94, 0x03, // class 2 -> "Ø" (U+00D8)
  0x00, 0x95, 0x01, // class 2 -> "Ù" (U+00D9)
  0x00, 0x96, 0x01, // class 2 -> "Ú" (U+00DA)
  0x00, 0x97, 0x01, // class 2 -> "Û" (U+00DB)
  0x00, 0x98, 0x01, // class 2 -> "Ü" (U+00DC)
  0x00, 0x99, 0x03, // class 2 -> "Ý" (U+00DD)
  0x00, 0xC2, 0x03, // class 2 -> "Ć" (U+0106)
  0x00, 0xC4, 0x03, // class 2 -> "Ĉ" (U+0108)
  0x00, 0xC6, 0x03, // class 2 -> "Ċ" (U+010A)
  0x00, 0xC8, 0x03, // class 2 -> "Č" (U+010C)
  0x00, 0xD8, 0x03, // class 2 -> "Ĝ" (U+011C)
  0x00, 0xDA, 0x03, // class 2 -> "Ğ" (U+011E)
  0x00, 0xDC, 0x03, // class 2 -> "Ġ" (U+0120)
  0x00, 0xDE, 0x03, // class 2 -> "Ģ" (U+0122)
  0x01, 0x08, 0x03, // class 2 -> "Ō" (U+014C)
  0x01, 0x0A, 0x03, // class 2 -> "Ŏ" (U+014E)
  0x01, 0x0C, 0x03, // class 2 -> "Ő" (U+0150)
  0x01, 0x0E, 0x03, // class 2 -> "Œ" (U+0152)
  0x01, 0x1E, 0x04, // class 2 -> "Ţ" (U+0162)
  0x01, 0x20, 0x04, // class 2 -> "Ť" (U+0164)
  0x01, 0x22, 0x04, // class 2 -> "Ŧ" (U+0166)
  0x01, 0x24, 0x01, // class 2 -> "Ũ" (U+0168)
  0x01, 0x26, 0x01, // class 2 -> "Ū" (U+016A)
  0x01, 0x28, 0x01, // class 2 -> "Ŭ" (U+016C)
  0x01, 0x2A, 0x01, // class 2 -> "Ů" (U+016E)
  0x01, 0x2C, 0x01, // class 2 -> "Ű" (U+0170)
  0x01, 0x2E, 0x01, // class 2 -> "Ų" (U+0172)
  0x01, 0x30, 0x03, // class 2 -> "Ŵ" (U+0174)
  0x01, 0x32, 0x03, // class 2 -> "Ŷ" (U+0176)
  0x01, 0x34, 0x03, // class 2 -> "Ÿ" (U+0178)
  0x00, 0x33, 0x02, // class 3 -> "T" (U+0054)
  0x01, 0x1E, 0x02, // class 3 -> "Ţ" (U+0162)
  0x01, 0x20, 0x02, // class 3 -> "Ť" (U+0164)
  0x01, 0x22, 0x02, // class 3 -> "Ŧ" (U+0166)
  0x00, 0x01, 0x04, // class 4 -> """ (U+0022)
  0x00, 0x06, 0x04, // class 4 -> "'" (U+0027)
  0x00, 0x22, 0x01, // class 4 -> "C" (U+0043)
  0x00, 0x26, 0x01, // class 4 -> "G" (U+0047)
  0x00, 0x2E, 0x01, // class 4 -> "O" (U+004F)
  0x00, 0x30, 0x01, // class 4 -> "Q" (U+0051)
  0x00, 0x33, 0x04, // class 4 -> "T" (U+0054)
  0x00, 0x35, 0x02, // class 4 -> "V" (U+0056)
  0x00, 0x36, 0x02, // class 4 -> "W" (U+0057)
  0x00, 0x38, 0x03, // class 4 -> "Y" (U+0059)
  0x00, 0x83, 0x01, // class 4 -> "Ç" (U+00C7)
  0x00, 0x8E, 0x01, // class 4 -> "Ò" (U+00D2)
  0x00, 0x8F, 0x01, // class 4 -> "Ó" (U+00D3)
  0x00, 0x90, 0x01, // class 4 -> "Ô" (U+00D4)
  0x00, 0x91, 0x01, // class 4 -> "Õ" (U+00D5)
  0x00, 0x92, 0x01, // class 4 -> "Ö" (U+00D6)
  0x00, 0x94, 0x01, // class 4 -> "Ø" (U+00D8)
  0x00, 0x99, 0x03, // class 4 -> "Ý" (U+00DD)
  0x00, 0xC2, 0x01, // class 4 -> "Ć" (U+0106)
  0x00, 0xC4, 0x01, // class 4 -> "Ĉ" (U+0108)
  0x00, 0xC6, 0x01, // class 4 -> "Ċ" (U+010A)
  0x00, 0xC8, 0x01, // class 4 -> "Č" (U+010C)
  0x00, 0xD8, 0x01, // class 4 -> "Ĝ" (U+011C)
  0x00, 0xDA, 0x01, // class 4 -> "Ğ" (U+011E)
  0x00, 0xDC, 0x01, // class 4 -> "Ġ" (U+0120)
  0x00, 0xDE, 0x01, // class 4 -> "Ģ" (U+0122)
  0x01, 0x08, 0x01, // class 4 -> "Ō" (U+014C)
  0x01, 0x0A, 0x01, // class 4 -> "Ŏ" (U+014E)
  0x01, 0x0C, 0x01, // class 4 -> "Ő" (U+0150)
  0x01, 0x0E, 0x01, // class 4 -> "Œ" (U+0152)
  0x01, 0x1E, 0x04, // class 4 -> "Ţ" (U+0162)
  0x01, 0x20, 0x04, // class 4 -> "Ť" (U+0164)
  0x01, 0x22, 0x04, // class 4 -> "Ŧ" (U+0166)
  0x01, 0x30, 0x02, // class 4 -> "Ŵ" (U+0174)
  0x01, 0x32, 0x03, // class 4 -> "Ŷ" (U+0176)
  0x01, 0x34, 0x03, // class 4 -> "Ÿ" (U+0178)
  0x01, 0x44, 0x04, // class 4 -> "’" (U+2019)
  0x01, 0x48, 0x04, // class 4 -> "”" (U+201D)
  0x00, 0x0B, 0x01, // class 5 -> "," (U+002C)
  0x00, 0x0D, 0x01, // class 5 -> "." (U+002E)
  0x01, 0x45, 0x01, // class 5 -> "‚" (U+201A)
  0x01, 0x49, 0x01, // class 5 -> "„" (U+201E)
  0x01, 0x4E, 0x01, // class 5 -> "…" (U+2026)
  0x00, 0x22, 0x01, // class 6 -> "C" (U+0043)
  0x00, 0x26, 0x01, // class 6 -> "G" (U+0047)
  0x00, 0x2E, 0x01, // class 6 -> "O" (U+004F)
  0x00, 0x30, 0x01, // class 6 -> "Q" (U+0051)
  0x00, 0x68, 0x01, // class 6 -> "«" (U+00AB)
  0x00, 0x83, 0x01, // class 6 -> "Ç" (U+00C7)
  0x00, 0x8E, 0x01, // class 6 -> "Ò" (U+00D2)
  0x00, 0x8F, 0x01, // class 6 -> "Ó" (U+00D3)
  0x00, 0x90, 0x01, // class 6 -> "Ô" (U+00D4)
  0x00, 0x91, 0x01, // class 6 -> "Õ" (U+00D5)
  0x00, 0x92, 0x01, // class 6 -> "Ö" (U+00D6)
  0x00, 0x94, 0x01, // class 6 -> "Ø" (U+00D8)
  0x00, 0xC2, 0x01, // class 6 -> "Ć" (U+0106)
  0x00, 0xC4, 0x01, // class 6 -> "Ĉ" (U+0108)
  0x00, 0xC6, 0x01, // class 6 -> "Ċ" (U+010A)
  0x00, 0xC8, 0x01, // class 6 -> "Č" (U+010C)
  0x00, 0xD8, 0x01, // class 6 -> "Ĝ" (U+011C)
  0x00, 0xDA, 0x01, // class 6 -> "Ğ" (U+011E)
  0x00, 0xDC, 0x01, // class 6 -> "Ġ" (U+0120)
  0x00, 0xDE, 0x01, // class 6 -> "Ģ" (U+0122)
  0x01, 0x08, 0x01, // class 6 -> "Ō" (U+014C)
  0x01, 0x0A, 0x01, // class 6 -> "Ŏ" (U+014E)
  0x01, 0x0C, 0x01, // class 6 -> "Ő" (U+0150)
  0x01, 0x0E, 0x01, // class 6 -> "Œ" (U+0152)
  0x01, 0x50, 0x01, // class 6 -> "‹" (U+2039)
  0x00, 0x0B, 0x02, // class 7 -> "," (U+002C)
  0x00, 0x0D, 0x02, // class 7 -> "." (U+002E)
  0x00, 0x20, 0x01, // class 7 -> "A" (U+0041)
  0x00, 0x33, 0x02, // class 7 -> "T" (U+0054)
  0x00, 0x35, 0x01, // class 7 -> "V" (U+0056)
  0x00, 0x36, 0x01, // class 7 -> "W" (U+0057)
  0x00, 0x37, 0x01, // class 7 -> "X" (U+0058)
  0x00, 0x38, 0x01, // class 7 -> "Y" (U+0059)
  0x00, 0x39, 0x01, // class 7 -> "Z" (U+005A)
  0x00, 0x7C, 0x01, // class 7 -> "À" (U+00C0)
  0x00, 0x7D, 0x01, // class 7 -> "Á" (U+00C1)
  0x00, 0x7E, 0x01, // class 7 -> "Â" (U+00C2)
  0x00, 0x7F, 0x01, // class 7 -> "Ã" (U+00C3)
  0x00, 0x80, 0x01, // class 7 -> "Ä" (U+00C4)
  0x00, 0x81, 0x01, // class 7 -> "Å" (U+00C5)
  0x00, 0x99, 0x01, // class 7 -> "Ý" (U+00DD)
  0x00, 0xBC, 0x01, // class 7 -> "Ā" (U+0100)
  0x00, 0xBE, 0x01, // class 7 -> "Ă" (U+0102)
  0x00, 0xC0, 0x01, // class 7 -> "Ą" (U+0104)
  0x01, 0x1E, 0x02, // class 7 -> "Ţ" (U+0162)
  0x01, 0x20, 0x02, // class 7 -> "Ť" (U+0164)
  0x01, 0x22, 0x02, // class 7 -> "Ŧ" (U+0166)
  0x01, 0x30, 0x01, // class 7 -> "Ŵ" (U+0174)
  0x01, 0x32, 0x01, // class 7 -> "Ŷ" (U+0176)
  0x01, 0x34, 0x01, // class 7 -> "Ÿ" (U+0178)
  0x01, 0x35, 0x01, // class 7 -> "Ź" (U+0179)
  0x01, 0x37, 0x01, // class 7 -> "Ż" (U+017B)
  0x01, 0x39, 0x01, // class 7 -> "Ž" (U+017D)
  0x01, 0x45, 0x02, // class 7 -> "‚" (U+201A)
  0x01, 0x49, 0x02, // class 7 -> "„" (U+201E)
  0x01, 0x4E, 0x02, // class 7 -> "…" (U+2026)
  0x00, 0x0B, 0x03, // class 8 -> "," (U+002C)
  0x00, 0x0D, 0x03, // class 8 -> "." (U+002E)
  0x00, 0x20, 0x01, // class 8 -> "A" (U+0041)
  0x00, 0x7C, 0x01, // class 8 -> "À" (U+00C0)
  0x00, 0x7D, 0x01, // class 8 -> "Á" (U+00C1)
  0x00, 0x7E, 0x01, // class 8 -> "Â" (U+00C2)
  0x00, 0x7F, 0x01, // class 8 -> "Ã" (U+00C3)
  0x00, 0x80, 0x01, // class 8 -> "Ä" (U+00C4)
  0x00, 0x81, 0x01, // class 8 -> "Å" (U+00C5)
  0x00, 0xBC, 0x01, // class 8 -> "Ā" (U+0100)
  0x00, 0xBE, 0x01, // class 8 -> "Ă" (U+0102)
  0x00, 0xC0, 0x01, // class 8 -> "Ą" (U+0104)
  0x01, 0x45, 0x03, // class 8 -> "‚" (U+201A)
  0x01, 0x49, 0x03, // class 8 -> "„" (U+201E)
  0x01, 0x4E, 0x03, // class 8 -> "…" (U+2026)
  0x00, 0x01, 0x04, // class 9 -> """ (U+0022)
  0x00, 0x06, 0x04, // class 9 -> "'" (U+0027)
  0x00, 0x22, 0x01, // class 9 -> "C" (U+0043)
  0x00, 0x26, 0x01, // class 9 -> "G" (U+0047)
  0x00, 0x2E, 0x01, // class 9 -> "O" (U+004F)
  0x00, 0x30, 0x01, // class 9 -> "Q" (U+0051)
  0x00, 0x33, 0x01, // class 9 -> "T" (U+0054)
  0x00, 0x34, 0x01, // class 9 -> "U" (U+0055)
  0x00, 0x35, 0x01, // class 9 -> "V" (U+0056)
  0x00, 0x36, 0x01, // class 9 -> "W" (U+0057)
  0x00, 0x38, 0x02, // class 9 -> "Y" (U+0059)
  0x00, 0x83, 0x01, // class 9 -> "Ç" (U+00C7)
  0x00, 0x8E, 0x01, // class 9 -> "Ò" (U+00D2)
  0x00, 0x8F, 0x01, // class 9 -> "Ó" (U+00D3)
  0x00, 0x90, 0x01, // class 9 -> "Ô" (U+00D4)
  0x00, 0x91, 0x01, // class 9 -> "Õ" (U+00D5)
  0x00, 0x92, 0x01, // class 9 -> "Ö" (U+00D6)
  0x00, 0x94, 0x01, // class 9 -> "Ø" (U+00D8)
  0x00, 0x95, 0x01, // class 9 -> "Ù" (U+00D9)
  0x00, 0x96, 0x01, // class 9 -> "Ú" (U+00DA)
  0x00, 0x97, 0x01, // class 9 -> "Û" (U+00DB)
  0x00, 0x98, 0x01, // class 9 -> "Ü" (U+00DC)
  0x00, 0x99, 0x02, // class 9 -> "Ý" (U+00DD)
  0x00, 0xC2, 0x01, // class 9 -> "Ć" (U+0106)
  0x00, 0xC4, 0x01, // class 9 -> "Ĉ" (U+0108)
  0x00, 0xC6, 0x01, // class 9 -> "Ċ" (U+010A)
  0x00, 0xC8, 0x01, // class 9 -> "Č" (U+010C)
  0x00, 0xD8, 0x01, // class 9 -> "Ĝ" (U+011C)
  0x00, 0xDA, 0x01, // class 9 -> "Ğ" (U+011E)
  0x00, 0xDC, 0x01, // class 9 -> "Ġ" (U+0120)
  0x00, 0xDE, 0x01, // class 9 -> "Ģ" (U+0122)
  0x01, 0x08, 0x01, // class 9 -> "Ō" (U+014C)
  0x01, 0x0A, 0x01, // class 9 -> "Ŏ" (U+014E)
  0x01, 0x0C, 0x01, // class 9 -> "Ő" (U+0150)
  0x01, 0x0E, 0x01, // class 9 -> "Œ" (U+0152)
  0x01, 0x1E, 0x01, // class 9 -> "Ţ" (U+0162)
  0x01, 0x20, 0x01, // class 9 -> "Ť" (U+0164)
  0x01, 0x22, 0x01, // class 9 -> "Ŧ" (U+0166)
  0x01, 0x24, 0x01, // class 9 -> "Ũ" (U+0168)
  0x01, 0x26, 0x01, // class 9 -> "Ū" (U+016A)
  0x01, 0x28, 0x01, // class 9 -> "Ŭ" (U+016C)
  0x01, 0x2A, 0x01, // class 9 -> "Ů" (U+016E)
  0x01, 0x2C, 0x01, // class 9 -> "Ű" (U+0170)
  0x01, 0x2E, 0x01, // class 9 -> "Ų" (U+0172)
  0x01, 0x30, 0x01, // class 9 -> "Ŵ" (U+0174)
  0x01, 0x32, 0x02, // class 9 -> "Ŷ" (U+0176)
  0x01, 0x34, 0x02, // class 9 -> "Ÿ" (U+0178)
  0x01, 0x44, 0x04, // class 9 -> "’" (U+2019)
  0x01, 0x48, 0x04, // class 9 -> "”" (U+201D)
  0x00, 0x05, 0x01, // class 10 -> "&" (U+0026)
  0x00, 0x0B, 0x07, // class 10 -> "," (U+002C)
  0x00, 0x0D, 0x07, // class 10 -> "." (U+002E)
  0x00, 0x20, 0x03, // class 10 -> "A" (U+0041)
  0x00, 0x37, 0x01, // class 10 -> "X" (U+0058)
  0x00, 0x39, 0x01, // class 10 -> "Z" (U+005A)
  0x00, 0x68, 0x01, // class 10 -> "«" (U+00AB)
  0x00, 0x7C, 0x03, // class 10 -> "À" (U+00C0)
  0x00, 0x7D, 0x03, // class 10 -> "Á" (U+00C1)
  0x00, 0x7E, 0x03, // class 10 -> "Â" (U+00C2)
  0x00, 0x7F, 0x03, // class 10 -> "Ã" (U+00C3)
  0x00, 0x80, 0x03, // class 10 -> "Ä" (U+00C4)
  0x00, 0x81, 0x03, // class 10 -> "Å" (U+00C5)
  0x00, 0x82, 0x02, // class 10 -> "Æ" (U+00C6)
  0x00, 0xBC, 0x03, // class 10 -> "Ā" (U+0100)
  0x00, 0xBE, 0x03, // class 10 -> "Ă" (U+0102)
  0x00, 0xC0, 0x03, // class 10 -> "Ą" (U+0104)
  0x01, 0x35, 0x01, // class 10 -> "Ź" (U+0179)
  0x01, 0x37, 0x01, // class 10 -> "Ż" (U+017B)
  0x01, 0x39, 0x01, // class 10 -> "Ž" (U+017D)
  0x01, 0x45, 0x07, // class 10 -> "‚" (U+201A)
  0x01, 0x49, 0x07, // class 10 -> "„" (U+201E)
  0x01, 0x4E, 0x07, // class 10 -> "…" (U+2026)
  0x01, 0x50, 0x01, // class 10 -> "‹" (U+2039)
  0x00, 0x68, 0x01, // class 11 -> "«" (U+00AB)
  0x01, 0x50, 0x01, // class 11 -> "‹" (U+2039)
  0x00, 0x05, 0x01, // class 12 -> "&" (U+0026)
  0x00, 0x0B, 0x03, // class 12 -> "," (U+002C)
  0x00, 0x0C, 0x02, // class 12 -> "-" (U+002D)
  0x00, 0x0D, 0x03, // class 12 -> "." (U+002E)
  0x00, 0x20, 0x04, // class 12 -> "A" (U+0041)
  0x00, 0x22, 0x01, // class 12 -> "C" (U+0043)
  0x00, 0x26, 0x01, // class 12 -> "G" (U+0047)
  0x00, 0x2E, 0x01, // class 12 -> "O" (U+004F)
  0x00, 0x30, 0x01, // class 12 -> "Q" (U+0051)
  0x00, 0x40, 0x04, // class 12 -> "a" (U+0061)
  0x00, 0x42, 0x04, // class 12 -> "c" (U+0063)
  0x00, 0x43, 0x04, // class 12 -> "d" (U+0064)
  0x00, 0x44, 0x04, // class 12 -> "e" (U+0065)
  0x00, 0x46, 0x04, // class 12 -> "g" (U+0067)
  0x00, 0x4C, 0x03, // class 12 -> "m" (U+006D)
  0x00, 0x4D, 0x03, // class 12 -> "n" (U+006E)
  0x00, 0x4E, 0x04, // class 12 -> "o" (U+006F)
  0x00, 0x4F, 0x03, // class 12 -> "p" (U+0070)
  0x00, 0x50, 0x04, // class 12 -> "q" (U+0071)
  0x00, 0x51, 0x03, // class 12 -> "r" (U+0072)
  0x00, 0x52, 0x03, // class 12 -> "s" (U+0073)
  0x00, 0x54, 0x03, // class 12 -> "u" (U+0075)
  0x00, 0x55, 0x01, // class 12 -> "v" (U+0076)
  0x00, 0x56, 0x01, // class 12 -> "w" (U+0077)
  0x00, 0x57, 0x01, // class 12 -> "x" (U+0078)
  0x00, 0x58, 0x01, // class 12 -> "y" (U+0079)
  0x00, 0x59, 0x02, // class 12 -> "z" (U+007A)
  0x00, 0x68, 0x03, // class 12 -> "«" (U+00AB)
  0x00, 0x77, 0x02, // class 12 -> "»" (U+00BB)
  0x00, 0x7C, 0x04, // class 12 -> "À" (U+00C0)
  0x00, 0x7D, 0x04, // class 12 -> "Á" (U+00C1)
  0x00, 0x7E, 0x04, // class 12 -> "Â" (U+00C2)
  0x00, 0x7F, 0x04, // class 12 -> "Ã" (U+00C3)
  0x00, 0x80, 0x04, // class 12 -> "Ä" (U+00C4)
  0x00, 0x81, 0x04, // class 12 -> "Å" (U+00C5)
  0x00, 0x83, 0x01, // class 12 -> "Ç" (U+00C7)
  0x00, 0x8E, 0x01, // class 12 -> "Ò" (U+00D2)
  0x00, 0x8F, 0x01, // class 12 -> "Ó" (U+00D3)
  0x00, 0x90, 0x01, // class 12 -> "Ô" (U+00D4)
  0x00, 0x91, 0x01, // class 12 -> "Õ" (U+00D5)
  0x00, 0x92, 0x01, // class 12 -> "Ö" (U+00D6)
  0x00, 0x94, 0x01, // class 12 -> "Ø" (U+00D8)
  0x00, 0x9C, 0x04, // class 12 -> "à" (U+00E0)
  0x00, 0x9D, 0x04, // class 12 -> "á" (U+00E1)
  0x00, 0x9E, 0x04, // class 12 -> "â" (U+00E2)
  0x00, 0x9F, 0x04, // class 12 -> "ã" (U+00E3)
  0x00, 0xA0, 0x04, // class 12 -> "ä" (U+00E4)
  0x00, 0xA1, 0x04, // class 12 -> "å" (U+00E5)
  0x00, 0xA2, 0x04, // class 12 -> "æ" (U+00E6)
  0x00, 0xA3, 0x04, // class 12 -> "ç" (U+00E7)
  0x00, 0xA4, 0x04, // class 12 -> "è" (U+00E8)
  0x00, 0xA5, 0x04, // class 12 -> "é" (U+00E9)
  0x00, 0xA6, 0x04, // class 12 -> "ê" (U+00EA)
  0x00, 0xA7, 0x04, // class 12 -> "ë" (U+00EB)
  0x00, 0xAE, 0x04, // class 12 -> "ò" (U+00F2)
  0x00, 0xAF, 0x04, // class 12 -> "ó" (U+00F3)
  0x00, 0xB0, 0x04, // class 12 -> "ô" (U+00F4)
  0x00, 0xB1, 0x04, // class 12 -> "õ" (U+00F5)
  0x00, 0xB2, 0x04, // class 12 -> "ö" (U+00F6)
  0x00, 0xB4, 0x04, // class 12 -> "ø" (U+00F8)
  0x00, 0xB5, 0x03, // class 12 -> "ù" (U+00F9)
  0x00, 0xB6, 0x03, // class 12 -> "ú" (U+00FA)
  0x00, 0xB7, 0x03, // class 12 -> "û" (U+00FB)
  0x00, 0xB8, 0x03, // class 12 -> "ü" (U+00FC)
  0x00, 0xB9, 0x01, // class 12 -> "ý" (U+00FD)
  0x00, 0xBB, 0x01, // class 12 -> "ÿ" (U+00FF)
  0x00, 0xBC, 0x04, // class 12 -> "Ā" (U+0100)
  0x00, 0xBD, 0x04, // class 12 -> "ā" (U+0101)
  0x00, 0xBE, 0x04, // class 12 -> "Ă" (U+0102)
  0x00, 0xBF, 0x04, // class 12 -> "ă" (U+0103)
  0x00, 0xC0, 0x04, // class 12 -> "Ą" (U+0104)
  0x00, 0xC1, 0x04, // class 12 -> "ą" (U+0105)
  0x00, 0xC2, 0x01, // class 12 -> "Ć" (U+0106)
  0x00, 0xC3, 0x04, // class 12 -> "ć" (U+0107)
  0x00, 0xC4, 0x01, // class 12 -> "Ĉ" (U+0108)
  0x00, 0xC5, 0x04, // class 12 -> "ĉ" (U+0109)
  0x00, 0xC6, 0x01, // class 12 -> "Ċ" (U+010A)
  0x00, 0xC7, 0x04, // class 12 -> "ċ" (U+010B)
  0x00, 0xC8, 0x01, // class 12 -> "Č" (U+010C)
  0x00, 0xC9, 0x04, // class 12 -> "č" (U+010D)
  0x00, 0xCB, 0x04, // class 12 -> "ď" (U+010F)
  0x00, 0xCD, 0x04, // class 12 -> "đ" (U+0111)
  0x00, 0xCF, 0x04, // class 12 -> "ē" (U+0113)
  0x00, 0xD1, 0x04, // class 12 -> "ĕ" (U+0115)
  0x00, 0xD3, 0x04, // class 12 -> "ė" (U+0117)
  0x00, 0xD5, 0x04, // class 12 -> "ę" (U+0119)
  0x00, 0xD7, 0x04, // class 12 -> "ě" (U+011B)
  0x00, 0xD8, 0x01, // class 12 -> "Ĝ" (U+011C)
  0x00, 0xD9, 0x04, // class 12 -> "ĝ" (U+011D)
  0x00, 0xDA, 0x01, // class 12 -> "Ğ" (U+011E)
  0x00, 0xDB, 0x04, // class 12 -> "ğ" (U+011F)
  0x00, 0xDC, 0x01, // class 12 -> "Ġ" (U+0120)
  0x00, 0xDD, 0x04, // class 12 -> "ġ" (U+0121)
  0x00, 0xDE, 0x01, // class 12 -> "Ģ" (U+0122)
  0x00, 0xDF, 0x04, // class 12 -> "ģ" (U+0123)
  0x00, 0xF4, 0x03, // class 12 -> "ĸ" (U+0138)
  0x01, 0x00, 0x03, // class 12 -> "ń" (U+0144)
  0x01, 0x02, 0x03, // class 12 -> "ņ" (U+0146)
  0x01, 0x07, 0x03, // class 12 -> "ŋ" (U+014B)
  0x01, 0x08, 0x01, // class 12 -> "Ō" (U+014C)
  0x01, 0x09, 0x04, // class 12 -> "ō" (U+014D)
  0x01, 0x0A, 0x01, // class 12 -> "Ŏ" (U+014E)
  0x01, 0x0B, 0x04, // class 12 -> "ŏ" (U+014F)
  0x01, 0x0C, 0x01, // class 12 -> "Ő" (U+0150)
  0x01, 0x0D, 0x04, // class 12 -> "ő" (U+0151)
  0x01, 0x0E, 0x01, // class 12 -> "Œ" (U+0152)
  0x01, 0x0F, 0x04, // class 12 -> "œ" (U+0153)
  0x01, 0x11, 0x03, // class 12 -> "ŕ" (U+0155)
  0x01, 0x13, 0x03, // class 12 -> "ŗ" (U+0157)
  0x01, 0x17, 0x03, // class 12 -> "ś" (U+015B)
  0x01, 0x1B, 0x03, // class 12 -> "ş" (U+015F)
  0x01, 0x25, 0x03, // class 12 -> "ũ" (U+0169)
  0x01, 0x27, 0x03, // class 12 -> "ū" (U+016B)
  0x01, 0x29, 0x03, // class 12 -> "ŭ" (U+016D)
  0x01, 0x2B, 0x03, // class 12 -> "ů" (U+016F)
  0x01, 0x2D, 0x03, // class 12 -> "ű" (U+0171)
  0x01, 0x2F, 0x03, // class 12 -> "ų" (U+0173)
  0x01, 0x31, 0x01, // class 12 -> "ŵ" (U+0175)
  0x01, 0x33, 0x01, // class 12 -> "ŷ" (U+0177)
  0x01, 0x36, 0x02, // class 12 -> "ź" (U+017A)
  0x01, 0x38, 0x02, // class 12 -> "ż" (U+017C)
  0x01, 0x3A, 0x02, // class 12 -> "ž" (U+017E)
  0x01, 0x3F, 0x02, // class 12 -> "–" (U+2013)
  0x01, 0x40, 0x02, // class 12 -> "—" (U+2014)
  0x01, 0x45, 0x03, // class 12 -> "‚" (U+201A)
  0x01, 0x49, 0x03, // class 12 -> "„" (U+201E)
  0x01, 0x4E, 0x03, // class 12 -> "…" (U+2026)
  0x01, 0x50, 0x03, // class 12 -> "‹" (U+2039)
  0x01, 0x51, 0x02, // class 12 -> "›" (U+203A)
  0x00, 0x0B, 0x01, // class 13 -> "," (U+002C)
  0x00, 0x0D, 0x01, // class 13 -> "." (U+002E)
  0x00, 0x20, 0x01, // class 13 -> "A" (U+0041)
  0x00, 0x7C, 0x01, // class 13 -> "À" (U+00C0)
  0x00, 0x7D, 0x01, // class 13 -> "Á" (U+00C1)
  0x00, 0x7E, 0x01, // class 13 -> "Â" (U+00C2)
  0x00, 0x7F, 0x01, // class 13 -> "Ã" (U+00C3)
  0x00, 0x80, 0x01, // class 13 -> "Ä" (U+00C4)
  0x00, 0x81, 0x01, // class 13 -> "Å" (U+00C5)
  0x00, 0xBC, 0x01, // class 13 -> "Ā" (U+0100)
  0x00, 0xBE, 0x01, // class 13 -> "Ă" (U+0102)
  0x00, 0xC0, 0x01, // class 13 -> "Ą" (U+0104)
  0x01, 0x45, 0x01, // class 13 -> "‚" (U+201A)
  0x01, 0x49, 0x01, // class 13 -> "„" (U+201E)
  0x01, 0x4E, 0x01, // class 13 -> "…" (U+2026)
  0x00, 0x0B, 0x03, // class 14 -> "," (U+002C)
  0x00, 0x0D, 0x03, // class 14 -> "." (U+002E)
  0x00, 0x20, 0x02, // class 14 -> "A" (U+0041)
  0x00, 0x22, 0x01, // class 14 -> "C" (U+0043)
  0x00, 0x26, 0x01, // class 14 -> "G" (U+0047)
  0x00, 0x2E, 0x01, // class 14 -> "O" (U+004F)
  0x00, 0x30, 0x01, // class 14 -> "Q" (U+0051)
  0x00, 0x40, 0x01, // class 14 -> "a" (U+0061)
  0x00, 0x42, 0x01, // class 14 -> "c" (U+0063)
  0x00, 0x43, 0x01, // class 14 -> "d" (U+0064)
  0x00, 0x44, 0x01, // class 14 -> "e" (U+0065)
  0x00, 0x46, 0x01, // class 14 -> "g" (U+0067)
  0x00, 0x4C, 0x01, // class 14 -> "m" (U+006D)
  0x00, 0x4D, 0x01, // class 14 -> "n" (U+006E)
  0x00, 0x4E, 0x01, // class 14 -> "o" (U+006F)
  0x00, 0x4F, 0x01, // class 14 -> "p" (U+0070)
  0x00, 0x50, 0x01, // class 14 -> "q" (U+0071)
  0x00, 0x51, 0x01, // class 14 -> "r" (U+0072)
  0x00, 0x52, 0x01, // class 14 -> "s" (U+0073)
  0x00, 0x54, 0x01, // class 14 -> "u" (U+0075)
  0x00, 0x68, 0x02, // class 14 -> "«" (U+00AB)
  0x00, 0x77, 0x01, // class 14 -> "»" (U+00BB)
  0x00, 0x7C, 0x02, // class 14 -> "À" (U+00C0)
  0x00, 0x7D, 0x02, // class 14 -> "Á" (U+00C1)
  0x00, 0x7E, 0x02, // class 14 -> "Â" (U+00C2)
  0x00, 0x7F, 0x02, // class 14 -> "Ã" (U+00C3)
  0x00, 0x80, 0x02, // class 14 -> "Ä" (U+00C4)
  0x00, 0x81, 0x02, // class 14 -> "Å" (U+00C5)
  0x00, 0x83, 0x01, // class 14 -> "Ç" (U+00C7)
  0x00, 0x8E, 0x01, // class 14 -> "Ò" (U+00D2)
  0x00, 0x8F, 0x01, // class 14 -> "Ó" (U+00D3)
  0x00, 0x90, 0x01, // class 14 -> "Ô" (U+00D4)
  0x00, 0x91, 0x01, // class 14 -> "Õ" (U+00D5)
  0x00, 0x92, 0x01, // class 14 -> "Ö" (U+00D6)
  0x00, 0x94, 0x01, // class 14 -> "Ø" (U+00D8)
  0x00, 0x9C, 0x01, // class 14 -> "à" (U+00E0)
  0x00, 0x9D, 0x01, // class 14 -> "á" (U+00E1)
  0x00, 0x9E, 0x01, // class 14 -> "â" (U+00E2)
  0x00, 0x9F, 0x01, // class 14 -> "ã" (U+00E3)
  0x00, 0xA0, 0x01, // class 14 -> "ä" (U+00E4)
  0x00, 0xA1, 0x01, // class 14 -> "å" (U+00E5)
  0x00, 0xA2, 0x01, // class 14 -> "æ" (U+00E6)
  0x00, 0xA3, 0x01, // class 14 -> "ç" (U+00E7)
  0x00, 0xA4, 0x01, // class 14 -> "è" (U+00E8)
  0x00, 0xA5, 0x01, // class 14 -> "é" (U+00E9)
  0x00, 0xA6, 0x01, // class 14 -> "ê" (U+00EA)
  0x00, 0xA7, 0x01, // class 14 -> "ë" (U+00EB)
  0x00, 0xAE, 0x01, // class 14 -> "ò" (U+00F2)
  0x00, 0xAF, 0x01, // class 14 -> "ó" (U+00F3)
  0x00, 0xB0, 0x01, // class 14 -> "ô" (U+00F4)
  0x00, 0xB1, 0x01, // class 14 -> "õ" (U+00F5)
  0x00, 0xB2, 0x01, // class 14 -> "ö" (U+00F6)
  0x00, 0xB4, 0x01, // class 14 -> "ø" (U+00F8)
  0x00, 0xB5, 0x01, // class 14 -> "ù" (U+00F9)
  0x00, 0xB6, 0x01, // class 14 -> "ú" (U+00FA)
  0x00, 0xB7, 0x01, // class 14 -> "û" (U+00FB)
  0x00, 0xB8, 0x01, // class 14 -> "ü" (U+00FC)
  0x00, 0xBC, 0x02, // class 14 -> "Ā" (U+0100)
  0x00, 0xBD, 0x01, // class 14 -> "ā" (U+0101)
  0x00, 0xBE, 0x02, // class 14 -> "Ă" (U+0102)
  0x00, 0xBF, 0x01, // class 14 -> "ă" (U+0103)
  0x00, 0xC0, 0x02, // class 14 -> "Ą" (U+0104)
  0x00, 0xC1, 0x01, // class 14 -> "ą" (U+0105)
  0x00, 0xC2, 0x01, // class 14 -> "Ć" (U+0106)
  0x00, 0xC3, 0x01, // class 14 -> "ć" (U+0107)
  0x00, 0xC4, 0x01, // class 14 -> "Ĉ" (U+0108)
  0x00, 0xC5, 0x01, // class 14 -> "ĉ" (U+0109)
  0x00, 0xC6, 0x01, // class 14 -> "Ċ" (U+010A)
  0x00, 0xC7, 0x01, // class 14 -> "ċ" (U+010B)
  0x00, 0xC8, 0x01, // class 14 -> "Č" (U+010C)
  0x00, 0xC9, 0x01, // class 14 -> "č" (U+010D)
  0x00, 0xCB, 0x01, // class 14 -> "ď" (U+010F)
  0x00, 0xCD, 0x01, // class 14 -> "đ" (U+0111)
  0x00, 0xCF, 0x01, // class 14 -> "ē" (U+0113)
  0x00, 0xD1, 0x01, // class 14 -> "ĕ" (U+0115)
  0x00, 0xD3, 0x01, // class 14 -> "ė" (U+0117)
  0x00, 0xD5, 0x01, // class 14 -> "ę" (U+0119)
  0x00, 0xD7, 0x01, // class 14 -> "ě" (U+011B)
  0x00, 0xD8, 0x01, // class 14 -> "Ĝ" (U+011C)
  0x00, 0xD9, 0x01, // class 14 -> "ĝ" (U+011D)
  0x00, 0xDA, 0x01, // class 14 -> "Ğ" (U+011E)
  0x00, 0xDB, 0x01, // class 14 -> "ğ" (U+011F)
  0x00, 0xDC, 0x01, // class 14 -> "Ġ" (U+0120)
  0x00, 0xDD, 0x01, // class 14 -> "ġ" (U+0121)
  0x00, 0xDE, 0x01, // class 14 -> "Ģ" (U+0122)
  0x00, 0xDF, 0x01, // class 14 -> "ģ" (U+0123)
  0x00, 0xF4, 0x01, // class 14 -> "ĸ" (U+0138)
  0x01, 0x00, 0x01, // class 14 -> "ń" (U+0144)
  0x01, 0x02, 0x01, // class 14 -> "ņ" (U+0146)
  0x01, 0x07, 0x01, // class 14 -> "ŋ" (U+014B)
  0x01, 0x08, 0x01, // class 14 -> "Ō" (U+014C)
  0x01, 0x09, 0x01, // class 14 -> "ō" (U+014D)
  0x01, 0x0A, 0x01, // class 14 -> "Ŏ" (U+014E)
  0x01, 0x0B, 0x01, // class 14 -> "ŏ" (U+014F)
  0x01, 0x0C, 0x01, // class 14 -> "Ő" (U+0150)
  0x01, 0x0D, 0x01, // class 14 -> "ő" (U+0151)
  0x01, 0x0E, 0x01, // class 14 -> "Œ" (U+0152)
  0x01, 0x0F, 0x01, // class 14 -> "œ" (U+0153)
  0x01, 0x11, 0x01, // class 14 -> "ŕ" (U+0155)
  0x01, 0x13, 0x01, // class 14 -> "ŗ" (U+0157)
  0x01, 0x17, 0x01, // class 14 -> "ś" (U+015B)
  0x01, 0x1B, 0x01, // class 14 -> "ş" (U+015F)
  0x01, 0x25, 0x01, // class 14 -> "ũ" (U+0169)
  0x01, 0x27, 0x01, // class 14 -> "ū" (U+016B)
  0x01, 0x29, 0x01, // class 14 -> "ŭ" (U+016D)
  0x01, 0x2B, 0x01, // class 14 -> "ů" (U+016F)
  0x01, 0x2D, 0x01, // class 14 -> "ű" (U+0171)
  0x01, 0x2F, 0x01, // class 14 -> "ų" (U+0173)
  0x01, 0x45, 0x03, // class 14 -> "‚" (U+201A)
  0x01, 0x49, 0x03, // class 14 -> "„" (U+201E)
  0x01, 0x4E, 0x03, // class 14 -> "…" (U+2026)
  0x01, 0x50, 0x02, // class 14 -> "‹" (U+2039)
  0x01, 0x51, 0x01, // class 14 -> "›" (U+203A)
  0x00, 0x05, 0x02, // class 15 -> "&" (U+0026)
  0x00, 0x0B, 0x03, // class 15 -> "," (U+002C)
  0x00, 0x0D, 0x03, // class 15 -> "." (U+002E)
  0x00, 0x20, 0x03, // class 15 -> "A" (U+0041)
  0x00, 0x22, 0x01, // class 15 -> "C" (U+0043)
  0x00, 0x26, 0x01, // class 15 -> "G" (U+0047)
  0x00, 0x2E, 0x01, // class 15 -> "O" (U+004F)
  0x00, 0x30, 0x01, // class 15 -> "Q" (U+0051)
  0x00, 0x40, 0x03, // class 15 -> "a" (U+0061)
  0x00, 0x42, 0x03, // class 15 -> "c" (U+0063)
  0x00, 0x43, 0x03, // class 15 -> "d" (U+0064)
  0x00, 0x44, 0x03, // class 15 -> "e" (U+0065)
  0x00, 0x46, 0x03, // class 15 -> "g" (U+0067)
  0x00, 0x4C, 0x02, // class 15 -> "m" (U+006D)
  0x00, 0x4D, 0x02, // class 15 -> "n" (U+006E)
  0x00, 0x4E, 0x03, // class 15 -> "o" (U+006F)
  0x00, 0x4F, 0x02, // class 15 -> "p" (U+0070)
  0x00, 0x50, 0x03, // class 15 -> "q" (U+0071)
  0x00, 0x51, 0x02, // class 15 -> "r" (U+0072)
  0x00, 0x52, 0x02, // class 15 -> "s" (U+0073)
  0x00, 0x54, 0x02, // class 15 -> "u" (U+0075)
  0x00, 0x59, 0x01, // class 15 -> "z" (U+007A)
  0x00, 0x68, 0x04, // class 15 -> "«" (U+00AB)
  0x00, 0x77, 0x02, // class 15 -> "»" (U+00BB)
  0x00, 0x7C, 0x03, // class 15 -> "À" (U+00C0)
  0x00, 0x7D, 0x03, // class 15 -> "Á" (U+00C1)
  0x00, 0x7E, 0x03, // class 15 -> "Â" (U+00C2)
  0x00, 0x7F, 0x03, // class 15 -> "Ã" (U+00C3)
  0x00, 0x80, 0x03, // class 15 -> "Ä" (U+00C4)
  0x00, 0x81, 0x03, // class 15 -> "Å" (U+00C5)
  0x00, 0x83, 0x01, // class 15 -> "Ç" (U+00C7)
  0x00, 0x8E, 0x01, // class 15 -> "Ò" (U+00D2)
  0x00, 0x8F, 0x01, // class 15 -> "Ó" (U+00D3)
  0x00, 0x90, 0x01, // class 15 -> "Ô" (U+00D4)
  0x00, 0x91, 0x01, // class 15 -> "Õ" (U+00D5)
  0x00, 0x92, 0x01, // class 15 -> "Ö" (U+00D6)
  0x00, 0x94, 0x01, // class 15 -> "Ø" (U+00D8)
  0x00, 0x9C, 0x03, // class 15 -> "à" (U+00E0)
  0x00, 0x9D, 0x03, // class 15 -> "á" (U+00E1)
  0x00, 0x9E, 0x03, // class 15 -> "â" (U+00E2)
  0x00, 0x9F, 0x03, // class 15 -> "ã" (U+00E3)
  0x00, 0xA0, 0x03, // class 15 -> "ä" (U+00E4)
  0x00, 0xA1, 0x03, // class 15 -> "å" (U+00E5)
  0x00, 0xA2, 0x03, // class 15 -> "æ" (U+00E6)
  0x00, 0xA3, 0x03, // class 15 -> "ç" (U+00E7)
  0x00, 0xA4, 0x03, // class 15 -> "è" (U+00E8)
  0x00, 0xA5, 0x03, // class 15 -> "é" (U+00E9)
  0x00, 0xA6, 0x03, // class 15 -> "ê" (U+00EA)
  0x00, 0xA7, 0x03, // class 15 -> "ë" (U+00EB)
  0x00, 0xAE, 0x03, // class 15 -> "ò" (U+00F2)
  0x00, 0xAF, 0x03, // class 15 -> "ó" (U+00F3)
  0x00, 0xB0, 0x03, // class 15 -> "ô" (U+00F4)
  0x00, 0xB1, 0x03, // class 15 -> "õ" (U+00F5)
  0x00, 0xB2, 0x03, // class 15 -> "ö" (U+00F6)
  0x00, 0xB4, 0x03, // class 15 -> "ø" (U+00F8)
  0x00, 0xB5, 0x02, // class 15 -> "ù" (U+00F9)
  0x00, 0xB6, 0x02, // class 15 -> "ú" (U+00FA)
  0x00, 0xB7, 0x02, // class 15 -> "û" (U+00FB)
  0x00, 0xB8, 0x02, // class 15 -> "ü" (U+00FC)
  0x00, 0xBC, 0x03, // class 15 -> "Ā" (U+0100)
  0x00, 0xBD, 0x03, // class 15 -> "ā" (U+0101)
  0x00, 0xBE, 0x03, // class 15 -> "Ă" (U+0102)
  0x00, 0xBF, 0x03, // class 15 -> "ă" (U+0103)
  0x00, 0xC0, 0x03, // class 15 -> "Ą" (U+0104)
  0x00, 0xC1, 0x03, // class 15 -> "ą" (U+0105)
  0x00, 0xC2, 0x01, // class 15 -> "Ć" (U+0106)
  0x00, 0xC3, 0x03, // class 15 -> "ć" (U+0107)
  0x00, 0xC4, 0x01, // class 15 -> "Ĉ" (U+0108)
  0x00, 0xC5, 0x03, // class 15 -> "ĉ" (U+0109)
  0x00, 0xC6, 0x01, // class 15 -> "Ċ" (U+010A)
  0x00, 0xC7, 0x03, // class 15 -> "ċ" (U+010B)
  0x00, 0xC8, 0x01, // class 15 -> "Č" (U+010C)
  0x00, 0xC9, 0x03, // class 15 -> "č" (U+010D)
  0x00, 0xCB, 0x03, // class 15 -> "ď" (U+010F)
  0x00, 0xCD, 0x03, // class 15 -> "đ" (U+0111)
  0x00, 0xCF, 0x03, // class 15 -> "ē" (U+0113)
  0x00, 0xD1, 0x03, // class 15 -> "ĕ" (U+0115)
  0x00, 0xD3, 0x03, // class 15 -> "ė" (U+0117)
  0x00, 0xD5, 0x03, // class 15 -> "ę" (U+0119)
  0x00, 0xD7, 0x03, // class 15 -> "ě" (U+011B)
  0x00, 0xD8, 0x01, // class 15 -> "Ĝ" (U+011C)
  0x00, 0xD9, 0x03, // class 15 -> "ĝ" (U+011D)
  0x00, 0xDA, 0x01, // class 15 -> "Ğ" (U+011E)
  0x00, 0xDB, 0x03, // class 15 -> "ğ" (U+011F)
  0x00, 0xDC, 0x01, // class 15 -> "Ġ" (U+0120)
  0x00, 0xDD, 0x03, // class 15 -> "ġ" (U+0121)
  0x00, 0xDE, 0x01, // class 15 -> "Ģ" (U+0122)
  0x00, 0xDF, 0x03, // class 15 -> "ģ" (U+0123)
  0x00, 0xF4, 0x02, // class 15 -> "ĸ" (U+0138)
  0x01, 0x00, 0x02, // class 15 -> "ń" (U+0144)
  0x01, 0x02, 0x02, // class 15 -> "ņ" (U+0146)
  0x01, 0x07, 0x02, // class 15 -> "ŋ" (U+014B)
  0x01, 0x08, 0x01, // class 15 -> "Ō" (U+014C)
  0x01, 0x09, 0x03, // class 15 -> "ō" (U+014D)
  0x01, 0x0A, 0x01, // class 15 -> "Ŏ" (U+014E)
  0x01, 0x0B, 0x03, // class 15 -> "ŏ" (U+014F)
  0x01, 0x0C, 0x01, // class 15 -> "Ő" (U+0150)
  0x01, 0x0D, 0x03, // class 15 -> "ő" (U+0151)
  0x01, 0x0E, 0x01, // class 15 -> "Œ" (U+0152)
  0x01, 0x0F, 0x03, // class 15 -> "œ" (U+0153)
  0x01, 0x11, 0x02, // class 15 -> "ŕ" (U+0155)
  0x01, 0x13, 0x02, // class 15 -> "ŗ" (U+0157)
  0x01, 0x17, 0x02, // class 15 -> "ś" (U+015B)
  0x01, 0x1B, 0x02, // class 15 -> "ş" (U+015F)
  0x01, 0x25, 0x02, // class 15 -> "ũ" (U+0169)
  0x01, 0x27, 0x02, // class 15 -> "ū" (U+016B)
  0x01, 0x29, 0x02, // class 15 -> "ŭ" (U+016D)
  0x01, 0x2B, 0x02, // class 15 -> "ů" (U+016F)
  0x01, 0x2D, 0x02, // class 15 -> "ű" (U+0171)
  0x01, 0x2F, 0x02, // class 15 -> "ų" (U+0173)
  0x01, 0x36, 0x01, // class 15 -> "ź" (U+017A)
  0x01, 0x38, 0x01, // class 15 -> "ż" (U+017C)
  0x01, 0x3A, 0x01, // class 15 -> "ž" (U+017E)
  0x01, 0x45, 0x03, // class 15 -> "‚" (U+201A)
  0x01, 0x49, 0x03, // class 15 -> "„" (U+201E)
  0x01, 0x4E, 0x03, // class 15 -> "…" (U+2026)
  0x01, 0x50, 0x04, // class 15 -> "‹" (U+2039)
  0x01, 0x51, 0x02, // class 15 -> "›" (U+203A)
  0x00, 0x01, 0x01, // class 16 -> """ (U+0022)
  0x00, 0x06, 0x01, // class 16 -> "'" (U+0027)
  0x01, 0x44, 0x01, // class 16 -> "’" (U+2019)
  0x01, 0x48, 0x01, // class 16 -> "”" (U+201D)
  0x00, 0x01, 0x01, // class 17 -> """ (U+0022)
  0x00, 0x06, 0x01, // class 17 -> "'" (U+0027)
  0x00, 0x55, 0x01, // class 17 -> "v" (U+0076)
  0x00, 0x56, 0x01, // class 17 -> "w" (U+0077)
  0x00, 0x57, 0x01, // class 17 -> "x" (U+0078)
  0x00, 0x58, 0x01, // class 17 -> "y" (U+0079)
  0x00, 0x59, 0x01, // class 17 -> "z" (U+007A)
  0x00, 0xB9, 0x01, // class 17 -> "ý" (U+00FD)
  0x00, 0xBB, 0x01, // class 17 -> "ÿ" (U+00FF)
  0x01, 0x31, 0x01, // class 17 -> "ŵ" (U+0175)
  0x01, 0x33, 0x01, // class 17 -> "ŷ" (U+0177)
  0x01, 0x36, 0x01, // class 17 -> "ź" (U+017A)
  0x01, 0x38, 0x01, // class 17 -> "ż" (U+017C)
  0x01, 0x3A, 0x01, // class 17 -> "ž" (U+017E)
  0x01, 0x44, 0x01, // class 17 -> "’" (U+2019)
  0x01, 0x48, 0x01, // class 17 -> "”" (U+201D)
  0x00, 0x0B, 0x09, // class 18 -> "," (U+002C)
  0x00, 0x0D, 0x09, // class 18 -> "." (U+002E)
  0x00, 0x40, 0x01, // class 18 -> "a" (U+0061)
  0x00, 0x42, 0x01, // class 18 -> "c" (U+0063)
  0x00, 0x43, 0x01, // class 18 -> "d" (U+0064)
  0x00, 0x44, 0x01, // class 18 -> "e" (U+0065)
  0x00, 0x46, 0x01, // class 18 -> "g" (U+0067)
  0x00, 0x4E, 0x01, // class 18 -> "o" (U+006F)
  0x00, 0x50, 0x01, // class 18 -> "q" (U+0071)
  0x00, 0x9C, 0x01, // class 18 -> "à" (U+00E0)
  0x00, 0x9D, 0x01, // class 18 -> "á" (U+00E1)
  0x00, 0x9E, 0x01, // class 18 -> "â" (U+00E2)
  0x00, 0x9F, 0x01, // class 18 -> "ã" (U+00E3)
  0x00, 0xA0, 0x01, // class 18 -> "ä" (U+00E4)
  0x00, 0xA1, 0x01, // class 18 -> "å" (U+00E5)
  0x00, 0xA2, 0x01, // class 18 -> "æ" (U+00E6)
  0x00, 0xA3, 0x01, // class 18 -> "ç" (U+00E7)
  0x00, 0xA4, 0x01, // class 18 -> "è" (U+00E8)
  0x00, 0xA5, 0x01, // class 18 -> "é" (U+00E9)
  0x00, 0xA6, 0x01, // class 18 -> "ê" (U+00EA)
  0x00, 0xA7, 0x01, // class 18 -> "ë" (U+00EB)
  0x00, 0xAE, 0x01, // class 18 -> "ò" (U+00F2)
  0x00, 0xAF, 0x01, // class 18 -> "ó" (U+00F3)
  0x00, 0xB0, 0x01, // class 18 -> "ô" (U+00F4)
  0x00, 0xB1, 0x01, // class 18 -> "õ" (U+00F5)
  0x00, 0xB2, 0x01, // class 18 -> "ö" (U+00F6)
  0x00, 0xB4, 0x01, // class 18 -> "ø" (U+00F8)
  0x00, 0xBD, 0x01, // class 18 -> "ā" (U+0101)
  0x00, 0xBF, 0x01, // class 18 -> "ă" (U+0103)
  0x00, 0xC1, 0x01, // class 18 -> "ą" (U+0105)
  0x00, 0xC3, 0x01, // class 18 -> "ć" (U+0107)
  0x00, 0xC5, 0x01, // class 18 -> "ĉ" (U+0109)
  0x00, 0xC7, 0x01, // class 18 -> "ċ" (U+010B)
  0x00, 0xC9, 0x01, // class 18 -> "č" (U+010D)
  0x00, 0xCB, 0x01, // class 18 -> "ď" (U+010F)
  0x00, 0xCD, 0x01, // class 18 -> "đ" (U+0111)
  0x00, 0xCF, 0x01, // class 18 -> "ē" (U+0113)
  0x00, 0xD1, 0x01, // class 18 -> "ĕ" (U+0115)
  0x00, 0xD3, 0x01, // class 18 -> "ė" (U+0117)
  0x00, 0xD5, 0x01, // class 18 -> "ę" (U+0119)
  0x00, 0xD7, 0x01, // class 18 -> "ě" (U+011B)
  0x00, 0xD9, 0x01, // class 18 -> "ĝ" (U+011D)
  0x00, 0xDB, 0x01, // class 18 -> "ğ" (U+011F)
  0x00, 0xDD, 0x01, // class 18 -> "ġ" (U+0121)
  0x00, 0xDF, 0x01, // class 18 -> "ģ" (U+0123)
  0x01, 0x09, 0x01, // class 18 -> "ō" (U+014D)
  0x01, 0x0B, 0x01, // class 18 -> "ŏ" (U+014F)
  0x01, 0x0D, 0x01, // class 18 -> "ő" (U+0151)
  0x01, 0x0F, 0x01, // class 18 -> "œ" (U+0153)
  0x01, 0x45, 0x09, // class 18 -> "‚" (U+201A)
  0x01, 0x49, 0x09, // class 18 -> "„" (U+201E)
  0x01, 0x4E, 0x09, // class 18 -> "…" (U+2026)
  0x00, 0x0B, 0x02, // class 19 -> "," (U+002C)
  0x00, 0x0D, 0x02, // class 19 -> "." (U+002E)
  0x01, 0x45, 0x02, // class 19 -> "‚" (U+201A)
  0x01, 0x49, 0x02, // class 19 -> "„" (U+201E)
  0x01, 0x4E, 0x02, // class 19 -> "…" (U+2026)
  0x00, 0x42, 0x01, // class 20 -> "c" (U+0063)
  0x00, 0x43, 0x01, // class 20 -> "d" (U+0064)
  0x00, 0x44, 0x01, // class 20 -> "e" (U+0065)
  0x00, 0x4E, 0x01, // class 20 -> "o" (U+006F)
  0x00, 0x50, 0x01, // class 20 -> "q" (U+0071)
  0x00, 0x9C, 0x01, // class 20 -> "à" (U+00E0)
  0x00, 0xA3, 0x01, // class 20 -> "ç" (U+00E7)
  0x00, 0xA4, 0x01, // class 20 -> "è" (U+00E8)
  0x00, 0xA5, 0x01, // class 20 -> "é" (U+00E9)
  0x00, 0xA6, 0x01, // class 20 -> "ê" (U+00EA)
  0x00, 0xA7, 0x01, // class 20 -> "ë" (U+00EB)
  0x00, 0xAE, 0x01, // class 20 -> "ò" (U+00F2)
  0x00, 0xAF, 0x01, // class 20 -> "ó" (U+00F3)
  0x00, 0xB0, 0x01, // class 20 -> "ô" (U+00F4)
  0x00, 0xB1, 0x01, // class 20 -> "õ" (U+00F5)
  0x00, 0xB2, 0x01, // class 20 -> "ö" (U+00F6)
  0x00, 0xB4, 0x01, // class 20 -> "ø" (U+00F8)
  0x00, 0xC3, 0x01, // class 20 -> "ć" (U+0107)
  0x00, 0xC5, 0x01, // class 20 -> "ĉ" (U+0109)
  0x00, 0xC7, 0x01, // class 20 -> "ċ" (U+010B)
  0x00, 0xC9, 0x01, // class 20 -> "č" (U+010D)
  0x00, 0xCB, 0x01, // class 20 -> "ď" (U+010F)
  0x00, 0xCD, 0x01, // class 20 -> "đ" (U+0111)
  0x00, 0xCF, 0x01, // class 20 -> "ē" (U+0113)
  0x00, 0xD1, 0x01, // class 20 -> "ĕ" (U+0115)
  0x00, 0xD3, 0x01, // class 20 -> "ė" (U+0117)
  0x00, 0xD5, 0x01, // class 20 -> "ę" (U+0119)
  0x00, 0xD7, 0x01, // class 20 -> "ě" (U+011B)
  0x01, 0x09, 0x01, // class 20 -> "ō" (U+014D)
  0x01, 0x0B, 0x01, // class 20 -> "ŏ" (U+014F)
  0x01, 0x0D, 0x01, // class 20 -> "ő" (U+0151)
  0x01, 0x0F, 0x01, // class 20 -> "œ" (U+0153)
  0x00, 0x33, 0x01, // class 21 -> "T" (U+0054)
  0x00, 0x35, 0x01, // class 21 -> "V" (U+0056)
  0x00, 0x36, 0x01, // class 21 -> "W" (U+0057)
  0x00, 0x38, 0x02, // class 21 -> "Y" (U+0059)
  0x00, 0x99, 0x02, // class 21 -> "Ý" (U+00DD)
  0x01, 0x1E, 0x01, // class 21 -> "Ţ" (U+0162)
  0x01, 0x20, 0x01, // class 21 -> "Ť" (U+0164)
  0x01, 0x22, 0x01, // class 21 -> "Ŧ" (U+0166)
  0x01, 0x30, 0x01, // class 21 -> "Ŵ" (U+0174)
  0x01, 0x32, 0x02, // class 21 -> "Ŷ" (U+0176)
  0x01, 0x34, 0x02, // class 21 -> "Ÿ" (U+0178)
  0x00, 0x33, 0x02, // class 22 -> "T" (U+0054)
  0x00, 0x35, 0x01, // class 22 -> "V" (U+0056)
  0x00, 0x36, 0x01, // class 22 -> "W" (U+0057)
  0x00, 0x38, 0x02, // class 22 -> "Y" (U+0059)
  0x00, 0x99, 0x02, // class 22 -> "Ý" (U+00DD)
  0x01, 0x1E, 0x02, // class 22 -> "Ţ" (U+0162)
  0x01, 0x20, 0x02, // class 22 -> "Ť" (U+0164)
  0x01, 0x22, 0x02, // class 22 -> "Ŧ" (U+0166)
  0x01, 0x30, 0x01, // class 22 -> "Ŵ" (U+0174)
  0x01, 0x32, 0x02, // class 22 -> "Ŷ" (U+0176)
  0x01, 0x34, 0x02, // class 22 -> "Ÿ" (U+0178)
  0x00, 0x33, 0x03, // class 23 -> "T" (U+0054)
  0x00, 0x35, 0x02, // class 23 -> "V" (U+0056)
  0x00, 0x36, 0x02, // class 23 -> "W" (U+0057)
  0x00, 0x37, 0x01, // class 23 -> "X" (U+0058)
  0x00, 0x38, 0x04, // class 23 -> "Y" (U+0059)
  0x00, 0x99, 0x04, // class 23 -> "Ý" (U+00DD)
  0x01, 0x1E, 0x03, // class 23 -> "Ţ" (U+0162)
  0x01, 0x20, 0x03, // class 23 -> "Ť" (U+0164)
  0x01, 0x22, 0x03, // class 23 -> "Ŧ" (U+0166)
  0x01, 0x30, 0x02, // class 23 -> "Ŵ" (U+0174)
  0x01, 0x32, 0x04, // class 23 -> "Ŷ" (U+0176)
  0x01, 0x34, 0x04, // class 23 -> "Ÿ" (U+0178)
  0x00, 0x33, 0x02, // class 24 -> "T" (U+0054)
  0x00, 0x35, 0x02, // class 24 -> "V" (U+0056)
  0x00, 0x36, 0x02, // class 24 -> "W" (U+0057)
  0x00, 0x38, 0x02, // class 24 -> "Y" (U+0059)
  0x00, 0x99, 0x02, // class 24 -> "Ý" (U+00DD)
  0x01, 0x1E, 0x02, // class 24 -> "Ţ" (U+0162)
  0x01, 0x20, 0x02, // class 24 -> "Ť" (U+0164)
  0x01, 0x22, 0x02, // class 24 -> "Ŧ" (U+0166)
  0x01, 0x30, 0x02, // class 24 -> "Ŵ" (U+0174)
  0x01, 0x32, 0x02, // class 24 -> "Ŷ" (U+0176)
  0x01, 0x34, 0x02, // class 24 -> "Ÿ" (U+0178)
  
  // Glyph data (80205 bytes).
  
  // "!" (U+0021), RLE, 38 bytes saved (25.9%)
  0x06, 0xD0, 0x70, 0x6D, 0x07, 0x05, 0xD0, 0x60, 0x4D, 0x05, 0x03, 0xD0, 0x40, 0x3D, 0x04, 0x02,
  0xD0, 0x30, 0x1D, 0x02, 0x1D, 0x01, 0x1D, 0x81, 0x10, 0xEC, 0x20, 0xEC, 0x20, 0xDB, 0x0E, 0x20,
  0xCB, 0x0D, 0x20, 0xBB, 0x0C, 0x20, 0xBB, 0x0C, 0x20, 0xAB, 0x0B, 0x20, 0x9B, 0x0A, 0x20, 0x8B,
  0x09, 0x20, 0x8B, 0x09, 0x20, 0x7B, 0x08, 0x20, 0x6B, 0x07, 0x20, 0x5B, 0x06, 0x20, 0x5B, 0x06,
  0x20, 0x4B, 0x05, 0x20, 0x3B, 0x04, 0x20, 0x2B, 0x03, 0x20, 0x2B, 0x03, 0x20, 0x1B, 0x02, 0x77,
  0x77, 0x38, 0x15, 0x75, 0x20, 0x20, 0xDB, 0x81, 0xD1, 0xAD, 0x09, 0x0D, 0xD0, 0xD0, 0xED, 0x0E,
  0x0D, 0xD0, 0xD0, 0x9D, 0x81, 0x91, 0xCB, 0x0C, 0x01, 0x28, 0x15, 0x74, 0x20,
  // """ (U+0022), RLE, 44 bytes saved (34.4%)
  0x05, 0xC0, 0xE4, 0x01, 0xD0, 0x20, 0x3C, 0x0D, 0x5D, 0x01, 0x02, 0xC0, 0xB5, 0x0E, 0xC1, 0x01,
  0xC0, 0xA5, 0x0D, 0xB0, 0xE2, 0xC0, 0x95, 0x0C, 0xB0, 0xD2, 0x0E, 0xB0, 0x85, 0x0A, 0xB0, 0xC2,
  0x0D, 0xB0, 0x75, 0x09, 0xB0, 0xB2, 0x0C, 0xB0, 0x65, 0x08, 0xB0, 0xA2, 0x0B, 0xB0, 0x55, 0x07,
  0xB0, 0x82, 0x0A, 0xB0, 0x35, 0x06, 0xB0, 0x72, 0x08, 0xB0, 0x25, 0x05, 0xB0, 0x62, 0x07, 0xB0,
  0x15, 0x03, 0xB0, 0x52, 0x06, 0xB6, 0x02, 0xB0, 0x42, 0x05, 0xA0, 0xE6, 0x01, 0xB0, 0x32, 0x04,
  0xA0, 0xD7, 0xB0, 0x21,
  // "#" (U+0023), RLE, 421 bytes saved (60.4%)
  0x75, 0x03, 0xB0, 0xC7, 0x01, 0xB0, 0xB7, 0x73, 0x06, 0xB0, 0x97, 0x04, 0xB0, 0x87, 0x73, 0x09,
  0xB0, 0x77, 0x07, 0xB0, 0x57, 0x73, 0x0C, 0xB0, 0x47, 0x0A, 0xB0, 0x27, 0x73, 0x0E, 0xB0, 0x17,
  0x0D, 0xB7, 0x73, 0x02, 0xB0, 0xD7, 0x1B, 0x0C, 0x77, 0x30, 0x5B, 0x0A, 0x70, 0x3B, 0x09, 0x77,
  0x30, 0x8B, 0x07, 0x70, 0x6B, 0x06, 0x77, 0x30, 0xBB, 0x04, 0x70, 0x9B, 0x03, 0x77, 0x30, 0xEB,
  0x02, 0x70, 0xCB, 0x77, 0x30, 0x1B, 0x0E, 0x71, 0xB0, 0xD7, 0x20, 0x18, 0x03, 0x20, 0x5B, 0x0C,
  0x80, 0x32, 0x04, 0xB0, 0xB8, 0x02, 0x20, 0x12, 0x08, 0xFF, 0xFF, 0xA0, 0xB2, 0x08, 0xFF, 0xFF,
  0xA0, 0xB2, 0x08, 0xFF, 0xFF, 0xA0, 0xB2, 0x08, 0xFF, 0xFF, 0xA0, 0xB7, 0x20, 0x2B, 0x0C, 0x70,
  0x3B, 0x0C, 0x77, 0x30, 0x5B, 0x09, 0x70, 0x5B, 0x09, 0x77, 0x30, 0x8B, 0x06, 0x70, 0x9B, 0x06,
  0x77, 0x30, 0xBB, 0x03, 0x70, 0xBB, 0x03, 0x77, 0x30, 0xEB, 0x71, 0x0E, 0xB7, 0x73, 0x01, 0xB0,
  0xC7, 0x02, 0xB0, 0xC7, 0x73, 0x05, 0xB0, 0x97, 0x05, 0xB0, 0x97, 0x73, 0x08, 0xB0, 0x67, 0x08,
  0xB0, 0x67, 0x73, 0x0B, 0xB0, 0x37, 0x0B, 0xB0, 0x37, 0x20, 0x9F, 0xFF, 0xFA, 0x0C, 0x20, 0x9F,
  0xFF, 0xFA, 0x0C, 0x20, 0x9F, 0xFF, 0xFA, 0x0C, 0x20, 0x9F, 0xFF, 0xFA, 0x0C, 0x20, 0x18, 0x02,
  0x20, 0xAB, 0x06, 0x80, 0x32, 0x0A, 0xB0, 0x68, 0x03, 0x20, 0x17, 0x20, 0xCB, 0x02, 0x70, 0xCB,
  0x02, 0x77, 0x30, 0xEB, 0x71, 0xB0, 0xE7, 0x73, 0x02, 0xB0, 0xC7, 0x03, 0xB0, 0xB7, 0x73, 0x05,
  0xB0, 0x97, 0x06, 0xB0, 0x87, 0x73, 0x07, 0xB0, 0x67, 0x09, 0xB0, 0x57, 0x73, 0x0A, 0xB0, 0x47,
  0x0C, 0xB0, 0x27, 0x73, 0x0D, 0xB0, 0x17, 0xC7, 0x74, 0xB0, 0xD7, 0x02, 0xB0, 0xC7, 0x73, 0x03,
  0xB0, 0xB7, 0x05, 0xB0, 0x97, 0x73, 0x06, 0xB0, 0x87, 0x08, 0xB0, 0x67, 0x73, 0x09, 0xB0, 0x57,
  0x0B, 0xB0, 0x37, 0x50,
  // "$" (U+0024), RLE, 313 bytes saved (51.2%)
  0x74, 0x82, 0x67, 0x75, 0x77, 0x71, 0x0C, 0xA0, 0xB7, 0x77, 0x10, 0xCA, 0x0B, 0x77, 0x71, 0x0C,
  0xA0, 0xB7, 0x77, 0x10, 0xCA, 0x0B, 0x77, 0x71, 0x0C, 0xA0, 0xB7, 0x73, 0x83, 0x48, 0xBD, 0xEC,
  0x85, 0xEE, 0xDA, 0x85, 0x17, 0x10, 0x50, 0xDF, 0xFA, 0x81, 0xB6, 0x14, 0x0A, 0xFF, 0xE0, 0x63,
  0x0A, 0xFF, 0xF0, 0x12, 0x05, 0xE8, 0x2C, 0x86, 0xDA, 0x83, 0xC4, 0x69, 0xCC, 0x0A, 0x30, 0xDC,
  0x0D, 0x03, 0x30, 0xCA, 0x0B, 0x58, 0x24, 0x9E, 0x52, 0x02, 0xC0, 0xE0, 0x14, 0x0C, 0xA0, 0xB7,
  0x40, 0x6C, 0x07, 0x50, 0xCA, 0x0B, 0x74, 0x07, 0xC0, 0x45, 0x0C, 0xA0, 0xB7, 0x40, 0x7C, 0x05,
  0x50, 0xCA, 0x0B, 0x74, 0x06, 0xC0, 0x85, 0x0C, 0xA0, 0xB7, 0x40, 0x3C, 0x0D, 0x50, 0xCA, 0x0B,
  0x75, 0x0E, 0xC0, 0xB0, 0x13, 0x0C, 0xA0, 0xB7, 0x50, 0x7D, 0x83, 0xE8, 0x20, 0xCA, 0x0B, 0x76,
  0x0C, 0xF0, 0xC0, 0xEA, 0x0B, 0x76, 0x01, 0x0C, 0xFB, 0x0D, 0x02, 0x77, 0x09, 0xFC, 0x81, 0xD7,
  0x27, 0x50, 0x20, 0xAF, 0xD0, 0xB0, 0x47, 0x58, 0x12, 0x8D, 0xFC, 0x0C, 0x02, 0x76, 0x03, 0x0D,
  0xFC, 0x05, 0x76, 0x0C, 0xA0, 0xE0, 0xCF, 0x90, 0x57, 0x50, 0xCA, 0x83, 0xB0, 0x17, 0xDD, 0x0E,
  0x01, 0x74, 0x0C, 0xA0, 0xB4, 0x07, 0xD0, 0x67, 0x40, 0xCA, 0x0B, 0x50, 0x8C, 0x0A, 0x74, 0x0C,
  0xA0, 0xB5, 0x01, 0xC0, 0xC7, 0x40, 0xCA, 0x0B, 0x60, 0xEB, 0x0D, 0x74, 0x0C, 0xA0, 0xB6, 0xC0,
  0xC7, 0x40, 0xCA, 0x0B, 0x50, 0x4C, 0x09, 0x02, 0x73, 0x0C, 0xA0, 0xB4, 0x01, 0x0D, 0xC8, 0x35,
  0x8E, 0x95, 0x70, 0xCA, 0x0B, 0x30, 0x50, 0xDC, 0x81, 0xC0, 0x8C, 0x85, 0xC9, 0x64, 0x32, 0xDA,
  0x82, 0xD7, 0xAE, 0xE8, 0x13, 0x08, 0xFF, 0xF9, 0x04, 0x20, 0x8F, 0xFE, 0x0C, 0x02, 0x38, 0x12,
  0xAE, 0xFF, 0xA0, 0xB0, 0x47, 0x18, 0x53, 0x68, 0xAC, 0xDE, 0xC8, 0x3E, 0xA8, 0x51, 0x77, 0x40,
  0xCA, 0x0B, 0x77, 0x71, 0x0C, 0xA0, 0xB7, 0x77, 0x10, 0xCA, 0x0B, 0x77, 0x71, 0x0C, 0xA0, 0xB7,
  0x77, 0x10, 0xCA, 0x0B, 0x77, 0x71, 0x0C, 0xA0, 0xB7, 0x40,
  // "%" (U+0025), RLE, 443 bytes saved (49.1%)
  0x68, 0x41, 0x57, 0x64, 0x17, 0x77, 0x76, 0x02, 0x0B, 0xE0, 0x97, 0x72, 0x01, 0x0E, 0xB0, 0x37,
  0x30, 0x30, 0xEF, 0x90, 0xD0, 0x17, 0x70, 0x9B, 0x0A, 0x73, 0x01, 0x0D, 0xFB, 0x0C, 0x76, 0x02,
  0xC0, 0x27, 0x30, 0x8C, 0x81, 0xEA, 0xBD, 0x06, 0x75, 0x0A, 0xB0, 0x97, 0x40, 0xEB, 0x0B, 0x01,
  0x20, 0x10, 0xCB, 0x0D, 0x74, 0x03, 0xC0, 0x17, 0x30, 0x4B, 0x0E, 0x01, 0x40, 0x2C, 0x04, 0x73,
  0x0B, 0xB0, 0x87, 0x40, 0x9B, 0x09, 0x60, 0x9B, 0x09, 0x72, 0x04, 0xB0, 0xE0, 0x17, 0x40, 0xCB,
  0x05, 0x60, 0x4B, 0x0C, 0x72, 0x0D, 0xB0, 0x77, 0x50, 0xEB, 0x02, 0x60, 0x1C, 0x71, 0x06, 0xB0,
  0xD7, 0x50, 0x1C, 0x71, 0x0E, 0xB0, 0x27, 0x0D, 0xB0, 0x57, 0x50, 0x2B, 0x0E, 0x71, 0x0D, 0xB0,
  0x36, 0x07, 0xB0, 0xC7, 0x60, 0x3B, 0x0D, 0x71, 0x0C, 0xB0, 0x35, 0x01, 0x0E, 0xB0, 0x47, 0x60,
  0x3B, 0x0D, 0x71, 0x0C, 0xB0, 0x45, 0x08, 0xB0, 0xB7, 0x70, 0x3B, 0x0D, 0x71, 0x0C, 0xB0, 0x44,
  0x01, 0xC0, 0x37, 0x70, 0x2B, 0x0D, 0x71, 0x0C, 0xB0, 0x34, 0x09, 0xB0, 0xA7, 0x71, 0x02, 0xB0,
  0xE7, 0x10, 0xDB, 0x02, 0x30, 0x2C, 0x02, 0x60, 0x17, 0x2C, 0x71, 0xC0, 0x13, 0x0B, 0xB0, 0x93,
  0x81, 0x29, 0xEB, 0x0D, 0x07, 0x60, 0xDB, 0x03, 0x60, 0x2B, 0x0E, 0x30, 0x4B, 0x0E, 0x01, 0x20,
  0x5F, 0x90, 0xD0, 0x34, 0x0A, 0xB0, 0x66, 0x06, 0xB0, 0xB3, 0x0C, 0xB0, 0x72, 0x04, 0xFB, 0x0E,
  0x02, 0x30, 0x6B, 0x0B, 0x60, 0xCB, 0x07, 0x20, 0x5B, 0x0E, 0x30, 0xEF, 0xC0, 0xC3, 0x01, 0xC0,
  0x44, 0x05, 0xC0, 0x32, 0x0D, 0xB0, 0x62, 0x06, 0xC8, 0x39, 0x20, 0x3B, 0xC0, 0x43, 0x0A, 0xB8,
  0x3E, 0x50, 0x16, 0xC0, 0xC2, 0x06, 0xB0, 0xD3, 0x0C, 0xB0, 0xA5, 0x0C, 0xB0, 0xB3, 0x03, 0xFD,
  0x04, 0x20, 0xEB, 0x05, 0x20, 0x1C, 0x02, 0x50, 0x3C, 0x40, 0x7F, 0xB0, 0x92, 0x07, 0xB0, 0xC3,
  0x05, 0xB0, 0xC7, 0x0D, 0xB0, 0x44, 0x08, 0xF9, 0x09, 0x20, 0x10, 0xEB, 0x04, 0x30, 0x7B, 0x09,
  0x70, 0xAB, 0x07, 0x50, 0x40, 0xAC, 0x0B, 0x04, 0x30, 0x9B, 0x0B, 0x40, 0x9B, 0x07, 0x70, 0x7B,
  0x09, 0x71, 0x00, 0x15, 0x02, 0xC0, 0x24, 0x0A, 0xB0, 0x57, 0x05, 0xB0, 0xA7, 0x71, 0x0A, 0xB0,
  0x95, 0x0B, 0xB0, 0x57, 0x05, 0xB0, 0xB7, 0x70, 0x3C, 0x01, 0x50, 0xBB, 0x04, 0x70, 0x4B, 0x0C,
  0x77, 0x0B, 0xB0, 0x86, 0x0B, 0xB0, 0x57, 0x05, 0xB0, 0xB7, 0x60, 0x4B, 0x0E, 0x01, 0x60, 0xAB,
  0x05, 0x70, 0x5B, 0x0B, 0x76, 0x0C, 0xB0, 0x77, 0x09, 0xB0, 0x67, 0x07, 0xB0, 0xA7, 0x50, 0x5B,
  0x0D, 0x71, 0x07, 0xB0, 0x87, 0x09, 0xB0, 0x77, 0x50, 0xDB, 0x06, 0x71, 0x05, 0xB0, 0xB7, 0x0C,
  0xB0, 0x57, 0x40, 0x7B, 0x0D, 0x72, 0x01, 0xC0, 0x15, 0x01, 0xC0, 0x27, 0x30, 0x10, 0xEB, 0x04,
  0x73, 0x0C, 0xB0, 0x75, 0x09, 0xB0, 0xD7, 0x40, 0x8B, 0x0C, 0x74, 0x07, 0xB0, 0xE0, 0x43, 0x06,
  0xC0, 0x77, 0x30, 0x1C, 0x03, 0x75, 0x0E, 0xC8, 0x1C, 0xAD, 0xC0, 0xE0, 0x17, 0x30, 0x9B, 0x0A,
  0x76, 0x05, 0xFC, 0x06, 0x73, 0x02, 0xC0, 0x27, 0x70, 0x8F, 0xA0, 0x97, 0x40, 0xAB, 0x09, 0x77,
  0x20, 0x50, 0xDD, 0x0D, 0x05, 0x77, 0x77, 0x78, 0x33, 0x67, 0x53, 0x60,
  // "&" (U+0026), RLE, 459 bytes saved (56.2%)
  0x73, 0x85, 0x14, 0x67, 0x76, 0x47, 0x77, 0x71, 0x05, 0x0C, 0xF9, 0x0A, 0x03, 0x77, 0x73, 0x02,
  0x0C, 0xFD, 0x08, 0x77, 0x71, 0x02, 0x0E, 0xFF, 0x0A, 0x77, 0x70, 0xDE, 0x82, 0xCA, 0xAD, 0xE0,
  0x67, 0x75, 0x06, 0xD0, 0x90, 0x14, 0x04, 0x0D, 0xC0, 0xE7, 0x75, 0x0C, 0xC0, 0x87, 0x02, 0x0E,
  0xC0, 0x47, 0x73, 0x01, 0xC0, 0xD7, 0x20, 0x8C, 0x08, 0x77, 0x30, 0x2C, 0x09, 0x72, 0x03, 0xC0,
  0x97, 0x73, 0x04, 0xC0, 0x87, 0x20, 0x2C, 0x0A, 0x77, 0x30, 0x3C, 0x09, 0x72, 0x03, 0xC0, 0x97,
  0x73, 0x01, 0xC0, 0xC7, 0x20, 0x7C, 0x07, 0x77, 0x40, 0xEC, 0x02, 0x71, 0x0D, 0xC0, 0x37, 0x74,
  0x09, 0xC0, 0xA7, 0x08, 0xC0, 0xD7, 0x75, 0x02, 0xD0, 0x55, 0x07, 0xD0, 0x57, 0x76, 0x08, 0xC0,
  0xE0, 0x23, 0x09, 0xD0, 0x97, 0x77, 0x10, 0xCC, 0x82, 0xD1, 0x2C, 0xD0, 0xA7, 0x77, 0x20, 0x2D,
  0x0D, 0xE0, 0x97, 0x77, 0x40, 0x5F, 0xB0, 0x77, 0x77, 0x60, 0xAF, 0x0D, 0x03, 0x77, 0x75, 0x01,
  0x09, 0xF0, 0xE0, 0x17, 0x77, 0x50, 0x40, 0xEF, 0xA0, 0xB7, 0x77, 0x40, 0x7F, 0xD0, 0xB7, 0x50,
  0xAC, 0x04, 0x50, 0x9E, 0x81, 0xB4, 0xDD, 0x0B, 0x74, 0x0E, 0xB0, 0xE5, 0x09, 0xE0, 0x62, 0x01,
  0x0D, 0xD0, 0xC7, 0x20, 0x3C, 0x0A, 0x40, 0x5D, 0x0E, 0x03, 0x40, 0x10, 0xDD, 0x0C, 0x71, 0x09,
  0xC0, 0x64, 0x0E, 0xC0, 0xE0, 0x26, 0x01, 0x0D, 0xD0, 0xC0, 0x16, 0x0E, 0xC0, 0x13, 0x06, 0xD0,
  0x47, 0x10, 0x10, 0xCD, 0x0C, 0x01, 0x40, 0x5C, 0x0A, 0x40, 0xAC, 0x0B, 0x73, 0x01, 0x0C, 0xD0,
  0xC0, 0x13, 0x0C, 0xC0, 0x44, 0x0D, 0xC0, 0x67, 0x40, 0x10, 0xCD, 0x82, 0xC1, 0x05, 0xC0, 0xC5,
  0x0E, 0xC0, 0x37, 0x60, 0xBD, 0x81, 0xC3, 0xEC, 0x04, 0x5D, 0x02, 0x77, 0x0B, 0xFB, 0x0B, 0x60,
  0xEC, 0x03, 0x77, 0x10, 0xBF, 0x90, 0xE0, 0x16, 0x0D, 0xC0, 0x57, 0x72, 0x0A, 0xF0, 0x47, 0x0A,
  0xC0, 0xB7, 0x72, 0x02, 0x0E, 0xD0, 0xE0, 0x27, 0x05, 0xD0, 0x47, 0x70, 0x40, 0xEF, 0x0D, 0x02,
  0x60, 0x10, 0xEC, 0x0E, 0x04, 0x74, 0x02, 0x0A, 0xFB, 0x0E, 0x02, 0x60, 0x6E, 0x09, 0x02, 0x70,
  0x40, 0xAE, 0x0E, 0x0B, 0xD0, 0xE0, 0x36, 0x0A, 0xF8, 0x4D, 0xBA, 0xAB, 0xDF, 0x98, 0x2C, 0x20,
  0x8D, 0x0E, 0x03, 0x60, 0xAF, 0xFC, 0x0E, 0x08, 0x40, 0x7D, 0x0E, 0x04, 0x60, 0x60, 0xEF, 0xF9,
  0x08, 0x01, 0x60, 0x6E, 0x05, 0x70, 0x60, 0xCF, 0xB8, 0x1C, 0x71, 0x72, 0x05, 0xE0, 0x57, 0x28,
  0x63, 0x56, 0x77, 0x65, 0x37, 0x77,
  // "'" (U+0027), RLE, 3 bytes saved (6.7%)
  0x05, 0xC0, 0xE0, 0x3C, 0x0D, 0x02, 0xC0, 0xB0, 0x1C, 0x0A, 0x1C, 0x81, 0x90, 0xEB, 0x81, 0x80,
  0xDB, 0x81, 0x70, 0xCB, 0x81, 0x60, 0xBB, 0x81, 0x50, 0xAB, 0x81, 0x30, 0x8B, 0x81, 0x20, 0x7B,
  0x81, 0x10, 0x6B, 0x20, 0x5A, 0x0E, 0x20, 0x4A, 0x0D, 0x10,
  // "(" (U+0028), RLE, 166 bytes saved (51.1%)
  0x71, 0x0D, 0xB0, 0xC7, 0x0A, 0xB0, 0xE0, 0x26, 0x05, 0xC0, 0x66, 0x01, 0x0E, 0xB0, 0xD7, 0x09,
  0xC0, 0x46, 0x03, 0xC0, 0xB7, 0x0A, 0xC0, 0x46, 0x02, 0xC0, 0xC7, 0x09, 0xC0, 0x57, 0x0E, 0xB0,
  0xE7, 0x05, 0xC0, 0xA7, 0x0B, 0xC0, 0x47, 0xD7, 0x04, 0xC0, 0xB7, 0x08, 0xC0, 0x77, 0x0C, 0xC0,
  0x37, 0x0E, 0xC7, 0x02, 0xC0, 0xD7, 0x04, 0xC0, 0xA7, 0x06, 0xC0, 0x87, 0x08, 0xC0, 0x77, 0x09,
  0xC0, 0x57, 0x0A, 0xC0, 0x47, 0x0B, 0xC0, 0x47, 0x0B, 0xC0, 0x37, 0x0B, 0xC0, 0x37, 0x0B, 0xC0,
  0x47, 0x0A, 0xC0, 0x47, 0x09, 0xC0, 0x57, 0x08, 0xC0, 0x77, 0x06, 0xC0, 0x97, 0x04, 0xC0, 0xB7,
  0x01, 0xC0, 0xE7, 0x10, 0xEC, 0x01, 0x70, 0xBC, 0x04, 0x70, 0x7C, 0x08, 0x70, 0x3C, 0x0D, 0x71,
  0x0E, 0xC0, 0x17, 0x0A, 0xC0, 0x67, 0x04, 0xC0, 0xC7, 0x10, 0xDC, 0x02, 0x70, 0x7C, 0x08, 0x70,
  0x10, 0xEB, 0x0E, 0x01, 0x70, 0x8C, 0x07, 0x70, 0x10, 0xEB, 0x0E, 0x01, 0x70, 0x6C, 0x08, 0x71,
  0x0B, 0xC0, 0x27, 0x01, 0x0E, 0xB0, 0xB7, 0x10, 0x4C, 0x06, 0x71, 0x83, 0x57, 0x77, 0x60,
  // ")" (U+0029), RLE, 174 bytes saved (49.7%)
  0x01, 0x0E, 0xB0, 0xA7, 0x20, 0x4C, 0x06, 0x72, 0x09, 0xC0, 0x37, 0x10, 0x10, 0xEB, 0x0C, 0x72,
  0x07, 0xC0, 0x67, 0x20, 0xEB, 0x0E, 0x01, 0x71, 0x07, 0xC0, 0x77, 0x10, 0x10, 0xEB, 0x0E, 0x72,
  0x09, 0xC0, 0x67, 0x10, 0x3C, 0x0C, 0x72, 0x0D, 0xC0, 0x27, 0x10, 0x7C, 0x07, 0x71, 0x03, 0xC0,
  0xC7, 0x20, 0xEC, 0x01, 0x71, 0x0A, 0xC0, 0x57, 0x10, 0x6C, 0x08, 0x71, 0x03, 0xC0, 0xB7, 0x10,
  0x1C, 0x0E, 0x72, 0x0D, 0xC0, 0x17, 0x10, 0xCC, 0x03, 0x71, 0x0A, 0xC0, 0x57, 0x10, 0x8C, 0x06,
  0x71, 0x07, 0xC0, 0x77, 0x10, 0x7C, 0x07, 0x71, 0x06, 0xC0, 0x87, 0x10, 0x6C, 0x08, 0x71, 0x07,
  0xC0, 0x77, 0x10, 0x8C, 0x07, 0x71, 0x09, 0xC0, 0x67, 0x10, 0xAC, 0x04, 0x71, 0x0C, 0xC0, 0x37,
  0x10, 0xEC, 0x01, 0x70, 0x2C, 0x0E, 0x71, 0x05, 0xC0, 0xB7, 0x10, 0x8C, 0x08, 0x71, 0x0C, 0xC0,
  0x47, 0x01, 0xD7, 0x10, 0x5C, 0x0B, 0x71, 0x0A, 0xC0, 0x67, 0x1D, 0x01, 0x70, 0x5C, 0x0A, 0x71,
  0x0C, 0xC0, 0x47, 0x03, 0xC0, 0xC7, 0x10, 0xAC, 0x05, 0x70, 0x3C, 0x0C, 0x71, 0x0B, 0xC0, 0x27,
  0x04, 0xC0, 0x87, 0x10, 0xDB, 0x0C, 0x71, 0x09, 0xB0, 0xE0, 0x27, 0x18, 0x00, 0x70, 0x37, 0x10,
  // "*" (U+002A), RLE, 184 bytes saved (52.4%)
  0x73, 0x06, 0xD7, 0x77, 0x04, 0xC0, 0xD7, 0x77, 0x02, 0xC0, 0xB7, 0x77, 0x01, 0xC0, 0xA7, 0x77,
  0x1C, 0x08, 0x77, 0x71, 0x0D, 0xB0, 0x77, 0x77, 0x10, 0xBB, 0x05, 0x77, 0x71, 0x0A, 0xB0, 0x37,
  0x59, 0x81, 0xB7, 0x26, 0x08, 0xB0, 0x26, 0x84, 0x48, 0xCB, 0x02, 0xC8, 0x1D, 0x94, 0x30, 0x6B,
  0x38, 0x21, 0x6A, 0xEB, 0x81, 0xE0, 0x5F, 0x98, 0x1B, 0x77, 0xA8, 0x2E, 0x48, 0xDF, 0x91, 0x07,
  0xFF, 0xFC, 0x03, 0x09, 0xFF, 0xFC, 0x89, 0x25, 0x02, 0x34, 0x67, 0x8A, 0xBC, 0xED, 0x89, 0x0D,
  0xCB, 0x98, 0x75, 0x43, 0x27, 0x30, 0x10, 0xDD, 0x09, 0x77, 0x50, 0xAB, 0x0E, 0xB0, 0x57, 0x73,
  0x06, 0xB0, 0xD0, 0x5B, 0x0E, 0x02, 0x77, 0x10, 0x20, 0xEB, 0x81, 0x60, 0xDB, 0x0C, 0x77, 0x10,
  0xCB, 0x0E, 0x20, 0x6C, 0x08, 0x76, 0x09, 0xC0, 0x83, 0x0D, 0xC0, 0x47, 0x40, 0x5D, 0x01, 0x30,
  0x6C, 0x0E, 0x01, 0x72, 0x01, 0x0E, 0xC0, 0xA5, 0x0E, 0xC0, 0xB7, 0x20, 0xBD, 0x03, 0x50, 0x7D,
  0x07, 0x71, 0x03, 0x0B, 0xB0, 0xC7, 0x0E, 0xB0, 0x90, 0x17, 0x38, 0x23, 0xCF, 0x57, 0x82, 0x8F,
  0xB2, 0x77, 0x04, 0x71, 0x01, 0x04, 0x71,
  // "+" (U+002B), RLE, 279 bytes saved (73.8%)
  0x74, 0x01, 0xC7, 0x77, 0x20, 0x1C, 0x77, 0x72, 0x01, 0xC7, 0x77, 0x20, 0x1C, 0x77, 0x72, 0x01,
  0xC7, 0x77, 0x20, 0x1C, 0x77, 0x72, 0x01, 0xC7, 0x77, 0x20, 0x1C, 0x77, 0x72, 0x01, 0xC7, 0x77,
  0x20, 0x1C, 0x77, 0x72, 0x01, 0xC7, 0x50, 0x3F, 0xFF, 0xD0, 0x10, 0x3F, 0xFF, 0xD0, 0x10, 0x3F,
  0xFF, 0xD0, 0x10, 0x3F, 0xFF, 0xD0, 0x11, 0x80, 0x62, 0x03, 0xC8, 0x07, 0x27, 0x50, 0x1C, 0x77,
  0x72, 0x01, 0xC7, 0x77, 0x20, 0x1C, 0x77, 0x72, 0x01, 0xC7, 0x77, 0x20, 0x1C, 0x77, 0x72, 0x01,
  0xC7, 0x77, 0x20, 0x1C, 0x77, 0x72, 0x01, 0xC7, 0x77, 0x20, 0x1C, 0x77, 0x72, 0x01, 0xC7, 0x77,
  0x20, 0x1C, 0x75,
  // "," (U+002C), RLE, 22 bytes saved (34.9%)
  0x3D, 0x09, 0x20, 0x2D, 0x07, 0x20, 0x4D, 0x03, 0x20, 0x7C, 0x0E, 0x30, 0xAC, 0x09, 0x30, 0xDC,
  0x04, 0x3C, 0x0E, 0x30, 0x3C, 0x08, 0x30, 0x7C, 0x02, 0x30, 0xAB, 0x0C, 0x40, 0xDB, 0x06, 0x30,
  0x1B, 0x0E, 0x40, 0x5B, 0x08, 0x40, 0x9B, 0x02, 0x40,
  // "-" (U+002D), RLE, 18 bytes saved (51.4%)
  0x01, 0x80, 0x90, 0x20, 0x10, 0xBF, 0xD0, 0xC0, 0xBF, 0xD0, 0xC0, 0xBF, 0xD0, 0xC0, 0xBF, 0xD0,
  0xC0,
  // "." (U+002E), RLE, 4 bytes saved (12.5%)
  0x28, 0x15, 0x74, 0x20, 0x20, 0xDB, 0x81, 0xD1, 0xAD, 0x09, 0x0D, 0xD0, 0xD0, 0xED, 0x0E, 0x0D,
  0xD0, 0xD0, 0x9D, 0x81, 0x91, 0xCB, 0x0C, 0x01, 0x28, 0x15, 0x74, 0x20,
  // "/" (U+002F), RLE, 267 bytes saved (61.9%)
  0x77, 0x10, 0xBC, 0x01, 0x77, 0x01, 0xC0, 0xB7, 0x71, 0x07, 0xC0, 0x57, 0x71, 0x0C, 0xB0, 0xE7,
  0x71, 0x02, 0xC0, 0x97, 0x71, 0x08, 0xC0, 0x47, 0x71, 0x0D, 0xB0, 0xD7, 0x71, 0x04, 0xC0, 0x87,
  0x71, 0x09, 0xC0, 0x27, 0x71, 0x0E, 0xB0, 0xC7, 0x71, 0x05, 0xC0, 0x77, 0x71, 0x0B, 0xC0, 0x17,
  0x70, 0x1C, 0x0B, 0x77, 0x10, 0x7C, 0x05, 0x77, 0x10, 0xCB, 0x0E, 0x77, 0x10, 0x2C, 0x09, 0x77,
  0x10, 0x8C, 0x04, 0x77, 0x10, 0xDB, 0x0D, 0x77, 0x10, 0x4C, 0x08, 0x77, 0x10, 0x9C, 0x02, 0x77,
  0x10, 0xEB, 0x0C, 0x77, 0x10, 0x5C, 0x07, 0x77, 0x10, 0xBC, 0x01, 0x77, 0x01, 0xC0, 0xB7, 0x71,
  0x06, 0xC0, 0x57, 0x71, 0x0C, 0xB0, 0xE7, 0x71, 0x02, 0xC0, 0x97, 0x71, 0x08, 0xC0, 0x47, 0x71,
  0x0D, 0xB0, 0xD7, 0x71, 0x04, 0xC0, 0x87, 0x71, 0x09, 0xC0, 0x27, 0x71, 0x0E, 0xB0, 0xC7, 0x71,
  0x05, 0xC0, 0x77, 0x71, 0x0B, 0xC0, 0x17, 0x70, 0x1C, 0x0B, 0x77, 0x10, 0x6C, 0x05, 0x77, 0x10,
  0xCB, 0x0E, 0x77, 0x10, 0x2C, 0x09, 0x77, 0x10, 0x8C, 0x04, 0x77, 0x10, 0xDB, 0x0E, 0x77, 0x10,
  0x4C, 0x08, 0x77, 0x10,
  // "0" (U+0030), RLE, 324 bytes saved (53.8%)
  0x73, 0x85, 0x14, 0x67, 0x76, 0x37, 0x75, 0x05, 0x0C, 0xF9, 0x0B, 0x04, 0x77, 0x02, 0x0C, 0xFD,
  0x0A, 0x01, 0x74, 0x04, 0x0E, 0xFF, 0x0D, 0x01, 0x72, 0x02, 0x0E, 0xE8, 0x2C, 0xAA, 0xCE, 0x0D,
  0x72, 0x0C, 0xC0, 0xE0, 0x75, 0x01, 0x08, 0xD0, 0x97, 0x07, 0xC0, 0xE0, 0x37, 0x10, 0x4D, 0x03,
  0x60, 0xEC, 0x04, 0x73, 0x06, 0xC0, 0xB5, 0x05, 0xC0, 0xB7, 0x50, 0xCC, 0x03, 0x40, 0xBC, 0x04,
  0x75, 0x05, 0xC0, 0x84, 0xC0, 0xE7, 0x7C, 0x0D, 0x30, 0x3C, 0x0A, 0x77, 0x0B, 0xC0, 0x22, 0x07,
  0xC0, 0x67, 0x70, 0x7C, 0x06, 0x20, 0xAC, 0x03, 0x77, 0x04, 0xC0, 0x92, 0x0C, 0xC0, 0x17, 0x70,
  0x2C, 0x0C, 0x20, 0xEB, 0x0E, 0x77, 0x2C, 0x0E, 0x2C, 0x0D, 0x77, 0x20, 0xEC, 0x10, 0x1C, 0x0C,
  0x77, 0x20, 0xCC, 0x01, 0x02, 0xC0, 0xB7, 0x72, 0x0C, 0xC0, 0x20, 0x3C, 0x0A, 0x77, 0x20, 0xBC,
  0x00, 0x3C, 0x0A, 0x77, 0x20, 0xBC, 0x04, 0x03, 0xC0, 0xA7, 0x72, 0x0B, 0xC0, 0x40, 0x3C, 0x0A,
  0x77, 0x20, 0xBC, 0x00, 0x3C, 0x0A, 0x77, 0x20, 0xBC, 0x03, 0x02, 0xC0, 0xB7, 0x72, 0x0C, 0xC0,
  0x30, 0x1C, 0x0C, 0x77, 0x20, 0xCC, 0x01, 0x1C, 0x0D, 0x77, 0x20, 0xEC, 0x20, 0xDC, 0x77, 0x2C,
  0x0E, 0x20, 0xBC, 0x01, 0x77, 0x02, 0xC0, 0xC2, 0x09, 0xC0, 0x37, 0x70, 0x4C, 0x0A, 0x20, 0x6C,
  0x06, 0x77, 0x07, 0xC0, 0x72, 0x02, 0xC0, 0xA7, 0x70, 0xBC, 0x03, 0x30, 0xDB, 0x0E, 0x77, 0x0E,
  0xC4, 0x08, 0xC0, 0x47, 0x50, 0x5C, 0x0A, 0x40, 0x2C, 0x0B, 0x75, 0x0C, 0xC0, 0x55, 0x0B, 0xC0,
  0x47, 0x30, 0x6C, 0x0D, 0x60, 0x4C, 0x0E, 0x03, 0x71, 0x04, 0xD0, 0x67, 0x0A, 0xC0, 0xE0, 0x75,
  0x01, 0x08, 0xD0, 0xC7, 0x10, 0x10, 0xDE, 0x82, 0xCA, 0xAC, 0xE0, 0xE0, 0x27, 0x20, 0x20, 0xDF,
  0xF0, 0xE0, 0x37, 0x40, 0x10, 0xBF, 0xD0, 0xC0, 0x27, 0x70, 0x40, 0xBF, 0x90, 0xC0, 0x57, 0x74,
  0x86, 0x14, 0x67, 0x76, 0x41, 0x73,
  // "1" (U+0031), RLE, 142 bytes saved (46.1%)
  0x72, 0x01, 0x0B, 0xB0, 0xD7, 0x10, 0x20, 0xDC, 0x0D, 0x70, 0x40, 0xED, 0x0D, 0x60, 0x6F, 0x0D,
  0x50, 0x9F, 0x90, 0xD3, 0x01, 0x0B, 0xD0, 0xEB, 0x0D, 0x20, 0x20, 0xDD, 0x07, 0x0B, 0xB8, 0x2D,
  0x04, 0xED, 0x81, 0x50, 0xCB, 0x0D, 0x06, 0xD0, 0xE0, 0x32, 0x0D, 0xB0, 0xD0, 0x9C, 0x0D, 0x02,
  0x30, 0xEB, 0x81, 0xD0, 0xCA, 0x0B, 0x01, 0x40, 0xEB, 0x83, 0xD0, 0x2E, 0x86, 0x0E, 0xB0, 0xD2,
  0x01, 0x70, 0xEB, 0x0D, 0x73, 0x0E, 0xB0, 0xD7, 0x30, 0xEB, 0x0D, 0x73, 0x0E, 0xB0, 0xD7, 0x30,
  0xEB, 0x0D, 0x73, 0x0E, 0xB0, 0xD7, 0x30, 0xEB, 0x0D, 0x73, 0x0E, 0xB0, 0xD7, 0x30, 0xEB, 0x0D,
  0x73, 0x0E, 0xB0, 0xD7, 0x30, 0xEB, 0x0D, 0x73, 0x0E, 0xB0, 0xD7, 0x30, 0xEB, 0x0D, 0x73, 0x0E,
  0xB0, 0xD7, 0x30, 0xEB, 0x0D, 0x73, 0x0E, 0xB0, 0xD7, 0x30, 0xEB, 0x0D, 0x73, 0x0E, 0xB0, 0xD7,
  0x30, 0xEB, 0x0D, 0x73, 0x0E, 0xB0, 0xD7, 0x30, 0xEB, 0x0D, 0x73, 0x0E, 0xB0, 0xD7, 0x30, 0xEB,
  0x0D, 0x73, 0x0E, 0xB0, 0xD7, 0x30, 0xEB, 0x0D, 0x73, 0x0E, 0xB0, 0xD7, 0x30, 0xEB, 0x0D, 0x73,
  0x0E, 0xB0, 0xD7, 0x30, 0xEB, 0x0D,
  // "2" (U+0032), RLE, 369 bytes saved (62.8%)
  0x72, 0x86, 0x14, 0x67, 0x76, 0x53, 0x77, 0x38, 0x11, 0x7C, 0xF9, 0x81, 0xEA, 0x47, 0x50, 0x10,
  0x9F, 0xF0, 0xC0, 0x27, 0x20, 0x70, 0xEF, 0xFA, 0x0E, 0x04, 0x60, 0x10, 0xBF, 0x84, 0xEC, 0xAA,
  0xBE, 0xE0, 0xE0, 0x35, 0x09, 0xE0, 0x90, 0x36, 0x03, 0x0B, 0xD0, 0xD6, 0x0C, 0xB0, 0xB0, 0x27,
  0x30, 0x7D, 0x06, 0x58, 0x22, 0xEE, 0x57, 0x60, 0xAC, 0x0D, 0x60, 0x40, 0x27, 0x70, 0x2D, 0x01,
  0x77, 0x71, 0x0C, 0xC0, 0x57, 0x77, 0x10, 0x9C, 0x06, 0x77, 0x71, 0x08, 0xC0, 0x77, 0x77, 0x10,
  0x9C, 0x07, 0x77, 0x71, 0x0A, 0xC0, 0x57, 0x77, 0x10, 0xDC, 0x03, 0x77, 0x70, 0x1C, 0x0E, 0x77,
  0x71, 0x07, 0xC0, 0xA7, 0x77, 0x10, 0xDC, 0x04, 0x77, 0x70, 0x7C, 0x0C, 0x77, 0x70, 0x20, 0xEC,
  0x04, 0x77, 0x70, 0xCC, 0x0A, 0x77, 0x70, 0x9C, 0x0E, 0x01, 0x77, 0x60, 0x7D, 0x04, 0x77, 0x60,
  0x5D, 0x07, 0x77, 0x60, 0x3D, 0x09, 0x77, 0x60, 0x30, 0xEC, 0x0B, 0x77, 0x60, 0x20, 0xEC, 0x0C,
  0x77, 0x60, 0x10, 0xDC, 0x0D, 0x01, 0x77, 0x50, 0x10, 0xDC, 0x0D, 0x01, 0x77, 0x50, 0x10, 0xCC,
  0x0D, 0x02, 0x77, 0x60, 0xCC, 0x0E, 0x02, 0x77, 0x60, 0xBC, 0x0E, 0x02, 0x77, 0x60, 0xBC, 0x0E,
  0x02, 0x77, 0x60, 0xAC, 0x0E, 0x03, 0x77, 0x60, 0x9C, 0x0E, 0x03, 0x77, 0x60, 0x9C, 0x0E, 0x03,
  0x77, 0x60, 0x8D, 0x04, 0x77, 0x60, 0x7D, 0x06, 0x80, 0x97, 0x21, 0x03, 0xFF, 0xFD, 0x01, 0x04,
  0xFF, 0xFD, 0x01, 0x04, 0xFF, 0xFD, 0x01, 0x04, 0xFF, 0xFD, 0x01,
  // "3" (U+0033), RLE, 343 bytes saved (59.0%)
  0x72, 0x86, 0x35, 0x67, 0x76, 0x53, 0x77, 0x18, 0x11, 0x6B, 0xFB, 0x0C, 0x06, 0x73, 0x81, 0x19,
  0xEF, 0xF0, 0xE0, 0x57, 0x08, 0xFF, 0xD0, 0x94, 0x01, 0x0D, 0xF9, 0x84, 0xDB, 0xAA, 0xBD, 0xF0,
  0x74, 0x0A, 0xD8, 0x1C, 0x51, 0x60, 0x20, 0x9E, 0x03, 0x30, 0x10, 0xDA, 0x0C, 0x04, 0x74, 0x04,
  0xD0, 0xB4, 0x81, 0x4E, 0x67, 0x70, 0x6D, 0x01, 0x77, 0x70, 0xDC, 0x05, 0x77, 0x70, 0x9C, 0x07,
  0x77, 0x70, 0x7C, 0x09, 0x77, 0x70, 0x7C, 0x08, 0x77, 0x70, 0x9C, 0x07, 0x77, 0x70, 0xCC, 0x04,
  0x77, 0x60, 0x3C, 0x0E, 0x77, 0x70, 0xCC, 0x09, 0x77, 0x60, 0xAC, 0x0E, 0x01, 0x77, 0x40, 0x30,
  0xCC, 0x0E, 0x03, 0x77, 0x18, 0x21, 0x47, 0xCD, 0x0D, 0x03, 0x73, 0x05, 0xFD, 0x0E, 0x08, 0x75,
  0x05, 0xFB, 0x0B, 0x05, 0x77, 0x05, 0xFC, 0x82, 0xEB, 0x61, 0x74, 0x05, 0xFF, 0x90, 0x87, 0x48,
  0x01, 0x28, 0x33, 0x57, 0xAE, 0xE0, 0xC0, 0x27, 0x75, 0x04, 0x0B, 0xD0, 0xD7, 0x77, 0x06, 0xD0,
  0x97, 0x77, 0x07, 0xD0, 0x17, 0x77, 0x0D, 0xC0, 0x67, 0x77, 0x08, 0xC0, 0xA7, 0x77, 0x06, 0xC0,
  0xB7, 0x77, 0x05, 0xC0, 0xC7, 0x77, 0x06, 0xC0, 0xC7, 0x77, 0x08, 0xC0, 0xA7, 0x77, 0x0D, 0xC0,
  0x77, 0x76, 0x05, 0xD0, 0x20, 0x17, 0x74, 0x02, 0x0E, 0xC8, 0x4C, 0x07, 0xD7, 0x17, 0x70, 0x30,
  0xDD, 0x81, 0x40, 0x7B, 0x81, 0xC7, 0x37, 0x20, 0x40, 0xAE, 0x0A, 0x20, 0x7F, 0x85, 0xDB, 0xAA,
  0xAB, 0xDF, 0x90, 0xB3, 0x07, 0xFF, 0xF0, 0x94, 0x03, 0x0B, 0xFF, 0xC0, 0xC0, 0x47, 0x82, 0x27,
  0xBE, 0xFC, 0x81, 0xD9, 0x37, 0x68, 0x91, 0x24, 0x56, 0x77, 0x76, 0x53, 0x17, 0x30,
  // "4" (U+0034), RLE, 367 bytes saved (59.7%)
  0x77, 0x40, 0x5D, 0x01, 0x77, 0x71, 0x01, 0x0E, 0xD0, 0x17, 0x77, 0x10, 0xAE, 0x01, 0x77, 0x70,
  0x5F, 0x01, 0x77, 0x60, 0x10, 0xEF, 0x01, 0x77, 0x60, 0xAB, 0x0E, 0xC0, 0x17, 0x75, 0x05, 0xB0,
  0xE0, 0x7C, 0x01, 0x77, 0x40, 0x10, 0xEB, 0x08, 0x07, 0xC0, 0x17, 0x74, 0x0B, 0xB8, 0x1E, 0x17,
  0xC0, 0x17, 0x73, 0x05, 0xC8, 0x17, 0x08, 0xC0, 0x17, 0x72, 0x01, 0x0E, 0xB0, 0xC2, 0x09, 0xC0,
  0x17, 0x72, 0x0B, 0xC0, 0x22, 0x09, 0xC0, 0x17, 0x71, 0x06, 0xC0, 0x73, 0x0A, 0xC0, 0x17, 0x70,
  0x10, 0xEB, 0x0B, 0x40, 0xAC, 0x01, 0x77, 0x0B, 0xB0, 0xE0, 0x24, 0x0A, 0xC0, 0x17, 0x60, 0x6C,
  0x06, 0x50, 0xAC, 0x01, 0x75, 0x01, 0x0E, 0xB0, 0xB6, 0x0A, 0xC0, 0x17, 0x50, 0xBB, 0x0E, 0x01,
  0x60, 0xAC, 0x01, 0x74, 0x06, 0xC0, 0x57, 0x0A, 0xC0, 0x17, 0x30, 0x10, 0xEB, 0x0A, 0x71, 0x0A,
  0xC0, 0x17, 0x30, 0xBB, 0x0E, 0x01, 0x71, 0x0A, 0xC0, 0x17, 0x20, 0x6C, 0x05, 0x72, 0x0A, 0xC0,
  0x17, 0x10, 0x20, 0xEB, 0x09, 0x73, 0x0A, 0xC0, 0x17, 0x10, 0xBB, 0x0D, 0x01, 0x73, 0x0A, 0xC0,
  0x17, 0x06, 0xC0, 0x47, 0x40, 0xAC, 0x01, 0x60, 0x20, 0xEB, 0x09, 0x75, 0x0A, 0xC0, 0x16, 0x0B,
  0xB0, 0xD7, 0x60, 0xAC, 0x01, 0x50, 0x6C, 0x05, 0x80, 0x91, 0x20, 0xBC, 0x85, 0x32, 0x22, 0x21,
  0xCF, 0xFF, 0xF0, 0xE0, 0xCF, 0xFF, 0xF0, 0xE0, 0xCF, 0xFF, 0xF0, 0xE0, 0xCF, 0xFF, 0xF0, 0xE7,
  0x75, 0x0A, 0xC0, 0x17, 0x77, 0x30, 0xAC, 0x01, 0x77, 0x73, 0x0A, 0xC0, 0x17, 0x77, 0x30, 0xAC,
  0x01, 0x77, 0x73, 0x0A, 0xC0, 0x17, 0x77, 0x30, 0xAC, 0x01, 0x77, 0x73, 0x0A, 0xC0, 0x17, 0x77,
  0x30, 0xAC, 0x01, 0x77, 0x73, 0x0A, 0xC0, 0x15,
  // "5" (U+0035), RLE, 341 bytes saved (62.5%)
  0x3F, 0xFE, 0x50, 0x2F, 0xFE, 0x50, 0x3F, 0xFE, 0x50, 0x4F, 0xFE, 0x50, 0x5C, 0x04, 0x80, 0x93,
  0x25, 0x06, 0xC0, 0x17, 0x76, 0x08, 0xC7, 0x77, 0x09, 0xB0, 0xE7, 0x77, 0x0A, 0xB0, 0xD7, 0x77,
  0x0B, 0xB0, 0xC7, 0x77, 0x0C, 0xB0, 0xA7, 0x77, 0x0E, 0xB0, 0x97, 0x77, 0xC0, 0x87, 0x77, 0xC0,
  0x77, 0x76, 0x02, 0xC0, 0x67, 0x76, 0x03, 0xC0, 0x57, 0x76, 0x04, 0xC8, 0x38, 0x8B, 0xCE, 0xA8,
  0x3E, 0xDB, 0x84, 0x72, 0x05, 0xFF, 0xA8, 0x1E, 0x81, 0x60, 0x6F, 0xFC, 0x0E, 0x05, 0x50, 0x4F,
  0xFE, 0x08, 0x58, 0x94, 0x3D, 0xFD, 0xA7, 0x53, 0x22, 0x35, 0x8B, 0xF0, 0x76, 0x01, 0x74, 0x02,
  0x0A, 0xE0, 0x27, 0x75, 0x07, 0xD0, 0xA7, 0x76, 0x09, 0xD0, 0x17, 0x75, 0x01, 0x0E, 0xC0, 0x67,
  0x76, 0x0A, 0xC0, 0x97, 0x76, 0x06, 0xC0, 0xB7, 0x76, 0x04, 0xC0, 0xC7, 0x76, 0x03, 0xC0, 0xC7,
  0x76, 0x04, 0xC0, 0xB7, 0x76, 0x05, 0xC0, 0x97, 0x76, 0x09, 0xC0, 0x67, 0x76, 0x0E, 0xC0, 0x27,
  0x75, 0x07, 0xC8, 0x1D, 0x01, 0x77, 0x30, 0x4D, 0x83, 0x50, 0x7C, 0x47, 0x70, 0x60, 0xEC, 0x0C,
  0x20, 0x7A, 0x82, 0xE9, 0x52, 0x78, 0x11, 0x6C, 0xD0, 0xE0, 0x22, 0x07, 0xE8, 0x5E, 0xCB, 0xAA,
  0xBD, 0xF9, 0x03, 0x30, 0x7F, 0xFD, 0x0D, 0x03, 0x40, 0x30, 0xCF, 0xFA, 0x0E, 0x08, 0x71, 0x81,
  0x38, 0xCF, 0xB8, 0x1E, 0xB6, 0x77, 0x87, 0x24, 0x66, 0x77, 0x65, 0x37, 0x40,
  // "6" (U+0036), RLE, 310 bytes saved (53.4%)
  0x77, 0x87, 0x25, 0x67, 0x76, 0x64, 0x27, 0x78, 0x11, 0x7B, 0xFB, 0x04, 0x74, 0x01, 0x09, 0xFE,
  0x04, 0x73, 0x05, 0x0E, 0xFF, 0x04, 0x72, 0x07, 0xF9, 0x87, 0xEB, 0xAA, 0xBC, 0xEF, 0x47, 0x10,
  0x7E, 0x81, 0xD6, 0x17, 0x03, 0x02, 0x70, 0x5D, 0x0E, 0x06, 0x77, 0x40, 0x10, 0xEC, 0x0D, 0x02,
  0x77, 0x50, 0x9C, 0x0D, 0x01, 0x77, 0x50, 0x2D, 0x04, 0x77, 0x60, 0x9C, 0x0A, 0x77, 0x70, 0xEC,
  0x03, 0x77, 0x60, 0x5C, 0x0B, 0x77, 0x70, 0x9C, 0x06, 0x77, 0x70, 0xDC, 0x01, 0x77, 0x60, 0x1C,
  0x0D, 0x77, 0x70, 0x4C, 0x0A, 0x77, 0x70, 0x6C, 0x07, 0x48, 0x90, 0x49, 0xCE, 0xFE, 0xDB, 0x72,
  0x70, 0x8C, 0x05, 0x20, 0x30, 0xCF, 0xB0, 0xB0, 0x35, 0x0A, 0xC8, 0x13, 0x05, 0xFF, 0x06, 0x40,
  0xBC, 0x02, 0x06, 0xFF, 0xA0, 0x73, 0x0C, 0xC0, 0x4C, 0x86, 0xA6, 0x32, 0x34, 0x8D, 0xE0, 0x42,
  0x0D, 0xC0, 0xEA, 0x0A, 0x01, 0x71, 0x06, 0xD0, 0xD2, 0x0D, 0xE0, 0x77, 0x40, 0x5D, 0x81, 0x50,
  0xED, 0x08, 0x76, 0x09, 0xC8, 0x1B, 0x0D, 0xC0, 0xC7, 0x70, 0x2C, 0x81, 0xE0, 0xDC, 0x05, 0x77,
  0x10, 0xCC, 0x03, 0x0C, 0xC0, 0x27, 0x71, 0x09, 0xC0, 0x40, 0xAC, 0x01, 0x77, 0x10, 0x8C, 0x05,
  0x08, 0xC0, 0x27, 0x71, 0x07, 0xC0, 0x05, 0xC0, 0x47, 0x71, 0x08, 0xC0, 0x40, 0x2C, 0x08, 0x77,
  0x10, 0x9C, 0x81, 0x30, 0xDB, 0x0D, 0x77, 0x10, 0xDC, 0x81, 0x10, 0x8C, 0x04, 0x76, 0x01, 0xC0,
  0xC2, 0x02, 0xC0, 0xC7, 0x60, 0x8C, 0x09, 0x30, 0x9C, 0x08, 0x74, 0x03, 0xD0, 0x23, 0x02, 0x0E,
  0xC0, 0x87, 0x20, 0x30, 0xDC, 0x0A, 0x50, 0x6D, 0x0B, 0x03, 0x50, 0x10, 0x8D, 0x0E, 0x02, 0x60,
  0x9E, 0x83, 0xEB, 0xAB, 0xDF, 0x04, 0x71, 0x08, 0xFF, 0x90, 0xE0, 0x57, 0x30, 0x50, 0xDF, 0xD0,
  0xC0, 0x27, 0x60, 0x60, 0xCF, 0x81, 0xEB, 0x47, 0x73, 0x85, 0x14, 0x67, 0x65, 0x37, 0x30,
  // "7" (U+0037), RLE, 396 bytes saved (69.0%)
  0x08, 0xFF, 0xFD, 0x04, 0x08, 0xFF, 0xFD, 0x04, 0x08, 0xFF, 0xFD, 0x04, 0x08, 0xFF, 0xFD, 0x03,
  0x01, 0x80, 0xA0, 0x20, 0x4C, 0x0D, 0x77, 0x71, 0x09, 0xC0, 0x67, 0x77, 0x01, 0x0E, 0xB0, 0xE7,
  0x77, 0x10, 0x7C, 0x08, 0x77, 0x71, 0x0D, 0xC0, 0x27, 0x77, 0x05, 0xC0, 0xA7, 0x77, 0x10, 0xCC,
  0x04, 0x77, 0x70, 0x3C, 0x0C, 0x77, 0x71, 0x0A, 0xC0, 0x67, 0x77, 0x02, 0xC0, 0xE7, 0x77, 0x10,
  0x9C, 0x08, 0x77, 0x70, 0x10, 0xEC, 0x01, 0x77, 0x70, 0x7C, 0x0A, 0x77, 0x71, 0x0D, 0xC0, 0x37,
  0x77, 0x05, 0xC0, 0xC7, 0x77, 0x10, 0xCC, 0x05, 0x77, 0x70, 0x4C, 0x0E, 0x77, 0x71, 0x0A, 0xC0,
  0x77, 0x77, 0x02, 0xD0, 0x17, 0x77, 0x09, 0xC0, 0x97, 0x77, 0x01, 0x0E, 0xC0, 0x37, 0x77, 0x07,
  0xC0, 0xB7, 0x77, 0x10, 0xEC, 0x05, 0x77, 0x70, 0x5C, 0x0D, 0x77, 0x71, 0x0C, 0xC0, 0x77, 0x77,
  0x04, 0xC0, 0xE0, 0x17, 0x77, 0x0B, 0xC0, 0x97, 0x77, 0x02, 0xD0, 0x27, 0x77, 0x09, 0xC0, 0xB7,
  0x77, 0x01, 0xD0, 0x47, 0x77, 0x07, 0xC0, 0xD7, 0x77, 0x10, 0xEC, 0x06, 0x77, 0x70, 0x6C, 0x0E,
  0x77, 0x71, 0x0C, 0xC0, 0x87, 0x77, 0x04, 0xD0, 0x27, 0x77, 0x0B, 0xC0, 0xA7, 0x77, 0x02, 0xD0,
  0x47, 0x72,
  // "8" (U+0038), RLE, 305 bytes saved (50.7%)
  0x73, 0x86, 0x24, 0x67, 0x76, 0x41, 0x77, 0x38, 0x12, 0x9E, 0xF9, 0x81, 0xE8, 0x27, 0x50, 0x10,
  0xAF, 0xF0, 0x90, 0x17, 0x20, 0x20, 0xDF, 0xFA, 0x0E, 0x02, 0x70, 0x10, 0xEE, 0x84, 0xEB, 0xAA,
  0xBE, 0xE0, 0xE0, 0x26, 0x0B, 0xD0, 0xB0, 0x46, 0x04, 0x0B, 0xD0, 0xB5, 0x03, 0xD0, 0x77, 0x30,
  0x8D, 0x03, 0x40, 0x9C, 0x09, 0x75, 0x0B, 0xC0, 0x84, 0x0C, 0xC0, 0x27, 0x50, 0x4C, 0x0B, 0x40,
  0xEB, 0x0E, 0x77, 0xC0, 0xD4, 0x0E, 0xB0, 0xD7, 0x70, 0xEB, 0x0E, 0x40, 0xDC, 0x77, 0xC0, 0xD4,
  0x0B, 0xC0, 0x27, 0x50, 0x3C, 0x0A, 0x40, 0x7C, 0x09, 0x75, 0x08, 0xC0, 0x54, 0x01, 0xD0, 0x47,
  0x30, 0x3C, 0x0D, 0x60, 0x8C, 0x0E, 0x04, 0x71, 0x03, 0x0E, 0xC0, 0x47, 0x0C, 0xD0, 0x86, 0x07,
  0xD0, 0x77, 0x10, 0x10, 0xCD, 0x0E, 0x07, 0x20, 0x40, 0xCD, 0x07, 0x74, 0x0B, 0xE0, 0xE0, 0xCD,
  0x0E, 0x04, 0x76, 0x07, 0xFC, 0x09, 0x01, 0x77, 0x10, 0x5F, 0xA0, 0xB0, 0x17, 0x70, 0x10, 0x9F,
  0xC0, 0xE0, 0x77, 0x50, 0x40, 0xED, 0x0D, 0x0C, 0xF0, 0xD0, 0x37, 0x20, 0x7D, 0x0E, 0x06, 0x20,
  0x20, 0x9F, 0x05, 0x70, 0x8D, 0x09, 0x60, 0x10, 0x9E, 0x06, 0x50, 0x4D, 0x05, 0x72, 0x03, 0x0D,
  0xD0, 0x43, 0x01, 0x0E, 0xC0, 0x57, 0x40, 0x10, 0xBC, 0x0E, 0x01, 0x20, 0x7C, 0x09, 0x77, 0x0C,
  0xC0, 0x72, 0x0D, 0xC0, 0x17, 0x70, 0x3C, 0x81, 0xD0, 0x1C, 0x0C, 0x77, 0x20, 0xDC, 0x01, 0x03,
  0xC0, 0x97, 0x72, 0x0A, 0xC0, 0x20, 0x3C, 0x09, 0x77, 0x20, 0x9C, 0x03, 0x02, 0xC0, 0xA7, 0x72,
  0x0A, 0xC0, 0x01, 0xC0, 0xD7, 0x72, 0x0E, 0xC2, 0x0D, 0xC0, 0x37, 0x70, 0x4C, 0x0C, 0x20, 0x8C,
  0x0C, 0x76, 0x01, 0x0D, 0xC0, 0x72, 0x02, 0xD0, 0xB0, 0x17, 0x30, 0x10, 0xCC, 0x0E, 0x01, 0x30,
  0x9D, 0x81, 0xD6, 0x16, 0x81, 0x17, 0xED, 0x06, 0x50, 0xCF, 0x84, 0xDB, 0xAA, 0xBD, 0xF0, 0x96,
  0x01, 0x0C, 0xFF, 0xC0, 0x97, 0x20, 0x70, 0xEF, 0xF0, 0xD0, 0x47, 0x50, 0x60, 0xCF, 0xA8, 0x1E,
  0xB5, 0x77, 0x38, 0x63, 0x56, 0x77, 0x65, 0x37, 0x30,
  // "9" (U+0039), RLE, 333 bytes saved (55.3%)
  0x73, 0x85, 0x25, 0x67, 0x65, 0x27, 0x74, 0x81, 0x29, 0xEF, 0x81, 0xD8, 0x17, 0x70, 0x8F, 0xD0,
  0xE0, 0x77, 0x40, 0x10, 0xCF, 0xF9, 0x0B, 0x72, 0x01, 0x0D, 0xE8, 0x3E, 0xBA, 0xBD, 0xE0, 0xB7,
  0x10, 0xAD, 0x0B, 0x03, 0x50, 0x30, 0xAD, 0x09, 0x60, 0x4D, 0x07, 0x72, 0x07, 0xD0, 0x45, 0x0C,
  0xC0, 0x87, 0x40, 0x8C, 0x0C, 0x40, 0x3C, 0x0D, 0x76, 0x0C, 0xC0, 0x53, 0x08, 0xC0, 0x67, 0x60,
  0x3C, 0x0B, 0x30, 0xCC, 0x01, 0x77, 0x0C, 0xC0, 0x12, 0x0E, 0xB0, 0xE7, 0x71, 0x07, 0xC8, 0x15,
  0x01, 0xC0, 0xC7, 0x71, 0x02, 0xC8, 0x18, 0x02, 0xC0, 0xB7, 0x72, 0xC8, 0x1B, 0x02, 0xC0, 0xA7,
  0x72, 0x0E, 0xB8, 0x1D, 0x02, 0xC0, 0xB7, 0x72, 0x0D, 0xC1, 0x01, 0xC0, 0xD7, 0x72, 0xD2, 0x0E,
  0xC0, 0x17, 0x70, 0x4D, 0x81, 0x10, 0xBC, 0x06, 0x77, 0x0B, 0xD8, 0x11, 0x07, 0xC0, 0xC7, 0x60,
  0x7E, 0x81, 0x10, 0x1D, 0x08, 0x74, 0x06, 0xF3, 0x09, 0xD0, 0x87, 0x10, 0x10, 0x9F, 0x93, 0x01,
  0x0D, 0xD8, 0x7D, 0x84, 0x32, 0x35, 0x9E, 0xB0, 0x70, 0xEB, 0x0E, 0x40, 0x3F, 0xFA, 0x0A, 0x1C,
  0x0D, 0x50, 0x30, 0xEF, 0xE0, 0x92, 0xC0, 0xB6, 0x01, 0x09, 0xFB, 0x0D, 0x05, 0x20, 0x2C, 0x09,
  0x71, 0x89, 0x01, 0x6A, 0xDE, 0xFE, 0xC9, 0x54, 0x05, 0xC0, 0x77, 0x77, 0x10, 0x7C, 0x04, 0x77,
  0x71, 0x0B, 0xC0, 0x17, 0x77, 0x1C, 0x0C, 0x77, 0x71, 0x05, 0xC0, 0x87, 0x77, 0x10, 0xBC, 0x03,
  0x77, 0x70, 0x4C, 0x0C, 0x77, 0x71, 0x0C, 0xC0, 0x57, 0x77, 0x09, 0xC0, 0xC7, 0x77, 0x09, 0xD0,
  0x37, 0x75, 0x02, 0x0C, 0xD0, 0x87, 0x10, 0x10, 0x27, 0x10, 0x40, 0xAE, 0x0A, 0x72, 0x87, 0x4F,
  0xEC, 0xBA, 0xAB, 0xDF, 0x90, 0x97, 0x30, 0x4F, 0xF9, 0x07, 0x74, 0x04, 0xFE, 0x0A, 0x02, 0x75,
  0x04, 0xFB, 0x81, 0xC7, 0x27, 0x71, 0x87, 0x14, 0x67, 0x77, 0x65, 0x37, 0x71,
  // ":" (U+003A), RLE, 55 bytes saved (49.1%)
  0x28, 0x15, 0x74, 0x20, 0x20, 0xDB, 0x81, 0xD1, 0xAD, 0x09, 0x0D, 0xD0, 0xD0, 0xED, 0x0E, 0x0D,
  0xD0, 0xD0, 0x9D, 0x81, 0x91, 0xCB, 0x0C, 0x01, 0x28, 0x15, 0x74, 0x80, 0x9C, 0x20, 0x81, 0x57,
  0x42, 0x02, 0x0D, 0xB8, 0x1D, 0x1A, 0xD0, 0x90, 0xDD, 0x0D, 0x0E, 0xD0, 0xE0, 0xDD, 0x0D, 0x09,
  0xD8, 0x19, 0x1C, 0xB0, 0xC0, 0x12, 0x81, 0x57, 0x42,
  // ";" (U+003B), RLE, 124 bytes saved (63.6%)
  0x58, 0x15, 0x74, 0x50, 0x30, 0xDB, 0x0C, 0x01, 0x30, 0xBD, 0x08, 0x3E, 0x0C, 0x20, 0x1E, 0x0D,
  0x3E, 0x0B, 0x30, 0xBD, 0x07, 0x30, 0x20, 0xDB, 0x0B, 0x68, 0x15, 0x74, 0x80, 0xAC, 0x10, 0x07,
  0xD0, 0x13, 0x0A, 0xC0, 0xE4, 0x0C, 0xC0, 0xB4, 0xD0, 0x63, 0x02, 0xD0, 0x13, 0x06, 0xC0, 0xB4,
  0x09, 0xC0, 0x64, 0x0C, 0xC0, 0x14, 0xC0, 0xA4, 0x03, 0xC0, 0x44, 0x06, 0xB0, 0xD5, 0x0A, 0xB0,
  0x75, 0x0D, 0xB0, 0x14, 0x02, 0xB0, 0xA5,
  // "<" (U+003C), RLE, 232 bytes saved (59.2%)
  0x77, 0x74, 0x81, 0x3B, 0x27, 0x77, 0x20, 0x30, 0xBA, 0x02, 0x77, 0x70, 0x30, 0xBC, 0x02, 0x77,
  0x50, 0x30, 0xBE, 0x02, 0x77, 0x30, 0x30, 0xBF, 0x0A, 0x01, 0x77, 0x10, 0x30, 0xBF, 0x09, 0x02,
  0x77, 0x10, 0x30, 0xBE, 0x81, 0xE8, 0x17, 0x71, 0x03, 0x0B, 0xE0, 0xE0, 0x77, 0x72, 0x03, 0x0B,
  0xE0, 0xD0, 0x67, 0x72, 0x03, 0x0B, 0xE0, 0xC0, 0x57, 0x72, 0x03, 0x0B, 0xE0, 0xC0, 0x47, 0x72,
  0x03, 0x0B, 0xE0, 0xB0, 0x37, 0x72, 0x03, 0x0B, 0xE0, 0xA0, 0x27, 0x73, 0x02, 0xE0, 0x90, 0x27,
  0x75, 0x03, 0xD0, 0x90, 0x17, 0x76, 0x03, 0xF0, 0xA0, 0x47, 0x75, 0x03, 0x0A, 0xF0, 0xD0, 0x67,
  0x75, 0x81, 0x18, 0xEE, 0x81, 0xE9, 0x27, 0x75, 0x06, 0x0D, 0xF0, 0xB0, 0x57, 0x75, 0x04, 0x0B,
  0xF8, 0x1D, 0x71, 0x77, 0x40, 0x20, 0x9F, 0x90, 0xA0, 0x37, 0x74, 0x81, 0x17, 0xEF, 0x0C, 0x06,
  0x77, 0x50, 0x50, 0xCF, 0x81, 0xE8, 0x27, 0x74, 0x03, 0x0A, 0xF9, 0x02, 0x77, 0x58, 0x12, 0x8E,
  0xD0, 0x27, 0x77, 0x10, 0x70, 0xDB, 0x02, 0x77, 0x73, 0x82, 0x5B, 0xF2, 0x77, 0x75, 0x03, 0x01,
  // "=" (U+003D), RLE, 164 bytes saved (78.8%)
  0x01, 0x80, 0xA4, 0x20, 0x10, 0xDF, 0xFF, 0xB0, 0xC0, 0xDF, 0xFF, 0xB0, 0xC0, 0xDF, 0xFF, 0xB0,
  0xC0, 0xDF, 0xFF, 0xB0, 0xC8, 0x0A, 0xB0, 0x00, 0x18, 0x0A, 0x42, 0x01, 0x0D, 0xFF, 0xFB, 0x0C,
  0x0D, 0xFF, 0xFB, 0x0C, 0x0D, 0xFF, 0xFB, 0x0C, 0x0D, 0xFF, 0xFB, 0x0C,
  // ">" (U+003E), RLE, 234 bytes saved (59.7%)
  0x81, 0x3A, 0x37, 0x77, 0x40, 0x3A, 0x0A, 0x03, 0x77, 0x72, 0x03, 0xC0, 0xA0, 0x37, 0x77, 0x03,
  0xE0, 0xA0, 0x37, 0x75, 0x01, 0x0A, 0xF0, 0xA0, 0x37, 0x75, 0x02, 0x09, 0xF0, 0xB0, 0x37, 0x75,
  0x81, 0x18, 0xEE, 0x0B, 0x03, 0x77, 0x58, 0x11, 0x7E, 0xE0, 0xB0, 0x37, 0x76, 0x07, 0x0E, 0xE0,
  0xB0, 0x37, 0x76, 0x06, 0x0D, 0xE0, 0xB0, 0x37, 0x76, 0x05, 0x0C, 0xE0, 0xB0, 0x37, 0x76, 0x04,
  0x0C, 0xE0, 0xB0, 0x37, 0x76, 0x03, 0x0B, 0xE0, 0xB0, 0x37, 0x76, 0x03, 0x0A, 0xE0, 0x27, 0x76,
  0x01, 0x09, 0xD0, 0x27, 0x74, 0x03, 0x0A, 0xF0, 0x27, 0x72, 0x06, 0x0C, 0xF0, 0x90, 0x37, 0x78,
  0x12, 0x8E, 0xE8, 0x1E, 0x81, 0x77, 0x04, 0x0B, 0xF0, 0xC0, 0x67, 0x78, 0x11, 0x7D, 0xF0, 0xB0,
  0x47, 0x70, 0x30, 0xAF, 0x81, 0xE9, 0x27, 0x70, 0x60, 0xCF, 0x81, 0xD7, 0x17, 0x68, 0x12, 0x8E,
  0xF0, 0xC0, 0x57, 0x71, 0x02, 0xF9, 0x0A, 0x03, 0x77, 0x30, 0x3D, 0x81, 0xE8, 0x17, 0x75, 0x03,
  0xB0, 0xD0, 0x67, 0x77, 0x18, 0x23, 0xFB, 0x47, 0x77, 0x30, 0x10, 0x37, 0x77, 0x50,
  // "?" (U+003F), RLE, 308 bytes saved (62.2%)
  0x78, 0x61, 0x45, 0x67, 0x65, 0x47, 0x48, 0x21, 0x5A, 0xEF, 0xA0, 0xC0, 0x56, 0x03, 0x0A, 0xFF,
  0x90, 0xD0, 0x23, 0x02, 0xFF, 0xD0, 0x43, 0x0B, 0xE8, 0x4D, 0xCA, 0xAB, 0xDE, 0x0E, 0x02, 0x20,
  0x4B, 0x81, 0xB5, 0x16, 0x01, 0x08, 0xD0, 0xA3, 0x81, 0xB8, 0x17, 0x40, 0x4D, 0x02, 0x77, 0x30,
  0x8C, 0x07, 0x77, 0x30, 0x1C, 0x0A, 0x77, 0x40, 0xEB, 0x0B, 0x77, 0x40, 0xDB, 0x0C, 0x77, 0x40,
  0xEB, 0x0B, 0x77, 0x30, 0x2C, 0x0A, 0x77, 0x30, 0x8C, 0x06, 0x77, 0x20, 0x20, 0xEC, 0x01, 0x77,
  0x10, 0x10, 0xDC, 0x08, 0x77, 0x10, 0x10, 0xCC, 0x0D, 0x01, 0x77, 0x02, 0x0D, 0xC0, 0xE0, 0x27,
  0x70, 0x30, 0xEC, 0x0E, 0x03, 0x77, 0x04, 0x0E, 0xC0, 0xE0, 0x27, 0x70, 0x4D, 0x0C, 0x01, 0x77,
  0x02, 0x0E, 0xC0, 0xB0, 0x17, 0x71, 0x0B, 0xC0, 0xA7, 0x72, 0x04, 0xC0, 0xB7, 0x73, 0x0A, 0xB0,
  0xE0, 0x17, 0x73, 0x0D, 0xB0, 0x67, 0x74, 0xC7, 0x74, 0x01, 0xB0, 0xD7, 0x74, 0x02, 0xB0, 0xC7,
  0x74, 0x02, 0xB0, 0xB8, 0x09, 0xD3, 0x08, 0x22, 0x66, 0x27, 0x74, 0x07, 0xC0, 0x77, 0x72, 0x02,
  0xE0, 0x17, 0x71, 0x05, 0xE0, 0x57, 0x71, 0x06, 0xE0, 0x67, 0x71, 0x05, 0xE0, 0x57, 0x71, 0x01,
  0xE0, 0x17, 0x72, 0x07, 0xC0, 0x67, 0x74, 0x82, 0x26, 0x62, 0x74,
  // "@" (U+0040), RLE, 565 bytes saved (53.4%)
  0x77, 0x38, 0x43, 0x79, 0xBD, 0xEA, 0x84, 0xED, 0xB8, 0x51, 0x77, 0x77, 0x81, 0x4A, 0xEF, 0xF0,
  0xB0, 0x57, 0x77, 0x30, 0x50, 0xDF, 0xFD, 0x0D, 0x06, 0x77, 0x60, 0x30, 0xCF, 0xFF, 0xA0, 0xB0,
  0x27, 0x73, 0x07, 0xF8, 0x93, 0xEB, 0x85, 0x43, 0x22, 0x34, 0x7A, 0xEE, 0x0E, 0x04, 0x77, 0x10,
  0xBE, 0x0A, 0x05, 0x76, 0x04, 0x0B, 0xE0, 0x57, 0x60, 0xBD, 0x0A, 0x02, 0x77, 0x30, 0x30, 0xCD,
  0x04, 0x74, 0x0B, 0xC0, 0xE0, 0x47, 0x77, 0x07, 0xC0, 0xE0, 0x27, 0x20, 0x9C, 0x0C, 0x01, 0x77,
  0x72, 0x05, 0xC0, 0xB7, 0x10, 0x4C, 0x0B, 0x77, 0x75, 0x06, 0xC0, 0x66, 0x01, 0x0D, 0xB0, 0xD7,
  0x77, 0x70, 0xAB, 0x0D, 0x60, 0x8B, 0x0E, 0x02, 0x72, 0x89, 0x21, 0x6A, 0xDE, 0xFE, 0xDB, 0x96,
  0x37, 0x01, 0x0E, 0xB0, 0x54, 0x01, 0x0E, 0xB0, 0x77, 0x20, 0x8F, 0xD0, 0xE0, 0x86, 0x07, 0xB0,
  0xB4, 0x07, 0xB0, 0xD7, 0x10, 0x20, 0xDF, 0xF0, 0xD6, 0x01, 0xC0, 0x13, 0x0D, 0xB0, 0x57, 0x02,
  0x0E, 0xFF, 0x90, 0xC7, 0x0B, 0xB0, 0x52, 0x04, 0xB0, 0xE7, 0x01, 0x0D, 0xD8, 0x69, 0x53, 0x23,
  0x58, 0xDB, 0x0B, 0x70, 0x6B, 0x09, 0x20, 0x8B, 0x08, 0x70, 0x9C, 0x0C, 0x02, 0x70, 0x8B, 0x0A,
  0x70, 0x3B, 0x0B, 0x20, 0xDB, 0x04, 0x60, 0x2C, 0x0D, 0x01, 0x71, 0x08, 0xB0, 0xA7, 0x1B, 0x81,
  0xE0, 0x1C, 0x70, 0x8C, 0x03, 0x72, 0x09, 0xB0, 0x97, 0x10, 0xEB, 0x10, 0x4B, 0x0C, 0x70, 0xDB,
  0x0B, 0x73, 0x0A, 0xB0, 0x87, 0x10, 0xDB, 0x10, 0x6B, 0x09, 0x60, 0x2C, 0x05, 0x73, 0x0B, 0xB0,
  0x77, 0x10, 0xDB, 0x01, 0x08, 0xB0, 0x76, 0x05, 0xC0, 0x17, 0x30, 0xBB, 0x07, 0x71, 0x0D, 0xB1,
  0x0A, 0xB0, 0x66, 0x07, 0xB0, 0xE7, 0x40, 0xCB, 0x06, 0x71, 0x0E, 0xB1, 0x0A, 0xB0, 0x56, 0x08,
  0xB0, 0xD7, 0x40, 0xEB, 0x05, 0x71, 0xB8, 0x1E, 0x0B, 0xB0, 0x46, 0x08, 0xB0, 0xC7, 0x4C, 0x04,
  0x70, 0x3B, 0x81, 0xB0, 0xBB, 0x04, 0x60, 0x7B, 0x0D, 0x73, 0x03, 0xC0, 0x47, 0x06, 0xB8, 0x18,
  0x0A, 0xB0, 0x56, 0x05, 0xC7, 0x30, 0x7C, 0x04, 0x70, 0xBB, 0x81, 0x40, 0x9B, 0x06, 0x60, 0x3C,
  0x03, 0x72, 0x0D, 0xC0, 0x56, 0x01, 0xB0, 0xE2, 0x08, 0xB0, 0x87, 0x0E, 0xB0, 0xA7, 0x10, 0x5D,
  0x08, 0x60, 0x9B, 0x09, 0x20, 0x6B, 0x0B, 0x70, 0x9C, 0x05, 0x60, 0x20, 0xEA, 0x0D, 0xA0, 0xD5,
  0x04, 0xC0, 0x22, 0x03, 0xB0, 0xE7, 0x02, 0xD0, 0x90, 0x32, 0x81, 0x27, 0xEA, 0x0B, 0x04, 0xB8,
  0x3C, 0x40, 0x17, 0xC0, 0x94, 0xC0, 0x37, 0x08, 0xFD, 0x82, 0xE2, 0x0D, 0xFB, 0x0D, 0x50, 0xBB,
  0x08, 0x71, 0x0B, 0xFB, 0x0E, 0x04, 0x20, 0x5F, 0xA0, 0xE0, 0x25, 0x07, 0xB0, 0xE7, 0x20, 0x9F,
  0x90, 0xD0, 0x34, 0x07, 0xF0, 0xC0, 0x16, 0x01, 0xC0, 0x67, 0x28, 0x63, 0x8C, 0xEF, 0xEB, 0x67,
  0x85, 0x4A, 0xEF, 0xEB, 0x57, 0x20, 0x9B, 0x0E, 0x01, 0x80, 0xC3, 0x00, 0x2C, 0x0B, 0x80, 0xC4,
  0x00, 0x8C, 0x09, 0x80, 0xC4, 0x00, 0xDC, 0x0A, 0x80, 0xC3, 0x00, 0x20, 0xEC, 0x0D, 0x04, 0x80,
  0xC2, 0x00, 0x30, 0xED, 0x0B, 0x04, 0x77, 0x18, 0x31, 0x5A, 0xE4, 0x77, 0x30, 0x30, 0xDE, 0x83,
  0xEA, 0x64, 0x23, 0x85, 0x11, 0x24, 0x7A, 0xDC, 0x04, 0x77, 0x40, 0x10, 0xAF, 0xFF, 0xB0, 0x47,
  0x76, 0x05, 0x0D, 0xFF, 0xF0, 0xD0, 0x27, 0x77, 0x10, 0x40, 0xBF, 0xFA, 0x81, 0xEA, 0x47, 0x77,
  0x68, 0x25, 0x8B, 0xDF, 0x82, 0xDA, 0x74, 0x80, 0xC0, 0x00, 0xF1, 0x77, 0x71,
  // "A" (U+0041), RLE, 465 bytes saved (63.0%)
  0x77, 0x10, 0x8C, 0x05, 0x77, 0x77, 0x20, 0xEC, 0x0B, 0x77, 0x77, 0x10, 0x5E, 0x01, 0x77, 0x77,
  0x0B, 0xE0, 0x77, 0x77, 0x60, 0x1F, 0x0D, 0x77, 0x76, 0x07, 0xB0, 0xDC, 0x03, 0x77, 0x75, 0x0D,
  0xB0, 0x80, 0xDB, 0x09, 0x77, 0x74, 0x03, 0xC0, 0x40, 0x8B, 0x0E, 0x77, 0x74, 0x09, 0xC1, 0x04,
  0xC0, 0x57, 0x77, 0x30, 0xEB, 0x0B, 0x20, 0xEB, 0x0B, 0x77, 0x72, 0x05, 0xC0, 0x62, 0x09, 0xC0,
  0x27, 0x77, 0x10, 0xBC, 0x01, 0x20, 0x4C, 0x08, 0x77, 0x70, 0x2C, 0x0B, 0x40, 0xEB, 0x0D, 0x77,
  0x70, 0x8C, 0x05, 0x40, 0x9C, 0x04, 0x77, 0x60, 0xDB, 0x0E, 0x50, 0x3C, 0x0A, 0x77, 0x50, 0x4C,
  0x09, 0x60, 0xDC, 0x01, 0x77, 0x40, 0xAC, 0x04, 0x60, 0x7C, 0x06, 0x77, 0x30, 0x1C, 0x0D, 0x70,
  0x2C, 0x0C, 0x77, 0x30, 0x6C, 0x08, 0x71, 0x0C, 0xC0, 0x27, 0x72, 0x0C, 0xC0, 0x27, 0x10, 0x6C,
  0x08, 0x77, 0x10, 0x2C, 0x0C, 0x72, 0x01, 0xC0, 0xE7, 0x71, 0x08, 0xC0, 0x67, 0x30, 0xBC, 0x05,
  0x77, 0x0E, 0xC0, 0x17, 0x30, 0x5C, 0x0A, 0x76, 0x05, 0xC0, 0xB7, 0x50, 0xEC, 0x01, 0x75, 0x0B,
  0xFF, 0xF9, 0x07, 0x74, 0x01, 0xFF, 0xFA, 0x0D, 0x74, 0x07, 0xFF, 0xFB, 0x03, 0x73, 0x0D, 0xFF,
  0xFB, 0x09, 0x72, 0x03, 0xC0, 0xB8, 0x09, 0x32, 0x04, 0xC0, 0xE7, 0x20, 0x9C, 0x05, 0x77, 0x20,
  0xCC, 0x05, 0x71, 0x0E, 0xB0, 0xE7, 0x73, 0x06, 0xC0, 0xB7, 0x05, 0xC0, 0x97, 0x73, 0x01, 0xD0,
  0x26, 0x0B, 0xC0, 0x37, 0x74, 0x0A, 0xC0, 0x75, 0x02, 0xC0, 0xD7, 0x75, 0x04, 0xC0, 0xD5, 0x08,
  0xC0, 0x77, 0x76, 0x0E, 0xC0, 0x44, 0x0D, 0xC0, 0x27, 0x76, 0x08, 0xC0, 0x93, 0x04, 0xC0, 0xB7,
  0x77, 0x02, 0xC0, 0xE3, 0x0A, 0xC0, 0x67, 0x77, 0x10, 0xCC, 0x81, 0x60, 0x1C, 0x0E, 0x77, 0x72,
  0x06, 0xC8, 0x1C, 0x06, 0xC0, 0xA7, 0x77, 0x20, 0x1D, 0x02, 0x0C, 0xC0, 0x47, 0x77, 0x30, 0xAC,
  0x08,
  // "B" (U+0042), RLE, 316 bytes saved (53.1%)
  0x08, 0xFD, 0x85, 0xED, 0xCA, 0x86, 0x17, 0x20, 0x8F, 0xFD, 0x81, 0xD7, 0x16, 0x08, 0xFF, 0xF0,
  0xE0, 0x65, 0x08, 0xFF, 0xFA, 0x09, 0x40, 0x8C, 0x08, 0x80, 0x32, 0x83, 0x33, 0x68, 0xCF, 0x06,
  0x30, 0x8C, 0x07, 0x75, 0x02, 0x0B, 0xD0, 0xE0, 0x12, 0x08, 0xC0, 0x77, 0x70, 0x9D, 0x06, 0x20,
  0x8C, 0x07, 0x77, 0x10, 0xDC, 0x0B, 0x20, 0x8C, 0x07, 0x77, 0x10, 0x8C, 0x0D, 0x20, 0x8C, 0x07,
  0x77, 0x10, 0x4C, 0x0E, 0x20, 0x8C, 0x07, 0x77, 0x10, 0x3D, 0x20, 0x8C, 0x07, 0x77, 0x10, 0x3C,
  0x0E, 0x20, 0x8C, 0x07, 0x77, 0x10, 0x5C, 0x0C, 0x20, 0x8C, 0x07, 0x77, 0x10, 0x8C, 0x09, 0x20,
  0x8C, 0x07, 0x77, 0x10, 0xEC, 0x03, 0x20, 0x8C, 0x07, 0x77, 0x09, 0xC0, 0xA3, 0x08, 0xC0, 0x77,
  0x50, 0x10, 0x9C, 0x0D, 0x01, 0x30, 0x8C, 0x08, 0x80, 0x42, 0x82, 0x34, 0x7A, 0xD0, 0xD0, 0x24,
  0x08, 0xFF, 0xE0, 0xE0, 0x86, 0x08, 0xFF, 0xC0, 0xB0, 0x47, 0x10, 0x8F, 0xFD, 0x81, 0xD9, 0x46,
  0x08, 0xFF, 0xF9, 0x0D, 0x04, 0x40, 0x8C, 0x07, 0x71, 0x83, 0x11, 0x46, 0xBE, 0x08, 0x30, 0x8C,
  0x07, 0x76, 0x02, 0x0B, 0xD0, 0x72, 0x08, 0xC0, 0x77, 0x71, 0x0A, 0xD8, 0x13, 0x08, 0xC0, 0x77,
  0x72, 0x0E, 0xC8, 0x1A, 0x08, 0xC0, 0x77, 0x72, 0x07, 0xD1, 0x08, 0xC0, 0x77, 0x72, 0x02, 0xD0,
  0x30, 0x8C, 0x07, 0x77, 0x3D, 0x05, 0x08, 0xC0, 0x77, 0x73, 0xD0, 0x50, 0x8C, 0x07, 0x77, 0x20,
  0x1D, 0x04, 0x08, 0xC0, 0x77, 0x72, 0x04, 0xD0, 0x30, 0x8C, 0x07, 0x77, 0x20, 0x9D, 0x10, 0x8C,
  0x07, 0x77, 0x10, 0x2D, 0x81, 0xB0, 0x8C, 0x07, 0x77, 0x01, 0x0D, 0xD8, 0x15, 0x08, 0xC0, 0x77,
  0x60, 0x40, 0xDD, 0x0C, 0x20, 0x8C, 0x08, 0x80, 0x42, 0x83, 0x33, 0x58, 0xDE, 0x0E, 0x02, 0x20,
  0x8F, 0xFF, 0xA0, 0xE0, 0x33, 0x08, 0xFF, 0xF9, 0x0B, 0x02, 0x40, 0x8F, 0xFE, 0x0B, 0x05, 0x60,
  0x8F, 0xF8, 0x4E, 0xDC, 0x96, 0x27, 0x10,
  // "C" (U+0043), RLE, 429 bytes saved (64.3%)
  0x77, 0x18, 0x90, 0x14, 0x56, 0x77, 0x65, 0x31, 0x77, 0x48, 0x15, 0xAE, 0xFB, 0x82, 0xEA, 0x62,
  0x74, 0x81, 0x18, 0xEF, 0xFB, 0x0B, 0x04, 0x71, 0x05, 0x0E, 0xFF, 0xE0, 0x47, 0x09, 0xF9, 0x85,
  0xEC, 0xAA, 0xBC, 0xEE, 0x0D, 0x70, 0xBE, 0x81, 0xD7, 0x27, 0x81, 0x37, 0xDB, 0x07, 0x60, 0xBE,
  0x07, 0x76, 0x82, 0x5C, 0xE1, 0x50, 0x8D, 0x0D, 0x02, 0x77, 0x20, 0x25, 0x03, 0xD0, 0xD0, 0x17,
  0x77, 0x20, 0xCD, 0x03, 0x77, 0x72, 0x05, 0xD0, 0x87, 0x77, 0x30, 0xBC, 0x0D, 0x77, 0x73, 0x02,
  0xD0, 0x77, 0x77, 0x30, 0x7D, 0x01, 0x77, 0x73, 0x0B, 0xC0, 0xA7, 0x77, 0x40, 0xEC, 0x06, 0x77,
  0x73, 0x02, 0xD0, 0x37, 0x77, 0x30, 0x4D, 0x77, 0x74, 0x06, 0xC0, 0xE7, 0x77, 0x40, 0x7C, 0x0D,
  0x77, 0x74, 0x08, 0xC0, 0xC7, 0x77, 0x40, 0x8C, 0x0B, 0x77, 0x74, 0x08, 0xC0, 0xC7, 0x77, 0x40,
  0x7C, 0x0D, 0x77, 0x74, 0x06, 0xC0, 0xE7, 0x77, 0x40, 0x5D, 0x77, 0x74, 0x03, 0xD0, 0x37, 0x77,
  0x4D, 0x06, 0x77, 0x74, 0x0C, 0xC0, 0x97, 0x77, 0x40, 0x9C, 0x0E, 0x77, 0x74, 0x04, 0xD0, 0x57,
  0x77, 0x40, 0xEC, 0x0B, 0x77, 0x74, 0x08, 0xD0, 0x57, 0x77, 0x30, 0x1D, 0x0E, 0x01, 0x77, 0x73,
  0x08, 0xD0, 0xB7, 0x77, 0x40, 0xDD, 0x0B, 0x77, 0x73, 0x03, 0xE0, 0xD0, 0x47, 0x71, 0x01, 0x70,
  0x5F, 0x81, 0xC6, 0x17, 0x18, 0x41, 0x59, 0xDF, 0x17, 0x05, 0x0E, 0xF9, 0x86, 0xDB, 0xAA, 0xAB,
  0xCE, 0xD0, 0x17, 0x10, 0x20, 0xCF, 0xFE, 0x01, 0x73, 0x06, 0x0D, 0xFF, 0xC0, 0x17, 0x58, 0x14,
  0x9E, 0xFC, 0x82, 0xEB, 0x72, 0x77, 0x28, 0x91, 0x14, 0x56, 0x77, 0x76, 0x53, 0x16,
  // "D" (U+0044), RLE, 392 bytes saved (57.9%)
  0x08, 0xFD, 0x85, 0xEE, 0xDB, 0x85, 0x17, 0x60, 0x8F, 0xFD, 0x0C, 0x06, 0x74, 0x08, 0xFF, 0xF0,
  0xE0, 0x87, 0x20, 0x8F, 0xFF, 0xA0, 0xD0, 0x37, 0x08, 0xC0, 0x88, 0x03, 0x28, 0x33, 0x56, 0xAD,
  0xF9, 0x06, 0x60, 0x8C, 0x07, 0x75, 0x02, 0x09, 0xF0, 0x75, 0x08, 0xC0, 0x77, 0x70, 0x10, 0xBE,
  0x05, 0x40, 0x8C, 0x07, 0x77, 0x20, 0x7D, 0x0E, 0x01, 0x30, 0x8C, 0x07, 0x77, 0x30, 0x6D, 0x0A,
  0x30, 0x8C, 0x07, 0x77, 0x40, 0x9D, 0x03, 0x20, 0x8C, 0x07, 0x77, 0x50, 0xEC, 0x0A, 0x20, 0x8C,
  0x07, 0x77, 0x50, 0x7D, 0x81, 0x10, 0x8C, 0x07, 0x77, 0x50, 0x1D, 0x81, 0x60, 0x8C, 0x07, 0x77,
  0x60, 0xBC, 0x81, 0xB0, 0x8C, 0x07, 0x77, 0x60, 0x7C, 0x81, 0xE0, 0x8C, 0x07, 0x77, 0x60, 0x4D,
  0x01, 0x08, 0xC0, 0x77, 0x76, 0x01, 0xD0, 0x30, 0x8C, 0x07, 0x77, 0x7D, 0x05, 0x08, 0xC0, 0x77,
  0x77, 0x0E, 0xC0, 0x60, 0x8C, 0x07, 0x77, 0x70, 0xDC, 0x06, 0x08, 0xC0, 0x77, 0x77, 0x0D, 0xC0,
  0x70, 0x8C, 0x07, 0x77, 0x70, 0xEC, 0x06, 0x08, 0xC0, 0x77, 0x77, 0x0E, 0xC0, 0x50, 0x8C, 0x07,
  0x77, 0x7D, 0x04, 0x08, 0xC0, 0x77, 0x76, 0x02, 0xD0, 0x20, 0x8C, 0x07, 0x77, 0x60, 0x5D, 0x10,
  0x8C, 0x07, 0x77, 0x60, 0x9C, 0x81, 0xC0, 0x8C, 0x07, 0x77, 0x60, 0xDC, 0x81, 0x90, 0x8C, 0x07,
  0x77, 0x50, 0x3D, 0x81, 0x40, 0x8C, 0x07, 0x77, 0x50, 0xAC, 0x0E, 0x20, 0x8C, 0x07, 0x77, 0x40,
  0x3D, 0x08, 0x20, 0x8C, 0x07, 0x77, 0x40, 0xDD, 0x01, 0x20, 0x8C, 0x07, 0x77, 0x30, 0xBD, 0x08,
  0x30, 0x8C, 0x07, 0x77, 0x10, 0x10, 0xBD, 0x0C, 0x40, 0x8C, 0x07, 0x77, 0x04, 0x0D, 0xD0, 0xE0,
  0x24, 0x08, 0xC0, 0x77, 0x50, 0x50, 0xCE, 0x0E, 0x03, 0x50, 0x8C, 0x08, 0x80, 0x32, 0x82, 0x45,
  0x8B, 0xF9, 0x0D, 0x02, 0x60, 0x8F, 0xFF, 0xA0, 0xA0, 0x17, 0x08, 0xFF, 0xF0, 0xC0, 0x47, 0x20,
  0x8F, 0xFC, 0x81, 0xE9, 0x37, 0x40, 0x8F, 0xD8, 0x4E, 0xDB, 0x96, 0x37, 0x70,
  // "E" (U+0045), RLE, 305 bytes saved (64.6%)
  0x08, 0xFF, 0xF0, 0xC0, 0x8F, 0xFF, 0x0C, 0x08, 0xFF, 0xF0, 0xC0, 0x8F, 0xFF, 0x0C, 0x08, 0xC0,
  0x88, 0x09, 0x42, 0x01, 0x08, 0xC0, 0x77, 0x73, 0x08, 0xC0, 0x77, 0x73, 0x08, 0xC0, 0x77, 0x73,
  0x08, 0xC0, 0x77, 0x73, 0x08, 0xC0, 0x77, 0x73, 0x08, 0xC0, 0x77, 0x73, 0x08, 0xC0, 0x77, 0x73,
  0x08, 0xC0, 0x77, 0x73, 0x08, 0xC0, 0x77, 0x73, 0x08, 0xC0, 0x77, 0x73, 0x08, 0xC0, 0x77, 0x73,
  0x08, 0xC0, 0x77, 0x73, 0x08, 0xC0, 0x88, 0x09, 0x32, 0x81, 0x10, 0x8F, 0xFE, 0x81, 0xB0, 0x8F,
  0xFE, 0x81, 0xB0, 0x8F, 0xFE, 0x81, 0xB0, 0x8F, 0xFE, 0x81, 0xB0, 0x8C, 0x07, 0x77, 0x30, 0x8C,
  0x07, 0x77, 0x30, 0x8C, 0x07, 0x77, 0x30, 0x8C, 0x07, 0x77, 0x30, 0x8C, 0x07, 0x77, 0x30, 0x8C,
  0x07, 0x77, 0x30, 0x8C, 0x07, 0x77, 0x30, 0x8C, 0x07, 0x77, 0x30, 0x8C, 0x07, 0x77, 0x30, 0x8C,
  0x07, 0x77, 0x30, 0x8C, 0x07, 0x77, 0x30, 0x8C, 0x07, 0x77, 0x30, 0x8C, 0x07, 0x77, 0x30, 0x8C,
  0x07, 0x77, 0x30, 0x8C, 0x08, 0x80, 0x94, 0x20, 0x10, 0x8F, 0xFF, 0x0C, 0x08, 0xFF, 0xF0, 0xC0,
  0x8F, 0xFF, 0x0C, 0x08, 0xFF, 0xF0, 0xC0,
  // "F" (U+0046), RLE, 305 bytes saved (64.6%)
  0x08, 0xFF, 0xF0, 0xC0, 0x8F, 0xFF, 0x0C, 0x08, 0xFF, 0xF0, 0xC0, 0x8F, 0xFF, 0x0C, 0x08, 0xC0,
  0x88, 0x09, 0x42, 0x01, 0x08, 0xC0, 0x77, 0x73, 0x08, 0xC0, 0x77, 0x73, 0x08, 0xC0, 0x77, 0x73,
  0x08, 0xC0, 0x77, 0x73, 0x08, 0xC0, 0x77, 0x73, 0x08, 0xC0, 0x77, 0x73, 0x08, 0xC0, 0x77, 0x73,
  0x08, 0xC0, 0x77, 0x73, 0x08, 0xC0, 0x77, 0x73, 0x08, 0xC0, 0x77, 0x73, 0x08, 0xC0, 0x77, 0x73,
  0x08, 0xC0, 0x77, 0x73, 0x08, 0xC0, 0x77, 0x73, 0x08, 0xC0, 0x77, 0x73, 0x08, 0xC0, 0x88, 0x09,
  0x32, 0x81, 0x10, 0x8F, 0xFE, 0x81, 0xB0, 0x8F, 0xFE, 0x81, 0xB0, 0x8F, 0xFE, 0x81, 0xB0, 0x8F,
  0xFE, 0x81, 0xB0, 0x8C, 0x07, 0x77, 0x30, 0x8C, 0x07, 0x77, 0x30, 0x8C, 0x07, 0x77, 0x30, 0x8C,
  0x07, 0x77, 0x30, 0x8C, 0x07, 0x77, 0x30, 0x8C, 0x07, 0x77, 0x30, 0x8C, 0x07, 0x77, 0x30, 0x8C,
  0x07, 0x77, 0x30, 0x8C, 0x07, 0x77, 0x30, 0x8C, 0x07, 0x77, 0x30, 0x8C, 0x07, 0x77, 0x30, 0x8C,
  0x07, 0x77, 0x30, 0x8C, 0x07, 0x77, 0x30, 0x8C, 0x07, 0x77, 0x30, 0x8C, 0x07, 0x77, 0x30, 0x8C,
  0x07, 0x77, 0x30, 0x8C, 0x07, 0x77, 0x30,
  // "G" (U+0047), RLE, 445 bytes saved (60.9%)
  0x77, 0x28, 0x90, 0x13, 0x56, 0x77, 0x66, 0x53, 0x77, 0x68, 0x21, 0x5A, 0xEF, 0xC8, 0x2E, 0xA6,
  0x27, 0x60, 0x20, 0x9F, 0xFD, 0x0D, 0x07, 0x73, 0x09, 0xFF, 0xF9, 0x0B, 0x71, 0x03, 0x0D, 0xF9,
  0x85, 0xEC, 0xAA, 0xAB, 0xCF, 0x90, 0x47, 0x05, 0xF8, 0x1C, 0x62, 0x71, 0x81, 0x36, 0xBB, 0x0D,
  0x70, 0x5E, 0x0C, 0x03, 0x77, 0x82, 0x16, 0xD6, 0x60, 0x3E, 0x07, 0x77, 0x75, 0x0D, 0xD0, 0x57,
  0x77, 0x50, 0x8D, 0x06, 0x77, 0x75, 0x02, 0xD0, 0xB7, 0x77, 0x60, 0x9C, 0x0E, 0x01, 0x77, 0x75,
  0x01, 0x0E, 0xC0, 0x87, 0x77, 0x60, 0x5D, 0x01, 0x77, 0x76, 0x0A, 0xC0, 0xA7, 0x77, 0x70, 0xEC,
  0x07, 0x77, 0x76, 0x01, 0xD0, 0x37, 0x77, 0x60, 0x4D, 0x77, 0x77, 0x06, 0xC0, 0xD7, 0x77, 0x70,
  0x7C, 0x0C, 0x77, 0x77, 0x08, 0xC0, 0xB7, 0x78, 0x09, 0x12, 0x01, 0x08, 0xC0, 0xA7, 0x60, 0x3F,
  0xE0, 0x90, 0x8C, 0x0B, 0x76, 0x03, 0xFE, 0x09, 0x07, 0xC0, 0xB7, 0x60, 0x3F, 0xE0, 0x90, 0x6C,
  0x0D, 0x76, 0x03, 0xFE, 0x09, 0x04, 0xD7, 0x77, 0x10, 0x6C, 0x09, 0x02, 0xD0, 0x27, 0x77, 0x06,
  0xC0, 0x91, 0xD0, 0x57, 0x77, 0x06, 0xC8, 0x19, 0x0C, 0xC0, 0x97, 0x77, 0x06, 0xC8, 0x19, 0x08,
  0xC0, 0xE7, 0x77, 0x06, 0xC8, 0x19, 0x03, 0xD0, 0x57, 0x76, 0x06, 0xC0, 0x92, 0x0D, 0xC0, 0xC7,
  0x76, 0x06, 0xC0, 0x92, 0x06, 0xD0, 0x67, 0x75, 0x06, 0xC0, 0x93, 0x0D, 0xC0, 0xE0, 0x27, 0x74,
  0x06, 0xC0, 0x93, 0x05, 0xD0, 0xD0, 0x17, 0x73, 0x06, 0xC0, 0x94, 0x0A, 0xD0, 0xD0, 0x37, 0x72,
  0x06, 0xC0, 0x94, 0x01, 0x0D, 0xE0, 0x80, 0x17, 0x70, 0x6C, 0x09, 0x50, 0x10, 0xDE, 0x82, 0xE9,
  0x41, 0x72, 0x81, 0x25, 0xBC, 0x09, 0x60, 0x10, 0xCF, 0xA8, 0x7D, 0xBA, 0xAA, 0xAB, 0xDE, 0xF0,
  0x97, 0x10, 0x8F, 0xFF, 0xB0, 0x97, 0x20, 0x20, 0xAF, 0xFF, 0x0D, 0x06, 0x74, 0x81, 0x16, 0xBF,
  0xE8, 0x3E, 0xB9, 0x51, 0x77, 0x38, 0x92, 0x24, 0x66, 0x77, 0x66, 0x54, 0x21, 0x70,
  // "H" (U+0048), RLE, 454 bytes saved (71.4%)
  0x08, 0xC0, 0x77, 0x76, 0xD0, 0x8C, 0x07, 0x77, 0x6D, 0x08, 0xC0, 0x77, 0x76, 0xD0, 0x8C, 0x07,
  0x77, 0x6D, 0x08, 0xC0, 0x77, 0x76, 0xD0, 0x8C, 0x07, 0x77, 0x6D, 0x08, 0xC0, 0x77, 0x76, 0xD0,
  0x8C, 0x07, 0x77, 0x6D, 0x08, 0xC0, 0x77, 0x76, 0xD0, 0x8C, 0x07, 0x77, 0x6D, 0x08, 0xC0, 0x77,
  0x76, 0xD0, 0x8C, 0x07, 0x77, 0x6D, 0x08, 0xC0, 0x77, 0x76, 0xD0, 0x8C, 0x07, 0x77, 0x6D, 0x08,
  0xC0, 0x77, 0x76, 0xD0, 0x8C, 0x07, 0x77, 0x6D, 0x08, 0xC0, 0x77, 0x76, 0xD0, 0x8C, 0x08, 0x80,
  0xA0, 0x2D, 0x08, 0xFF, 0xFF, 0xA0, 0x8F, 0xFF, 0xFA, 0x08, 0xFF, 0xFF, 0xA0, 0x8F, 0xFF, 0xFA,
  0x08, 0xC0, 0x77, 0x76, 0xD0, 0x8C, 0x07, 0x77, 0x6D, 0x08, 0xC0, 0x77, 0x76, 0xD0, 0x8C, 0x07,
  0x77, 0x6D, 0x08, 0xC0, 0x77, 0x76, 0xD0, 0x8C, 0x07, 0x77, 0x6D, 0x08, 0xC0, 0x77, 0x76, 0xD0,
  0x8C, 0x07, 0x77, 0x6D, 0x08, 0xC0, 0x77, 0x76, 0xD0, 0x8C, 0x07, 0x77, 0x6D, 0x08, 0xC0, 0x77,
  0x76, 0xD0, 0x8C, 0x07, 0x77, 0x6D, 0x08, 0xC0, 0x77, 0x76, 0xD0, 0x8C, 0x07, 0x77, 0x6D, 0x08,
  0xC0, 0x77, 0x76, 0xD0, 0x8C, 0x07, 0x77, 0x6D, 0x08, 0xC0, 0x77, 0x76, 0xD0, 0x8C, 0x07, 0x77,
  0x6D, 0x08, 0xC0, 0x77, 0x76, 0xD0,
  // "I" (U+0049), RLE, 193 bytes saved (62.7%)
  0x0B, 0xFE, 0x0A, 0x0B, 0xFE, 0x0A, 0x0B, 0xFE, 0x82, 0xA6, 0xBE, 0xFA, 0x81, 0xEB, 0x53, 0x03,
  0x07, 0xD0, 0x60, 0x37, 0x01, 0xD7, 0x20, 0x1D, 0x72, 0x01, 0xD7, 0x20, 0x1D, 0x72, 0x01, 0xD7,
  0x20, 0x1D, 0x72, 0x01, 0xD7, 0x20, 0x1D, 0x72, 0x01, 0xD7, 0x20, 0x1D, 0x72, 0x01, 0xD7, 0x20,
  0x1D, 0x72, 0x01, 0xD7, 0x20, 0x1D, 0x72, 0x01, 0xD7, 0x20, 0x1D, 0x72, 0x01, 0xD7, 0x20, 0x1D,
  0x72, 0x01, 0xD7, 0x20, 0x1D, 0x72, 0x01, 0xD7, 0x20, 0x1D, 0x72, 0x01, 0xD7, 0x20, 0x1D, 0x72,
  0x01, 0xD7, 0x20, 0x1D, 0x72, 0x01, 0xD7, 0x20, 0x1D, 0x72, 0x01, 0xD7, 0x20, 0x1D, 0x72, 0x01,
  0xD7, 0x20, 0x1D, 0x68, 0x23, 0x7A, 0xED, 0x84, 0xDA, 0x63, 0x0B, 0xFE, 0x0A, 0x0B, 0xFE, 0x0A,
  0x0B, 0xFE, 0x0A,
  // "J" (U+004A), RLE, 226 bytes saved (54.3%)
  0x73, 0x0D, 0xC0, 0x27, 0x30, 0xDC, 0x02, 0x73, 0x0D, 0xC0, 0x27, 0x30, 0xDC, 0x02, 0x73, 0x0D,
  0xC0, 0x27, 0x30, 0xDC, 0x02, 0x73, 0x0D, 0xC0, 0x27, 0x30, 0xDC, 0x02, 0x73, 0x0D, 0xC0, 0x27,
  0x30, 0xDC, 0x02, 0x73, 0x0D, 0xC0, 0x27, 0x30, 0xDC, 0x02, 0x73, 0x0D, 0xC0, 0x27, 0x30, 0xDC,
  0x02, 0x73, 0x0D, 0xC0, 0x27, 0x30, 0xDC, 0x02, 0x73, 0x0D, 0xC0, 0x27, 0x30, 0xDC, 0x02, 0x73,
  0x0D, 0xC0, 0x27, 0x30, 0xDC, 0x02, 0x73, 0x0D, 0xC0, 0x27, 0x30, 0xDC, 0x02, 0x73, 0x0D, 0xC0,
  0x27, 0x30, 0xDC, 0x02, 0x73, 0x0D, 0xC0, 0x27, 0x30, 0xDC, 0x02, 0x73, 0x0D, 0xC0, 0x27, 0x30,
  0xDC, 0x02, 0x73, 0x0D, 0xC0, 0x27, 0x30, 0xDC, 0x02, 0x73, 0x0D, 0xC0, 0x27, 0x30, 0xDC, 0x02,
  0x73, 0x0D, 0xC0, 0x27, 0x30, 0xDC, 0x02, 0x73, 0x0D, 0xC0, 0x27, 0x30, 0xDC, 0x02, 0x73, 0x0D,
  0xC0, 0x27, 0x30, 0xDC, 0x02, 0x73, 0x0D, 0xC0, 0x27, 0x30, 0xDC, 0x02, 0x73, 0x0D, 0xC0, 0x27,
  0x30, 0xDC, 0x01, 0x73, 0xD7, 0x30, 0x4C, 0x0C, 0x73, 0x0B, 0xC0, 0x87, 0x20, 0x7D, 0x89, 0x02,
  0x03, 0x52, 0x10, 0x14, 0xBD, 0x0A, 0x20, 0x5F, 0xC0, 0xE0, 0x12, 0x05, 0xFB, 0x0E, 0x03, 0x30,
  0x5F, 0xA0, 0xB0, 0x14, 0x81, 0x3B, 0xEC, 0x81, 0xD9, 0x37, 0x28, 0x11, 0x21, 0x73,
  // "K" (U+004B), RLE, 326 bytes saved (53.0%)
  0x08, 0xC0, 0x77, 0x72, 0x04, 0xD8, 0x19, 0x08, 0xC0, 0x77, 0x71, 0x02, 0x0E, 0xC0, 0xB2, 0x08,
  0xC0, 0x77, 0x70, 0x10, 0xDC, 0x0C, 0x30, 0x8C, 0x07, 0x77, 0x0C, 0xC0, 0xD0, 0x13, 0x08, 0xC0,
  0x77, 0x60, 0xAC, 0x0E, 0x02, 0x40, 0x8C, 0x07, 0x75, 0x08, 0xD0, 0x45, 0x08, 0xC0, 0x77, 0x40,
  0x6D, 0x05, 0x60, 0x8C, 0x07, 0x73, 0x04, 0xD0, 0x77, 0x08, 0xC0, 0x77, 0x20, 0x30, 0xEC, 0x09,
  0x71, 0x08, 0xC0, 0x77, 0x10, 0x10, 0xDC, 0x0B, 0x72, 0x08, 0xC0, 0x77, 0x10, 0xCC, 0x0C, 0x73,
  0x08, 0xC0, 0x77, 0x0B, 0xC0, 0xD0, 0x17, 0x30, 0x8C, 0x07, 0x60, 0x9C, 0x0E, 0x02, 0x74, 0x08,
  0xC0, 0x75, 0x07, 0xD0, 0x47, 0x50, 0x8C, 0x07, 0x40, 0x5D, 0x05, 0x76, 0x08, 0xC0, 0x73, 0x03,
  0xD0, 0x77, 0x70, 0x8C, 0x07, 0x20, 0x20, 0xEC, 0x09, 0x77, 0x10, 0x8C, 0x82, 0x70, 0x1D, 0xC0,
  0xB7, 0x72, 0x08, 0xC8, 0x17, 0x0C, 0xD0, 0x77, 0x72, 0x08, 0xC0, 0x70, 0xAF, 0x03, 0x77, 0x10,
  0x8C, 0x0E, 0xF9, 0x0D, 0x77, 0x10, 0x8F, 0x90, 0xDD, 0x09, 0x77, 0x08, 0xF8, 0x19, 0x0C, 0xD0,
  0x57, 0x60, 0x8E, 0x07, 0x20, 0x20, 0xEC, 0x0E, 0x01, 0x75, 0x08, 0xD0, 0x54, 0x05, 0xD0, 0xB7,
  0x50, 0x8C, 0x07, 0x60, 0x9D, 0x07, 0x74, 0x08, 0xC0, 0x77, 0x0D, 0xD0, 0x37, 0x30, 0x8C, 0x07,
  0x70, 0x2D, 0x0D, 0x73, 0x08, 0xC0, 0x77, 0x10, 0x6D, 0x0A, 0x72, 0x08, 0xC0, 0x77, 0x20, 0xAD,
  0x05, 0x71, 0x08, 0xC0, 0x77, 0x20, 0x10, 0xDC, 0x0E, 0x02, 0x70, 0x8C, 0x07, 0x73, 0x03, 0xD0,
  0xC7, 0x08, 0xC0, 0x77, 0x40, 0x7D, 0x08, 0x60, 0x8C, 0x07, 0x75, 0x0B, 0xD0, 0x45, 0x08, 0xC0,
  0x77, 0x50, 0x10, 0xEC, 0x0D, 0x01, 0x40, 0x8C, 0x07, 0x76, 0x04, 0xD0, 0xA4, 0x08, 0xC0, 0x77,
  0x70, 0x8D, 0x06, 0x30, 0x8C, 0x07, 0x77, 0x10, 0xCC, 0x0E, 0x02, 0x20, 0x8C, 0x07, 0x77, 0x10,
  0x20, 0xEC, 0x0C, 0x20, 0x8C, 0x07, 0x77, 0x20, 0x5D, 0x81, 0x80, 0x8C, 0x07, 0x77, 0x30, 0x9D,
  0x04,
  // "L" (U+004C), RLE, 309 bytes saved (65.5%)
  0x08, 0xC0, 0x77, 0x73, 0x08, 0xC0, 0x77, 0x73, 0x08, 0xC0, 0x77, 0x73, 0x08, 0xC0, 0x77, 0x73,
  0x08, 0xC0, 0x77, 0x73, 0x08, 0xC0, 0x77, 0x73, 0x08, 0xC0, 0x77, 0x73, 0x08, 0xC0, 0x77, 0x73,
  0x08, 0xC0, 0x77, 0x73, 0x08, 0xC0, 0x77, 0x73, 0x08, 0xC0, 0x77, 0x73, 0x08, 0xC0, 0x77, 0x73,
  0x08, 0xC0, 0x77, 0x73, 0x08, 0xC0, 0x77, 0x73, 0x08, 0xC0, 0x77, 0x73, 0x08, 0xC0, 0x77, 0x73,
  0x08, 0xC0, 0x77, 0x73, 0x08, 0xC0, 0x77, 0x73, 0x08, 0xC0, 0x77, 0x73, 0x08, 0xC0, 0x77, 0x73,
  0x08, 0xC0, 0x77, 0x73, 0x08, 0xC0, 0x77, 0x73, 0x08, 0xC0, 0x77, 0x73, 0x08, 0xC0, 0x77, 0x73,
  0x08, 0xC0, 0x77, 0x73, 0x08, 0xC0, 0x77, 0x73, 0x08, 0xC0, 0x77, 0x73, 0x08, 0xC0, 0x77, 0x73,
  0x08, 0xC0, 0x77, 0x73, 0x08, 0xC0, 0x77, 0x73, 0x08, 0xC0, 0x77, 0x73, 0x08, 0xC0, 0x77, 0x73,
  0x08, 0xC0, 0x77, 0x73, 0x08, 0xC0, 0x77, 0x73, 0x08, 0xC0, 0x77, 0x73, 0x08, 0xC0, 0x77, 0x73,
  0x08, 0xC0, 0x88, 0x09, 0x52, 0x08, 0xFF, 0xF0, 0xE0, 0x8F, 0xFF, 0x0E, 0x08, 0xFF, 0xF0, 0xE0,
  0x8F, 0xFF, 0x0E,
  // "M" (U+004D), RLE, 402 bytes saved (47.8%)
  0x08, 0xF0, 0x17, 0x77, 0x20, 0x3F, 0x05, 0x08, 0xF0, 0x67, 0x77, 0x20, 0x9F, 0x05, 0x08, 0xF0,
  0xC7, 0x77, 0x20, 0xEF, 0x05, 0x08, 0xF9, 0x02, 0x77, 0x70, 0x5F, 0x90, 0x50, 0x8F, 0x90, 0x87,
  0x77, 0x0B, 0xF9, 0x05, 0x08, 0xB0, 0xDC, 0x0D, 0x77, 0x60, 0x1C, 0x0D, 0xC0, 0x50, 0x8B, 0x00,
  0xBC, 0x03, 0x77, 0x50, 0x7C, 0x07, 0xC0, 0x50, 0x8B, 0x0D, 0x05, 0xC0, 0x97, 0x75, 0x0C, 0xB0,
  0xC0, 0x5C, 0x05, 0x08, 0xB8, 0x1D, 0x0E, 0xB0, 0xE7, 0x74, 0x03, 0xC0, 0x06, 0xC0, 0x50, 0x8B,
  0x81, 0xE0, 0x9C, 0x05, 0x77, 0x30, 0x8C, 0x01, 0x07, 0xC0, 0x50, 0x8C, 0x10, 0x3C, 0x0B, 0x77,
  0x30, 0xEB, 0x81, 0xA0, 0x7C, 0x05, 0x08, 0xC2, 0x0D, 0xC0, 0x17, 0x71, 0x04, 0xC8, 0x14, 0x08,
  0xC0, 0x50, 0x8C, 0x20, 0x7C, 0x06, 0x77, 0x10, 0xAB, 0x0E, 0x20, 0x8C, 0x05, 0x08, 0xC2, 0x01,
  0xC0, 0xC7, 0x70, 0x1C, 0x08, 0x20, 0x8C, 0x05, 0x08, 0xC3, 0x0B, 0xC0, 0x27, 0x60, 0x6C, 0x02,
  0x20, 0x9C, 0x05, 0x08, 0xC0, 0x12, 0x05, 0xC0, 0x87, 0x60, 0xCB, 0x0C, 0x30, 0x9C, 0x05, 0x08,
  0xC0, 0x13, 0x0E, 0xB0, 0xD7, 0x50, 0x2C, 0x06, 0x30, 0x9C, 0x05, 0x08, 0xC0, 0x13, 0x09, 0xC0,
  0x47, 0x40, 0x8C, 0x01, 0x30, 0x9C, 0x05, 0x08, 0xC0, 0x13, 0x04, 0xC0, 0xA7, 0x40, 0xEB, 0x0A,
  0x40, 0x9C, 0x05, 0x08, 0xC0, 0x14, 0x0D, 0xB0, 0xE7, 0x30, 0x4C, 0x04, 0x40, 0x9C, 0x05, 0x08,
  0xC0, 0x14, 0x08, 0xC0, 0x57, 0x20, 0xAB, 0x0E, 0x50, 0x9C, 0x05, 0x08, 0xC0, 0x14, 0x02, 0xC0,
  0xB7, 0x10, 0x1C, 0x08, 0x50, 0x9C, 0x05, 0x08, 0xC0, 0x15, 0x0C, 0xC0, 0x17, 0x06, 0xC0, 0x25,
  0x09, 0xC0, 0x50, 0x8C, 0x01, 0x50, 0x6C, 0x07, 0x70, 0xCB, 0x0C, 0x60, 0x9C, 0x05, 0x08, 0xC0,
  0x15, 0x01, 0xC0, 0xD6, 0x02, 0xC0, 0x66, 0x09, 0xC0, 0x50, 0x8C, 0x01, 0x60, 0xAC, 0x03, 0x50,
  0x8C, 0x01, 0x60, 0x9C, 0x05, 0x08, 0xC0, 0x16, 0x04, 0xC0, 0x85, 0x0D, 0xB0, 0xA7, 0x09, 0xC0,
  0x50, 0x8C, 0x01, 0x70, 0xEB, 0x0E, 0x40, 0x4C, 0x04, 0x70, 0x9C, 0x05, 0x08, 0xC0, 0x17, 0x08,
  0xC0, 0x43, 0x0A, 0xB0, 0xD7, 0x10, 0x9C, 0x05, 0x08, 0xC0, 0x17, 0x02, 0xC0, 0xA3, 0x0E, 0xB0,
  0x87, 0x10, 0x9C, 0x05, 0x08, 0xC0, 0x17, 0x10, 0xCC, 0x81, 0x10, 0x6C, 0x02, 0x71, 0x09, 0xC0,
  0x50, 0x8C, 0x01, 0x71, 0x06, 0xC8, 0x16, 0x0B, 0xB0, 0xC7, 0x20, 0x9C, 0x05, 0x08, 0xC0, 0x17,
  0x10, 0x1C, 0x0B, 0x02, 0xC0, 0x67, 0x20, 0x9C, 0x05, 0x08, 0xC0, 0x17, 0x20, 0xAC, 0x0A, 0xC0,
  0x17, 0x20, 0x9C, 0x05, 0x08, 0xC0, 0x17, 0x20, 0x5F, 0x90, 0xA7, 0x30, 0x9C, 0x05, 0x08, 0xC0,
  0x17, 0x30, 0xEF, 0x04, 0x73, 0x09, 0xC0, 0x50, 0x8C, 0x01, 0x73, 0x09, 0xE0, 0xD7, 0x40, 0x9C,
  0x05, 0x08, 0xC0, 0x17, 0x30, 0x3E, 0x08, 0x74, 0x09, 0xC0, 0x50, 0x8C, 0x01, 0x74, 0x0D, 0xD0,
  0x27, 0x40, 0x9C, 0x05, 0x08, 0xC0, 0x17, 0x40, 0x7C, 0x0C, 0x75, 0x09, 0xC0, 0x50, 0x8C, 0x01,
  0x74, 0x01, 0xC0, 0x67, 0x50, 0x9C, 0x05,
  // "N" (U+004E), RLE, 340 bytes saved (50.2%)
  0x08, 0xD0, 0x87, 0x76, 0x09, 0xC0, 0x10, 0x8E, 0x03, 0x77, 0x50, 0x9C, 0x01, 0x08, 0xE0, 0xC7,
  0x75, 0x09, 0xC0, 0x10, 0x8F, 0x07, 0x77, 0x40, 0x9C, 0x01, 0x08, 0xF9, 0x02, 0x77, 0x30, 0x9C,
  0x01, 0x08, 0xF9, 0x0C, 0x77, 0x30, 0x9C, 0x01, 0x08, 0xFA, 0x06, 0x77, 0x20, 0x9C, 0x01, 0x08,
  0xB0, 0xC0, 0xEC, 0x0E, 0x01, 0x77, 0x10, 0x9C, 0x01, 0x08, 0xB0, 0xA0, 0x6D, 0x0B, 0x77, 0x10,
  0x9C, 0x01, 0x08, 0xB8, 0x1B, 0x0B, 0xD0, 0x57, 0x70, 0x9C, 0x01, 0x08, 0xB8, 0x1C, 0x02, 0xD0,
  0xE0, 0x17, 0x60, 0x9C, 0x01, 0x08, 0xB0, 0xD2, 0x07, 0xD0, 0xA7, 0x60, 0x9C, 0x01, 0x08, 0xB0,
  0xE3, 0x0D, 0xD0, 0x47, 0x50, 0x9C, 0x01, 0x08, 0xB0, 0xE3, 0x03, 0xD0, 0xD7, 0x50, 0x9C, 0x01,
  0x08, 0xC4, 0x09, 0xD0, 0x97, 0x40, 0x9C, 0x01, 0x08, 0xC5, 0x0D, 0xD0, 0x37, 0x30, 0x9C, 0x01,
  0x08, 0xC5, 0x05, 0xD0, 0xD7, 0x30, 0x9C, 0x01, 0x08, 0xC6, 0x0A, 0xD0, 0x87, 0x20, 0x9C, 0x01,
  0x08, 0xC0, 0x15, 0x01, 0x0E, 0xD0, 0x37, 0x10, 0x9C, 0x01, 0x08, 0xC0, 0x16, 0x06, 0xD0, 0xC7,
  0x10, 0x9C, 0x01, 0x08, 0xC0, 0x17, 0x0B, 0xD0, 0x77, 0x09, 0xC0, 0x10, 0x8C, 0x01, 0x70, 0x2E,
  0x02, 0x60, 0x9C, 0x01, 0x08, 0xC0, 0x17, 0x10, 0x7D, 0x0B, 0x60, 0x8C, 0x01, 0x08, 0xC0, 0x17,
  0x20, 0xDD, 0x06, 0x50, 0x8C, 0x01, 0x08, 0xC0, 0x17, 0x20, 0x3D, 0x0E, 0x01, 0x40, 0x8C, 0x01,
  0x08, 0xC0, 0x17, 0x30, 0x9D, 0x0A, 0x40, 0x8C, 0x01, 0x08, 0xC0, 0x17, 0x30, 0x10, 0xED, 0x05,
  0x30, 0x7C, 0x01, 0x08, 0xC0, 0x17, 0x40, 0x5D, 0x0E, 0x01, 0x20, 0x7C, 0x01, 0x08, 0xC0, 0x17,
  0x50, 0xAD, 0x09, 0x20, 0x6C, 0x01, 0x08, 0xC0, 0x17, 0x50, 0x10, 0xED, 0x81, 0x40, 0x5C, 0x01,
  0x08, 0xC0, 0x17, 0x60, 0x6D, 0x81, 0xD0, 0x5C, 0x01, 0x08, 0xC0, 0x17, 0x70, 0xCD, 0x08, 0x04,
  0xC0, 0x10, 0x8C, 0x01, 0x77, 0x02, 0xE0, 0x6C, 0x01, 0x08, 0xC0, 0x17, 0x71, 0x08, 0xFB, 0x01,
  0x08, 0xC0, 0x17, 0x72, 0x0D, 0xFA, 0x01, 0x08, 0xC0, 0x17, 0x72, 0x03, 0xFA, 0x01, 0x08, 0xC0,
  0x17, 0x73, 0x09, 0xF9, 0x01, 0x08, 0xC0, 0x17, 0x73, 0x01, 0x0E, 0xF0, 0x10, 0x8C, 0x01, 0x77,
  0x40, 0x5F, 0x01, 0x08, 0xC0, 0x17, 0x75, 0x0A, 0xE0, 0x10, 0x8C, 0x01, 0x77, 0x50, 0x10, 0xED,
  0x01,
  // "O" (U+004F), RLE, 497 bytes saved (60.8%)
  0x77, 0x87, 0x13, 0x56, 0x77, 0x65, 0x37, 0x77, 0x58, 0x14, 0x9D, 0xFB, 0x81, 0xC7, 0x27, 0x76,
  0x05, 0x0D, 0xFF, 0xA0, 0xA0, 0x27, 0x72, 0x02, 0x0C, 0xFF, 0xE0, 0x87, 0x70, 0x40, 0xEF, 0x98,
  0x4C, 0xBA, 0xAB, 0xDF, 0x90, 0xC0, 0x17, 0x40, 0x4E, 0x81, 0xE9, 0x37, 0x10, 0x40, 0x9E, 0x0C,
  0x01, 0x72, 0x03, 0xE0, 0xA0, 0x17, 0x50, 0x20, 0xBD, 0x0C, 0x72, 0x0D, 0xD0, 0x67, 0x72, 0x08,
  0xD0, 0x87, 0x08, 0xD0, 0x77, 0x74, 0x09, 0xD0, 0x35, 0x01, 0xD0, 0xB7, 0x76, 0x0D, 0xC0, 0xB5,
  0x08, 0xD0, 0x27, 0x76, 0x05, 0xD0, 0x34, 0x0E, 0xC0, 0x97, 0x77, 0x10, 0xCC, 0x09, 0x30, 0x4D,
  0x03, 0x77, 0x71, 0x06, 0xC0, 0xE3, 0x09, 0xC0, 0xD7, 0x77, 0x20, 0x1D, 0x04, 0x20, 0xCC, 0x08,
  0x77, 0x73, 0x0C, 0xC0, 0x82, 0xD0, 0x57, 0x77, 0x30, 0x9C, 0x81, 0xB0, 0x3D, 0x02, 0x77, 0x73,
  0x06, 0xC8, 0x1E, 0x05, 0xD7, 0x77, 0x40, 0x3D, 0x10, 0x7C, 0x0D, 0x77, 0x74, 0x02, 0xD0, 0x20,
  0x7C, 0x0D, 0x77, 0x74, 0x01, 0xD0, 0x30, 0x8C, 0x0C, 0x77, 0x75, 0xD0, 0x40, 0x8C, 0x0B, 0x77,
  0x75, 0xD0, 0x40, 0x8C, 0x0C, 0x77, 0x75, 0xD0, 0x40, 0x7C, 0x0D, 0x77, 0x74, 0x01, 0xD0, 0x30,
  0x6C, 0x0D, 0x77, 0x74, 0x02, 0xD0, 0x20, 0x5D, 0x77, 0x74, 0x04, 0xD1, 0x02, 0xD0, 0x27, 0x77,
  0x30, 0x6C, 0x0E, 0x2D, 0x05, 0x77, 0x73, 0x09, 0xC0, 0xB2, 0x0C, 0xC0, 0x87, 0x77, 0x30, 0xCC,
  0x08, 0x20, 0x8C, 0x0D, 0x77, 0x72, 0x02, 0xD0, 0x42, 0x04, 0xD0, 0x37, 0x77, 0x10, 0x7C, 0x0E,
  0x40, 0xEC, 0x09, 0x77, 0x71, 0x0D, 0xC0, 0x94, 0x08, 0xD0, 0x27, 0x76, 0x06, 0xD0, 0x34, 0x01,
  0x0E, 0xC0, 0xB7, 0x76, 0x0E, 0xC0, 0xB6, 0x08, 0xD0, 0x77, 0x74, 0x0A, 0xD0, 0x27, 0x0D, 0xD0,
  0x67, 0x72, 0x09, 0xD0, 0x77, 0x10, 0x3E, 0x09, 0x01, 0x75, 0x02, 0x0B, 0xD0, 0xB7, 0x30, 0x4E,
  0x81, 0xE9, 0x37, 0x10, 0x40, 0xAE, 0x0C, 0x01, 0x74, 0x04, 0x0E, 0xF8, 0x5E, 0xCA, 0xAA, 0xBD,
  0xF9, 0x0B, 0x01, 0x76, 0x02, 0x0C, 0xFF, 0xE0, 0x87, 0x73, 0x05, 0x0D, 0xFF, 0xA0, 0xA0, 0x27,
  0x76, 0x81, 0x49, 0xDF, 0xB8, 0x1C, 0x72, 0x77, 0x74, 0x87, 0x14, 0x56, 0x77, 0x65, 0x37, 0x71,
  // "P" (U+0050), RLE, 312 bytes saved (58.5%)
  0x08, 0xFC, 0x84, 0xED, 0xCA, 0x74, 0x71, 0x08, 0xFF, 0xB8, 0x1E, 0x92, 0x50, 0x8F, 0xFE, 0x08,
  0x40, 0x8F, 0xFF, 0x0A, 0x30, 0x8C, 0x08, 0x80, 0x12, 0x83, 0x33, 0x58, 0xBF, 0x09, 0x20, 0x8C,
  0x07, 0x73, 0x02, 0x09, 0xE8, 0x14, 0x08, 0xC0, 0x77, 0x50, 0x5D, 0x81, 0xD0, 0x8C, 0x07, 0x76,
  0x07, 0xD0, 0x40, 0x8C, 0x07, 0x77, 0x0D, 0xC0, 0x08, 0xC0, 0x77, 0x70, 0x9C, 0x0C, 0x08, 0xC0,
  0x77, 0x70, 0x5C, 0x0D, 0x08, 0xC0, 0x77, 0x70, 0x3D, 0x08, 0xC0, 0x77, 0x70, 0x3D, 0x08, 0xC0,
  0x77, 0x70, 0x4C, 0x0E, 0x08, 0xC0, 0x77, 0x70, 0x5C, 0x0C, 0x08, 0xC0, 0x77, 0x70, 0x9C, 0x09,
  0x08, 0xC0, 0x77, 0x70, 0xEC, 0x05, 0x08, 0xC0, 0x77, 0x60, 0x8C, 0x81, 0xE0, 0x8C, 0x07, 0x75,
  0x06, 0xD8, 0x17, 0x08, 0xC0, 0x77, 0x30, 0x20, 0xAD, 0x0D, 0x20, 0x8C, 0x07, 0x58, 0x31, 0x25,
  0x7C, 0xE0, 0xE0, 0x32, 0x08, 0xFF, 0xE0, 0xE0, 0x33, 0x08, 0xFF, 0xD0, 0xB0, 0x14, 0x08, 0xFF,
  0xB0, 0xB0, 0x46, 0x08, 0xFD, 0x83, 0xEC, 0xA6, 0x27, 0x10, 0x8C, 0x85, 0x82, 0x22, 0x21, 0x17,
  0x70, 0x8C, 0x07, 0x77, 0x60, 0x8C, 0x07, 0x77, 0x60, 0x8C, 0x07, 0x77, 0x60, 0x8C, 0x07, 0x77,
  0x60, 0x8C, 0x07, 0x77, 0x60, 0x8C, 0x07, 0x77, 0x60, 0x8C, 0x07, 0x77, 0x60, 0x8C, 0x07, 0x77,
  0x60, 0x8C, 0x07, 0x77, 0x60, 0x8C, 0x07, 0x77, 0x60, 0x8C, 0x07, 0x77, 0x60, 0x8C, 0x07, 0x77,
  0x60, 0x8C, 0x07, 0x77, 0x60, 0x8C, 0x07, 0x77, 0x60, 0x8C, 0x07, 0x77, 0x60,
  // "Q" (U+0051), RLE, 621 bytes saved (62.9%)
  0x77, 0x87, 0x13, 0x56, 0x77, 0x65, 0x37, 0x77, 0x58, 0x14, 0x9D, 0xFB, 0x81, 0xC7, 0x27, 0x76,
  0x05, 0x0D, 0xFF, 0xA0, 0xA0, 0x27, 0x72, 0x02, 0x0C, 0xFF, 0xE0, 0x87, 0x70, 0x40, 0xEF, 0x98,
  0x4C, 0xBA, 0xAB, 0xDF, 0x90, 0xB0, 0x17, 0x40, 0x4E, 0x81, 0xE9, 0x37, 0x10, 0x40, 0x9E, 0x0C,
  0x01, 0x72, 0x03, 0xE0, 0xA0, 0x17, 0x50, 0x20, 0xBD, 0x0C, 0x72, 0x0D, 0xD0, 0x67, 0x72, 0x08,
  0xD0, 0x87, 0x08, 0xD0, 0x77, 0x74, 0x09, 0xD0, 0x35, 0x01, 0xD0, 0xB7, 0x76, 0x0D, 0xC0, 0xB5,
  0x08, 0xD0, 0x27, 0x76, 0x05, 0xD0, 0x34, 0x0E, 0xC0, 0x97, 0x77, 0x10, 0xCC, 0x09, 0x30, 0x4D,
  0x03, 0x77, 0x71, 0x06, 0xC0, 0xE3, 0x09, 0xC0, 0xD7, 0x77, 0x20, 0x1D, 0x04, 0x20, 0xCC, 0x08,
  0x77, 0x73, 0x0C, 0xC0, 0x82, 0xD0, 0x57, 0x77, 0x30, 0x9C, 0x81, 0xB0, 0x3D, 0x02, 0x77, 0x73,
  0x06, 0xC8, 0x1E, 0x05, 0xD7, 0x77, 0x40, 0x3D, 0x10, 0x7C, 0x0D, 0x77, 0x74, 0x02, 0xD0, 0x20,
  0x7C, 0x0D, 0x77, 0x74, 0x01, 0xD0, 0x30, 0x8C, 0x0C, 0x77, 0x75, 0xD0, 0x40, 0x8C, 0x0B, 0x77,
  0x75, 0xD0, 0x40, 0x8C, 0x0C, 0x77, 0x75, 0xD0, 0x40, 0x7C, 0x0D, 0x77, 0x74, 0x01, 0xD0, 0x30,
  0x6C, 0x0D, 0x77, 0x74, 0x02, 0xD0, 0x20, 0x5D, 0x77, 0x74, 0x04, 0xD0, 0x10, 0x2D, 0x02, 0x77,
  0x73, 0x06, 0xC0, 0xE2, 0xD0, 0x57, 0x77, 0x30, 0x9C, 0x0B, 0x20, 0xCC, 0x08, 0x77, 0x73, 0x0C,
  0xC0, 0x82, 0x08, 0xC0, 0xD7, 0x77, 0x20, 0x2D, 0x04, 0x20, 0x4D, 0x03, 0x77, 0x71, 0x07, 0xC0,
  0xE4, 0x0E, 0xC0, 0x97, 0x77, 0x10, 0xDC, 0x0A, 0x40, 0x8D, 0x02, 0x77, 0x60, 0x6D, 0x03, 0x40,
  0x10, 0xEC, 0x0B, 0x77, 0x60, 0xEC, 0x0B, 0x60, 0x8D, 0x07, 0x77, 0x40, 0xAD, 0x03, 0x70, 0xDD,
  0x06, 0x77, 0x20, 0x9D, 0x09, 0x71, 0x03, 0xE0, 0x90, 0x17, 0x50, 0x20, 0xBD, 0x0D, 0x73, 0x04,
  0xE8, 0x1E, 0x93, 0x71, 0x04, 0x0A, 0xE0, 0xD0, 0x17, 0x40, 0x40, 0xEF, 0x85, 0xEC, 0xAA, 0xAB,
  0xDF, 0x90, 0xD0, 0x17, 0x60, 0x20, 0xCF, 0xFE, 0x09, 0x77, 0x30, 0x50, 0xDF, 0xFA, 0x0C, 0x04,
  0x77, 0x68, 0x14, 0x9D, 0xFC, 0x0E, 0x03, 0x77, 0x74, 0x85, 0x14, 0x56, 0x77, 0xBD, 0x08, 0x77,
  0x77, 0x40, 0xCD, 0x08, 0x77, 0x77, 0x30, 0x10, 0xDD, 0x07, 0x77, 0x77, 0x30, 0x20, 0xED, 0x07,
  0x77, 0x77, 0x30, 0x4E, 0x06, 0x77, 0x77, 0x30, 0x6E, 0x06, 0x77, 0x77, 0x30, 0x8E, 0x05, 0x77,
  0x77, 0x30, 0xAE, 0x05, 0x77, 0x77, 0x30, 0xCE, 0x04, 0x77, 0x77, 0x20, 0x18, 0x03, 0x73,
  // "R" (U+0052), RLE, 319 bytes saved (53.6%)
  0x08, 0xFC, 0x85, 0xED, 0xDB, 0x85, 0x17, 0x30, 0x8F, 0xFC, 0x0A, 0x04, 0x71, 0x08, 0xFF, 0xE0,
  0xA0, 0x16, 0x08, 0xFF, 0xF0, 0xD0, 0x15, 0x08, 0xC0, 0x88, 0x02, 0x28, 0x33, 0x46, 0x9E, 0xE0,
  0xD5, 0x08, 0xC0, 0x77, 0x40, 0x50, 0xDD, 0x08, 0x40, 0x8C, 0x07, 0x75, 0x01, 0x0D, 0xD0, 0x13,
  0x08, 0xC0, 0x77, 0x60, 0x3D, 0x06, 0x30, 0x8C, 0x07, 0x77, 0x0B, 0xC0, 0xA3, 0x08, 0xC0, 0x77,
  0x70, 0x7C, 0x0D, 0x30, 0x8C, 0x07, 0x77, 0x04, 0xC0, 0xE3, 0x08, 0xC0, 0x77, 0x70, 0x3D, 0x30,
  0x8C, 0x07, 0x77, 0x03, 0xD3, 0x08, 0xC0, 0x77, 0x70, 0x4C, 0x0E, 0x30, 0x8C, 0x07, 0x77, 0x08,
  0xC0, 0xB3, 0x08, 0xC0, 0x77, 0x70, 0xCC, 0x08, 0x30, 0x8C, 0x07, 0x76, 0x04, 0xD0, 0x23, 0x08,
  0xC0, 0x77, 0x50, 0x20, 0xEC, 0x0A, 0x40, 0x8C, 0x07, 0x74, 0x04, 0x0E, 0xC0, 0xE0, 0x14, 0x08,
  0xC0, 0x77, 0x82, 0x14, 0x7D, 0xD0, 0xE0, 0x35, 0x08, 0xFF, 0xE0, 0xD0, 0x26, 0x08, 0xFF, 0xD0,
  0x87, 0x10, 0x8F, 0xFB, 0x09, 0x01, 0x72, 0x08, 0xFF, 0xB0, 0x67, 0x30, 0x8C, 0x08, 0x80, 0x32,
  0x06, 0xC0, 0xE0, 0x17, 0x20, 0x8C, 0x07, 0x71, 0x0C, 0xC0, 0xA7, 0x20, 0x8C, 0x07, 0x71, 0x03,
  0xD0, 0x37, 0x10, 0x8C, 0x07, 0x72, 0x0A, 0xC0, 0xC7, 0x10, 0x8C, 0x07, 0x72, 0x01, 0x0E, 0xC0,
  0x77, 0x08, 0xC0, 0x77, 0x30, 0x7C, 0x0E, 0x01, 0x60, 0x8C, 0x07, 0x74, 0x0D, 0xC0, 0xA6, 0x08,
  0xC0, 0x77, 0x40, 0x5D, 0x04, 0x50, 0x8C, 0x07, 0x75, 0x0B, 0xC0, 0xD5, 0x08, 0xC0, 0x77, 0x50,
  0x3D, 0x07, 0x40, 0x8C, 0x07, 0x76, 0x09, 0xC0, 0xE0, 0x13, 0x08, 0xC0, 0x77, 0x60, 0x10, 0xEC,
  0x0A, 0x30, 0x8C, 0x07, 0x77, 0x07, 0xD0, 0x42, 0x08, 0xC0, 0x77, 0x71, 0x0D, 0xC0, 0xD2, 0x08,
  0xC0, 0x77, 0x71, 0x05, 0xD8, 0x17, 0x08, 0xC0, 0x77, 0x72, 0x0B, 0xC8, 0x1E, 0x18, 0xC0, 0x77,
  0x72, 0x02, 0xD0, 0xA0,
  // "S" (U+0053), RLE, 345 bytes saved (59.4%)
  0x73, 0x87, 0x24, 0x67, 0x76, 0x64, 0x27, 0x71, 0x81, 0x39, 0xEF, 0xB8, 0x1C, 0x95, 0x72, 0x02,
  0x0A, 0xFF, 0xA0, 0xE0, 0x96, 0x04, 0x0E, 0xFF, 0xC0, 0xD5, 0x04, 0xF8, 0x4D, 0xBA, 0xAB, 0xDF,
  0x08, 0x40, 0x10, 0xED, 0x08, 0x02, 0x78, 0x14, 0x8E, 0xB0, 0x24, 0x0A, 0xC0, 0xE0, 0x37, 0x58,
  0x14, 0xBD, 0x40, 0x1D, 0x05, 0x77, 0x10, 0x14, 0x05, 0xC0, 0xD7, 0x77, 0x08, 0xC0, 0x87, 0x77,
  0x09, 0xC0, 0x77, 0x77, 0x09, 0xC0, 0x87, 0x77, 0x08, 0xC0, 0xA7, 0x77, 0x06, 0xD0, 0x17, 0x76,
  0x02, 0xD0, 0x87, 0x77, 0x0D, 0xD0, 0x77, 0x76, 0x06, 0xE0, 0xB0, 0x27, 0x75, 0x0C, 0xF0, 0x90,
  0x27, 0x73, 0x02, 0x0E, 0xF9, 0x0B, 0x04, 0x77, 0x20, 0x20, 0xDF, 0xA8, 0x1D, 0x71, 0x77, 0x01,
  0x0A, 0xFC, 0x09, 0x01, 0x77, 0x04, 0x0C, 0xFC, 0x08, 0x77, 0x10, 0x50, 0xBF, 0xB0, 0xD0, 0x37,
  0x71, 0x81, 0x28, 0xEF, 0x90, 0xE0, 0x47, 0x73, 0x05, 0x0C, 0xF0, 0xE0, 0x27, 0x74, 0x04, 0x0C,
  0xE0, 0xC7, 0x76, 0x08, 0xE0, 0x47, 0x76, 0x06, 0xD0, 0xA7, 0x77, 0x0B, 0xC0, 0xD7, 0x77, 0x04,
  0xD7, 0x77, 0x01, 0xD0, 0x17, 0x77, 0x0E, 0xC7, 0x77, 0x1C, 0x0E, 0x77, 0x70, 0x2C, 0x0C, 0x77,
  0x70, 0x8C, 0x08, 0x77, 0x60, 0x3D, 0x84, 0x30, 0x2C, 0x61, 0x77, 0x03, 0x0E, 0xC0, 0xA2, 0x02,
  0xB8, 0x2B, 0x74, 0x17, 0x10, 0x40, 0xAD, 0x0E, 0x01, 0x20, 0x2F, 0x85, 0xDC, 0xBA, 0xAB, 0xCF,
  0x0E, 0x03, 0x30, 0x2F, 0xFE, 0x0D, 0x03, 0x40, 0x10, 0xEF, 0xFC, 0x08, 0x71, 0x81, 0x49, 0xCF,
  0xD8, 0x1B, 0x61, 0x76, 0x89, 0x02, 0x35, 0x67, 0x77, 0x65, 0x37, 0x40,
  // "T" (U+0054), RLE, 447 bytes saved (70.3%)
  0x06, 0xFF, 0xFF, 0x90, 0x80, 0x6F, 0xFF, 0xF9, 0x08, 0x06, 0xFF, 0xFF, 0x90, 0x80, 0x6F, 0xFF,
  0xF9, 0x08, 0x18, 0x09, 0x02, 0x0E, 0xC0, 0x38, 0x07, 0x20, 0x17, 0x60, 0xEC, 0x01, 0x77, 0x74,
  0x0E, 0xC0, 0x17, 0x77, 0x40, 0xEC, 0x01, 0x77, 0x74, 0x0E, 0xC0, 0x17, 0x77, 0x40, 0xEC, 0x01,
  0x77, 0x74, 0x0E, 0xC0, 0x17, 0x77, 0x40, 0xEC, 0x01, 0x77, 0x74, 0x0E, 0xC0, 0x17, 0x77, 0x40,
  0xEC, 0x01, 0x77, 0x74, 0x0E, 0xC0, 0x17, 0x77, 0x40, 0xEC, 0x01, 0x77, 0x74, 0x0E, 0xC0, 0x17,
  0x77, 0x40, 0xEC, 0x01, 0x77, 0x74, 0x0E, 0xC0, 0x17, 0x77, 0x40, 0xEC, 0x01, 0x77, 0x74, 0x0E,
  0xC0, 0x17, 0x77, 0x40, 0xEC, 0x01, 0x77, 0x74, 0x0E, 0xC0, 0x17, 0x77, 0x40, 0xEC, 0x01, 0x77,
  0x74, 0x0E, 0xC0, 0x17, 0x77, 0x40, 0xEC, 0x01, 0x77, 0x74, 0x0E, 0xC0, 0x17, 0x77, 0x40, 0xEC,
  0x01, 0x77, 0x74, 0x0E, 0xC0, 0x17, 0x77, 0x40, 0xEC, 0x01, 0x77, 0x74, 0x0E, 0xC0, 0x17, 0x77,
  0x40, 0xEC, 0x01, 0x77, 0x74, 0x0E, 0xC0, 0x17, 0x77, 0x40, 0xEC, 0x01, 0x77, 0x74, 0x0E, 0xC0,
  0x17, 0x77, 0x40, 0xEC, 0x01, 0x77, 0x74, 0x0E, 0xC0, 0x17, 0x77, 0x40, 0xEC, 0x01, 0x77, 0x74,
  0x0E, 0xC0, 0x17, 0x77, 0x40, 0xEC, 0x01, 0x77, 0x74, 0x0E, 0xC0, 0x17, 0x50,
  // "U" (U+0055), RLE, 368 bytes saved (56.5%)
  0x0E, 0xC0, 0x17, 0x75, 0x02, 0xC0, 0xD0, 0xEC, 0x01, 0x77, 0x50, 0x2C, 0x0D, 0x0E, 0xC0, 0x17,
  0x75, 0x02, 0xC0, 0xD0, 0xEC, 0x01, 0x77, 0x50, 0x2C, 0x0D, 0x0E, 0xC0, 0x17, 0x75, 0x02, 0xC0,
  0xD0, 0xEC, 0x01, 0x77, 0x50, 0x2C, 0x0D, 0x0E, 0xC0, 0x17, 0x75, 0x02, 0xC0, 0xD0, 0xEC, 0x01,
  0x77, 0x50, 0x2C, 0x0D, 0x0E, 0xC0, 0x17, 0x75, 0x02, 0xC0, 0xD0, 0xEC, 0x01, 0x77, 0x50, 0x2C,
  0x0D, 0x0E, 0xC0, 0x17, 0x75, 0x02, 0xC0, 0xD0, 0xEC, 0x01, 0x77, 0x50, 0x2C, 0x0D, 0x0E, 0xC0,
  0x17, 0x75, 0x02, 0xC0, 0xD0, 0xEC, 0x01, 0x77, 0x50, 0x2C, 0x0D, 0x0E, 0xC0, 0x17, 0x75, 0x02,
  0xC0, 0xD0, 0xEC, 0x01, 0x77, 0x50, 0x2C, 0x0D, 0x0E, 0xC0, 0x17, 0x75, 0x02, 0xC0, 0xD0, 0xEC,
  0x01, 0x77, 0x50, 0x2C, 0x0D, 0x0E, 0xC0, 0x17, 0x75, 0x02, 0xC0, 0xD0, 0xEC, 0x01, 0x77, 0x50,
  0x2C, 0x0D, 0x0E, 0xC0, 0x17, 0x75, 0x02, 0xC0, 0xD0, 0xEC, 0x01, 0x77, 0x50, 0x2C, 0x0D, 0x0E,
  0xC0, 0x17, 0x75, 0x02, 0xC0, 0xD0, 0xEC, 0x01, 0x77, 0x50, 0x2C, 0x0D, 0x0E, 0xC0, 0x17, 0x75,
  0x02, 0xC0, 0xD0, 0xEC, 0x01, 0x77, 0x50, 0x2C, 0x0D, 0x0E, 0xC0, 0x17, 0x75, 0x02, 0xC0, 0x0D,
  0xC0, 0x17, 0x75, 0x03, 0xC0, 0x0C, 0xC0, 0x37, 0x75, 0x04, 0xC0, 0x0B, 0xC0, 0x47, 0x75, 0x06,
  0xC0, 0x90, 0x7C, 0x08, 0x77, 0x50, 0x9C, 0x06, 0x03, 0xC0, 0xD7, 0x75, 0x0E, 0xC8, 0x12, 0x0E,
  0xC0, 0x47, 0x73, 0x06, 0xC0, 0xC2, 0x08, 0xC0, 0xC7, 0x72, 0x01, 0x0E, 0xC0, 0x62, 0x01, 0x0E,
  0xC0, 0x97, 0x71, 0x0A, 0xC0, 0xD4, 0x07, 0xD0, 0xB0, 0x17, 0x40, 0x10, 0xBD, 0x05, 0x50, 0xAD,
  0x81, 0xE8, 0x37, 0x81, 0x38, 0xED, 0x09, 0x60, 0x10, 0xCF, 0x85, 0xEC, 0xBA, 0xBC, 0xEF, 0x0A,
  0x71, 0x01, 0x0B, 0xFF, 0xD0, 0x87, 0x40, 0x60, 0xEF, 0xF9, 0x0C, 0x03, 0x77, 0x81, 0x5B, 0xEF,
  0xA8, 0x1D, 0x93, 0x77, 0x58, 0x72, 0x56, 0x77, 0x66, 0x41, 0x74,
  // "V" (U+0056), RLE, 430 bytes saved (61.7%)
  0x0C, 0xC0, 0x67, 0x77, 0x10, 0xDC, 0x06, 0x07, 0xC0, 0xC7, 0x77, 0x03, 0xD0, 0x10, 0x2D, 0x01,
  0x77, 0x60, 0x8C, 0x0B, 0x20, 0xCC, 0x07, 0x77, 0x60, 0xEC, 0x05, 0x20, 0x6C, 0x0C, 0x77, 0x50,
  0x4D, 0x30, 0x1D, 0x02, 0x77, 0x40, 0x9C, 0x0A, 0x40, 0xBC, 0x07, 0x77, 0x40, 0xEC, 0x05, 0x40,
  0x6C, 0x0C, 0x77, 0x30, 0x4C, 0x0E, 0x50, 0x1D, 0x02, 0x77, 0x20, 0x9C, 0x09, 0x60, 0xAC, 0x07,
  0x77, 0x20, 0xEC, 0x04, 0x60, 0x5C, 0x0D, 0x77, 0x10, 0x4C, 0x0E, 0x71, 0x0E, 0xC0, 0x37, 0x70,
  0xAC, 0x09, 0x71, 0x0A, 0xC0, 0x87, 0x70, 0xEC, 0x03, 0x71, 0x04, 0xC0, 0xD7, 0x60, 0x5C, 0x0D,
  0x73, 0x0E, 0xC0, 0x37, 0x50, 0xAC, 0x08, 0x73, 0x09, 0xC0, 0x87, 0x5D, 0x03, 0x73, 0x03, 0xC0,
  0xD7, 0x40, 0x5C, 0x0D, 0x75, 0x0D, 0xC0, 0x37, 0x30, 0xAC, 0x07, 0x75, 0x08, 0xC0, 0x97, 0x20,
  0x1D, 0x02, 0x75, 0x03, 0xC0, 0xE7, 0x20, 0x5C, 0x0C, 0x77, 0x0D, 0xC0, 0x47, 0x10, 0xBC, 0x07,
  0x77, 0x07, 0xC0, 0x97, 0x01, 0xD0, 0x17, 0x70, 0x2C, 0x0E, 0x70, 0x6C, 0x0B, 0x77, 0x20, 0xCC,
  0x04, 0x60, 0xBC, 0x06, 0x77, 0x20, 0x7C, 0x09, 0x50, 0x1D, 0x01, 0x77, 0x20, 0x1C, 0x0E, 0x50,
  0x6C, 0x0B, 0x77, 0x40, 0xBC, 0x05, 0x40, 0xBC, 0x05, 0x77, 0x40, 0x6C, 0x0A, 0x30, 0x1C, 0x0E,
  0x77, 0x50, 0x1C, 0x0E, 0x30, 0x6C, 0x0A, 0x77, 0x60, 0xBC, 0x04, 0x20, 0xBC, 0x04, 0x77, 0x60,
  0x5C, 0x09, 0x2C, 0x0E, 0x77, 0x71, 0xC8, 0x1D, 0x04, 0xC0, 0x97, 0x77, 0x10, 0xAC, 0x01, 0x08,
  0xC0, 0x47, 0x77, 0x10, 0x5C, 0x05, 0x0B, 0xB0, 0xE7, 0x77, 0x30, 0xEB, 0x09, 0xC0, 0x87, 0x77,
  0x30, 0x9F, 0x90, 0x37, 0x77, 0x30, 0x4F, 0x0D, 0x77, 0x75, 0x0E, 0xE0, 0x87, 0x77, 0x50, 0x9E,
  0x02, 0x77, 0x75, 0x03, 0xD0, 0xC7, 0x77, 0x70, 0xDC, 0x07, 0x77,
  // "W" (U+0057), RLE, 599 bytes saved (56.2%)
  0x03, 0xD0, 0x17, 0x72, 0x0E, 0xC0, 0x97, 0x73, 0xD8, 0x13, 0x0E, 0xC0, 0x47, 0x71, 0x03, 0xD0,
  0xD7, 0x72, 0x04, 0xC0, 0xE2, 0x0A, 0xC0, 0x87, 0x71, 0x07, 0xE0, 0x27, 0x71, 0x08, 0xC0, 0xB2,
  0x06, 0xC0, 0xC7, 0x71, 0x0B, 0xE0, 0x77, 0x71, 0x0B, 0xC0, 0x72, 0x02, 0xD7, 0x71, 0xF0, 0xB7,
  0x71, 0xD0, 0x23, 0x0E, 0xC0, 0x47, 0x60, 0x5F, 0x90, 0x17, 0x60, 0x4C, 0x0E, 0x40, 0xAC, 0x08,
  0x76, 0x09, 0xB0, 0xEC, 0x05, 0x76, 0x07, 0xC0, 0xA4, 0x06, 0xC0, 0xC7, 0x60, 0xDB, 0x0A, 0x0E,
  0xB0, 0xA7, 0x60, 0xBC, 0x06, 0x40, 0x2D, 0x75, 0x02, 0xC0, 0x70, 0xBB, 0x0E, 0x76, 0xD0, 0x25,
  0x0D, 0xC0, 0x47, 0x40, 0x7C, 0x03, 0x07, 0xC0, 0x37, 0x40, 0x3C, 0x0D, 0x60, 0x9C, 0x08, 0x74,
  0x0B, 0xC1, 0x03, 0xC0, 0x87, 0x40, 0x7C, 0x09, 0x60, 0x5C, 0x0C, 0x74, 0xC0, 0xB2, 0x0E, 0xB0,
  0xC7, 0x40, 0xBC, 0x05, 0x60, 0x1D, 0x73, 0x05, 0xC0, 0x72, 0x0A, 0xC0, 0x17, 0x30, 0xEC, 0x01,
  0x70, 0xDC, 0x04, 0x72, 0x09, 0xC0, 0x32, 0x06, 0xC0, 0x67, 0x20, 0x3C, 0x0D, 0x71, 0x09, 0xC0,
  0x87, 0x20, 0xDB, 0x0E, 0x30, 0x2C, 0x0B, 0x72, 0x07, 0xC0, 0x97, 0x10, 0x5C, 0x0C, 0x71, 0x02,
  0xC0, 0xA4, 0x0D, 0xB0, 0xE7, 0x20, 0xBC, 0x05, 0x71, 0x01, 0xD7, 0x10, 0x7C, 0x05, 0x40, 0x8C,
  0x04, 0x71, 0x0E, 0xC0, 0x17, 0x20, 0xCC, 0x04, 0x70, 0xBC, 0x01, 0x40, 0x4C, 0x09, 0x70, 0x3C,
  0x0C, 0x73, 0x08, 0xC0, 0x87, 0xC0, 0xC6, 0x0E, 0xB0, 0xD7, 0x07, 0xC0, 0x87, 0x30, 0x4C, 0x0B,
  0x60, 0x4C, 0x07, 0x60, 0xAC, 0x02, 0x60, 0xBC, 0x04, 0x74, 0xD6, 0x09, 0xC0, 0x36, 0x06, 0xC0,
  0x76, 0x0E, 0xC7, 0x50, 0xCC, 0x04, 0x50, 0xDB, 0x0E, 0x70, 0x1C, 0x0B, 0x50, 0x3C, 0x0C, 0x75,
  0x08, 0xC0, 0x74, 0x02, 0xC0, 0xA7, 0x10, 0xCC, 0x01, 0x40, 0x7C, 0x08, 0x75, 0x04, 0xC0, 0xB4,
  0x06, 0xC0, 0x57, 0x10, 0x8C, 0x05, 0x40, 0xAC, 0x04, 0x76, 0xD4, 0x0B, 0xC0, 0x17, 0x10, 0x3C,
  0x09, 0x40, 0xEC, 0x77, 0x0B, 0xC0, 0x33, 0x0E, 0xB0, 0xC7, 0x30, 0xEB, 0x0E, 0x30, 0x2C, 0x0B,
  0x77, 0x07, 0xC0, 0x72, 0x03, 0xC0, 0x77, 0x30, 0x9C, 0x02, 0x20, 0x6C, 0x07, 0x77, 0x03, 0xC0,
  0xA2, 0x07, 0xC0, 0x37, 0x30, 0x5C, 0x06, 0x20, 0x9C, 0x03, 0x77, 0x10, 0xEB, 0x0E, 0x20, 0xBB,
  0x0E, 0x74, 0x01, 0xC0, 0xA2, 0x0D, 0xB0, 0xE7, 0x72, 0x0B, 0xC8, 0x12, 0x0E, 0xB0, 0x97, 0x50,
  0xBB, 0x81, 0xE0, 0x1C, 0x0A, 0x77, 0x20, 0x7C, 0x05, 0x03, 0xC0, 0x57, 0x50, 0x7C, 0x02, 0x04,
  0xC0, 0x67, 0x72, 0x03, 0xC0, 0x80, 0x6C, 0x01, 0x75, 0x02, 0xC0, 0x50, 0x7C, 0x02, 0x77, 0x30,
  0xEB, 0x0A, 0x09, 0xB0, 0xC7, 0x70, 0xDB, 0x08, 0x0A, 0xB0, 0xE7, 0x74, 0x0A, 0xB0, 0xD0, 0xBB,
  0x07, 0x77, 0x09, 0xB0, 0xB0, 0xCB, 0x0A, 0x77, 0x40, 0x6C, 0x0D, 0xB0, 0x37, 0x70, 0x4B, 0x0E,
  0xC0, 0x67, 0x74, 0x02, 0xF0, 0xE7, 0x72, 0x0E, 0xF0, 0x27, 0x75, 0x0E, 0xE0, 0x97, 0x72, 0x0B,
  0xE0, 0xD7, 0x76, 0x0A, 0xE0, 0x57, 0x72, 0x06, 0xE0, 0x97, 0x76, 0x06, 0xE0, 0x17, 0x72, 0x01,
  0xE0, 0x57, 0x76, 0x02, 0xD0, 0xC7, 0x74, 0x0C, 0xD0, 0x17, 0x77, 0x0D, 0xC0, 0x77, 0x74, 0x08,
  0xC0, 0xD7, 0x40,
  // "X" (U+0058), RLE, 390 bytes saved (57.6%)
  0x10, 0x9C, 0x0D, 0x77, 0x40, 0x10, 0xEC, 0x05, 0x20, 0x10, 0xEC, 0x08, 0x77, 0x30, 0x9C, 0x0A,
  0x40, 0x5D, 0x02, 0x77, 0x10, 0x3C, 0x0E, 0x01, 0x50, 0xBC, 0x0B, 0x77, 0x10, 0xCC, 0x07, 0x60,
  0x2D, 0x05, 0x76, 0x06, 0xC0, 0xC7, 0x10, 0x7C, 0x0D, 0x75, 0x01, 0x0E, 0xC0, 0x37, 0x20, 0xDC,
  0x08, 0x74, 0x09, 0xC0, 0x87, 0x30, 0x3D, 0x02, 0x72, 0x03, 0xC0, 0xD7, 0x50, 0x9C, 0x0B, 0x72,
  0x0C, 0xC0, 0x57, 0x50, 0x10, 0xEC, 0x05, 0x70, 0x6C, 0x0A, 0x77, 0x05, 0xC0, 0xD6, 0x01, 0x0E,
  0xB0, 0xE0, 0x17, 0x71, 0x0B, 0xC0, 0x85, 0x09, 0xC0, 0x67, 0x72, 0x02, 0xD0, 0x23, 0x03, 0xC0,
  0xC7, 0x74, 0x07, 0xC0, 0xB3, 0x0C, 0xC0, 0x37, 0x75, 0x0D, 0xC8, 0x15, 0x06, 0xC0, 0x87, 0x76,
  0x03, 0xC8, 0x1D, 0x1E, 0xB0, 0xD7, 0x77, 0x10, 0x9C, 0x0E, 0xC0, 0x47, 0x77, 0x10, 0x10, 0xEF,
  0x0A, 0x77, 0x73, 0x05, 0xE0, 0xE0, 0x17, 0x77, 0x40, 0xBD, 0x07, 0x77, 0x75, 0x0D, 0xD0, 0xB7,
  0x77, 0x40, 0x7F, 0x05, 0x77, 0x72, 0x02, 0xF9, 0x0E, 0x01, 0x77, 0x71, 0x0B, 0xC0, 0xCC, 0x09,
  0x77, 0x70, 0x6C, 0x81, 0x91, 0xEC, 0x03, 0x77, 0x50, 0x10, 0xEB, 0x82, 0xE1, 0x06, 0xC0, 0xC7,
  0x75, 0x0A, 0xC0, 0x63, 0x0C, 0xC0, 0x77, 0x73, 0x04, 0xC0, 0xC4, 0x03, 0xD0, 0x27, 0x72, 0x0D,
  0xC0, 0x35, 0x09, 0xC0, 0xB7, 0x71, 0x08, 0xC0, 0x86, 0x01, 0x0E, 0xC0, 0x57, 0x60, 0x2C, 0x0E,
  0x71, 0x06, 0xC0, 0xE0, 0x17, 0x50, 0xCC, 0x05, 0x72, 0x0C, 0xC0, 0x97, 0x40, 0x6C, 0x0B, 0x73,
  0x03, 0xD0, 0x37, 0x20, 0x10, 0xEC, 0x02, 0x74, 0x09, 0xC0, 0xD7, 0x20, 0xAC, 0x08, 0x75, 0x01,
  0x0E, 0xC0, 0x77, 0x05, 0xC0, 0xD7, 0x70, 0x6D, 0x02, 0x60, 0xDC, 0x04, 0x77, 0x10, 0xCC, 0x0B,
  0x50, 0x9C, 0x0A, 0x77, 0x20, 0x3D, 0x06, 0x30, 0x3C, 0x0E, 0x01, 0x77, 0x30, 0x9C, 0x0E, 0x01,
  0x20, 0xCC, 0x07, 0x77, 0x40, 0x10, 0xEC, 0x81, 0xA0, 0x7C, 0x0C, 0x77, 0x60, 0x6D, 0x04,
  // "Y" (U+0059), RLE, 418 bytes saved (63.7%)
  0x0B, 0xC0, 0xB7, 0x75, 0x01, 0x0E, 0xC0, 0x60, 0x3D, 0x04, 0x77, 0x40, 0x8C, 0x0D, 0x20, 0xAC,
  0x0C, 0x77, 0x30, 0x10, 0xEC, 0x05, 0x20, 0x2D, 0x05, 0x77, 0x20, 0x9C, 0x0D, 0x40, 0xAC, 0x0D,
  0x77, 0x10, 0x2D, 0x05, 0x40, 0x2D, 0x05, 0x77, 0x0A, 0xC0, 0xC6, 0x09, 0xC0, 0xD7, 0x60, 0x2D,
  0x04, 0x60, 0x1D, 0x06, 0x75, 0x0B, 0xC0, 0xB7, 0x10, 0x8C, 0x0E, 0x74, 0x03, 0xD0, 0x37, 0x10,
  0x10, 0xEC, 0x07, 0x73, 0x0B, 0xC0, 0xA7, 0x30, 0x8C, 0x0E, 0x01, 0x71, 0x04, 0xD0, 0x27, 0x30,
  0x10, 0xEC, 0x08, 0x71, 0x0C, 0xC0, 0x97, 0x50, 0x7D, 0x01, 0x60, 0x5D, 0x02, 0x76, 0x0E, 0xC0,
  0x96, 0x0D, 0xC0, 0x97, 0x70, 0x6D, 0x02, 0x40, 0x6C, 0x0E, 0x01, 0x77, 0x10, 0xDC, 0x0A, 0x40,
  0xEC, 0x08, 0x77, 0x20, 0x5D, 0x02, 0x20, 0x7C, 0x0E, 0x01, 0x77, 0x30, 0xDC, 0x82, 0xA0, 0x1E,
  0xC0, 0x77, 0x74, 0x05, 0xD0, 0x30, 0x8C, 0x0E, 0x77, 0x60, 0xCC, 0x0C, 0xD0, 0x67, 0x76, 0x04,
  0xFA, 0x0D, 0x77, 0x71, 0x0B, 0xF9, 0x05, 0x77, 0x71, 0x03, 0xF0, 0xC7, 0x77, 0x30, 0xBE, 0x04,
  0x77, 0x73, 0x03, 0xD0, 0xC7, 0x77, 0x50, 0xBC, 0x06, 0x77, 0x75, 0x0A, 0xC0, 0x57, 0x77, 0x50,
  0xAC, 0x05, 0x77, 0x75, 0x0A, 0xC0, 0x57, 0x77, 0x50, 0xAC, 0x05, 0x77, 0x75, 0x0A, 0xC0, 0x57,
  0x77, 0x50, 0xAC, 0x05, 0x77, 0x75, 0x0A, 0xC0, 0x57, 0x77, 0x50, 0xAC, 0x05, 0x77, 0x75, 0x0A,
  0xC0, 0x57, 0x77, 0x50, 0xAC, 0x05, 0x77, 0x75, 0x0A, 0xC0, 0x57, 0x77, 0x50, 0xAC, 0x05, 0x77,
  0x75, 0x0A, 0xC0, 0x57, 0x77, 0x50, 0xAC, 0x05, 0x77, 0x75, 0x0A, 0xC0, 0x57, 0x60,
  // "Z" (U+005A), RLE, 395 bytes saved (68.8%)
  0x03, 0xFF, 0xFD, 0x04, 0x03, 0xFF, 0xFD, 0x04, 0x03, 0xFF, 0xFD, 0x04, 0x03, 0xFF, 0xFD, 0x03,
  0x18, 0x09, 0x72, 0x03, 0xD0, 0xA7, 0x77, 0x0A, 0xC0, 0xE0, 0x17, 0x76, 0x04, 0xD0, 0x67, 0x77,
  0x0D, 0xC0, 0xB7, 0x77, 0x08, 0xD0, 0x27, 0x76, 0x03, 0xD0, 0x77, 0x77, 0x0C, 0xC0, 0xD7, 0x77,
  0x07, 0xD0, 0x37, 0x76, 0x02, 0x0E, 0xC0, 0x97, 0x77, 0x0B, 0xC0, 0xE0, 0x17, 0x76, 0x05, 0xD0,
  0x57, 0x76, 0x01, 0x0E, 0xC0, 0xB7, 0x77, 0x09, 0xC0, 0xE0, 0x27, 0x76, 0x03, 0xD0, 0x77, 0x77,
  0x0D, 0xC0, 0xC7, 0x77, 0x07, 0xD0, 0x37, 0x76, 0x02, 0xD0, 0x87, 0x77, 0x0B, 0xC0, 0xD7, 0x77,
  0x06, 0xD0, 0x47, 0x76, 0x01, 0x0E, 0xC0, 0xA7, 0x77, 0x0A, 0xC0, 0xE0, 0x17, 0x76, 0x04, 0xD0,
  0x67, 0x77, 0x0D, 0xC0, 0xB7, 0x77, 0x08, 0xD0, 0x27, 0x76, 0x03, 0xD0, 0x77, 0x77, 0x0C, 0xC0,
  0xD7, 0x77, 0x07, 0xD0, 0x37, 0x76, 0x02, 0x0E, 0xC0, 0x97, 0x77, 0x0B, 0xC0, 0xE0, 0x17, 0x76,
  0x05, 0xD0, 0x57, 0x76, 0x01, 0x0E, 0xC0, 0xB7, 0x77, 0x09, 0xC0, 0xE0, 0x27, 0x76, 0x03, 0xD0,
  0x88, 0x0A, 0x02, 0x01, 0x0C, 0xFF, 0xFD, 0x00, 0xDF, 0xFF, 0xD0, 0x0D, 0xFF, 0xFD, 0x00, 0xDF,
  0xFF, 0xD0, 0xD0,
  // "[" (U+005B), RLE, 181 bytes saved (55.7%)
  0x08, 0xFD, 0x08, 0xFD, 0x08, 0xFD, 0x08, 0xFD, 0x08, 0xC0, 0x68, 0x03, 0x20, 0x8C, 0x04, 0x70,
  0x8C, 0x04, 0x70, 0x8C, 0x04, 0x70, 0x8C, 0x04, 0x70, 0x8C, 0x04, 0x70, 0x8C, 0x04, 0x70, 0x8C,
  0x04, 0x70, 0x8C, 0x04, 0x70, 0x8C, 0x04, 0x70, 0x8C, 0x04, 0x70, 0x8C, 0x04, 0x70, 0x8C, 0x04,
  0x70, 0x8C, 0x04, 0x70, 0x8C, 0x04, 0x70, 0x8C, 0x04, 0x70, 0x8C, 0x04, 0x70, 0x8C, 0x04, 0x70,
  0x8C, 0x04, 0x70, 0x8C, 0x04, 0x70, 0x8C, 0x04, 0x70, 0x8C, 0x04, 0x70, 0x8C, 0x04, 0x70, 0x8C,
  0x04, 0x70, 0x8C, 0x04, 0x70, 0x8C, 0x04, 0x70, 0x8C, 0x04, 0x70, 0x8C, 0x04, 0x70, 0x8C, 0x04,
  0x70, 0x8C, 0x04, 0x70, 0x8C, 0x04, 0x70, 0x8C, 0x04, 0x70, 0x8C, 0x04, 0x70, 0x8C, 0x04, 0x70,
  0x8C, 0x04, 0x70, 0x8C, 0x04, 0x70, 0x8C, 0x04, 0x70, 0x8C, 0x04, 0x70, 0x8C, 0x04, 0x70, 0x8C,
  0x04, 0x70, 0x8C, 0x04, 0x70, 0x8F, 0xD0, 0x8F, 0xD0, 0x8F, 0xD0, 0x8F, 0xD0, 0x18, 0x09, 0x02,
  // "\" (U+005C), RLE, 269 bytes saved (62.4%)
  0x04, 0xC0, 0x87, 0x72, 0x0D, 0xB0, 0xE7, 0x72, 0x08, 0xC0, 0x47, 0x71, 0x02, 0xC0, 0xA7, 0x72,
  0x0C, 0xB0, 0xE7, 0x72, 0x06, 0xC0, 0x57, 0x71, 0x01, 0xC0, 0xB7, 0x72, 0x0B, 0xC0, 0x17, 0x71,
  0x05, 0xC0, 0x77, 0x72, 0x0E, 0xB0, 0xD7, 0x72, 0x09, 0xC0, 0x37, 0x71, 0x04, 0xC0, 0x87, 0x72,
  0x0D, 0xB0, 0xE7, 0x72, 0x08, 0xC0, 0x47, 0x71, 0x02, 0xC0, 0xA7, 0x72, 0x0C, 0xC7, 0x72, 0x06,
  0xC0, 0x67, 0x71, 0x01, 0xC0, 0xB7, 0x72, 0x0B, 0xC0, 0x17, 0x71, 0x05, 0xC0, 0x77, 0x72, 0x0E,
  0xB0, 0xD7, 0x72, 0x09, 0xC0, 0x37, 0x71, 0x04, 0xC0, 0x97, 0x72, 0x0D, 0xB0, 0xE7, 0x72, 0x08,
  0xC0, 0x47, 0x71, 0x02, 0xC0, 0xA7, 0x72, 0x0C, 0xC0, 0x17, 0x71, 0x07, 0xC0, 0x67, 0x71, 0x01,
  0xC0, 0xB7, 0x72, 0x0B, 0xC0, 0x27, 0x71, 0x05, 0xC0, 0x77, 0x72, 0x0E, 0xB0, 0xD7, 0x72, 0x09,
  0xC0, 0x37, 0x71, 0x04, 0xC0, 0x97, 0x72, 0x0D, 0xB0, 0xE7, 0x72, 0x08, 0xC0, 0x57, 0x71, 0x02,
  0xC0, 0xA7, 0x72, 0x0C, 0xC0, 0x17, 0x71, 0x07, 0xC0, 0x67, 0x71, 0x01, 0xC0, 0xC7, 0x72, 0x0B,
  0xC0, 0x20,
  // "]" (U+005D), RLE, 152 bytes saved (46.8%)
  0x09, 0xFC, 0x0E, 0x09, 0xFC, 0x0E, 0x09, 0xFC, 0x0E, 0x09, 0xFC, 0x0E, 0x01, 0x80, 0x32, 0x0D,
  0xB0, 0xE7, 0x10, 0xDB, 0x0E, 0x71, 0x0D, 0xB0, 0xE7, 0x10, 0xDB, 0x0E, 0x71, 0x0D, 0xB0, 0xE7,
  0x10, 0xDB, 0x0E, 0x71, 0x0D, 0xB0, 0xE7, 0x10, 0xDB, 0x0E, 0x71, 0x0D, 0xB0, 0xE7, 0x10, 0xDB,
  0x0E, 0x71, 0x0D, 0xB0, 0xE7, 0x10, 0xDB, 0x0E, 0x71, 0x0D, 0xB0, 0xE7, 0x10, 0xDB, 0x0E, 0x71,
  0x0D, 0xB0, 0xE7, 0x10, 0xDB, 0x0E, 0x71, 0x0D, 0xB0, 0xE7, 0x10, 0xDB, 0x0E, 0x71, 0x0D, 0xB0,
  0xE7, 0x10, 0xDB, 0x0E, 0x71, 0x0D, 0xB0, 0xE7, 0x10, 0xDB, 0x0E, 0x71, 0x0D, 0xB0, 0xE7, 0x10,
  0xDB, 0x0E, 0x71, 0x0D, 0xB0, 0xE7, 0x10, 0xDB, 0x0E, 0x71, 0x0D, 0xB0, 0xE7, 0x10, 0xDB, 0x0E,
  0x71, 0x0D, 0xB0, 0xE7, 0x10, 0xDB, 0x0E, 0x71, 0x0D, 0xB0, 0xE7, 0x10, 0xDB, 0x0E, 0x71, 0x0D,
  0xB0, 0xE7, 0x10, 0xDB, 0x0E, 0x71, 0x0D, 0xB0, 0xE7, 0x10, 0xDB, 0x0E, 0x71, 0x0D, 0xB0, 0xE7,
  0x10, 0xDB, 0x0E, 0x71, 0x0D, 0xB0, 0xE7, 0x10, 0xDB, 0x0E, 0x71, 0x0D, 0xB0, 0xE0, 0x9F, 0xC0,
  0xE0, 0x9F, 0xC0, 0xE0, 0x9F, 0xC0, 0xE0, 0x9F, 0xC0, 0xE0, 0x18, 0x09, 0x02,
  // "^" (U+005E), RLE, 204 bytes saved (56.0%)
  0x75, 0x0F, 0x77, 0x77, 0x30, 0x7B, 0x04, 0x77, 0x72, 0x0E, 0xB0, 0xC7, 0x77, 0x10, 0x6D, 0x05,
  0x77, 0x70, 0xDD, 0x0D, 0x77, 0x60, 0x5F, 0x05, 0x77, 0x50, 0xCB, 0x07, 0xB0, 0xD7, 0x74, 0x04,
  0xB8, 0x1B, 0x0B, 0xB0, 0x67, 0x73, 0x0B, 0xB8, 0x14, 0x04, 0xB0, 0xD7, 0x72, 0x03, 0xB0, 0xD3,
  0x0B, 0xB0, 0x67, 0x71, 0x0A, 0xB0, 0x63, 0x03, 0xB0, 0xD7, 0x70, 0x2B, 0x0E, 0x50, 0xBB, 0x07,
  0x76, 0x09, 0xB0, 0x85, 0x03, 0xB0, 0xE7, 0x50, 0x1C, 0x01, 0x60, 0xBB, 0x07, 0x74, 0x08, 0xB0,
  0x97, 0x03, 0xB0, 0xE7, 0x40, 0xEB, 0x02, 0x71, 0x0B, 0xB0, 0x77, 0x20, 0x7B, 0x0B, 0x72, 0x03,
  0xB0, 0xE0, 0x17, 0x10, 0xDB, 0x04, 0x73, 0x0B, 0xB0, 0x87, 0x05, 0xB0, 0xD7, 0x40, 0x3B, 0x0E,
  0x01, 0x60, 0xDB, 0x06, 0x75, 0x0B, 0xB0, 0x85, 0x04, 0xB0, 0xE7, 0x60, 0x3C, 0x01, 0x40, 0xCB,
  0x07, 0x77, 0x0B, 0xB0, 0x93, 0x03, 0xC0, 0x17, 0x70, 0x3C, 0x01, 0x20, 0xBB, 0x09, 0x77, 0x20,
  0xBB, 0x81, 0x90, 0x2C, 0x02, 0x77, 0x20, 0x3C, 0x02, 0x09, 0xB0, 0xB7, 0x74, 0x0B, 0xB0, 0xA0,
  // "_" (U+005F), RLE, 50 bytes saved (76.9%)
  0x18, 0x0A, 0x52, 0x01, 0xFF, 0xFC, 0x01, 0xFF, 0xFC, 0x01, 0xFF, 0xFC, 0x01, 0xFF, 0xFC,
  // "`" (U+0060), RLE, 25 bytes saved (46.3%)
  0x0B, 0xD0, 0x55, 0x02, 0x0E, 0xC0, 0xD6, 0x04, 0xD0, 0x76, 0x06, 0xD0, 0x26, 0x07, 0xC0, 0xB7,
  0x08, 0xC0, 0x67, 0x09, 0xB0, 0xE0, 0x27, 0x08, 0xB0, 0xC7, 0x10, 0x6B, 0x07,
  // "a" (U+0061), RLE, 204 bytes saved (51.0%)
  0x73, 0x86, 0x24, 0x57, 0x76, 0x52, 0x77, 0x81, 0x5A, 0xEF, 0x98, 0x1E, 0xA3, 0x71, 0x81, 0x18,
  0xEF, 0xF0, 0x97, 0x0E, 0xFF, 0xB0, 0xB6, 0x09, 0xE8, 0x3D, 0xBA, 0xAC, 0xF0, 0x75, 0x03, 0xB8,
  0x1A, 0x41, 0x60, 0x70, 0xEC, 0x0E, 0x68, 0x1A, 0x71, 0x73, 0x03, 0xD0, 0x57, 0x75, 0x09, 0xC0,
  0x87, 0x75, 0x04, 0xC0, 0xB7, 0x76, 0xC0, 0xC7, 0x76, 0xC0, 0xD7, 0x76, 0x0E, 0xB0, 0xD7, 0x76,
  0x0E, 0xB0, 0xD7, 0x85, 0x15, 0x8A, 0xCD, 0xEF, 0xB0, 0xD5, 0x04, 0x0B, 0xFF, 0xB0, 0xD3, 0x01,
  0x0B, 0xFF, 0xD0, 0xD2, 0x02, 0x0D, 0xD8, 0x3C, 0x85, 0x21, 0x6C, 0x0D, 0x20, 0xDC, 0x0D, 0x04,
  0x74, 0xC8, 0x1D, 0x08, 0xC0, 0xD0, 0x17, 0x5C, 0x81, 0xD0, 0xDC, 0x04, 0x76, 0xC0, 0xD0, 0x3C,
  0x0E, 0x76, 0x01, 0xC0, 0xD0, 0x5C, 0x0B, 0x76, 0x05, 0xC0, 0xD0, 0x6C, 0x0A, 0x76, 0x09, 0xC0,
  0xD0, 0x5C, 0x0C, 0x75, 0x02, 0xD0, 0xD0, 0x3D, 0x01, 0x74, 0x0C, 0xD0, 0xD1, 0xD0, 0x97, 0x20,
  0x10, 0xBE, 0x81, 0xD0, 0xBD, 0x0A, 0x02, 0x58, 0x12, 0x8E, 0xA0, 0xE0, 0xCB, 0x81, 0xD0, 0x3F,
  0x83, 0xCA, 0xAB, 0xDD, 0x04, 0x07, 0xB0, 0xD2, 0x07, 0xFF, 0x98, 0x15, 0x03, 0xB0, 0xD3, 0x07,
  0xFD, 0x0E, 0x04, 0x3B, 0x0D, 0x48, 0x12, 0x9E, 0xF8, 0x1E, 0x81, 0x40, 0xCA, 0x0D, 0x78, 0x53,
  0x67, 0x76, 0x52, 0x74,
  // "b" (U+0062), RLE, 331 bytes saved (53.7%)
  0x03, 0xC0, 0xA7, 0x77, 0x10, 0x3C, 0x0A, 0x77, 0x71, 0x03, 0xC0, 0xA7, 0x77, 0x10, 0x3C, 0x0A,
  0x77, 0x71, 0x03, 0xC0, 0xA7, 0x77, 0x10, 0x3C, 0x0A, 0x77, 0x71, 0x03, 0xC0, 0xA7, 0x77, 0x10,
  0x3C, 0x0A, 0x77, 0x71, 0x03, 0xC0, 0xA7, 0x77, 0x10, 0x3C, 0x0A, 0x77, 0x71, 0x03, 0xC0, 0xA7,
  0x77, 0x10, 0x3C, 0x0A, 0x77, 0x71, 0x03, 0xC0, 0x95, 0x85, 0x14, 0x67, 0x75, 0x37, 0x30, 0x3C,
  0x09, 0x30, 0x40, 0xBF, 0x81, 0xEA, 0x37, 0x03, 0xC0, 0x92, 0x09, 0xFD, 0x0A, 0x01, 0x50, 0x3C,
  0x81, 0x80, 0xCF, 0xF0, 0xD0, 0x24, 0x03, 0xC0, 0x70, 0xAC, 0x84, 0xEB, 0xAA, 0xBE, 0xE0, 0xE0,
  0x13, 0x03, 0xC0, 0xDB, 0x0A, 0x03, 0x60, 0x40, 0xCD, 0x0B, 0x30, 0x3F, 0x05, 0x73, 0x0A, 0xD0,
  0x52, 0x03, 0xE0, 0x77, 0x50, 0xBC, 0x0C, 0x20, 0x3D, 0x0D, 0x76, 0x03, 0xD8, 0x13, 0x03, 0xD0,
  0x87, 0x70, 0xBC, 0x81, 0x80, 0x3D, 0x03, 0x77, 0x06, 0xC8, 0x1B, 0x03, 0xD7, 0x71, 0x02, 0xC8,
  0x1E, 0x03, 0xC0, 0xD7, 0x72, 0xD0, 0x20, 0x3C, 0x0C, 0x77, 0x20, 0xDC, 0x00, 0x3C, 0x0B, 0x77,
  0x20, 0xCC, 0x04, 0x03, 0xC0, 0xA7, 0x72, 0x0B, 0xC0, 0x50, 0x3C, 0x0A, 0x77, 0x20, 0xBC, 0x05,
  0x03, 0xC0, 0xB7, 0x72, 0x0C, 0xC0, 0x40, 0x3C, 0x0C, 0x77, 0x20, 0xDC, 0x00, 0x3C, 0x0E, 0x77,
  0x2D, 0x02, 0x03, 0xD0, 0x17, 0x70, 0x2C, 0x81, 0xE0, 0x3D, 0x04, 0x77, 0x07, 0xC8, 0x1B, 0x03,
  0xD0, 0x97, 0x70, 0xCC, 0x81, 0x80, 0x3D, 0x0E, 0x01, 0x75, 0x03, 0xD8, 0x13, 0x03, 0xE0, 0x97,
  0x50, 0xCC, 0x0C, 0x20, 0x3F, 0x06, 0x73, 0x0A, 0xD0, 0x52, 0x03, 0xF9, 0x0B, 0x03, 0x60, 0x40,
  0xCD, 0x0A, 0x30, 0x3C, 0x04, 0x0D, 0xC8, 0x4E, 0xCA, 0xAB, 0xEE, 0x0D, 0x01, 0x30, 0x3B, 0x82,
  0xE0, 0x2D, 0xFF, 0x0D, 0x01, 0x40, 0x3B, 0x0A, 0x20, 0x10, 0xAF, 0xD0, 0xA0, 0x15, 0x03, 0xB0,
  0x64, 0x05, 0x0C, 0xF8, 0x1E, 0xA3, 0x77, 0x48, 0x51, 0x46, 0x77, 0x53, 0x73,
  // "c" (U+0063), RLE, 194 bytes saved (55.1%)
  0x73, 0x86, 0x14, 0x67, 0x76, 0x53, 0x74, 0x81, 0x28, 0xDF, 0xA8, 0x1C, 0x71, 0x50, 0x10, 0x9F,
  0xF0, 0xD4, 0x03, 0x0D, 0xFF, 0x90, 0x83, 0x03, 0x0E, 0xE8, 0x4E, 0xCA, 0xAB, 0xEC, 0x02, 0x20,
  0x10, 0xDD, 0x0B, 0x03, 0x68, 0x23, 0x7D, 0xC3, 0x0A, 0xD0, 0x67, 0x40, 0x12, 0x03, 0xD0, 0x67,
  0x71, 0x0A, 0xC0, 0xC7, 0x72, 0xD0, 0x47, 0x71, 0x04, 0xC0, 0xE7, 0x72, 0x07, 0xC0, 0xA7, 0x72,
  0x0A, 0xC0, 0x77, 0x72, 0x0C, 0xC0, 0x47, 0x72, 0x0D, 0xC0, 0x37, 0x72, 0x0D, 0xC0, 0x37, 0x72,
  0x0E, 0xC0, 0x37, 0x72, 0x0D, 0xC0, 0x37, 0x72, 0x0C, 0xC0, 0x47, 0x72, 0x0A, 0xC0, 0x77, 0x72,
  0x08, 0xC0, 0x97, 0x72, 0x05, 0xC0, 0xE7, 0x72, 0x01, 0xD0, 0x47, 0x72, 0x0B, 0xC0, 0xB7, 0x72,
  0x04, 0xD0, 0x67, 0x72, 0x0B, 0xD0, 0x57, 0x50, 0x22, 0x02, 0x0E, 0xD0, 0xA0, 0x37, 0x82, 0x48,
  0xE8, 0x30, 0x5F, 0x84, 0xDB, 0xAA, 0xBD, 0xC0, 0x84, 0x05, 0xFF, 0xA0, 0x85, 0x02, 0x0B, 0xFF,
  0x08, 0x78, 0x13, 0x9E, 0xFA, 0x0B, 0x06, 0x74, 0x86, 0x25, 0x67, 0x76, 0x53, 0x40,
  // "d" (U+0064), RLE, 312 bytes saved (52.5%)
  0x77, 0x70, 0x3C, 0x0A, 0x77, 0x70, 0x3C, 0x0A, 0x77, 0x70, 0x3C, 0x0A, 0x77, 0x70, 0x3C, 0x0A,
  0x77, 0x70, 0x3C, 0x0A, 0x77, 0x70, 0x3C, 0x0A, 0x77, 0x70, 0x3C, 0x0A, 0x77, 0x70, 0x3C, 0x0A,
  0x77, 0x70, 0x3C, 0x0A, 0x77, 0x70, 0x3C, 0x0A, 0x77, 0x70, 0x3C, 0x0A, 0x77, 0x70, 0x3C, 0x0A,
  0x72, 0x85, 0x24, 0x67, 0x65, 0x25, 0x03, 0xC0, 0xA6, 0x81, 0x18, 0xDF, 0x0D, 0x07, 0x30, 0x3C,
  0x0A, 0x50, 0x50, 0xEF, 0xC8, 0x2C, 0x20, 0x2C, 0x0A, 0x40, 0x8F, 0xF0, 0xE0, 0x41, 0xC0, 0xA3,
  0x08, 0xF8, 0x3C, 0xBA, 0xBD, 0xC8, 0x1E, 0x3E, 0xB0, 0xA2, 0x03, 0xE0, 0x80, 0x15, 0x02, 0x07,
  0xB0, 0xEC, 0x0A, 0x20, 0xDD, 0x04, 0x72, 0x02, 0x0D, 0xE8, 0x1A, 0x05, 0xD0, 0x67, 0x40, 0x3E,
  0x81, 0xA0, 0xBC, 0x0C, 0x76, 0x09, 0xD0, 0xA0, 0x1D, 0x04, 0x76, 0x02, 0xD0, 0xA0, 0x4C, 0x0E,
  0x77, 0x10, 0xDC, 0x0A, 0x08, 0xC0, 0xA7, 0x71, 0x09, 0xC0, 0x0A, 0xC0, 0x77, 0x71, 0x07, 0xC0,
  0xA0, 0xCC, 0x05, 0x77, 0x10, 0x4C, 0x0A, 0x0C, 0xC0, 0x37, 0x71, 0x04, 0xC0, 0xA0, 0xDC, 0x03,
  0x77, 0x10, 0x3C, 0x0A, 0x0D, 0xC0, 0x27, 0x71, 0x02, 0xC0, 0xA0, 0xDC, 0x03, 0x77, 0x10, 0x3C,
  0x0A, 0x0C, 0xC0, 0x47, 0x71, 0x04, 0xC0, 0xA0, 0xBC, 0x06, 0x77, 0x10, 0x5C, 0x0A, 0x08, 0xC0,
  0x97, 0x71, 0x07, 0xC0, 0xA0, 0x5C, 0x0D, 0x77, 0x10, 0xAC, 0x0A, 0x02, 0xD0, 0x27, 0x70, 0xEC,
  0x81, 0xA0, 0xCC, 0x0A, 0x76, 0x06, 0xD8, 0x1A, 0x06, 0xD0, 0x47, 0x40, 0x10, 0xED, 0x0A, 0x20,
  0xEC, 0x0E, 0x03, 0x72, 0x01, 0x0C, 0xE0, 0xA2, 0x05, 0xE0, 0x70, 0x15, 0x81, 0x16, 0xEA, 0x0E,
  0xC0, 0xA3, 0x09, 0xF8, 0x3C, 0xAA, 0xBD, 0xD0, 0x30, 0xEB, 0x0A, 0x40, 0x9F, 0xF9, 0x81, 0x40,
  0xBB, 0x0A, 0x50, 0x60, 0xEF, 0xC0, 0xD0, 0x22, 0x08, 0xB0, 0xA6, 0x81, 0x18, 0xDF, 0x0D, 0x07,
  0x40, 0x6B, 0x0A, 0x72, 0x85, 0x25, 0x67, 0x75, 0x27, 0x40,
  // "e" (U+0065), RLE, 231 bytes saved (55.5%)
  0x73, 0x85, 0x35, 0x67, 0x65, 0x27, 0x72, 0x81, 0x39, 0xEF, 0x81, 0xD8, 0x17, 0x40, 0x10, 0xAF,
  0xD0, 0xE0, 0x67, 0x20, 0x20, 0xDF, 0xF9, 0x0A, 0x70, 0x20, 0xEE, 0x83, 0xCB, 0xAB, 0xEE, 0x0A,
  0x60, 0xCC, 0x81, 0xE8, 0x15, 0x03, 0x0B, 0xD0, 0x64, 0x08, 0xC0, 0xD0, 0x37, 0x20, 0x9C, 0x0E,
  0x01, 0x20, 0x1D, 0x03, 0x74, 0x0D, 0xC0, 0x72, 0x08, 0xC0, 0x87, 0x50, 0x5C, 0x0D, 0x20, 0xEC,
  0x01, 0x76, 0x0E, 0xC0, 0x20, 0x3C, 0x0B, 0x77, 0x0A, 0xC0, 0x60, 0x7C, 0x07, 0x77, 0x08, 0xC0,
  0x80, 0x9C, 0x06, 0x80, 0x92, 0x20, 0x8C, 0x0A, 0x0B, 0xFF, 0xFB, 0x0B, 0x0D, 0xFF, 0xFB, 0x0B,
  0x0D, 0xFF, 0xFB, 0x0B, 0x0E, 0xFF, 0xFB, 0x0B, 0x0D, 0xC0, 0x37, 0x76, 0x0C, 0xC0, 0x47, 0x76,
  0x0A, 0xC0, 0x67, 0x76, 0x07, 0xC0, 0x97, 0x76, 0x04, 0xC0, 0xD7, 0x77, 0x0E, 0xC0, 0x57, 0x76,
  0x09, 0xC0, 0xC7, 0x76, 0x02, 0xD0, 0x97, 0x76, 0x08, 0xD0, 0xA7, 0x70, 0x50, 0x34, 0x0C, 0xD8,
  0x1E, 0x61, 0x78, 0x41, 0x59, 0xEF, 0x64, 0x01, 0x0D, 0xF8, 0x5D, 0xBA, 0xAB, 0xCE, 0xD0, 0x65,
  0x01, 0x0C, 0xFF, 0xC0, 0x67, 0x07, 0x0E, 0xFF, 0x90, 0xE0, 0x47, 0x20, 0x60, 0xCF, 0xB8, 0x1D,
  0x94, 0x76, 0x89, 0x01, 0x35, 0x77, 0x76, 0x53, 0x16,
  // "f" (U+0066), RLE, 323 bytes saved (66.7%)
  0x77, 0x10, 0x01, 0x77, 0x28, 0x15, 0xAE, 0xC8, 0x2D, 0xA6, 0x17, 0x20, 0x30, 0xDF, 0xB0, 0x77,
  0x10, 0x5F, 0xD0, 0x27, 0x02, 0x0E, 0xFC, 0x0D, 0x71, 0x0A, 0xD0, 0x90, 0x32, 0x82, 0x25, 0xA7,
  0x70, 0x1D, 0x06, 0x77, 0x10, 0x5C, 0x0C, 0x77, 0x20, 0x8C, 0x06, 0x77, 0x20, 0xBC, 0x03, 0x77,
  0x20, 0xCC, 0x01, 0x77, 0x20, 0xDC, 0x77, 0x30, 0xDC, 0x77, 0x30, 0xEC, 0x77, 0x81, 0x39, 0xEF,
  0xD0, 0x94, 0x08, 0x0D, 0xFF, 0x90, 0x93, 0x02, 0xFF, 0xB0, 0x93, 0x02, 0xFF, 0xB0, 0x94, 0x80,
  0x12, 0x0E, 0xC8, 0x03, 0x20, 0x17, 0x20, 0xDC, 0x77, 0x30, 0xDC, 0x77, 0x30, 0xDC, 0x77, 0x30,
  0xDC, 0x77, 0x30, 0xDC, 0x77, 0x30, 0xDC, 0x77, 0x30, 0xDC, 0x77, 0x30, 0xDC, 0x77, 0x30, 0xDC,
  0x77, 0x30, 0xDC, 0x77, 0x30, 0xDC, 0x77, 0x30, 0xDC, 0x77, 0x30, 0xDC, 0x77, 0x30, 0xDC, 0x77,
  0x30, 0xDC, 0x77, 0x30, 0xDC, 0x77, 0x30, 0xDC, 0x77, 0x30, 0xDC, 0x77, 0x30, 0xDC, 0x77, 0x30,
  0xDC, 0x77, 0x30, 0xDC, 0x77, 0x30, 0xDC, 0x77, 0x30, 0xDC, 0x77, 0x30, 0xDC, 0x77, 0x30, 0xDC,
  0x74,
  // "g" (U+0067), RLE, 305 bytes saved (50.2%)
  0x72, 0x85, 0x25, 0x77, 0x65, 0x17, 0x73, 0x81, 0x18, 0xEF, 0x0C, 0x06, 0x40, 0x4B, 0x0A, 0x50,
  0x50, 0xEF, 0xC0, 0xD0, 0x32, 0x07, 0xB0, 0xA4, 0x08, 0xFF, 0x98, 0x15, 0x09, 0xB0, 0xA3, 0x07,
  0xF8, 0x3C, 0xAA, 0xBD, 0xD0, 0x40, 0xCB, 0x0A, 0x20, 0x2E, 0x08, 0x01, 0x50, 0x20, 0x8B, 0x0E,
  0xC0, 0xA2, 0x0B, 0xD0, 0x47, 0x20, 0x20, 0xEE, 0x81, 0xA0, 0x4D, 0x05, 0x74, 0x02, 0xE8, 0x1A,
  0x0A, 0xC0, 0xB7, 0x60, 0x8D, 0x0A, 0x01, 0xD0, 0x37, 0x60, 0x1D, 0x0A, 0x04, 0xC0, 0xE7, 0x71,
  0x0B, 0xC0, 0xA0, 0x7C, 0x09, 0x77, 0x10, 0x8C, 0x00, 0xAC, 0x07, 0x77, 0x10, 0x6C, 0x0A, 0x0B,
  0xC0, 0x47, 0x71, 0x04, 0xC0, 0xA0, 0xCC, 0x03, 0x77, 0x10, 0x3C, 0x0A, 0x0D, 0xC0, 0x37, 0x71,
  0x02, 0xC0, 0xA0, 0xDC, 0x03, 0x77, 0x10, 0x2C, 0x0A, 0x0D, 0xC0, 0x37, 0x71, 0x02, 0xC0, 0xA0,
  0xCC, 0x04, 0x77, 0x10, 0x3C, 0x00, 0xAC, 0x06, 0x77, 0x10, 0x4C, 0x0A, 0x08, 0xC0, 0x97, 0x71,
  0x06, 0xC0, 0xA0, 0x5C, 0x0D, 0x77, 0x10, 0x9C, 0x0A, 0x01, 0xD0, 0x37, 0x70, 0xEC, 0x81, 0xA0,
  0xBC, 0x0A, 0x76, 0x04, 0xD8, 0x1A, 0x05, 0xD0, 0x47, 0x50, 0xDD, 0x0A, 0x20, 0xDC, 0x0E, 0x03,
  0x72, 0x01, 0x0B, 0xE0, 0xA2, 0x04, 0xE0, 0x80, 0x15, 0x81, 0x16, 0xEF, 0x0A, 0x30, 0x8F, 0x83,
  0xCA, 0xAB, 0xDD, 0x05, 0xC0, 0xA4, 0x09, 0xFF, 0x90, 0x60, 0x2C, 0x0A, 0x50, 0x7F, 0xD8, 0x2E,
  0x50, 0x2C, 0x0A, 0x68, 0x11, 0x8E, 0xF8, 0x1D, 0x81, 0x20, 0x2C, 0x0A, 0x72, 0x85, 0x35, 0x77,
  0x75, 0x25, 0x02, 0xC0, 0xA7, 0x77, 0x03, 0xC0, 0xA7, 0x77, 0x04, 0xC0, 0x97, 0x77, 0x07, 0xC0,
  0x77, 0x77, 0x0B, 0xC0, 0x57, 0x76, 0x02, 0xD0, 0x17, 0x76, 0x0A, 0xC0, 0xD3, 0x04, 0x02, 0x77,
  0x10, 0x7D, 0x07, 0x38, 0x28, 0xFA, 0x57, 0x40, 0x10, 0x9D, 0x0E, 0x40, 0x8C, 0x89, 0x1B, 0x96,
  0x43, 0x22, 0x35, 0x9E, 0xE0, 0x54, 0x08, 0xFF, 0xE0, 0x85, 0x08, 0xFF, 0xD0, 0x66, 0x81, 0x17,
  0xDF, 0xF9, 0x09, 0x02, 0x73, 0x85, 0x15, 0x8A, 0xCD, 0xEA, 0x84, 0xED, 0xB8, 0x51, 0x70,
  // "h" (U+0068), RLE, 322 bytes saved (55.4%)
  0x03, 0xC0, 0xA7, 0x77, 0x03, 0xC0, 0xA7, 0x77, 0x03, 0xC0, 0xA7, 0x77, 0x03, 0xC0, 0xA7, 0x77,
  0x03, 0xC0, 0xA7, 0x77, 0x03, 0xC0, 0xA7, 0x77, 0x03, 0xC0, 0xA7, 0x77, 0x03, 0xC0, 0xA7, 0x77,
  0x03, 0xC0, 0xA7, 0x77, 0x03, 0xC0, 0xA7, 0x77, 0x03, 0xC0, 0xA7, 0x77, 0x03, 0xC0, 0xA7, 0x77,
  0x03, 0xC0, 0xA6, 0x85, 0x35, 0x77, 0x65, 0x27, 0x10, 0x3C, 0x0A, 0x38, 0x11, 0x8E, 0xF8, 0x1E,
  0x92, 0x50, 0x3C, 0x0A, 0x20, 0x70, 0xEF, 0xD0, 0x74, 0x03, 0xC8, 0x19, 0x09, 0xFF, 0x90, 0x93,
  0x03, 0xC0, 0x07, 0xD8, 0x3C, 0xBA, 0xBD, 0xF0, 0x62, 0x03, 0xC0, 0xBB, 0x0B, 0x04, 0x60, 0x20,
  0xAD, 0x0E, 0x20, 0x3F, 0x07, 0x73, 0x07, 0xD8, 0x15, 0x03, 0xE0, 0x97, 0x50, 0xBC, 0x81, 0x90,
  0x3D, 0x0E, 0x01, 0x75, 0x04, 0xC8, 0x1D, 0x03, 0xD0, 0x97, 0x7C, 0x81, 0xE0, 0x3D, 0x04, 0x77,
  0x0D, 0xC1, 0x03, 0xD7, 0x71, 0x0C, 0xC0, 0x10, 0x3C, 0x0D, 0x77, 0x10, 0xCC, 0x01, 0x03, 0xC0,
  0xC7, 0x71, 0x0C, 0xC0, 0x10, 0x3C, 0x0B, 0x77, 0x10, 0xCC, 0x01, 0x03, 0xC0, 0xA7, 0x71, 0x0C,
  0xC0, 0x10, 0x3C, 0x0A, 0x77, 0x10, 0xCC, 0x01, 0x03, 0xC0, 0xA7, 0x71, 0x0C, 0xC0, 0x10, 0x3C,
  0x0A, 0x77, 0x10, 0xCC, 0x01, 0x03, 0xC0, 0xA7, 0x71, 0x0C, 0xC0, 0x10, 0x3C, 0x0A, 0x77, 0x10,
  0xCC, 0x01, 0x03, 0xC0, 0xA7, 0x71, 0x0C, 0xC0, 0x10, 0x3C, 0x0A, 0x77, 0x10, 0xCC, 0x01, 0x03,
  0xC0, 0xA7, 0x71, 0x0C, 0xC0, 0x10, 0x3C, 0x0A, 0x77, 0x10, 0xCC, 0x01, 0x03, 0xC0, 0xA7, 0x71,
  0x0C, 0xC0, 0x10, 0x3C, 0x0A, 0x77, 0x10, 0xCC, 0x01, 0x03, 0xC0, 0xA7, 0x71, 0x0C, 0xC0, 0x10,
  0x3C, 0x0A, 0x77, 0x10, 0xCC, 0x01, 0x03, 0xC0, 0xA7, 0x71, 0x0C, 0xC0, 0x10, 0x3C, 0x0A, 0x77,
  0x10, 0xCC, 0x01,
  // "i" (U+0069), RLE, 33 bytes saved (26.2%)
  0x18, 0x46, 0xDE, 0xA1, 0x4C, 0x0C, 0x08, 0xD0, 0x8D, 0x04, 0xC8, 0x5B, 0x06, 0xDE, 0xA1, 0x80,
  0xC0, 0x00, 0x3C, 0x0A, 0x03, 0xC0, 0xA0, 0x3C, 0x0A, 0x03, 0xC0, 0xA0, 0x3C, 0x0A, 0x03, 0xC0,
  0xA0, 0x3C, 0x0A, 0x03, 0xC0, 0xA0, 0x3C, 0x0A, 0x03, 0xC0, 0xA0, 0x3C, 0x0A, 0x03, 0xC0, 0xA0,
  0x3C, 0x0A, 0x03, 0xC0, 0xA0, 0x3C, 0x0A, 0x03, 0xC0, 0xA0, 0x3C, 0x0A, 0x03, 0xC0, 0xA0, 0x3C,
  0x0A, 0x03, 0xC0, 0xA0, 0x3C, 0x0A, 0x03, 0xC0, 0xA0, 0x3C, 0x0A, 0x03, 0xC0, 0xA0, 0x3C, 0x0A,
  0x03, 0xC0, 0xA0, 0x3C, 0x0A, 0x03, 0xC0, 0xA0, 0x3C, 0x0A, 0x03, 0xC0, 0xA0,
  // "j" (U+006A), RLE, 202 bytes saved (52.5%)
  0x72, 0x83, 0x6D, 0xEA, 0x17, 0x10, 0x4C, 0x0C, 0x71, 0x08, 0xD7, 0x10, 0x8D, 0x71, 0x04, 0xC0,
  0xB7, 0x28, 0x36, 0xDE, 0xA1, 0x80, 0x99, 0x20, 0x03, 0xC0, 0xA7, 0x10, 0x3C, 0x0A, 0x71, 0x03,
  0xC0, 0xA7, 0x10, 0x3C, 0x0A, 0x71, 0x03, 0xC0, 0xA7, 0x10, 0x3C, 0x0A, 0x71, 0x03, 0xC0, 0xA7,
  0x10, 0x3C, 0x0A, 0x71, 0x03, 0xC0, 0xA7, 0x10, 0x3C, 0x0A, 0x71, 0x03, 0xC0, 0xA7, 0x10, 0x3C,
  0x0A, 0x71, 0x03, 0xC0, 0xA7, 0x10, 0x3C, 0x0A, 0x71, 0x03, 0xC0, 0xA7, 0x10, 0x3C, 0x0A, 0x71,
  0x03, 0xC0, 0xA7, 0x10, 0x3C, 0x0A, 0x71, 0x03, 0xC0, 0xA7, 0x10, 0x3C, 0x0A, 0x71, 0x03, 0xC0,
  0xA7, 0x10, 0x3C, 0x0A, 0x71, 0x03, 0xC0, 0xA7, 0x10, 0x3C, 0x0A, 0x71, 0x03, 0xC0, 0xA7, 0x10,
  0x3C, 0x0A, 0x71, 0x03, 0xC0, 0xA7, 0x10, 0x3C, 0x0A, 0x71, 0x03, 0xC0, 0xA7, 0x10, 0x3C, 0x0A,
  0x71, 0x03, 0xC0, 0xA7, 0x10, 0x3C, 0x0A, 0x71, 0x03, 0xC0, 0xA7, 0x10, 0x3C, 0x0A, 0x71, 0x03,
  0xC0, 0xA7, 0x10, 0x4C, 0x0A, 0x71, 0x05, 0xC0, 0x97, 0x10, 0x9C, 0x06, 0x70, 0x20, 0xEC, 0x86,
  0x30, 0x85, 0x32, 0x48, 0xD8, 0x1D, 0x01, 0xFC, 0x81, 0x60, 0x1F, 0xB0, 0xA2, 0x01, 0xFA, 0x09,
  0x48, 0x17, 0xBE, 0xA8, 0x2E, 0xC8, 0x24,
  // "k" (U+006B), RLE, 307 bytes saved (54.9%)
  0x03, 0xC0, 0x97, 0x76, 0x03, 0xC0, 0x97, 0x76, 0x03, 0xC0, 0x97, 0x76, 0x03, 0xC0, 0x97, 0x76,
  0x03, 0xC0, 0x97, 0x76, 0x03, 0xC0, 0x97, 0x76, 0x03, 0xC0, 0x97, 0x76, 0x03, 0xC0, 0x97, 0x76,
  0x03, 0xC0, 0x97, 0x76, 0x03, 0xC0, 0x97, 0x76, 0x03, 0xC0, 0x97, 0x76, 0x03, 0xC0, 0x97, 0x76,
  0x03, 0xC0, 0x97, 0x76, 0x03, 0xC0, 0x97, 0x50, 0xAC, 0x82, 0xE2, 0x03, 0xC0, 0x97, 0x40, 0x9C,
  0x0E, 0x03, 0x20, 0x3C, 0x09, 0x73, 0x08, 0xC0, 0xE0, 0x33, 0x03, 0xC0, 0x97, 0x20, 0x7D, 0x04,
  0x40, 0x3C, 0x09, 0x71, 0x06, 0xD0, 0x45, 0x03, 0xC0, 0x97, 0x06, 0xD0, 0x56, 0x03, 0xC0, 0x96,
  0x05, 0xD0, 0x67, 0x03, 0xC0, 0x95, 0x04, 0xD0, 0x77, 0x10, 0x3C, 0x09, 0x40, 0x3D, 0x08, 0x72,
  0x03, 0xC0, 0x93, 0x03, 0x0E, 0xC0, 0x87, 0x30, 0x3C, 0x09, 0x20, 0x20, 0xEC, 0x09, 0x74, 0x03,
  0xC0, 0x82, 0x0D, 0xC0, 0xA7, 0x50, 0x3C, 0x81, 0x80, 0xAC, 0x0B, 0x76, 0x03, 0xC0, 0x70, 0x8D,
  0x0D, 0x76, 0x03, 0xC0, 0xBF, 0x0A, 0x75, 0x03, 0xFE, 0x06, 0x74, 0x03, 0xF0, 0x70, 0x9D, 0x03,
  0x73, 0x03, 0xE0, 0x52, 0x0C, 0xC0, 0xD0, 0x17, 0x20, 0x3C, 0x0E, 0x04, 0x30, 0x20, 0xEC, 0x0A,
  0x72, 0x03, 0xC0, 0x95, 0x05, 0xD0, 0x77, 0x10, 0x3C, 0x09, 0x60, 0x9D, 0x03, 0x70, 0x3C, 0x09,
  0x70, 0xCC, 0x0D, 0x01, 0x60, 0x3C, 0x09, 0x70, 0x20, 0xEC, 0x0B, 0x60, 0x3C, 0x09, 0x71, 0x05,
  0xD0, 0x75, 0x03, 0xC0, 0x97, 0x20, 0x9D, 0x03, 0x40, 0x3C, 0x09, 0x73, 0x0D, 0xC0, 0xE0, 0x13,
  0x03, 0xC0, 0x97, 0x30, 0x20, 0xEC, 0x0B, 0x30, 0x3C, 0x09, 0x74, 0x06, 0xD0, 0x72, 0x03, 0xC0,
  0x97, 0x50, 0xAD, 0x81, 0x40, 0x3C, 0x09, 0x76, 0x0D, 0xC0, 0xE0, 0x10,
  // "l" (U+006C), RLE, 21 bytes saved (16.3%)
  0x03, 0xC0, 0xA0, 0x3C, 0x0A, 0x03, 0xC0, 0xA0, 0x3C, 0x0A, 0x03, 0xC0, 0xA0, 0x3C, 0x0A, 0x03,
  0xC0, 0xA0, 0x3C, 0x0A, 0x03, 0xC0, 0xA0, 0x3C, 0x0A, 0x03, 0xC0, 0xA0, 0x3C, 0x0A, 0x03, 0xC0,
  0xA0, 0x3C, 0x0A, 0x03, 0xC0, 0xA0, 0x3C, 0x0A, 0x03, 0xC0, 0xA0, 0x3C, 0x0A, 0x03, 0xC0, 0xA0,
  0x3C, 0x0A, 0x03, 0xC0, 0xA0, 0x3C, 0x0A, 0x03, 0xC0, 0xA0, 0x3C, 0x0A, 0x03, 0xC0, 0xA0, 0x3C,
  0x0A, 0x03, 0xC0, 0xA0, 0x3C, 0x0A, 0x03, 0xC0, 0xA0, 0x3C, 0x0A, 0x03, 0xC0, 0xA0, 0x3C, 0x0A,
  0x03, 0xC0, 0xA0, 0x3C, 0x0A, 0x03, 0xC0, 0xA0, 0x3C, 0x0A, 0x03, 0xC0, 0xA0, 0x3C, 0x0A, 0x03,
  0xC0, 0xA0, 0x3C, 0x0A, 0x03, 0xC0, 0xA0, 0x3C, 0x0A, 0x03, 0xC0, 0xA0,
  // "m" (U+006D), RLE, 384 bytes saved (56.3%)
  0x75, 0x84, 0x46, 0x77, 0x53, 0x75, 0x85, 0x14, 0x67, 0x65, 0x37, 0x03, 0xB0, 0xC4, 0x03, 0x0A,
  0xF8, 0x1E, 0x91, 0x70, 0x40, 0xBF, 0x90, 0xA0, 0x34, 0x03, 0xC3, 0x09, 0xFC, 0x0E, 0x05, 0x40,
  0x20, 0xBF, 0xD0, 0x83, 0x03, 0xC8, 0x12, 0x0B, 0xFF, 0x05, 0x20, 0x20, 0xEF, 0xF0, 0x92, 0x03,
  0xC0, 0x40, 0x8C, 0x83, 0xDB, 0xAA, 0xDE, 0x82, 0xE1, 0x1D, 0xC8, 0x3D, 0xBA, 0xAC, 0xF8, 0x14,
  0x03, 0xC0, 0xBB, 0x08, 0x02, 0x50, 0x20, 0xBD, 0x09, 0x0A, 0xB0, 0x90, 0x25, 0x01, 0x09, 0xD8,
  0x1C, 0x03, 0xF0, 0x47, 0x20, 0xAF, 0x90, 0x47, 0x20, 0x8D, 0x02, 0x03, 0xE0, 0x67, 0x40, 0xEE,
  0x06, 0x74, 0x0D, 0xC0, 0x60, 0x3D, 0x0D, 0x75, 0x09, 0xD0, 0xC7, 0x50, 0x7C, 0x09, 0x03, 0xD0,
  0x77, 0x50, 0x5D, 0x07, 0x75, 0x04, 0xC0, 0xB0, 0x3D, 0x03, 0x75, 0x03, 0xD0, 0x27, 0x50, 0x1C,
  0x0B, 0x03, 0xD7, 0x60, 0x2D, 0x76, 0x01, 0xC0, 0xC0, 0x3C, 0x0D, 0x76, 0x02, 0xC0, 0xD7, 0x7C,
  0x0C, 0x03, 0xC0, 0xB7, 0x60, 0x2C, 0x0C, 0x77, 0xC0, 0xC0, 0x3C, 0x0B, 0x76, 0x02, 0xC0, 0xB7,
  0x7C, 0x0C, 0x03, 0xC0, 0xA7, 0x60, 0x2C, 0x0B, 0x77, 0xC0, 0xC0, 0x3C, 0x0A, 0x76, 0x02, 0xC0,
  0xB7, 0x7C, 0x0C, 0x03, 0xC0, 0xA7, 0x60, 0x2C, 0x0B, 0x77, 0xC0, 0xC0, 0x3C, 0x0A, 0x76, 0x02,
  0xC0, 0xB7, 0x7C, 0x0C, 0x03, 0xC0, 0xA7, 0x60, 0x2C, 0x0B, 0x77, 0xC0, 0xC0, 0x3C, 0x0A, 0x76,
  0x02, 0xC0, 0xB7, 0x7C, 0x0C, 0x03, 0xC0, 0xA7, 0x60, 0x2C, 0x0B, 0x77, 0xC0, 0xC0, 0x3C, 0x0A,
  0x76, 0x02, 0xC0, 0xB7, 0x7C, 0x0C, 0x03, 0xC0, 0xA7, 0x60, 0x2C, 0x0B, 0x77, 0xC0, 0xC0, 0x3C,
  0x0A, 0x76, 0x02, 0xC0, 0xB7, 0x7C, 0x0C, 0x03, 0xC0, 0xA7, 0x60, 0x2C, 0x0B, 0x77, 0xC0, 0xC0,
  0x3C, 0x0A, 0x76, 0x02, 0xC0, 0xB7, 0x7C, 0x0C, 0x03, 0xC0, 0xA7, 0x60, 0x2C, 0x0B, 0x77, 0xC0,
  0xC0, 0x3C, 0x0A, 0x76, 0x02, 0xC0, 0xB7, 0x7C, 0x0C, 0x03, 0xC0, 0xA7, 0x60, 0x2C, 0x0B, 0x77,
  0xC0, 0xC0, 0x3C, 0x0A, 0x76, 0x02, 0xC0, 0xB7, 0x7C, 0x0C,
  // "n" (U+006E), RLE, 210 bytes saved (50.1%)
  0x75, 0x85, 0x25, 0x77, 0x65, 0x27, 0x10, 0x3B, 0x0C, 0x48, 0x11, 0x8E, 0xF8, 0x1E, 0x92, 0x50,
  0x3C, 0x30, 0x70, 0xEF, 0xD0, 0x74, 0x03, 0xC8, 0x12, 0x0A, 0xFF, 0x90, 0xA3, 0x03, 0xC0, 0x40,
  0x8D, 0x83, 0xCB, 0xAB, 0xDF, 0x06, 0x20, 0x3C, 0x0B, 0xB0, 0xC0, 0x46, 0x02, 0x0A, 0xD0, 0xE2,
  0x03, 0xF0, 0x77, 0x30, 0x7D, 0x81, 0x50, 0x3E, 0x09, 0x75, 0x0B, 0xC8, 0x19, 0x03, 0xD0, 0xE0,
  0x17, 0x50, 0x4C, 0x81, 0xC0, 0x3D, 0x09, 0x77, 0xC8, 0x1E, 0x03, 0xD0, 0x47, 0x70, 0xDC, 0x10,
  0x3D, 0x77, 0x10, 0xCC, 0x01, 0x03, 0xC0, 0xD7, 0x71, 0x0C, 0xC0, 0x10, 0x3C, 0x0C, 0x77, 0x10,
  0xCC, 0x01, 0x03, 0xC0, 0xB7, 0x71, 0x0C, 0xC0, 0x10, 0x3C, 0x0A, 0x77, 0x10, 0xCC, 0x01, 0x03,
  0xC0, 0xA7, 0x71, 0x0C, 0xC0, 0x10, 0x3C, 0x0A, 0x77, 0x10, 0xCC, 0x01, 0x03, 0xC0, 0xA7, 0x71,
  0x0C, 0xC0, 0x10, 0x3C, 0x0A, 0x77, 0x10, 0xCC, 0x01, 0x03, 0xC0, 0xA7, 0x71, 0x0C, 0xC0, 0x10,
  0x3C, 0x0A, 0x77, 0x10, 0xCC, 0x01, 0x03, 0xC0, 0xA7, 0x71, 0x0C, 0xC0, 0x10, 0x3C, 0x0A, 0x77,
  0x10, 0xCC, 0x01, 0x03, 0xC0, 0xA7, 0x71, 0x0C, 0xC0, 0x10, 0x3C, 0x0A, 0x77, 0x10, 0xCC, 0x01,
  0x03, 0xC0, 0xA7, 0x71, 0x0C, 0xC0, 0x10, 0x3C, 0x0A, 0x77, 0x10, 0xCC, 0x01, 0x03, 0xC0, 0xA7,
  0x71, 0x0C, 0xC0, 0x10, 0x3C, 0x0A, 0x77, 0x10, 0xCC, 0x01, 0x03, 0xC0, 0xA7, 0x71, 0x0C, 0xC0,
  0x10,
  // "o" (U+006F), RLE, 229 bytes saved (51.1%)
  0x73, 0x86, 0x14, 0x57, 0x76, 0x41, 0x77, 0x38, 0x11, 0x8D, 0xF9, 0x81, 0xD7, 0x17, 0x50, 0x10,
  0x8F, 0xE0, 0xE0, 0x77, 0x30, 0x20, 0xDF, 0xFA, 0x0C, 0x01, 0x70, 0x20, 0xEE, 0x84, 0xEB, 0xAA,
  0xCE, 0xE0, 0xD0, 0x16, 0x0D, 0xD0, 0xA0, 0x36, 0x04, 0x0B, 0xD0, 0xB5, 0x09, 0xD0, 0x57, 0x30,
  0x7D, 0x07, 0x30, 0x2D, 0x05, 0x75, 0x08, 0xC0, 0xE0, 0x12, 0x09, 0xC0, 0xB7, 0x70, 0xDC, 0x07,
  0x20, 0xEC, 0x04, 0x77, 0x05, 0xC8, 0x1D, 0x03, 0xC0, 0xE7, 0x72, 0xD0, 0x20, 0x7C, 0x09, 0x77,
  0x20, 0xBC, 0x06, 0x0A, 0xC0, 0x77, 0x72, 0x08, 0xC0, 0x90, 0xBC, 0x04, 0x77, 0x20, 0x5C, 0x0B,
  0x0C, 0xC0, 0x37, 0x72, 0x04, 0xC0, 0xC0, 0xDC, 0x03, 0x77, 0x20, 0x4C, 0x00, 0xDC, 0x03, 0x77,
  0x20, 0x4C, 0x0C, 0x0D, 0xC0, 0x37, 0x72, 0x05, 0xC0, 0xB0, 0xCC, 0x05, 0x77, 0x20, 0x6C, 0x0A,
  0x09, 0xC0, 0x77, 0x72, 0x08, 0xC0, 0x90, 0x7C, 0x0A, 0x77, 0x20, 0xBC, 0x05, 0x03, 0xC0, 0xE7,
  0x71, 0x01, 0xD8, 0x12, 0x0E, 0xC0, 0x57, 0x70, 0x6C, 0x0D, 0x20, 0x8C, 0x0C, 0x77, 0x0D, 0xC0,
  0x72, 0x01, 0x0E, 0xC0, 0x77, 0x50, 0x9C, 0x0E, 0x01, 0x30, 0x7D, 0x06, 0x73, 0x07, 0xD0, 0x75,
  0x0B, 0xD0, 0xB0, 0x36, 0x04, 0x0C, 0xD0, 0xB6, 0x01, 0x0D, 0xE8, 0x4E, 0xBA, 0xAC, 0xEE, 0x0D,
  0x01, 0x70, 0x10, 0xCF, 0xFA, 0x0C, 0x01, 0x73, 0x07, 0x0E, 0xFE, 0x08, 0x76, 0x81, 0x17, 0xDF,
  0x98, 0x1D, 0x81, 0x77, 0x38, 0x61, 0x46, 0x77, 0x64, 0x17, 0x30,
  // "p" (U+0070), RLE, 340 bytes saved (54.0%)
  0x74, 0x85, 0x14, 0x67, 0x75, 0x47, 0x30, 0x3B, 0x0D, 0x40, 0x30, 0xBF, 0x90, 0xA0, 0x47, 0x03,
  0xC3, 0x08, 0xFD, 0x0A, 0x01, 0x50, 0x3C, 0x81, 0x20, 0xAF, 0xF0, 0xD0, 0x24, 0x03, 0xC0, 0x50,
  0x9C, 0x84, 0xEB, 0xAA, 0xCE, 0xE0, 0xE0, 0x13, 0x03, 0xC0, 0xDB, 0x0A, 0x03, 0x60, 0x50, 0xDD,
  0x0B, 0x30, 0x3F, 0x05, 0x73, 0x0B, 0xD0, 0x62, 0x03, 0xE0, 0x77, 0x40, 0x10, 0xDC, 0x0D, 0x20,
  0x3D, 0x0D, 0x76, 0x04, 0xD8, 0x13, 0x03, 0xD0, 0x87, 0x70, 0xCC, 0x81, 0x80, 0x3D, 0x03, 0x77,
  0x07, 0xC8, 0x1C, 0x03, 0xD7, 0x71, 0x03, 0xC8, 0x1E, 0x03, 0xC0, 0xD7, 0x72, 0xD0, 0x20, 0x3C,
  0x0C, 0x77, 0x20, 0xDC, 0x00, 0x3C, 0x0B, 0x77, 0x20, 0xCC, 0x04, 0x03, 0xC0, 0xA7, 0x72, 0x0B,
  0xC0, 0x50, 0x3C, 0x0B, 0x77, 0x20, 0xCC, 0x05, 0x03, 0xC0, 0xB7, 0x72, 0x0D, 0xC0, 0x40, 0x3C,
  0x0C, 0x77, 0x20, 0xEC, 0x00, 0x3C, 0x0E, 0x77, 0x10, 0x1D, 0x02, 0x03, 0xD0, 0x17, 0x70, 0x4C,
  0x81, 0xE0, 0x3D, 0x05, 0x77, 0x08, 0xC8, 0x1B, 0x03, 0xD0, 0x97, 0x70, 0xDC, 0x81, 0x80, 0x3E,
  0x01, 0x75, 0x05, 0xD8, 0x12, 0x03, 0xE0, 0x97, 0x40, 0x10, 0xEC, 0x0C, 0x20, 0x3F, 0x07, 0x72,
  0x01, 0x0C, 0xD0, 0x52, 0x03, 0xF9, 0x0B, 0x04, 0x60, 0x50, 0xDD, 0x0A, 0x30, 0x3C, 0x07, 0x0D,
  0xC8, 0x4E, 0xCA, 0xAB, 0xEE, 0x0D, 0x01, 0x30, 0x3C, 0x81, 0x71, 0xDF, 0xF0, 0xD0, 0x14, 0x03,
  0xC0, 0x82, 0x0A, 0xFD, 0x0A, 0x01, 0x50, 0x3C, 0x09, 0x30, 0x40, 0xBF, 0x81, 0xEA, 0x37, 0x03,
  0xC0, 0xA5, 0x85, 0x14, 0x67, 0x75, 0x37, 0x30, 0x3C, 0x0A, 0x77, 0x71, 0x03, 0xC0, 0xA7, 0x77,
  0x10, 0x3C, 0x0A, 0x77, 0x71, 0x03, 0xC0, 0xA7, 0x77, 0x10, 0x3C, 0x0A, 0x77, 0x71, 0x03, 0xC0,
  0xA7, 0x77, 0x10, 0x3C, 0x0A, 0x77, 0x71, 0x03, 0xC0, 0xA7, 0x77, 0x10, 0x3C, 0x0A, 0x77, 0x71,
  0x03, 0xC0, 0xA7, 0x77, 0x10, 0x3C, 0x0A, 0x77, 0x71, 0x03, 0xC0, 0xA7, 0x77, 0x10, 0x3C, 0x0A,
  0x77, 0x71,
  // "q" (U+0071), RLE, 322 bytes saved (53.0%)
  0x72, 0x85, 0x24, 0x67, 0x65, 0x27, 0x74, 0x07, 0x0C, 0xF0, 0xD0, 0x74, 0x05, 0xB0, 0xA5, 0x05,
  0x0D, 0xFC, 0x0C, 0x02, 0x20, 0x7B, 0x0A, 0x40, 0x7F, 0xF8, 0x2E, 0x40, 0xAB, 0x0A, 0x30, 0x7F,
  0x83, 0xCB, 0xAB, 0xDC, 0x81, 0xE2, 0xCB, 0x0A, 0x20, 0x3E, 0x08, 0x01, 0x50, 0x20, 0x8B, 0x0D,
  0xC0, 0xA2, 0x0D, 0xC0, 0xE0, 0x37, 0x20, 0x20, 0xEE, 0x81, 0xA0, 0x5D, 0x05, 0x74, 0x03, 0xE8,
  0x1A, 0x0B, 0xC0, 0xB7, 0x60, 0x9D, 0x0A, 0x01, 0xD0, 0x47, 0x60, 0x2D, 0x0A, 0x04, 0xC0, 0xE7,
  0x71, 0x0D, 0xC0, 0xA0, 0x7C, 0x0A, 0x77, 0x10, 0x9C, 0x00, 0xAC, 0x07, 0x77, 0x10, 0x7C, 0x0A,
  0x0B, 0xC0, 0x57, 0x71, 0x04, 0xC0, 0xA0, 0xCC, 0x03, 0x77, 0x10, 0x4C, 0x0A, 0x0D, 0xC0, 0x37,
  0x71, 0x03, 0xC0, 0xA0, 0xDC, 0x02, 0x77, 0x10, 0x2C, 0x0A, 0x0D, 0xC0, 0x37, 0x71, 0x03, 0xC0,
  0xA0, 0xCC, 0x04, 0x77, 0x10, 0x4C, 0x0A, 0x0B, 0xC0, 0x67, 0x71, 0x05, 0xC0, 0xA0, 0x8C, 0x09,
  0x77, 0x10, 0x7C, 0x0A, 0x05, 0xC0, 0xD7, 0x71, 0x0A, 0xC0, 0xA0, 0x2D, 0x03, 0x77, 0x0E, 0xC8,
  0x1A, 0x0C, 0xC0, 0xA7, 0x60, 0x6D, 0x81, 0xA0, 0x6D, 0x04, 0x74, 0x01, 0x0E, 0xD0, 0xA2, 0x0E,
  0xC0, 0xE0, 0x37, 0x20, 0x10, 0xCE, 0x0A, 0x20, 0x4E, 0x07, 0x01, 0x58, 0x11, 0x6E, 0xA0, 0xEC,
  0x0A, 0x30, 0x9F, 0x83, 0xCB, 0xAB, 0xDC, 0x0E, 0x03, 0xC0, 0xA4, 0x09, 0xFF, 0x90, 0x40, 0x2C,
  0x0A, 0x50, 0x60, 0xEF, 0xC8, 0x2D, 0x20, 0x3C, 0x0A, 0x68, 0x11, 0x8D, 0xF0, 0xD0, 0x73, 0x03,
  0xC0, 0xA7, 0x28, 0x52, 0x56, 0x76, 0x52, 0x50, 0x3C, 0x0A, 0x77, 0x70, 0x3C, 0x0A, 0x77, 0x70,
  0x3C, 0x0A, 0x77, 0x70, 0x3C, 0x0A, 0x77, 0x70, 0x3C, 0x0A, 0x77, 0x70, 0x3C, 0x0A, 0x77, 0x70,
  0x3C, 0x0A, 0x77, 0x70, 0x3C, 0x0A, 0x77, 0x70, 0x3C, 0x0A, 0x77, 0x70, 0x3C, 0x0A, 0x77, 0x70,
  0x3C, 0x0A, 0x77, 0x70, 0x3C, 0x0A, 0x77, 0x70, 0x3C, 0x0A, 0x77, 0x70, 0x3C, 0x0A,
  // "r" (U+0072), RLE, 165 bytes saved (55.9%)
  0x75, 0x86, 0x36, 0x77, 0x64, 0x03, 0xB0, 0xD5, 0x06, 0x0D, 0xE0, 0x20, 0x3B, 0x0E, 0x30, 0x10,
  0xCF, 0x91, 0x03, 0xC2, 0x01, 0x0D, 0xF9, 0x81, 0xE0, 0x3C, 0x81, 0x21, 0xDC, 0x86, 0xDB, 0xAC,
  0xEC, 0x03, 0xC0, 0x30, 0xAB, 0x0B, 0x03, 0x58, 0x12, 0x03, 0xC0, 0xBB, 0x05, 0x72, 0x03, 0xF0,
  0x47, 0x30, 0x3E, 0x07, 0x74, 0x03, 0xD0, 0xD7, 0x50, 0x3D, 0x06, 0x75, 0x03, 0xD0, 0x17, 0x50,
  0x3C, 0x0D, 0x76, 0x03, 0xC0, 0xB7, 0x60, 0x3C, 0x0A, 0x76, 0x03, 0xC0, 0xA7, 0x60, 0x3C, 0x0A,
  0x76, 0x03, 0xC0, 0xA7, 0x60, 0x3C, 0x0A, 0x76, 0x03, 0xC0, 0xA7, 0x60, 0x3C, 0x0A, 0x76, 0x03,
  0xC0, 0xA7, 0x60, 0x3C, 0x0A, 0x76, 0x03, 0xC0, 0xA7, 0x60, 0x3C, 0x0A, 0x76, 0x03, 0xC0, 0xA7,
  0x60, 0x3C, 0x0A, 0x76, 0x03, 0xC0, 0xA7, 0x60, 0x3C, 0x0A, 0x76, 0x03, 0xC0, 0xA7, 0x60, 0x3C,
  0x0A, 0x76,
  // "s" (U+0073), RLE, 191 bytes saved (51.9%)
  0x71, 0x87, 0x25, 0x67, 0x76, 0x53, 0x17, 0x48, 0x14, 0x9E, 0xFA, 0x81, 0xD8, 0x46, 0x02, 0x0B,
  0xFF, 0x90, 0xD0, 0x53, 0x03, 0x0E, 0xFF, 0xB0, 0x42, 0x01, 0x0E, 0xE8, 0x4C, 0xAA, 0xAB, 0xDD,
  0x0D, 0x30, 0x8C, 0x81, 0xE7, 0x16, 0x81, 0x15, 0xAA, 0x07, 0x30, 0xDC, 0x03, 0x75, 0x05, 0x01,
  0x3C, 0x0A, 0x77, 0x30, 0x1C, 0x09, 0x77, 0x4C, 0x0C, 0x77, 0x40, 0xDC, 0x07, 0x77, 0x30, 0x7D,
  0x0A, 0x02, 0x77, 0x20, 0xCE, 0x0A, 0x03, 0x77, 0x01, 0x0D, 0xF0, 0xC0, 0x67, 0x70, 0x9F, 0x98,
  0x1E, 0x93, 0x75, 0x02, 0x0A, 0xFA, 0x0B, 0x03, 0x75, 0x81, 0x28, 0xEF, 0x90, 0xA0, 0x17, 0x60,
  0x50, 0xBF, 0x0E, 0x02, 0x77, 0x02, 0x09, 0xE0, 0xD0, 0x17, 0x71, 0x02, 0x0B, 0xD0, 0x97, 0x73,
  0x08, 0xC0, 0xE7, 0x74, 0x0C, 0xC0, 0x37, 0x73, 0x08, 0xC0, 0x47, 0x73, 0x07, 0xC0, 0x37, 0x73,
  0x0C, 0xC8, 0x21, 0x1B, 0x57, 0x60, 0x6C, 0x81, 0xD0, 0x1A, 0x82, 0xE9, 0x51, 0x70, 0x20, 0x9D,
  0x81, 0x70, 0x1E, 0x85, 0xDC, 0xAA, 0xAB, 0xEE, 0x0C, 0x20, 0x1F, 0xFC, 0x0C, 0x01, 0x30, 0xCF,
  0xFA, 0x09, 0x68, 0x13, 0x9D, 0xFB, 0x81, 0xD8, 0x27, 0x38, 0x90, 0x13, 0x56, 0x77, 0x65, 0x41,
  0x71,
  // "t" (U+0074), RLE, 219 bytes saved (59.0%)
  0x70, 0xF7, 0x77, 0x10, 0x1B, 0x01, 0x77, 0x06, 0xB0, 0x17, 0x70, 0xAB, 0x01, 0x77, 0x0E, 0xB0,
  0x17, 0x60, 0x3C, 0x01, 0x76, 0x08, 0xC0, 0x17, 0x50, 0x30, 0xDC, 0x01, 0x73, 0x03, 0x0A, 0xFF,
  0x81, 0xB0, 0xAF, 0xFA, 0x0B, 0x01, 0xFF, 0xB0, 0xB0, 0x1F, 0xFB, 0x85, 0xB0, 0x22, 0x22, 0xDC,
  0x03, 0x80, 0x32, 0x01, 0x50, 0xDC, 0x01, 0x76, 0x0D, 0xC0, 0x17, 0x60, 0xDC, 0x01, 0x76, 0x0D,
  0xC0, 0x17, 0x60, 0xDC, 0x01, 0x76, 0x0D, 0xC0, 0x17, 0x60, 0xDC, 0x01, 0x76, 0x0D, 0xC0, 0x17,
  0x60, 0xDC, 0x01, 0x76, 0x0D, 0xC0, 0x17, 0x60, 0xDC, 0x01, 0x76, 0x0D, 0xC0, 0x17, 0x60, 0xDC,
  0x01, 0x76, 0x0D, 0xC0, 0x17, 0x60, 0xDC, 0x01, 0x76, 0x0D, 0xC0, 0x17, 0x60, 0xCC, 0x01, 0x76,
  0x0C, 0xC0, 0x37, 0x60, 0xAC, 0x07, 0x76, 0x08, 0xC0, 0xD0, 0x17, 0x50, 0x3D, 0x0C, 0x02, 0x50,
  0x16, 0x0C, 0xE8, 0x3C, 0xAA, 0xCE, 0x96, 0x03, 0xFD, 0x70, 0x50, 0xEF, 0xB7, 0x18, 0x12, 0x9E,
  0xF0, 0xB7, 0x48, 0x53, 0x57, 0x75, 0x41, 0x10,
  // "u" (U+0075), RLE, 199 bytes saved (49.4%)
  0x09, 0xC0, 0x67, 0x70, 0x1C, 0x0D, 0x09, 0xC0, 0x67, 0x70, 0x1C, 0x0D, 0x09, 0xC0, 0x67, 0x70,
  0x1C, 0x0D, 0x09, 0xC0, 0x67, 0x70, 0x1C, 0x0D, 0x09, 0xC0, 0x67, 0x70, 0x1C, 0x0D, 0x09, 0xC0,
  0x67, 0x70, 0x1C, 0x0D, 0x09, 0xC0, 0x67, 0x70, 0x1C, 0x0D, 0x09, 0xC0, 0x67, 0x70, 0x1C, 0x0D,
  0x09, 0xC0, 0x67, 0x70, 0x1C, 0x0D, 0x09, 0xC0, 0x67, 0x70, 0x1C, 0x0D, 0x09, 0xC0, 0x67, 0x70,
  0x1C, 0x0D, 0x09, 0xC0, 0x67, 0x70, 0x1C, 0x0D, 0x09, 0xC0, 0x67, 0x70, 0x1C, 0x0D, 0x09, 0xC0,
  0x67, 0x70, 0x1C, 0x0D, 0x09, 0xC0, 0x67, 0x70, 0x1C, 0x0D, 0x09, 0xC0, 0x67, 0x70, 0x1C, 0x0D,
  0x09, 0xC0, 0x67, 0x70, 0x1C, 0x0D, 0x09, 0xC0, 0x67, 0x70, 0x2C, 0x0D, 0x09, 0xC0, 0x67, 0x70,
  0x4C, 0x0D, 0x08, 0xC0, 0x67, 0x70, 0x7C, 0x0D, 0x08, 0xC0, 0x77, 0x70, 0xAC, 0x0D, 0x07, 0xC0,
  0x97, 0x70, 0xEC, 0x0D, 0x05, 0xC0, 0xD7, 0x60, 0x6D, 0x0D, 0x02, 0xD0, 0x57, 0x40, 0x10, 0xED,
  0x81, 0xD0, 0xDC, 0x0E, 0x02, 0x72, 0x01, 0x0C, 0xE8, 0x1D, 0x07, 0xD0, 0xE0, 0x66, 0x81, 0x17,
  0xEF, 0x0D, 0x20, 0xDF, 0x83, 0xBA, 0xAB, 0xDD, 0x07, 0x0C, 0xB0, 0xD2, 0x03, 0x0E, 0xFF, 0x98,
  0x19, 0x09, 0xB0, 0xD3, 0x02, 0x0D, 0xFD, 0x0E, 0x06, 0x20, 0x7B, 0x0D, 0x50, 0x60, 0xCF, 0x98,
  0x1D, 0x81, 0x30, 0x4B, 0x0D, 0x78, 0x61, 0x46, 0x77, 0x65, 0x27, 0x40,
  // "v" (U+0076), RLE, 246 bytes saved (56.6%)
  0x0C, 0xC0, 0x67, 0x73, 0x0E, 0xC0, 0x40, 0x6C, 0x0C, 0x77, 0x20, 0x5C, 0x81, 0xD0, 0x1D, 0x02,
  0x77, 0x10, 0xBC, 0x07, 0x20, 0xAC, 0x08, 0x77, 0x01, 0xD0, 0x12, 0x04, 0xC0, 0xD7, 0x70, 0x6C,
  0x0B, 0x40, 0xDC, 0x03, 0x76, 0x0C, 0xC0, 0x54, 0x08, 0xC0, 0x97, 0x50, 0x2C, 0x0E, 0x50, 0x2C,
  0x0E, 0x75, 0x08, 0xC0, 0x96, 0x0C, 0xC0, 0x57, 0x40, 0xDC, 0x03, 0x60, 0x6C, 0x0A, 0x73, 0x03,
  0xC0, 0xC7, 0x10, 0xEC, 0x01, 0x72, 0x09, 0xC0, 0x77, 0x10, 0x9C, 0x06, 0x72, 0x0E, 0xC0, 0x17,
  0x10, 0x4C, 0x0B, 0x71, 0x05, 0xC0, 0xA7, 0x30, 0xDC, 0x02, 0x70, 0xAC, 0x04, 0x73, 0x07, 0xC0,
  0x76, 0x01, 0xC0, 0xE7, 0x40, 0x2C, 0x0D, 0x60, 0x6C, 0x08, 0x75, 0x0B, 0xC0, 0x35, 0x0C, 0xC0,
  0x27, 0x50, 0x5C, 0x08, 0x40, 0x2C, 0x0C, 0x77, 0x0E, 0xB0, 0xE4, 0x07, 0xC0, 0x67, 0x70, 0x9C,
  0x04, 0x30, 0xCC, 0x01, 0x77, 0x03, 0xC0, 0x92, 0x02, 0xC0, 0xA7, 0x72, 0x0D, 0xB0, 0xE2, 0x07,
  0xC0, 0x47, 0x72, 0x07, 0xC8, 0x13, 0x0C, 0xB0, 0xD7, 0x73, 0x01, 0xC0, 0x80, 0x2C, 0x07, 0x77,
  0x40, 0xBB, 0x0C, 0x06, 0xC0, 0x27, 0x74, 0x05, 0xC0, 0xCB, 0x0B, 0x77, 0x60, 0xEF, 0x05, 0x77,
  0x60, 0x8E, 0x0E, 0x77, 0x70, 0x3E, 0x09, 0x77, 0x71, 0x0C, 0xD0, 0x37, 0x40,
  // "w" (U+0077), RLE, 334 bytes saved (50.6%)
  0x03, 0xC0, 0xD7, 0x60, 0xCC, 0x0D, 0x76, 0x0C, 0xC8, 0x14, 0x0E, 0xC0, 0x17, 0x40, 0x1E, 0x03,
  0x75, 0xC0, 0xE2, 0x0B, 0xC0, 0x57, 0x40, 0x6E, 0x07, 0x74, 0x04, 0xC0, 0xB2, 0x06, 0xC0, 0x97,
  0x40, 0xBE, 0x0C, 0x74, 0x08, 0xC0, 0x62, 0x02, 0xC0, 0xD7, 0x4F, 0x90, 0x17, 0x30, 0xCC, 0x02,
  0x30, 0xDC, 0x02, 0x72, 0x05, 0xB0, 0xC0, 0xDB, 0x06, 0x72, 0x01, 0xC0, 0xD4, 0x09, 0xC0, 0x67,
  0x20, 0xAB, 0x08, 0x09, 0xB0, 0xB7, 0x20, 0x5C, 0x09, 0x40, 0x5C, 0x0A, 0x72, 0x0E, 0xB0, 0x50,
  0x6C, 0x72, 0x09, 0xC0, 0x44, 0x01, 0xC0, 0xE7, 0x10, 0x4C, 0x00, 0x2C, 0x05, 0x71, 0x0D, 0xC6,
  0x0C, 0xC0, 0x27, 0x09, 0xB0, 0xD2, 0x0D, 0xB0, 0xA7, 0x02, 0xC0, 0xB6, 0x07, 0xC0, 0x67, 0x0E,
  0xB0, 0x92, 0x09, 0xB0, 0xE7, 0x06, 0xC0, 0x76, 0x03, 0xC0, 0xA6, 0x03, 0xC0, 0x52, 0x05, 0xC0,
  0x36, 0x0A, 0xC0, 0x37, 0x0E, 0xB0, 0xE6, 0x08, 0xC4, 0xC0, 0x86, 0x0E, 0xB0, 0xE7, 0x10, 0xAC,
  0x03, 0x50, 0xDB, 0x0B, 0x40, 0xBB, 0x0D, 0x50, 0x2C, 0x0A, 0x71, 0x06, 0xC0, 0x74, 0x02, 0xC0,
  0x64, 0x06, 0xC0, 0x24, 0x06, 0xC0, 0x57, 0x10, 0x2C, 0x0B, 0x40, 0x7C, 0x01, 0x40, 0x2C, 0x07,
  0x40, 0xBC, 0x01, 0x72, 0x0D, 0xB0, 0xE4, 0x0C, 0xB0, 0xB6, 0x0C, 0xB0, 0xC4, 0x0E, 0xB0, 0xC7,
  0x30, 0x9C, 0x03, 0x20, 0x1C, 0x06, 0x60, 0x8C, 0x01, 0x20, 0x3C, 0x08, 0x73, 0x04, 0xC0, 0x72,
  0x06, 0xC0, 0x16, 0x03, 0xC0, 0x62, 0x07, 0xC0, 0x47, 0x4C, 0x0A, 0x20, 0xAB, 0x0C, 0x71, 0x0E,
  0xB0, 0xA2, 0x0B, 0xB0, 0xE7, 0x50, 0xBB, 0x0E, 0x20, 0xEB, 0x07, 0x71, 0x09, 0xB0, 0xE2, 0x0E,
  0xB0, 0xA7, 0x50, 0x7C, 0x00, 0x2C, 0x02, 0x71, 0x04, 0xC0, 0x03, 0xC0, 0x67, 0x50, 0x3C, 0x05,
  0x06, 0xB0, 0xD7, 0x30, 0xEB, 0x07, 0x06, 0xC0, 0x27, 0x60, 0xEB, 0x08, 0x09, 0xB0, 0x87, 0x30,
  0xAB, 0x0A, 0x09, 0xB0, 0xD7, 0x70, 0xAB, 0x0B, 0x0D, 0xB0, 0x37, 0x30, 0x6B, 0x0D, 0x0C, 0xB0,
  0x97, 0x70, 0x6F, 0x0D, 0x74, 0x01, 0xF9, 0x04, 0x77, 0x01, 0xF0, 0x87, 0x50, 0xCF, 0x77, 0x20,
  0xDE, 0x03, 0x75, 0x07, 0xE0, 0xB7, 0x72, 0x08, 0xD0, 0xE7, 0x60, 0x2E, 0x07, 0x77, 0x20, 0x4D,
  0x09, 0x77, 0x0D, 0xD0, 0x37, 0x10,
  // "x" (U+0078), RLE, 222 bytes saved (52.9%)
  0x02, 0xD0, 0x67, 0x70, 0xCC, 0x0A, 0x20, 0x6D, 0x02, 0x75, 0x07, 0xC0, 0xE0, 0x13, 0x0B, 0xC0,
  0xC7, 0x40, 0x3D, 0x04, 0x40, 0x10, 0xEC, 0x07, 0x73, 0x0C, 0xC0, 0x96, 0x04, 0xD0, 0x37, 0x10,
  0x8C, 0x0D, 0x71, 0x09, 0xC0, 0xC7, 0x03, 0xD0, 0x37, 0x20, 0xDC, 0x08, 0x60, 0xDC, 0x07, 0x73,
  0x03, 0xD0, 0x34, 0x08, 0xC0, 0xB7, 0x50, 0x7C, 0x0D, 0x30, 0x3C, 0x0E, 0x01, 0x76, 0x0B, 0xC0,
  0x92, 0x0D, 0xC0, 0x57, 0x70, 0x10, 0xEC, 0x04, 0x09, 0xC0, 0xA7, 0x72, 0x05, 0xC0, 0xEC, 0x0D,
  0x01, 0x77, 0x30, 0xAF, 0x90, 0x47, 0x74, 0x01, 0x0D, 0xE0, 0x87, 0x76, 0x05, 0xD0, 0xD7, 0x77,
  0x0B, 0xE0, 0x47, 0x75, 0x06, 0xF0, 0xD0, 0x17, 0x73, 0x02, 0x0E, 0xF9, 0x0A, 0x77, 0x30, 0xCC,
  0x08, 0x0C, 0xC0, 0x67, 0x71, 0x08, 0xC8, 0x1C, 0x02, 0xC0, 0xE0, 0x27, 0x60, 0x4D, 0x02, 0x20,
  0x7C, 0x0C, 0x75, 0x01, 0x0D, 0xC0, 0x64, 0x0C, 0xC0, 0x87, 0x40, 0xAC, 0x0B, 0x50, 0x20, 0xEC,
  0x04, 0x72, 0x05, 0xC0, 0xE0, 0x16, 0x06, 0xC0, 0xD0, 0x17, 0x02, 0x0E, 0xC0, 0x57, 0x10, 0xBC,
  0x0A, 0x70, 0xCC, 0x0A, 0x72, 0x01, 0x0E, 0xC0, 0x65, 0x07, 0xC0, 0xD0, 0x17, 0x30, 0x5C, 0x0E,
  0x02, 0x30, 0x3D, 0x04, 0x75, 0x0A, 0xC0, 0xC3, 0x0D, 0xC0, 0x97, 0x60, 0x10, 0xEC, 0x81, 0x80,
  0x9C, 0x0D, 0x77, 0x10, 0x5D, 0x04,
  // "y" (U+0079), RLE, 378 bytes saved (59.2%)
  0x0B, 0xC0, 0x77, 0x73, 0x0E, 0xC0, 0x05, 0xC0, 0xD7, 0x72, 0x04, 0xC0, 0xE2, 0x0E, 0xC0, 0x37,
  0x71, 0x0A, 0xC0, 0x92, 0x08, 0xC0, 0x97, 0x71, 0x0E, 0xC0, 0x32, 0x02, 0xC0, 0xE7, 0x70, 0x5C,
  0x0D, 0x40, 0xBC, 0x05, 0x76, 0x0A, 0xC0, 0x74, 0x05, 0xC0, 0xB7, 0x50, 0x1D, 0x02, 0x50, 0xEC,
  0x01, 0x74, 0x06, 0xC0, 0xB6, 0x09, 0xC0, 0x77, 0x40, 0xBC, 0x05, 0x60, 0x2C, 0x0D, 0x73, 0x01,
  0xC0, 0xE7, 0x10, 0xCC, 0x03, 0x72, 0x07, 0xC0, 0x97, 0x10, 0x6C, 0x09, 0x72, 0x0C, 0xC0, 0x47,
  0x20, 0xEB, 0x0E, 0x71, 0x02, 0xC0, 0xD7, 0x30, 0x9C, 0x05, 0x70, 0x7C, 0x07, 0x73, 0x03, 0xC0,
  0xB7, 0x0D, 0xC0, 0x27, 0x40, 0xCC, 0x01, 0x50, 0x3C, 0x0B, 0x75, 0x06, 0xC0, 0x75, 0x08, 0xC0,
  0x67, 0x60, 0xEB, 0x0D, 0x50, 0xDB, 0x0E, 0x77, 0x09, 0xC0, 0x23, 0x03, 0xC0, 0x97, 0x70, 0x3C,
  0x08, 0x30, 0x8C, 0x04, 0x77, 0x10, 0xCB, 0x0D, 0x30, 0xDB, 0x0D, 0x77, 0x20, 0x6C, 0x81, 0x30,
  0x3C, 0x08, 0x77, 0x20, 0x1C, 0x81, 0x80, 0x8C, 0x02, 0x77, 0x30, 0xAB, 0x81, 0xC0, 0xCB, 0x0B,
  0x77, 0x40, 0x3C, 0x02, 0xC0, 0x67, 0x75, 0x0D, 0xB0, 0xBB, 0x0E, 0x77, 0x60, 0x7F, 0x0A, 0x77,
  0x60, 0x1F, 0x04, 0x77, 0x70, 0xAD, 0x0D, 0x77, 0x71, 0x04, 0xD0, 0x87, 0x77, 0x20, 0xEC, 0x02,
  0x77, 0x71, 0x03, 0xC0, 0xC7, 0x77, 0x20, 0x9C, 0x06, 0x77, 0x72, 0x0E, 0xC0, 0x17, 0x77, 0x10,
  0x6C, 0x0A, 0x77, 0x72, 0x0D, 0xC0, 0x37, 0x77, 0x10, 0x6C, 0x0C, 0x77, 0x71, 0x02, 0x0E, 0xC0,
  0x57, 0x77, 0x02, 0x0D, 0xC0, 0xC7, 0x71, 0x85, 0x25, 0x32, 0x24, 0x9E, 0x02, 0x77, 0x10, 0x6F,
  0xC0, 0x57, 0x72, 0x06, 0xFB, 0x07, 0x77, 0x30, 0x6F, 0x90, 0xD0, 0x57, 0x74, 0x87, 0x3B, 0xDE,
  0xFE, 0xDA, 0x57, 0x76,
  // "z" (U+007A), RLE, 212 bytes saved (61.4%)
  0x10, 0xDF, 0xFD, 0x0B, 0x20, 0xDF, 0xFD, 0x0B, 0x20, 0xDF, 0xFD, 0x0B, 0x20, 0xDF, 0xFD, 0x0B,
  0x20, 0x18, 0x09, 0x12, 0x03, 0x0E, 0xC0, 0x67, 0x72, 0x0A, 0xC0, 0xA7, 0x72, 0x06, 0xC0, 0xD0,
  0x17, 0x71, 0x02, 0x0E, 0xC0, 0x37, 0x72, 0x0C, 0xC0, 0x77, 0x72, 0x08, 0xC0, 0xB7, 0x72, 0x04,
  0xC0, 0xE0, 0x17, 0x71, 0x01, 0x0E, 0xC0, 0x47, 0x72, 0x0B, 0xC0, 0x87, 0x72, 0x06, 0xC0, 0xC7,
  0x72, 0x02, 0xC0, 0xE0, 0x27, 0x72, 0x0D, 0xC0, 0x67, 0x72, 0x09, 0xC0, 0xA7, 0x72, 0x04, 0xC0,
  0xD7, 0x72, 0x01, 0x0E, 0xC0, 0x37, 0x72, 0x0B, 0xC0, 0x77, 0x72, 0x07, 0xC0, 0xB7, 0x72, 0x03,
  0xC0, 0xE0, 0x17, 0x72, 0x0D, 0xC0, 0x47, 0x72, 0x09, 0xC0, 0x87, 0x72, 0x05, 0xC0, 0xC7, 0x72,
  0x02, 0x0E, 0xC0, 0x48, 0x09, 0x32, 0x10, 0xBF, 0xFF, 0x02, 0x0C, 0xFF, 0xF0, 0x20, 0xCF, 0xFF,
  0x02, 0x0C, 0xFF, 0xF0, 0x20,
  // "{" (U+007B), RLE, 275 bytes saved (57.9%)
  0x76, 0x84, 0x38, 0xBD, 0xE7, 0x74, 0x05, 0x0D, 0xD0, 0x77, 0x30, 0xBF, 0x07, 0x72, 0x0B, 0xF9,
  0x07, 0x71, 0x07, 0xD8, 0x3E, 0x95, 0x31, 0x71, 0x0E, 0xC0, 0xC0, 0x17, 0x40, 0x4C, 0x0E, 0x01,
  0x75, 0x07, 0xC0, 0x87, 0x60, 0x8C, 0x05, 0x76, 0x09, 0xC0, 0x47, 0x60, 0x9C, 0x04, 0x76, 0x09,
  0xC0, 0x47, 0x60, 0x9C, 0x04, 0x76, 0x09, 0xC0, 0x47, 0x60, 0x9C, 0x04, 0x76, 0x09, 0xC0, 0x47,
  0x60, 0x9C, 0x04, 0x76, 0x09, 0xC0, 0x47, 0x60, 0xAC, 0x03, 0x76, 0x0D, 0xC0, 0x17, 0x50, 0x4C,
  0x0C, 0x75, 0x04, 0x0E, 0xC0, 0x57, 0x83, 0x12, 0x47, 0xCD, 0x0A, 0x71, 0x06, 0xF0, 0xE0, 0x77,
  0x20, 0x6D, 0x81, 0xB6, 0x17, 0x30, 0x6D, 0x81, 0xD9, 0x37, 0x30, 0x6F, 0x90, 0xA0, 0x17, 0x38,
  0x12, 0x59, 0xD0, 0xC7, 0x60, 0x20, 0xDC, 0x08, 0x76, 0x03, 0xC0, 0xE7, 0x70, 0xCC, 0x02, 0x76,
  0x0A, 0xC0, 0x37, 0x60, 0x9C, 0x04, 0x76, 0x09, 0xC0, 0x47, 0x60, 0x9C, 0x04, 0x76, 0x09, 0xC0,
  0x47, 0x60, 0x9C, 0x04, 0x76, 0x09, 0xC0, 0x47, 0x60, 0x9C, 0x04, 0x76, 0x09, 0xC0, 0x47, 0x60,
  0x8C, 0x04, 0x76, 0x07, 0xC0, 0x77, 0x60, 0x5C, 0x0C, 0x76, 0x01, 0xD0, 0x87, 0x60, 0xAD, 0x81,
  0xC6, 0x27, 0x30, 0x10, 0xEF, 0x90, 0x77, 0x20, 0x30, 0xEF, 0x07, 0x73, 0x01, 0x09, 0xE0, 0x77,
  0x58, 0x21, 0x7B, 0xEA, 0x07, 0x77, 0x30, 0x11,
  // "|" (U+007C), uncompressed
  0x9F, 0xFF, 0x79, 0xFF, 0xF7, 0x9F, 0xFF, 0x79, 0xFF, 0xF7, 0x9F, 0xFF, 0x79, 0xFF, 0xF7, 0x9F,
  0xFF, 0x79, 0xFF, 0xF7, 0x9F, 0xFF, 0x79, 0xFF, 0xF7, 0x9F, 0xFF, 0x79, 0xFF, 0xF7, 0x9F, 0xFF,
  0x79, 0xFF, 0xF7, 0x9F, 0xFF, 0x79, 0xFF, 0xF7, 0x9F, 0xFF, 0x79, 0xFF, 0xF7, 0x9F, 0xFF, 0x79,
  0xFF, 0xF7, 0x9F, 0xFF, 0x79, 0xFF, 0xF7, 0x9F, 0xFF, 0x79, 0xFF, 0xF7, 0x9F, 0xFF, 0x79, 0xFF,
  0xF7, 0x9F, 0xFF, 0x79, 0xFF, 0xF7, 0x9F, 0xFF, 0x79, 0xFF, 0xF7, 0x9F, 0xFF, 0x79, 0xFF, 0xF7,
  0x9F, 0xFF, 0x79, 0xFF, 0xF7, 0x9F, 0xFF, 0x79, 0xFF, 0xF7, 0x9F, 0xFF, 0x79, 0xFF, 0xF7, 0x9F,
  0xFF, 0x79, 0xFF, 0xF7, 0x9F, 0xFF, 0x79, 0xFF, 0xF7, 0x9F, 0xFF, 0x79, 0xFF, 0xF7, 0x9F, 0xFF,
  0x79, 0xFF, 0xF7, 0x9F, 0xFF, 0x79, 0xFF, 0xF7, 0x9F, 0xFF, 0x79, 0xFF, 0xF7, 0x9F, 0xFF, 0x79,
  0xFF, 0xF7, 0x9F, 0xFF, 0x79, 0xFF, 0xF7, 0x9F, 0xFF, 0x79, 0xFF, 0xF7, 0x9F, 0xFF, 0x70,
  // "}" (U+007D), RLE, 299 bytes saved (62.9%)
  0x84, 0x3E, 0xDC, 0x95, 0x76, 0x03, 0xE0, 0x90, 0x17, 0x30, 0x3F, 0x0E, 0x03, 0x72, 0x03, 0xF9,
  0x0E, 0x02, 0x72, 0x82, 0x24, 0x7D, 0xD0, 0xC7, 0x60, 0x8D, 0x03, 0x76, 0x0A, 0xC0, 0x87, 0x60,
  0x3C, 0x0B, 0x77, 0xC0, 0xC7, 0x7C, 0x0D, 0x77, 0xC0, 0xD7, 0x7C, 0x0D, 0x77, 0xC0, 0xD7, 0x7C,
  0x0D, 0x77, 0xC0, 0xD7, 0x7C, 0x0D, 0x77, 0xC0, 0xD7, 0x7C, 0x0D, 0x77, 0x0E, 0xB0, 0xE7, 0x70,
  0xCC, 0x02, 0x76, 0x08, 0xC0, 0x97, 0x60, 0x2D, 0x08, 0x76, 0x06, 0xD8, 0x3D, 0x85, 0x31, 0x72,
  0x05, 0x0D, 0xF0, 0xB7, 0x40, 0x50, 0x9D, 0x0B, 0x73, 0x81, 0x17, 0xBD, 0x0B, 0x72, 0x07, 0xF9,
  0x0B, 0x71, 0x08, 0xD8, 0x1B, 0x62, 0x72, 0x03, 0xD0, 0x47, 0x50, 0x9C, 0x07, 0x76, 0x0D, 0xC0,
  0x17, 0x60, 0xEB, 0x0E, 0x77, 0xC0, 0xD7, 0x7C, 0x0D, 0x77, 0xC0, 0xD7, 0x7C, 0x0D, 0x77, 0xC0,
  0xD7, 0x7C, 0x0D, 0x77, 0xC0, 0xD7, 0x7C, 0x0D, 0x77, 0xC0, 0xD7, 0x60, 0x2C, 0x0B, 0x76, 0x08,
  0xC0, 0x97, 0x50, 0x5D, 0x05, 0x72, 0x81, 0x25, 0xBD, 0x0D, 0x71, 0x03, 0xFA, 0x04, 0x71, 0x03,
  0xF9, 0x04, 0x72, 0x03, 0xE0, 0xA0, 0x27, 0x30, 0x3A, 0x82, 0xEB, 0x72, 0x76, 0x01, 0x77, 0x30,
  // "~" (U+007E), RLE, 50 bytes saved (44.6%)
  0x70, 0x01, 0x77, 0x71, 0x81, 0x4A, 0xEC, 0x81, 0xD9, 0x57, 0x68, 0x39, 0x20, 0x1B, 0xFB, 0x81,
  0xEA, 0x47, 0x18, 0x43, 0xCF, 0x21, 0xEF, 0xF8, 0x6E, 0x95, 0x32, 0x36, 0xCB, 0x02, 0x03, 0xFF,
  0xFD, 0x02, 0x03, 0xB8, 0x69, 0x41, 0x01, 0x37, 0xCF, 0xF8, 0x4C, 0x03, 0xFA, 0x27, 0x18, 0x12,
  0x8D, 0xFB, 0x09, 0x20, 0x20, 0x67, 0x68, 0x90, 0x37, 0xBD, 0xEF, 0xEC, 0x72, 0x30,
  // "¡" (U+00A1), RLE, 38 bytes saved (25.9%)
  0x28, 0x14, 0x74, 0x20, 0x10, 0xCB, 0x81, 0xC1, 0x9D, 0x09, 0x0D, 0xD0, 0xD0, 0xED, 0x0E, 0x0D,
  0xD0, 0xD0, 0xAD, 0x81, 0xA1, 0xDB, 0x0D, 0x01, 0x28, 0x15, 0x75, 0x77, 0x77, 0x30, 0x3B, 0x01,
  0x20, 0x3B, 0x02, 0x20, 0x4B, 0x03, 0x20, 0x5B, 0x03, 0x20, 0x6B, 0x04, 0x20, 0x6B, 0x05, 0x20,
  0x7B, 0x06, 0x20, 0x8B, 0x06, 0x20, 0x9B, 0x07, 0x20, 0x9B, 0x08, 0x20, 0xAB, 0x09, 0x20, 0xBB,
  0x09, 0x20, 0xCB, 0x0A, 0x20, 0xCB, 0x0B, 0x20, 0xDB, 0x0B, 0x20, 0xEB, 0x0C, 0x2C, 0x0D, 0x2C,
  0x81, 0xE0, 0x1C, 0x81, 0xE0, 0x1D, 0x10, 0x2D, 0x10, 0x3D, 0x01, 0x04, 0xD0, 0x20, 0x4D, 0x03,
  0x05, 0xD0, 0x30, 0x6D, 0x04, 0x07, 0xD0, 0x50, 0x7D, 0x06, 0x08, 0xD0, 0x60,
  // "¢" (U+00A2), RLE, 271 bytes saved (58.7%)
  0x74, 0xB0, 0xB7, 0x74, 0xB0, 0xB7, 0x74, 0xB0, 0xB7, 0x74, 0xB0, 0xB7, 0x74, 0xB0, 0xC0, 0x17,
  0x78, 0x15, 0x9D, 0xE8, 0x2D, 0xB7, 0x27, 0x07, 0x0E, 0xFE, 0x0C, 0x40, 0x20, 0xCF, 0xF9, 0x0C,
  0x30, 0x20, 0xEF, 0xFA, 0x07, 0x20, 0x10, 0xDD, 0x82, 0xE9, 0x42, 0x28, 0x22, 0x58, 0xDA, 0x01,
  0x20, 0xAD, 0x0A, 0x01, 0x72, 0x03, 0x07, 0x20, 0x2D, 0x0A, 0x77, 0x10, 0x9C, 0x0D, 0x77, 0x20,
  0xEC, 0x05, 0x77, 0x10, 0x3C, 0x0E, 0x77, 0x20, 0x7C, 0x0A, 0x77, 0x20, 0x9C, 0x07, 0x77, 0x20,
  0xBC, 0x05, 0x77, 0x20, 0xCC, 0x03, 0x77, 0x20, 0xDC, 0x03, 0x77, 0x20, 0xDC, 0x02, 0x77, 0x20,
  0xDC, 0x02, 0x77, 0x20, 0xDC, 0x03, 0x77, 0x20, 0xBC, 0x04, 0x77, 0x20, 0xAC, 0x07, 0x77, 0x20,
  0x7C, 0x0A, 0x77, 0x20, 0x4C, 0x0E, 0x77, 0x30, 0xEC, 0x05, 0x77, 0x20, 0xAC, 0x0D, 0x77, 0x20,
  0x3D, 0x0A, 0x77, 0x20, 0xAD, 0x0B, 0x02, 0x72, 0x81, 0x16, 0x72, 0x01, 0x0E, 0xE8, 0x7A, 0x63,
  0x22, 0x35, 0x7B, 0xA0, 0xA3, 0x03, 0x0E, 0xFF, 0xA0, 0xA4, 0x02, 0x0C, 0xFF, 0x90, 0xA6, 0x06,
  0x0D, 0xFD, 0x0D, 0x05, 0x71, 0x81, 0x48, 0xCC, 0x83, 0xEE, 0xB8, 0x47, 0x6B, 0x0B, 0x77, 0x4B,
  0x0B, 0x77, 0x4B, 0x0B, 0x77, 0x4B, 0x0B, 0x77, 0x4B, 0x0B, 0x77, 0x40, 0xF7, 0x05, 0x70,
  // "£" (U+00A3), RLE, 403 bytes saved (66.2%)
  0x77, 0x86, 0x25, 0x67, 0x76, 0x52, 0x77, 0x48, 0x11, 0x8D, 0xF9, 0x82, 0xEB, 0x61, 0x76, 0x06,
  0xFF, 0x90, 0x90, 0x27, 0x30, 0x9F, 0xFB, 0x05, 0x72, 0x08, 0xE8, 0x4E, 0xBA, 0xAC, 0xED, 0x0E,
  0x72, 0x03, 0xD0, 0xD0, 0x46, 0x81, 0x38, 0xEA, 0x07, 0x72, 0x0B, 0xC0, 0xC7, 0x48, 0x15, 0xC1,
  0x71, 0x01, 0xD0, 0x27, 0x77, 0x10, 0x5C, 0x0B, 0x77, 0x72, 0x07, 0xC0, 0x77, 0x77, 0x20, 0x9C,
  0x05, 0x77, 0x72, 0x0A, 0xC0, 0x47, 0x77, 0x20, 0xAC, 0x04, 0x77, 0x72, 0x0A, 0xC0, 0x47, 0x77,
  0x20, 0xAC, 0x04, 0x77, 0x72, 0x0A, 0xC0, 0x47, 0x77, 0x20, 0xAC, 0x04, 0x77, 0x72, 0x0A, 0xC0,
  0x47, 0x77, 0x20, 0xAC, 0x04, 0x77, 0x48, 0x01, 0x20, 0xAC, 0x05, 0x80, 0x62, 0x01, 0x7F, 0xFF,
  0x0A, 0x7F, 0xFF, 0x0A, 0x7F, 0xFF, 0x0A, 0x7F, 0xFF, 0x0A, 0x75, 0x0A, 0xC0, 0x47, 0x77, 0x20,
  0xAC, 0x04, 0x77, 0x72, 0x0A, 0xC0, 0x47, 0x77, 0x20, 0xAC, 0x04, 0x77, 0x72, 0x0A, 0xC0, 0x47,
  0x77, 0x20, 0xAC, 0x04, 0x77, 0x72, 0x0A, 0xC0, 0x37, 0x77, 0x20, 0xBC, 0x02, 0x77, 0x72, 0x0D,
  0xC7, 0x77, 0x20, 0x1C, 0x0C, 0x77, 0x72, 0x07, 0xC0, 0x77, 0x77, 0x10, 0x20, 0xEB, 0x0C, 0x77,
  0x71, 0x02, 0x0D, 0xB0, 0xD0, 0x17, 0x76, 0x81, 0x17, 0xEB, 0x0D, 0x03, 0x80, 0xA1, 0x2F, 0xFF,
  0xE0, 0xE0, 0x3F, 0xFF, 0xE0, 0xE0, 0x3F, 0xFF, 0xE0, 0xE0, 0x3F, 0xFF, 0xE0, 0xE0,
  // "¤" (U+00A4), RLE, 146 bytes saved (43.2%)
  0x20, 0x80, 0xA7, 0x74, 0x0A, 0x08, 0x30, 0x8A, 0x09, 0x58, 0x42, 0x57, 0x75, 0x25, 0x0A, 0xA8,
  0x17, 0x06, 0xC0, 0x82, 0x06, 0x0D, 0xE0, 0xC0, 0x52, 0x09, 0xC8, 0x15, 0x1D, 0xC0, 0x80, 0xBF,
  0xB0, 0xB0, 0x9C, 0x0C, 0x20, 0x20, 0xEF, 0xFE, 0x0E, 0x01, 0x30, 0x3F, 0x98, 0x2C, 0xBA, 0xCF,
  0x0E, 0x03, 0x50, 0x5D, 0x08, 0x02, 0x40, 0x10, 0x8D, 0x05, 0x60, 0x5B, 0x0E, 0x04, 0x71, 0x03,
  0x0E, 0xB0, 0x66, 0x0D, 0xB0, 0x47, 0x30, 0x3B, 0x0E, 0x50, 0x5B, 0x09, 0x75, 0x08, 0xB0, 0x54,
  0x09, 0xB0, 0x37, 0x50, 0x2B, 0x09, 0x40, 0xCA, 0x0E, 0x77, 0x0D, 0xA0, 0xD4, 0x0E, 0xA0, 0xD7,
  0x70, 0xBA, 0x0E, 0x40, 0xEA, 0x0D, 0x77, 0x0C, 0xA0, 0xE4, 0x0C, 0xB7, 0x70, 0xEA, 0x0D, 0x40,
  0x9B, 0x05, 0x75, 0x04, 0xB0, 0xA4, 0x04, 0xB0, 0xC7, 0x50, 0xBB, 0x05, 0x50, 0xDB, 0x08, 0x73,
  0x07, 0xB0, 0xE6, 0x04, 0xC0, 0x97, 0x10, 0x8C, 0x05, 0x60, 0x6D, 0x86, 0xD7, 0x21, 0x02, 0x7D,
  0xD0, 0x65, 0x05, 0xFF, 0xE0, 0x43, 0x04, 0xFF, 0xF8, 0x3E, 0x30, 0x3E, 0xB8, 0x1E, 0x47, 0xFA,
  0x81, 0xE7, 0x5C, 0x82, 0xE2, 0x3E, 0xB0, 0x42, 0x81, 0x17, 0xCC, 0x81, 0xC7, 0x12, 0x05, 0xB8,
  0x5E, 0x30, 0x3E, 0xF4, 0x70, 0x01, 0x78, 0x26, 0xFE, 0x33, 0x04, 0x05, 0x77, 0x40, 0x60, 0x42,
  // "¥" (U+00A5), RLE, 376 bytes saved (61.1%)
  0x0E, 0xC0, 0x37, 0x74, 0x04, 0xC0, 0xD0, 0x7C, 0x0B, 0x77, 0x40, 0xCC, 0x81, 0x50, 0xEC, 0x04,
  0x77, 0x20, 0x4C, 0x0D, 0x20, 0x7C, 0x0B, 0x77, 0x20, 0xCC, 0x05, 0x30, 0xEC, 0x04, 0x77, 0x05,
  0xC0, 0xC4, 0x06, 0xC0, 0xC7, 0x70, 0xCC, 0x05, 0x50, 0xDC, 0x04, 0x75, 0x05, 0xC0, 0xC6, 0x06,
  0xC0, 0xC7, 0x50, 0xDC, 0x04, 0x70, 0xDC, 0x04, 0x73, 0x05, 0xC0, 0xC7, 0x10, 0x6C, 0x0C, 0x73,
  0x0D, 0xC0, 0x47, 0x20, 0xDC, 0x05, 0x71, 0x06, 0xC0, 0xB7, 0x30, 0x6C, 0x0D, 0x71, 0x0D, 0xC0,
  0x37, 0x40, 0xDC, 0x05, 0x60, 0x6C, 0x0B, 0x75, 0x05, 0xC0, 0xD6, 0x0E, 0xC0, 0x37, 0x60, 0xDC,
  0x05, 0x40, 0x7C, 0x0B, 0x77, 0x05, 0xC0, 0xD4, 0x0E, 0xC0, 0x37, 0x71, 0x0D, 0xC0, 0x62, 0x07,
  0xC0, 0xA7, 0x72, 0x05, 0xC0, 0xD2, 0x0E, 0xC0, 0x27, 0x73, 0x0D, 0xC0, 0x60, 0x7C, 0x0A, 0x77,
  0x40, 0x5C, 0x0D, 0x0E, 0xC0, 0x27, 0x75, 0x0C, 0xF9, 0x09, 0x77, 0x60, 0x5F, 0x90, 0x27, 0x70,
  0xEF, 0xFE, 0x0C, 0x71, 0x0E, 0xFF, 0xE0, 0xC7, 0x10, 0xEF, 0xFE, 0x0C, 0x71, 0x0E, 0xFF, 0xE0,
  0xC7, 0x10, 0x18, 0x03, 0x20, 0x8C, 0x07, 0x80, 0x32, 0x01, 0x77, 0x20, 0x7C, 0x05, 0x77, 0x73,
  0x07, 0xC0, 0x57, 0x72, 0x01, 0x80, 0x32, 0x08, 0xC0, 0x78, 0x03, 0x20, 0x17, 0x10, 0xEF, 0xFE,
  0x0C, 0x71, 0x0E, 0xFF, 0xE0, 0xC7, 0x10, 0xEF, 0xFE, 0x0C, 0x71, 0x0E, 0xFF, 0xE0, 0xC7, 0x72,
  0x07, 0xC0, 0x57, 0x77, 0x30, 0x7C, 0x05, 0x77, 0x73, 0x07, 0xC0, 0x57, 0x77, 0x30, 0x7C, 0x05,
  0x77, 0x73, 0x07, 0xC0, 0x57, 0x77, 0x30, 0x7C, 0x05, 0x77, 0x73, 0x07, 0xC0, 0x57, 0x50,
  // "¦" (U+00A6), RLE, 30 bytes saved (21.0%)
  0x09, 0xB0, 0x70, 0x9B, 0x07, 0x09, 0xB0, 0x70, 0x9B, 0x07, 0x09, 0xB0, 0x70, 0x9B, 0x07, 0x09,
  0xB0, 0x70, 0x9B, 0x07, 0x09, 0xB0, 0x70, 0x9B, 0x07, 0x09, 0xB0, 0x70, 0x9B, 0x07, 0x09, 0xB0,
  0x70, 0x9B, 0x07, 0x09, 0xB0, 0x70, 0x9B, 0x07, 0x09, 0xB0, 0x70, 0x9B, 0x07, 0x09, 0xB0, 0x70,
  0x9B, 0x07, 0x09, 0xB0, 0x70, 0x9B, 0x07, 0x80, 0xF5, 0x00, 0x9B, 0x07, 0x09, 0xB0, 0x70, 0x9B,
  0x07, 0x09, 0xB0, 0x70, 0x9B, 0x07, 0x09, 0xB0, 0x70, 0x9B, 0x07, 0x09, 0xB0, 0x70, 0x9B, 0x07,
  0x09, 0xB0, 0x70, 0x9B, 0x07, 0x09, 0xB0, 0x70, 0x9B, 0x07, 0x09, 0xB0, 0x70, 0x9B, 0x07, 0x09,
  0xB0, 0x70, 0x9B, 0x07, 0x09, 0xB0, 0x70, 0x9B, 0x07, 0x09, 0xB0, 0x70, 0x9B, 0x07, 0x09, 0xB0,
  0x70,
  // "§" (U+00A7), RLE, 232 bytes saved (47.9%)
  0x68, 0x33, 0x8B, 0xDE, 0xA8, 0x3E, 0xDB, 0x85, 0x71, 0x06, 0x0D, 0xFE, 0x0B, 0x05, 0x40, 0xBF,
  0xFB, 0x05, 0x20, 0xBF, 0xFB, 0x0E, 0x20, 0x5D, 0x89, 0x0B, 0x64, 0x22, 0x34, 0x59, 0xDB, 0x09,
  0x20, 0xBC, 0x05, 0x73, 0x82, 0x39, 0xE4, 0x2C, 0x0A, 0x77, 0x3C, 0x08, 0x77, 0x3C, 0x0B, 0x77,
  0x30, 0xCC, 0x05, 0x77, 0x20, 0x7D, 0x09, 0x01, 0x77, 0x10, 0xDD, 0x81, 0xE8, 0x27, 0x60, 0x10,
  0xDF, 0x0B, 0x05, 0x75, 0x01, 0x0B, 0xF9, 0x81, 0xE8, 0x17, 0x30, 0x5F, 0xC0, 0x90, 0x17, 0x09,
  0xFE, 0x0E, 0x06, 0x50, 0x9C, 0x83, 0x81, 0x15, 0xBF, 0x09, 0x30, 0x5C, 0x05, 0x58, 0x11, 0x8E,
  0xD0, 0x92, 0x0C, 0xB0, 0x87, 0x10, 0x10, 0xAD, 0x03, 0x01, 0xC0, 0x17, 0x30, 0x8C, 0x0A, 0x03,
  0xC7, 0x50, 0xCB, 0x0D, 0x03, 0xC7, 0x50, 0x6C, 0x02, 0xC0, 0x57, 0x40, 0x3C, 0x10, 0xEB, 0x0E,
  0x02, 0x73, 0x04, 0xB8, 0x1D, 0x09, 0xC0, 0xD0, 0x47, 0x20, 0x9B, 0x82, 0xA0, 0x1D, 0xD0, 0xA0,
  0x26, 0x03, 0xC0, 0x42, 0x02, 0x0E, 0xE0, 0xB0, 0x43, 0x03, 0x0E, 0xB0, 0xB4, 0x01, 0x0B, 0xF8,
  0x1D, 0x87, 0xC0, 0xD0, 0x16, 0x05, 0x0D, 0xFC, 0x0C, 0x02, 0x72, 0x05, 0x0C, 0xFA, 0x03, 0x75,
  0x81, 0x39, 0xEF, 0x07, 0x77, 0x05, 0x0C, 0xE0, 0x67, 0x71, 0x05, 0x0D, 0xD0, 0x27, 0x72, 0x0B,
  0xC0, 0x97, 0x72, 0x01, 0xC0, 0xD7, 0x73, 0x0C, 0xB0, 0xE7, 0x73, 0x0C, 0xB0, 0xD0, 0x37, 0x71,
  0x03, 0xC8, 0x3B, 0xAE, 0x83, 0x74, 0x03, 0x0E, 0xC0, 0x60, 0xAB, 0x89, 0x1E, 0xA7, 0x43, 0x22,
  0x34, 0x7B, 0xD8, 0x1D, 0x0A, 0xFF, 0xD8, 0x13, 0x0A, 0xFF, 0xB0, 0xE0, 0x32, 0x81, 0x18, 0xEF,
  0xE0, 0xE0, 0x77, 0x84, 0x37, 0xAC, 0xDE, 0xA8, 0x3E, 0xDA, 0x84, 0x60,
  // "¨" (U+00A8), RLE, 16 bytes saved (33.3%)
  0x18, 0x28, 0xEE, 0x76, 0x84, 0x2C, 0xEB, 0x25, 0xC0, 0x45, 0x0C, 0xB0, 0xB0, 0x9C, 0x08, 0x5D,
  0x09, 0xC0, 0x85, 0xD0, 0x4C, 0x04, 0x50, 0xCB, 0x84, 0xB0, 0x7E, 0xD7, 0x68, 0x32, 0xBE, 0xB1,
  // "©" (U+00A9), RLE, 436 bytes saved (49.4%)
  0x77, 0x18, 0x93, 0x37, 0xAC, 0xEE, 0xFE, 0xDB, 0x85, 0x17, 0x77, 0x58, 0x12, 0x9E, 0xFE, 0x0B,
  0x05, 0x77, 0x71, 0x02, 0x0A, 0xFF, 0xC0, 0xD0, 0x57, 0x75, 0x07, 0xD8, 0x3E, 0x96, 0x31, 0x38,
  0x22, 0x47, 0xBD, 0x0B, 0x01, 0x77, 0x10, 0x10, 0xBC, 0x0B, 0x04, 0x75, 0x81, 0x18, 0xEB, 0x0E,
  0x04, 0x76, 0x02, 0x0D, 0xB0, 0xD0, 0x37, 0x72, 0x01, 0x09, 0xC0, 0x57, 0x40, 0x10, 0xDB, 0x08,
  0x77, 0x60, 0x40, 0xEB, 0x05, 0x73, 0x0C, 0xB0, 0x67, 0x40, 0x01, 0x72, 0x02, 0x0D, 0xB0, 0x37,
  0x10, 0x8B, 0x06, 0x71, 0x81, 0x28, 0xCC, 0x82, 0xEB, 0x61, 0x50, 0x20, 0xEA, 0x0D, 0x01, 0x60,
  0x3B, 0x08, 0x71, 0x09, 0xFC, 0x09, 0x50, 0x3B, 0x09, 0x60, 0xBA, 0x0D, 0x70, 0x20, 0xDF, 0xD0,
  0xE6, 0x07, 0xB0, 0x34, 0x03, 0xB0, 0x36, 0x01, 0x0D, 0xFE, 0x07, 0x70, 0xDA, 0x0B, 0x40, 0xAA,
  0x0B, 0x70, 0xAD, 0x89, 0x09, 0x41, 0x01, 0x48, 0xEF, 0x17, 0x05, 0xB0, 0x22, 0x01, 0xB0, 0x46,
  0x04, 0xC0, 0xE0, 0x37, 0x10, 0x37, 0x20, 0xDA, 0x08, 0x20, 0x5A, 0x0E, 0x70, 0xBC, 0x03, 0x77,
  0x50, 0x7A, 0x0E, 0x20, 0x9A, 0x09, 0x60, 0x1C, 0x09, 0x77, 0x60, 0x2B, 0x81, 0x20, 0xDA, 0x05,
  0x60, 0x5C, 0x02, 0x77, 0x70, 0xDA, 0x06, 0x1B, 0x02, 0x60, 0x9B, 0x0D, 0x77, 0x71, 0x0A, 0xA0,
  0x80, 0x1B, 0x70, 0xBB, 0x0A, 0x77, 0x71, 0x08, 0xA0, 0xA0, 0x2A, 0x0E, 0x70, 0xCB, 0x08, 0x77,
  0x71, 0x06, 0xA0, 0xC0, 0x3A, 0x0D, 0x70, 0xDB, 0x07, 0x77, 0x71, 0x05, 0xA0, 0xC0, 0x3A, 0x0D,
  0x70, 0xDB, 0x07, 0x77, 0x71, 0x05, 0xA0, 0xC0, 0x2A, 0x0E, 0x70, 0xCB, 0x08, 0x77, 0x71, 0x06,
  0xA0, 0xC0, 0x1B, 0x70, 0xBB, 0x0A, 0x77, 0x71, 0x07, 0xA0, 0xB1, 0xB0, 0x26, 0x09, 0xB0, 0xC7,
  0x77, 0x10, 0x9A, 0x81, 0x90, 0xDA, 0x06, 0x60, 0x5C, 0x01, 0x77, 0x70, 0xDA, 0x81, 0x60, 0x9A,
  0x0A, 0x60, 0x2C, 0x07, 0x77, 0x60, 0x1B, 0x81, 0x30, 0x5A, 0x0E, 0x70, 0xBB, 0x0E, 0x01, 0x77,
  0x50, 0x6A, 0x0E, 0x20, 0x1B, 0x05, 0x60, 0x5C, 0x0C, 0x01, 0x71, 0x01, 0x72, 0x0C, 0xA0, 0x93,
  0x0A, 0xA0, 0xC7, 0x0C, 0xC8, 0x91, 0xE7, 0x31, 0x01, 0x36, 0xBF, 0x37, 0x04, 0xB0, 0x43, 0x04,
  0xB0, 0x66, 0x02, 0x0E, 0xFE, 0x03, 0x70, 0xCA, 0x0D, 0x50, 0xCA, 0x0E, 0x01, 0x60, 0x30, 0xEF,
  0xD0, 0x36, 0x07, 0xB0, 0x55, 0x03, 0xB0, 0xB7, 0x02, 0x0B, 0xFB, 0x0D, 0x02, 0x50, 0x3B, 0x0C,
  0x70, 0x8B, 0x09, 0x71, 0x81, 0x49, 0xDC, 0x81, 0xEA, 0x46, 0x02, 0x0E, 0xB0, 0x27, 0x10, 0xCB,
  0x08, 0x74, 0x00, 0x17, 0x20, 0x20, 0xDB, 0x06, 0x72, 0x01, 0x0D, 0xB0, 0xA0, 0x17, 0x75, 0x04,
  0x0E, 0xB0, 0x87, 0x40, 0x20, 0xDB, 0x0D, 0x05, 0x77, 0x20, 0x10, 0x9C, 0x09, 0x76, 0x01, 0x0C,
  0xC0, 0xC0, 0x47, 0x58, 0x11, 0x8E, 0xC0, 0x77, 0x72, 0x08, 0xD8, 0x3E, 0x95, 0x31, 0x38, 0x21,
  0x47, 0xBD, 0x0D, 0x03, 0x77, 0x40, 0x20, 0xBF, 0xFC, 0x0E, 0x07, 0x77, 0x71, 0x81, 0x39, 0xEF,
  0xE0, 0xC0, 0x77, 0x77, 0x68, 0x34, 0x7A, 0xCE, 0xA8, 0x4E, 0xDB, 0x96, 0x27, 0x70,
  // "ª" (U+00AA), RLE, 46 bytes saved (28.4%)
  0x38, 0x91, 0x26, 0xAC, 0xEF, 0xED, 0xB7, 0x15, 0x0B, 0xFB, 0x0E, 0x05, 0x40, 0x9B, 0x83, 0xC9,
  0x89, 0xCC, 0x03, 0x38, 0x21, 0xD7, 0x15, 0x04, 0x0E, 0xA0, 0xB7, 0x60, 0x8B, 0x76, 0x04, 0xB0,
  0x27, 0x50, 0x3B, 0x03, 0x58, 0x61, 0x36, 0x67, 0x77, 0x9B, 0x03, 0x30, 0x40, 0xBF, 0xC0, 0x32,
  0x09, 0xFE, 0x81, 0x30, 0x7B, 0x82, 0xE7, 0x31, 0x30, 0x3B, 0x81, 0x30, 0xEA, 0x0E, 0x01, 0x60,
  0x3B, 0x03, 0x02, 0xB0, 0x87, 0x05, 0xB0, 0x30, 0x2B, 0x06, 0x70, 0x8B, 0x03, 0x01, 0xB0, 0x86,
  0x01, 0x0E, 0xB8, 0x13, 0x0D, 0xA0, 0xE0, 0x14, 0x02, 0x0C, 0xC8, 0x13, 0x07, 0xB8, 0x3E, 0x98,
  0x8B, 0xA0, 0xDB, 0x03, 0x20, 0xAF, 0x98, 0x1A, 0x1C, 0xA0, 0x33, 0x86, 0x5B, 0xEF, 0xEC, 0x83,
  0x28, 0x25, 0xAA, 0x20,
  // "«" (U+00AB), RLE, 125 bytes saved (41.7%)
  0x72, 0x02, 0x73, 0x00, 0x17, 0x48, 0x22, 0xED, 0x47, 0x18, 0x1D, 0xE6, 0x72, 0x01, 0x0D, 0xB0,
  0xB6, 0x0B, 0xB0, 0xC0, 0x17, 0x0B, 0xC0, 0x75, 0x09, 0xC0, 0x97, 0x09, 0xC0, 0xA5, 0x06, 0xC0,
  0xB7, 0x06, 0xC0, 0xC5, 0x04, 0xC0, 0xD0, 0x16, 0x04, 0xC0, 0xE0, 0x14, 0x02, 0x0E, 0xB0, 0xE0,
  0x36, 0x02, 0x0E, 0xC0, 0x34, 0x01, 0x0D, 0xC0, 0x56, 0x01, 0x0D, 0xC0, 0x55, 0x0C, 0xC0, 0x87,
  0x0B, 0xC0, 0x85, 0x0A, 0xC0, 0xA7, 0x09, 0xC0, 0xB5, 0x07, 0xC0, 0xC7, 0x06, 0xC0, 0xD0, 0x14,
  0x05, 0xC0, 0xE0, 0x27, 0x0A, 0xC0, 0x95, 0x09, 0xC0, 0xB7, 0x10, 0x10, 0xEC, 0x06, 0x40, 0x10,
  0xDC, 0x08, 0x71, 0x03, 0xD0, 0x34, 0x02, 0x0E, 0xC0, 0x57, 0x10, 0x5C, 0x0E, 0x01, 0x40, 0x3C,
  0x0E, 0x03, 0x71, 0x08, 0xC0, 0xC5, 0x05, 0xC0, 0xD0, 0x17, 0x10, 0xAC, 0x0A, 0x50, 0x8C, 0x0C,
  0x72, 0x0C, 0xC0, 0x75, 0x0A, 0xC0, 0x97, 0x10, 0x10, 0xDC, 0x04, 0x50, 0xCC, 0x06, 0x71, 0x03,
  0x0E, 0xB0, 0xE0, 0x24, 0x01, 0x0D, 0xC0, 0x47, 0x10, 0x5C, 0x0D, 0x50, 0x30, 0xEB, 0x0E, 0x01,
  0x71, 0x07, 0xA0, 0xB0, 0x26, 0x04, 0xA0, 0xD0, 0x47, 0x30, 0x80, 0x57, 0x20, 0x60, 0x73,
  // "¬" (U+00AC), RLE, 154 bytes saved (68.8%)
  0x18, 0x0A, 0x62, 0x10, 0x3F, 0xFF, 0xD0, 0x10, 0x3F, 0xFF, 0xD0, 0x10, 0x3F, 0xFF, 0xD0, 0x10,
  0x3F, 0xFF, 0xD0, 0x17, 0x77, 0x20, 0xDB, 0x01, 0x77, 0x72, 0x0D, 0xB0, 0x17, 0x77, 0x20, 0xDB,
  0x01, 0x77, 0x72, 0x0D, 0xB0, 0x17, 0x77, 0x20, 0xDB, 0x01, 0x77, 0x72, 0x0D, 0xB0, 0x17, 0x77,
  0x20, 0xDB, 0x01, 0x77, 0x72, 0x0D, 0xB0, 0x17, 0x77, 0x20, 0xDB, 0x01, 0x77, 0x72, 0x0D, 0xB0,
  0x17, 0x77, 0x20, 0x60, 0xF7, 0x10,
  // "®" (U+00AE), RLE, 412 bytes saved (46.7%)
  0x77, 0x18, 0x93, 0x37, 0xAC, 0xEE, 0xFE, 0xDB, 0x85, 0x17, 0x77, 0x58, 0x12, 0x9E, 0xFE, 0x0B,
  0x05, 0x77, 0x71, 0x02, 0x0A, 0xFF, 0xC0, 0xD0, 0x57, 0x75, 0x07, 0xD8, 0x3E, 0x96, 0x31, 0x38,
  0x22, 0x47, 0xBD, 0x0B, 0x01, 0x77, 0x10, 0x10, 0xBC, 0x0B, 0x04, 0x75, 0x81, 0x18, 0xEB, 0x0E,
  0x04, 0x76, 0x02, 0x0D, 0xB0, 0xD0, 0x37, 0x72, 0x01, 0x09, 0xC0, 0x57, 0x40, 0x10, 0xDB, 0x08,
  0x77, 0x60, 0x40, 0xEB, 0x05, 0x73, 0x0C, 0xB0, 0x67, 0x77, 0x10, 0x20, 0xDB, 0x03, 0x71, 0x08,
  0xB0, 0x67, 0x77, 0x30, 0x20, 0xEA, 0x0D, 0x01, 0x60, 0x3B, 0x08, 0x50, 0x5F, 0x83, 0xEE, 0xC9,
  0x47, 0x10, 0x3B, 0x09, 0x60, 0xBA, 0x0D, 0x60, 0x5F, 0xD0, 0xC0, 0x37, 0x07, 0xB0, 0x34, 0x03,
  0xB0, 0x36, 0x05, 0xFE, 0x0E, 0x03, 0x70, 0xDA, 0x0B, 0x40, 0xAA, 0x0B, 0x70, 0x5F, 0xF0, 0xC7,
  0x05, 0xB0, 0x22, 0x01, 0xB0, 0x47, 0x05, 0xB8, 0x5D, 0x22, 0x22, 0x49, 0xD0, 0x37, 0x0D, 0xA0,
  0x82, 0x05, 0xA0, 0xE7, 0x10, 0x5B, 0x0D, 0x60, 0x4C, 0x07, 0x70, 0x7A, 0x0E, 0x20, 0x9A, 0x09,
  0x71, 0x05, 0xB0, 0xD7, 0x0C, 0xB0, 0x97, 0x02, 0xB8, 0x12, 0x0D, 0xA0, 0x57, 0x10, 0x5B, 0x0D,
  0x70, 0xAB, 0x09, 0x71, 0x0D, 0xA0, 0x61, 0xB0, 0x27, 0x10, 0x5B, 0x0D, 0x70, 0xDB, 0x08, 0x71,
  0x0A, 0xA0, 0x80, 0x1B, 0x72, 0x05, 0xB0, 0xD6, 0x06, 0xC0, 0x47, 0x10, 0x8A, 0x0A, 0x02, 0xA0,
  0xE7, 0x20, 0x5B, 0x0D, 0x38, 0x11, 0x3A, 0xC0, 0xD7, 0x20, 0x6A, 0x0C, 0x03, 0xA0, 0xD7, 0x20,
  0x5F, 0xE0, 0xE0, 0x37, 0x20, 0x5A, 0x0C, 0x03, 0xA0, 0xD7, 0x20, 0x5F, 0xD0, 0xE0, 0x37, 0x30,
  0x5A, 0x0C, 0x02, 0xA0, 0xE7, 0x20, 0x5F, 0xC0, 0x97, 0x50, 0x6A, 0x0C, 0x01, 0xB7, 0x20, 0x5F,
  0xC0, 0xB7, 0x50, 0x7A, 0x0B, 0x1B, 0x02, 0x71, 0x05, 0xB0, 0xD3, 0x05, 0xC0, 0x57, 0x40, 0x9A,
  0x81, 0x90, 0xDA, 0x06, 0x71, 0x05, 0xB0, 0xD4, 0x0B, 0xB0, 0xD7, 0x40, 0xDA, 0x81, 0x60, 0x9A,
  0x0A, 0x71, 0x05, 0xB0, 0xD4, 0x03, 0xC0, 0x87, 0x20, 0x1B, 0x81, 0x30, 0x5A, 0x0E, 0x71, 0x05,
  0xB0, 0xD5, 0x09, 0xC0, 0x27, 0x10, 0x6A, 0x0E, 0x20, 0x1B, 0x05, 0x70, 0x5B, 0x0D, 0x50, 0x10,
  0xEB, 0x0B, 0x71, 0x0C, 0xA0, 0x93, 0x0A, 0xA0, 0xC7, 0x05, 0xB0, 0xD6, 0x07, 0xC0, 0x46, 0x04,
  0xB0, 0x43, 0x04, 0xB0, 0x66, 0x05, 0xB0, 0xD7, 0x0D, 0xB0, 0xD6, 0x0C, 0xA0, 0xD5, 0x0C, 0xA0,
  0xE0, 0x15, 0x05, 0xB0, 0xD7, 0x04, 0xC0, 0x74, 0x07, 0xB0, 0x55, 0x03, 0xB0, 0xB5, 0x05, 0xB0,
  0xD7, 0x10, 0xBB, 0x0E, 0x01, 0x20, 0x3B, 0x0C, 0x70, 0x8B, 0x09, 0x48, 0x34, 0xAA, 0xA9, 0x71,
  0x87, 0x2A, 0xAA, 0xA6, 0x02, 0xEB, 0x02, 0x71, 0x0C, 0xB0, 0x87, 0x77, 0x10, 0x20, 0xDB, 0x06,
  0x72, 0x01, 0x0D, 0xB0, 0xA0, 0x17, 0x75, 0x04, 0x0E, 0xB0, 0x87, 0x40, 0x20, 0xDB, 0x0D, 0x05,
  0x77, 0x20, 0x10, 0x9C, 0x09, 0x76, 0x01, 0x0C, 0xC0, 0xC0, 0x47, 0x58, 0x11, 0x8E, 0xC0, 0x77,
  0x72, 0x08, 0xD8, 0x3E, 0x95, 0x31, 0x38, 0x21, 0x47, 0xBD, 0x0D, 0x03, 0x77, 0x40, 0x20, 0xBF,
  0xFC, 0x0E, 0x07, 0x77, 0x71, 0x81, 0x39, 0xEF, 0xE0, 0xC0, 0x77, 0x77, 0x68, 0x34, 0x7A, 0xCE,
  0xA8, 0x4E, 0xDB, 0x96, 0x27, 0x70,
  // "¯" (U+00AF), RLE, 57 bytes saved (76.0%)
  0x18, 0x0B, 0x02, 0x10, 0x2F, 0xFF, 0xF0, 0x02, 0xFF, 0xFF, 0x00, 0x2F, 0xFF, 0xF0, 0x02, 0xFF,
  0xFF, 0x02,
  // "°" (U+00B0), RLE, 49 bytes saved (32.0%)
  0x58, 0x66, 0xBD, 0xEE, 0xDA, 0x67, 0x10, 0x60, 0xEF, 0x90, 0xE0, 0x55, 0x08, 0xFD, 0x07, 0x30,
  0x6B, 0x81, 0xE7, 0x22, 0x81, 0x27, 0xEB, 0x82, 0x50, 0x1E, 0xA0, 0xE0, 0x26, 0x03, 0x0E, 0xA8,
  0x1D, 0x06, 0xB0, 0x57, 0x10, 0x6B, 0x05, 0x0A, 0xB7, 0x3B, 0x0A, 0x0D, 0xA0, 0xC7, 0x30, 0xDA,
  0x0C, 0x0D, 0xA0, 0xB7, 0x30, 0xBA, 0x00, 0xDA, 0x0C, 0x73, 0x0C, 0xA0, 0xC0, 0xBA, 0x0E, 0x73,
  0xB0, 0xA0, 0x6B, 0x05, 0x71, 0x06, 0xB8, 0x16, 0x1E, 0xA0, 0xE0, 0x26, 0x02, 0x0E, 0xA0, 0xE2,
  0x06, 0xB8, 0x1E, 0x72, 0x28, 0x12, 0x7E, 0xB0, 0x53, 0x09, 0xFD, 0x08, 0x50, 0x60, 0xEF, 0x90,
  0xE0, 0x57, 0x87, 0x16, 0xBD, 0xFE, 0xDA, 0x65,
  // "±" (U+00B1), RLE, 356 bytes saved (74.8%)
  0x74, 0x01, 0xC7, 0x77, 0x20, 0x1C, 0x77, 0x72, 0x01, 0xC7, 0x77, 0x20, 0x1C, 0x77, 0x72, 0x01,
  0xC7, 0x77, 0x20, 0x1C, 0x77, 0x72, 0x01, 0xC7, 0x77, 0x20, 0x1C, 0x77, 0x72, 0x01, 0xC7, 0x77,
  0x20, 0x1C, 0x77, 0x72, 0x01, 0xC7, 0x68, 0x06, 0x20, 0x3C, 0x80, 0x72, 0x10, 0x3F, 0xFF, 0xD0,
  0x10, 0x3F, 0xFF, 0xD0, 0x10, 0x3F, 0xFF, 0xD0, 0x10, 0x3F, 0xFF, 0xD0, 0x17, 0x40, 0x1C, 0x77,
  0x72, 0x01, 0xC7, 0x77, 0x20, 0x1C, 0x77, 0x72, 0x01, 0xC7, 0x77, 0x20, 0x1C, 0x77, 0x72, 0x01,
  0xC7, 0x77, 0x20, 0x1C, 0x77, 0x72, 0x01, 0xC7, 0x77, 0x20, 0x1C, 0x77, 0x72, 0x01, 0xC7, 0x77,
  0x20, 0x1C, 0x80, 0x98, 0x10, 0x80, 0xA6, 0x21, 0x03, 0xFF, 0xFD, 0x02, 0x03, 0xFF, 0xFD, 0x02,
  0x03, 0xFF, 0xFD, 0x02, 0x03, 0xFF, 0xFD, 0x02,
  // "²" (U+00B2), RLE, 100 bytes saved (46.9%)
  0x68, 0x44, 0x56, 0x64, 0x17, 0x18, 0x13, 0xAE, 0xE0, 0xA0, 0x25, 0x09, 0xFC, 0x05, 0x20, 0x10,
  0xCF, 0xE0, 0x22, 0x0C, 0xB8, 0x49, 0x41, 0x02, 0x8C, 0x0A, 0x28, 0x22, 0xEB, 0x26, 0x05, 0xB0,
  0xE3, 0x02, 0x72, 0x0E, 0xB0, 0x27, 0x50, 0xCB, 0x02, 0x75, 0x0D, 0xB7, 0x50, 0x1B, 0x0C, 0x75,
  0x08, 0xB0, 0x67, 0x40, 0x3B, 0x0D, 0x74, 0x01, 0x0D, 0xB0, 0x37, 0x30, 0x10, 0xCB, 0x05, 0x73,
  0x01, 0x0C, 0xB0, 0x77, 0x30, 0x10, 0xCB, 0x07, 0x73, 0x01, 0x0D, 0xB0, 0x77, 0x30, 0x20, 0xDB,
  0x07, 0x73, 0x02, 0x0D, 0xB0, 0x67, 0x30, 0x20, 0xEB, 0x05, 0x73, 0x03, 0x0E, 0xB0, 0x57, 0x30,
  0x30, 0xEB, 0x0B, 0x80, 0x67, 0x01, 0x0A, 0xFF, 0x90, 0x20, 0xAF, 0xF9, 0x02, 0x0A, 0xFF, 0x90,
  0x20,
  // "³" (U+00B3), RLE, 87 bytes saved (40.8%)
  0x38, 0x90, 0x16, 0xAD, 0xEF, 0xEC, 0x93, 0x50, 0x10, 0x9F, 0xB0, 0xB0, 0x12, 0x05, 0x0E, 0xFD,
  0x82, 0xD1, 0x08, 0xC8, 0x4E, 0xA8, 0x79, 0xEC, 0x09, 0x28, 0x2B, 0xFB, 0x46, 0x0A, 0xB0, 0xE2,
  0x01, 0x05, 0x72, 0x0E, 0xB0, 0x27, 0x50, 0xCB, 0x03, 0x75, 0x0D, 0xB0, 0x17, 0x40, 0x4B, 0x0D,
  0x74, 0x04, 0x0E, 0xB0, 0x54, 0x85, 0x27, 0x77, 0x79, 0xCC, 0x08, 0x50, 0x6F, 0x90, 0xD0, 0x56,
  0x06, 0xF9, 0x0B, 0x06, 0x60, 0x6F, 0xB0, 0xD0, 0x27, 0x28, 0x21, 0x38, 0xEB, 0x0E, 0x01, 0x74,
  0x01, 0x0C, 0xB0, 0x87, 0x50, 0x4B, 0x0D, 0x75, 0x01, 0xB0, 0xE7, 0x50, 0x2B, 0x0D, 0x75, 0x09,
  0xB8, 0x2B, 0xE9, 0x47, 0x10, 0x7C, 0x06, 0xB8, 0x6E, 0xB9, 0x87, 0x8A, 0xEC, 0x0D, 0x1F, 0xF8,
  0x3E, 0x20, 0x8E, 0xFC, 0x0A, 0x01, 0x48, 0x91, 0x59, 0xCE, 0xEF, 0xED, 0xA7, 0x24,
  // "´" (U+00B4), RLE, 20 bytes saved (37.0%)
  0x50, 0xBD, 0x06, 0x40, 0x4D, 0x0C, 0x50, 0xCC, 0x0D, 0x01, 0x40, 0x7C, 0x0E, 0x03, 0x40, 0x2C,
  0x0E, 0x03, 0x50, 0xBC, 0x04, 0x50, 0x6C, 0x05, 0x50, 0x20, 0xEA, 0x0E, 0x04, 0x60, 0xBA, 0x0D,
  0x03, 0x70,
  // "µ" (U+00B5), RLE, 331 bytes saved (55.7%)
  0x03, 0xC0, 0xA7, 0x71, 0x0C, 0xC0, 0x10, 0x3C, 0x0A, 0x77, 0x10, 0xCC, 0x01, 0x03, 0xC0, 0xA7,
  0x71, 0x0C, 0xC0, 0x10, 0x3C, 0x0A, 0x77, 0x10, 0xCC, 0x01, 0x03, 0xC0, 0xA7, 0x71, 0x0C, 0xC0,
  0x10, 0x3C, 0x0A, 0x77, 0x10, 0xCC, 0x01, 0x03, 0xC0, 0xA7, 0x71, 0x0C, 0xC0, 0x10, 0x3C, 0x0A,
  0x77, 0x10, 0xCC, 0x01, 0x03, 0xC0, 0xA7, 0x71, 0x0C, 0xC0, 0x10, 0x3C, 0x0A, 0x77, 0x10, 0xCC,
  0x01, 0x03, 0xC0, 0xA7, 0x71, 0x0C, 0xC0, 0x10, 0x3C, 0x0A, 0x77, 0x10, 0xCC, 0x01, 0x03, 0xC0,
  0xA7, 0x71, 0x0C, 0xC0, 0x10, 0x3C, 0x0A, 0x77, 0x10, 0xCC, 0x01, 0x03, 0xC0, 0xA7, 0x71, 0x0C,
  0xC0, 0x10, 0x3C, 0x0A, 0x77, 0x10, 0xCC, 0x01, 0x03, 0xC0, 0xA7, 0x71, 0x0D, 0xC0, 0x10, 0x3C,
  0x0A, 0x77, 0x10, 0xDC, 0x01, 0x03, 0xC0, 0xA7, 0x71, 0xD0, 0x10, 0x3C, 0x0A, 0x77, 0x02, 0xD0,
  0x10, 0x3C, 0x0B, 0x77, 0x05, 0xD0, 0x10, 0x3C, 0x0E, 0x77, 0x0A, 0xD0, 0x10, 0x3D, 0x02, 0x75,
  0x02, 0xE0, 0x10, 0x3D, 0x09, 0x75, 0x0A, 0xE0, 0x10, 0x3E, 0x05, 0x73, 0x08, 0xF0, 0x10, 0x3F,
  0x08, 0x01, 0x60, 0x50, 0xCB, 0x0E, 0xC0, 0x10, 0x3F, 0xA8, 0x3C, 0xAA, 0xBC, 0xD0, 0xA0, 0x7C,
  0x01, 0x03, 0xFF, 0xC8, 0x1B, 0x04, 0xC0, 0x10, 0x3C, 0x07, 0x0A, 0xFC, 0x09, 0x20, 0x2C, 0x01,
  0x03, 0xC8, 0x28, 0x05, 0xDF, 0x0B, 0x04, 0x40, 0xEB, 0x01, 0x03, 0xC0, 0x83, 0x85, 0x25, 0x77,
  0x64, 0x17, 0x40, 0x3C, 0x09, 0x77, 0x70, 0x3C, 0x0A, 0x77, 0x70, 0x3C, 0x0A, 0x77, 0x70, 0x3C,
  0x0A, 0x77, 0x70, 0x3C, 0x0A, 0x77, 0x70, 0x3C, 0x0A, 0x77, 0x70, 0x3C, 0x0A, 0x77, 0x70, 0x3C,
  0x0A, 0x77, 0x70, 0x3C, 0x0A, 0x77, 0x70, 0x3C, 0x0A, 0x77, 0x70, 0x3C, 0x0A, 0x77, 0x70, 0x3C,
  0x0A, 0x77, 0x70, 0x3C, 0x0A, 0x77, 0x70,
  // "¶" (U+00B6), RLE, 356 bytes saved (50.9%)
  0x78, 0x34, 0x8B, 0xDE, 0xFF, 0x90, 0xB5, 0x06, 0x0D, 0xFF, 0xE0, 0xB3, 0x01, 0x0C, 0xFF, 0xF9,
  0x0B, 0x20, 0x10, 0xDF, 0xF0, 0xC5, 0x07, 0xA0, 0xB2, 0x0A, 0xFF, 0x90, 0xC5, 0x07, 0xA8, 0x1B,
  0x04, 0xFF, 0xA0, 0xC5, 0x07, 0xA8, 0x1B, 0x0B, 0xFF, 0xA0, 0xC5, 0x07, 0xA0, 0xB0, 0x1F, 0xFB,
  0x0C, 0x50, 0x7A, 0x0B, 0x05, 0xFF, 0xB0, 0xC5, 0x07, 0xA0, 0xB0, 0x8F, 0xFB, 0x0C, 0x50, 0x7A,
  0x0B, 0x0A, 0xFF, 0xB0, 0xC5, 0x07, 0xA0, 0xB0, 0xCF, 0xFB, 0x0C, 0x50, 0x7A, 0x0B, 0x0D, 0xFF,
  0xB0, 0xC5, 0x07, 0xA0, 0xB0, 0xDF, 0xFB, 0x0C, 0x50, 0x7A, 0x0B, 0x0E, 0xFF, 0xB0, 0xC5, 0x07,
  0xA0, 0xB0, 0xDF, 0xFB, 0x0C, 0x50, 0x7A, 0x0B, 0x0C, 0xFF, 0xB0, 0xC5, 0x07, 0xA0, 0x0B, 0xFF,
  0xB0, 0xC5, 0x07, 0xA0, 0xB0, 0x9F, 0xFB, 0x0C, 0x50, 0x7A, 0x0B, 0x05, 0xFF, 0xB0, 0xC5, 0x07,
  0xA0, 0xB0, 0x2F, 0xFB, 0x0C, 0x50, 0x7A, 0x81, 0xB0, 0xCF, 0xFA, 0x0C, 0x50, 0x7A, 0x81, 0xB0,
  0x5F, 0xFA, 0x0C, 0x50, 0x7A, 0x0B, 0x20, 0xCF, 0xF9, 0x0C, 0x50, 0x7A, 0x0B, 0x20, 0x20, 0xEF,
  0xF0, 0xC5, 0x07, 0xA0, 0xB3, 0x02, 0x0D, 0xFE, 0x0C, 0x50, 0x7A, 0x0B, 0x50, 0x80, 0xEF, 0xC0,
  0xC5, 0x07, 0xA0, 0xB7, 0x87, 0x59, 0xBC, 0xDC, 0xB9, 0xAA, 0x0C, 0x50, 0x7A, 0x0B, 0x77, 0x10,
  0x7A, 0x0C, 0x50, 0x7A, 0x0B, 0x77, 0x10, 0x7A, 0x0C, 0x50, 0x7A, 0x0B, 0x77, 0x10, 0x7A, 0x0C,
  0x50, 0x7A, 0x0B, 0x77, 0x10, 0x7A, 0x0C, 0x50, 0x7A, 0x0B, 0x77, 0x10, 0x7A, 0x0C, 0x50, 0x7A,
  0x0B, 0x77, 0x10, 0x7A, 0x0C, 0x50, 0x7A, 0x0B, 0x77, 0x10, 0x7A, 0x0C, 0x50, 0x7A, 0x0B, 0x77,
  0x10, 0x7A, 0x0C, 0x50, 0x7A, 0x0B, 0x77, 0x10, 0x7A, 0x0C, 0x50, 0x7A, 0x0B, 0x77, 0x10, 0x7A,
  0x0C, 0x50, 0x7A, 0x0B, 0x77, 0x10, 0x7A, 0x0C, 0x50, 0x7A, 0x0B, 0x77, 0x10, 0x7A, 0x0C, 0x50,
  0x7A, 0x0B, 0x77, 0x10, 0x7A, 0x0C, 0x50, 0x7A, 0x0B, 0x77, 0x10, 0x7A, 0x0C, 0x50, 0x7A, 0x0B,
  0x77, 0x10, 0x7A, 0x0C, 0x50, 0x7A, 0x0B, 0x77, 0x10, 0x7A, 0x0C, 0x50, 0x7A, 0x0B, 0x77, 0x10,
  0x7A, 0x0C, 0x50, 0x7A, 0x0B, 0x77, 0x10, 0x7A, 0x0C, 0x50, 0x7A, 0x0B, 0x77, 0x10, 0x7A, 0x0C,
  0x50, 0x7A, 0x0B, 0x77, 0x10, 0x7A, 0x0C, 0x50, 0x7A, 0x0B, 0x77, 0x10, 0x7A, 0x0C, 0x50, 0x7A,
  0x0B, 0x77, 0x10, 0x7A, 0x0B, 0x50, 0x7A, 0x0B,
  // "·" (U+00B7), RLE, 4 bytes saved (12.5%)
  0x28, 0x15, 0x74, 0x20, 0x20, 0xDB, 0x81, 0xD1, 0xAD, 0x09, 0x0D, 0xD0, 0xD0, 0xED, 0x0E, 0x0D,
  0xD0, 0xD0, 0x9D, 0x81, 0x91, 0xCB, 0x0C, 0x01, 0x28, 0x15, 0x74, 0x20,
  // "¸" (U+00B8), RLE, 31 bytes saved (36.9%)
  0x50, 0xF7, 0x02, 0x70, 0x4A, 0x0E, 0x71, 0x0C, 0xA0, 0x77, 0x04, 0xB0, 0x57, 0x0B, 0xC0, 0xE0,
  0x75, 0x08, 0x0B, 0xD0, 0xC6, 0x81, 0x16, 0xEB, 0x07, 0x70, 0x5B, 0x0C, 0x70, 0x2B, 0x0D, 0x70,
  0x5B, 0x81, 0xB0, 0x23, 0x81, 0x26, 0xEB, 0x06, 0x03, 0xFA, 0x81, 0xC0, 0x3F, 0x90, 0xA2, 0x87,
  0x2D, 0xEF, 0xED, 0xB8, 0x33,
  // "¹" (U+00B9), RLE, 57 bytes saved (39.6%)
  0x60, 0x60, 0xEB, 0x06, 0x40, 0x10, 0xAD, 0x06, 0x30, 0x30, 0xDE, 0x06, 0x20, 0x8C, 0x0D, 0xB8,
  0x16, 0x2C, 0xC0, 0x90, 0x5B, 0x06, 0x0A, 0xC8, 0x16, 0x06, 0xB8, 0x46, 0x1E, 0xFC, 0x22, 0x07,
  0xB8, 0x26, 0x04, 0x94, 0x08, 0xB0, 0x67, 0x08, 0xB0, 0x67, 0x08, 0xB0, 0x67, 0x08, 0xB0, 0x67,
  0x08, 0xB0, 0x67, 0x08, 0xB0, 0x67, 0x08, 0xB0, 0x67, 0x08, 0xB0, 0x67, 0x08, 0xB0, 0x67, 0x08,
  0xB0, 0x67, 0x08, 0xB0, 0x67, 0x08, 0xB0, 0x67, 0x08, 0xB0, 0x67, 0x08, 0xB0, 0x67, 0x08, 0xB0,
  0x67, 0x08, 0xB0, 0x67, 0x08, 0xB0, 0x60,
  // "º" (U+00BA), RLE, 63 bytes saved (34.8%)
  0x58, 0x72, 0x8C, 0xEF, 0xEC, 0x83, 0x72, 0x09, 0xFA, 0x0A, 0x01, 0x60, 0xCB, 0x83, 0xC9, 0x89,
  0xCB, 0x0D, 0x01, 0x40, 0xAB, 0x05, 0x50, 0x40, 0xEA, 0x0B, 0x30, 0x3B, 0x06, 0x70, 0x5B, 0x04,
  0x20, 0x9A, 0x0D, 0x72, 0x0D, 0xA0, 0xB2, 0x0D, 0xA0, 0x97, 0x20, 0x8A, 0x81, 0xE0, 0x1B, 0x06,
  0x72, 0x06, 0xB0, 0x02, 0xB0, 0x57, 0x20, 0x4B, 0x03, 0x02, 0xB0, 0x57, 0x20, 0x4B, 0x04, 0x02,
  0xB0, 0x57, 0x20, 0x4B, 0x03, 0x1B, 0x07, 0x72, 0x06, 0xB8, 0x12, 0x0D, 0xA0, 0x97, 0x20, 0x9A,
  0x0E, 0x20, 0x9A, 0x0E, 0x72, 0x0D, 0xA0, 0xA2, 0x02, 0xB0, 0x67, 0x06, 0xB0, 0x33, 0x09, 0xB0,
  0x55, 0x05, 0x0E, 0xA0, 0xA5, 0x0B, 0xB8, 0x3D, 0x98, 0x9C, 0xB0, 0xC7, 0x08, 0xFA, 0x09, 0x72,
  0x87, 0x28, 0xCE, 0xFE, 0xC8, 0x25,
  // "»" (U+00BB), RLE, 127 bytes saved (42.3%)
  0x30, 0x27, 0x30, 0x27, 0x48, 0x22, 0xAF, 0x67, 0x82, 0x1A, 0xF7, 0x72, 0x06, 0xC0, 0x35, 0x05,
  0x0E, 0xB0, 0x57, 0x10, 0x20, 0xEB, 0x0E, 0x02, 0x40, 0x10, 0xEC, 0x03, 0x71, 0x04, 0xC0, 0xD0,
  0x14, 0x03, 0xC0, 0xE0, 0x17, 0x10, 0x7C, 0x0B, 0x50, 0x6C, 0x0C, 0x72, 0x0A, 0xC0, 0x95, 0x08,
  0xC0, 0xA7, 0x20, 0xCC, 0x06, 0x50, 0xBC, 0x08, 0x71, 0x01, 0x0E, 0xC0, 0x44, 0x01, 0x0D, 0xC0,
  0x67, 0x10, 0x3C, 0x0E, 0x02, 0x40, 0x20, 0xEC, 0x04, 0x71, 0x05, 0xC0, 0xD0, 0x14, 0x04, 0xC0,
  0xE0, 0x27, 0x10, 0x8C, 0x0C, 0x50, 0x7C, 0x0D, 0x01, 0x70, 0x3D, 0x01, 0x40, 0x2D, 0x03, 0x60,
  0x10, 0xEC, 0x05, 0x40, 0x10, 0xDC, 0x07, 0x70, 0xCC, 0x08, 0x50, 0xBC, 0x0A, 0x70, 0xAC, 0x0A,
  0x50, 0x9C, 0x0C, 0x70, 0x7C, 0x0C, 0x50, 0x6C, 0x0D, 0x01, 0x60, 0x4C, 0x0D, 0x01, 0x40, 0x3C,
  0x0E, 0x02, 0x60, 0x20, 0xEB, 0x0E, 0x03, 0x40, 0x10, 0xEC, 0x04, 0x60, 0x10, 0xDC, 0x05, 0x50,
  0xCC, 0x06, 0x70, 0xBC, 0x07, 0x50, 0xAC, 0x09, 0x70, 0x8C, 0x09, 0x50, 0x6C, 0x0B, 0x72, 0x08,
  0xA0, 0xB7, 0x08, 0xA0, 0xD7, 0x48, 0x12, 0xA1, 0x71, 0x81, 0x2A, 0x27, 0x20,
  // "¼" (U+00BC), RLE, 428 bytes saved (53.5%)
  0x60, 0x7C, 0x04, 0x77, 0x30, 0xCB, 0x05, 0x73, 0x01, 0x0B, 0xD0, 0x47, 0x72, 0x07, 0xB0, 0xB7,
  0x30, 0x40, 0xEE, 0x04, 0x77, 0x10, 0x10, 0xEB, 0x02, 0x72, 0x08, 0xC0, 0xEB, 0x04, 0x77, 0x10,
  0xAB, 0x08, 0x71, 0x02, 0x0C, 0xC0, 0x90, 0x8B, 0x04, 0x77, 0x04, 0xB0, 0xD7, 0x20, 0xDC, 0x81,
  0x60, 0x9B, 0x04, 0x77, 0x0D, 0xB0, 0x47, 0x20, 0x4A, 0x0D, 0x03, 0x20, 0xAB, 0x04, 0x76, 0x07,
  0xB0, 0xA7, 0x40, 0x80, 0x94, 0x0A, 0xB0, 0x47, 0x50, 0x2B, 0x0E, 0x01, 0x77, 0x30, 0xAB, 0x04,
  0x75, 0x0B, 0xB0, 0x77, 0x74, 0x0A, 0xB0, 0x47, 0x40, 0x5B, 0x0D, 0x77, 0x50, 0xAB, 0x04, 0x74,
  0x0D, 0xB0, 0x47, 0x75, 0x0A, 0xB0, 0x47, 0x30, 0x8B, 0x0A, 0x77, 0x60, 0xAB, 0x04, 0x72, 0x02,
  0xB0, 0xE0, 0x17, 0x76, 0x0A, 0xB0, 0x47, 0x20, 0xBB, 0x06, 0x77, 0x70, 0xAB, 0x04, 0x71, 0x05,
  0xB0, 0xC7, 0x77, 0x10, 0xAB, 0x04, 0x70, 0x10, 0xEB, 0x03, 0x77, 0x71, 0x0A, 0xB0, 0x47, 0x09,
  0xB0, 0x97, 0x09, 0xB0, 0xC7, 0x40, 0xAB, 0x04, 0x60, 0x3B, 0x0E, 0x01, 0x60, 0x5C, 0x0C, 0x74,
  0x0A, 0xB0, 0x46, 0x0C, 0xB0, 0x56, 0x01, 0x0E, 0xC0, 0xC7, 0x40, 0xAB, 0x04, 0x50, 0x6B, 0x0B,
  0x70, 0xBD, 0x0C, 0x74, 0x0A, 0xB0, 0x44, 0x01, 0x0E, 0xB0, 0x26, 0x07, 0xA0, 0xEB, 0x0C, 0x74,
  0x0A, 0xB0, 0x44, 0x0A, 0xB0, 0x86, 0x03, 0xB0, 0x7B, 0x0C, 0x74, 0x0A, 0xB0, 0x43, 0x04, 0xB0,
  0xD7, 0x0D, 0xA0, 0x80, 0x4B, 0x0C, 0x74, 0x0A, 0xB0, 0x43, 0x0D, 0xB0, 0x56, 0x0A, 0xA8, 0x1C,
  0x05, 0xB0, 0xC7, 0x74, 0x07, 0xB0, 0xB6, 0x05, 0xB8, 0x13, 0x05, 0xB0, 0xC7, 0x73, 0x01, 0x0E,
  0xB0, 0x25, 0x02, 0x0E, 0xA0, 0x72, 0x06, 0xB0, 0xC7, 0x73, 0x0A, 0xB0, 0x76, 0x0C, 0xA0, 0xB3,
  0x06, 0xB0, 0xC7, 0x72, 0x04, 0xB0, 0xD6, 0x07, 0xA0, 0xE0, 0x13, 0x06, 0xB0, 0xC7, 0x72, 0x0D,
  0xB0, 0x45, 0x03, 0xB0, 0x54, 0x06, 0xB0, 0xC7, 0x71, 0x08, 0xB0, 0xA6, 0x0D, 0xA0, 0xA5, 0x06,
  0xB0, 0xC7, 0x70, 0x2B, 0x0E, 0x01, 0x50, 0xAA, 0x0D, 0x01, 0x50, 0x6B, 0x0C, 0x77, 0x0B, 0xB0,
  0x65, 0x03, 0xFF, 0xC0, 0x37, 0x20, 0x5B, 0x0C, 0x60, 0x4F, 0xFC, 0x03, 0x71, 0x01, 0x0E, 0xB0,
  0x36, 0x04, 0xFF, 0xC0, 0x37, 0x10, 0x9B, 0x09, 0x77, 0x40, 0x6B, 0x0C, 0x74, 0x03, 0xB0, 0xE0,
  0x17, 0x74, 0x06, 0xB0, 0xC7, 0x40, 0xCB, 0x05, 0x77, 0x50, 0x6B, 0x0C, 0x73, 0x06, 0xB0, 0xB7,
  0x76, 0x06, 0xB0, 0xC7, 0x20, 0x10, 0xEB, 0x02, 0x77, 0x60, 0x6B, 0x0C, 0x72, 0x09, 0xB0, 0x87,
  0x77, 0x06, 0xB0, 0xC4,
  // "½" (U+00BD), RLE, 430 bytes saved (53.8%)
  0x60, 0x40, 0xEB, 0x09, 0x77, 0x20, 0x7B, 0x0A, 0x75, 0x09, 0xD0, 0x97, 0x71, 0x02, 0xB0, 0xE0,
  0x17, 0x30, 0x30, 0xDE, 0x09, 0x77, 0x10, 0xBB, 0x07, 0x73, 0x08, 0xC0, 0xCB, 0x09, 0x77, 0x05,
  0xB0, 0xC7, 0x20, 0x30, 0xDC, 0x08, 0x03, 0xB0, 0x97, 0x70, 0xDB, 0x03, 0x72, 0x06, 0xB8, 0x2E,
  0x40, 0x4B, 0x09, 0x76, 0x08, 0xB0, 0x97, 0x48, 0x2A, 0xFB, 0x12, 0x05, 0xB0, 0x97, 0x50, 0x2B,
  0x0E, 0x01, 0x75, 0x05, 0x40, 0x5B, 0x09, 0x75, 0x0C, 0xB0, 0x67, 0x74, 0x05, 0xB0, 0x97, 0x40,
  0x6B, 0x0C, 0x77, 0x50, 0x5B, 0x09, 0x73, 0x01, 0x0E, 0xB0, 0x37, 0x75, 0x05, 0xB0, 0x97, 0x30,
  0x9B, 0x08, 0x77, 0x60, 0x5B, 0x09, 0x72, 0x03, 0xB0, 0xE7, 0x77, 0x05, 0xB0, 0x97, 0x20, 0xCB,
  0x05, 0x77, 0x70, 0x5B, 0x09, 0x71, 0x06, 0xB0, 0xB7, 0x77, 0x10, 0x5B, 0x09, 0x70, 0x10, 0xEB,
  0x02, 0x77, 0x71, 0x05, 0xB0, 0x97, 0x0A, 0xB0, 0x83, 0x89, 0x01, 0x6B, 0xDE, 0xFD, 0xB7, 0x17,
  0x30, 0x5B, 0x09, 0x60, 0x4B, 0x0D, 0x20, 0x10, 0x9F, 0xA0, 0xE0, 0x57, 0x20, 0x5B, 0x09, 0x60,
  0xDB, 0x82, 0x40, 0x5E, 0xFD, 0x06, 0x71, 0x05, 0xB0, 0x95, 0x07, 0xB0, 0xA2, 0x05, 0xB8, 0x5E,
  0x83, 0x11, 0x4C, 0xB0, 0xE0, 0x17, 0x05, 0xB0, 0x94, 0x02, 0xB0, 0xE0, 0x13, 0x82, 0xBF, 0xB1,
  0x60, 0xCB, 0x06, 0x70, 0x5B, 0x09, 0x40, 0xBB, 0x07, 0x40, 0x10, 0x77, 0x10, 0x5B, 0x0A, 0x70,
  0x5B, 0x09, 0x30, 0x5B, 0x0D, 0x77, 0x10, 0x3B, 0x0B, 0x70, 0x5B, 0x09, 0x30, 0xDB, 0x03, 0x77,
  0x10, 0x4B, 0x0A, 0x70, 0x5B, 0x09, 0x20, 0x8B, 0x0A, 0x77, 0x20, 0x7B, 0x08, 0x76, 0x02, 0xB0,
  0xE0, 0x17, 0x72, 0x0D, 0xB0, 0x37, 0x60, 0xBB, 0x06, 0x77, 0x20, 0x6B, 0x0B, 0x76, 0x05, 0xB0,
  0xC7, 0x72, 0x03, 0xB0, 0xE0, 0x27, 0x50, 0x10, 0xEB, 0x03, 0x77, 0x10, 0x20, 0xEB, 0x05, 0x76,
  0x09, 0xB0, 0x97, 0x71, 0x01, 0x0D, 0xB0, 0x77, 0x60, 0x3B, 0x0E, 0x01, 0x77, 0x01, 0x0D, 0xB0,
  0x87, 0x70, 0xCB, 0x05, 0x77, 0x01, 0x0D, 0xB0, 0x87, 0x70, 0x6B, 0x0B, 0x77, 0x01, 0x0D, 0xB0,
  0x87, 0x70, 0x10, 0xEB, 0x02, 0x76, 0x01, 0x0D, 0xB0, 0x77, 0x71, 0x0A, 0xB0, 0x87, 0x60, 0x20,
  0xDB, 0x06, 0x77, 0x10, 0x4B, 0x0D, 0x76, 0x02, 0x0D, 0xB0, 0x57, 0x72, 0x0D, 0xB0, 0x57, 0x50,
  0x20, 0xDB, 0x05, 0x77, 0x20, 0x7B, 0x0B, 0x76, 0x0D, 0xFF, 0x0B, 0x50, 0x2C, 0x02, 0x75, 0x01,
  0xFF, 0x90, 0xB5, 0x0B, 0xB0, 0x77, 0x60, 0x1F, 0xF9, 0x0B, 0x40, 0x5B, 0x0D, 0x77, 0x01, 0xFF,
  0x90, 0xB0,
  // "¾" (U+00BE), RLE, 496 bytes saved (55.0%)
  0x48, 0x90, 0x38, 0xBD, 0xEF, 0xEC, 0x82, 0x77, 0x50, 0x18, 0x00, 0x87, 0x10, 0x50, 0xCF, 0xB0,
  0x97, 0x74, 0x0A, 0xB0, 0x77, 0x0B, 0xFE, 0x0B, 0x77, 0x20, 0x4B, 0x0D, 0x71, 0x05, 0xB8, 0x5D,
  0x73, 0x10, 0x3A, 0xC0, 0x67, 0x71, 0x0D, 0xB0, 0x47, 0x28, 0x1A, 0xE6, 0x70, 0x8B, 0x0D, 0x77,
  0x07, 0xB0, 0xA7, 0x40, 0x17, 0x10, 0x1C, 0x76, 0x02, 0xC0, 0x27, 0x77, 0x0E, 0xB0, 0x17, 0x50,
  0xAB, 0x07, 0x77, 0x71, 0xC7, 0x50, 0x4B, 0x0D, 0x77, 0x71, 0x04, 0xB0, 0xC7, 0x50, 0xDB, 0x04,
  0x77, 0x70, 0x10, 0xDB, 0x06, 0x74, 0x07, 0xB0, 0xA7, 0x76, 0x81, 0x27, 0xEB, 0x09, 0x74, 0x02,
  0xB0, 0xE0, 0x17, 0x71, 0x08, 0xFA, 0x08, 0x75, 0x0B, 0xB0, 0x77, 0x72, 0x08, 0xF9, 0x07, 0x01,
  0x74, 0x05, 0xB0, 0xD7, 0x73, 0x08, 0xFB, 0x08, 0x73, 0x0D, 0xB0, 0x47, 0x77, 0x18, 0x11, 0x49,
  0xC0, 0xB7, 0x10, 0x8B, 0x0A, 0x77, 0x75, 0x02, 0x0E, 0xB0, 0x56, 0x02, 0xB0, 0xE0, 0x17, 0x77,
  0x60, 0x6B, 0x0A, 0x60, 0xBB, 0x07, 0x77, 0x77, 0x03, 0xB0, 0xC5, 0x05, 0xB0, 0xD7, 0x09, 0xB0,
  0xC7, 0x73, 0x03, 0xB0, 0xC5, 0x0D, 0xB0, 0x46, 0x05, 0xC0, 0xC7, 0x73, 0x08, 0xB0, 0xA4, 0x08,
  0xB0, 0xA6, 0x01, 0x0E, 0xC0, 0xC4, 0x81, 0x17, 0x17, 0x20, 0x30, 0xEB, 0x05, 0x30, 0x2B, 0x0E,
  0x01, 0x60, 0xBD, 0x0C, 0x40, 0x2A, 0x82, 0xB7, 0x41, 0x28, 0x11, 0x38, 0xC0, 0xC4, 0x0B, 0xB0,
  0x76, 0x07, 0xA0, 0xDB, 0x0C, 0x40, 0x2F, 0xF0, 0xD0, 0x13, 0x05, 0xB0, 0xD6, 0x03, 0xA0, 0xE0,
  0x5B, 0x0C, 0x40, 0x10, 0xCF, 0xD0, 0xA0, 0x14, 0x0D, 0xB0, 0x46, 0x0D, 0xA0, 0x60, 0x4B, 0x0C,
  0x68, 0x32, 0x7A, 0xCE, 0xA8, 0x3E, 0xDA, 0x72, 0x50, 0x8B, 0x0A, 0x60, 0x9A, 0x81, 0xB0, 0x5B,
  0x0C, 0x77, 0x71, 0x02, 0xB0, 0xE0, 0x15, 0x05, 0xA8, 0x2E, 0x20, 0x5B, 0x0C, 0x77, 0x71, 0x0B,
  0xB0, 0x75, 0x01, 0x0E, 0xA0, 0x62, 0x06, 0xB0, 0xC7, 0x77, 0x05, 0xB0, 0xC6, 0x0B, 0xA0, 0xB3,
  0x06, 0xB0, 0xC7, 0x77, 0x0D, 0xB0, 0x35, 0x07, 0xA0, 0xE0, 0x13, 0x06, 0xB0, 0xC7, 0x76, 0x08,
  0xB0, 0xA5, 0x03, 0xB0, 0x54, 0x06, 0xB0, 0xC7, 0x75, 0x02, 0xB0, 0xE0, 0x15, 0x0D, 0xA0, 0x95,
  0x06, 0xB0, 0xC7, 0x75, 0x0B, 0xB0, 0x65, 0x09, 0xA0, 0xD0, 0x15, 0x06, 0xB0, 0xC7, 0x74, 0x05,
  0xB0, 0xC5, 0x03, 0xFF, 0xC0, 0x37, 0x70, 0xEB, 0x03, 0x50, 0x4F, 0xFC, 0x03, 0x76, 0x08, 0xB0,
  0x96, 0x04, 0xFF, 0xC0, 0x37, 0x50, 0x2B, 0x0E, 0x01, 0x77, 0x30, 0x6B, 0x0C, 0x77, 0x20, 0xBB,
  0x06, 0x77, 0x40, 0x6B, 0x0C, 0x77, 0x10, 0x5B, 0x0C, 0x77, 0x50, 0x6B, 0x0C, 0x77, 0x01, 0x0E,
  0xB0, 0x37, 0x75, 0x06, 0xB0, 0xC7, 0x70, 0x9B, 0x09, 0x77, 0x60, 0x6B, 0x0C, 0x76, 0x03, 0xB0,
  0xE0, 0x17, 0x76, 0x06, 0xB0, 0xC4,
  // "¿" (U+00BF), RLE, 308 bytes saved (62.2%)
  0x74, 0x82, 0x26, 0x62, 0x77, 0x40, 0x6C, 0x06, 0x77, 0x20, 0x1E, 0x01, 0x77, 0x10, 0x5E, 0x05,
  0x77, 0x10, 0x6E, 0x06, 0x77, 0x10, 0x5E, 0x05, 0x77, 0x10, 0x2E, 0x02, 0x77, 0x20, 0x7C, 0x07,
  0x77, 0x48, 0x22, 0x66, 0x28, 0x09, 0xD3, 0x00, 0xBB, 0x02, 0x77, 0x40, 0xCB, 0x02, 0x77, 0x40,
  0xDB, 0x01, 0x77, 0x30, 0x1C, 0x77, 0x40, 0x6B, 0x0D, 0x77, 0x30, 0x10, 0xEB, 0x09, 0x77, 0x30,
  0xBC, 0x04, 0x77, 0x20, 0xAC, 0x0B, 0x77, 0x10, 0x10, 0xBC, 0x0E, 0x02, 0x77, 0x01, 0x0C, 0xD0,
  0x47, 0x70, 0x20, 0xDC, 0x0E, 0x04, 0x77, 0x03, 0x0E, 0xC0, 0xE0, 0x37, 0x70, 0x20, 0xEC, 0x0D,
  0x02, 0x77, 0x10, 0xDC, 0x0C, 0x01, 0x77, 0x10, 0x8C, 0x0D, 0x01, 0x77, 0x10, 0x1D, 0x02, 0x77,
  0x20, 0x6C, 0x08, 0x77, 0x30, 0xAC, 0x02, 0x77, 0x30, 0xBB, 0x0E, 0x77, 0x40, 0xCB, 0x0D, 0x77,
  0x40, 0xCB, 0x0E, 0x77, 0x40, 0xAC, 0x01, 0x77, 0x30, 0x7C, 0x07, 0x77, 0x30, 0x2D, 0x04, 0x74,
  0x81, 0x29, 0xB3, 0x0A, 0xD0, 0x80, 0x16, 0x81, 0x15, 0xBB, 0x04, 0x20, 0x20, 0xEE, 0x84, 0xDA,
  0xAA, 0xBD, 0xE0, 0xB3, 0x04, 0xFF, 0xD0, 0x23, 0x03, 0x0D, 0xFF, 0x90, 0xA0, 0x36, 0x05, 0x0C,
  0xFA, 0x82, 0xEA, 0x51, 0x74, 0x86, 0x45, 0x77, 0x65, 0x41, 0x70,
  // "À" (U+00C0), RLE, 634 bytes saved (66.5%)
  0x73, 0x0B, 0xD0, 0x57, 0x77, 0x71, 0x02, 0x0E, 0xC0, 0xD7, 0x77, 0x72, 0x04, 0xD0, 0x77, 0x77,
  0x72, 0x06, 0xD0, 0x27, 0x77, 0x72, 0x07, 0xC0, 0xB7, 0x77, 0x73, 0x08, 0xC0, 0x67, 0x77, 0x73,
  0x09, 0xB0, 0xE0, 0x27, 0x77, 0x73, 0x08, 0xB0, 0xC7, 0x77, 0x74, 0x06, 0xB0, 0x78, 0x0A, 0x85,
  0x00, 0x8C, 0x05, 0x77, 0x77, 0x20, 0xEC, 0x0B, 0x77, 0x77, 0x10, 0x5E, 0x01, 0x77, 0x77, 0x0B,
  0xE0, 0x77, 0x77, 0x60, 0x1F, 0x0D, 0x77, 0x76, 0x07, 0xB0, 0xDC, 0x03, 0x77, 0x75, 0x0D, 0xB0,
  0x80, 0xDB, 0x09, 0x77, 0x74, 0x03, 0xC0, 0x40, 0x8B, 0x0E, 0x77, 0x74, 0x09, 0xC1, 0x04, 0xC0,
  0x57, 0x77, 0x30, 0xEB, 0x0B, 0x20, 0xEB, 0x0B, 0x77, 0x72, 0x05, 0xC0, 0x62, 0x09, 0xC0, 0x27,
  0x77, 0x10, 0xBC, 0x01, 0x20, 0x4C, 0x08, 0x77, 0x70, 0x2C, 0x0B, 0x40, 0xEB, 0x0D, 0x77, 0x70,
  0x8C, 0x05, 0x40, 0x9C, 0x04, 0x77, 0x60, 0xDB, 0x0E, 0x50, 0x3C, 0x0A, 0x77, 0x50, 0x4C, 0x09,
  0x60, 0xDC, 0x01, 0x77, 0x40, 0xAC, 0x04, 0x60, 0x7C, 0x06, 0x77, 0x30, 0x1C, 0x0D, 0x70, 0x2C,
  0x0C, 0x77, 0x30, 0x6C, 0x08, 0x71, 0x0C, 0xC0, 0x27, 0x72, 0x0C, 0xC0, 0x27, 0x10, 0x6C, 0x08,
  0x77, 0x10, 0x2C, 0x0C, 0x72, 0x01, 0xC0, 0xE7, 0x71, 0x08, 0xC0, 0x67, 0x30, 0xBC, 0x05, 0x77,
  0x0E, 0xC0, 0x17, 0x30, 0x5C, 0x0A, 0x76, 0x05, 0xC0, 0xB7, 0x50, 0xEC, 0x01, 0x75, 0x0B, 0xFF,
  0xF9, 0x07, 0x74, 0x01, 0xFF, 0xFA, 0x0D, 0x74, 0x07, 0xFF, 0xFB, 0x03, 0x73, 0x0D, 0xFF, 0xFB,
  0x09, 0x72, 0x03, 0xC0, 0xB8, 0x09, 0x32, 0x04, 0xC0, 0xE7, 0x20, 0x9C, 0x05, 0x77, 0x20, 0xCC,
  0x05, 0x71, 0x0E, 0xB0, 0xE7, 0x73, 0x06, 0xC0, 0xB7, 0x05, 0xC0, 0x97, 0x73, 0x01, 0xD0, 0x26,
  0x0B, 0xC0, 0x37, 0x74, 0x0A, 0xC0, 0x75, 0x02, 0xC0, 0xD7, 0x75, 0x04, 0xC0, 0xD5, 0x08, 0xC0,
  0x77, 0x76, 0x0E, 0xC0, 0x44, 0x0D, 0xC0, 0x27, 0x76, 0x08, 0xC0, 0x93, 0x04, 0xC0, 0xB7, 0x77,
  0x02, 0xC0, 0xE3, 0x0A, 0xC0, 0x67, 0x77, 0x10, 0xCC, 0x81, 0x60, 0x1C, 0x0E, 0x77, 0x72, 0x06,
  0xC8, 0x1C, 0x06, 0xC0, 0xA7, 0x77, 0x20, 0x1D, 0x02, 0x0C, 0xC0, 0x47, 0x77, 0x30, 0xAC, 0x08,
  // "Á" (U+00C1), RLE, 631 bytes saved (66.1%)
  0x77, 0x50, 0xBD, 0x06, 0x77, 0x77, 0x04, 0xD0, 0xC7, 0x77, 0x71, 0x0C, 0xC0, 0xD0, 0x17, 0x77,
  0x70, 0x7C, 0x0E, 0x03, 0x77, 0x77, 0x02, 0xC0, 0xE0, 0x37, 0x77, 0x71, 0x0B, 0xC0, 0x47, 0x77,
  0x71, 0x06, 0xC0, 0x57, 0x77, 0x71, 0x02, 0x0E, 0xA0, 0xE0, 0x47, 0x77, 0x72, 0x0B, 0xA0, 0xD0,
  0x38, 0x0A, 0x90, 0x00, 0x8C, 0x05, 0x77, 0x77, 0x20, 0xEC, 0x0B, 0x77, 0x77, 0x10, 0x5E, 0x01,
  0x77, 0x77, 0x0B, 0xE0, 0x77, 0x77, 0x60, 0x1F, 0x0D, 0x77, 0x76, 0x07, 0xB0, 0xDC, 0x03, 0x77,
  0x75, 0x0D, 0xB0, 0x80, 0xDB, 0x09, 0x77, 0x74, 0x03, 0xC0, 0x40, 0x8B, 0x0E, 0x77, 0x74, 0x09,
  0xC1, 0x04, 0xC0, 0x57, 0x77, 0x30, 0xEB, 0x0B, 0x20, 0xEB, 0x0B, 0x77, 0x72, 0x05, 0xC0, 0x62,
  0x09, 0xC0, 0x27, 0x77, 0x10, 0xBC, 0x01, 0x20, 0x4C, 0x08, 0x77, 0x70, 0x2C, 0x0B, 0x40, 0xEB,
  0x0D, 0x77, 0x70, 0x8C, 0x05, 0x40, 0x9C, 0x04, 0x77, 0x60, 0xDB, 0x0E, 0x50, 0x3C, 0x0A, 0x77,
  0x50, 0x4C, 0x09, 0x60, 0xDC, 0x01, 0x77, 0x40, 0xAC, 0x04, 0x60, 0x7C, 0x06, 0x77, 0x30, 0x1C,
  0x0D, 0x70, 0x2C, 0x0C, 0x77, 0x30, 0x6C, 0x08, 0x71, 0x0C, 0xC0, 0x27, 0x72, 0x0C, 0xC0, 0x27,
  0x10, 0x6C, 0x08, 0x77, 0x10, 0x2C, 0x0C, 0x72, 0x01, 0xC0, 0xE7, 0x71, 0x08, 0xC0, 0x67, 0x30,
  0xBC, 0x05, 0x77, 0x0E, 0xC0, 0x17, 0x30, 0x5C, 0x0A, 0x76, 0x05, 0xC0, 0xB7, 0x50, 0xEC, 0x01,
  0x75, 0x0B, 0xFF, 0xF9, 0x07, 0x74, 0x01, 0xFF, 0xFA, 0x0D, 0x74, 0x07, 0xFF, 0xFB, 0x03, 0x73,
  0x0D, 0xFF, 0xFB, 0x09, 0x72, 0x03, 0xC0, 0xB8, 0x09, 0x32, 0x04, 0xC0, 0xE7, 0x20, 0x9C, 0x05,
  0x77, 0x20, 0xCC, 0x05, 0x71, 0x0E, 0xB0, 0xE7, 0x73, 0x06, 0xC0, 0xB7, 0x05, 0xC0, 0x97, 0x73,
  0x01, 0xD0, 0x26, 0x0B, 0xC0, 0x37, 0x74, 0x0A, 0xC0, 0x75, 0x02, 0xC0, 0xD7, 0x75, 0x04, 0xC0,
  0xD5, 0x08, 0xC0, 0x77, 0x76, 0x0E, 0xC0, 0x44, 0x0D, 0xC0, 0x27, 0x76, 0x08, 0xC0, 0x93, 0x04,
  0xC0, 0xB7, 0x77, 0x02, 0xC0, 0xE3, 0x0A, 0xC0, 0x67, 0x77, 0x10, 0xCC, 0x81, 0x60, 0x1C, 0x0E,
  0x77, 0x72, 0x06, 0xC8, 0x1C, 0x06, 0xC0, 0xA7, 0x77, 0x20, 0x1D, 0x02, 0x0C, 0xC0, 0x47, 0x77,
  0x30, 0xAC, 0x08,
  // "Â" (U+00C2), RLE, 617 bytes saved (64.7%)
  0x77, 0x03, 0xD0, 0x77, 0x77, 0x71, 0x0C, 0xD0, 0xE0, 0x27, 0x77, 0x60, 0x9F, 0x0C, 0x77, 0x75,
  0x06, 0xFA, 0x0A, 0x77, 0x73, 0x04, 0xC8, 0x1D, 0x3B, 0xC0, 0x87, 0x77, 0x10, 0x20, 0xEB, 0x0C,
  0x01, 0x20, 0xAC, 0x06, 0x77, 0x60, 0x10, 0xDB, 0x0C, 0x01, 0x40, 0x9C, 0x05, 0x77, 0x40, 0x10,
  0xDB, 0x09, 0x70, 0x6C, 0x04, 0x77, 0x30, 0xAA, 0x0E, 0x05, 0x72, 0x03, 0x0C, 0xB0, 0x18, 0x09,
  0xF7, 0x00, 0x8C, 0x05, 0x77, 0x77, 0x20, 0xEC, 0x0B, 0x77, 0x77, 0x10, 0x5E, 0x01, 0x77, 0x77,
  0x0B, 0xE0, 0x77, 0x77, 0x60, 0x1F, 0x0D, 0x77, 0x76, 0x07, 0xB0, 0xDC, 0x03, 0x77, 0x75, 0x0D,
  0xB0, 0x80, 0xDB, 0x09, 0x77, 0x74, 0x03, 0xC0, 0x40, 0x8B, 0x0E, 0x77, 0x74, 0x09, 0xC1, 0x04,
  0xC0, 0x57, 0x77, 0x30, 0xEB, 0x0B, 0x20, 0xEB, 0x0B, 0x77, 0x72, 0x05, 0xC0, 0x62, 0x09, 0xC0,
  0x27, 0x77, 0x10, 0xBC, 0x01, 0x20, 0x4C, 0x08, 0x77, 0x70, 0x2C, 0x0B, 0x40, 0xEB, 0x0D, 0x77,
  0x70, 0x8C, 0x05, 0x40, 0x9C, 0x04, 0x77, 0x60, 0xDB, 0x0E, 0x50, 0x3C, 0x0A, 0x77, 0x50, 0x4C,
  0x09, 0x60, 0xDC, 0x01, 0x77, 0x40, 0xAC, 0x04, 0x60, 0x7C, 0x06, 0x77, 0x30, 0x1C, 0x0D, 0x70,
  0x2C, 0x0C, 0x77, 0x30, 0x6C, 0x08, 0x71, 0x0C, 0xC0, 0x27, 0x72, 0x0C, 0xC0, 0x27, 0x10, 0x6C,
  0x08, 0x77, 0x10, 0x2C, 0x0C, 0x72, 0x01, 0xC0, 0xE7, 0x71, 0x08, 0xC0, 0x67, 0x30, 0xBC, 0x05,
  0x77, 0x0E, 0xC0, 0x17, 0x30, 0x5C, 0x0A, 0x76, 0x05, 0xC0, 0xB7, 0x50, 0xEC, 0x01, 0x75, 0x0B,
  0xFF, 0xF9, 0x07, 0x74, 0x01, 0xFF, 0xFA, 0x0D, 0x74, 0x07, 0xFF, 0xFB, 0x03, 0x73, 0x0D, 0xFF,
  0xFB, 0x09, 0x72, 0x03, 0xC0, 0xB8, 0x09, 0x32, 0x04, 0xC0, 0xE7, 0x20, 0x9C, 0x05, 0x77, 0x20,
  0xCC, 0x05, 0x71, 0x0E, 0xB0, 0xE7, 0x73, 0x06, 0xC0, 0xB7, 0x05, 0xC0, 0x97, 0x73, 0x01, 0xD0,
  0x26, 0x0B, 0xC0, 0x37, 0x74, 0x0A, 0xC0, 0x75, 0x02, 0xC0, 0xD7, 0x75, 0x04, 0xC0, 0xD5, 0x08,
  0xC0, 0x77, 0x76, 0x0E, 0xC0, 0x44, 0x0D, 0xC0, 0x27, 0x76, 0x08, 0xC0, 0x93, 0x04, 0xC0, 0xB7,
  0x77, 0x02, 0xC0, 0xE3, 0x0A, 0xC0, 0x67, 0x77, 0x10, 0xCC, 0x81, 0x60, 0x1C, 0x0E, 0x77, 0x72,
  0x06, 0xC8, 0x1C, 0x06, 0xC0, 0xA7, 0x77, 0x20, 0x1D, 0x02, 0x0C, 0xC0, 0x47, 0x77, 0x30, 0xAC,
  0x08,
  // "Ã" (U+00C3), RLE, 600 bytes saved (64.1%)
  0x76, 0x01, 0x74, 0x81, 0x22, 0x17, 0x74, 0x05, 0x0C, 0xB0, 0xB0, 0x57, 0x03, 0xA0, 0xA7, 0x73,
  0x08, 0xF0, 0xD0, 0x55, 0x0A, 0xA0, 0x77, 0x72, 0x04, 0xFB, 0x83, 0xC6, 0x33, 0x9B, 0x03, 0x77,
  0x20, 0xDF, 0xFB, 0x0C, 0x77, 0x20, 0x3B, 0x83, 0x81, 0x03, 0xAF, 0xB0, 0x37, 0x72, 0x07, 0xA0,
  0xA5, 0x02, 0x0A, 0xF0, 0x67, 0x73, 0x0A, 0xA0, 0x47, 0x85, 0x29, 0xDF, 0xEA, 0x38, 0x0A, 0x82,
  0x00, 0x8C, 0x05, 0x77, 0x77, 0x20, 0xEC, 0x0B, 0x77, 0x77, 0x10, 0x5E, 0x01, 0x77, 0x77, 0x0B,
  0xE0, 0x77, 0x77, 0x60, 0x1F, 0x0D, 0x77, 0x76, 0x07, 0xB0, 0xDC, 0x03, 0x77, 0x75, 0x0D, 0xB0,
  0x80, 0xDB, 0x09, 0x77, 0x74, 0x03, 0xC0, 0x40, 0x8B, 0x0E, 0x77, 0x74, 0x09, 0xC1, 0x04, 0xC0,
  0x57, 0x77, 0x30, 0xEB, 0x0B, 0x20, 0xEB, 0x0B, 0x77, 0x72, 0x05, 0xC0, 0x62, 0x09, 0xC0, 0x27,
  0x77, 0x10, 0xBC, 0x01, 0x20, 0x4C, 0x08, 0x77, 0x70, 0x2C, 0x0B, 0x40, 0xEB, 0x0D, 0x77, 0x70,
  0x8C, 0x05, 0x40, 0x9C, 0x04, 0x77, 0x60, 0xDB, 0x0E, 0x50, 0x3C, 0x0A, 0x77, 0x50, 0x4C, 0x09,
  0x60, 0xDC, 0x01, 0x77, 0x40, 0xAC, 0x04, 0x60, 0x7C, 0x06, 0x77, 0x30, 0x1C, 0x0D, 0x70, 0x2C,
  0x0C, 0x77, 0x30, 0x6C, 0x08, 0x71, 0x0C, 0xC0, 0x27, 0x72, 0x0C, 0xC0, 0x27, 0x10, 0x6C, 0x08,
  0x77, 0x10, 0x2C, 0x0C, 0x72, 0x01, 0xC0, 0xE7, 0x71, 0x08, 0xC0, 0x67, 0x30, 0xBC, 0x05, 0x77,
  0x0E, 0xC0, 0x17, 0x30, 0x5C, 0x0A, 0x76, 0x05, 0xC0, 0xB7, 0x50, 0xEC, 0x01, 0x75, 0x0B, 0xFF,
  0xF9, 0x07, 0x74, 0x01, 0xFF, 0xFA, 0x0D, 0x74, 0x07, 0xFF, 0xFB, 0x03, 0x73, 0x0D, 0xFF, 0xFB,
  0x09, 0x72, 0x03, 0xC0, 0xB8, 0x09, 0x32, 0x04, 0xC0, 0xE7, 0x20, 0x9C, 0x05, 0x77, 0x20, 0xCC,
  0x05, 0x71, 0x0E, 0xB0, 0xE7, 0x73, 0x06, 0xC0, 0xB7, 0x05, 0xC0, 0x97, 0x73, 0x01, 0xD0, 0x26,
  0x0B, 0xC0, 0x37, 0x74, 0x0A, 0xC0, 0x75, 0x02, 0xC0, 0xD7, 0x75, 0x04, 0xC0, 0xD5, 0x08, 0xC0,
  0x77, 0x76, 0x0E, 0xC0, 0x44, 0x0D, 0xC0, 0x27, 0x76, 0x08, 0xC0, 0x93, 0x04, 0xC0, 0xB7, 0x77,
  0x02, 0xC0, 0xE3, 0x0A, 0xC0, 0x67, 0x77, 0x10, 0xCC, 0x81, 0x60, 0x1C, 0x0E, 0x77, 0x72, 0x06,
  0xC8, 0x1C, 0x06, 0xC0, 0xA7, 0x77, 0x20, 0x1D, 0x02, 0x0C, 0xC0, 0x47, 0x77, 0x30, 0xAC, 0x08,
  // "Ä" (U+00C4), RLE, 621 bytes saved (66.3%)
  0x74, 0x82, 0x8E, 0xE7, 0x68, 0x32, 0xCE, 0xB2, 0x77, 0x60, 0x5C, 0x04, 0x50, 0xCB, 0x0B, 0x77,
  0x60, 0x9C, 0x08, 0x5D, 0x77, 0x60, 0x9C, 0x08, 0x5D, 0x77, 0x60, 0x4C, 0x04, 0x50, 0xCB, 0x0B,
  0x77, 0x78, 0x27, 0xED, 0x76, 0x83, 0x2B, 0xEB, 0x18, 0x0B, 0x91, 0x00, 0x8C, 0x05, 0x77, 0x77,
  0x20, 0xEC, 0x0B, 0x77, 0x77, 0x10, 0x5E, 0x01, 0x77, 0x77, 0x0B, 0xE0, 0x77, 0x77, 0x60, 0x1F,
  0x0D, 0x77, 0x76, 0x07, 0xB0, 0xDC, 0x03, 0x77, 0x75, 0x0D, 0xB0, 0x80, 0xDB, 0x09, 0x77, 0x74,
  0x03, 0xC0, 0x40, 0x8B, 0x0E, 0x77, 0x74, 0x09, 0xC1, 0x04, 0xC0, 0x57, 0x77, 0x30, 0xEB, 0x0B,
  0x20, 0xEB, 0x0B, 0x77, 0x72, 0x05, 0xC0, 0x62, 0x09, 0xC0, 0x27, 0x77, 0x10, 0xBC, 0x01, 0x20,
  0x4C, 0x08, 0x77, 0x70, 0x2C, 0x0B, 0x40, 0xEB, 0x0D, 0x77, 0x70, 0x8C, 0x05, 0x40, 0x9C, 0x04,
  0x77, 0x60, 0xDB, 0x0E, 0x50, 0x3C, 0x0A, 0x77, 0x50, 0x4C, 0x09, 0x60, 0xDC, 0x01, 0x77, 0x40,
  0xAC, 0x04, 0x60, 0x7C, 0x06, 0x77, 0x30, 0x1C, 0x0D, 0x70, 0x2C, 0x0C, 0x77, 0x30, 0x6C, 0x08,
  0x71, 0x0C, 0xC0, 0x27, 0x72, 0x0C, 0xC0, 0x27, 0x10, 0x6C, 0x08, 0x77, 0x10, 0x2C, 0x0C, 0x72,
  0x01, 0xC0, 0xE7, 0x71, 0x08, 0xC0, 0x67, 0x30, 0xBC, 0x05, 0x77, 0x0E, 0xC0, 0x17, 0x30, 0x5C,
  0x0A, 0x76, 0x05, 0xC0, 0xB7, 0x50, 0xEC, 0x01, 0x75, 0x0B, 0xFF, 0xF9, 0x07, 0x74, 0x01, 0xFF,
  0xFA, 0x0D, 0x74, 0x07, 0xFF, 0xFB, 0x03, 0x73, 0x0D, 0xFF, 0xFB, 0x09, 0x72, 0x03, 0xC0, 0xB8,
  0x09, 0x32, 0x04, 0xC0, 0xE7, 0x20, 0x9C, 0x05, 0x77, 0x20, 0xCC, 0x05, 0x71, 0x0E, 0xB0, 0xE7,
  0x73, 0x06, 0xC0, 0xB7, 0x05, 0xC0, 0x97, 0x73, 0x01, 0xD0, 0x26, 0x0B, 0xC0, 0x37, 0x74, 0x0A,
  0xC0, 0x75, 0x02, 0xC0, 0xD7, 0x75, 0x04, 0xC0, 0xD5, 0x08, 0xC0, 0x77, 0x76, 0x0E, 0xC0, 0x44,
  0x0D, 0xC0, 0x27, 0x76, 0x08, 0xC0, 0x93, 0x04, 0xC0, 0xB7, 0x77, 0x02, 0xC0, 0xE3, 0x0A, 0xC0,
  0x67, 0x77, 0x10, 0xCC, 0x81, 0x60, 0x1C, 0x0E, 0x77, 0x72, 0x06, 0xC8, 0x1C, 0x06, 0xC0, 0xA7,
  0x77, 0x20, 0x1D, 0x02, 0x0C, 0xC0, 0x47, 0x77, 0x30, 0xAC, 0x08,
  // "Å" (U+00C5), RLE, 552 bytes saved (62.6%)
  0x77, 0x85, 0x6B, 0xEF, 0xDA, 0x47, 0x77, 0x60, 0x10, 0xDF, 0x09, 0x77, 0x75, 0x0C, 0xC0, 0xDC,
  0x08, 0x77, 0x73, 0x05, 0xB0, 0x62, 0x01, 0x0A, 0xB0, 0x17, 0x77, 0x20, 0x9A, 0x08, 0x50, 0xDA,
  0x06, 0x77, 0x72, 0x0B, 0xA0, 0x45, 0x09, 0xA0, 0x87, 0x77, 0x20, 0xBA, 0x04, 0x50, 0x9A, 0x07,
  0x77, 0x72, 0x09, 0xA0, 0x85, 0x0D, 0xA0, 0x57, 0x77, 0x20, 0x4B, 0x0E, 0xF0, 0x17, 0x77, 0x30,
  0xCF, 0xA0, 0x87, 0x77, 0x40, 0x10, 0xCF, 0x0B, 0x77, 0x77, 0xF0, 0x77, 0x77, 0x60, 0x1F, 0x0D,
  0x77, 0x76, 0x07, 0xB0, 0xDC, 0x03, 0x77, 0x75, 0x0D, 0xB0, 0x80, 0xDB, 0x09, 0x77, 0x74, 0x03,
  0xC0, 0x40, 0x8B, 0x0E, 0x77, 0x74, 0x09, 0xC1, 0x04, 0xC0, 0x57, 0x77, 0x30, 0xEB, 0x0B, 0x20,
  0xEB, 0x0B, 0x77, 0x72, 0x05, 0xC0, 0x62, 0x09, 0xC0, 0x27, 0x77, 0x10, 0xBC, 0x01, 0x20, 0x4C,
  0x08, 0x77, 0x70, 0x2C, 0x0B, 0x40, 0xEB, 0x0D, 0x77, 0x70, 0x8C, 0x05, 0x40, 0x9C, 0x04, 0x77,
  0x60, 0xDB, 0x0E, 0x50, 0x3C, 0x0A, 0x77, 0x50, 0x4C, 0x09, 0x60, 0xDC, 0x01, 0x77, 0x40, 0xAC,
  0x04, 0x60, 0x7C, 0x06, 0x77, 0x30, 0x1C, 0x0D, 0x70, 0x2C, 0x0C, 0x77, 0x30, 0x6C, 0x08, 0x71,
  0x0C, 0xC0, 0x27, 0x72, 0x0C, 0xC0, 0x27, 0x10, 0x6C, 0x08, 0x77, 0x10, 0x2C, 0x0C, 0x72, 0x01,
  0xC0, 0xE7, 0x71, 0x08, 0xC0, 0x67, 0x30, 0xBC, 0x05, 0x77, 0x0E, 0xC0, 0x17, 0x30, 0x5C, 0x0A,
  0x76, 0x05, 0xC0, 0xB7, 0x50, 0xEC, 0x01, 0x75, 0x0B, 0xFF, 0xF9, 0x07, 0x74, 0x01, 0xFF, 0xFA,
  0x0D, 0x74, 0x07, 0xFF, 0xFB, 0x03, 0x73, 0x0D, 0xFF, 0xFB, 0x09, 0x72, 0x03, 0xC0, 0xB8, 0x09,
  0x32, 0x04, 0xC0, 0xE7, 0x20, 0x9C, 0x05, 0x77, 0x20, 0xCC, 0x05, 0x71, 0x0E, 0xB0, 0xE7, 0x73,
  0x06, 0xC0, 0xB7, 0x05, 0xC0, 0x97, 0x73, 0x01, 0xD0, 0x26, 0x0B, 0xC0, 0x37, 0x74, 0x0A, 0xC0,
  0x75, 0x02, 0xC0, 0xD7, 0x75, 0x04, 0xC0, 0xD5, 0x08, 0xC0, 0x77, 0x76, 0x0E, 0xC0, 0x44, 0x0D,
  0xC0, 0x27, 0x76, 0x08, 0xC0, 0x93, 0x04, 0xC0, 0xB7, 0x77, 0x02, 0xC0, 0xE3, 0x0A, 0xC0, 0x67,
  0x77, 0x10, 0xCC, 0x81, 0x60, 0x1C, 0x0E, 0x77, 0x72, 0x06, 0xC8, 0x1C, 0x06, 0xC0, 0xA7, 0x77,
  0x20, 0x1D, 0x02, 0x0C, 0xC0, 0x47, 0x77, 0x30, 0xAC, 0x08,
  // "Æ" (U+00C6), RLE, 635 bytes saved (67.3%)
  0x77, 0x40, 0x4F, 0xFF, 0xE7, 0x74, 0x0B, 0xFF, 0xFE, 0x77, 0x30, 0x3F, 0xFF, 0xF7, 0x73, 0x0A,
  0xFF, 0xFF, 0x77, 0x20, 0x2C, 0x83, 0xB2, 0x22, 0xDC, 0x04, 0x80, 0x93, 0x27, 0x72, 0x09, 0xC0,
  0x43, 0x0D, 0xC0, 0x27, 0x77, 0x72, 0x01, 0xC0, 0xD4, 0x0D, 0xC0, 0x27, 0x77, 0x72, 0x08, 0xC0,
  0x64, 0x0D, 0xC0, 0x27, 0x77, 0x71, 0x01, 0x0E, 0xB0, 0xE5, 0x0D, 0xC0, 0x27, 0x77, 0x71, 0x07,
  0xC0, 0x85, 0x0D, 0xC0, 0x27, 0x77, 0x71, 0x0E, 0xC0, 0x15, 0x0D, 0xC0, 0x27, 0x77, 0x70, 0x6C,
  0x09, 0x60, 0xDC, 0x02, 0x77, 0x77, 0x0D, 0xC0, 0x36, 0x0D, 0xC0, 0x27, 0x77, 0x60, 0x5C, 0x0B,
  0x70, 0xDC, 0x02, 0x77, 0x76, 0x0C, 0xC0, 0x47, 0x0D, 0xC0, 0x27, 0x77, 0x50, 0x4C, 0x0D, 0x71,
  0x0D, 0xC0, 0x27, 0x77, 0x50, 0xBC, 0x06, 0x71, 0x0D, 0xC0, 0x27, 0x77, 0x40, 0x2C, 0x0E, 0x72,
  0x0D, 0xC0, 0x48, 0x09, 0x12, 0x01, 0x74, 0x0A, 0xC0, 0x87, 0x20, 0xDF, 0xFC, 0x0E, 0x73, 0x01,
  0xD0, 0x17, 0x20, 0xDF, 0xFC, 0x0E, 0x73, 0x08, 0xC0, 0xA7, 0x30, 0xDF, 0xFC, 0x0E, 0x72, 0x01,
  0x0E, 0xC0, 0x37, 0x30, 0xDF, 0xFC, 0x0E, 0x72, 0x07, 0xC0, 0xB7, 0x40, 0xDC, 0x02, 0x77, 0x72,
  0x0E, 0xC0, 0x57, 0x40, 0xDC, 0x02, 0x77, 0x71, 0x06, 0xFF, 0xF9, 0x02, 0x77, 0x71, 0x0D, 0xFF,
  0xF9, 0x02, 0x77, 0x70, 0x5F, 0xFF, 0xA0, 0x27, 0x77, 0x0C, 0xFF, 0xFA, 0x02, 0x77, 0x60, 0x4C,
  0x0E, 0x80, 0x92, 0x20, 0xDC, 0x02, 0x77, 0x60, 0xBC, 0x07, 0x77, 0x0D, 0xC0, 0x27, 0x75, 0x03,
  0xC0, 0xE0, 0x17, 0x70, 0xDC, 0x02, 0x77, 0x50, 0xAC, 0x08, 0x77, 0x10, 0xDC, 0x02, 0x77, 0x40,
  0x2D, 0x01, 0x77, 0x10, 0xDC, 0x02, 0x77, 0x40, 0x9C, 0x0A, 0x77, 0x20, 0xDC, 0x02, 0x77, 0x30,
  0x1D, 0x02, 0x77, 0x20, 0xDC, 0x02, 0x77, 0x30, 0x8C, 0x0B, 0x77, 0x30, 0xDC, 0x02, 0x77, 0x30,
  0xEC, 0x03, 0x77, 0x30, 0xDC, 0x04, 0x80, 0x93, 0x21, 0x06, 0xC0, 0xC7, 0x74, 0x0D, 0xFF, 0xE1,
  0x0D, 0xC0, 0x47, 0x74, 0x0D, 0xFF, 0xE0, 0x5C, 0x0D, 0x77, 0x50, 0xDF, 0xFE, 0x0C, 0xC0, 0x67,
  0x75, 0x0D, 0xFF, 0xE0,
  // "Ç" (U+00C7), RLE, 562 bytes saved (64.7%)
  0x77, 0x18, 0x90, 0x14, 0x56, 0x77, 0x65, 0x31, 0x77, 0x48, 0x15, 0xAE, 0xFB, 0x82, 0xEA, 0x62,
  0x74, 0x81, 0x18, 0xEF, 0xFB, 0x0B, 0x04, 0x71, 0x05, 0x0E, 0xFF, 0xE0, 0x47, 0x09, 0xF9, 0x85,
  0xEC, 0xAA, 0xBC, 0xEE, 0x0D, 0x70, 0xBE, 0x81, 0xD7, 0x27, 0x81, 0x37, 0xDB, 0x07, 0x60, 0xBE,
  0x07, 0x76, 0x82, 0x5C, 0xE1, 0x50, 0x8D, 0x0D, 0x02, 0x77, 0x20, 0x25, 0x03, 0xD0, 0xD0, 0x17,
  0x77, 0x20, 0xCD, 0x03, 0x77, 0x72, 0x05, 0xD0, 0x87, 0x77, 0x30, 0xBC, 0x0D, 0x77, 0x73, 0x02,
  0xD0, 0x77, 0x77, 0x30, 0x7D, 0x01, 0x77, 0x73, 0x0B, 0xC0, 0xA7, 0x77, 0x40, 0xEC, 0x06, 0x77,
  0x73, 0x02, 0xD0, 0x37, 0x77, 0x30, 0x4D, 0x77, 0x74, 0x06, 0xC0, 0xE7, 0x77, 0x40, 0x7C, 0x0D,
  0x77, 0x74, 0x08, 0xC0, 0xC7, 0x77, 0x40, 0x8C, 0x0B, 0x77, 0x74, 0x08, 0xC0, 0xC7, 0x77, 0x40,
  0x7C, 0x0D, 0x77, 0x74, 0x06, 0xC0, 0xE7, 0x77, 0x40, 0x5D, 0x77, 0x74, 0x03, 0xD0, 0x37, 0x77,
  0x4D, 0x06, 0x77, 0x74, 0x0C, 0xC0, 0x97, 0x77, 0x40, 0x9C, 0x0E, 0x77, 0x74, 0x04, 0xD0, 0x57,
  0x77, 0x40, 0xEC, 0x0B, 0x77, 0x74, 0x08, 0xD0, 0x57, 0x77, 0x30, 0x1D, 0x0E, 0x01, 0x77, 0x73,
  0x08, 0xD0, 0xB7, 0x77, 0x40, 0xDD, 0x0B, 0x77, 0x73, 0x03, 0xE0, 0xD0, 0x47, 0x71, 0x01, 0x70,
  0x5F, 0x81, 0xC6, 0x17, 0x18, 0x41, 0x59, 0xDF, 0x17, 0x05, 0x0E, 0xF9, 0x86, 0xDB, 0xAA, 0xAB,
  0xCE, 0xD0, 0x17, 0x10, 0x20, 0xCF, 0xFE, 0x01, 0x73, 0x06, 0x0D, 0xFF, 0xC0, 0x17, 0x58, 0x14,
  0x9E, 0xFC, 0x82, 0xEB, 0x72, 0x77, 0x28, 0x21, 0x45, 0xDA, 0x83, 0x96, 0x53, 0x17, 0x77, 0x10,
  0x4A, 0x0E, 0x77, 0x76, 0x0C, 0xA0, 0x77, 0x77, 0x50, 0x4B, 0x05, 0x77, 0x75, 0x0B, 0xC0, 0xE0,
  0x77, 0x77, 0x30, 0x80, 0xBD, 0x0C, 0x77, 0x74, 0x81, 0x16, 0xEB, 0x07, 0x77, 0x75, 0x05, 0xB0,
  0xC7, 0x77, 0x50, 0x2B, 0x0D, 0x77, 0x75, 0x05, 0xB0, 0xB7, 0x76, 0x02, 0x38, 0x12, 0x6E, 0xB0,
  0x67, 0x75, 0x03, 0xFA, 0x0C, 0x77, 0x60, 0x3F, 0x90, 0xA7, 0x77, 0x87, 0x2D, 0xEF, 0xED, 0xB8,
  0x37, 0x30,
  // "È" (U+00C8), RLE, 403 bytes saved (66.1%)
  0x50, 0xBD, 0x05, 0x77, 0x20, 0x20, 0xEC, 0x0D, 0x77, 0x30, 0x4D, 0x07, 0x77, 0x30, 0x6D, 0x02,
  0x77, 0x30, 0x7C, 0x0B, 0x77, 0x40, 0x8C, 0x06, 0x77, 0x40, 0x9B, 0x0E, 0x02, 0x77, 0x40, 0x8B,
  0x0C, 0x77, 0x50, 0x6B, 0x07, 0x80, 0x98, 0x70, 0x08, 0xFF, 0xF0, 0xC0, 0x8F, 0xFF, 0x0C, 0x08,
  0xFF, 0xF0, 0xC0, 0x8F, 0xFF, 0x0C, 0x08, 0xC0, 0x88, 0x09, 0x42, 0x01, 0x08, 0xC0, 0x77, 0x73,
  0x08, 0xC0, 0x77, 0x73, 0x08, 0xC0, 0x77, 0x73, 0x08, 0xC0, 0x77, 0x73, 0x08, 0xC0, 0x77, 0x73,
  0x08, 0xC0, 0x77, 0x73, 0x08, 0xC0, 0x77, 0x73, 0x08, 0xC0, 0x77, 0x73, 0x08, 0xC0, 0x77, 0x73,
  0x08, 0xC0, 0x77, 0x73, 0x08, 0xC0, 0x77, 0x73, 0x08, 0xC0, 0x77, 0x73, 0x08, 0xC0, 0x88, 0x09,
  0x32, 0x81, 0x10, 0x8F, 0xFE, 0x81, 0xB0, 0x8F, 0xFE, 0x81, 0xB0, 0x8F, 0xFE, 0x81, 0xB0, 0x8F,
  0xFE, 0x81, 0xB0, 0x8C, 0x07, 0x77, 0x30, 0x8C, 0x07, 0x77, 0x30, 0x8C, 0x07, 0x77, 0x30, 0x8C,
  0x07, 0x77, 0x30, 0x8C, 0x07, 0x77, 0x30, 0x8C, 0x07, 0x77, 0x30, 0x8C, 0x07, 0x77, 0x30, 0x8C,
  0x07, 0x77, 0x30, 0x8C, 0x07, 0x77, 0x30, 0x8C, 0x07, 0x77, 0x30, 0x8C, 0x07, 0x77, 0x30, 0x8C,
  0x07, 0x77, 0x30, 0x8C, 0x07, 0x77, 0x30, 0x8C, 0x07, 0x77, 0x30, 0x8C, 0x08, 0x80, 0x94, 0x20,
  0x10, 0x8F, 0xFF, 0x0C, 0x08, 0xFF, 0xF0, 0xC0, 0x8F, 0xFF, 0x0C, 0x08, 0xFF, 0xF0, 0xC0,
  // "É" (U+00C9), RLE, 399 bytes saved (65.4%)
  0x76, 0x0B, 0xD0, 0x67, 0x71, 0x04, 0xD0, 0xC7, 0x72, 0x0C, 0xC0, 0xD0, 0x17, 0x71, 0x07, 0xC0,
  0xE0, 0x37, 0x71, 0x02, 0xC0, 0xE0, 0x37, 0x72, 0x0B, 0xC0, 0x47, 0x72, 0x06, 0xC0, 0x57, 0x72,
  0x02, 0x0E, 0xA0, 0xE0, 0x47, 0x73, 0x0B, 0xA0, 0xD0, 0x38, 0x09, 0x93, 0x00, 0x8F, 0xFF, 0x0C,
  0x08, 0xFF, 0xF0, 0xC0, 0x8F, 0xFF, 0x0C, 0x08, 0xFF, 0xF0, 0xC0, 0x8C, 0x08, 0x80, 0x94, 0x20,
  0x10, 0x8C, 0x07, 0x77, 0x30, 0x8C, 0x07, 0x77, 0x30, 0x8C, 0x07, 0x77, 0x30, 0x8C, 0x07, 0x77,
  0x30, 0x8C, 0x07, 0x77, 0x30, 0x8C, 0x07, 0x77, 0x30, 0x8C, 0x07, 0x77, 0x30, 0x8C, 0x07, 0x77,
  0x30, 0x8C, 0x07, 0x77, 0x30, 0x8C, 0x07, 0x77, 0x30, 0x8C, 0x07, 0x77, 0x30, 0x8C, 0x07, 0x77,
  0x30, 0x8C, 0x08, 0x80, 0x93, 0x28, 0x11, 0x08, 0xFF, 0xE8, 0x1B, 0x08, 0xFF, 0xE8, 0x1B, 0x08,
  0xFF, 0xE8, 0x1B, 0x08, 0xFF, 0xE8, 0x1B, 0x08, 0xC0, 0x77, 0x73, 0x08, 0xC0, 0x77, 0x73, 0x08,
  0xC0, 0x77, 0x73, 0x08, 0xC0, 0x77, 0x73, 0x08, 0xC0, 0x77, 0x73, 0x08, 0xC0, 0x77, 0x73, 0x08,
  0xC0, 0x77, 0x73, 0x08, 0xC0, 0x77, 0x73, 0x08, 0xC0, 0x77, 0x73, 0x08, 0xC0, 0x77, 0x73, 0x08,
  0xC0, 0x77, 0x73, 0x08, 0xC0, 0x77, 0x73, 0x08, 0xC0, 0x77, 0x73, 0x08, 0xC0, 0x77, 0x73, 0x08,
  0xC0, 0x88, 0x09, 0x42, 0x01, 0x08, 0xFF, 0xF0, 0xC0, 0x8F, 0xFF, 0x0C, 0x08, 0xFF, 0xF0, 0xC0,
  0x8F, 0xFF, 0x0C,
  // "Ê" (U+00CA), RLE, 386 bytes saved (63.3%)
  0x71, 0x03, 0xD0, 0x77, 0x72, 0x0C, 0xD0, 0xE0, 0x27, 0x70, 0x9F, 0x0C, 0x76, 0x06, 0xFA, 0x0A,
  0x74, 0x04, 0xC8, 0x1D, 0x3B, 0xC0, 0x87, 0x20, 0x20, 0xEB, 0x0C, 0x01, 0x20, 0xAC, 0x06, 0x70,
  0x10, 0xDB, 0x0C, 0x01, 0x40, 0x9C, 0x05, 0x50, 0x10, 0xDB, 0x09, 0x70, 0x6C, 0x04, 0x40, 0xAA,
  0x0E, 0x05, 0x72, 0x03, 0x0C, 0xB0, 0x18, 0x09, 0x82, 0x00, 0x8F, 0xFF, 0x0C, 0x08, 0xFF, 0xF0,
  0xC0, 0x8F, 0xFF, 0x0C, 0x08, 0xFF, 0xF0, 0xC0, 0x8C, 0x08, 0x80, 0x94, 0x20, 0x10, 0x8C, 0x07,
  0x77, 0x30, 0x8C, 0x07, 0x77, 0x30, 0x8C, 0x07, 0x77, 0x30, 0x8C, 0x07, 0x77, 0x30, 0x8C, 0x07,
  0x77, 0x30, 0x8C, 0x07, 0x77, 0x30, 0x8C, 0x07, 0x77, 0x30, 0x8C, 0x07, 0x77, 0x30, 0x8C, 0x07,
  0x77, 0x30, 0x8C, 0x07, 0x77, 0x30, 0x8C, 0x07, 0x77, 0x30, 0x8C, 0x07, 0x77, 0x30, 0x8C, 0x08,
  0x80, 0x93, 0x28, 0x11, 0x08, 0xFF, 0xE8, 0x1B, 0x08, 0xFF, 0xE8, 0x1B, 0x08, 0xFF, 0xE8, 0x1B,
  0x08, 0xFF, 0xE8, 0x1B, 0x08, 0xC0, 0x77, 0x73, 0x08, 0xC0, 0x77, 0x73, 0x08, 0xC0, 0x77, 0x73,
  0x08, 0xC0, 0x77, 0x73, 0x08, 0xC0, 0x77, 0x73, 0x08, 0xC0, 0x77, 0x73, 0x08, 0xC0, 0x77, 0x73,
  0x08, 0xC0, 0x77, 0x73, 0x08, 0xC0, 0x77, 0x73, 0x08, 0xC0, 0x77, 0x73, 0x08, 0xC0, 0x77, 0x73,
  0x08, 0xC0, 0x77, 0x73, 0x08, 0xC0, 0x77, 0x73, 0x08, 0xC0, 0x77, 0x73, 0x08, 0xC0, 0x88, 0x09,
  0x42, 0x01, 0x08, 0xFF, 0xF0, 0xC0, 0x8F, 0xFF, 0x0C, 0x08, 0xFF, 0xF0, 0xC0, 0x8F, 0xFF, 0x0C,
  // "Ë" (U+00CB), RLE, 393 bytes saved (65.7%)
  0x58, 0x28, 0xEE, 0x76, 0x83, 0x2C, 0xEB, 0x27, 0x05, 0xC0, 0x45, 0x0C, 0xB0, 0xB7, 0x09, 0xC0,
  0x85, 0xD7, 0x09, 0xC0, 0x85, 0xD7, 0x04, 0xC0, 0x45, 0x0C, 0xB0, 0xB7, 0x18, 0x27, 0xED, 0x76,
  0x83, 0x2B, 0xEB, 0x18, 0x09, 0xE2, 0x00, 0x8F, 0xFF, 0x0C, 0x08, 0xFF, 0xF0, 0xC0, 0x8F, 0xFF,
  0x0C, 0x08, 0xFF, 0xF0, 0xC0, 0x8C, 0x08, 0x80, 0x94, 0x20, 0x10, 0x8C, 0x07, 0x77, 0x30, 0x8C,
  0x07, 0x77, 0x30, 0x8C, 0x07, 0x77, 0x30, 0x8C, 0x07, 0x77, 0x30, 0x8C, 0x07, 0x77, 0x30, 0x8C,
  0x07, 0x77, 0x30, 0x8C, 0x07, 0x77, 0x30, 0x8C, 0x07, 0x77, 0x30, 0x8C, 0x07, 0x77, 0x30, 0x8C,
  0x07, 0x77, 0x30, 0x8C, 0x07, 0x77, 0x30, 0x8C, 0x07, 0x77, 0x30, 0x8C, 0x08, 0x80, 0x93, 0x28,
  0x11, 0x08, 0xFF, 0xE8, 0x1B, 0x08, 0xFF, 0xE8, 0x1B, 0x08, 0xFF, 0xE8, 0x1B, 0x08, 0xFF, 0xE8,
  0x1B, 0x08, 0xC0, 0x77, 0x73, 0x08, 0xC0, 0x77, 0x73, 0x08, 0xC0, 0x77, 0x73, 0x08, 0xC0, 0x77,
  0x73, 0x08, 0xC0, 0x77, 0x73, 0x08, 0xC0, 0x77, 0x73, 0x08, 0xC0, 0x77, 0x73, 0x08, 0xC0, 0x77,
  0x73, 0x08, 0xC0, 0x77, 0x73, 0x08, 0xC0, 0x77, 0x73, 0x08, 0xC0, 0x77, 0x73, 0x08, 0xC0, 0x77,
  0x73, 0x08, 0xC0, 0x77, 0x73, 0x08, 0xC0, 0x77, 0x73, 0x08, 0xC0, 0x88, 0x09, 0x42, 0x01, 0x08,
  0xFF, 0xF0, 0xC0, 0x8F, 0xFF, 0x0C, 0x08, 0xFF, 0xF0, 0xC0, 0x8F, 0xFF, 0x0C,
  // "Ì" (U+00CC), RLE, 248 bytes saved (62.3%)
  0x0B, 0xD0, 0x57, 0x10, 0x20, 0xEC, 0x0D, 0x72, 0x04, 0xD0, 0x77, 0x20, 0x6D, 0x02, 0x72, 0x07,
  0xC0, 0xB7, 0x30, 0x8C, 0x06, 0x73, 0x09, 0xB0, 0xE0, 0x27, 0x30, 0x8B, 0x0C, 0x74, 0x06, 0xB0,
  0x78, 0x0D, 0x40, 0x0B, 0xFE, 0x0A, 0x0B, 0xFE, 0x0A, 0x0B, 0xFE, 0x82, 0xA6, 0xBE, 0xFA, 0x81,
  0xEB, 0x53, 0x03, 0x07, 0xD0, 0x60, 0x37, 0x01, 0xD7, 0x20, 0x1D, 0x72, 0x01, 0xD7, 0x20, 0x1D,
  0x72, 0x01, 0xD7, 0x20, 0x1D, 0x72, 0x01, 0xD7, 0x20, 0x1D, 0x72, 0x01, 0xD7, 0x20, 0x1D, 0x72,
  0x01, 0xD7, 0x20, 0x1D, 0x72, 0x01, 0xD7, 0x20, 0x1D, 0x72, 0x01, 0xD7, 0x20, 0x1D, 0x72, 0x01,
  0xD7, 0x20, 0x1D, 0x72, 0x01, 0xD7, 0x20, 0x1D, 0x72, 0x01, 0xD7, 0x20, 0x1D, 0x72, 0x01, 0xD7,
  0x20, 0x1D, 0x72, 0x01, 0xD7, 0x20, 0x1D, 0x72, 0x01, 0xD7, 0x20, 0x1D, 0x72, 0x01, 0xD7, 0x20,
  0x1D, 0x72, 0x01, 0xD7, 0x20, 0x1D, 0x68, 0x23, 0x7A, 0xED, 0x84, 0xDA, 0x63, 0x0B, 0xFE, 0x0A,
  0x0B, 0xFE, 0x0A, 0x0B, 0xFE, 0x0A,
  // "Í" (U+00CD), RLE, 265 bytes saved (62.5%)
  0x72, 0x0B, 0xD0, 0x67, 0x10, 0x4D, 0x0C, 0x72, 0x0C, 0xC0, 0xD0, 0x17, 0x10, 0x7C, 0x0E, 0x03,
  0x71, 0x02, 0xC0, 0xE0, 0x37, 0x20, 0xBC, 0x04, 0x72, 0x06, 0xC0, 0x57, 0x20, 0x20, 0xEA, 0x0E,
  0x04, 0x73, 0x0B, 0xA0, 0xD0, 0x38, 0x0E, 0x30, 0x0B, 0xFE, 0x81, 0xA0, 0xBF, 0xE8, 0x1A, 0x0B,
  0xFE, 0x83, 0xA0, 0x6B, 0xEF, 0xA8, 0x1E, 0xB5, 0x40, 0x30, 0x7D, 0x06, 0x03, 0x71, 0x01, 0xD7,
  0x30, 0x1D, 0x73, 0x01, 0xD7, 0x30, 0x1D, 0x73, 0x01, 0xD7, 0x30, 0x1D, 0x73, 0x01, 0xD7, 0x30,
  0x1D, 0x73, 0x01, 0xD7, 0x30, 0x1D, 0x73, 0x01, 0xD7, 0x30, 0x1D, 0x73, 0x01, 0xD7, 0x30, 0x1D,
  0x73, 0x01, 0xD7, 0x30, 0x1D, 0x73, 0x01, 0xD7, 0x30, 0x1D, 0x73, 0x01, 0xD7, 0x30, 0x1D, 0x73,
  0x01, 0xD7, 0x30, 0x1D, 0x73, 0x01, 0xD7, 0x30, 0x1D, 0x73, 0x01, 0xD7, 0x30, 0x1D, 0x73, 0x01,
  0xD7, 0x30, 0x1D, 0x73, 0x01, 0xD7, 0x30, 0x1D, 0x73, 0x01, 0xD7, 0x30, 0x1D, 0x78, 0x23, 0x7A,
  0xED, 0x82, 0xDA, 0x63, 0x20, 0xBF, 0xE8, 0x1A, 0x0B, 0xFE, 0x81, 0xA0, 0xBF, 0xE0, 0xA1,
  // "Î" (U+00CE), RLE, 354 bytes saved (66.8%)
  0x60, 0x3D, 0x07, 0x76, 0x0C, 0xD0, 0xE0, 0x27, 0x40, 0x9F, 0x0C, 0x73, 0x06, 0xFA, 0x0A, 0x71,
  0x04, 0xC8, 0x1D, 0x3B, 0xC0, 0x86, 0x02, 0x0E, 0xB0, 0xC0, 0x12, 0x0A, 0xC0, 0x64, 0x01, 0x0D,
  0xB0, 0xC0, 0x14, 0x09, 0xC0, 0x52, 0x01, 0x0D, 0xB0, 0x97, 0x06, 0xC8, 0x14, 0x0A, 0xA0, 0xE0,
  0x57, 0x20, 0x30, 0xCB, 0x01, 0x80, 0xF2, 0x00, 0xBF, 0xE0, 0xA5, 0x0B, 0xFE, 0x0A, 0x50, 0xBF,
  0xE0, 0xA5, 0x81, 0x6B, 0xEF, 0xA8, 0x1E, 0xB5, 0x71, 0x03, 0x07, 0xD0, 0x60, 0x37, 0x50, 0x1D,
  0x77, 0x01, 0xD7, 0x70, 0x1D, 0x77, 0x01, 0xD7, 0x70, 0x1D, 0x77, 0x01, 0xD7, 0x70, 0x1D, 0x77,
  0x01, 0xD7, 0x70, 0x1D, 0x77, 0x01, 0xD7, 0x70, 0x1D, 0x77, 0x01, 0xD7, 0x70, 0x1D, 0x77, 0x01,
  0xD7, 0x70, 0x1D, 0x77, 0x01, 0xD7, 0x70, 0x1D, 0x77, 0x01, 0xD7, 0x70, 0x1D, 0x77, 0x01, 0xD7,
  0x70, 0x1D, 0x77, 0x01, 0xD7, 0x70, 0x1D, 0x77, 0x01, 0xD7, 0x70, 0x1D, 0x77, 0x01, 0xD7, 0x70,
  0x1D, 0x77, 0x01, 0xD7, 0x70, 0x1D, 0x77, 0x01, 0xD7, 0x70, 0x1D, 0x77, 0x01, 0xD7, 0x48, 0x23,
  0x7A, 0xED, 0x82, 0xDA, 0x63, 0x60, 0xBF, 0xE0, 0xA5, 0x0B, 0xFE, 0x0A, 0x50, 0xBF, 0xE0, 0xA3,
  // "Ï" (U+00CF), RLE, 262 bytes saved (63.0%)
  0x18, 0x28, 0xEE, 0x76, 0x84, 0x2C, 0xEB, 0x25, 0xC0, 0x45, 0x0C, 0xB0, 0xB0, 0x9C, 0x08, 0x5D,
  0x09, 0xC0, 0x85, 0xD0, 0x4C, 0x04, 0x50, 0xCB, 0x84, 0xB0, 0x7E, 0xD7, 0x68, 0x32, 0xBE, 0xB1,
  0x80, 0x99, 0x50, 0x0B, 0xFE, 0x81, 0xA0, 0xBF, 0xE8, 0x1A, 0x0B, 0xFE, 0x83, 0xA0, 0x6B, 0xEF,
  0xA8, 0x1E, 0xB5, 0x40, 0x30, 0x7D, 0x06, 0x03, 0x71, 0x01, 0xD7, 0x30, 0x1D, 0x73, 0x01, 0xD7,
  0x30, 0x1D, 0x73, 0x01, 0xD7, 0x30, 0x1D, 0x73, 0x01, 0xD7, 0x30, 0x1D, 0x73, 0x01, 0xD7, 0x30,
  0x1D, 0x73, 0x01, 0xD7, 0x30, 0x1D, 0x73, 0x01, 0xD7, 0x30, 0x1D, 0x73, 0x01, 0xD7, 0x30, 0x1D,
  0x73, 0x01, 0xD7, 0x30, 0x1D, 0x73, 0x01, 0xD7, 0x30, 0x1D, 0x73, 0x01, 0xD7, 0x30, 0x1D, 0x73,
  0x01, 0xD7, 0x30, 0x1D, 0x73, 0x01, 0xD7, 0x30, 0x1D, 0x73, 0x01, 0xD7, 0x30, 0x1D, 0x73, 0x01,
  0xD7, 0x30, 0x1D, 0x73, 0x01, 0xD7, 0x30, 0x1D, 0x78, 0x23, 0x7A, 0xED, 0x82, 0xDA, 0x63, 0x20,
  0xBF, 0xE8, 0x1A, 0x0B, 0xFE, 0x81, 0xA0, 0xBF, 0xE0, 0xA0,
  // "Ð" (U+00D0), RLE, 459 bytes saved (60.5%)
  0x40, 0x2F, 0xD8, 0x5E, 0xED, 0xB8, 0x51, 0x77, 0x30, 0x2F, 0xFD, 0x0C, 0x06, 0x77, 0x10, 0x2F,
  0xFF, 0x0E, 0x07, 0x76, 0x02, 0xFF, 0xFA, 0x0D, 0x03, 0x74, 0x02, 0xC0, 0xD8, 0x03, 0x28, 0x33,
  0x56, 0xAD, 0xF9, 0x05, 0x73, 0x02, 0xC0, 0xD7, 0x50, 0x20, 0x9F, 0x06, 0x72, 0x02, 0xC0, 0xD7,
  0x70, 0x10, 0xBE, 0x04, 0x71, 0x02, 0xC0, 0xD7, 0x72, 0x08, 0xD0, 0xE0, 0x17, 0x02, 0xC0, 0xD7,
  0x73, 0x06, 0xD0, 0xA7, 0x02, 0xC0, 0xD7, 0x74, 0x09, 0xD0, 0x36, 0x02, 0xC0, 0xD7, 0x75, 0x0E,
  0xC0, 0xA6, 0x02, 0xC0, 0xD7, 0x75, 0x07, 0xD0, 0x15, 0x02, 0xC0, 0xD7, 0x75, 0x01, 0xD0, 0x65,
  0x02, 0xC0, 0xD7, 0x76, 0x0B, 0xC0, 0xA5, 0x02, 0xC0, 0xD7, 0x76, 0x07, 0xC0, 0xE5, 0x02, 0xC0,
  0xD7, 0x76, 0x04, 0xD0, 0x14, 0x02, 0xC0, 0xD7, 0x76, 0x01, 0xD0, 0x34, 0x02, 0xC0, 0xD7, 0x77,
  0xD8, 0x45, 0x02, 0x22, 0x4C, 0x0D, 0x80, 0x52, 0x01, 0x74, 0x0E, 0xC0, 0x60, 0x4F, 0xFC, 0x0C,
  0x74, 0x0D, 0xC0, 0x60, 0x4F, 0xFC, 0x0C, 0x74, 0x0D, 0xC0, 0x70, 0x4F, 0xFC, 0x0C, 0x74, 0x0E,
  0xC0, 0x60, 0x4F, 0xFC, 0x0C, 0x74, 0x0E, 0xC0, 0x54, 0x02, 0xC0, 0xD7, 0x77, 0xD0, 0x44, 0x02,
  0xC0, 0xD7, 0x76, 0x02, 0xD0, 0x24, 0x02, 0xC0, 0xD7, 0x76, 0x05, 0xD5, 0x02, 0xC0, 0xD7, 0x76,
  0x09, 0xC0, 0xC5, 0x02, 0xC0, 0xD7, 0x76, 0x0D, 0xC0, 0x95, 0x02, 0xC0, 0xD7, 0x75, 0x03, 0xD0,
  0x45, 0x02, 0xC0, 0xD7, 0x75, 0x0A, 0xC0, 0xE6, 0x02, 0xC0, 0xD7, 0x74, 0x03, 0xD0, 0x86, 0x02,
  0xC0, 0xD7, 0x74, 0x0D, 0xD0, 0x16, 0x02, 0xC0, 0xD7, 0x73, 0x0B, 0xD0, 0x87, 0x02, 0xC0, 0xD7,
  0x71, 0x01, 0x0B, 0xD0, 0xC7, 0x10, 0x2C, 0x0D, 0x77, 0x04, 0x0D, 0xD0, 0xE0, 0x27, 0x10, 0x2C,
  0x0D, 0x75, 0x05, 0x0C, 0xE0, 0xE0, 0x37, 0x20, 0x2C, 0x0D, 0x80, 0x32, 0x82, 0x45, 0x8B, 0xF9,
  0x0D, 0x02, 0x73, 0x02, 0xFF, 0xFA, 0x0A, 0x01, 0x74, 0x02, 0xFF, 0xF0, 0xC0, 0x47, 0x60, 0x2F,
  0xFC, 0x81, 0xE9, 0x37, 0x71, 0x02, 0xFD, 0x84, 0xED, 0xB9, 0x63, 0x77,
  // "Ñ" (U+00D1), RLE, 459 bytes saved (53.5%)
  0x75, 0x01, 0x74, 0x81, 0x22, 0x17, 0x71, 0x05, 0x0C, 0xB0, 0xB0, 0x57, 0x03, 0xA0, 0xA7, 0x70,
  0x8F, 0x0D, 0x05, 0x50, 0xAA, 0x07, 0x76, 0x04, 0xFB, 0x83, 0xC6, 0x33, 0x9B, 0x03, 0x76, 0x0D,
  0xFF, 0xB0, 0xC7, 0x60, 0x3B, 0x83, 0x81, 0x03, 0xAF, 0xB0, 0x37, 0x60, 0x7A, 0x0A, 0x50, 0x20,
  0xAF, 0x06, 0x77, 0x0A, 0xA0, 0x47, 0x85, 0x29, 0xDF, 0xEA, 0x38, 0x09, 0xD0, 0x00, 0x8D, 0x08,
  0x77, 0x60, 0x9C, 0x01, 0x08, 0xE0, 0x37, 0x75, 0x09, 0xC0, 0x10, 0x8E, 0x0C, 0x77, 0x50, 0x9C,
  0x01, 0x08, 0xF0, 0x77, 0x74, 0x09, 0xC0, 0x10, 0x8F, 0x90, 0x27, 0x73, 0x09, 0xC0, 0x10, 0x8F,
  0x90, 0xC7, 0x73, 0x09, 0xC0, 0x10, 0x8F, 0xA0, 0x67, 0x72, 0x09, 0xC0, 0x10, 0x8B, 0x0C, 0x0E,
  0xC0, 0xE0, 0x17, 0x71, 0x09, 0xC0, 0x10, 0x8B, 0x0A, 0x06, 0xD0, 0xB7, 0x71, 0x09, 0xC0, 0x10,
  0x8B, 0x81, 0xB0, 0xBD, 0x05, 0x77, 0x09, 0xC0, 0x10, 0x8B, 0x81, 0xC0, 0x2D, 0x0E, 0x01, 0x76,
  0x09, 0xC0, 0x10, 0x8B, 0x0D, 0x20, 0x7D, 0x0A, 0x76, 0x09, 0xC0, 0x10, 0x8B, 0x0E, 0x30, 0xDD,
  0x04, 0x75, 0x09, 0xC0, 0x10, 0x8B, 0x0E, 0x30, 0x3D, 0x0D, 0x75, 0x09, 0xC0, 0x10, 0x8C, 0x40,
  0x9D, 0x09, 0x74, 0x09, 0xC0, 0x10, 0x8C, 0x50, 0xDD, 0x03, 0x73, 0x09, 0xC0, 0x10, 0x8C, 0x50,
  0x5D, 0x0D, 0x73, 0x09, 0xC0, 0x10, 0x8C, 0x60, 0xAD, 0x08, 0x72, 0x09, 0xC0, 0x10, 0x8C, 0x01,
  0x50, 0x10, 0xED, 0x03, 0x71, 0x09, 0xC0, 0x10, 0x8C, 0x01, 0x60, 0x6D, 0x0C, 0x71, 0x09, 0xC0,
  0x10, 0x8C, 0x01, 0x70, 0xBD, 0x07, 0x70, 0x9C, 0x01, 0x08, 0xC0, 0x17, 0x02, 0xE0, 0x26, 0x09,
  0xC0, 0x10, 0x8C, 0x01, 0x71, 0x07, 0xD0, 0xB6, 0x08, 0xC0, 0x10, 0x8C, 0x01, 0x72, 0x0D, 0xD0,
  0x65, 0x08, 0xC0, 0x10, 0x8C, 0x01, 0x72, 0x03, 0xD0, 0xE0, 0x14, 0x08, 0xC0, 0x10, 0x8C, 0x01,
  0x73, 0x09, 0xD0, 0xA4, 0x08, 0xC0, 0x10, 0x8C, 0x01, 0x73, 0x01, 0x0E, 0xD0, 0x53, 0x07, 0xC0,
  0x10, 0x8C, 0x01, 0x74, 0x05, 0xD0, 0xE0, 0x12, 0x07, 0xC0, 0x10, 0x8C, 0x01, 0x75, 0x0A, 0xD0,
  0x92, 0x06, 0xC0, 0x10, 0x8C, 0x01, 0x75, 0x01, 0x0E, 0xD8, 0x14, 0x05, 0xC0, 0x10, 0x8C, 0x01,
  0x76, 0x06, 0xD8, 0x1D, 0x05, 0xC0, 0x10, 0x8C, 0x01, 0x77, 0x0C, 0xD0, 0x80, 0x4C, 0x01, 0x08,
  0xC0, 0x17, 0x70, 0x2E, 0x06, 0xC0, 0x10, 0x8C, 0x01, 0x77, 0x10, 0x8F, 0xB0, 0x10, 0x8C, 0x01,
  0x77, 0x20, 0xDF, 0xA0, 0x10, 0x8C, 0x01, 0x77, 0x20, 0x3F, 0xA0, 0x10, 0x8C, 0x01, 0x77, 0x30,
  0x9F, 0x90, 0x10, 0x8C, 0x01, 0x77, 0x30, 0x10, 0xEF, 0x01, 0x08, 0xC0, 0x17, 0x74, 0x05, 0xF0,
  0x10, 0x8C, 0x01, 0x77, 0x50, 0xAE, 0x01, 0x08, 0xC0, 0x17, 0x75, 0x01, 0x0E, 0xD0, 0x10,
  // "Ò" (U+00D2), RLE, 658 bytes saved (64.1%)
  0x74, 0x0B, 0xD0, 0x57, 0x77, 0x73, 0x02, 0x0E, 0xC0, 0xD7, 0x77, 0x74, 0x04, 0xD0, 0x77, 0x77,
  0x74, 0x06, 0xD0, 0x27, 0x77, 0x74, 0x07, 0xC0, 0xB7, 0x77, 0x75, 0x08, 0xC0, 0x67, 0x77, 0x75,
  0x09, 0xB0, 0xE0, 0x27, 0x77, 0x75, 0x08, 0xB0, 0xC7, 0x77, 0x76, 0x06, 0xB0, 0x78, 0x09, 0xC5,
  0x08, 0x71, 0x35, 0x67, 0x76, 0x53, 0x77, 0x75, 0x81, 0x49, 0xDF, 0xB8, 0x1C, 0x72, 0x77, 0x60,
  0x50, 0xDF, 0xFA, 0x0A, 0x02, 0x77, 0x20, 0x20, 0xCF, 0xFE, 0x08, 0x77, 0x04, 0x0E, 0xF9, 0x84,
  0xCB, 0xAA, 0xBD, 0xF9, 0x0C, 0x01, 0x74, 0x04, 0xE8, 0x1E, 0x93, 0x71, 0x04, 0x09, 0xE0, 0xC0,
  0x17, 0x20, 0x3E, 0x0A, 0x01, 0x75, 0x02, 0x0B, 0xD0, 0xC7, 0x20, 0xDD, 0x06, 0x77, 0x20, 0x8D,
  0x08, 0x70, 0x8D, 0x07, 0x77, 0x40, 0x9D, 0x03, 0x50, 0x1D, 0x0B, 0x77, 0x60, 0xDC, 0x0B, 0x50,
  0x8D, 0x02, 0x77, 0x60, 0x5D, 0x03, 0x40, 0xEC, 0x09, 0x77, 0x71, 0x0C, 0xC0, 0x93, 0x04, 0xD0,
  0x37, 0x77, 0x10, 0x6C, 0x0E, 0x30, 0x9C, 0x0D, 0x77, 0x72, 0x01, 0xD0, 0x42, 0x0C, 0xC0, 0x87,
  0x77, 0x30, 0xCC, 0x08, 0x2D, 0x05, 0x77, 0x73, 0x09, 0xC8, 0x1B, 0x03, 0xD0, 0x27, 0x77, 0x30,
  0x6C, 0x81, 0xE0, 0x5D, 0x77, 0x74, 0x03, 0xD1, 0x07, 0xC0, 0xD7, 0x77, 0x40, 0x2D, 0x02, 0x07,
  0xC0, 0xD7, 0x77, 0x40, 0x1D, 0x03, 0x08, 0xC0, 0xC7, 0x77, 0x5D, 0x04, 0x08, 0xC0, 0xB7, 0x77,
  0x5D, 0x04, 0x08, 0xC0, 0xC7, 0x77, 0x5D, 0x04, 0x07, 0xC0, 0xD7, 0x77, 0x40, 0x1D, 0x03, 0x06,
  0xC0, 0xD7, 0x77, 0x40, 0x2D, 0x02, 0x05, 0xD7, 0x77, 0x40, 0x4D, 0x10, 0x2D, 0x02, 0x77, 0x73,
  0x06, 0xC0, 0xE2, 0xD0, 0x57, 0x77, 0x30, 0x9C, 0x0B, 0x20, 0xCC, 0x08, 0x77, 0x73, 0x0C, 0xC0,
  0x82, 0x08, 0xC0, 0xD7, 0x77, 0x20, 0x2D, 0x04, 0x20, 0x4D, 0x03, 0x77, 0x71, 0x07, 0xC0, 0xE4,
  0x0E, 0xC0, 0x97, 0x77, 0x10, 0xDC, 0x09, 0x40, 0x8D, 0x02, 0x77, 0x60, 0x6D, 0x03, 0x40, 0x10,
  0xEC, 0x0B, 0x77, 0x60, 0xEC, 0x0B, 0x60, 0x8D, 0x07, 0x77, 0x40, 0xAD, 0x02, 0x70, 0xDD, 0x06,
  0x77, 0x20, 0x9D, 0x07, 0x71, 0x03, 0xE0, 0x90, 0x17, 0x50, 0x20, 0xBD, 0x0B, 0x73, 0x04, 0xE8,
  0x1E, 0x93, 0x71, 0x04, 0x0A, 0xE0, 0xC0, 0x17, 0x40, 0x40, 0xEF, 0x85, 0xEC, 0xAA, 0xAB, 0xDF,
  0x90, 0xB0, 0x17, 0x60, 0x20, 0xCF, 0xFE, 0x08, 0x77, 0x30, 0x50, 0xDF, 0xFA, 0x0A, 0x02, 0x77,
  0x68, 0x14, 0x9D, 0xFB, 0x81, 0xC7, 0x27, 0x77, 0x48, 0x71, 0x45, 0x67, 0x76, 0x53, 0x77, 0x10,
  // "Ó" (U+00D3), RLE, 654 bytes saved (63.7%)
  0x77, 0x60, 0xBD, 0x06, 0x77, 0x77, 0x20, 0x4D, 0x0C, 0x77, 0x77, 0x30, 0xCC, 0x0D, 0x01, 0x77,
  0x77, 0x20, 0x7C, 0x0E, 0x03, 0x77, 0x77, 0x20, 0x2C, 0x0E, 0x03, 0x77, 0x77, 0x30, 0xBC, 0x04,
  0x77, 0x77, 0x30, 0x6C, 0x05, 0x77, 0x77, 0x30, 0x20, 0xEA, 0x0E, 0x04, 0x77, 0x77, 0x40, 0xBA,
  0x0D, 0x03, 0x80, 0x9D, 0x00, 0x87, 0x13, 0x56, 0x77, 0x65, 0x37, 0x77, 0x58, 0x14, 0x9D, 0xFB,
  0x81, 0xC7, 0x27, 0x76, 0x05, 0x0D, 0xFF, 0xA0, 0xA0, 0x27, 0x72, 0x02, 0x0C, 0xFF, 0xE0, 0x87,
  0x70, 0x40, 0xEF, 0x98, 0x4C, 0xBA, 0xAB, 0xDF, 0x90, 0xC0, 0x17, 0x40, 0x4E, 0x81, 0xE9, 0x37,
  0x10, 0x40, 0x9E, 0x0C, 0x01, 0x72, 0x03, 0xE0, 0xA0, 0x17, 0x50, 0x20, 0xBD, 0x0C, 0x72, 0x0D,
  0xD0, 0x67, 0x72, 0x08, 0xD0, 0x87, 0x08, 0xD0, 0x77, 0x74, 0x09, 0xD0, 0x35, 0x01, 0xD0, 0xB7,
  0x76, 0x0D, 0xC0, 0xB5, 0x08, 0xD0, 0x27, 0x76, 0x05, 0xD0, 0x34, 0x0E, 0xC0, 0x97, 0x77, 0x10,
  0xCC, 0x09, 0x30, 0x4D, 0x03, 0x77, 0x71, 0x06, 0xC0, 0xE3, 0x09, 0xC0, 0xD7, 0x77, 0x20, 0x1D,
  0x04, 0x20, 0xCC, 0x08, 0x77, 0x73, 0x0C, 0xC0, 0x82, 0xD0, 0x57, 0x77, 0x30, 0x9C, 0x81, 0xB0,
  0x3D, 0x02, 0x77, 0x73, 0x06, 0xC8, 0x1E, 0x05, 0xD7, 0x77, 0x40, 0x3D, 0x10, 0x7C, 0x0D, 0x77,
  0x74, 0x02, 0xD0, 0x20, 0x7C, 0x0D, 0x77, 0x74, 0x01, 0xD0, 0x30, 0x8C, 0x0C, 0x77, 0x75, 0xD0,
  0x40, 0x8C, 0x0B, 0x77, 0x75, 0xD0, 0x40, 0x8C, 0x0C, 0x77, 0x75, 0xD0, 0x40, 0x7C, 0x0D, 0x77,
  0x74, 0x01, 0xD0, 0x30, 0x6C, 0x0D, 0x77, 0x74, 0x02, 0xD0, 0x20, 0x5D, 0x77, 0x74, 0x04, 0xD1,
  0x02, 0xD0, 0x27, 0x77, 0x30, 0x6C, 0x0E, 0x2D, 0x05, 0x77, 0x73, 0x09, 0xC0, 0xB2, 0x0C, 0xC0,
  0x87, 0x77, 0x30, 0xCC, 0x08, 0x20, 0x8C, 0x0D, 0x77, 0x72, 0x02, 0xD0, 0x42, 0x04, 0xD0, 0x37,
  0x77, 0x10, 0x7C, 0x0E, 0x40, 0xEC, 0x09, 0x77, 0x71, 0x0D, 0xC0, 0x94, 0x08, 0xD0, 0x27, 0x76,
  0x06, 0xD0, 0x34, 0x01, 0x0E, 0xC0, 0xB7, 0x76, 0x0E, 0xC0, 0xB6, 0x08, 0xD0, 0x77, 0x74, 0x0A,
  0xD0, 0x27, 0x0D, 0xD0, 0x67, 0x72, 0x09, 0xD0, 0x77, 0x10, 0x3E, 0x09, 0x01, 0x75, 0x02, 0x0B,
  0xD0, 0xB7, 0x30, 0x4E, 0x81, 0xE9, 0x37, 0x10, 0x40, 0xAE, 0x0C, 0x01, 0x74, 0x04, 0x0E, 0xF8,
  0x5E, 0xCA, 0xAA, 0xBD, 0xF9, 0x0B, 0x01, 0x76, 0x02, 0x0C, 0xFF, 0xE0, 0x87, 0x73, 0x05, 0x0D,
  0xFF, 0xA0, 0xA0, 0x27, 0x76, 0x81, 0x49, 0xDF, 0xB8, 0x1C, 0x72, 0x77, 0x74, 0x87, 0x14, 0x56,
  0x77, 0x65, 0x37, 0x71,
  // "Ô" (U+00D4), RLE, 640 bytes saved (62.4%)
  0x77, 0x10, 0x3D, 0x07, 0x77, 0x77, 0x30, 0xCD, 0x0E, 0x02, 0x77, 0x77, 0x10, 0x9F, 0x0C, 0x77,
  0x77, 0x06, 0xFA, 0x0A, 0x77, 0x75, 0x04, 0xC8, 0x1D, 0x3B, 0xC0, 0x87, 0x77, 0x30, 0x20, 0xEB,
  0x0C, 0x01, 0x20, 0xAC, 0x06, 0x77, 0x71, 0x01, 0x0D, 0xB0, 0xC0, 0x14, 0x09, 0xC0, 0x57, 0x76,
  0x01, 0x0D, 0xB0, 0x97, 0x06, 0xC0, 0x47, 0x75, 0x0A, 0xA0, 0xE0, 0x57, 0x20, 0x30, 0xCB, 0x01,
  0x80, 0x9B, 0x70, 0x87, 0x13, 0x56, 0x77, 0x65, 0x37, 0x77, 0x58, 0x14, 0x9D, 0xFB, 0x81, 0xC7,
  0x27, 0x76, 0x05, 0x0D, 0xFF, 0xA0, 0xA0, 0x27, 0x72, 0x02, 0x0C, 0xFF, 0xE0, 0x87, 0x70, 0x40,
  0xEF, 0x98, 0x4C, 0xBA, 0xAB, 0xDF, 0x90, 0xC0, 0x17, 0x40, 0x4E, 0x81, 0xE9, 0x37, 0x10, 0x40,
  0x9E, 0x0C, 0x01, 0x72, 0x03, 0xE0, 0xA0, 0x17, 0x50, 0x20, 0xBD, 0x0C, 0x72, 0x0D, 0xD0, 0x67,
  0x72, 0x08, 0xD0, 0x87, 0x08, 0xD0, 0x77, 0x74, 0x09, 0xD0, 0x35, 0x01, 0xD0, 0xB7, 0x76, 0x0D,
  0xC0, 0xB5, 0x08, 0xD0, 0x27, 0x76, 0x05, 0xD0, 0x34, 0x0E, 0xC0, 0x97, 0x77, 0x10, 0xCC, 0x09,
  0x30, 0x4D, 0x03, 0x77, 0x71, 0x06, 0xC0, 0xE3, 0x09, 0xC0, 0xD7, 0x77, 0x20, 0x1D, 0x04, 0x20,
  0xCC, 0x08, 0x77, 0x73, 0x0C, 0xC0, 0x82, 0xD0, 0x57, 0x77, 0x30, 0x9C, 0x81, 0xB0, 0x3D, 0x02,
  0x77, 0x73, 0x06, 0xC8, 0x1E, 0x05, 0xD7, 0x77, 0x40, 0x3D, 0x10, 0x7C, 0x0D, 0x77, 0x74, 0x02,
  0xD0, 0x20, 0x7C, 0x0D, 0x77, 0x74, 0x01, 0xD0, 0x30, 0x8C, 0x0C, 0x77, 0x75, 0xD0, 0x40, 0x8C,
  0x0B, 0x77, 0x75, 0xD0, 0x40, 0x8C, 0x0C, 0x77, 0x75, 0xD0, 0x40, 0x7C, 0x0D, 0x77, 0x74, 0x01,
  0xD0, 0x30, 0x6C, 0x0D, 0x77, 0x74, 0x02, 0xD0, 0x20, 0x5D, 0x77, 0x74, 0x04, 0xD1, 0x02, 0xD0,
  0x27, 0x77, 0x30, 0x6C, 0x0E, 0x2D, 0x05, 0x77, 0x73, 0x09, 0xC0, 0xB2, 0x0C, 0xC0, 0x87, 0x77,
  0x30, 0xCC, 0x08, 0x20, 0x8C, 0x0D, 0x77, 0x72, 0x02, 0xD0, 0x42, 0x04, 0xD0, 0x37, 0x77, 0x10,
  0x7C, 0x0E, 0x40, 0xEC, 0x09, 0x77, 0x71, 0x0D, 0xC0, 0x94, 0x08, 0xD0, 0x27, 0x76, 0x06, 0xD0,
  0x34, 0x01, 0x0E, 0xC0, 0xB7, 0x76, 0x0E, 0xC0, 0xB6, 0x08, 0xD0, 0x77, 0x74, 0x0A, 0xD0, 0x27,
  0x0D, 0xD0, 0x67, 0x72, 0x09, 0xD0, 0x77, 0x10, 0x3E, 0x09, 0x01, 0x75, 0x02, 0x0B, 0xD0, 0xB7,
  0x30, 0x4E, 0x81, 0xE9, 0x37, 0x10, 0x40, 0xAE, 0x0C, 0x01, 0x74, 0x04, 0x0E, 0xF8, 0x5E, 0xCA,
  0xAA, 0xBD, 0xF9, 0x0B, 0x01, 0x76, 0x02, 0x0C, 0xFF, 0xE0, 0x87, 0x73, 0x05, 0x0D, 0xFF, 0xA0,
  0xA0, 0x27, 0x76, 0x81, 0x49, 0xDF, 0xB8, 0x1C, 0x72, 0x77, 0x74, 0x87, 0x14, 0x56, 0x77, 0x65,
  0x37, 0x71,
  // "Õ" (U+00D5), RLE, 623 bytes saved (61.9%)
  0x77, 0x01, 0x74, 0x81, 0x22, 0x17, 0x76, 0x05, 0x0C, 0xB0, 0xB0, 0x57, 0x03, 0xA0, 0xA7, 0x75,
  0x08, 0xF0, 0xD0, 0x55, 0x0A, 0xA0, 0x77, 0x74, 0x04, 0xFB, 0x83, 0xC6, 0x33, 0x9B, 0x03, 0x77,
  0x40, 0xDF, 0xFB, 0x0C, 0x77, 0x40, 0x3B, 0x83, 0x81, 0x03, 0xAF, 0xB0, 0x37, 0x74, 0x07, 0xA0,
  0xA5, 0x02, 0x0A, 0xF0, 0x67, 0x75, 0x0A, 0xA0, 0x47, 0x85, 0x29, 0xDF, 0xEA, 0x38, 0x09, 0xC2,
  0x08, 0x71, 0x35, 0x67, 0x76, 0x53, 0x77, 0x75, 0x81, 0x49, 0xDF, 0xB8, 0x1C, 0x72, 0x77, 0x60,
  0x50, 0xDF, 0xFA, 0x0A, 0x02, 0x77, 0x20, 0x20, 0xCF, 0xFE, 0x08, 0x77, 0x04, 0x0E, 0xF9, 0x84,
  0xCB, 0xAA, 0xBD, 0xF9, 0x0C, 0x01, 0x74, 0x04, 0xE8, 0x1E, 0x93, 0x71, 0x04, 0x09, 0xE0, 0xC0,
  0x17, 0x20, 0x3E, 0x0A, 0x01, 0x75, 0x02, 0x0B, 0xD0, 0xC7, 0x20, 0xDD, 0x06, 0x77, 0x20, 0x8D,
  0x08, 0x70, 0x8D, 0x07, 0x77, 0x40, 0x9D, 0x03, 0x50, 0x1D, 0x0B, 0x77, 0x60, 0xDC, 0x0B, 0x50,
  0x8D, 0x02, 0x77, 0x60, 0x5D, 0x03, 0x40, 0xEC, 0x09, 0x77, 0x71, 0x0C, 0xC0, 0x93, 0x04, 0xD0,
  0x37, 0x77, 0x10, 0x6C, 0x0E, 0x30, 0x9C, 0x0D, 0x77, 0x72, 0x01, 0xD0, 0x42, 0x0C, 0xC0, 0x87,
  0x77, 0x30, 0xCC, 0x08, 0x2D, 0x05, 0x77, 0x73, 0x09, 0xC8, 0x1B, 0x03, 0xD0, 0x27, 0x77, 0x30,
  0x6C, 0x81, 0xE0, 0x5D, 0x77, 0x74, 0x03, 0xD1, 0x07, 0xC0, 0xD7, 0x77, 0x40, 0x2D, 0x02, 0x07,
  0xC0, 0xD7, 0x77, 0x40, 0x1D, 0x03, 0x08, 0xC0, 0xC7, 0x77, 0x5D, 0x04, 0x08, 0xC0, 0xB7, 0x77,
  0x5D, 0x04, 0x08, 0xC0, 0xC7, 0x77, 0x5D, 0x04, 0x07, 0xC0, 0xD7, 0x77, 0x40, 0x1D, 0x03, 0x06,
  0xC0, 0xD7, 0x77, 0x40, 0x2D, 0x02, 0x05, 0xD7, 0x77, 0x40, 0x4D, 0x10, 0x2D, 0x02, 0x77, 0x73,
  0x06, 0xC0, 0xE2, 0xD0, 0x57, 0x77, 0x30, 0x9C, 0x0B, 0x20, 0xCC, 0x08, 0x77, 0x73, 0x0C, 0xC0,
  0x82, 0x08, 0xC0, 0xD7, 0x77, 0x20, 0x2D, 0x04, 0x20, 0x4D, 0x03, 0x77, 0x71, 0x07, 0xC0, 0xE4,
  0x0E, 0xC0, 0x97, 0x77, 0x10, 0xDC, 0x09, 0x40, 0x8D, 0x02, 0x77, 0x60, 0x6D, 0x03, 0x40, 0x10,
  0xEC, 0x0B, 0x77, 0x60, 0xEC, 0x0B, 0x60, 0x8D, 0x07, 0x77, 0x40, 0xAD, 0x02, 0x70, 0xDD, 0x06,
  0x77, 0x20, 0x9D, 0x07, 0x71, 0x03, 0xE0, 0x90, 0x17, 0x50, 0x20, 0xBD, 0x0B, 0x73, 0x04, 0xE8,
  0x1E, 0x93, 0x71, 0x04, 0x0A, 0xE0, 0xC0, 0x17, 0x40, 0x40, 0xEF, 0x85, 0xEC, 0xAA, 0xAB, 0xDF,
  0x90, 0xB0, 0x17, 0x60, 0x20, 0xCF, 0xFE, 0x08, 0x77, 0x30, 0x50, 0xDF, 0xFA, 0x0A, 0x02, 0x77,
  0x68, 0x14, 0x9D, 0xFB, 0x81, 0xC7, 0x27, 0x77, 0x48, 0x71, 0x45, 0x67, 0x76, 0x53, 0x77, 0x10,
  // "Ö" (U+00D6), RLE, 642 bytes saved (63.8%)
  0x75, 0x82, 0x8E, 0xE7, 0x68, 0x32, 0xCE, 0xB2, 0x77, 0x71, 0x05, 0xC0, 0x45, 0x0C, 0xB0, 0xB7,
  0x77, 0x10, 0x9C, 0x08, 0x5D, 0x77, 0x71, 0x09, 0xC0, 0x85, 0xD7, 0x77, 0x10, 0x4C, 0x04, 0x50,
  0xCB, 0x0B, 0x77, 0x72, 0x82, 0x7E, 0xD7, 0x68, 0x32, 0xBE, 0xB1, 0x80, 0xAD, 0x50, 0x87, 0x13,
  0x56, 0x77, 0x65, 0x37, 0x77, 0x58, 0x14, 0x9D, 0xFB, 0x81, 0xC7, 0x27, 0x76, 0x05, 0x0D, 0xFF,
  0xA0, 0xA0, 0x27, 0x72, 0x02, 0x0C, 0xFF, 0xE0, 0x87, 0x70, 0x40, 0xEF, 0x98, 0x4C, 0xBA, 0xAB,
  0xDF, 0x90, 0xC0, 0x17, 0x40, 0x4E, 0x81, 0xE9, 0x37, 0x10, 0x40, 0x9E, 0x0C, 0x01, 0x72, 0x03,
  0xE0, 0xA0, 0x17, 0x50, 0x20, 0xBD, 0x0C, 0x72, 0x0D, 0xD0, 0x67, 0x72, 0x08, 0xD0, 0x87, 0x08,
  0xD0, 0x77, 0x74, 0x09, 0xD0, 0x35, 0x01, 0xD0, 0xB7, 0x76, 0x0D, 0xC0, 0xB5, 0x08, 0xD0, 0x27,
  0x76, 0x05, 0xD0, 0x34, 0x0E, 0xC0, 0x97, 0x77, 0x10, 0xCC, 0x09, 0x30, 0x4D, 0x03, 0x77, 0x71,
  0x06, 0xC0, 0xE3, 0x09, 0xC0, 0xD7, 0x77, 0x20, 0x1D, 0x04, 0x20, 0xCC, 0x08, 0x77, 0x73, 0x0C,
  0xC0, 0x82, 0xD0, 0x57, 0x77, 0x30, 0x9C, 0x81, 0xB0, 0x3D, 0x02, 0x77, 0x73, 0x06, 0xC8, 0x1E,
  0x05, 0xD7, 0x77, 0x40, 0x3D, 0x10, 0x7C, 0x0D, 0x77, 0x74, 0x02, 0xD0, 0x20, 0x7C, 0x0D, 0x77,
  0x74, 0x01, 0xD0, 0x30, 0x8C, 0x0C, 0x77, 0x75, 0xD0, 0x40, 0x8C, 0x0B, 0x77, 0x75, 0xD0, 0x40,
  0x8C, 0x0C, 0x77, 0x75, 0xD0, 0x40, 0x7C, 0x0D, 0x77, 0x74, 0x01, 0xD0, 0x30, 0x6C, 0x0D, 0x77,
  0x74, 0x02, 0xD0, 0x20, 0x5D, 0x77, 0x74, 0x04, 0xD1, 0x02, 0xD0, 0x27, 0x77, 0x30, 0x6C, 0x0E,
  0x2D, 0x05, 0x77, 0x73, 0x09, 0xC0, 0xB2, 0x0C, 0xC0, 0x87, 0x77, 0x30, 0xCC, 0x08, 0x20, 0x8C,
  0x0D, 0x77, 0x72, 0x02, 0xD0, 0x42, 0x04, 0xD0, 0x37, 0x77, 0x10, 0x7C, 0x0E, 0x40, 0xEC, 0x09,
  0x77, 0x71, 0x0D, 0xC0, 0x94, 0x08, 0xD0, 0x27, 0x76, 0x06, 0xD0, 0x34, 0x01, 0x0E, 0xC0, 0xB7,
  0x76, 0x0E, 0xC0, 0xB6, 0x08, 0xD0, 0x77, 0x74, 0x0A, 0xD0, 0x27, 0x0D, 0xD0, 0x67, 0x72, 0x09,
  0xD0, 0x77, 0x10, 0x3E, 0x09, 0x01, 0x75, 0x02, 0x0B, 0xD0, 0xB7, 0x30, 0x4E, 0x81, 0xE9, 0x37,
  0x10, 0x40, 0xAE, 0x0C, 0x01, 0x74, 0x04, 0x0E, 0xF8, 0x5E, 0xCA, 0xAA, 0xBD, 0xF9, 0x0B, 0x01,
  0x76, 0x02, 0x0C, 0xFF, 0xE0, 0x87, 0x73, 0x05, 0x0D, 0xFF, 0xA0, 0xA0, 0x27, 0x76, 0x81, 0x49,
  0xDF, 0xB8, 0x1C, 0x72, 0x77, 0x74, 0x87, 0x14, 0x56, 0x77, 0x65, 0x37, 0x71,
  // "×" (U+00D7), RLE, 146 bytes saved (44.9%)
  0x28, 0x13, 0xD3, 0x77, 0x28, 0x12, 0xD3, 0x38, 0x33, 0xEF, 0xE2, 0x77, 0x86, 0x2E, 0xFE, 0x30,
  0x2E, 0xB0, 0xE0, 0x27, 0x50, 0x20, 0xEB, 0x82, 0xE1, 0x0A, 0xC0, 0xE0, 0x27, 0x30, 0x20, 0xEC,
  0x08, 0x30, 0xAC, 0x0E, 0x02, 0x71, 0x02, 0x0E, 0xC0, 0x85, 0x0A, 0xC0, 0xE0, 0x26, 0x02, 0x0E,
  0xC0, 0x87, 0x0A, 0xC0, 0xD0, 0x24, 0x02, 0x0E, 0xC0, 0x87, 0x20, 0xAC, 0x0D, 0x02, 0x20, 0x20,
  0xEC, 0x08, 0x74, 0x09, 0xC8, 0x2D, 0x22, 0xEC, 0x08, 0x76, 0x09, 0xC0, 0xD0, 0xEC, 0x08, 0x77,
  0x10, 0x9F, 0x90, 0x87, 0x73, 0x09, 0xE0, 0x87, 0x74, 0x03, 0xE0, 0x27, 0x73, 0x03, 0x0E, 0xE0,
  0xE0, 0x27, 0x71, 0x03, 0x0E, 0xF9, 0x0E, 0x02, 0x76, 0x03, 0x0E, 0xC0, 0x80, 0xAC, 0x0E, 0x02,
  0x74, 0x03, 0x0E, 0xC0, 0x82, 0x0A, 0xC0, 0xD0, 0x27, 0x20, 0x30, 0xEC, 0x08, 0x40, 0xAC, 0x0D,
  0x02, 0x70, 0x30, 0xEC, 0x09, 0x60, 0xAC, 0x0D, 0x02, 0x50, 0x30, 0xEC, 0x09, 0x71, 0x0A, 0xC0,
  0xD0, 0x23, 0x02, 0x0E, 0xC0, 0x97, 0x30, 0xAC, 0x83, 0xD2, 0x01, 0xEC, 0x09, 0x75, 0x0A, 0xC8,
  0x2D, 0x10, 0x9B, 0x09, 0x77, 0x09, 0xB0, 0x83, 0x81, 0x9F, 0x97, 0x72, 0x81, 0x9F, 0x85, 0x05,
  0x77, 0x40, 0x53,
  // "Ø" (U+00D8), RLE, 452 bytes saved (52.9%)
  0x77, 0x77, 0x30, 0x60, 0x17, 0x75, 0x87, 0x13, 0x56, 0x77, 0x65, 0x37, 0x82, 0x5F, 0xE5, 0x77,
  0x18, 0x13, 0x9D, 0xFB, 0x81, 0xC7, 0x22, 0x02, 0x0E, 0xB0, 0x97, 0x50, 0x50, 0xDF, 0xFA, 0x81,
  0xC5, 0xCC, 0x04, 0x73, 0x01, 0x0B, 0xFF, 0xFB, 0x09, 0x73, 0x04, 0x0E, 0xF9, 0x84, 0xCB, 0xAA,
  0xBD, 0xFB, 0x0D, 0x73, 0x04, 0xE8, 0x1E, 0x93, 0x78, 0x12, 0x7D, 0xF0, 0x47, 0x20, 0x20, 0xED,
  0x0A, 0x01, 0x75, 0x08, 0xE0, 0xA7, 0x20, 0xCD, 0x06, 0x77, 0x01, 0x0E, 0xE0, 0x77, 0x08, 0xD0,
  0x77, 0x71, 0x0B, 0xF9, 0x02, 0x50, 0x10, 0xEC, 0x0B, 0x77, 0x10, 0x7F, 0xA0, 0xA5, 0x08, 0xD0,
  0x27, 0x70, 0x2C, 0x0C, 0x09, 0xD0, 0x34, 0x0D, 0xC0, 0x97, 0x71, 0x0C, 0xB8, 0x2E, 0x21, 0xEC,
  0x09, 0x30, 0x4D, 0x03, 0x77, 0x07, 0xC0, 0x62, 0x08, 0xC0, 0xE3, 0x08, 0xC0, 0xD7, 0x70, 0x3C,
  0x0B, 0x30, 0x3D, 0x04, 0x20, 0xCC, 0x08, 0x77, 0x0D, 0xB0, 0xE0, 0x14, 0x0D, 0xC0, 0x82, 0xD0,
  0x57, 0x60, 0x8C, 0x05, 0x50, 0x9C, 0x81, 0xB0, 0x2D, 0x02, 0x75, 0x04, 0xC0, 0xA6, 0x07, 0xC8,
  0x1E, 0x05, 0xD7, 0x60, 0xDB, 0x0E, 0x01, 0x60, 0x4D, 0x01, 0x06, 0xC0, 0xD7, 0x50, 0x9C, 0x04,
  0x70, 0x2D, 0x02, 0x07, 0xC0, 0xD7, 0x40, 0x4C, 0x09, 0x71, 0x01, 0xD0, 0x30, 0x8C, 0x0C, 0x73,
  0x01, 0x0E, 0xB0, 0xD7, 0x3D, 0x04, 0x08, 0xC0, 0xB7, 0x30, 0xAC, 0x04, 0x73, 0xD0, 0x40, 0x8C,
  0x0C, 0x72, 0x05, 0xC0, 0x97, 0x4D, 0x04, 0x08, 0xC0, 0xC7, 0x10, 0x10, 0xEB, 0x0D, 0x74, 0x01,
  0xD0, 0x30, 0x7C, 0x0D, 0x71, 0x0B, 0xC0, 0x37, 0x40, 0x2D, 0x02, 0x05, 0xD7, 0x06, 0xC0, 0x87,
  0x50, 0x3D, 0x10, 0x3D, 0x02, 0x50, 0x20, 0xEB, 0x0C, 0x76, 0x06, 0xC8, 0x1E, 0x01, 0xD0, 0x45,
  0x0C, 0xC0, 0x27, 0x60, 0x9C, 0x0B, 0x20, 0xDC, 0x08, 0x40, 0x7C, 0x07, 0x77, 0x0C, 0xC0, 0x82,
  0x0A, 0xC0, 0xC3, 0x03, 0xC0, 0xC7, 0x70, 0x1D, 0x04, 0x20, 0x6D, 0x02, 0x20, 0xCB, 0x0E, 0x02,
  0x77, 0x06, 0xC0, 0xE3, 0x01, 0xD8, 0x19, 0x08, 0xC0, 0x67, 0x71, 0x0C, 0xC0, 0x94, 0x0A, 0xD0,
  0x5C, 0x0B, 0x77, 0x10, 0x5D, 0x03, 0x40, 0x3F, 0xA0, 0xE0, 0x17, 0x71, 0x0D, 0xC0, 0xB6, 0x0B,
  0xF9, 0x05, 0x77, 0x10, 0x9D, 0x03, 0x60, 0x2F, 0x0A, 0x77, 0x10, 0x8D, 0x08, 0x71, 0x06, 0xE0,
  0xA0, 0x17, 0x50, 0x20, 0xBD, 0x0B, 0x73, 0x0D, 0xF0, 0x90, 0x47, 0x10, 0x40, 0xAE, 0x0C, 0x01,
  0x72, 0x05, 0xFC, 0x84, 0xCB, 0xAA, 0xBD, 0xF9, 0x0B, 0x01, 0x72, 0x02, 0x0E, 0xFF, 0xFB, 0x08,
  0x74, 0x0C, 0xC8, 0x14, 0x7E, 0xFF, 0xA0, 0xA0, 0x27, 0x40, 0x4C, 0x07, 0x38, 0x15, 0xAE, 0xFB,
  0x81, 0xC7, 0x27, 0x78, 0x23, 0xCF, 0xB7, 0x87, 0x14, 0x56, 0x77, 0x65, 0x37, 0x76, 0x07, 0x01,
  0x77, 0x77, 0x30,
  // "Ù" (U+00D9), RLE, 509 bytes saved (60.8%)
  0x71, 0x0B, 0xD0, 0x57, 0x77, 0x30, 0x20, 0xEC, 0x0D, 0x77, 0x74, 0x04, 0xD0, 0x77, 0x77, 0x40,
  0x6D, 0x02, 0x77, 0x74, 0x07, 0xC0, 0xB7, 0x77, 0x50, 0x8C, 0x06, 0x77, 0x75, 0x09, 0xB0, 0xE0,
  0x27, 0x77, 0x50, 0x8B, 0x0C, 0x77, 0x76, 0x06, 0xB0, 0x78, 0x09, 0xC4, 0x00, 0xEC, 0x01, 0x77,
  0x50, 0x2C, 0x0D, 0x0E, 0xC0, 0x17, 0x75, 0x02, 0xC0, 0xD0, 0xEC, 0x01, 0x77, 0x50, 0x2C, 0x0D,
  0x0E, 0xC0, 0x17, 0x75, 0x02, 0xC0, 0xD0, 0xEC, 0x01, 0x77, 0x50, 0x2C, 0x0D, 0x0E, 0xC0, 0x17,
  0x75, 0x02, 0xC0, 0xD0, 0xEC, 0x01, 0x77, 0x50, 0x2C, 0x0D, 0x0E, 0xC0, 0x17, 0x75, 0x02, 0xC0,
  0xD0, 0xEC, 0x01, 0x77, 0x50, 0x2C, 0x0D, 0x0E, 0xC0, 0x17, 0x75, 0x02, 0xC0, 0xD0, 0xEC, 0x01,
  0x77, 0x50, 0x2C, 0x0D, 0x0E, 0xC0, 0x17, 0x75, 0x02, 0xC0, 0xD0, 0xEC, 0x01, 0x77, 0x50, 0x2C,
  0x0D, 0x0E, 0xC0, 0x17, 0x75, 0x02, 0xC0, 0xD0, 0xEC, 0x01, 0x77, 0x50, 0x2C, 0x0D, 0x0E, 0xC0,
  0x17, 0x75, 0x02, 0xC0, 0xD0, 0xEC, 0x01, 0x77, 0x50, 0x2C, 0x0D, 0x0E, 0xC0, 0x17, 0x75, 0x02,
  0xC0, 0xD0, 0xEC, 0x01, 0x77, 0x50, 0x2C, 0x0D, 0x0E, 0xC0, 0x17, 0x75, 0x02, 0xC0, 0xD0, 0xEC,
  0x01, 0x77, 0x50, 0x2C, 0x0D, 0x0E, 0xC0, 0x17, 0x75, 0x02, 0xC0, 0xD0, 0xEC, 0x01, 0x77, 0x50,
  0x2C, 0x0D, 0x0E, 0xC0, 0x17, 0x75, 0x02, 0xC0, 0xD0, 0xEC, 0x01, 0x77, 0x50, 0x2C, 0x0D, 0x0E,
  0xC0, 0x17, 0x75, 0x02, 0xC0, 0xD0, 0xEC, 0x01, 0x77, 0x50, 0x2C, 0x00, 0xDC, 0x01, 0x77, 0x50,
  0x3C, 0x00, 0xCC, 0x03, 0x77, 0x50, 0x4C, 0x00, 0xBC, 0x04, 0x77, 0x50, 0x6C, 0x09, 0x07, 0xC0,
  0x87, 0x75, 0x09, 0xC0, 0x60, 0x3C, 0x0D, 0x77, 0x50, 0xEC, 0x81, 0x20, 0xEC, 0x04, 0x77, 0x30,
  0x6C, 0x0C, 0x20, 0x8C, 0x0C, 0x77, 0x20, 0x10, 0xEC, 0x06, 0x20, 0x10, 0xEC, 0x09, 0x77, 0x10,
  0xAC, 0x0D, 0x40, 0x7D, 0x0B, 0x01, 0x74, 0x01, 0x0B, 0xD0, 0x55, 0x0A, 0xD8, 0x1E, 0x83, 0x78,
  0x13, 0x8E, 0xD0, 0x96, 0x01, 0x0C, 0xF8, 0x5E, 0xCB, 0xAB, 0xCE, 0xF0, 0xA7, 0x10, 0x10, 0xBF,
  0xFD, 0x08, 0x74, 0x06, 0x0E, 0xFF, 0x90, 0xC0, 0x37, 0x78, 0x15, 0xBE, 0xFA, 0x81, 0xD9, 0x37,
  0x75, 0x87, 0x25, 0x67, 0x76, 0x64, 0x17, 0x40,
  // "Ú" (U+00DA), RLE, 505 bytes saved (60.3%)
  0x77, 0x30, 0xBD, 0x06, 0x77, 0x72, 0x04, 0xD0, 0xC7, 0x77, 0x30, 0xCC, 0x0D, 0x01, 0x77, 0x72,
  0x07, 0xC0, 0xE0, 0x37, 0x77, 0x20, 0x2C, 0x0E, 0x03, 0x77, 0x73, 0x0B, 0xC0, 0x47, 0x77, 0x30,
  0x6C, 0x05, 0x77, 0x73, 0x02, 0x0E, 0xA0, 0xE0, 0x47, 0x77, 0x40, 0xBA, 0x0D, 0x03, 0x80, 0x9C,
  0x70, 0x0E, 0xC0, 0x17, 0x75, 0x02, 0xC0, 0xD0, 0xEC, 0x01, 0x77, 0x50, 0x2C, 0x0D, 0x0E, 0xC0,
  0x17, 0x75, 0x02, 0xC0, 0xD0, 0xEC, 0x01, 0x77, 0x50, 0x2C, 0x0D, 0x0E, 0xC0, 0x17, 0x75, 0x02,
  0xC0, 0xD0, 0xEC, 0x01, 0x77, 0x50, 0x2C, 0x0D, 0x0E, 0xC0, 0x17, 0x75, 0x02, 0xC0, 0xD0, 0xEC,
  0x01, 0x77, 0x50, 0x2C, 0x0D, 0x0E, 0xC0, 0x17, 0x75, 0x02, 0xC0, 0xD0, 0xEC, 0x01, 0x77, 0x50,
  0x2C, 0x0D, 0x0E, 0xC0, 0x17, 0x75, 0x02, 0xC0, 0xD0, 0xEC, 0x01, 0x77, 0x50, 0x2C, 0x0D, 0x0E,
  0xC0, 0x17, 0x75, 0x02, 0xC0, 0xD0, 0xEC, 0x01, 0x77, 0x50, 0x2C, 0x0D, 0x0E, 0xC0, 0x17, 0x75,
  0x02, 0xC0, 0xD0, 0xEC, 0x01, 0x77, 0x50, 0x2C, 0x0D, 0x0E, 0xC0, 0x17, 0x75, 0x02, 0xC0, 0xD0,
  0xEC, 0x01, 0x77, 0x50, 0x2C, 0x0D, 0x0E, 0xC0, 0x17, 0x75, 0x02, 0xC0, 0xD0, 0xEC, 0x01, 0x77,
  0x50, 0x2C, 0x0D, 0x0E, 0xC0, 0x17, 0x75, 0x02, 0xC0, 0xD0, 0xEC, 0x01, 0x77, 0x50, 0x2C, 0x0D,
  0x0E, 0xC0, 0x17, 0x75, 0x02, 0xC0, 0xD0, 0xEC, 0x01, 0x77, 0x50, 0x2C, 0x0D, 0x0E, 0xC0, 0x17,
  0x75, 0x02, 0xC0, 0xD0, 0xEC, 0x01, 0x77, 0x50, 0x2C, 0x0D, 0x0E, 0xC0, 0x17, 0x75, 0x02, 0xC0,
  0x0D, 0xC0, 0x17, 0x75, 0x03, 0xC0, 0x0C, 0xC0, 0x37, 0x75, 0x04, 0xC0, 0x0B, 0xC0, 0x47, 0x75,
  0x06, 0xC0, 0x90, 0x7C, 0x08, 0x77, 0x50, 0x9C, 0x06, 0x03, 0xC0, 0xD7, 0x75, 0x0E, 0xC8, 0x12,
  0x0E, 0xC0, 0x47, 0x73, 0x06, 0xC0, 0xC2, 0x08, 0xC0, 0xC7, 0x72, 0x01, 0x0E, 0xC0, 0x62, 0x01,
  0x0E, 0xC0, 0x97, 0x71, 0x0A, 0xC0, 0xD4, 0x07, 0xD0, 0xB0, 0x17, 0x40, 0x10, 0xBD, 0x05, 0x50,
  0xAD, 0x81, 0xE8, 0x37, 0x81, 0x38, 0xED, 0x09, 0x60, 0x10, 0xCF, 0x85, 0xEC, 0xBA, 0xBC, 0xEF,
  0x0A, 0x71, 0x01, 0x0B, 0xFF, 0xD0, 0x87, 0x40, 0x60, 0xEF, 0xF9, 0x0C, 0x03, 0x77, 0x81, 0x5B,
  0xEF, 0xA8, 0x1D, 0x93, 0x77, 0x58, 0x72, 0x56, 0x77, 0x66, 0x41, 0x74,
  // "Û" (U+00DB), RLE, 491 bytes saved (58.7%)
  0x75, 0x03, 0xD0, 0x77, 0x77, 0x30, 0xCD, 0x0E, 0x02, 0x77, 0x71, 0x09, 0xF0, 0xC7, 0x77, 0x06,
  0xFA, 0x0A, 0x77, 0x50, 0x4C, 0x81, 0xD3, 0xBC, 0x08, 0x77, 0x30, 0x20, 0xEB, 0x0C, 0x01, 0x20,
  0xAC, 0x06, 0x77, 0x10, 0x10, 0xDB, 0x0C, 0x01, 0x40, 0x9C, 0x05, 0x76, 0x01, 0x0D, 0xB0, 0x97,
  0x06, 0xC0, 0x47, 0x50, 0xAA, 0x0E, 0x05, 0x72, 0x03, 0x0C, 0xB0, 0x18, 0x09, 0xB6, 0x00, 0xEC,
  0x01, 0x77, 0x50, 0x2C, 0x0D, 0x0E, 0xC0, 0x17, 0x75, 0x02, 0xC0, 0xD0, 0xEC, 0x01, 0x77, 0x50,
  0x2C, 0x0D, 0x0E, 0xC0, 0x17, 0x75, 0x02, 0xC0, 0xD0, 0xEC, 0x01, 0x77, 0x50, 0x2C, 0x0D, 0x0E,
  0xC0, 0x17, 0x75, 0x02, 0xC0, 0xD0, 0xEC, 0x01, 0x77, 0x50, 0x2C, 0x0D, 0x0E, 0xC0, 0x17, 0x75,
  0x02, 0xC0, 0xD0, 0xEC, 0x01, 0x77, 0x50, 0x2C, 0x0D, 0x0E, 0xC0, 0x17, 0x75, 0x02, 0xC0, 0xD0,
  0xEC, 0x01, 0x77, 0x50, 0x2C, 0x0D, 0x0E, 0xC0, 0x17, 0x75, 0x02, 0xC0, 0xD0, 0xEC, 0x01, 0x77,
  0x50, 0x2C, 0x0D, 0x0E, 0xC0, 0x17, 0x75, 0x02, 0xC0, 0xD0, 0xEC, 0x01, 0x77, 0x50, 0x2C, 0x0D,
  0x0E, 0xC0, 0x17, 0x75, 0x02, 0xC0, 0xD0, 0xEC, 0x01, 0x77, 0x50, 0x2C, 0x0D, 0x0E, 0xC0, 0x17,
  0x75, 0x02, 0xC0, 0xD0, 0xEC, 0x01, 0x77, 0x50, 0x2C, 0x0D, 0x0E, 0xC0, 0x17, 0x75, 0x02, 0xC0,
  0xD0, 0xEC, 0x01, 0x77, 0x50, 0x2C, 0x0D, 0x0E, 0xC0, 0x17, 0x75, 0x02, 0xC0, 0xD0, 0xEC, 0x01,
  0x77, 0x50, 0x2C, 0x0D, 0x0E, 0xC0, 0x17, 0x75, 0x02, 0xC0, 0xD0, 0xEC, 0x01, 0x77, 0x50, 0x2C,
  0x0D, 0x0E, 0xC0, 0x17, 0x75, 0x02, 0xC0, 0xD0, 0xEC, 0x01, 0x77, 0x50, 0x2C, 0x00, 0xDC, 0x01,
  0x77, 0x50, 0x3C, 0x00, 0xCC, 0x03, 0x77, 0x50, 0x4C, 0x00, 0xBC, 0x04, 0x77, 0x50, 0x6C, 0x09,
  0x07, 0xC0, 0x87, 0x75, 0x09, 0xC0, 0x60, 0x3C, 0x0D, 0x77, 0x50, 0xEC, 0x81, 0x20, 0xEC, 0x04,
  0x77, 0x30, 0x6C, 0x0C, 0x20, 0x8C, 0x0C, 0x77, 0x20, 0x10, 0xEC, 0x06, 0x20, 0x10, 0xEC, 0x09,
  0x77, 0x10, 0xAC, 0x0D, 0x40, 0x7D, 0x0B, 0x01, 0x74, 0x01, 0x0B, 0xD0, 0x55, 0x0A, 0xD8, 0x1E,
  0x83, 0x78, 0x13, 0x8E, 0xD0, 0x96, 0x01, 0x0C, 0xF8, 0x5E, 0xCB, 0xAB, 0xCE, 0xF0, 0xA7, 0x10,
  0x10, 0xBF, 0xFD, 0x08, 0x74, 0x06, 0x0E, 0xFF, 0x90, 0xC0, 0x37, 0x78, 0x15, 0xBE, 0xFA, 0x81,
  0xD9, 0x37, 0x75, 0x87, 0x25, 0x67, 0x76, 0x64, 0x17, 0x40,
  // "Ü" (U+00DC), RLE, 495 bytes saved (60.2%)
  0x71, 0x82, 0x8E, 0xE7, 0x68, 0x32, 0xCE, 0xB2, 0x77, 0x10, 0x5C, 0x04, 0x50, 0xCB, 0x0B, 0x77,
  0x10, 0x9C, 0x08, 0x5D, 0x77, 0x10, 0x9C, 0x08, 0x5D, 0x77, 0x10, 0x4C, 0x04, 0x50, 0xCB, 0x0B,
  0x77, 0x28, 0x27, 0xED, 0x76, 0x83, 0x2B, 0xEB, 0x18, 0x0A, 0xB7, 0x00, 0xEC, 0x01, 0x77, 0x50,
  0x2C, 0x0D, 0x0E, 0xC0, 0x17, 0x75, 0x02, 0xC0, 0xD0, 0xEC, 0x01, 0x77, 0x50, 0x2C, 0x0D, 0x0E,
  0xC0, 0x17, 0x75, 0x02, 0xC0, 0xD0, 0xEC, 0x01, 0x77, 0x50, 0x2C, 0x0D, 0x0E, 0xC0, 0x17, 0x75,
  0x02, 0xC0, 0xD0, 0xEC, 0x01, 0x77, 0x50, 0x2C, 0x0D, 0x0E, 0xC0, 0x17, 0x75, 0x02, 0xC0, 0xD0,
  0xEC, 0x01, 0x77, 0x50, 0x2C, 0x0D, 0x0E, 0xC0, 0x17, 0x75, 0x02, 0xC0, 0xD0, 0xEC, 0x01, 0x77,
  0x50, 0x2C, 0x0D, 0x0E, 0xC0, 0x17, 0x75, 0x02, 0xC0, 0xD0, 0xEC, 0x01, 0x77, 0x50, 0x2C, 0x0D,
  0x0E, 0xC0, 0x17, 0x75, 0x02, 0xC0, 0xD0, 0xEC, 0x01, 0x77, 0x50, 0x2C, 0x0D, 0x0E, 0xC0, 0x17,
  0x75, 0x02, 0xC0, 0xD0, 0xEC, 0x01, 0x77, 0x50, 0x2C, 0x0D, 0x0E, 0xC0, 0x17, 0x75, 0x02, 0xC0,
  0xD0, 0xEC, 0x01, 0x77, 0x50, 0x2C, 0x0D, 0x0E, 0xC0, 0x17, 0x75, 0x02, 0xC0, 0xD0, 0xEC, 0x01,
  0x77, 0x50, 0x2C, 0x0D, 0x0E, 0xC0, 0x17, 0x75, 0x02, 0xC0, 0xD0, 0xEC, 0x01, 0x77, 0x50, 0x2C,
  0x0D, 0x0E, 0xC0, 0x17, 0x75, 0x02, 0xC0, 0xD0, 0xEC, 0x01, 0x77, 0x50, 0x2C, 0x0D, 0x0E, 0xC0,
  0x17, 0x75, 0x02, 0xC0, 0xD0, 0xEC, 0x01, 0x77, 0x50, 0x2C, 0x00, 0xDC, 0x01, 0x77, 0x50, 0x3C,
  0x00, 0xCC, 0x03, 0x77, 0x50, 0x4C, 0x00, 0xBC, 0x04, 0x77, 0x50, 0x6C, 0x09, 0x07, 0xC0, 0x87,
  0x75, 0x09, 0xC0, 0x60, 0x3C, 0x0D, 0x77, 0x50, 0xEC, 0x81, 0x20, 0xEC, 0x04, 0x77, 0x30, 0x6C,
  0x0C, 0x20, 0x8C, 0x0C, 0x77, 0x20, 0x10, 0xEC, 0x06, 0x20, 0x10, 0xEC, 0x09, 0x77, 0x10, 0xAC,
  0x0D, 0x40, 0x7D, 0x0B, 0x01, 0x74, 0x01, 0x0B, 0xD0, 0x55, 0x0A, 0xD8, 0x1E, 0x83, 0x78, 0x13,
  0x8E, 0xD0, 0x96, 0x01, 0x0C, 0xF8, 0x5E, 0xCB, 0xAB, 0xCE, 0xF0, 0xA7, 0x10, 0x10, 0xBF, 0xFD,
  0x08, 0x74, 0x06, 0x0E, 0xFF, 0x90, 0xC0, 0x37, 0x78, 0x15, 0xBE, 0xFA, 0x81, 0xD9, 0x37, 0x75,
  0x87, 0x25, 0x67, 0x76, 0x64, 0x17, 0x40,
  // "Ý" (U+00DD), RLE, 561 bytes saved (66.2%)
  0x77, 0x30, 0xBD, 0x06, 0x77, 0x73, 0x04, 0xD0, 0xC7, 0x77, 0x40, 0xCC, 0x0D, 0x01, 0x77, 0x73,
  0x07, 0xC0, 0xE0, 0x37, 0x77, 0x30, 0x2C, 0x0E, 0x03, 0x77, 0x74, 0x0B, 0xC0, 0x47, 0x77, 0x40,
  0x6C, 0x05, 0x77, 0x74, 0x02, 0x0E, 0xA0, 0xE0, 0x47, 0x77, 0x50, 0xBA, 0x0D, 0x03, 0x80, 0x9D,
  0x30, 0x0B, 0xC0, 0xB7, 0x75, 0x01, 0x0E, 0xC0, 0x60, 0x3D, 0x04, 0x77, 0x40, 0x8C, 0x0D, 0x20,
  0xAC, 0x0C, 0x77, 0x30, 0x10, 0xEC, 0x05, 0x20, 0x2D, 0x05, 0x77, 0x20, 0x9C, 0x0D, 0x40, 0xAC,
  0x0D, 0x77, 0x10, 0x2D, 0x05, 0x40, 0x2D, 0x05, 0x77, 0x0A, 0xC0, 0xC6, 0x09, 0xC0, 0xD7, 0x60,
  0x2D, 0x04, 0x60, 0x1D, 0x06, 0x75, 0x0B, 0xC0, 0xB7, 0x10, 0x8C, 0x0E, 0x74, 0x03, 0xD0, 0x37,
  0x10, 0x10, 0xEC, 0x07, 0x73, 0x0B, 0xC0, 0xA7, 0x30, 0x8C, 0x0E, 0x01, 0x71, 0x04, 0xD0, 0x27,
  0x30, 0x10, 0xEC, 0x08, 0x71, 0x0C, 0xC0, 0x97, 0x50, 0x7D, 0x01, 0x60, 0x5D, 0x02, 0x76, 0x0E,
  0xC0, 0x96, 0x0D, 0xC0, 0x97, 0x70, 0x6D, 0x02, 0x40, 0x6C, 0x0E, 0x01, 0x77, 0x10, 0xDC, 0x0A,
  0x40, 0xEC, 0x08, 0x77, 0x20, 0x5D, 0x02, 0x20, 0x7C, 0x0E, 0x01, 0x77, 0x30, 0xDC, 0x82, 0xA0,
  0x1E, 0xC0, 0x77, 0x74, 0x05, 0xD0, 0x30, 0x8C, 0x0E, 0x77, 0x60, 0xCC, 0x0C, 0xD0, 0x67, 0x76,
  0x04, 0xFA, 0x0D, 0x77, 0x71, 0x0B, 0xF9, 0x05, 0x77, 0x71, 0x03, 0xF0, 0xC7, 0x77, 0x30, 0xBE,
  0x04, 0x77, 0x73, 0x03, 0xD0, 0xC7, 0x77, 0x50, 0xBC, 0x06, 0x77, 0x75, 0x0A, 0xC0, 0x57, 0x77,
  0x50, 0xAC, 0x05, 0x77, 0x75, 0x0A, 0xC0, 0x57, 0x77, 0x50, 0xAC, 0x05, 0x77, 0x75, 0x0A, 0xC0,
  0x57, 0x77, 0x50, 0xAC, 0x05, 0x77, 0x75, 0x0A, 0xC0, 0x57, 0x77, 0x50, 0xAC, 0x05, 0x77, 0x75,
  0x0A, 0xC0, 0x57, 0x77, 0x50, 0xAC, 0x05, 0x77, 0x75, 0x0A, 0xC0, 0x57, 0x77, 0x50, 0xAC, 0x05,
  0x77, 0x75, 0x0A, 0xC0, 0x57, 0x77, 0x50, 0xAC, 0x05, 0x77, 0x75, 0x0A, 0xC0, 0x57, 0x60,
  // "Þ" (U+00DE), RLE, 312 bytes saved (58.5%)
  0x08, 0xC0, 0x77, 0x76, 0x08, 0xC0, 0x77, 0x76, 0x08, 0xC0, 0x77, 0x76, 0x08, 0xC0, 0x77, 0x76,
  0x08, 0xC0, 0x77, 0x76, 0x08, 0xC0, 0x77, 0x76, 0x08, 0xC0, 0x77, 0x76, 0x08, 0xC0, 0x88, 0x01,
  0x20, 0x01, 0x76, 0x08, 0xFE, 0x83, 0xEC, 0xA6, 0x27, 0x08, 0xFF, 0xC0, 0xC0, 0x55, 0x08, 0xFF,
  0xE0, 0xC0, 0x13, 0x08, 0xFF, 0xF0, 0xD0, 0x12, 0x08, 0xC0, 0x76, 0x83, 0x13, 0x59, 0xEE, 0x0D,
  0x20, 0x8C, 0x07, 0x74, 0x06, 0x0E, 0xD8, 0x18, 0x08, 0xC0, 0x77, 0x50, 0x20, 0xDD, 0x01, 0x08,
  0xC0, 0x77, 0x60, 0x4D, 0x06, 0x08, 0xC0, 0x77, 0x70, 0xBC, 0x0A, 0x08, 0xC0, 0x77, 0x70, 0x7C,
  0x0D, 0x08, 0xC0, 0x77, 0x70, 0x4C, 0x0E, 0x08, 0xC0, 0x77, 0x70, 0x3D, 0x08, 0xC0, 0x77, 0x70,
  0x3D, 0x08, 0xC0, 0x77, 0x70, 0x5C, 0x0D, 0x08, 0xC0, 0x77, 0x70, 0x8C, 0x0A, 0x08, 0xC0, 0x77,
  0x70, 0xDC, 0x06, 0x08, 0xC0, 0x77, 0x60, 0x6D, 0x01, 0x08, 0xC0, 0x77, 0x50, 0x40, 0xEC, 0x81,
  0x90, 0x8C, 0x07, 0x73, 0x01, 0x08, 0xD8, 0x2E, 0x10, 0x8C, 0x07, 0x58, 0x31, 0x24, 0x7B, 0xF0,
  0x52, 0x08, 0xFF, 0xF0, 0x53, 0x08, 0xFF, 0xD0, 0xC0, 0x34, 0x08, 0xFF, 0xB0, 0xC0, 0x66, 0x08,
  0xFD, 0x83, 0xEC, 0xA6, 0x27, 0x10, 0x8C, 0x85, 0x82, 0x22, 0x21, 0x17, 0x70, 0x8C, 0x07, 0x77,
  0x60, 0x8C, 0x07, 0x77, 0x60, 0x8C, 0x07, 0x77, 0x60, 0x8C, 0x07, 0x77, 0x60, 0x8C, 0x07, 0x77,
  0x60, 0x8C, 0x07, 0x77, 0x60, 0x8C, 0x07, 0x77, 0x60, 0x8C, 0x07, 0x77, 0x60,
  // "ß" (U+00DF), RLE, 334 bytes saved (51.1%)
  0x75, 0x0F, 0x17, 0x77, 0x82, 0x58, 0xCE, 0xD8, 0x2D, 0xA7, 0x27, 0x68, 0x11, 0x8E, 0xFE, 0x0B,
  0x03, 0x73, 0x03, 0x0D, 0xFF, 0xB0, 0x87, 0x10, 0x20, 0xEF, 0xFD, 0x09, 0x70, 0xDD, 0x82, 0xE8,
  0x41, 0x28, 0x21, 0x36, 0xBE, 0x05, 0x50, 0x6D, 0x0A, 0x73, 0x03, 0x0E, 0xC0, 0xB5, 0x0B, 0xC0,
  0xA7, 0x50, 0x4D, 0x5D, 0x01, 0x76, 0x0D, 0xC0, 0x23, 0x02, 0xC0, 0xD7, 0x70, 0xCC, 0x03, 0x30,
  0x3C, 0x0B, 0x77, 0x0D, 0xC0, 0x13, 0x03, 0xC0, 0xA7, 0x60, 0x3C, 0x0D, 0x40, 0x3C, 0x0A, 0x76,
  0x0C, 0xC0, 0x64, 0x03, 0xC0, 0xA7, 0x40, 0x10, 0xBC, 0x0C, 0x50, 0x3C, 0x0A, 0x73, 0x02, 0x0D,
  0xC0, 0xD0, 0x15, 0x03, 0xC0, 0xA7, 0x20, 0x50, 0xEC, 0x0D, 0x02, 0x60, 0x3C, 0x0A, 0x71, 0x06,
  0xD0, 0xB0, 0x17, 0x03, 0xC0, 0xA7, 0x04, 0xD0, 0x97, 0x20, 0x3C, 0x0A, 0x70, 0xCC, 0x08, 0x73,
  0x03, 0xC0, 0xA6, 0x02, 0xC0, 0xB7, 0x40, 0x3C, 0x0A, 0x60, 0x5C, 0x06, 0x74, 0x03, 0xC0, 0xA6,
  0x05, 0xC0, 0x87, 0x40, 0x3C, 0x0A, 0x60, 0x3C, 0x0E, 0x02, 0x73, 0x03, 0xC0, 0xA7, 0x0D, 0xC0,
  0xE0, 0x37, 0x20, 0x3C, 0x0A, 0x70, 0x5E, 0x07, 0x71, 0x03, 0xC0, 0xA7, 0x10, 0x8E, 0x0C, 0x02,
  0x60, 0x3C, 0x0A, 0x72, 0x06, 0xE0, 0xE0, 0x65, 0x03, 0xC0, 0xA7, 0x30, 0x40, 0xDE, 0x09, 0x40,
  0x3C, 0x0A, 0x74, 0x01, 0x0A, 0xE0, 0xB3, 0x03, 0xC0, 0xA7, 0x60, 0x50, 0xED, 0x0A, 0x20, 0x3C,
  0x0A, 0x77, 0x01, 0x0C, 0xD8, 0x17, 0x03, 0xC0, 0xA7, 0x72, 0x0B, 0xC8, 0x1E, 0x13, 0xC0, 0xA7,
  0x73, 0x0D, 0xC0, 0x60, 0x3C, 0x0A, 0x77, 0x30, 0x5C, 0x09, 0x03, 0xC0, 0xA7, 0x73, 0x01, 0xC0,
  0xB0, 0x3C, 0x0A, 0x77, 0x4C, 0x0C, 0x03, 0xC0, 0xA7, 0x73, 0x01, 0xC0, 0xB0, 0x3C, 0x0A, 0x77,
  0x30, 0x5C, 0x09, 0x03, 0xC0, 0xA4, 0x08, 0x05, 0x74, 0x0D, 0xC0, 0x50, 0x3C, 0x0A, 0x48, 0x3B,
  0xFD, 0x73, 0x60, 0x30, 0xCC, 0x81, 0xE1, 0x3C, 0x0A, 0x40, 0xBC, 0x84, 0xEC, 0xAA, 0xBD, 0xE8,
  0x17, 0x03, 0xC0, 0xA4, 0x0B, 0xFF, 0x90, 0xA2, 0x03, 0xC0, 0xA4, 0x08, 0xFF, 0x08, 0x30, 0x3C,
  0x0A, 0x58, 0x13, 0x9E, 0xF9, 0x81, 0xE9, 0x27, 0x74, 0x86, 0x24, 0x67, 0x76, 0x52, 0x70,
  // "à" (U+00E0), RLE, 315 bytes saved (57.3%)
  0x60, 0xBD, 0x05, 0x77, 0x40, 0x20, 0xEC, 0x0D, 0x77, 0x50, 0x4D, 0x07, 0x77, 0x50, 0x6D, 0x02,
  0x77, 0x50, 0x7C, 0x0B, 0x77, 0x60, 0x8C, 0x06, 0x77, 0x60, 0x9B, 0x0E, 0x02, 0x77, 0x60, 0x8B,
  0x0C, 0x77, 0x70, 0x6B, 0x07, 0x80, 0x9B, 0x00, 0x86, 0x24, 0x57, 0x76, 0x52, 0x77, 0x81, 0x5A,
  0xEF, 0x98, 0x1E, 0xA3, 0x71, 0x81, 0x18, 0xEF, 0xF0, 0x97, 0x0E, 0xFF, 0xB0, 0xB6, 0x09, 0xE8,
  0x3D, 0xBA, 0xAC, 0xF0, 0x75, 0x03, 0xB8, 0x1A, 0x41, 0x60, 0x70, 0xEC, 0x0E, 0x68, 0x1A, 0x71,
  0x73, 0x03, 0xD0, 0x57, 0x75, 0x09, 0xC0, 0x87, 0x75, 0x04, 0xC0, 0xB7, 0x76, 0xC0, 0xC7, 0x76,
  0xC0, 0xD7, 0x76, 0x0E, 0xB0, 0xD7, 0x76, 0x0E, 0xB0, 0xD7, 0x85, 0x15, 0x8A, 0xCD, 0xEF, 0xB0,
  0xD5, 0x04, 0x0B, 0xFF, 0xB0, 0xD3, 0x01, 0x0B, 0xFF, 0xD0, 0xD2, 0x02, 0x0D, 0xD8, 0x3C, 0x85,
  0x21, 0x6C, 0x0D, 0x20, 0xDC, 0x0D, 0x04, 0x74, 0xC8, 0x1D, 0x08, 0xC0, 0xD0, 0x17, 0x5C, 0x81,
  0xD0, 0xDC, 0x04, 0x76, 0xC0, 0xD0, 0x3C, 0x0E, 0x76, 0x01, 0xC0, 0xD0, 0x5C, 0x0B, 0x76, 0x05,
  0xC0, 0xD0, 0x6C, 0x0A, 0x76, 0x09, 0xC0, 0xD0, 0x5C, 0x0C, 0x75, 0x02, 0xD0, 0xD0, 0x3D, 0x01,
  0x74, 0x0C, 0xD0, 0xD1, 0xD0, 0x97, 0x20, 0x10, 0xBE, 0x81, 0xD0, 0xBD, 0x0A, 0x02, 0x58, 0x12,
  0x8E, 0xA0, 0xE0, 0xCB, 0x81, 0xD0, 0x3F, 0x83, 0xCA, 0xAB, 0xDD, 0x04, 0x07, 0xB0, 0xD2, 0x07,
  0xFF, 0x98, 0x15, 0x03, 0xB0, 0xD3, 0x07, 0xFD, 0x0E, 0x04, 0x3B, 0x0D, 0x48, 0x12, 0x9E, 0xF8,
  0x1E, 0x81, 0x40, 0xCA, 0x0D, 0x78, 0x53, 0x67, 0x76, 0x52, 0x74,
  // "á" (U+00E1), RLE, 310 bytes saved (56.4%)
  0x77, 0x10, 0xBD, 0x06, 0x77, 0x30, 0x4D, 0x0C, 0x77, 0x40, 0xCC, 0x0D, 0x01, 0x77, 0x30, 0x7C,
  0x0E, 0x03, 0x77, 0x30, 0x2C, 0x0E, 0x03, 0x77, 0x40, 0xBC, 0x04, 0x77, 0x40, 0x6C, 0x05, 0x77,
  0x40, 0x20, 0xEA, 0x0E, 0x04, 0x77, 0x50, 0xBA, 0x0D, 0x03, 0x80, 0x9B, 0x30, 0x86, 0x24, 0x57,
  0x76, 0x52, 0x77, 0x81, 0x5A, 0xEF, 0x98, 0x1E, 0xA3, 0x71, 0x81, 0x18, 0xEF, 0xF0, 0x97, 0x0E,
  0xFF, 0xB0, 0xB6, 0x09, 0xE8, 0x3D, 0xBA, 0xAC, 0xF0, 0x75, 0x03, 0xB8, 0x1A, 0x41, 0x60, 0x70,
  0xEC, 0x0E, 0x68, 0x1A, 0x71, 0x73, 0x03, 0xD0, 0x57, 0x75, 0x09, 0xC0, 0x87, 0x75, 0x04, 0xC0,
  0xB7, 0x76, 0xC0, 0xC7, 0x76, 0xC0, 0xD7, 0x76, 0x0E, 0xB0, 0xD7, 0x76, 0x0E, 0xB0, 0xD7, 0x85,
  0x15, 0x8A, 0xCD, 0xEF, 0xB0, 0xD5, 0x04, 0x0B, 0xFF, 0xB0, 0xD3, 0x01, 0x0B, 0xFF, 0xD0, 0xD2,
  0x02, 0x0D, 0xD8, 0x3C, 0x85, 0x21, 0x6C, 0x0D, 0x20, 0xDC, 0x0D, 0x04, 0x74, 0xC8, 0x1D, 0x08,
  0xC0, 0xD0, 0x17, 0x5C, 0x81, 0xD0, 0xDC, 0x04, 0x76, 0xC0, 0xD0, 0x3C, 0x0E, 0x76, 0x01, 0xC0,
  0xD0, 0x5C, 0x0B, 0x76, 0x05, 0xC0, 0xD0, 0x6C, 0x0A, 0x76, 0x09, 0xC0, 0xD0, 0x5C, 0x0C, 0x75,
  0x02, 0xD0, 0xD0, 0x3D, 0x01, 0x74, 0x0C, 0xD0, 0xD1, 0xD0, 0x97, 0x20, 0x10, 0xBE, 0x81, 0xD0,
  0xBD, 0x0A, 0x02, 0x58, 0x12, 0x8E, 0xA0, 0xE0, 0xCB, 0x81, 0xD0, 0x3F, 0x83, 0xCA, 0xAB, 0xDD,
  0x04, 0x07, 0xB0, 0xD2, 0x07, 0xFF, 0x98, 0x15, 0x03, 0xB0, 0xD3, 0x07, 0xFD, 0x0E, 0x04, 0x3B,
  0x0D, 0x48, 0x12, 0x9E, 0xF8, 0x1E, 0x81, 0x40, 0xCA, 0x0D, 0x78, 0x53, 0x67, 0x76, 0x52, 0x74,
  // "â" (U+00E2), RLE, 296 bytes saved (53.8%)
  0x73, 0x03, 0xD0, 0x77, 0x74, 0x0C, 0xD0, 0xE0, 0x27, 0x72, 0x09, 0xF0, 0xC7, 0x71, 0x06, 0xFA,
  0x0A, 0x76, 0x04, 0xC8, 0x1D, 0x3B, 0xC0, 0x87, 0x40, 0x20, 0xEB, 0x0C, 0x01, 0x20, 0xAC, 0x06,
  0x72, 0x01, 0x0D, 0xB0, 0xC0, 0x14, 0x09, 0xC0, 0x57, 0x01, 0x0D, 0xB0, 0x97, 0x06, 0xC0, 0x46,
  0x0A, 0xA0, 0xE0, 0x57, 0x20, 0x30, 0xCB, 0x01, 0x80, 0x9A, 0x20, 0x86, 0x24, 0x57, 0x76, 0x52,
  0x77, 0x81, 0x5A, 0xEF, 0x98, 0x1E, 0xA3, 0x71, 0x81, 0x18, 0xEF, 0xF0, 0x97, 0x0E, 0xFF, 0xB0,
  0xB6, 0x09, 0xE8, 0x3D, 0xBA, 0xAC, 0xF0, 0x75, 0x03, 0xB8, 0x1A, 0x41, 0x60, 0x70, 0xEC, 0x0E,
  0x68, 0x1A, 0x71, 0x73, 0x03, 0xD0, 0x57, 0x75, 0x09, 0xC0, 0x87, 0x75, 0x04, 0xC0, 0xB7, 0x76,
  0xC0, 0xC7, 0x76, 0xC0, 0xD7, 0x76, 0x0E, 0xB0, 0xD7, 0x76, 0x0E, 0xB0, 0xD7, 0x85, 0x15, 0x8A,
  0xCD, 0xEF, 0xB0, 0xD5, 0x04, 0x0B, 0xFF, 0xB0, 0xD3, 0x01, 0x0B, 0xFF, 0xD0, 0xD2, 0x02, 0x0D,
  0xD8, 0x3C, 0x85, 0x21, 0x6C, 0x0D, 0x20, 0xDC, 0x0D, 0x04, 0x74, 0xC8, 0x1D, 0x08, 0xC0, 0xD0,
  0x17, 0x5C, 0x81, 0xD0, 0xDC, 0x04, 0x76, 0xC0, 0xD0, 0x3C, 0x0E, 0x76, 0x01, 0xC0, 0xD0, 0x5C,
  0x0B, 0x76, 0x05, 0xC0, 0xD0, 0x6C, 0x0A, 0x76, 0x09, 0xC0, 0xD0, 0x5C, 0x0C, 0x75, 0x02, 0xD0,
  0xD0, 0x3D, 0x01, 0x74, 0x0C, 0xD0, 0xD1, 0xD0, 0x97, 0x20, 0x10, 0xBE, 0x81, 0xD0, 0xBD, 0x0A,
  0x02, 0x58, 0x12, 0x8E, 0xA0, 0xE0, 0xCB, 0x81, 0xD0, 0x3F, 0x83, 0xCA, 0xAB, 0xDD, 0x04, 0x07,
  0xB0, 0xD2, 0x07, 0xFF, 0x98, 0x15, 0x03, 0xB0, 0xD3, 0x07, 0xFD, 0x0E, 0x04, 0x3B, 0x0D, 0x48,
  0x12, 0x9E, 0xF8, 0x1E, 0x81, 0x40, 0xCA, 0x0D, 0x78, 0x53, 0x67, 0x76, 0x52, 0x74,
  // "ã" (U+00E3), RLE, 285 bytes saved (53.0%)
  0x72, 0x01, 0x74, 0x81, 0x22, 0x17, 0x05, 0x0C, 0xB0, 0xB0, 0x57, 0x03, 0xA0, 0xA6, 0x08, 0xF0,
  0xD0, 0x55, 0x0A, 0xA0, 0x75, 0x04, 0xFB, 0x83, 0xC6, 0x33, 0x9B, 0x03, 0x50, 0xDF, 0xFB, 0x0C,
  0x50, 0x3B, 0x83, 0x81, 0x03, 0xAF, 0xB0, 0x35, 0x07, 0xA0, 0xA5, 0x02, 0x0A, 0xF0, 0x66, 0x0A,
  0xA0, 0x47, 0x85, 0x29, 0xDF, 0xEA, 0x38, 0x09, 0xA5, 0x08, 0x62, 0x45, 0x77, 0x65, 0x27, 0x78,
  0x15, 0xAE, 0xF9, 0x81, 0xEA, 0x37, 0x18, 0x11, 0x8E, 0xFF, 0x09, 0x70, 0xEF, 0xFB, 0x0B, 0x60,
  0x9E, 0x83, 0xDB, 0xAA, 0xCF, 0x07, 0x50, 0x3B, 0x81, 0xA4, 0x16, 0x07, 0x0E, 0xC0, 0xE6, 0x81,
  0xA7, 0x17, 0x30, 0x3D, 0x05, 0x77, 0x50, 0x9C, 0x08, 0x77, 0x50, 0x4C, 0x0B, 0x77, 0x6C, 0x0C,
  0x77, 0x6C, 0x0D, 0x77, 0x60, 0xEB, 0x0D, 0x77, 0x60, 0xEB, 0x0D, 0x78, 0x51, 0x58, 0xAC, 0xDE,
  0xFB, 0x0D, 0x50, 0x40, 0xBF, 0xFB, 0x0D, 0x30, 0x10, 0xBF, 0xFD, 0x0D, 0x20, 0x20, 0xDD, 0x83,
  0xC8, 0x52, 0x16, 0xC0, 0xD2, 0x0D, 0xC0, 0xD0, 0x47, 0x4C, 0x81, 0xD0, 0x8C, 0x0D, 0x01, 0x75,
  0xC8, 0x1D, 0x0D, 0xC0, 0x47, 0x6C, 0x0D, 0x03, 0xC0, 0xE7, 0x60, 0x1C, 0x0D, 0x05, 0xC0, 0xB7,
  0x60, 0x5C, 0x0D, 0x06, 0xC0, 0xA7, 0x60, 0x9C, 0x0D, 0x05, 0xC0, 0xC7, 0x50, 0x2D, 0x0D, 0x03,
  0xD0, 0x17, 0x40, 0xCD, 0x0D, 0x1D, 0x09, 0x72, 0x01, 0x0B, 0xE8, 0x1D, 0x0B, 0xD0, 0xA0, 0x25,
  0x81, 0x28, 0xEA, 0x0E, 0x0C, 0xB8, 0x1D, 0x03, 0xF8, 0x3C, 0xAA, 0xBD, 0xD0, 0x40, 0x7B, 0x0D,
  0x20, 0x7F, 0xF9, 0x81, 0x50, 0x3B, 0x0D, 0x30, 0x7F, 0xD0, 0xE0, 0x43, 0xB0, 0xD4, 0x81, 0x29,
  0xEF, 0x81, 0xE8, 0x14, 0x0C, 0xA0, 0xD7, 0x85, 0x36, 0x77, 0x65, 0x27, 0x40,
  // "ä" (U+00E4), RLE, 302 bytes saved (56.1%)
  0x78, 0x28, 0xEE, 0x76, 0x83, 0x2C, 0xEB, 0x27, 0x20, 0x5C, 0x04, 0x50, 0xCB, 0x0B, 0x72, 0x09,
  0xC0, 0x85, 0xD7, 0x20, 0x9C, 0x08, 0x5D, 0x72, 0x04, 0xC0, 0x45, 0x0C, 0xB0, 0xB7, 0x38, 0x27,
  0xED, 0x76, 0x83, 0x2B, 0xEB, 0x18, 0x0A, 0x86, 0x08, 0x62, 0x45, 0x77, 0x65, 0x27, 0x78, 0x15,
  0xAE, 0xF9, 0x81, 0xEA, 0x37, 0x18, 0x11, 0x8E, 0xFF, 0x09, 0x70, 0xEF, 0xFB, 0x0B, 0x60, 0x9E,
  0x83, 0xDB, 0xAA, 0xCF, 0x07, 0x50, 0x3B, 0x81, 0xA4, 0x16, 0x07, 0x0E, 0xC0, 0xE6, 0x81, 0xA7,
  0x17, 0x30, 0x3D, 0x05, 0x77, 0x50, 0x9C, 0x08, 0x77, 0x50, 0x4C, 0x0B, 0x77, 0x6C, 0x0C, 0x77,
  0x6C, 0x0D, 0x77, 0x60, 0xEB, 0x0D, 0x77, 0x60, 0xEB, 0x0D, 0x78, 0x51, 0x58, 0xAC, 0xDE, 0xFB,
  0x0D, 0x50, 0x40, 0xBF, 0xFB, 0x0D, 0x30, 0x10, 0xBF, 0xFD, 0x0D, 0x20, 0x20, 0xDD, 0x83, 0xC8,
  0x52, 0x16, 0xC0, 0xD2, 0x0D, 0xC0, 0xD0, 0x47, 0x4C, 0x81, 0xD0, 0x8C, 0x0D, 0x01, 0x75, 0xC8,
  0x1D, 0x0D, 0xC0, 0x47, 0x6C, 0x0D, 0x03, 0xC0, 0xE7, 0x60, 0x1C, 0x0D, 0x05, 0xC0, 0xB7, 0x60,
  0x5C, 0x0D, 0x06, 0xC0, 0xA7, 0x60, 0x9C, 0x0D, 0x05, 0xC0, 0xC7, 0x50, 0x2D, 0x0D, 0x03, 0xD0,
  0x17, 0x40, 0xCD, 0x0D, 0x1D, 0x09, 0x72, 0x01, 0x0B, 0xE8, 0x1D, 0x0B, 0xD0, 0xA0, 0x25, 0x81,
  0x28, 0xEA, 0x0E, 0x0C, 0xB8, 0x1D, 0x03, 0xF8, 0x3C, 0xAA, 0xBD, 0xD0, 0x40, 0x7B, 0x0D, 0x20,
  0x7F, 0xF9, 0x81, 0x50, 0x3B, 0x0D, 0x30, 0x7F, 0xD0, 0xE0, 0x43, 0xB0, 0xD4, 0x81, 0x29, 0xEF,
  0x81, 0xE8, 0x14, 0x0C, 0xA0, 0xD7, 0x85, 0x36, 0x77, 0x65, 0x27, 0x40,
  // "å" (U+00E5), RLE, 317 bytes saved (53.9%)
  0x73, 0x85, 0x6B, 0xEF, 0xDA, 0x47, 0x72, 0x01, 0x0D, 0xF0, 0x97, 0x71, 0x0C, 0xC0, 0xDC, 0x08,
  0x76, 0x05, 0xB0, 0x62, 0x01, 0x0A, 0xB0, 0x17, 0x50, 0x9A, 0x08, 0x50, 0xDA, 0x06, 0x75, 0x0B,
  0xA0, 0x45, 0x09, 0xA0, 0x87, 0x50, 0xBA, 0x04, 0x50, 0x9A, 0x07, 0x75, 0x09, 0xA0, 0x85, 0x0D,
  0xA0, 0x57, 0x50, 0x4B, 0x05, 0x20, 0x10, 0xAB, 0x01, 0x76, 0x0C, 0xC0, 0xDC, 0x08, 0x77, 0x01,
  0x0C, 0xF0, 0x97, 0x73, 0x85, 0x6B, 0xEF, 0xDA, 0x48, 0x09, 0xB1, 0x08, 0x62, 0x45, 0x77, 0x65,
  0x27, 0x78, 0x15, 0xAE, 0xF9, 0x81, 0xEA, 0x37, 0x18, 0x11, 0x8E, 0xFF, 0x09, 0x70, 0xEF, 0xFB,
  0x0B, 0x60, 0x9E, 0x83, 0xDB, 0xAA, 0xCF, 0x07, 0x50, 0x3B, 0x81, 0xA4, 0x16, 0x07, 0x0E, 0xC0,
  0xE6, 0x81, 0xA7, 0x17, 0x30, 0x3D, 0x05, 0x77, 0x50, 0x9C, 0x08, 0x77, 0x50, 0x4C, 0x0B, 0x77,
  0x6C, 0x0C, 0x77, 0x6C, 0x0D, 0x77, 0x60, 0xEB, 0x0D, 0x77, 0x60, 0xEB, 0x0D, 0x78, 0x51, 0x58,
  0xAC, 0xDE, 0xFB, 0x0D, 0x50, 0x40, 0xBF, 0xFB, 0x0D, 0x30, 0x10, 0xBF, 0xFD, 0x0D, 0x20, 0x20,
  0xDD, 0x83, 0xC8, 0x52, 0x16, 0xC0, 0xD2, 0x0D, 0xC0, 0xD0, 0x47, 0x4C, 0x81, 0xD0, 0x8C, 0x0D,
  0x01, 0x75, 0xC8, 0x1D, 0x0D, 0xC0, 0x47, 0x6C, 0x0D, 0x03, 0xC0, 0xE7, 0x60, 0x1C, 0x0D, 0x05,
  0xC0, 0xB7, 0x60, 0x5C, 0x0D, 0x06, 0xC0, 0xA7, 0x60, 0x9C, 0x0D, 0x05, 0xC0, 0xC7, 0x50, 0x2D,
  0x0D, 0x03, 0xD0, 0x17, 0x40, 0xCD, 0x0D, 0x1D, 0x09, 0x72, 0x01, 0x0B, 0xE8, 0x1D, 0x0B, 0xD0,
  0xA0, 0x25, 0x81, 0x28, 0xEA, 0x0E, 0x0C, 0xB8, 0x1D, 0x03, 0xF8, 0x3C, 0xAA, 0xBD, 0xD0, 0x40,
  0x7B, 0x0D, 0x20, 0x7F, 0xF9, 0x81, 0x50, 0x3B, 0x0D, 0x30, 0x7F, 0xD0, 0xE0, 0x43, 0xB0, 0xD4,
  0x81, 0x29, 0xEF, 0x81, 0xE8, 0x14, 0x0C, 0xA0, 0xD7, 0x85, 0x36, 0x77, 0x65, 0x27, 0x40,
  // "æ" (U+00E6), RLE, 392 bytes saved (55.7%)
  0x72, 0x86, 0x14, 0x56, 0x76, 0x53, 0x75, 0x84, 0x46, 0x77, 0x53, 0x77, 0x18, 0x14, 0x9D, 0xF9,
  0x81, 0xE8, 0x16, 0x03, 0x0A, 0xF8, 0x1E, 0x91, 0x73, 0x07, 0x0E, 0xFE, 0x0E, 0x05, 0x40, 0x8F,
  0xD0, 0x77, 0x10, 0xBF, 0xFB, 0x04, 0x20, 0xBF, 0xF0, 0x97, 0x06, 0xE8, 0x4D, 0xBA, 0xAB, 0xED,
  0x81, 0xE1, 0xAD, 0x83, 0xEB, 0xAB, 0xDE, 0x08, 0x70, 0xEA, 0x81, 0xA5, 0x16, 0x06, 0x0E, 0xC0,
  0xCC, 0x0D, 0x05, 0x50, 0x20, 0xBD, 0x04, 0x68, 0x17, 0x71, 0x73, 0x02, 0x0E, 0xF0, 0xC0, 0x17,
  0x10, 0xAC, 0x0D, 0x77, 0x60, 0x6E, 0x0E, 0x01, 0x73, 0x0D, 0xC0, 0x57, 0x76, 0xE0, 0x77, 0x40,
  0x7C, 0x0B, 0x77, 0x60, 0xCD, 0x01, 0x74, 0x01, 0xC0, 0xE7, 0x76, 0x0B, 0xC0, 0xC7, 0x60, 0xEC,
  0x03, 0x77, 0x50, 0xBC, 0x09, 0x76, 0x0B, 0xC0, 0x57, 0x60, 0x18, 0x01, 0x20, 0xBC, 0x08, 0x80,
  0x91, 0x20, 0xBC, 0x07, 0x78, 0x24, 0x8B, 0xDF, 0xFF, 0xFC, 0x07, 0x50, 0x80, 0xE8, 0x0C, 0x0F,
  0x08, 0x30, 0x40, 0xEF, 0x90, 0xE8, 0x01, 0xDF, 0xFF, 0xB0, 0x82, 0x04, 0xD8, 0x2E, 0x94, 0x17,
  0x0C, 0xFF, 0xFA, 0x82, 0x80, 0x1E, 0xC0, 0xA0, 0x17, 0x30, 0xCC, 0x05, 0x77, 0x60, 0x9C, 0x0C,
  0x75, 0x0C, 0xC0, 0x67, 0x76, 0x0E, 0xC0, 0x37, 0x50, 0xDC, 0x08, 0x77, 0x50, 0x3C, 0x0D, 0x76,
  0xD0, 0xB7, 0x75, 0x05, 0xC0, 0xB7, 0x50, 0x2D, 0x0E, 0x77, 0x50, 0x6C, 0x0A, 0x75, 0x07, 0xE0,
  0x47, 0x74, 0x05, 0xC0, 0xC7, 0x50, 0xDE, 0x0B, 0x77, 0x40, 0x3D, 0x01, 0x73, 0x09, 0xF9, 0x06,
  0x77, 0x4D, 0x08, 0x72, 0x09, 0xC0, 0x9D, 0x06, 0x76, 0x06, 0x01, 0x20, 0xAD, 0x09, 0x01, 0x50,
  0x50, 0xDC, 0x81, 0x80, 0xBD, 0x0B, 0x03, 0x78, 0x41, 0x59, 0xEF, 0x22, 0x03, 0xF8, 0x2C, 0xAA,
  0xCE, 0x0A, 0x20, 0x10, 0xDE, 0x85, 0xEB, 0xAA, 0xBB, 0xED, 0x02, 0x30, 0x7F, 0xF9, 0x0A, 0x40,
  0x10, 0xCF, 0xFB, 0x02, 0x40, 0x60, 0xEF, 0xD0, 0x77, 0x09, 0xFF, 0x90, 0xD0, 0x15, 0x81, 0x29,
  0xEF, 0x81, 0xE8, 0x17, 0x28, 0x12, 0x9E, 0xFA, 0x81, 0xD8, 0x37, 0x38, 0x53, 0x67, 0x76, 0x52,
  0x77, 0x18, 0x72, 0x56, 0x77, 0x65, 0x31, 0x60,
  // "ç" (U+00E7), RLE, 276 bytes saved (55.8%)
  0x73, 0x86, 0x14, 0x67, 0x76, 0x53, 0x74, 0x81, 0x28, 0xDF, 0xA8, 0x1C, 0x71, 0x50, 0x10, 0x9F,
  0xF0, 0xD4, 0x03, 0x0D, 0xFF, 0x90, 0x83, 0x03, 0x0E, 0xE8, 0x4E, 0xCA, 0xAB, 0xEC, 0x02, 0x20,
  0x10, 0xDD, 0x0B, 0x03, 0x68, 0x23, 0x7D, 0xC3, 0x0A, 0xD0, 0x67, 0x40, 0x12, 0x03, 0xD0, 0x67,
  0x71, 0x0A, 0xC0, 0xC7, 0x72, 0xD0, 0x47, 0x71, 0x04, 0xC0, 0xE7, 0x72, 0x07, 0xC0, 0xA7, 0x72,
  0x0A, 0xC0, 0x77, 0x72, 0x0C, 0xC0, 0x47, 0x72, 0x0D, 0xC0, 0x37, 0x72, 0x0D, 0xC0, 0x37, 0x72,
  0x0E, 0xC0, 0x37, 0x72, 0x0D, 0xC0, 0x37, 0x72, 0x0C, 0xC0, 0x47, 0x72, 0x0A, 0xC0, 0x77, 0x72,
  0x08, 0xC0, 0x97, 0x72, 0x05, 0xC0, 0xE7, 0x72, 0x01, 0xD0, 0x47, 0x72, 0x0B, 0xC0, 0xB7, 0x72,
  0x04, 0xD0, 0x67, 0x72, 0x0B, 0xD0, 0x57, 0x50, 0x22, 0x02, 0x0E, 0xD0, 0xA0, 0x37, 0x82, 0x48,
  0xE8, 0x30, 0x5F, 0x84, 0xDB, 0xAA, 0xBD, 0xC0, 0x84, 0x05, 0xFF, 0xA0, 0x85, 0x02, 0x0B, 0xFF,
  0x08, 0x78, 0x13, 0x9E, 0xFA, 0x0B, 0x06, 0x74, 0x81, 0x25, 0xDA, 0x81, 0x95, 0x37, 0x71, 0x04,
  0xA0, 0xE7, 0x74, 0x0C, 0xA0, 0x77, 0x73, 0x04, 0xB0, 0x57, 0x73, 0x0B, 0xC0, 0xE0, 0x77, 0x71,
  0x08, 0x0B, 0xD0, 0xC7, 0x72, 0x81, 0x16, 0xEB, 0x07, 0x77, 0x30, 0x5B, 0x0C, 0x77, 0x30, 0x2B,
  0x0D, 0x77, 0x30, 0x5B, 0x0B, 0x74, 0x02, 0x38, 0x12, 0x6E, 0xB0, 0x67, 0x30, 0x3F, 0xA0, 0xC7,
  0x40, 0x3F, 0x90, 0xA7, 0x58, 0x72, 0xDE, 0xFE, 0xDB, 0x83, 0x60,
  // "è" (U+00E8), RLE, 347 bytes saved (60.7%)
  0x50, 0xBD, 0x05, 0x77, 0x50, 0x20, 0xEC, 0x0D, 0x77, 0x60, 0x4D, 0x07, 0x77, 0x60, 0x6D, 0x02,
  0x77, 0x60, 0x7C, 0x0B, 0x77, 0x70, 0x8C, 0x06, 0x77, 0x70, 0x9B, 0x0E, 0x02, 0x77, 0x70, 0x8B,
  0x0C, 0x77, 0x71, 0x06, 0xB0, 0x78, 0x09, 0xB5, 0x08, 0x53, 0x56, 0x76, 0x52, 0x77, 0x28, 0x13,
  0x9E, 0xF8, 0x1D, 0x81, 0x74, 0x01, 0x0A, 0xFD, 0x0E, 0x06, 0x72, 0x02, 0x0D, 0xFF, 0x90, 0xA7,
  0x02, 0x0E, 0xE8, 0x3C, 0xBA, 0xBE, 0xE0, 0xA6, 0x0C, 0xC8, 0x1E, 0x81, 0x50, 0x30, 0xBD, 0x06,
  0x40, 0x8C, 0x0D, 0x03, 0x72, 0x09, 0xC0, 0xE0, 0x12, 0x01, 0xD0, 0x37, 0x40, 0xDC, 0x07, 0x20,
  0x8C, 0x08, 0x75, 0x05, 0xC0, 0xD2, 0x0E, 0xC0, 0x17, 0x60, 0xEC, 0x02, 0x03, 0xC0, 0xB7, 0x70,
  0xAC, 0x06, 0x07, 0xC0, 0x77, 0x70, 0x8C, 0x08, 0x09, 0xC0, 0x68, 0x09, 0x22, 0x08, 0xC0, 0xA0,
  0xBF, 0xFF, 0xB0, 0xB0, 0xDF, 0xFF, 0xB0, 0xB0, 0xDF, 0xFF, 0xB0, 0xB0, 0xEF, 0xFF, 0xB0, 0xB0,
  0xDC, 0x03, 0x77, 0x60, 0xCC, 0x04, 0x77, 0x60, 0xAC, 0x06, 0x77, 0x60, 0x7C, 0x09, 0x77, 0x60,
  0x4C, 0x0D, 0x77, 0x70, 0xEC, 0x05, 0x77, 0x60, 0x9C, 0x0C, 0x77, 0x60, 0x2D, 0x09, 0x77, 0x60,
  0x8D, 0x0A, 0x77, 0x05, 0x03, 0x40, 0xCD, 0x81, 0xE6, 0x17, 0x84, 0x15, 0x9E, 0xF6, 0x40, 0x10,
  0xDF, 0x85, 0xDB, 0xAA, 0xBC, 0xED, 0x06, 0x50, 0x10, 0xCF, 0xFC, 0x06, 0x70, 0x70, 0xEF, 0xF9,
  0x0E, 0x04, 0x72, 0x06, 0x0C, 0xFB, 0x81, 0xD9, 0x47, 0x68, 0x90, 0x13, 0x57, 0x77, 0x65, 0x31,
  0x60,
  // "é" (U+00E9), RLE, 343 bytes saved (60.0%)
  0x77, 0x0B, 0xD0, 0x67, 0x74, 0x04, 0xD0, 0xC7, 0x75, 0x0C, 0xC0, 0xD0, 0x17, 0x74, 0x07, 0xC0,
  0xE0, 0x37, 0x74, 0x02, 0xC0, 0xE0, 0x37, 0x75, 0x0B, 0xC0, 0x47, 0x75, 0x06, 0xC0, 0x57, 0x75,
  0x02, 0x0E, 0xA0, 0xE0, 0x47, 0x76, 0x0B, 0xA0, 0xD0, 0x38, 0x09, 0xC0, 0x08, 0x53, 0x56, 0x76,
  0x52, 0x77, 0x28, 0x13, 0x9E, 0xF8, 0x1D, 0x81, 0x74, 0x01, 0x0A, 0xFD, 0x0E, 0x06, 0x72, 0x02,
  0x0D, 0xFF, 0x90, 0xA7, 0x02, 0x0E, 0xE8, 0x3C, 0xBA, 0xBE, 0xE0, 0xA6, 0x0C, 0xC8, 0x1E, 0x81,
  0x50, 0x30, 0xBD, 0x06, 0x40, 0x8C, 0x0D, 0x03, 0x72, 0x09, 0xC0, 0xE0, 0x12, 0x01, 0xD0, 0x37,
  0x40, 0xDC, 0x07, 0x20, 0x8C, 0x08, 0x75, 0x05, 0xC0, 0xD2, 0x0E, 0xC0, 0x17, 0x60, 0xEC, 0x02,
  0x03, 0xC0, 0xB7, 0x70, 0xAC, 0x06, 0x07, 0xC0, 0x77, 0x70, 0x8C, 0x08, 0x09, 0xC0, 0x68, 0x09,
  0x22, 0x08, 0xC0, 0xA0, 0xBF, 0xFF, 0xB0, 0xB0, 0xDF, 0xFF, 0xB0, 0xB0, 0xDF, 0xFF, 0xB0, 0xB0,
  0xEF, 0xFF, 0xB0, 0xB0, 0xDC, 0x03, 0x77, 0x60, 0xCC, 0x04, 0x77, 0x60, 0xAC, 0x06, 0x77, 0x60,
  0x7C, 0x09, 0x77, 0x60, 0x4C, 0x0D, 0x77, 0x70, 0xEC, 0x05, 0x77, 0x60, 0x9C, 0x0C, 0x77, 0x60,
  0x2D, 0x09, 0x77, 0x60, 0x8D, 0x0A, 0x77, 0x05, 0x03, 0x40, 0xCD, 0x81, 0xE6, 0x17, 0x84, 0x15,
  0x9E, 0xF6, 0x40, 0x10, 0xDF, 0x85, 0xDB, 0xAA, 0xBC, 0xED, 0x06, 0x50, 0x10, 0xCF, 0xFC, 0x06,
  0x70, 0x70, 0xEF, 0xF9, 0x0E, 0x04, 0x72, 0x06, 0x0C, 0xFB, 0x81, 0xD9, 0x47, 0x68, 0x90, 0x13,
  0x57, 0x77, 0x65, 0x31, 0x60,
  // "ê" (U+00EA), RLE, 328 bytes saved (57.3%)
  0x72, 0x03, 0xD0, 0x77, 0x75, 0x0C, 0xD0, 0xE0, 0x27, 0x73, 0x09, 0xF0, 0xC7, 0x72, 0x06, 0xFA,
  0x0A, 0x77, 0x04, 0xC8, 0x1D, 0x3B, 0xC0, 0x87, 0x50, 0x20, 0xEB, 0x0C, 0x01, 0x20, 0xAC, 0x06,
  0x73, 0x01, 0x0D, 0xB0, 0xC0, 0x14, 0x09, 0xC0, 0x57, 0x10, 0x10, 0xDB, 0x09, 0x70, 0x6C, 0x04,
  0x70, 0xAA, 0x0E, 0x05, 0x72, 0x03, 0x0C, 0xB0, 0x18, 0x09, 0xA7, 0x08, 0x53, 0x56, 0x76, 0x52,
  0x77, 0x28, 0x13, 0x9E, 0xF8, 0x1D, 0x81, 0x74, 0x01, 0x0A, 0xFD, 0x0E, 0x06, 0x72, 0x02, 0x0D,
  0xFF, 0x90, 0xA7, 0x02, 0x0E, 0xE8, 0x3C, 0xBA, 0xBE, 0xE0, 0xA6, 0x0C, 0xC8, 0x1E, 0x81, 0x50,
  0x30, 0xBD, 0x06, 0x40, 0x8C, 0x0D, 0x03, 0x72, 0x09, 0xC0, 0xE0, 0x12, 0x01, 0xD0, 0x37, 0x40,
  0xDC, 0x07, 0x20, 0x8C, 0x08, 0x75, 0x05, 0xC0, 0xD2, 0x0E, 0xC0, 0x17, 0x60, 0xEC, 0x02, 0x03,
  0xC0, 0xB7, 0x70, 0xAC, 0x06, 0x07, 0xC0, 0x77, 0x70, 0x8C, 0x08, 0x09, 0xC0, 0x68, 0x09, 0x22,
  0x08, 0xC0, 0xA0, 0xBF, 0xFF, 0xB0, 0xB0, 0xDF, 0xFF, 0xB0, 0xB0, 0xDF, 0xFF, 0xB0, 0xB0, 0xEF,
  0xFF, 0xB0, 0xB0, 0xDC, 0x03, 0x77, 0x60, 0xCC, 0x04, 0x77, 0x60, 0xAC, 0x06, 0x77, 0x60, 0x7C,
  0x09, 0x77, 0x60, 0x4C, 0x0D, 0x77, 0x70, 0xEC, 0x05, 0x77, 0x60, 0x9C, 0x0C, 0x77, 0x60, 0x2D,
  0x09, 0x77, 0x60, 0x8D, 0x0A, 0x77, 0x05, 0x03, 0x40, 0xCD, 0x81, 0xE6, 0x17, 0x84, 0x15, 0x9E,
  0xF6, 0x40, 0x10, 0xDF, 0x85, 0xDB, 0xAA, 0xBC, 0xED, 0x06, 0x50, 0x10, 0xCF, 0xFC, 0x06, 0x70,
  0x70, 0xEF, 0xF9, 0x0E, 0x04, 0x72, 0x06, 0x0C, 0xFB, 0x81, 0xD9, 0x47, 0x68, 0x90, 0x13, 0x57,
  0x77, 0x65, 0x31, 0x60,
  // "ë" (U+00EB), RLE, 334 bytes saved (59.7%)
  0x68, 0x28, 0xEE, 0x76, 0x83, 0x2C, 0xEB, 0x27, 0x30, 0x5C, 0x04, 0x50, 0xCB, 0x0B, 0x73, 0x09,
  0xC0, 0x85, 0xD7, 0x30, 0x9C, 0x08, 0x5D, 0x73, 0x04, 0xC0, 0x45, 0x0C, 0xB0, 0xB7, 0x48, 0x27,
  0xED, 0x76, 0x83, 0x2B, 0xEB, 0x18, 0x0A, 0x95, 0x08, 0x53, 0x56, 0x76, 0x52, 0x77, 0x28, 0x13,
  0x9E, 0xF8, 0x1D, 0x81, 0x74, 0x01, 0x0A, 0xFD, 0x0E, 0x06, 0x72, 0x02, 0x0D, 0xFF, 0x90, 0xA7,
  0x02, 0x0E, 0xE8, 0x3C, 0xBA, 0xBE, 0xE0, 0xA6, 0x0C, 0xC8, 0x1E, 0x81, 0x50, 0x30, 0xBD, 0x06,
  0x40, 0x8C, 0x0D, 0x03, 0x72, 0x09, 0xC0, 0xE0, 0x12, 0x01, 0xD0, 0x37, 0x40, 0xDC, 0x07, 0x20,
  0x8C, 0x08, 0x75, 0x05, 0xC0, 0xD2, 0x0E, 0xC0, 0x17, 0x60, 0xEC, 0x02, 0x03, 0xC0, 0xB7, 0x70,
  0xAC, 0x06, 0x07, 0xC0, 0x77, 0x70, 0x8C, 0x08, 0x09, 0xC0, 0x68, 0x09, 0x22, 0x08, 0xC0, 0xA0,
  0xBF, 0xFF, 0xB0, 0xB0, 0xDF, 0xFF, 0xB0, 0xB0, 0xDF, 0xFF, 0xB0, 0xB0, 0xEF, 0xFF, 0xB0, 0xB0,
  0xDC, 0x03, 0x77, 0x60, 0xCC, 0x04, 0x77, 0x60, 0xAC, 0x06, 0x77, 0x60, 0x7C, 0x09, 0x77, 0x60,
  0x4C, 0x0D, 0x77, 0x70, 0xEC, 0x05, 0x77, 0x60, 0x9C, 0x0C, 0x77, 0x60, 0x2D, 0x09, 0x77, 0x60,
  0x8D, 0x0A, 0x77, 0x05, 0x03, 0x40, 0xCD, 0x81, 0xE6, 0x17, 0x84, 0x15, 0x9E, 0xF6, 0x40, 0x10,
  0xDF, 0x85, 0xDB, 0xAA, 0xBC, 0xED, 0x06, 0x50, 0x10, 0xCF, 0xFC, 0x06, 0x70, 0x70, 0xEF, 0xF9,
  0x0E, 0x04, 0x72, 0x06, 0x0C, 0xFB, 0x81, 0xD9, 0x47, 0x68, 0x90, 0x13, 0x57, 0x77, 0x65, 0x31,
  0x60,
  // "ì" (U+00EC), RLE, 136 bytes saved (52.7%)
  0x0B, 0xD0, 0x55, 0x02, 0x0E, 0xC0, 0xD6, 0x04, 0xD0, 0x76, 0x06, 0xD0, 0x26, 0x07, 0xC0, 0xB7,
  0x08, 0xC0, 0x67, 0x09, 0xB0, 0xE0, 0x27, 0x08, 0xB0, 0xC7, 0x10, 0x6B, 0x07, 0x80, 0xE0, 0x00,
  0x3C, 0x0A, 0x60, 0x3C, 0x0A, 0x60, 0x3C, 0x0A, 0x60, 0x3C, 0x0A, 0x60, 0x3C, 0x0A, 0x60, 0x3C,
  0x0A, 0x60, 0x3C, 0x0A, 0x60, 0x3C, 0x0A, 0x60, 0x3C, 0x0A, 0x60, 0x3C, 0x0A, 0x60, 0x3C, 0x0A,
  0x60, 0x3C, 0x0A, 0x60, 0x3C, 0x0A, 0x60, 0x3C, 0x0A, 0x60, 0x3C, 0x0A, 0x60, 0x3C, 0x0A, 0x60,
  0x3C, 0x0A, 0x60, 0x3C, 0x0A, 0x60, 0x3C, 0x0A, 0x60, 0x3C, 0x0A, 0x60, 0x3C, 0x0A, 0x60, 0x3C,
  0x0A, 0x60, 0x3C, 0x0A, 0x60, 0x3C, 0x0A, 0x60, 0x3C, 0x0A, 0x60, 0x3C, 0x0A, 0x60, 0x3C, 0x0A,
  0x60, 0x3C, 0x0A, 0x60, 0x3C, 0x0A, 0x60, 0x3C, 0x0A, 0x20,
  // "í" (U+00ED), RLE, 132 bytes saved (51.2%)
  0x50, 0xBD, 0x06, 0x40, 0x4D, 0x0C, 0x50, 0xCC, 0x0D, 0x01, 0x40, 0x7C, 0x0E, 0x03, 0x40, 0x2C,
  0x0E, 0x03, 0x50, 0xBC, 0x04, 0x50, 0x6C, 0x05, 0x50, 0x20, 0xEA, 0x0E, 0x04, 0x60, 0xBA, 0x0D,
  0x03, 0x80, 0xE3, 0x00, 0x3C, 0x0A, 0x60, 0x3C, 0x0A, 0x60, 0x3C, 0x0A, 0x60, 0x3C, 0x0A, 0x60,
  0x3C, 0x0A, 0x60, 0x3C, 0x0A, 0x60, 0x3C, 0x0A, 0x60, 0x3C, 0x0A, 0x60, 0x3C, 0x0A, 0x60, 0x3C,
  0x0A, 0x60, 0x3C, 0x0A, 0x60, 0x3C, 0x0A, 0x60, 0x3C, 0x0A, 0x60, 0x3C, 0x0A, 0x60, 0x3C, 0x0A,
  0x60, 0x3C, 0x0A, 0x60, 0x3C, 0x0A, 0x60, 0x3C, 0x0A, 0x60, 0x3C, 0x0A, 0x60, 0x3C, 0x0A, 0x60,
  0x3C, 0x0A, 0x60, 0x3C, 0x0A, 0x60, 0x3C, 0x0A, 0x60, 0x3C, 0x0A, 0x60, 0x3C, 0x0A, 0x60, 0x3C,
  0x0A, 0x60, 0x3C, 0x0A, 0x60, 0x3C, 0x0A, 0x60, 0x3C, 0x0A, 0x60, 0x3C, 0x0A, 0x60,
  // "î" (U+00EE), RLE, 269 bytes saved (62.6%)
  0x60, 0x3D, 0x07, 0x76, 0x0C, 0xD0, 0xE0, 0x27, 0x40, 0x9F, 0x0C, 0x73, 0x06, 0xFA, 0x0A, 0x71,
  0x04, 0xC8, 0x1D, 0x3B, 0xC0, 0x86, 0x02, 0x0E, 0xB0, 0xC0, 0x12, 0x0A, 0xC0, 0x64, 0x01, 0x0D,
  0xB0, 0xC0, 0x14, 0x09, 0xC0, 0x52, 0x01, 0x0D, 0xB0, 0x97, 0x06, 0xC8, 0x14, 0x0A, 0xA0, 0xE0,
  0x57, 0x20, 0x30, 0xCB, 0x01, 0x80, 0x9A, 0x20, 0x03, 0xC0, 0xA7, 0x70, 0x3C, 0x0A, 0x77, 0x03,
  0xC0, 0xA7, 0x70, 0x3C, 0x0A, 0x77, 0x03, 0xC0, 0xA7, 0x70, 0x3C, 0x0A, 0x77, 0x03, 0xC0, 0xA7,
  0x70, 0x3C, 0x0A, 0x77, 0x03, 0xC0, 0xA7, 0x70, 0x3C, 0x0A, 0x77, 0x03, 0xC0, 0xA7, 0x70, 0x3C,
  0x0A, 0x77, 0x03, 0xC0, 0xA7, 0x70, 0x3C, 0x0A, 0x77, 0x03, 0xC0, 0xA7, 0x70, 0x3C, 0x0A, 0x77,
  0x03, 0xC0, 0xA7, 0x70, 0x3C, 0x0A, 0x77, 0x03, 0xC0, 0xA7, 0x70, 0x3C, 0x0A, 0x77, 0x03, 0xC0,
  0xA7, 0x70, 0x3C, 0x0A, 0x77, 0x03, 0xC0, 0xA7, 0x70, 0x3C, 0x0A, 0x77, 0x03, 0xC0, 0xA7, 0x70,
  0x3C, 0x0A, 0x77, 0x03, 0xC0, 0xA7, 0x70, 0x3C, 0x0A, 0x77, 0x03, 0xC0, 0xA7, 0x70, 0x3C, 0x0A,
  0x71,
  // "ï" (U+00EF), RLE, 196 bytes saved (58.3%)
  0x18, 0x28, 0xEE, 0x76, 0x84, 0x2C, 0xEB, 0x25, 0xC0, 0x45, 0x0C, 0xB0, 0xB0, 0x9C, 0x08, 0x5D,
  0x09, 0xC0, 0x85, 0xD0, 0x4C, 0x04, 0x50, 0xCB, 0x84, 0xB0, 0x7E, 0xD7, 0x68, 0x32, 0xBE, 0xB1,
  0x80, 0x9C, 0x10, 0x03, 0xC0, 0xA7, 0x30, 0x3C, 0x0A, 0x73, 0x03, 0xC0, 0xA7, 0x30, 0x3C, 0x0A,
  0x73, 0x03, 0xC0, 0xA7, 0x30, 0x3C, 0x0A, 0x73, 0x03, 0xC0, 0xA7, 0x30, 0x3C, 0x0A, 0x73, 0x03,
  0xC0, 0xA7, 0x30, 0x3C, 0x0A, 0x73, 0x03, 0xC0, 0xA7, 0x30, 0x3C, 0x0A, 0x73, 0x03, 0xC0, 0xA7,
  0x30, 0x3C, 0x0A, 0x73, 0x03, 0xC0, 0xA7, 0x30, 0x3C, 0x0A, 0x73, 0x03, 0xC0, 0xA7, 0x30, 0x3C,
  0x0A, 0x73, 0x03, 0xC0, 0xA7, 0x30, 0x3C, 0x0A, 0x73, 0x03, 0xC0, 0xA7, 0x30, 0x3C, 0x0A, 0x73,
  0x03, 0xC0, 0xA7, 0x30, 0x3C, 0x0A, 0x73, 0x03, 0xC0, 0xA7, 0x30, 0x3C, 0x0A, 0x73, 0x03, 0xC0,
  0xA7, 0x30, 0x3C, 0x0A, 0x73, 0x03, 0xC0, 0xA7, 0x30, 0x3C, 0x0A, 0x50,
  // "ð" (U+00F0), RLE, 323 bytes saved (51.3%)
  0x72, 0x04, 0x75, 0x01, 0x76, 0x82, 0x8F, 0xC4, 0x71, 0x82, 0x1A, 0xF2, 0x74, 0x02, 0xC0, 0xB0,
  0x25, 0x07, 0x0E, 0xA0, 0xC7, 0x40, 0xAE, 0x08, 0x20, 0x40, 0xDD, 0x07, 0x73, 0x01, 0x09, 0xE0,
  0xD0, 0xBD, 0x0E, 0x07, 0x76, 0x03, 0x0C, 0xFB, 0x0A, 0x01, 0x77, 0x20, 0x6F, 0x0C, 0x03, 0x77,
  0x30, 0x30, 0xCF, 0x09, 0x77, 0x20, 0x10, 0xAF, 0xB0, 0x97, 0x70, 0x70, 0xED, 0x0B, 0x09, 0xD0,
  0x67, 0x50, 0xDD, 0x0D, 0x05, 0x20, 0x9D, 0x03, 0x74, 0x07, 0xC0, 0x85, 0x0A, 0xC0, 0xD7, 0x58,
  0x2B, 0xFA, 0x27, 0x0D, 0xC0, 0x87, 0x40, 0x20, 0x47, 0x20, 0x20, 0xEC, 0x02, 0x77, 0x71, 0x06,
  0xC0, 0xA7, 0x77, 0x20, 0xDC, 0x02, 0x77, 0x71, 0x04, 0xC0, 0x97, 0x38, 0x91, 0x48, 0xBD, 0xEF,
  0xEC, 0xA6, 0x12, 0x0C, 0xB0, 0xE7, 0x10, 0x60, 0xDF, 0xC8, 0x19, 0x16, 0xC0, 0x55, 0x02, 0x0D,
  0xFF, 0x0D, 0x03, 0xC0, 0xA4, 0x03, 0x0E, 0xFF, 0xA0, 0x0E, 0xB0, 0xE3, 0x01, 0x0E, 0xD8, 0x7E,
  0x95, 0x32, 0x24, 0x6A, 0xFA, 0x02, 0x20, 0xCD, 0x08, 0x72, 0x01, 0x09, 0xF8, 0x15, 0x05, 0xD0,
  0x57, 0x50, 0x7E, 0x81, 0x70, 0xCC, 0x09, 0x77, 0x0A, 0xD0, 0xA0, 0x2D, 0x01, 0x77, 0x01, 0xD0,
  0xB0, 0x6C, 0x0A, 0x77, 0x20, 0xAC, 0x0C, 0x0A, 0xC0, 0x67, 0x72, 0x06, 0xC0, 0xC0, 0xBC, 0x03,
  0x77, 0x20, 0x3C, 0x00, 0xDC, 0x02, 0x77, 0x20, 0x2C, 0x0C, 0x0E, 0xC0, 0x17, 0x72, 0x02, 0xC0,
  0xB0, 0xDC, 0x01, 0x77, 0x20, 0x3C, 0x0A, 0x0C, 0xC0, 0x27, 0x72, 0x05, 0xC0, 0x80, 0xAC, 0x05,
  0x77, 0x20, 0x8C, 0x04, 0x07, 0xC0, 0x97, 0x72, 0x0B, 0xC0, 0x10, 0x3C, 0x0E, 0x77, 0x10, 0x1C,
  0x0D, 0x20, 0xDC, 0x06, 0x77, 0x09, 0xC0, 0x62, 0x06, 0xC0, 0xE0, 0x27, 0x50, 0x3C, 0x0E, 0x01,
  0x30, 0xCC, 0x0D, 0x02, 0x73, 0x03, 0x0E, 0xC0, 0x74, 0x03, 0xE0, 0x80, 0x26, 0x02, 0x09, 0xD0,
  0xB6, 0x05, 0xF8, 0x4D, 0xBA, 0xAB, 0xEE, 0x0D, 0x01, 0x70, 0x40, 0xEF, 0xFA, 0x0C, 0x02, 0x72,
  0x01, 0x0A, 0xFF, 0x08, 0x76, 0x81, 0x29, 0xEF, 0x98, 0x1D, 0x81, 0x77, 0x38, 0x62, 0x56, 0x77,
  0x64, 0x17, 0x30,
  // "ñ" (U+00F1), RLE, 300 bytes saved (52.9%)
  0x72, 0x01, 0x74, 0x81, 0x22, 0x17, 0x20, 0x50, 0xCB, 0x0B, 0x05, 0x70, 0x3A, 0x0A, 0x71, 0x08,
  0xF0, 0xD0, 0x55, 0x0A, 0xA0, 0x77, 0x04, 0xFB, 0x83, 0xC6, 0x33, 0x9B, 0x03, 0x70, 0xDF, 0xFB,
  0x0C, 0x70, 0x3B, 0x83, 0x81, 0x03, 0xAF, 0xB0, 0x37, 0x07, 0xA0, 0xA5, 0x02, 0x0A, 0xF0, 0x67,
  0x10, 0xAA, 0x04, 0x78, 0x52, 0x9D, 0xFE, 0xA3, 0x80, 0x9B, 0x70, 0x85, 0x25, 0x77, 0x65, 0x27,
  0x10, 0x3B, 0x0C, 0x48, 0x11, 0x8E, 0xF8, 0x1E, 0x92, 0x50, 0x3C, 0x30, 0x70, 0xEF, 0xD0, 0x74,
  0x03, 0xC8, 0x12, 0x0A, 0xFF, 0x90, 0xA3, 0x03, 0xC0, 0x40, 0x8D, 0x83, 0xCB, 0xAB, 0xDF, 0x06,
  0x20, 0x3C, 0x0B, 0xB0, 0xC0, 0x46, 0x02, 0x0A, 0xD0, 0xE2, 0x03, 0xF0, 0x77, 0x30, 0x7D, 0x81,
  0x50, 0x3E, 0x09, 0x75, 0x0B, 0xC8, 0x19, 0x03, 0xD0, 0xE0, 0x17, 0x50, 0x4C, 0x81, 0xC0, 0x3D,
  0x09, 0x77, 0xC8, 0x1E, 0x03, 0xD0, 0x47, 0x70, 0xDC, 0x10, 0x3D, 0x77, 0x10, 0xCC, 0x01, 0x03,
  0xC0, 0xD7, 0x71, 0x0C, 0xC0, 0x10, 0x3C, 0x0C, 0x77, 0x10, 0xCC, 0x01, 0x03, 0xC0, 0xB7, 0x71,
  0x0C, 0xC0, 0x10, 0x3C, 0x0A, 0x77, 0x10, 0xCC, 0x01, 0x03, 0xC0, 0xA7, 0x71, 0x0C, 0xC0, 0x10,
  0x3C, 0x0A, 0x77, 0x10, 0xCC, 0x01, 0x03, 0xC0, 0xA7, 0x71, 0x0C, 0xC0, 0x10, 0x3C, 0x0A, 0x77,
  0x10, 0xCC, 0x01, 0x03, 0xC0, 0xA7, 0x71, 0x0C, 0xC0, 0x10, 0x3C, 0x0A, 0x77, 0x10, 0xCC, 0x01,
  0x03, 0xC0, 0xA7, 0x71, 0x0C, 0xC0, 0x10, 0x3C, 0x0A, 0x77, 0x10, 0xCC, 0x01, 0x03, 0xC0, 0xA7,
  0x71, 0x0C, 0xC0, 0x10, 0x3C, 0x0A, 0x77, 0x10, 0xCC, 0x01, 0x03, 0xC0, 0xA7, 0x71, 0x0C, 0xC0,
  0x10, 0x3C, 0x0A, 0x77, 0x10, 0xCC, 0x01, 0x03, 0xC0, 0xA7, 0x71, 0x0C, 0xC0, 0x10, 0x3C, 0x0A,
  0x77, 0x10, 0xCC, 0x01, 0x03, 0xC0, 0xA7, 0x71, 0x0C, 0xC0, 0x10,
  // "ò" (U+00F2), RLE, 355 bytes saved (57.6%)
  0x60, 0xBD, 0x05, 0x77, 0x70, 0x20, 0xEC, 0x0D, 0x77, 0x71, 0x04, 0xD0, 0x77, 0x77, 0x10, 0x6D,
  0x02, 0x77, 0x71, 0x07, 0xC0, 0xB7, 0x77, 0x20, 0x8C, 0x06, 0x77, 0x72, 0x09, 0xB0, 0xE0, 0x27,
  0x77, 0x20, 0x8B, 0x0C, 0x77, 0x73, 0x06, 0xB0, 0x78, 0x09, 0xC4, 0x08, 0x61, 0x45, 0x77, 0x64,
  0x17, 0x73, 0x81, 0x18, 0xDF, 0x98, 0x1D, 0x71, 0x75, 0x01, 0x08, 0xFE, 0x0E, 0x07, 0x73, 0x02,
  0x0D, 0xFF, 0xA0, 0xC0, 0x17, 0x02, 0x0E, 0xE8, 0x4E, 0xBA, 0xAC, 0xEE, 0x0D, 0x01, 0x60, 0xDD,
  0x0A, 0x03, 0x60, 0x40, 0xBD, 0x0B, 0x50, 0x9D, 0x05, 0x73, 0x07, 0xD0, 0x73, 0x02, 0xD0, 0x57,
  0x50, 0x8C, 0x0E, 0x01, 0x20, 0x9C, 0x0B, 0x77, 0x0D, 0xC0, 0x72, 0x0E, 0xC0, 0x47, 0x70, 0x5C,
  0x81, 0xD0, 0x3C, 0x0E, 0x77, 0x2D, 0x02, 0x07, 0xC0, 0x97, 0x72, 0x0B, 0xC0, 0x60, 0xAC, 0x07,
  0x77, 0x20, 0x8C, 0x09, 0x0B, 0xC0, 0x47, 0x72, 0x05, 0xC0, 0xB0, 0xCC, 0x03, 0x77, 0x20, 0x4C,
  0x0C, 0x0D, 0xC0, 0x37, 0x72, 0x04, 0xC0, 0x0D, 0xC0, 0x37, 0x72, 0x04, 0xC0, 0xC0, 0xDC, 0x03,
  0x77, 0x20, 0x5C, 0x0B, 0x0C, 0xC0, 0x57, 0x72, 0x06, 0xC0, 0xA0, 0x9C, 0x07, 0x77, 0x20, 0x8C,
  0x09, 0x07, 0xC0, 0xA7, 0x72, 0x0B, 0xC0, 0x50, 0x3C, 0x0E, 0x77, 0x10, 0x1D, 0x81, 0x20, 0xEC,
  0x05, 0x77, 0x06, 0xC0, 0xD2, 0x08, 0xC0, 0xC7, 0x70, 0xDC, 0x07, 0x20, 0x10, 0xEC, 0x07, 0x75,
  0x09, 0xC0, 0xE0, 0x13, 0x07, 0xD0, 0x67, 0x30, 0x7D, 0x07, 0x50, 0xBD, 0x0B, 0x03, 0x60, 0x40,
  0xCD, 0x0B, 0x60, 0x10, 0xDE, 0x84, 0xEB, 0xAA, 0xCE, 0xE0, 0xD0, 0x17, 0x01, 0x0C, 0xFF, 0xA0,
  0xC0, 0x17, 0x30, 0x70, 0xEF, 0xE0, 0x87, 0x68, 0x11, 0x7D, 0xF9, 0x81, 0xD8, 0x17, 0x73, 0x86,
  0x14, 0x67, 0x76, 0x41, 0x73,
  // "ó" (U+00F3), RLE, 353 bytes saved (57.3%)
  0x77, 0x10, 0xBD, 0x06, 0x77, 0x60, 0x4D, 0x0C, 0x77, 0x70, 0xCC, 0x0D, 0x01, 0x77, 0x60, 0x7C,
  0x0E, 0x03, 0x77, 0x60, 0x2C, 0x0E, 0x03, 0x77, 0x70, 0xBC, 0x04, 0x77, 0x70, 0x6C, 0x05, 0x77,
  0x70, 0x20, 0xEA, 0x0E, 0x04, 0x77, 0x71, 0x0B, 0xA0, 0xD0, 0x38, 0x09, 0xC7, 0x08, 0x61, 0x45,
  0x77, 0x64, 0x17, 0x73, 0x81, 0x18, 0xDF, 0x98, 0x1D, 0x71, 0x75, 0x01, 0x08, 0xFE, 0x0E, 0x07,
  0x73, 0x02, 0x0D, 0xFF, 0xA0, 0xC0, 0x17, 0x02, 0x0E, 0xE8, 0x4E, 0xBA, 0xAC, 0xEE, 0x0D, 0x01,
  0x60, 0xDD, 0x0A, 0x03, 0x60, 0x40, 0xBD, 0x0B, 0x50, 0x9D, 0x05, 0x73, 0x07, 0xD0, 0x73, 0x02,
  0xD0, 0x57, 0x50, 0x8C, 0x0E, 0x01, 0x20, 0x9C, 0x0B, 0x77, 0x0D, 0xC0, 0x72, 0x0E, 0xC0, 0x47,
  0x70, 0x5C, 0x81, 0xD0, 0x3C, 0x0E, 0x77, 0x2D, 0x02, 0x07, 0xC0, 0x97, 0x72, 0x0B, 0xC0, 0x60,
  0xAC, 0x07, 0x77, 0x20, 0x8C, 0x09, 0x0B, 0xC0, 0x47, 0x72, 0x05, 0xC0, 0xB0, 0xCC, 0x03, 0x77,
  0x20, 0x4C, 0x0C, 0x0D, 0xC0, 0x37, 0x72, 0x04, 0xC0, 0x0D, 0xC0, 0x37, 0x72, 0x04, 0xC0, 0xC0,
  0xDC, 0x03, 0x77, 0x20, 0x5C, 0x0B, 0x0C, 0xC0, 0x57, 0x72, 0x06, 0xC0, 0xA0, 0x9C, 0x07, 0x77,
  0x20, 0x8C, 0x09, 0x07, 0xC0, 0xA7, 0x72, 0x0B, 0xC0, 0x50, 0x3C, 0x0E, 0x77, 0x10, 0x1D, 0x81,
  0x20, 0xEC, 0x05, 0x77, 0x06, 0xC0, 0xD2, 0x08, 0xC0, 0xC7, 0x70, 0xDC, 0x07, 0x20, 0x10, 0xEC,
  0x07, 0x75, 0x09, 0xC0, 0xE0, 0x13, 0x07, 0xD0, 0x67, 0x30, 0x7D, 0x07, 0x50, 0xBD, 0x0B, 0x03,
  0x60, 0x40, 0xCD, 0x0B, 0x60, 0x10, 0xDE, 0x84, 0xEB, 0xAA, 0xCE, 0xE0, 0xD0, 0x17, 0x01, 0x0C,
  0xFF, 0xA0, 0xC0, 0x17, 0x30, 0x70, 0xEF, 0xE0, 0x87, 0x68, 0x11, 0x7D, 0xF9, 0x81, 0xD8, 0x17,
  0x73, 0x86, 0x14, 0x67, 0x76, 0x41, 0x73,
  // "ô" (U+00F4), RLE, 338 bytes saved (54.9%)
  0x73, 0x03, 0xD0, 0x77, 0x77, 0x0C, 0xD0, 0xE0, 0x27, 0x75, 0x09, 0xF0, 0xC7, 0x74, 0x06, 0xFA,
  0x0A, 0x77, 0x20, 0x4C, 0x81, 0xD3, 0xBC, 0x08, 0x77, 0x02, 0x0E, 0xB0, 0xC0, 0x12, 0x0A, 0xC0,
  0x67, 0x50, 0x10, 0xDB, 0x0C, 0x01, 0x40, 0x9C, 0x05, 0x73, 0x01, 0x0D, 0xB0, 0x97, 0x06, 0xC0,
  0x47, 0x20, 0xAA, 0x0E, 0x05, 0x72, 0x03, 0x0C, 0xB0, 0x18, 0x09, 0xB6, 0x08, 0x61, 0x45, 0x77,
  0x64, 0x17, 0x73, 0x81, 0x18, 0xDF, 0x98, 0x1D, 0x71, 0x75, 0x01, 0x08, 0xFE, 0x0E, 0x07, 0x73,
  0x02, 0x0D, 0xFF, 0xA0, 0xC0, 0x17, 0x02, 0x0E, 0xE8, 0x4E, 0xBA, 0xAC, 0xEE, 0x0D, 0x01, 0x60,
  0xDD, 0x0A, 0x03, 0x60, 0x40, 0xBD, 0x0B, 0x50, 0x9D, 0x05, 0x73, 0x07, 0xD0, 0x73, 0x02, 0xD0,
  0x57, 0x50, 0x8C, 0x0E, 0x01, 0x20, 0x9C, 0x0B, 0x77, 0x0D, 0xC0, 0x72, 0x0E, 0xC0, 0x47, 0x70,
  0x5C, 0x81, 0xD0, 0x3C, 0x0E, 0x77, 0x2D, 0x02, 0x07, 0xC0, 0x97, 0x72, 0x0B, 0xC0, 0x60, 0xAC,
  0x07, 0x77, 0x20, 0x8C, 0x09, 0x0B, 0xC0, 0x47, 0x72, 0x05, 0xC0, 0xB0, 0xCC, 0x03, 0x77, 0x20,
  0x4C, 0x0C, 0x0D, 0xC0, 0x37, 0x72, 0x04, 0xC0, 0x0D, 0xC0, 0x37, 0x72, 0x04, 0xC0, 0xC0, 0xDC,
  0x03, 0x77, 0x20, 0x5C, 0x0B, 0x0C, 0xC0, 0x57, 0x72, 0x06, 0xC0, 0xA0, 0x9C, 0x07, 0x77, 0x20,
  0x8C, 0x09, 0x07, 0xC0, 0xA7, 0x72, 0x0B, 0xC0, 0x50, 0x3C, 0x0E, 0x77, 0x10, 0x1D, 0x81, 0x20,
  0xEC, 0x05, 0x77, 0x06, 0xC0, 0xD2, 0x08, 0xC0, 0xC7, 0x70, 0xDC, 0x07, 0x20, 0x10, 0xEC, 0x07,
  0x75, 0x09, 0xC0, 0xE0, 0x13, 0x07, 0xD0, 0x67, 0x30, 0x7D, 0x07, 0x50, 0xBD, 0x0B, 0x03, 0x60,
  0x40, 0xCD, 0x0B, 0x60, 0x10, 0xDE, 0x84, 0xEB, 0xAA, 0xCE, 0xE0, 0xD0, 0x17, 0x01, 0x0C, 0xFF,
  0xA0, 0xC0, 0x17, 0x30, 0x70, 0xEF, 0xE0, 0x87, 0x68, 0x11, 0x7D, 0xF9, 0x81, 0xD8, 0x17, 0x73,
  0x86, 0x14, 0x67, 0x76, 0x41, 0x73,
  // "õ" (U+00F5), RLE, 323 bytes saved (53.7%)
  0x72, 0x01, 0x74, 0x81, 0x22, 0x17, 0x30, 0x50, 0xCB, 0x0B, 0x05, 0x70, 0x3A, 0x0A, 0x72, 0x08,
  0xF0, 0xD0, 0x55, 0x0A, 0xA0, 0x77, 0x10, 0x4F, 0xB8, 0x3C, 0x63, 0x39, 0xB0, 0x37, 0x10, 0xDF,
  0xFB, 0x0C, 0x71, 0x03, 0xB8, 0x38, 0x10, 0x3A, 0xFB, 0x03, 0x71, 0x07, 0xA0, 0xA5, 0x02, 0x0A,
  0xF0, 0x67, 0x20, 0xAA, 0x04, 0x78, 0x52, 0x9D, 0xFE, 0xA3, 0x80, 0x9C, 0x10, 0x86, 0x14, 0x57,
  0x76, 0x41, 0x77, 0x38, 0x11, 0x8D, 0xF9, 0x81, 0xD7, 0x17, 0x50, 0x10, 0x8F, 0xE0, 0xE0, 0x77,
  0x30, 0x20, 0xDF, 0xFA, 0x0C, 0x01, 0x70, 0x20, 0xEE, 0x84, 0xEB, 0xAA, 0xCE, 0xE0, 0xD0, 0x16,
  0x0D, 0xD0, 0xA0, 0x36, 0x04, 0x0B, 0xD0, 0xB5, 0x09, 0xD0, 0x57, 0x30, 0x7D, 0x07, 0x30, 0x2D,
  0x05, 0x75, 0x08, 0xC0, 0xE0, 0x12, 0x09, 0xC0, 0xB7, 0x70, 0xDC, 0x07, 0x20, 0xEC, 0x04, 0x77,
  0x05, 0xC8, 0x1D, 0x03, 0xC0, 0xE7, 0x72, 0xD0, 0x20, 0x7C, 0x09, 0x77, 0x20, 0xBC, 0x06, 0x0A,
  0xC0, 0x77, 0x72, 0x08, 0xC0, 0x90, 0xBC, 0x04, 0x77, 0x20, 0x5C, 0x0B, 0x0C, 0xC0, 0x37, 0x72,
  0x04, 0xC0, 0xC0, 0xDC, 0x03, 0x77, 0x20, 0x4C, 0x00, 0xDC, 0x03, 0x77, 0x20, 0x4C, 0x0C, 0x0D,
  0xC0, 0x37, 0x72, 0x05, 0xC0, 0xB0, 0xCC, 0x05, 0x77, 0x20, 0x6C, 0x0A, 0x09, 0xC0, 0x77, 0x72,
  0x08, 0xC0, 0x90, 0x7C, 0x0A, 0x77, 0x20, 0xBC, 0x05, 0x03, 0xC0, 0xE7, 0x71, 0x01, 0xD8, 0x12,
  0x0E, 0xC0, 0x57, 0x70, 0x6C, 0x0D, 0x20, 0x8C, 0x0C, 0x77, 0x0D, 0xC0, 0x72, 0x01, 0x0E, 0xC0,
  0x77, 0x50, 0x9C, 0x0E, 0x01, 0x30, 0x7D, 0x06, 0x73, 0x07, 0xD0, 0x75, 0x0B, 0xD0, 0xB0, 0x36,
  0x04, 0x0C, 0xD0, 0xB6, 0x01, 0x0D, 0xE8, 0x4E, 0xBA, 0xAC, 0xEE, 0x0D, 0x01, 0x70, 0x10, 0xCF,
  0xFA, 0x0C, 0x01, 0x73, 0x07, 0x0E, 0xFE, 0x08, 0x76, 0x81, 0x17, 0xDF, 0x98, 0x1D, 0x81, 0x77,
  0x38, 0x61, 0x46, 0x77, 0x64, 0x17, 0x30,
  // "ö" (U+00F6), RLE, 344 bytes saved (57.1%)
  0x78, 0x28, 0xEE, 0x76, 0x83, 0x2C, 0xEB, 0x27, 0x50, 0x5C, 0x04, 0x50, 0xCB, 0x0B, 0x75, 0x09,
  0xC0, 0x85, 0xD7, 0x50, 0x9C, 0x08, 0x5D, 0x75, 0x04, 0xC0, 0x45, 0x0C, 0xB0, 0xB7, 0x68, 0x27,
  0xED, 0x76, 0x83, 0x2B, 0xEB, 0x18, 0x0A, 0xB0, 0x08, 0x61, 0x45, 0x77, 0x64, 0x17, 0x73, 0x81,
  0x18, 0xDF, 0x98, 0x1D, 0x71, 0x75, 0x01, 0x08, 0xFE, 0x0E, 0x07, 0x73, 0x02, 0x0D, 0xFF, 0xA0,
  0xC0, 0x17, 0x02, 0x0E, 0xE8, 0x4E, 0xBA, 0xAC, 0xEE, 0x0D, 0x01, 0x60, 0xDD, 0x0A, 0x03, 0x60,
  0x40, 0xBD, 0x0B, 0x50, 0x9D, 0x05, 0x73, 0x07, 0xD0, 0x73, 0x02, 0xD0, 0x57, 0x50, 0x8C, 0x0E,
  0x01, 0x20, 0x9C, 0x0B, 0x77, 0x0D, 0xC0, 0x72, 0x0E, 0xC0, 0x47, 0x70, 0x5C, 0x81, 0xD0, 0x3C,
  0x0E, 0x77, 0x2D, 0x02, 0x07, 0xC0, 0x97, 0x72, 0x0B, 0xC0, 0x60, 0xAC, 0x07, 0x77, 0x20, 0x8C,
  0x09, 0x0B, 0xC0, 0x47, 0x72, 0x05, 0xC0, 0xB0, 0xCC, 0x03, 0x77, 0x20, 0x4C, 0x0C, 0x0D, 0xC0,
  0x37, 0x72, 0x04, 0xC0, 0x0D, 0xC0, 0x37, 0x72, 0x04, 0xC0, 0xC0, 0xDC, 0x03, 0x77, 0x20, 0x5C,
  0x0B, 0x0C, 0xC0, 0x57, 0x72, 0x06, 0xC0, 0xA0, 0x9C, 0x07, 0x77, 0x20, 0x8C, 0x09, 0x07, 0xC0,
  0xA7, 0x72, 0x0B, 0xC0, 0x50, 0x3C, 0x0E, 0x77, 0x10, 0x1D, 0x81, 0x20, 0xEC, 0x05, 0x77, 0x06,
  0xC0, 0xD2, 0x08, 0xC0, 0xC7, 0x70, 0xDC, 0x07, 0x20, 0x10, 0xEC, 0x07, 0x75, 0x09, 0xC0, 0xE0,
  0x13, 0x07, 0xD0, 0x67, 0x30, 0x7D, 0x07, 0x50, 0xBD, 0x0B, 0x03, 0x60, 0x40, 0xCD, 0x0B, 0x60,
  0x10, 0xDE, 0x84, 0xEB, 0xAA, 0xCE, 0xE0, 0xD0, 0x17, 0x01, 0x0C, 0xFF, 0xA0, 0xC0, 0x17, 0x30,
  0x70, 0xEF, 0xE0, 0x87, 0x68, 0x11, 0x7D, 0xF9, 0x81, 0xD8, 0x17, 0x73, 0x86, 0x14, 0x67, 0x76,
  0x41, 0x73,
  // "÷" (U+00F7), RLE, 278 bytes saved (76.4%)
  0x74, 0x84, 0x1A, 0xEE, 0x91, 0x77, 0x71, 0x0C, 0xC0, 0xA7, 0x77, 0x01, 0xD0, 0xE7, 0x77, 0x02,
  0xE7, 0x77, 0x01, 0xD0, 0xE7, 0x77, 0x10, 0xBC, 0x09, 0x77, 0x71, 0x83, 0x19, 0xEE, 0x88, 0x09,
  0xB5, 0x08, 0x0A, 0x62, 0x10, 0x3F, 0xFF, 0xD0, 0x20, 0x3F, 0xFF, 0xD0, 0x20, 0x3F, 0xFF, 0xD0,
  0x20, 0x3F, 0xFF, 0xD0, 0x28, 0x09, 0xE7, 0x08, 0x41, 0xAE, 0xE9, 0x17, 0x77, 0x10, 0xCC, 0x0A,
  0x77, 0x70, 0x1D, 0x0E, 0x77, 0x70, 0x2E, 0x77, 0x70, 0x1D, 0x0E, 0x77, 0x71, 0x0B, 0xC0, 0x97,
  0x77, 0x18, 0x31, 0x9E, 0xE8, 0x75,
  // "ø" (U+00F8), RLE, 206 bytes saved (43.3%)
  0x77, 0x72, 0x05, 0x01, 0x76, 0x86, 0x14, 0x57, 0x76, 0x41, 0x48, 0x23, 0xFE, 0x57, 0x28, 0x11,
  0x8D, 0xF9, 0x0C, 0x06, 0x20, 0xDB, 0x08, 0x60, 0x10, 0x8F, 0xE0, 0xD0, 0xBC, 0x03, 0x50, 0x20,
  0xDF, 0xFD, 0x07, 0x50, 0x20, 0xEE, 0x83, 0xEB, 0xAA, 0xCF, 0x90, 0xC6, 0x0D, 0xD0, 0xA0, 0x36,
  0x06, 0x0E, 0xD0, 0x85, 0x09, 0xD0, 0x57, 0x20, 0x6E, 0x02, 0x30, 0x2D, 0x06, 0x72, 0x02, 0x0E,
  0xE0, 0xC3, 0x09, 0xC0, 0xB7, 0x30, 0xCF, 0x90, 0x42, 0x0E, 0xC0, 0x47, 0x20, 0x8C, 0x0A, 0xC8,
  0x1B, 0x03, 0xC0, 0xE7, 0x20, 0x4C, 0x08, 0x01, 0xD1, 0x07, 0xC0, 0x97, 0x10, 0x10, 0xEB, 0x0C,
  0x20, 0xBC, 0x04, 0x0A, 0xC0, 0x77, 0x10, 0xBB, 0x0E, 0x02, 0x20, 0x8C, 0x08, 0x0B, 0xC0, 0x47,
  0x07, 0xC0, 0x53, 0x06, 0xC0, 0xA0, 0xCC, 0x03, 0x60, 0x3C, 0x09, 0x40, 0x4C, 0x0B, 0x0D, 0xC0,
  0x36, 0x0D, 0xB0, 0xD5, 0x04, 0xC0, 0xC0, 0xDC, 0x03, 0x50, 0xAC, 0x03, 0x50, 0x4C, 0x00, 0xCC,
  0x03, 0x40, 0x6C, 0x06, 0x60, 0x4C, 0x00, 0xBC, 0x04, 0x30, 0x20, 0xEB, 0x0B, 0x70, 0x5C, 0x0A,
  0x09, 0xC0, 0x63, 0x0C, 0xB0, 0xD0, 0x17, 0x08, 0xC0, 0x90, 0x6C, 0x09, 0x20, 0x9C, 0x04, 0x71,
  0x0B, 0xC0, 0x60, 0x2C, 0x81, 0xD0, 0x5C, 0x08, 0x71, 0x01, 0xD8, 0x12, 0x0D, 0xC0, 0x60, 0xEB,
  0x0C, 0x72, 0x06, 0xC0, 0xE2, 0x07, 0xF9, 0x0E, 0x01, 0x72, 0x0D, 0xC0, 0x72, 0x01, 0x0E, 0xF0,
  0x57, 0x20, 0x8D, 0x01, 0x30, 0x7E, 0x09, 0x72, 0x07, 0xD0, 0x85, 0x0B, 0xD0, 0xB0, 0x36, 0x04,
  0x0B, 0xD0, 0xC6, 0x09, 0xF8, 0x4E, 0xBA, 0xAC, 0xEE, 0x0D, 0x01, 0x50, 0x5F, 0xFD, 0x0C, 0x01,
  0x50, 0x10, 0xEB, 0x0D, 0xFE, 0x0E, 0x07, 0x70, 0x9B, 0x83, 0xE1, 0x18, 0xDF, 0x98, 0x1C, 0x71,
  0x72, 0x08, 0xA0, 0x44, 0x86, 0x24, 0x67, 0x75, 0x41, 0x76, 0x03, 0x07, 0x77, 0x72,
  // "ù" (U+00F9), RLE, 328 bytes saved (57.3%)
  0x60, 0xBD, 0x05, 0x77, 0x50, 0x20, 0xEC, 0x0D, 0x77, 0x60, 0x4D, 0x07, 0x77, 0x60, 0x6D, 0x02,
  0x77, 0x60, 0x7C, 0x0B, 0x77, 0x70, 0x8C, 0x06, 0x77, 0x70, 0x9B, 0x0E, 0x02, 0x77, 0x70, 0x8B,
  0x0C, 0x77, 0x71, 0x06, 0xB0, 0x78, 0x09, 0xD4, 0x00, 0x9C, 0x06, 0x77, 0x01, 0xC0, 0xD0, 0x9C,
  0x06, 0x77, 0x01, 0xC0, 0xD0, 0x9C, 0x06, 0x77, 0x01, 0xC0, 0xD0, 0x9C, 0x06, 0x77, 0x01, 0xC0,
  0xD0, 0x9C, 0x06, 0x77, 0x01, 0xC0, 0xD0, 0x9C, 0x06, 0x77, 0x01, 0xC0, 0xD0, 0x9C, 0x06, 0x77,
  0x01, 0xC0, 0xD0, 0x9C, 0x06, 0x77, 0x01, 0xC0, 0xD0, 0x9C, 0x06, 0x77, 0x01, 0xC0, 0xD0, 0x9C,
  0x06, 0x77, 0x01, 0xC0, 0xD0, 0x9C, 0x06, 0x77, 0x01, 0xC0, 0xD0, 0x9C, 0x06, 0x77, 0x01, 0xC0,
  0xD0, 0x9C, 0x06, 0x77, 0x01, 0xC0, 0xD0, 0x9C, 0x06, 0x77, 0x01, 0xC0, 0xD0, 0x9C, 0x06, 0x77,
  0x01, 0xC0, 0xD0, 0x9C, 0x06, 0x77, 0x01, 0xC0, 0xD0, 0x9C, 0x06, 0x77, 0x01, 0xC0, 0xD0, 0x9C,
  0x06, 0x77, 0x02, 0xC0, 0xD0, 0x9C, 0x06, 0x77, 0x04, 0xC0, 0xD0, 0x8C, 0x06, 0x77, 0x07, 0xC0,
  0xD0, 0x8C, 0x07, 0x77, 0x0A, 0xC0, 0xD0, 0x7C, 0x09, 0x77, 0x0E, 0xC0, 0xD0, 0x5C, 0x0D, 0x76,
  0x06, 0xD0, 0xD0, 0x2D, 0x05, 0x74, 0x01, 0x0E, 0xD8, 0x1D, 0x0D, 0xC0, 0xE0, 0x27, 0x20, 0x10,
  0xCE, 0x81, 0xD0, 0x7D, 0x0E, 0x06, 0x68, 0x11, 0x7E, 0xF0, 0xD2, 0x0D, 0xF8, 0x3B, 0xAA, 0xBD,
  0xD0, 0x70, 0xCB, 0x0D, 0x20, 0x30, 0xEF, 0xF9, 0x81, 0x90, 0x9B, 0x0D, 0x30, 0x20, 0xDF, 0xD0,
  0xE0, 0x62, 0x07, 0xB0, 0xD5, 0x06, 0x0C, 0xF9, 0x81, 0xD8, 0x13, 0x04, 0xB0, 0xD7, 0x86, 0x14,
  0x67, 0x76, 0x52, 0x74,
  // "ú" (U+00FA), RLE, 323 bytes saved (56.5%)
  0x77, 0x10, 0xBD, 0x06, 0x77, 0x40, 0x4D, 0x0C, 0x77, 0x50, 0xCC, 0x0D, 0x01, 0x77, 0x40, 0x7C,
  0x0E, 0x03, 0x77, 0x40, 0x2C, 0x0E, 0x03, 0x77, 0x50, 0xBC, 0x04, 0x77, 0x50, 0x6C, 0x05, 0x77,
  0x50, 0x20, 0xEA, 0x0E, 0x04, 0x77, 0x60, 0xBA, 0x0D, 0x03, 0x80, 0x9D, 0x70, 0x09, 0xC0, 0x67,
  0x70, 0x1C, 0x0D, 0x09, 0xC0, 0x67, 0x70, 0x1C, 0x0D, 0x09, 0xC0, 0x67, 0x70, 0x1C, 0x0D, 0x09,
  0xC0, 0x67, 0x70, 0x1C, 0x0D, 0x09, 0xC0, 0x67, 0x70, 0x1C, 0x0D, 0x09, 0xC0, 0x67, 0x70, 0x1C,
  0x0D, 0x09, 0xC0, 0x67, 0x70, 0x1C, 0x0D, 0x09, 0xC0, 0x67, 0x70, 0x1C, 0x0D, 0x09, 0xC0, 0x67,
  0x70, 0x1C, 0x0D, 0x09, 0xC0, 0x67, 0x70, 0x1C, 0x0D, 0x09, 0xC0, 0x67, 0x70, 0x1C, 0x0D, 0x09,
  0xC0, 0x67, 0x70, 0x1C, 0x0D, 0x09, 0xC0, 0x67, 0x70, 0x1C, 0x0D, 0x09, 0xC0, 0x67, 0x70, 0x1C,
  0x0D, 0x09, 0xC0, 0x67, 0x70, 0x1C, 0x0D, 0x09, 0xC0, 0x67, 0x70, 0x1C, 0x0D, 0x09, 0xC0, 0x67,
  0x70, 0x1C, 0x0D, 0x09, 0xC0, 0x67, 0x70, 0x2C, 0x0D, 0x09, 0xC0, 0x67, 0x70, 0x4C, 0x0D, 0x08,
  0xC0, 0x67, 0x70, 0x7C, 0x0D, 0x08, 0xC0, 0x77, 0x70, 0xAC, 0x0D, 0x07, 0xC0, 0x97, 0x70, 0xEC,
  0x0D, 0x05, 0xC0, 0xD7, 0x60, 0x6D, 0x0D, 0x02, 0xD0, 0x57, 0x40, 0x10, 0xED, 0x81, 0xD0, 0xDC,
  0x0E, 0x02, 0x72, 0x01, 0x0C, 0xE8, 0x1D, 0x07, 0xD0, 0xE0, 0x66, 0x81, 0x17, 0xEF, 0x0D, 0x20,
  0xDF, 0x83, 0xBA, 0xAB, 0xDD, 0x07, 0x0C, 0xB0, 0xD2, 0x03, 0x0E, 0xFF, 0x98, 0x19, 0x09, 0xB0,
  0xD3, 0x02, 0x0D, 0xFD, 0x0E, 0x06, 0x20, 0x7B, 0x0D, 0x50, 0x60, 0xCF, 0x98, 0x1D, 0x81, 0x30,
  0x4B, 0x0D, 0x78, 0x61, 0x46, 0x77, 0x65, 0x27, 0x40,
  // "û" (U+00FB), RLE, 309 bytes saved (54.0%)
  0x73, 0x03, 0xD0, 0x77, 0x75, 0x0C, 0xD0, 0xE0, 0x27, 0x73, 0x09, 0xF0, 0xC7, 0x72, 0x06, 0xFA,
  0x0A, 0x77, 0x04, 0xC8, 0x1D, 0x3B, 0xC0, 0x87, 0x50, 0x20, 0xEB, 0x0C, 0x01, 0x20, 0xAC, 0x06,
  0x73, 0x01, 0x0D, 0xB0, 0xC0, 0x14, 0x09, 0xC0, 0x57, 0x10, 0x10, 0xDB, 0x09, 0x70, 0x6C, 0x04,
  0x70, 0xAA, 0x0E, 0x05, 0x72, 0x03, 0x0C, 0xB0, 0x18, 0x09, 0xC6, 0x00, 0x9C, 0x06, 0x77, 0x01,
  0xC0, 0xD0, 0x9C, 0x06, 0x77, 0x01, 0xC0, 0xD0, 0x9C, 0x06, 0x77, 0x01, 0xC0, 0xD0, 0x9C, 0x06,
  0x77, 0x01, 0xC0, 0xD0, 0x9C, 0x06, 0x77, 0x01, 0xC0, 0xD0, 0x9C, 0x06, 0x77, 0x01, 0xC0, 0xD0,
  0x9C, 0x06, 0x77, 0x01, 0xC0, 0xD0, 0x9C, 0x06, 0x77, 0x01, 0xC0, 0xD0, 0x9C, 0x06, 0x77, 0x01,
  0xC0, 0xD0, 0x9C, 0x06, 0x77, 0x01, 0xC0, 0xD0, 0x9C, 0x06, 0x77, 0x01, 0xC0, 0xD0, 0x9C, 0x06,
  0x77, 0x01, 0xC0, 0xD0, 0x9C, 0x06, 0x77, 0x01, 0xC0, 0xD0, 0x9C, 0x06, 0x77, 0x01, 0xC0, 0xD0,
  0x9C, 0x06, 0x77, 0x01, 0xC0, 0xD0, 0x9C, 0x06, 0x77, 0x01, 0xC0, 0xD0, 0x9C, 0x06, 0x77, 0x01,
  0xC0, 0xD0, 0x9C, 0x06, 0x77, 0x02, 0xC0, 0xD0, 0x9C, 0x06, 0x77, 0x04, 0xC0, 0xD0, 0x8C, 0x06,
  0x77, 0x07, 0xC0, 0xD0, 0x8C, 0x07, 0x77, 0x0A, 0xC0, 0xD0, 0x7C, 0x09, 0x77, 0x0E, 0xC0, 0xD0,
  0x5C, 0x0D, 0x76, 0x06, 0xD0, 0xD0, 0x2D, 0x05, 0x74, 0x01, 0x0E, 0xD8, 0x1D, 0x0D, 0xC0, 0xE0,
  0x27, 0x20, 0x10, 0xCE, 0x81, 0xD0, 0x7D, 0x0E, 0x06, 0x68, 0x11, 0x7E, 0xF0, 0xD2, 0x0D, 0xF8,
  0x3B, 0xAA, 0xBD, 0xD0, 0x70, 0xCB, 0x0D, 0x20, 0x30, 0xEF, 0xF9, 0x81, 0x90, 0x9B, 0x0D, 0x30,
  0x20, 0xDF, 0xD0, 0xE0, 0x62, 0x07, 0xB0, 0xD5, 0x06, 0x0C, 0xF9, 0x81, 0xD8, 0x13, 0x04, 0xB0,
  0xD7, 0x86, 0x14, 0x67, 0x76, 0x52, 0x74,
  // "ü" (U+00FC), RLE, 315 bytes saved (56.4%)
  0x68, 0x28, 0xEE, 0x76, 0x83, 0x2C, 0xEB, 0x27, 0x30, 0x5C, 0x04, 0x50, 0xCB, 0x0B, 0x73, 0x09,
  0xC0, 0x85, 0xD7, 0x30, 0x9C, 0x08, 0x5D, 0x73, 0x04, 0xC0, 0x45, 0x0C, 0xB0, 0xB7, 0x48, 0x27,
  0xED, 0x76, 0x83, 0x2B, 0xEB, 0x18, 0x0A, 0xB5, 0x00, 0x9C, 0x06, 0x77, 0x01, 0xC0, 0xD0, 0x9C,
  0x06, 0x77, 0x01, 0xC0, 0xD0, 0x9C, 0x06, 0x77, 0x01, 0xC0, 0xD0, 0x9C, 0x06, 0x77, 0x01, 0xC0,
  0xD0, 0x9C, 0x06, 0x77, 0x01, 0xC0, 0xD0, 0x9C, 0x06, 0x77, 0x01, 0xC0, 0xD0, 0x9C, 0x06, 0x77,
  0x01, 0xC0, 0xD0, 0x9C, 0x06, 0x77, 0x01, 0xC0, 0xD0, 0x9C, 0x06, 0x77, 0x01, 0xC0, 0xD0, 0x9C,
  0x06, 0x77, 0x01, 0xC0, 0xD0, 0x9C, 0x06, 0x77, 0x01, 0xC0, 0xD0, 0x9C, 0x06, 0x77, 0x01, 0xC0,
  0xD0, 0x9C, 0x06, 0x77, 0x01, 0xC0, 0xD0, 0x9C, 0x06, 0x77, 0x01, 0xC0, 0xD0, 0x9C, 0x06, 0x77,
  0x01, 0xC0, 0xD0, 0x9C, 0x06, 0x77, 0x01, 0xC0, 0xD0, 0x9C, 0x06, 0x77, 0x01, 0xC0, 0xD0, 0x9C,
  0x06, 0x77, 0x02, 0xC0, 0xD0, 0x9C, 0x06, 0x77, 0x04, 0xC0, 0xD0, 0x8C, 0x06, 0x77, 0x07, 0xC0,
  0xD0, 0x8C, 0x07, 0x77, 0x0A, 0xC0, 0xD0, 0x7C, 0x09, 0x77, 0x0E, 0xC0, 0xD0, 0x5C, 0x0D, 0x76,
  0x06, 0xD0, 0xD0, 0x2D, 0x05, 0x74, 0x01, 0x0E, 0xD8, 0x1D, 0x0D, 0xC0, 0xE0, 0x27, 0x20, 0x10,
  0xCE, 0x81, 0xD0, 0x7D, 0x0E, 0x06, 0x68, 0x11, 0x7E, 0xF0, 0xD2, 0x0D, 0xF8, 0x3B, 0xAA, 0xBD,
  0xD0, 0x70, 0xCB, 0x0D, 0x20, 0x30, 0xEF, 0xF9, 0x81, 0x90, 0x9B, 0x0D, 0x30, 0x20, 0xDF, 0xD0,
  0xE0, 0x62, 0x07, 0xB0, 0xD5, 0x06, 0x0C, 0xF9, 0x81, 0xD8, 0x13, 0x04, 0xB0, 0xD7, 0x86, 0x14,
  0x67, 0x76, 0x52, 0x74,
  // "ý" (U+00FD), RLE, 519 bytes saved (62.8%)
  0x77, 0x20, 0xBD, 0x06, 0x77, 0x70, 0x4D, 0x0C, 0x77, 0x71, 0x0C, 0xC0, 0xD0, 0x17, 0x77, 0x07,
  0xC0, 0xE0, 0x37, 0x77, 0x02, 0xC0, 0xE0, 0x37, 0x77, 0x10, 0xBC, 0x04, 0x77, 0x71, 0x06, 0xC0,
  0x57, 0x77, 0x10, 0x20, 0xEA, 0x0E, 0x04, 0x77, 0x72, 0x0B, 0xA0, 0xD0, 0x38, 0x09, 0xF5, 0x00,
  0xBC, 0x07, 0x77, 0x30, 0xEC, 0x00, 0x5C, 0x0D, 0x77, 0x20, 0x4C, 0x0E, 0x20, 0xEC, 0x03, 0x77,
  0x10, 0xAC, 0x09, 0x20, 0x8C, 0x09, 0x77, 0x10, 0xEC, 0x03, 0x20, 0x2C, 0x0E, 0x77, 0x05, 0xC0,
  0xD4, 0x0B, 0xC0, 0x57, 0x60, 0xAC, 0x07, 0x40, 0x5C, 0x0B, 0x75, 0x01, 0xD0, 0x25, 0x0E, 0xC0,
  0x17, 0x40, 0x6C, 0x0B, 0x60, 0x9C, 0x07, 0x74, 0x0B, 0xC0, 0x56, 0x02, 0xC0, 0xD7, 0x30, 0x1C,
  0x0E, 0x71, 0x0C, 0xC0, 0x37, 0x20, 0x7C, 0x09, 0x71, 0x06, 0xC0, 0x97, 0x20, 0xCC, 0x04, 0x72,
  0x0E, 0xB0, 0xE7, 0x10, 0x2C, 0x0D, 0x73, 0x09, 0xC0, 0x57, 0x07, 0xC0, 0x77, 0x30, 0x3C, 0x0B,
  0x70, 0xDC, 0x02, 0x74, 0x0C, 0xC0, 0x15, 0x03, 0xC0, 0xB7, 0x50, 0x6C, 0x07, 0x50, 0x8C, 0x06,
  0x76, 0x0E, 0xB0, 0xD5, 0x0D, 0xB0, 0xE7, 0x70, 0x9C, 0x02, 0x30, 0x3C, 0x09, 0x77, 0x03, 0xC0,
  0x83, 0x08, 0xC0, 0x47, 0x71, 0x0C, 0xB0, 0xD3, 0x0D, 0xB0, 0xD7, 0x72, 0x06, 0xC8, 0x13, 0x03,
  0xC0, 0x87, 0x72, 0x01, 0xC8, 0x18, 0x08, 0xC0, 0x27, 0x73, 0x0A, 0xB8, 0x1C, 0x0C, 0xB0, 0xB7,
  0x74, 0x03, 0xC0, 0x2C, 0x06, 0x77, 0x50, 0xDB, 0x0B, 0xB0, 0xE7, 0x76, 0x07, 0xF0, 0xA7, 0x76,
  0x01, 0xF0, 0x47, 0x77, 0x0A, 0xD0, 0xD7, 0x77, 0x10, 0x4D, 0x08, 0x77, 0x72, 0x0E, 0xC0, 0x27,
  0x77, 0x10, 0x3C, 0x0C, 0x77, 0x72, 0x09, 0xC0, 0x67, 0x77, 0x20, 0xEC, 0x01, 0x77, 0x71, 0x06,
  0xC0, 0xA7, 0x77, 0x20, 0xDC, 0x03, 0x77, 0x71, 0x06, 0xC0, 0xC7, 0x77, 0x10, 0x20, 0xEC, 0x05,
  0x77, 0x70, 0x20, 0xDC, 0x0C, 0x77, 0x18, 0x52, 0x53, 0x22, 0x49, 0xE0, 0x27, 0x71, 0x06, 0xFC,
  0x05, 0x77, 0x20, 0x6F, 0xB0, 0x77, 0x73, 0x06, 0xF9, 0x0D, 0x05, 0x77, 0x48, 0x73, 0xBD, 0xEF,
  0xED, 0xA5, 0x77, 0x60,
  // "þ" (U+00FE), RLE, 453 bytes saved (56.8%)
  0x84, 0x17, 0x77, 0x75, 0x77, 0x71, 0x03, 0xC0, 0xA7, 0x77, 0x10, 0x3C, 0x0A, 0x77, 0x71, 0x03,
  0xC0, 0xA7, 0x77, 0x10, 0x3C, 0x0A, 0x77, 0x71, 0x03, 0xC0, 0xA7, 0x77, 0x10, 0x3C, 0x0A, 0x77,
  0x71, 0x03, 0xC0, 0xA7, 0x77, 0x10, 0x3C, 0x0A, 0x77, 0x71, 0x03, 0xC0, 0xA7, 0x77, 0x10, 0x3C,
  0x0A, 0x77, 0x71, 0x03, 0xC0, 0xA7, 0x77, 0x10, 0x3C, 0x0A, 0x58, 0x51, 0x46, 0x77, 0x54, 0x73,
  0x03, 0xC0, 0xA3, 0x03, 0x0A, 0xF8, 0x1E, 0xA3, 0x70, 0x3C, 0x0A, 0x20, 0x7F, 0xD0, 0xA0, 0x15,
  0x03, 0xC8, 0x19, 0x0A, 0xFF, 0x0D, 0x02, 0x40, 0x3C, 0x00, 0x8C, 0x84, 0xEB, 0xAA, 0xBE, 0xE0,
  0xD0, 0x13, 0x03, 0xC0, 0xDB, 0x0B, 0x03, 0x60, 0x30, 0xCD, 0x0A, 0x30, 0x3F, 0x06, 0x73, 0x08,
  0xD0, 0x52, 0x03, 0xE0, 0x87, 0x50, 0xBC, 0x0C, 0x20, 0x3D, 0x0E, 0x76, 0x02, 0xD8, 0x13, 0x03,
  0xD0, 0x87, 0x70, 0xAC, 0x81, 0x80, 0x3D, 0x03, 0x77, 0x05, 0xC8, 0x1B, 0x03, 0xD7, 0x71, 0x02,
  0xC8, 0x1E, 0x03, 0xC0, 0xD7, 0x72, 0xD0, 0x20, 0x3C, 0x0C, 0x77, 0x20, 0xDC, 0x00, 0x3C, 0x0B,
  0x77, 0x20, 0xCC, 0x04, 0x03, 0xC0, 0xA7, 0x72, 0x0B, 0xC0, 0x50, 0x3C, 0x0B, 0x77, 0x20, 0xBC,
  0x05, 0x03, 0xC0, 0xB7, 0x72, 0x0C, 0xC0, 0x40, 0x3C, 0x0C, 0x77, 0x20, 0xDC, 0x00, 0x3C, 0x0E,
  0x77, 0x2D, 0x02, 0x03, 0xD0, 0x17, 0x70, 0x2C, 0x81, 0xE0, 0x3D, 0x05, 0x77, 0x06, 0xC8, 0x1B,
  0x03, 0xD0, 0x97, 0x70, 0xBC, 0x81, 0x80, 0x3E, 0x01, 0x75, 0x03, 0xD8, 0x12, 0x03, 0xE0, 0x97,
  0x50, 0xBC, 0x0C, 0x20, 0x3F, 0x07, 0x73, 0x09, 0xD0, 0x52, 0x03, 0xF9, 0x0B, 0x04, 0x60, 0x40,
  0xCD, 0x0A, 0x30, 0x3C, 0x07, 0x0D, 0xC8, 0x4E, 0xCA, 0xAB, 0xEE, 0x0D, 0x01, 0x30, 0x3C, 0x81,
  0x71, 0xDF, 0xF0, 0xD0, 0x14, 0x03, 0xC8, 0x28, 0x01, 0xAF, 0xD0, 0xA0, 0x15, 0x03, 0xC0, 0x93,
  0x04, 0x0B, 0xF8, 0x1E, 0xA3, 0x70, 0x3C, 0x0A, 0x58, 0x51, 0x46, 0x77, 0x54, 0x73, 0x03, 0xC0,
  0xA7, 0x77, 0x10, 0x3C, 0x0A, 0x77, 0x71, 0x03, 0xC0, 0xA7, 0x77, 0x10, 0x3C, 0x0A, 0x77, 0x71,
  0x03, 0xC0, 0xA7, 0x77, 0x10, 0x3C, 0x0A, 0x77, 0x71, 0x03, 0xC0, 0xA7, 0x77, 0x10, 0x3C, 0x0A,
  0x77, 0x71, 0x03, 0xC0, 0xA7, 0x77, 0x10, 0x3C, 0x0A, 0x77, 0x71, 0x03, 0xC0, 0xA7, 0x77, 0x10,
  0x3C, 0x0A, 0x77, 0x71, 0x03, 0xC0, 0xA7, 0x77, 0x10,
  // "ÿ" (U+00FF), RLE, 511 bytes saved (62.9%)
  0x78, 0x28, 0xEE, 0x76, 0x83, 0x2C, 0xEB, 0x27, 0x60, 0x5C, 0x04, 0x50, 0xCB, 0x0B, 0x76, 0x09,
  0xC0, 0x85, 0xD7, 0x60, 0x9C, 0x08, 0x5D, 0x76, 0x04, 0xC0, 0x45, 0x0C, 0xB0, 0xB7, 0x78, 0x27,
  0xED, 0x76, 0x83, 0x2B, 0xEB, 0x18, 0x0A, 0xE1, 0x00, 0xBC, 0x07, 0x77, 0x30, 0xEC, 0x00, 0x5C,
  0x0D, 0x77, 0x20, 0x4C, 0x0E, 0x20, 0xEC, 0x03, 0x77, 0x10, 0xAC, 0x09, 0x20, 0x8C, 0x09, 0x77,
  0x10, 0xEC, 0x03, 0x20, 0x2C, 0x0E, 0x77, 0x05, 0xC0, 0xD4, 0x0B, 0xC0, 0x57, 0x60, 0xAC, 0x07,
  0x40, 0x5C, 0x0B, 0x75, 0x01, 0xD0, 0x25, 0x0E, 0xC0, 0x17, 0x40, 0x6C, 0x0B, 0x60, 0x9C, 0x07,
  0x74, 0x0B, 0xC0, 0x56, 0x02, 0xC0, 0xD7, 0x30, 0x1C, 0x0E, 0x71, 0x0C, 0xC0, 0x37, 0x20, 0x7C,
  0x09, 0x71, 0x06, 0xC0, 0x97, 0x20, 0xCC, 0x04, 0x72, 0x0E, 0xB0, 0xE7, 0x10, 0x2C, 0x0D, 0x73,
  0x09, 0xC0, 0x57, 0x07, 0xC0, 0x77, 0x30, 0x3C, 0x0B, 0x70, 0xDC, 0x02, 0x74, 0x0C, 0xC0, 0x15,
  0x03, 0xC0, 0xB7, 0x50, 0x6C, 0x07, 0x50, 0x8C, 0x06, 0x76, 0x0E, 0xB0, 0xD5, 0x0D, 0xB0, 0xE7,
  0x70, 0x9C, 0x02, 0x30, 0x3C, 0x09, 0x77, 0x03, 0xC0, 0x83, 0x08, 0xC0, 0x47, 0x71, 0x0C, 0xB0,
  0xD3, 0x0D, 0xB0, 0xD7, 0x72, 0x06, 0xC8, 0x13, 0x03, 0xC0, 0x87, 0x72, 0x01, 0xC8, 0x18, 0x08,
  0xC0, 0x27, 0x73, 0x0A, 0xB8, 0x1C, 0x0C, 0xB0, 0xB7, 0x74, 0x03, 0xC0, 0x2C, 0x06, 0x77, 0x50,
  0xDB, 0x0B, 0xB0, 0xE7, 0x76, 0x07, 0xF0, 0xA7, 0x76, 0x01, 0xF0, 0x47, 0x77, 0x0A, 0xD0, 0xD7,
  0x77, 0x10, 0x4D, 0x08, 0x77, 0x72, 0x0E, 0xC0, 0x27, 0x77, 0x10, 0x3C, 0x0C, 0x77, 0x72, 0x09,
  0xC0, 0x67, 0x77, 0x20, 0xEC, 0x01, 0x77, 0x71, 0x06, 0xC0, 0xA7, 0x77, 0x20, 0xDC, 0x03, 0x77,
  0x71, 0x06, 0xC0, 0xC7, 0x77, 0x10, 0x20, 0xEC, 0x05, 0x77, 0x70, 0x20, 0xDC, 0x0C, 0x77, 0x18,
  0x52, 0x53, 0x22, 0x49, 0xE0, 0x27, 0x71, 0x06, 0xFC, 0x05, 0x77, 0x20, 0x6F, 0xB0, 0x77, 0x73,
  0x06, 0xF9, 0x0D, 0x05, 0x77, 0x48, 0x73, 0xBD, 0xEF, 0xED, 0xA5, 0x77, 0x60,
  // "Ā" (U+0100), RLE, 582 bytes saved (66.0%)
  0x72, 0x01, 0x80, 0x93, 0x20, 0x17, 0x75, 0x0B, 0xFF, 0x90, 0xD7, 0x75, 0x0B, 0xFF, 0x90, 0xD7,
  0x75, 0x0B, 0xFF, 0x90, 0xD7, 0x75, 0x0B, 0xFF, 0x90, 0xD8, 0x0A, 0x81, 0x00, 0x8C, 0x05, 0x77,
  0x77, 0x20, 0xEC, 0x0B, 0x77, 0x77, 0x10, 0x5E, 0x01, 0x77, 0x77, 0x0B, 0xE0, 0x77, 0x77, 0x60,
  0x1F, 0x0D, 0x77, 0x76, 0x07, 0xB0, 0xDC, 0x03, 0x77, 0x75, 0x0D, 0xB0, 0x80, 0xDB, 0x09, 0x77,
  0x74, 0x03, 0xC0, 0x40, 0x8B, 0x0E, 0x77, 0x74, 0x09, 0xC1, 0x04, 0xC0, 0x57, 0x77, 0x30, 0xEB,
  0x0B, 0x20, 0xEB, 0x0B, 0x77, 0x72, 0x05, 0xC0, 0x62, 0x09, 0xC0, 0x27, 0x77, 0x10, 0xBC, 0x01,
  0x20, 0x4C, 0x08, 0x77, 0x70, 0x2C, 0x0B, 0x40, 0xEB, 0x0D, 0x77, 0x70, 0x8C, 0x05, 0x40, 0x9C,
  0x04, 0x77, 0x60, 0xDB, 0x0E, 0x50, 0x3C, 0x0A, 0x77, 0x50, 0x4C, 0x09, 0x60, 0xDC, 0x01, 0x77,
  0x40, 0xAC, 0x04, 0x60, 0x7C, 0x06, 0x77, 0x30, 0x1C, 0x0D, 0x70, 0x2C, 0x0C, 0x77, 0x30, 0x6C,
  0x08, 0x71, 0x0C, 0xC0, 0x27, 0x72, 0x0C, 0xC0, 0x27, 0x10, 0x6C, 0x08, 0x77, 0x10, 0x2C, 0x0C,
  0x72, 0x01, 0xC0, 0xE7, 0x71, 0x08, 0xC0, 0x67, 0x30, 0xBC, 0x05, 0x77, 0x0E, 0xC0, 0x17, 0x30,
  0x5C, 0x0A, 0x76, 0x05, 0xC0, 0xB7, 0x50, 0xEC, 0x01, 0x75, 0x0B, 0xFF, 0xF9, 0x07, 0x74, 0x01,
  0xFF, 0xFA, 0x0D, 0x74, 0x07, 0xFF, 0xFB, 0x03, 0x73, 0x0D, 0xFF, 0xFB, 0x09, 0x72, 0x03, 0xC0,
  0xB8, 0x09, 0x32, 0x04, 0xC0, 0xE7, 0x20, 0x9C, 0x05, 0x77, 0x20, 0xCC, 0x05, 0x71, 0x0E, 0xB0,
  0xE7, 0x73, 0x06, 0xC0, 0xB7, 0x05, 0xC0, 0x97, 0x73, 0x01, 0xD0, 0x26, 0x0B, 0xC0, 0x37, 0x74,
  0x0A, 0xC0, 0x75, 0x02, 0xC0, 0xD7, 0x75, 0x04, 0xC0, 0xD5, 0x08, 0xC0, 0x77, 0x76, 0x0E, 0xC0,
  0x44, 0x0D, 0xC0, 0x27, 0x76, 0x08, 0xC0, 0x93, 0x04, 0xC0, 0xB7, 0x77, 0x02, 0xC0, 0xE3, 0x0A,
  0xC0, 0x67, 0x77, 0x10, 0xCC, 0x81, 0x60, 0x1C, 0x0E, 0x77, 0x72, 0x06, 0xC8, 0x1C, 0x06, 0xC0,
  0xA7, 0x77, 0x20, 0x1D, 0x02, 0x0C, 0xC0, 0x47, 0x77, 0x30, 0xAC, 0x08,
  // "ā" (U+0101), RLE, 279 bytes saved (55.8%)
  0x50, 0x18, 0x09, 0x32, 0x01, 0x71, 0x0B, 0xFF, 0x90, 0xD7, 0x10, 0xBF, 0xF9, 0x0D, 0x71, 0x0B,
  0xFF, 0x90, 0xD7, 0x10, 0xBF, 0xF9, 0x0D, 0x80, 0x9A, 0x40, 0x86, 0x24, 0x57, 0x76, 0x52, 0x77,
  0x81, 0x5A, 0xEF, 0x98, 0x1E, 0xA3, 0x71, 0x81, 0x18, 0xEF, 0xF0, 0x97, 0x0E, 0xFF, 0xB0, 0xB6,
  0x09, 0xE8, 0x3D, 0xBA, 0xAC, 0xF0, 0x75, 0x03, 0xB8, 0x1A, 0x41, 0x60, 0x70, 0xEC, 0x0E, 0x68,
  0x1A, 0x71, 0x73, 0x03, 0xD0, 0x57, 0x75, 0x09, 0xC0, 0x87, 0x75, 0x04, 0xC0, 0xB7, 0x76, 0xC0,
  0xC7, 0x76, 0xC0, 0xD7, 0x76, 0x0E, 0xB0, 0xD7, 0x76, 0x0E, 0xB0, 0xD7, 0x85, 0x15, 0x8A, 0xCD,
  0xEF, 0xB0, 0xD5, 0x04, 0x0B, 0xFF, 0xB0, 0xD3, 0x01, 0x0B, 0xFF, 0xD0, 0xD2, 0x02, 0x0D, 0xD8,
  0x3C, 0x85, 0x21, 0x6C, 0x0D, 0x20, 0xDC, 0x0D, 0x04, 0x74, 0xC8, 0x1D, 0x08, 0xC0, 0xD0, 0x17,
  0x5C, 0x81, 0xD0, 0xDC, 0x04, 0x76, 0xC0, 0xD0, 0x3C, 0x0E, 0x76, 0x01, 0xC0, 0xD0, 0x5C, 0x0B,
  0x76, 0x05, 0xC0, 0xD0, 0x6C, 0x0A, 0x76, 0x09, 0xC0, 0xD0, 0x5C, 0x0C, 0x75, 0x02, 0xD0, 0xD0,
  0x3D, 0x01, 0x74, 0x0C, 0xD0, 0xD1, 0xD0, 0x97, 0x20, 0x10, 0xBE, 0x81, 0xD0, 0xBD, 0x0A, 0x02,
  0x58, 0x12, 0x8E, 0xA0, 0xE0, 0xCB, 0x81, 0xD0, 0x3F, 0x83, 0xCA, 0xAB, 0xDD, 0x04, 0x07, 0xB0,
  0xD2, 0x07, 0xFF, 0x98, 0x15, 0x03, 0xB0, 0xD3, 0x07, 0xFD, 0x0E, 0x04, 0x3B, 0x0D, 0x48, 0x12,
  0x9E, 0xF8, 0x1E, 0x81, 0x40, 0xCA, 0x0D, 0x78, 0x53, 0x67, 0x76, 0x52, 0x74,
  // "Ă" (U+0102), RLE, 605 bytes saved (64.6%)
  0x72, 0x82, 0x57, 0x72, 0x73, 0x82, 0x37, 0x74, 0x77, 0x40, 0x9A, 0x07, 0x73, 0x0A, 0xA0, 0x77,
  0x74, 0x06, 0xA0, 0xE0, 0x17, 0x10, 0x5B, 0x03, 0x77, 0x40, 0x1B, 0x87, 0xE8, 0x43, 0x22, 0x46,
  0xBB, 0x0D, 0x77, 0x60, 0x8F, 0xF0, 0x47, 0x77, 0x0C, 0xFD, 0x07, 0x77, 0x72, 0x0A, 0xFA, 0x0E,
  0x05, 0x77, 0x74, 0x87, 0x38, 0xCE, 0xFE, 0xDA, 0x68, 0x0A, 0x85, 0x00, 0x8C, 0x05, 0x77, 0x77,
  0x20, 0xEC, 0x0B, 0x77, 0x77, 0x10, 0x5E, 0x01, 0x77, 0x77, 0x0B, 0xE0, 0x77, 0x77, 0x60, 0x1F,
  0x0D, 0x77, 0x76, 0x07, 0xB0, 0xDC, 0x03, 0x77, 0x75, 0x0D, 0xB0, 0x80, 0xDB, 0x09, 0x77, 0x74,
  0x03, 0xC0, 0x40, 0x8B, 0x0E, 0x77, 0x74, 0x09, 0xC1, 0x04, 0xC0, 0x57, 0x77, 0x30, 0xEB, 0x0B,
  0x20, 0xEB, 0x0B, 0x77, 0x72, 0x05, 0xC0, 0x62, 0x09, 0xC0, 0x27, 0x77, 0x10, 0xBC, 0x01, 0x20,
  0x4C, 0x08, 0x77, 0x70, 0x2C, 0x0B, 0x40, 0xEB, 0x0D, 0x77, 0x70, 0x8C, 0x05, 0x40, 0x9C, 0x04,
  0x77, 0x60, 0xDB, 0x0E, 0x50, 0x3C, 0x0A, 0x77, 0x50, 0x4C, 0x09, 0x60, 0xDC, 0x01, 0x77, 0x40,
  0xAC, 0x04, 0x60, 0x7C, 0x06, 0x77, 0x30, 0x1C, 0x0D, 0x70, 0x2C, 0x0C, 0x77, 0x30, 0x6C, 0x08,
  0x71, 0x0C, 0xC0, 0x27, 0x72, 0x0C, 0xC0, 0x27, 0x10, 0x6C, 0x08, 0x77, 0x10, 0x2C, 0x0C, 0x72,
  0x01, 0xC0, 0xE7, 0x71, 0x08, 0xC0, 0x67, 0x30, 0xBC, 0x05, 0x77, 0x0E, 0xC0, 0x17, 0x30, 0x5C,
  0x0A, 0x76, 0x05, 0xC0, 0xB7, 0x50, 0xEC, 0x01, 0x75, 0x0B, 0xFF, 0xF9, 0x07, 0x74, 0x01, 0xFF,
  0xFA, 0x0D, 0x74, 0x07, 0xFF, 0xFB, 0x03, 0x73, 0x0D, 0xFF, 0xFB, 0x09, 0x72, 0x03, 0xC0, 0xB8,
  0x09, 0x32, 0x04, 0xC0, 0xE7, 0x20, 0x9C, 0x05, 0x77, 0x20, 0xCC, 0x05, 0x71, 0x0E, 0xB0, 0xE7,
  0x73, 0x06, 0xC0, 0xB7, 0x05, 0xC0, 0x97, 0x73, 0x01, 0xD0, 0x26, 0x0B, 0xC0, 0x37, 0x74, 0x0A,
  0xC0, 0x75, 0x02, 0xC0, 0xD7, 0x75, 0x04, 0xC0, 0xD5, 0x08, 0xC0, 0x77, 0x76, 0x0E, 0xC0, 0x44,
  0x0D, 0xC0, 0x27, 0x76, 0x08, 0xC0, 0x93, 0x04, 0xC0, 0xB7, 0x77, 0x02, 0xC0, 0xE3, 0x0A, 0xC0,
  0x67, 0x77, 0x10, 0xCC, 0x81, 0x60, 0x1C, 0x0E, 0x77, 0x72, 0x06, 0xC8, 0x1C, 0x06, 0xC0, 0xA7,
  0x77, 0x20, 0x1D, 0x02, 0x0C, 0xC0, 0x47, 0x77, 0x30, 0xAC, 0x08,
  // "ă" (U+0103), RLE, 290 bytes saved (53.9%)
  0x58, 0x25, 0x77, 0x27, 0x38, 0x23, 0x77, 0x47, 0x09, 0xA0, 0x77, 0x30, 0xAA, 0x07, 0x70, 0x6A,
  0x0E, 0x01, 0x71, 0x05, 0xB0, 0x37, 0x01, 0xB8, 0x7E, 0x84, 0x32, 0x24, 0x6B, 0xB0, 0xD7, 0x20,
  0x8F, 0xF0, 0x47, 0x30, 0xCF, 0xD0, 0x77, 0x50, 0xAF, 0xA0, 0xE0, 0x57, 0x78, 0x73, 0x8C, 0xEF,
  0xED, 0xA6, 0x80, 0x9B, 0x00, 0x86, 0x24, 0x57, 0x76, 0x52, 0x77, 0x81, 0x5A, 0xEF, 0x98, 0x1E,
  0xA3, 0x71, 0x81, 0x18, 0xEF, 0xF0, 0x97, 0x0E, 0xFF, 0xB0, 0xB6, 0x09, 0xE8, 0x3D, 0xBA, 0xAC,
  0xF0, 0x75, 0x03, 0xB8, 0x1A, 0x41, 0x60, 0x70, 0xEC, 0x0E, 0x68, 0x1A, 0x71, 0x73, 0x03, 0xD0,
  0x57, 0x75, 0x09, 0xC0, 0x87, 0x75, 0x04, 0xC0, 0xB7, 0x76, 0xC0, 0xC7, 0x76, 0xC0, 0xD7, 0x76,
  0x0E, 0xB0, 0xD7, 0x76, 0x0E, 0xB0, 0xD7, 0x85, 0x15, 0x8A, 0xCD, 0xEF, 0xB0, 0xD5, 0x04, 0x0B,
  0xFF, 0xB0, 0xD3, 0x01, 0x0B, 0xFF, 0xD0, 0xD2, 0x02, 0x0D, 0xD8, 0x3C, 0x85, 0x21, 0x6C, 0x0D,
  0x20, 0xDC, 0x0D, 0x04, 0x74, 0xC8, 0x1D, 0x08, 0xC0, 0xD0, 0x17, 0x5C, 0x81, 0xD0, 0xDC, 0x04,
  0x76, 0xC0, 0xD0, 0x3C, 0x0E, 0x76, 0x01, 0xC0, 0xD0, 0x5C, 0x0B, 0x76, 0x05, 0xC0, 0xD0, 0x6C,
  0x0A, 0x76, 0x09, 0xC0, 0xD0, 0x5C, 0x0C, 0x75, 0x02, 0xD0, 0xD0, 0x3D, 0x01, 0x74, 0x0C, 0xD0,
  0xD1, 0xD0, 0x97, 0x20, 0x10, 0xBE, 0x81, 0xD0, 0xBD, 0x0A, 0x02, 0x58, 0x12, 0x8E, 0xA0, 0xE0,
  0xCB, 0x81, 0xD0, 0x3F, 0x83, 0xCA, 0xAB, 0xDD, 0x04, 0x07, 0xB0, 0xD2, 0x07, 0xFF, 0x98, 0x15,
  0x03, 0xB0, 0xD3, 0x07, 0xFD, 0x0E, 0x04, 0x3B, 0x0D, 0x48, 0x12, 0x9E, 0xF8, 0x1E, 0x81, 0x40,
  0xCA, 0x0D, 0x78, 0x53, 0x67, 0x76, 0x52, 0x74,
  // "Ą" (U+0104), RLE, 616 bytes saved (64.6%)
  0x77, 0x10, 0x8C, 0x05, 0x77, 0x77, 0x20, 0xEC, 0x0B, 0x77, 0x77, 0x10, 0x5E, 0x01, 0x77, 0x77,
  0x0B, 0xE0, 0x77, 0x77, 0x60, 0x1F, 0x0D, 0x77, 0x76, 0x07, 0xB0, 0xDC, 0x03, 0x77, 0x75, 0x0D,
  0xB0, 0x80, 0xDB, 0x09, 0x77, 0x74, 0x03, 0xC0, 0x40, 0x8B, 0x0E, 0x77, 0x74, 0x09, 0xC1, 0x04,
  0xC0, 0x57, 0x77, 0x30, 0xEB, 0x0B, 0x20, 0xEB, 0x0B, 0x77, 0x72, 0x05, 0xC0, 0x62, 0x09, 0xC0,
  0x27, 0x77, 0x10, 0xBC, 0x01, 0x20, 0x4C, 0x08, 0x77, 0x70, 0x2C, 0x0B, 0x40, 0xEB, 0x0D, 0x77,
  0x70, 0x8C, 0x05, 0x40, 0x9C, 0x04, 0x77, 0x60, 0xDB, 0x0E, 0x50, 0x3C, 0x0A, 0x77, 0x50, 0x4C,
  0x09, 0x60, 0xDC, 0x01, 0x77, 0x40, 0xAC, 0x04, 0x60, 0x7C, 0x06, 0x77, 0x30, 0x1C, 0x0D, 0x70,
  0x2C, 0x0C, 0x77, 0x30, 0x6C, 0x08, 0x71, 0x0C, 0xC0, 0x27, 0x72, 0x0C, 0xC0, 0x27, 0x10, 0x6C,
  0x08, 0x77, 0x10, 0x2C, 0x0C, 0x72, 0x01, 0xC0, 0xE7, 0x71, 0x08, 0xC0, 0x67, 0x30, 0xBC, 0x05,
  0x77, 0x0E, 0xC0, 0x17, 0x30, 0x5C, 0x0A, 0x76, 0x05, 0xC0, 0xB7, 0x50, 0xEC, 0x01, 0x75, 0x0B,
  0xFF, 0xF9, 0x07, 0x74, 0x01, 0xFF, 0xFA, 0x0D, 0x74, 0x07, 0xFF, 0xFB, 0x03, 0x73, 0x0D, 0xFF,
  0xFB, 0x09, 0x72, 0x03, 0xC0, 0xB8, 0x09, 0x32, 0x04, 0xC0, 0xE7, 0x20, 0x9C, 0x05, 0x77, 0x20,
  0xCC, 0x05, 0x71, 0x0E, 0xB0, 0xE7, 0x73, 0x06, 0xC0, 0xB7, 0x05, 0xC0, 0x97, 0x73, 0x01, 0xD0,
  0x26, 0x0B, 0xC0, 0x37, 0x74, 0x0A, 0xC0, 0x75, 0x02, 0xC0, 0xD7, 0x75, 0x04, 0xC0, 0xD5, 0x08,
  0xC0, 0x77, 0x76, 0x0E, 0xC0, 0x44, 0x0D, 0xC0, 0x27, 0x76, 0x08, 0xC0, 0x93, 0x04, 0xC0, 0xB7,
  0x77, 0x02, 0xC0, 0xE3, 0x0A, 0xC0, 0x67, 0x77, 0x10, 0xCC, 0x81, 0x60, 0x1C, 0x0E, 0x77, 0x72,
  0x06, 0xC8, 0x1C, 0x06, 0xC0, 0xA7, 0x77, 0x20, 0x1D, 0x02, 0x0C, 0xC0, 0x47, 0x77, 0x30, 0xEC,
  0x08, 0x77, 0x77, 0x10, 0x5B, 0x07, 0x77, 0x77, 0x20, 0x5B, 0x08, 0x77, 0x77, 0x20, 0x2B, 0x0B,
  0x77, 0x77, 0x30, 0xCB, 0x01, 0x77, 0x77, 0x20, 0x4B, 0x09, 0x77, 0x77, 0x30, 0x9B, 0x06, 0x77,
  0x77, 0x30, 0xBB, 0x04, 0x77, 0x77, 0x30, 0xBB, 0x07, 0x77, 0x77, 0x30, 0x8B, 0x0E, 0x04, 0x20,
  0x02, 0x77, 0x75, 0x02, 0xF9, 0x07, 0x77, 0x76, 0x06, 0xF0, 0x77, 0x77, 0x78, 0x13, 0xAD, 0xA8,
  0x1E, 0xB4,
  // "ą" (U+0105), RLE, 324 bytes saved (55.8%)
  0x73, 0x86, 0x24, 0x57, 0x76, 0x52, 0x77, 0x28, 0x15, 0xAE, 0xF9, 0x81, 0xEA, 0x37, 0x38, 0x11,
  0x8E, 0xFF, 0x09, 0x72, 0x0E, 0xFF, 0xB0, 0xB7, 0x10, 0x9E, 0x83, 0xDB, 0xAA, 0xCF, 0x07, 0x70,
  0x3B, 0x81, 0xA4, 0x16, 0x07, 0x0E, 0xC0, 0xE7, 0x18, 0x1A, 0x71, 0x73, 0x03, 0xD0, 0x57, 0x77,
  0x09, 0xC0, 0x87, 0x77, 0x04, 0xC0, 0xB7, 0x77, 0x1C, 0x0C, 0x77, 0x71, 0xC0, 0xD7, 0x77, 0x10,
  0xEB, 0x0D, 0x77, 0x71, 0x0E, 0xB0, 0xD7, 0x28, 0x51, 0x58, 0xAC, 0xDE, 0xFB, 0x0D, 0x70, 0x40,
  0xBF, 0xFB, 0x0D, 0x50, 0x10, 0xBF, 0xFD, 0x0D, 0x40, 0x20, 0xDD, 0x83, 0xC8, 0x52, 0x16, 0xC0,
  0xD4, 0x0D, 0xC0, 0xD0, 0x47, 0x4C, 0x0D, 0x30, 0x8C, 0x0D, 0x01, 0x75, 0xC0, 0xD3, 0x0D, 0xC0,
  0x47, 0x6C, 0x0D, 0x20, 0x3C, 0x0E, 0x76, 0x01, 0xC0, 0xD2, 0x05, 0xC0, 0xB7, 0x60, 0x5C, 0x0D,
  0x20, 0x6C, 0x0A, 0x76, 0x09, 0xC0, 0xD2, 0x05, 0xC0, 0xC7, 0x50, 0x2D, 0x0D, 0x20, 0x3D, 0x01,
  0x74, 0x0C, 0xD0, 0xD3, 0xD0, 0x97, 0x20, 0x10, 0xBE, 0x0D, 0x30, 0xBD, 0x0A, 0x02, 0x58, 0x12,
  0x8E, 0xA0, 0xE0, 0xCB, 0x0D, 0x30, 0x3F, 0x83, 0xCA, 0xAB, 0xDD, 0x04, 0x07, 0xB0, 0xD4, 0x07,
  0xFF, 0x98, 0x15, 0x03, 0xB0, 0xD5, 0x07, 0xFD, 0x0E, 0x04, 0x3B, 0x0D, 0x68, 0x12, 0x9E, 0xF8,
  0x1E, 0x81, 0x4C, 0x72, 0x85, 0x36, 0x77, 0x65, 0x26, 0x05, 0xB0, 0x77, 0x77, 0x05, 0xB0, 0x87,
  0x77, 0x02, 0xB0, 0xB7, 0x77, 0x10, 0xCB, 0x01, 0x77, 0x70, 0x4B, 0x09, 0x77, 0x71, 0x09, 0xB0,
  0x67, 0x77, 0x10, 0xBB, 0x04, 0x77, 0x71, 0x0B, 0xB0, 0x77, 0x77, 0x10, 0x8B, 0x0E, 0x04, 0x20,
  0x02, 0x77, 0x30, 0x2F, 0x90, 0x77, 0x74, 0x06, 0xF0, 0x77, 0x75, 0x81, 0x3A, 0xDA, 0x81, 0xEB,
  0x40,
  // "Ć" (U+0106), RLE, 551 bytes saved (65.8%)
  0x77, 0x60, 0xBD, 0x06, 0x77, 0x72, 0x04, 0xD0, 0xC7, 0x77, 0x30, 0xCC, 0x0D, 0x01, 0x77, 0x72,
  0x07, 0xC0, 0xE0, 0x37, 0x77, 0x20, 0x2C, 0x0E, 0x03, 0x77, 0x73, 0x0B, 0xC0, 0x47, 0x77, 0x30,
  0x6C, 0x05, 0x77, 0x73, 0x02, 0x0E, 0xA0, 0xE0, 0x47, 0x77, 0x40, 0xBA, 0x0D, 0x03, 0x80, 0x9A,
  0x40, 0x89, 0x01, 0x45, 0x67, 0x76, 0x53, 0x17, 0x74, 0x81, 0x5A, 0xEF, 0xB8, 0x2E, 0xA6, 0x27,
  0x48, 0x11, 0x8E, 0xFF, 0xB0, 0xB0, 0x47, 0x10, 0x50, 0xEF, 0xFE, 0x04, 0x70, 0x9F, 0x98, 0x5E,
  0xCA, 0xAB, 0xCE, 0xE0, 0xD7, 0x0B, 0xE8, 0x1D, 0x72, 0x78, 0x13, 0x7D, 0xB0, 0x76, 0x0B, 0xE0,
  0x77, 0x68, 0x25, 0xCE, 0x15, 0x08, 0xD0, 0xD0, 0x27, 0x72, 0x02, 0x50, 0x3D, 0x0D, 0x01, 0x77,
  0x72, 0x0C, 0xD0, 0x37, 0x77, 0x20, 0x5D, 0x08, 0x77, 0x73, 0x0B, 0xC0, 0xD7, 0x77, 0x30, 0x2D,
  0x07, 0x77, 0x73, 0x07, 0xD0, 0x17, 0x77, 0x30, 0xBC, 0x0A, 0x77, 0x74, 0x0E, 0xC0, 0x67, 0x77,
  0x30, 0x2D, 0x03, 0x77, 0x73, 0x04, 0xD7, 0x77, 0x40, 0x6C, 0x0E, 0x77, 0x74, 0x07, 0xC0, 0xD7,
  0x77, 0x40, 0x8C, 0x0C, 0x77, 0x74, 0x08, 0xC0, 0xB7, 0x77, 0x40, 0x8C, 0x0C, 0x77, 0x74, 0x07,
  0xC0, 0xD7, 0x77, 0x40, 0x6C, 0x0E, 0x77, 0x74, 0x05, 0xD7, 0x77, 0x40, 0x3D, 0x03, 0x77, 0x74,
  0xD0, 0x67, 0x77, 0x40, 0xCC, 0x09, 0x77, 0x74, 0x09, 0xC0, 0xE7, 0x77, 0x40, 0x4D, 0x05, 0x77,
  0x74, 0x0E, 0xC0, 0xB7, 0x77, 0x40, 0x8D, 0x05, 0x77, 0x73, 0x01, 0xD0, 0xE0, 0x17, 0x77, 0x30,
  0x8D, 0x0B, 0x77, 0x74, 0x0D, 0xD0, 0xB7, 0x77, 0x30, 0x3E, 0x0D, 0x04, 0x77, 0x10, 0x17, 0x05,
  0xF8, 0x1C, 0x61, 0x71, 0x84, 0x15, 0x9D, 0xF1, 0x70, 0x50, 0xEF, 0x98, 0x6D, 0xBA, 0xAA, 0xBC,
  0xED, 0x01, 0x71, 0x02, 0x0C, 0xFF, 0xE0, 0x17, 0x30, 0x60, 0xDF, 0xFC, 0x01, 0x75, 0x81, 0x49,
  0xEF, 0xC8, 0x2E, 0xB7, 0x27, 0x72, 0x89, 0x11, 0x45, 0x67, 0x77, 0x65, 0x31, 0x60,
  // "ć" (U+0107), RLE, 284 bytes saved (58.7%)
  0x77, 0x0B, 0xD0, 0x67, 0x70, 0x4D, 0x0C, 0x77, 0x10, 0xCC, 0x0D, 0x01, 0x77, 0x07, 0xC0, 0xE0,
  0x37, 0x70, 0x2C, 0x0E, 0x03, 0x77, 0x10, 0xBC, 0x04, 0x77, 0x10, 0x6C, 0x05, 0x77, 0x10, 0x20,
  0xEA, 0x0E, 0x04, 0x77, 0x20, 0xBA, 0x0D, 0x03, 0x80, 0x9A, 0x00, 0x86, 0x14, 0x67, 0x76, 0x53,
  0x74, 0x81, 0x28, 0xDF, 0xA8, 0x1C, 0x71, 0x50, 0x10, 0x9F, 0xF0, 0xD4, 0x03, 0x0D, 0xFF, 0x90,
  0x83, 0x03, 0x0E, 0xE8, 0x4E, 0xCA, 0xAB, 0xEC, 0x02, 0x20, 0x10, 0xDD, 0x0B, 0x03, 0x68, 0x23,
  0x7D, 0xC3, 0x0A, 0xD0, 0x67, 0x40, 0x12, 0x03, 0xD0, 0x67, 0x71, 0x0A, 0xC0, 0xC7, 0x72, 0xD0,
  0x47, 0x71, 0x04, 0xC0, 0xE7, 0x72, 0x07, 0xC0, 0xA7, 0x72, 0x0A, 0xC0, 0x77, 0x72, 0x0C, 0xC0,
  0x47, 0x72, 0x0D, 0xC0, 0x37, 0x72, 0x0D, 0xC0, 0x37, 0x72, 0x0E, 0xC0, 0x37, 0x72, 0x0D, 0xC0,
  0x37, 0x72, 0x0C, 0xC0, 0x47, 0x72, 0x0A, 0xC0, 0x77, 0x72, 0x08, 0xC0, 0x97, 0x72, 0x05, 0xC0,
  0xE7, 0x72, 0x01, 0xD0, 0x47, 0x72, 0x0B, 0xC0, 0xB7, 0x72, 0x04, 0xD0, 0x67, 0x72, 0x0B, 0xD0,
  0x57, 0x50, 0x22, 0x02, 0x0E, 0xD0, 0xA0, 0x37, 0x82, 0x48, 0xE8, 0x30, 0x5F, 0x84, 0xDB, 0xAA,
  0xBD, 0xC0, 0x84, 0x05, 0xFF, 0xA0, 0x85, 0x02, 0x0B, 0xFF, 0x08, 0x78, 0x13, 0x9E, 0xFA, 0x0B,
  0x06, 0x74, 0x86, 0x25, 0x67, 0x76, 0x53, 0x40,
  // "Ĉ" (U+0108), RLE, 537 bytes saved (64.2%)
  0x77, 0x10, 0x3D, 0x07, 0x77, 0x73, 0x0C, 0xD0, 0xE0, 0x27, 0x77, 0x10, 0x9F, 0x0C, 0x77, 0x70,
  0x6F, 0xA0, 0xA7, 0x75, 0x04, 0xC8, 0x1D, 0x3B, 0xC0, 0x87, 0x73, 0x02, 0x0E, 0xB0, 0xC0, 0x12,
  0x0A, 0xC0, 0x67, 0x71, 0x01, 0x0D, 0xB0, 0xC0, 0x14, 0x09, 0xC0, 0x57, 0x60, 0x10, 0xDB, 0x09,
  0x70, 0x6C, 0x04, 0x75, 0x0A, 0xA0, 0xE0, 0x57, 0x20, 0x30, 0xCB, 0x01, 0x80, 0x99, 0x30, 0x89,
  0x01, 0x45, 0x67, 0x76, 0x53, 0x17, 0x74, 0x81, 0x5A, 0xEF, 0xB8, 0x2E, 0xA6, 0x27, 0x48, 0x11,
  0x8E, 0xFF, 0xB0, 0xB0, 0x47, 0x10, 0x50, 0xEF, 0xFE, 0x04, 0x70, 0x9F, 0x98, 0x5E, 0xCA, 0xAB,
  0xCE, 0xE0, 0xD7, 0x0B, 0xE8, 0x1D, 0x72, 0x78, 0x13, 0x7D, 0xB0, 0x76, 0x0B, 0xE0, 0x77, 0x68,
  0x25, 0xCE, 0x15, 0x08, 0xD0, 0xD0, 0x27, 0x72, 0x02, 0x50, 0x3D, 0x0D, 0x01, 0x77, 0x72, 0x0C,
  0xD0, 0x37, 0x77, 0x20, 0x5D, 0x08, 0x77, 0x73, 0x0B, 0xC0, 0xD7, 0x77, 0x30, 0x2D, 0x07, 0x77,
  0x73, 0x07, 0xD0, 0x17, 0x77, 0x30, 0xBC, 0x0A, 0x77, 0x74, 0x0E, 0xC0, 0x67, 0x77, 0x30, 0x2D,
  0x03, 0x77, 0x73, 0x04, 0xD7, 0x77, 0x40, 0x6C, 0x0E, 0x77, 0x74, 0x07, 0xC0, 0xD7, 0x77, 0x40,
  0x8C, 0x0C, 0x77, 0x74, 0x08, 0xC0, 0xB7, 0x77, 0x40, 0x8C, 0x0C, 0x77, 0x74, 0x07, 0xC0, 0xD7,
  0x77, 0x40, 0x6C, 0x0E, 0x77, 0x74, 0x05, 0xD7, 0x77, 0x40, 0x3D, 0x03, 0x77, 0x74, 0xD0, 0x67,
  0x77, 0x40, 0xCC, 0x09, 0x77, 0x74, 0x09, 0xC0, 0xE7, 0x77, 0x40, 0x4D, 0x05, 0x77, 0x74, 0x0E,
  0xC0, 0xB7, 0x77, 0x40, 0x8D, 0x05, 0x77, 0x73, 0x01, 0xD0, 0xE0, 0x17, 0x77, 0x30, 0x8D, 0x0B,
  0x77, 0x74, 0x0D, 0xD0, 0xB7, 0x77, 0x30, 0x3E, 0x0D, 0x04, 0x77, 0x10, 0x17, 0x05, 0xF8, 0x1C,
  0x61, 0x71, 0x84, 0x15, 0x9D, 0xF1, 0x70, 0x50, 0xEF, 0x98, 0x6D, 0xBA, 0xAA, 0xBC, 0xED, 0x01,
  0x71, 0x02, 0x0C, 0xFF, 0xE0, 0x17, 0x30, 0x60, 0xDF, 0xFC, 0x01, 0x75, 0x81, 0x49, 0xEF, 0xC8,
  0x2E, 0xB7, 0x27, 0x72, 0x89, 0x11, 0x45, 0x67, 0x77, 0x65, 0x31, 0x60,
  // "ĉ" (U+0109), RLE, 291 bytes saved (57.5%)
  0x72, 0x03, 0xD0, 0x77, 0x72, 0x0C, 0xD0, 0xE0, 0x27, 0x70, 0x9F, 0x0C, 0x76, 0x06, 0xFA, 0x0A,
  0x74, 0x04, 0xC8, 0x1D, 0x3B, 0xC0, 0x87, 0x20, 0x20, 0xEB, 0x0C, 0x01, 0x20, 0xAC, 0x06, 0x70,
  0x10, 0xDB, 0x0C, 0x01, 0x40, 0x9C, 0x05, 0x50, 0x10, 0xDB, 0x09, 0x70, 0x6C, 0x04, 0x40, 0xAA,
  0x0E, 0x05, 0x72, 0x03, 0x0C, 0xB0, 0x18, 0x09, 0x93, 0x08, 0x61, 0x46, 0x77, 0x65, 0x37, 0x58,
  0x12, 0x8D, 0xFA, 0x81, 0xC7, 0x16, 0x01, 0x09, 0xFF, 0x0D, 0x50, 0x30, 0xDF, 0xF9, 0x08, 0x40,
  0x30, 0xEE, 0x84, 0xEC, 0xAA, 0xBE, 0xC0, 0x23, 0x01, 0x0D, 0xD0, 0xB0, 0x36, 0x82, 0x37, 0xDC,
  0x40, 0xAD, 0x06, 0x74, 0x01, 0x30, 0x3D, 0x06, 0x77, 0x20, 0xAC, 0x0C, 0x77, 0x3D, 0x04, 0x77,
  0x20, 0x4C, 0x0E, 0x77, 0x30, 0x7C, 0x0A, 0x77, 0x30, 0xAC, 0x07, 0x77, 0x30, 0xCC, 0x04, 0x77,
  0x30, 0xDC, 0x03, 0x77, 0x30, 0xDC, 0x03, 0x77, 0x30, 0xEC, 0x03, 0x77, 0x30, 0xDC, 0x03, 0x77,
  0x30, 0xCC, 0x04, 0x77, 0x30, 0xAC, 0x07, 0x77, 0x30, 0x8C, 0x09, 0x77, 0x30, 0x5C, 0x0E, 0x77,
  0x30, 0x1D, 0x04, 0x77, 0x30, 0xBC, 0x0B, 0x77, 0x30, 0x4D, 0x06, 0x77, 0x30, 0xBD, 0x05, 0x75,
  0x02, 0x30, 0x20, 0xED, 0x0A, 0x03, 0x78, 0x24, 0x8E, 0x84, 0x05, 0xF8, 0x4D, 0xBA, 0xAB, 0xDC,
  0x08, 0x50, 0x5F, 0xFA, 0x08, 0x60, 0x20, 0xBF, 0xF0, 0x87, 0x18, 0x13, 0x9E, 0xFA, 0x0B, 0x06,
  0x75, 0x86, 0x25, 0x67, 0x76, 0x53, 0x50,
  // "Ċ" (U+010A), RLE, 538 bytes saved (66.7%)
  0x77, 0x28, 0x37, 0xDE, 0x91, 0x77, 0x74, 0x06, 0xC0, 0xA7, 0x77, 0x40, 0xAC, 0x0E, 0x77, 0x74,
  0x0A, 0xC0, 0xE7, 0x77, 0x40, 0x6C, 0x09, 0x77, 0x75, 0x83, 0x7D, 0xE9, 0x18, 0x09, 0xE2, 0x08,
  0x90, 0x14, 0x56, 0x77, 0x65, 0x31, 0x77, 0x48, 0x15, 0xAE, 0xFB, 0x82, 0xEA, 0x62, 0x74, 0x81,
  0x18, 0xEF, 0xFB, 0x0B, 0x04, 0x71, 0x05, 0x0E, 0xFF, 0xE0, 0x47, 0x09, 0xF9, 0x85, 0xEC, 0xAA,
  0xBC, 0xEE, 0x0D, 0x70, 0xBE, 0x81, 0xD7, 0x27, 0x81, 0x37, 0xDB, 0x07, 0x60, 0xBE, 0x07, 0x76,
  0x82, 0x5C, 0xE1, 0x50, 0x8D, 0x0D, 0x02, 0x77, 0x20, 0x25, 0x03, 0xD0, 0xD0, 0x17, 0x77, 0x20,
  0xCD, 0x03, 0x77, 0x72, 0x05, 0xD0, 0x87, 0x77, 0x30, 0xBC, 0x0D, 0x77, 0x73, 0x02, 0xD0, 0x77,
  0x77, 0x30, 0x7D, 0x01, 0x77, 0x73, 0x0B, 0xC0, 0xA7, 0x77, 0x40, 0xEC, 0x06, 0x77, 0x73, 0x02,
  0xD0, 0x37, 0x77, 0x30, 0x4D, 0x77, 0x74, 0x06, 0xC0, 0xE7, 0x77, 0x40, 0x7C, 0x0D, 0x77, 0x74,
  0x08, 0xC0, 0xC7, 0x77, 0x40, 0x8C, 0x0B, 0x77, 0x74, 0x08, 0xC0, 0xC7, 0x77, 0x40, 0x7C, 0x0D,
  0x77, 0x74, 0x06, 0xC0, 0xE7, 0x77, 0x40, 0x5D, 0x77, 0x74, 0x03, 0xD0, 0x37, 0x77, 0x4D, 0x06,
  0x77, 0x74, 0x0C, 0xC0, 0x97, 0x77, 0x40, 0x9C, 0x0E, 0x77, 0x74, 0x04, 0xD0, 0x57, 0x77, 0x40,
  0xEC, 0x0B, 0x77, 0x74, 0x08, 0xD0, 0x57, 0x77, 0x30, 0x1D, 0x0E, 0x01, 0x77, 0x73, 0x08, 0xD0,
  0xB7, 0x77, 0x40, 0xDD, 0x0B, 0x77, 0x73, 0x03, 0xE0, 0xD0, 0x47, 0x71, 0x01, 0x70, 0x5F, 0x81,
  0xC6, 0x17, 0x18, 0x41, 0x59, 0xDF, 0x17, 0x05, 0x0E, 0xF9, 0x86, 0xDB, 0xAA, 0xAB, 0xCE, 0xD0,
  0x17, 0x10, 0x20, 0xCF, 0xFE, 0x01, 0x73, 0x06, 0x0D, 0xFF, 0xC0, 0x17, 0x58, 0x14, 0x9E, 0xFC,
  0x82, 0xEB, 0x72, 0x77, 0x28, 0x91, 0x14, 0x56, 0x77, 0x76, 0x53, 0x16,
  // "ċ" (U+010B), RLE, 277 bytes saved (60.0%)
  0x74, 0x83, 0x7D, 0xE9, 0x17, 0x72, 0x06, 0xC0, 0xA7, 0x72, 0x0A, 0xC0, 0xE7, 0x72, 0x0A, 0xC0,
  0xE7, 0x72, 0x06, 0xC0, 0x97, 0x73, 0x83, 0x7D, 0xE9, 0x18, 0x09, 0xC4, 0x08, 0x61, 0x46, 0x77,
  0x65, 0x37, 0x48, 0x12, 0x8D, 0xFA, 0x81, 0xC7, 0x15, 0x01, 0x09, 0xFF, 0x0D, 0x40, 0x30, 0xDF,
  0xF9, 0x08, 0x30, 0x30, 0xEE, 0x84, 0xEC, 0xAA, 0xBE, 0xC0, 0x22, 0x01, 0x0D, 0xD0, 0xB0, 0x36,
  0x82, 0x37, 0xDC, 0x30, 0xAD, 0x06, 0x74, 0x01, 0x20, 0x3D, 0x06, 0x77, 0x10, 0xAC, 0x0C, 0x77,
  0x2D, 0x04, 0x77, 0x10, 0x4C, 0x0E, 0x77, 0x20, 0x7C, 0x0A, 0x77, 0x20, 0xAC, 0x07, 0x77, 0x20,
  0xCC, 0x04, 0x77, 0x20, 0xDC, 0x03, 0x77, 0x20, 0xDC, 0x03, 0x77, 0x20, 0xEC, 0x03, 0x77, 0x20,
  0xDC, 0x03, 0x77, 0x20, 0xCC, 0x04, 0x77, 0x20, 0xAC, 0x07, 0x77, 0x20, 0x8C, 0x09, 0x77, 0x20,
  0x5C, 0x0E, 0x77, 0x20, 0x1D, 0x04, 0x77, 0x20, 0xBC, 0x0B, 0x77, 0x20, 0x4D, 0x06, 0x77, 0x20,
  0xBD, 0x05, 0x75, 0x02, 0x20, 0x20, 0xED, 0x0A, 0x03, 0x78, 0x24, 0x8E, 0x83, 0x05, 0xF8, 0x4D,
  0xBA, 0xAB, 0xDC, 0x08, 0x40, 0x5F, 0xFA, 0x08, 0x50, 0x20, 0xBF, 0xF0, 0x87, 0x81, 0x39, 0xEF,
  0xA0, 0xB0, 0x67, 0x48, 0x62, 0x56, 0x77, 0x65, 0x34,
  // "Č" (U+010C), RLE, 539 bytes saved (64.4%)
  0x72, 0x0B, 0xA0, 0xE0, 0x57, 0x20, 0x20, 0xCB, 0x02, 0x74, 0x02, 0x0E, 0xB0, 0x97, 0x05, 0xC0,
  0x77, 0x60, 0x30, 0xEB, 0x0B, 0x50, 0x8C, 0x07, 0x77, 0x10, 0x3C, 0x0C, 0x01, 0x20, 0x9C, 0x08,
  0x77, 0x30, 0x5C, 0x81, 0xC1, 0xAC, 0x0A, 0x77, 0x50, 0x7C, 0x0E, 0xC0, 0xB7, 0x77, 0x09, 0xF0,
  0xD7, 0x77, 0x20, 0xCD, 0x0E, 0x02, 0x77, 0x72, 0x03, 0xD0, 0x78, 0x09, 0xA2, 0x08, 0x90, 0x14,
  0x56, 0x77, 0x65, 0x31, 0x77, 0x48, 0x15, 0xAE, 0xFB, 0x82, 0xEA, 0x62, 0x74, 0x81, 0x18, 0xEF,
  0xFB, 0x0B, 0x04, 0x71, 0x05, 0x0E, 0xFF, 0xE0, 0x47, 0x09, 0xF9, 0x85, 0xEC, 0xAA, 0xBC, 0xEE,
  0x0D, 0x70, 0xBE, 0x81, 0xD7, 0x27, 0x81, 0x37, 0xDB, 0x07, 0x60, 0xBE, 0x07, 0x76, 0x82, 0x5C,
  0xE1, 0x50, 0x8D, 0x0D, 0x02, 0x77, 0x20, 0x25, 0x03, 0xD0, 0xD0, 0x17, 0x77, 0x20, 0xCD, 0x03,
  0x77, 0x72, 0x05, 0xD0, 0x87, 0x77, 0x30, 0xBC, 0x0D, 0x77, 0x73, 0x02, 0xD0, 0x77, 0x77, 0x30,
  0x7D, 0x01, 0x77, 0x73, 0x0B, 0xC0, 0xA7, 0x77, 0x40, 0xEC, 0x06, 0x77, 0x73, 0x02, 0xD0, 0x37,
  0x77, 0x30, 0x4D, 0x77, 0x74, 0x06, 0xC0, 0xE7, 0x77, 0x40, 0x7C, 0x0D, 0x77, 0x74, 0x08, 0xC0,
  0xC7, 0x77, 0x40, 0x8C, 0x0B, 0x77, 0x74, 0x08, 0xC0, 0xC7, 0x77, 0x40, 0x7C, 0x0D, 0x77, 0x74,
  0x06, 0xC0, 0xE7, 0x77, 0x40, 0x5D, 0x77, 0x74, 0x03, 0xD0, 0x37, 0x77, 0x4D, 0x06, 0x77, 0x74,
  0x0C, 0xC0, 0x97, 0x77, 0x40, 0x9C, 0x0E, 0x77, 0x74, 0x04, 0xD0, 0x57, 0x77, 0x40, 0xEC, 0x0B,
  0x77, 0x74, 0x08, 0xD0, 0x57, 0x77, 0x30, 0x1D, 0x0E, 0x01, 0x77, 0x73, 0x08, 0xD0, 0xB7, 0x77,
  0x40, 0xDD, 0x0B, 0x77, 0x73, 0x03, 0xE0, 0xD0, 0x47, 0x71, 0x01, 0x70, 0x5F, 0x81, 0xC6, 0x17,
  0x18, 0x41, 0x59, 0xDF, 0x17, 0x05, 0x0E, 0xF9, 0x86, 0xDB, 0xAA, 0xAB, 0xCE, 0xD0, 0x17, 0x10,
  0x20, 0xCF, 0xFE, 0x01, 0x73, 0x06, 0x0D, 0xFF, 0xC0, 0x17, 0x58, 0x14, 0x9E, 0xFC, 0x82, 0xEB,
  0x72, 0x77, 0x28, 0x91, 0x14, 0x56, 0x77, 0x76, 0x53, 0x16,
  // "č" (U+010D), RLE, 292 bytes saved (57.7%)
  0x30, 0xBA, 0x0E, 0x05, 0x72, 0x02, 0x0C, 0xB0, 0x23, 0x02, 0x0E, 0xB0, 0x97, 0x05, 0xC0, 0x75,
  0x03, 0x0E, 0xB0, 0xB5, 0x08, 0xC0, 0x77, 0x03, 0xC0, 0xC0, 0x12, 0x09, 0xC0, 0x87, 0x20, 0x5C,
  0x81, 0xC1, 0xAC, 0x0A, 0x74, 0x07, 0xC0, 0xEC, 0x0B, 0x76, 0x09, 0xF0, 0xD7, 0x71, 0x0C, 0xD0,
  0xE0, 0x27, 0x71, 0x03, 0xD0, 0x78, 0x09, 0xA2, 0x08, 0x61, 0x46, 0x77, 0x65, 0x37, 0x58, 0x12,
  0x8D, 0xFA, 0x81, 0xC7, 0x16, 0x01, 0x09, 0xFF, 0x0D, 0x50, 0x30, 0xDF, 0xF9, 0x08, 0x40, 0x30,
  0xEE, 0x84, 0xEC, 0xAA, 0xBE, 0xC0, 0x23, 0x01, 0x0D, 0xD0, 0xB0, 0x36, 0x82, 0x37, 0xDC, 0x40,
  0xAD, 0x06, 0x74, 0x01, 0x30, 0x3D, 0x06, 0x77, 0x20, 0xAC, 0x0C, 0x77, 0x3D, 0x04, 0x77, 0x20,
  0x4C, 0x0E, 0x77, 0x30, 0x7C, 0x0A, 0x77, 0x30, 0xAC, 0x07, 0x77, 0x30, 0xCC, 0x04, 0x77, 0x30,
  0xDC, 0x03, 0x77, 0x30, 0xDC, 0x03, 0x77, 0x30, 0xEC, 0x03, 0x77, 0x30, 0xDC, 0x03, 0x77, 0x30,
  0xCC, 0x04, 0x77, 0x30, 0xAC, 0x07, 0x77, 0x30, 0x8C, 0x09, 0x77, 0x30, 0x5C, 0x0E, 0x77, 0x30,
  0x1D, 0x04, 0x77, 0x30, 0xBC, 0x0B, 0x77, 0x30, 0x4D, 0x06, 0x77, 0x30, 0xBD, 0x05, 0x75, 0x02,
  0x30, 0x20, 0xED, 0x0A, 0x03, 0x78, 0x24, 0x8E, 0x84, 0x05, 0xF8, 0x4D, 0xBA, 0xAB, 0xDC, 0x08,
  0x50, 0x5F, 0xFA, 0x08, 0x60, 0x20, 0xBF, 0xF0, 0x87, 0x18, 0x13, 0x9E, 0xFA, 0x0B, 0x06, 0x75,
  0x86, 0x25, 0x67, 0x76, 0x53, 0x50,
  // "Ď" (U+010E), RLE, 528 bytes saved (60.3%)
  0x60, 0xBA, 0x0E, 0x05, 0x72, 0x02, 0x0C, 0xB0, 0x27, 0x60, 0x20, 0xEB, 0x09, 0x70, 0x5C, 0x07,
  0x77, 0x10, 0x30, 0xEB, 0x0B, 0x50, 0x8C, 0x07, 0x77, 0x30, 0x3C, 0x0C, 0x01, 0x20, 0x9C, 0x08,
  0x77, 0x50, 0x5C, 0x81, 0xC1, 0xAC, 0x0A, 0x77, 0x70, 0x7C, 0x0E, 0xC0, 0xB7, 0x77, 0x20, 0x9F,
  0x0D, 0x77, 0x74, 0x0C, 0xD0, 0xE0, 0x27, 0x77, 0x40, 0x3D, 0x07, 0x80, 0x9D, 0x50, 0x08, 0xFD,
  0x85, 0xEE, 0xDB, 0x85, 0x17, 0x60, 0x8F, 0xFD, 0x0C, 0x06, 0x74, 0x08, 0xFF, 0xF0, 0xE0, 0x87,
  0x20, 0x8F, 0xFF, 0xA0, 0xD0, 0x37, 0x08, 0xC0, 0x88, 0x03, 0x28, 0x33, 0x56, 0xAD, 0xF9, 0x06,
  0x60, 0x8C, 0x07, 0x75, 0x02, 0x09, 0xF0, 0x75, 0x08, 0xC0, 0x77, 0x70, 0x10, 0xBE, 0x05, 0x40,
  0x8C, 0x07, 0x77, 0x20, 0x7D, 0x0E, 0x01, 0x30, 0x8C, 0x07, 0x77, 0x30, 0x6D, 0x0A, 0x30, 0x8C,
  0x07, 0x77, 0x40, 0x9D, 0x03, 0x20, 0x8C, 0x07, 0x77, 0x50, 0xEC, 0x0A, 0x20, 0x8C, 0x07, 0x77,
  0x50, 0x7D, 0x81, 0x10, 0x8C, 0x07, 0x77, 0x50, 0x1D, 0x81, 0x60, 0x8C, 0x07, 0x77, 0x60, 0xBC,
  0x81, 0xB0, 0x8C, 0x07, 0x77, 0x60, 0x7C, 0x81, 0xE0, 0x8C, 0x07, 0x77, 0x60, 0x4D, 0x01, 0x08,
  0xC0, 0x77, 0x76, 0x01, 0xD0, 0x30, 0x8C, 0x07, 0x77, 0x7D, 0x05, 0x08, 0xC0, 0x77, 0x77, 0x0E,
  0xC0, 0x60, 0x8C, 0x07, 0x77, 0x70, 0xDC, 0x06, 0x08, 0xC0, 0x77, 0x77, 0x0D, 0xC0, 0x70, 0x8C,
  0x07, 0x77, 0x70, 0xEC, 0x06, 0x08, 0xC0, 0x77, 0x77, 0x0E, 0xC0, 0x50, 0x8C, 0x07, 0x77, 0x7D,
  0x04, 0x08, 0xC0, 0x77, 0x76, 0x02, 0xD0, 0x20, 0x8C, 0x07, 0x77, 0x60, 0x5D, 0x10, 0x8C, 0x07,
  0x77, 0x60, 0x9C, 0x81, 0xC0, 0x8C, 0x07, 0x77, 0x60, 0xDC, 0x81, 0x90, 0x8C, 0x07, 0x77, 0x50,
  0x3D, 0x81, 0x40, 0x8C, 0x07, 0x77, 0x50, 0xAC, 0x0E, 0x20, 0x8C, 0x07, 0x77, 0x40, 0x3D, 0x08,
  0x20, 0x8C, 0x07, 0x77, 0x40, 0xDD, 0x01, 0x20, 0x8C, 0x07, 0x77, 0x30, 0xBD, 0x08, 0x30, 0x8C,
  0x07, 0x77, 0x10, 0x10, 0xBD, 0x0C, 0x40, 0x8C, 0x07, 0x77, 0x04, 0x0D, 0xD0, 0xE0, 0x24, 0x08,
  0xC0, 0x77, 0x50, 0x50, 0xCE, 0x0E, 0x03, 0x50, 0x8C, 0x08, 0x80, 0x32, 0x82, 0x45, 0x8B, 0xF9,
  0x0D, 0x02, 0x60, 0x8F, 0xFF, 0xA0, 0xA0, 0x17, 0x08, 0xFF, 0xF0, 0xC0, 0x47, 0x20, 0x8F, 0xFC,
  0x81, 0xE9, 0x37, 0x40, 0x8F, 0xD8, 0x4E, 0xDB, 0x96, 0x37, 0x70,
  // "ď" (U+010F), RLE, 452 bytes saved (57.1%)
  0x77, 0x70, 0x3C, 0x0A, 0x30, 0x6C, 0x07, 0x77, 0x70, 0x3C, 0x0A, 0x30, 0x8C, 0x03, 0x77, 0x70,
  0x3C, 0x0A, 0x30, 0xBB, 0x0D, 0x77, 0x71, 0x03, 0xC0, 0xA3, 0x0E, 0xB0, 0x67, 0x77, 0x10, 0x3C,
  0x0A, 0x20, 0x2B, 0x0E, 0x77, 0x72, 0x03, 0xC0, 0xA2, 0x05, 0xB0, 0x77, 0x77, 0x20, 0x3C, 0x0A,
  0x20, 0x9A, 0x0E, 0x01, 0x77, 0x72, 0x03, 0xC0, 0xA2, 0x0E, 0xA0, 0x67, 0x77, 0x30, 0x3C, 0x81,
  0xA0, 0x2A, 0x0C, 0x77, 0x74, 0x03, 0xC0, 0xA7, 0x77, 0x72, 0x03, 0xC0, 0xA7, 0x77, 0x72, 0x03,
  0xC0, 0xA7, 0x74, 0x85, 0x24, 0x67, 0x65, 0x25, 0x03, 0xC0, 0xA7, 0x71, 0x81, 0x18, 0xDF, 0x0D,
  0x07, 0x30, 0x3C, 0x0A, 0x77, 0x05, 0x0E, 0xFC, 0x82, 0xC2, 0x02, 0xC0, 0xA7, 0x60, 0x8F, 0xF0,
  0xE0, 0x41, 0xC0, 0xA7, 0x50, 0x8F, 0x83, 0xCB, 0xAB, 0xDC, 0x81, 0xE3, 0xEB, 0x0A, 0x74, 0x03,
  0xE0, 0x80, 0x15, 0x02, 0x07, 0xB0, 0xEC, 0x0A, 0x74, 0x0D, 0xD0, 0x47, 0x20, 0x20, 0xDE, 0x0A,
  0x73, 0x05, 0xD0, 0x67, 0x40, 0x3E, 0x0A, 0x73, 0x0B, 0xC0, 0xC7, 0x60, 0x9D, 0x0A, 0x72, 0x01,
  0xD0, 0x47, 0x60, 0x2D, 0x0A, 0x72, 0x04, 0xC0, 0xE7, 0x71, 0x0D, 0xC0, 0xA7, 0x20, 0x8C, 0x0A,
  0x77, 0x10, 0x9C, 0x0A, 0x72, 0x0A, 0xC0, 0x77, 0x71, 0x07, 0xC0, 0xA7, 0x20, 0xCC, 0x05, 0x77,
  0x10, 0x4C, 0x0A, 0x72, 0x0C, 0xC0, 0x37, 0x71, 0x04, 0xC0, 0xA7, 0x20, 0xDC, 0x03, 0x77, 0x10,
  0x3C, 0x0A, 0x72, 0x0D, 0xC0, 0x27, 0x71, 0x02, 0xC0, 0xA7, 0x20, 0xDC, 0x03, 0x77, 0x10, 0x3C,
  0x0A, 0x72, 0x0C, 0xC0, 0x47, 0x71, 0x04, 0xC0, 0xA7, 0x20, 0xBC, 0x06, 0x77, 0x10, 0x5C, 0x0A,
  0x72, 0x08, 0xC0, 0x97, 0x71, 0x07, 0xC0, 0xA7, 0x20, 0x5C, 0x0D, 0x77, 0x10, 0xAC, 0x0A, 0x72,
  0x02, 0xD0, 0x27, 0x70, 0xEC, 0x0A, 0x73, 0x0C, 0xC0, 0xA7, 0x60, 0x6D, 0x0A, 0x73, 0x06, 0xD0,
  0x47, 0x40, 0x10, 0xED, 0x0A, 0x74, 0x0E, 0xC0, 0xE0, 0x37, 0x20, 0x10, 0xCE, 0x0A, 0x74, 0x05,
  0xE0, 0x70, 0x15, 0x81, 0x16, 0xEA, 0x0E, 0xC0, 0xA7, 0x50, 0x9F, 0x83, 0xCA, 0xAB, 0xDD, 0x03,
  0x0E, 0xB0, 0xA7, 0x60, 0x9F, 0xF9, 0x81, 0x40, 0xBB, 0x0A, 0x77, 0x06, 0x0E, 0xFC, 0x0D, 0x02,
  0x20, 0x8B, 0x0A, 0x77, 0x18, 0x11, 0x8D, 0xF0, 0xD0, 0x74, 0x06, 0xB0, 0xA7, 0x74, 0x85, 0x25,
  0x67, 0x75, 0x27, 0x76,
  // "Đ" (U+0110), RLE, 459 bytes saved (60.5%)
  0x40, 0x2F, 0xD8, 0x5E, 0xED, 0xB8, 0x51, 0x77, 0x30, 0x2F, 0xFD, 0x0C, 0x06, 0x77, 0x10, 0x2F,
  0xFF, 0x0E, 0x07, 0x76, 0x02, 0xFF, 0xFA, 0x0D, 0x03, 0x74, 0x02, 0xC0, 0xD8, 0x03, 0x28, 0x33,
  0x56, 0xAD, 0xF9, 0x05, 0x73, 0x02, 0xC0, 0xD7, 0x50, 0x20, 0x9F, 0x06, 0x72, 0x02, 0xC0, 0xD7,
  0x70, 0x10, 0xBE, 0x04, 0x71, 0x02, 0xC0, 0xD7, 0x72, 0x08, 0xD0, 0xE0, 0x17, 0x02, 0xC0, 0xD7,
  0x73, 0x06, 0xD0, 0xA7, 0x02, 0xC0, 0xD7, 0x74, 0x09, 0xD0, 0x36, 0x02, 0xC0, 0xD7, 0x75, 0x0E,
  0xC0, 0xA6, 0x02, 0xC0, 0xD7, 0x75, 0x07, 0xD0, 0x15, 0x02, 0xC0, 0xD7, 0x75, 0x01, 0xD0, 0x65,
  0x02, 0xC0, 0xD7, 0x76, 0x0B, 0xC0, 0xA5, 0x02, 0xC0, 0xD7, 0x76, 0x07, 0xC0, 0xE5, 0x02, 0xC0,
  0xD7, 0x76, 0x04, 0xD0, 0x14, 0x02, 0xC0, 0xD7, 0x76, 0x01, 0xD0, 0x34, 0x02, 0xC0, 0xD7, 0x77,
  0xD8, 0x45, 0x02, 0x22, 0x4C, 0x0D, 0x80, 0x52, 0x01, 0x74, 0x0E, 0xC0, 0x60, 0x4F, 0xFC, 0x0C,
  0x74, 0x0D, 0xC0, 0x60, 0x4F, 0xFC, 0x0C, 0x74, 0x0D, 0xC0, 0x70, 0x4F, 0xFC, 0x0C, 0x74, 0x0E,
  0xC0, 0x60, 0x4F, 0xFC, 0x0C, 0x74, 0x0E, 0xC0, 0x54, 0x02, 0xC0, 0xD7, 0x77, 0xD0, 0x44, 0x02,
  0xC0, 0xD7, 0x76, 0x02, 0xD0, 0x24, 0x02, 0xC0, 0xD7, 0x76, 0x05, 0xD5, 0x02, 0xC0, 0xD7, 0x76,
  0x09, 0xC0, 0xC5, 0x02, 0xC0, 0xD7, 0x76, 0x0D, 0xC0, 0x95, 0x02, 0xC0, 0xD7, 0x75, 0x03, 0xD0,
  0x45, 0x02, 0xC0, 0xD7, 0x75, 0x0A, 0xC0, 0xE6, 0x02, 0xC0, 0xD7, 0x74, 0x03, 0xD0, 0x86, 0x02,
  0xC0, 0xD7, 0x74, 0x0D, 0xD0, 0x16, 0x02, 0xC0, 0xD7, 0x73, 0x0B, 0xD0, 0x87, 0x02, 0xC0, 0xD7,
  0x71, 0x01, 0x0B, 0xD0, 0xC7, 0x10, 0x2C, 0x0D, 0x77, 0x04, 0x0D, 0xD0, 0xE0, 0x27, 0x10, 0x2C,
  0x0D, 0x75, 0x05, 0x0C, 0xE0, 0xE0, 0x37, 0x20, 0x2C, 0x0D, 0x80, 0x32, 0x82, 0x45, 0x8B, 0xF9,
  0x0D, 0x02, 0x73, 0x02, 0xFF, 0xFA, 0x0A, 0x01, 0x74, 0x02, 0xFF, 0xF0, 0xC0, 0x47, 0x60, 0x2F,
  0xFC, 0x81, 0xE9, 0x37, 0x71, 0x02, 0xFD, 0x84, 0xED, 0xB9, 0x63, 0x77,
  // "đ" (U+0111), RLE, 382 bytes saved (56.0%)
  0x77, 0x70, 0x3C, 0x0A, 0x77, 0x74, 0x03, 0xC0, 0xA7, 0x77, 0x40, 0x3C, 0x0A, 0x77, 0x74, 0x03,
  0xC0, 0xA7, 0x78, 0x07, 0x20, 0x5C, 0x0B, 0x80, 0x02, 0x72, 0x02, 0xFF, 0xE0, 0xE7, 0x20, 0x2F,
  0xFE, 0x0E, 0x72, 0x02, 0xFF, 0xE0, 0xE7, 0x20, 0x2F, 0xFE, 0x0E, 0x77, 0x70, 0x3C, 0x0A, 0x77,
  0x74, 0x03, 0xC0, 0xA7, 0x77, 0x40, 0x3C, 0x0A, 0x76, 0x85, 0x25, 0x67, 0x65, 0x25, 0x03, 0xC0,
  0xA7, 0x38, 0x11, 0x8D, 0xF0, 0xD0, 0x63, 0x03, 0xC0, 0xA7, 0x20, 0x60, 0xEF, 0xC8, 0x2C, 0x10,
  0x2C, 0x0A, 0x71, 0x09, 0xFF, 0x81, 0xE3, 0x1C, 0x0A, 0x70, 0x9F, 0x83, 0xCB, 0xAB, 0xDC, 0x0E,
  0x02, 0xC0, 0xA6, 0x04, 0xE0, 0x80, 0x15, 0x81, 0x27, 0xEA, 0x0D, 0xC0, 0xA6, 0x0E, 0xD0, 0x47,
  0x20, 0x10, 0xDE, 0x0A, 0x50, 0x6D, 0x05, 0x74, 0x02, 0xE0, 0xA5, 0x0C, 0xC0, 0xC7, 0x60, 0x8D,
  0x0A, 0x40, 0x1D, 0x04, 0x76, 0x02, 0xD0, 0xA4, 0x05, 0xC0, 0xE7, 0x71, 0x0D, 0xC0, 0xA4, 0x08,
  0xC0, 0xB7, 0x71, 0x09, 0xC0, 0xA4, 0x0A, 0xC0, 0x87, 0x71, 0x06, 0xC0, 0xA4, 0x0C, 0xC0, 0x57,
  0x71, 0x04, 0xC0, 0xA4, 0x0C, 0xC0, 0x47, 0x71, 0x04, 0xC0, 0xA4, 0x0D, 0xC0, 0x47, 0x71, 0x03,
  0xC0, 0xA4, 0x0D, 0xC0, 0x37, 0x71, 0x02, 0xC0, 0xA4, 0x0D, 0xC0, 0x47, 0x71, 0x03, 0xC0, 0xA4,
  0x0C, 0xC0, 0x57, 0x71, 0x04, 0xC0, 0xA4, 0x0B, 0xC0, 0x77, 0x71, 0x05, 0xC0, 0xA4, 0x08, 0xC0,
  0xA7, 0x71, 0x07, 0xC0, 0xA4, 0x05, 0xC0, 0xE7, 0x71, 0x0A, 0xC0, 0xA4, 0x02, 0xD0, 0x37, 0x70,
  0xEC, 0x0A, 0x50, 0xCC, 0x0A, 0x76, 0x05, 0xD0, 0xA5, 0x06, 0xD0, 0x47, 0x50, 0xDD, 0x0A, 0x60,
  0xEC, 0x0E, 0x03, 0x72, 0x01, 0x0C, 0xE0, 0xA6, 0x04, 0xE0, 0x70, 0x15, 0x81, 0x16, 0xEA, 0x0E,
  0xC0, 0xA7, 0x09, 0xF8, 0x3C, 0xBA, 0xBD, 0xC8, 0x1E, 0x3E, 0xB0, 0xA7, 0x10, 0x9F, 0xF8, 0x2E,
  0x40, 0xCB, 0x0A, 0x72, 0x06, 0x0E, 0xFC, 0x0C, 0x02, 0x20, 0x9B, 0x0A, 0x73, 0x81, 0x18, 0xDF,
  0x0D, 0x07, 0x40, 0x6B, 0x0A, 0x76, 0x85, 0x25, 0x67, 0x65, 0x27, 0x71,
  // "Ē" (U+0112), RLE, 373 bytes saved (66.1%)
  0x40, 0x18, 0x09, 0x32, 0x01, 0x60, 0xBF, 0xF9, 0x0D, 0x60, 0xBF, 0xF9, 0x0D, 0x60, 0xBF, 0xF9,
  0x0D, 0x60, 0xBF, 0xF9, 0x0D, 0x80, 0x98, 0x30, 0x08, 0xFF, 0xF0, 0xC0, 0x8F, 0xFF, 0x0C, 0x08,
  0xFF, 0xF0, 0xC0, 0x8F, 0xFF, 0x0C, 0x08, 0xC0, 0x88, 0x09, 0x42, 0x01, 0x08, 0xC0, 0x77, 0x73,
  0x08, 0xC0, 0x77, 0x73, 0x08, 0xC0, 0x77, 0x73, 0x08, 0xC0, 0x77, 0x73, 0x08, 0xC0, 0x77, 0x73,
  0x08, 0xC0, 0x77, 0x73, 0x08, 0xC0, 0x77, 0x73, 0x08, 0xC0, 0x77, 0x73, 0x08, 0xC0, 0x77, 0x73,
  0x08, 0xC0, 0x77, 0x73, 0x08, 0xC0, 0x77, 0x73, 0x08, 0xC0, 0x77, 0x73, 0x08, 0xC0, 0x88, 0x09,
  0x32, 0x81, 0x10, 0x8F, 0xFE, 0x81, 0xB0, 0x8F, 0xFE, 0x81, 0xB0, 0x8F, 0xFE, 0x81, 0xB0, 0x8F,
  0xFE, 0x81, 0xB0, 0x8C, 0x07, 0x77, 0x30, 0x8C, 0x07, 0x77, 0x30, 0x8C, 0x07, 0x77, 0x30, 0x8C,
  0x07, 0x77, 0x30, 0x8C, 0x07, 0x77, 0x30, 0x8C, 0x07, 0x77, 0x30, 0x8C, 0x07, 0x77, 0x30, 0x8C,
  0x07, 0x77, 0x30, 0x8C, 0x07, 0x77, 0x30, 0x8C, 0x07, 0x77, 0x30, 0x8C, 0x07, 0x77, 0x30, 0x8C,
  0x07, 0x77, 0x30, 0x8C, 0x07, 0x77, 0x30, 0x8C, 0x07, 0x77, 0x30, 0x8C, 0x08, 0x80, 0x94, 0x20,
  0x10, 0x8F, 0xFF, 0x0C, 0x08, 0xFF, 0xF0, 0xC0, 0x8F, 0xFF, 0x0C, 0x08, 0xFF, 0xF0, 0xC0,
  // "ē" (U+0113), RLE, 310 bytes saved (59.6%)
  0x40, 0x18, 0x09, 0x32, 0x01, 0x72, 0x0B, 0xFF, 0x90, 0xD7, 0x20, 0xBF, 0xF9, 0x0D, 0x72, 0x0B,
  0xFF, 0x90, 0xD7, 0x20, 0xBF, 0xF9, 0x0D, 0x80, 0x9B, 0x10, 0x85, 0x35, 0x67, 0x65, 0x27, 0x72,
  0x81, 0x39, 0xEF, 0x81, 0xD8, 0x17, 0x40, 0x10, 0xAF, 0xD0, 0xE0, 0x67, 0x20, 0x20, 0xDF, 0xF9,
  0x0A, 0x70, 0x20, 0xEE, 0x83, 0xCB, 0xAB, 0xEE, 0x0A, 0x60, 0xCC, 0x81, 0xE8, 0x15, 0x03, 0x0B,
  0xD0, 0x64, 0x08, 0xC0, 0xD0, 0x37, 0x20, 0x9C, 0x0E, 0x01, 0x20, 0x1D, 0x03, 0x74, 0x0D, 0xC0,
  0x72, 0x08, 0xC0, 0x87, 0x50, 0x5C, 0x0D, 0x20, 0xEC, 0x01, 0x76, 0x0E, 0xC0, 0x20, 0x3C, 0x0B,
  0x77, 0x0A, 0xC0, 0x60, 0x7C, 0x07, 0x77, 0x08, 0xC0, 0x80, 0x9C, 0x06, 0x80, 0x92, 0x20, 0x8C,
  0x0A, 0x0B, 0xFF, 0xFB, 0x0B, 0x0D, 0xFF, 0xFB, 0x0B, 0x0D, 0xFF, 0xFB, 0x0B, 0x0E, 0xFF, 0xFB,
  0x0B, 0x0D, 0xC0, 0x37, 0x76, 0x0C, 0xC0, 0x47, 0x76, 0x0A, 0xC0, 0x67, 0x76, 0x07, 0xC0, 0x97,
  0x76, 0x04, 0xC0, 0xD7, 0x77, 0x0E, 0xC0, 0x57, 0x76, 0x09, 0xC0, 0xC7, 0x76, 0x02, 0xD0, 0x97,
  0x76, 0x08, 0xD0, 0xA7, 0x70, 0x50, 0x34, 0x0C, 0xD8, 0x1E, 0x61, 0x78, 0x41, 0x59, 0xEF, 0x64,
  0x01, 0x0D, 0xF8, 0x5D, 0xBA, 0xAB, 0xCE, 0xD0, 0x65, 0x01, 0x0C, 0xFF, 0xC0, 0x67, 0x07, 0x0E,
  0xFF, 0x90, 0xE0, 0x47, 0x20, 0x60, 0xCF, 0xB8, 0x1D, 0x94, 0x76, 0x89, 0x01, 0x35, 0x77, 0x76,
  0x53, 0x16,
  // "Ĕ" (U+0114), RLE, 379 bytes saved (63.4%)
  0x38, 0x25, 0x77, 0x27, 0x38, 0x23, 0x77, 0x45, 0x09, 0xA0, 0x77, 0x30, 0xAA, 0x07, 0x50, 0x6A,
  0x0E, 0x01, 0x71, 0x05, 0xB0, 0x35, 0x01, 0xB8, 0x7E, 0x84, 0x32, 0x24, 0x6B, 0xB0, 0xD7, 0x08,
  0xFF, 0x04, 0x71, 0x0C, 0xFD, 0x07, 0x73, 0x0A, 0xFA, 0x0E, 0x05, 0x75, 0x87, 0x38, 0xCE, 0xFE,
  0xDA, 0x68, 0x09, 0x90, 0x00, 0x8F, 0xFF, 0x0C, 0x08, 0xFF, 0xF0, 0xC0, 0x8F, 0xFF, 0x0C, 0x08,
  0xFF, 0xF0, 0xC0, 0x8C, 0x08, 0x80, 0x94, 0x20, 0x10, 0x8C, 0x07, 0x77, 0x30, 0x8C, 0x07, 0x77,
  0x30, 0x8C, 0x07, 0x77, 0x30, 0x8C, 0x07, 0x77, 0x30, 0x8C, 0x07, 0x77, 0x30, 0x8C, 0x07, 0x77,
  0x30, 0x8C, 0x07, 0x77, 0x30, 0x8C, 0x07, 0x77, 0x30, 0x8C, 0x07, 0x77, 0x30, 0x8C, 0x07, 0x77,
  0x30, 0x8C, 0x07, 0x77, 0x30, 0x8C, 0x07, 0x77, 0x30, 0x8C, 0x08, 0x80, 0x93, 0x28, 0x11, 0x08,
  0xFF, 0xE8, 0x1B, 0x08, 0xFF, 0xE8, 0x1B, 0x08, 0xFF, 0xE8, 0x1B, 0x08, 0xFF, 0xE8, 0x1B, 0x08,
  0xC0, 0x77, 0x73, 0x08, 0xC0, 0x77, 0x73, 0x08, 0xC0, 0x77, 0x73, 0x08, 0xC0, 0x77, 0x73, 0x08,
  0xC0, 0x77, 0x73, 0x08, 0xC0, 0x77, 0x73, 0x08, 0xC0, 0x77, 0x73, 0x08, 0xC0, 0x77, 0x73, 0x08,
  0xC0, 0x77, 0x73, 0x08, 0xC0, 0x77, 0x73, 0x08, 0xC0, 0x77, 0x73, 0x08, 0xC0, 0x77, 0x73, 0x08,
  0xC0, 0x77, 0x73, 0x08, 0xC0, 0x77, 0x73, 0x08, 0xC0, 0x88, 0x09, 0x42, 0x01, 0x08, 0xFF, 0xF0,
  0xC0, 0x8F, 0xFF, 0x0C, 0x08, 0xFF, 0xF0, 0xC0, 0x8F, 0xFF, 0x0C,
  // "ĕ" (U+0115), RLE, 320 bytes saved (57.2%)
  0x48, 0x25, 0x77, 0x27, 0x38, 0x23, 0x77, 0x47, 0x10, 0x9A, 0x07, 0x73, 0x0A, 0xA0, 0x77, 0x10,
  0x6A, 0x0E, 0x01, 0x71, 0x05, 0xB0, 0x37, 0x10, 0x1B, 0x87, 0xE8, 0x43, 0x22, 0x46, 0xBB, 0x0D,
  0x73, 0x08, 0xFF, 0x04, 0x74, 0x0C, 0xFD, 0x07, 0x76, 0x0A, 0xFA, 0x0E, 0x05, 0x77, 0x18, 0x73,
  0x8C, 0xEF, 0xED, 0xA6, 0x80, 0x9B, 0x50, 0x85, 0x35, 0x67, 0x65, 0x27, 0x72, 0x81, 0x39, 0xEF,
  0x81, 0xD8, 0x17, 0x40, 0x10, 0xAF, 0xD0, 0xE0, 0x67, 0x20, 0x20, 0xDF, 0xF9, 0x0A, 0x70, 0x20,
  0xEE, 0x83, 0xCB, 0xAB, 0xEE, 0x0A, 0x60, 0xCC, 0x81, 0xE8, 0x15, 0x03, 0x0B, 0xD0, 0x64, 0x08,
  0xC0, 0xD0, 0x37, 0x20, 0x9C, 0x0E, 0x01, 0x20, 0x1D, 0x03, 0x74, 0x0D, 0xC0, 0x72, 0x08, 0xC0,
  0x87, 0x50, 0x5C, 0x0D, 0x20, 0xEC, 0x01, 0x76, 0x0E, 0xC0, 0x20, 0x3C, 0x0B, 0x77, 0x0A, 0xC0,
  0x60, 0x7C, 0x07, 0x77, 0x08, 0xC0, 0x80, 0x9C, 0x06, 0x80, 0x92, 0x20, 0x8C, 0x0A, 0x0B, 0xFF,
  0xFB, 0x0B, 0x0D, 0xFF, 0xFB, 0x0B, 0x0D, 0xFF, 0xFB, 0x0B, 0x0E, 0xFF, 0xFB, 0x0B, 0x0D, 0xC0,
  0x37, 0x76, 0x0C, 0xC0, 0x47, 0x76, 0x0A, 0xC0, 0x67, 0x76, 0x07, 0xC0, 0x97, 0x76, 0x04, 0xC0,
  0xD7, 0x77, 0x0E, 0xC0, 0x57, 0x76, 0x09, 0xC0, 0xC7, 0x76, 0x02, 0xD0, 0x97, 0x76, 0x08, 0xD0,
  0xA7, 0x70, 0x50, 0x34, 0x0C, 0xD8, 0x1E, 0x61, 0x78, 0x41, 0x59, 0xEF, 0x64, 0x01, 0x0D, 0xF8,
  0x5D, 0xBA, 0xAB, 0xCE, 0xD0, 0x65, 0x01, 0x0C, 0xFF, 0xC0, 0x67, 0x07, 0x0E, 0xFF, 0x90, 0xE0,
  0x47, 0x20, 0x60, 0xCF, 0xB8, 0x1D, 0x94, 0x76, 0x89, 0x01, 0x35, 0x77, 0x76, 0x53, 0x16,
  // "Ė" (U+0116), RLE, 392 bytes saved (66.8%)
  0x73, 0x83, 0x7D, 0xE9, 0x17, 0x73, 0x06, 0xC0, 0xA7, 0x73, 0x0A, 0xC0, 0xE7, 0x73, 0x0A, 0xC0,
  0xE7, 0x73, 0x06, 0xC0, 0x97, 0x74, 0x83, 0x7D, 0xE9, 0x18, 0x09, 0xC0, 0x00, 0x8F, 0xFF, 0x0C,
  0x08, 0xFF, 0xF0, 0xC0, 0x8F, 0xFF, 0x0C, 0x08, 0xFF, 0xF0, 0xC0, 0x8C, 0x08, 0x80, 0x94, 0x20,
  0x10, 0x8C, 0x07, 0x77, 0x30, 0x8C, 0x07, 0x77, 0x30, 0x8C, 0x07, 0x77, 0x30, 0x8C, 0x07, 0x77,
  0x30, 0x8C, 0x07, 0x77, 0x30, 0x8C, 0x07, 0x77, 0x30, 0x8C, 0x07, 0x77, 0x30, 0x8C, 0x07, 0x77,
  0x30, 0x8C, 0x07, 0x77, 0x30, 0x8C, 0x07, 0x77, 0x30, 0x8C, 0x07, 0x77, 0x30, 0x8C, 0x07, 0x77,
  0x30, 0x8C, 0x08, 0x80, 0x93, 0x28, 0x11, 0x08, 0xFF, 0xE8, 0x1B, 0x08, 0xFF, 0xE8, 0x1B, 0x08,
  0xFF, 0xE8, 0x1B, 0x08, 0xFF, 0xE8, 0x1B, 0x08, 0xC0, 0x77, 0x73, 0x08, 0xC0, 0x77, 0x73, 0x08,
  0xC0, 0x77, 0x73, 0x08, 0xC0, 0x77, 0x73, 0x08, 0xC0, 0x77, 0x73, 0x08, 0xC0, 0x77, 0x73, 0x08,
  0xC0, 0x77, 0x73, 0x08, 0xC0, 0x77, 0x73, 0x08, 0xC0, 0x77, 0x73, 0x08, 0xC0, 0x77, 0x73, 0x08,
  0xC0, 0x77, 0x73, 0x08, 0xC0, 0x77, 0x73, 0x08, 0xC0, 0x77, 0x73, 0x08, 0xC0, 0x77, 0x73, 0x08,
  0xC0, 0x88, 0x09, 0x42, 0x01, 0x08, 0xFF, 0xF0, 0xC0, 0x8F, 0xFF, 0x0C, 0x08, 0xFF, 0xF0, 0xC0,
  0x8F, 0xFF, 0x0C,
  // "ė" (U+0117), RLE, 333 bytes saved (61.0%)
  0x74, 0x83, 0x7D, 0xE9, 0x17, 0x76, 0x06, 0xC0, 0xA7, 0x76, 0x0A, 0xC0, 0xE7, 0x76, 0x0A, 0xC0,
  0xE7, 0x76, 0x06, 0xC0, 0x97, 0x77, 0x83, 0x7D, 0xE9, 0x18, 0x09, 0xF0, 0x08, 0x53, 0x56, 0x76,
  0x52, 0x77, 0x28, 0x13, 0x9E, 0xF8, 0x1D, 0x81, 0x74, 0x01, 0x0A, 0xFD, 0x0E, 0x06, 0x72, 0x02,
  0x0D, 0xFF, 0x90, 0xA7, 0x02, 0x0E, 0xE8, 0x3C, 0xBA, 0xBE, 0xE0, 0xA6, 0x0C, 0xC8, 0x1E, 0x81,
  0x50, 0x30, 0xBD, 0x06, 0x40, 0x8C, 0x0D, 0x03, 0x72, 0x09, 0xC0, 0xE0, 0x12, 0x01, 0xD0, 0x37,
  0x40, 0xDC, 0x07, 0x20, 0x8C, 0x08, 0x75, 0x05, 0xC0, 0xD2, 0x0E, 0xC0, 0x17, 0x60, 0xEC, 0x02,
  0x03, 0xC0, 0xB7, 0x70, 0xAC, 0x06, 0x07, 0xC0, 0x77, 0x70, 0x8C, 0x08, 0x09, 0xC0, 0x68, 0x09,
  0x22, 0x08, 0xC0, 0xA0, 0xBF, 0xFF, 0xB0, 0xB0, 0xDF, 0xFF, 0xB0, 0xB0, 0xDF, 0xFF, 0xB0, 0xB0,
  0xEF, 0xFF, 0xB0, 0xB0, 0xDC, 0x03, 0x77, 0x60, 0xCC, 0x04, 0x77, 0x60, 0xAC, 0x06, 0x77, 0x60,
  0x7C, 0x09, 0x77, 0x60, 0x4C, 0x0D, 0x77, 0x70, 0xEC, 0x05, 0x77, 0x60, 0x9C, 0x0C, 0x77, 0x60,
  0x2D, 0x09, 0x77, 0x60, 0x8D, 0x0A, 0x77, 0x05, 0x03, 0x40, 0xCD, 0x81, 0xE6, 0x17, 0x84, 0x15,
  0x9E, 0xF6, 0x40, 0x10, 0xDF, 0x85, 0xDB, 0xAA, 0xBC, 0xED, 0x06, 0x50, 0x10, 0xCF, 0xFC, 0x06,
  0x70, 0x70, 0xEF, 0xF9, 0x0E, 0x04, 0x72, 0x06, 0x0C, 0xFB, 0x81, 0xD9, 0x47, 0x68, 0x90, 0x13,
  0x57, 0x77, 0x65, 0x31, 0x60,
  // "Ę" (U+0118), RLE, 390 bytes saved (63.9%)
  0x08, 0xFF, 0xF0, 0xC0, 0x8F, 0xFF, 0x0C, 0x08, 0xFF, 0xF0, 0xC0, 0x8F, 0xFF, 0x0C, 0x08, 0xC0,
  0x88, 0x09, 0x42, 0x01, 0x08, 0xC0, 0x77, 0x73, 0x08, 0xC0, 0x77, 0x73, 0x08, 0xC0, 0x77, 0x73,
  0x08, 0xC0, 0x77, 0x73, 0x08, 0xC0, 0x77, 0x73, 0x08, 0xC0, 0x77, 0x73, 0x08, 0xC0, 0x77, 0x73,
  0x08, 0xC0, 0x77, 0x73, 0x08, 0xC0, 0x77, 0x73, 0x08, 0xC0, 0x77, 0x73, 0x08, 0xC0, 0x77, 0x73,
  0x08, 0xC0, 0x77, 0x73, 0x08, 0xC0, 0x88, 0x09, 0x32, 0x81, 0x10, 0x8F, 0xFE, 0x81, 0xB0, 0x8F,
  0xFE, 0x81, 0xB0, 0x8F, 0xFE, 0x81, 0xB0, 0x8F, 0xFE, 0x81, 0xB0, 0x8C, 0x07, 0x77, 0x30, 0x8C,
  0x07, 0x77, 0x30, 0x8C, 0x07, 0x77, 0x30, 0x8C, 0x07, 0x77, 0x30, 0x8C, 0x07, 0x77, 0x30, 0x8C,
  0x07, 0x77, 0x30, 0x8C, 0x07, 0x77, 0x30, 0x8C, 0x07, 0x77, 0x30, 0x8C, 0x07, 0x77, 0x30, 0x8C,
  0x07, 0x77, 0x30, 0x8C, 0x07, 0x77, 0x30, 0x8C, 0x07, 0x77, 0x30, 0x8C, 0x07, 0x77, 0x30, 0x8C,
  0x07, 0x77, 0x30, 0x8C, 0x08, 0x80, 0x94, 0x20, 0x10, 0x8F, 0xFF, 0x0C, 0x08, 0xFF, 0xF0, 0xC0,
  0x8F, 0xFF, 0x0C, 0x08, 0xFF, 0xF0, 0xC7, 0x72, 0x05, 0xB0, 0x77, 0x73, 0x05, 0xB0, 0x87, 0x73,
  0x02, 0xB0, 0xB7, 0x74, 0x0C, 0xB0, 0x17, 0x73, 0x04, 0xB0, 0x97, 0x74, 0x09, 0xB0, 0x67, 0x74,
  0x0B, 0xB0, 0x47, 0x74, 0x0B, 0xB0, 0x77, 0x74, 0x08, 0xB0, 0xE0, 0x42, 0x00, 0x27, 0x60, 0x2F,
  0x90, 0x77, 0x70, 0x6F, 0x07, 0x77, 0x18, 0x13, 0xAD, 0xA8, 0x1E, 0xB4,
  // "ę" (U+0119), RLE, 325 bytes saved (58.1%)
  0x73, 0x85, 0x35, 0x67, 0x65, 0x27, 0x72, 0x81, 0x39, 0xEF, 0x81, 0xD8, 0x17, 0x40, 0x10, 0xAF,
  0xD0, 0xE0, 0x67, 0x20, 0x20, 0xDF, 0xF9, 0x0A, 0x70, 0x20, 0xEE, 0x83, 0xCB, 0xAB, 0xEE, 0x0A,
  0x60, 0xCC, 0x81, 0xE8, 0x15, 0x03, 0x0B, 0xD0, 0x64, 0x08, 0xC0, 0xD0, 0x37, 0x20, 0x9C, 0x0E,
  0x01, 0x20, 0x1D, 0x03, 0x74, 0x0D, 0xC0, 0x72, 0x08, 0xC0, 0x87, 0x50, 0x5C, 0x0D, 0x20, 0xEC,
  0x01, 0x76, 0x0E, 0xC0, 0x20, 0x3C, 0x0B, 0x77, 0x0A, 0xC0, 0x60, 0x7C, 0x07, 0x77, 0x08, 0xC0,
  0x80, 0x9C, 0x06, 0x80, 0x92, 0x20, 0x8C, 0x0A, 0x0B, 0xFF, 0xFB, 0x0B, 0x0D, 0xFF, 0xFB, 0x0B,
  0x0D, 0xFF, 0xFB, 0x0B, 0x0E, 0xFF, 0xFB, 0x0B, 0x0D, 0xC0, 0x37, 0x76, 0x0C, 0xC0, 0x47, 0x76,
  0x0A, 0xC0, 0x67, 0x76, 0x07, 0xC0, 0x97, 0x76, 0x04, 0xC0, 0xD7, 0x77, 0x0E, 0xC0, 0x57, 0x76,
  0x09, 0xC0, 0xC7, 0x76, 0x02, 0xD0, 0x97, 0x76, 0x08, 0xD0, 0xA7, 0x70, 0x50, 0x34, 0x0C, 0xD8,
  0x1E, 0x61, 0x78, 0x41, 0x59, 0xEF, 0x64, 0x01, 0x0D, 0xF8, 0x5D, 0xBA, 0xAB, 0xCE, 0xD0, 0x65,
  0x01, 0x0C, 0xFF, 0xC0, 0x67, 0x07, 0x0E, 0xFF, 0xA0, 0x47, 0x20, 0x60, 0xCF, 0xD0, 0xE0, 0x57,
  0x58, 0x71, 0x35, 0x77, 0x76, 0x6E, 0xA0, 0xE0, 0x37, 0x76, 0x0A, 0xA0, 0xE0, 0x37, 0x76, 0x08,
  0xB0, 0x47, 0x76, 0x03, 0xB0, 0x97, 0x77, 0x0B, 0xB0, 0x27, 0x76, 0x01, 0xB0, 0xD7, 0x77, 0x03,
  0xB0, 0xC7, 0x77, 0x03, 0xB0, 0xE7, 0x77, 0x1C, 0x83, 0x91, 0x01, 0x37, 0x73, 0x0A, 0xF9, 0x77,
  0x30, 0x10, 0xDF, 0x77, 0x58, 0x57, 0xCE, 0xFE, 0xDA, 0x20,
  // "Ě" (U+011A), RLE, 387 bytes saved (63.4%)
  0x20, 0xBA, 0x0E, 0x05, 0x72, 0x02, 0x0C, 0xB0, 0x23, 0x02, 0x0E, 0xB0, 0x97, 0x05, 0xC0, 0x75,
  0x03, 0x0E, 0xB0, 0xB5, 0x08, 0xC0, 0x77, 0x03, 0xC0, 0xC0, 0x12, 0x09, 0xC0, 0x87, 0x20, 0x5C,
  0x81, 0xC1, 0xAC, 0x0A, 0x74, 0x07, 0xC0, 0xEC, 0x0B, 0x76, 0x09, 0xF0, 0xD7, 0x71, 0x0C, 0xD0,
  0xE0, 0x27, 0x71, 0x03, 0xD0, 0x78, 0x09, 0x91, 0x00, 0x8F, 0xFF, 0x0C, 0x08, 0xFF, 0xF0, 0xC0,
  0x8F, 0xFF, 0x0C, 0x08, 0xFF, 0xF0, 0xC0, 0x8C, 0x08, 0x80, 0x94, 0x20, 0x10, 0x8C, 0x07, 0x77,
  0x30, 0x8C, 0x07, 0x77, 0x30, 0x8C, 0x07, 0x77, 0x30, 0x8C, 0x07, 0x77, 0x30, 0x8C, 0x07, 0x77,
  0x30, 0x8C, 0x07, 0x77, 0x30, 0x8C, 0x07, 0x77, 0x30, 0x8C, 0x07, 0x77, 0x30, 0x8C, 0x07, 0x77,
  0x30, 0x8C, 0x07, 0x77, 0x30, 0x8C, 0x07, 0x77, 0x30, 0x8C, 0x07, 0x77, 0x30, 0x8C, 0x08, 0x80,
  0x93, 0x28, 0x11, 0x08, 0xFF, 0xE8, 0x1B, 0x08, 0xFF, 0xE8, 0x1B, 0x08, 0xFF, 0xE8, 0x1B, 0x08,
  0xFF, 0xE8, 0x1B, 0x08, 0xC0, 0x77, 0x73, 0x08, 0xC0, 0x77, 0x73, 0x08, 0xC0, 0x77, 0x73, 0x08,
  0xC0, 0x77, 0x73, 0x08, 0xC0, 0x77, 0x73, 0x08, 0xC0, 0x77, 0x73, 0x08, 0xC0, 0x77, 0x73, 0x08,
  0xC0, 0x77, 0x73, 0x08, 0xC0, 0x77, 0x73, 0x08, 0xC0, 0x77, 0x73, 0x08, 0xC0, 0x77, 0x73, 0x08,
  0xC0, 0x77, 0x73, 0x08, 0xC0, 0x77, 0x73, 0x08, 0xC0, 0x77, 0x73, 0x08, 0xC0, 0x88, 0x09, 0x42,
  0x01, 0x08, 0xFF, 0xF0, 0xC0, 0x8F, 0xFF, 0x0C, 0x08, 0xFF, 0xF0, 0xC0, 0x8F, 0xFF, 0x0C,
  // "ě" (U+011B), RLE, 330 bytes saved (57.7%)
  0x30, 0xBA, 0x0E, 0x05, 0x72, 0x02, 0x0C, 0xB0, 0x26, 0x02, 0x0E, 0xB0, 0x97, 0x05, 0xC0, 0x77,
  0x10, 0x30, 0xEB, 0x0B, 0x50, 0x8C, 0x07, 0x73, 0x03, 0xC0, 0xC0, 0x12, 0x09, 0xC0, 0x87, 0x50,
  0x5C, 0x81, 0xC1, 0xAC, 0x0A, 0x77, 0x07, 0xC0, 0xEC, 0x0B, 0x77, 0x20, 0x9F, 0x0D, 0x77, 0x40,
  0xCD, 0x0E, 0x02, 0x77, 0x40, 0x3D, 0x07, 0x80, 0x9B, 0x60, 0x85, 0x35, 0x67, 0x65, 0x27, 0x72,
  0x81, 0x39, 0xEF, 0x81, 0xD8, 0x17, 0x40, 0x10, 0xAF, 0xD0, 0xE0, 0x67, 0x20, 0x20, 0xDF, 0xF9,
  0x0A, 0x70, 0x20, 0xEE, 0x83, 0xCB, 0xAB, 0xEE, 0x0A, 0x60, 0xCC, 0x81, 0xE8, 0x15, 0x03, 0x0B,
  0xD0, 0x64, 0x08, 0xC0, 0xD0, 0x37, 0x20, 0x9C, 0x0E, 0x01, 0x20, 0x1D, 0x03, 0x74, 0x0D, 0xC0,
  0x72, 0x08, 0xC0, 0x87, 0x50, 0x5C, 0x0D, 0x20, 0xEC, 0x01, 0x76, 0x0E, 0xC0, 0x20, 0x3C, 0x0B,
  0x77, 0x0A, 0xC0, 0x60, 0x7C, 0x07, 0x77, 0x08, 0xC0, 0x80, 0x9C, 0x06, 0x80, 0x92, 0x20, 0x8C,
  0x0A, 0x0B, 0xFF, 0xFB, 0x0B, 0x0D, 0xFF, 0xFB, 0x0B, 0x0D, 0xFF, 0xFB, 0x0B, 0x0E, 0xFF, 0xFB,
  0x0B, 0x0D, 0xC0, 0x37, 0x76, 0x0C, 0xC0, 0x47, 0x76, 0x0A, 0xC0, 0x67, 0x76, 0x07, 0xC0, 0x97,
  0x76, 0x04, 0xC0, 0xD7, 0x77, 0x0E, 0xC0, 0x57, 0x76, 0x09, 0xC0, 0xC7, 0x76, 0x02, 0xD0, 0x97,
  0x76, 0x08, 0xD0, 0xA7, 0x70, 0x50, 0x34, 0x0C, 0xD8, 0x1E, 0x61, 0x78, 0x41, 0x59, 0xEF, 0x64,
  0x01, 0x0D, 0xF8, 0x5D, 0xBA, 0xAB, 0xCE, 0xD0, 0x65, 0x01, 0x0C, 0xFF, 0xC0, 0x67, 0x07, 0x0E,
  0xFF, 0x90, 0xE0, 0x47, 0x20, 0x60, 0xCF, 0xB8, 0x1D, 0x94, 0x76, 0x89, 0x01, 0x35, 0x77, 0x76,
  0x53, 0x16,
  // "Ĝ" (U+011C), RLE, 569 bytes saved (62.0%)
  0x77, 0x20, 0x3D, 0x07, 0x77, 0x76, 0x0C, 0xD0, 0xE0, 0x27, 0x77, 0x40, 0x9F, 0x0C, 0x77, 0x73,
  0x06, 0xFA, 0x0A, 0x77, 0x71, 0x04, 0xC8, 0x1D, 0x3B, 0xC0, 0x87, 0x76, 0x02, 0x0E, 0xB0, 0xC0,
  0x12, 0x0A, 0xC0, 0x67, 0x74, 0x01, 0x0D, 0xB0, 0xC0, 0x14, 0x09, 0xC0, 0x57, 0x72, 0x01, 0x0D,
  0xB0, 0x97, 0x06, 0xC0, 0x47, 0x71, 0x0A, 0xA0, 0xE0, 0x57, 0x20, 0x30, 0xCB, 0x01, 0x80, 0x9A,
  0x40, 0x89, 0x01, 0x35, 0x67, 0x76, 0x65, 0x37, 0x76, 0x82, 0x15, 0xAE, 0xFC, 0x82, 0xEA, 0x62,
  0x76, 0x02, 0x09, 0xFF, 0xD0, 0xD0, 0x77, 0x30, 0x9F, 0xFF, 0x90, 0xB7, 0x10, 0x30, 0xDF, 0x98,
  0x5E, 0xCA, 0xAA, 0xBC, 0xF9, 0x04, 0x70, 0x5F, 0x81, 0xC6, 0x27, 0x18, 0x13, 0x6B, 0xB0, 0xD7,
  0x05, 0xE0, 0xC0, 0x37, 0x78, 0x21, 0x6D, 0x66, 0x03, 0xE0, 0x77, 0x77, 0x50, 0xDD, 0x05, 0x77,
  0x75, 0x08, 0xD0, 0x67, 0x77, 0x50, 0x2D, 0x0B, 0x77, 0x76, 0x09, 0xC0, 0xE0, 0x17, 0x77, 0x50,
  0x10, 0xEC, 0x08, 0x77, 0x76, 0x05, 0xD0, 0x17, 0x77, 0x60, 0xAC, 0x0A, 0x77, 0x77, 0x0E, 0xC0,
  0x77, 0x77, 0x60, 0x1D, 0x03, 0x77, 0x76, 0x04, 0xD7, 0x77, 0x70, 0x6C, 0x0D, 0x77, 0x77, 0x07,
  0xC0, 0xC7, 0x77, 0x70, 0x8C, 0x0B, 0x77, 0x80, 0x91, 0x20, 0x10, 0x8C, 0x0A, 0x76, 0x03, 0xFE,
  0x09, 0x08, 0xC0, 0xB7, 0x60, 0x3F, 0xE0, 0x90, 0x7C, 0x0B, 0x76, 0x03, 0xFE, 0x09, 0x06, 0xC0,
  0xD7, 0x60, 0x3F, 0xE0, 0x90, 0x4D, 0x77, 0x71, 0x06, 0xC0, 0x90, 0x2D, 0x02, 0x77, 0x70, 0x6C,
  0x09, 0x1D, 0x05, 0x77, 0x70, 0x6C, 0x81, 0x90, 0xCC, 0x09, 0x77, 0x70, 0x6C, 0x81, 0x90, 0x8C,
  0x0E, 0x77, 0x70, 0x6C, 0x81, 0x90, 0x3D, 0x05, 0x77, 0x60, 0x6C, 0x09, 0x20, 0xDC, 0x0C, 0x77,
  0x60, 0x6C, 0x09, 0x20, 0x6D, 0x06, 0x77, 0x50, 0x6C, 0x09, 0x30, 0xDC, 0x0E, 0x02, 0x77, 0x40,
  0x6C, 0x09, 0x30, 0x5D, 0x0D, 0x01, 0x77, 0x30, 0x6C, 0x09, 0x40, 0xAD, 0x0D, 0x03, 0x77, 0x20,
  0x6C, 0x09, 0x40, 0x10, 0xDE, 0x08, 0x01, 0x77, 0x06, 0xC0, 0x95, 0x01, 0x0D, 0xE8, 0x2E, 0x94,
  0x17, 0x28, 0x12, 0x5B, 0xC0, 0x96, 0x01, 0x0C, 0xFA, 0x87, 0xDB, 0xAA, 0xAA, 0xBD, 0xEF, 0x09,
  0x71, 0x08, 0xFF, 0xFB, 0x09, 0x72, 0x02, 0x0A, 0xFF, 0xF0, 0xD0, 0x67, 0x48, 0x11, 0x6B, 0xFE,
  0x83, 0xEB, 0x95, 0x17, 0x73, 0x89, 0x22, 0x46, 0x67, 0x76, 0x65, 0x42, 0x17,
  // "ĝ" (U+011D), RLE, 408 bytes saved (53.0%)
  0x73, 0x03, 0xD0, 0x77, 0x76, 0x0C, 0xD0, 0xE0, 0x27, 0x74, 0x09, 0xF0, 0xC7, 0x73, 0x06, 0xFA,
  0x0A, 0x77, 0x10, 0x4C, 0x81, 0xD3, 0xBC, 0x08, 0x76, 0x02, 0x0E, 0xB0, 0xC0, 0x12, 0x0A, 0xC0,
  0x67, 0x40, 0x10, 0xDB, 0x0C, 0x01, 0x40, 0x9C, 0x05, 0x72, 0x01, 0x0D, 0xB0, 0x97, 0x06, 0xC0,
  0x47, 0x10, 0xAA, 0x0E, 0x05, 0x72, 0x03, 0x0C, 0xB0, 0x18, 0x09, 0xB1, 0x08, 0x52, 0x57, 0x76,
  0x51, 0x77, 0x38, 0x11, 0x8E, 0xF0, 0xC0, 0x64, 0x04, 0xB0, 0xA5, 0x05, 0x0E, 0xFC, 0x0D, 0x03,
  0x20, 0x7B, 0x0A, 0x40, 0x8F, 0xF9, 0x81, 0x50, 0x9B, 0x0A, 0x30, 0x7F, 0x83, 0xCA, 0xAB, 0xDD,
  0x04, 0x0C, 0xB0, 0xA2, 0x02, 0xE0, 0x80, 0x15, 0x02, 0x08, 0xB0, 0xEC, 0x0A, 0x20, 0xBD, 0x04,
  0x72, 0x02, 0x0E, 0xE8, 0x1A, 0x04, 0xD0, 0x57, 0x40, 0x2E, 0x81, 0xA0, 0xAC, 0x0B, 0x76, 0x08,
  0xD0, 0xA0, 0x1D, 0x03, 0x76, 0x01, 0xD0, 0xA0, 0x4C, 0x0E, 0x77, 0x10, 0xBC, 0x0A, 0x07, 0xC0,
  0x97, 0x71, 0x08, 0xC0, 0x0A, 0xC0, 0x77, 0x71, 0x06, 0xC0, 0xA0, 0xBC, 0x04, 0x77, 0x10, 0x4C,
  0x0A, 0x0C, 0xC0, 0x37, 0x71, 0x03, 0xC0, 0xA0, 0xDC, 0x03, 0x77, 0x10, 0x2C, 0x0A, 0x0D, 0xC0,
  0x37, 0x71, 0x02, 0xC0, 0xA0, 0xDC, 0x03, 0x77, 0x10, 0x2C, 0x0A, 0x0C, 0xC0, 0x47, 0x71, 0x03,
  0xC0, 0x0A, 0xC0, 0x67, 0x71, 0x04, 0xC0, 0xA0, 0x8C, 0x09, 0x77, 0x10, 0x6C, 0x0A, 0x05, 0xC0,
  0xD7, 0x71, 0x09, 0xC0, 0xA0, 0x1D, 0x03, 0x77, 0x0E, 0xC8, 0x1A, 0x0B, 0xC0, 0xA7, 0x60, 0x4D,
  0x81, 0xA0, 0x5D, 0x04, 0x75, 0x0D, 0xD0, 0xA2, 0x0D, 0xC0, 0xE0, 0x37, 0x20, 0x10, 0xBE, 0x0A,
  0x20, 0x4E, 0x08, 0x01, 0x58, 0x11, 0x6E, 0xF0, 0xA3, 0x08, 0xF8, 0x3C, 0xAA, 0xBD, 0xD0, 0x5C,
  0x0A, 0x40, 0x9F, 0xF9, 0x06, 0x02, 0xC0, 0xA5, 0x07, 0xFD, 0x82, 0xE5, 0x02, 0xC0, 0xA6, 0x81,
  0x18, 0xEF, 0x81, 0xD8, 0x12, 0x02, 0xC0, 0xA7, 0x28, 0x53, 0x57, 0x77, 0x52, 0x50, 0x2C, 0x0A,
  0x77, 0x70, 0x3C, 0x0A, 0x77, 0x70, 0x4C, 0x09, 0x77, 0x70, 0x7C, 0x07, 0x77, 0x70, 0xBC, 0x05,
  0x77, 0x60, 0x2D, 0x01, 0x77, 0x60, 0xAC, 0x0D, 0x30, 0x40, 0x27, 0x71, 0x07, 0xD0, 0x73, 0x82,
  0x8F, 0xA5, 0x74, 0x01, 0x09, 0xD0, 0xE4, 0x08, 0xC8, 0x91, 0xB9, 0x64, 0x32, 0x23, 0x59, 0xEE,
  0x05, 0x40, 0x8F, 0xFE, 0x08, 0x50, 0x8F, 0xFD, 0x06, 0x68, 0x11, 0x7D, 0xFF, 0x90, 0x90, 0x27,
  0x38, 0x51, 0x58, 0xAC, 0xDE, 0xA8, 0x4E, 0xDB, 0x85, 0x17,
  // "Ğ" (U+011E), RLE, 558 bytes saved (61.9%)
  0x74, 0x82, 0x57, 0x72, 0x73, 0x82, 0x37, 0x74, 0x77, 0x20, 0x9A, 0x07, 0x73, 0x0A, 0xA0, 0x77,
  0x72, 0x06, 0xA0, 0xE0, 0x17, 0x10, 0x5B, 0x03, 0x77, 0x20, 0x1B, 0x87, 0xE8, 0x43, 0x22, 0x46,
  0xBB, 0x0D, 0x77, 0x40, 0x8F, 0xF0, 0x47, 0x75, 0x0C, 0xFD, 0x07, 0x77, 0x70, 0xAF, 0xA0, 0xE0,
  0x57, 0x77, 0x28, 0x73, 0x8C, 0xEF, 0xED, 0xA6, 0x80, 0x9B, 0x20, 0x89, 0x01, 0x35, 0x67, 0x76,
  0x65, 0x37, 0x76, 0x82, 0x15, 0xAE, 0xFC, 0x82, 0xEA, 0x62, 0x76, 0x02, 0x09, 0xFF, 0xD0, 0xD0,
  0x77, 0x30, 0x9F, 0xFF, 0x90, 0xB7, 0x10, 0x30, 0xDF, 0x98, 0x5E, 0xCA, 0xAA, 0xBC, 0xF9, 0x04,
  0x70, 0x5F, 0x81, 0xC6, 0x27, 0x18, 0x13, 0x6B, 0xB0, 0xD7, 0x05, 0xE0, 0xC0, 0x37, 0x78, 0x21,
  0x6D, 0x66, 0x03, 0xE0, 0x77, 0x77, 0x50, 0xDD, 0x05, 0x77, 0x75, 0x08, 0xD0, 0x67, 0x77, 0x50,
  0x2D, 0x0B, 0x77, 0x76, 0x09, 0xC0, 0xE0, 0x17, 0x77, 0x50, 0x10, 0xEC, 0x08, 0x77, 0x76, 0x05,
  0xD0, 0x17, 0x77, 0x60, 0xAC, 0x0A, 0x77, 0x77, 0x0E, 0xC0, 0x77, 0x77, 0x60, 0x1D, 0x03, 0x77,
  0x76, 0x04, 0xD7, 0x77, 0x70, 0x6C, 0x0D, 0x77, 0x77, 0x07, 0xC0, 0xC7, 0x77, 0x70, 0x8C, 0x0B,
  0x77, 0x80, 0x91, 0x20, 0x10, 0x8C, 0x0A, 0x76, 0x03, 0xFE, 0x09, 0x08, 0xC0, 0xB7, 0x60, 0x3F,
  0xE0, 0x90, 0x7C, 0x0B, 0x76, 0x03, 0xFE, 0x09, 0x06, 0xC0, 0xD7, 0x60, 0x3F, 0xE0, 0x90, 0x4D,
  0x77, 0x71, 0x06, 0xC0, 0x90, 0x2D, 0x02, 0x77, 0x70, 0x6C, 0x09, 0x1D, 0x05, 0x77, 0x70, 0x6C,
  0x81, 0x90, 0xCC, 0x09, 0x77, 0x70, 0x6C, 0x81, 0x90, 0x8C, 0x0E, 0x77, 0x70, 0x6C, 0x81, 0x90,
  0x3D, 0x05, 0x77, 0x60, 0x6C, 0x09, 0x20, 0xDC, 0x0C, 0x77, 0x60, 0x6C, 0x09, 0x20, 0x6D, 0x06,
  0x77, 0x50, 0x6C, 0x09, 0x30, 0xDC, 0x0E, 0x02, 0x77, 0x40, 0x6C, 0x09, 0x30, 0x5D, 0x0D, 0x01,
  0x77, 0x30, 0x6C, 0x09, 0x40, 0xAD, 0x0D, 0x03, 0x77, 0x20, 0x6C, 0x09, 0x40, 0x10, 0xDE, 0x08,
  0x01, 0x77, 0x06, 0xC0, 0x95, 0x01, 0x0D, 0xE8, 0x2E, 0x94, 0x17, 0x28, 0x12, 0x5B, 0xC0, 0x96,
  0x01, 0x0C, 0xFA, 0x87, 0xDB, 0xAA, 0xAA, 0xBD, 0xEF, 0x09, 0x71, 0x08, 0xFF, 0xFB, 0x09, 0x72,
  0x02, 0x0A, 0xFF, 0xF0, 0xD0, 0x67, 0x48, 0x11, 0x6B, 0xFE, 0x83, 0xEB, 0x95, 0x17, 0x73, 0x89,
  0x22, 0x46, 0x67, 0x76, 0x65, 0x42, 0x17,
  // "ğ" (U+011F), RLE, 399 bytes saved (52.8%)
  0x58, 0x25, 0x77, 0x27, 0x38, 0x23, 0x77, 0x47, 0x20, 0x9A, 0x07, 0x73, 0x0A, 0xA0, 0x77, 0x20,
  0x6A, 0x0E, 0x01, 0x71, 0x05, 0xB0, 0x37, 0x20, 0x1B, 0x87, 0xE8, 0x43, 0x22, 0x46, 0xBB, 0x0D,
  0x74, 0x08, 0xFF, 0x04, 0x75, 0x0C, 0xFD, 0x07, 0x77, 0x0A, 0xFA, 0x0E, 0x05, 0x77, 0x28, 0x73,
  0x8C, 0xEF, 0xED, 0xA6, 0x80, 0x9B, 0x70, 0x85, 0x25, 0x77, 0x65, 0x17, 0x73, 0x81, 0x18, 0xEF,
  0x0C, 0x06, 0x40, 0x4B, 0x0A, 0x50, 0x50, 0xEF, 0xC0, 0xD0, 0x32, 0x07, 0xB0, 0xA4, 0x08, 0xFF,
  0x98, 0x15, 0x09, 0xB0, 0xA3, 0x07, 0xF8, 0x3C, 0xAA, 0xBD, 0xD0, 0x40, 0xCB, 0x0A, 0x20, 0x2E,
  0x08, 0x01, 0x50, 0x20, 0x8B, 0x0E, 0xC0, 0xA2, 0x0B, 0xD0, 0x47, 0x20, 0x20, 0xEE, 0x81, 0xA0,
  0x4D, 0x05, 0x74, 0x02, 0xE8, 0x1A, 0x0A, 0xC0, 0xB7, 0x60, 0x8D, 0x0A, 0x01, 0xD0, 0x37, 0x60,
  0x1D, 0x0A, 0x04, 0xC0, 0xE7, 0x71, 0x0B, 0xC0, 0xA0, 0x7C, 0x09, 0x77, 0x10, 0x8C, 0x00, 0xAC,
  0x07, 0x77, 0x10, 0x6C, 0x0A, 0x0B, 0xC0, 0x47, 0x71, 0x04, 0xC0, 0xA0, 0xCC, 0x03, 0x77, 0x10,
  0x3C, 0x0A, 0x0D, 0xC0, 0x37, 0x71, 0x02, 0xC0, 0xA0, 0xDC, 0x03, 0x77, 0x10, 0x2C, 0x0A, 0x0D,
  0xC0, 0x37, 0x71, 0x02, 0xC0, 0xA0, 0xCC, 0x04, 0x77, 0x10, 0x3C, 0x00, 0xAC, 0x06, 0x77, 0x10,
  0x4C, 0x0A, 0x08, 0xC0, 0x97, 0x71, 0x06, 0xC0, 0xA0, 0x5C, 0x0D, 0x77, 0x10, 0x9C, 0x0A, 0x01,
  0xD0, 0x37, 0x70, 0xEC, 0x81, 0xA0, 0xBC, 0x0A, 0x76, 0x04, 0xD8, 0x1A, 0x05, 0xD0, 0x47, 0x50,
  0xDD, 0x0A, 0x20, 0xDC, 0x0E, 0x03, 0x72, 0x01, 0x0B, 0xE0, 0xA2, 0x04, 0xE0, 0x80, 0x15, 0x81,
  0x16, 0xEF, 0x0A, 0x30, 0x8F, 0x83, 0xCA, 0xAB, 0xDD, 0x05, 0xC0, 0xA4, 0x09, 0xFF, 0x90, 0x60,
  0x2C, 0x0A, 0x50, 0x7F, 0xD8, 0x2E, 0x50, 0x2C, 0x0A, 0x68, 0x11, 0x8E, 0xF8, 0x1D, 0x81, 0x20,
  0x2C, 0x0A, 0x72, 0x85, 0x35, 0x77, 0x75, 0x25, 0x02, 0xC0, 0xA7, 0x77, 0x03, 0xC0, 0xA7, 0x77,
  0x04, 0xC0, 0x97, 0x77, 0x07, 0xC0, 0x77, 0x77, 0x0B, 0xC0, 0x57, 0x76, 0x02, 0xD0, 0x17, 0x76,
  0x0A, 0xC0, 0xD3, 0x04, 0x02, 0x77, 0x10, 0x7D, 0x07, 0x38, 0x28, 0xFA, 0x57, 0x40, 0x10, 0x9D,
  0x0E, 0x40, 0x8C, 0x89, 0x1B, 0x96, 0x43, 0x22, 0x35, 0x9E, 0xE0, 0x54, 0x08, 0xFF, 0xE0, 0x85,
  0x08, 0xFF, 0xD0, 0x66, 0x81, 0x17, 0xDF, 0xF9, 0x09, 0x02, 0x73, 0x85, 0x15, 0x8A, 0xCD, 0xEA,
  0x84, 0xED, 0xB8, 0x51, 0x70,
  // "Ġ" (U+0120), RLE, 568 bytes saved (64.3%)
  0x77, 0x48, 0x37, 0xDE, 0x91, 0x77, 0x77, 0x06, 0xC0, 0xA7, 0x77, 0x70, 0xAC, 0x0E, 0x77, 0x77,
  0x0A, 0xC0, 0xE7, 0x77, 0x70, 0x6C, 0x09, 0x77, 0x77, 0x18, 0x37, 0xDE, 0x91, 0x80, 0x9F, 0x50,
  0x89, 0x01, 0x35, 0x67, 0x76, 0x65, 0x37, 0x76, 0x82, 0x15, 0xAE, 0xFC, 0x82, 0xEA, 0x62, 0x76,
  0x02, 0x09, 0xFF, 0xD0, 0xD0, 0x77, 0x30, 0x9F, 0xFF, 0x90, 0xB7, 0x10, 0x30, 0xDF, 0x98, 0x5E,
  0xCA, 0xAA, 0xBC, 0xF9, 0x04, 0x70, 0x5F, 0x81, 0xC6, 0x27, 0x18, 0x13, 0x6B, 0xB0, 0xD7, 0x05,
  0xE0, 0xC0, 0x37, 0x78, 0x21, 0x6D, 0x66, 0x03, 0xE0, 0x77, 0x77, 0x50, 0xDD, 0x05, 0x77, 0x75,
  0x08, 0xD0, 0x67, 0x77, 0x50, 0x2D, 0x0B, 0x77, 0x76, 0x09, 0xC0, 0xE0, 0x17, 0x77, 0x50, 0x10,
  0xEC, 0x08, 0x77, 0x76, 0x05, 0xD0, 0x17, 0x77, 0x60, 0xAC, 0x0A, 0x77, 0x77, 0x0E, 0xC0, 0x77,
  0x77, 0x60, 0x1D, 0x03, 0x77, 0x76, 0x04, 0xD7, 0x77, 0x70, 0x6C, 0x0D, 0x77, 0x77, 0x07, 0xC0,
  0xC7, 0x77, 0x70, 0x8C, 0x0B, 0x77, 0x80, 0x91, 0x20, 0x10, 0x8C, 0x0A, 0x76, 0x03, 0xFE, 0x09,
  0x08, 0xC0, 0xB7, 0x60, 0x3F, 0xE0, 0x90, 0x7C, 0x0B, 0x76, 0x03, 0xFE, 0x09, 0x06, 0xC0, 0xD7,
  0x60, 0x3F, 0xE0, 0x90, 0x4D, 0x77, 0x71, 0x06, 0xC0, 0x90, 0x2D, 0x02, 0x77, 0x70, 0x6C, 0x09,
  0x1D, 0x05, 0x77, 0x70, 0x6C, 0x81, 0x90, 0xCC, 0x09, 0x77, 0x70, 0x6C, 0x81, 0x90, 0x8C, 0x0E,
  0x77, 0x70, 0x6C, 0x81, 0x90, 0x3D, 0x05, 0x77, 0x60, 0x6C, 0x09, 0x20, 0xDC, 0x0C, 0x77, 0x60,
  0x6C, 0x09, 0x20, 0x6D, 0x06, 0x77, 0x50, 0x6C, 0x09, 0x30, 0xDC, 0x0E, 0x02, 0x77, 0x40, 0x6C,
  0x09, 0x30, 0x5D, 0x0D, 0x01, 0x77, 0x30, 0x6C, 0x09, 0x40, 0xAD, 0x0D, 0x03, 0x77, 0x20, 0x6C,
  0x09, 0x40, 0x10, 0xDE, 0x08, 0x01, 0x77, 0x06, 0xC0, 0x95, 0x01, 0x0D, 0xE8, 0x2E, 0x94, 0x17,
  0x28, 0x12, 0x5B, 0xC0, 0x96, 0x01, 0x0C, 0xFA, 0x87, 0xDB, 0xAA, 0xAA, 0xBD, 0xEF, 0x09, 0x71,
  0x08, 0xFF, 0xFB, 0x09, 0x72, 0x02, 0x0A, 0xFF, 0xF0, 0xD0, 0x67, 0x48, 0x11, 0x6B, 0xFE, 0x83,
  0xEB, 0x95, 0x17, 0x73, 0x89, 0x22, 0x46, 0x67, 0x76, 0x65, 0x42, 0x17,
  // "ġ" (U+0121), RLE, 412 bytes saved (55.5%)
  0x75, 0x83, 0x7D, 0xE9, 0x17, 0x77, 0x06, 0xC0, 0xA7, 0x77, 0x0A, 0xC0, 0xE7, 0x77, 0x0A, 0xC0,
  0xE7, 0x77, 0x06, 0xC0, 0x97, 0x77, 0x18, 0x37, 0xDE, 0x91, 0x80, 0x9F, 0x30, 0x85, 0x25, 0x77,
  0x65, 0x17, 0x73, 0x81, 0x18, 0xEF, 0x0C, 0x06, 0x40, 0x4B, 0x0A, 0x50, 0x50, 0xEF, 0xC0, 0xD0,
  0x32, 0x07, 0xB0, 0xA4, 0x08, 0xFF, 0x98, 0x15, 0x09, 0xB0, 0xA3, 0x07, 0xF8, 0x3C, 0xAA, 0xBD,
  0xD0, 0x40, 0xCB, 0x0A, 0x20, 0x2E, 0x08, 0x01, 0x50, 0x20, 0x8B, 0x0E, 0xC0, 0xA2, 0x0B, 0xD0,
  0x47, 0x20, 0x20, 0xEE, 0x81, 0xA0, 0x4D, 0x05, 0x74, 0x02, 0xE8, 0x1A, 0x0A, 0xC0, 0xB7, 0x60,
  0x8D, 0x0A, 0x01, 0xD0, 0x37, 0x60, 0x1D, 0x0A, 0x04, 0xC0, 0xE7, 0x71, 0x0B, 0xC0, 0xA0, 0x7C,
  0x09, 0x77, 0x10, 0x8C, 0x00, 0xAC, 0x07, 0x77, 0x10, 0x6C, 0x0A, 0x0B, 0xC0, 0x47, 0x71, 0x04,
  0xC0, 0xA0, 0xCC, 0x03, 0x77, 0x10, 0x3C, 0x0A, 0x0D, 0xC0, 0x37, 0x71, 0x02, 0xC0, 0xA0, 0xDC,
  0x03, 0x77, 0x10, 0x2C, 0x0A, 0x0D, 0xC0, 0x37, 0x71, 0x02, 0xC0, 0xA0, 0xCC, 0x04, 0x77, 0x10,
  0x3C, 0x00, 0xAC, 0x06, 0x77, 0x10, 0x4C, 0x0A, 0x08, 0xC0, 0x97, 0x71, 0x06, 0xC0, 0xA0, 0x5C,
  0x0D, 0x77, 0x10, 0x9C, 0x0A, 0x01, 0xD0, 0x37, 0x70, 0xEC, 0x81, 0xA0, 0xBC, 0x0A, 0x76, 0x04,
  0xD8, 0x1A, 0x05, 0xD0, 0x47, 0x50, 0xDD, 0x0A, 0x20, 0xDC, 0x0E, 0x03, 0x72, 0x01, 0x0B, 0xE0,
  0xA2, 0x04, 0xE0, 0x80, 0x15, 0x81, 0x16, 0xEF, 0x0A, 0x30, 0x8F, 0x83, 0xCA, 0xAB, 0xDD, 0x05,
  0xC0, 0xA4, 0x09, 0xFF, 0x90, 0x60, 0x2C, 0x0A, 0x50, 0x7F, 0xD8, 0x2E, 0x50, 0x2C, 0x0A, 0x68,
  0x11, 0x8E, 0xF8, 0x1D, 0x81, 0x20, 0x2C, 0x0A, 0x72, 0x85, 0x35, 0x77, 0x75, 0x25, 0x02, 0xC0,
  0xA7, 0x77, 0x03, 0xC0, 0xA7, 0x77, 0x04, 0xC0, 0x97, 0x77, 0x07, 0xC0, 0x77, 0x77, 0x0B, 0xC0,
  0x57, 0x76, 0x02, 0xD0, 0x17, 0x76, 0x0A, 0xC0, 0xD3, 0x04, 0x02, 0x77, 0x10, 0x7D, 0x07, 0x38,
  0x28, 0xFA, 0x57, 0x40, 0x10, 0x9D, 0x0E, 0x40, 0x8C, 0x89, 0x1B, 0x96, 0x43, 0x22, 0x35, 0x9E,
  0xE0, 0x54, 0x08, 0xFF, 0xE0, 0x85, 0x08, 0xFF, 0xD0, 0x66, 0x81, 0x17, 0xDF, 0xF9, 0x09, 0x02,
  0x73, 0x85, 0x15, 0x8A, 0xCD, 0xEA, 0x84, 0xED, 0xB8, 0x51, 0x70,
  // "Ģ" (U+0122), RLE, 590 bytes saved (64.3%)
  0x77, 0x28, 0x90, 0x13, 0x56, 0x77, 0x66, 0x53, 0x77, 0x68, 0x21, 0x5A, 0xEF, 0xC8, 0x2E, 0xA6,
  0x27, 0x60, 0x20, 0x9F, 0xFD, 0x0D, 0x07, 0x73, 0x09, 0xFF, 0xF9, 0x0B, 0x71, 0x03, 0x0D, 0xF9,
  0x85, 0xEC, 0xAA, 0xAB, 0xCF, 0x90, 0x47, 0x05, 0xF8, 0x1C, 0x62, 0x71, 0x81, 0x36, 0xBB, 0x0D,
  0x70, 0x5E, 0x0C, 0x03, 0x77, 0x82, 0x16, 0xD6, 0x60, 0x3E, 0x07, 0x77, 0x75, 0x0D, 0xD0, 0x57,
  0x77, 0x50, 0x8D, 0x06, 0x77, 0x75, 0x02, 0xD0, 0xB7, 0x77, 0x60, 0x9C, 0x0E, 0x01, 0x77, 0x75,
  0x01, 0x0E, 0xC0, 0x87, 0x77, 0x60, 0x5D, 0x01, 0x77, 0x76, 0x0A, 0xC0, 0xA7, 0x77, 0x70, 0xEC,
  0x07, 0x77, 0x76, 0x01, 0xD0, 0x37, 0x77, 0x60, 0x4D, 0x77, 0x77, 0x06, 0xC0, 0xD7, 0x77, 0x70,
  0x7C, 0x0C, 0x77, 0x77, 0x08, 0xC0, 0xB7, 0x78, 0x09, 0x12, 0x01, 0x08, 0xC0, 0xA7, 0x60, 0x3F,
  0xE0, 0x90, 0x8C, 0x0B, 0x76, 0x03, 0xFE, 0x09, 0x07, 0xC0, 0xB7, 0x60, 0x3F, 0xE0, 0x90, 0x6C,
  0x0D, 0x76, 0x03, 0xFE, 0x09, 0x04, 0xD7, 0x77, 0x10, 0x6C, 0x09, 0x02, 0xD0, 0x27, 0x77, 0x06,
  0xC0, 0x91, 0xD0, 0x57, 0x77, 0x06, 0xC8, 0x19, 0x0C, 0xC0, 0x97, 0x77, 0x06, 0xC8, 0x19, 0x08,
  0xC0, 0xE7, 0x77, 0x06, 0xC8, 0x19, 0x03, 0xD0, 0x57, 0x76, 0x06, 0xC0, 0x92, 0x0D, 0xC0, 0xC7,
  0x76, 0x06, 0xC0, 0x92, 0x06, 0xD0, 0x67, 0x75, 0x06, 0xC0, 0x93, 0x0D, 0xC0, 0xE0, 0x27, 0x74,
  0x06, 0xC0, 0x93, 0x05, 0xD0, 0xD0, 0x17, 0x73, 0x06, 0xC0, 0x94, 0x0A, 0xD0, 0xD0, 0x37, 0x72,
  0x06, 0xC0, 0x94, 0x01, 0x0D, 0xE0, 0x80, 0x17, 0x70, 0x6C, 0x09, 0x50, 0x10, 0xDE, 0x82, 0xE9,
  0x41, 0x72, 0x81, 0x25, 0xBC, 0x09, 0x60, 0x10, 0xCF, 0xA8, 0x7D, 0xBA, 0xAA, 0xAB, 0xDE, 0xF0,
  0x97, 0x10, 0x8F, 0xFF, 0xB0, 0x97, 0x20, 0x20, 0xAF, 0xFF, 0x0D, 0x06, 0x74, 0x81, 0x16, 0xBF,
  0xE8, 0x3E, 0xB9, 0x51, 0x77, 0x38, 0x92, 0x24, 0x66, 0x77, 0x66, 0x54, 0x21, 0x80, 0x9B, 0x10,
  0x0D, 0xC0, 0x17, 0x77, 0x7C, 0x0C, 0x77, 0x77, 0x03, 0xC0, 0x67, 0x77, 0x70, 0x7B, 0x0E, 0x77,
  0x77, 0x10, 0xBB, 0x06, 0x77, 0x77, 0x1B, 0x0D, 0x77, 0x77, 0x10, 0x5B, 0x05, 0x77, 0x77, 0x10,
  0xBA, 0x0B, 0x77, 0x77, 0x2A, 0x0D, 0x01, 0x77,
  // "ģ" (U+0123), RLE, 430 bytes saved (55.8%)
  0x77, 0x0C, 0xA0, 0x47, 0x77, 0x10, 0x7A, 0x0E, 0x77, 0x71, 0x02, 0xB0, 0x97, 0x77, 0x10, 0xAB,
  0x04, 0x77, 0x70, 0x3C, 0x77, 0x71, 0x0A, 0xB0, 0xB7, 0x77, 0x02, 0xC0, 0x77, 0x77, 0x08, 0xC0,
  0x37, 0x77, 0x0D, 0xC8, 0x09, 0xC2, 0x08, 0x52, 0x57, 0x76, 0x51, 0x77, 0x38, 0x11, 0x8E, 0xF0,
  0xC0, 0x64, 0x04, 0xB0, 0xA5, 0x05, 0x0E, 0xFC, 0x0D, 0x03, 0x20, 0x7B, 0x0A, 0x40, 0x8F, 0xF9,
  0x81, 0x50, 0x9B, 0x0A, 0x30, 0x7F, 0x83, 0xCA, 0xAB, 0xDD, 0x04, 0x0C, 0xB0, 0xA2, 0x02, 0xE0,
  0x80, 0x15, 0x02, 0x08, 0xB0, 0xEC, 0x0A, 0x20, 0xBD, 0x04, 0x72, 0x02, 0x0E, 0xE8, 0x1A, 0x04,
  0xD0, 0x57, 0x40, 0x2E, 0x81, 0xA0, 0xAC, 0x0B, 0x76, 0x08, 0xD0, 0xA0, 0x1D, 0x03, 0x76, 0x01,
  0xD0, 0xA0, 0x4C, 0x0E, 0x77, 0x10, 0xBC, 0x0A, 0x07, 0xC0, 0x97, 0x71, 0x08, 0xC0, 0x0A, 0xC0,
  0x77, 0x71, 0x06, 0xC0, 0xA0, 0xBC, 0x04, 0x77, 0x10, 0x4C, 0x0A, 0x0C, 0xC0, 0x37, 0x71, 0x03,
  0xC0, 0xA0, 0xDC, 0x03, 0x77, 0x10, 0x2C, 0x0A, 0x0D, 0xC0, 0x37, 0x71, 0x02, 0xC0, 0xA0, 0xDC,
  0x03, 0x77, 0x10, 0x2C, 0x0A, 0x0C, 0xC0, 0x47, 0x71, 0x03, 0xC0, 0x0A, 0xC0, 0x67, 0x71, 0x04,
  0xC0, 0xA0, 0x8C, 0x09, 0x77, 0x10, 0x6C, 0x0A, 0x05, 0xC0, 0xD7, 0x71, 0x09, 0xC0, 0xA0, 0x1D,
  0x03, 0x77, 0x0E, 0xC8, 0x1A, 0x0B, 0xC0, 0xA7, 0x60, 0x4D, 0x81, 0xA0, 0x5D, 0x04, 0x75, 0x0D,
  0xD0, 0xA2, 0x0D, 0xC0, 0xE0, 0x37, 0x20, 0x10, 0xBE, 0x0A, 0x20, 0x4E, 0x08, 0x01, 0x58, 0x11,
  0x6E, 0xF0, 0xA3, 0x08, 0xF8, 0x3C, 0xAA, 0xBD, 0xD0, 0x5C, 0x0A, 0x40, 0x9F, 0xF9, 0x06, 0x02,
  0xC0, 0xA5, 0x07, 0xFD, 0x82, 0xE5, 0x02, 0xC0, 0xA6, 0x81, 0x18, 0xEF, 0x81, 0xD8, 0x12, 0x02,
  0xC0, 0xA7, 0x28, 0x53, 0x57, 0x77, 0x52, 0x50, 0x2C, 0x0A, 0x77, 0x70, 0x3C, 0x0A, 0x77, 0x70,
  0x4C, 0x09, 0x77, 0x70, 0x7C, 0x07, 0x77, 0x70, 0xBC, 0x05, 0x77, 0x60, 0x2D, 0x01, 0x77, 0x60,
  0xAC, 0x0D, 0x30, 0x40, 0x27, 0x71, 0x07, 0xD0, 0x73, 0x82, 0x8F, 0xA5, 0x74, 0x01, 0x09, 0xD0,
  0xE4, 0x08, 0xC8, 0x91, 0xB9, 0x64, 0x32, 0x23, 0x59, 0xEE, 0x05, 0x40, 0x8F, 0xFE, 0x08, 0x50,
  0x8F, 0xFD, 0x06, 0x68, 0x11, 0x7D, 0xFF, 0x90, 0x90, 0x27, 0x38, 0x51, 0x58, 0xAC, 0xDE, 0xA8,
  0x4E, 0xDB, 0x85, 0x17,
  // "Ĥ" (U+0124), RLE, 578 bytes saved (70.3%)
  0x75, 0x03, 0xD0, 0x77, 0x77, 0x30, 0xCD, 0x0E, 0x02, 0x77, 0x71, 0x09, 0xF0, 0xC7, 0x77, 0x06,
  0xFA, 0x0A, 0x77, 0x50, 0x4C, 0x81, 0xD3, 0xBC, 0x08, 0x77, 0x30, 0x20, 0xEB, 0x0C, 0x01, 0x20,
  0xAC, 0x06, 0x77, 0x10, 0x10, 0xDB, 0x0C, 0x01, 0x40, 0x9C, 0x05, 0x76, 0x01, 0x0D, 0xB0, 0x97,
  0x06, 0xC0, 0x47, 0x50, 0xAA, 0x0E, 0x05, 0x72, 0x03, 0x0C, 0xB0, 0x18, 0x09, 0xB6, 0x00, 0x8C,
  0x07, 0x77, 0x6D, 0x08, 0xC0, 0x77, 0x76, 0xD0, 0x8C, 0x07, 0x77, 0x6D, 0x08, 0xC0, 0x77, 0x76,
  0xD0, 0x8C, 0x07, 0x77, 0x6D, 0x08, 0xC0, 0x77, 0x76, 0xD0, 0x8C, 0x07, 0x77, 0x6D, 0x08, 0xC0,
  0x77, 0x76, 0xD0, 0x8C, 0x07, 0x77, 0x6D, 0x08, 0xC0, 0x77, 0x76, 0xD0, 0x8C, 0x07, 0x77, 0x6D,
  0x08, 0xC0, 0x77, 0x76, 0xD0, 0x8C, 0x07, 0x77, 0x6D, 0x08, 0xC0, 0x77, 0x76, 0xD0, 0x8C, 0x07,
  0x77, 0x6D, 0x08, 0xC0, 0x77, 0x76, 0xD0, 0x8C, 0x07, 0x77, 0x6D, 0x08, 0xC0, 0x88, 0x0A, 0x02,
  0xD0, 0x8F, 0xFF, 0xFA, 0x08, 0xFF, 0xFF, 0xA0, 0x8F, 0xFF, 0xFA, 0x08, 0xFF, 0xFF, 0xA0, 0x8C,
  0x07, 0x77, 0x6D, 0x08, 0xC0, 0x77, 0x76, 0xD0, 0x8C, 0x07, 0x77, 0x6D, 0x08, 0xC0, 0x77, 0x76,
  0xD0, 0x8C, 0x07, 0x77, 0x6D, 0x08, 0xC0, 0x77, 0x76, 0xD0, 0x8C, 0x07, 0x77, 0x6D, 0x08, 0xC0,
  0x77, 0x76, 0xD0, 0x8C, 0x07, 0x77, 0x6D, 0x08, 0xC0, 0x77, 0x76, 0xD0, 0x8C, 0x07, 0x77, 0x6D,
  0x08, 0xC0, 0x77, 0x76, 0xD0, 0x8C, 0x07, 0x77, 0x6D, 0x08, 0xC0, 0x77, 0x76, 0xD0, 0x8C, 0x07,
  0x77, 0x6D, 0x08, 0xC0, 0x77, 0x76, 0xD0, 0x8C, 0x07, 0x77, 0x6D, 0x08, 0xC0, 0x77, 0x76, 0xD0,
  0x8C, 0x07, 0x77, 0x6D,
  // "ĥ" (U+0125), RLE, 584 bytes saved (63.2%)
  0x60, 0x3D, 0x07, 0x77, 0x75, 0x0C, 0xD0, 0xE0, 0x27, 0x77, 0x30, 0x9F, 0x0C, 0x77, 0x72, 0x06,
  0xFA, 0x0A, 0x77, 0x70, 0x4C, 0x81, 0xD3, 0xBC, 0x08, 0x77, 0x50, 0x20, 0xEB, 0x0C, 0x01, 0x20,
  0xAC, 0x06, 0x77, 0x30, 0x10, 0xDB, 0x0C, 0x01, 0x40, 0x9C, 0x05, 0x77, 0x10, 0x10, 0xDB, 0x09,
  0x70, 0x6C, 0x04, 0x77, 0x0A, 0xA0, 0xE0, 0x57, 0x20, 0x30, 0xCB, 0x01, 0x80, 0xAA, 0x30, 0x03,
  0xC0, 0xA7, 0x77, 0x60, 0x3C, 0x0A, 0x77, 0x76, 0x03, 0xC0, 0xA7, 0x77, 0x60, 0x3C, 0x0A, 0x77,
  0x76, 0x03, 0xC0, 0xA7, 0x77, 0x60, 0x3C, 0x0A, 0x77, 0x76, 0x03, 0xC0, 0xA7, 0x77, 0x60, 0x3C,
  0x0A, 0x77, 0x76, 0x03, 0xC0, 0xA7, 0x77, 0x60, 0x3C, 0x0A, 0x77, 0x76, 0x03, 0xC0, 0xA7, 0x77,
  0x60, 0x3C, 0x0A, 0x77, 0x76, 0x03, 0xC0, 0xA6, 0x85, 0x35, 0x77, 0x65, 0x27, 0x70, 0x3C, 0x0A,
  0x38, 0x11, 0x8E, 0xF8, 0x1E, 0x92, 0x74, 0x03, 0xC0, 0xA2, 0x07, 0x0E, 0xFD, 0x07, 0x73, 0x03,
  0xC8, 0x19, 0x09, 0xFF, 0x90, 0x97, 0x20, 0x3C, 0x00, 0x7D, 0x83, 0xCB, 0xAB, 0xDF, 0x06, 0x71,
  0x03, 0xC0, 0xBB, 0x0B, 0x04, 0x60, 0x20, 0xAD, 0x0E, 0x71, 0x03, 0xF0, 0x77, 0x30, 0x7D, 0x05,
  0x70, 0x3E, 0x09, 0x75, 0x0B, 0xC0, 0x97, 0x03, 0xD0, 0xE0, 0x17, 0x50, 0x4C, 0x0D, 0x70, 0x3D,
  0x09, 0x77, 0xC0, 0xE7, 0x03, 0xD0, 0x47, 0x70, 0xDC, 0x70, 0x3D, 0x77, 0x10, 0xCC, 0x01, 0x60,
  0x3C, 0x0D, 0x77, 0x10, 0xCC, 0x01, 0x60, 0x3C, 0x0C, 0x77, 0x10, 0xCC, 0x01, 0x60, 0x3C, 0x0B,
  0x77, 0x10, 0xCC, 0x01, 0x60, 0x3C, 0x0A, 0x77, 0x10, 0xCC, 0x01, 0x60, 0x3C, 0x0A, 0x77, 0x10,
  0xCC, 0x01, 0x60, 0x3C, 0x0A, 0x77, 0x10, 0xCC, 0x01, 0x60, 0x3C, 0x0A, 0x77, 0x10, 0xCC, 0x01,
  0x60, 0x3C, 0x0A, 0x77, 0x10, 0xCC, 0x01, 0x60, 0x3C, 0x0A, 0x77, 0x10, 0xCC, 0x01, 0x60, 0x3C,
  0x0A, 0x77, 0x10, 0xCC, 0x01, 0x60, 0x3C, 0x0A, 0x77, 0x10, 0xCC, 0x01, 0x60, 0x3C, 0x0A, 0x77,
  0x10, 0xCC, 0x01, 0x60, 0x3C, 0x0A, 0x77, 0x10, 0xCC, 0x01, 0x60, 0x3C, 0x0A, 0x77, 0x10, 0xCC,
  0x01, 0x60, 0x3C, 0x0A, 0x77, 0x10, 0xCC, 0x01, 0x60, 0x3C, 0x0A, 0x77, 0x10, 0xCC, 0x01, 0x60,
  0x3C, 0x0A, 0x77, 0x10, 0xCC, 0x01, 0x60, 0x3C, 0x0A, 0x77, 0x10, 0xCC, 0x01, 0x60, 0x3C, 0x0A,
  0x77, 0x10, 0xCC, 0x01,
  // "Ħ" (U+0126), RLE, 642 bytes saved (74.6%)
  0x50, 0x8C, 0x07, 0x77, 0x6D, 0x74, 0x08, 0xC0, 0x77, 0x76, 0xD7, 0x40, 0x8C, 0x07, 0x77, 0x6D,
  0x74, 0x08, 0xC0, 0x77, 0x76, 0xD7, 0x40, 0x8C, 0x07, 0x77, 0x6D, 0x74, 0x08, 0xC0, 0x77, 0x76,
  0xD7, 0x40, 0x8C, 0x07, 0x77, 0x6D, 0x68, 0x0C, 0x5F, 0x06, 0x80, 0xC5, 0xF0, 0x68, 0x0C, 0x5F,
  0x06, 0x80, 0xC5, 0xF0, 0x68, 0x01, 0x20, 0x9C, 0x08, 0x80, 0xA0, 0x2D, 0x80, 0x12, 0x60, 0x8C,
  0x07, 0x77, 0x6D, 0x74, 0x08, 0xC0, 0x77, 0x76, 0xD7, 0x40, 0x8C, 0x07, 0x77, 0x6D, 0x74, 0x08,
  0xC0, 0x77, 0x76, 0xD7, 0x40, 0x8C, 0x07, 0x77, 0x6D, 0x74, 0x08, 0xC0, 0x88, 0x0A, 0x02, 0xD7,
  0x40, 0x8F, 0xFF, 0xFA, 0x74, 0x08, 0xFF, 0xFF, 0xA7, 0x40, 0x8F, 0xFF, 0xFA, 0x74, 0x08, 0xFF,
  0xFF, 0xA7, 0x40, 0x8C, 0x07, 0x77, 0x6D, 0x74, 0x08, 0xC0, 0x77, 0x76, 0xD7, 0x40, 0x8C, 0x07,
  0x77, 0x6D, 0x74, 0x08, 0xC0, 0x77, 0x76, 0xD7, 0x40, 0x8C, 0x07, 0x77, 0x6D, 0x74, 0x08, 0xC0,
  0x77, 0x76, 0xD7, 0x40, 0x8C, 0x07, 0x77, 0x6D, 0x74, 0x08, 0xC0, 0x77, 0x76, 0xD7, 0x40, 0x8C,
  0x07, 0x77, 0x6D, 0x74, 0x08, 0xC0, 0x77, 0x76, 0xD7, 0x40, 0x8C, 0x07, 0x77, 0x6D, 0x74, 0x08,
  0xC0, 0x77, 0x76, 0xD7, 0x40, 0x8C, 0x07, 0x77, 0x6D, 0x74, 0x08, 0xC0, 0x77, 0x76, 0xD7, 0x40,
  0x8C, 0x07, 0x77, 0x6D, 0x74, 0x08, 0xC0, 0x77, 0x76, 0xD7, 0x40, 0x8C, 0x07, 0x77, 0x6D, 0x74,
  0x08, 0xC0, 0x77, 0x76, 0xD7, 0x40, 0x8C, 0x07, 0x77, 0x6D, 0x60,
  // "ħ" (U+0127), RLE, 385 bytes saved (57.7%)
  0x40, 0x3C, 0x0A, 0x77, 0x74, 0x03, 0xC0, 0xA7, 0x77, 0x40, 0x3C, 0x0A, 0x77, 0x74, 0x03, 0xC0,
  0xA7, 0x77, 0x83, 0x12, 0x22, 0x5C, 0x0B, 0x80, 0x72, 0x01, 0x72, 0x07, 0xFF, 0xE0, 0x87, 0x20,
  0x7F, 0xFE, 0x08, 0x72, 0x07, 0xFF, 0xE0, 0x87, 0x20, 0x7F, 0xFE, 0x08, 0x76, 0x03, 0xC0, 0xA7,
  0x77, 0x40, 0x3C, 0x0A, 0x77, 0x74, 0x03, 0xC0, 0xA7, 0x77, 0x40, 0x3C, 0x0A, 0x77, 0x74, 0x03,
  0xC0, 0xA4, 0x89, 0x11, 0x7B, 0xDE, 0xFE, 0xDA, 0x61, 0x73, 0x03, 0xC0, 0xA2, 0x01, 0x09, 0xFC,
  0x09, 0x01, 0x71, 0x03, 0xC8, 0x29, 0x04, 0xEF, 0xE0, 0xD0, 0x27, 0x03, 0xC0, 0x80, 0x4F, 0xFA,
  0x0D, 0x01, 0x60, 0x3C, 0x08, 0x0E, 0xB8, 0x6C, 0x74, 0x32, 0x35, 0xAE, 0x09, 0x60, 0x3F, 0x0D,
  0x04, 0x71, 0x02, 0x0D, 0xD0, 0x15, 0x03, 0xE0, 0xD0, 0x17, 0x30, 0x20, 0xEC, 0x07, 0x50, 0x3E,
  0x04, 0x75, 0x08, 0xC0, 0xA5, 0x03, 0xD0, 0xC7, 0x60, 0x2C, 0x0D, 0x50, 0x3D, 0x07, 0x77, 0x0E,
  0xC5, 0x03, 0xD0, 0x27, 0x70, 0xDC, 0x50, 0x3D, 0x77, 0x10, 0xCC, 0x01, 0x40, 0x3C, 0x0D, 0x77,
  0x10, 0xCC, 0x01, 0x40, 0x3C, 0x0B, 0x77, 0x10, 0xCC, 0x01, 0x40, 0x3C, 0x0B, 0x77, 0x10, 0xCC,
  0x01, 0x40, 0x3C, 0x0A, 0x77, 0x10, 0xCC, 0x01, 0x40, 0x3C, 0x0A, 0x77, 0x10, 0xCC, 0x01, 0x40,
  0x3C, 0x0A, 0x77, 0x10, 0xCC, 0x01, 0x40, 0x3C, 0x0A, 0x77, 0x10, 0xCC, 0x01, 0x40, 0x3C, 0x0A,
  0x77, 0x10, 0xCC, 0x01, 0x40, 0x3C, 0x0A, 0x77, 0x10, 0xCC, 0x01, 0x40, 0x3C, 0x0A, 0x77, 0x10,
  0xCC, 0x01, 0x40, 0x3C, 0x0A, 0x77, 0x10, 0xCC, 0x01, 0x40, 0x3C, 0x0A, 0x77, 0x10, 0xCC, 0x01,
  0x40, 0x3C, 0x0A, 0x77, 0x10, 0xCC, 0x01, 0x40, 0x3C, 0x0A, 0x77, 0x10, 0xCC, 0x01, 0x40, 0x3C,
  0x0A, 0x77, 0x10, 0xCC, 0x01, 0x40, 0x3C, 0x0A, 0x77, 0x10, 0xCC, 0x01, 0x40, 0x3C, 0x0A, 0x77,
  0x10, 0xCC, 0x01, 0x40, 0x3C, 0x0A, 0x77, 0x10, 0xCC, 0x01,
  // "Ĩ" (U+0128), RLE, 353 bytes saved (64.7%)
  0x60, 0x17, 0x48, 0x12, 0x21, 0x30, 0x50, 0xCB, 0x0B, 0x05, 0x70, 0x3A, 0x0A, 0x20, 0x8F, 0x0D,
  0x05, 0x50, 0xAA, 0x81, 0x70, 0x4F, 0xB8, 0x3C, 0x63, 0x39, 0xB8, 0x13, 0x0D, 0xFF, 0xB8, 0x1C,
  0x03, 0xB8, 0x38, 0x10, 0x3A, 0xFB, 0x81, 0x30, 0x7A, 0x0A, 0x50, 0x20, 0xAF, 0x06, 0x20, 0xAA,
  0x04, 0x78, 0x52, 0x9D, 0xFE, 0xA3, 0x80, 0x98, 0x10, 0x0B, 0xFE, 0x0A, 0x60, 0xBF, 0xE0, 0xA6,
  0x0B, 0xFE, 0x0A, 0x68, 0x16, 0xBE, 0xFA, 0x81, 0xEB, 0x57, 0x20, 0x30, 0x7D, 0x06, 0x03, 0x76,
  0x01, 0xD7, 0x71, 0x01, 0xD7, 0x71, 0x01, 0xD7, 0x71, 0x01, 0xD7, 0x71, 0x01, 0xD7, 0x71, 0x01,
  0xD7, 0x71, 0x01, 0xD7, 0x71, 0x01, 0xD7, 0x71, 0x01, 0xD7, 0x71, 0x01, 0xD7, 0x71, 0x01, 0xD7,
  0x71, 0x01, 0xD7, 0x71, 0x01, 0xD7, 0x71, 0x01, 0xD7, 0x71, 0x01, 0xD7, 0x71, 0x01, 0xD7, 0x71,
  0x01, 0xD7, 0x71, 0x01, 0xD7, 0x71, 0x01, 0xD7, 0x71, 0x01, 0xD7, 0x71, 0x01, 0xD7, 0x71, 0x01,
  0xD7, 0x71, 0x01, 0xD7, 0x71, 0x01, 0xD7, 0x71, 0x01, 0xD7, 0x71, 0x01, 0xD7, 0x71, 0x01, 0xD7,
  0x71, 0x01, 0xD7, 0x71, 0x01, 0xD7, 0x71, 0x01, 0xD7, 0x71, 0x01, 0xD7, 0x71, 0x01, 0xD7, 0x58,
  0x23, 0x7A, 0xED, 0x82, 0xDA, 0x63, 0x70, 0xBF, 0xE0, 0xA6, 0x0B, 0xFE, 0x0A, 0x60, 0xBF, 0xE0,
  0xA3,
  // "ĩ" (U+0129), RLE, 264 bytes saved (59.9%)
  0x60, 0x17, 0x48, 0x12, 0x21, 0x30, 0x50, 0xCB, 0x0B, 0x05, 0x70, 0x3A, 0x0A, 0x20, 0x8F, 0x0D,
  0x05, 0x50, 0xAA, 0x81, 0x70, 0x4F, 0xB8, 0x3C, 0x63, 0x39, 0xB8, 0x13, 0x0D, 0xFF, 0xB8, 0x1C,
  0x03, 0xB8, 0x38, 0x10, 0x3A, 0xFB, 0x81, 0x30, 0x7A, 0x0A, 0x50, 0x20, 0xAF, 0x06, 0x20, 0xAA,
  0x04, 0x78, 0x52, 0x9D, 0xFE, 0xA3, 0x80, 0x9B, 0x20, 0x03, 0xC0, 0xA7, 0x71, 0x03, 0xC0, 0xA7,
  0x71, 0x03, 0xC0, 0xA7, 0x71, 0x03, 0xC0, 0xA7, 0x71, 0x03, 0xC0, 0xA7, 0x71, 0x03, 0xC0, 0xA7,
  0x71, 0x03, 0xC0, 0xA7, 0x71, 0x03, 0xC0, 0xA7, 0x71, 0x03, 0xC0, 0xA7, 0x71, 0x03, 0xC0, 0xA7,
  0x71, 0x03, 0xC0, 0xA7, 0x71, 0x03, 0xC0, 0xA7, 0x71, 0x03, 0xC0, 0xA7, 0x71, 0x03, 0xC0, 0xA7,
  0x71, 0x03, 0xC0, 0xA7, 0x71, 0x03, 0xC0, 0xA7, 0x71, 0x03, 0xC0, 0xA7, 0x71, 0x03, 0xC0, 0xA7,
  0x71, 0x03, 0xC0, 0xA7, 0x71, 0x03, 0xC0, 0xA7, 0x71, 0x03, 0xC0, 0xA7, 0x71, 0x03, 0xC0, 0xA7,
  0x71, 0x03, 0xC0, 0xA7, 0x71, 0x03, 0xC0, 0xA7, 0x71, 0x03, 0xC0, 0xA7, 0x71, 0x03, 0xC0, 0xA7,
  0x71, 0x03, 0xC0, 0xA7, 0x71, 0x03, 0xC0, 0xA7, 0x71, 0x03, 0xC0, 0xA7, 0x71, 0x03, 0xC0, 0xA7,
  0x10,
  // "Ī" (U+012A), RLE, 276 bytes saved (66.2%)
  0x01, 0x80, 0x93, 0x20, 0x10, 0xBF, 0xF9, 0x0D, 0x0B, 0xFF, 0x90, 0xD0, 0xBF, 0xF9, 0x0D, 0x0B,
  0xFF, 0x90, 0xD8, 0x0E, 0x00, 0x0B, 0xFE, 0x0A, 0x20, 0xBF, 0xE0, 0xA2, 0x0B, 0xFE, 0x0A, 0x28,
  0x16, 0xBE, 0xFA, 0x81, 0xEB, 0x55, 0x03, 0x07, 0xD0, 0x60, 0x37, 0x20, 0x1D, 0x74, 0x01, 0xD7,
  0x40, 0x1D, 0x74, 0x01, 0xD7, 0x40, 0x1D, 0x74, 0x01, 0xD7, 0x40, 0x1D, 0x74, 0x01, 0xD7, 0x40,
  0x1D, 0x74, 0x01, 0xD7, 0x40, 0x1D, 0x74, 0x01, 0xD7, 0x40, 0x1D, 0x74, 0x01, 0xD7, 0x40, 0x1D,
  0x74, 0x01, 0xD7, 0x40, 0x1D, 0x74, 0x01, 0xD7, 0x40, 0x1D, 0x74, 0x01, 0xD7, 0x40, 0x1D, 0x74,
  0x01, 0xD7, 0x40, 0x1D, 0x74, 0x01, 0xD7, 0x40, 0x1D, 0x74, 0x01, 0xD7, 0x40, 0x1D, 0x74, 0x01,
  0xD7, 0x40, 0x1D, 0x74, 0x01, 0xD7, 0x40, 0x1D, 0x74, 0x01, 0xD7, 0x18, 0x23, 0x7A, 0xED, 0x82,
  0xDA, 0x63, 0x30, 0xBF, 0xE0, 0xA2, 0x0B, 0xFE, 0x0A, 0x20, 0xBF, 0xE0, 0xA1,
  // "ī" (U+012B), RLE, 206 bytes saved (62.0%)
  0x01, 0x80, 0x93, 0x20, 0x10, 0xBF, 0xF9, 0x0D, 0x0B, 0xFF, 0x90, 0xD0, 0xBF, 0xF9, 0x0D, 0x0B,
  0xFF, 0x90, 0xD8, 0x09, 0x85, 0x00, 0x3C, 0x0A, 0x74, 0x03, 0xC0, 0xA7, 0x40, 0x3C, 0x0A, 0x74,
  0x03, 0xC0, 0xA7, 0x40, 0x3C, 0x0A, 0x74, 0x03, 0xC0, 0xA7, 0x40, 0x3C, 0x0A, 0x74, 0x03, 0xC0,
  0xA7, 0x40, 0x3C, 0x0A, 0x74, 0x03, 0xC0, 0xA7, 0x40, 0x3C, 0x0A, 0x74, 0x03, 0xC0, 0xA7, 0x40,
  0x3C, 0x0A, 0x74, 0x03, 0xC0, 0xA7, 0x40, 0x3C, 0x0A, 0x74, 0x03, 0xC0, 0xA7, 0x40, 0x3C, 0x0A,
  0x74, 0x03, 0xC0, 0xA7, 0x40, 0x3C, 0x0A, 0x74, 0x03, 0xC0, 0xA7, 0x40, 0x3C, 0x0A, 0x74, 0x03,
  0xC0, 0xA7, 0x40, 0x3C, 0x0A, 0x74, 0x03, 0xC0, 0xA7, 0x40, 0x3C, 0x0A, 0x74, 0x03, 0xC0, 0xA7,
  0x40, 0x3C, 0x0A, 0x74, 0x03, 0xC0, 0xA7, 0x40, 0x3C, 0x0A, 0x74, 0x03, 0xC0, 0xA6,
  // "Ĭ" (U+012C), RLE, 300 bytes saved (64.1%)
  0x82, 0x57, 0x72, 0x73, 0x83, 0x37, 0x74, 0x9A, 0x07, 0x73, 0x0A, 0xA0, 0x70, 0x6A, 0x0E, 0x01,
  0x71, 0x05, 0xB0, 0x30, 0x1B, 0x87, 0xE8, 0x43, 0x22, 0x46, 0xBB, 0x0D, 0x20, 0x8F, 0xF0, 0x43,
  0x0C, 0xFD, 0x07, 0x50, 0xAF, 0xA0, 0xE0, 0x57, 0x87, 0x38, 0xCE, 0xFE, 0xDA, 0x68, 0x0F, 0x00,
  0x0B, 0xFE, 0x0A, 0x30, 0xBF, 0xE0, 0xA3, 0x0B, 0xFE, 0x0A, 0x38, 0x16, 0xBE, 0xFA, 0x81, 0xEB,
  0x56, 0x03, 0x07, 0xD0, 0x60, 0x37, 0x30, 0x1D, 0x75, 0x01, 0xD7, 0x50, 0x1D, 0x75, 0x01, 0xD7,
  0x50, 0x1D, 0x75, 0x01, 0xD7, 0x50, 0x1D, 0x75, 0x01, 0xD7, 0x50, 0x1D, 0x75, 0x01, 0xD7, 0x50,
  0x1D, 0x75, 0x01, 0xD7, 0x50, 0x1D, 0x75, 0x01, 0xD7, 0x50, 0x1D, 0x75, 0x01, 0xD7, 0x50, 0x1D,
  0x75, 0x01, 0xD7, 0x50, 0x1D, 0x75, 0x01, 0xD7, 0x50, 0x1D, 0x75, 0x01, 0xD7, 0x50, 0x1D, 0x75,
  0x01, 0xD7, 0x50, 0x1D, 0x75, 0x01, 0xD7, 0x50, 0x1D, 0x75, 0x01, 0xD7, 0x50, 0x1D, 0x75, 0x01,
  0xD7, 0x50, 0x1D, 0x75, 0x01, 0xD7, 0x28, 0x23, 0x7A, 0xED, 0x82, 0xDA, 0x63, 0x40, 0xBF, 0xE0,
  0xA3, 0x0B, 0xFE, 0x0A, 0x30, 0xBF, 0xE0, 0xA2,
  // "ĭ" (U+012D), RLE, 225 bytes saved (59.5%)
  0x82, 0x57, 0x72, 0x73, 0x83, 0x37, 0x74, 0x9A, 0x07, 0x73, 0x0A, 0xA0, 0x70, 0x6A, 0x0E, 0x01,
  0x71, 0x05, 0xB0, 0x30, 0x1B, 0x87, 0xE8, 0x43, 0x22, 0x46, 0xBB, 0x0D, 0x20, 0x8F, 0xF0, 0x43,
  0x0C, 0xFD, 0x07, 0x50, 0xAF, 0xA0, 0xE0, 0x57, 0x87, 0x38, 0xCE, 0xFE, 0xDA, 0x68, 0x09, 0x96,
  0x00, 0x3C, 0x0A, 0x75, 0x03, 0xC0, 0xA7, 0x50, 0x3C, 0x0A, 0x75, 0x03, 0xC0, 0xA7, 0x50, 0x3C,
  0x0A, 0x75, 0x03, 0xC0, 0xA7, 0x50, 0x3C, 0x0A, 0x75, 0x03, 0xC0, 0xA7, 0x50, 0x3C, 0x0A, 0x75,
  0x03, 0xC0, 0xA7, 0x50, 0x3C, 0x0A, 0x75, 0x03, 0xC0, 0xA7, 0x50, 0x3C, 0x0A, 0x75, 0x03, 0xC0,
  0xA7, 0x50, 0x3C, 0x0A, 0x75, 0x03, 0xC0, 0xA7, 0x50, 0x3C, 0x0A, 0x75, 0x03, 0xC0, 0xA7, 0x50,
  0x3C, 0x0A, 0x75, 0x03, 0xC0, 0xA7, 0x50, 0x3C, 0x0A, 0x75, 0x03, 0xC0, 0xA7, 0x50, 0x3C, 0x0A,
  0x75, 0x03, 0xC0, 0xA7, 0x50, 0x3C, 0x0A, 0x75, 0x03, 0xC0, 0xA7, 0x50, 0x3C, 0x0A, 0x75, 0x03,
  0xC0, 0xA7, 0x50, 0x3C, 0x0A, 0x75, 0x03, 0xC0, 0xA7,
  // "Į" (U+012E), RLE, 236 bytes saved (59.3%)
  0x0B, 0xFE, 0x0A, 0x0B, 0xFE, 0x0A, 0x0B, 0xFE, 0x82, 0xA6, 0xBE, 0xFA, 0x81, 0xEB, 0x53, 0x03,
  0x07, 0xD0, 0x60, 0x37, 0x01, 0xD7, 0x20, 0x1D, 0x72, 0x01, 0xD7, 0x20, 0x1D, 0x72, 0x01, 0xD7,
  0x20, 0x1D, 0x72, 0x01, 0xD7, 0x20, 0x1D, 0x72, 0x01, 0xD7, 0x20, 0x1D, 0x72, 0x01, 0xD7, 0x20,
  0x1D, 0x72, 0x01, 0xD7, 0x20, 0x1D, 0x72, 0x01, 0xD7, 0x20, 0x1D, 0x72, 0x01, 0xD7, 0x20, 0x1D,
  0x72, 0x01, 0xD7, 0x20, 0x1D, 0x72, 0x01, 0xD7, 0x20, 0x1D, 0x72, 0x01, 0xD7, 0x20, 0x1D, 0x72,
  0x01, 0xD7, 0x20, 0x1D, 0x72, 0x01, 0xD7, 0x20, 0x1D, 0x72, 0x01, 0xD7, 0x20, 0x1D, 0x72, 0x01,
  0xD7, 0x20, 0x1D, 0x68, 0x23, 0x7A, 0xED, 0x84, 0xDA, 0x63, 0x0B, 0xFE, 0x0A, 0x0B, 0xFE, 0x0A,
  0x0B, 0xFE, 0x0A, 0x71, 0x05, 0xB0, 0x77, 0x20, 0x5B, 0x08, 0x72, 0x02, 0xB0, 0xB7, 0x30, 0xCB,
  0x01, 0x72, 0x04, 0xB0, 0x97, 0x30, 0x9B, 0x06, 0x73, 0x0B, 0xB0, 0x47, 0x30, 0xBB, 0x07, 0x73,
  0x08, 0xB0, 0xE0, 0x42, 0x00, 0x25, 0x02, 0xF9, 0x07, 0x60, 0x6F, 0x07, 0x78, 0x13, 0xAD, 0xA8,
  0x1E, 0xB4,
  // "į" (U+012F), RLE, 119 bytes saved (44.1%)
  0x48, 0x36, 0xDE, 0xA1, 0x40, 0x4C, 0x0C, 0x40, 0x8D, 0x40, 0x8D, 0x40, 0x4C, 0x0B, 0x58, 0x36,
  0xDE, 0xA1, 0x80, 0xF4, 0x00, 0x3C, 0x0A, 0x40, 0x3C, 0x0A, 0x40, 0x3C, 0x0A, 0x40, 0x3C, 0x0A,
  0x40, 0x3C, 0x0A, 0x40, 0x3C, 0x0A, 0x40, 0x3C, 0x0A, 0x40, 0x3C, 0x0A, 0x40, 0x3C, 0x0A, 0x40,
  0x3C, 0x0A, 0x40, 0x3C, 0x0A, 0x40, 0x3C, 0x0A, 0x40, 0x3C, 0x0A, 0x40, 0x3C, 0x0A, 0x40, 0x3C,
  0x0A, 0x40, 0x3C, 0x0A, 0x40, 0x3C, 0x0A, 0x40, 0x3C, 0x0A, 0x40, 0x3C, 0x0A, 0x40, 0x3C, 0x0A,
  0x40, 0x3C, 0x0A, 0x40, 0x3C, 0x0A, 0x40, 0x3C, 0x0A, 0x40, 0x3C, 0x0A, 0x40, 0x3C, 0x0A, 0x40,
  0x3C, 0x0A, 0x40, 0x3C, 0x0A, 0x40, 0x3C, 0x0A, 0x40, 0x3C, 0x0A, 0x40, 0x3C, 0x0A, 0x40, 0x5B,
  0x07, 0x40, 0x5B, 0x08, 0x40, 0x2B, 0x0B, 0x50, 0xCB, 0x01, 0x40, 0x4B, 0x09, 0x50, 0x9B, 0x06,
  0x50, 0xBB, 0x04, 0x50, 0xBB, 0x07, 0x50, 0x8B, 0x0E, 0x04, 0x20, 0xF2, 0xF9, 0x81, 0x70, 0x6F,
  0x07, 0x28, 0x13, 0xAD, 0xA8, 0x1E, 0xB4,
  // "İ" (U+0130), RLE, 243 bytes saved (63.4%)
  0x68, 0x37, 0xDE, 0x91, 0x72, 0x06, 0xC0, 0xA7, 0x20, 0xAC, 0x0E, 0x72, 0x0A, 0xC0, 0xE7, 0x20,
  0x6C, 0x09, 0x73, 0x83, 0x7D, 0xE9, 0x18, 0x0F, 0x40, 0x0B, 0xFE, 0x0A, 0x0B, 0xFE, 0x0A, 0x0B,
  0xFE, 0x82, 0xA6, 0xBE, 0xFA, 0x81, 0xEB, 0x53, 0x03, 0x07, 0xD0, 0x60, 0x37, 0x01, 0xD7, 0x20,
  0x1D, 0x72, 0x01, 0xD7, 0x20, 0x1D, 0x72, 0x01, 0xD7, 0x20, 0x1D, 0x72, 0x01, 0xD7, 0x20, 0x1D,
  0x72, 0x01, 0xD7, 0x20, 0x1D, 0x72, 0x01, 0xD7, 0x20, 0x1D, 0x72, 0x01, 0xD7, 0x20, 0x1D, 0x72,
  0x01, 0xD7, 0x20, 0x1D, 0x72, 0x01, 0xD7, 0x20, 0x1D, 0x72, 0x01, 0xD7, 0x20, 0x1D, 0x72, 0x01,
  0xD7, 0x20, 0x1D, 0x72, 0x01, 0xD7, 0x20, 0x1D, 0x72, 0x01, 0xD7, 0x20, 0x1D, 0x72, 0x01, 0xD7,
  0x20, 0x1D, 0x72, 0x01, 0xD7, 0x20, 0x1D, 0x72, 0x01, 0xD7, 0x20, 0x1D, 0x68, 0x23, 0x7A, 0xED,
  0x84, 0xDA, 0x63, 0x0B, 0xFE, 0x0A, 0x0B, 0xFE, 0x0A, 0x0B, 0xFE, 0x0A,
  // "ı" (U+0131), RLE, 15 bytes saved (16.7%)
  0x03, 0xC0, 0xA0, 0x3C, 0x0A, 0x03, 0xC0, 0xA0, 0x3C, 0x0A, 0x03, 0xC0, 0xA0, 0x3C, 0x0A, 0x03,
  0xC0, 0xA0, 0x3C, 0x0A, 0x03, 0xC0, 0xA0, 0x3C, 0x0A, 0x03, 0xC0, 0xA0, 0x3C, 0x0A, 0x03, 0xC0,
  0xA0, 0x3C, 0x0A, 0x03, 0xC0, 0xA0, 0x3C, 0x0A, 0x03, 0xC0, 0xA0, 0x3C, 0x0A, 0x03, 0xC0, 0xA0,
  0x3C, 0x0A, 0x03, 0xC0, 0xA0, 0x3C, 0x0A, 0x03, 0xC0, 0xA0, 0x3C, 0x0A, 0x03, 0xC0, 0xA0, 0x3C,
  0x0A, 0x03, 0xC0, 0xA0, 0x3C, 0x0A, 0x03, 0xC0, 0xA0, 0x3C, 0x0A,
  // "Ĳ" (U+0132), RLE, 434 bytes saved (59.6%)
  0x0B, 0xFE, 0x0A, 0x70, 0xDC, 0x02, 0x0B, 0xFE, 0x0A, 0x70, 0xDC, 0x02, 0x0B, 0xFE, 0x0A, 0x70,
  0xDC, 0x82, 0x26, 0xBE, 0xFA, 0x81, 0xEB, 0x57, 0x0D, 0xC0, 0x23, 0x03, 0x07, 0xD0, 0x60, 0x37,
  0x30, 0xDC, 0x02, 0x40, 0x1D, 0x75, 0x0D, 0xC0, 0x24, 0x01, 0xD7, 0x50, 0xDC, 0x02, 0x40, 0x1D,
  0x75, 0x0D, 0xC0, 0x24, 0x01, 0xD7, 0x50, 0xDC, 0x02, 0x40, 0x1D, 0x75, 0x0D, 0xC0, 0x24, 0x01,
  0xD7, 0x50, 0xDC, 0x02, 0x40, 0x1D, 0x75, 0x0D, 0xC0, 0x24, 0x01, 0xD7, 0x50, 0xDC, 0x02, 0x40,
  0x1D, 0x75, 0x0D, 0xC0, 0x24, 0x01, 0xD7, 0x50, 0xDC, 0x02, 0x40, 0x1D, 0x75, 0x0D, 0xC0, 0x24,
  0x01, 0xD7, 0x50, 0xDC, 0x02, 0x40, 0x1D, 0x75, 0x0D, 0xC0, 0x24, 0x01, 0xD7, 0x50, 0xDC, 0x02,
  0x40, 0x1D, 0x75, 0x0D, 0xC0, 0x24, 0x01, 0xD7, 0x50, 0xDC, 0x02, 0x40, 0x1D, 0x75, 0x0D, 0xC0,
  0x24, 0x01, 0xD7, 0x50, 0xDC, 0x02, 0x40, 0x1D, 0x75, 0x0D, 0xC0, 0x24, 0x01, 0xD7, 0x50, 0xDC,
  0x02, 0x40, 0x1D, 0x75, 0x0D, 0xC0, 0x24, 0x01, 0xD7, 0x50, 0xDC, 0x02, 0x40, 0x1D, 0x75, 0x0D,
  0xC0, 0x24, 0x01, 0xD7, 0x50, 0xDC, 0x02, 0x40, 0x1D, 0x75, 0x0D, 0xC0, 0x24, 0x01, 0xD7, 0x50,
  0xDC, 0x02, 0x40, 0x1D, 0x75, 0x0D, 0xC0, 0x24, 0x01, 0xD7, 0x50, 0xDC, 0x02, 0x40, 0x1D, 0x75,
  0x0D, 0xC0, 0x24, 0x01, 0xD7, 0x50, 0xDC, 0x02, 0x40, 0x1D, 0x75, 0x0D, 0xC0, 0x24, 0x01, 0xD7,
  0x50, 0xDC, 0x84, 0x20, 0x37, 0xAE, 0xD8, 0x2D, 0xA6, 0x37, 0x10, 0xDC, 0x02, 0x0B, 0xFE, 0x0A,
  0x70, 0xDC, 0x02, 0x0B, 0xFE, 0x0A, 0x70, 0xDC, 0x02, 0x0B, 0xFE, 0x0A, 0x70, 0xDC, 0x02, 0x77,
  0x71, 0x0D, 0xC0, 0x17, 0x77, 0x1D, 0x77, 0x71, 0x04, 0xC0, 0xC7, 0x77, 0x10, 0xBC, 0x08, 0x77,
  0x70, 0x7D, 0x02, 0x76, 0x86, 0x35, 0x21, 0x01, 0x4B, 0xD0, 0xA7, 0x70, 0x5F, 0xC0, 0xE0, 0x17,
  0x70, 0x5F, 0xB0, 0xE0, 0x37, 0x71, 0x05, 0xFA, 0x0B, 0x01, 0x77, 0x28, 0x13, 0xBE, 0xC8, 0x1D,
  0x93, 0x77, 0x78, 0x11, 0x21, 0x73,
  // "ĳ" (U+0133), RLE, 282 bytes saved (50.4%)
  0x18, 0x36, 0xDE, 0xA1, 0x77, 0x04, 0xC0, 0xC7, 0x28, 0x46, 0xDE, 0xA1, 0x8D, 0x71, 0x04, 0xC0,
  0xC0, 0x8D, 0x71, 0x08, 0xD0, 0x4C, 0x0B, 0x71, 0x08, 0xD1, 0x83, 0x6D, 0xEA, 0x17, 0x10, 0x4C,
  0x0B, 0x77, 0x18, 0x36, 0xDE, 0xA1, 0x80, 0x9C, 0x00, 0x03, 0xC0, 0xA7, 0x10, 0x3C, 0x0A, 0x03,
  0xC0, 0xA7, 0x10, 0x3C, 0x0A, 0x03, 0xC0, 0xA7, 0x10, 0x3C, 0x0A, 0x03, 0xC0, 0xA7, 0x10, 0x3C,
  0x0A, 0x03, 0xC0, 0xA7, 0x10, 0x3C, 0x0A, 0x03, 0xC0, 0xA7, 0x10, 0x3C, 0x0A, 0x03, 0xC0, 0xA7,
  0x10, 0x3C, 0x0A, 0x03, 0xC0, 0xA7, 0x10, 0x3C, 0x0A, 0x03, 0xC0, 0xA7, 0x10, 0x3C, 0x0A, 0x03,
  0xC0, 0xA7, 0x10, 0x3C, 0x0A, 0x03, 0xC0, 0xA7, 0x10, 0x3C, 0x0A, 0x03, 0xC0, 0xA7, 0x10, 0x3C,
  0x0A, 0x03, 0xC0, 0xA7, 0x10, 0x3C, 0x0A, 0x03, 0xC0, 0xA7, 0x10, 0x3C, 0x0A, 0x03, 0xC0, 0xA7,
  0x10, 0x3C, 0x0A, 0x03, 0xC0, 0xA7, 0x10, 0x3C, 0x0A, 0x03, 0xC0, 0xA7, 0x10, 0x3C, 0x0A, 0x03,
  0xC0, 0xA7, 0x10, 0x3C, 0x0A, 0x03, 0xC0, 0xA7, 0x10, 0x3C, 0x0A, 0x03, 0xC0, 0xA7, 0x10, 0x3C,
  0x0A, 0x03, 0xC0, 0xA7, 0x10, 0x3C, 0x0A, 0x03, 0xC0, 0xA7, 0x10, 0x3C, 0x0A, 0x03, 0xC0, 0xA7,
  0x10, 0x3C, 0x0A, 0x03, 0xC0, 0xA7, 0x10, 0x3C, 0x0A, 0x03, 0xC0, 0xA7, 0x10, 0x3C, 0x0A, 0x03,
  0xC0, 0xA7, 0x10, 0x3C, 0x0A, 0x03, 0xC0, 0xA7, 0x10, 0x3C, 0x0A, 0x03, 0xC0, 0xA7, 0x10, 0x3C,
  0x0A, 0x03, 0xC0, 0xA7, 0x10, 0x3C, 0x0A, 0x03, 0xC0, 0xA7, 0x10, 0x3C, 0x0A, 0x77, 0x03, 0xC0,
  0xA7, 0x70, 0x3C, 0x0A, 0x77, 0x03, 0xC0, 0xA7, 0x70, 0x3C, 0x0A, 0x77, 0x03, 0xC0, 0xA7, 0x70,
  0x4C, 0x0A, 0x77, 0x05, 0xC0, 0x97, 0x70, 0x9C, 0x06, 0x76, 0x02, 0x0E, 0xC0, 0x37, 0x84, 0x85,
  0x32, 0x48, 0xD0, 0xD7, 0x01, 0xFC, 0x06, 0x70, 0x1F, 0xB0, 0xA7, 0x10, 0x1F, 0xA0, 0x97, 0x38,
  0x17, 0xBE, 0xA8, 0x2E, 0xC8, 0x24,
  // "Ĵ" (U+0134), RLE, 463 bytes saved (62.9%)
  0x72, 0x03, 0xD0, 0x77, 0x72, 0x0C, 0xD0, 0xE0, 0x27, 0x70, 0x9F, 0x0C, 0x76, 0x06, 0xFA, 0x0A,
  0x74, 0x04, 0xC8, 0x1D, 0x3B, 0xC0, 0x87, 0x20, 0x20, 0xEB, 0x0C, 0x01, 0x20, 0xAC, 0x06, 0x70,
  0x10, 0xDB, 0x0C, 0x01, 0x40, 0x9C, 0x05, 0x50, 0x10, 0xDB, 0x09, 0x70, 0x6C, 0x04, 0x40, 0xAA,
  0x0E, 0x05, 0x72, 0x03, 0x0C, 0xB0, 0x18, 0x09, 0x93, 0x00, 0xDC, 0x02, 0x77, 0x30, 0xDC, 0x02,
  0x77, 0x30, 0xDC, 0x02, 0x77, 0x30, 0xDC, 0x02, 0x77, 0x30, 0xDC, 0x02, 0x77, 0x30, 0xDC, 0x02,
  0x77, 0x30, 0xDC, 0x02, 0x77, 0x30, 0xDC, 0x02, 0x77, 0x30, 0xDC, 0x02, 0x77, 0x30, 0xDC, 0x02,
  0x77, 0x30, 0xDC, 0x02, 0x77, 0x30, 0xDC, 0x02, 0x77, 0x30, 0xDC, 0x02, 0x77, 0x30, 0xDC, 0x02,
  0x77, 0x30, 0xDC, 0x02, 0x77, 0x30, 0xDC, 0x02, 0x77, 0x30, 0xDC, 0x02, 0x77, 0x30, 0xDC, 0x02,
  0x77, 0x30, 0xDC, 0x02, 0x77, 0x30, 0xDC, 0x02, 0x77, 0x30, 0xDC, 0x02, 0x77, 0x30, 0xDC, 0x02,
  0x77, 0x30, 0xDC, 0x02, 0x77, 0x30, 0xDC, 0x02, 0x77, 0x30, 0xDC, 0x02, 0x77, 0x30, 0xDC, 0x02,
  0x77, 0x30, 0xDC, 0x02, 0x77, 0x30, 0xDC, 0x02, 0x77, 0x30, 0xDC, 0x02, 0x77, 0x30, 0xDC, 0x02,
  0x77, 0x30, 0xDC, 0x02, 0x77, 0x30, 0xDC, 0x02, 0x77, 0x30, 0xDC, 0x02, 0x77, 0x30, 0xDC, 0x02,
  0x77, 0x30, 0xDC, 0x02, 0x77, 0x30, 0xDC, 0x02, 0x77, 0x30, 0xDC, 0x02, 0x77, 0x30, 0xDC, 0x02,
  0x77, 0x30, 0xDC, 0x02, 0x77, 0x30, 0xDC, 0x02, 0x77, 0x30, 0xDC, 0x02, 0x77, 0x30, 0xDC, 0x01,
  0x77, 0x3D, 0x77, 0x30, 0x4C, 0x0C, 0x77, 0x30, 0xBC, 0x08, 0x77, 0x20, 0x7D, 0x02, 0x71, 0x86,
  0x35, 0x21, 0x01, 0x4B, 0xD0, 0xA7, 0x20, 0x5F, 0xC0, 0xE0, 0x17, 0x20, 0x5F, 0xB0, 0xE0, 0x37,
  0x30, 0x5F, 0xA0, 0xB0, 0x17, 0x48, 0x13, 0xBE, 0xC8, 0x1D, 0x93, 0x77, 0x28, 0x11, 0x21, 0x77,
  0x30,
  // "ĵ" (U+0135), RLE, 387 bytes saved (61.7%)
  0x71, 0x03, 0xD0, 0x77, 0x71, 0x0C, 0xD0, 0xE0, 0x27, 0x60, 0x9F, 0x0C, 0x75, 0x06, 0xFA, 0x0A,
  0x73, 0x04, 0xC8, 0x1D, 0x3B, 0xC0, 0x87, 0x10, 0x20, 0xEB, 0x0C, 0x01, 0x20, 0xAC, 0x06, 0x60,
  0x10, 0xDB, 0x0C, 0x01, 0x40, 0x9C, 0x05, 0x40, 0x10, 0xDB, 0x09, 0x70, 0x6C, 0x04, 0x30, 0xAA,
  0x0E, 0x05, 0x72, 0x03, 0x0C, 0xB0, 0x18, 0x09, 0xB4, 0x00, 0x3C, 0x0A, 0x77, 0x20, 0x3C, 0x0A,
  0x77, 0x20, 0x3C, 0x0A, 0x77, 0x20, 0x3C, 0x0A, 0x77, 0x20, 0x3C, 0x0A, 0x77, 0x20, 0x3C, 0x0A,
  0x77, 0x20, 0x3C, 0x0A, 0x77, 0x20, 0x3C, 0x0A, 0x77, 0x20, 0x3C, 0x0A, 0x77, 0x20, 0x3C, 0x0A,
  0x77, 0x20, 0x3C, 0x0A, 0x77, 0x20, 0x3C, 0x0A, 0x77, 0x20, 0x3C, 0x0A, 0x77, 0x20, 0x3C, 0x0A,
  0x77, 0x20, 0x3C, 0x0A, 0x77, 0x20, 0x3C, 0x0A, 0x77, 0x20, 0x3C, 0x0A, 0x77, 0x20, 0x3C, 0x0A,
  0x77, 0x20, 0x3C, 0x0A, 0x77, 0x20, 0x3C, 0x0A, 0x77, 0x20, 0x3C, 0x0A, 0x77, 0x20, 0x3C, 0x0A,
  0x77, 0x20, 0x3C, 0x0A, 0x77, 0x20, 0x3C, 0x0A, 0x77, 0x20, 0x3C, 0x0A, 0x77, 0x20, 0x3C, 0x0A,
  0x77, 0x20, 0x3C, 0x0A, 0x77, 0x20, 0x3C, 0x0A, 0x77, 0x20, 0x3C, 0x0A, 0x77, 0x20, 0x3C, 0x0A,
  0x77, 0x20, 0x3C, 0x0A, 0x77, 0x20, 0x3C, 0x0A, 0x77, 0x20, 0x3C, 0x0A, 0x77, 0x20, 0x3C, 0x0A,
  0x77, 0x20, 0x3C, 0x0A, 0x77, 0x20, 0x4C, 0x0A, 0x77, 0x20, 0x5C, 0x09, 0x77, 0x20, 0x9C, 0x06,
  0x77, 0x10, 0x20, 0xEC, 0x03, 0x72, 0x84, 0x85, 0x32, 0x48, 0xD0, 0xD7, 0x20, 0x1F, 0xC0, 0x67,
  0x20, 0x1F, 0xB0, 0xA7, 0x30, 0x1F, 0xA0, 0x97, 0x58, 0x17, 0xBE, 0xA8, 0x2E, 0xC8, 0x27, 0x50,
  // "Ķ" (U+0136), RLE, 464 bytes saved (58.4%)
  0x08, 0xC0, 0x77, 0x72, 0x04, 0xD8, 0x19, 0x08, 0xC0, 0x77, 0x71, 0x02, 0x0E, 0xC0, 0xB2, 0x08,
  0xC0, 0x77, 0x70, 0x10, 0xDC, 0x0C, 0x30, 0x8C, 0x07, 0x77, 0x0C, 0xC0, 0xD0, 0x13, 0x08, 0xC0,
  0x77, 0x60, 0xAC, 0x0E, 0x02, 0x40, 0x8C, 0x07, 0x75, 0x08, 0xD0, 0x45, 0x08, 0xC0, 0x77, 0x40,
  0x6D, 0x05, 0x60, 0x8C, 0x07, 0x73, 0x04, 0xD0, 0x77, 0x08, 0xC0, 0x77, 0x20, 0x30, 0xEC, 0x09,
  0x71, 0x08, 0xC0, 0x77, 0x10, 0x10, 0xDC, 0x0B, 0x72, 0x08, 0xC0, 0x77, 0x10, 0xCC, 0x0C, 0x73,
  0x08, 0xC0, 0x77, 0x0B, 0xC0, 0xD0, 0x17, 0x30, 0x8C, 0x07, 0x60, 0x9C, 0x0E, 0x02, 0x74, 0x08,
  0xC0, 0x75, 0x07, 0xD0, 0x47, 0x50, 0x8C, 0x07, 0x40, 0x5D, 0x05, 0x76, 0x08, 0xC0, 0x73, 0x03,
  0xD0, 0x77, 0x70, 0x8C, 0x07, 0x20, 0x20, 0xEC, 0x09, 0x77, 0x10, 0x8C, 0x82, 0x70, 0x1D, 0xC0,
  0xB7, 0x72, 0x08, 0xC8, 0x17, 0x0C, 0xD0, 0x77, 0x72, 0x08, 0xC0, 0x70, 0xAF, 0x03, 0x77, 0x10,
  0x8C, 0x0E, 0xF9, 0x0D, 0x77, 0x10, 0x8F, 0x90, 0xDD, 0x09, 0x77, 0x08, 0xF8, 0x19, 0x0C, 0xD0,
  0x57, 0x60, 0x8E, 0x07, 0x20, 0x20, 0xEC, 0x0E, 0x01, 0x75, 0x08, 0xD0, 0x54, 0x05, 0xD0, 0xB7,
  0x50, 0x8C, 0x07, 0x60, 0x9D, 0x07, 0x74, 0x08, 0xC0, 0x77, 0x0D, 0xD0, 0x37, 0x30, 0x8C, 0x07,
  0x70, 0x2D, 0x0D, 0x73, 0x08, 0xC0, 0x77, 0x10, 0x6D, 0x0A, 0x72, 0x08, 0xC0, 0x77, 0x20, 0xAD,
  0x05, 0x71, 0x08, 0xC0, 0x77, 0x20, 0x10, 0xDC, 0x0E, 0x02, 0x70, 0x8C, 0x07, 0x73, 0x03, 0xD0,
  0xC7, 0x08, 0xC0, 0x77, 0x40, 0x7D, 0x08, 0x60, 0x8C, 0x07, 0x75, 0x0B, 0xD0, 0x45, 0x08, 0xC0,
  0x77, 0x50, 0x10, 0xEC, 0x0D, 0x01, 0x40, 0x8C, 0x07, 0x76, 0x04, 0xD0, 0xA4, 0x08, 0xC0, 0x77,
  0x70, 0x8D, 0x06, 0x30, 0x8C, 0x07, 0x77, 0x10, 0xCC, 0x0E, 0x02, 0x20, 0x8C, 0x07, 0x77, 0x10,
  0x20, 0xEC, 0x0C, 0x20, 0x8C, 0x07, 0x77, 0x20, 0x5D, 0x81, 0x80, 0x8C, 0x07, 0x77, 0x30, 0x9D,
  0x04, 0x80, 0x9C, 0x20, 0x0D, 0xC7, 0x77, 0x4C, 0x0C, 0x77, 0x73, 0x03, 0xC0, 0x67, 0x77, 0x30,
  0x7B, 0x0E, 0x77, 0x74, 0x0C, 0xB0, 0x67, 0x77, 0x30, 0x1B, 0x0D, 0x77, 0x74, 0x06, 0xB0, 0x57,
  0x77, 0x40, 0xBA, 0x0A, 0x77, 0x74, 0x01, 0xA0, 0xD0, 0x17, 0x72,
  // "ķ" (U+0137), RLE, 425 bytes saved (59.4%)
  0x03, 0xC0, 0x97, 0x76, 0x03, 0xC0, 0x97, 0x76, 0x03, 0xC0, 0x97, 0x76, 0x03, 0xC0, 0x97, 0x76,
  0x03, 0xC0, 0x97, 0x76, 0x03, 0xC0, 0x97, 0x76, 0x03, 0xC0, 0x97, 0x76, 0x03, 0xC0, 0x97, 0x76,
  0x03, 0xC0, 0x97, 0x76, 0x03, 0xC0, 0x97, 0x76, 0x03, 0xC0, 0x97, 0x76, 0x03, 0xC0, 0x97, 0x76,
  0x03, 0xC0, 0x97, 0x76, 0x03, 0xC0, 0x97, 0x50, 0xAC, 0x82, 0xE2, 0x03, 0xC0, 0x97, 0x40, 0x9C,
  0x0E, 0x03, 0x20, 0x3C, 0x09, 0x73, 0x08, 0xC0, 0xE0, 0x33, 0x03, 0xC0, 0x97, 0x20, 0x7D, 0x04,
  0x40, 0x3C, 0x09, 0x71, 0x06, 0xD0, 0x45, 0x03, 0xC0, 0x97, 0x06, 0xD0, 0x56, 0x03, 0xC0, 0x96,
  0x05, 0xD0, 0x67, 0x03, 0xC0, 0x95, 0x04, 0xD0, 0x77, 0x10, 0x3C, 0x09, 0x40, 0x3D, 0x08, 0x72,
  0x03, 0xC0, 0x93, 0x03, 0x0E, 0xC0, 0x87, 0x30, 0x3C, 0x09, 0x20, 0x20, 0xEC, 0x09, 0x74, 0x03,
  0xC0, 0x82, 0x0D, 0xC0, 0xA7, 0x50, 0x3C, 0x81, 0x80, 0xAC, 0x0B, 0x76, 0x03, 0xC0, 0x70, 0x8D,
  0x0D, 0x76, 0x03, 0xC0, 0xBF, 0x0A, 0x75, 0x03, 0xFE, 0x06, 0x74, 0x03, 0xF0, 0x70, 0x9D, 0x03,
  0x73, 0x03, 0xE0, 0x52, 0x0C, 0xC0, 0xD0, 0x17, 0x20, 0x3C, 0x0E, 0x04, 0x30, 0x20, 0xEC, 0x0A,
  0x72, 0x03, 0xC0, 0x95, 0x05, 0xD0, 0x77, 0x10, 0x3C, 0x09, 0x60, 0x9D, 0x03, 0x70, 0x3C, 0x09,
  0x70, 0xCC, 0x0D, 0x01, 0x60, 0x3C, 0x09, 0x70, 0x20, 0xEC, 0x0B, 0x60, 0x3C, 0x09, 0x71, 0x05,
  0xD0, 0x75, 0x03, 0xC0, 0x97, 0x20, 0x9D, 0x03, 0x40, 0x3C, 0x09, 0x73, 0x0D, 0xC0, 0xE0, 0x13,
  0x03, 0xC0, 0x97, 0x30, 0x20, 0xEC, 0x0B, 0x30, 0x3C, 0x09, 0x74, 0x06, 0xD0, 0x72, 0x03, 0xC0,
  0x97, 0x50, 0xAD, 0x81, 0x40, 0x3C, 0x09, 0x76, 0x0D, 0xC0, 0xE0, 0x18, 0x09, 0xA3, 0x00, 0x6C,
  0x07, 0x77, 0x60, 0x8C, 0x03, 0x77, 0x60, 0xCB, 0x0D, 0x77, 0x7C, 0x06, 0x77, 0x60, 0x5B, 0x0D,
  0x77, 0x70, 0x9B, 0x05, 0x77, 0x70, 0xEA, 0x0C, 0x77, 0x70, 0x4B, 0x02, 0x77, 0x70, 0x9A, 0x06,
  0x77, 0x10,
  // "ĸ" (U+0138), RLE, 206 bytes saved (52.8%)
  0x03, 0xD7, 0x50, 0xCC, 0x82, 0xE2, 0x03, 0xD7, 0x40, 0xAD, 0x03, 0x20, 0x3D, 0x73, 0x08, 0xD0,
  0x53, 0x03, 0xD7, 0x20, 0x6D, 0x07, 0x40, 0x3D, 0x71, 0x04, 0xD0, 0xA5, 0x03, 0xD7, 0x02, 0x0E,
  0xC0, 0xB6, 0x03, 0xD6, 0x01, 0x0D, 0xC0, 0xD0, 0x16, 0x03, 0xD6, 0x0B, 0xC0, 0xE0, 0x27, 0x03,
  0xC0, 0xE5, 0x09, 0xD0, 0x47, 0x10, 0x3C, 0x0E, 0x40, 0x7D, 0x05, 0x72, 0x03, 0xC0, 0xD3, 0x05,
  0xD0, 0x87, 0x30, 0x3C, 0x0D, 0x20, 0x30, 0xEC, 0x0A, 0x74, 0x03, 0xC8, 0x2D, 0x01, 0xDC, 0x0C,
  0x75, 0x03, 0xC8, 0x1C, 0x0C, 0xD0, 0x57, 0x50, 0x3C, 0x0A, 0x08, 0xE0, 0xE0, 0x17, 0x40, 0x3C,
  0x0D, 0xF9, 0x0B, 0x74, 0x03, 0xF9, 0x0B, 0xD0, 0x77, 0x30, 0x3F, 0x81, 0x60, 0x9D, 0x03, 0x72,
  0x03, 0xD0, 0xE0, 0x43, 0x0D, 0xC0, 0xD0, 0x17, 0x10, 0x3D, 0x02, 0x40, 0x2D, 0x0A, 0x71, 0x03,
  0xD6, 0x06, 0xD0, 0x67, 0x03, 0xD7, 0x0A, 0xD0, 0x36, 0x03, 0xD7, 0x01, 0x0D, 0xC0, 0xD6, 0x03,
  0xD7, 0x10, 0x3D, 0x09, 0x50, 0x3D, 0x72, 0x07, 0xD0, 0x54, 0x03, 0xD7, 0x30, 0xBC, 0x0E, 0x02,
  0x30, 0x3D, 0x73, 0x01, 0x0E, 0xC0, 0xC3, 0x03, 0xD7, 0x40, 0x4D, 0x08, 0x20, 0x3D, 0x75, 0x09,
  0xD8, 0x14, 0x03, 0xD7, 0x60, 0xCC, 0x0E, 0x01,
  // "Ĺ" (U+0139), RLE, 427 bytes saved (67.1%)
  0x50, 0xBD, 0x06, 0x77, 0x20, 0x4D, 0x0C, 0x77, 0x30, 0xCC, 0x0D, 0x01, 0x77, 0x20, 0x7C, 0x0E,
  0x03, 0x77, 0x20, 0x2C, 0x0E, 0x03, 0x77, 0x30, 0xBC, 0x04, 0x77, 0x30, 0x6C, 0x05, 0x77, 0x30,
  0x20, 0xEA, 0x0E, 0x04, 0x77, 0x40, 0xBA, 0x0D, 0x03, 0x80, 0x9B, 0x00, 0x08, 0xC0, 0x77, 0x74,
  0x08, 0xC0, 0x77, 0x74, 0x08, 0xC0, 0x77, 0x74, 0x08, 0xC0, 0x77, 0x74, 0x08, 0xC0, 0x77, 0x74,
  0x08, 0xC0, 0x77, 0x74, 0x08, 0xC0, 0x77, 0x74, 0x08, 0xC0, 0x77, 0x74, 0x08, 0xC0, 0x77, 0x74,
  0x08, 0xC0, 0x77, 0x74, 0x08, 0xC0, 0x77, 0x74, 0x08, 0xC0, 0x77, 0x74, 0x08, 0xC0, 0x77, 0x74,
  0x08, 0xC0, 0x77, 0x74, 0x08, 0xC0, 0x77, 0x74, 0x08, 0xC0, 0x77, 0x74, 0x08, 0xC0, 0x77, 0x74,
  0x08, 0xC0, 0x77, 0x74, 0x08, 0xC0, 0x77, 0x74, 0x08, 0xC0, 0x77, 0x74, 0x08, 0xC0, 0x77, 0x74,
  0x08, 0xC0, 0x77, 0x74, 0x08, 0xC0, 0x77, 0x74, 0x08, 0xC0, 0x77, 0x74, 0x08, 0xC0, 0x77, 0x74,
  0x08, 0xC0, 0x77, 0x74, 0x08, 0xC0, 0x77, 0x74, 0x08, 0xC0, 0x77, 0x74, 0x08, 0xC0, 0x77, 0x74,
  0x08, 0xC0, 0x77, 0x74, 0x08, 0xC0, 0x77, 0x74, 0x08, 0xC0, 0x77, 0x74, 0x08, 0xC0, 0x77, 0x74,
  0x08, 0xC0, 0x77, 0x74, 0x08, 0xC0, 0x77, 0x74, 0x08, 0xC0, 0x77, 0x74, 0x08, 0xC0, 0x88, 0x09,
  0x52, 0x10, 0x8F, 0xFF, 0x81, 0xE0, 0x8F, 0xFF, 0x81, 0xE0, 0x8F, 0xFF, 0x81, 0xE0, 0x8F, 0xFF,
  0x0E,
  // "ĺ" (U+013A), RLE, 171 bytes saved (50.9%)
  0x50, 0xBD, 0x06, 0x40, 0x4D, 0x0C, 0x50, 0xCC, 0x0D, 0x01, 0x40, 0x7C, 0x0E, 0x03, 0x40, 0x2C,
  0x0E, 0x03, 0x50, 0xBC, 0x04, 0x50, 0x6C, 0x05, 0x50, 0x20, 0xEA, 0x0E, 0x04, 0x60, 0xBA, 0x0D,
  0x03, 0x80, 0xE3, 0x00, 0x3C, 0x0A, 0x60, 0x3C, 0x0A, 0x60, 0x3C, 0x0A, 0x60, 0x3C, 0x0A, 0x60,
  0x3C, 0x0A, 0x60, 0x3C, 0x0A, 0x60, 0x3C, 0x0A, 0x60, 0x3C, 0x0A, 0x60, 0x3C, 0x0A, 0x60, 0x3C,
  0x0A, 0x60, 0x3C, 0x0A, 0x60, 0x3C, 0x0A, 0x60, 0x3C, 0x0A, 0x60, 0x3C, 0x0A, 0x60, 0x3C, 0x0A,
  0x60, 0x3C, 0x0A, 0x60, 0x3C, 0x0A, 0x60, 0x3C, 0x0A, 0x60, 0x3C, 0x0A, 0x60, 0x3C, 0x0A, 0x60,
  0x3C, 0x0A, 0x60, 0x3C, 0x0A, 0x60, 0x3C, 0x0A, 0x60, 0x3C, 0x0A, 0x60, 0x3C, 0x0A, 0x60, 0x3C,
  0x0A, 0x60, 0x3C, 0x0A, 0x60, 0x3C, 0x0A, 0x60, 0x3C, 0x0A, 0x60, 0x3C, 0x0A, 0x60, 0x3C, 0x0A,
  0x60, 0x3C, 0x0A, 0x60, 0x3C, 0x0A, 0x60, 0x3C, 0x0A, 0x60, 0x3C, 0x0A, 0x60, 0x3C, 0x0A, 0x60,
  0x3C, 0x0A, 0x60, 0x3C, 0x0A, 0x60, 0x3C, 0x0A, 0x60, 0x3C, 0x0A, 0x60, 0x3C, 0x0A, 0x60, 0x3C,
  0x0A, 0x60, 0x3C, 0x0A, 0x60,
  // "Ļ" (U+013B), RLE, 407 bytes saved (66.7%)
  0x08, 0xC0, 0x77, 0x73, 0x08, 0xC0, 0x77, 0x73, 0x08, 0xC0, 0x77, 0x73, 0x08, 0xC0, 0x77, 0x73,
  0x08, 0xC0, 0x77, 0x73, 0x08, 0xC0, 0x77, 0x73, 0x08, 0xC0, 0x77, 0x73, 0x08, 0xC0, 0x77, 0x73,
  0x08, 0xC0, 0x77, 0x73, 0x08, 0xC0, 0x77, 0x73, 0x08, 0xC0, 0x77, 0x73, 0x08, 0xC0, 0x77, 0x73,
  0x08, 0xC0, 0x77, 0x73, 0x08, 0xC0, 0x77, 0x73, 0x08, 0xC0, 0x77, 0x73, 0x08, 0xC0, 0x77, 0x73,
  0x08, 0xC0, 0x77, 0x73, 0x08, 0xC0, 0x77, 0x73, 0x08, 0xC0, 0x77, 0x73, 0x08, 0xC0, 0x77, 0x73,
  0x08, 0xC0, 0x77, 0x73, 0x08, 0xC0, 0x77, 0x73, 0x08, 0xC0, 0x77, 0x73, 0x08, 0xC0, 0x77, 0x73,
  0x08, 0xC0, 0x77, 0x73, 0x08, 0xC0, 0x77, 0x73, 0x08, 0xC0, 0x77, 0x73, 0x08, 0xC0, 0x77, 0x73,
  0x08, 0xC0, 0x77, 0x73, 0x08, 0xC0, 0x77, 0x73, 0x08, 0xC0, 0x77, 0x73, 0x08, 0xC0, 0x77, 0x73,
  0x08, 0xC0, 0x77, 0x73, 0x08, 0xC0, 0x77, 0x73, 0x08, 0xC0, 0x77, 0x73, 0x08, 0xC0, 0x77, 0x73,
  0x08, 0xC0, 0x88, 0x09, 0x52, 0x08, 0xFF, 0xF0, 0xE0, 0x8F, 0xFF, 0x0E, 0x08, 0xFF, 0xF0, 0xE0,
  0x8F, 0xFF, 0x0E, 0x80, 0x99, 0x30, 0x08, 0xC0, 0x57, 0x73, 0x0B, 0xC0, 0x17, 0x73, 0x0E, 0xB0,
  0xB7, 0x73, 0x03, 0xC0, 0x37, 0x73, 0x07, 0xB0, 0xB7, 0x74, 0x0B, 0xB0, 0x37, 0x73, 0x01, 0xB0,
  0xA7, 0x74, 0x06, 0xA0, 0xE0, 0x17, 0x74, 0x0B, 0xA0, 0x47, 0x40,
  // "ļ" (U+013C), RLE, 62 bytes saved (28.2%)
  0x10, 0x3C, 0x0A, 0x20, 0x3C, 0x0A, 0x20, 0x3C, 0x0A, 0x20, 0x3C, 0x0A, 0x20, 0x3C, 0x0A, 0x20,
  0x3C, 0x0A, 0x20, 0x3C, 0x0A, 0x20, 0x3C, 0x0A, 0x20, 0x3C, 0x0A, 0x20, 0x3C, 0x0A, 0x20, 0x3C,
  0x0A, 0x20, 0x3C, 0x0A, 0x20, 0x3C, 0x0A, 0x20, 0x3C, 0x0A, 0x20, 0x3C, 0x0A, 0x20, 0x3C, 0x0A,
  0x20, 0x3C, 0x0A, 0x20, 0x3C, 0x0A, 0x20, 0x3C, 0x0A, 0x20, 0x3C, 0x0A, 0x20, 0x3C, 0x0A, 0x20,
  0x3C, 0x0A, 0x20, 0x3C, 0x0A, 0x20, 0x3C, 0x0A, 0x20, 0x3C, 0x0A, 0x20, 0x3C, 0x0A, 0x20, 0x3C,
  0x0A, 0x20, 0x3C, 0x0A, 0x20, 0x3C, 0x0A, 0x20, 0x3C, 0x0A, 0x20, 0x3C, 0x0A, 0x20, 0x3C, 0x0A,
  0x20, 0x3C, 0x0A, 0x20, 0x3C, 0x0A, 0x20, 0x3C, 0x0A, 0x20, 0x3C, 0x0A, 0x20, 0x3C, 0x0A, 0x20,
  0x3C, 0x0A, 0x20, 0x3C, 0x0A, 0x20, 0x3C, 0x0A, 0x20, 0x3C, 0x0A, 0x20, 0x3C, 0x0A, 0x20, 0x3C,
  0x0A, 0x77, 0x76, 0x02, 0xC0, 0xC2, 0x04, 0xC0, 0x82, 0x07, 0xC0, 0x22, 0x0B, 0xB0, 0xA3, 0xC0,
  0x22, 0x05, 0xB0, 0x93, 0x09, 0xA0, 0xE0, 0x13, 0x0E, 0xA0, 0x63, 0x05, 0xA0, 0xA4,
  // "Ľ" (U+013D), RLE, 289 bytes saved (61.2%)
  0x08, 0xC0, 0x77, 0x5C, 0x0E, 0x08, 0xC0, 0x77, 0x40, 0x2C, 0x0A, 0x08, 0xC0, 0x77, 0x40, 0x4C,
  0x04, 0x08, 0xC0, 0x77, 0x40, 0x8B, 0x81, 0xD0, 0x8C, 0x07, 0x74, 0x0B, 0xB8, 0x16, 0x08, 0xC0,
  0x77, 0x40, 0xEA, 0x0D, 0x20, 0x8C, 0x07, 0x73, 0x03, 0xB0, 0x62, 0x08, 0xC0, 0x77, 0x30, 0x7A,
  0x0C, 0x30, 0x8C, 0x07, 0x73, 0x0B, 0xA0, 0x33, 0x08, 0xC0, 0x77, 0x73, 0x08, 0xC0, 0x77, 0x73,
  0x08, 0xC0, 0x77, 0x73, 0x08, 0xC0, 0x77, 0x73, 0x08, 0xC0, 0x77, 0x73, 0x08, 0xC0, 0x77, 0x73,
  0x08, 0xC0, 0x77, 0x73, 0x08, 0xC0, 0x77, 0x73, 0x08, 0xC0, 0x77, 0x73, 0x08, 0xC0, 0x77, 0x73,
  0x08, 0xC0, 0x77, 0x73, 0x08, 0xC0, 0x77, 0x73, 0x08, 0xC0, 0x77, 0x73, 0x08, 0xC0, 0x77, 0x73,
  0x08, 0xC0, 0x77, 0x73, 0x08, 0xC0, 0x77, 0x73, 0x08, 0xC0, 0x77, 0x73, 0x08, 0xC0, 0x77, 0x73,
  0x08, 0xC0, 0x77, 0x73, 0x08, 0xC0, 0x77, 0x73, 0x08, 0xC0, 0x77, 0x73, 0x08, 0xC0, 0x77, 0x73,
  0x08, 0xC0, 0x77, 0x73, 0x08, 0xC0, 0x77, 0x73, 0x08, 0xC0, 0x77, 0x73, 0x08, 0xC0, 0x77, 0x73,
  0x08, 0xC0, 0x77, 0x73, 0x08, 0xC0, 0x88, 0x09, 0x52, 0x08, 0xFF, 0xF0, 0xE0, 0x8F, 0xFF, 0x0E,
  0x08, 0xFF, 0xF0, 0xE0, 0x8F, 0xFF, 0x0E,
  // "ľ" (U+013E), RLE, 153 bytes saved (47.4%)
  0x03, 0xC0, 0xA3, 0x01, 0xC0, 0xD0, 0x3C, 0x0A, 0x30, 0x3C, 0x09, 0x03, 0xC0, 0xA3, 0x05, 0xC0,
  0x03, 0xC0, 0xA3, 0x09, 0xB8, 0x1C, 0x03, 0xC0, 0xA3, 0x0C, 0xB8, 0x14, 0x03, 0xC0, 0xA3, 0xB0,
  0xC2, 0x03, 0xC0, 0xA2, 0x04, 0xB0, 0x52, 0x03, 0xC0, 0xA2, 0x08, 0xA0, 0xC3, 0x03, 0xC0, 0xA2,
  0x0C, 0xA0, 0x23, 0x03, 0xC0, 0xA7, 0x20, 0x3C, 0x0A, 0x72, 0x03, 0xC0, 0xA7, 0x20, 0x3C, 0x0A,
  0x72, 0x03, 0xC0, 0xA7, 0x20, 0x3C, 0x0A, 0x72, 0x03, 0xC0, 0xA7, 0x20, 0x3C, 0x0A, 0x72, 0x03,
  0xC0, 0xA7, 0x20, 0x3C, 0x0A, 0x72, 0x03, 0xC0, 0xA7, 0x20, 0x3C, 0x0A, 0x72, 0x03, 0xC0, 0xA7,
  0x20, 0x3C, 0x0A, 0x72, 0x03, 0xC0, 0xA7, 0x20, 0x3C, 0x0A, 0x72, 0x03, 0xC0, 0xA7, 0x20, 0x3C,
  0x0A, 0x72, 0x03, 0xC0, 0xA7, 0x20, 0x3C, 0x0A, 0x72, 0x03, 0xC0, 0xA7, 0x20, 0x3C, 0x0A, 0x72,
  0x03, 0xC0, 0xA7, 0x20, 0x3C, 0x0A, 0x72, 0x03, 0xC0, 0xA7, 0x20, 0x3C, 0x0A, 0x72, 0x03, 0xC0,
  0xA7, 0x20, 0x3C, 0x0A, 0x72, 0x03, 0xC0, 0xA7, 0x20, 0x3C, 0x0A, 0x72, 0x03, 0xC0, 0xA7, 0x20,
  0x3C, 0x0A, 0x72, 0x03, 0xC0, 0xA7, 0x20, 0x3C, 0x0A, 0x72,
  // "Ŀ" (U+013F), RLE, 294 bytes saved (62.3%)
  0x08, 0xC0, 0x77, 0x73, 0x08, 0xC0, 0x77, 0x73, 0x08, 0xC0, 0x77, 0x73, 0x08, 0xC0, 0x77, 0x73,
  0x08, 0xC0, 0x77, 0x73, 0x08, 0xC0, 0x77, 0x73, 0x08, 0xC0, 0x77, 0x73, 0x08, 0xC0, 0x77, 0x73,
  0x08, 0xC0, 0x77, 0x73, 0x08, 0xC0, 0x77, 0x73, 0x08, 0xC0, 0x77, 0x73, 0x08, 0xC0, 0x77, 0x73,
  0x08, 0xC0, 0x77, 0x73, 0x08, 0xC0, 0x77, 0x73, 0x08, 0xC0, 0x77, 0x73, 0x08, 0xC0, 0x77, 0x73,
  0x08, 0xC0, 0x77, 0x73, 0x08, 0xC0, 0x77, 0x73, 0x08, 0xC0, 0x77, 0x18, 0x37, 0xDE, 0x91, 0x40,
  0x8C, 0x07, 0x70, 0x6C, 0x0A, 0x40, 0x8C, 0x07, 0x70, 0xAC, 0x0E, 0x40, 0x8C, 0x07, 0x70, 0xAC,
  0x0E, 0x40, 0x8C, 0x07, 0x70, 0x6C, 0x09, 0x40, 0x8C, 0x07, 0x71, 0x83, 0x7D, 0xE9, 0x14, 0x08,
  0xC0, 0x77, 0x73, 0x08, 0xC0, 0x77, 0x73, 0x08, 0xC0, 0x77, 0x73, 0x08, 0xC0, 0x77, 0x73, 0x08,
  0xC0, 0x77, 0x73, 0x08, 0xC0, 0x77, 0x73, 0x08, 0xC0, 0x77, 0x73, 0x08, 0xC0, 0x77, 0x73, 0x08,
  0xC0, 0x77, 0x73, 0x08, 0xC0, 0x77, 0x73, 0x08, 0xC0, 0x77, 0x73, 0x08, 0xC0, 0x77, 0x73, 0x08,
  0xC0, 0x88, 0x09, 0x52, 0x08, 0xFF, 0xF0, 0xE0, 0x8F, 0xFF, 0x0E, 0x08, 0xFF, 0xF0, 0xE0, 0x8F,
  0xFF, 0x0E,
  // "ŀ" (U+0140), RLE, 137 bytes saved (45.5%)
  0x03, 0xC0, 0xA7, 0x10, 0x3C, 0x0A, 0x71, 0x03, 0xC0, 0xA7, 0x10, 0x3C, 0x0A, 0x71, 0x03, 0xC0,
  0xA7, 0x10, 0x3C, 0x0A, 0x71, 0x03, 0xC0, 0xA7, 0x10, 0x3C, 0x0A, 0x71, 0x03, 0xC0, 0xA7, 0x10,
  0x3C, 0x0A, 0x71, 0x03, 0xC0, 0xA7, 0x10, 0x3C, 0x0A, 0x71, 0x03, 0xC0, 0xA7, 0x10, 0x3C, 0x0A,
  0x71, 0x03, 0xC0, 0xA7, 0x10, 0x3C, 0x0A, 0x71, 0x03, 0xC0, 0xA7, 0x10, 0x3C, 0x0A, 0x71, 0x03,
  0xC0, 0xA7, 0x10, 0x3C, 0x0A, 0x38, 0x47, 0xDE, 0x91, 0x3C, 0x0A, 0x20, 0x6C, 0x0A, 0x03, 0xC0,
  0xA2, 0x0A, 0xC0, 0xE0, 0x3C, 0x0A, 0x20, 0xAC, 0x0E, 0x03, 0xC0, 0xA2, 0x06, 0xC0, 0x90, 0x3C,
  0x0A, 0x38, 0x47, 0xDE, 0x91, 0x3C, 0x0A, 0x71, 0x03, 0xC0, 0xA7, 0x10, 0x3C, 0x0A, 0x71, 0x03,
  0xC0, 0xA7, 0x10, 0x3C, 0x0A, 0x71, 0x03, 0xC0, 0xA7, 0x10, 0x3C, 0x0A, 0x71, 0x03, 0xC0, 0xA7,
  0x10, 0x3C, 0x0A, 0x71, 0x03, 0xC0, 0xA7, 0x10, 0x3C, 0x0A, 0x71, 0x03, 0xC0, 0xA7, 0x10, 0x3C,
  0x0A, 0x71, 0x03, 0xC0, 0xA7, 0x10, 0x3C, 0x0A, 0x71, 0x03, 0xC0, 0xA7, 0x10, 0x3C, 0x0A, 0x71,
  0x03, 0xC0, 0xA7, 0x10,
  // "Ł" (U+0141), RLE, 369 bytes saved (64.3%)
  0x50, 0x8C, 0x07, 0x77, 0x71, 0x08, 0xC0, 0x77, 0x77, 0x10, 0x8C, 0x07, 0x77, 0x71, 0x08, 0xC0,
  0x77, 0x77, 0x10, 0x8C, 0x07, 0x77, 0x71, 0x08, 0xC0, 0x77, 0x77, 0x10, 0x8C, 0x07, 0x77, 0x71,
  0x08, 0xC0, 0x77, 0x77, 0x10, 0x8C, 0x07, 0x77, 0x71, 0x08, 0xC0, 0x77, 0x77, 0x10, 0x8C, 0x07,
  0x77, 0x71, 0x08, 0xC0, 0x77, 0x77, 0x10, 0x8C, 0x07, 0x77, 0x71, 0x08, 0xC0, 0x77, 0x77, 0x10,
  0x8C, 0x07, 0x77, 0x71, 0x08, 0xC0, 0x75, 0x81, 0x3C, 0x87, 0x70, 0x8C, 0x07, 0x30, 0x10, 0x9B,
  0x01, 0x76, 0x08, 0xC0, 0x72, 0x06, 0x0E, 0xC0, 0xA7, 0x60, 0x8C, 0x81, 0x72, 0xCE, 0x0C, 0x76,
  0x08, 0xC0, 0xDE, 0x0E, 0x06, 0x77, 0x08, 0xFB, 0x09, 0x01, 0x77, 0x10, 0x8F, 0x90, 0xC0, 0x37,
  0x73, 0x0B, 0xE0, 0xE0, 0x57, 0x73, 0x04, 0x0D, 0xE0, 0x80, 0x17, 0x72, 0x01, 0x0A, 0xF0, 0x77,
  0x73, 0x01, 0x0E, 0xF9, 0x07, 0x77, 0x40, 0x9F, 0x90, 0x77, 0x74, 0x83, 0x1E, 0xFC, 0xBC, 0x07,
  0x77, 0x58, 0x26, 0x50, 0x8C, 0x07, 0x77, 0x71, 0x08, 0xC0, 0x77, 0x77, 0x10, 0x8C, 0x07, 0x77,
  0x71, 0x08, 0xC0, 0x77, 0x77, 0x10, 0x8C, 0x07, 0x77, 0x71, 0x08, 0xC0, 0x77, 0x77, 0x10, 0x8C,
  0x07, 0x77, 0x71, 0x08, 0xC0, 0x77, 0x77, 0x10, 0x8C, 0x08, 0x80, 0x95, 0x25, 0x08, 0xFF, 0xF0,
  0xE5, 0x08, 0xFF, 0xF0, 0xE5, 0x08, 0xFF, 0xF0, 0xE5, 0x08, 0xFF, 0xF0, 0xE0,
  // "ł" (U+0142), RLE, 178 bytes saved (51.7%)
  0x50, 0x9C, 0x04, 0x73, 0x09, 0xC0, 0x47, 0x30, 0x9C, 0x04, 0x73, 0x09, 0xC0, 0x47, 0x30, 0x9C,
  0x04, 0x73, 0x09, 0xC0, 0x47, 0x30, 0x9C, 0x04, 0x73, 0x09, 0xC0, 0x47, 0x30, 0x9C, 0x04, 0x73,
  0x09, 0xC0, 0x47, 0x30, 0x9C, 0x04, 0x73, 0x09, 0xC0, 0x47, 0x30, 0x9C, 0x04, 0x73, 0x09, 0xC0,
  0x47, 0x30, 0x9C, 0x04, 0x73, 0x09, 0xC0, 0x47, 0x30, 0x9C, 0x04, 0x73, 0x09, 0xC8, 0x34, 0x04,
  0xD4, 0x60, 0x9C, 0x05, 0x08, 0xA0, 0xD6, 0x09, 0xC0, 0xEC, 0x08, 0x50, 0x9F, 0x90, 0xE0, 0x65,
  0x09, 0xF0, 0xB0, 0x15, 0x01, 0x0C, 0xD0, 0xE0, 0x66, 0x05, 0x0E, 0xD0, 0xB0, 0x25, 0x01, 0x0B,
  0xF0, 0x45, 0x03, 0x0E, 0xF9, 0x04, 0x60, 0xDF, 0x90, 0x46, 0x05, 0xA0, 0x90, 0xAC, 0x04, 0x78,
  0x28, 0x30, 0x9C, 0x04, 0x73, 0x09, 0xC0, 0x47, 0x30, 0x9C, 0x04, 0x73, 0x09, 0xC0, 0x47, 0x30,
  0x9C, 0x04, 0x73, 0x09, 0xC0, 0x47, 0x30, 0x9C, 0x04, 0x73, 0x09, 0xC0, 0x47, 0x30, 0x9C, 0x04,
  0x73, 0x09, 0xC0, 0x47, 0x30, 0x9C, 0x04, 0x73, 0x09, 0xC0, 0x47, 0x30, 0x9C, 0x04, 0x73, 0x09,
  0xC0, 0x47, 0x30, 0x9C, 0x04, 0x50,
  // "Ń" (U+0143), RLE, 489 bytes saved (55.9%)
  0x77, 0x40, 0xBD, 0x06, 0x77, 0x74, 0x04, 0xD0, 0xC7, 0x77, 0x50, 0xCC, 0x0D, 0x01, 0x77, 0x74,
  0x07, 0xC0, 0xE0, 0x37, 0x77, 0x40, 0x2C, 0x0E, 0x03, 0x77, 0x75, 0x0B, 0xC0, 0x47, 0x77, 0x50,
  0x6C, 0x05, 0x77, 0x75, 0x02, 0x0E, 0xA0, 0xE0, 0x47, 0x77, 0x60, 0xBA, 0x0D, 0x03, 0x80, 0x9D,
  0x60, 0x08, 0xD0, 0x87, 0x76, 0x09, 0xC0, 0x10, 0x8E, 0x03, 0x77, 0x50, 0x9C, 0x01, 0x08, 0xE0,
  0xC7, 0x75, 0x09, 0xC0, 0x10, 0x8F, 0x07, 0x77, 0x40, 0x9C, 0x01, 0x08, 0xF9, 0x02, 0x77, 0x30,
  0x9C, 0x01, 0x08, 0xF9, 0x0C, 0x77, 0x30, 0x9C, 0x01, 0x08, 0xFA, 0x06, 0x77, 0x20, 0x9C, 0x01,
  0x08, 0xB0, 0xC0, 0xEC, 0x0E, 0x01, 0x77, 0x10, 0x9C, 0x01, 0x08, 0xB0, 0xA0, 0x6D, 0x0B, 0x77,
  0x10, 0x9C, 0x01, 0x08, 0xB8, 0x1B, 0x0B, 0xD0, 0x57, 0x70, 0x9C, 0x01, 0x08, 0xB8, 0x1C, 0x02,
  0xD0, 0xE0, 0x17, 0x60, 0x9C, 0x01, 0x08, 0xB0, 0xD2, 0x07, 0xD0, 0xA7, 0x60, 0x9C, 0x01, 0x08,
  0xB0, 0xE3, 0x0D, 0xD0, 0x47, 0x50, 0x9C, 0x01, 0x08, 0xB0, 0xE3, 0x03, 0xD0, 0xD7, 0x50, 0x9C,
  0x01, 0x08, 0xC4, 0x09, 0xD0, 0x97, 0x40, 0x9C, 0x01, 0x08, 0xC5, 0x0D, 0xD0, 0x37, 0x30, 0x9C,
  0x01, 0x08, 0xC5, 0x05, 0xD0, 0xD7, 0x30, 0x9C, 0x01, 0x08, 0xC6, 0x0A, 0xD0, 0x87, 0x20, 0x9C,
  0x01, 0x08, 0xC0, 0x15, 0x01, 0x0E, 0xD0, 0x37, 0x10, 0x9C, 0x01, 0x08, 0xC0, 0x16, 0x06, 0xD0,
  0xC7, 0x10, 0x9C, 0x01, 0x08, 0xC0, 0x17, 0x0B, 0xD0, 0x77, 0x09, 0xC0, 0x10, 0x8C, 0x01, 0x70,
  0x2E, 0x02, 0x60, 0x9C, 0x01, 0x08, 0xC0, 0x17, 0x10, 0x7D, 0x0B, 0x60, 0x8C, 0x01, 0x08, 0xC0,
  0x17, 0x20, 0xDD, 0x06, 0x50, 0x8C, 0x01, 0x08, 0xC0, 0x17, 0x20, 0x3D, 0x0E, 0x01, 0x40, 0x8C,
  0x01, 0x08, 0xC0, 0x17, 0x30, 0x9D, 0x0A, 0x40, 0x8C, 0x01, 0x08, 0xC0, 0x17, 0x30, 0x10, 0xED,
  0x05, 0x30, 0x7C, 0x01, 0x08, 0xC0, 0x17, 0x40, 0x5D, 0x0E, 0x01, 0x20, 0x7C, 0x01, 0x08, 0xC0,
  0x17, 0x50, 0xAD, 0x09, 0x20, 0x6C, 0x01, 0x08, 0xC0, 0x17, 0x50, 0x10, 0xED, 0x81, 0x40, 0x5C,
  0x01, 0x08, 0xC0, 0x17, 0x60, 0x6D, 0x81, 0xD0, 0x5C, 0x01, 0x08, 0xC0, 0x17, 0x70, 0xCD, 0x08,
  0x04, 0xC0, 0x10, 0x8C, 0x01, 0x77, 0x02, 0xE0, 0x6C, 0x01, 0x08, 0xC0, 0x17, 0x71, 0x08, 0xFB,
  0x01, 0x08, 0xC0, 0x17, 0x72, 0x0D, 0xFA, 0x01, 0x08, 0xC0, 0x17, 0x72, 0x03, 0xFA, 0x01, 0x08,
  0xC0, 0x17, 0x73, 0x09, 0xF9, 0x01, 0x08, 0xC0, 0x17, 0x73, 0x01, 0x0E, 0xF0, 0x10, 0x8C, 0x01,
  0x77, 0x40, 0x5F, 0x01, 0x08, 0xC0, 0x17, 0x75, 0x0A, 0xE0, 0x10, 0x8C, 0x01, 0x77, 0x50, 0x10,
  0xED, 0x01,
  // "ń" (U+0144), RLE, 328 bytes saved (56.5%)
  0x77, 0x10, 0xBD, 0x06, 0x77, 0x50, 0x4D, 0x0C, 0x77, 0x60, 0xCC, 0x0D, 0x01, 0x77, 0x50, 0x7C,
  0x0E, 0x03, 0x77, 0x50, 0x2C, 0x0E, 0x03, 0x77, 0x60, 0xBC, 0x04, 0x77, 0x60, 0x6C, 0x05, 0x77,
  0x60, 0x20, 0xEA, 0x0E, 0x04, 0x77, 0x70, 0xBA, 0x0D, 0x03, 0x80, 0x9C, 0x50, 0x85, 0x25, 0x77,
  0x65, 0x27, 0x10, 0x3B, 0x0C, 0x48, 0x11, 0x8E, 0xF8, 0x1E, 0x92, 0x50, 0x3C, 0x30, 0x70, 0xEF,
  0xD0, 0x74, 0x03, 0xC8, 0x12, 0x0A, 0xFF, 0x90, 0xA3, 0x03, 0xC0, 0x40, 0x8D, 0x83, 0xCB, 0xAB,
  0xDF, 0x06, 0x20, 0x3C, 0x0B, 0xB0, 0xC0, 0x46, 0x02, 0x0A, 0xD0, 0xE2, 0x03, 0xF0, 0x77, 0x30,
  0x7D, 0x81, 0x50, 0x3E, 0x09, 0x75, 0x0B, 0xC8, 0x19, 0x03, 0xD0, 0xE0, 0x17, 0x50, 0x4C, 0x81,
  0xC0, 0x3D, 0x09, 0x77, 0xC8, 0x1E, 0x03, 0xD0, 0x47, 0x70, 0xDC, 0x10, 0x3D, 0x77, 0x10, 0xCC,
  0x01, 0x03, 0xC0, 0xD7, 0x71, 0x0C, 0xC0, 0x10, 0x3C, 0x0C, 0x77, 0x10, 0xCC, 0x01, 0x03, 0xC0,
  0xB7, 0x71, 0x0C, 0xC0, 0x10, 0x3C, 0x0A, 0x77, 0x10, 0xCC, 0x01, 0x03, 0xC0, 0xA7, 0x71, 0x0C,
  0xC0, 0x10, 0x3C, 0x0A, 0x77, 0x10, 0xCC, 0x01, 0x03, 0xC0, 0xA7, 0x71, 0x0C, 0xC0, 0x10, 0x3C,
  0x0A, 0x77, 0x10, 0xCC, 0x01, 0x03, 0xC0, 0xA7, 0x71, 0x0C, 0xC0, 0x10, 0x3C, 0x0A, 0x77, 0x10,
  0xCC, 0x01, 0x03, 0xC0, 0xA7, 0x71, 0x0C, 0xC0, 0x10, 0x3C, 0x0A, 0x77, 0x10, 0xCC, 0x01, 0x03,
  0xC0, 0xA7, 0x71, 0x0C, 0xC0, 0x10, 0x3C, 0x0A, 0x77, 0x10, 0xCC, 0x01, 0x03, 0xC0, 0xA7, 0x71,
  0x0C, 0xC0, 0x10, 0x3C, 0x0A, 0x77, 0x10, 0xCC, 0x01, 0x03, 0xC0, 0xA7, 0x71, 0x0C, 0xC0, 0x10,
  0x3C, 0x0A, 0x77, 0x10, 0xCC, 0x01, 0x03, 0xC0, 0xA7, 0x71, 0x0C, 0xC0, 0x10,
  // "Ņ" (U+0145), RLE, 495 bytes saved (56.6%)
  0x08, 0xD0, 0x87, 0x76, 0x09, 0xC0, 0x10, 0x8E, 0x03, 0x77, 0x50, 0x9C, 0x01, 0x08, 0xE0, 0xC7,
  0x75, 0x09, 0xC0, 0x10, 0x8F, 0x07, 0x77, 0x40, 0x9C, 0x01, 0x08, 0xF9, 0x02, 0x77, 0x30, 0x9C,
  0x01, 0x08, 0xF9, 0x0C, 0x77, 0x30, 0x9C, 0x01, 0x08, 0xFA, 0x06, 0x77, 0x20, 0x9C, 0x01, 0x08,
  0xB0, 0xC0, 0xEC, 0x0E, 0x01, 0x77, 0x10, 0x9C, 0x01, 0x08, 0xB0, 0xA0, 0x6D, 0x0B, 0x77, 0x10,
  0x9C, 0x01, 0x08, 0xB8, 0x1B, 0x0B, 0xD0, 0x57, 0x70, 0x9C, 0x01, 0x08, 0xB8, 0x1C, 0x02, 0xD0,
  0xE0, 0x17, 0x60, 0x9C, 0x01, 0x08, 0xB0, 0xD2, 0x07, 0xD0, 0xA7, 0x60, 0x9C, 0x01, 0x08, 0xB0,
  0xE3, 0x0D, 0xD0, 0x47, 0x50, 0x9C, 0x01, 0x08, 0xB0, 0xE3, 0x03, 0xD0, 0xD7, 0x50, 0x9C, 0x01,
  0x08, 0xC4, 0x09, 0xD0, 0x97, 0x40, 0x9C, 0x01, 0x08, 0xC5, 0x0D, 0xD0, 0x37, 0x30, 0x9C, 0x01,
  0x08, 0xC5, 0x05, 0xD0, 0xD7, 0x30, 0x9C, 0x01, 0x08, 0xC6, 0x0A, 0xD0, 0x87, 0x20, 0x9C, 0x01,
  0x08, 0xC0, 0x15, 0x01, 0x0E, 0xD0, 0x37, 0x10, 0x9C, 0x01, 0x08, 0xC0, 0x16, 0x06, 0xD0, 0xC7,
  0x10, 0x9C, 0x01, 0x08, 0xC0, 0x17, 0x0B, 0xD0, 0x77, 0x09, 0xC0, 0x10, 0x8C, 0x01, 0x70, 0x2E,
  0x02, 0x60, 0x9C, 0x01, 0x08, 0xC0, 0x17, 0x10, 0x7D, 0x0B, 0x60, 0x8C, 0x01, 0x08, 0xC0, 0x17,
  0x20, 0xDD, 0x06, 0x50, 0x8C, 0x01, 0x08, 0xC0, 0x17, 0x20, 0x3D, 0x0E, 0x01, 0x40, 0x8C, 0x01,
  0x08, 0xC0, 0x17, 0x30, 0x9D, 0x0A, 0x40, 0x8C, 0x01, 0x08, 0xC0, 0x17, 0x30, 0x10, 0xED, 0x05,
  0x30, 0x7C, 0x01, 0x08, 0xC0, 0x17, 0x40, 0x5D, 0x0E, 0x01, 0x20, 0x7C, 0x01, 0x08, 0xC0, 0x17,
  0x50, 0xAD, 0x09, 0x20, 0x6C, 0x01, 0x08, 0xC0, 0x17, 0x50, 0x10, 0xED, 0x81, 0x40, 0x5C, 0x01,
  0x08, 0xC0, 0x17, 0x60, 0x6D, 0x81, 0xD0, 0x5C, 0x01, 0x08, 0xC0, 0x17, 0x70, 0xCD, 0x08, 0x04,
  0xC0, 0x10, 0x8C, 0x01, 0x77, 0x02, 0xE0, 0x6C, 0x01, 0x08, 0xC0, 0x17, 0x71, 0x08, 0xFB, 0x01,
  0x08, 0xC0, 0x17, 0x72, 0x0D, 0xFA, 0x01, 0x08, 0xC0, 0x17, 0x72, 0x03, 0xFA, 0x01, 0x08, 0xC0,
  0x17, 0x73, 0x09, 0xF9, 0x01, 0x08, 0xC0, 0x17, 0x73, 0x01, 0x0E, 0xF0, 0x10, 0x8C, 0x01, 0x77,
  0x40, 0x5F, 0x01, 0x08, 0xC0, 0x17, 0x75, 0x0A, 0xE0, 0x10, 0x8C, 0x01, 0x77, 0x50, 0x10, 0xED,
  0x01, 0x80, 0x9D, 0x50, 0x01, 0xC0, 0xC7, 0x77, 0x60, 0x3C, 0x09, 0x77, 0x76, 0x07, 0xC0, 0x37,
  0x77, 0x60, 0xBB, 0x0B, 0x77, 0x77, 0x0E, 0xB0, 0x37, 0x77, 0x60, 0x4B, 0x0A, 0x77, 0x77, 0x09,
  0xB0, 0x27, 0x77, 0x70, 0xEA, 0x07, 0x77, 0x77, 0x04, 0xA0, 0xB7, 0x73,
  // "ņ" (U+0146), RLE, 333 bytes saved (57.3%)
  0x75, 0x85, 0x25, 0x77, 0x65, 0x27, 0x10, 0x3B, 0x0C, 0x48, 0x11, 0x8E, 0xF8, 0x1E, 0x92, 0x50,
  0x3C, 0x30, 0x70, 0xEF, 0xD0, 0x74, 0x03, 0xC8, 0x12, 0x0A, 0xFF, 0x90, 0xA3, 0x03, 0xC0, 0x40,
  0x8D, 0x83, 0xCB, 0xAB, 0xDF, 0x06, 0x20, 0x3C, 0x0B, 0xB0, 0xC0, 0x46, 0x02, 0x0A, 0xD0, 0xE2,
  0x03, 0xF0, 0x77, 0x30, 0x7D, 0x81, 0x50, 0x3E, 0x09, 0x75, 0x0B, 0xC8, 0x19, 0x03, 0xD0, 0xE0,
  0x17, 0x50, 0x4C, 0x81, 0xC0, 0x3D, 0x09, 0x77, 0xC8, 0x1E, 0x03, 0xD0, 0x47, 0x70, 0xDC, 0x10,
  0x3D, 0x77, 0x10, 0xCC, 0x01, 0x03, 0xC0, 0xD7, 0x71, 0x0C, 0xC0, 0x10, 0x3C, 0x0C, 0x77, 0x10,
  0xCC, 0x01, 0x03, 0xC0, 0xB7, 0x71, 0x0C, 0xC0, 0x10, 0x3C, 0x0A, 0x77, 0x10, 0xCC, 0x01, 0x03,
  0xC0, 0xA7, 0x71, 0x0C, 0xC0, 0x10, 0x3C, 0x0A, 0x77, 0x10, 0xCC, 0x01, 0x03, 0xC0, 0xA7, 0x71,
  0x0C, 0xC0, 0x10, 0x3C, 0x0A, 0x77, 0x10, 0xCC, 0x01, 0x03, 0xC0, 0xA7, 0x71, 0x0C, 0xC0, 0x10,
  0x3C, 0x0A, 0x77, 0x10, 0xCC, 0x01, 0x03, 0xC0, 0xA7, 0x71, 0x0C, 0xC0, 0x10, 0x3C, 0x0A, 0x77,
  0x10, 0xCC, 0x01, 0x03, 0xC0, 0xA7, 0x71, 0x0C, 0xC0, 0x10, 0x3C, 0x0A, 0x77, 0x10, 0xCC, 0x01,
  0x03, 0xC0, 0xA7, 0x71, 0x0C, 0xC0, 0x10, 0x3C, 0x0A, 0x77, 0x10, 0xCC, 0x01, 0x03, 0xC0, 0xA7,
  0x71, 0x0C, 0xC0, 0x10, 0x3C, 0x0A, 0x77, 0x10, 0xCC, 0x01, 0x03, 0xC0, 0xA7, 0x71, 0x0C, 0xC0,
  0x18, 0x09, 0xB1, 0x0C, 0x0D, 0x77, 0x70, 0x3C, 0x09, 0x77, 0x70, 0x6C, 0x03, 0x77, 0x70, 0xAB,
  0x0B, 0x77, 0x71, 0x0E, 0xB0, 0x37, 0x77, 0x03, 0xB0, 0xB7, 0x77, 0x10, 0x8B, 0x02, 0x77, 0x71,
  0x0E, 0xA0, 0x87, 0x77, 0x10, 0x3A, 0x0B, 0x77,
  // "Ň" (U+0147), RLE, 476 bytes saved (54.4%)
  0x70, 0xBA, 0x0E, 0x05, 0x72, 0x02, 0x0C, 0xB0, 0x27, 0x60, 0x20, 0xEB, 0x09, 0x70, 0x5C, 0x07,
  0x77, 0x10, 0x30, 0xEB, 0x0B, 0x50, 0x8C, 0x07, 0x77, 0x30, 0x3C, 0x0C, 0x01, 0x20, 0x9C, 0x08,
  0x77, 0x50, 0x5C, 0x81, 0xC1, 0xAC, 0x0A, 0x77, 0x70, 0x7C, 0x0E, 0xC0, 0xB7, 0x77, 0x20, 0x9F,
  0x0D, 0x77, 0x74, 0x0C, 0xD0, 0xE0, 0x27, 0x77, 0x40, 0x3D, 0x07, 0x80, 0x9D, 0x40, 0x08, 0xD0,
  0x87, 0x76, 0x09, 0xC0, 0x10, 0x8E, 0x03, 0x77, 0x50, 0x9C, 0x01, 0x08, 0xE0, 0xC7, 0x75, 0x09,
  0xC0, 0x10, 0x8F, 0x07, 0x77, 0x40, 0x9C, 0x01, 0x08, 0xF9, 0x02, 0x77, 0x30, 0x9C, 0x01, 0x08,
  0xF9, 0x0C, 0x77, 0x30, 0x9C, 0x01, 0x08, 0xFA, 0x06, 0x77, 0x20, 0x9C, 0x01, 0x08, 0xB0, 0xC0,
  0xEC, 0x0E, 0x01, 0x77, 0x10, 0x9C, 0x01, 0x08, 0xB0, 0xA0, 0x6D, 0x0B, 0x77, 0x10, 0x9C, 0x01,
  0x08, 0xB8, 0x1B, 0x0B, 0xD0, 0x57, 0x70, 0x9C, 0x01, 0x08, 0xB8, 0x1C, 0x02, 0xD0, 0xE0, 0x17,
  0x60, 0x9C, 0x01, 0x08, 0xB0, 0xD2, 0x07, 0xD0, 0xA7, 0x60, 0x9C, 0x01, 0x08, 0xB0, 0xE3, 0x0D,
  0xD0, 0x47, 0x50, 0x9C, 0x01, 0x08, 0xB0, 0xE3, 0x03, 0xD0, 0xD7, 0x50, 0x9C, 0x01, 0x08, 0xC4,
  0x09, 0xD0, 0x97, 0x40, 0x9C, 0x01, 0x08, 0xC5, 0x0D, 0xD0, 0x37, 0x30, 0x9C, 0x01, 0x08, 0xC5,
  0x05, 0xD0, 0xD7, 0x30, 0x9C, 0x01, 0x08, 0xC6, 0x0A, 0xD0, 0x87, 0x20, 0x9C, 0x01, 0x08, 0xC0,
  0x15, 0x01, 0x0E, 0xD0, 0x37, 0x10, 0x9C, 0x01, 0x08, 0xC0, 0x16, 0x06, 0xD0, 0xC7, 0x10, 0x9C,
  0x01, 0x08, 0xC0, 0x17, 0x0B, 0xD0, 0x77, 0x09, 0xC0, 0x10, 0x8C, 0x01, 0x70, 0x2E, 0x02, 0x60,
  0x9C, 0x01, 0x08, 0xC0, 0x17, 0x10, 0x7D, 0x0B, 0x60, 0x8C, 0x01, 0x08, 0xC0, 0x17, 0x20, 0xDD,
  0x06, 0x50, 0x8C, 0x01, 0x08, 0xC0, 0x17, 0x20, 0x3D, 0x0E, 0x01, 0x40, 0x8C, 0x01, 0x08, 0xC0,
  0x17, 0x30, 0x9D, 0x0A, 0x40, 0x8C, 0x01, 0x08, 0xC0, 0x17, 0x30, 0x10, 0xED, 0x05, 0x30, 0x7C,
  0x01, 0x08, 0xC0, 0x17, 0x40, 0x5D, 0x0E, 0x01, 0x20, 0x7C, 0x01, 0x08, 0xC0, 0x17, 0x50, 0xAD,
  0x09, 0x20, 0x6C, 0x01, 0x08, 0xC0, 0x17, 0x50, 0x10, 0xED, 0x81, 0x40, 0x5C, 0x01, 0x08, 0xC0,
  0x17, 0x60, 0x6D, 0x81, 0xD0, 0x5C, 0x01, 0x08, 0xC0, 0x17, 0x70, 0xCD, 0x08, 0x04, 0xC0, 0x10,
  0x8C, 0x01, 0x77, 0x02, 0xE0, 0x6C, 0x01, 0x08, 0xC0, 0x17, 0x71, 0x08, 0xFB, 0x01, 0x08, 0xC0,
  0x17, 0x72, 0x0D, 0xFA, 0x01, 0x08, 0xC0, 0x17, 0x72, 0x03, 0xFA, 0x01, 0x08, 0xC0, 0x17, 0x73,
  0x09, 0xF9, 0x01, 0x08, 0xC0, 0x17, 0x73, 0x01, 0x0E, 0xF0, 0x10, 0x8C, 0x01, 0x77, 0x40, 0x5F,
  0x01, 0x08, 0xC0, 0x17, 0x75, 0x0A, 0xE0, 0x10, 0x8C, 0x01, 0x77, 0x50, 0x10, 0xED, 0x01,
  // "ň" (U+0148), RLE, 315 bytes saved (54.2%)
  0x40, 0xBA, 0x0E, 0x05, 0x72, 0x02, 0x0C, 0xB0, 0x27, 0x02, 0x0E, 0xB0, 0x97, 0x05, 0xC0, 0x77,
  0x20, 0x30, 0xEB, 0x0B, 0x50, 0x8C, 0x07, 0x74, 0x03, 0xC0, 0xC0, 0x12, 0x09, 0xC0, 0x87, 0x60,
  0x5C, 0x81, 0xC1, 0xAC, 0x0A, 0x77, 0x10, 0x7C, 0x0E, 0xC0, 0xB7, 0x73, 0x09, 0xF0, 0xD7, 0x75,
  0x0C, 0xD0, 0xE0, 0x27, 0x75, 0x03, 0xD0, 0x78, 0x09, 0xC3, 0x08, 0x52, 0x57, 0x76, 0x52, 0x71,
  0x03, 0xB0, 0xC4, 0x81, 0x18, 0xEF, 0x81, 0xE9, 0x25, 0x03, 0xC3, 0x07, 0x0E, 0xFD, 0x07, 0x40,
  0x3C, 0x81, 0x20, 0xAF, 0xF9, 0x0A, 0x30, 0x3C, 0x04, 0x08, 0xD8, 0x3C, 0xBA, 0xBD, 0xF0, 0x62,
  0x03, 0xC0, 0xBB, 0x0C, 0x04, 0x60, 0x20, 0xAD, 0x0E, 0x20, 0x3F, 0x07, 0x73, 0x07, 0xD8, 0x15,
  0x03, 0xE0, 0x97, 0x50, 0xBC, 0x81, 0x90, 0x3D, 0x0E, 0x01, 0x75, 0x04, 0xC8, 0x1C, 0x03, 0xD0,
  0x97, 0x7C, 0x81, 0xE0, 0x3D, 0x04, 0x77, 0x0D, 0xC1, 0x03, 0xD7, 0x71, 0x0C, 0xC0, 0x10, 0x3C,
  0x0D, 0x77, 0x10, 0xCC, 0x01, 0x03, 0xC0, 0xC7, 0x71, 0x0C, 0xC0, 0x10, 0x3C, 0x0B, 0x77, 0x10,
  0xCC, 0x01, 0x03, 0xC0, 0xA7, 0x71, 0x0C, 0xC0, 0x10, 0x3C, 0x0A, 0x77, 0x10, 0xCC, 0x01, 0x03,
  0xC0, 0xA7, 0x71, 0x0C, 0xC0, 0x10, 0x3C, 0x0A, 0x77, 0x10, 0xCC, 0x01, 0x03, 0xC0, 0xA7, 0x71,
  0x0C, 0xC0, 0x10, 0x3C, 0x0A, 0x77, 0x10, 0xCC, 0x01, 0x03, 0xC0, 0xA7, 0x71, 0x0C, 0xC0, 0x10,
  0x3C, 0x0A, 0x77, 0x10, 0xCC, 0x01, 0x03, 0xC0, 0xA7, 0x71, 0x0C, 0xC0, 0x10, 0x3C, 0x0A, 0x77,
  0x10, 0xCC, 0x01, 0x03, 0xC0, 0xA7, 0x71, 0x0C, 0xC0, 0x10, 0x3C, 0x0A, 0x77, 0x10, 0xCC, 0x01,
  0x03, 0xC0, 0xA7, 0x71, 0x0C, 0xC0, 0x10, 0x3C, 0x0A, 0x77, 0x10, 0xCC, 0x01, 0x03, 0xC0, 0xA7,
  0x71, 0x0C, 0xC0, 0x10, 0x3C, 0x0A, 0x77, 0x10, 0xCC, 0x01,
  // "ŉ" (U+0149), RLE, 444 bytes saved (60.2%)
  0x30, 0x9C, 0x0E, 0x77, 0x77, 0x20, 0xBC, 0x0D, 0x77, 0x77, 0x20, 0xEC, 0x09, 0x77, 0x77, 0x10,
  0x1D, 0x04, 0x77, 0x77, 0x10, 0x4C, 0x0E, 0x77, 0x77, 0x20, 0x7C, 0x0A, 0x77, 0x77, 0x20, 0xAC,
  0x04, 0x77, 0x77, 0x20, 0xDB, 0x0E, 0x77, 0x77, 0x20, 0x1C, 0x08, 0x77, 0x77, 0x20, 0x4C, 0x02,
  0x77, 0x77, 0x20, 0x7B, 0x0C, 0x77, 0x18, 0x52, 0x57, 0x76, 0x52, 0x72, 0x0B, 0xB0, 0x53, 0x03,
  0xB0, 0xC4, 0x81, 0x18, 0xEF, 0x81, 0xE9, 0x26, 0x0E, 0xA0, 0xE4, 0x03, 0xC3, 0x07, 0x0E, 0xFD,
  0x07, 0x40, 0x3B, 0x08, 0x40, 0x3C, 0x81, 0x20, 0xAF, 0xF9, 0x0A, 0x75, 0x03, 0xC0, 0x40, 0x8D,
  0x83, 0xCB, 0xAB, 0xDF, 0x06, 0x74, 0x03, 0xC0, 0xBB, 0x0C, 0x04, 0x60, 0x20, 0xAD, 0x0E, 0x74,
  0x03, 0xF0, 0x77, 0x30, 0x7D, 0x05, 0x73, 0x03, 0xE0, 0x97, 0x50, 0xBC, 0x09, 0x73, 0x03, 0xD0,
  0xE0, 0x17, 0x50, 0x4C, 0x0C, 0x73, 0x03, 0xD0, 0x97, 0x7C, 0x0E, 0x73, 0x03, 0xD0, 0x47, 0x70,
  0xDC, 0x73, 0x03, 0xD7, 0x71, 0x0C, 0xC0, 0x17, 0x20, 0x3C, 0x0D, 0x77, 0x10, 0xCC, 0x01, 0x72,
  0x03, 0xC0, 0xC7, 0x71, 0x0C, 0xC0, 0x17, 0x20, 0x3C, 0x0B, 0x77, 0x10, 0xCC, 0x01, 0x72, 0x03,
  0xC0, 0xA7, 0x71, 0x0C, 0xC0, 0x17, 0x20, 0x3C, 0x0A, 0x77, 0x10, 0xCC, 0x01, 0x72, 0x03, 0xC0,
  0xA7, 0x71, 0x0C, 0xC0, 0x17, 0x20, 0x3C, 0x0A, 0x77, 0x10, 0xCC, 0x01, 0x72, 0x03, 0xC0, 0xA7,
  0x71, 0x0C, 0xC0, 0x17, 0x20, 0x3C, 0x0A, 0x77, 0x10, 0xCC, 0x01, 0x72, 0x03, 0xC0, 0xA7, 0x71,
  0x0C, 0xC0, 0x17, 0x20, 0x3C, 0x0A, 0x77, 0x10, 0xCC, 0x01, 0x72, 0x03, 0xC0, 0xA7, 0x71, 0x0C,
  0xC0, 0x17, 0x20, 0x3C, 0x0A, 0x77, 0x10, 0xCC, 0x01, 0x72, 0x03, 0xC0, 0xA7, 0x71, 0x0C, 0xC0,
  0x17, 0x20, 0x3C, 0x0A, 0x77, 0x10, 0xCC, 0x01, 0x72, 0x03, 0xC0, 0xA7, 0x71, 0x0C, 0xC0, 0x17,
  0x20, 0x3C, 0x0A, 0x77, 0x10, 0xCC, 0x01, 0x72, 0x03, 0xC0, 0xA7, 0x71, 0x0C, 0xC0, 0x17, 0x20,
  0x3C, 0x0A, 0x77, 0x10, 0xCC, 0x01,
  // "Ŋ" (U+014A), RLE, 463 bytes saved (54.0%)
  0x08, 0xD0, 0x87, 0x76, 0x09, 0xC0, 0x10, 0x8E, 0x03, 0x77, 0x50, 0x9C, 0x01, 0x08, 0xE0, 0xD7,
  0x75, 0x09, 0xC0, 0x10, 0x8F, 0x08, 0x77, 0x40, 0x9C, 0x01, 0x08, 0xF9, 0x02, 0x77, 0x30, 0x9C,
  0x01, 0x08, 0xF9, 0x0C, 0x77, 0x30, 0x9C, 0x01, 0x08, 0xFA, 0x07, 0x77, 0x20, 0x9C, 0x01, 0x08,
  0xB0, 0xED, 0x0E, 0x02, 0x77, 0x10, 0x9C, 0x01, 0x08, 0xB0, 0x0A, 0xD0, 0xB7, 0x71, 0x09, 0xC0,
  0x10, 0x8B, 0x81, 0xB1, 0xED, 0x06, 0x77, 0x09, 0xC0, 0x10, 0x8B, 0x81, 0xC0, 0x4D, 0x0E, 0x01,
  0x76, 0x09, 0xC0, 0x10, 0x8B, 0x0D, 0x20, 0x9D, 0x0A, 0x76, 0x09, 0xC0, 0x10, 0x8B, 0x0D, 0x30,
  0xDD, 0x05, 0x75, 0x09, 0xC0, 0x10, 0x8B, 0x0E, 0x30, 0x4D, 0x0E, 0x01, 0x74, 0x09, 0xC0, 0x10,
  0x8B, 0x0E, 0x40, 0x9D, 0x0A, 0x74, 0x09, 0xC0, 0x10, 0x8C, 0x50, 0xDD, 0x04, 0x73, 0x09, 0xC0,
  0x10, 0x8C, 0x50, 0x3D, 0x0D, 0x73, 0x09, 0xC0, 0x10, 0x8C, 0x60, 0x8D, 0x09, 0x72, 0x09, 0xC0,
  0x10, 0x8C, 0x70, 0xDD, 0x03, 0x71, 0x09, 0xC0, 0x10, 0x8C, 0x01, 0x60, 0x3D, 0x0D, 0x71, 0x09,
  0xC0, 0x10, 0x8C, 0x01, 0x70, 0x7D, 0x08, 0x70, 0x9C, 0x01, 0x08, 0xC0, 0x17, 0x10, 0xCD, 0x03,
  0x60, 0x8C, 0x01, 0x08, 0xC0, 0x17, 0x10, 0x2D, 0x0C, 0x60, 0x8C, 0x01, 0x08, 0xC0, 0x17, 0x20,
  0x7D, 0x07, 0x50, 0x8C, 0x01, 0x08, 0xC0, 0x17, 0x30, 0xCD, 0x02, 0x40, 0x8C, 0x01, 0x08, 0xC0,
  0x17, 0x30, 0x20, 0xEC, 0x0B, 0x40, 0x7C, 0x01, 0x08, 0xC0, 0x17, 0x40, 0x6D, 0x06, 0x30, 0x7C,
  0x01, 0x08, 0xC0, 0x17, 0x50, 0xBC, 0x0E, 0x01, 0x20, 0x7C, 0x01, 0x08, 0xC0, 0x17, 0x50, 0x10,
  0xEC, 0x0B, 0x20, 0x6C, 0x01, 0x08, 0xC0, 0x17, 0x60, 0x6D, 0x81, 0x50, 0x6C, 0x01, 0x08, 0xC0,
  0x17, 0x70, 0xBC, 0x81, 0xE1, 0x5C, 0x01, 0x08, 0xC0, 0x17, 0x70, 0x10, 0xEC, 0x0A, 0x04, 0xC0,
  0x10, 0x8C, 0x01, 0x77, 0x10, 0x5D, 0x08, 0xC0, 0x10, 0x8C, 0x01, 0x77, 0x20, 0xAF, 0xA0, 0x10,
  0x8C, 0x01, 0x77, 0x20, 0x10, 0xEF, 0x90, 0x10, 0x8C, 0x01, 0x77, 0x30, 0x4F, 0x90, 0x10, 0x8C,
  0x01, 0x77, 0x40, 0x9F, 0x01, 0x08, 0xC0, 0x17, 0x74, 0x01, 0x0D, 0xE0, 0x10, 0x8C, 0x01, 0x77,
  0x50, 0x4E, 0x01, 0x08, 0xC0, 0x17, 0x76, 0x09, 0xD0, 0x10, 0x8C, 0x01, 0x77, 0x70, 0xDC, 0x01,
  0x77, 0x76, 0x09, 0xC0, 0x17, 0x77, 0x60, 0xAC, 0x77, 0x77, 0x0D, 0xB0, 0xE7, 0x77, 0x60, 0x2C,
  0x0A, 0x77, 0x76, 0x0A, 0xC0, 0x77, 0x77, 0x50, 0x8D, 0x01, 0x77, 0x48, 0x66, 0x74, 0x32, 0x36,
  0xCD, 0x09, 0x77, 0x50, 0xAF, 0xC0, 0xC7, 0x76, 0x0A, 0xFB, 0x0C, 0x01, 0x77, 0x60, 0xAF, 0x90,
  0xE0, 0x87, 0x77, 0x18, 0x90, 0x4A, 0xDE, 0xFE, 0xDA, 0x61, 0x60,
  // "ŋ" (U+014B), RLE, 337 bytes saved (55.4%)
  0x75, 0x85, 0x35, 0x77, 0x65, 0x27, 0x10, 0x3B, 0x0C, 0x48, 0x12, 0x9E, 0xF8, 0x1E, 0x92, 0x50,
  0x3C, 0x30, 0x7F, 0xE0, 0x74, 0x03, 0xC8, 0x12, 0x09, 0xFF, 0x90, 0xA3, 0x03, 0xC0, 0x50, 0x7D,
  0x83, 0xCB, 0xAB, 0xDF, 0x06, 0x20, 0x3C, 0x0B, 0xB0, 0xC0, 0x46, 0x02, 0x09, 0xD0, 0xE2, 0x03,
  0xF0, 0x77, 0x30, 0x7D, 0x81, 0x50, 0x3E, 0x09, 0x75, 0x0B, 0xC8, 0x19, 0x03, 0xD0, 0xE0, 0x17,
  0x50, 0x4C, 0x81, 0xD0, 0x3D, 0x09, 0x77, 0xD1, 0x03, 0xD0, 0x47, 0x70, 0xDC, 0x10, 0x3D, 0x77,
  0x10, 0xCC, 0x01, 0x03, 0xC0, 0xD7, 0x71, 0x0C, 0xC0, 0x10, 0x3C, 0x0C, 0x77, 0x10, 0xCC, 0x01,
  0x03, 0xC0, 0xB7, 0x71, 0x0C, 0xC0, 0x10, 0x3C, 0x0A, 0x77, 0x10, 0xCC, 0x01, 0x03, 0xC0, 0xA7,
  0x71, 0x0C, 0xC0, 0x10, 0x3C, 0x0A, 0x77, 0x10, 0xCC, 0x01, 0x03, 0xC0, 0xA7, 0x71, 0x0C, 0xC0,
  0x10, 0x3C, 0x0A, 0x77, 0x10, 0xCC, 0x01, 0x03, 0xC0, 0xA7, 0x71, 0x0C, 0xC0, 0x10, 0x3C, 0x0A,
  0x77, 0x10, 0xCC, 0x01, 0x03, 0xC0, 0xA7, 0x71, 0x0C, 0xC0, 0x10, 0x3C, 0x0A, 0x77, 0x10, 0xCC,
  0x01, 0x03, 0xC0, 0xA7, 0x71, 0x0C, 0xC0, 0x10, 0x3C, 0x0A, 0x77, 0x10, 0xCC, 0x01, 0x03, 0xC0,
  0xA7, 0x71, 0x0C, 0xC0, 0x10, 0x3C, 0x0A, 0x77, 0x10, 0xCC, 0x01, 0x03, 0xC0, 0xA7, 0x71, 0x0C,
  0xC0, 0x10, 0x3C, 0x0A, 0x77, 0x10, 0xCC, 0x01, 0x03, 0xC0, 0xA7, 0x71, 0x0C, 0xC0, 0x17, 0x77,
  0x0C, 0xC0, 0x17, 0x77, 0x0C, 0xC0, 0x17, 0x77, 0x0C, 0xC0, 0x17, 0x77, 0x0C, 0xC0, 0x17, 0x77,
  0x0C, 0xC0, 0x17, 0x77, 0x0C, 0xC0, 0x17, 0x77, 0x0D, 0xC7, 0x77, 0x01, 0xC0, 0xD7, 0x77, 0x09,
  0xC0, 0xA7, 0x71, 0x84, 0x85, 0x32, 0x4B, 0xD0, 0x57, 0x71, 0x0E, 0xFA, 0x0D, 0x77, 0x20, 0xEF,
  0x90, 0xE0, 0x37, 0x72, 0x0E, 0xF0, 0xD0, 0x37, 0x73, 0x81, 0x6B, 0xEA, 0x81, 0xDB, 0x65,
  // "Ō" (U+014C), RLE, 602 bytes saved (63.4%)
  0x73, 0x01, 0x80, 0x93, 0x20, 0x17, 0x77, 0x0B, 0xFF, 0x90, 0xD7, 0x77, 0x0B, 0xFF, 0x90, 0xD7,
  0x77, 0x0B, 0xFF, 0x90, 0xD7, 0x77, 0x0B, 0xFF, 0x90, 0xD8, 0x09, 0xC1, 0x08, 0x71, 0x35, 0x67,
  0x76, 0x53, 0x77, 0x75, 0x81, 0x49, 0xDF, 0xB8, 0x1C, 0x72, 0x77, 0x60, 0x50, 0xDF, 0xFA, 0x0A,
  0x02, 0x77, 0x20, 0x20, 0xCF, 0xFE, 0x08, 0x77, 0x04, 0x0E, 0xF9, 0x84, 0xCB, 0xAA, 0xBD, 0xF9,
  0x0C, 0x01, 0x74, 0x04, 0xE8, 0x1E, 0x93, 0x71, 0x04, 0x09, 0xE0, 0xC0, 0x17, 0x20, 0x3E, 0x0A,
  0x01, 0x75, 0x02, 0x0B, 0xD0, 0xC7, 0x20, 0xDD, 0x06, 0x77, 0x20, 0x8D, 0x08, 0x70, 0x8D, 0x07,
  0x77, 0x40, 0x9D, 0x03, 0x50, 0x1D, 0x0B, 0x77, 0x60, 0xDC, 0x0B, 0x50, 0x8D, 0x02, 0x77, 0x60,
  0x5D, 0x03, 0x40, 0xEC, 0x09, 0x77, 0x71, 0x0C, 0xC0, 0x93, 0x04, 0xD0, 0x37, 0x77, 0x10, 0x6C,
  0x0E, 0x30, 0x9C, 0x0D, 0x77, 0x72, 0x01, 0xD0, 0x42, 0x0C, 0xC0, 0x87, 0x77, 0x30, 0xCC, 0x08,
  0x2D, 0x05, 0x77, 0x73, 0x09, 0xC8, 0x1B, 0x03, 0xD0, 0x27, 0x77, 0x30, 0x6C, 0x81, 0xE0, 0x5D,
  0x77, 0x74, 0x03, 0xD1, 0x07, 0xC0, 0xD7, 0x77, 0x40, 0x2D, 0x02, 0x07, 0xC0, 0xD7, 0x77, 0x40,
  0x1D, 0x03, 0x08, 0xC0, 0xC7, 0x77, 0x5D, 0x04, 0x08, 0xC0, 0xB7, 0x77, 0x5D, 0x04, 0x08, 0xC0,
  0xC7, 0x77, 0x5D, 0x04, 0x07, 0xC0, 0xD7, 0x77, 0x40, 0x1D, 0x03, 0x06, 0xC0, 0xD7, 0x77, 0x40,
  0x2D, 0x02, 0x05, 0xD7, 0x77, 0x40, 0x4D, 0x10, 0x2D, 0x02, 0x77, 0x73, 0x06, 0xC0, 0xE2, 0xD0,
  0x57, 0x77, 0x30, 0x9C, 0x0B, 0x20, 0xCC, 0x08, 0x77, 0x73, 0x0C, 0xC0, 0x82, 0x08, 0xC0, 0xD7,
  0x77, 0x20, 0x2D, 0x04, 0x20, 0x4D, 0x03, 0x77, 0x71, 0x07, 0xC0, 0xE4, 0x0E, 0xC0, 0x97, 0x77,
  0x10, 0xDC, 0x09, 0x40, 0x8D, 0x02, 0x77, 0x60, 0x6D, 0x03, 0x40, 0x10, 0xEC, 0x0B, 0x77, 0x60,
  0xEC, 0x0B, 0x60, 0x8D, 0x07, 0x77, 0x40, 0xAD, 0x02, 0x70, 0xDD, 0x06, 0x77, 0x20, 0x9D, 0x07,
  0x71, 0x03, 0xE0, 0x90, 0x17, 0x50, 0x20, 0xBD, 0x0B, 0x73, 0x04, 0xE8, 0x1E, 0x93, 0x71, 0x04,
  0x0A, 0xE0, 0xC0, 0x17, 0x40, 0x40, 0xEF, 0x85, 0xEC, 0xAA, 0xAB, 0xDF, 0x90, 0xB0, 0x17, 0x60,
  0x20, 0xCF, 0xFE, 0x08, 0x77, 0x30, 0x50, 0xDF, 0xFA, 0x0A, 0x02, 0x77, 0x68, 0x14, 0x9D, 0xFB,
  0x81, 0xC7, 0x27, 0x77, 0x48, 0x71, 0x45, 0x67, 0x76, 0x53, 0x77, 0x10,
  // "ō" (U+014D), RLE, 316 bytes saved (56.4%)
  0x50, 0x18, 0x09, 0x32, 0x01, 0x74, 0x0B, 0xFF, 0x90, 0xD7, 0x40, 0xBF, 0xF9, 0x0D, 0x74, 0x0B,
  0xFF, 0x90, 0xD7, 0x40, 0xBF, 0xF9, 0x0D, 0x80, 0x9C, 0x00, 0x86, 0x14, 0x57, 0x76, 0x41, 0x77,
  0x38, 0x11, 0x8D, 0xF9, 0x81, 0xD7, 0x17, 0x50, 0x10, 0x8F, 0xE0, 0xE0, 0x77, 0x30, 0x20, 0xDF,
  0xFA, 0x0C, 0x01, 0x70, 0x20, 0xEE, 0x84, 0xEB, 0xAA, 0xCE, 0xE0, 0xD0, 0x16, 0x0D, 0xD0, 0xA0,
  0x36, 0x04, 0x0B, 0xD0, 0xB5, 0x09, 0xD0, 0x57, 0x30, 0x7D, 0x07, 0x30, 0x2D, 0x05, 0x75, 0x08,
  0xC0, 0xE0, 0x12, 0x09, 0xC0, 0xB7, 0x70, 0xDC, 0x07, 0x20, 0xEC, 0x04, 0x77, 0x05, 0xC8, 0x1D,
  0x03, 0xC0, 0xE7, 0x72, 0xD0, 0x20, 0x7C, 0x09, 0x77, 0x20, 0xBC, 0x06, 0x0A, 0xC0, 0x77, 0x72,
  0x08, 0xC0, 0x90, 0xBC, 0x04, 0x77, 0x20, 0x5C, 0x0B, 0x0C, 0xC0, 0x37, 0x72, 0x04, 0xC0, 0xC0,
  0xDC, 0x03, 0x77, 0x20, 0x4C, 0x00, 0xDC, 0x03, 0x77, 0x20, 0x4C, 0x0C, 0x0D, 0xC0, 0x37, 0x72,
  0x05, 0xC0, 0xB0, 0xCC, 0x05, 0x77, 0x20, 0x6C, 0x0A, 0x09, 0xC0, 0x77, 0x72, 0x08, 0xC0, 0x90,
  0x7C, 0x0A, 0x77, 0x20, 0xBC, 0x05, 0x03, 0xC0, 0xE7, 0x71, 0x01, 0xD8, 0x12, 0x0E, 0xC0, 0x57,
  0x70, 0x6C, 0x0D, 0x20, 0x8C, 0x0C, 0x77, 0x0D, 0xC0, 0x72, 0x01, 0x0E, 0xC0, 0x77, 0x50, 0x9C,
  0x0E, 0x01, 0x30, 0x7D, 0x06, 0x73, 0x07, 0xD0, 0x75, 0x0B, 0xD0, 0xB0, 0x36, 0x04, 0x0C, 0xD0,
  0xB6, 0x01, 0x0D, 0xE8, 0x4E, 0xBA, 0xAC, 0xEE, 0x0D, 0x01, 0x70, 0x10, 0xCF, 0xFA, 0x0C, 0x01,
  0x73, 0x07, 0x0E, 0xFE, 0x08, 0x76, 0x81, 0x17, 0xDF, 0x98, 0x1D, 0x81, 0x77, 0x38, 0x61, 0x46,
  0x77, 0x64, 0x17, 0x30,
  // "Ŏ" (U+014E), RLE, 627 bytes saved (62.3%)
  0x73, 0x82, 0x57, 0x72, 0x73, 0x82, 0x37, 0x74, 0x77, 0x60, 0x9A, 0x07, 0x73, 0x0A, 0xA0, 0x77,
  0x76, 0x06, 0xA0, 0xE0, 0x17, 0x10, 0x5B, 0x03, 0x77, 0x60, 0x1B, 0x87, 0xE8, 0x43, 0x22, 0x46,
  0xBB, 0x0D, 0x77, 0x71, 0x08, 0xFF, 0x04, 0x77, 0x72, 0x0C, 0xFD, 0x07, 0x77, 0x74, 0x0A, 0xFA,
  0x0E, 0x05, 0x77, 0x76, 0x87, 0x38, 0xCE, 0xFE, 0xDA, 0x68, 0x09, 0xC5, 0x08, 0x71, 0x35, 0x67,
  0x76, 0x53, 0x77, 0x75, 0x81, 0x49, 0xDF, 0xB8, 0x1C, 0x72, 0x77, 0x60, 0x50, 0xDF, 0xFA, 0x0A,
  0x02, 0x77, 0x20, 0x20, 0xCF, 0xFE, 0x08, 0x77, 0x04, 0x0E, 0xF9, 0x84, 0xCB, 0xAA, 0xBD, 0xF9,
  0x0C, 0x01, 0x74, 0x04, 0xE8, 0x1E, 0x93, 0x71, 0x04, 0x09, 0xE0, 0xC0, 0x17, 0x20, 0x3E, 0x0A,
  0x01, 0x75, 0x02, 0x0B, 0xD0, 0xC7, 0x20, 0xDD, 0x06, 0x77, 0x20, 0x8D, 0x08, 0x70, 0x8D, 0x07,
  0x77, 0x40, 0x9D, 0x03, 0x50, 0x1D, 0x0B, 0x77, 0x60, 0xDC, 0x0B, 0x50, 0x8D, 0x02, 0x77, 0x60,
  0x5D, 0x03, 0x40, 0xEC, 0x09, 0x77, 0x71, 0x0C, 0xC0, 0x93, 0x04, 0xD0, 0x37, 0x77, 0x10, 0x6C,
  0x0E, 0x30, 0x9C, 0x0D, 0x77, 0x72, 0x01, 0xD0, 0x42, 0x0C, 0xC0, 0x87, 0x77, 0x30, 0xCC, 0x08,
  0x2D, 0x05, 0x77, 0x73, 0x09, 0xC8, 0x1B, 0x03, 0xD0, 0x27, 0x77, 0x30, 0x6C, 0x81, 0xE0, 0x5D,
  0x77, 0x74, 0x03, 0xD1, 0x07, 0xC0, 0xD7, 0x77, 0x40, 0x2D, 0x02, 0x07, 0xC0, 0xD7, 0x77, 0x40,
  0x1D, 0x03, 0x08, 0xC0, 0xC7, 0x77, 0x5D, 0x04, 0x08, 0xC0, 0xB7, 0x77, 0x5D, 0x04, 0x08, 0xC0,
  0xC7, 0x77, 0x5D, 0x04, 0x07, 0xC0, 0xD7, 0x77, 0x40, 0x1D, 0x03, 0x06, 0xC0, 0xD7, 0x77, 0x40,
  0x2D, 0x02, 0x05, 0xD7, 0x77, 0x40, 0x4D, 0x10, 0x2D, 0x02, 0x77, 0x73, 0x06, 0xC0, 0xE2, 0xD0,
  0x57, 0x77, 0x30, 0x9C, 0x0B, 0x20, 0xCC, 0x08, 0x77, 0x73, 0x0C, 0xC0, 0x82, 0x08, 0xC0, 0xD7,
  0x77, 0x20, 0x2D, 0x04, 0x20, 0x4D, 0x03, 0x77, 0x71, 0x07, 0xC0, 0xE4, 0x0E, 0xC0, 0x97, 0x77,
  0x10, 0xDC, 0x09, 0x40, 0x8D, 0x02, 0x77, 0x60, 0x6D, 0x03, 0x40, 0x10, 0xEC, 0x0B, 0x77, 0x60,
  0xEC, 0x0B, 0x60, 0x8D, 0x07, 0x77, 0x40, 0xAD, 0x02, 0x70, 0xDD, 0x06, 0x77, 0x20, 0x9D, 0x07,
  0x71, 0x03, 0xE0, 0x90, 0x17, 0x50, 0x20, 0xBD, 0x0B, 0x73, 0x04, 0xE8, 0x1E, 0x93, 0x71, 0x04,
  0x0A, 0xE0, 0xC0, 0x17, 0x40, 0x40, 0xEF, 0x85, 0xEC, 0xAA, 0xAB, 0xDF, 0x90, 0xB0, 0x17, 0x60,
  0x20, 0xCF, 0xFE, 0x08, 0x77, 0x30, 0x50, 0xDF, 0xFA, 0x0A, 0x02, 0x77, 0x68, 0x14, 0x9D, 0xFB,
  0x81, 0xC7, 0x27, 0x77, 0x48, 0x71, 0x45, 0x67, 0x76, 0x53, 0x77, 0x10,
  // "ŏ" (U+014F), RLE, 329 bytes saved (54.7%)
  0x58, 0x25, 0x77, 0x27, 0x38, 0x23, 0x77, 0x47, 0x30, 0x9A, 0x07, 0x73, 0x0A, 0xA0, 0x77, 0x30,
  0x6A, 0x0E, 0x01, 0x71, 0x05, 0xB0, 0x37, 0x30, 0x1B, 0x87, 0xE8, 0x43, 0x22, 0x46, 0xBB, 0x0D,
  0x75, 0x08, 0xFF, 0x04, 0x76, 0x0C, 0xFD, 0x07, 0x77, 0x10, 0xAF, 0xA0, 0xE0, 0x57, 0x73, 0x87,
  0x38, 0xCE, 0xFE, 0xDA, 0x68, 0x09, 0xC4, 0x08, 0x61, 0x45, 0x77, 0x64, 0x17, 0x73, 0x81, 0x18,
  0xDF, 0x98, 0x1D, 0x71, 0x75, 0x01, 0x08, 0xFE, 0x0E, 0x07, 0x73, 0x02, 0x0D, 0xFF, 0xA0, 0xC0,
  0x17, 0x02, 0x0E, 0xE8, 0x4E, 0xBA, 0xAC, 0xEE, 0x0D, 0x01, 0x60, 0xDD, 0x0A, 0x03, 0x60, 0x40,
  0xBD, 0x0B, 0x50, 0x9D, 0x05, 0x73, 0x07, 0xD0, 0x73, 0x02, 0xD0, 0x57, 0x50, 0x8C, 0x0E, 0x01,
  0x20, 0x9C, 0x0B, 0x77, 0x0D, 0xC0, 0x72, 0x0E, 0xC0, 0x47, 0x70, 0x5C, 0x81, 0xD0, 0x3C, 0x0E,
  0x77, 0x2D, 0x02, 0x07, 0xC0, 0x97, 0x72, 0x0B, 0xC0, 0x60, 0xAC, 0x07, 0x77, 0x20, 0x8C, 0x09,
  0x0B, 0xC0, 0x47, 0x72, 0x05, 0xC0, 0xB0, 0xCC, 0x03, 0x77, 0x20, 0x4C, 0x0C, 0x0D, 0xC0, 0x37,
  0x72, 0x04, 0xC0, 0x0D, 0xC0, 0x37, 0x72, 0x04, 0xC0, 0xC0, 0xDC, 0x03, 0x77, 0x20, 0x5C, 0x0B,
  0x0C, 0xC0, 0x57, 0x72, 0x06, 0xC0, 0xA0, 0x9C, 0x07, 0x77, 0x20, 0x8C, 0x09, 0x07, 0xC0, 0xA7,
  0x72, 0x0B, 0xC0, 0x50, 0x3C, 0x0E, 0x77, 0x10, 0x1D, 0x81, 0x20, 0xEC, 0x05, 0x77, 0x06, 0xC0,
  0xD2, 0x08, 0xC0, 0xC7, 0x70, 0xDC, 0x07, 0x20, 0x10, 0xEC, 0x07, 0x75, 0x09, 0xC0, 0xE0, 0x13,
  0x07, 0xD0, 0x67, 0x30, 0x7D, 0x07, 0x50, 0xBD, 0x0B, 0x03, 0x60, 0x40, 0xCD, 0x0B, 0x60, 0x10,
  0xDE, 0x84, 0xEB, 0xAA, 0xCE, 0xE0, 0xD0, 0x17, 0x01, 0x0C, 0xFF, 0xA0, 0xC0, 0x17, 0x30, 0x70,
  0xEF, 0xE0, 0x87, 0x68, 0x11, 0x7D, 0xF9, 0x81, 0xD8, 0x17, 0x73, 0x86, 0x14, 0x67, 0x76, 0x41,
  0x73,
  // "Ő" (U+0150), RLE, 637 bytes saved (62.1%)
  0x77, 0x20, 0x2D, 0x06, 0x30, 0x4D, 0x04, 0x77, 0x70, 0xAC, 0x0D, 0x40, 0xCC, 0x0B, 0x77, 0x70,
  0x2D, 0x02, 0x30, 0x4C, 0x0E, 0x01, 0x77, 0x70, 0xBC, 0x05, 0x40, 0xDC, 0x03, 0x77, 0x70, 0x4C,
  0x07, 0x40, 0x7C, 0x05, 0x77, 0x71, 0x0D, 0xB0, 0x94, 0x01, 0x0E, 0xB0, 0x77, 0x77, 0x10, 0x8B,
  0x0B, 0x50, 0xAB, 0x09, 0x77, 0x71, 0x03, 0xB0, 0xB5, 0x05, 0xB0, 0x97, 0x77, 0x20, 0xBA, 0x09,
  0x60, 0xDA, 0x07, 0x80, 0x9C, 0x20, 0x87, 0x13, 0x56, 0x77, 0x65, 0x37, 0x77, 0x58, 0x14, 0x9D,
  0xFB, 0x81, 0xC7, 0x27, 0x76, 0x05, 0x0D, 0xFF, 0xA0, 0xA0, 0x27, 0x72, 0x02, 0x0C, 0xFF, 0xE0,
  0x87, 0x70, 0x40, 0xEF, 0x98, 0x4C, 0xBA, 0xAB, 0xDF, 0x90, 0xC0, 0x17, 0x40, 0x4E, 0x81, 0xE9,
  0x37, 0x10, 0x40, 0x9E, 0x0C, 0x01, 0x72, 0x03, 0xE0, 0xA0, 0x17, 0x50, 0x20, 0xBD, 0x0C, 0x72,
  0x0D, 0xD0, 0x67, 0x72, 0x08, 0xD0, 0x87, 0x08, 0xD0, 0x77, 0x74, 0x09, 0xD0, 0x35, 0x01, 0xD0,
  0xB7, 0x76, 0x0D, 0xC0, 0xB5, 0x08, 0xD0, 0x27, 0x76, 0x05, 0xD0, 0x34, 0x0E, 0xC0, 0x97, 0x77,
  0x10, 0xCC, 0x09, 0x30, 0x4D, 0x03, 0x77, 0x71, 0x06, 0xC0, 0xE3, 0x09, 0xC0, 0xD7, 0x77, 0x20,
  0x1D, 0x04, 0x20, 0xCC, 0x08, 0x77, 0x73, 0x0C, 0xC0, 0x82, 0xD0, 0x57, 0x77, 0x30, 0x9C, 0x81,
  0xB0, 0x3D, 0x02, 0x77, 0x73, 0x06, 0xC8, 0x1E, 0x05, 0xD7, 0x77, 0x40, 0x3D, 0x10, 0x7C, 0x0D,
  0x77, 0x74, 0x02, 0xD0, 0x20, 0x7C, 0x0D, 0x77, 0x74, 0x01, 0xD0, 0x30, 0x8C, 0x0C, 0x77, 0x75,
  0xD0, 0x40, 0x8C, 0x0B, 0x77, 0x75, 0xD0, 0x40, 0x8C, 0x0C, 0x77, 0x75, 0xD0, 0x40, 0x7C, 0x0D,
  0x77, 0x74, 0x01, 0xD0, 0x30, 0x6C, 0x0D, 0x77, 0x74, 0x02, 0xD0, 0x20, 0x5D, 0x77, 0x74, 0x04,
  0xD1, 0x02, 0xD0, 0x27, 0x77, 0x30, 0x6C, 0x0E, 0x2D, 0x05, 0x77, 0x73, 0x09, 0xC0, 0xB2, 0x0C,
  0xC0, 0x87, 0x77, 0x30, 0xCC, 0x08, 0x20, 0x8C, 0x0D, 0x77, 0x72, 0x02, 0xD0, 0x42, 0x04, 0xD0,
  0x37, 0x77, 0x10, 0x7C, 0x0E, 0x40, 0xEC, 0x09, 0x77, 0x71, 0x0D, 0xC0, 0x94, 0x08, 0xD0, 0x27,
  0x76, 0x06, 0xD0, 0x34, 0x01, 0x0E, 0xC0, 0xB7, 0x76, 0x0E, 0xC0, 0xB6, 0x08, 0xD0, 0x77, 0x74,
  0x0A, 0xD0, 0x27, 0x0D, 0xD0, 0x67, 0x72, 0x09, 0xD0, 0x77, 0x10, 0x3E, 0x09, 0x01, 0x75, 0x02,
  0x0B, 0xD0, 0xB7, 0x30, 0x4E, 0x81, 0xE9, 0x37, 0x10, 0x40, 0xAE, 0x0C, 0x01, 0x74, 0x04, 0x0E,
  0xF8, 0x5E, 0xCA, 0xAA, 0xBD, 0xF9, 0x0B, 0x01, 0x76, 0x02, 0x0C, 0xFF, 0xE0, 0x87, 0x73, 0x05,
  0x0D, 0xFF, 0xA0, 0xA0, 0x27, 0x76, 0x81, 0x49, 0xDF, 0xB8, 0x1C, 0x72, 0x77, 0x74, 0x87, 0x14,
  0x56, 0x77, 0x65, 0x37, 0x71,
  // "ő" (U+0151), RLE, 335 bytes saved (54.4%)
  0x74, 0x02, 0xD0, 0x63, 0x04, 0xD0, 0x47, 0x40, 0xAC, 0x0D, 0x40, 0xCC, 0x0B, 0x74, 0x02, 0xD0,
  0x23, 0x04, 0xC0, 0xE0, 0x17, 0x40, 0xBC, 0x05, 0x40, 0xDC, 0x03, 0x74, 0x04, 0xC0, 0x74, 0x07,
  0xC0, 0x57, 0x50, 0xDB, 0x09, 0x40, 0x10, 0xEB, 0x07, 0x75, 0x08, 0xB0, 0xB5, 0x0A, 0xB0, 0x97,
  0x50, 0x3B, 0x0B, 0x50, 0x5B, 0x09, 0x76, 0x0B, 0xA0, 0x96, 0x0D, 0xA0, 0x78, 0x09, 0xC1, 0x08,
  0x61, 0x45, 0x77, 0x64, 0x17, 0x73, 0x81, 0x18, 0xDF, 0x98, 0x1D, 0x71, 0x75, 0x01, 0x08, 0xFE,
  0x0E, 0x07, 0x73, 0x02, 0x0D, 0xFF, 0xA0, 0xC0, 0x17, 0x02, 0x0E, 0xE8, 0x4E, 0xBA, 0xAC, 0xEE,
  0x0D, 0x01, 0x60, 0xDD, 0x0A, 0x03, 0x60, 0x40, 0xBD, 0x0B, 0x50, 0x9D, 0x05, 0x73, 0x07, 0xD0,
  0x73, 0x02, 0xD0, 0x57, 0x50, 0x8C, 0x0E, 0x01, 0x20, 0x9C, 0x0B, 0x77, 0x0D, 0xC0, 0x72, 0x0E,
  0xC0, 0x47, 0x70, 0x5C, 0x81, 0xD0, 0x3C, 0x0E, 0x77, 0x2D, 0x02, 0x07, 0xC0, 0x97, 0x72, 0x0B,
  0xC0, 0x60, 0xAC, 0x07, 0x77, 0x20, 0x8C, 0x09, 0x0B, 0xC0, 0x47, 0x72, 0x05, 0xC0, 0xB0, 0xCC,
  0x03, 0x77, 0x20, 0x4C, 0x0C, 0x0D, 0xC0, 0x37, 0x72, 0x04, 0xC0, 0x0D, 0xC0, 0x37, 0x72, 0x04,
  0xC0, 0xC0, 0xDC, 0x03, 0x77, 0x20, 0x5C, 0x0B, 0x0C, 0xC0, 0x57, 0x72, 0x06, 0xC0, 0xA0, 0x9C,
  0x07, 0x77, 0x20, 0x8C, 0x09, 0x07, 0xC0, 0xA7, 0x72, 0x0B, 0xC0, 0x50, 0x3C, 0x0E, 0x77, 0x10,
  0x1D, 0x81, 0x20, 0xEC, 0x05, 0x77, 0x06, 0xC0, 0xD2, 0x08, 0xC0, 0xC7, 0x70, 0xDC, 0x07, 0x20,
  0x10, 0xEC, 0x07, 0x75, 0x09, 0xC0, 0xE0, 0x13, 0x07, 0xD0, 0x67, 0x30, 0x7D, 0x07, 0x50, 0xBD,
  0x0B, 0x03, 0x60, 0x40, 0xCD, 0x0B, 0x60, 0x10, 0xDE, 0x84, 0xEB, 0xAA, 0xCE, 0xE0, 0xD0, 0x17,
  0x01, 0x0C, 0xFF, 0xA0, 0xC0, 0x17, 0x30, 0x70, 0xEF, 0xE0, 0x87, 0x68, 0x11, 0x7D, 0xF9, 0x81,
  0xD8, 0x17, 0x73, 0x86, 0x14, 0x67, 0x76, 0x41, 0x73,
  // "Œ" (U+0152), RLE, 635 bytes saved (64.2%)
  0x77, 0x89, 0x01, 0x45, 0x67, 0x76, 0x53, 0x17, 0x77, 0x75, 0x81, 0x5A, 0xEF, 0xFF, 0xFB, 0x09,
  0x72, 0x06, 0x0E, 0xFF, 0xFF, 0xE0, 0x97, 0x03, 0x0D, 0x80, 0xC0, 0xF0, 0x96, 0x05, 0xFA, 0x85,
  0xCB, 0xAA, 0xBC, 0xEF, 0xFF, 0x90, 0x95, 0x06, 0xE8, 0x1E, 0x94, 0x71, 0x03, 0x0A, 0xC0, 0x98,
  0x09, 0x32, 0x01, 0x40, 0x4E, 0x0A, 0x01, 0x74, 0x07, 0xC0, 0x87, 0x75, 0x01, 0x0E, 0xD0, 0x67,
  0x60, 0x7C, 0x08, 0x77, 0x50, 0x9D, 0x06, 0x77, 0x07, 0xC0, 0x87, 0x74, 0x02, 0xD0, 0xA7, 0x71,
  0x07, 0xC0, 0x87, 0x74, 0x09, 0xD0, 0x27, 0x71, 0x07, 0xC0, 0x87, 0x74, 0x0E, 0xC0, 0x87, 0x72,
  0x07, 0xC0, 0x87, 0x73, 0x05, 0xD0, 0x27, 0x72, 0x07, 0xC0, 0x87, 0x73, 0x09, 0xC0, 0xC7, 0x73,
  0x07, 0xC0, 0x87, 0x73, 0x0D, 0xC0, 0x77, 0x73, 0x07, 0xC0, 0x87, 0x72, 0x01, 0xD0, 0x47, 0x73,
  0x07, 0xC0, 0x87, 0x72, 0x03, 0xD0, 0x17, 0x73, 0x07, 0xC0, 0x87, 0x72, 0x05, 0xC0, 0xE7, 0x74,
  0x07, 0xC0, 0x87, 0x72, 0x07, 0xC0, 0xD7, 0x74, 0x07, 0xC0, 0x98, 0x09, 0x22, 0x81, 0x10, 0x7C,
  0x0C, 0x77, 0x40, 0x7F, 0xFD, 0x81, 0x80, 0x8C, 0x0B, 0x77, 0x40, 0x7F, 0xFD, 0x81, 0x80, 0x8C,
  0x0A, 0x77, 0x40, 0x7F, 0xFD, 0x81, 0x80, 0x8C, 0x0B, 0x77, 0x40, 0x7F, 0xFD, 0x81, 0x80, 0x7C,
  0x0C, 0x77, 0x40, 0x7C, 0x08, 0x77, 0x20, 0x6C, 0x0D, 0x77, 0x40, 0x7C, 0x08, 0x77, 0x20, 0x5C,
  0x0E, 0x77, 0x40, 0x7C, 0x08, 0x77, 0x20, 0x2D, 0x02, 0x77, 0x30, 0x7C, 0x08, 0x77, 0x3D, 0x04,
  0x77, 0x30, 0x7C, 0x08, 0x77, 0x30, 0xCC, 0x08, 0x77, 0x30, 0x7C, 0x08, 0x77, 0x30, 0x8C, 0x0D,
  0x77, 0x30, 0x7C, 0x08, 0x77, 0x30, 0x4D, 0x03, 0x77, 0x20, 0x7C, 0x08, 0x77, 0x40, 0xEC, 0x09,
  0x77, 0x20, 0x7C, 0x08, 0x77, 0x40, 0x8D, 0x02, 0x77, 0x10, 0x7C, 0x08, 0x77, 0x40, 0x10, 0xEC,
  0x0B, 0x77, 0x10, 0x7C, 0x08, 0x77, 0x50, 0x8D, 0x07, 0x77, 0x07, 0xC0, 0x87, 0x76, 0x0D, 0xD0,
  0x67, 0x60, 0x7C, 0x08, 0x77, 0x60, 0x3E, 0x0A, 0x01, 0x74, 0x07, 0xC0, 0x87, 0x77, 0x04, 0xE8,
  0x1E, 0x93, 0x71, 0x03, 0x0A, 0xC0, 0x98, 0x09, 0x32, 0x01, 0x60, 0x40, 0xEF, 0x98, 0x5C, 0xBA,
  0xAB, 0xCE, 0xFF, 0xF9, 0x09, 0x70, 0x20, 0xC8, 0x0C, 0x0F, 0x09, 0x72, 0x05, 0x0D, 0xFF, 0xFF,
  0xE0, 0x97, 0x48, 0x14, 0x9D, 0xFF, 0xFF, 0xB0, 0x97, 0x78, 0x90, 0x14, 0x56, 0x77, 0x65, 0x31,
  0x77, 0x71,
  // "œ" (U+0153), RLE, 422 bytes saved (54.9%)
  0x73, 0x85, 0x24, 0x67, 0x75, 0x37, 0x71, 0x84, 0x36, 0x76, 0x53, 0x77, 0x38, 0x13, 0x9D, 0xF8,
  0x1E, 0x92, 0x72, 0x03, 0x0A, 0xF8, 0x1E, 0xB4, 0x75, 0x01, 0x0A, 0xFE, 0x09, 0x70, 0x9F, 0xD0,
  0xB0, 0x17, 0x20, 0x30, 0xEF, 0xF9, 0x0C, 0x01, 0x30, 0x10, 0xCF, 0xF0, 0xD0, 0x27, 0x04, 0x0E,
  0xE8, 0x3D, 0xBA, 0xBC, 0xE0, 0xD0, 0x12, 0x0D, 0xD8, 0x3E, 0xBA, 0xAC, 0xE0, 0xE0, 0x15, 0x01,
  0x0E, 0xC8, 0x1E, 0x71, 0x58, 0x11, 0x7E, 0xC8, 0x1B, 0x0A, 0xC0, 0xD0, 0x55, 0x81, 0x17, 0xEC,
  0x0B, 0x50, 0xBC, 0x0D, 0x02, 0x72, 0x01, 0x0D, 0xC0, 0x9C, 0x0B, 0x01, 0x71, 0x03, 0x0E, 0xC0,
  0x53, 0x03, 0xD0, 0x27, 0x40, 0x10, 0xEF, 0x0D, 0x01, 0x73, 0x07, 0xC0, 0xC3, 0x0A, 0xC0, 0x87,
  0x60, 0x7F, 0x05, 0x75, 0x0E, 0xC8, 0x13, 0x01, 0xD0, 0x27, 0x70, 0xED, 0x0E, 0x76, 0x09, 0xC8,
  0x17, 0x04, 0xC0, 0xC7, 0x71, 0x0A, 0xD0, 0x97, 0x60, 0x5C, 0x81, 0xB0, 0x8C, 0x09, 0x77, 0x10,
  0x6D, 0x06, 0x76, 0x03, 0xC8, 0x1D, 0x0B, 0xC0, 0x67, 0x71, 0x03, 0xD0, 0x68, 0x09, 0x12, 0x04,
  0xC8, 0x1E, 0x0C, 0xC0, 0x47, 0x71, 0x01, 0xFF, 0xFC, 0x10, 0xDC, 0x03, 0x77, 0x2F, 0xFF, 0xC1,
  0x0E, 0xC0, 0x27, 0x72, 0xFF, 0xFC, 0x01, 0x0E, 0xC0, 0x37, 0x72, 0xFF, 0xFC, 0x01, 0x0D, 0xC0,
  0x37, 0x72, 0xD0, 0x27, 0x76, 0x0C, 0xC0, 0x47, 0x71, 0x01, 0xD0, 0x37, 0x76, 0x0A, 0xC0, 0x77,
  0x71, 0x03, 0xD0, 0x57, 0x76, 0x08, 0xC0, 0x97, 0x71, 0x06, 0xD0, 0x87, 0x76, 0x04, 0xC0, 0xD7,
  0x71, 0x09, 0xD0, 0xB7, 0x77, 0x0E, 0xC0, 0x37, 0x70, 0xEE, 0x02, 0x77, 0x60, 0x9C, 0x0A, 0x76,
  0x06, 0xF0, 0x97, 0x76, 0x02, 0xD0, 0x47, 0x40, 0x10, 0xEF, 0x90, 0x47, 0x76, 0x08, 0xC0, 0xE0,
  0x37, 0x20, 0x10, 0xCC, 0x0B, 0xD0, 0x57, 0x60, 0x30, 0x65, 0x0D, 0xD0, 0x80, 0x25, 0x81, 0x16,
  0xEC, 0x81, 0xE1, 0x8D, 0x0B, 0x03, 0x71, 0x83, 0x37, 0xCF, 0xB5, 0x02, 0x0E, 0xE8, 0x3D, 0xBA,
  0xBC, 0xE0, 0xE0, 0x32, 0x0A, 0xE8, 0x5E, 0xBA, 0xAA, 0xBD, 0xD0, 0xB6, 0x02, 0x0D, 0xFF, 0x90,
  0xE0, 0x34, 0x0A, 0xFF, 0xB0, 0xB7, 0x10, 0x9F, 0xE0, 0xB0, 0x26, 0x06, 0x0E, 0xFF, 0x90, 0x87,
  0x28, 0x12, 0x9E, 0xF8, 0x1E, 0xA3, 0x73, 0x06, 0x0C, 0xFA, 0x82, 0xEB, 0x61, 0x76, 0x85, 0x25,
  0x67, 0x75, 0x37, 0x71, 0x87, 0x14, 0x67, 0x76, 0x64, 0x27,
  // "Ŕ" (U+0154), RLE, 446 bytes saved (58.0%)
  0x77, 0x0B, 0xD0, 0x67, 0x77, 0x04, 0xD0, 0xC7, 0x77, 0x10, 0xCC, 0x0D, 0x01, 0x77, 0x70, 0x7C,
  0x0E, 0x03, 0x77, 0x70, 0x2C, 0x0E, 0x03, 0x77, 0x71, 0x0B, 0xC0, 0x47, 0x77, 0x10, 0x6C, 0x05,
  0x77, 0x71, 0x02, 0x0E, 0xA0, 0xE0, 0x47, 0x77, 0x20, 0xBA, 0x0D, 0x03, 0x80, 0x9C, 0x20, 0x08,
  0xFC, 0x85, 0xED, 0xDB, 0x85, 0x17, 0x30, 0x8F, 0xFC, 0x0A, 0x04, 0x71, 0x08, 0xFF, 0xE0, 0xA0,
  0x16, 0x08, 0xFF, 0xF0, 0xD0, 0x15, 0x08, 0xC0, 0x88, 0x02, 0x28, 0x33, 0x46, 0x9E, 0xE0, 0xD5,
  0x08, 0xC0, 0x77, 0x40, 0x50, 0xDD, 0x08, 0x40, 0x8C, 0x07, 0x75, 0x01, 0x0D, 0xD0, 0x13, 0x08,
  0xC0, 0x77, 0x60, 0x3D, 0x06, 0x30, 0x8C, 0x07, 0x77, 0x0B, 0xC0, 0xA3, 0x08, 0xC0, 0x77, 0x70,
  0x7C, 0x0D, 0x30, 0x8C, 0x07, 0x77, 0x04, 0xC0, 0xE3, 0x08, 0xC0, 0x77, 0x70, 0x3D, 0x30, 0x8C,
  0x07, 0x77, 0x03, 0xD3, 0x08, 0xC0, 0x77, 0x70, 0x4C, 0x0E, 0x30, 0x8C, 0x07, 0x77, 0x08, 0xC0,
  0xB3, 0x08, 0xC0, 0x77, 0x70, 0xCC, 0x08, 0x30, 0x8C, 0x07, 0x76, 0x04, 0xD0, 0x23, 0x08, 0xC0,
  0x77, 0x50, 0x20, 0xEC, 0x0A, 0x40, 0x8C, 0x07, 0x74, 0x04, 0x0E, 0xC0, 0xE0, 0x14, 0x08, 0xC0,
  0x77, 0x82, 0x14, 0x7D, 0xD0, 0xE0, 0x35, 0x08, 0xFF, 0xE0, 0xD0, 0x26, 0x08, 0xFF, 0xD0, 0x87,
  0x10, 0x8F, 0xFB, 0x09, 0x01, 0x72, 0x08, 0xFF, 0xB0, 0x67, 0x30, 0x8C, 0x08, 0x80, 0x32, 0x06,
  0xC0, 0xE0, 0x17, 0x20, 0x8C, 0x07, 0x71, 0x0C, 0xC0, 0xA7, 0x20, 0x8C, 0x07, 0x71, 0x03, 0xD0,
  0x37, 0x10, 0x8C, 0x07, 0x72, 0x0A, 0xC0, 0xC7, 0x10, 0x8C, 0x07, 0x72, 0x01, 0x0E, 0xC0, 0x77,
  0x08, 0xC0, 0x77, 0x30, 0x7C, 0x0E, 0x01, 0x60, 0x8C, 0x07, 0x74, 0x0D, 0xC0, 0xA6, 0x08, 0xC0,
  0x77, 0x40, 0x5D, 0x04, 0x50, 0x8C, 0x07, 0x75, 0x0B, 0xC0, 0xD5, 0x08, 0xC0, 0x77, 0x50, 0x3D,
  0x07, 0x40, 0x8C, 0x07, 0x76, 0x09, 0xC0, 0xE0, 0x13, 0x08, 0xC0, 0x77, 0x60, 0x10, 0xEC, 0x0A,
  0x30, 0x8C, 0x07, 0x77, 0x07, 0xD0, 0x42, 0x08, 0xC0, 0x77, 0x71, 0x0D, 0xC0, 0xD2, 0x08, 0xC0,
  0x77, 0x71, 0x05, 0xD8, 0x17, 0x08, 0xC0, 0x77, 0x72, 0x0B, 0xC8, 0x1E, 0x18, 0xC0, 0x77, 0x72,
  0x02, 0xD0, 0xA0,
  // "ŕ" (U+0155), RLE, 239 bytes saved (58.4%)
  0x74, 0x0B, 0xD0, 0x67, 0x40, 0x4D, 0x0C, 0x75, 0x0C, 0xC0, 0xD0, 0x17, 0x40, 0x7C, 0x0E, 0x03,
  0x74, 0x02, 0xC0, 0xE0, 0x37, 0x50, 0xBC, 0x04, 0x75, 0x06, 0xC0, 0x57, 0x50, 0x20, 0xEA, 0x0E,
  0x04, 0x76, 0x0B, 0xA0, 0xD0, 0x38, 0x09, 0x91, 0x08, 0x63, 0x67, 0x76, 0x40, 0x3B, 0x0D, 0x50,
  0x60, 0xDE, 0x02, 0x03, 0xB0, 0xE3, 0x01, 0x0C, 0xF9, 0x10, 0x3C, 0x20, 0x10, 0xDF, 0x98, 0x1E,
  0x03, 0xC8, 0x12, 0x1D, 0xC8, 0x6D, 0xBA, 0xCE, 0xC0, 0x3C, 0x03, 0x0A, 0xB0, 0xB0, 0x35, 0x81,
  0x20, 0x3C, 0x0B, 0xB0, 0x57, 0x20, 0x3F, 0x04, 0x73, 0x03, 0xE0, 0x77, 0x40, 0x3D, 0x0D, 0x75,
  0x03, 0xD0, 0x67, 0x50, 0x3D, 0x01, 0x75, 0x03, 0xC0, 0xD7, 0x60, 0x3C, 0x0B, 0x76, 0x03, 0xC0,
  0xA7, 0x60, 0x3C, 0x0A, 0x76, 0x03, 0xC0, 0xA7, 0x60, 0x3C, 0x0A, 0x76, 0x03, 0xC0, 0xA7, 0x60,
  0x3C, 0x0A, 0x76, 0x03, 0xC0, 0xA7, 0x60, 0x3C, 0x0A, 0x76, 0x03, 0xC0, 0xA7, 0x60, 0x3C, 0x0A,
  0x76, 0x03, 0xC0, 0xA7, 0x60, 0x3C, 0x0A, 0x76, 0x03, 0xC0, 0xA7, 0x60, 0x3C, 0x0A, 0x76, 0x03,
  0xC0, 0xA7, 0x60, 0x3C, 0x0A, 0x76, 0x03, 0xC0, 0xA7, 0x60,
  // "Ŗ" (U+0156), RLE, 451 bytes saved (58.6%)
  0x08, 0xFC, 0x85, 0xED, 0xDB, 0x85, 0x17, 0x30, 0x8F, 0xFC, 0x0A, 0x04, 0x71, 0x08, 0xFF, 0xE0,
  0xA0, 0x16, 0x08, 0xFF, 0xF0, 0xD0, 0x15, 0x08, 0xC0, 0x88, 0x02, 0x28, 0x33, 0x46, 0x9E, 0xE0,
  0xD5, 0x08, 0xC0, 0x77, 0x40, 0x50, 0xDD, 0x08, 0x40, 0x8C, 0x07, 0x75, 0x01, 0x0D, 0xD0, 0x13,
  0x08, 0xC0, 0x77, 0x60, 0x3D, 0x06, 0x30, 0x8C, 0x07, 0x77, 0x0B, 0xC0, 0xA3, 0x08, 0xC0, 0x77,
  0x70, 0x7C, 0x0D, 0x30, 0x8C, 0x07, 0x77, 0x04, 0xC0, 0xE3, 0x08, 0xC0, 0x77, 0x70, 0x3D, 0x30,
  0x8C, 0x07, 0x77, 0x03, 0xD3, 0x08, 0xC0, 0x77, 0x70, 0x4C, 0x0E, 0x30, 0x8C, 0x07, 0x77, 0x08,
  0xC0, 0xB3, 0x08, 0xC0, 0x77, 0x70, 0xCC, 0x08, 0x30, 0x8C, 0x07, 0x76, 0x04, 0xD0, 0x23, 0x08,
  0xC0, 0x77, 0x50, 0x20, 0xEC, 0x0A, 0x40, 0x8C, 0x07, 0x74, 0x04, 0x0E, 0xC0, 0xE0, 0x14, 0x08,
  0xC0, 0x77, 0x82, 0x14, 0x7D, 0xD0, 0xE0, 0x35, 0x08, 0xFF, 0xE0, 0xD0, 0x26, 0x08, 0xFF, 0xD0,
  0x87, 0x10, 0x8F, 0xFB, 0x09, 0x01, 0x72, 0x08, 0xFF, 0xB0, 0x67, 0x30, 0x8C, 0x08, 0x80, 0x32,
  0x06, 0xC0, 0xE0, 0x17, 0x20, 0x8C, 0x07, 0x71, 0x0C, 0xC0, 0xA7, 0x20, 0x8C, 0x07, 0x71, 0x03,
  0xD0, 0x37, 0x10, 0x8C, 0x07, 0x72, 0x0A, 0xC0, 0xC7, 0x10, 0x8C, 0x07, 0x72, 0x01, 0x0E, 0xC0,
  0x77, 0x08, 0xC0, 0x77, 0x30, 0x7C, 0x0E, 0x01, 0x60, 0x8C, 0x07, 0x74, 0x0D, 0xC0, 0xA6, 0x08,
  0xC0, 0x77, 0x40, 0x5D, 0x04, 0x50, 0x8C, 0x07, 0x75, 0x0B, 0xC0, 0xD5, 0x08, 0xC0, 0x77, 0x50,
  0x3D, 0x07, 0x40, 0x8C, 0x07, 0x76, 0x09, 0xC0, 0xE0, 0x13, 0x08, 0xC0, 0x77, 0x60, 0x10, 0xEC,
  0x0A, 0x30, 0x8C, 0x07, 0x77, 0x07, 0xD0, 0x42, 0x08, 0xC0, 0x77, 0x71, 0x0D, 0xC0, 0xD2, 0x08,
  0xC0, 0x77, 0x71, 0x05, 0xD8, 0x17, 0x08, 0xC0, 0x77, 0x72, 0x0B, 0xC8, 0x1E, 0x18, 0xC0, 0x77,
  0x72, 0x02, 0xD0, 0xA8, 0x09, 0xB7, 0x0C, 0x0E, 0x77, 0x72, 0x02, 0xC0, 0xA7, 0x77, 0x20, 0x5C,
  0x04, 0x77, 0x72, 0x09, 0xB0, 0xC7, 0x77, 0x30, 0xDB, 0x04, 0x77, 0x72, 0x02, 0xB0, 0xC7, 0x77,
  0x30, 0x7B, 0x03, 0x77, 0x73, 0x0D, 0xA0, 0x97, 0x77, 0x30, 0x3A, 0x0C, 0x77, 0x20,
  // "ŗ" (U+0157), RLE, 261 bytes saved (60.7%)
  0x76, 0x84, 0x36, 0x77, 0x64, 0x20, 0x3B, 0x0D, 0x50, 0x60, 0xDE, 0x81, 0x20, 0x3B, 0x0E, 0x30,
  0x10, 0xCF, 0x92, 0x03, 0xC2, 0x01, 0x0D, 0xF9, 0x0E, 0x20, 0x3C, 0x81, 0x21, 0xDC, 0x84, 0xDB,
  0xAC, 0xEC, 0x20, 0x3C, 0x03, 0x0A, 0xB0, 0xB0, 0x35, 0x02, 0x20, 0x3C, 0x0B, 0xB0, 0x57, 0x30,
  0x3F, 0x04, 0x74, 0x03, 0xE0, 0x77, 0x50, 0x3D, 0x0D, 0x76, 0x03, 0xD0, 0x67, 0x60, 0x3D, 0x01,
  0x76, 0x03, 0xC0, 0xD7, 0x70, 0x3C, 0x0B, 0x77, 0x03, 0xC0, 0xA7, 0x70, 0x3C, 0x0A, 0x77, 0x03,
  0xC0, 0xA7, 0x70, 0x3C, 0x0A, 0x77, 0x03, 0xC0, 0xA7, 0x70, 0x3C, 0x0A, 0x77, 0x03, 0xC0, 0xA7,
  0x70, 0x3C, 0x0A, 0x77, 0x03, 0xC0, 0xA7, 0x70, 0x3C, 0x0A, 0x77, 0x03, 0xC0, 0xA7, 0x70, 0x3C,
  0x0A, 0x77, 0x03, 0xC0, 0xA7, 0x70, 0x3C, 0x0A, 0x77, 0x03, 0xC0, 0xA7, 0x70, 0x3C, 0x0A, 0x77,
  0x03, 0xC0, 0xA8, 0x09, 0x87, 0x00, 0x4C, 0x09, 0x77, 0x07, 0xC0, 0x57, 0x70, 0xAB, 0x0E, 0x77,
  0x10, 0xEB, 0x08, 0x77, 0x03, 0xB0, 0xE0, 0x17, 0x70, 0x7B, 0x07, 0x77, 0x10, 0xCA, 0x0D, 0x77,
  0x10, 0x2B, 0x04, 0x77, 0x10, 0x7A, 0x08, 0x77, 0x20,
  // "Ř" (U+0158), RLE, 434 bytes saved (56.4%)
  0x30, 0xBA, 0x0E, 0x05, 0x72, 0x02, 0x0C, 0xB0, 0x27, 0x20, 0x20, 0xEB, 0x09, 0x70, 0x5C, 0x07,
  0x74, 0x03, 0x0E, 0xB0, 0xB5, 0x08, 0xC0, 0x77, 0x60, 0x3C, 0x0C, 0x01, 0x20, 0x9C, 0x08, 0x77,
  0x10, 0x5C, 0x81, 0xC1, 0xAC, 0x0A, 0x77, 0x30, 0x7C, 0x0E, 0xC0, 0xB7, 0x75, 0x09, 0xF0, 0xD7,
  0x77, 0x0C, 0xD0, 0xE0, 0x27, 0x77, 0x03, 0xD0, 0x78, 0x09, 0xC0, 0x00, 0x8F, 0xC8, 0x5E, 0xDD,
  0xB8, 0x51, 0x73, 0x08, 0xFF, 0xC0, 0xA0, 0x47, 0x10, 0x8F, 0xFE, 0x0A, 0x01, 0x60, 0x8F, 0xFF,
  0x0D, 0x01, 0x50, 0x8C, 0x08, 0x80, 0x22, 0x83, 0x34, 0x69, 0xEE, 0x0D, 0x50, 0x8C, 0x07, 0x74,
  0x05, 0x0D, 0xD0, 0x84, 0x08, 0xC0, 0x77, 0x50, 0x10, 0xDD, 0x01, 0x30, 0x8C, 0x07, 0x76, 0x03,
  0xD0, 0x63, 0x08, 0xC0, 0x77, 0x70, 0xBC, 0x0A, 0x30, 0x8C, 0x07, 0x77, 0x07, 0xC0, 0xD3, 0x08,
  0xC0, 0x77, 0x70, 0x4C, 0x0E, 0x30, 0x8C, 0x07, 0x77, 0x03, 0xD3, 0x08, 0xC0, 0x77, 0x70, 0x3D,
  0x30, 0x8C, 0x07, 0x77, 0x04, 0xC0, 0xE3, 0x08, 0xC0, 0x77, 0x70, 0x8C, 0x0B, 0x30, 0x8C, 0x07,
  0x77, 0x0C, 0xC0, 0x83, 0x08, 0xC0, 0x77, 0x60, 0x4D, 0x02, 0x30, 0x8C, 0x07, 0x75, 0x02, 0x0E,
  0xC0, 0xA4, 0x08, 0xC0, 0x77, 0x40, 0x40, 0xEC, 0x0E, 0x01, 0x40, 0x8C, 0x07, 0x78, 0x21, 0x47,
  0xDD, 0x0E, 0x03, 0x50, 0x8F, 0xFE, 0x0D, 0x02, 0x60, 0x8F, 0xFD, 0x08, 0x71, 0x08, 0xFF, 0xB0,
  0x90, 0x17, 0x20, 0x8F, 0xFB, 0x06, 0x73, 0x08, 0xC0, 0x88, 0x03, 0x20, 0x6C, 0x0E, 0x01, 0x72,
  0x08, 0xC0, 0x77, 0x10, 0xCC, 0x0A, 0x72, 0x08, 0xC0, 0x77, 0x10, 0x3D, 0x03, 0x71, 0x08, 0xC0,
  0x77, 0x20, 0xAC, 0x0C, 0x71, 0x08, 0xC0, 0x77, 0x20, 0x10, 0xEC, 0x07, 0x70, 0x8C, 0x07, 0x73,
  0x07, 0xC0, 0xE0, 0x16, 0x08, 0xC0, 0x77, 0x40, 0xDC, 0x0A, 0x60, 0x8C, 0x07, 0x74, 0x05, 0xD0,
  0x45, 0x08, 0xC0, 0x77, 0x50, 0xBC, 0x0D, 0x50, 0x8C, 0x07, 0x75, 0x03, 0xD0, 0x74, 0x08, 0xC0,
  0x77, 0x60, 0x9C, 0x0E, 0x01, 0x30, 0x8C, 0x07, 0x76, 0x01, 0x0E, 0xC0, 0xA3, 0x08, 0xC0, 0x77,
  0x70, 0x7D, 0x04, 0x20, 0x8C, 0x07, 0x77, 0x10, 0xDC, 0x0D, 0x20, 0x8C, 0x07, 0x77, 0x10, 0x5D,
  0x81, 0x70, 0x8C, 0x07, 0x77, 0x20, 0xBC, 0x81, 0xE1, 0x8C, 0x07, 0x77, 0x20, 0x2D, 0x0A,
  // "ř" (U+0159), RLE, 246 bytes saved (57.2%)
  0x0B, 0xA0, 0xE0, 0x57, 0x20, 0x20, 0xCB, 0x81, 0x22, 0xEB, 0x09, 0x70, 0x5C, 0x07, 0x20, 0x30,
  0xEB, 0x0B, 0x50, 0x8C, 0x07, 0x40, 0x3C, 0x0C, 0x01, 0x20, 0x9C, 0x08, 0x60, 0x5C, 0x81, 0xC1,
  0xAC, 0x0A, 0x71, 0x07, 0xC0, 0xEC, 0x0B, 0x73, 0x09, 0xF0, 0xD7, 0x50, 0xCD, 0x0E, 0x02, 0x75,
  0x03, 0xD0, 0x78, 0x09, 0x93, 0x08, 0x43, 0x67, 0x76, 0x42, 0x03, 0xB0, 0xD5, 0x06, 0x0D, 0xE8,
  0x12, 0x03, 0xB0, 0xE3, 0x01, 0x0C, 0xF9, 0x20, 0x3C, 0x20, 0x10, 0xDF, 0x90, 0xE2, 0x03, 0xC8,
  0x12, 0x1D, 0xC8, 0x4D, 0xBA, 0xCE, 0xC2, 0x03, 0xC0, 0x30, 0xAB, 0x0B, 0x03, 0x50, 0x22, 0x03,
  0xC0, 0xBB, 0x05, 0x73, 0x03, 0xF0, 0x47, 0x40, 0x3E, 0x07, 0x75, 0x03, 0xD0, 0xD7, 0x60, 0x3D,
  0x06, 0x76, 0x03, 0xD0, 0x17, 0x60, 0x3C, 0x0D, 0x77, 0x03, 0xC0, 0xB7, 0x70, 0x3C, 0x0A, 0x77,
  0x03, 0xC0, 0xA7, 0x70, 0x3C, 0x0A, 0x77, 0x03, 0xC0, 0xA7, 0x70, 0x3C, 0x0A, 0x77, 0x03, 0xC0,
  0xA7, 0x70, 0x3C, 0x0A, 0x77, 0x03, 0xC0, 0xA7, 0x70, 0x3C, 0x0A, 0x77, 0x03, 0xC0, 0xA7, 0x70,
  0x3C, 0x0A, 0x77, 0x03, 0xC0, 0xA7, 0x70, 0x3C, 0x0A, 0x77, 0x03, 0xC0, 0xA7, 0x70, 0x3C, 0x0A,
  0x77, 0x03, 0xC0, 0xA7, 0x70, 0x3C, 0x0A, 0x77,
  // "Ś" (U+015A), RLE, 449 bytes saved (61.6%)
  0x77, 0x10, 0xBD, 0x06, 0x77, 0x50, 0x4D, 0x0C, 0x77, 0x60, 0xCC, 0x0D, 0x01, 0x77, 0x50, 0x7C,
  0x0E, 0x03, 0x77, 0x50, 0x2C, 0x0E, 0x03, 0x77, 0x60, 0xBC, 0x04, 0x77, 0x60, 0x6C, 0x05, 0x77,
  0x60, 0x20, 0xEA, 0x0E, 0x04, 0x77, 0x70, 0xBA, 0x0D, 0x03, 0x80, 0x99, 0x00, 0x87, 0x24, 0x67,
  0x76, 0x64, 0x27, 0x71, 0x81, 0x39, 0xEF, 0xB8, 0x1C, 0x95, 0x72, 0x02, 0x0A, 0xFF, 0xA0, 0xE0,
  0x96, 0x04, 0x0E, 0xFF, 0xC0, 0xD5, 0x04, 0xF8, 0x4D, 0xBA, 0xAB, 0xDF, 0x08, 0x40, 0x10, 0xED,
  0x08, 0x02, 0x78, 0x14, 0x8E, 0xB0, 0x24, 0x0A, 0xC0, 0xE0, 0x37, 0x58, 0x14, 0xBD, 0x40, 0x1D,
  0x05, 0x77, 0x10, 0x14, 0x05, 0xC0, 0xD7, 0x77, 0x08, 0xC0, 0x87, 0x77, 0x09, 0xC0, 0x77, 0x77,
  0x09, 0xC0, 0x87, 0x77, 0x08, 0xC0, 0xA7, 0x77, 0x06, 0xD0, 0x17, 0x76, 0x02, 0xD0, 0x87, 0x77,
  0x0D, 0xD0, 0x77, 0x76, 0x06, 0xE0, 0xB0, 0x27, 0x75, 0x0C, 0xF0, 0x90, 0x27, 0x73, 0x02, 0x0E,
  0xF9, 0x0B, 0x04, 0x77, 0x20, 0x20, 0xDF, 0xA8, 0x1D, 0x71, 0x77, 0x01, 0x0A, 0xFC, 0x09, 0x01,
  0x77, 0x04, 0x0C, 0xFC, 0x08, 0x77, 0x10, 0x50, 0xBF, 0xB0, 0xD0, 0x37, 0x71, 0x81, 0x28, 0xEF,
  0x90, 0xE0, 0x47, 0x73, 0x05, 0x0C, 0xF0, 0xE0, 0x27, 0x74, 0x04, 0x0C, 0xE0, 0xC7, 0x76, 0x08,
  0xE0, 0x47, 0x76, 0x06, 0xD0, 0xA7, 0x77, 0x0B, 0xC0, 0xD7, 0x77, 0x04, 0xD7, 0x77, 0x01, 0xD0,
  0x17, 0x77, 0x0E, 0xC7, 0x77, 0x1C, 0x0E, 0x77, 0x70, 0x2C, 0x0C, 0x77, 0x70, 0x8C, 0x08, 0x77,
  0x60, 0x3D, 0x84, 0x30, 0x2C, 0x61, 0x77, 0x03, 0x0E, 0xC0, 0xA2, 0x02, 0xB8, 0x2B, 0x74, 0x17,
  0x10, 0x40, 0xAD, 0x0E, 0x01, 0x20, 0x2F, 0x85, 0xDC, 0xBA, 0xAB, 0xCF, 0x0E, 0x03, 0x30, 0x2F,
  0xFE, 0x0D, 0x03, 0x40, 0x10, 0xEF, 0xFC, 0x08, 0x71, 0x81, 0x49, 0xCF, 0xD8, 0x1B, 0x61, 0x76,
  0x89, 0x02, 0x35, 0x67, 0x77, 0x65, 0x37, 0x40,
  // "ś" (U+015B), RLE, 285 bytes saved (56.3%)
  0x76, 0x0B, 0xD0, 0x67, 0x71, 0x04, 0xD0, 0xC7, 0x72, 0x0C, 0xC0, 0xD0, 0x17, 0x71, 0x07, 0xC0,
  0xE0, 0x37, 0x71, 0x02, 0xC0, 0xE0, 0x37, 0x72, 0x0B, 0xC0, 0x47, 0x72, 0x06, 0xC0, 0x57, 0x72,
  0x02, 0x0E, 0xA0, 0xE0, 0x47, 0x73, 0x0B, 0xA0, 0xD0, 0x38, 0x09, 0xA3, 0x08, 0x72, 0x56, 0x77,
  0x65, 0x31, 0x74, 0x81, 0x49, 0xEF, 0xA8, 0x1D, 0x84, 0x60, 0x20, 0xBF, 0xF9, 0x0D, 0x05, 0x30,
  0x30, 0xEF, 0xFB, 0x04, 0x20, 0x10, 0xEE, 0x84, 0xCA, 0xAA, 0xBD, 0xD0, 0xD3, 0x08, 0xC8, 0x1E,
  0x71, 0x68, 0x11, 0x5A, 0xA0, 0x73, 0x0D, 0xC0, 0x37, 0x50, 0x50, 0x13, 0xC0, 0xA7, 0x73, 0x01,
  0xC0, 0x97, 0x74, 0xC0, 0xC7, 0x74, 0x0D, 0xC0, 0x77, 0x73, 0x07, 0xD0, 0xA0, 0x27, 0x72, 0x0C,
  0xE0, 0xA0, 0x37, 0x70, 0x10, 0xDF, 0x0C, 0x06, 0x77, 0x09, 0xF9, 0x81, 0xE9, 0x37, 0x50, 0x20,
  0xAF, 0xA0, 0xB0, 0x37, 0x58, 0x12, 0x8E, 0xF9, 0x0A, 0x01, 0x76, 0x05, 0x0B, 0xF0, 0xE0, 0x27,
  0x70, 0x20, 0x9E, 0x0D, 0x01, 0x77, 0x10, 0x20, 0xBD, 0x09, 0x77, 0x30, 0x8C, 0x0E, 0x77, 0x40,
  0xCC, 0x03, 0x77, 0x30, 0x8C, 0x04, 0x77, 0x30, 0x7C, 0x03, 0x77, 0x30, 0xCC, 0x82, 0x11, 0xB5,
  0x76, 0x06, 0xC8, 0x1D, 0x01, 0xA8, 0x2E, 0x95, 0x17, 0x02, 0x09, 0xD8, 0x17, 0x01, 0xE8, 0x5D,
  0xCA, 0xAA, 0xBE, 0xE0, 0xC2, 0x01, 0xFF, 0xC0, 0xC0, 0x13, 0x0C, 0xFF, 0xA0, 0x96, 0x81, 0x39,
  0xDF, 0xB8, 0x1D, 0x82, 0x73, 0x89, 0x01, 0x35, 0x67, 0x76, 0x54, 0x17, 0x10,
  // "Ŝ" (U+015C), RLE, 434 bytes saved (59.5%)
  0x73, 0x03, 0xD0, 0x77, 0x76, 0x0C, 0xD0, 0xE0, 0x27, 0x74, 0x09, 0xF0, 0xC7, 0x73, 0x06, 0xFA,
  0x0A, 0x77, 0x10, 0x4C, 0x81, 0xD3, 0xBC, 0x08, 0x76, 0x02, 0x0E, 0xB0, 0xC0, 0x12, 0x0A, 0xC0,
  0x67, 0x40, 0x10, 0xDB, 0x0C, 0x01, 0x40, 0x9C, 0x05, 0x72, 0x01, 0x0D, 0xB0, 0x97, 0x06, 0xC0,
  0x47, 0x10, 0xAA, 0x0E, 0x05, 0x72, 0x03, 0x0C, 0xB0, 0x18, 0x0F, 0x70, 0x87, 0x24, 0x67, 0x76,
  0x64, 0x27, 0x71, 0x81, 0x39, 0xEF, 0xB8, 0x1C, 0x95, 0x72, 0x02, 0x0A, 0xFF, 0xA0, 0xE0, 0x96,
  0x04, 0x0E, 0xFF, 0xC0, 0xD5, 0x04, 0xF8, 0x4D, 0xBA, 0xAB, 0xDF, 0x08, 0x40, 0x10, 0xED, 0x08,
  0x02, 0x78, 0x14, 0x8E, 0xB0, 0x24, 0x0A, 0xC0, 0xE0, 0x37, 0x58, 0x14, 0xBD, 0x40, 0x1D, 0x05,
  0x77, 0x10, 0x14, 0x05, 0xC0, 0xD7, 0x77, 0x08, 0xC0, 0x87, 0x77, 0x09, 0xC0, 0x77, 0x77, 0x09,
  0xC0, 0x87, 0x77, 0x08, 0xC0, 0xA7, 0x77, 0x06, 0xD0, 0x17, 0x76, 0x02, 0xD0, 0x87, 0x77, 0x0D,
  0xD0, 0x77, 0x76, 0x06, 0xE0, 0xB0, 0x27, 0x75, 0x0C, 0xF0, 0x90, 0x27, 0x73, 0x02, 0x0E, 0xF9,
  0x0B, 0x04, 0x77, 0x20, 0x20, 0xDF, 0xA8, 0x1D, 0x71, 0x77, 0x01, 0x0A, 0xFC, 0x09, 0x01, 0x77,
  0x04, 0x0C, 0xFC, 0x08, 0x77, 0x10, 0x50, 0xBF, 0xB0, 0xD0, 0x37, 0x71, 0x81, 0x28, 0xEF, 0x90,
  0xE0, 0x47, 0x73, 0x05, 0x0C, 0xF0, 0xE0, 0x27, 0x74, 0x04, 0x0C, 0xE0, 0xC7, 0x76, 0x08, 0xE0,
  0x47, 0x76, 0x06, 0xD0, 0xA7, 0x77, 0x0B, 0xC0, 0xD7, 0x77, 0x04, 0xD7, 0x77, 0x01, 0xD0, 0x17,
  0x77, 0x0E, 0xC7, 0x77, 0x1C, 0x0E, 0x77, 0x70, 0x2C, 0x0C, 0x77, 0x70, 0x8C, 0x08, 0x77, 0x60,
  0x3D, 0x84, 0x30, 0x2C, 0x61, 0x77, 0x03, 0x0E, 0xC0, 0xA2, 0x02, 0xB8, 0x2B, 0x74, 0x17, 0x10,
  0x40, 0xAD, 0x0E, 0x01, 0x20, 0x2F, 0x85, 0xDC, 0xBA, 0xAB, 0xCF, 0x0E, 0x03, 0x30, 0x2F, 0xFE,
  0x0D, 0x03, 0x40, 0x10, 0xEF, 0xFC, 0x08, 0x71, 0x81, 0x49, 0xCF, 0xD8, 0x1B, 0x61, 0x76, 0x89,
  0x02, 0x35, 0x67, 0x77, 0x65, 0x37, 0x40,
  // "ŝ" (U+015D), RLE, 272 bytes saved (53.8%)
  0x71, 0x03, 0xD0, 0x77, 0x72, 0x0C, 0xD0, 0xE0, 0x27, 0x70, 0x9F, 0x0C, 0x76, 0x06, 0xFA, 0x0A,
  0x74, 0x04, 0xC8, 0x1D, 0x3B, 0xC0, 0x87, 0x20, 0x20, 0xEB, 0x0C, 0x01, 0x20, 0xAC, 0x06, 0x70,
  0x10, 0xDB, 0x0C, 0x01, 0x40, 0x9C, 0x05, 0x50, 0x10, 0xDB, 0x09, 0x70, 0x6C, 0x04, 0x40, 0xAA,
  0x0E, 0x05, 0x72, 0x03, 0x0C, 0xB0, 0x18, 0x09, 0x92, 0x08, 0x72, 0x56, 0x77, 0x65, 0x31, 0x74,
  0x81, 0x49, 0xEF, 0xA8, 0x1D, 0x84, 0x60, 0x20, 0xBF, 0xF9, 0x0D, 0x05, 0x30, 0x30, 0xEF, 0xFB,
  0x04, 0x20, 0x10, 0xEE, 0x84, 0xCA, 0xAA, 0xBD, 0xD0, 0xD3, 0x08, 0xC8, 0x1E, 0x71, 0x68, 0x11,
  0x5A, 0xA0, 0x73, 0x0D, 0xC0, 0x37, 0x50, 0x50, 0x13, 0xC0, 0xA7, 0x73, 0x01, 0xC0, 0x97, 0x74,
  0xC0, 0xC7, 0x74, 0x0D, 0xC0, 0x77, 0x73, 0x07, 0xD0, 0xA0, 0x27, 0x72, 0x0C, 0xE0, 0xA0, 0x37,
  0x70, 0x10, 0xDF, 0x0C, 0x06, 0x77, 0x09, 0xF9, 0x81, 0xE9, 0x37, 0x50, 0x20, 0xAF, 0xA0, 0xB0,
  0x37, 0x58, 0x12, 0x8E, 0xF9, 0x0A, 0x01, 0x76, 0x05, 0x0B, 0xF0, 0xE0, 0x27, 0x70, 0x20, 0x9E,
  0x0D, 0x01, 0x77, 0x10, 0x20, 0xBD, 0x09, 0x77, 0x30, 0x8C, 0x0E, 0x77, 0x40, 0xCC, 0x03, 0x77,
  0x30, 0x8C, 0x04, 0x77, 0x30, 0x7C, 0x03, 0x77, 0x30, 0xCC, 0x82, 0x11, 0xB5, 0x76, 0x06, 0xC8,
  0x1D, 0x01, 0xA8, 0x2E, 0x95, 0x17, 0x02, 0x09, 0xD8, 0x17, 0x01, 0xE8, 0x5D, 0xCA, 0xAA, 0xBE,
  0xE0, 0xC2, 0x01, 0xFF, 0xC0, 0xC0, 0x13, 0x0C, 0xFF, 0xA0, 0x96, 0x81, 0x39, 0xDF, 0xB8, 0x1D,
  0x82, 0x73, 0x89, 0x01, 0x35, 0x67, 0x76, 0x54, 0x17, 0x10,
  // "Ş" (U+015E), RLE, 455 bytes saved (60.2%)
  0x73, 0x87, 0x24, 0x67, 0x76, 0x64, 0x27, 0x71, 0x81, 0x39, 0xEF, 0xB8, 0x1C, 0x95, 0x72, 0x02,
  0x0A, 0xFF, 0xA0, 0xE0, 0x96, 0x04, 0x0E, 0xFF, 0xC0, 0xD5, 0x04, 0xF8, 0x4D, 0xBA, 0xAB, 0xDF,
  0x08, 0x40, 0x10, 0xED, 0x08, 0x02, 0x78, 0x14, 0x8E, 0xB0, 0x24, 0x0A, 0xC0, 0xE0, 0x37, 0x58,
  0x14, 0xBD, 0x40, 0x1D, 0x05, 0x77, 0x10, 0x14, 0x05, 0xC0, 0xD7, 0x77, 0x08, 0xC0, 0x87, 0x77,
  0x09, 0xC0, 0x77, 0x77, 0x09, 0xC0, 0x87, 0x77, 0x08, 0xC0, 0xA7, 0x77, 0x06, 0xD0, 0x17, 0x76,
  0x02, 0xD0, 0x87, 0x77, 0x0D, 0xD0, 0x77, 0x76, 0x06, 0xE0, 0xB0, 0x27, 0x75, 0x0C, 0xF0, 0x90,
  0x27, 0x73, 0x02, 0x0E, 0xF9, 0x0B, 0x04, 0x77, 0x20, 0x20, 0xDF, 0xA8, 0x1D, 0x71, 0x77, 0x01,
  0x0A, 0xFC, 0x09, 0x01, 0x77, 0x04, 0x0C, 0xFC, 0x08, 0x77, 0x10, 0x50, 0xBF, 0xB0, 0xD0, 0x37,
  0x71, 0x81, 0x28, 0xEF, 0x90, 0xE0, 0x47, 0x73, 0x05, 0x0C, 0xF0, 0xE0, 0x27, 0x74, 0x04, 0x0C,
  0xE0, 0xC7, 0x76, 0x08, 0xE0, 0x47, 0x76, 0x06, 0xD0, 0xA7, 0x77, 0x0B, 0xC0, 0xD7, 0x77, 0x04,
  0xD7, 0x77, 0x01, 0xD0, 0x17, 0x77, 0x0E, 0xC7, 0x77, 0x1C, 0x0E, 0x77, 0x70, 0x2C, 0x0C, 0x77,
  0x70, 0x8C, 0x08, 0x77, 0x60, 0x3D, 0x84, 0x30, 0x2C, 0x61, 0x77, 0x03, 0x0E, 0xC0, 0xA2, 0x02,
  0xB8, 0x2B, 0x74, 0x17, 0x10, 0x40, 0xAD, 0x0E, 0x01, 0x20, 0x2F, 0x85, 0xDC, 0xBA, 0xAB, 0xCF,
  0x0E, 0x03, 0x30, 0x2F, 0xFE, 0x0D, 0x03, 0x40, 0x10, 0xEF, 0xFC, 0x08, 0x71, 0x81, 0x49, 0xCF,
  0xD8, 0x1B, 0x61, 0x76, 0x89, 0x02, 0x35, 0x67, 0xEE, 0xD7, 0x37, 0x77, 0x04, 0xA0, 0xE7, 0x77,
  0x20, 0xCA, 0x07, 0x77, 0x71, 0x04, 0xB0, 0x57, 0x77, 0x10, 0xBC, 0x0E, 0x07, 0x77, 0x60, 0x80,
  0xBD, 0x0C, 0x77, 0x78, 0x11, 0x6E, 0xB0, 0x77, 0x77, 0x10, 0x5B, 0x0C, 0x77, 0x71, 0x02, 0xB0,
  0xD7, 0x77, 0x10, 0x5B, 0x0B, 0x77, 0x20, 0x23, 0x81, 0x26, 0xEB, 0x06, 0x77, 0x10, 0x3F, 0xA0,
  0xC7, 0x72, 0x03, 0xF9, 0x0A, 0x77, 0x38, 0x72, 0xDE, 0xFE, 0xDB, 0x83, 0x75,
  // "ş" (U+015F), RLE, 280 bytes saved (54.1%)
  0x71, 0x87, 0x25, 0x67, 0x76, 0x53, 0x17, 0x48, 0x14, 0x9E, 0xFA, 0x81, 0xD8, 0x46, 0x02, 0x0B,
  0xFF, 0x90, 0xD0, 0x53, 0x03, 0x0E, 0xFF, 0xB0, 0x42, 0x01, 0x0E, 0xE8, 0x4C, 0xAA, 0xAB, 0xDD,
  0x0D, 0x30, 0x8C, 0x81, 0xE7, 0x16, 0x81, 0x15, 0xAA, 0x07, 0x30, 0xDC, 0x03, 0x75, 0x05, 0x01,
  0x3C, 0x0A, 0x77, 0x30, 0x1C, 0x09, 0x77, 0x4C, 0x0C, 0x77, 0x40, 0xDC, 0x07, 0x77, 0x30, 0x7D,
  0x0A, 0x02, 0x77, 0x20, 0xCE, 0x0A, 0x03, 0x77, 0x01, 0x0D, 0xF0, 0xC0, 0x67, 0x70, 0x9F, 0x98,
  0x1E, 0x93, 0x75, 0x02, 0x0A, 0xFA, 0x0B, 0x03, 0x75, 0x81, 0x28, 0xEF, 0x90, 0xA0, 0x17, 0x60,
  0x50, 0xBF, 0x0E, 0x02, 0x77, 0x02, 0x09, 0xE0, 0xD0, 0x17, 0x71, 0x02, 0x0B, 0xD0, 0x97, 0x73,
  0x08, 0xC0, 0xE7, 0x74, 0x0C, 0xC0, 0x37, 0x73, 0x08, 0xC0, 0x47, 0x73, 0x07, 0xC0, 0x37, 0x73,
  0x0C, 0xC8, 0x21, 0x1B, 0x57, 0x60, 0x6C, 0x81, 0xD0, 0x1A, 0x82, 0xE9, 0x51, 0x70, 0x20, 0x9D,
  0x81, 0x70, 0x1E, 0x85, 0xDC, 0xAA, 0xAB, 0xEE, 0x0C, 0x20, 0x1F, 0xFC, 0x0C, 0x01, 0x30, 0xCF,
  0xFA, 0x09, 0x68, 0x13, 0x9D, 0xFB, 0x81, 0xD8, 0x27, 0x38, 0x90, 0x13, 0x56, 0x7E, 0xED, 0x61,
  0x77, 0x30, 0x4A, 0x0E, 0x77, 0x50, 0xCA, 0x07, 0x77, 0x40, 0x4B, 0x05, 0x77, 0x40, 0xBC, 0x0E,
  0x07, 0x77, 0x20, 0x80, 0xBD, 0x0C, 0x77, 0x38, 0x11, 0x6E, 0xB0, 0x77, 0x74, 0x05, 0xB0, 0xC7,
  0x74, 0x02, 0xB0, 0xD7, 0x74, 0x05, 0xB0, 0xB7, 0x50, 0x23, 0x81, 0x26, 0xEB, 0x06, 0x74, 0x03,
  0xFA, 0x0C, 0x75, 0x03, 0xF9, 0x0A, 0x76, 0x87, 0x2D, 0xEF, 0xED, 0xB8, 0x37, 0x20,
  // "Š" (U+0160), RLE, 436 bytes saved (59.8%)
  0x40, 0xBA, 0x0E, 0x05, 0x72, 0x02, 0x0C, 0xB0, 0x27, 0x02, 0x0E, 0xB0, 0x97, 0x05, 0xC0, 0x77,
  0x20, 0x30, 0xEB, 0x0B, 0x50, 0x8C, 0x07, 0x74, 0x03, 0xC0, 0xC0, 0x12, 0x09, 0xC0, 0x87, 0x60,
  0x5C, 0x81, 0xC1, 0xAC, 0x0A, 0x77, 0x10, 0x7C, 0x0E, 0xC0, 0xB7, 0x73, 0x09, 0xF0, 0xD7, 0x75,
  0x0C, 0xD0, 0xE0, 0x27, 0x75, 0x03, 0xD0, 0x78, 0x09, 0x86, 0x08, 0x72, 0x46, 0x77, 0x66, 0x42,
  0x77, 0x18, 0x13, 0x9E, 0xFB, 0x81, 0xC9, 0x57, 0x20, 0x20, 0xAF, 0xFA, 0x0E, 0x09, 0x60, 0x40,
  0xEF, 0xFC, 0x0D, 0x50, 0x4F, 0x84, 0xDB, 0xAA, 0xBD, 0xF0, 0x84, 0x01, 0x0E, 0xD0, 0x80, 0x27,
  0x81, 0x48, 0xEB, 0x02, 0x40, 0xAC, 0x0E, 0x03, 0x75, 0x81, 0x4B, 0xD4, 0x01, 0xD0, 0x57, 0x71,
  0x01, 0x40, 0x5C, 0x0D, 0x77, 0x70, 0x8C, 0x08, 0x77, 0x70, 0x9C, 0x07, 0x77, 0x70, 0x9C, 0x08,
  0x77, 0x70, 0x8C, 0x0A, 0x77, 0x70, 0x6D, 0x01, 0x77, 0x60, 0x2D, 0x08, 0x77, 0x70, 0xDD, 0x07,
  0x77, 0x60, 0x6E, 0x0B, 0x02, 0x77, 0x50, 0xCF, 0x09, 0x02, 0x77, 0x30, 0x20, 0xEF, 0x90, 0xB0,
  0x47, 0x72, 0x02, 0x0D, 0xFA, 0x81, 0xD7, 0x17, 0x70, 0x10, 0xAF, 0xC0, 0x90, 0x17, 0x70, 0x40,
  0xCF, 0xC0, 0x87, 0x71, 0x05, 0x0B, 0xFB, 0x0D, 0x03, 0x77, 0x18, 0x12, 0x8E, 0xF9, 0x0E, 0x04,
  0x77, 0x30, 0x50, 0xCF, 0x0E, 0x02, 0x77, 0x40, 0x40, 0xCE, 0x0C, 0x77, 0x60, 0x8E, 0x04, 0x77,
  0x60, 0x6D, 0x0A, 0x77, 0x70, 0xBC, 0x0D, 0x77, 0x70, 0x4D, 0x77, 0x70, 0x1D, 0x01, 0x77, 0x70,
  0xEC, 0x77, 0x71, 0xC0, 0xE7, 0x77, 0x02, 0xC0, 0xC7, 0x77, 0x08, 0xC0, 0x87, 0x76, 0x03, 0xD8,
  0x43, 0x02, 0xC6, 0x17, 0x70, 0x30, 0xEC, 0x0A, 0x20, 0x2B, 0x82, 0xB7, 0x41, 0x71, 0x04, 0x0A,
  0xD0, 0xE0, 0x12, 0x02, 0xF8, 0x5D, 0xCB, 0xAA, 0xBC, 0xF0, 0xE0, 0x33, 0x02, 0xFF, 0xE0, 0xD0,
  0x34, 0x01, 0x0E, 0xFF, 0xC0, 0x87, 0x18, 0x14, 0x9C, 0xFD, 0x81, 0xB6, 0x17, 0x68, 0x90, 0x23,
  0x56, 0x77, 0x76, 0x53, 0x74,
  // "š" (U+0161), RLE, 273 bytes saved (54.0%)
  0x20, 0xBA, 0x0E, 0x05, 0x72, 0x02, 0x0C, 0xB0, 0x23, 0x02, 0x0E, 0xB0, 0x97, 0x05, 0xC0, 0x75,
  0x03, 0x0E, 0xB0, 0xB5, 0x08, 0xC0, 0x77, 0x03, 0xC0, 0xC0, 0x12, 0x09, 0xC0, 0x87, 0x20, 0x5C,
  0x81, 0xC1, 0xAC, 0x0A, 0x74, 0x07, 0xC0, 0xEC, 0x0B, 0x76, 0x09, 0xF0, 0xD7, 0x71, 0x0C, 0xD0,
  0xE0, 0x27, 0x71, 0x03, 0xD0, 0x78, 0x09, 0xA1, 0x08, 0x72, 0x56, 0x77, 0x65, 0x31, 0x74, 0x81,
  0x49, 0xEF, 0xA8, 0x1D, 0x84, 0x60, 0x20, 0xBF, 0xF9, 0x0D, 0x05, 0x30, 0x30, 0xEF, 0xFB, 0x04,
  0x20, 0x10, 0xEE, 0x84, 0xCA, 0xAA, 0xBD, 0xD0, 0xD3, 0x08, 0xC8, 0x1E, 0x71, 0x68, 0x11, 0x5A,
  0xA0, 0x73, 0x0D, 0xC0, 0x37, 0x50, 0x50, 0x13, 0xC0, 0xA7, 0x73, 0x01, 0xC0, 0x97, 0x74, 0xC0,
  0xC7, 0x74, 0x0D, 0xC0, 0x77, 0x73, 0x07, 0xD0, 0xA0, 0x27, 0x72, 0x0C, 0xE0, 0xA0, 0x37, 0x70,
  0x10, 0xDF, 0x0C, 0x06, 0x77, 0x09, 0xF9, 0x81, 0xE9, 0x37, 0x50, 0x20, 0xAF, 0xA0, 0xB0, 0x37,
  0x58, 0x12, 0x8E, 0xF9, 0x0A, 0x01, 0x76, 0x05, 0x0B, 0xF0, 0xE0, 0x27, 0x70, 0x20, 0x9E, 0x0D,
  0x01, 0x77, 0x10, 0x20, 0xBD, 0x09, 0x77, 0x30, 0x8C, 0x0E, 0x77, 0x40, 0xCC, 0x03, 0x77, 0x30,
  0x8C, 0x04, 0x77, 0x30, 0x7C, 0x03, 0x77, 0x30, 0xCC, 0x82, 0x11, 0xB5, 0x76, 0x06, 0xC8, 0x1D,
  0x01, 0xA8, 0x2E, 0x95, 0x17, 0x02, 0x09, 0xD8, 0x17, 0x01, 0xE8, 0x5D, 0xCA, 0xAA, 0xBE, 0xE0,
  0xC2, 0x01, 0xFF, 0xC0, 0xC0, 0x13, 0x0C, 0xFF, 0xA0, 0x96, 0x81, 0x39, 0xDF, 0xB8, 0x1D, 0x82,
  0x73, 0x89, 0x01, 0x35, 0x67, 0x76, 0x54, 0x17, 0x10,
  // "Ţ" (U+0162), RLE, 593 bytes saved (69.5%)
  0x06, 0xFF, 0xFF, 0x90, 0x80, 0x6F, 0xFF, 0xF9, 0x08, 0x06, 0xFF, 0xFF, 0x90, 0x80, 0x6F, 0xFF,
  0xF9, 0x08, 0x18, 0x09, 0x02, 0x0E, 0xC0, 0x38, 0x07, 0x20, 0x17, 0x60, 0xEC, 0x01, 0x77, 0x74,
  0x0E, 0xC0, 0x17, 0x77, 0x40, 0xEC, 0x01, 0x77, 0x74, 0x0E, 0xC0, 0x17, 0x77, 0x40, 0xEC, 0x01,
  0x77, 0x74, 0x0E, 0xC0, 0x17, 0x77, 0x40, 0xEC, 0x01, 0x77, 0x74, 0x0E, 0xC0, 0x17, 0x77, 0x40,
  0xEC, 0x01, 0x77, 0x74, 0x0E, 0xC0, 0x17, 0x77, 0x40, 0xEC, 0x01, 0x77, 0x74, 0x0E, 0xC0, 0x17,
  0x77, 0x40, 0xEC, 0x01, 0x77, 0x74, 0x0E, 0xC0, 0x17, 0x77, 0x40, 0xEC, 0x01, 0x77, 0x74, 0x0E,
  0xC0, 0x17, 0x77, 0x40, 0xEC, 0x01, 0x77, 0x74, 0x0E, 0xC0, 0x17, 0x77, 0x40, 0xEC, 0x01, 0x77,
  0x74, 0x0E, 0xC0, 0x17, 0x77, 0x40, 0xEC, 0x01, 0x77, 0x74, 0x0E, 0xC0, 0x17, 0x77, 0x40, 0xEC,
  0x01, 0x77, 0x74, 0x0E, 0xC0, 0x17, 0x77, 0x40, 0xEC, 0x01, 0x77, 0x74, 0x0E, 0xC0, 0x17, 0x77,
  0x40, 0xEC, 0x01, 0x77, 0x74, 0x0E, 0xC0, 0x17, 0x77, 0x40, 0xEC, 0x01, 0x77, 0x74, 0x0E, 0xC0,
  0x17, 0x77, 0x40, 0xEC, 0x01, 0x77, 0x74, 0x0E, 0xC0, 0x17, 0x77, 0x40, 0xEC, 0x01, 0x77, 0x74,
  0x0E, 0xC0, 0x17, 0x77, 0x40, 0xEC, 0x01, 0x77, 0x74, 0x0E, 0xC0, 0x17, 0x77, 0x50, 0xF7, 0x02,
  0x77, 0x75, 0x04, 0xA0, 0xE7, 0x77, 0x60, 0xCA, 0x07, 0x77, 0x75, 0x04, 0xB0, 0x57, 0x77, 0x50,
  0xBC, 0x0E, 0x07, 0x77, 0x73, 0x08, 0x0B, 0xD0, 0xC7, 0x77, 0x48, 0x11, 0x6E, 0xB0, 0x77, 0x77,
  0x50, 0x5B, 0x0C, 0x77, 0x75, 0x02, 0xB0, 0xD7, 0x77, 0x50, 0x5B, 0x0B, 0x77, 0x60, 0x23, 0x81,
  0x26, 0xEB, 0x06, 0x77, 0x50, 0x3F, 0xA0, 0xC7, 0x76, 0x03, 0xF9, 0x0A, 0x77, 0x78, 0x72, 0xDE,
  0xFE, 0xDB, 0x83, 0x76,
  // "ţ" (U+0163), RLE, 286 bytes saved (57.9%)
  0x70, 0xF7, 0x77, 0x10, 0x1B, 0x01, 0x77, 0x06, 0xB0, 0x17, 0x70, 0xAB, 0x01, 0x77, 0x0E, 0xB0,
  0x17, 0x60, 0x3C, 0x01, 0x76, 0x08, 0xC0, 0x17, 0x50, 0x30, 0xDC, 0x01, 0x73, 0x03, 0x0A, 0xFF,
  0x81, 0xB0, 0xAF, 0xFA, 0x0B, 0x01, 0xFF, 0xB0, 0xB0, 0x1F, 0xFB, 0x85, 0xB0, 0x22, 0x22, 0xDC,
  0x03, 0x80, 0x32, 0x01, 0x50, 0xDC, 0x01, 0x76, 0x0D, 0xC0, 0x17, 0x60, 0xDC, 0x01, 0x76, 0x0D,
  0xC0, 0x17, 0x60, 0xDC, 0x01, 0x76, 0x0D, 0xC0, 0x17, 0x60, 0xDC, 0x01, 0x76, 0x0D, 0xC0, 0x17,
  0x60, 0xDC, 0x01, 0x76, 0x0D, 0xC0, 0x17, 0x60, 0xDC, 0x01, 0x76, 0x0D, 0xC0, 0x17, 0x60, 0xDC,
  0x01, 0x76, 0x0D, 0xC0, 0x17, 0x60, 0xDC, 0x01, 0x76, 0x0D, 0xC0, 0x17, 0x60, 0xCC, 0x01, 0x76,
  0x0C, 0xC0, 0x37, 0x60, 0xAC, 0x07, 0x76, 0x08, 0xC0, 0xD0, 0x17, 0x50, 0x3D, 0x0C, 0x02, 0x50,
  0x16, 0x0C, 0xE8, 0x3C, 0xAA, 0xCE, 0x96, 0x03, 0xFD, 0x70, 0x50, 0xEF, 0xB7, 0x18, 0x12, 0x9E,
  0xF0, 0xB7, 0x48, 0x5A, 0xDE, 0x95, 0x41, 0x74, 0x04, 0xA0, 0xE7, 0x71, 0x0C, 0xA0, 0x77, 0x70,
  0x4B, 0x05, 0x77, 0x0B, 0xC0, 0xE0, 0x77, 0x50, 0x80, 0xBD, 0x0C, 0x76, 0x81, 0x16, 0xEB, 0x07,
  0x77, 0x05, 0xB0, 0xC7, 0x70, 0x2B, 0x0D, 0x77, 0x05, 0xB0, 0xB7, 0x10, 0x23, 0x81, 0x26, 0xEB,
  0x06, 0x70, 0x3F, 0xA0, 0xC7, 0x10, 0x3F, 0x90, 0xA7, 0x28, 0x72, 0xDE, 0xFE, 0xDB, 0x83, 0x40,
  // "Ť" (U+0164), RLE, 572 bytes saved (69.6%)
  0x60, 0xBA, 0x0E, 0x05, 0x72, 0x02, 0x0C, 0xB0, 0x27, 0x40, 0x20, 0xEB, 0x09, 0x70, 0x5C, 0x07,
  0x76, 0x03, 0x0E, 0xB0, 0xB5, 0x08, 0xC0, 0x77, 0x71, 0x03, 0xC0, 0xC0, 0x12, 0x09, 0xC0, 0x87,
  0x73, 0x05, 0xC8, 0x1C, 0x1A, 0xC0, 0xA7, 0x75, 0x07, 0xC0, 0xEC, 0x0B, 0x77, 0x70, 0x9F, 0x0D,
  0x77, 0x72, 0x0C, 0xD0, 0xE0, 0x27, 0x77, 0x20, 0x3D, 0x07, 0x80, 0x9C, 0x50, 0x06, 0xFF, 0xFF,
  0x90, 0x80, 0x6F, 0xFF, 0xF9, 0x08, 0x06, 0xFF, 0xFF, 0x90, 0x80, 0x6F, 0xFF, 0xF9, 0x08, 0x18,
  0x09, 0x02, 0x0E, 0xC0, 0x38, 0x07, 0x20, 0x17, 0x60, 0xEC, 0x01, 0x77, 0x74, 0x0E, 0xC0, 0x17,
  0x77, 0x40, 0xEC, 0x01, 0x77, 0x74, 0x0E, 0xC0, 0x17, 0x77, 0x40, 0xEC, 0x01, 0x77, 0x74, 0x0E,
  0xC0, 0x17, 0x77, 0x40, 0xEC, 0x01, 0x77, 0x74, 0x0E, 0xC0, 0x17, 0x77, 0x40, 0xEC, 0x01, 0x77,
  0x74, 0x0E, 0xC0, 0x17, 0x77, 0x40, 0xEC, 0x01, 0x77, 0x74, 0x0E, 0xC0, 0x17, 0x77, 0x40, 0xEC,
  0x01, 0x77, 0x74, 0x0E, 0xC0, 0x17, 0x77, 0x40, 0xEC, 0x01, 0x77, 0x74, 0x0E, 0xC0, 0x17, 0x77,
  0x40, 0xEC, 0x01, 0x77, 0x74, 0x0E, 0xC0, 0x17, 0x77, 0x40, 0xEC, 0x01, 0x77, 0x74, 0x0E, 0xC0,
  0x17, 0x77, 0x40, 0xEC, 0x01, 0x77, 0x74, 0x0E, 0xC0, 0x17, 0x77, 0x40, 0xEC, 0x01, 0x77, 0x74,
  0x0E, 0xC0, 0x17, 0x77, 0x40, 0xEC, 0x01, 0x77, 0x74, 0x0E, 0xC0, 0x17, 0x77, 0x40, 0xEC, 0x01,
  0x77, 0x74, 0x0E, 0xC0, 0x17, 0x77, 0x40, 0xEC, 0x01, 0x77, 0x74, 0x0E, 0xC0, 0x17, 0x77, 0x40,
  0xEC, 0x01, 0x77, 0x74, 0x0E, 0xC0, 0x17, 0x77, 0x40, 0xEC, 0x01, 0x77, 0x74, 0x0E, 0xC0, 0x17,
  0x77, 0x40, 0xEC, 0x01, 0x77, 0x74, 0x0E, 0xC0, 0x17, 0x50,
  // "ť" (U+0165), RLE, 389 bytes saved (65.5%)
  0x77, 0x70, 0x9C, 0x04, 0x77, 0x70, 0xBC, 0x77, 0x71, 0x0E, 0xB0, 0xA7, 0x77, 0x02, 0xC0, 0x37,
  0x77, 0x05, 0xB0, 0xB7, 0x28, 0x14, 0x55, 0x73, 0x09, 0xB0, 0x47, 0x10, 0x1B, 0x01, 0x72, 0x0D,
  0xA0, 0xC7, 0x20, 0x5B, 0x01, 0x71, 0x02, 0xB0, 0x37, 0x20, 0xAB, 0x01, 0x71, 0x06, 0xA0, 0x97,
  0x30, 0xEB, 0x01, 0x77, 0x70, 0x3C, 0x01, 0x77, 0x70, 0x7C, 0x01, 0x77, 0x60, 0x20, 0xDC, 0x01,
  0x77, 0x40, 0x20, 0xAF, 0xF0, 0xB7, 0x20, 0xAF, 0xFA, 0x0B, 0x71, 0x01, 0xFF, 0xB0, 0xB7, 0x10,
  0x1F, 0xFB, 0x0B, 0x72, 0x80, 0x02, 0x0D, 0xC0, 0x38, 0x03, 0x20, 0x17, 0x60, 0xDC, 0x01, 0x77,
  0x70, 0xDC, 0x01, 0x77, 0x70, 0xDC, 0x01, 0x77, 0x70, 0xDC, 0x01, 0x77, 0x70, 0xDC, 0x01, 0x77,
  0x70, 0xDC, 0x01, 0x77, 0x70, 0xDC, 0x01, 0x77, 0x70, 0xDC, 0x01, 0x77, 0x70, 0xDC, 0x01, 0x77,
  0x70, 0xDC, 0x01, 0x77, 0x70, 0xDC, 0x01, 0x77, 0x70, 0xDC, 0x01, 0x77, 0x70, 0xDC, 0x01, 0x77,
  0x70, 0xDC, 0x01, 0x77, 0x70, 0xDC, 0x01, 0x77, 0x70, 0xDC, 0x01, 0x77, 0x70, 0xCC, 0x01, 0x77,
  0x70, 0xCC, 0x03, 0x77, 0x70, 0xAC, 0x07, 0x77, 0x70, 0x8C, 0x0D, 0x01, 0x77, 0x60, 0x3D, 0x0C,
  0x02, 0x50, 0x17, 0x70, 0xCE, 0x83, 0xCA, 0xAC, 0xE9, 0x77, 0x03, 0xFD, 0x77, 0x10, 0x50, 0xEF,
  0xB7, 0x72, 0x81, 0x29, 0xEF, 0x0B, 0x77, 0x58, 0x53, 0x57, 0x75, 0x41, 0x72,
  // "Ŧ" (U+0166), RLE, 510 bytes saved (80.2%)
  0x06, 0xFF, 0xFF, 0x90, 0x80, 0x6F, 0xFF, 0xF9, 0x08, 0x06, 0xFF, 0xFF, 0x90, 0x80, 0x6F, 0xFF,
  0xF9, 0x08, 0x18, 0x09, 0x02, 0xD8, 0x09, 0x02, 0x01, 0x76, 0xD7, 0x77, 0x5D, 0x77, 0x75, 0xD7,
  0x77, 0x5D, 0x77, 0x75, 0xD7, 0x77, 0x5D, 0x77, 0x75, 0xD7, 0x77, 0x5D, 0x77, 0x75, 0xD7, 0x77,
  0x5D, 0x77, 0x75, 0xD7, 0x77, 0x5D, 0x77, 0x75, 0xD7, 0x73, 0x05, 0xFF, 0xF0, 0x47, 0x10, 0x5F,
  0xFF, 0x04, 0x71, 0x05, 0xFF, 0xF0, 0x47, 0x10, 0x5F, 0xFF, 0x04, 0x72, 0x80, 0x42, 0xD8, 0x04,
  0x27, 0x74, 0xD7, 0x77, 0x5D, 0x77, 0x75, 0xD7, 0x77, 0x5D, 0x77, 0x75, 0xD7, 0x77, 0x5D, 0x77,
  0x75, 0xD7, 0x77, 0x5D, 0x77, 0x75, 0xD7, 0x77, 0x5D, 0x77, 0x75, 0xD7, 0x77, 0x5D, 0x77, 0x75,
  0xD7, 0x77, 0x5D, 0x77, 0x75, 0xD7, 0x77, 0x5D, 0x77, 0x75, 0xD7, 0x77, 0x5D, 0x76,
  // "ŧ" (U+0167), RLE, 213 bytes saved (57.4%)
  0x70, 0xF7, 0x77, 0x10, 0x1B, 0x01, 0x77, 0x06, 0xB0, 0x17, 0x70, 0xAB, 0x01, 0x77, 0x0E, 0xB0,
  0x17, 0x60, 0x3C, 0x01, 0x76, 0x08, 0xC0, 0x17, 0x50, 0x30, 0xDC, 0x01, 0x73, 0x03, 0x0A, 0xFF,
  0x81, 0xB0, 0xAF, 0xFA, 0x0B, 0x01, 0xFF, 0xB0, 0xB0, 0x1F, 0xFB, 0x85, 0xB0, 0x22, 0x22, 0xDC,
  0x03, 0x80, 0x32, 0x01, 0x50, 0xDC, 0x01, 0x76, 0x0D, 0xC0, 0x17, 0x60, 0xDC, 0x01, 0x76, 0x0D,
  0xC0, 0x17, 0x60, 0xDC, 0x01, 0x72, 0x0A, 0xFF, 0xA8, 0x13, 0x0A, 0xFF, 0xA8, 0x13, 0x0A, 0xFF,
  0xA8, 0x13, 0x0A, 0xFF, 0xA8, 0x53, 0x01, 0x22, 0x2D, 0xC0, 0x38, 0x03, 0x26, 0x0D, 0xC0, 0x17,
  0x60, 0xDC, 0x01, 0x76, 0x0D, 0xC0, 0x17, 0x60, 0xDC, 0x01, 0x76, 0x0D, 0xC0, 0x17, 0x60, 0xDC,
  0x01, 0x76, 0x0C, 0xC0, 0x17, 0x60, 0xCC, 0x03, 0x76, 0x0A, 0xC0, 0x77, 0x60, 0x7C, 0x0E, 0x01,
  0x75, 0x03, 0xD0, 0xC0, 0x25, 0x01, 0x60, 0xCE, 0x83, 0xCA, 0xAC, 0xE9, 0x60, 0x20, 0xEF, 0xC7,
  0x04, 0x0E, 0xFB, 0x71, 0x81, 0x19, 0xEF, 0x0B, 0x74, 0x85, 0x35, 0x77, 0x54, 0x11,
  // "Ũ" (U+0168), RLE, 478 bytes saved (58.2%)
  0x74, 0x01, 0x74, 0x81, 0x22, 0x17, 0x60, 0x50, 0xCB, 0x0B, 0x05, 0x70, 0x3A, 0x0A, 0x75, 0x08,
  0xF0, 0xD0, 0x55, 0x0A, 0xA0, 0x77, 0x40, 0x4F, 0xB8, 0x3C, 0x63, 0x39, 0xB0, 0x37, 0x40, 0xDF,
  0xFB, 0x0C, 0x74, 0x03, 0xB8, 0x38, 0x10, 0x3A, 0xFB, 0x03, 0x74, 0x07, 0xA0, 0xA5, 0x02, 0x0A,
  0xF0, 0x67, 0x50, 0xAA, 0x04, 0x78, 0x52, 0x9D, 0xFE, 0xA3, 0x80, 0x9C, 0x10, 0x0E, 0xC0, 0x17,
  0x75, 0x02, 0xC0, 0xD0, 0xEC, 0x01, 0x77, 0x50, 0x2C, 0x0D, 0x0E, 0xC0, 0x17, 0x75, 0x02, 0xC0,
  0xD0, 0xEC, 0x01, 0x77, 0x50, 0x2C, 0x0D, 0x0E, 0xC0, 0x17, 0x75, 0x02, 0xC0, 0xD0, 0xEC, 0x01,
  0x77, 0x50, 0x2C, 0x0D, 0x0E, 0xC0, 0x17, 0x75, 0x02, 0xC0, 0xD0, 0xEC, 0x01, 0x77, 0x50, 0x2C,
  0x0D, 0x0E, 0xC0, 0x17, 0x75, 0x02, 0xC0, 0xD0, 0xEC, 0x01, 0x77, 0x50, 0x2C, 0x0D, 0x0E, 0xC0,
  0x17, 0x75, 0x02, 0xC0, 0xD0, 0xEC, 0x01, 0x77, 0x50, 0x2C, 0x0D, 0x0E, 0xC0, 0x17, 0x75, 0x02,
  0xC0, 0xD0, 0xEC, 0x01, 0x77, 0x50, 0x2C, 0x0D, 0x0E, 0xC0, 0x17, 0x75, 0x02, 0xC0, 0xD0, 0xEC,
  0x01, 0x77, 0x50, 0x2C, 0x0D, 0x0E, 0xC0, 0x17, 0x75, 0x02, 0xC0, 0xD0, 0xEC, 0x01, 0x77, 0x50,
  0x2C, 0x0D, 0x0E, 0xC0, 0x17, 0x75, 0x02, 0xC0, 0xD0, 0xEC, 0x01, 0x77, 0x50, 0x2C, 0x0D, 0x0E,
  0xC0, 0x17, 0x75, 0x02, 0xC0, 0xD0, 0xEC, 0x01, 0x77, 0x50, 0x2C, 0x0D, 0x0E, 0xC0, 0x17, 0x75,
  0x02, 0xC0, 0xD0, 0xEC, 0x01, 0x77, 0x50, 0x2C, 0x0D, 0x0E, 0xC0, 0x17, 0x75, 0x02, 0xC0, 0xD0,
  0xEC, 0x01, 0x77, 0x50, 0x2C, 0x0D, 0x0E, 0xC0, 0x17, 0x75, 0x02, 0xC0, 0x0D, 0xC0, 0x17, 0x75,
  0x03, 0xC0, 0x0C, 0xC0, 0x37, 0x75, 0x04, 0xC0, 0x0B, 0xC0, 0x47, 0x75, 0x06, 0xC0, 0x90, 0x7C,
  0x08, 0x77, 0x50, 0x9C, 0x06, 0x03, 0xC0, 0xD7, 0x75, 0x0E, 0xC8, 0x12, 0x0E, 0xC0, 0x47, 0x73,
  0x06, 0xC0, 0xC2, 0x08, 0xC0, 0xC7, 0x72, 0x01, 0x0E, 0xC0, 0x62, 0x01, 0x0E, 0xC0, 0x97, 0x71,
  0x0A, 0xC0, 0xD4, 0x07, 0xD0, 0xB0, 0x17, 0x40, 0x10, 0xBD, 0x05, 0x50, 0xAD, 0x81, 0xE8, 0x37,
  0x81, 0x38, 0xED, 0x09, 0x60, 0x10, 0xCF, 0x85, 0xEC, 0xBA, 0xBC, 0xEF, 0x0A, 0x71, 0x01, 0x0B,
  0xFF, 0xD0, 0x87, 0x40, 0x60, 0xEF, 0xF9, 0x0C, 0x03, 0x77, 0x81, 0x5B, 0xEF, 0xA8, 0x1D, 0x93,
  0x77, 0x58, 0x72, 0x56, 0x77, 0x66, 0x41, 0x74,
  // "ũ" (U+0169), RLE, 297 bytes saved (53.1%)
  0x72, 0x01, 0x74, 0x81, 0x22, 0x17, 0x10, 0x50, 0xCB, 0x0B, 0x05, 0x70, 0x3A, 0x0A, 0x70, 0x8F,
  0x0D, 0x05, 0x50, 0xAA, 0x07, 0x60, 0x4F, 0xB8, 0x3C, 0x63, 0x39, 0xB0, 0x36, 0x0D, 0xFF, 0xB0,
  0xC6, 0x03, 0xB8, 0x38, 0x10, 0x3A, 0xFB, 0x03, 0x60, 0x7A, 0x0A, 0x50, 0x20, 0xAF, 0x06, 0x70,
  0xAA, 0x04, 0x78, 0x52, 0x9D, 0xFE, 0xA3, 0x80, 0x9D, 0x10, 0x09, 0xC0, 0x67, 0x70, 0x1C, 0x0D,
  0x09, 0xC0, 0x67, 0x70, 0x1C, 0x0D, 0x09, 0xC0, 0x67, 0x70, 0x1C, 0x0D, 0x09, 0xC0, 0x67, 0x70,
  0x1C, 0x0D, 0x09, 0xC0, 0x67, 0x70, 0x1C, 0x0D, 0x09, 0xC0, 0x67, 0x70, 0x1C, 0x0D, 0x09, 0xC0,
  0x67, 0x70, 0x1C, 0x0D, 0x09, 0xC0, 0x67, 0x70, 0x1C, 0x0D, 0x09, 0xC0, 0x67, 0x70, 0x1C, 0x0D,
  0x09, 0xC0, 0x67, 0x70, 0x1C, 0x0D, 0x09, 0xC0, 0x67, 0x70, 0x1C, 0x0D, 0x09, 0xC0, 0x67, 0x70,
  0x1C, 0x0D, 0x09, 0xC0, 0x67, 0x70, 0x1C, 0x0D, 0x09, 0xC0, 0x67, 0x70, 0x1C, 0x0D, 0x09, 0xC0,
  0x67, 0x70, 0x1C, 0x0D, 0x09, 0xC0, 0x67, 0x70, 0x1C, 0x0D, 0x09, 0xC0, 0x67, 0x70, 0x1C, 0x0D,
  0x09, 0xC0, 0x67, 0x70, 0x2C, 0x0D, 0x09, 0xC0, 0x67, 0x70, 0x4C, 0x0D, 0x08, 0xC0, 0x67, 0x70,
  0x7C, 0x0D, 0x08, 0xC0, 0x77, 0x70, 0xAC, 0x0D, 0x07, 0xC0, 0x97, 0x70, 0xEC, 0x0D, 0x05, 0xC0,
  0xD7, 0x60, 0x6D, 0x0D, 0x02, 0xD0, 0x57, 0x40, 0x10, 0xED, 0x81, 0xD0, 0xDC, 0x0E, 0x02, 0x72,
  0x01, 0x0C, 0xE8, 0x1D, 0x07, 0xD0, 0xE0, 0x66, 0x81, 0x17, 0xEF, 0x0D, 0x20, 0xDF, 0x83, 0xBA,
  0xAB, 0xDD, 0x07, 0x0C, 0xB0, 0xD2, 0x03, 0x0E, 0xFF, 0x98, 0x19, 0x09, 0xB0, 0xD3, 0x02, 0x0D,
  0xFD, 0x0E, 0x06, 0x20, 0x7B, 0x0D, 0x50, 0x60, 0xCF, 0x98, 0x1D, 0x81, 0x30, 0x4B, 0x0D, 0x78,
  0x61, 0x46, 0x77, 0x65, 0x27, 0x40,
  // "Ū" (U+016A), RLE, 466 bytes saved (60.1%)
  0x70, 0x18, 0x09, 0x32, 0x01, 0x77, 0x0B, 0xFF, 0x90, 0xD7, 0x70, 0xBF, 0xF9, 0x0D, 0x77, 0x0B,
  0xFF, 0x90, 0xD7, 0x70, 0xBF, 0xF9, 0x0D, 0x80, 0x9C, 0x00, 0x0E, 0xC0, 0x17, 0x75, 0x02, 0xC0,
  0xD0, 0xEC, 0x01, 0x77, 0x50, 0x2C, 0x0D, 0x0E, 0xC0, 0x17, 0x75, 0x02, 0xC0, 0xD0, 0xEC, 0x01,
  0x77, 0x50, 0x2C, 0x0D, 0x0E, 0xC0, 0x17, 0x75, 0x02, 0xC0, 0xD0, 0xEC, 0x01, 0x77, 0x50, 0x2C,
  0x0D, 0x0E, 0xC0, 0x17, 0x75, 0x02, 0xC0, 0xD0, 0xEC, 0x01, 0x77, 0x50, 0x2C, 0x0D, 0x0E, 0xC0,
  0x17, 0x75, 0x02, 0xC0, 0xD0, 0xEC, 0x01, 0x77, 0x50, 0x2C, 0x0D, 0x0E, 0xC0, 0x17, 0x75, 0x02,
  0xC0, 0xD0, 0xEC, 0x01, 0x77, 0x50, 0x2C, 0x0D, 0x0E, 0xC0, 0x17, 0x75, 0x02, 0xC0, 0xD0, 0xEC,
  0x01, 0x77, 0x50, 0x2C, 0x0D, 0x0E, 0xC0, 0x17, 0x75, 0x02, 0xC0, 0xD0, 0xEC, 0x01, 0x77, 0x50,
  0x2C, 0x0D, 0x0E, 0xC0, 0x17, 0x75, 0x02, 0xC0, 0xD0, 0xEC, 0x01, 0x77, 0x50, 0x2C, 0x0D, 0x0E,
  0xC0, 0x17, 0x75, 0x02, 0xC0, 0xD0, 0xEC, 0x01, 0x77, 0x50, 0x2C, 0x0D, 0x0E, 0xC0, 0x17, 0x75,
  0x02, 0xC0, 0xD0, 0xEC, 0x01, 0x77, 0x50, 0x2C, 0x0D, 0x0E, 0xC0, 0x17, 0x75, 0x02, 0xC0, 0xD0,
  0xEC, 0x01, 0x77, 0x50, 0x2C, 0x0D, 0x0E, 0xC0, 0x17, 0x75, 0x02, 0xC0, 0xD0, 0xEC, 0x01, 0x77,
  0x50, 0x2C, 0x0D, 0x0E, 0xC0, 0x17, 0x75, 0x02, 0xC0, 0x0D, 0xC0, 0x17, 0x75, 0x03, 0xC0, 0x0C,
  0xC0, 0x37, 0x75, 0x04, 0xC0, 0x0B, 0xC0, 0x47, 0x75, 0x06, 0xC0, 0x90, 0x7C, 0x08, 0x77, 0x50,
  0x9C, 0x06, 0x03, 0xC0, 0xD7, 0x75, 0x0E, 0xC8, 0x12, 0x0E, 0xC0, 0x47, 0x73, 0x06, 0xC0, 0xC2,
  0x08, 0xC0, 0xC7, 0x72, 0x01, 0x0E, 0xC0, 0x62, 0x01, 0x0E, 0xC0, 0x97, 0x71, 0x0A, 0xC0, 0xD4,
  0x07, 0xD0, 0xB0, 0x17, 0x40, 0x10, 0xBD, 0x05, 0x50, 0xAD, 0x81, 0xE8, 0x37, 0x81, 0x38, 0xED,
  0x09, 0x60, 0x10, 0xCF, 0x85, 0xEC, 0xBA, 0xBC, 0xEF, 0x0A, 0x71, 0x01, 0x0B, 0xFF, 0xD0, 0x87,
  0x40, 0x60, 0xEF, 0xF9, 0x0C, 0x03, 0x77, 0x81, 0x5B, 0xEF, 0xA8, 0x1D, 0x93, 0x77, 0x58, 0x72,
  0x56, 0x77, 0x66, 0x41, 0x74,
  // "ū" (U+016B), RLE, 290 bytes saved (55.8%)
  0x50, 0x18, 0x09, 0x32, 0x01, 0x72, 0x0B, 0xFF, 0x90, 0xD7, 0x20, 0xBF, 0xF9, 0x0D, 0x72, 0x0B,
  0xFF, 0x90, 0xD7, 0x20, 0xBF, 0xF9, 0x0D, 0x80, 0x9D, 0x00, 0x09, 0xC0, 0x67, 0x70, 0x1C, 0x0D,
  0x09, 0xC0, 0x67, 0x70, 0x1C, 0x0D, 0x09, 0xC0, 0x67, 0x70, 0x1C, 0x0D, 0x09, 0xC0, 0x67, 0x70,
  0x1C, 0x0D, 0x09, 0xC0, 0x67, 0x70, 0x1C, 0x0D, 0x09, 0xC0, 0x67, 0x70, 0x1C, 0x0D, 0x09, 0xC0,
  0x67, 0x70, 0x1C, 0x0D, 0x09, 0xC0, 0x67, 0x70, 0x1C, 0x0D, 0x09, 0xC0, 0x67, 0x70, 0x1C, 0x0D,
  0x09, 0xC0, 0x67, 0x70, 0x1C, 0x0D, 0x09, 0xC0, 0x67, 0x70, 0x1C, 0x0D, 0x09, 0xC0, 0x67, 0x70,
  0x1C, 0x0D, 0x09, 0xC0, 0x67, 0x70, 0x1C, 0x0D, 0x09, 0xC0, 0x67, 0x70, 0x1C, 0x0D, 0x09, 0xC0,
  0x67, 0x70, 0x1C, 0x0D, 0x09, 0xC0, 0x67, 0x70, 0x1C, 0x0D, 0x09, 0xC0, 0x67, 0x70, 0x1C, 0x0D,
  0x09, 0xC0, 0x67, 0x70, 0x2C, 0x0D, 0x09, 0xC0, 0x67, 0x70, 0x4C, 0x0D, 0x08, 0xC0, 0x67, 0x70,
  0x7C, 0x0D, 0x08, 0xC0, 0x77, 0x70, 0xAC, 0x0D, 0x07, 0xC0, 0x97, 0x70, 0xEC, 0x0D, 0x05, 0xC0,
  0xD7, 0x60, 0x6D, 0x0D, 0x02, 0xD0, 0x57, 0x40, 0x10, 0xED, 0x81, 0xD0, 0xDC, 0x0E, 0x02, 0x72,
  0x01, 0x0C, 0xE8, 0x1D, 0x07, 0xD0, 0xE0, 0x66, 0x81, 0x17, 0xEF, 0x0D, 0x20, 0xDF, 0x83, 0xBA,
  0xAB, 0xDD, 0x07, 0x0C, 0xB0, 0xD2, 0x03, 0x0E, 0xFF, 0x98, 0x19, 0x09, 0xB0, 0xD3, 0x02, 0x0D,
  0xFD, 0x0E, 0x06, 0x20, 0x7B, 0x0D, 0x50, 0x60, 0xCF, 0x98, 0x1D, 0x81, 0x30, 0x4B, 0x0D, 0x78,
  0x61, 0x46, 0x77, 0x65, 0x27, 0x40,
  // "Ŭ" (U+016C), RLE, 482 bytes saved (58.6%)
  0x78, 0x25, 0x77, 0x27, 0x38, 0x23, 0x77, 0x47, 0x60, 0x9A, 0x07, 0x73, 0x0A, 0xA0, 0x77, 0x60,
  0x6A, 0x0E, 0x01, 0x71, 0x05, 0xB0, 0x37, 0x60, 0x1B, 0x87, 0xE8, 0x43, 0x22, 0x46, 0xBB, 0x0D,
  0x77, 0x10, 0x8F, 0xF0, 0x47, 0x72, 0x0C, 0xFD, 0x07, 0x77, 0x40, 0xAF, 0xA0, 0xE0, 0x57, 0x76,
  0x87, 0x38, 0xCE, 0xFE, 0xDA, 0x68, 0x09, 0xC4, 0x00, 0xEC, 0x01, 0x77, 0x50, 0x2C, 0x0D, 0x0E,
  0xC0, 0x17, 0x75, 0x02, 0xC0, 0xD0, 0xEC, 0x01, 0x77, 0x50, 0x2C, 0x0D, 0x0E, 0xC0, 0x17, 0x75,
  0x02, 0xC0, 0xD0, 0xEC, 0x01, 0x77, 0x50, 0x2C, 0x0D, 0x0E, 0xC0, 0x17, 0x75, 0x02, 0xC0, 0xD0,
  0xEC, 0x01, 0x77, 0x50, 0x2C, 0x0D, 0x0E, 0xC0, 0x17, 0x75, 0x02, 0xC0, 0xD0, 0xEC, 0x01, 0x77,
  0x50, 0x2C, 0x0D, 0x0E, 0xC0, 0x17, 0x75, 0x02, 0xC0, 0xD0, 0xEC, 0x01, 0x77, 0x50, 0x2C, 0x0D,
  0x0E, 0xC0, 0x17, 0x75, 0x02, 0xC0, 0xD0, 0xEC, 0x01, 0x77, 0x50, 0x2C, 0x0D, 0x0E, 0xC0, 0x17,
  0x75, 0x02, 0xC0, 0xD0, 0xEC, 0x01, 0x77, 0x50, 0x2C, 0x0D, 0x0E, 0xC0, 0x17, 0x75, 0x02, 0xC0,
  0xD0, 0xEC, 0x01, 0x77, 0x50, 0x2C, 0x0D, 0x0E, 0xC0, 0x17, 0x75, 0x02, 0xC0, 0xD0, 0xEC, 0x01,
  0x77, 0x50, 0x2C, 0x0D, 0x0E, 0xC0, 0x17, 0x75, 0x02, 0xC0, 0xD0, 0xEC, 0x01, 0x77, 0x50, 0x2C,
  0x0D, 0x0E, 0xC0, 0x17, 0x75, 0x02, 0xC0, 0xD0, 0xEC, 0x01, 0x77, 0x50, 0x2C, 0x0D, 0x0E, 0xC0,
  0x17, 0x75, 0x02, 0xC0, 0xD0, 0xEC, 0x01, 0x77, 0x50, 0x2C, 0x0D, 0x0E, 0xC0, 0x17, 0x75, 0x02,
  0xC0, 0xD0, 0xEC, 0x01, 0x77, 0x50, 0x2C, 0x00, 0xDC, 0x01, 0x77, 0x50, 0x3C, 0x00, 0xCC, 0x03,
  0x77, 0x50, 0x4C, 0x00, 0xBC, 0x04, 0x77, 0x50, 0x6C, 0x09, 0x07, 0xC0, 0x87, 0x75, 0x09, 0xC0,
  0x60, 0x3C, 0x0D, 0x77, 0x50, 0xEC, 0x81, 0x20, 0xEC, 0x04, 0x77, 0x30, 0x6C, 0x0C, 0x20, 0x8C,
  0x0C, 0x77, 0x20, 0x10, 0xEC, 0x06, 0x20, 0x10, 0xEC, 0x09, 0x77, 0x10, 0xAC, 0x0D, 0x40, 0x7D,
  0x0B, 0x01, 0x74, 0x01, 0x0B, 0xD0, 0x55, 0x0A, 0xD8, 0x1E, 0x83, 0x78, 0x13, 0x8E, 0xD0, 0x96,
  0x01, 0x0C, 0xF8, 0x5E, 0xCB, 0xAB, 0xCE, 0xF0, 0xA7, 0x10, 0x10, 0xBF, 0xFD, 0x08, 0x74, 0x06,
  0x0E, 0xFF, 0x90, 0xC0, 0x37, 0x78, 0x15, 0xBE, 0xFA, 0x81, 0xD9, 0x37, 0x75, 0x87, 0x25, 0x67,
  0x76, 0x64, 0x17, 0x40,
  // "ŭ" (U+016D), RLE, 300 bytes saved (53.7%)
  0x58, 0x25, 0x77, 0x27, 0x38, 0x23, 0x77, 0x47, 0x10, 0x9A, 0x07, 0x73, 0x0A, 0xA0, 0x77, 0x10,
  0x6A, 0x0E, 0x01, 0x71, 0x05, 0xB0, 0x37, 0x10, 0x1B, 0x87, 0xE8, 0x43, 0x22, 0x46, 0xBB, 0x0D,
  0x73, 0x08, 0xFF, 0x04, 0x74, 0x0C, 0xFD, 0x07, 0x76, 0x0A, 0xFA, 0x0E, 0x05, 0x77, 0x18, 0x73,
  0x8C, 0xEF, 0xED, 0xA6, 0x80, 0x9D, 0x40, 0x09, 0xC0, 0x67, 0x70, 0x1C, 0x0D, 0x09, 0xC0, 0x67,
  0x70, 0x1C, 0x0D, 0x09, 0xC0, 0x67, 0x70, 0x1C, 0x0D, 0x09, 0xC0, 0x67, 0x70, 0x1C, 0x0D, 0x09,
  0xC0, 0x67, 0x70, 0x1C, 0x0D, 0x09, 0xC0, 0x67, 0x70, 0x1C, 0x0D, 0x09, 0xC0, 0x67, 0x70, 0x1C,
  0x0D, 0x09, 0xC0, 0x67, 0x70, 0x1C, 0x0D, 0x09, 0xC0, 0x67, 0x70, 0x1C, 0x0D, 0x09, 0xC0, 0x67,
  0x70, 0x1C, 0x0D, 0x09, 0xC0, 0x67, 0x70, 0x1C, 0x0D, 0x09, 0xC0, 0x67, 0x70, 0x1C, 0x0D, 0x09,
  0xC0, 0x67, 0x70, 0x1C, 0x0D, 0x09, 0xC0, 0x67, 0x70, 0x1C, 0x0D, 0x09, 0xC0, 0x67, 0x70, 0x1C,
  0x0D, 0x09, 0xC0, 0x67, 0x70, 0x1C, 0x0D, 0x09, 0xC0, 0x67, 0x70, 0x1C, 0x0D, 0x09, 0xC0, 0x67,
  0x70, 0x2C, 0x0D, 0x09, 0xC0, 0x67, 0x70, 0x4C, 0x0D, 0x08, 0xC0, 0x67, 0x70, 0x7C, 0x0D, 0x08,
  0xC0, 0x77, 0x70, 0xAC, 0x0D, 0x07, 0xC0, 0x97, 0x70, 0xEC, 0x0D, 0x05, 0xC0, 0xD7, 0x60, 0x6D,
  0x0D, 0x02, 0xD0, 0x57, 0x40, 0x10, 0xED, 0x81, 0xD0, 0xDC, 0x0E, 0x02, 0x72, 0x01, 0x0C, 0xE8,
  0x1D, 0x07, 0xD0, 0xE0, 0x66, 0x81, 0x17, 0xEF, 0x0D, 0x20, 0xDF, 0x83, 0xBA, 0xAB, 0xDD, 0x07,
  0x0C, 0xB0, 0xD2, 0x03, 0x0E, 0xFF, 0x98, 0x19, 0x09, 0xB0, 0xD3, 0x02, 0x0D, 0xFD, 0x0E, 0x06,
  0x20, 0x7B, 0x0D, 0x50, 0x60, 0xCF, 0x98, 0x1D, 0x81, 0x30, 0x4B, 0x0D, 0x78, 0x61, 0x46, 0x77,
  0x65, 0x27, 0x40,
  // "Ů" (U+016E), RLE, 520 bytes saved (58.8%)
  0x75, 0x85, 0x6B, 0xEF, 0xDA, 0x47, 0x77, 0x10, 0x10, 0xDF, 0x09, 0x77, 0x70, 0xCC, 0x0D, 0xC0,
  0x87, 0x75, 0x05, 0xB0, 0x62, 0x01, 0x0A, 0xB0, 0x17, 0x74, 0x09, 0xA0, 0x85, 0x0D, 0xA0, 0x67,
  0x74, 0x0B, 0xA0, 0x45, 0x09, 0xA0, 0x87, 0x74, 0x0B, 0xA0, 0x45, 0x09, 0xA0, 0x77, 0x74, 0x09,
  0xA0, 0x85, 0x0D, 0xA0, 0x57, 0x74, 0x04, 0xB0, 0x52, 0x01, 0x0A, 0xB0, 0x17, 0x75, 0x0C, 0xC0,
  0xDC, 0x08, 0x77, 0x60, 0x10, 0xCF, 0x09, 0x77, 0x72, 0x85, 0x6B, 0xEF, 0xDA, 0x48, 0x09, 0xC5,
  0x00, 0xEC, 0x01, 0x77, 0x50, 0x2C, 0x0D, 0x0E, 0xC0, 0x17, 0x75, 0x02, 0xC0, 0xD0, 0xEC, 0x01,
  0x77, 0x50, 0x2C, 0x0D, 0x0E, 0xC0, 0x17, 0x75, 0x02, 0xC0, 0xD0, 0xEC, 0x01, 0x77, 0x50, 0x2C,
  0x0D, 0x0E, 0xC0, 0x17, 0x75, 0x02, 0xC0, 0xD0, 0xEC, 0x01, 0x77, 0x50, 0x2C, 0x0D, 0x0E, 0xC0,
  0x17, 0x75, 0x02, 0xC0, 0xD0, 0xEC, 0x01, 0x77, 0x50, 0x2C, 0x0D, 0x0E, 0xC0, 0x17, 0x75, 0x02,
  0xC0, 0xD0, 0xEC, 0x01, 0x77, 0x50, 0x2C, 0x0D, 0x0E, 0xC0, 0x17, 0x75, 0x02, 0xC0, 0xD0, 0xEC,
  0x01, 0x77, 0x50, 0x2C, 0x0D, 0x0E, 0xC0, 0x17, 0x75, 0x02, 0xC0, 0xD0, 0xEC, 0x01, 0x77, 0x50,
  0x2C, 0x0D, 0x0E, 0xC0, 0x17, 0x75, 0x02, 0xC0, 0xD0, 0xEC, 0x01, 0x77, 0x50, 0x2C, 0x0D, 0x0E,
  0xC0, 0x17, 0x75, 0x02, 0xC0, 0xD0, 0xEC, 0x01, 0x77, 0x50, 0x2C, 0x0D, 0x0E, 0xC0, 0x17, 0x75,
  0x02, 0xC0, 0xD0, 0xEC, 0x01, 0x77, 0x50, 0x2C, 0x0D, 0x0E, 0xC0, 0x17, 0x75, 0x02, 0xC0, 0xD0,
  0xEC, 0x01, 0x77, 0x50, 0x2C, 0x0D, 0x0E, 0xC0, 0x17, 0x75, 0x02, 0xC0, 0xD0, 0xEC, 0x01, 0x77,
  0x50, 0x2C, 0x0D, 0x0E, 0xC0, 0x17, 0x75, 0x02, 0xC0, 0xD0, 0xEC, 0x01, 0x77, 0x50, 0x2C, 0x00,
  0xDC, 0x01, 0x77, 0x50, 0x3C, 0x00, 0xCC, 0x03, 0x77, 0x50, 0x4C, 0x00, 0xBC, 0x04, 0x77, 0x50,
  0x6C, 0x09, 0x07, 0xC0, 0x87, 0x75, 0x09, 0xC0, 0x60, 0x3C, 0x0D, 0x77, 0x50, 0xEC, 0x81, 0x20,
  0xEC, 0x04, 0x77, 0x30, 0x6C, 0x0C, 0x20, 0x8C, 0x0C, 0x77, 0x20, 0x10, 0xEC, 0x06, 0x20, 0x10,
  0xEC, 0x09, 0x77, 0x10, 0xAC, 0x0D, 0x40, 0x7D, 0x0B, 0x01, 0x74, 0x01, 0x0B, 0xD0, 0x55, 0x0A,
  0xD8, 0x1E, 0x83, 0x78, 0x13, 0x8E, 0xD0, 0x96, 0x01, 0x0C, 0xF8, 0x5E, 0xCB, 0xAB, 0xCE, 0xF0,
  0xA7, 0x10, 0x10, 0xBF, 0xFD, 0x08, 0x74, 0x06, 0x0E, 0xFF, 0x90, 0xC0, 0x37, 0x78, 0x15, 0xBE,
  0xFA, 0x81, 0xD9, 0x37, 0x75, 0x87, 0x25, 0x67, 0x76, 0x64, 0x17, 0x40,
  // "ů" (U+016F), RLE, 331 bytes saved (54.2%)
  0x73, 0x85, 0x6B, 0xEF, 0xDA, 0x47, 0x73, 0x01, 0x0D, 0xF0, 0x97, 0x72, 0x0C, 0xC0, 0xDC, 0x08,
  0x77, 0x05, 0xB0, 0x62, 0x01, 0x0A, 0xB0, 0x17, 0x60, 0x9A, 0x08, 0x50, 0xDA, 0x06, 0x76, 0x0B,
  0xA0, 0x45, 0x09, 0xA0, 0x87, 0x60, 0xBA, 0x04, 0x50, 0x9A, 0x07, 0x76, 0x09, 0xA0, 0x85, 0x0D,
  0xA0, 0x57, 0x60, 0x4B, 0x05, 0x20, 0x10, 0xAB, 0x01, 0x77, 0x0C, 0xC0, 0xDC, 0x08, 0x77, 0x10,
  0x10, 0xCF, 0x09, 0x77, 0x48, 0x56, 0xBE, 0xFD, 0xA4, 0x80, 0x9D, 0x50, 0x09, 0xC0, 0x67, 0x70,
  0x1C, 0x0D, 0x09, 0xC0, 0x67, 0x70, 0x1C, 0x0D, 0x09, 0xC0, 0x67, 0x70, 0x1C, 0x0D, 0x09, 0xC0,
  0x67, 0x70, 0x1C, 0x0D, 0x09, 0xC0, 0x67, 0x70, 0x1C, 0x0D, 0x09, 0xC0, 0x67, 0x70, 0x1C, 0x0D,
  0x09, 0xC0, 0x67, 0x70, 0x1C, 0x0D, 0x09, 0xC0, 0x67, 0x70, 0x1C, 0x0D, 0x09, 0xC0, 0x67, 0x70,
  0x1C, 0x0D, 0x09, 0xC0, 0x67, 0x70, 0x1C, 0x0D, 0x09, 0xC0, 0x67, 0x70, 0x1C, 0x0D, 0x09, 0xC0,
  0x67, 0x70, 0x1C, 0x0D, 0x09, 0xC0, 0x67, 0x70, 0x1C, 0x0D, 0x09, 0xC0, 0x67, 0x70, 0x1C, 0x0D,
  0x09, 0xC0, 0x67, 0x70, 0x1C, 0x0D, 0x09, 0xC0, 0x67, 0x70, 0x1C, 0x0D, 0x09, 0xC0, 0x67, 0x70,
  0x1C, 0x0D, 0x09, 0xC0, 0x67, 0x70, 0x2C, 0x0D, 0x09, 0xC0, 0x67, 0x70, 0x4C, 0x0D, 0x08, 0xC0,
  0x67, 0x70, 0x7C, 0x0D, 0x08, 0xC0, 0x77, 0x70, 0xAC, 0x0D, 0x07, 0xC0, 0x97, 0x70, 0xEC, 0x0D,
  0x05, 0xC0, 0xD7, 0x60, 0x6D, 0x0D, 0x02, 0xD0, 0x57, 0x40, 0x10, 0xED, 0x81, 0xD0, 0xDC, 0x0E,
  0x02, 0x72, 0x01, 0x0C, 0xE8, 0x1D, 0x07, 0xD0, 0xE0, 0x66, 0x81, 0x17, 0xEF, 0x0D, 0x20, 0xDF,
  0x83, 0xBA, 0xAB, 0xDD, 0x07, 0x0C, 0xB0, 0xD2, 0x03, 0x0E, 0xFF, 0x98, 0x19, 0x09, 0xB0, 0xD3,
  0x02, 0x0D, 0xFD, 0x0E, 0x06, 0x20, 0x7B, 0x0D, 0x50, 0x60, 0xCF, 0x98, 0x1D, 0x81, 0x30, 0x4B,
  0x0D, 0x78, 0x61, 0x46, 0x77, 0x65, 0x27, 0x40,
  // "Ű" (U+0170), RLE, 488 bytes saved (58.3%)
  0x75, 0x02, 0xD0, 0x63, 0x04, 0xD0, 0x47, 0x70, 0xAC, 0x0D, 0x40, 0xCC, 0x0B, 0x77, 0x02, 0xD0,
  0x23, 0x04, 0xC0, 0xE0, 0x17, 0x70, 0xBC, 0x05, 0x40, 0xDC, 0x03, 0x77, 0x04, 0xC0, 0x74, 0x07,
  0xC0, 0x57, 0x71, 0x0D, 0xB0, 0x94, 0x01, 0x0E, 0xB0, 0x77, 0x71, 0x08, 0xB0, 0xB5, 0x0A, 0xB0,
  0x97, 0x71, 0x03, 0xB0, 0xB5, 0x05, 0xB0, 0x97, 0x72, 0x0B, 0xA0, 0x96, 0x0D, 0xA0, 0x78, 0x09,
  0xC2, 0x00, 0xEC, 0x01, 0x77, 0x50, 0x2C, 0x0D, 0x0E, 0xC0, 0x17, 0x75, 0x02, 0xC0, 0xD0, 0xEC,
  0x01, 0x77, 0x50, 0x2C, 0x0D, 0x0E, 0xC0, 0x17, 0x75, 0x02, 0xC0, 0xD0, 0xEC, 0x01, 0x77, 0x50,
  0x2C, 0x0D, 0x0E, 0xC0, 0x17, 0x75, 0x02, 0xC0, 0xD0, 0xEC, 0x01, 0x77, 0x50, 0x2C, 0x0D, 0x0E,
  0xC0, 0x17, 0x75, 0x02, 0xC0, 0xD0, 0xEC, 0x01, 0x77, 0x50, 0x2C, 0x0D, 0x0E, 0xC0, 0x17, 0x75,
  0x02, 0xC0, 0xD0, 0xEC, 0x01, 0x77, 0x50, 0x2C, 0x0D, 0x0E, 0xC0, 0x17, 0x75, 0x02, 0xC0, 0xD0,
  0xEC, 0x01, 0x77, 0x50, 0x2C, 0x0D, 0x0E, 0xC0, 0x17, 0x75, 0x02, 0xC0, 0xD0, 0xEC, 0x01, 0x77,
  0x50, 0x2C, 0x0D, 0x0E, 0xC0, 0x17, 0x75, 0x02, 0xC0, 0xD0, 0xEC, 0x01, 0x77, 0x50, 0x2C, 0x0D,
  0x0E, 0xC0, 0x17, 0x75, 0x02, 0xC0, 0xD0, 0xEC, 0x01, 0x77, 0x50, 0x2C, 0x0D, 0x0E, 0xC0, 0x17,
  0x75, 0x02, 0xC0, 0xD0, 0xEC, 0x01, 0x77, 0x50, 0x2C, 0x0D, 0x0E, 0xC0, 0x17, 0x75, 0x02, 0xC0,
  0xD0, 0xEC, 0x01, 0x77, 0x50, 0x2C, 0x0D, 0x0E, 0xC0, 0x17, 0x75, 0x02, 0xC0, 0xD0, 0xEC, 0x01,
  0x77, 0x50, 0x2C, 0x0D, 0x0E, 0xC0, 0x17, 0x75, 0x02, 0xC0, 0xD0, 0xEC, 0x01, 0x77, 0x50, 0x2C,
  0x00, 0xDC, 0x01, 0x77, 0x50, 0x3C, 0x00, 0xCC, 0x03, 0x77, 0x50, 0x4C, 0x00, 0xBC, 0x04, 0x77,
  0x50, 0x6C, 0x09, 0x07, 0xC0, 0x87, 0x75, 0x09, 0xC0, 0x60, 0x3C, 0x0D, 0x77, 0x50, 0xEC, 0x81,
  0x20, 0xEC, 0x04, 0x77, 0x30, 0x6C, 0x0C, 0x20, 0x8C, 0x0C, 0x77, 0x20, 0x10, 0xEC, 0x06, 0x20,
  0x10, 0xEC, 0x09, 0x77, 0x10, 0xAC, 0x0D, 0x40, 0x7D, 0x0B, 0x01, 0x74, 0x01, 0x0B, 0xD0, 0x55,
  0x0A, 0xD8, 0x1E, 0x83, 0x78, 0x13, 0x8E, 0xD0, 0x96, 0x01, 0x0C, 0xF8, 0x5E, 0xCB, 0xAB, 0xCE,
  0xF0, 0xA7, 0x10, 0x10, 0xBF, 0xFD, 0x08, 0x74, 0x06, 0x0E, 0xFF, 0x90, 0xC0, 0x37, 0x78, 0x15,
  0xBE, 0xFA, 0x81, 0xD9, 0x37, 0x75, 0x87, 0x25, 0x67, 0x76, 0x64, 0x17, 0x40,
  // "ű" (U+0171), RLE, 315 bytes saved (53.0%)
  0x73, 0x02, 0xD0, 0x63, 0x04, 0xD0, 0x47, 0x30, 0xAC, 0x0D, 0x40, 0xCC, 0x0B, 0x73, 0x02, 0xD0,
  0x23, 0x04, 0xC0, 0xE0, 0x17, 0x30, 0xBC, 0x05, 0x40, 0xDC, 0x03, 0x73, 0x04, 0xC0, 0x74, 0x07,
  0xC0, 0x57, 0x40, 0xDB, 0x09, 0x40, 0x10, 0xEB, 0x07, 0x74, 0x08, 0xB0, 0xB5, 0x0A, 0xB0, 0x97,
  0x40, 0x3B, 0x0B, 0x50, 0x5B, 0x09, 0x75, 0x0B, 0xA0, 0x96, 0x0D, 0xA0, 0x78, 0x09, 0xD7, 0x00,
  0x9C, 0x06, 0x77, 0x01, 0xC8, 0x1D, 0x09, 0xC0, 0x67, 0x70, 0x1C, 0x81, 0xD0, 0x9C, 0x06, 0x77,
  0x01, 0xC8, 0x1D, 0x09, 0xC0, 0x67, 0x70, 0x1C, 0x81, 0xD0, 0x9C, 0x06, 0x77, 0x01, 0xC8, 0x1D,
  0x09, 0xC0, 0x67, 0x70, 0x1C, 0x81, 0xD0, 0x9C, 0x06, 0x77, 0x01, 0xC8, 0x1D, 0x09, 0xC0, 0x67,
  0x70, 0x1C, 0x81, 0xD0, 0x9C, 0x06, 0x77, 0x01, 0xC8, 0x1D, 0x09, 0xC0, 0x67, 0x70, 0x1C, 0x81,
  0xD0, 0x9C, 0x06, 0x77, 0x01, 0xC8, 0x1D, 0x09, 0xC0, 0x67, 0x70, 0x1C, 0x81, 0xD0, 0x9C, 0x06,
  0x77, 0x01, 0xC8, 0x1D, 0x09, 0xC0, 0x67, 0x70, 0x1C, 0x81, 0xD0, 0x9C, 0x06, 0x77, 0x01, 0xC8,
  0x1D, 0x09, 0xC0, 0x67, 0x70, 0x1C, 0x81, 0xD0, 0x9C, 0x06, 0x77, 0x01, 0xC8, 0x1D, 0x09, 0xC0,
  0x67, 0x70, 0x2C, 0x81, 0xD0, 0x9C, 0x06, 0x77, 0x04, 0xC8, 0x1D, 0x08, 0xC0, 0x67, 0x70, 0x7C,
  0x81, 0xD0, 0x8C, 0x07, 0x77, 0x0A, 0xC8, 0x1D, 0x07, 0xC0, 0x97, 0x70, 0xEC, 0x81, 0xD0, 0x5C,
  0x0D, 0x76, 0x06, 0xD8, 0x1D, 0x02, 0xD0, 0x57, 0x40, 0x10, 0xED, 0x0D, 0x20, 0xDC, 0x0E, 0x02,
  0x72, 0x01, 0x0C, 0xE0, 0xD2, 0x07, 0xD0, 0xE0, 0x66, 0x81, 0x17, 0xEF, 0x0D, 0x30, 0xDF, 0x83,
  0xBA, 0xAB, 0xDD, 0x07, 0x0C, 0xB0, 0xD3, 0x03, 0x0E, 0xFF, 0x98, 0x19, 0x09, 0xB0, 0xD4, 0x02,
  0x0D, 0xFD, 0x0E, 0x06, 0x20, 0x7B, 0x0D, 0x60, 0x60, 0xCF, 0x98, 0x1D, 0x81, 0x30, 0x4B, 0x0D,
  0x71, 0x86, 0x14, 0x67, 0x76, 0x52, 0x75,
  // "Ų" (U+0172), RLE, 482 bytes saved (58.6%)
  0x0E, 0xC0, 0x17, 0x75, 0x02, 0xC0, 0xD0, 0xEC, 0x01, 0x77, 0x50, 0x2C, 0x0D, 0x0E, 0xC0, 0x17,
  0x75, 0x02, 0xC0, 0xD0, 0xEC, 0x01, 0x77, 0x50, 0x2C, 0x0D, 0x0E, 0xC0, 0x17, 0x75, 0x02, 0xC0,
  0xD0, 0xEC, 0x01, 0x77, 0x50, 0x2C, 0x0D, 0x0E, 0xC0, 0x17, 0x75, 0x02, 0xC0, 0xD0, 0xEC, 0x01,
  0x77, 0x50, 0x2C, 0x0D, 0x0E, 0xC0, 0x17, 0x75, 0x02, 0xC0, 0xD0, 0xEC, 0x01, 0x77, 0x50, 0x2C,
  0x0D, 0x0E, 0xC0, 0x17, 0x75, 0x02, 0xC0, 0xD0, 0xEC, 0x01, 0x77, 0x50, 0x2C, 0x0D, 0x0E, 0xC0,
  0x17, 0x75, 0x02, 0xC0, 0xD0, 0xEC, 0x01, 0x77, 0x50, 0x2C, 0x0D, 0x0E, 0xC0, 0x17, 0x75, 0x02,
  0xC0, 0xD0, 0xEC, 0x01, 0x77, 0x50, 0x2C, 0x0D, 0x0E, 0xC0, 0x17, 0x75, 0x02, 0xC0, 0xD0, 0xEC,
  0x01, 0x77, 0x50, 0x2C, 0x0D, 0x0E, 0xC0, 0x17, 0x75, 0x02, 0xC0, 0xD0, 0xEC, 0x01, 0x77, 0x50,
  0x2C, 0x0D, 0x0E, 0xC0, 0x17, 0x75, 0x02, 0xC0, 0xD0, 0xEC, 0x01, 0x77, 0x50, 0x2C, 0x0D, 0x0E,
  0xC0, 0x17, 0x75, 0x02, 0xC0, 0xD0, 0xEC, 0x01, 0x77, 0x50, 0x2C, 0x0D, 0x0E, 0xC0, 0x17, 0x75,
  0x02, 0xC0, 0xD0, 0xEC, 0x01, 0x77, 0x50, 0x2C, 0x0D, 0x0E, 0xC0, 0x17, 0x75, 0x02, 0xC0, 0xC0,
  0xDC, 0x01, 0x77, 0x50, 0x3C, 0x00, 0xCC, 0x03, 0x77, 0x50, 0x4C, 0x00, 0xBC, 0x04, 0x77, 0x50,
  0x6C, 0x09, 0x07, 0xC0, 0x87, 0x75, 0x09, 0xC0, 0x50, 0x3C, 0x0D, 0x77, 0x50, 0xEC, 0x81, 0x20,
  0xEC, 0x04, 0x77, 0x30, 0x6C, 0x0C, 0x20, 0x8C, 0x0C, 0x77, 0x20, 0x10, 0xEC, 0x05, 0x20, 0x10,
  0xEC, 0x09, 0x77, 0x10, 0xAC, 0x0D, 0x40, 0x7D, 0x0B, 0x01, 0x74, 0x01, 0x0B, 0xD0, 0x45, 0x0A,
  0xD8, 0x1E, 0x83, 0x78, 0x13, 0x8E, 0xD0, 0x76, 0x01, 0x0C, 0xF8, 0x5E, 0xCB, 0xAB, 0xCE, 0xF0,
  0x87, 0x10, 0x10, 0xBF, 0xFD, 0x09, 0x74, 0x06, 0x0E, 0xFF, 0xA0, 0xB7, 0x78, 0x15, 0xBE, 0xFD,
  0x0D, 0x01, 0x77, 0x38, 0x72, 0x56, 0x77, 0x66, 0x47, 0xB0, 0x37, 0x77, 0x40, 0x20, 0xEA, 0x08,
  0x77, 0x75, 0x0B, 0xA0, 0xE7, 0x77, 0x50, 0x3B, 0x08, 0x77, 0x75, 0x09, 0xB0, 0x37, 0x77, 0x50,
  0xCB, 0x01, 0x77, 0x75, 0x0E, 0xB0, 0x27, 0x77, 0x50, 0xDB, 0x05, 0x77, 0x75, 0x0A, 0xB0, 0xD0,
  0x42, 0x02, 0x01, 0x77, 0x70, 0x4F, 0x90, 0x47, 0x77, 0x10, 0x8F, 0x04, 0x77, 0x72, 0x81, 0x4A,
  0xDA, 0x81, 0xDB, 0x24,
  // "ų" (U+0173), RLE, 296 bytes saved (52.2%)
  0x09, 0xC0, 0x67, 0x70, 0x1C, 0x81, 0xD0, 0x9C, 0x06, 0x77, 0x01, 0xC8, 0x1D, 0x09, 0xC0, 0x67,
  0x70, 0x1C, 0x81, 0xD0, 0x9C, 0x06, 0x77, 0x01, 0xC8, 0x1D, 0x09, 0xC0, 0x67, 0x70, 0x1C, 0x81,
  0xD0, 0x9C, 0x06, 0x77, 0x01, 0xC8, 0x1D, 0x09, 0xC0, 0x67, 0x70, 0x1C, 0x81, 0xD0, 0x9C, 0x06,
  0x77, 0x01, 0xC8, 0x1D, 0x09, 0xC0, 0x67, 0x70, 0x1C, 0x81, 0xD0, 0x9C, 0x06, 0x77, 0x01, 0xC8,
  0x1D, 0x09, 0xC0, 0x67, 0x70, 0x1C, 0x81, 0xD0, 0x9C, 0x06, 0x77, 0x01, 0xC8, 0x1D, 0x09, 0xC0,
  0x67, 0x70, 0x1C, 0x81, 0xD0, 0x9C, 0x06, 0x77, 0x01, 0xC8, 0x1D, 0x09, 0xC0, 0x67, 0x70, 0x1C,
  0x81, 0xD0, 0x9C, 0x06, 0x77, 0x01, 0xC8, 0x1D, 0x09, 0xC0, 0x67, 0x70, 0x1C, 0x81, 0xD0, 0x9C,
  0x06, 0x77, 0x02, 0xC8, 0x1D, 0x09, 0xC0, 0x67, 0x70, 0x4C, 0x81, 0xD0, 0x8C, 0x06, 0x77, 0x07,
  0xC8, 0x1D, 0x08, 0xC0, 0x77, 0x70, 0xAC, 0x81, 0xD0, 0x7C, 0x09, 0x77, 0x0E, 0xC8, 0x1D, 0x05,
  0xC0, 0xD7, 0x60, 0x6D, 0x81, 0xD0, 0x2D, 0x05, 0x74, 0x01, 0x0E, 0xD0, 0xD2, 0x0D, 0xC0, 0xE0,
  0x27, 0x20, 0x10, 0xCE, 0x0D, 0x20, 0x7D, 0x0E, 0x06, 0x68, 0x11, 0x7E, 0xF0, 0xD3, 0x0D, 0xF8,
  0x3B, 0xAA, 0xBD, 0xD0, 0x70, 0xCB, 0x0D, 0x30, 0x30, 0xEF, 0xF9, 0x81, 0x90, 0x9B, 0x0D, 0x40,
  0x20, 0xDF, 0xD0, 0xE0, 0x62, 0x07, 0xB0, 0xD6, 0x06, 0x0C, 0xF9, 0x81, 0xD8, 0x13, 0x08, 0xB0,
  0xD7, 0x18, 0x61, 0x46, 0x77, 0x65, 0x25, 0x05, 0xB0, 0x77, 0x77, 0x05, 0xB0, 0x87, 0x77, 0x02,
  0xB0, 0xB7, 0x77, 0x10, 0xCB, 0x01, 0x77, 0x70, 0x4B, 0x09, 0x77, 0x71, 0x09, 0xB0, 0x67, 0x77,
  0x10, 0xBB, 0x04, 0x77, 0x71, 0x0B, 0xB0, 0x77, 0x77, 0x10, 0x8B, 0x0E, 0x04, 0x20, 0x02, 0x77,
  0x30, 0x2F, 0x90, 0x77, 0x74, 0x06, 0xF0, 0x77, 0x75, 0x81, 0x3A, 0xDA, 0x81, 0xEB, 0x40,
  // "Ŵ" (U+0174), RLE, 840 bytes saved (61.0%)
  0x77, 0x71, 0x03, 0xD0, 0x78, 0x0D, 0x10, 0x0C, 0xD0, 0xE0, 0x28, 0x0C, 0x70, 0x09, 0xF0, 0xC8,
  0x0C, 0x60, 0x06, 0xFA, 0x0A, 0x80, 0xC4, 0x00, 0x4C, 0x81, 0xD3, 0xBC, 0x08, 0x80, 0xC2, 0x00,
  0x20, 0xEB, 0x0C, 0x01, 0x20, 0xAC, 0x06, 0x80, 0xC0, 0x00, 0x10, 0xDB, 0x0C, 0x01, 0x40, 0x9C,
  0x05, 0x77, 0x77, 0x60, 0x10, 0xDB, 0x09, 0x70, 0x6C, 0x04, 0x77, 0x77, 0x50, 0xAA, 0x0E, 0x05,
  0x72, 0x03, 0x0C, 0xB0, 0x18, 0x0A, 0xD0, 0x00, 0x3D, 0x01, 0x77, 0x20, 0xEC, 0x09, 0x77, 0x3D,
  0x81, 0x30, 0xEC, 0x04, 0x77, 0x10, 0x3D, 0x0D, 0x77, 0x20, 0x4C, 0x0E, 0x20, 0xAC, 0x08, 0x77,
  0x10, 0x7E, 0x02, 0x77, 0x10, 0x8C, 0x0B, 0x20, 0x6C, 0x0C, 0x77, 0x10, 0xBE, 0x07, 0x77, 0x10,
  0xBC, 0x07, 0x20, 0x2D, 0x77, 0x1F, 0x0B, 0x77, 0x1D, 0x02, 0x30, 0xEC, 0x04, 0x76, 0x05, 0xF9,
  0x01, 0x76, 0x04, 0xC0, 0xE4, 0x0A, 0xC0, 0x87, 0x60, 0x9B, 0x0E, 0xC0, 0x57, 0x60, 0x7C, 0x0A,
  0x40, 0x6C, 0x0C, 0x76, 0x0D, 0xB0, 0xA0, 0xEB, 0x0A, 0x76, 0x0B, 0xC0, 0x64, 0x02, 0xD7, 0x50,
  0x2C, 0x07, 0x0B, 0xB0, 0xE7, 0x6D, 0x02, 0x50, 0xDC, 0x04, 0x74, 0x07, 0xC0, 0x30, 0x7C, 0x03,
  0x74, 0x03, 0xC0, 0xD6, 0x09, 0xC0, 0x87, 0x40, 0xBC, 0x10, 0x3C, 0x08, 0x74, 0x07, 0xC0, 0x96,
  0x05, 0xC0, 0xC7, 0x4C, 0x0B, 0x20, 0xEB, 0x0C, 0x74, 0x0B, 0xC0, 0x56, 0x01, 0xD7, 0x30, 0x5C,
  0x07, 0x20, 0xAC, 0x01, 0x73, 0x0E, 0xC0, 0x17, 0x0D, 0xC0, 0x47, 0x20, 0x9C, 0x03, 0x20, 0x6C,
  0x06, 0x72, 0x03, 0xC0, 0xD7, 0x10, 0x9C, 0x08, 0x72, 0x0D, 0xB0, 0xE3, 0x02, 0xC0, 0xB7, 0x20,
  0x7C, 0x09, 0x71, 0x05, 0xC0, 0xC7, 0x10, 0x2C, 0x0A, 0x40, 0xDB, 0x0E, 0x72, 0x0B, 0xC0, 0x57,
  0x10, 0x1D, 0x71, 0x07, 0xC0, 0x54, 0x08, 0xC0, 0x47, 0x10, 0xEC, 0x01, 0x72, 0x0C, 0xC0, 0x47,
  0x0B, 0xC0, 0x14, 0x04, 0xC0, 0x97, 0x03, 0xC0, 0xC7, 0x30, 0x8C, 0x08, 0x7C, 0x0C, 0x60, 0xEB,
  0x0D, 0x70, 0x7C, 0x08, 0x73, 0x04, 0xC0, 0xB6, 0x04, 0xC0, 0x76, 0x0A, 0xC0, 0x26, 0x0B, 0xC0,
  0x47, 0x4D, 0x60, 0x9C, 0x03, 0x60, 0x6C, 0x07, 0x60, 0xEC, 0x75, 0x0C, 0xC0, 0x45, 0x0D, 0xB0,
  0xE7, 0x01, 0xC0, 0xB5, 0x03, 0xC0, 0xC7, 0x50, 0x8C, 0x07, 0x40, 0x2C, 0x0A, 0x71, 0x0C, 0xC0,
  0x14, 0x07, 0xC0, 0x87, 0x50, 0x4C, 0x0B, 0x40, 0x6C, 0x05, 0x71, 0x08, 0xC0, 0x54, 0x0A, 0xC0,
  0x47, 0x6D, 0x40, 0xBC, 0x01, 0x71, 0x03, 0xC0, 0x94, 0x0E, 0xC7, 0x70, 0xBC, 0x03, 0x30, 0xEB,
  0x0C, 0x73, 0x0E, 0xB0, 0xE3, 0x02, 0xC0, 0xB7, 0x70, 0x7C, 0x07, 0x20, 0x3C, 0x07, 0x73, 0x09,
  0xC0, 0x22, 0x06, 0xC0, 0x77, 0x70, 0x3C, 0x0A, 0x20, 0x7C, 0x03, 0x73, 0x05, 0xC0, 0x62, 0x09,
  0xC0, 0x37, 0x71, 0x0E, 0xB0, 0xE2, 0x0B, 0xB0, 0xE7, 0x40, 0x1C, 0x0A, 0x20, 0xDB, 0x0E, 0x77,
  0x20, 0xBC, 0x81, 0x20, 0xEB, 0x09, 0x75, 0x0B, 0xB8, 0x1E, 0x01, 0xC0, 0xA7, 0x72, 0x07, 0xC0,
  0x50, 0x3C, 0x05, 0x75, 0x07, 0xC0, 0x20, 0x4C, 0x06, 0x77, 0x20, 0x3C, 0x08, 0x06, 0xC0, 0x17,
  0x50, 0x2C, 0x05, 0x07, 0xC0, 0x27, 0x73, 0x0E, 0xB0, 0xA0, 0x9B, 0x0C, 0x77, 0x0D, 0xB0, 0x80,
  0xAB, 0x0E, 0x77, 0x40, 0xAB, 0x0D, 0x0B, 0xB0, 0x77, 0x70, 0x9B, 0x0B, 0x0C, 0xB0, 0xA7, 0x74,
  0x06, 0xC0, 0xDB, 0x03, 0x77, 0x04, 0xB0, 0xEC, 0x06, 0x77, 0x40, 0x2F, 0x0E, 0x77, 0x20, 0xEF,
  0x02, 0x77, 0x50, 0xEE, 0x09, 0x77, 0x20, 0xBE, 0x0D, 0x77, 0x60, 0xAE, 0x05, 0x77, 0x20, 0x6E,
  0x09, 0x77, 0x60, 0x6E, 0x01, 0x77, 0x20, 0x1E, 0x05, 0x77, 0x60, 0x2D, 0x0C, 0x77, 0x40, 0xCD,
  0x01, 0x77, 0x70, 0xDC, 0x07, 0x77, 0x40, 0x8C, 0x0D, 0x74,
  // "ŵ" (U+0175), RLE, 551 bytes saved (58.2%)
  0x77, 0x40, 0x3D, 0x07, 0x80, 0xC1, 0x00, 0xCD, 0x0E, 0x02, 0x77, 0x77, 0x70, 0x9F, 0x0C, 0x77,
  0x77, 0x60, 0x6F, 0xA0, 0xA7, 0x77, 0x74, 0x04, 0xC8, 0x1D, 0x3B, 0xC0, 0x87, 0x77, 0x72, 0x02,
  0x0E, 0xB0, 0xC0, 0x12, 0x0A, 0xC0, 0x67, 0x77, 0x70, 0x10, 0xDB, 0x0C, 0x01, 0x40, 0x9C, 0x05,
  0x77, 0x75, 0x01, 0x0D, 0xB0, 0x97, 0x06, 0xC0, 0x47, 0x77, 0x40, 0xAA, 0x0E, 0x05, 0x72, 0x03,
  0x0C, 0xB0, 0x18, 0x0A, 0xF0, 0x00, 0x3C, 0x0D, 0x76, 0x0C, 0xC0, 0xD7, 0x60, 0xCC, 0x81, 0x40,
  0xEC, 0x01, 0x74, 0x01, 0xE0, 0x37, 0x5C, 0x0E, 0x20, 0xBC, 0x05, 0x74, 0x06, 0xE0, 0x77, 0x40,
  0x4C, 0x0B, 0x20, 0x6C, 0x09, 0x74, 0x0B, 0xE0, 0xC7, 0x40, 0x8C, 0x06, 0x20, 0x2C, 0x0D, 0x74,
  0xF9, 0x01, 0x73, 0x0C, 0xC0, 0x23, 0x0D, 0xC0, 0x27, 0x20, 0x5B, 0x0C, 0x0D, 0xB0, 0x67, 0x20,
  0x1C, 0x0D, 0x40, 0x9C, 0x06, 0x72, 0x0A, 0xB0, 0x80, 0x9B, 0x0B, 0x72, 0x05, 0xC0, 0x94, 0x05,
  0xC0, 0xA7, 0x20, 0xEB, 0x05, 0x06, 0xC7, 0x20, 0x9C, 0x04, 0x40, 0x1C, 0x0E, 0x71, 0x04, 0xC0,
  0x02, 0xC0, 0x57, 0x10, 0xDC, 0x60, 0xCC, 0x02, 0x70, 0x9B, 0x0D, 0x20, 0xDB, 0x0A, 0x70, 0x2C,
  0x0B, 0x60, 0x7C, 0x06, 0x70, 0xEB, 0x09, 0x20, 0x9B, 0x0E, 0x70, 0x6C, 0x07, 0x60, 0x3C, 0x0A,
  0x60, 0x3C, 0x05, 0x20, 0x5C, 0x03, 0x60, 0xAC, 0x03, 0x70, 0xEB, 0x0E, 0x60, 0x8C, 0x4C, 0x08,
  0x60, 0xEB, 0x0E, 0x71, 0x0A, 0xC0, 0x35, 0x0D, 0xB0, 0xB4, 0x0B, 0xB0, 0xD5, 0x02, 0xC0, 0xA7,
  0x10, 0x6C, 0x07, 0x40, 0x2C, 0x06, 0x40, 0x6C, 0x02, 0x40, 0x6C, 0x05, 0x71, 0x02, 0xC0, 0xB4,
  0x07, 0xC0, 0x14, 0x02, 0xC0, 0x74, 0x0B, 0xC0, 0x17, 0x20, 0xDB, 0x0E, 0x40, 0xCB, 0x0B, 0x60,
  0xCB, 0x0C, 0x40, 0xEB, 0x0C, 0x73, 0x09, 0xC0, 0x32, 0x01, 0xC0, 0x66, 0x08, 0xC0, 0x12, 0x03,
  0xC0, 0x87, 0x30, 0x4C, 0x07, 0x20, 0x6C, 0x01, 0x60, 0x3C, 0x06, 0x20, 0x7C, 0x04, 0x74, 0xC0,
  0xA2, 0x0A, 0xB0, 0xC7, 0x10, 0xEB, 0x0A, 0x20, 0xBB, 0x0E, 0x75, 0x0B, 0xB0, 0xE2, 0x0E, 0xB0,
  0x77, 0x10, 0x9B, 0x0E, 0x20, 0xEB, 0x0A, 0x75, 0x07, 0xC0, 0x02, 0xC0, 0x27, 0x10, 0x4C, 0x00,
  0x3C, 0x06, 0x75, 0x03, 0xC0, 0x50, 0x6B, 0x0D, 0x73, 0x0E, 0xB0, 0x70, 0x6C, 0x02, 0x76, 0x0E,
  0xB0, 0x80, 0x9B, 0x08, 0x73, 0x0A, 0xB0, 0xA0, 0x9B, 0x0D, 0x77, 0x0A, 0xB0, 0xB0, 0xDB, 0x03,
  0x73, 0x06, 0xB0, 0xD0, 0xCB, 0x09, 0x77, 0x06, 0xF0, 0xD7, 0x40, 0x1F, 0x90, 0x47, 0x70, 0x1F,
  0x08, 0x75, 0x0C, 0xF7, 0x72, 0x0D, 0xE0, 0x37, 0x50, 0x7E, 0x0B, 0x77, 0x20, 0x8D, 0x0E, 0x76,
  0x02, 0xE0, 0x77, 0x72, 0x04, 0xD0, 0x97, 0x70, 0xDD, 0x03, 0x71,
  // "Ŷ" (U+0176), RLE, 547 bytes saved (64.5%)
  0x75, 0x03, 0xD0, 0x77, 0x77, 0x40, 0xCD, 0x0E, 0x02, 0x77, 0x72, 0x09, 0xF0, 0xC7, 0x77, 0x10,
  0x6F, 0xA0, 0xA7, 0x76, 0x04, 0xC8, 0x1D, 0x3B, 0xC0, 0x87, 0x74, 0x02, 0x0E, 0xB0, 0xC0, 0x12,
  0x0A, 0xC0, 0x67, 0x72, 0x01, 0x0D, 0xB0, 0xC0, 0x14, 0x09, 0xC0, 0x57, 0x70, 0x10, 0xDB, 0x09,
  0x70, 0x6C, 0x04, 0x76, 0x0A, 0xA0, 0xE0, 0x57, 0x20, 0x30, 0xCB, 0x01, 0x80, 0x9C, 0x20, 0x0B,
  0xC0, 0xB7, 0x75, 0x01, 0x0E, 0xC0, 0x60, 0x3D, 0x04, 0x77, 0x40, 0x8C, 0x0D, 0x20, 0xAC, 0x0C,
  0x77, 0x30, 0x10, 0xEC, 0x05, 0x20, 0x2D, 0x05, 0x77, 0x20, 0x9C, 0x0D, 0x40, 0xAC, 0x0D, 0x77,
  0x10, 0x2D, 0x05, 0x40, 0x2D, 0x05, 0x77, 0x0A, 0xC0, 0xC6, 0x09, 0xC0, 0xD7, 0x60, 0x2D, 0x04,
  0x60, 0x1D, 0x06, 0x75, 0x0B, 0xC0, 0xB7, 0x10, 0x8C, 0x0E, 0x74, 0x03, 0xD0, 0x37, 0x10, 0x10,
  0xEC, 0x07, 0x73, 0x0B, 0xC0, 0xA7, 0x30, 0x8C, 0x0E, 0x01, 0x71, 0x04, 0xD0, 0x27, 0x30, 0x10,
  0xEC, 0x08, 0x71, 0x0C, 0xC0, 0x97, 0x50, 0x7D, 0x01, 0x60, 0x5D, 0x02, 0x76, 0x0E, 0xC0, 0x96,
  0x0D, 0xC0, 0x97, 0x70, 0x6D, 0x02, 0x40, 0x6C, 0x0E, 0x01, 0x77, 0x10, 0xDC, 0x0A, 0x40, 0xEC,
  0x08, 0x77, 0x20, 0x5D, 0x02, 0x20, 0x7C, 0x0E, 0x01, 0x77, 0x30, 0xDC, 0x82, 0xA0, 0x1E, 0xC0,
  0x77, 0x74, 0x05, 0xD0, 0x30, 0x8C, 0x0E, 0x77, 0x60, 0xCC, 0x0C, 0xD0, 0x67, 0x76, 0x04, 0xFA,
  0x0D, 0x77, 0x71, 0x0B, 0xF9, 0x05, 0x77, 0x71, 0x03, 0xF0, 0xC7, 0x77, 0x30, 0xBE, 0x04, 0x77,
  0x73, 0x03, 0xD0, 0xC7, 0x77, 0x50, 0xBC, 0x06, 0x77, 0x75, 0x0A, 0xC0, 0x57, 0x77, 0x50, 0xAC,
  0x05, 0x77, 0x75, 0x0A, 0xC0, 0x57, 0x77, 0x50, 0xAC, 0x05, 0x77, 0x75, 0x0A, 0xC0, 0x57, 0x77,
  0x50, 0xAC, 0x05, 0x77, 0x75, 0x0A, 0xC0, 0x57, 0x77, 0x50, 0xAC, 0x05, 0x77, 0x75, 0x0A, 0xC0,
  0x57, 0x77, 0x50, 0xAC, 0x05, 0x77, 0x75, 0x0A, 0xC0, 0x57, 0x77, 0x50, 0xAC, 0x05, 0x77, 0x75,
  0x0A, 0xC0, 0x57, 0x77, 0x50, 0xAC, 0x05, 0x77, 0x75, 0x0A, 0xC0, 0x57, 0x60,
  // "ŷ" (U+0177), RLE, 505 bytes saved (61.1%)
  0x74, 0x03, 0xD0, 0x77, 0x77, 0x10, 0xCD, 0x0E, 0x02, 0x77, 0x60, 0x9F, 0x0C, 0x77, 0x50, 0x6F,
  0xA0, 0xA7, 0x73, 0x04, 0xC8, 0x1D, 0x3B, 0xC0, 0x87, 0x71, 0x02, 0x0E, 0xB0, 0xC0, 0x12, 0x0A,
  0xC0, 0x67, 0x60, 0x10, 0xDB, 0x0C, 0x01, 0x40, 0x9C, 0x05, 0x74, 0x01, 0x0D, 0xB0, 0x97, 0x06,
  0xC0, 0x47, 0x30, 0xAA, 0x0E, 0x05, 0x72, 0x03, 0x0C, 0xB0, 0x18, 0x09, 0xE4, 0x00, 0xBC, 0x07,
  0x77, 0x30, 0xEC, 0x00, 0x5C, 0x0D, 0x77, 0x20, 0x4C, 0x0E, 0x20, 0xEC, 0x03, 0x77, 0x10, 0xAC,
  0x09, 0x20, 0x8C, 0x09, 0x77, 0x10, 0xEC, 0x03, 0x20, 0x2C, 0x0E, 0x77, 0x05, 0xC0, 0xD4, 0x0B,
  0xC0, 0x57, 0x60, 0xAC, 0x07, 0x40, 0x5C, 0x0B, 0x75, 0x01, 0xD0, 0x25, 0x0E, 0xC0, 0x17, 0x40,
  0x6C, 0x0B, 0x60, 0x9C, 0x07, 0x74, 0x0B, 0xC0, 0x56, 0x02, 0xC0, 0xD7, 0x30, 0x1C, 0x0E, 0x71,
  0x0C, 0xC0, 0x37, 0x20, 0x7C, 0x09, 0x71, 0x06, 0xC0, 0x97, 0x20, 0xCC, 0x04, 0x72, 0x0E, 0xB0,
  0xE7, 0x10, 0x2C, 0x0D, 0x73, 0x09, 0xC0, 0x57, 0x07, 0xC0, 0x77, 0x30, 0x3C, 0x0B, 0x70, 0xDC,
  0x02, 0x74, 0x0C, 0xC0, 0x15, 0x03, 0xC0, 0xB7, 0x50, 0x6C, 0x07, 0x50, 0x8C, 0x06, 0x76, 0x0E,
  0xB0, 0xD5, 0x0D, 0xB0, 0xE7, 0x70, 0x9C, 0x02, 0x30, 0x3C, 0x09, 0x77, 0x03, 0xC0, 0x83, 0x08,
  0xC0, 0x47, 0x71, 0x0C, 0xB0, 0xD3, 0x0D, 0xB0, 0xD7, 0x72, 0x06, 0xC8, 0x13, 0x03, 0xC0, 0x87,
  0x72, 0x01, 0xC8, 0x18, 0x08, 0xC0, 0x27, 0x73, 0x0A, 0xB8, 0x1C, 0x0C, 0xB0, 0xB7, 0x74, 0x03,
  0xC0, 0x2C, 0x06, 0x77, 0x50, 0xDB, 0x0B, 0xB0, 0xE7, 0x76, 0x07, 0xF0, 0xA7, 0x76, 0x01, 0xF0,
  0x47, 0x77, 0x0A, 0xD0, 0xD7, 0x77, 0x10, 0x4D, 0x08, 0x77, 0x72, 0x0E, 0xC0, 0x27, 0x77, 0x10,
  0x3C, 0x0C, 0x77, 0x72, 0x09, 0xC0, 0x67, 0x77, 0x20, 0xEC, 0x01, 0x77, 0x71, 0x06, 0xC0, 0xA7,
  0x77, 0x20, 0xDC, 0x03, 0x77, 0x71, 0x06, 0xC0, 0xC7, 0x77, 0x10, 0x20, 0xEC, 0x05, 0x77, 0x70,
  0x20, 0xDC, 0x0C, 0x77, 0x18, 0x52, 0x53, 0x22, 0x49, 0xE0, 0x27, 0x71, 0x06, 0xFC, 0x05, 0x77,
  0x20, 0x6F, 0xB0, 0x77, 0x73, 0x06, 0xF9, 0x0D, 0x05, 0x77, 0x48, 0x73, 0xBD, 0xEF, 0xED, 0xA5,
  0x77, 0x60,
  // "Ÿ" (U+0178), RLE, 551 bytes saved (66.2%)
  0x72, 0x82, 0x8E, 0xE7, 0x68, 0x32, 0xCE, 0xB2, 0x77, 0x20, 0x5C, 0x04, 0x50, 0xCB, 0x0B, 0x77,
  0x20, 0x9C, 0x08, 0x5D, 0x77, 0x20, 0x9C, 0x08, 0x5D, 0x77, 0x20, 0x4C, 0x04, 0x50, 0xCB, 0x0B,
  0x77, 0x38, 0x27, 0xED, 0x76, 0x83, 0x2B, 0xEB, 0x18, 0x0A, 0xC4, 0x00, 0xBC, 0x0B, 0x77, 0x50,
  0x10, 0xEC, 0x06, 0x03, 0xD0, 0x47, 0x74, 0x08, 0xC0, 0xD2, 0x0A, 0xC0, 0xC7, 0x73, 0x01, 0x0E,
  0xC0, 0x52, 0x02, 0xD0, 0x57, 0x72, 0x09, 0xC0, 0xD4, 0x0A, 0xC0, 0xD7, 0x71, 0x02, 0xD0, 0x54,
  0x02, 0xD0, 0x57, 0x70, 0xAC, 0x0C, 0x60, 0x9C, 0x0D, 0x76, 0x02, 0xD0, 0x46, 0x01, 0xD0, 0x67,
  0x50, 0xBC, 0x0B, 0x71, 0x08, 0xC0, 0xE7, 0x40, 0x3D, 0x03, 0x71, 0x01, 0x0E, 0xC0, 0x77, 0x30,
  0xBC, 0x0A, 0x73, 0x08, 0xC0, 0xE0, 0x17, 0x10, 0x4D, 0x02, 0x73, 0x01, 0x0E, 0xC0, 0x87, 0x10,
  0xCC, 0x09, 0x75, 0x07, 0xD0, 0x16, 0x05, 0xD0, 0x27, 0x60, 0xEC, 0x09, 0x60, 0xDC, 0x09, 0x77,
  0x06, 0xD0, 0x24, 0x06, 0xC0, 0xE0, 0x17, 0x71, 0x0D, 0xC0, 0xA4, 0x0E, 0xC0, 0x87, 0x72, 0x05,
  0xD0, 0x22, 0x07, 0xC0, 0xE0, 0x17, 0x73, 0x0D, 0xC8, 0x2A, 0x01, 0xEC, 0x07, 0x77, 0x40, 0x5D,
  0x03, 0x08, 0xC0, 0xE7, 0x76, 0x0C, 0xC0, 0xCD, 0x06, 0x77, 0x60, 0x4F, 0xA0, 0xD7, 0x77, 0x10,
  0xBF, 0x90, 0x57, 0x77, 0x10, 0x3F, 0x0C, 0x77, 0x73, 0x0B, 0xE0, 0x47, 0x77, 0x30, 0x3D, 0x0C,
  0x77, 0x75, 0x0B, 0xC0, 0x67, 0x77, 0x50, 0xAC, 0x05, 0x77, 0x75, 0x0A, 0xC0, 0x57, 0x77, 0x50,
  0xAC, 0x05, 0x77, 0x75, 0x0A, 0xC0, 0x57, 0x77, 0x50, 0xAC, 0x05, 0x77, 0x75, 0x0A, 0xC0, 0x57,
  0x77, 0x50, 0xAC, 0x05, 0x77, 0x75, 0x0A, 0xC0, 0x57, 0x77, 0x50, 0xAC, 0x05, 0x77, 0x75, 0x0A,
  0xC0, 0x57, 0x77, 0x50, 0xAC, 0x05, 0x77, 0x75, 0x0A, 0xC0, 0x57, 0x77, 0x50, 0xAC, 0x05, 0x77,
  0x75, 0x0A, 0xC0, 0x57, 0x77, 0x50, 0xAC, 0x05, 0x76,
  // "Ź" (U+0179), RLE, 518 bytes saved (69.8%)
  0x77, 0x20, 0xBD, 0x06, 0x77, 0x60, 0x4D, 0x0C, 0x77, 0x70, 0xCC, 0x0D, 0x01, 0x77, 0x60, 0x7C,
  0x0E, 0x03, 0x77, 0x60, 0x2C, 0x0E, 0x03, 0x77, 0x70, 0xBC, 0x04, 0x77, 0x70, 0x6C, 0x05, 0x77,
  0x70, 0x20, 0xEA, 0x0E, 0x04, 0x77, 0x71, 0x0B, 0xA0, 0xD0, 0x38, 0x09, 0xB4, 0x00, 0x3F, 0xFF,
  0xD0, 0x40, 0x3F, 0xFF, 0xD0, 0x40, 0x3F, 0xFF, 0xD0, 0x40, 0x3F, 0xFF, 0xD0, 0x31, 0x80, 0x97,
  0x20, 0x3D, 0x0A, 0x77, 0x70, 0xAC, 0x0E, 0x01, 0x77, 0x60, 0x4D, 0x06, 0x77, 0x70, 0xDC, 0x0B,
  0x77, 0x70, 0x8D, 0x02, 0x77, 0x60, 0x3D, 0x07, 0x77, 0x70, 0xCC, 0x0D, 0x77, 0x70, 0x7D, 0x03,
  0x77, 0x60, 0x20, 0xEC, 0x09, 0x77, 0x70, 0xBC, 0x0E, 0x01, 0x77, 0x60, 0x5D, 0x05, 0x77, 0x60,
  0x10, 0xEC, 0x0B, 0x77, 0x70, 0x9C, 0x0E, 0x02, 0x77, 0x60, 0x3D, 0x07, 0x77, 0x70, 0xDC, 0x0C,
  0x77, 0x70, 0x7D, 0x03, 0x77, 0x60, 0x2D, 0x08, 0x77, 0x70, 0xBC, 0x0D, 0x77, 0x70, 0x6D, 0x04,
  0x77, 0x60, 0x10, 0xEC, 0x0A, 0x77, 0x70, 0xAC, 0x0E, 0x01, 0x77, 0x60, 0x4D, 0x06, 0x77, 0x70,
  0xDC, 0x0B, 0x77, 0x70, 0x8D, 0x02, 0x77, 0x60, 0x3D, 0x07, 0x77, 0x70, 0xCC, 0x0D, 0x77, 0x70,
  0x7D, 0x03, 0x77, 0x60, 0x20, 0xEC, 0x09, 0x77, 0x70, 0xBC, 0x0E, 0x01, 0x77, 0x60, 0x5D, 0x05,
  0x77, 0x60, 0x10, 0xEC, 0x0B, 0x77, 0x70, 0x9C, 0x0E, 0x02, 0x77, 0x60, 0x3D, 0x08, 0x80, 0xA0,
  0x20, 0x10, 0xCF, 0xFF, 0xD0, 0x0D, 0xFF, 0xFD, 0x00, 0xDF, 0xFF, 0xD0, 0x0D, 0xFF, 0xFD, 0x0D,
  // "ź" (U+017A), RLE, 318 bytes saved (64.2%)
  0x76, 0x0B, 0xD0, 0x67, 0x71, 0x04, 0xD0, 0xC7, 0x72, 0x0C, 0xC0, 0xD0, 0x17, 0x71, 0x07, 0xC0,
  0xE0, 0x37, 0x71, 0x02, 0xC0, 0xE0, 0x37, 0x72, 0x0B, 0xC0, 0x47, 0x72, 0x06, 0xC0, 0x57, 0x72,
  0x02, 0x0E, 0xA0, 0xE0, 0x47, 0x73, 0x0B, 0xA0, 0xD0, 0x38, 0x09, 0xC3, 0x00, 0xDF, 0xFD, 0x0B,
  0x20, 0xDF, 0xFD, 0x0B, 0x20, 0xDF, 0xFD, 0x0B, 0x20, 0xDF, 0xFD, 0x0B, 0x20, 0x18, 0x09, 0x12,
  0x03, 0x0E, 0xC0, 0x67, 0x72, 0x0A, 0xC0, 0xA7, 0x72, 0x06, 0xC0, 0xD0, 0x17, 0x71, 0x02, 0x0E,
  0xC0, 0x37, 0x72, 0x0C, 0xC0, 0x77, 0x72, 0x08, 0xC0, 0xB7, 0x72, 0x04, 0xC0, 0xE0, 0x17, 0x71,
  0x01, 0x0E, 0xC0, 0x47, 0x72, 0x0B, 0xC0, 0x87, 0x72, 0x06, 0xC0, 0xC7, 0x72, 0x02, 0xC0, 0xE0,
  0x27, 0x72, 0x0D, 0xC0, 0x67, 0x72, 0x09, 0xC0, 0xA7, 0x72, 0x04, 0xC0, 0xD7, 0x72, 0x01, 0x0E,
  0xC0, 0x37, 0x72, 0x0B, 0xC0, 0x77, 0x72, 0x07, 0xC0, 0xB7, 0x72, 0x03, 0xC0, 0xE0, 0x17, 0x72,
  0x0D, 0xC0, 0x47, 0x72, 0x09, 0xC0, 0x87, 0x72, 0x05, 0xC0, 0xC7, 0x72, 0x02, 0x0E, 0xC0, 0x48,
  0x09, 0x32, 0x10, 0xBF, 0xFF, 0x02, 0x0C, 0xFF, 0xF0, 0x20, 0xCF, 0xFF, 0x02, 0x0C, 0xFF, 0xF0,
  0x20,
  // "Ż" (U+017B), RLE, 504 bytes saved (70.6%)
  0x75, 0x83, 0x7D, 0xE9, 0x17, 0x77, 0x10, 0x6C, 0x0A, 0x77, 0x71, 0x0A, 0xC0, 0xE7, 0x77, 0x10,
  0xAC, 0x0E, 0x77, 0x71, 0x06, 0xC0, 0x97, 0x77, 0x28, 0x37, 0xDE, 0x91, 0x80, 0x9E, 0x70, 0x03,
  0xFF, 0xFD, 0x04, 0x03, 0xFF, 0xFD, 0x04, 0x03, 0xFF, 0xFD, 0x04, 0x03, 0xFF, 0xFD, 0x03, 0x18,
  0x09, 0x72, 0x03, 0xD0, 0xA7, 0x77, 0x0A, 0xC0, 0xE0, 0x17, 0x76, 0x04, 0xD0, 0x67, 0x77, 0x0D,
  0xC0, 0xB7, 0x77, 0x08, 0xD0, 0x27, 0x76, 0x03, 0xD0, 0x77, 0x77, 0x0C, 0xC0, 0xD7, 0x77, 0x07,
  0xD0, 0x37, 0x76, 0x02, 0x0E, 0xC0, 0x97, 0x77, 0x0B, 0xC0, 0xE0, 0x17, 0x76, 0x05, 0xD0, 0x57,
  0x76, 0x01, 0x0E, 0xC0, 0xB7, 0x77, 0x09, 0xC0, 0xE0, 0x27, 0x76, 0x03, 0xD0, 0x77, 0x77, 0x0D,
  0xC0, 0xC7, 0x77, 0x07, 0xD0, 0x37, 0x76, 0x02, 0xD0, 0x87, 0x77, 0x0B, 0xC0, 0xD7, 0x77, 0x06,
  0xD0, 0x47, 0x76, 0x01, 0x0E, 0xC0, 0xA7, 0x77, 0x0A, 0xC0, 0xE0, 0x17, 0x76, 0x04, 0xD0, 0x67,
  0x77, 0x0D, 0xC0, 0xB7, 0x77, 0x08, 0xD0, 0x27, 0x76, 0x03, 0xD0, 0x77, 0x77, 0x0C, 0xC0, 0xD7,
  0x77, 0x07, 0xD0, 0x37, 0x76, 0x02, 0x0E, 0xC0, 0x97, 0x77, 0x0B, 0xC0, 0xE0, 0x17, 0x76, 0x05,
  0xD0, 0x57, 0x76, 0x01, 0x0E, 0xC0, 0xB7, 0x77, 0x09, 0xC0, 0xE0, 0x27, 0x76, 0x03, 0xD0, 0x88,
  0x0A, 0x02, 0x01, 0x0C, 0xFF, 0xFD, 0x00, 0xDF, 0xFF, 0xD0, 0x0D, 0xFF, 0xFD, 0x00, 0xDF, 0xFF,
  0xD0, 0xD0,
  // "ż" (U+017C), RLE, 311 bytes saved (65.9%)
  0x72, 0x83, 0x7D, 0xE9, 0x17, 0x73, 0x06, 0xC0, 0xA7, 0x73, 0x0A, 0xC0, 0xE7, 0x73, 0x0A, 0xC0,
  0xE7, 0x73, 0x06, 0xC0, 0x97, 0x74, 0x83, 0x7D, 0xE9, 0x18, 0x09, 0xF1, 0x00, 0xDF, 0xFD, 0x0B,
  0x20, 0xDF, 0xFD, 0x0B, 0x20, 0xDF, 0xFD, 0x0B, 0x20, 0xDF, 0xFD, 0x0B, 0x20, 0x18, 0x09, 0x12,
  0x03, 0x0E, 0xC0, 0x67, 0x72, 0x0A, 0xC0, 0xA7, 0x72, 0x06, 0xC0, 0xD0, 0x17, 0x71, 0x02, 0x0E,
  0xC0, 0x37, 0x72, 0x0C, 0xC0, 0x77, 0x72, 0x08, 0xC0, 0xB7, 0x72, 0x04, 0xC0, 0xE0, 0x17, 0x71,
  0x01, 0x0E, 0xC0, 0x47, 0x72, 0x0B, 0xC0, 0x87, 0x72, 0x06, 0xC0, 0xC7, 0x72, 0x02, 0xC0, 0xE0,
  0x27, 0x72, 0x0D, 0xC0, 0x67, 0x72, 0x09, 0xC0, 0xA7, 0x72, 0x04, 0xC0, 0xD7, 0x72, 0x01, 0x0E,
  0xC0, 0x37, 0x72, 0x0B, 0xC0, 0x77, 0x72, 0x07, 0xC0, 0xB7, 0x72, 0x03, 0xC0, 0xE0, 0x17, 0x72,
  0x0D, 0xC0, 0x47, 0x72, 0x09, 0xC0, 0x87, 0x72, 0x05, 0xC0, 0xC7, 0x72, 0x02, 0x0E, 0xC0, 0x48,
  0x09, 0x32, 0x10, 0xBF, 0xFF, 0x02, 0x0C, 0xFF, 0xF0, 0x20, 0xCF, 0xFF, 0x02, 0x0C, 0xFF, 0xF0,
  0x20,
  // "Ž" (U+017D), RLE, 504 bytes saved (67.9%)
  0x50, 0xBA, 0x0E, 0x05, 0x72, 0x02, 0x0C, 0xB0, 0x27, 0x10, 0x20, 0xEB, 0x09, 0x70, 0x5C, 0x07,
  0x73, 0x03, 0x0E, 0xB0, 0xB5, 0x08, 0xC0, 0x77, 0x50, 0x3C, 0x0C, 0x01, 0x20, 0x9C, 0x08, 0x77,
  0x05, 0xC8, 0x1C, 0x1A, 0xC0, 0xA7, 0x72, 0x07, 0xC0, 0xEC, 0x0B, 0x77, 0x40, 0x9F, 0x0D, 0x77,
  0x60, 0xCD, 0x0E, 0x02, 0x77, 0x60, 0x3D, 0x07, 0x80, 0x9B, 0x20, 0x03, 0xFF, 0xFD, 0x04, 0x03,
  0xFF, 0xFD, 0x04, 0x03, 0xFF, 0xFD, 0x04, 0x03, 0xFF, 0xFD, 0x03, 0x18, 0x09, 0x72, 0x03, 0xD0,
  0xA7, 0x77, 0x0A, 0xC0, 0xE0, 0x17, 0x76, 0x04, 0xD0, 0x67, 0x77, 0x0D, 0xC0, 0xB7, 0x77, 0x08,
  0xD0, 0x27, 0x76, 0x03, 0xD0, 0x77, 0x77, 0x0C, 0xC0, 0xD7, 0x77, 0x07, 0xD0, 0x37, 0x76, 0x02,
  0x0E, 0xC0, 0x97, 0x77, 0x0B, 0xC0, 0xE0, 0x17, 0x76, 0x05, 0xD0, 0x57, 0x76, 0x01, 0x0E, 0xC0,
  0xB7, 0x77, 0x09, 0xC0, 0xE0, 0x27, 0x76, 0x03, 0xD0, 0x77, 0x77, 0x0D, 0xC0, 0xC7, 0x77, 0x07,
  0xD0, 0x37, 0x76, 0x02, 0xD0, 0x87, 0x77, 0x0B, 0xC0, 0xD7, 0x77, 0x06, 0xD0, 0x47, 0x76, 0x01,
  0x0E, 0xC0, 0xA7, 0x77, 0x0A, 0xC0, 0xE0, 0x17, 0x76, 0x04, 0xD0, 0x67, 0x77, 0x0D, 0xC0, 0xB7,
  0x77, 0x08, 0xD0, 0x27, 0x76, 0x03, 0xD0, 0x77, 0x77, 0x0C, 0xC0, 0xD7, 0x77, 0x07, 0xD0, 0x37,
  0x76, 0x02, 0x0E, 0xC0, 0x97, 0x77, 0x0B, 0xC0, 0xE0, 0x17, 0x76, 0x05, 0xD0, 0x57, 0x76, 0x01,
  0x0E, 0xC0, 0xB7, 0x77, 0x09, 0xC0, 0xE0, 0x27, 0x76, 0x03, 0xD0, 0x88, 0x0A, 0x02, 0x01, 0x0C,
  0xFF, 0xFD, 0x00, 0xDF, 0xFF, 0xD0, 0x0D, 0xFF, 0xFD, 0x00, 0xDF, 0xFF, 0xD0, 0xD0,
  // "ž" (U+017E), RLE, 306 bytes saved (61.8%)
  0x10, 0xBA, 0x0E, 0x05, 0x72, 0x02, 0x0C, 0xB0, 0x23, 0x02, 0x0E, 0xB0, 0x97, 0x05, 0xC0, 0x75,
  0x03, 0x0E, 0xB0, 0xB5, 0x08, 0xC0, 0x77, 0x03, 0xC0, 0xC0, 0x12, 0x09, 0xC0, 0x87, 0x20, 0x5C,
  0x81, 0xC1, 0xAC, 0x0A, 0x74, 0x07, 0xC0, 0xEC, 0x0B, 0x76, 0x09, 0xF0, 0xD7, 0x71, 0x0C, 0xD0,
  0xE0, 0x27, 0x71, 0x03, 0xD0, 0x78, 0x09, 0xC2, 0x00, 0xDF, 0xFD, 0x0B, 0x20, 0xDF, 0xFD, 0x0B,
  0x20, 0xDF, 0xFD, 0x0B, 0x20, 0xDF, 0xFD, 0x0B, 0x20, 0x18, 0x09, 0x12, 0x03, 0x0E, 0xC0, 0x67,
  0x72, 0x0A, 0xC0, 0xA7, 0x72, 0x06, 0xC0, 0xD0, 0x17, 0x71, 0x02, 0x0E, 0xC0, 0x37, 0x72, 0x0C,
  0xC0, 0x77, 0x72, 0x08, 0xC0, 0xB7, 0x72, 0x04, 0xC0, 0xE0, 0x17, 0x71, 0x01, 0x0E, 0xC0, 0x47,
  0x72, 0x0B, 0xC0, 0x87, 0x72, 0x06, 0xC0, 0xC7, 0x72, 0x02, 0xC0, 0xE0, 0x27, 0x72, 0x0D, 0xC0,
  0x67, 0x72, 0x09, 0xC0, 0xA7, 0x72, 0x04, 0xC0, 0xD7, 0x72, 0x01, 0x0E, 0xC0, 0x37, 0x72, 0x0B,
  0xC0, 0x77, 0x72, 0x07, 0xC0, 0xB7, 0x72, 0x03, 0xC0, 0xE0, 0x17, 0x72, 0x0D, 0xC0, 0x47, 0x72,
  0x09, 0xC0, 0x87, 0x72, 0x05, 0xC0, 0xC7, 0x72, 0x02, 0x0E, 0xC0, 0x48, 0x09, 0x32, 0x10, 0xBF,
  0xFF, 0x02, 0x0C, 0xFF, 0xF0, 0x20, 0xCF, 0xFF, 0x02, 0x0C, 0xFF, 0xF0, 0x20,
  // "ſ" (U+017F), RLE, 213 bytes saved (57.0%)
  0x73, 0x00, 0x17, 0x38, 0x21, 0x7B, 0xEC, 0x81, 0xD9, 0x55, 0x07, 0x0E, 0xFB, 0x01, 0x30, 0xAF,
  0xC0, 0xC3, 0x08, 0xFD, 0x07, 0x20, 0x1D, 0x87, 0xE6, 0x10, 0x14, 0x9E, 0x22, 0x08, 0xC0, 0xE0,
  0x17, 0x30, 0xCC, 0x05, 0x74, 0xD7, 0x40, 0x1C, 0x0C, 0x74, 0x02, 0xC0, 0xB7, 0x40, 0x3C, 0x0A,
  0x74, 0x03, 0xC0, 0xA7, 0x40, 0x3C, 0x0A, 0x74, 0x03, 0xC0, 0xA7, 0x40, 0x3C, 0x0A, 0x74, 0x03,
  0xC0, 0xA7, 0x40, 0x3C, 0x0A, 0x74, 0x03, 0xC0, 0xA7, 0x40, 0x3C, 0x0A, 0x74, 0x03, 0xC0, 0xA7,
  0x40, 0x3C, 0x0A, 0x74, 0x03, 0xC0, 0xA7, 0x40, 0x3C, 0x0A, 0x74, 0x03, 0xC0, 0xA7, 0x40, 0x3C,
  0x0A, 0x74, 0x03, 0xC0, 0xA7, 0x40, 0x3C, 0x0A, 0x74, 0x03, 0xC0, 0xA7, 0x40, 0x3C, 0x0A, 0x74,
  0x03, 0xC0, 0xA7, 0x40, 0x3C, 0x0A, 0x74, 0x03, 0xC0, 0xA7, 0x40, 0x3C, 0x0A, 0x74, 0x03, 0xC0,
  0xA7, 0x40, 0x3C, 0x0A, 0x74, 0x03, 0xC0, 0xA7, 0x40, 0x3C, 0x0A, 0x74, 0x03, 0xC0, 0xA7, 0x40,
  0x3C, 0x0A, 0x74, 0x03, 0xC0, 0xA7, 0x40, 0x3C, 0x0A, 0x74, 0x03, 0xC0, 0xA7, 0x40, 0x3C, 0x0A,
  0x74,
  // "Ω" (U+03A9), RLE, 513 bytes saved (61.1%)
  0x77, 0x18, 0x90, 0x14, 0x56, 0x77, 0x65, 0x31, 0x77, 0x76, 0x81, 0x5A, 0xEF, 0xB8, 0x1D, 0x95,
  0x77, 0x78, 0x11, 0x7E, 0xFF, 0xA0, 0xD0, 0x77, 0x74, 0x05, 0x0E, 0xFF, 0xE0, 0xD0, 0x47, 0x71,
  0x09, 0xF9, 0x86, 0xEC, 0xBA, 0xAB, 0xDE, 0xF9, 0x07, 0x76, 0x0A, 0xE8, 0x1D, 0x73, 0x71, 0x81,
  0x37, 0xEE, 0x09, 0x74, 0x09, 0xD0, 0xE0, 0x67, 0x70, 0x70, 0xED, 0x07, 0x72, 0x05, 0xD0, 0xD0,
  0x27, 0x72, 0x03, 0x0E, 0xD0, 0x37, 0x01, 0x0E, 0xC0, 0xD0, 0x17, 0x74, 0x02, 0x0E, 0xC0, 0xC7,
  0x07, 0xD0, 0x47, 0x76, 0x06, 0xD0, 0x56, 0x0E, 0xC0, 0xA7, 0x77, 0x10, 0xBC, 0x0C, 0x50, 0x5D,
  0x03, 0x77, 0x71, 0x05, 0xD0, 0x24, 0x09, 0xC0, 0xC7, 0x77, 0x30, 0xEC, 0x07, 0x40, 0xDC, 0x08,
  0x77, 0x73, 0x09, 0xC0, 0xB4, 0xD0, 0x57, 0x77, 0x30, 0x6C, 0x0E, 0x30, 0x3D, 0x01, 0x77, 0x73,
  0x03, 0xD0, 0x12, 0x04, 0xD7, 0x77, 0x40, 0x2D, 0x02, 0x20, 0x5D, 0x77, 0x74, 0x01, 0xD0, 0x32,
  0x06, 0xC0, 0xE7, 0x77, 0x5D, 0x03, 0x20, 0x5C, 0x0E, 0x77, 0x75, 0xD0, 0x32, 0x05, 0xD7, 0x77,
  0x40, 0x1D, 0x02, 0x20, 0x4D, 0x77, 0x74, 0x02, 0xD0, 0x12, 0x02, 0xD0, 0x37, 0x77, 0x30, 0x4D,
  0x4D, 0x05, 0x77, 0x73, 0x07, 0xC0, 0xC4, 0x0C, 0xC0, 0x87, 0x77, 0x30, 0xAC, 0x09, 0x40, 0x8C,
  0x0C, 0x77, 0x73, 0x0E, 0xC0, 0x54, 0x03, 0xD0, 0x17, 0x77, 0x10, 0x2D, 0x01, 0x50, 0xDC, 0x06,
  0x77, 0x71, 0x08, 0xC0, 0xB6, 0x07, 0xC0, 0xC7, 0x77, 0x10, 0xEC, 0x04, 0x70, 0xEC, 0x04, 0x77,
  0x60, 0x6C, 0x0D, 0x71, 0x06, 0xC0, 0xC7, 0x76, 0x0E, 0xC0, 0x47, 0x20, 0xCC, 0x06, 0x77, 0x40,
  0x8C, 0x0A, 0x73, 0x02, 0xD0, 0x37, 0x72, 0x04, 0xC0, 0xE0, 0x17, 0x40, 0x6C, 0x0D, 0x01, 0x77,
  0x02, 0x0E, 0xC0, 0x47, 0x60, 0x8C, 0x0D, 0x01, 0x75, 0x02, 0x0E, 0xC0, 0x67, 0x71, 0x09, 0xC0,
  0xD0, 0x17, 0x30, 0x30, 0xEC, 0x07, 0x77, 0x30, 0x7C, 0x0E, 0x03, 0x71, 0x05, 0x0E, 0xC0, 0x67,
  0x20, 0xDF, 0xF9, 0x02, 0x60, 0x4F, 0xF9, 0x0B, 0x0D, 0xFF, 0x90, 0x36, 0x06, 0xFF, 0x90, 0xB0,
  0xDF, 0xF9, 0x03, 0x60, 0x6F, 0xF9, 0x0B, 0x0D, 0xFF, 0x90, 0x36, 0x06, 0xFF, 0x90, 0xB0, 0x18,
  0x09, 0x32, 0x71, 0x80, 0x93, 0x20, 0x10,
  // "μ" (U+03BC), RLE, 331 bytes saved (55.7%)
  0x03, 0xC0, 0xA7, 0x71, 0x0C, 0xC0, 0x10, 0x3C, 0x0A, 0x77, 0x10, 0xCC, 0x01, 0x03, 0xC0, 0xA7,
  0x71, 0x0C, 0xC0, 0x10, 0x3C, 0x0A, 0x77, 0x10, 0xCC, 0x01, 0x03, 0xC0, 0xA7, 0x71, 0x0C, 0xC0,
  0x10, 0x3C, 0x0A, 0x77, 0x10, 0xCC, 0x01, 0x03, 0xC0, 0xA7, 0x71, 0x0C, 0xC0, 0x10, 0x3C, 0x0A,
  0x77, 0x10, 0xCC, 0x01, 0x03, 0xC0, 0xA7, 0x71, 0x0C, 0xC0, 0x10, 0x3C, 0x0A, 0x77, 0x10, 0xCC,
  0x01, 0x03, 0xC0, 0xA7, 0x71, 0x0C, 0xC0, 0x10, 0x3C, 0x0A, 0x77, 0x10, 0xCC, 0x01, 0x03, 0xC0,
  0xA7, 0x71, 0x0C, 0xC0, 0x10, 0x3C, 0x0A, 0x77, 0x10, 0xCC, 0x01, 0x03, 0xC0, 0xA7, 0x71, 0x0C,
  0xC0, 0x10, 0x3C, 0x0A, 0x77, 0x10, 0xCC, 0x01, 0x03, 0xC0, 0xA7, 0x71, 0x0D, 0xC0, 0x10, 0x3C,
  0x0A, 0x77, 0x10, 0xDC, 0x01, 0x03, 0xC0, 0xA7, 0x71, 0xD0, 0x10, 0x3C, 0x0A, 0x77, 0x02, 0xD0,
  0x10, 0x3C, 0x0B, 0x77, 0x05, 0xD0, 0x10, 0x3C, 0x0E, 0x77, 0x0A, 0xD0, 0x10, 0x3D, 0x02, 0x75,
  0x02, 0xE0, 0x10, 0x3D, 0x09, 0x75, 0x0A, 0xE0, 0x10, 0x3E, 0x05, 0x73, 0x08, 0xF0, 0x10, 0x3F,
  0x08, 0x01, 0x60, 0x50, 0xCB, 0x0E, 0xC0, 0x10, 0x3F, 0xA8, 0x3C, 0xAA, 0xBC, 0xD0, 0xA0, 0x7C,
  0x01, 0x03, 0xFF, 0xC8, 0x1B, 0x04, 0xC0, 0x10, 0x3C, 0x07, 0x0A, 0xFC, 0x09, 0x20, 0x2C, 0x01,
  0x03, 0xC8, 0x28, 0x05, 0xDF, 0x0B, 0x04, 0x40, 0xEB, 0x01, 0x03, 0xC0, 0x83, 0x85, 0x25, 0x77,
  0x64, 0x17, 0x40, 0x3C, 0x09, 0x77, 0x70, 0x3C, 0x0A, 0x77, 0x70, 0x3C, 0x0A, 0x77, 0x70, 0x3C,
  0x0A, 0x77, 0x70, 0x3C, 0x0A, 0x77, 0x70, 0x3C, 0x0A, 0x77, 0x70, 0x3C, 0x0A, 0x77, 0x70, 0x3C,
  0x0A, 0x77, 0x70, 0x3C, 0x0A, 0x77, 0x70, 0x3C, 0x0A, 0x77, 0x70, 0x3C, 0x0A, 0x77, 0x70, 0x3C,
  0x0A, 0x77, 0x70, 0x3C, 0x0A, 0x77, 0x70,
  // "π" (U+03C0), RLE, 336 bytes saved (60.2%)
  0x30, 0x60, 0xDF, 0xFF, 0xFA, 0x82, 0x10, 0x6D, 0xFF, 0xFF, 0xC0, 0x10, 0x5F, 0xFF, 0xFE, 0x01,
  0x05, 0xFF, 0xFF, 0xE0, 0x11, 0x80, 0x12, 0x05, 0xC0, 0xA8, 0x09, 0x02, 0x0A, 0xC0, 0x58, 0x01,
  0x27, 0x03, 0xC0, 0x97, 0x50, 0x9C, 0x03, 0x75, 0x03, 0xC0, 0x97, 0x50, 0x9C, 0x03, 0x75, 0x03,
  0xC0, 0x97, 0x50, 0x9C, 0x03, 0x75, 0x03, 0xC0, 0x97, 0x50, 0x9C, 0x03, 0x75, 0x03, 0xC0, 0x97,
  0x50, 0x9C, 0x03, 0x75, 0x03, 0xC0, 0x97, 0x50, 0x9C, 0x03, 0x75, 0x03, 0xC0, 0x97, 0x50, 0x9C,
  0x03, 0x75, 0x03, 0xC0, 0x97, 0x50, 0x9C, 0x03, 0x75, 0x03, 0xC0, 0x97, 0x50, 0x9C, 0x03, 0x75,
  0x03, 0xC0, 0x97, 0x50, 0x9C, 0x03, 0x75, 0x03, 0xC0, 0x97, 0x50, 0x9C, 0x03, 0x75, 0x03, 0xC0,
  0x97, 0x50, 0x9C, 0x03, 0x75, 0x03, 0xC0, 0x97, 0x50, 0x9C, 0x03, 0x75, 0x03, 0xC0, 0x97, 0x50,
  0x9C, 0x03, 0x75, 0x03, 0xC0, 0x97, 0x50, 0x9C, 0x03, 0x75, 0x03, 0xC0, 0x97, 0x50, 0x9C, 0x03,
  0x75, 0x03, 0xC0, 0x97, 0x50, 0x9C, 0x03, 0x75, 0x03, 0xC0, 0x97, 0x50, 0x9C, 0x03, 0x75, 0x03,
  0xC0, 0x97, 0x50, 0x9C, 0x03, 0x75, 0x03, 0xC0, 0x97, 0x50, 0x9C, 0x05, 0x75, 0x03, 0xC0, 0x97,
  0x50, 0x8C, 0x09, 0x75, 0x03, 0xC0, 0x97, 0x50, 0x5D, 0x83, 0x83, 0x36, 0x27, 0x03, 0xC0, 0x97,
  0x50, 0x10, 0xEF, 0x90, 0x47, 0x03, 0xC0, 0x97, 0x60, 0x8F, 0x90, 0x47, 0x03, 0xC0, 0x97, 0x70,
  0xAF, 0x04, 0x78, 0x41, 0x77, 0x77, 0x47, 0x71, 0x86, 0x5B, 0xEF, 0xEC, 0x81, 0x10,
  // "–" (U+2013), RLE, 41 bytes saved (68.3%)
  0x01, 0x80, 0xA2, 0x20, 0x10, 0xBF, 0xFF, 0x90, 0x0B, 0xFF, 0xF9, 0x00, 0xBF, 0xFF, 0x90, 0x0B,
  0xFF, 0xF9, 0x0B,
  // "—" (U+2014), RLE, 109 bytes saved (83.8%)
  0x01, 0x80, 0xD6, 0x20, 0x10, 0xB8, 0x0D, 0x6F, 0x00, 0xB8, 0x0D, 0x6F, 0x00, 0xB8, 0x0D, 0x6F,
  0x00, 0xB8, 0x0D, 0x6F, 0x0B,
  // "€" (U+20AC), RLE, 426 bytes saved (63.9%)
  0x77, 0x28, 0x71, 0x46, 0x77, 0x65, 0x41, 0x77, 0x58, 0x11, 0x8D, 0xFA, 0x81, 0xD9, 0x47, 0x71,
  0x08, 0xFF, 0x90, 0xD0, 0x67, 0x40, 0x20, 0xDF, 0xFB, 0x0E, 0x01, 0x72, 0x03, 0x0E, 0xF8, 0x3C,
  0xBA, 0xBD, 0xE0, 0x87, 0x20, 0x10, 0xDD, 0x0C, 0x05, 0x68, 0x12, 0x6C, 0xA0, 0xE0, 0x17, 0x20,
  0xBD, 0x07, 0x74, 0x81, 0x3B, 0x87, 0x20, 0x6D, 0x05, 0x77, 0x73, 0x0E, 0xC0, 0x87, 0x77, 0x30,
  0x7C, 0x0D, 0x77, 0x74, 0x0D, 0xC0, 0x57, 0x77, 0x30, 0x3C, 0x0E, 0x77, 0x74, 0x08, 0xC0, 0x97,
  0x77, 0x40, 0xCC, 0x03, 0x77, 0x74, 0xD7, 0x77, 0x83, 0x12, 0x22, 0x4C, 0x0C, 0x80, 0x91, 0x27,
  0x10, 0xBF, 0xFF, 0x90, 0x57, 0x0B, 0xFF, 0xF9, 0x05, 0x70, 0xBF, 0xFF, 0x90, 0x57, 0x0B, 0xFF,
  0xF9, 0x05, 0x74, 0x0B, 0xC0, 0x47, 0x77, 0x40, 0xBC, 0x03, 0x77, 0x74, 0x0B, 0xC0, 0x37, 0x77,
  0x40, 0xBC, 0x04, 0x77, 0x70, 0xBF, 0xFE, 0x0A, 0x72, 0x0B, 0xFF, 0xE0, 0xA7, 0x20, 0xBF, 0xFE,
  0x0A, 0x72, 0x0B, 0xFF, 0xE0, 0xA7, 0x28, 0x31, 0x22, 0x23, 0xC0, 0xD8, 0x07, 0x20, 0x17, 0x70,
  0xDC, 0x01, 0x77, 0x74, 0x0A, 0xC0, 0x57, 0x77, 0x40, 0x5C, 0x0B, 0x77, 0x75, 0x0E, 0xC0, 0x27,
  0x77, 0x40, 0x9C, 0x0B, 0x77, 0x74, 0x02, 0xD0, 0x67, 0x77, 0x40, 0x8D, 0x04, 0x77, 0x74, 0x0D,
  0xD0, 0x77, 0x60, 0x37, 0x30, 0x20, 0xED, 0x81, 0xD5, 0x17, 0x83, 0x48, 0xDF, 0x17, 0x30, 0x4F,
  0x98, 0x4C, 0xBA, 0xAB, 0xDD, 0x01, 0x74, 0x03, 0x0D, 0xFF, 0xB0, 0x17, 0x50, 0x10, 0x9F, 0xF9,
  0x0E, 0x01, 0x77, 0x81, 0x18, 0xCF, 0xA8, 0x1E, 0xA5, 0x77, 0x58, 0x71, 0x45, 0x67, 0x76, 0x41,
  0x60,
  // "₿" (U+20BF), RLE, 322 bytes saved (48.6%)
  0x58, 0x33, 0x77, 0x71, 0x30, 0xF7, 0x05, 0x76, 0x06, 0xB0, 0x23, 0x0E, 0xA0, 0xA7, 0x60, 0x6B,
  0x02, 0x30, 0xEA, 0x0A, 0x76, 0x06, 0xB0, 0x23, 0x0E, 0xA0, 0xA7, 0x60, 0x6B, 0x02, 0x30, 0xEA,
  0x0A, 0x76, 0x06, 0xB0, 0x23, 0x0E, 0xA0, 0xA7, 0x10, 0x8F, 0xB0, 0xE0, 0xDB, 0x0B, 0x71, 0x08,
  0xFF, 0xA8, 0x1E, 0x92, 0x50, 0x8F, 0xFD, 0x07, 0x40, 0x8F, 0xFE, 0x08, 0x30, 0x8C, 0x08, 0x80,
  0x12, 0x82, 0x35, 0x7B, 0xF0, 0x52, 0x08, 0xC0, 0x77, 0x20, 0x20, 0xAD, 0x0D, 0x20, 0x8C, 0x07,
  0x74, 0x0A, 0xD8, 0x14, 0x08, 0xC0, 0x77, 0x40, 0x10, 0xEC, 0x81, 0x80, 0x8C, 0x07, 0x75, 0x0A,
  0xC8, 0x1B, 0x08, 0xC0, 0x77, 0x50, 0x7C, 0x81, 0xC0, 0x8C, 0x07, 0x75, 0x06, 0xC8, 0x1C, 0x08,
  0xC0, 0x77, 0x50, 0x6C, 0x81, 0xB0, 0x8C, 0x07, 0x75, 0x07, 0xC8, 0x1A, 0x08, 0xC0, 0x77, 0x50,
  0xBC, 0x81, 0x70, 0x8C, 0x07, 0x74, 0x01, 0xD8, 0x12, 0x08, 0xC0, 0x77, 0x40, 0xAC, 0x0A, 0x20,
  0x8C, 0x07, 0x73, 0x09, 0xC0, 0xE0, 0x22, 0x08, 0xC0, 0x88, 0x02, 0x28, 0x23, 0x69, 0xEC, 0x0E,
  0x03, 0x30, 0x8F, 0xFC, 0x0B, 0x02, 0x40, 0x8F, 0xFA, 0x09, 0x02, 0x60, 0x8F, 0xFB, 0x0B, 0x07,
  0x50, 0x8F, 0xFD, 0x0E, 0x05, 0x30, 0x8C, 0x07, 0x68, 0x21, 0x36, 0xAE, 0x08, 0x20, 0x8C, 0x07,
  0x73, 0x02, 0x0C, 0xD8, 0x15, 0x08, 0xC0, 0x77, 0x50, 0xCC, 0x81, 0xE0, 0x8C, 0x07, 0x75, 0x03,
  0xD0, 0x60, 0x8C, 0x07, 0x76, 0x0C, 0xC0, 0xA0, 0x8C, 0x07, 0x76, 0x08, 0xC0, 0xD0, 0x8C, 0x07,
  0x76, 0x06, 0xD0, 0x8C, 0x07, 0x76, 0x05, 0xD0, 0x8C, 0x07, 0x76, 0x07, 0xC0, 0xE0, 0x8C, 0x07,
  0x76, 0x09, 0xC0, 0xD0, 0x8C, 0x07, 0x76, 0x0E, 0xC0, 0xA0, 0x8C, 0x07, 0x75, 0x06, 0xD0, 0x70,
  0x8C, 0x07, 0x74, 0x02, 0x0E, 0xD0, 0x10, 0x8C, 0x07, 0x73, 0x04, 0x0E, 0xD8, 0x19, 0x08, 0xC0,
  0x88, 0x02, 0x28, 0x23, 0x47, 0xCE, 0x0D, 0x20, 0x8F, 0xFE, 0x0E, 0x02, 0x20, 0x8F, 0xFD, 0x0C,
  0x02, 0x30, 0x8F, 0xFB, 0x0D, 0x06, 0x50, 0x8F, 0xF9, 0x0C, 0x03, 0x75, 0x06, 0xB0, 0x23, 0x0E,
  0xA0, 0xA7, 0x60, 0x6B, 0x02, 0x30, 0xEA, 0x0A, 0x76, 0x06, 0xB0, 0x23, 0x0E, 0xA0, 0xA7, 0x60,
  0x6B, 0x02, 0x30, 0xEA, 0x0A, 0x76, 0x06, 0xB0, 0x23, 0x0E, 0xA0, 0xA7, 0x68, 0x33, 0x77, 0x71,
  0x38, 0x26, 0x77, 0x57, 0x10,
  // "‘" (U+2018), RLE, 21 bytes saved (33.3%)
  0x50, 0xBB, 0x40, 0x2B, 0x0C, 0x40, 0x8B, 0x08, 0x40, 0xEB, 0x05, 0x30, 0x5C, 0x01, 0x30, 0xBB,
  0x0D, 0x30, 0x2C, 0x0A, 0x30, 0x7C, 0x07, 0x30, 0xCC, 0x04, 0x20, 0x2D, 0x01, 0x20, 0x7C, 0x0D,
  0x30, 0xCC, 0x0B, 0x20, 0x1D, 0x08, 0x20, 0x3D, 0x06, 0x20,
  // "’" (U+2019), RLE, 20 bytes saved (31.7%)
  0x30, 0x9C, 0x0E, 0x30, 0xBC, 0x0D, 0x30, 0xEC, 0x09, 0x20, 0x1D, 0x04, 0x20, 0x4C, 0x0E, 0x30,
  0x7C, 0x0A, 0x30, 0xAC, 0x04, 0x30, 0xDB, 0x0E, 0x30, 0x1C, 0x08, 0x30, 0x4C, 0x02, 0x30, 0x7B,
  0x0C, 0x40, 0xBB, 0x05, 0x40, 0xEA, 0x0E, 0x40, 0x3B, 0x08, 0x40,
  // "‚" (U+201A), RLE, 20 bytes saved (31.7%)
  0x30, 0x9C, 0x0E, 0x30, 0xBC, 0x0D, 0x30, 0xEC, 0x09, 0x20, 0x1D, 0x04, 0x20, 0x4C, 0x0E, 0x30,
  0x7C, 0x0A, 0x30, 0xAC, 0x04, 0x30, 0xDB, 0x0E, 0x30, 0x1C, 0x08, 0x30, 0x4C, 0x02, 0x30, 0x7B,
  0x0C, 0x40, 0xBB, 0x05, 0x40, 0xEA, 0x0E, 0x40, 0x3B, 0x08, 0x40,
  // "‛" (U+201B), RLE, 28 bytes saved (40.0%)
  0x02, 0xD0, 0x73, 0x01, 0xD0, 0x94, 0x0C, 0xC0, 0xB4, 0x07, 0xC0, 0xE4, 0x02, 0xD0, 0x14, 0x0C,
  0xC0, 0x54, 0x07, 0xC0, 0x84, 0x01, 0xC0, 0xB5, 0x0B, 0xB0, 0xE5, 0x05, 0xC0, 0x25, 0x0E, 0xB0,
  0x65, 0x08, 0xB0, 0x95, 0x01, 0xB0, 0xD6, 0x0A, 0xB0, 0x10,
  // "“" (U+201C), RLE, 58 bytes saved (41.4%)
  0x50, 0xBA, 0x0E, 0x60, 0x6B, 0x05, 0x40, 0x2B, 0x0B, 0x60, 0xDB, 0x01, 0x40, 0x9B, 0x07, 0x50,
  0x4B, 0x0D, 0x50, 0xEB, 0x04, 0x50, 0xAB, 0x09, 0x40, 0x5C, 0x01, 0x40, 0x1C, 0x06, 0x40, 0xBB,
  0x0D, 0x50, 0x7C, 0x03, 0x30, 0x2C, 0x09, 0x50, 0xDC, 0x40, 0x7C, 0x06, 0x40, 0x3C, 0x0C, 0x40,
  0xDC, 0x03, 0x40, 0x8C, 0x09, 0x30, 0x2D, 0x50, 0xEC, 0x06, 0x30, 0x7C, 0x0D, 0x40, 0x3D, 0x03,
  0x30, 0xCC, 0x0A, 0x40, 0x8D, 0x30, 0x1D, 0x07, 0x40, 0xCC, 0x0D, 0x30, 0x3D, 0x05, 0x40, 0xEC,
  0x0B, 0x30,
  // "”" (U+201D), RLE, 57 bytes saved (40.7%)
  0x30, 0xAC, 0x0E, 0x40, 0x4D, 0x04, 0x30, 0xCC, 0x0C, 0x40, 0x7D, 0x03, 0x30, 0xEC, 0x08, 0x40,
  0x9C, 0x0E, 0x30, 0x2D, 0x04, 0x40, 0xCC, 0x09, 0x30, 0x5C, 0x0E, 0x5D, 0x04, 0x30, 0x8C, 0x09,
  0x40, 0x3C, 0x0E, 0x40, 0xBC, 0x03, 0x40, 0x6C, 0x09, 0x40, 0xEB, 0x0D, 0x50, 0x9C, 0x03, 0x30,
  0x1C, 0x07, 0x50, 0xCB, 0x0D, 0x40, 0x4C, 0x01, 0x5C, 0x07, 0x40, 0x8B, 0x0B, 0x50, 0x3C, 0x01,
  0x40, 0xBB, 0x04, 0x50, 0x7B, 0x0A, 0x50, 0xEA, 0x0D, 0x60, 0xBB, 0x03, 0x40, 0x3B, 0x07, 0x60,
  0xEA, 0x0C, 0x50,
  // "„" (U+201E), RLE, 57 bytes saved (40.7%)
  0x30, 0xAC, 0x0E, 0x40, 0x4D, 0x04, 0x30, 0xCC, 0x0C, 0x40, 0x7D, 0x03, 0x30, 0xEC, 0x08, 0x40,
  0x9C, 0x0E, 0x30, 0x2D, 0x04, 0x40, 0xCC, 0x09, 0x30, 0x5C, 0x0E, 0x5D, 0x04, 0x30, 0x8C, 0x09,
  0x40, 0x3C, 0x0E, 0x40, 0xBC, 0x03, 0x40, 0x6C, 0x09, 0x40, 0xEB, 0x0D, 0x50, 0x9C, 0x03, 0x30,
  0x1C, 0x07, 0x50, 0xCB, 0x0D, 0x40, 0x4C, 0x01, 0x5C, 0x07, 0x40, 0x8B, 0x0B, 0x50, 0x3C, 0x01,
  0x40, 0xBB, 0x04, 0x50, 0x7B, 0x0A, 0x50, 0xEA, 0x0D, 0x60, 0xBB, 0x03, 0x40, 0x3B, 0x07, 0x60,
  0xEA, 0x0C, 0x50,
  // "‟" (U+201F), RLE, 59 bytes saved (42.1%)
  0x03, 0xD0, 0x54, 0x0E, 0xC0, 0xA3, 0x01, 0xD0, 0x74, 0x0C, 0xC0, 0xD4, 0x0C, 0xC0, 0xA4, 0x08,
  0xD4, 0x07, 0xC0, 0xD4, 0x03, 0xD0, 0x33, 0x02, 0xD5, 0x0D, 0xC0, 0x64, 0x0C, 0xC0, 0x34, 0x08,
  0xC0, 0x94, 0x07, 0xC0, 0x64, 0x03, 0xC0, 0xC4, 0x02, 0xC0, 0x95, 0x0D, 0xC5, 0x0B, 0xB0, 0xD5,
  0x07, 0xC0, 0x34, 0x05, 0xC0, 0x14, 0x01, 0xC0, 0x65, 0x0E, 0xB0, 0x45, 0x0A, 0xB0, 0x95, 0x09,
  0xB0, 0x75, 0x04, 0xB0, 0xD5, 0x02, 0xB0, 0xB6, 0x0D, 0xB0, 0x15, 0x0B, 0xA0, 0xE6, 0x06, 0xB0,
  0x50,
  // "†" (U+2020), RLE, 309 bytes saved (62.4%)
  0x71, 0x09, 0xC0, 0xD7, 0x73, 0x08, 0xC0, 0xB7, 0x73, 0x06, 0xC0, 0x97, 0x73, 0x04, 0xC0, 0x77,
  0x73, 0x02, 0xC0, 0x57, 0x73, 0x01, 0xC0, 0x47, 0x74, 0x0E, 0xB0, 0x27, 0x74, 0x0D, 0xB7, 0x75,
  0x0B, 0xA0, 0xE7, 0x75, 0x09, 0xA0, 0xC7, 0x75, 0x07, 0xA0, 0xA7, 0x38, 0x90, 0x4C, 0xB9, 0x87,
  0x54, 0x27, 0xA8, 0x92, 0x92, 0x35, 0x67, 0x9A, 0xBD, 0x15, 0xFF, 0xF0, 0x10, 0x5F, 0xFF, 0x01,
  0x05, 0xFF, 0xF8, 0x91, 0x15, 0xDC, 0xA9, 0x76, 0x53, 0x7A, 0x89, 0x19, 0x34, 0x57, 0x8A, 0xBC,
  0xE1, 0x72, 0x06, 0xA0, 0x97, 0x75, 0x07, 0xA0, 0x97, 0x75, 0x07, 0xA0, 0xA7, 0x75, 0x08, 0xA0,
  0xB7, 0x75, 0x09, 0xA0, 0xC7, 0x75, 0x0A, 0xA0, 0xC7, 0x75, 0x0A, 0xA0, 0xD7, 0x75, 0x0B, 0xA0,
  0xE7, 0x75, 0x0C, 0xB7, 0x75, 0x0D, 0xB7, 0x75, 0x0D, 0xB0, 0x17, 0x74, 0x0E, 0xB0, 0x27, 0x74,
  0xC0, 0x27, 0x74, 0xC0, 0x37, 0x73, 0x01, 0xC0, 0x47, 0x73, 0x02, 0xC0, 0x57, 0x73, 0x02, 0xC0,
  0x57, 0x73, 0x03, 0xC0, 0x67, 0x73, 0x04, 0xC0, 0x77, 0x73, 0x05, 0xC0, 0x87, 0x73, 0x05, 0xC0,
  0x97, 0x73, 0x06, 0xC0, 0x97, 0x73, 0x07, 0xC0, 0xA7, 0x73, 0x08, 0xC0, 0xB7, 0x73, 0x08, 0xC0,
  0xC7, 0x73, 0x09, 0xC0, 0xC7, 0x73, 0x0A, 0xC0, 0xD7, 0x20,
  // "‡" (U+2021), RLE, 289 bytes saved (58.4%)
  0x71, 0x08, 0xD7, 0x73, 0x06, 0xC0, 0xD7, 0x73, 0x04, 0xC0, 0xB7, 0x73, 0x02, 0xC0, 0xA7, 0x74,
  0xC0, 0x87, 0x74, 0x0E, 0xB0, 0x67, 0x74, 0x0C, 0xB0, 0x47, 0x74, 0x0A, 0xB0, 0x27, 0x74, 0x08,
  0xB7, 0x75, 0x06, 0xA0, 0xE7, 0x38, 0x90, 0x8C, 0xB9, 0x87, 0x54, 0x25, 0xA8, 0x92, 0xC2, 0x34,
  0x67, 0x8A, 0xBD, 0x49, 0xFF, 0xF0, 0x40, 0x9F, 0xFF, 0x04, 0x09, 0xFF, 0xF8, 0x91, 0x48, 0xBA,
  0x87, 0x64, 0x31, 0x5A, 0x89, 0x1C, 0x12, 0x35, 0x68, 0x9A, 0xC4, 0x72, 0x07, 0xA0, 0xE7, 0x75,
  0x09, 0xB0, 0x17, 0x74, 0x0C, 0xB0, 0x47, 0x74, 0x0E, 0xB0, 0x67, 0x73, 0x01, 0xC0, 0x97, 0x73,
  0x03, 0xC0, 0xB7, 0x73, 0x05, 0xC0, 0xD7, 0x73, 0x04, 0xC0, 0xB7, 0x73, 0x01, 0xC0, 0x97, 0x74,
  0xC0, 0x77, 0x74, 0x0C, 0xB0, 0x57, 0x74, 0x0A, 0xB0, 0x27, 0x74, 0x08, 0xB7, 0x38, 0x12, 0x31,
  0x60, 0x6A, 0x0D, 0x78, 0x22, 0x31, 0x9B, 0x84, 0xEC, 0xBA, 0x89, 0xA8, 0x5D, 0x89, 0xAC, 0xDE,
  0xB0, 0x40, 0x9F, 0xFF, 0x04, 0x09, 0xFF, 0xF0, 0x40, 0x9D, 0x82, 0xED, 0xBB, 0xA8, 0x2E, 0xBC,
  0xDE, 0x84, 0x44, 0x54, 0x21, 0x40, 0x5A, 0x0D, 0x58, 0x32, 0x34, 0x62, 0x72, 0x07, 0xB7, 0x75,
  0x09, 0xB0, 0x17, 0x74, 0x0B, 0xB0, 0x37, 0x74, 0x0D, 0xB0, 0x57, 0x74, 0xC0, 0x77, 0x73, 0x01,
  0xC0, 0x97, 0x73, 0x03, 0xC0, 0xB7, 0x73, 0x05, 0xC0, 0xD7, 0x73, 0x07, 0xD7, 0x20,
  // "•" (U+2022), RLE, 43 bytes saved (47.3%)
  0x38, 0x55, 0xAE, 0xFE, 0xB5, 0x50, 0xBF, 0x0B, 0x30, 0x9F, 0xA8, 0x1A, 0x02, 0xFC, 0x02, 0x06,
  0xFC, 0x07, 0x09, 0xFC, 0x00, 0xAF, 0xC0, 0xB0, 0xAF, 0xC0, 0xB0, 0x9F, 0xC0, 0xA0, 0x6F, 0xC0,
  0x70, 0x1F, 0xC8, 0x12, 0x09, 0xFA, 0x09, 0x30, 0xAF, 0x0A, 0x58, 0x54, 0xAE, 0xFE, 0xB5, 0x30,
  // "…" (U+2026), RLE, 67 bytes saved (41.4%)
  0x28, 0x15, 0x74, 0x75, 0x81, 0x57, 0x47, 0x48, 0x15, 0x74, 0x20, 0x20, 0xDB, 0x0D, 0x01, 0x71,
  0x02, 0x0D, 0xB0, 0xD0, 0x17, 0x02, 0x0D, 0xB8, 0x1D, 0x1A, 0xD0, 0x97, 0x10, 0xAD, 0x09, 0x70,
  0xAD, 0x09, 0x0D, 0xD0, 0xD7, 0x10, 0xDD, 0x0D, 0x70, 0xDD, 0x0D, 0x0E, 0xD0, 0xE7, 0x10, 0xED,
  0x0E, 0x70, 0xED, 0x0E, 0x0D, 0xD0, 0xD7, 0x10, 0xDD, 0x0D, 0x70, 0xDD, 0x0D, 0x09, 0xD0, 0x97,
  0x10, 0x9D, 0x09, 0x70, 0x9D, 0x81, 0x91, 0xCB, 0x0C, 0x01, 0x71, 0x01, 0x0C, 0xB0, 0xC0, 0x17,
  0x01, 0x0C, 0xB0, 0xC0, 0x12, 0x81, 0x57, 0x47, 0x58, 0x15, 0x74, 0x74, 0x81, 0x57, 0x42,
  // "‰" (U+2030), RLE, 701 bytes saved (52.6%)
  0x68, 0x41, 0x57, 0x64, 0x18, 0x0E, 0x20, 0x02, 0x0B, 0xE0, 0x97, 0x72, 0x01, 0x0E, 0xB0, 0x37,
  0x77, 0x72, 0x03, 0x0E, 0xF9, 0x0D, 0x01, 0x77, 0x09, 0xB0, 0xA7, 0x77, 0x72, 0x01, 0x0D, 0xFB,
  0x0C, 0x76, 0x02, 0xC0, 0x27, 0x77, 0x72, 0x08, 0xC8, 0x1E, 0xAB, 0xD0, 0x67, 0x50, 0xAB, 0x09,
  0x77, 0x77, 0x30, 0xEB, 0x0B, 0x01, 0x20, 0x10, 0xCB, 0x0D, 0x74, 0x03, 0xC0, 0x17, 0x77, 0x72,
  0x04, 0xB0, 0xE0, 0x14, 0x02, 0xC0, 0x47, 0x30, 0xBB, 0x08, 0x77, 0x77, 0x30, 0x9B, 0x09, 0x60,
  0x9B, 0x09, 0x72, 0x04, 0xB0, 0xE0, 0x17, 0x77, 0x73, 0x0C, 0xB0, 0x56, 0x04, 0xB0, 0xC7, 0x20,
  0xDB, 0x07, 0x77, 0x77, 0x40, 0xEB, 0x02, 0x60, 0x1C, 0x71, 0x06, 0xB0, 0xD7, 0x77, 0x74, 0x01,
  0xC7, 0x10, 0xEB, 0x02, 0x70, 0xDB, 0x05, 0x77, 0x77, 0x40, 0x2B, 0x0E, 0x71, 0x0D, 0xB0, 0x36,
  0x07, 0xB0, 0xC7, 0x77, 0x75, 0x03, 0xB0, 0xD7, 0x10, 0xCB, 0x03, 0x50, 0x10, 0xEB, 0x04, 0x77,
  0x77, 0x50, 0x3B, 0x0D, 0x71, 0x0C, 0xB0, 0x45, 0x08, 0xB0, 0xB7, 0x77, 0x76, 0x03, 0xB0, 0xD7,
  0x10, 0xCB, 0x04, 0x40, 0x1C, 0x03, 0x77, 0x77, 0x60, 0x2B, 0x0D, 0x71, 0x0C, 0xB0, 0x34, 0x09,
  0xB0, 0xA7, 0x77, 0x77, 0x02, 0xB0, 0xE7, 0x10, 0xDB, 0x02, 0x30, 0x2C, 0x02, 0x60, 0x17, 0x74,
  0x01, 0x73, 0xC7, 0x1C, 0x01, 0x30, 0xBB, 0x09, 0x38, 0x12, 0x9E, 0xB0, 0xD0, 0x77, 0x50, 0x70,
  0xCB, 0x81, 0xE9, 0x36, 0x0D, 0xB0, 0x36, 0x02, 0xB0, 0xE3, 0x04, 0xB0, 0xE0, 0x12, 0x05, 0xF9,
  0x0D, 0x03, 0x71, 0x02, 0x0C, 0xF9, 0x07, 0x50, 0xAB, 0x06, 0x60, 0x6B, 0x0B, 0x30, 0xCB, 0x07,
  0x20, 0x4F, 0xB0, 0xE0, 0x27, 0x0D, 0xFB, 0x06, 0x40, 0x6B, 0x0B, 0x60, 0xCB, 0x07, 0x20, 0x5B,
  0x0E, 0x30, 0xEF, 0xC0, 0xC6, 0x08, 0xFD, 0x02, 0x30, 0x1C, 0x04, 0x40, 0x5C, 0x03, 0x20, 0xDB,
  0x06, 0x20, 0x6C, 0x83, 0x92, 0x03, 0xBC, 0x04, 0x40, 0x10, 0xEB, 0x83, 0xD4, 0x01, 0x7C, 0x0A,
  0x40, 0xAB, 0x83, 0xE5, 0x01, 0x6C, 0x0C, 0x20, 0x6B, 0x0D, 0x30, 0xCB, 0x0A, 0x50, 0xCB, 0x0B,
  0x40, 0x6B, 0x0E, 0x01, 0x40, 0x6C, 0x01, 0x30, 0x3F, 0xD0, 0x42, 0x0E, 0xB0, 0x52, 0x01, 0xC0,
  0x25, 0x03, 0xC4, 0x0B, 0xB0, 0x86, 0x0D, 0xB0, 0x64, 0x07, 0xFB, 0x09, 0x20, 0x7B, 0x0C, 0x30,
  0x5B, 0x0C, 0x70, 0xDB, 0x04, 0x30, 0xEB, 0x03, 0x60, 0x7B, 0x0A, 0x50, 0x8F, 0x90, 0x92, 0x01,
  0x0E, 0xB0, 0x43, 0x07, 0xB0, 0x97, 0x0A, 0xB0, 0x72, 0x01, 0xC7, 0x04, 0xB0, 0xC6, 0x04, 0x0A,
  0xC0, 0xB0, 0x43, 0x09, 0xB0, 0xB4, 0x09, 0xB0, 0x77, 0x07, 0xB0, 0x92, 0x03, 0xB0, 0xD7, 0x01,
  0xC7, 0x20, 0x01, 0x50, 0x2C, 0x02, 0x40, 0xAB, 0x05, 0x70, 0x5B, 0x0A, 0x20, 0x4B, 0x0B, 0x71,
  0xC0, 0x17, 0x71, 0x0A, 0xB0, 0x95, 0x0B, 0xB0, 0x57, 0x05, 0xB0, 0xB2, 0x05, 0xB0, 0xB7, 0x10,
  0xEB, 0x01, 0x77, 0x03, 0xC0, 0x15, 0x0B, 0xB0, 0x47, 0x04, 0xB0, 0xC2, 0x06, 0xB0, 0xA7, 0x10,
  0xEB, 0x02, 0x77, 0x0B, 0xB0, 0x86, 0x0B, 0xB0, 0x57, 0x05, 0xB0, 0xB2, 0x05, 0xB0, 0xB7, 0x10,
  0xEB, 0x02, 0x76, 0x04, 0xB0, 0xE0, 0x16, 0x0A, 0xB0, 0x57, 0x05, 0xB0, 0xB2, 0x05, 0xB0, 0xB7,
  0x1C, 0x01, 0x76, 0x0C, 0xB0, 0x77, 0x09, 0xB0, 0x67, 0x07, 0xB0, 0xA2, 0x04, 0xB0, 0xC7, 0x01,
  0xC7, 0x60, 0x5B, 0x0D, 0x71, 0x07, 0xB0, 0x87, 0x09, 0xB0, 0x72, 0x01, 0xB0, 0xE7, 0x03, 0xB0,
  0xD7, 0x60, 0xDB, 0x06, 0x71, 0x05, 0xB0, 0xB7, 0x0C, 0xB0, 0x53, 0x0E, 0xB0, 0x26, 0x06, 0xB0,
  0xB7, 0x50, 0x7B, 0x0D, 0x72, 0x01, 0xC0, 0x15, 0x01, 0xC0, 0x23, 0x0B, 0xB0, 0x66, 0x0B, 0xB0,
  0x87, 0x40, 0x10, 0xEB, 0x04, 0x73, 0x0C, 0xB0, 0x75, 0x09, 0xB0, 0xD4, 0x06, 0xB0, 0xC5, 0x03,
  0xC0, 0x37, 0x40, 0x8B, 0x0C, 0x74, 0x07, 0xB0, 0xE0, 0x43, 0x06, 0xC0, 0x74, 0x01, 0xC0, 0x93,
  0x02, 0x0D, 0xB0, 0xD7, 0x40, 0x1C, 0x03, 0x75, 0x0E, 0xC8, 0x1C, 0xAD, 0xC0, 0xE0, 0x15, 0x09,
  0xC8, 0x1D, 0xAB, 0xD0, 0x67, 0x40, 0x9B, 0x0A, 0x76, 0x05, 0xFC, 0x06, 0x60, 0x10, 0xDF, 0xB0,
  0xC7, 0x40, 0x2C, 0x02, 0x77, 0x08, 0xFA, 0x09, 0x71, 0x03, 0x0E, 0xF9, 0x0D, 0x01, 0x74, 0x0A,
  0xB0, 0x97, 0x72, 0x05, 0x0D, 0xD0, 0xD0, 0x57, 0x30, 0x20, 0xBD, 0x0E, 0x09, 0x80, 0xC0, 0x08,
  0x33, 0x67, 0x53, 0x77, 0x83, 0x25, 0x76, 0x47,
  // "‹" (U+2039), RLE, 70 bytes saved (44.9%)
  0x72, 0x02, 0x74, 0x82, 0x2E, 0xD4, 0x71, 0x01, 0x0D, 0xB0, 0xB7, 0x0B, 0xC0, 0x76, 0x09, 0xC0,
  0xA6, 0x06, 0xC0, 0xC6, 0x04, 0xC0, 0xE0, 0x15, 0x02, 0x0E, 0xC0, 0x35, 0x01, 0x0D, 0xC0, 0x56,
  0x0B, 0xC0, 0x86, 0x09, 0xC0, 0xB6, 0x06, 0xC0, 0xD0, 0x16, 0x0A, 0xC0, 0x97, 0x01, 0x0E, 0xC0,
  0x67, 0x03, 0xD0, 0x37, 0x05, 0xC0, 0xE0, 0x17, 0x08, 0xC0, 0xC7, 0x10, 0xAC, 0x0A, 0x71, 0x0C,
  0xC0, 0x77, 0x01, 0x0D, 0xC0, 0x47, 0x03, 0x0E, 0xB0, 0xE0, 0x27, 0x05, 0xC0, 0xD7, 0x10, 0x7A,
  0x0B, 0x02, 0x72, 0x08, 0x05, 0x20,
  // "›" (U+203A), RLE, 78 bytes saved (46.4%)
  0x30, 0x27, 0x48, 0x22, 0xAF, 0x67, 0x20, 0x6C, 0x03, 0x71, 0x02, 0x0E, 0xB0, 0xE0, 0x27, 0x10,
  0x4C, 0x0D, 0x01, 0x71, 0x07, 0xC0, 0xB7, 0x20, 0xAC, 0x09, 0x72, 0x0C, 0xC0, 0x67, 0x10, 0x10,
  0xEC, 0x04, 0x71, 0x03, 0xC0, 0xE0, 0x27, 0x10, 0x5C, 0x0D, 0x01, 0x71, 0x08, 0xC0, 0xC7, 0x10,
  0x3D, 0x01, 0x60, 0x10, 0xEC, 0x05, 0x70, 0xCC, 0x08, 0x70, 0xAC, 0x0A, 0x70, 0x7C, 0x0C, 0x70,
  0x4C, 0x0D, 0x01, 0x60, 0x20, 0xEB, 0x0E, 0x03, 0x60, 0x10, 0xDC, 0x05, 0x70, 0xBC, 0x07, 0x70,
  0x8C, 0x09, 0x72, 0x08, 0xA0, 0xB7, 0x48, 0x12, 0xA1, 0x72,
  // "⁄" (U+2044), RLE, 399 bytes saved (67.1%)
  0x77, 0x73, 0x09, 0xB0, 0x97, 0x77, 0x20, 0x2B, 0x0E, 0x01, 0x77, 0x72, 0x0B, 0xB0, 0x67, 0x77,
  0x20, 0x5B, 0x0C, 0x77, 0x73, 0x0E, 0xB0, 0x37, 0x77, 0x20, 0x8B, 0x0A, 0x77, 0x72, 0x02, 0xB0,
  0xE0, 0x17, 0x77, 0x20, 0xBB, 0x07, 0x77, 0x72, 0x05, 0xB0, 0xD7, 0x77, 0x30, 0xDB, 0x04, 0x77,
  0x72, 0x08, 0xB0, 0xA7, 0x77, 0x20, 0x2B, 0x0E, 0x01, 0x77, 0x72, 0x0B, 0xB0, 0x77, 0x77, 0x20,
  0x5B, 0x0D, 0x77, 0x73, 0x0D, 0xB0, 0x47, 0x77, 0x20, 0x8B, 0x0A, 0x77, 0x72, 0x02, 0xB0, 0xE0,
  0x27, 0x77, 0x20, 0xAB, 0x07, 0x77, 0x72, 0x04, 0xB0, 0xD7, 0x77, 0x30, 0xDB, 0x04, 0x77, 0x72,
  0x07, 0xB0, 0xB7, 0x77, 0x20, 0x10, 0xEB, 0x02, 0x77, 0x72, 0x0A, 0xB0, 0x87, 0x77, 0x20, 0x4B,
  0x0D, 0x77, 0x73, 0x0D, 0xB0, 0x57, 0x77, 0x20, 0x7B, 0x0B, 0x77, 0x72, 0x01, 0x0E, 0xB0, 0x27,
  0x77, 0x20, 0xAB, 0x08, 0x77, 0x72, 0x04, 0xB0, 0xD7, 0x77, 0x30, 0xCB, 0x05, 0x77, 0x72, 0x07,
  0xB0, 0xB7, 0x77, 0x20, 0x10, 0xEB, 0x02, 0x77, 0x72, 0x09, 0xB0, 0x87, 0x77, 0x20, 0x3B, 0x0E,
  0x77, 0x73, 0x0C, 0xB0, 0x57, 0x77, 0x20, 0x6B, 0x0B, 0x77, 0x72, 0x01, 0x0E, 0xB0, 0x37, 0x77,
  0x20, 0x9B, 0x09, 0x77, 0x72, 0x03, 0xB0, 0xE0, 0x17, 0x77, 0x20, 0xCB, 0x06, 0x77, 0x72, 0x06,
  0xB0, 0xC7, 0x77, 0x30,
  // "™" (U+2122), RLE, 140 bytes saved (35.9%)
  0xFF, 0x0D, 0x20, 0xCC, 0x09, 0x73, 0xD0, 0x3F, 0xF0, 0xD2, 0x0C, 0xC0, 0xE7, 0x20, 0x6D, 0x03,
  0xFF, 0x0D, 0x20, 0xCD, 0x05, 0x71, 0x0B, 0xD0, 0x35, 0x06, 0xB0, 0x27, 0x0C, 0xD0, 0xA7, 0x01,
  0xE0, 0x35, 0x06, 0xB0, 0x27, 0x0C, 0xA0, 0xDB, 0x01, 0x60, 0x7A, 0x0D, 0xB0, 0x35, 0x06, 0xB0,
  0x27, 0x0C, 0xA0, 0x7B, 0x06, 0x60, 0xCA, 0x07, 0xB0, 0x35, 0x06, 0xB0, 0x27, 0x0C, 0xA0, 0x70,
  0xAA, 0x0B, 0x50, 0x3A, 0x0D, 0x04, 0xB0, 0x35, 0x06, 0xB0, 0x27, 0x0C, 0xA0, 0x80, 0x5B, 0x01,
  0x40, 0x8A, 0x07, 0x04, 0xB0, 0x35, 0x06, 0xB0, 0x27, 0x0C, 0xA8, 0x18, 0x0E, 0xA0, 0x64, 0x0D,
  0xA0, 0x10, 0x5B, 0x03, 0x50, 0x6B, 0x02, 0x70, 0xCA, 0x81, 0x80, 0x9A, 0x0C, 0x30, 0x4A, 0x81,
  0xB0, 0x5B, 0x03, 0x50, 0x6B, 0x02, 0x70, 0xCA, 0x81, 0x80, 0x3B, 0x02, 0x20, 0x9A, 0x81, 0x50,
  0x5B, 0x03, 0x50, 0x6B, 0x02, 0x70, 0xCA, 0x08, 0x20, 0xDA, 0x07, 0x28, 0x1E, 0xFE, 0x20, 0x5B,
  0x03, 0x50, 0x6B, 0x02, 0x70, 0xCA, 0x08, 0x20, 0x8A, 0x81, 0xD0, 0x5A, 0x09, 0x20, 0x5B, 0x03,
  0x50, 0x6B, 0x02, 0x70, 0xCA, 0x08, 0x20, 0x2B, 0x03, 0x0B, 0xA0, 0x32, 0x05, 0xB0, 0x35, 0x06,
  0xB0, 0x27, 0x0C, 0xA0, 0x83, 0x0C, 0xA0, 0xAA, 0x0D, 0x30, 0x5B, 0x03, 0x50, 0x6B, 0x02, 0x70,
  0xCA, 0x08, 0x30, 0x7D, 0x07, 0x30, 0x5B, 0x03, 0x50, 0x6B, 0x02, 0x70, 0xCA, 0x08, 0x30, 0x1D,
  0x01, 0x30, 0x5B, 0x03, 0x50, 0x6B, 0x02, 0x70, 0xCA, 0x08, 0x40, 0xBB, 0x0A, 0x40, 0x5B, 0x03,
  0x50, 0x6B, 0x02, 0x70, 0xCA, 0x08, 0x40, 0x5B, 0x05, 0x40, 0x5B, 0x03, 0x58, 0x32, 0x77, 0x71,
  0x78, 0x25, 0x77, 0x45, 0x0F, 0x75, 0x83, 0x27, 0x77, 0x10,
  // "⅒" (U+2152), RLE, 624 bytes saved (54.4%)
  0x77, 0x77, 0x09, 0xB0, 0x97, 0x77, 0x71, 0x06, 0x0E, 0xB0, 0x67, 0x71, 0x02, 0xB0, 0xE0, 0x17,
  0x77, 0x60, 0x10, 0xAD, 0x06, 0x77, 0x10, 0xBB, 0x06, 0x77, 0x76, 0x03, 0x0D, 0xE0, 0x67, 0x70,
  0x5B, 0x0C, 0x77, 0x76, 0x08, 0xC0, 0xDB, 0x06, 0x77, 0x0E, 0xB0, 0x37, 0x77, 0x40, 0x20, 0xCC,
  0x09, 0x05, 0xB0, 0x67, 0x60, 0x8B, 0x0A, 0x77, 0x75, 0x0A, 0xC8, 0x16, 0x06, 0xB0, 0x67, 0x50,
  0x2B, 0x0E, 0x01, 0x77, 0x75, 0x83, 0x1E, 0xFC, 0x22, 0x07, 0xB0, 0x67, 0x50, 0xBB, 0x07, 0x77,
  0x77, 0x04, 0x09, 0x40, 0x8B, 0x06, 0x74, 0x05, 0xB0, 0xD7, 0x77, 0x77, 0x08, 0xB0, 0x67, 0x40,
  0xDB, 0x04, 0x77, 0x77, 0x70, 0x8B, 0x06, 0x73, 0x08, 0xB0, 0xA8, 0x0C, 0x00, 0x08, 0xB0, 0x67,
  0x20, 0x2B, 0x0E, 0x01, 0x80, 0xC0, 0x00, 0x8B, 0x06, 0x72, 0x0B, 0xB0, 0x78, 0x0C, 0x10, 0x08,
  0xB0, 0x67, 0x10, 0x5B, 0x0D, 0x80, 0xC2, 0x00, 0x8B, 0x06, 0x71, 0x0D, 0xB0, 0x48, 0x0C, 0x20,
  0x08, 0xB0, 0x67, 0x08, 0xB0, 0xA8, 0x0C, 0x30, 0x08, 0xB0, 0x66, 0x02, 0xB0, 0xE0, 0x27, 0x74,
  0x87, 0x16, 0xBD, 0xFE, 0xC8, 0x27, 0x50, 0x8B, 0x06, 0x60, 0xAB, 0x07, 0x50, 0x60, 0xEB, 0x06,
  0x70, 0x40, 0xEF, 0x90, 0x87, 0x40, 0x8B, 0x06, 0x50, 0x4B, 0x0D, 0x40, 0x10, 0xAD, 0x06, 0x60,
  0x4F, 0xC0, 0x97, 0x30, 0x8B, 0x06, 0x50, 0xDB, 0x04, 0x30, 0x30, 0xDE, 0x06, 0x50, 0x10, 0xEC,
  0x82, 0xA7, 0x8D, 0xC0, 0x67, 0x20, 0x8B, 0x06, 0x40, 0x7B, 0x0B, 0x30, 0x8C, 0x0D, 0xB0, 0x65,
  0x07, 0xB0, 0xE0, 0x34, 0x0A, 0xB0, 0xE7, 0x20, 0x8B, 0x06, 0x30, 0x10, 0xEB, 0x82, 0x20, 0x2C,
  0xC0, 0x90, 0x5B, 0x06, 0x50, 0xEB, 0x06, 0x60, 0xDB, 0x06, 0x71, 0x08, 0xB0, 0x63, 0x0A, 0xB0,
  0x82, 0x0A, 0xC8, 0x16, 0x06, 0xB0, 0x64, 0x03, 0xB0, 0xE7, 0x06, 0xB0, 0xB7, 0x10, 0x8B, 0x06,
  0x20, 0x4B, 0x0D, 0x38, 0x31, 0xEF, 0xC2, 0x20, 0x7B, 0x06, 0x40, 0x7B, 0x0A, 0x70, 0x1C, 0x71,
  0x08, 0xB0, 0x62, 0x0D, 0xB0, 0x54, 0x04, 0x09, 0x40, 0x8B, 0x06, 0x40, 0x9B, 0x06, 0x71, 0x0D,
  0xB0, 0x27, 0x60, 0x7B, 0x0B, 0x74, 0x08, 0xB0, 0x64, 0x0C, 0xB0, 0x47, 0x10, 0xBB, 0x04, 0x75,
  0x01, 0x0E, 0xB0, 0x27, 0x40, 0x8B, 0x06, 0x40, 0xDB, 0x03, 0x71, 0x09, 0xB0, 0x67, 0x50, 0xAB,
  0x08, 0x75, 0x08, 0xB0, 0x64, 0x0D, 0xB0, 0x27, 0x10, 0x9B, 0x06, 0x74, 0x04, 0xB0, 0xD7, 0x60,
  0x8B, 0x06, 0x40, 0xEB, 0x02, 0x71, 0x08, 0xB0, 0x77, 0x40, 0xCB, 0x05, 0x76, 0x08, 0xB0, 0x64,
  0x0D, 0xB0, 0x27, 0x10, 0x9B, 0x06, 0x73, 0x07, 0xB0, 0xB7, 0x70, 0x8B, 0x06, 0x40, 0xDB, 0x03,
  0x71, 0x09, 0xB0, 0x67, 0x20, 0x10, 0xEB, 0x02, 0x77, 0x08, 0xB0, 0x64, 0x0B, 0xB0, 0x47, 0x10,
  0xBB, 0x04, 0x72, 0x09, 0xB0, 0x87, 0x71, 0x08, 0xB0, 0x64, 0x09, 0xB0, 0x77, 0x10, 0xDB, 0x02,
  0x71, 0x03, 0xB0, 0xE7, 0x72, 0x08, 0xB0, 0x64, 0x06, 0xB0, 0xA7, 0x01, 0xC7, 0x20, 0xCB, 0x05,
  0x77, 0x20, 0x8B, 0x06, 0x40, 0x2B, 0x0E, 0x70, 0x6B, 0x0B, 0x71, 0x06, 0xB0, 0xB7, 0x73, 0x08,
  0xB0, 0x65, 0x0D, 0xB0, 0x66, 0x0D, 0xB0, 0x67, 0x01, 0x0E, 0xB0, 0x37, 0x73, 0x08, 0xB0, 0x65,
  0x06, 0xB0, 0xE0, 0x34, 0x0A, 0xB0, 0xE0, 0x17, 0x09, 0xB0, 0x97, 0x74, 0x08, 0xB0, 0x66, 0x0D,
  0xC8, 0x2A, 0x78, 0xDC, 0x08, 0x70, 0x3B, 0x0E, 0x01, 0x77, 0x40, 0x8B, 0x06, 0x60, 0x20, 0xEF,
  0xB0, 0xB7, 0x10, 0xCB, 0x06, 0x77, 0x50, 0x8B, 0x06, 0x70, 0x30, 0xDF, 0x90, 0xA0, 0x17, 0x06,
  0xB0, 0xC7, 0x76, 0x08, 0xB0, 0x67, 0x28, 0x65, 0xBD, 0xFE, 0xC9, 0x35,
  // "ﬁ" (U+FB01), RLE, 381 bytes saved (59.7%)
  0x77, 0x10, 0x01, 0x77, 0x72, 0x81, 0x5A, 0xEC, 0x82, 0xDA, 0x61, 0x77, 0x20, 0x30, 0xDF, 0xB0,
  0x72, 0x83, 0x6D, 0xEA, 0x17, 0x10, 0x5F, 0xD8, 0x12, 0x04, 0xC0, 0xC7, 0x02, 0x0E, 0xFC, 0x0D,
  0x20, 0x8D, 0x70, 0xAD, 0x09, 0x03, 0x28, 0x22, 0x5A, 0x72, 0x08, 0xD6, 0x01, 0xD0, 0x67, 0x30,
  0x4C, 0x0B, 0x60, 0x5C, 0x0C, 0x75, 0x83, 0x6D, 0xEA, 0x16, 0x08, 0xC0, 0x67, 0x77, 0x20, 0xBC,
  0x03, 0x77, 0x72, 0x0C, 0xC0, 0x17, 0x77, 0x20, 0xDC, 0x77, 0x73, 0x0D, 0xC7, 0x77, 0x30, 0xEC,
  0x77, 0x78, 0x13, 0x9E, 0xFD, 0x09, 0x40, 0x3C, 0x82, 0xA0, 0x8D, 0xFF, 0x90, 0x94, 0x03, 0xC0,
  0xA0, 0x2F, 0xFB, 0x09, 0x40, 0x3C, 0x0A, 0x02, 0xFF, 0xB0, 0x94, 0x03, 0xC0, 0xA1, 0x80, 0x12,
  0x0E, 0xC8, 0x03, 0x20, 0x14, 0x03, 0xC0, 0xA6, 0x0D, 0xC7, 0x50, 0x3C, 0x0A, 0x60, 0xDC, 0x75,
  0x03, 0xC0, 0xA6, 0x0D, 0xC7, 0x50, 0x3C, 0x0A, 0x60, 0xDC, 0x75, 0x03, 0xC0, 0xA6, 0x0D, 0xC7,
  0x50, 0x3C, 0x0A, 0x60, 0xDC, 0x75, 0x03, 0xC0, 0xA6, 0x0D, 0xC7, 0x50, 0x3C, 0x0A, 0x60, 0xDC,
  0x75, 0x03, 0xC0, 0xA6, 0x0D, 0xC7, 0x50, 0x3C, 0x0A, 0x60, 0xDC, 0x75, 0x03, 0xC0, 0xA6, 0x0D,
  0xC7, 0x50, 0x3C, 0x0A, 0x60, 0xDC, 0x75, 0x03, 0xC0, 0xA6, 0x0D, 0xC7, 0x50, 0x3C, 0x0A, 0x60,
  0xDC, 0x75, 0x03, 0xC0, 0xA6, 0x0D, 0xC7, 0x50, 0x3C, 0x0A, 0x60, 0xDC, 0x75, 0x03, 0xC0, 0xA6,
  0x0D, 0xC7, 0x50, 0x3C, 0x0A, 0x60, 0xDC, 0x75, 0x03, 0xC0, 0xA6, 0x0D, 0xC7, 0x50, 0x3C, 0x0A,
  0x60, 0xDC, 0x75, 0x03, 0xC0, 0xA6, 0x0D, 0xC7, 0x50, 0x3C, 0x0A, 0x60, 0xDC, 0x75, 0x03, 0xC0,
  0xA6, 0x0D, 0xC7, 0x50, 0x3C, 0x0A, 0x60, 0xDC, 0x75, 0x03, 0xC0, 0xA6, 0x0D, 0xC7, 0x50, 0x3C,
  0x0A,
  // "ﬂ" (U+FB02), RLE, 366 bytes saved (57.4%)
  0x77, 0x10, 0x01, 0x77, 0x72, 0x81, 0x5A, 0xEC, 0x84, 0xDA, 0x61, 0x03, 0xC0, 0xA7, 0x20, 0x30,
  0xDF, 0xB8, 0x17, 0x03, 0xC0, 0xA7, 0x10, 0x5F, 0xD8, 0x12, 0x03, 0xC0, 0xA7, 0x02, 0x0E, 0xFC,
  0x0D, 0x20, 0x3C, 0x0A, 0x70, 0xAD, 0x09, 0x03, 0x28, 0x22, 0x5A, 0x72, 0x03, 0xC0, 0xA6, 0x01,
  0xD0, 0x67, 0x30, 0x3C, 0x0A, 0x60, 0x5C, 0x0C, 0x74, 0x03, 0xC0, 0xA6, 0x08, 0xC0, 0x67, 0x40,
  0x3C, 0x0A, 0x60, 0xBC, 0x03, 0x74, 0x03, 0xC0, 0xA6, 0x0C, 0xC0, 0x17, 0x40, 0x3C, 0x0A, 0x60,
  0xDC, 0x75, 0x03, 0xC0, 0xA6, 0x0D, 0xC7, 0x50, 0x3C, 0x0A, 0x60, 0xEC, 0x75, 0x03, 0xC0, 0xA3,
  0x81, 0x39, 0xEF, 0xD0, 0x94, 0x03, 0xC8, 0x2A, 0x08, 0xDF, 0xF9, 0x09, 0x40, 0x3C, 0x0A, 0x02,
  0xFF, 0xB0, 0x94, 0x03, 0xC0, 0xA0, 0x2F, 0xFB, 0x09, 0x40, 0x3C, 0x0A, 0x18, 0x01, 0x20, 0xEC,
  0x80, 0x32, 0x01, 0x40, 0x3C, 0x0A, 0x60, 0xDC, 0x75, 0x03, 0xC0, 0xA6, 0x0D, 0xC7, 0x50, 0x3C,
  0x0A, 0x60, 0xDC, 0x75, 0x03, 0xC0, 0xA6, 0x0D, 0xC7, 0x50, 0x3C, 0x0A, 0x60, 0xDC, 0x75, 0x03,
  0xC0, 0xA6, 0x0D, 0xC7, 0x50, 0x3C, 0x0A, 0x60, 0xDC, 0x75, 0x03, 0xC0, 0xA6, 0x0D, 0xC7, 0x50,
  0x3C, 0x0A, 0x60, 0xDC, 0x75, 0x03, 0xC0, 0xA6, 0x0D, 0xC7, 0x50, 0x3C, 0x0A, 0x60, 0xDC, 0x75,
  0x03, 0xC0, 0xA6, 0x0D, 0xC7, 0x50, 0x3C, 0x0A, 0x60, 0xDC, 0x75, 0x03, 0xC0, 0xA6, 0x0D, 0xC7,
  0x50, 0x3C, 0x0A, 0x60, 0xDC, 0x75, 0x03, 0xC0, 0xA6, 0x0D, 0xC7, 0x50, 0x3C, 0x0A, 0x60, 0xDC,
  0x75, 0x03, 0xC0, 0xA6, 0x0D, 0xC7, 0x50, 0x3C, 0x0A, 0x60, 0xDC, 0x75, 0x03, 0xC0, 0xA6, 0x0D,
  0xC7, 0x50, 0x3C, 0x0A, 0x60, 0xDC, 0x75, 0x03, 0xC0, 0xA6, 0x0D, 0xC7, 0x50, 0x3C, 0x0A, 0x60,
  0xDC, 0x75, 0x03, 0xC0, 0xA6, 0x0D, 0xC7, 0x50, 0x3C, 0x0A, 0x60, 0xDC, 0x75, 0x03, 0xC0, 0xA0,
  // Total: 86217 bytes.
};

const Font& font_NotoSans_Regular_56() {
  static SmoothFontV2 font(font_NotoSans_Regular_56_data);
  return font;
}

}  // namespace roo_display
