#include "86.h"
#include <inttypes.h>
#include "roo_display/hal/progmem.h"
#include "roo_display/font/smooth_font_v2.h"

namespace roo_display {

// Font NotoSans-Regular (Noto Sans Regular)
// Generated on Fri Jul 31 17:49:25 EEST 2026.
// 347 glyphs (347 compressed, 0 uncompressed), 143896 bytes total, 308686 bytes saved by RLE.
static const uint8_t font_NotoSans_Regular_86_data[] PROGMEM = {
  
  // Header (32 bytes).
  0x02, 0x00, 0x04, 0x02, 0x01, 0x03, 0x01, 0x01, 0x5B, 0x00, 0x06,
  0xEF, 0xEC, 0x60, 0x55, 0x41, 0xEB, 0x14, 0x0B, 0x65, 0x16, 0x16, 0x00, 0x5F,
  0x02, 0x00, 0x84, 0x00, 0x17, 0xFE, 0x00, 0x00,
  
  // Cmap (347 glyphs, 100 bytes).
  0x00, 0x21, 0x00, 0x5E, 0x00, 0x00, 0x00, 0x00, 0x00, 0x00, 0x00, 0x00, // U+0021..U+007E dense.
  0x00, 0xA1, 0x00, 0x0C, 0x00, 0x5E, 0x00, 0x00, 0x00, 0x00, 0x00, 0x00, // U+00A1..U+00AC dense.
  0x00, 0xAE, 0x00, 0xD2, 0x00, 0x6A, 0x00, 0x00, 0x00, 0x00, 0x00, 0x00, // U+00AE..U+017F dense.
  0x03, 0xA9, 0x1C, 0x6C, 0x01, 0x3C, 0x00, 0x05, 0x00, 0x00, 0x68, 0x01, // U+03A9..U+2014 sparse.
  0x20, 0x18, 0x00, 0x0B, 0x01, 0x47, 0x00, 0x00, 0x00, 0x00, 0x00, 0x00, // U+2018..U+2022 dense.
  0x20, 0x26, 0xDA, 0xDD, 0x01, 0x52, 0x00, 0x09, 0x00, 0x00, 0x72, 0x01, // U+2026..U+FB02 sparse.
  
  // Sparse indirection: glyphs 316..320, range U+03A9..U+2014.
  0x00, 0x00, // U+03A9.
  0x00, 0x13, // U+03BC.
  0x00, 0x17, // U+03C0.
  0x1C, 0x6A, // U+2013.
  0x1C, 0x6B, // U+2014.
  
  // Sparse indirection: glyphs 338..346, range U+2026..U+FB02.
  0x00, 0x00, // U+2026.
  0x00, 0x0A, // U+2030.
  0x00, 0x13, // U+2039.
  0x00, 0x14, // U+203A.
  0x00, 0x1E, // U+2044.
  0x00, 0xFC, // U+2122.
  0x01, 0x2C, // U+2152.
  0xDA, 0xDB, // U+FB01.
  0xDA, 0xDC, // U+FB02.
  
  // Glyph metrics (347 glyphs, 2776 bytes).
  0x06, 0x00, 0x10, 0x3D, 0x17, 0x00, 0x00, 0x00, // "!" (U+0021)
  0x05, 0x28, 0x1D, 0x3D, 0x23, 0x00, 0x00, 0xA8, // """ (U+0022)
  0x02, 0x01, 0x35, 0x3D, 0x38, 0x00, 0x01, 0x29, // "#" (U+0023)
  0x05, 0xFC, 0x2C, 0x41, 0x31, 0x00, 0x02, 0xEB, // "$" (U+0024)
  0x04, 0x00, 0x43, 0x3E, 0x47, 0x00, 0x04, 0xE0, // "%" (U+0025)
  0x04, 0x00, 0x3E, 0x3E, 0x3F, 0x00, 0x07, 0xCF, // "&" (U+0026)
  0x05, 0x28, 0x0D, 0x3D, 0x13, 0x00, 0x0A, 0x3C, // "'" (U+0027)
  0x03, 0xF3, 0x16, 0x3D, 0x1A, 0x00, 0x0A, 0x79, // "(" (U+0028)
  0x02, 0xF3, 0x16, 0x3D, 0x1A, 0x00, 0x0B, 0x81, // ")" (U+0029)
  0x03, 0x1B, 0x2B, 0x41, 0x2F, 0x00, 0x0C, 0x8B, // "*" (U+002A)
  0x04, 0x0B, 0x2C, 0x34, 0x31, 0x00, 0x0D, 0xA7, // "+" (U+002B)
  0x03, 0xF6, 0x10, 0x0A, 0x17, 0x00, 0x0E, 0x7C, // "," (U+002C)
  0x03, 0x15, 0x18, 0x1B, 0x1C, 0x00, 0x0E, 0xBE, // "-" (U+002D)
  0x06, 0x00, 0x10, 0x0B, 0x17, 0x00, 0x0E, 0xD8, // "." (U+002E)
  0x01, 0x01, 0x1E, 0x3D, 0x20, 0x00, 0x0F, 0x01, // "/" (U+002F)
  0x04, 0x00, 0x2C, 0x3E, 0x31, 0x00, 0x10, 0x00, // "0" (U+0030)
  0x07, 0x01, 0x1E, 0x3D, 0x31, 0x00, 0x11, 0xC0, // "1" (U+0031)
  0x04, 0x01, 0x2C, 0x3E, 0x31, 0x00, 0x12, 0xD4, // "2" (U+0032)
  0x03, 0x00, 0x2C, 0x3E, 0x31, 0x00, 0x14, 0x47, // "3" (U+0033)
  0x01, 0x01, 0x2F, 0x3D, 0x31, 0x00, 0x15, 0xF0, // "4" (U+0034)
  0x05, 0x00, 0x2C, 0x3D, 0x31, 0x00, 0x17, 0x88, // "5" (U+0035)
  0x04, 0x00, 0x2D, 0x3E, 0x31, 0x00, 0x18, 0xF9, // "6" (U+0036)
  0x03, 0x01, 0x2C, 0x3D, 0x31, 0x00, 0x1A, 0xD0, // "7" (U+0037)
  0x04, 0x00, 0x2C, 0x3E, 0x31, 0x00, 0x1C, 0x02, // "8" (U+0038)
  0x04, 0x00, 0x2C, 0x3E, 0x31, 0x00, 0x1D, 0xF6, // "9" (U+0039)
  0x06, 0x00, 0x10, 0x2F, 0x17, 0x00, 0x1F, 0xC0, // ":" (U+003A)
  0x02, 0xF5, 0x10, 0x2F, 0x17, 0x00, 0x20, 0x14, // ";" (U+003B)
  0x04, 0x0B, 0x2C, 0x35, 0x31, 0x00, 0x20, 0x86, // "<" (U+003C)
  0x04, 0x14, 0x2C, 0x2B, 0x31, 0x00, 0x21, 0xA6, // "=" (U+003D)
  0x04, 0x0B, 0x2C, 0x35, 0x31, 0x00, 0x21, 0xE6, // ">" (U+003E)
  0x01, 0x00, 0x23, 0x3E, 0x25, 0x00, 0x23, 0x05, // "?" (U+003F)
  0x05, 0xF8, 0x48, 0x3D, 0x4D, 0x00, 0x24, 0x42, // "@" (U+0040)
  0x00, 0x01, 0x36, 0x3D, 0x37, 0x00, 0x27, 0x81, // "A" (U+0041)
  0x08, 0x01, 0x33, 0x3D, 0x38, 0x00, 0x29, 0x49, // "B" (U+0042)
  0x05, 0x00, 0x33, 0x3E, 0x36, 0x00, 0x2B, 0x1A, // "C" (U+0043)
  0x08, 0x01, 0x39, 0x3D, 0x3F, 0x00, 0x2C, 0xAF, // "D" (U+0044)
  0x08, 0x01, 0x2A, 0x3D, 0x30, 0x00, 0x2E, 0x9D, // "E" (U+0045)
  0x08, 0x01, 0x2A, 0x3D, 0x2D, 0x00, 0x2F, 0xB1, // "F" (U+0046)
  0x05, 0x00, 0x38, 0x3E, 0x3F, 0x00, 0x30, 0xC0, // "G" (U+0047)
  0x08, 0x01, 0x37, 0x3D, 0x40, 0x00, 0x32, 0xA7, // "H" (U+0048)
  0x03, 0x01, 0x19, 0x3D, 0x1D, 0x00, 0x34, 0x5F, // "I" (U+0049)
  0xF9, 0xF0, 0x0F, 0x3D, 0x17, 0x00, 0x35, 0x43, // "J" (U+004A)
  0x08, 0x01, 0x34, 0x3D, 0x35, 0x00, 0x36, 0x65, // "K" (U+004B)
  0x08, 0x01, 0x2A, 0x3D, 0x2D, 0x00, 0x38, 0x54, // "L" (U+004C)
  0x08, 0x01, 0x45, 0x3D, 0x4E, 0x00, 0x39, 0x68, // "M" (U+004D)
  0x08, 0x01, 0x38, 0x3D, 0x41, 0x00, 0x3B, 0xF4, // "N" (U+004E)
  0x05, 0x00, 0x3D, 0x3E, 0x43, 0x00, 0x3D, 0xF3, // "O" (U+004F)
  0x08, 0x01, 0x2F, 0x3D, 0x34, 0x00, 0x40, 0x1E, // "P" (U+0050)
  0x05, 0xF2, 0x3D, 0x3E, 0x43, 0x00, 0x41, 0xAA, // "Q" (U+0051)
  0x08, 0x01, 0x33, 0x3D, 0x35, 0x00, 0x44, 0x22, // "R" (U+0052)
  0x04, 0x00, 0x2B, 0x3E, 0x2F, 0x00, 0x45, 0xED, // "S" (U+0053)
  0x00, 0x01, 0x2E, 0x3D, 0x30, 0x00, 0x47, 0x87, // "T" (U+0054)
  0x07, 0x00, 0x36, 0x3D, 0x3F, 0x00, 0x48, 0x83, // "U" (U+0055)
  0x00, 0x01, 0x33, 0x3D, 0x34, 0x00, 0x4A, 0x40, // "V" (U+0056)
  0x01, 0x01, 0x4E, 0x3D, 0x50, 0x00, 0x4C, 0x04, // "W" (U+0057)
  0x00, 0x01, 0x31, 0x3D, 0x32, 0x00, 0x4F, 0x11, // "X" (U+0058)
  0x00, 0x01, 0x30, 0x3D, 0x31, 0x00, 0x50, 0xF3, // "Y" (U+0059)
  0x03, 0x01, 0x2D, 0x3D, 0x31, 0x00, 0x52, 0x84, // "Z" (U+005A)
  0x06, 0xF2, 0x1A, 0x3D, 0x1C, 0x00, 0x53, 0xCF, // "[" (U+005B)
  0x01, 0x01, 0x1F, 0x3D, 0x20, 0x00, 0x54, 0xDB, // "\" (U+005C)
  0x02, 0xF2, 0x15, 0x3D, 0x1C, 0x00, 0x55, 0xEC, // "]" (U+005D)
  0x03, 0x18, 0x2D, 0x3E, 0x31, 0x00, 0x56, 0xBA, // "^" (U+005E)
  0xFF, 0xF4, 0x26, 0xF9, 0x26, 0x00, 0x57, 0xDD, // "_" (U+005F)
  0x03, 0x35, 0x14, 0x42, 0x18, 0x00, 0x57, 0xF8, // "`" (U+0060)
  0x04, 0x00, 0x29, 0x2F, 0x30, 0x00, 0x58, 0x32, // "a" (U+0061)
  0x07, 0x00, 0x30, 0x41, 0x35, 0x00, 0x59, 0x92, // "b" (U+0062)
  0x04, 0x00, 0x26, 0x2F, 0x29, 0x00, 0x5B, 0x77, // "c" (U+0063)
  0x04, 0x00, 0x2D, 0x41, 0x35, 0x00, 0x5C, 0x8B, // "d" (U+0064)
  0x04, 0x00, 0x2C, 0x2F, 0x31, 0x00, 0x5E, 0x5A, // "e" (U+0065)
  0x01, 0x01, 0x21, 0x42, 0x1E, 0x00, 0x5F, 0x93, // "f" (U+0066)
  0x04, 0xEC, 0x2D, 0x2F, 0x35, 0x00, 0x60, 0xD6, // "g" (U+0067)
  0x07, 0x01, 0x2E, 0x41, 0x35, 0x00, 0x62, 0xEA, // "h" (U+0068)
  0x06, 0x01, 0x0F, 0x40, 0x16, 0x00, 0x64, 0xA3, // "i" (U+0069)
  0xFB, 0xEC, 0x0F, 0x3F, 0x16, 0x00, 0x65, 0x51, // "j" (U+006A)
  0x07, 0x01, 0x2C, 0x41, 0x2E, 0x00, 0x66, 0x74, // "k" (U+006B)
  0x07, 0x01, 0x0E, 0x41, 0x16, 0x00, 0x68, 0x2F, // "l" (U+006C)
  0x07, 0x01, 0x49, 0x2F, 0x50, 0x00, 0x68, 0xD2, // "m" (U+006D)
  0x07, 0x01, 0x2E, 0x2F, 0x35, 0x00, 0x6A, 0xD7, // "n" (U+006E)
  0x04, 0x00, 0x2F, 0x2F, 0x34, 0x00, 0x6C, 0x35, // "o" (U+006F)
  0x07, 0xEC, 0x30, 0x2F, 0x35, 0x00, 0x6D, 0xAB, // "p" (U+0070)
  0x04, 0xEC, 0x2D, 0x2F, 0x35, 0x00, 0x6F, 0x9C, // "q" (U+0071)
  0x07, 0x01, 0x22, 0x2F, 0x24, 0x00, 0x71, 0x71, // "r" (U+0072)
  0x04, 0x00, 0x25, 0x2F, 0x29, 0x00, 0x72, 0x53, // "s" (U+0073)
  0x01, 0x00, 0x1D, 0x39, 0x1F, 0x00, 0x73, 0x83, // "t" (U+0074)
  0x06, 0x00, 0x2D, 0x2E, 0x35, 0x00, 0x74, 0x89, // "u" (U+0075)
  0x00, 0x01, 0x2B, 0x2E, 0x2C, 0x00, 0x75, 0xEA, // "v" (U+0076)
  0x01, 0x01, 0x42, 0x2E, 0x44, 0x00, 0x77, 0x2F, // "w" (U+0077)
  0x01, 0x01, 0x2B, 0x2E, 0x2E, 0x00, 0x79, 0x56, // "x" (U+0078)
  0x00, 0xEC, 0x2B, 0x2E, 0x2C, 0x00, 0x7A, 0xB0, // "y" (U+0079)
  0x03, 0x01, 0x25, 0x2E, 0x28, 0x00, 0x7C, 0x6B, // "z" (U+007A)
  0x02, 0xF3, 0x1D, 0x3D, 0x21, 0x00, 0x7D, 0x4E, // "{" (U+007B)
  0x14, 0xEC, 0x1A, 0x41, 0x2F, 0x00, 0x7E, 0x9F, // "|" (U+007C)
  0x02, 0xF3, 0x1E, 0x3D, 0x21, 0x00, 0x7F, 0x76, // "}" (U+007D)
  0x04, 0x1A, 0x2C, 0x25, 0x31, 0x00, 0x80, 0xD1, // "~" (U+007E)
  0x06, 0xF1, 0x10, 0x2F, 0x17, 0x00, 0x81, 0x42, // "¡" (U+00A1)
  0x07, 0x00, 0x29, 0x3F, 0x31, 0x00, 0x81, 0xEB, // "¢" (U+00A2)
  0x02, 0x01, 0x2D, 0x3E, 0x31, 0x00, 0x83, 0x46, // "£" (U+00A3)
  0x05, 0x0B, 0x2B, 0x32, 0x31, 0x00, 0x84, 0x99, // "¤" (U+00A4)
  0x01, 0x01, 0x2F, 0x3D, 0x31, 0x00, 0x85, 0xE3, // "¥" (U+00A5)
  0x14, 0xEC, 0x1A, 0x41, 0x2F, 0x00, 0x87, 0x72, // "¦" (U+00A6)
  0x05, 0x01, 0x26, 0x43, 0x2C, 0x00, 0x88, 0x1A, // "§" (U+00A7)
  0x0C, 0x37, 0x24, 0x3F, 0x32, 0x00, 0x89, 0xE3, // "¨" (U+00A8)
  0x04, 0x00, 0x43, 0x3E, 0x48, 0x00, 0x8A, 0x26, // "©" (U+00A9)
  0x02, 0x22, 0x1A, 0x3E, 0x1F, 0x00, 0x8D, 0x09, // "ª" (U+00AA)
  0x03, 0x06, 0x28, 0x29, 0x2C, 0x00, 0x8D, 0xC5, // "«" (U+00AB)
  0x04, 0x0B, 0x2C, 0x22, 0x31, 0x00, 0x8E, 0xE5, // "¬" (U+00AC)
  0x04, 0x00, 0x43, 0x3E, 0x48, 0x00, 0x8F, 0x5B, // "®" (U+00AE)
  0xFF, 0x42, 0x2B, 0x48, 0x2B, 0x00, 0x92, 0x3B, // "¯" (U+00AF)
  0x04, 0x25, 0x1F, 0x3E, 0x25, 0x00, 0x92, 0x58, // "°" (U+00B0)
  0x04, 0x01, 0x2C, 0x34, 0x31, 0x00, 0x93, 0x09, // "±" (U+00B1)
  0x02, 0x25, 0x1A, 0x4A, 0x1E, 0x00, 0x93, 0xFF, // "²" (U+00B2)
  0x01, 0x24, 0x1B, 0x4A, 0x1E, 0x00, 0x94, 0xC5, // "³" (U+00B3)
  0x03, 0x35, 0x14, 0x42, 0x18, 0x00, 0x95, 0xA1, // "´" (U+00B4)
  0x07, 0xEC, 0x2E, 0x2E, 0x36, 0x00, 0x95, 0xD9, // "µ" (U+00B5)
  0x04, 0xF6, 0x2F, 0x42, 0x38, 0x00, 0x97, 0xA2, // "¶" (U+00B6)
  0x06, 0x1A, 0x10, 0x25, 0x17, 0x00, 0x9A, 0x08, // "·" (U+00B7)
  0x01, 0xEC, 0x12, 0x00, 0x13, 0x00, 0x9A, 0x31, // "¸" (U+00B8)
  0x03, 0x25, 0x14, 0x49, 0x1E, 0x00, 0x9A, 0x90, // "¹" (U+00B9)
  0x02, 0x22, 0x1D, 0x3E, 0x20, 0x00, 0x9B, 0x27, // "º" (U+00BA)
  0x03, 0x06, 0x28, 0x29, 0x2C, 0x00, 0x9B, 0xE8, // "»" (U+00BB)
  0x03, 0x01, 0x3F, 0x3E, 0x40, 0x00, 0x9D, 0x0B, // "¼" (U+00BC)
  0x02, 0x01, 0x3E, 0x3E, 0x42, 0x00, 0x9F, 0x78, // "½" (U+00BD)
  0x01, 0x01, 0x42, 0x3E, 0x43, 0x00, 0xA1, 0xF8, // "¾" (U+00BE)
  0x01, 0xF1, 0x23, 0x2F, 0x25, 0x00, 0xA4, 0xBD, // "¿" (U+00BF)
  0x00, 0x01, 0x36, 0x51, 0x37, 0x00, 0xA5, 0xFB, // "À" (U+00C0)
  0x00, 0x01, 0x36, 0x51, 0x37, 0x00, 0xA8, 0x13, // "Á" (U+00C1)
  0x00, 0x01, 0x36, 0x51, 0x37, 0x00, 0xAA, 0x2A, // "Â" (U+00C2)
  0x00, 0x01, 0x36, 0x4E, 0x37, 0x00, 0xAC, 0x63, // "Ã" (U+00C3)
  0x00, 0x01, 0x36, 0x4E, 0x37, 0x00, 0xAE, 0x99, // "Ä" (U+00C4)
  0x00, 0x01, 0x36, 0x4B, 0x37, 0x00, 0xB0, 0xB7, // "Å" (U+00C5)
  0x00, 0x01, 0x46, 0x3D, 0x4C, 0x00, 0xB2, 0xF4, // "Æ" (U+00C6)
  0x05, 0xEC, 0x33, 0x3E, 0x36, 0x00, 0xB5, 0x05, // "Ç" (U+00C7)
  0x08, 0x01, 0x2A, 0x51, 0x30, 0x00, 0xB7, 0x16, // "È" (U+00C8)
  0x08, 0x01, 0x2A, 0x51, 0x30, 0x00, 0xB8, 0x75, // "É" (U+00C9)
  0x08, 0x01, 0x2A, 0x51, 0x30, 0x00, 0xB9, 0xD3, // "Ê" (U+00CA)
  0x08, 0x01, 0x2A, 0x4E, 0x30, 0x00, 0xBB, 0x4C, // "Ë" (U+00CB)
  0x03, 0x01, 0x19, 0x51, 0x1D, 0x00, 0xBC, 0xAC, // "Ì" (U+00CC)
  0x03, 0x01, 0x1A, 0x51, 0x1D, 0x00, 0xBD, 0xD0, // "Í" (U+00CD)
  0x00, 0x01, 0x1D, 0x51, 0x1D, 0x00, 0xBF, 0x0E, // "Î" (U+00CE)
  0x02, 0x01, 0x1A, 0x4E, 0x1D, 0x00, 0xC0, 0x6F, // "Ï" (U+00CF)
  0x02, 0x01, 0x39, 0x3D, 0x3F, 0x00, 0xC1, 0xB6, // "Ð" (U+00D0)
  0x08, 0x01, 0x38, 0x4E, 0x41, 0x00, 0xC3, 0xBD, // "Ñ" (U+00D1)
  0x05, 0x00, 0x3D, 0x51, 0x43, 0x00, 0xC6, 0x27, // "Ò" (U+00D2)
  0x05, 0x00, 0x3D, 0x51, 0x43, 0x00, 0xC8, 0xA2, // "Ó" (U+00D3)
  0x05, 0x00, 0x3D, 0x51, 0x43, 0x00, 0xCB, 0x1C, // "Ô" (U+00D4)
  0x05, 0x00, 0x3D, 0x4E, 0x43, 0x00, 0xCD, 0xB9, // "Õ" (U+00D5)
  0x05, 0x00, 0x3D, 0x4E, 0x43, 0x00, 0xD0, 0x54, // "Ö" (U+00D6)
  0x05, 0x0C, 0x2B, 0x32, 0x31, 0x00, 0xD2, 0xD6, // "×" (U+00D7)
  0x05, 0xFE, 0x3D, 0x40, 0x43, 0x00, 0xD4, 0x0E, // "Ø" (U+00D8)
  0x07, 0x00, 0x36, 0x51, 0x3F, 0x00, 0xD6, 0xB9, // "Ù" (U+00D9)
  0x07, 0x00, 0x36, 0x51, 0x3F, 0x00, 0xD8, 0xC8, // "Ú" (U+00DA)
  0x07, 0x00, 0x36, 0x51, 0x3F, 0x00, 0xDA, 0xD6, // "Û" (U+00DB)
  0x07, 0x00, 0x36, 0x4E, 0x3F, 0x00, 0xDD, 0x03, // "Ü" (U+00DC)
  0x00, 0x01, 0x30, 0x51, 0x31, 0x00, 0xDF, 0x14, // "Ý" (U+00DD)
  0x08, 0x01, 0x2F, 0x3D, 0x34, 0x00, 0xE0, 0xF6, // "Þ" (U+00DE)
  0x07, 0x00, 0x32, 0x42, 0x36, 0x00, 0xE2, 0x7B, // "ß" (U+00DF)
  0x04, 0x00, 0x29, 0x42, 0x30, 0x00, 0xE4, 0xA4, // "à" (U+00E0)
  0x04, 0x00, 0x29, 0x42, 0x30, 0x00, 0xE6, 0x53, // "á" (U+00E1)
  0x04, 0x00, 0x29, 0x42, 0x30, 0x00, 0xE7, 0xFE, // "â" (U+00E2)
  0x04, 0x00, 0x29, 0x3F, 0x30, 0x00, 0xE9, 0xC5, // "ã" (U+00E3)
  0x04, 0x00, 0x29, 0x3F, 0x30, 0x00, 0xEB, 0x8A, // "ä" (U+00E4)
  0x04, 0x00, 0x29, 0x46, 0x30, 0x00, 0xED, 0x36, // "å" (U+00E5)
  0x04, 0x00, 0x45, 0x2F, 0x4A, 0x00, 0xEF, 0x16, // "æ" (U+00E6)
  0x04, 0xEC, 0x26, 0x2F, 0x29, 0x00, 0xF1, 0x2B, // "ç" (U+00E7)
  0x04, 0x00, 0x2C, 0x42, 0x31, 0x00, 0xF2, 0xB0, // "è" (U+00E8)
  0x04, 0x00, 0x2C, 0x42, 0x31, 0x00, 0xF4, 0x39, // "é" (U+00E9)
  0x04, 0x00, 0x2C, 0x42, 0x31, 0x00, 0xF5, 0xC1, // "ê" (U+00EA)
  0x04, 0x00, 0x2C, 0x3F, 0x31, 0x00, 0xF7, 0x63, // "ë" (U+00EB)
  0xFF, 0x01, 0x10, 0x42, 0x16, 0x00, 0xF8, 0xEB, // "ì" (U+00EC)
  0x06, 0x01, 0x17, 0x42, 0x16, 0x00, 0xF9, 0xC9, // "í" (U+00ED)
  0xFC, 0x01, 0x19, 0x42, 0x16, 0x00, 0xFA, 0xA4, // "î" (U+00EE)
  0xFE, 0x01, 0x16, 0x3F, 0x16, 0x00, 0xFB, 0xD0, // "ï" (U+00EF)
  0x04, 0x00, 0x2F, 0x42, 0x34, 0x00, 0xFC, 0xCD, // "ð" (U+00F0)
  0x07, 0x01, 0x2E, 0x3F, 0x35, 0x00, 0xFE, 0xE1, // "ñ" (U+00F1)
  0x04, 0x00, 0x2F, 0x42, 0x34, 0x01, 0x00, 0xA3, // "ò" (U+00F2)
  0x04, 0x00, 0x2F, 0x42, 0x34, 0x01, 0x02, 0x69, // "ó" (U+00F3)
  0x04, 0x00, 0x2F, 0x42, 0x34, 0x01, 0x04, 0x2E, // "ô" (U+00F4)
  0x04, 0x00, 0x2F, 0x3F, 0x34, 0x01, 0x06, 0x0F, // "õ" (U+00F5)
  0x04, 0x00, 0x2F, 0x3F, 0x34, 0x01, 0x07, 0xEB, // "ö" (U+00F6)
  0x04, 0x0B, 0x2C, 0x32, 0x31, 0x01, 0x09, 0xAF, // "÷" (U+00F7)
  0x04, 0xFE, 0x2F, 0x31, 0x34, 0x01, 0x0A, 0x47, // "ø" (U+00F8)
  0x06, 0x00, 0x2D, 0x42, 0x35, 0x01, 0x0C, 0x12, // "ù" (U+00F9)
  0x06, 0x00, 0x2D, 0x42, 0x35, 0x01, 0x0D, 0xC4, // "ú" (U+00FA)
  0x06, 0x00, 0x2D, 0x42, 0x35, 0x01, 0x0F, 0x75, // "û" (U+00FB)
  0x06, 0x00, 0x2D, 0x3F, 0x35, 0x01, 0x11, 0x40, // "ü" (U+00FC)
  0x00, 0xEC, 0x2B, 0x42, 0x2C, 0x01, 0x12, 0xF1, // "ý" (U+00FD)
  0x07, 0xEC, 0x30, 0x41, 0x35, 0x01, 0x14, 0xFD, // "þ" (U+00FE)
  0x00, 0xEC, 0x2B, 0x3F, 0x2C, 0x01, 0x17, 0x46, // "ÿ" (U+00FF)
  0x00, 0x01, 0x36, 0x4A, 0x37, 0x01, 0x19, 0x51, // "Ā" (U+0100)
  0x04, 0x00, 0x29, 0x3B, 0x30, 0x01, 0x1B, 0x3F, // "ā" (U+0101)
  0x00, 0x01, 0x36, 0x4F, 0x37, 0x01, 0x1C, 0xBD, // "Ă" (U+0102)
  0x04, 0x00, 0x29, 0x40, 0x30, 0x01, 0x1E, 0xED, // "ă" (U+0103)
  0x00, 0xEE, 0x36, 0x3D, 0x37, 0x01, 0x20, 0xA9, // "Ą" (U+0104)
  0x04, 0xEE, 0x2B, 0x2F, 0x30, 0x01, 0x22, 0xDC, // "ą" (U+0105)
  0x05, 0x00, 0x33, 0x51, 0x36, 0x01, 0x24, 0xA9, // "Ć" (U+0106)
  0x04, 0x00, 0x26, 0x42, 0x29, 0x01, 0x26, 0x8D, // "ć" (U+0107)
  0x05, 0x00, 0x33, 0x51, 0x36, 0x01, 0x27, 0xEA, // "Ĉ" (U+0108)
  0x04, 0x00, 0x27, 0x42, 0x29, 0x01, 0x29, 0xED, // "ĉ" (U+0109)
  0x05, 0x00, 0x33, 0x4F, 0x36, 0x01, 0x2B, 0x67, // "Ċ" (U+010A)
  0x04, 0x00, 0x26, 0x40, 0x29, 0x01, 0x2D, 0x36, // "ċ" (U+010B)
  0x05, 0x00, 0x33, 0x51, 0x36, 0x01, 0x2E, 0x7F, // "Č" (U+010C)
  0x04, 0x00, 0x26, 0x42, 0x29, 0x01, 0x30, 0x7D, // "č" (U+010D)
  0x08, 0x01, 0x39, 0x51, 0x3F, 0x01, 0x31, 0xF0, // "Ď" (U+010E)
  0x04, 0x00, 0x3B, 0x41, 0x35, 0x01, 0x34, 0x4B, // "ď" (U+010F)
  0x02, 0x01, 0x39, 0x3D, 0x3F, 0x01, 0x36, 0x76, // "Đ" (U+0110)
  0x04, 0x00, 0x34, 0x41, 0x35, 0x01, 0x38, 0x7D, // "đ" (U+0111)
  0x08, 0x01, 0x2A, 0x4A, 0x30, 0x01, 0x3A, 0x74, // "Ē" (U+0112)
  0x04, 0x00, 0x2C, 0x3B, 0x31, 0x01, 0x3B, 0xA7, // "ē" (U+0113)
  0x08, 0x01, 0x2A, 0x4F, 0x30, 0x01, 0x3D, 0x01, // "Ĕ" (U+0114)
  0x04, 0x00, 0x2C, 0x40, 0x31, 0x01, 0x3E, 0x71, // "ĕ" (U+0115)
  0x08, 0x01, 0x2A, 0x4F, 0x30, 0x01, 0x40, 0x09, // "Ė" (U+0116)
  0x04, 0x00, 0x2C, 0x40, 0x31, 0x01, 0x41, 0x54, // "ė" (U+0117)
  0x08, 0xEE, 0x2A, 0x3D, 0x30, 0x01, 0x42, 0xC7, // "Ę" (U+0118)
  0x04, 0xEE, 0x2C, 0x2F, 0x31, 0x01, 0x44, 0x3C, // "ę" (U+0119)
  0x08, 0x01, 0x2A, 0x51, 0x30, 0x01, 0x45, 0xDB, // "Ě" (U+011A)
  0x04, 0x00, 0x2C, 0x42, 0x31, 0x01, 0x47, 0x4F, // "ě" (U+011B)
  0x05, 0x00, 0x38, 0x51, 0x3F, 0x01, 0x48, 0xEC, // "Ĝ" (U+011C)
  0x04, 0xEC, 0x2D, 0x42, 0x35, 0x01, 0x4B, 0x44, // "ĝ" (U+011D)
  0x05, 0x00, 0x38, 0x4F, 0x3F, 0x01, 0x4D, 0xC2, // "Ğ" (U+011E)
  0x04, 0xEC, 0x2D, 0x40, 0x35, 0x01, 0x50, 0x10, // "ğ" (U+011F)
  0x05, 0x00, 0x38, 0x4F, 0x3F, 0x01, 0x52, 0x85, // "Ġ" (U+0120)
  0x04, 0xEC, 0x2D, 0x40, 0x35, 0x01, 0x54, 0xA5, // "ġ" (U+0121)
  0x05, 0xEE, 0x38, 0x3E, 0x3F, 0x01, 0x56, 0xF3, // "Ģ" (U+0122)
  0x04, 0xEC, 0x2D, 0x42, 0x35, 0x01, 0x59, 0x21, // "ģ" (U+0123)
  0x08, 0x01, 0x37, 0x51, 0x40, 0x01, 0x5B, 0x7E, // "Ĥ" (U+0124)
  0xFC, 0x01, 0x2E, 0x55, 0x35, 0x01, 0x5D, 0xA6, // "ĥ" (U+0125)
  0x00, 0x01, 0x3F, 0x3D, 0x40, 0x01, 0x5F, 0xF9, // "Ħ" (U+0126)
  0x00, 0x01, 0x2E, 0x41, 0x35, 0x01, 0x61, 0xF0, // "ħ" (U+0127)
  0xFE, 0x01, 0x1D, 0x4E, 0x1D, 0x01, 0x63, 0xC5, // "Ĩ" (U+0128)
  0xFB, 0x01, 0x1A, 0x3F, 0x16, 0x01, 0x65, 0x45, // "ĩ" (U+0129)
  0x01, 0x01, 0x1A, 0x4A, 0x1D, 0x01, 0x66, 0x74, // "Ī" (U+012A)
  0xFE, 0x01, 0x17, 0x3B, 0x16, 0x01, 0x67, 0x8E, // "ī" (U+012B)
  0x01, 0x01, 0x1C, 0x4F, 0x1D, 0x01, 0x68, 0x5E, // "Ĭ" (U+012C)
  0xFE, 0x01, 0x19, 0x40, 0x16, 0x01, 0x69, 0xB6, // "ĭ" (U+012D)
  0x03, 0xEE, 0x19, 0x3D, 0x1D, 0x01, 0x6A, 0xC3, // "Į" (U+012E)
  0x02, 0xEE, 0x10, 0x40, 0x16, 0x01, 0x6B, 0xFC, // "į" (U+012F)
  0x03, 0x01, 0x19, 0x4F, 0x1D, 0x01, 0x6C, 0xF6, // "İ" (U+0130)
  0x07, 0x01, 0x0E, 0x2E, 0x16, 0x01, 0x6E, 0x08, // "ı" (U+0131)
  0x03, 0xF0, 0x2C, 0x3D, 0x35, 0x01, 0x6E, 0x7B, // "Ĳ" (U+0132)
  0x06, 0xEC, 0x25, 0x40, 0x2C, 0x01, 0x70, 0x98, // "ĳ" (U+0133)
  0xF9, 0xF0, 0x1A, 0x51, 0x17, 0x01, 0x72, 0x7D, // "Ĵ" (U+0134)
  0xFB, 0xEC, 0x19, 0x42, 0x16, 0x01, 0x74, 0x4E, // "ĵ" (U+0135)
  0x08, 0xEE, 0x34, 0x3D, 0x35, 0x01, 0x75, 0xE6, // "Ķ" (U+0136)
  0x07, 0xEE, 0x2C, 0x41, 0x2E, 0x01, 0x78, 0x20, // "ķ" (U+0137)
  0x07, 0x01, 0x2C, 0x2E, 0x2E, 0x01, 0x7A, 0x26, // "ĸ" (U+0138)
  0x06, 0x01, 0x2A, 0x51, 0x2D, 0x01, 0x7B, 0x82, // "Ĺ" (U+0139)
  0x06, 0x01, 0x17, 0x55, 0x16, 0x01, 0x7C, 0xE3, // "ĺ" (U+013A)
  0x08, 0xEE, 0x2A, 0x3D, 0x2D, 0x01, 0x7E, 0x00, // "Ļ" (U+013B)
  0x05, 0xEE, 0x10, 0x41, 0x16, 0x01, 0x7F, 0x56, // "ļ" (U+013C)
  0x08, 0x01, 0x2A, 0x3D, 0x2D, 0x01, 0x80, 0x47, // "Ľ" (U+013D)
  0x07, 0x01, 0x1C, 0x41, 0x16, 0x01, 0x81, 0x7D, // "ľ" (U+013E)
  0x08, 0x01, 0x2A, 0x3D, 0x2D, 0x01, 0x82, 0x80, // "Ŀ" (U+013F)
  0x07, 0x01, 0x1B, 0x41, 0x17, 0x01, 0x83, 0xAF, // "ŀ" (U+0140)
  0x01, 0x01, 0x2A, 0x3D, 0x2D, 0x01, 0x84, 0xB0, // "Ł" (U+0141)
  0xFF, 0x01, 0x16, 0x41, 0x16, 0x01, 0x86, 0x0B, // "ł" (U+0142)
  0x08, 0x01, 0x38, 0x51, 0x41, 0x01, 0x87, 0x24, // "Ń" (U+0143)
  0x07, 0x01, 0x2E, 0x42, 0x35, 0x01, 0x89, 0x73, // "ń" (U+0144)
  0x08, 0xEE, 0x38, 0x3D, 0x41, 0x01, 0x8B, 0x20, // "Ņ" (U+0145)
  0x07, 0xEE, 0x2E, 0x2F, 0x35, 0x01, 0x8D, 0x68, // "ņ" (U+0146)
  0x08, 0x01, 0x38, 0x51, 0x41, 0x01, 0x8F, 0x0E, // "Ň" (U+0147)
  0x07, 0x01, 0x2E, 0x42, 0x35, 0x01, 0x91, 0x79, // "ň" (U+0148)
  0x00, 0x01, 0x34, 0x3D, 0x3B, 0x01, 0x93, 0x3A, // "ŉ" (U+0149)
  0x08, 0xF1, 0x38, 0x3D, 0x41, 0x01, 0x95, 0x17, // "Ŋ" (U+014A)
  0x07, 0xEC, 0x2E, 0x2F, 0x35, 0x01, 0x97, 0x79, // "ŋ" (U+014B)
  0x05, 0x00, 0x3D, 0x4A, 0x43, 0x01, 0x99, 0x4C, // "Ō" (U+014C)
  0x04, 0x00, 0x2F, 0x3B, 0x34, 0x01, 0x9B, 0x9E, // "ō" (U+014D)
  0x05, 0x00, 0x3D, 0x4F, 0x43, 0x01, 0x9D, 0x35, // "Ŏ" (U+014E)
  0x04, 0x00, 0x2F, 0x40, 0x34, 0x01, 0x9F, 0xCB, // "ŏ" (U+014F)
  0x05, 0x00, 0x3D, 0x51, 0x43, 0x01, 0xA1, 0xA3, // "Ő" (U+0150)
  0x04, 0x00, 0x2F, 0x42, 0x34, 0x01, 0xA4, 0x48, // "ő" (U+0151)
  0x05, 0x00, 0x4A, 0x3E, 0x50, 0x01, 0xA6, 0x2B, // "Œ" (U+0152)
  0x04, 0x00, 0x4C, 0x2F, 0x51, 0x01, 0xA8, 0x46, // "œ" (U+0153)
  0x08, 0x01, 0x33, 0x51, 0x35, 0x01, 0xAA, 0x94, // "Ŕ" (U+0154)
  0x07, 0x01, 0x22, 0x42, 0x24, 0x01, 0xAC, 0xAF, // "ŕ" (U+0155)
  0x08, 0xEE, 0x33, 0x3D, 0x35, 0x01, 0xAD, 0xD3, // "Ŗ" (U+0156)
  0x05, 0xEE, 0x22, 0x2F, 0x24, 0x01, 0xAF, 0xE6, // "ŗ" (U+0157)
  0x08, 0x01, 0x33, 0x51, 0x35, 0x01, 0xB1, 0x19, // "Ř" (U+0158)
  0x06, 0x01, 0x23, 0x42, 0x24, 0x01, 0xB3, 0x4C, // "ř" (U+0159)
  0x04, 0x00, 0x2B, 0x51, 0x2F, 0x01, 0xB4, 0x98, // "Ś" (U+015A)
  0x04, 0x00, 0x25, 0x42, 0x29, 0x01, 0xB6, 0x82, // "ś" (U+015B)
  0x04, 0x00, 0x2B, 0x51, 0x2F, 0x01, 0xB7, 0xFB, // "Ŝ" (U+015C)
  0x04, 0x00, 0x25, 0x42, 0x29, 0x01, 0xB9, 0xFE, // "ŝ" (U+015D)
  0x04, 0xEC, 0x2B, 0x3E, 0x2F, 0x01, 0xBB, 0x91, // "Ş" (U+015E)
  0x04, 0xEC, 0x25, 0x2F, 0x29, 0x01, 0xBD, 0xA4, // "ş" (U+015F)
  0x04, 0x00, 0x2B, 0x51, 0x2F, 0x01, 0xBF, 0x43, // "Š" (U+0160)
  0x04, 0x00, 0x25, 0x42, 0x29, 0x01, 0xC1, 0x41, // "š" (U+0161)
  0x00, 0xEC, 0x2E, 0x3D, 0x30, 0x01, 0xC2, 0xCF, // "Ţ" (U+0162)
  0x01, 0xEC, 0x1D, 0x39, 0x1F, 0x01, 0xC4, 0x4E, // "ţ" (U+0163)
  0x00, 0x01, 0x2E, 0x51, 0x30, 0x01, 0xC5, 0xBC, // "Ť" (U+0164)
  0x01, 0x00, 0x28, 0x41, 0x1F, 0x01, 0xC7, 0x23, // "ť" (U+0165)
  0x00, 0x01, 0x2E, 0x3D, 0x30, 0x01, 0xC8, 0x8F, // "Ŧ" (U+0166)
  0x01, 0x00, 0x1D, 0x39, 0x1F, 0x01, 0xC9, 0x9A, // "ŧ" (U+0167)
  0x07, 0x00, 0x36, 0x4E, 0x3F, 0x01, 0xCA, 0xA1, // "Ũ" (U+0168)
  0x06, 0x00, 0x2D, 0x3F, 0x35, 0x01, 0xCC, 0xC9, // "ũ" (U+0169)
  0x07, 0x00, 0x36, 0x4A, 0x3F, 0x01, 0xCE, 0x90, // "Ū" (U+016A)
  0x06, 0x00, 0x2D, 0x3B, 0x35, 0x01, 0xD0, 0x73, // "ū" (U+016B)
  0x07, 0x00, 0x36, 0x4F, 0x3F, 0x01, 0xD1, 0xF3, // "Ŭ" (U+016C)
  0x06, 0x00, 0x2D, 0x40, 0x35, 0x01, 0xD4, 0x16, // "ŭ" (U+016D)
  0x07, 0x00, 0x36, 0x55, 0x3F, 0x01, 0xD5, 0xD6, // "Ů" (U+016E)
  0x06, 0x00, 0x2D, 0x46, 0x35, 0x01, 0xD8, 0x20, // "ů" (U+016F)
  0x07, 0x00, 0x36, 0x51, 0x3F, 0x01, 0xDA, 0x05, // "Ű" (U+0170)
  0x06, 0x00, 0x2E, 0x42, 0x35, 0x01, 0xDC, 0x37, // "ű" (U+0171)
  0x07, 0xEE, 0x36, 0x3D, 0x3F, 0x01, 0xDE, 0x16, // "Ų" (U+0172)
  0x06, 0xEE, 0x2E, 0x2E, 0x35, 0x01, 0xE0, 0x32, // "ų" (U+0173)
  0x01, 0x01, 0x4E, 0x51, 0x50, 0x01, 0xE2, 0x09, // "Ŵ" (U+0174)
  0x01, 0x01, 0x42, 0x42, 0x44, 0x01, 0xE5, 0x8C, // "ŵ" (U+0175)
  0x00, 0x01, 0x30, 0x51, 0x31, 0x01, 0xE8, 0x28, // "Ŷ" (U+0176)
  0x00, 0xEC, 0x2B, 0x42, 0x2C, 0x01, 0xEA, 0x2A, // "ŷ" (U+0177)
  0x00, 0x01, 0x30, 0x4E, 0x31, 0x01, 0xEC, 0x52, // "Ÿ" (U+0178)
  0x03, 0x01, 0x2D, 0x51, 0x31, 0x01, 0xEE, 0x37, // "Ź" (U+0179)
  0x03, 0x01, 0x25, 0x42, 0x28, 0x01, 0xEF, 0xD2, // "ź" (U+017A)
  0x03, 0x01, 0x2D, 0x4F, 0x31, 0x01, 0xF0, 0xFE, // "Ż" (U+017B)
  0x03, 0x01, 0x25, 0x40, 0x28, 0x01, 0xF2, 0x83, // "ż" (U+017C)
  0x03, 0x01, 0x2D, 0x51, 0x31, 0x01, 0xF3, 0x9C, // "Ž" (U+017D)
  0x03, 0x01, 0x25, 0x42, 0x28, 0x01, 0xF5, 0x4E, // "ž" (U+017E)
  0x07, 0x01, 0x1E, 0x42, 0x1C, 0x01, 0xF6, 0x90, // "ſ" (U+017F)
  0x03, 0x01, 0x40, 0x3E, 0x43, 0x01, 0xF7, 0xAB, // "Ω" (U+03A9)
  0x07, 0xEC, 0x2E, 0x2E, 0x36, 0x01, 0xF9, 0xD6, // "μ" (U+03BC)
  0x01, 0x00, 0x35, 0x2E, 0x39, 0x01, 0xFB, 0x9F, // "π" (U+03C0)
  0x03, 0x15, 0x27, 0x1B, 0x2B, 0x01, 0xFD, 0x11, // "–" (U+2013)
  0x03, 0x15, 0x52, 0x1B, 0x56, 0x01, 0xFD, 0x2E, // "—" (U+2014)
  0x02, 0xF6, 0x1A, 0x1B, 0x1E, 0x01, 0xFD, 0x4F, // "₂" (U+2082)
  0x01, 0xF5, 0x1B, 0x1B, 0x1E, 0x01, 0xFE, 0x15, // "₃" (U+2083)
  0x00, 0xF6, 0x1D, 0x1A, 0x1E, 0x01, 0xFE, 0xF1, // "₄" (U+2084)
  0x02, 0xF5, 0x1B, 0x1A, 0x1E, 0x01, 0xFF, 0xBE, // "₅" (U+2085)
  0x02, 0x00, 0x2F, 0x3E, 0x31, 0x02, 0x00, 0x80, // "€" (U+20AC)
  0x08, 0xF8, 0x2E, 0x46, 0x31, 0x02, 0x01, 0xFF, // "₿" (U+20BF)
  0x01, 0x29, 0x0D, 0x3D, 0x0F, 0x02, 0x04, 0x39, // "‘" (U+2018)
  0x01, 0x29, 0x0D, 0x3D, 0x0F, 0x02, 0x04, 0x79, // "’" (U+2019)
  0x03, 0xF6, 0x0F, 0x0A, 0x16, 0x02, 0x04, 0xB7, // "‚" (U+201A)
  0x01, 0x29, 0x0D, 0x3D, 0x0F, 0x02, 0x04, 0xF5, // "‛" (U+201B)
  0x01, 0x29, 0x1D, 0x3D, 0x1F, 0x02, 0x05, 0x33, // "“" (U+201C)
  0x01, 0x29, 0x1D, 0x3D, 0x1F, 0x02, 0x05, 0xB6, // "”" (U+201D)
  0x03, 0xF6, 0x1F, 0x0A, 0x24, 0x02, 0x06, 0x38, // "„" (U+201E)
  0x01, 0x29, 0x1D, 0x3D, 0x1F, 0x02, 0x06, 0xBA, // "‟" (U+201F)
  0x05, 0x01, 0x26, 0x41, 0x2C, 0x02, 0x07, 0x3C, // "†" (U+2020)
  0x05, 0x01, 0x26, 0x41, 0x2C, 0x02, 0x08, 0x7C, // "‡" (U+2021)
  0x06, 0x16, 0x19, 0x2A, 0x20, 0x02, 0x09, 0xD6, // "•" (U+2022)
  0x06, 0x00, 0x3D, 0x0B, 0x44, 0x02, 0x0A, 0x2F, // "…" (U+2026)
  0x04, 0x00, 0x60, 0x3E, 0x65, 0x02, 0x0A, 0xC1, // "‰" (U+2030)
  0x03, 0x06, 0x17, 0x29, 0x1B, 0x02, 0x0E, 0xB3, // "‹" (U+2039)
  0x03, 0x06, 0x17, 0x29, 0x1B, 0x02, 0x0F, 0x46, // "›" (U+203A)
  0xEF, 0x01, 0x1B, 0x3D, 0x0B, 0x02, 0x0F, 0xD9, // "⁄" (U+2044)
  0x01, 0x20, 0x3C, 0x3E, 0x42, 0x02, 0x11, 0x1E, // "™" (U+2122)
  0x03, 0x00, 0x57, 0x3E, 0x59, 0x02, 0x12, 0xBA, // "⅒" (U+2152)
  0x01, 0x01, 0x2D, 0x42, 0x34, 0x02, 0x16, 0x1A, // "ﬁ" (U+FB01)
  0x01, 0x01, 0x2C, 0x42, 0x34, 0x02, 0x18, 0x13, // "ﬂ" (U+FB02)
  
  // Kerning (27 classes, 149 sources, 891 entries, 3234 bytes).
  
  // Kerning header.
  0x00, 0x1B, 0x00, 0x95, 0x03, 0x7B,
  
  // Kerning sources.
  0x00, 0x01, 0x00, // """ (U+0022) -> class 0
  0x00, 0x05, 0x01, // "&" (U+0026) -> class 1
  0x00, 0x06, 0x00, // "'" (U+0027) -> class 0
  0x00, 0x0B, 0x02, // "," (U+002C) -> class 2
  0x00, 0x0C, 0x03, // "-" (U+002D) -> class 3
  0x00, 0x0D, 0x02, // "." (U+002E) -> class 2
  0x00, 0x20, 0x04, // "A" (U+0041) -> class 4
  0x00, 0x21, 0x05, // "B" (U+0042) -> class 5
  0x00, 0x22, 0x06, // "C" (U+0043) -> class 6
  0x00, 0x23, 0x07, // "D" (U+0044) -> class 7
  0x00, 0x25, 0x08, // "F" (U+0046) -> class 8
  0x00, 0x2A, 0x06, // "K" (U+004B) -> class 6
  0x00, 0x2B, 0x09, // "L" (U+004C) -> class 9
  0x00, 0x2E, 0x07, // "O" (U+004F) -> class 7
  0x00, 0x2F, 0x0A, // "P" (U+0050) -> class 10
  0x00, 0x30, 0x07, // "Q" (U+0051) -> class 7
  0x00, 0x31, 0x0B, // "R" (U+0052) -> class 11
  0x00, 0x33, 0x0C, // "T" (U+0054) -> class 12
  0x00, 0x34, 0x0D, // "U" (U+0055) -> class 13
  0x00, 0x35, 0x0E, // "V" (U+0056) -> class 14
  0x00, 0x36, 0x0E, // "W" (U+0057) -> class 14
  0x00, 0x37, 0x06, // "X" (U+0058) -> class 6
  0x00, 0x38, 0x0F, // "Y" (U+0059) -> class 15
  0x00, 0x39, 0x10, // "Z" (U+005A) -> class 16
  0x00, 0x40, 0x11, // "a" (U+0061) -> class 17
  0x00, 0x41, 0x12, // "b" (U+0062) -> class 18
  0x00, 0x44, 0x12, // "e" (U+0065) -> class 18
  0x00, 0x45, 0x13, // "f" (U+0066) -> class 19
  0x00, 0x47, 0x11, // "h" (U+0068) -> class 17
  0x00, 0x4C, 0x11, // "m" (U+006D) -> class 17
  0x00, 0x4D, 0x11, // "n" (U+006E) -> class 17
  0x00, 0x4E, 0x12, // "o" (U+006F) -> class 18
  0x00, 0x4F, 0x12, // "p" (U+0070) -> class 18
  0x00, 0x51, 0x14, // "r" (U+0072) -> class 20
  0x00, 0x55, 0x15, // "v" (U+0076) -> class 21
  0x00, 0x56, 0x15, // "w" (U+0077) -> class 21
  0x00, 0x57, 0x16, // "x" (U+0078) -> class 22
  0x00, 0x58, 0x15, // "y" (U+0079) -> class 21
  0x00, 0x5E, 0x17, // "¡" (U+00A1) -> class 23
  0x00, 0x68, 0x18, // "«" (U+00AB) -> class 24
  0x00, 0x77, 0x19, // "»" (U+00BB) -> class 25
  0x00, 0x7B, 0x1A, // "¿" (U+00BF) -> class 26
  0x00, 0x7C, 0x04, // "À" (U+00C0) -> class 4
  0x00, 0x7D, 0x04, // "Á" (U+00C1) -> class 4
  0x00, 0x7E, 0x04, // "Â" (U+00C2) -> class 4
  0x00, 0x7F, 0x04, // "Ã" (U+00C3) -> class 4
  0x00, 0x80, 0x04, // "Ä" (U+00C4) -> class 4
  0x00, 0x81, 0x04, // "Å" (U+00C5) -> class 4
  0x00, 0x83, 0x06, // "Ç" (U+00C7) -> class 6
  0x00, 0x8C, 0x07, // "Ð" (U+00D0) -> class 7
  0x00, 0x8E, 0x07, // "Ò" (U+00D2) -> class 7
  0x00, 0x8F, 0x07, // "Ó" (U+00D3) -> class 7
  0x00, 0x90, 0x07, // "Ô" (U+00D4) -> class 7
  0x00, 0x91, 0x07, // "Õ" (U+00D5) -> class 7
  0x00, 0x92, 0x07, // "Ö" (U+00D6) -> class 7
  0x00, 0x94, 0x07, // "Ø" (U+00D8) -> class 7
  0x00, 0x95, 0x0D, // "Ù" (U+00D9) -> class 13
  0x00, 0x96, 0x0D, // "Ú" (U+00DA) -> class 13
  0x00, 0x97, 0x0D, // "Û" (U+00DB) -> class 13
  0x00, 0x98, 0x0D, // "Ü" (U+00DC) -> class 13
  0x00, 0x99, 0x0F, // "Ý" (U+00DD) -> class 15
  0x00, 0x9A, 0x0A, // "Þ" (U+00DE) -> class 10
  0x00, 0x9C, 0x11, // "à" (U+00E0) -> class 17
  0x00, 0x9D, 0x11, // "á" (U+00E1) -> class 17
  0x00, 0x9E, 0x11, // "â" (U+00E2) -> class 17
  0x00, 0x9F, 0x11, // "ã" (U+00E3) -> class 17
  0x00, 0xA0, 0x11, // "ä" (U+00E4) -> class 17
  0x00, 0xA1, 0x11, // "å" (U+00E5) -> class 17
  0x00, 0xA2, 0x12, // "æ" (U+00E6) -> class 18
  0x00, 0xA4, 0x12, // "è" (U+00E8) -> class 18
  0x00, 0xA5, 0x12, // "é" (U+00E9) -> class 18
  0x00, 0xA6, 0x12, // "ê" (U+00EA) -> class 18
  0x00, 0xA7, 0x12, // "ë" (U+00EB) -> class 18
  0x00, 0xAC, 0x12, // "ð" (U+00F0) -> class 18
  0x00, 0xAE, 0x12, // "ò" (U+00F2) -> class 18
  0x00, 0xAF, 0x12, // "ó" (U+00F3) -> class 18
  0x00, 0xB0, 0x12, // "ô" (U+00F4) -> class 18
  0x00, 0xB1, 0x12, // "õ" (U+00F5) -> class 18
  0x00, 0xB2, 0x12, // "ö" (U+00F6) -> class 18
  0x00, 0xB4, 0x12, // "ø" (U+00F8) -> class 18
  0x00, 0xB9, 0x15, // "ý" (U+00FD) -> class 21
  0x00, 0xBA, 0x12, // "þ" (U+00FE) -> class 18
  0x00, 0xBB, 0x15, // "ÿ" (U+00FF) -> class 21
  0x00, 0xBC, 0x04, // "Ā" (U+0100) -> class 4
  0x00, 0xBD, 0x11, // "ā" (U+0101) -> class 17
  0x00, 0xBE, 0x04, // "Ă" (U+0102) -> class 4
  0x00, 0xBF, 0x11, // "ă" (U+0103) -> class 17
  0x00, 0xC0, 0x04, // "Ą" (U+0104) -> class 4
  0x00, 0xC1, 0x11, // "ą" (U+0105) -> class 17
  0x00, 0xC2, 0x06, // "Ć" (U+0106) -> class 6
  0x00, 0xC4, 0x06, // "Ĉ" (U+0108) -> class 6
  0x00, 0xC6, 0x06, // "Ċ" (U+010A) -> class 6
  0x00, 0xC8, 0x06, // "Č" (U+010C) -> class 6
  0x00, 0xCA, 0x07, // "Ď" (U+010E) -> class 7
  0x00, 0xCC, 0x07, // "Đ" (U+0110) -> class 7
  0x00, 0xCF, 0x12, // "ē" (U+0113) -> class 18
  0x00, 0xD1, 0x12, // "ĕ" (U+0115) -> class 18
  0x00, 0xD3, 0x12, // "ė" (U+0117) -> class 18
  0x00, 0xD5, 0x12, // "ę" (U+0119) -> class 18
  0x00, 0xD7, 0x12, // "ě" (U+011B) -> class 18
  0x00, 0xE1, 0x11, // "ĥ" (U+0125) -> class 17
  0x00, 0xF2, 0x06, // "Ķ" (U+0136) -> class 6
  0x00, 0xF4, 0x16, // "ĸ" (U+0138) -> class 22
  0x00, 0xF5, 0x09, // "Ĺ" (U+0139) -> class 9
  0x00, 0xF7, 0x09, // "Ļ" (U+013B) -> class 9
  0x00, 0xF9, 0x09, // "Ľ" (U+013D) -> class 9
  0x00, 0xFB, 0x09, // "Ŀ" (U+013F) -> class 9
  0x00, 0xFD, 0x09, // "Ł" (U+0141) -> class 9
  0x01, 0x00, 0x11, // "ń" (U+0144) -> class 17
  0x01, 0x02, 0x11, // "ņ" (U+0146) -> class 17
  0x01, 0x05, 0x11, // "ŉ" (U+0149) -> class 17
  0x01, 0x07, 0x11, // "ŋ" (U+014B) -> class 17
  0x01, 0x08, 0x07, // "Ō" (U+014C) -> class 7
  0x01, 0x09, 0x12, // "ō" (U+014D) -> class 18
  0x01, 0x0A, 0x07, // "Ŏ" (U+014E) -> class 7
  0x01, 0x0B, 0x12, // "ŏ" (U+014F) -> class 18
  0x01, 0x0C, 0x07, // "Ő" (U+0150) -> class 7
  0x01, 0x0D, 0x12, // "ő" (U+0151) -> class 18
  0x01, 0x0F, 0x12, // "œ" (U+0153) -> class 18
  0x01, 0x11, 0x14, // "ŕ" (U+0155) -> class 20
  0x01, 0x13, 0x14, // "ŗ" (U+0157) -> class 20
  0x01, 0x15, 0x14, // "ř" (U+0159) -> class 20
  0x01, 0x1E, 0x0C, // "Ţ" (U+0162) -> class 12
  0x01, 0x20, 0x0C, // "Ť" (U+0164) -> class 12
  0x01, 0x22, 0x0C, // "Ŧ" (U+0166) -> class 12
  0x01, 0x24, 0x0D, // "Ũ" (U+0168) -> class 13
  0x01, 0x26, 0x0D, // "Ū" (U+016A) -> class 13
  0x01, 0x28, 0x0D, // "Ŭ" (U+016C) -> class 13
  0x01, 0x2A, 0x0D, // "Ů" (U+016E) -> class 13
  0x01, 0x2C, 0x0D, // "Ű" (U+0170) -> class 13
  0x01, 0x2E, 0x0D, // "Ų" (U+0172) -> class 13
  0x01, 0x30, 0x0E, // "Ŵ" (U+0174) -> class 14
  0x01, 0x31, 0x15, // "ŵ" (U+0175) -> class 21
  0x01, 0x32, 0x0F, // "Ŷ" (U+0176) -> class 15
  0x01, 0x33, 0x15, // "ŷ" (U+0177) -> class 21
  0x01, 0x34, 0x0F, // "Ÿ" (U+0178) -> class 15
  0x01, 0x35, 0x10, // "Ź" (U+0179) -> class 16
  0x01, 0x37, 0x10, // "Ż" (U+017B) -> class 16
  0x01, 0x39, 0x10, // "Ž" (U+017D) -> class 16
  0x01, 0x3F, 0x03, // "–" (U+2013) -> class 3
  0x01, 0x40, 0x03, // "—" (U+2014) -> class 3
  0x01, 0x47, 0x00, // "‘" (U+2018) -> class 0
  0x01, 0x48, 0x00, // "’" (U+2019) -> class 0
  0x01, 0x49, 0x02, // "‚" (U+201A) -> class 2
  0x01, 0x4B, 0x00, // "“" (U+201C) -> class 0
  0x01, 0x4C, 0x00, // "”" (U+201D) -> class 0
  0x01, 0x4D, 0x02, // "„" (U+201E) -> class 2
  0x01, 0x54, 0x18, // "‹" (U+2039) -> class 24
  0x01, 0x55, 0x19, // "›" (U+203A) -> class 25
  
  // Kerning classes.
  0x00, 0x00, 0x00, 0x53, // class 0 entries
  0x00, 0x53, 0x00, 0x0B, // class 1 entries
  0x00, 0x5E, 0x00, 0x2D, // class 2 entries
  0x00, 0x8B, 0x00, 0x04, // class 3 entries
  0x00, 0x8F, 0x00, 0x26, // class 4 entries
  0x00, 0xB5, 0x00, 0x05, // class 5 entries
  0x00, 0xBA, 0x00, 0x19, // class 6 entries
  0x00, 0xD3, 0x00, 0x1F, // class 7 entries
  0x00, 0xF2, 0x00, 0x0F, // class 8 entries
  0x01, 0x01, 0x00, 0x31, // class 9 entries
  0x01, 0x32, 0x00, 0x18, // class 10 entries
  0x01, 0x4A, 0x00, 0x02, // class 11 entries
  0x01, 0x4C, 0x00, 0x81, // class 12 entries
  0x01, 0xCD, 0x00, 0x0F, // class 13 entries
  0x01, 0xDC, 0x00, 0x71, // class 14 entries
  0x02, 0x4D, 0x00, 0x76, // class 15 entries
  0x02, 0xC3, 0x00, 0x19, // class 16 entries
  0x02, 0xDC, 0x00, 0x04, // class 17 entries
  0x02, 0xE0, 0x00, 0x10, // class 18 entries
  0x02, 0xF0, 0x00, 0x05, // class 19 entries
  0x02, 0xF5, 0x00, 0x34, // class 20 entries
  0x03, 0x29, 0x00, 0x05, // class 21 entries
  0x03, 0x2E, 0x00, 0x20, // class 22 entries
  0x03, 0x4E, 0x00, 0x0B, // class 23 entries
  0x03, 0x59, 0x00, 0x0B, // class 24 entries
  0x03, 0x64, 0x00, 0x0C, // class 25 entries
  0x03, 0x70, 0x00, 0x0B, // class 26 entries
  
  // Kerning destinations.
  0x00, 0x20, 0x06, // class 0 -> "A" (U+0041)
  0x00, 0x40, 0x03, // class 0 -> "a" (U+0061)
  0x00, 0x42, 0x05, // class 0 -> "c" (U+0063)
  0x00, 0x43, 0x05, // class 0 -> "d" (U+0064)
  0x00, 0x44, 0x05, // class 0 -> "e" (U+0065)
  0x00, 0x46, 0x03, // class 0 -> "g" (U+0067)
  0x00, 0x4C, 0x03, // class 0 -> "m" (U+006D)
  0x00, 0x4D, 0x03, // class 0 -> "n" (U+006E)
  0x00, 0x4E, 0x05, // class 0 -> "o" (U+006F)
  0x00, 0x4F, 0x03, // class 0 -> "p" (U+0070)
  0x00, 0x50, 0x05, // class 0 -> "q" (U+0071)
  0x00, 0x51, 0x03, // class 0 -> "r" (U+0072)
  0x00, 0x52, 0x03, // class 0 -> "s" (U+0073)
  0x00, 0x54, 0x03, // class 0 -> "u" (U+0075)
  0x00, 0x7C, 0x06, // class 0 -> "À" (U+00C0)
  0x00, 0x7D, 0x06, // class 0 -> "Á" (U+00C1)
  0x00, 0x7E, 0x06, // class 0 -> "Â" (U+00C2)
  0x00, 0x7F, 0x06, // class 0 -> "Ã" (U+00C3)
  0x00, 0x80, 0x06, // class 0 -> "Ä" (U+00C4)
  0x00, 0x81, 0x06, // class 0 -> "Å" (U+00C5)
  0x00, 0x82, 0x07, // class 0 -> "Æ" (U+00C6)
  0x00, 0x9C, 0x05, // class 0 -> "à" (U+00E0)
  0x00, 0x9D, 0x03, // class 0 -> "á" (U+00E1)
  0x00, 0x9E, 0x03, // class 0 -> "â" (U+00E2)
  0x00, 0x9F, 0x03, // class 0 -> "ã" (U+00E3)
  0x00, 0xA0, 0x03, // class 0 -> "ä" (U+00E4)
  0x00, 0xA1, 0x03, // class 0 -> "å" (U+00E5)
  0x00, 0xA2, 0x03, // class 0 -> "æ" (U+00E6)
  0x00, 0xA3, 0x05, // class 0 -> "ç" (U+00E7)
  0x00, 0xA4, 0x05, // class 0 -> "è" (U+00E8)
  0x00, 0xA5, 0x05, // class 0 -> "é" (U+00E9)
  0x00, 0xA6, 0x05, // class 0 -> "ê" (U+00EA)
  0x00, 0xA7, 0x05, // class 0 -> "ë" (U+00EB)
  0x00, 0xAE, 0x05, // class 0 -> "ò" (U+00F2)
  0x00, 0xAF, 0x05, // class 0 -> "ó" (U+00F3)
  0x00, 0xB0, 0x05, // class 0 -> "ô" (U+00F4)
  0x00, 0xB1, 0x05, // class 0 -> "õ" (U+00F5)
  0x00, 0xB2, 0x05, // class 0 -> "ö" (U+00F6)
  0x00, 0xB4, 0x05, // class 0 -> "ø" (U+00F8)
  0x00, 0xB5, 0x03, // class 0 -> "ù" (U+00F9)
  0x00, 0xB6, 0x03, // class 0 -> "ú" (U+00FA)
  0x00, 0xB7, 0x03, // class 0 -> "û" (U+00FB)
  0x00, 0xB8, 0x03, // class 0 -> "ü" (U+00FC)
  0x00, 0xBC, 0x06, // class 0 -> "Ā" (U+0100)
  0x00, 0xBD, 0x03, // class 0 -> "ā" (U+0101)
  0x00, 0xBE, 0x06, // class 0 -> "Ă" (U+0102)
  0x00, 0xBF, 0x03, // class 0 -> "ă" (U+0103)
  0x00, 0xC0, 0x06, // class 0 -> "Ą" (U+0104)
  0x00, 0xC1, 0x03, // class 0 -> "ą" (U+0105)
  0x00, 0xC3, 0x05, // class 0 -> "ć" (U+0107)
  0x00, 0xC5, 0x05, // class 0 -> "ĉ" (U+0109)
  0x00, 0xC7, 0x05, // class 0 -> "ċ" (U+010B)
  0x00, 0xC9, 0x05, // class 0 -> "č" (U+010D)
  0x00, 0xCB, 0x05, // class 0 -> "ď" (U+010F)
  0x00, 0xCD, 0x05, // class 0 -> "đ" (U+0111)
  0x00, 0xCF, 0x05, // class 0 -> "ē" (U+0113)
  0x00, 0xD1, 0x05, // class 0 -> "ĕ" (U+0115)
  0x00, 0xD3, 0x05, // class 0 -> "ė" (U+0117)
  0x00, 0xD5, 0x05, // class 0 -> "ę" (U+0119)
  0x00, 0xD7, 0x05, // class 0 -> "ě" (U+011B)
  0x00, 0xD9, 0x03, // class 0 -> "ĝ" (U+011D)
  0x00, 0xDB, 0x03, // class 0 -> "ğ" (U+011F)
  0x00, 0xDD, 0x03, // class 0 -> "ġ" (U+0121)
  0x00, 0xDF, 0x03, // class 0 -> "ģ" (U+0123)
  0x00, 0xF4, 0x03, // class 0 -> "ĸ" (U+0138)
  0x01, 0x00, 0x03, // class 0 -> "ń" (U+0144)
  0x01, 0x02, 0x03, // class 0 -> "ņ" (U+0146)
  0x01, 0x07, 0x03, // class 0 -> "ŋ" (U+014B)
  0x01, 0x09, 0x05, // class 0 -> "ō" (U+014D)
  0x01, 0x0B, 0x05, // class 0 -> "ŏ" (U+014F)
  0x01, 0x0D, 0x05, // class 0 -> "ő" (U+0151)
  0x01, 0x0F, 0x05, // class 0 -> "œ" (U+0153)
  0x01, 0x11, 0x03, // class 0 -> "ŕ" (U+0155)
  0x01, 0x13, 0x03, // class 0 -> "ŗ" (U+0157)
  0x01, 0x17, 0x03, // class 0 -> "ś" (U+015B)
  0x01, 0x1B, 0x03, // class 0 -> "ş" (U+015F)
  0x01, 0x25, 0x03, // class 0 -> "ũ" (U+0169)
  0x01, 0x27, 0x03, // class 0 -> "ū" (U+016B)
  0x01, 0x29, 0x03, // class 0 -> "ŭ" (U+016D)
  0x01, 0x2B, 0x03, // class 0 -> "ů" (U+016F)
  0x01, 0x2D, 0x03, // class 0 -> "ű" (U+0171)
  0x01, 0x2F, 0x03, // class 0 -> "ų" (U+0173)
  0x01, 0x3D, 0x02, // class 0 -> "μ" (U+03BC)
  0x00, 0x33, 0x05, // class 1 -> "T" (U+0054)
  0x00, 0x35, 0x02, // class 1 -> "V" (U+0056)
  0x00, 0x36, 0x02, // class 1 -> "W" (U+0057)
  0x00, 0x38, 0x03, // class 1 -> "Y" (U+0059)
  0x00, 0x99, 0x03, // class 1 -> "Ý" (U+00DD)
  0x01, 0x1E, 0x05, // class 1 -> "Ţ" (U+0162)
  0x01, 0x20, 0x05, // class 1 -> "Ť" (U+0164)
  0x01, 0x22, 0x05, // class 1 -> "Ŧ" (U+0166)
  0x01, 0x30, 0x02, // class 1 -> "Ŵ" (U+0174)
  0x01, 0x32, 0x03, // class 1 -> "Ŷ" (U+0176)
  0x01, 0x34, 0x03, // class 1 -> "Ÿ" (U+0178)
  0x00, 0x22, 0x04, // class 2 -> "C" (U+0043)
  0x00, 0x26, 0x04, // class 2 -> "G" (U+0047)
  0x00, 0x2E, 0x04, // class 2 -> "O" (U+004F)
  0x00, 0x30, 0x04, // class 2 -> "Q" (U+0051)
  0x00, 0x33, 0x06, // class 2 -> "T" (U+0054)
  0x00, 0x34, 0x02, // class 2 -> "U" (U+0055)
  0x00, 0x35, 0x05, // class 2 -> "V" (U+0056)
  0x00, 0x36, 0x05, // class 2 -> "W" (U+0057)
  0x00, 0x38, 0x05, // class 2 -> "Y" (U+0059)
  0x00, 0x83, 0x04, // class 2 -> "Ç" (U+00C7)
  0x00, 0x8E, 0x04, // class 2 -> "Ò" (U+00D2)
  0x00, 0x8F, 0x04, // class 2 -> "Ó" (U+00D3)
  0x00, 0x90, 0x04, // class 2 -> "Ô" (U+00D4)
  0x00, 0x91, 0x04, // class 2 -> "Õ" (U+00D5)
  0x00, 0x92, 0x04, // class 2 -> "Ö" (U+00D6)
  0x00, 0x94, 0x04, // class 2 -> "Ø" (U+00D8)
  0x00, 0x95, 0x02, // class 2 -> "Ù" (U+00D9)
  0x00, 0x96, 0x02, // class 2 -> "Ú" (U+00DA)
  0x00, 0x97, 0x02, // class 2 -> "Û" (U+00DB)
  0x00, 0x98, 0x02, // class 2 -> "Ü" (U+00DC)
  0x00, 0x99, 0x05, // class 2 -> "Ý" (U+00DD)
  0x00, 0xC2, 0x04, // class 2 -> "Ć" (U+0106)
  0x00, 0xC4, 0x04, // class 2 -> "Ĉ" (U+0108)
  0x00, 0xC6, 0x04, // class 2 -> "Ċ" (U+010A)
  0x00, 0xC8, 0x04, // class 2 -> "Č" (U+010C)
  0x00, 0xD8, 0x04, // class 2 -> "Ĝ" (U+011C)
  0x00, 0xDA, 0x04, // class 2 -> "Ğ" (U+011E)
  0x00, 0xDC, 0x04, // class 2 -> "Ġ" (U+0120)
  0x00, 0xDE, 0x04, // class 2 -> "Ģ" (U+0122)
  0x01, 0x08, 0x04, // class 2 -> "Ō" (U+014C)
  0x01, 0x0A, 0x04, // class 2 -> "Ŏ" (U+014E)
  0x01, 0x0C, 0x04, // class 2 -> "Ő" (U+0150)
  0x01, 0x0E, 0x04, // class 2 -> "Œ" (U+0152)
  0x01, 0x1E, 0x06, // class 2 -> "Ţ" (U+0162)
  0x01, 0x20, 0x06, // class 2 -> "Ť" (U+0164)
  0x01, 0x22, 0x06, // class 2 -> "Ŧ" (U+0166)
  0x01, 0x24, 0x02, // class 2 -> "Ũ" (U+0168)
  0x01, 0x26, 0x02, // class 2 -> "Ū" (U+016A)
  0x01, 0x28, 0x02, // class 2 -> "Ŭ" (U+016C)
  0x01, 0x2A, 0x02, // class 2 -> "Ů" (U+016E)
  0x01, 0x2C, 0x02, // class 2 -> "Ű" (U+0170)
  0x01, 0x2E, 0x02, // class 2 -> "Ų" (U+0172)
  0x01, 0x30, 0x05, // class 2 -> "Ŵ" (U+0174)
  0x01, 0x32, 0x05, // class 2 -> "Ŷ" (U+0176)
  0x01, 0x34, 0x05, // class 2 -> "Ÿ" (U+0178)
  0x00, 0x33, 0x03, // class 3 -> "T" (U+0054)
  0x01, 0x1E, 0x03, // class 3 -> "Ţ" (U+0162)
  0x01, 0x20, 0x03, // class 3 -> "Ť" (U+0164)
  0x01, 0x22, 0x03, // class 3 -> "Ŧ" (U+0166)
  0x00, 0x01, 0x06, // class 4 -> """ (U+0022)
  0x00, 0x06, 0x06, // class 4 -> "'" (U+0027)
  0x00, 0x22, 0x02, // class 4 -> "C" (U+0043)
  0x00, 0x26, 0x02, // class 4 -> "G" (U+0047)
  0x00, 0x2E, 0x02, // class 4 -> "O" (U+004F)
  0x00, 0x30, 0x02, // class 4 -> "Q" (U+0051)
  0x00, 0x33, 0x06, // class 4 -> "T" (U+0054)
  0x00, 0x35, 0x03, // class 4 -> "V" (U+0056)
  0x00, 0x36, 0x03, // class 4 -> "W" (U+0057)
  0x00, 0x38, 0x05, // class 4 -> "Y" (U+0059)
  0x00, 0x83, 0x02, // class 4 -> "Ç" (U+00C7)
  0x00, 0x8E, 0x02, // class 4 -> "Ò" (U+00D2)
  0x00, 0x8F, 0x02, // class 4 -> "Ó" (U+00D3)
  0x00, 0x90, 0x02, // class 4 -> "Ô" (U+00D4)
  0x00, 0x91, 0x02, // class 4 -> "Õ" (U+00D5)
  0x00, 0x92, 0x02, // class 4 -> "Ö" (U+00D6)
  0x00, 0x94, 0x02, // class 4 -> "Ø" (U+00D8)
  0x00, 0x99, 0x05, // class 4 -> "Ý" (U+00DD)
  0x00, 0xC2, 0x02, // class 4 -> "Ć" (U+0106)
  0x00, 0xC4, 0x02, // class 4 -> "Ĉ" (U+0108)
  0x00, 0xC6, 0x02, // class 4 -> "Ċ" (U+010A)
  0x00, 0xC8, 0x02, // class 4 -> "Č" (U+010C)
  0x00, 0xD8, 0x02, // class 4 -> "Ĝ" (U+011C)
  0x00, 0xDA, 0x02, // class 4 -> "Ğ" (U+011E)
  0x00, 0xDC, 0x02, // class 4 -> "Ġ" (U+0120)
  0x00, 0xDE, 0x02, // class 4 -> "Ģ" (U+0122)
  0x01, 0x08, 0x02, // class 4 -> "Ō" (U+014C)
  0x01, 0x0A, 0x02, // class 4 -> "Ŏ" (U+014E)
  0x01, 0x0C, 0x02, // class 4 -> "Ő" (U+0150)
  0x01, 0x0E, 0x02, // class 4 -> "Œ" (U+0152)
  0x01, 0x1E, 0x06, // class 4 -> "Ţ" (U+0162)
  0x01, 0x20, 0x06, // class 4 -> "Ť" (U+0164)
  0x01, 0x22, 0x06, // class 4 -> "Ŧ" (U+0166)
  0x01, 0x30, 0x03, // class 4 -> "Ŵ" (U+0174)
  0x01, 0x32, 0x05, // class 4 -> "Ŷ" (U+0176)
  0x01, 0x34, 0x05, // class 4 -> "Ÿ" (U+0178)
  0x01, 0x48, 0x06, // class 4 -> "’" (U+2019)
  0x01, 0x4C, 0x06, // class 4 -> "”" (U+201D)
  0x00, 0x0B, 0x01, // class 5 -> "," (U+002C)
  0x00, 0x0D, 0x01, // class 5 -> "." (U+002E)
  0x01, 0x49, 0x01, // class 5 -> "‚" (U+201A)
  0x01, 0x4D, 0x01, // class 5 -> "„" (U+201E)
  0x01, 0x52, 0x01, // class 5 -> "…" (U+2026)
  0x00, 0x22, 0x02, // class 6 -> "C" (U+0043)
  0x00, 0x26, 0x02, // class 6 -> "G" (U+0047)
  0x00, 0x2E, 0x02, // class 6 -> "O" (U+004F)
  0x00, 0x30, 0x02, // class 6 -> "Q" (U+0051)
  0x00, 0x68, 0x02, // class 6 -> "«" (U+00AB)
  0x00, 0x83, 0x02, // class 6 -> "Ç" (U+00C7)
  0x00, 0x8E, 0x02, // class 6 -> "Ò" (U+00D2)
  0x00, 0x8F, 0x02, // class 6 -> "Ó" (U+00D3)
  0x00, 0x90, 0x02, // class 6 -> "Ô" (U+00D4)
  0x00, 0x91, 0x02, // class 6 -> "Õ" (U+00D5)
  0x00, 0x92, 0x02, // class 6 -> "Ö" (U+00D6)
  0x00, 0x94, 0x02, // class 6 -> "Ø" (U+00D8)
  0x00, 0xC2, 0x02, // class 6 -> "Ć" (U+0106)
  0x00, 0xC4, 0x02, // class 6 -> "Ĉ" (U+0108)
  0x00, 0xC6, 0x02, // class 6 -> "Ċ" (U+010A)
  0x00, 0xC8, 0x02, // class 6 -> "Č" (U+010C)
  0x00, 0xD8, 0x02, // class 6 -> "Ĝ" (U+011C)
  0x00, 0xDA, 0x02, // class 6 -> "Ğ" (U+011E)
  0x00, 0xDC, 0x02, // class 6 -> "Ġ" (U+0120)
  0x00, 0xDE, 0x02, // class 6 -> "Ģ" (U+0122)
  0x01, 0x08, 0x02, // class 6 -> "Ō" (U+014C)
  0x01, 0x0A, 0x02, // class 6 -> "Ŏ" (U+014E)
  0x01, 0x0C, 0x02, // class 6 -> "Ő" (U+0150)
  0x01, 0x0E, 0x02, // class 6 -> "Œ" (U+0152)
  0x01, 0x54, 0x02, // class 6 -> "‹" (U+2039)
  0x00, 0x0B, 0x03, // class 7 -> "," (U+002C)
  0x00, 0x0D, 0x03, // class 7 -> "." (U+002E)
  0x00, 0x20, 0x02, // class 7 -> "A" (U+0041)
  0x00, 0x33, 0x03, // class 7 -> "T" (U+0054)
  0x00, 0x35, 0x01, // class 7 -> "V" (U+0056)
  0x00, 0x36, 0x01, // class 7 -> "W" (U+0057)
  0x00, 0x37, 0x02, // class 7 -> "X" (U+0058)
  0x00, 0x38, 0x01, // class 7 -> "Y" (U+0059)
  0x00, 0x39, 0x01, // class 7 -> "Z" (U+005A)
  0x00, 0x7C, 0x02, // class 7 -> "À" (U+00C0)
  0x00, 0x7D, 0x02, // class 7 -> "Á" (U+00C1)
  0x00, 0x7E, 0x02, // class 7 -> "Â" (U+00C2)
  0x00, 0x7F, 0x02, // class 7 -> "Ã" (U+00C3)
  0x00, 0x80, 0x02, // class 7 -> "Ä" (U+00C4)
  0x00, 0x81, 0x02, // class 7 -> "Å" (U+00C5)
  0x00, 0x99, 0x01, // class 7 -> "Ý" (U+00DD)
  0x00, 0xBC, 0x02, // class 7 -> "Ā" (U+0100)
  0x00, 0xBE, 0x02, // class 7 -> "Ă" (U+0102)
  0x00, 0xC0, 0x02, // class 7 -> "Ą" (U+0104)
  0x01, 0x1E, 0x03, // class 7 -> "Ţ" (U+0162)
  0x01, 0x20, 0x03, // class 7 -> "Ť" (U+0164)
  0x01, 0x22, 0x03, // class 7 -> "Ŧ" (U+0166)
  0x01, 0x30, 0x01, // class 7 -> "Ŵ" (U+0174)
  0x01, 0x32, 0x01, // class 7 -> "Ŷ" (U+0176)
  0x01, 0x34, 0x01, // class 7 -> "Ÿ" (U+0178)
  0x01, 0x35, 0x01, // class 7 -> "Ź" (U+0179)
  0x01, 0x37, 0x01, // class 7 -> "Ż" (U+017B)
  0x01, 0x39, 0x01, // class 7 -> "Ž" (U+017D)
  0x01, 0x49, 0x03, // class 7 -> "‚" (U+201A)
  0x01, 0x4D, 0x03, // class 7 -> "„" (U+201E)
  0x01, 0x52, 0x03, // class 7 -> "…" (U+2026)
  0x00, 0x0B, 0x05, // class 8 -> "," (U+002C)
  0x00, 0x0D, 0x05, // class 8 -> "." (U+002E)
  0x00, 0x20, 0x02, // class 8 -> "A" (U+0041)
  0x00, 0x7C, 0x02, // class 8 -> "À" (U+00C0)
  0x00, 0x7D, 0x02, // class 8 -> "Á" (U+00C1)
  0x00, 0x7E, 0x02, // class 8 -> "Â" (U+00C2)
  0x00, 0x7F, 0x02, // class 8 -> "Ã" (U+00C3)
  0x00, 0x80, 0x02, // class 8 -> "Ä" (U+00C4)
  0x00, 0x81, 0x02, // class 8 -> "Å" (U+00C5)
  0x00, 0xBC, 0x02, // class 8 -> "Ā" (U+0100)
  0x00, 0xBE, 0x02, // class 8 -> "Ă" (U+0102)
  0x00, 0xC0, 0x02, // class 8 -> "Ą" (U+0104)
  0x01, 0x49, 0x05, // class 8 -> "‚" (U+201A)
  0x01, 0x4D, 0x05, // class 8 -> "„" (U+201E)
  0x01, 0x52, 0x05, // class 8 -> "…" (U+2026)
  0x00, 0x01, 0x07, // class 9 -> """ (U+0022)
  0x00, 0x06, 0x07, // class 9 -> "'" (U+0027)
  0x00, 0x22, 0x02, // class 9 -> "C" (U+0043)
  0x00, 0x26, 0x02, // class 9 -> "G" (U+0047)
  0x00, 0x2E, 0x02, // class 9 -> "O" (U+004F)
  0x00, 0x30, 0x02, // class 9 -> "Q" (U+0051)
  0x00, 0x33, 0x02, // class 9 -> "T" (U+0054)
  0x00, 0x34, 0x01, // class 9 -> "U" (U+0055)
  0x00, 0x35, 0x02, // class 9 -> "V" (U+0056)
  0x00, 0x36, 0x02, // class 9 -> "W" (U+0057)
  0x00, 0x38, 0x03, // class 9 -> "Y" (U+0059)
  0x00, 0x83, 0x02, // class 9 -> "Ç" (U+00C7)
  0x00, 0x8E, 0x02, // class 9 -> "Ò" (U+00D2)
  0x00, 0x8F, 0x02, // class 9 -> "Ó" (U+00D3)
  0x00, 0x90, 0x02, // class 9 -> "Ô" (U+00D4)
  0x00, 0x91, 0x02, // class 9 -> "Õ" (U+00D5)
  0x00, 0x92, 0x02, // class 9 -> "Ö" (U+00D6)
  0x00, 0x94, 0x02, // class 9 -> "Ø" (U+00D8)
  0x00, 0x95, 0x01, // class 9 -> "Ù" (U+00D9)
  0x00, 0x96, 0x01, // class 9 -> "Ú" (U+00DA)
  0x00, 0x97, 0x01, // class 9 -> "Û" (U+00DB)
  0x00, 0x98, 0x01, // class 9 -> "Ü" (U+00DC)
  0x00, 0x99, 0x03, // class 9 -> "Ý" (U+00DD)
  0x00, 0xC2, 0x02, // class 9 -> "Ć" (U+0106)
  0x00, 0xC4, 0x02, // class 9 -> "Ĉ" (U+0108)
  0x00, 0xC6, 0x02, // class 9 -> "Ċ" (U+010A)
  0x00, 0xC8, 0x02, // class 9 -> "Č" (U+010C)
  0x00, 0xD8, 0x02, // class 9 -> "Ĝ" (U+011C)
  0x00, 0xDA, 0x02, // class 9 -> "Ğ" (U+011E)
  0x00, 0xDC, 0x02, // class 9 -> "Ġ" (U+0120)
  0x00, 0xDE, 0x02, // class 9 -> "Ģ" (U+0122)
  0x01, 0x08, 0x02, // class 9 -> "Ō" (U+014C)
  0x01, 0x0A, 0x02, // class 9 -> "Ŏ" (U+014E)
  0x01, 0x0C, 0x02, // class 9 -> "Ő" (U+0150)
  0x01, 0x0E, 0x02, // class 9 -> "Œ" (U+0152)
  0x01, 0x1E, 0x02, // class 9 -> "Ţ" (U+0162)
  0x01, 0x20, 0x02, // class 9 -> "Ť" (U+0164)
  0x01, 0x22, 0x02, // class 9 -> "Ŧ" (U+0166)
  0x01, 0x24, 0x01, // class 9 -> "Ũ" (U+0168)
  0x01, 0x26, 0x01, // class 9 -> "Ū" (U+016A)
  0x01, 0x28, 0x01, // class 9 -> "Ŭ" (U+016C)
  0x01, 0x2A, 0x01, // class 9 -> "Ů" (U+016E)
  0x01, 0x2C, 0x01, // class 9 -> "Ű" (U+0170)
  0x01, 0x2E, 0x01, // class 9 -> "Ų" (U+0172)
  0x01, 0x30, 0x02, // class 9 -> "Ŵ" (U+0174)
  0x01, 0x32, 0x03, // class 9 -> "Ŷ" (U+0176)
  0x01, 0x34, 0x03, // class 9 -> "Ÿ" (U+0178)
  0x01, 0x48, 0x07, // class 9 -> "’" (U+2019)
  0x01, 0x4C, 0x07, // class 9 -> "”" (U+201D)
  0x00, 0x05, 0x01, // class 10 -> "&" (U+0026)
  0x00, 0x0B, 0x0B, // class 10 -> "," (U+002C)
  0x00, 0x0D, 0x0B, // class 10 -> "." (U+002E)
  0x00, 0x20, 0x04, // class 10 -> "A" (U+0041)
  0x00, 0x37, 0x02, // class 10 -> "X" (U+0058)
  0x00, 0x39, 0x01, // class 10 -> "Z" (U+005A)
  0x00, 0x68, 0x02, // class 10 -> "«" (U+00AB)
  0x00, 0x7C, 0x04, // class 10 -> "À" (U+00C0)
  0x00, 0x7D, 0x04, // class 10 -> "Á" (U+00C1)
  0x00, 0x7E, 0x04, // class 10 -> "Â" (U+00C2)
  0x00, 0x7F, 0x04, // class 10 -> "Ã" (U+00C3)
  0x00, 0x80, 0x04, // class 10 -> "Ä" (U+00C4)
  0x00, 0x81, 0x04, // class 10 -> "Å" (U+00C5)
  0x00, 0x82, 0x03, // class 10 -> "Æ" (U+00C6)
  0x00, 0xBC, 0x04, // class 10 -> "Ā" (U+0100)
  0x00, 0xBE, 0x04, // class 10 -> "Ă" (U+0102)
  0x00, 0xC0, 0x04, // class 10 -> "Ą" (U+0104)
  0x01, 0x35, 0x01, // class 10 -> "Ź" (U+0179)
  0x01, 0x37, 0x01, // class 10 -> "Ż" (U+017B)
  0x01, 0x39, 0x01, // class 10 -> "Ž" (U+017D)
  0x01, 0x49, 0x0B, // class 10 -> "‚" (U+201A)
  0x01, 0x4D, 0x0B, // class 10 -> "„" (U+201E)
  0x01, 0x52, 0x0B, // class 10 -> "…" (U+2026)
  0x01, 0x54, 0x02, // class 10 -> "‹" (U+2039)
  0x00, 0x68, 0x01, // class 11 -> "«" (U+00AB)
  0x01, 0x54, 0x01, // class 11 -> "‹" (U+2039)
  0x00, 0x05, 0x02, // class 12 -> "&" (U+0026)
  0x00, 0x0B, 0x05, // class 12 -> "," (U+002C)
  0x00, 0x0C, 0x03, // class 12 -> "-" (U+002D)
  0x00, 0x0D, 0x05, // class 12 -> "." (U+002E)
  0x00, 0x20, 0x06, // class 12 -> "A" (U+0041)
  0x00, 0x22, 0x02, // class 12 -> "C" (U+0043)
  0x00, 0x26, 0x02, // class 12 -> "G" (U+0047)
  0x00, 0x2E, 0x02, // class 12 -> "O" (U+004F)
  0x00, 0x30, 0x02, // class 12 -> "Q" (U+0051)
  0x00, 0x40, 0x07, // class 12 -> "a" (U+0061)
  0x00, 0x42, 0x06, // class 12 -> "c" (U+0063)
  0x00, 0x43, 0x06, // class 12 -> "d" (U+0064)
  0x00, 0x44, 0x06, // class 12 -> "e" (U+0065)
  0x00, 0x46, 0x06, // class 12 -> "g" (U+0067)
  0x00, 0x4C, 0x04, // class 12 -> "m" (U+006D)
  0x00, 0x4D, 0x04, // class 12 -> "n" (U+006E)
  0x00, 0x4E, 0x06, // class 12 -> "o" (U+006F)
  0x00, 0x4F, 0x04, // class 12 -> "p" (U+0070)
  0x00, 0x50, 0x06, // class 12 -> "q" (U+0071)
  0x00, 0x51, 0x04, // class 12 -> "r" (U+0072)
  0x00, 0x52, 0x05, // class 12 -> "s" (U+0073)
  0x00, 0x54, 0x04, // class 12 -> "u" (U+0075)
  0x00, 0x55, 0x02, // class 12 -> "v" (U+0076)
  0x00, 0x56, 0x02, // class 12 -> "w" (U+0077)
  0x00, 0x57, 0x02, // class 12 -> "x" (U+0078)
  0x00, 0x58, 0x02, // class 12 -> "y" (U+0079)
  0x00, 0x59, 0x03, // class 12 -> "z" (U+007A)
  0x00, 0x68, 0x05, // class 12 -> "«" (U+00AB)
  0x00, 0x77, 0x03, // class 12 -> "»" (U+00BB)
  0x00, 0x7C, 0x06, // class 12 -> "À" (U+00C0)
  0x00, 0x7D, 0x06, // class 12 -> "Á" (U+00C1)
  0x00, 0x7E, 0x06, // class 12 -> "Â" (U+00C2)
  0x00, 0x7F, 0x06, // class 12 -> "Ã" (U+00C3)
  0x00, 0x80, 0x06, // class 12 -> "Ä" (U+00C4)
  0x00, 0x81, 0x06, // class 12 -> "Å" (U+00C5)
  0x00, 0x83, 0x02, // class 12 -> "Ç" (U+00C7)
  0x00, 0x8E, 0x02, // class 12 -> "Ò" (U+00D2)
  0x00, 0x8F, 0x02, // class 12 -> "Ó" (U+00D3)
  0x00, 0x90, 0x02, // class 12 -> "Ô" (U+00D4)
  0x00, 0x91, 0x02, // class 12 -> "Õ" (U+00D5)
  0x00, 0x92, 0x02, // class 12 -> "Ö" (U+00D6)
  0x00, 0x94, 0x02, // class 12 -> "Ø" (U+00D8)
  0x00, 0x9C, 0x06, // class 12 -> "à" (U+00E0)
  0x00, 0x9D, 0x07, // class 12 -> "á" (U+00E1)
  0x00, 0x9E, 0x07, // class 12 -> "â" (U+00E2)
  0x00, 0x9F, 0x07, // class 12 -> "ã" (U+00E3)
  0x00, 0xA0, 0x07, // class 12 -> "ä" (U+00E4)
  0x00, 0xA1, 0x07, // class 12 -> "å" (U+00E5)
  0x00, 0xA2, 0x07, // class 12 -> "æ" (U+00E6)
  0x00, 0xA3, 0x06, // class 12 -> "ç" (U+00E7)
  0x00, 0xA4, 0x06, // class 12 -> "è" (U+00E8)
  0x00, 0xA5, 0x06, // class 12 -> "é" (U+00E9)
  0x00, 0xA6, 0x06, // class 12 -> "ê" (U+00EA)
  0x00, 0xA7, 0x06, // class 12 -> "ë" (U+00EB)
  0x00, 0xAE, 0x06, // class 12 -> "ò" (U+00F2)
  0x00, 0xAF, 0x06, // class 12 -> "ó" (U+00F3)
  0x00, 0xB0, 0x06, // class 12 -> "ô" (U+00F4)
  0x00, 0xB1, 0x06, // class 12 -> "õ" (U+00F5)
  0x00, 0xB2, 0x06, // class 12 -> "ö" (U+00F6)
  0x00, 0xB4, 0x06, // class 12 -> "ø" (U+00F8)
  0x00, 0xB5, 0x04, // class 12 -> "ù" (U+00F9)
  0x00, 0xB6, 0x04, // class 12 -> "ú" (U+00FA)
  0x00, 0xB7, 0x04, // class 12 -> "û" (U+00FB)
  0x00, 0xB8, 0x04, // class 12 -> "ü" (U+00FC)
  0x00, 0xB9, 0x02, // class 12 -> "ý" (U+00FD)
  0x00, 0xBB, 0x02, // class 12 -> "ÿ" (U+00FF)
  0x00, 0xBC, 0x06, // class 12 -> "Ā" (U+0100)
  0x00, 0xBD, 0x07, // class 12 -> "ā" (U+0101)
  0x00, 0xBE, 0x06, // class 12 -> "Ă" (U+0102)
  0x00, 0xBF, 0x07, // class 12 -> "ă" (U+0103)
  0x00, 0xC0, 0x06, // class 12 -> "Ą" (U+0104)
  0x00, 0xC1, 0x07, // class 12 -> "ą" (U+0105)
  0x00, 0xC2, 0x02, // class 12 -> "Ć" (U+0106)
  0x00, 0xC3, 0x06, // class 12 -> "ć" (U+0107)
  0x00, 0xC4, 0x02, // class 12 -> "Ĉ" (U+0108)
  0x00, 0xC5, 0x06, // class 12 -> "ĉ" (U+0109)
  0x00, 0xC6, 0x02, // class 12 -> "Ċ" (U+010A)
  0x00, 0xC7, 0x06, // class 12 -> "ċ" (U+010B)
  0x00, 0xC8, 0x02, // class 12 -> "Č" (U+010C)
  0x00, 0xC9, 0x06, // class 12 -> "č" (U+010D)
  0x00, 0xCB, 0x06, // class 12 -> "ď" (U+010F)
  0x00, 0xCD, 0x06, // class 12 -> "đ" (U+0111)
  0x00, 0xCF, 0x06, // class 12 -> "ē" (U+0113)
  0x00, 0xD1, 0x06, // class 12 -> "ĕ" (U+0115)
  0x00, 0xD3, 0x06, // class 12 -> "ė" (U+0117)
  0x00, 0xD5, 0x06, // class 12 -> "ę" (U+0119)
  0x00, 0xD7, 0x06, // class 12 -> "ě" (U+011B)
  0x00, 0xD8, 0x02, // class 12 -> "Ĝ" (U+011C)
  0x00, 0xD9, 0x06, // class 12 -> "ĝ" (U+011D)
  0x00, 0xDA, 0x02, // class 12 -> "Ğ" (U+011E)
  0x00, 0xDB, 0x06, // class 12 -> "ğ" (U+011F)
  0x00, 0xDC, 0x02, // class 12 -> "Ġ" (U+0120)
  0x00, 0xDD, 0x06, // class 12 -> "ġ" (U+0121)
  0x00, 0xDE, 0x02, // class 12 -> "Ģ" (U+0122)
  0x00, 0xDF, 0x06, // class 12 -> "ģ" (U+0123)
  0x00, 0xF4, 0x04, // class 12 -> "ĸ" (U+0138)
  0x01, 0x00, 0x04, // class 12 -> "ń" (U+0144)
  0x01, 0x02, 0x04, // class 12 -> "ņ" (U+0146)
  0x01, 0x07, 0x04, // class 12 -> "ŋ" (U+014B)
  0x01, 0x08, 0x02, // class 12 -> "Ō" (U+014C)
  0x01, 0x09, 0x06, // class 12 -> "ō" (U+014D)
  0x01, 0x0A, 0x02, // class 12 -> "Ŏ" (U+014E)
  0x01, 0x0B, 0x06, // class 12 -> "ŏ" (U+014F)
  0x01, 0x0C, 0x02, // class 12 -> "Ő" (U+0150)
  0x01, 0x0D, 0x06, // class 12 -> "ő" (U+0151)
  0x01, 0x0E, 0x02, // class 12 -> "Œ" (U+0152)
  0x01, 0x0F, 0x06, // class 12 -> "œ" (U+0153)
  0x01, 0x11, 0x04, // class 12 -> "ŕ" (U+0155)
  0x01, 0x13, 0x04, // class 12 -> "ŗ" (U+0157)
  0x01, 0x17, 0x05, // class 12 -> "ś" (U+015B)
  0x01, 0x1B, 0x05, // class 12 -> "ş" (U+015F)
  0x01, 0x25, 0x04, // class 12 -> "ũ" (U+0169)
  0x01, 0x27, 0x04, // class 12 -> "ū" (U+016B)
  0x01, 0x29, 0x04, // class 12 -> "ŭ" (U+016D)
  0x01, 0x2B, 0x04, // class 12 -> "ů" (U+016F)
  0x01, 0x2D, 0x04, // class 12 -> "ű" (U+0171)
  0x01, 0x2F, 0x04, // class 12 -> "ų" (U+0173)
  0x01, 0x31, 0x02, // class 12 -> "ŵ" (U+0175)
  0x01, 0x33, 0x02, // class 12 -> "ŷ" (U+0177)
  0x01, 0x36, 0x03, // class 12 -> "ź" (U+017A)
  0x01, 0x38, 0x03, // class 12 -> "ż" (U+017C)
  0x01, 0x3A, 0x03, // class 12 -> "ž" (U+017E)
  0x01, 0x3F, 0x03, // class 12 -> "–" (U+2013)
  0x01, 0x40, 0x03, // class 12 -> "—" (U+2014)
  0x01, 0x49, 0x05, // class 12 -> "‚" (U+201A)
  0x01, 0x4D, 0x05, // class 12 -> "„" (U+201E)
  0x01, 0x52, 0x05, // class 12 -> "…" (U+2026)
  0x01, 0x54, 0x05, // class 12 -> "‹" (U+2039)
  0x01, 0x55, 0x03, // class 12 -> "›" (U+203A)
  0x00, 0x0B, 0x02, // class 13 -> "," (U+002C)
  0x00, 0x0D, 0x02, // class 13 -> "." (U+002E)
  0x00, 0x20, 0x01, // class 13 -> "A" (U+0041)
  0x00, 0x7C, 0x01, // class 13 -> "À" (U+00C0)
  0x00, 0x7D, 0x01, // class 13 -> "Á" (U+00C1)
  0x00, 0x7E, 0x01, // class 13 -> "Â" (U+00C2)
  0x00, 0x7F, 0x01, // class 13 -> "Ã" (U+00C3)
  0x00, 0x80, 0x01, // class 13 -> "Ä" (U+00C4)
  0x00, 0x81, 0x01, // class 13 -> "Å" (U+00C5)
  0x00, 0xBC, 0x01, // class 13 -> "Ā" (U+0100)
  0x00, 0xBE, 0x01, // class 13 -> "Ă" (U+0102)
  0x00, 0xC0, 0x01, // class 13 -> "Ą" (U+0104)
  0x01, 0x49, 0x02, // class 13 -> "‚" (U+201A)
  0x01, 0x4D, 0x02, // class 13 -> "„" (U+201E)
  0x01, 0x52, 0x02, // class 13 -> "…" (U+2026)
  0x00, 0x0B, 0x04, // class 14 -> "," (U+002C)
  0x00, 0x0D, 0x04, // class 14 -> "." (U+002E)
  0x00, 0x20, 0x03, // class 14 -> "A" (U+0041)
  0x00, 0x22, 0x01, // class 14 -> "C" (U+0043)
  0x00, 0x26, 0x01, // class 14 -> "G" (U+0047)
  0x00, 0x2E, 0x01, // class 14 -> "O" (U+004F)
  0x00, 0x30, 0x01, // class 14 -> "Q" (U+0051)
  0x00, 0x40, 0x02, // class 14 -> "a" (U+0061)
  0x00, 0x42, 0x02, // class 14 -> "c" (U+0063)
  0x00, 0x43, 0x02, // class 14 -> "d" (U+0064)
  0x00, 0x44, 0x02, // class 14 -> "e" (U+0065)
  0x00, 0x46, 0x01, // class 14 -> "g" (U+0067)
  0x00, 0x4C, 0x01, // class 14 -> "m" (U+006D)
  0x00, 0x4D, 0x01, // class 14 -> "n" (U+006E)
  0x00, 0x4E, 0x02, // class 14 -> "o" (U+006F)
  0x00, 0x4F, 0x01, // class 14 -> "p" (U+0070)
  0x00, 0x50, 0x02, // class 14 -> "q" (U+0071)
  0x00, 0x51, 0x01, // class 14 -> "r" (U+0072)
  0x00, 0x52, 0x01, // class 14 -> "s" (U+0073)
  0x00, 0x54, 0x01, // class 14 -> "u" (U+0075)
  0x00, 0x68, 0x03, // class 14 -> "«" (U+00AB)
  0x00, 0x77, 0x01, // class 14 -> "»" (U+00BB)
  0x00, 0x7C, 0x03, // class 14 -> "À" (U+00C0)
  0x00, 0x7D, 0x03, // class 14 -> "Á" (U+00C1)
  0x00, 0x7E, 0x03, // class 14 -> "Â" (U+00C2)
  0x00, 0x7F, 0x03, // class 14 -> "Ã" (U+00C3)
  0x00, 0x80, 0x03, // class 14 -> "Ä" (U+00C4)
  0x00, 0x81, 0x03, // class 14 -> "Å" (U+00C5)
  0x00, 0x83, 0x01, // class 14 -> "Ç" (U+00C7)
  0x00, 0x8E, 0x01, // class 14 -> "Ò" (U+00D2)
  0x00, 0x8F, 0x01, // class 14 -> "Ó" (U+00D3)
  0x00, 0x90, 0x01, // class 14 -> "Ô" (U+00D4)
  0x00, 0x91, 0x01, // class 14 -> "Õ" (U+00D5)
  0x00, 0x92, 0x01, // class 14 -> "Ö" (U+00D6)
  0x00, 0x94, 0x01, // class 14 -> "Ø" (U+00D8)
  0x00, 0x9C, 0x02, // class 14 -> "à" (U+00E0)
  0x00, 0x9D, 0x02, // class 14 -> "á" (U+00E1)
  0x00, 0x9E, 0x02, // class 14 -> "â" (U+00E2)
  0x00, 0x9F, 0x02, // class 14 -> "ã" (U+00E3)
  0x00, 0xA0, 0x02, // class 14 -> "ä" (U+00E4)
  0x00, 0xA1, 0x02, // class 14 -> "å" (U+00E5)
  0x00, 0xA2, 0x02, // class 14 -> "æ" (U+00E6)
  0x00, 0xA3, 0x02, // class 14 -> "ç" (U+00E7)
  0x00, 0xA4, 0x02, // class 14 -> "è" (U+00E8)
  0x00, 0xA5, 0x02, // class 14 -> "é" (U+00E9)
  0x00, 0xA6, 0x02, // class 14 -> "ê" (U+00EA)
  0x00, 0xA7, 0x02, // class 14 -> "ë" (U+00EB)
  0x00, 0xAE, 0x02, // class 14 -> "ò" (U+00F2)
  0x00, 0xAF, 0x02, // class 14 -> "ó" (U+00F3)
  0x00, 0xB0, 0x02, // class 14 -> "ô" (U+00F4)
  0x00, 0xB1, 0x02, // class 14 -> "õ" (U+00F5)
  0x00, 0xB2, 0x02, // class 14 -> "ö" (U+00F6)
  0x00, 0xB4, 0x02, // class 14 -> "ø" (U+00F8)
  0x00, 0xB5, 0x01, // class 14 -> "ù" (U+00F9)
  0x00, 0xB6, 0x01, // class 14 -> "ú" (U+00FA)
  0x00, 0xB7, 0x01, // class 14 -> "û" (U+00FB)
  0x00, 0xB8, 0x01, // class 14 -> "ü" (U+00FC)
  0x00, 0xBC, 0x03, // class 14 -> "Ā" (U+0100)
  0x00, 0xBD, 0x02, // class 14 -> "ā" (U+0101)
  0x00, 0xBE, 0x03, // class 14 -> "Ă" (U+0102)
  0x00, 0xBF, 0x02, // class 14 -> "ă" (U+0103)
  0x00, 0xC0, 0x03, // class 14 -> "Ą" (U+0104)
  0x00, 0xC1, 0x02, // class 14 -> "ą" (U+0105)
  0x00, 0xC2, 0x01, // class 14 -> "Ć" (U+0106)
  0x00, 0xC3, 0x02, // class 14 -> "ć" (U+0107)
  0x00, 0xC4, 0x01, // class 14 -> "Ĉ" (U+0108)
  0x00, 0xC5, 0x02, // class 14 -> "ĉ" (U+0109)
  0x00, 0xC6, 0x01, // class 14 -> "Ċ" (U+010A)
  0x00, 0xC7, 0x02, // class 14 -> "ċ" (U+010B)
  0x00, 0xC8, 0x01, // class 14 -> "Č" (U+010C)
  0x00, 0xC9, 0x02, // class 14 -> "č" (U+010D)
  0x00, 0xCB, 0x02, // class 14 -> "ď" (U+010F)
  0x00, 0xCD, 0x02, // class 14 -> "đ" (U+0111)
  0x00, 0xCF, 0x02, // class 14 -> "ē" (U+0113)
  0x00, 0xD1, 0x02, // class 14 -> "ĕ" (U+0115)
  0x00, 0xD3, 0x02, // class 14 -> "ė" (U+0117)
  0x00, 0xD5, 0x02, // class 14 -> "ę" (U+0119)
  0x00, 0xD7, 0x02, // class 14 -> "ě" (U+011B)
  0x00, 0xD8, 0x01, // class 14 -> "Ĝ" (U+011C)
  0x00, 0xD9, 0x01, // class 14 -> "ĝ" (U+011D)
  0x00, 0xDA, 0x01, // class 14 -> "Ğ" (U+011E)
  0x00, 0xDB, 0x01, // class 14 -> "ğ" (U+011F)
  0x00, 0xDC, 0x01, // class 14 -> "Ġ" (U+0120)
  0x00, 0xDD, 0x01, // class 14 -> "ġ" (U+0121)
  0x00, 0xDE, 0x01, // class 14 -> "Ģ" (U+0122)
  0x00, 0xDF, 0x01, // class 14 -> "ģ" (U+0123)
  0x00, 0xF4, 0x01, // class 14 -> "ĸ" (U+0138)
  0x01, 0x00, 0x01, // class 14 -> "ń" (U+0144)
  0x01, 0x02, 0x01, // class 14 -> "ņ" (U+0146)
  0x01, 0x07, 0x01, // class 14 -> "ŋ" (U+014B)
  0x01, 0x08, 0x01, // class 14 -> "Ō" (U+014C)
  0x01, 0x09, 0x02, // class 14 -> "ō" (U+014D)
  0x01, 0x0A, 0x01, // class 14 -> "Ŏ" (U+014E)
  0x01, 0x0B, 0x02, // class 14 -> "ŏ" (U+014F)
  0x01, 0x0C, 0x01, // class 14 -> "Ő" (U+0150)
  0x01, 0x0D, 0x02, // class 14 -> "ő" (U+0151)
  0x01, 0x0E, 0x01, // class 14 -> "Œ" (U+0152)
  0x01, 0x0F, 0x02, // class 14 -> "œ" (U+0153)
  0x01, 0x11, 0x01, // class 14 -> "ŕ" (U+0155)
  0x01, 0x13, 0x01, // class 14 -> "ŗ" (U+0157)
  0x01, 0x17, 0x01, // class 14 -> "ś" (U+015B)
  0x01, 0x1B, 0x01, // class 14 -> "ş" (U+015F)
  0x01, 0x25, 0x01, // class 14 -> "ũ" (U+0169)
  0x01, 0x27, 0x01, // class 14 -> "ū" (U+016B)
  0x01, 0x29, 0x01, // class 14 -> "ŭ" (U+016D)
  0x01, 0x2B, 0x01, // class 14 -> "ů" (U+016F)
  0x01, 0x2D, 0x01, // class 14 -> "ű" (U+0171)
  0x01, 0x2F, 0x01, // class 14 -> "ų" (U+0173)
  0x01, 0x49, 0x04, // class 14 -> "‚" (U+201A)
  0x01, 0x4D, 0x04, // class 14 -> "„" (U+201E)
  0x01, 0x52, 0x04, // class 14 -> "…" (U+2026)
  0x01, 0x54, 0x03, // class 14 -> "‹" (U+2039)
  0x01, 0x55, 0x01, // class 14 -> "›" (U+203A)
  0x00, 0x05, 0x03, // class 15 -> "&" (U+0026)
  0x00, 0x0B, 0x05, // class 15 -> "," (U+002C)
  0x00, 0x0D, 0x05, // class 15 -> "." (U+002E)
  0x00, 0x20, 0x05, // class 15 -> "A" (U+0041)
  0x00, 0x22, 0x02, // class 15 -> "C" (U+0043)
  0x00, 0x26, 0x02, // class 15 -> "G" (U+0047)
  0x00, 0x2E, 0x02, // class 15 -> "O" (U+004F)
  0x00, 0x30, 0x02, // class 15 -> "Q" (U+0051)
  0x00, 0x40, 0x04, // class 15 -> "a" (U+0061)
  0x00, 0x42, 0x04, // class 15 -> "c" (U+0063)
  0x00, 0x43, 0x04, // class 15 -> "d" (U+0064)
  0x00, 0x44, 0x04, // class 15 -> "e" (U+0065)
  0x00, 0x46, 0x04, // class 15 -> "g" (U+0067)
  0x00, 0x4C, 0x03, // class 15 -> "m" (U+006D)
  0x00, 0x4D, 0x03, // class 15 -> "n" (U+006E)
  0x00, 0x4E, 0x04, // class 15 -> "o" (U+006F)
  0x00, 0x4F, 0x03, // class 15 -> "p" (U+0070)
  0x00, 0x50, 0x04, // class 15 -> "q" (U+0071)
  0x00, 0x51, 0x03, // class 15 -> "r" (U+0072)
  0x00, 0x52, 0x03, // class 15 -> "s" (U+0073)
  0x00, 0x54, 0x03, // class 15 -> "u" (U+0075)
  0x00, 0x59, 0x02, // class 15 -> "z" (U+007A)
  0x00, 0x68, 0x07, // class 15 -> "«" (U+00AB)
  0x00, 0x77, 0x03, // class 15 -> "»" (U+00BB)
  0x00, 0x7C, 0x05, // class 15 -> "À" (U+00C0)
  0x00, 0x7D, 0x05, // class 15 -> "Á" (U+00C1)
  0x00, 0x7E, 0x05, // class 15 -> "Â" (U+00C2)
  0x00, 0x7F, 0x05, // class 15 -> "Ã" (U+00C3)
  0x00, 0x80, 0x05, // class 15 -> "Ä" (U+00C4)
  0x00, 0x81, 0x05, // class 15 -> "Å" (U+00C5)
  0x00, 0x83, 0x02, // class 15 -> "Ç" (U+00C7)
  0x00, 0x8E, 0x02, // class 15 -> "Ò" (U+00D2)
  0x00, 0x8F, 0x02, // class 15 -> "Ó" (U+00D3)
  0x00, 0x90, 0x02, // class 15 -> "Ô" (U+00D4)
  0x00, 0x91, 0x02, // class 15 -> "Õ" (U+00D5)
  0x00, 0x92, 0x02, // class 15 -> "Ö" (U+00D6)
  0x00, 0x94, 0x02, // class 15 -> "Ø" (U+00D8)
  0x00, 0x9C, 0x04, // class 15 -> "à" (U+00E0)
  0x00, 0x9D, 0x04, // class 15 -> "á" (U+00E1)
  0x00, 0x9E, 0x04, // class 15 -> "â" (U+00E2)
  0x00, 0x9F, 0x04, // class 15 -> "ã" (U+00E3)
  0x00, 0xA0, 0x04, // class 15 -> "ä" (U+00E4)
  0x00, 0xA1, 0x04, // class 15 -> "å" (U+00E5)
  0x00, 0xA2, 0x04, // class 15 -> "æ" (U+00E6)
  0x00, 0xA3, 0x04, // class 15 -> "ç" (U+00E7)
  0x00, 0xA4, 0x04, // class 15 -> "è" (U+00E8)
  0x00, 0xA5, 0x04, // class 15 -> "é" (U+00E9)
  0x00, 0xA6, 0x04, // class 15 -> "ê" (U+00EA)
  0x00, 0xA7, 0x04, // class 15 -> "ë" (U+00EB)
  0x00, 0xAE, 0x04, // class 15 -> "ò" (U+00F2)
  0x00, 0xAF, 0x04, // class 15 -> "ó" (U+00F3)
  0x00, 0xB0, 0x04, // class 15 -> "ô" (U+00F4)
  0x00, 0xB1, 0x04, // class 15 -> "õ" (U+00F5)
  0x00, 0xB2, 0x04, // class 15 -> "ö" (U+00F6)
  0x00, 0xB4, 0x04, // class 15 -> "ø" (U+00F8)
  0x00, 0xB5, 0x03, // class 15 -> "ù" (U+00F9)
  0x00, 0xB6, 0x03, // class 15 -> "ú" (U+00FA)
  0x00, 0xB7, 0x03, // class 15 -> "û" (U+00FB)
  0x00, 0xB8, 0x03, // class 15 -> "ü" (U+00FC)
  0x00, 0xBC, 0x05, // class 15 -> "Ā" (U+0100)
  0x00, 0xBD, 0x04, // class 15 -> "ā" (U+0101)
  0x00, 0xBE, 0x05, // class 15 -> "Ă" (U+0102)
  0x00, 0xBF, 0x04, // class 15 -> "ă" (U+0103)
  0x00, 0xC0, 0x05, // class 15 -> "Ą" (U+0104)
  0x00, 0xC1, 0x04, // class 15 -> "ą" (U+0105)
  0x00, 0xC2, 0x02, // class 15 -> "Ć" (U+0106)
  0x00, 0xC3, 0x04, // class 15 -> "ć" (U+0107)
  0x00, 0xC4, 0x02, // class 15 -> "Ĉ" (U+0108)
  0x00, 0xC5, 0x04, // class 15 -> "ĉ" (U+0109)
  0x00, 0xC6, 0x02, // class 15 -> "Ċ" (U+010A)
  0x00, 0xC7, 0x04, // class 15 -> "ċ" (U+010B)
  0x00, 0xC8, 0x02, // class 15 -> "Č" (U+010C)
  0x00, 0xC9, 0x04, // class 15 -> "č" (U+010D)
  0x00, 0xCB, 0x04, // class 15 -> "ď" (U+010F)
  0x00, 0xCD, 0x04, // class 15 -> "đ" (U+0111)
  0x00, 0xCF, 0x04, // class 15 -> "ē" (U+0113)
  0x00, 0xD1, 0x04, // class 15 -> "ĕ" (U+0115)
  0x00, 0xD3, 0x04, // class 15 -> "ė" (U+0117)
  0x00, 0xD5, 0x04, // class 15 -> "ę" (U+0119)
  0x00, 0xD7, 0x04, // class 15 -> "ě" (U+011B)
  0x00, 0xD8, 0x02, // class 15 -> "Ĝ" (U+011C)
  0x00, 0xD9, 0x04, // class 15 -> "ĝ" (U+011D)
  0x00, 0xDA, 0x02, // class 15 -> "Ğ" (U+011E)
  0x00, 0xDB, 0x04, // class 15 -> "ğ" (U+011F)
  0x00, 0xDC, 0x02, // class 15 -> "Ġ" (U+0120)
  0x00, 0xDD, 0x04, // class 15 -> "ġ" (U+0121)
  0x00, 0xDE, 0x02, // class 15 -> "Ģ" (U+0122)
  0x00, 0xDF, 0x04, // class 15 -> "ģ" (U+0123)
  0x00, 0xF4, 0x03, // class 15 -> "ĸ" (U+0138)
  0x01, 0x00, 0x03, // class 15 -> "ń" (U+0144)
  0x01, 0x02, 0x03, // class 15 -> "ņ" (U+0146)
  0x01, 0x07, 0x03, // class 15 -> "ŋ" (U+014B)
  0x01, 0x08, 0x02, // class 15 -> "Ō" (U+014C)
  0x01, 0x09, 0x04, // class 15 -> "ō" (U+014D)
  0x01, 0x0A, 0x02, // class 15 -> "Ŏ" (U+014E)
  0x01, 0x0B, 0x04, // class 15 -> "ŏ" (U+014F)
  0x01, 0x0C, 0x02, // class 15 -> "Ő" (U+0150)
  0x01, 0x0D, 0x04, // class 15 -> "ő" (U+0151)
  0x01, 0x0E, 0x02, // class 15 -> "Œ" (U+0152)
  0x01, 0x0F, 0x04, // class 15 -> "œ" (U+0153)
  0x01, 0x11, 0x03, // class 15 -> "ŕ" (U+0155)
  0x01, 0x13, 0x03, // class 15 -> "ŗ" (U+0157)
  0x01, 0x17, 0x03, // class 15 -> "ś" (U+015B)
  0x01, 0x1B, 0x03, // class 15 -> "ş" (U+015F)
  0x01, 0x25, 0x03, // class 15 -> "ũ" (U+0169)
  0x01, 0x27, 0x03, // class 15 -> "ū" (U+016B)
  0x01, 0x29, 0x03, // class 15 -> "ŭ" (U+016D)
  0x01, 0x2B, 0x03, // class 15 -> "ů" (U+016F)
  0x01, 0x2D, 0x03, // class 15 -> "ű" (U+0171)
  0x01, 0x2F, 0x03, // class 15 -> "ų" (U+0173)
  0x01, 0x36, 0x02, // class 15 -> "ź" (U+017A)
  0x01, 0x38, 0x02, // class 15 -> "ż" (U+017C)
  0x01, 0x3A, 0x02, // class 15 -> "ž" (U+017E)
  0x01, 0x49, 0x05, // class 15 -> "‚" (U+201A)
  0x01, 0x4D, 0x05, // class 15 -> "„" (U+201E)
  0x01, 0x52, 0x05, // class 15 -> "…" (U+2026)
  0x01, 0x54, 0x07, // class 15 -> "‹" (U+2039)
  0x01, 0x55, 0x03, // class 15 -> "›" (U+203A)
  0x00, 0x22, 0x01, // class 16 -> "C" (U+0043)
  0x00, 0x26, 0x01, // class 16 -> "G" (U+0047)
  0x00, 0x2E, 0x01, // class 16 -> "O" (U+004F)
  0x00, 0x30, 0x01, // class 16 -> "Q" (U+0051)
  0x00, 0x68, 0x02, // class 16 -> "«" (U+00AB)
  0x00, 0x83, 0x01, // class 16 -> "Ç" (U+00C7)
  0x00, 0x8E, 0x01, // class 16 -> "Ò" (U+00D2)
  0x00, 0x8F, 0x01, // class 16 -> "Ó" (U+00D3)
  0x00, 0x90, 0x01, // class 16 -> "Ô" (U+00D4)
  0x00, 0x91, 0x01, // class 16 -> "Õ" (U+00D5)
  0x00, 0x92, 0x01, // class 16 -> "Ö" (U+00D6)
  0x00, 0x94, 0x01, // class 16 -> "Ø" (U+00D8)
  0x00, 0xC2, 0x01, // class 16 -> "Ć" (U+0106)
  0x00, 0xC4, 0x01, // class 16 -> "Ĉ" (U+0108)
  0x00, 0xC6, 0x01, // class 16 -> "Ċ" (U+010A)
  0x00, 0xC8, 0x01, // class 16 -> "Č" (U+010C)
  0x00, 0xD8, 0x01, // class 16 -> "Ĝ" (U+011C)
  0x00, 0xDA, 0x01, // class 16 -> "Ğ" (U+011E)
  0x00, 0xDC, 0x01, // class 16 -> "Ġ" (U+0120)
  0x00, 0xDE, 0x01, // class 16 -> "Ģ" (U+0122)
  0x01, 0x08, 0x01, // class 16 -> "Ō" (U+014C)
  0x01, 0x0A, 0x01, // class 16 -> "Ŏ" (U+014E)
  0x01, 0x0C, 0x01, // class 16 -> "Ő" (U+0150)
  0x01, 0x0E, 0x01, // class 16 -> "Œ" (U+0152)
  0x01, 0x54, 0x02, // class 16 -> "‹" (U+2039)
  0x00, 0x01, 0x01, // class 17 -> """ (U+0022)
  0x00, 0x06, 0x01, // class 17 -> "'" (U+0027)
  0x01, 0x48, 0x01, // class 17 -> "’" (U+2019)
  0x01, 0x4C, 0x01, // class 17 -> "”" (U+201D)
  0x00, 0x01, 0x01, // class 18 -> """ (U+0022)
  0x00, 0x06, 0x01, // class 18 -> "'" (U+0027)
  0x00, 0x55, 0x02, // class 18 -> "v" (U+0076)
  0x00, 0x56, 0x02, // class 18 -> "w" (U+0077)
  0x00, 0x57, 0x02, // class 18 -> "x" (U+0078)
  0x00, 0x58, 0x02, // class 18 -> "y" (U+0079)
  0x00, 0x59, 0x01, // class 18 -> "z" (U+007A)
  0x00, 0xB9, 0x02, // class 18 -> "ý" (U+00FD)
  0x00, 0xBB, 0x02, // class 18 -> "ÿ" (U+00FF)
  0x01, 0x31, 0x02, // class 18 -> "ŵ" (U+0175)
  0x01, 0x33, 0x02, // class 18 -> "ŷ" (U+0177)
  0x01, 0x36, 0x01, // class 18 -> "ź" (U+017A)
  0x01, 0x38, 0x01, // class 18 -> "ż" (U+017C)
  0x01, 0x3A, 0x01, // class 18 -> "ž" (U+017E)
  0x01, 0x48, 0x01, // class 18 -> "’" (U+2019)
  0x01, 0x4C, 0x01, // class 18 -> "”" (U+201D)
  0x00, 0x0B, 0x02, // class 19 -> "," (U+002C)
  0x00, 0x0D, 0x02, // class 19 -> "." (U+002E)
  0x01, 0x49, 0x02, // class 19 -> "‚" (U+201A)
  0x01, 0x4D, 0x02, // class 19 -> "„" (U+201E)
  0x01, 0x52, 0x02, // class 19 -> "…" (U+2026)
  0x00, 0x0B, 0x0E, // class 20 -> "," (U+002C)
  0x00, 0x0D, 0x0E, // class 20 -> "." (U+002E)
  0x00, 0x40, 0x02, // class 20 -> "a" (U+0061)
  0x00, 0x42, 0x02, // class 20 -> "c" (U+0063)
  0x00, 0x43, 0x02, // class 20 -> "d" (U+0064)
  0x00, 0x44, 0x02, // class 20 -> "e" (U+0065)
  0x00, 0x46, 0x01, // class 20 -> "g" (U+0067)
  0x00, 0x4E, 0x02, // class 20 -> "o" (U+006F)
  0x00, 0x50, 0x02, // class 20 -> "q" (U+0071)
  0x00, 0x9C, 0x02, // class 20 -> "à" (U+00E0)
  0x00, 0x9D, 0x02, // class 20 -> "á" (U+00E1)
  0x00, 0x9E, 0x02, // class 20 -> "â" (U+00E2)
  0x00, 0x9F, 0x02, // class 20 -> "ã" (U+00E3)
  0x00, 0xA0, 0x02, // class 20 -> "ä" (U+00E4)
  0x00, 0xA1, 0x02, // class 20 -> "å" (U+00E5)
  0x00, 0xA2, 0x02, // class 20 -> "æ" (U+00E6)
  0x00, 0xA3, 0x02, // class 20 -> "ç" (U+00E7)
  0x00, 0xA4, 0x02, // class 20 -> "è" (U+00E8)
  0x00, 0xA5, 0x02, // class 20 -> "é" (U+00E9)
  0x00, 0xA6, 0x02, // class 20 -> "ê" (U+00EA)
  0x00, 0xA7, 0x02, // class 20 -> "ë" (U+00EB)
  0x00, 0xAE, 0x02, // class 20 -> "ò" (U+00F2)
  0x00, 0xAF, 0x02, // class 20 -> "ó" (U+00F3)
  0x00, 0xB0, 0x02, // class 20 -> "ô" (U+00F4)
  0x00, 0xB1, 0x02, // class 20 -> "õ" (U+00F5)
  0x00, 0xB2, 0x02, // class 20 -> "ö" (U+00F6)
  0x00, 0xB4, 0x02, // class 20 -> "ø" (U+00F8)
  0x00, 0xBD, 0x02, // class 20 -> "ā" (U+0101)
  0x00, 0xBF, 0x02, // class 20 -> "ă" (U+0103)
  0x00, 0xC1, 0x02, // class 20 -> "ą" (U+0105)
  0x00, 0xC3, 0x02, // class 20 -> "ć" (U+0107)
  0x00, 0xC5, 0x02, // class 20 -> "ĉ" (U+0109)
  0x00, 0xC7, 0x02, // class 20 -> "ċ" (U+010B)
  0x00, 0xC9, 0x02, // class 20 -> "č" (U+010D)
  0x00, 0xCB, 0x02, // class 20 -> "ď" (U+010F)
  0x00, 0xCD, 0x02, // class 20 -> "đ" (U+0111)
  0x00, 0xCF, 0x02, // class 20 -> "ē" (U+0113)
  0x00, 0xD1, 0x02, // class 20 -> "ĕ" (U+0115)
  0x00, 0xD3, 0x02, // class 20 -> "ė" (U+0117)
  0x00, 0xD5, 0x02, // class 20 -> "ę" (U+0119)
  0x00, 0xD7, 0x02, // class 20 -> "ě" (U+011B)
  0x00, 0xD9, 0x01, // class 20 -> "ĝ" (U+011D)
  0x00, 0xDB, 0x01, // class 20 -> "ğ" (U+011F)
  0x00, 0xDD, 0x01, // class 20 -> "ġ" (U+0121)
  0x00, 0xDF, 0x01, // class 20 -> "ģ" (U+0123)
  0x01, 0x09, 0x02, // class 20 -> "ō" (U+014D)
  0x01, 0x0B, 0x02, // class 20 -> "ŏ" (U+014F)
  0x01, 0x0D, 0x02, // class 20 -> "ő" (U+0151)
  0x01, 0x0F, 0x02, // class 20 -> "œ" (U+0153)
  0x01, 0x49, 0x0E, // class 20 -> "‚" (U+201A)
  0x01, 0x4D, 0x0E, // class 20 -> "„" (U+201E)
  0x01, 0x52, 0x0E, // class 20 -> "…" (U+2026)
  0x00, 0x0B, 0x03, // class 21 -> "," (U+002C)
  0x00, 0x0D, 0x03, // class 21 -> "." (U+002E)
  0x01, 0x49, 0x03, // class 21 -> "‚" (U+201A)
  0x01, 0x4D, 0x03, // class 21 -> "„" (U+201E)
  0x01, 0x52, 0x03, // class 21 -> "…" (U+2026)
  0x00, 0x42, 0x02, // class 22 -> "c" (U+0063)
  0x00, 0x43, 0x02, // class 22 -> "d" (U+0064)
  0x00, 0x44, 0x02, // class 22 -> "e" (U+0065)
  0x00, 0x4E, 0x02, // class 22 -> "o" (U+006F)
  0x00, 0x50, 0x02, // class 22 -> "q" (U+0071)
  0x00, 0x9C, 0x02, // class 22 -> "à" (U+00E0)
  0x00, 0xA3, 0x02, // class 22 -> "ç" (U+00E7)
  0x00, 0xA4, 0x02, // class 22 -> "è" (U+00E8)
  0x00, 0xA5, 0x02, // class 22 -> "é" (U+00E9)
  0x00, 0xA6, 0x02, // class 22 -> "ê" (U+00EA)
  0x00, 0xA7, 0x02, // class 22 -> "ë" (U+00EB)
  0x00, 0xAE, 0x02, // class 22 -> "ò" (U+00F2)
  0x00, 0xAF, 0x02, // class 22 -> "ó" (U+00F3)
  0x00, 0xB0, 0x02, // class 22 -> "ô" (U+00F4)
  0x00, 0xB1, 0x02, // class 22 -> "õ" (U+00F5)
  0x00, 0xB2, 0x02, // class 22 -> "ö" (U+00F6)
  0x00, 0xB4, 0x02, // class 22 -> "ø" (U+00F8)
  0x00, 0xC3, 0x02, // class 22 -> "ć" (U+0107)
  0x00, 0xC5, 0x02, // class 22 -> "ĉ" (U+0109)
  0x00, 0xC7, 0x02, // class 22 -> "ċ" (U+010B)
  0x00, 0xC9, 0x02, // class 22 -> "č" (U+010D)
  0x00, 0xCB, 0x02, // class 22 -> "ď" (U+010F)
  0x00, 0xCD, 0x02, // class 22 -> "đ" (U+0111)
  0x00, 0xCF, 0x02, // class 22 -> "ē" (U+0113)
  0x00, 0xD1, 0x02, // class 22 -> "ĕ" (U+0115)
  0x00, 0xD3, 0x02, // class 22 -> "ė" (U+0117)
  0x00, 0xD5, 0x02, // class 22 -> "ę" (U+0119)
  0x00, 0xD7, 0x02, // class 22 -> "ě" (U+011B)
  0x01, 0x09, 0x02, // class 22 -> "ō" (U+014D)
  0x01, 0x0B, 0x02, // class 22 -> "ŏ" (U+014F)
  0x01, 0x0D, 0x02, // class 22 -> "ő" (U+0151)
  0x01, 0x0F, 0x02, // class 22 -> "œ" (U+0153)
  0x00, 0x33, 0x02, // class 23 -> "T" (U+0054)
  0x00, 0x35, 0x01, // class 23 -> "V" (U+0056)
  0x00, 0x36, 0x01, // class 23 -> "W" (U+0057)
  0x00, 0x38, 0x03, // class 23 -> "Y" (U+0059)
  0x00, 0x99, 0x03, // class 23 -> "Ý" (U+00DD)
  0x01, 0x1E, 0x02, // class 23 -> "Ţ" (U+0162)
  0x01, 0x20, 0x02, // class 23 -> "Ť" (U+0164)
  0x01, 0x22, 0x02, // class 23 -> "Ŧ" (U+0166)
  0x01, 0x30, 0x01, // class 23 -> "Ŵ" (U+0174)
  0x01, 0x32, 0x03, // class 23 -> "Ŷ" (U+0176)
  0x01, 0x34, 0x03, // class 23 -> "Ÿ" (U+0178)
  0x00, 0x33, 0x03, // class 24 -> "T" (U+0054)
  0x00, 0x35, 0x01, // class 24 -> "V" (U+0056)
  0x00, 0x36, 0x01, // class 24 -> "W" (U+0057)
  0x00, 0x38, 0x03, // class 24 -> "Y" (U+0059)
  0x00, 0x99, 0x03, // class 24 -> "Ý" (U+00DD)
  0x01, 0x1E, 0x03, // class 24 -> "Ţ" (U+0162)
  0x01, 0x20, 0x03, // class 24 -> "Ť" (U+0164)
  0x01, 0x22, 0x03, // class 24 -> "Ŧ" (U+0166)
  0x01, 0x30, 0x01, // class 24 -> "Ŵ" (U+0174)
  0x01, 0x32, 0x03, // class 24 -> "Ŷ" (U+0176)
  0x01, 0x34, 0x03, // class 24 -> "Ÿ" (U+0178)
  0x00, 0x33, 0x05, // class 25 -> "T" (U+0054)
  0x00, 0x35, 0x03, // class 25 -> "V" (U+0056)
  0x00, 0x36, 0x03, // class 25 -> "W" (U+0057)
  0x00, 0x37, 0x02, // class 25 -> "X" (U+0058)
  0x00, 0x38, 0x07, // class 25 -> "Y" (U+0059)
  0x00, 0x99, 0x07, // class 25 -> "Ý" (U+00DD)
  0x01, 0x1E, 0x05, // class 25 -> "Ţ" (U+0162)
  0x01, 0x20, 0x05, // class 25 -> "Ť" (U+0164)
  0x01, 0x22, 0x05, // class 25 -> "Ŧ" (U+0166)
  0x01, 0x30, 0x03, // class 25 -> "Ŵ" (U+0174)
  0x01, 0x32, 0x07, // class 25 -> "Ŷ" (U+0176)
  0x01, 0x34, 0x07, // class 25 -> "Ÿ" (U+0178)
  0x00, 0x33, 0x03, // class 26 -> "T" (U+0054)
  0x00, 0x35, 0x03, // class 26 -> "V" (U+0056)
  0x00, 0x36, 0x03, // class 26 -> "W" (U+0057)
  0x00, 0x38, 0x03, // class 26 -> "Y" (U+0059)
  0x00, 0x99, 0x03, // class 26 -> "Ý" (U+00DD)
  0x01, 0x1E, 0x03, // class 26 -> "Ţ" (U+0162)
  0x01, 0x20, 0x03, // class 26 -> "Ť" (U+0164)
  0x01, 0x22, 0x03, // class 26 -> "Ŧ" (U+0166)
  0x01, 0x30, 0x03, // class 26 -> "Ŵ" (U+0174)
  0x01, 0x32, 0x03, // class 26 -> "Ŷ" (U+0176)
  0x01, 0x34, 0x03, // class 26 -> "Ÿ" (U+0178)
  
  // Glyph data (137754 bytes).
  
  // "!" (U+0021), RLE, 173 bytes saved (50.7%)
  0x1F, 0xA8, 0x12, 0x0E, 0xF9, 0x81, 0x10, 0xEF, 0x92, 0x0D, 0xF9, 0x20, 0xCF, 0x0E, 0x20, 0xBF,
  0x0D, 0x20, 0xBF, 0x0D, 0x20, 0xAF, 0x0C, 0x20, 0x9F, 0x0B, 0x20, 0x8F, 0x0A, 0x20, 0x8F, 0x0A,
  0x20, 0x7F, 0x09, 0x20, 0x6F, 0x08, 0x20, 0x5F, 0x07, 0x20, 0x5F, 0x07, 0x20, 0x4F, 0x06, 0x20,
  0x3F, 0x05, 0x20, 0x2F, 0x04, 0x20, 0x2F, 0x04, 0x20, 0x1F, 0x03, 0x3F, 0x02, 0x3F, 0x01, 0x30,
  0xEE, 0x01, 0x30, 0xDE, 0x40, 0xDE, 0x40, 0xCD, 0x0E, 0x40, 0xBD, 0x0D, 0x40, 0xAD, 0x0C, 0x40,
  0xAD, 0x0C, 0x40, 0x9D, 0x0B, 0x40, 0x8D, 0x0A, 0x40, 0x7D, 0x09, 0x40, 0x7D, 0x08, 0x40, 0x6D,
  0x08, 0x40, 0x5D, 0x07, 0x40, 0x4D, 0x06, 0x40, 0x4D, 0x05, 0x40, 0x3D, 0x05, 0x40, 0x2D, 0x04,
  0x40, 0x1D, 0x03, 0x40, 0x1D, 0x02, 0x5D, 0x02, 0x5D, 0x01, 0x50, 0xEC, 0x80, 0x98, 0x30, 0x85,
  0x3A, 0xDF, 0xEA, 0x23, 0x05, 0xF8, 0x16, 0x02, 0xFA, 0x02, 0x07, 0xFA, 0x08, 0x0B, 0xFA, 0x0B,
  0x0C, 0xFA, 0x00, 0xCF, 0xA0, 0xC0, 0xAF, 0xA0, 0xB0, 0x7F, 0xA8, 0x17, 0x1E, 0xF8, 0x2E, 0x10,
  0x4F, 0x05, 0x38, 0x52, 0x9D, 0xFE, 0x92, 0x20,
  // """ (U+0022), RLE, 146 bytes saved (53.1%)
  0x05, 0xF0, 0xB7, 0x09, 0xF0, 0x70, 0x4F, 0x0A, 0x70, 0x8F, 0x05, 0x03, 0xF0, 0x87, 0x07, 0xF0,
  0x40, 0x2F, 0x07, 0x70, 0x6F, 0x03, 0x1F, 0x06, 0x70, 0x5F, 0x02, 0x1F, 0x05, 0x70, 0x3F, 0x81,
  0x10, 0xEE, 0x03, 0x70, 0x2F, 0x20, 0xCE, 0x02, 0x70, 0x1E, 0x0E, 0x20, 0xBE, 0x01, 0x71, 0xE0,
  0xC2, 0x0A, 0xE7, 0x20, 0xED, 0x0B, 0x20, 0x9D, 0x0E, 0x72, 0x0D, 0xD0, 0xA2, 0x07, 0xD0, 0xD7,
  0x20, 0xCD, 0x09, 0x20, 0x6D, 0x0C, 0x72, 0x0A, 0xD0, 0x82, 0x05, 0xD0, 0xB7, 0x20, 0x9D, 0x06,
  0x20, 0x4D, 0x09, 0x72, 0x08, 0xD0, 0x52, 0x03, 0xD0, 0x87, 0x20, 0x7D, 0x04, 0x20, 0x1D, 0x07,
  0x72, 0x06, 0xD0, 0x33, 0xD0, 0x67, 0x20, 0x4D, 0x02, 0x30, 0xEC, 0x04, 0x72, 0x03, 0xD4, 0x0D,
  0xC0, 0x37, 0x20, 0x2D, 0x40, 0xCC, 0x02, 0x72, 0x01, 0xC0, 0xD4, 0x0B, 0xC0, 0x17, 0x3C, 0x0C,
  0x20,
  // "#" (U+0023), RLE, 1136 bytes saved (71.6%)
  0x77, 0x50, 0xBD, 0x06, 0x74, 0x03, 0xD0, 0xB7, 0x77, 0x60, 0xED, 0x03, 0x74, 0x05, 0xD0, 0x87,
  0x77, 0x50, 0x2E, 0x75, 0x08, 0xD0, 0x57, 0x77, 0x50, 0x5D, 0x0D, 0x75, 0x0B, 0xD0, 0x27, 0x77,
  0x50, 0x8D, 0x0A, 0x75, 0x0E, 0xC0, 0xE7, 0x77, 0x60, 0xBD, 0x07, 0x74, 0x02, 0xD0, 0xC7, 0x77,
  0x60, 0xED, 0x04, 0x74, 0x05, 0xD0, 0x97, 0x77, 0x50, 0x1E, 0x01, 0x74, 0x08, 0xD0, 0x67, 0x77,
  0x50, 0x4D, 0x0D, 0x75, 0x0B, 0xD0, 0x37, 0x77, 0x50, 0x7D, 0x0A, 0x75, 0x0E, 0xD7, 0x77, 0x60,
  0xAD, 0x07, 0x74, 0x01, 0xD0, 0xC7, 0x77, 0x60, 0xDD, 0x04, 0x74, 0x04, 0xD0, 0x97, 0x77, 0x50,
  0x1E, 0x01, 0x74, 0x07, 0xD0, 0x67, 0x77, 0x50, 0x3D, 0x0E, 0x75, 0x0A, 0xD0, 0x37, 0x77, 0x50,
  0x6D, 0x0B, 0x75, 0x0D, 0xD0, 0x17, 0x77, 0x50, 0x9D, 0x08, 0x75, 0xD0, 0xD7, 0x77, 0x60, 0xCD,
  0x05, 0x74, 0x03, 0xD0, 0xA7, 0x77, 0x6E, 0x02, 0x74, 0x06, 0xD0, 0x77, 0x70, 0xA8, 0x0D, 0x3F,
  0x04, 0x30, 0xA8, 0x0D, 0x3F, 0x04, 0x30, 0xA8, 0x0D, 0x3F, 0x04, 0x30, 0xA8, 0x0D, 0x3F, 0x04,
  0x30, 0xA8, 0x0D, 0x3F, 0x04, 0x30, 0xA8, 0x0D, 0x3F, 0x04, 0x30, 0x28, 0x06, 0x40, 0x6D, 0x0D,
  0x80, 0x90, 0x40, 0xED, 0x06, 0x80, 0x74, 0x01, 0x77, 0x06, 0xD0, 0x97, 0x40, 0x1E, 0x77, 0x76,
  0x09, 0xD0, 0x67, 0x40, 0x4D, 0x0C, 0x77, 0x76, 0x0D, 0xD0, 0x37, 0x40, 0x7D, 0x09, 0x77, 0x76,
  0xE7, 0x50, 0xBD, 0x06, 0x77, 0x75, 0x04, 0xD0, 0xC7, 0x50, 0xED, 0x02, 0x77, 0x75, 0x07, 0xD0,
  0x87, 0x40, 0x2D, 0x0E, 0x77, 0x76, 0x0A, 0xD0, 0x57, 0x40, 0x5D, 0x0B, 0x77, 0x76, 0x0E, 0xD0,
  0x27, 0x40, 0x8D, 0x08, 0x77, 0x75, 0x02, 0xD0, 0xE7, 0x50, 0xBD, 0x05, 0x77, 0x75, 0x05, 0xD0,
  0xB7, 0x50, 0xED, 0x02, 0x77, 0x75, 0x08, 0xD0, 0x87, 0x40, 0x2D, 0x0E, 0x77, 0x76, 0x0C, 0xD0,
  0x47, 0x40, 0x5D, 0x0B, 0x77, 0x10, 0xD8, 0x0D, 0x3F, 0x06, 0x30, 0xD8, 0x0D, 0x3F, 0x06, 0x30,
  0xD8, 0x0D, 0x3F, 0x06, 0x30, 0xD8, 0x0D, 0x3F, 0x06, 0x30, 0xD8, 0x0D, 0x3F, 0x06, 0x30, 0xD8,
  0x0D, 0x3F, 0x06, 0x30, 0x38, 0x05, 0x40, 0x5E, 0x80, 0x90, 0x40, 0xBD, 0x09, 0x80, 0x90, 0x40,
  0x17, 0x60, 0x3D, 0x0D, 0x75, 0x0D, 0xD0, 0x37, 0x77, 0x50, 0x6D, 0x0A, 0x75, 0xE7, 0x77, 0x60,
  0x9D, 0x07, 0x74, 0x03, 0xD0, 0xD7, 0x77, 0x60, 0xCD, 0x04, 0x74, 0x07, 0xD0, 0xA7, 0x77, 0x60,
  0xED, 0x01, 0x74, 0x0A, 0xD0, 0x77, 0x77, 0x50, 0x2D, 0x0E, 0x75, 0x0D, 0xD0, 0x47, 0x77, 0x50,
  0x5D, 0x0B, 0x75, 0xE0, 0x17, 0x77, 0x50, 0x8D, 0x08, 0x74, 0x03, 0xD0, 0xD7, 0x77, 0x60, 0xBD,
  0x05, 0x74, 0x06, 0xD0, 0xA7, 0x77, 0x60, 0xDD, 0x02, 0x74, 0x0A, 0xD0, 0x77, 0x77, 0x50, 0x1D,
  0x0E, 0x75, 0x0D, 0xD0, 0x47, 0x77, 0x50, 0x4D, 0x0C, 0x75, 0xE0, 0x17, 0x77, 0x50, 0x7D, 0x09,
  0x74, 0x03, 0xD0, 0xD7, 0x77, 0x60, 0x9D, 0x06, 0x74, 0x06, 0xD0, 0xA7, 0x77, 0x60, 0xCD, 0x03,
  0x74, 0x09, 0xD0, 0x77, 0x77, 0x6E, 0x75, 0x0D, 0xD0, 0x47, 0x77, 0x50, 0x2D, 0x0C, 0x75, 0xE0,
  0x17, 0x75,
  // "$" (U+0024), RLE, 899 bytes saved (64.2%)
  0x77, 0x20, 0x3D, 0x04, 0x77, 0x77, 0x50, 0x3D, 0x04, 0x77, 0x77, 0x50, 0x3D, 0x04, 0x77, 0x77,
  0x50, 0x3D, 0x04, 0x77, 0x77, 0x50, 0x3D, 0x04, 0x77, 0x77, 0x50, 0x3D, 0x04, 0x77, 0x77, 0x50,
  0x3D, 0x04, 0x77, 0x77, 0x18, 0x31, 0x45, 0x69, 0xD8, 0x49, 0x65, 0x43, 0x17, 0x77, 0x81, 0x5A,
  0xDF, 0xFA, 0x82, 0xDA, 0x73, 0x77, 0x81, 0x18, 0xEF, 0xFF, 0xA8, 0x1D, 0x93, 0x73, 0x04, 0x0D,
  0xFF, 0xFF, 0x0C, 0x06, 0x70, 0x8F, 0xFF, 0xFC, 0x02, 0x50, 0x8F, 0xFF, 0xFC, 0x0C, 0x50, 0x5F,
  0xFF, 0xFD, 0x07, 0x50, 0xEF, 0xC8, 0x1B, 0x99, 0xD8, 0x37, 0x68, 0xAD, 0xFA, 0x01, 0x40, 0x7F,
  0xA0, 0xA0, 0x43, 0x03, 0xD0, 0x44, 0x82, 0x14, 0x7C, 0xC0, 0xB5, 0x0D, 0xF0, 0xD0, 0x35, 0x03,
  0xD0, 0x47, 0x18, 0x31, 0x5B, 0xF5, 0x40, 0x2F, 0x0E, 0x02, 0x60, 0x3D, 0x04, 0x74, 0x01, 0x50,
  0x6F, 0x06, 0x70, 0x3D, 0x04, 0x77, 0x30, 0x8E, 0x0E, 0x71, 0x03, 0xD0, 0x47, 0x73, 0x09, 0xE0,
  0xC7, 0x10, 0x3D, 0x04, 0x77, 0x30, 0xAE, 0x0B, 0x71, 0x03, 0xD0, 0x47, 0x73, 0x09, 0xE0, 0xC7,
  0x10, 0x3D, 0x04, 0x77, 0x30, 0x7F, 0x71, 0x03, 0xD0, 0x47, 0x73, 0x06, 0xF0, 0x47, 0x03, 0xD0,
  0x47, 0x73, 0x01, 0xF0, 0xC7, 0x03, 0xD0, 0x47, 0x74, 0x0D, 0xF0, 0x96, 0x03, 0xD0, 0x47, 0x74,
  0x07, 0xF9, 0x0C, 0x03, 0x40, 0x3D, 0x04, 0x77, 0x50, 0xDF, 0xA0, 0xA0, 0x42, 0x03, 0xD0, 0x47,
  0x75, 0x05, 0xFC, 0x81, 0xEA, 0x8D, 0x04, 0x77, 0x60, 0x7F, 0xFC, 0x04, 0x77, 0x70, 0x8F, 0xFB,
  0x07, 0x77, 0x71, 0x05, 0x0E, 0xFF, 0xB8, 0x1B, 0x61, 0x77, 0x50, 0x10, 0xAF, 0xFD, 0x0B, 0x05,
  0x77, 0x50, 0x30, 0xBF, 0xFD, 0x81, 0xE7, 0x17, 0x74, 0x81, 0x29, 0xEF, 0xFC, 0x0E, 0x08, 0x77,
  0x68, 0x15, 0xAE, 0xFF, 0xB0, 0xD0, 0x47, 0x77, 0x06, 0xFF, 0xC0, 0x77, 0x76, 0x03, 0xFF, 0xD0,
  0x87, 0x75, 0x03, 0xD8, 0x17, 0x7C, 0xFD, 0x05, 0x77, 0x40, 0x3D, 0x04, 0x28, 0x11, 0x7D, 0xFA,
  0x0E, 0x01, 0x77, 0x30, 0x3D, 0x04, 0x50, 0x50, 0xDF, 0x90, 0x77, 0x73, 0x03, 0xD0, 0x46, 0x01,
  0x0C, 0xF0, 0xC7, 0x73, 0x03, 0xD0, 0x47, 0x01, 0x0E, 0xF0, 0x17, 0x72, 0x03, 0xD0, 0x47, 0x10,
  0x7F, 0x03, 0x77, 0x20, 0x3D, 0x04, 0x71, 0x03, 0xF0, 0x47, 0x72, 0x03, 0xD0, 0x47, 0x10, 0x1F,
  0x05, 0x77, 0x20, 0x3D, 0x04, 0x72, 0xF0, 0x57, 0x72, 0x03, 0xD0, 0x47, 0x10, 0x2F, 0x03, 0x77,
  0x20, 0x3D, 0x04, 0x71, 0x07, 0xF7, 0x73, 0x03, 0xD0, 0x47, 0x01, 0x0E, 0xE8, 0x2C, 0x06, 0x47,
  0x70, 0x3D, 0x04, 0x60, 0x10, 0xCF, 0x85, 0x60, 0xAF, 0xD8, 0x37, 0x40, 0x3D, 0x04, 0x50, 0x40,
  0xDF, 0x0D, 0x20, 0xAC, 0x82, 0xEA, 0x62, 0x70, 0x3D, 0x04, 0x28, 0x13, 0x7D, 0xFA, 0x05, 0x20,
  0xAF, 0xA8, 0x5C, 0xA8, 0x65, 0x47, 0xD0, 0xC0, 0xDF, 0xD0, 0x83, 0x0A, 0xFF, 0xFF, 0xE0, 0x94,
  0x0A, 0xFF, 0xFF, 0xC0, 0xE0, 0x65, 0x0A, 0xFF, 0xFF, 0xB0, 0xB0, 0x26, 0x05, 0x0D, 0xFF, 0xFF,
  0x0A, 0x03, 0x73, 0x82, 0x27, 0xBE, 0xFF, 0xE8, 0x2E, 0xB6, 0x27, 0x72, 0x89, 0x01, 0x46, 0x8A,
  0xBD, 0xDE, 0xEE, 0x82, 0xB7, 0x53, 0x77, 0x77, 0x20, 0x3D, 0x04, 0x77, 0x77, 0x50, 0x3D, 0x04,
  0x77, 0x77, 0x50, 0x3D, 0x04, 0x77, 0x77, 0x50, 0x3D, 0x04, 0x77, 0x77, 0x50, 0x3D, 0x04, 0x77,
  0x77, 0x50, 0x3D, 0x04, 0x77, 0x77, 0x50, 0x3D, 0x04, 0x77, 0x77, 0x50, 0x3D, 0x04, 0x77, 0x77,
  0x50, 0x3D, 0x04, 0x77, 0x30,
  // "%" (U+0025), RLE, 1265 bytes saved (62.7%)
  0x71, 0x89, 0x05, 0x9C, 0xEF, 0xED, 0xB7, 0x28, 0x0E, 0x00, 0x05, 0x0D, 0xFB, 0x0A, 0x01, 0x77,
  0x74, 0x0C, 0xD0, 0xC7, 0x73, 0x0A, 0xFE, 0x0E, 0x04, 0x77, 0x72, 0x05, 0xE0, 0x37, 0x72, 0x0A,
  0xFF, 0xA0, 0x47, 0x77, 0x10, 0xDD, 0x0A, 0x77, 0x20, 0x7F, 0xFB, 0x0E, 0x01, 0x77, 0x60, 0x7E,
  0x02, 0x77, 0x10, 0x10, 0xEE, 0x84, 0x93, 0x01, 0x5C, 0xE0, 0xA7, 0x75, 0x01, 0x0E, 0xD0, 0x87,
  0x72, 0x08, 0xE0, 0x56, 0x0A, 0xE0, 0x37, 0x74, 0x09, 0xD0, 0xE0, 0x17, 0x72, 0x0E, 0xD0, 0x87,
  0x10, 0xDD, 0x0B, 0x77, 0x30, 0x2E, 0x06, 0x77, 0x20, 0x5D, 0x0E, 0x01, 0x71, 0x04, 0xE0, 0x17,
  0x72, 0x0B, 0xD0, 0xD7, 0x73, 0x09, 0xD0, 0xA7, 0x30, 0xDD, 0x06, 0x77, 0x10, 0x4E, 0x05, 0x77,
  0x30, 0xDD, 0x05, 0x73, 0x08, 0xD0, 0xB7, 0x71, 0x0D, 0xD0, 0xB7, 0x73, 0x01, 0xE0, 0x17, 0x30,
  0x4D, 0x0E, 0x77, 0x06, 0xE0, 0x37, 0x73, 0x04, 0xD0, 0xE7, 0x40, 0x1E, 0x01, 0x76, 0x0E, 0xD0,
  0xA7, 0x74, 0x06, 0xD0, 0xC7, 0x50, 0xED, 0x04, 0x75, 0x08, 0xE0, 0x17, 0x74, 0x08, 0xD0, 0xA7,
  0x50, 0xDD, 0x06, 0x74, 0x01, 0xE0, 0x87, 0x75, 0x09, 0xD0, 0x97, 0x50, 0xBD, 0x07, 0x74, 0x0A,
  0xD0, 0xE7, 0x76, 0x0A, 0xD0, 0x87, 0x50, 0xAD, 0x08, 0x73, 0x03, 0xE0, 0x67, 0x76, 0x0B, 0xD0,
  0x87, 0x50, 0xAD, 0x09, 0x73, 0x0B, 0xD0, 0xD7, 0x77, 0x0B, 0xD0, 0x77, 0x50, 0x9D, 0x0A, 0x72,
  0x05, 0xE0, 0x47, 0x77, 0x0B, 0xD0, 0x77, 0x50, 0x9D, 0x0A, 0x72, 0x0D, 0xD0, 0xB7, 0x77, 0x10,
  0xBD, 0x08, 0x75, 0x0A, 0xD0, 0x97, 0x10, 0x6E, 0x03, 0x77, 0x71, 0x0A, 0xD0, 0x87, 0x50, 0xAD,
  0x08, 0x70, 0x10, 0xED, 0x09, 0x77, 0x72, 0x09, 0xD0, 0x97, 0x50, 0xBD, 0x07, 0x70, 0x8D, 0x0E,
  0x01, 0x77, 0x72, 0x08, 0xD0, 0xA7, 0x50, 0xDD, 0x06, 0x60, 0x2E, 0x07, 0x77, 0x73, 0x05, 0xD0,
  0xC7, 0x50, 0xED, 0x04, 0x60, 0xAD, 0x0E, 0x77, 0x74, 0x03, 0xD0, 0xE7, 0x40, 0x1E, 0x01, 0x50,
  0x3E, 0x06, 0x68, 0x90, 0x17, 0xBD, 0xEF, 0xEC, 0x95, 0x73, 0xE0, 0x27, 0x30, 0x5D, 0x0E, 0x60,
  0xCD, 0x0C, 0x50, 0x10, 0x9F, 0xB0, 0xD0, 0x57, 0x10, 0xCD, 0x05, 0x73, 0x08, 0xD0, 0xB5, 0x05,
  0xE0, 0x44, 0x03, 0x0E, 0xFE, 0x0A, 0x70, 0x7D, 0x0A, 0x73, 0x0D, 0xD0, 0x65, 0x0D, 0xD0, 0xB4,
  0x02, 0x0E, 0xFF, 0x90, 0xB6, 0x02, 0xD0, 0xE0, 0x17, 0x10, 0x4E, 0x01, 0x40, 0x7E, 0x02, 0x40,
  0xDF, 0xFB, 0x09, 0x60, 0xCD, 0x08, 0x71, 0x0D, 0xD0, 0xB4, 0x01, 0x0E, 0xD0, 0x94, 0x07, 0xE8,
  0x5D, 0x61, 0x02, 0x7E, 0xE0, 0x35, 0x04, 0xE0, 0x56, 0x0A, 0xE0, 0x34, 0x09, 0xD0, 0xE0, 0x14,
  0x0E, 0xD0, 0xC0, 0x15, 0x02, 0x0E, 0xD0, 0xB6, 0x0C, 0xE8, 0x49, 0x30, 0x15, 0xCE, 0x0B, 0x40,
  0x2E, 0x07, 0x40, 0x6E, 0x02, 0x70, 0x4E, 0x04, 0x50, 0x3F, 0xFC, 0x02, 0x40, 0xAD, 0x0D, 0x50,
  0xBD, 0x09, 0x72, 0x0A, 0xD0, 0x96, 0x05, 0xFF, 0xA0, 0x54, 0x03, 0xE0, 0x55, 0xE0, 0x37, 0x20,
  0x4D, 0x0E, 0x70, 0x6F, 0xF0, 0x55, 0x0C, 0xD0, 0xC5, 0x05, 0xD0, 0xE7, 0x40, 0xED, 0x04, 0x70,
  0x30, 0xCF, 0xB0, 0xB0, 0x25, 0x05, 0xE0, 0x35, 0x08, 0xD0, 0xB7, 0x40, 0xBD, 0x07, 0x72, 0x82,
  0x38, 0xCE, 0xA8, 0x2D, 0xB7, 0x27, 0x0D, 0xD0, 0xA6, 0x0A, 0xD0, 0x87, 0x40, 0x8D, 0x0A, 0x77,
  0x74, 0x07, 0xE0, 0x26, 0x0D, 0xD0, 0x57, 0x40, 0x5D, 0x0D, 0x77, 0x73, 0x01, 0x0E, 0xD0, 0x87,
  0xE0, 0x47, 0x40, 0x4E, 0x77, 0x73, 0x09, 0xD0, 0xE0, 0x17, 0xE0, 0x27, 0x40, 0x2E, 0x01, 0x77,
  0x71, 0x02, 0xE0, 0x77, 0x01, 0xE0, 0x27, 0x40, 0x1E, 0x02, 0x77, 0x71, 0x0B, 0xD0, 0xD7, 0x10,
  0x2E, 0x01, 0x74, 0x01, 0xE0, 0x27, 0x77, 0x04, 0xE0, 0x57, 0x10, 0x2E, 0x01, 0x75, 0xE0, 0x37,
  0x77, 0x0C, 0xD0, 0xC7, 0x20, 0x2E, 0x01, 0x75, 0xE0, 0x37, 0x76, 0x06, 0xE0, 0x37, 0x20, 0x2E,
  0x01, 0x74, 0x01, 0xE0, 0x27, 0x76, 0x0E, 0xD0, 0xA7, 0x30, 0x1E, 0x02, 0x74, 0x01, 0xE0, 0x27,
  0x75, 0x07, 0xE0, 0x27, 0x4E, 0x03, 0x74, 0x02, 0xE0, 0x17, 0x74, 0x01, 0x0E, 0xD0, 0x87, 0x50,
  0xED, 0x04, 0x74, 0x04, 0xE7, 0x75, 0x09, 0xD0, 0xE0, 0x17, 0x50, 0xCD, 0x06, 0x74, 0x05, 0xD0,
  0xD7, 0x74, 0x03, 0xE0, 0x67, 0x60, 0x9D, 0x08, 0x74, 0x08, 0xD0, 0xA7, 0x74, 0x0B, 0xD0, 0xD7,
  0x70, 0x7D, 0x0B, 0x74, 0x0B, 0xD0, 0x87, 0x73, 0x04, 0xE0, 0x47, 0x70, 0x3D, 0x0E, 0x74, 0x0E,
  0xD0, 0x47, 0x73, 0x0D, 0xD0, 0xB7, 0x72, 0x0E, 0xD0, 0x37, 0x20, 0x5D, 0x0E, 0x77, 0x30, 0x6E,
  0x03, 0x77, 0x20, 0x9D, 0x09, 0x72, 0x0B, 0xD0, 0xA7, 0x73, 0x0E, 0xD0, 0x97, 0x73, 0x03, 0xE0,
  0x27, 0x04, 0xE0, 0x47, 0x72, 0x08, 0xE0, 0x17, 0x74, 0x0B, 0xD0, 0xC0, 0x15, 0x02, 0x0E, 0xD0,
  0xC7, 0x72, 0x01, 0xE0, 0x87, 0x75, 0x03, 0xE8, 0x5D, 0x61, 0x02, 0x7E, 0xE0, 0x57, 0x72, 0x0A,
  0xD0, 0xE7, 0x77, 0x09, 0xFF, 0xB0, 0xB7, 0x72, 0x03, 0xE0, 0x67, 0x77, 0x10, 0xBF, 0xF9, 0x0D,
  0x01, 0x77, 0x20, 0xBD, 0x0D, 0x77, 0x73, 0x0B, 0xFE, 0x0C, 0x01, 0x77, 0x20, 0x5E, 0x04, 0x77,
  0x74, 0x06, 0x0E, 0xFA, 0x0E, 0x07, 0x80, 0xE1, 0x08, 0x76, 0xAD, 0xEF, 0xED, 0xA5, 0x72,
  // "&" (U+0026), RLE, 1238 bytes saved (66.6%)
  0x77, 0x18, 0x94, 0x15, 0x8B, 0xCD, 0xEF, 0xED, 0xB8, 0x51, 0x80, 0xC7, 0x00, 0x40, 0xAF, 0xF0,
  0x90, 0x38, 0x0C, 0x30, 0x02, 0x0C, 0xFF, 0xC0, 0x98, 0x0C, 0x10, 0x07, 0xFF, 0xF0, 0xD0, 0x27,
  0x77, 0x76, 0x08, 0xFF, 0xFA, 0x0D, 0x01, 0x77, 0x77, 0x40, 0x5F, 0xFF, 0xC0, 0xD7, 0x77, 0x73,
  0x01, 0x0E, 0xFA, 0x86, 0xC8, 0x54, 0x56, 0x9E, 0xFA, 0x06, 0x77, 0x77, 0x20, 0x8F, 0x90, 0xC0,
  0x37, 0x10, 0x7F, 0x90, 0xE7, 0x77, 0x72, 0x0E, 0xF0, 0x97, 0x40, 0x4F, 0x90, 0x47, 0x77, 0x70,
  0x3F, 0x0B, 0x76, 0x07, 0xF0, 0x97, 0x77, 0x70, 0x7F, 0x03, 0x77, 0x0E, 0xE0, 0xC7, 0x77, 0x70,
  0x9E, 0x0E, 0x77, 0x10, 0xAE, 0x0D, 0x77, 0x77, 0x0A, 0xE0, 0xC7, 0x71, 0x07, 0xF7, 0x77, 0x70,
  0xAE, 0x0B, 0x77, 0x10, 0x7F, 0x77, 0x77, 0x09, 0xE0, 0xC7, 0x71, 0x09, 0xE0, 0xD7, 0x77, 0x70,
  0x7F, 0x77, 0x10, 0xCE, 0x0C, 0x77, 0x77, 0x04, 0xF0, 0x47, 0x60, 0x2F, 0x08, 0x77, 0x77, 0x01,
  0xF0, 0xA7, 0x60, 0x9F, 0x03, 0x77, 0x77, 0x10, 0xBF, 0x03, 0x74, 0x04, 0xF0, 0xC7, 0x77, 0x72,
  0x04, 0xF0, 0xC7, 0x30, 0x30, 0xEF, 0x05, 0x77, 0x77, 0x30, 0xBF, 0x09, 0x71, 0x03, 0x0E, 0xF0,
  0xA7, 0x77, 0x74, 0x02, 0xF9, 0x06, 0x60, 0x6F, 0x90, 0xD7, 0x77, 0x76, 0x06, 0xF9, 0x04, 0x30,
  0x10, 0xBF, 0x90, 0xD0, 0x27, 0x77, 0x77, 0x0A, 0xF8, 0x3E, 0x30, 0x6E, 0xF9, 0x0D, 0x01, 0x80,
  0xC1, 0x00, 0xDF, 0x0E, 0x0C, 0xFA, 0x0B, 0x01, 0x80, 0xC2, 0x00, 0x20, 0xEF, 0xFA, 0x09, 0x80,
  0xC5, 0x00, 0x4F, 0xF0, 0xE0, 0x48, 0x0C, 0x70, 0x07, 0xFD, 0x0A, 0x01, 0x80, 0xC7, 0x00, 0x70,
  0xEF, 0xB0, 0xE0, 0x48, 0x0C, 0x70, 0x03, 0x0C, 0xFE, 0x07, 0x80, 0xC6, 0x00, 0x7F, 0xFA, 0x07,
  0x80, 0xC3, 0x00, 0x10, 0xBF, 0xFC, 0x07, 0x77, 0x50, 0xCE, 0x0D, 0x73, 0x02, 0x0D, 0xFF, 0xE0,
  0x87, 0x73, 0x01, 0xF0, 0x87, 0x20, 0x30, 0xEF, 0xB8, 0x19, 0x4E, 0xFA, 0x08, 0x77, 0x20, 0x5F,
  0x04, 0x71, 0x03, 0x0E, 0xFA, 0x0D, 0x03, 0x20, 0x30, 0xEF, 0xA0, 0x87, 0x71, 0x09, 0xF7, 0x10,
  0x10, 0xEF, 0xA0, 0x95, 0x03, 0x0E, 0xFA, 0x08, 0x77, 0x0D, 0xE0, 0xB7, 0x10, 0xBF, 0xA0, 0x67,
  0x02, 0x0E, 0xFA, 0x08, 0x75, 0x03, 0xF0, 0x67, 0x06, 0xFA, 0x04, 0x72, 0x02, 0x0D, 0xFA, 0x08,
  0x74, 0x09, 0xF0, 0x17, 0x0D, 0xF9, 0x04, 0x74, 0x02, 0x0D, 0xFA, 0x09, 0x73, 0x0E, 0xE0, 0xA7,
  0x05, 0xF9, 0x07, 0x76, 0x01, 0x0D, 0xFA, 0x09, 0x71, 0x05, 0xF0, 0x57, 0x0A, 0xF0, 0xC7, 0x71,
  0x01, 0x0D, 0xFA, 0x09, 0x70, 0xCE, 0x0E, 0x71, 0x0E, 0xF0, 0x57, 0x72, 0x01, 0x0D, 0xFA, 0x09,
  0x50, 0x4F, 0x08, 0x70, 0x2F, 0x0E, 0x77, 0x40, 0x10, 0xCF, 0xA0, 0x94, 0x0C, 0xF0, 0x27, 0x04,
  0xF0, 0xB7, 0x75, 0x01, 0x0C, 0xFA, 0x09, 0x20, 0x8F, 0x0A, 0x71, 0x05, 0xF0, 0x97, 0x76, 0x01,
  0x0C, 0xFA, 0x09, 0x03, 0xF9, 0x02, 0x71, 0x06, 0xF0, 0x77, 0x77, 0x10, 0xBF, 0xFB, 0x08, 0x72,
  0x06, 0xF0, 0x77, 0x77, 0x20, 0xBF, 0xF9, 0x0D, 0x01, 0x72, 0x05, 0xF0, 0x97, 0x77, 0x30, 0xBF,
  0xF0, 0x47, 0x30, 0x4F, 0x0B, 0x77, 0x74, 0x0A, 0xFD, 0x08, 0x74, 0x02, 0xF0, 0xE7, 0x77, 0x50,
  0xAF, 0xB0, 0xB7, 0x60, 0xEF, 0x05, 0x77, 0x74, 0x01, 0x0E, 0xFA, 0x09, 0x76, 0x0B, 0xF0, 0xD7,
  0x77, 0x30, 0x20, 0xDF, 0xC0, 0x97, 0x50, 0x5F, 0x90, 0x77, 0x77, 0x10, 0x50, 0xEF, 0xE0, 0xA7,
  0x50, 0xEF, 0x90, 0x67, 0x75, 0x02, 0x0B, 0xFF, 0xA0, 0xB7, 0x40, 0x7F, 0xA0, 0x87, 0x72, 0x01,
  0x09, 0xFF, 0xD0, 0xB7, 0x40, 0xDF, 0xA0, 0xD0, 0x67, 0x48, 0x11, 0x5A, 0xFC, 0x0B, 0x0A, 0xFA,
  0x0C, 0x01, 0x72, 0x03, 0xFC, 0x89, 0x1E, 0xB7, 0x65, 0x45, 0x57, 0x9C, 0xFE, 0x08, 0x20, 0x9F,
  0xA0, 0xD0, 0x17, 0x20, 0x5F, 0xFF, 0xFC, 0x0D, 0x04, 0x40, 0x7F, 0xA0, 0xD0, 0x27, 0x20, 0x40,
  0xEF, 0xFF, 0xF9, 0x08, 0x70, 0x5F, 0xA0, 0xD0, 0x27, 0x20, 0x20, 0xCF, 0xFF, 0xD0, 0xA0, 0x27,
  0x20, 0x40, 0xEF, 0x90, 0xE0, 0x37, 0x30, 0x60, 0xDF, 0xFF, 0x90, 0xA0, 0x27, 0x50, 0x30, 0xEF,
  0x90, 0xE0, 0x37, 0x40, 0x50, 0xBF, 0xFB, 0x81, 0xB6, 0x17, 0x71, 0x02, 0x0D, 0xF9, 0x0E, 0x04,
  0x76, 0x84, 0x47, 0xAC, 0xEE, 0xA8, 0x5E, 0xED, 0xB9, 0x73, 0x77, 0x77, 0x30,
  // "'" (U+0027), RLE, 38 bytes saved (38.4%)
  0x05, 0xF0, 0xB0, 0x4F, 0x0A, 0x03, 0xF0, 0x80, 0x2F, 0x07, 0x1F, 0x06, 0x1F, 0x81, 0x50, 0xEE,
  0x81, 0x30, 0xCE, 0x81, 0x20, 0xBE, 0x81, 0x10, 0xAE, 0x20, 0x9D, 0x0E, 0x20, 0x7D, 0x0D, 0x20,
  0x6D, 0x0C, 0x20, 0x5D, 0x0B, 0x20, 0x4D, 0x09, 0x20, 0x3D, 0x08, 0x20, 0x1D, 0x07, 0x3D, 0x06,
  0x30, 0xEC, 0x04, 0x30, 0xDC, 0x03, 0x30, 0xCC, 0x02, 0x30, 0xBC, 0x01, 0x10,
  // "(" (U+0028), RLE, 486 bytes saved (64.8%)
  0x75, 0x04, 0xE0, 0xD7, 0x40, 0x10, 0xEE, 0x03, 0x74, 0x0C, 0xE0, 0x77, 0x40, 0x8E, 0x0C, 0x74,
  0x04, 0xF0, 0x37, 0x40, 0xDE, 0x09, 0x74, 0x07, 0xE0, 0xE0, 0x17, 0x30, 0x10, 0xEE, 0x07, 0x74,
  0x0A, 0xE0, 0xE7, 0x40, 0x2F, 0x07, 0x74, 0x0A, 0xE0, 0xE0, 0x17, 0x30, 0x2F, 0x08, 0x74, 0x09,
  0xF0, 0x17, 0x40, 0xEE, 0x0A, 0x74, 0x05, 0xF0, 0x57, 0x40, 0xBE, 0x0E, 0x74, 0x01, 0xF0, 0x97,
  0x40, 0x7F, 0x03, 0x74, 0x0B, 0xE0, 0xE7, 0x5F, 0x0A, 0x74, 0x04, 0xF0, 0x67, 0x40, 0x9F, 0x02,
  0x74, 0x0D, 0xE0, 0xD7, 0x5F, 0x0A, 0x74, 0x03, 0xF0, 0x77, 0x40, 0x6F, 0x04, 0x74, 0x09, 0xF0,
  0x17, 0x40, 0xCE, 0x0D, 0x75, 0x0E, 0xE0, 0xB7, 0x5F, 0x09, 0x74, 0x02, 0xF0, 0x87, 0x40, 0x3F,
  0x06, 0x74, 0x05, 0xF0, 0x47, 0x40, 0x6F, 0x03, 0x74, 0x06, 0xF0, 0x37, 0x40, 0x7F, 0x02, 0x74,
  0x08, 0xF0, 0x27, 0x40, 0x8F, 0x01, 0x74, 0x08, 0xF0, 0x17, 0x40, 0x7F, 0x02, 0x74, 0x07, 0xF0,
  0x37, 0x40, 0x6F, 0x03, 0x74, 0x06, 0xF0, 0x47, 0x40, 0x4F, 0x05, 0x74, 0x03, 0xF0, 0x77, 0x40,
  0x1F, 0x09, 0x75, 0xF0, 0xB7, 0x50, 0xDE, 0x0D, 0x75, 0x0B, 0xF7, 0x50, 0x8F, 0x03, 0x74, 0x05,
  0xF0, 0x67, 0x40, 0x2F, 0x09, 0x75, 0x0E, 0xE0, 0xC7, 0x50, 0xBF, 0x01, 0x74, 0x06, 0xF0, 0x57,
  0x40, 0x2F, 0x09, 0x75, 0x0D, 0xE0, 0xE7, 0x50, 0x9F, 0x03, 0x74, 0x04, 0xF0, 0x87, 0x50, 0xDE,
  0x0E, 0x75, 0x08, 0xF0, 0x47, 0x40, 0x2F, 0x0A, 0x75, 0x0B, 0xF0, 0x17, 0x40, 0x4F, 0x08, 0x75,
  0x0C, 0xE0, 0xE7, 0x50, 0x4F, 0x07, 0x75, 0x0C, 0xE0, 0xD7, 0x50, 0x3F, 0x07, 0x75, 0x09, 0xE0,
  0xE0, 0x17, 0x50, 0xEE, 0x09, 0x75, 0x05, 0xF0, 0x27, 0x50, 0x9E, 0x0C, 0x76, 0x0C, 0xE0, 0x77,
  0x50, 0x20, 0xEE, 0x02, 0x75, 0x04, 0xE0, 0xC0,
  // ")" (U+0029), RLE, 522 bytes saved (66.2%)
  0x02, 0x0E, 0xD0, 0xE0, 0x27, 0x60, 0x6E, 0x0C, 0x77, 0x0B, 0xE0, 0x97, 0x60, 0x10, 0xEE, 0x05,
  0x76, 0x06, 0xE0, 0xE0, 0x17, 0x60, 0xCE, 0x0A, 0x76, 0x04, 0xF0, 0x47, 0x60, 0xBE, 0x0D, 0x76,
  0x02, 0xF0, 0x77, 0x60, 0xAE, 0x0E, 0x76, 0x03, 0xF0, 0x67, 0x60, 0xCE, 0x0D, 0x76, 0x05, 0xF0,
  0x67, 0x60, 0xDE, 0x0C, 0x76, 0x08, 0xF0, 0x27, 0x50, 0x2F, 0x08, 0x76, 0x0C, 0xE0, 0xD7, 0x60,
  0x7F, 0x03, 0x75, 0x02, 0xF0, 0x87, 0x60, 0xDE, 0x0C, 0x76, 0x09, 0xF0, 0x17, 0x50, 0x5F, 0x05,
  0x75, 0x01, 0xF0, 0x97, 0x60, 0xDE, 0x0C, 0x76, 0x0A, 0xF7, 0x60, 0x7F, 0x03, 0x75, 0x04, 0xF0,
  0x67, 0x50, 0x1F, 0x09, 0x76, 0x0E, 0xE0, 0xA7, 0x60, 0xDE, 0x0C, 0x76, 0x0B, 0xE0, 0xE7, 0x60,
  0x9F, 0x76, 0x07, 0xF0, 0x27, 0x50, 0x7F, 0x03, 0x75, 0x06, 0xF0, 0x37, 0x50, 0x5F, 0x04, 0x75,
  0x05, 0xF0, 0x47, 0x50, 0x4F, 0x05, 0x75, 0x05, 0xF0, 0x57, 0x50, 0x5F, 0x04, 0x75, 0x06, 0xF0,
  0x47, 0x50, 0x6F, 0x03, 0x75, 0x07, 0xF0, 0x27, 0x50, 0x9F, 0x01, 0x75, 0x0A, 0xF7, 0x60, 0xCE,
  0x0D, 0x76, 0x0E, 0xE0, 0xB7, 0x6F, 0x0A, 0x75, 0x03, 0xF0, 0x77, 0x50, 0x6F, 0x04, 0x75, 0x09,
  0xF0, 0x17, 0x50, 0xCE, 0x0E, 0x76, 0xF0, 0xB7, 0x50, 0x4F, 0x07, 0x75, 0x09, 0xF0, 0x37, 0x50,
  0xDE, 0x0E, 0x75, 0x02, 0xF0, 0xA7, 0x50, 0x6F, 0x05, 0x75, 0x0C, 0xF0, 0x17, 0x40, 0x2F, 0x0A,
  0x75, 0x08, 0xF0, 0x47, 0x50, 0xDE, 0x0E, 0x75, 0x04, 0xF0, 0x87, 0x50, 0xBF, 0x01, 0x74, 0x03,
  0xF0, 0x87, 0x50, 0xAF, 0x01, 0x74, 0x02, 0xF0, 0x97, 0x50, 0xAE, 0x0E, 0x01, 0x74, 0x03, 0xF0,
  0x57, 0x50, 0xCE, 0x0B, 0x75, 0x05, 0xF0, 0x27, 0x40, 0x10, 0xEE, 0x06, 0x75, 0x0A, 0xE0, 0xA7,
  0x50, 0x5E, 0x0C, 0x75, 0x01, 0x0D, 0xD0, 0xE0, 0x27, 0x50,
  // "*" (U+002A), RLE, 516 bytes saved (64.5%)
  0x77, 0x20, 0xAF, 0x09, 0x77, 0x77, 0x40, 0x8F, 0x08, 0x77, 0x77, 0x40, 0x7F, 0x06, 0x77, 0x77,
  0x40, 0x5F, 0x05, 0x77, 0x77, 0x40, 0x3F, 0x03, 0x77, 0x77, 0x40, 0x2F, 0x01, 0x77, 0x77, 0x5F,
  0x77, 0x77, 0x60, 0xED, 0x0E, 0x77, 0x77, 0x60, 0xCD, 0x0C, 0x77, 0x77, 0x60, 0xAD, 0x0A, 0x77,
  0x77, 0x60, 0x9D, 0x09, 0x77, 0x77, 0x60, 0x7D, 0x07, 0x77, 0x48, 0x25, 0xD9, 0x57, 0x50, 0x5D,
  0x05, 0x75, 0x82, 0x48, 0xC8, 0x20, 0x7C, 0x81, 0xB7, 0x27, 0x10, 0x4D, 0x04, 0x71, 0x82, 0x26,
  0xBE, 0xB0, 0xB2, 0x0A, 0xF8, 0x2D, 0x95, 0x14, 0x02, 0xD0, 0x25, 0x81, 0x49, 0xDF, 0x0D, 0x20,
  0xCF, 0xC8, 0x1B, 0x73, 0x2D, 0x83, 0x10, 0x27, 0xBF, 0xD2, 0x0E, 0xFF, 0x0E, 0x09, 0xD0, 0x90,
  0xDF, 0xF9, 0x02, 0x01, 0x80, 0xC3, 0xF0, 0x50, 0x48, 0x0C, 0x3F, 0x81, 0x75, 0xD8, 0x0C, 0x1F,
  0x0E, 0x08, 0x48, 0x91, 0x23, 0x45, 0x78, 0x9B, 0xCD, 0xEF, 0xC8, 0x92, 0xED, 0xCB, 0x98, 0x76,
  0x43, 0x21, 0x77, 0x40, 0x3F, 0xA0, 0x37, 0x77, 0x72, 0x0C, 0xFA, 0x0D, 0x77, 0x77, 0x10, 0x9D,
  0x0E, 0xD0, 0xA7, 0x77, 0x60, 0x5D, 0x0E, 0x04, 0xE0, 0x67, 0x77, 0x40, 0x20, 0xED, 0x81, 0x90,
  0xBE, 0x03, 0x77, 0x73, 0x0C, 0xE8, 0x12, 0x03, 0xE0, 0xD7, 0x77, 0x20, 0x8E, 0x0B, 0x30, 0xBE,
  0x0A, 0x77, 0x70, 0x4F, 0x04, 0x30, 0x4F, 0x06, 0x77, 0x50, 0x10, 0xEE, 0x0C, 0x50, 0xCF, 0x03,
  0x77, 0x40, 0xBF, 0x06, 0x50, 0x4F, 0x0D, 0x01, 0x77, 0x20, 0x8F, 0x0E, 0x70, 0xCF, 0x0A, 0x77,
  0x10, 0x4F, 0x90, 0x77, 0x05, 0xF9, 0x06, 0x76, 0x01, 0x0E, 0xF9, 0x01, 0x71, 0x0D, 0xF9, 0x03,
  0x75, 0x09, 0xF9, 0x09, 0x72, 0x05, 0xF9, 0x0C, 0x76, 0x06, 0x0E, 0xE0, 0x37, 0x30, 0xDE, 0x09,
  0x01, 0x77, 0x10, 0x70, 0xEB, 0x0B, 0x74, 0x06, 0xC0, 0xA0, 0x27, 0x74, 0x01, 0x08, 0xA0, 0x47,
  0x58, 0x2D, 0xFB, 0x37, 0x77, 0x10, 0x10, 0x87, 0x60, 0x50, 0x47, 0x50,
  // "+" (U+002B), RLE, 648 bytes saved (75.3%)
  0x77, 0x30, 0x9D, 0x09, 0x77, 0x77, 0x60, 0x9D, 0x09, 0x77, 0x77, 0x60, 0x9D, 0x09, 0x77, 0x77,
  0x60, 0x9D, 0x09, 0x77, 0x77, 0x60, 0x9D, 0x09, 0x77, 0x77, 0x60, 0x9D, 0x09, 0x77, 0x77, 0x60,
  0x9D, 0x09, 0x77, 0x77, 0x60, 0x9D, 0x09, 0x77, 0x77, 0x60, 0x9D, 0x09, 0x77, 0x77, 0x60, 0x9D,
  0x09, 0x77, 0x77, 0x60, 0x9D, 0x09, 0x77, 0x77, 0x60, 0x9D, 0x09, 0x77, 0x77, 0x60, 0x9D, 0x09,
  0x77, 0x77, 0x60, 0x9D, 0x09, 0x77, 0x77, 0x60, 0x9D, 0x09, 0x77, 0x77, 0x60, 0x9D, 0x09, 0x77,
  0x77, 0x60, 0x9D, 0x09, 0x77, 0x77, 0x60, 0x9D, 0x09, 0x77, 0x30, 0xA8, 0x0C, 0x3F, 0x0B, 0x0A,
  0x80, 0xC3, 0xF0, 0xB0, 0xA8, 0x0C, 0x3F, 0x0B, 0x0A, 0x80, 0xC3, 0xF0, 0xB0, 0xA8, 0x0C, 0x3F,
  0x0B, 0x0A, 0x80, 0xC3, 0xF0, 0xB0, 0x38, 0x09, 0x44, 0x0B, 0xD0, 0xB8, 0x09, 0x44, 0x03, 0x77,
  0x30, 0x9D, 0x09, 0x77, 0x77, 0x60, 0x9D, 0x09, 0x77, 0x77, 0x60, 0x9D, 0x09, 0x77, 0x77, 0x60,
  0x9D, 0x09, 0x77, 0x77, 0x60, 0x9D, 0x09, 0x77, 0x77, 0x60, 0x9D, 0x09, 0x77, 0x77, 0x60, 0x9D,
  0x09, 0x77, 0x77, 0x60, 0x9D, 0x09, 0x77, 0x77, 0x60, 0x9D, 0x09, 0x77, 0x77, 0x60, 0x9D, 0x09,
  0x77, 0x77, 0x60, 0x9D, 0x09, 0x77, 0x77, 0x60, 0x9D, 0x09, 0x77, 0x77, 0x60, 0x9D, 0x09, 0x77,
  0x77, 0x60, 0x9D, 0x09, 0x77, 0x77, 0x60, 0x9D, 0x09, 0x77, 0x77, 0x60, 0x9D, 0x09, 0x77, 0x77,
  0x60, 0x9D, 0x09, 0x77, 0x30,
  // "," (U+002C), RLE, 81 bytes saved (55.1%)
  0x40, 0x3F, 0x90, 0x34, 0x06, 0xF9, 0x05, 0x40, 0x8F, 0x90, 0x14, 0x0B, 0xF0, 0xC5, 0x0D, 0xF0,
  0x74, 0x01, 0xF9, 0x03, 0x40, 0x4F, 0x0D, 0x50, 0x7F, 0x07, 0x50, 0xAF, 0x02, 0x50, 0xDE, 0x0C,
  0x50, 0x1F, 0x06, 0x50, 0x4F, 0x01, 0x50, 0x8E, 0x0A, 0x60, 0xBE, 0x03, 0x60, 0xED, 0x0D, 0x60,
  0x2E, 0x07, 0x60, 0x6E, 0x01, 0x60, 0xAD, 0x09, 0x70, 0xDD, 0x02, 0x60, 0x1D, 0x0B, 0x70, 0x5D,
  0x05, 0x70,
  // "-" (U+002D), RLE, 51 bytes saved (66.2%)
  0x02, 0x80, 0xA0, 0x40, 0x10, 0x8F, 0xFE, 0x03, 0x08, 0xFF, 0xE0, 0x30, 0x8F, 0xFE, 0x03, 0x08,
  0xFF, 0xE0, 0x30, 0x8F, 0xFE, 0x03, 0x08, 0xFF, 0xE0, 0x30,
  // "." (U+002E), RLE, 25 bytes saved (37.9%)
  0x28, 0x53, 0xAE, 0xFD, 0x92, 0x30, 0x5F, 0x81, 0x60, 0x2F, 0xA0, 0x20, 0x7F, 0xA0, 0x80, 0xBF,
  0xA0, 0xB0, 0xCF, 0xA0, 0x0C, 0xFA, 0x0C, 0x0A, 0xFA, 0x0B, 0x07, 0xFA, 0x81, 0x71, 0xEF, 0x82,
  0xE1, 0x04, 0xF0, 0x53, 0x85, 0x29, 0xEF, 0xD9, 0x22,
  // "/" (U+002F), RLE, 660 bytes saved (72.1%)
  0x77, 0x71, 0x07, 0xE0, 0xE7, 0x77, 0x10, 0xCE, 0x08, 0x77, 0x70, 0x3F, 0x02, 0x77, 0x70, 0x9E,
  0x0C, 0x77, 0x71, 0x0E, 0xE0, 0x67, 0x77, 0x05, 0xF0, 0x17, 0x77, 0x0B, 0xE0, 0xA7, 0x77, 0x01,
  0xF0, 0x47, 0x77, 0x07, 0xE0, 0xE7, 0x77, 0x10, 0xCE, 0x08, 0x77, 0x70, 0x3F, 0x02, 0x77, 0x70,
  0x9E, 0x0C, 0x77, 0x71, 0x0E, 0xE0, 0x67, 0x77, 0x05, 0xF0, 0x17, 0x77, 0x0B, 0xE0, 0xA7, 0x77,
  0x01, 0xF0, 0x47, 0x77, 0x07, 0xE0, 0xE7, 0x77, 0x10, 0xCE, 0x08, 0x77, 0x70, 0x3F, 0x02, 0x77,
  0x70, 0x9E, 0x0C, 0x77, 0x71, 0x0E, 0xE0, 0x67, 0x77, 0x05, 0xF0, 0x17, 0x77, 0x0B, 0xE0, 0xA7,
  0x77, 0x01, 0xF0, 0x47, 0x77, 0x07, 0xE0, 0xE7, 0x77, 0x10, 0xCE, 0x08, 0x77, 0x70, 0x3F, 0x02,
  0x77, 0x70, 0x9E, 0x0C, 0x77, 0x71, 0x0E, 0xE0, 0x67, 0x77, 0x05, 0xF0, 0x17, 0x77, 0x0B, 0xE0,
  0xA7, 0x77, 0x01, 0xF0, 0x47, 0x77, 0x07, 0xE0, 0xE7, 0x77, 0x10, 0xCE, 0x08, 0x77, 0x70, 0x3F,
  0x02, 0x77, 0x70, 0x9E, 0x0C, 0x77, 0x71, 0x0E, 0xE0, 0x67, 0x77, 0x05, 0xF0, 0x17, 0x77, 0x0B,
  0xE0, 0xA7, 0x77, 0x01, 0xF0, 0x47, 0x77, 0x07, 0xE0, 0xE7, 0x77, 0x10, 0xCE, 0x08, 0x77, 0x70,
  0x3F, 0x02, 0x77, 0x70, 0x9E, 0x0C, 0x77, 0x71, 0x0E, 0xE0, 0x67, 0x77, 0x05, 0xF0, 0x17, 0x77,
  0x0B, 0xE0, 0xA7, 0x77, 0x01, 0xF0, 0x47, 0x77, 0x07, 0xE0, 0xE7, 0x77, 0x10, 0xCE, 0x08, 0x77,
  0x70, 0x3F, 0x02, 0x77, 0x70, 0x9E, 0x0C, 0x77, 0x71, 0x0E, 0xE0, 0x67, 0x77, 0x05, 0xF0, 0x17,
  0x77, 0x0B, 0xE0, 0xA7, 0x77, 0x01, 0xF0, 0x47, 0x77, 0x07, 0xE0, 0xE7, 0x77, 0x10, 0xCE, 0x08,
  0x77, 0x70, 0x3F, 0x02, 0x77, 0x70, 0x9E, 0x0C, 0x77, 0x71, 0x0E, 0xE0, 0x67, 0x77, 0x10,
  // "0" (U+0030), RLE, 844 bytes saved (65.3%)
  0x77, 0x89, 0x33, 0x69, 0xCD, 0xEF, 0xED, 0xC9, 0x62, 0x77, 0x74, 0x81, 0x17, 0xDF, 0xE0, 0xC0,
  0x57, 0x77, 0x10, 0x7F, 0xFC, 0x0D, 0x04, 0x77, 0x40, 0x20, 0xCF, 0xFF, 0x09, 0x77, 0x20, 0x20,
  0xDF, 0xFF, 0xA0, 0xB0, 0x17, 0x60, 0x20, 0xEF, 0xFF, 0xC0, 0xB7, 0x60, 0xCF, 0xA8, 0x7E, 0x96,
  0x54, 0x56, 0x9E, 0xFA, 0x0A, 0x74, 0x09, 0xF9, 0x0D, 0x05, 0x72, 0x05, 0x0D, 0xF9, 0x05, 0x72,
  0x03, 0xF9, 0x0A, 0x76, 0x0A, 0xF0, 0xE0, 0x17, 0x10, 0xBF, 0x0A, 0x77, 0x10, 0xAF, 0x08, 0x70,
  0x4F, 0x0D, 0x77, 0x30, 0xDF, 0x01, 0x60, 0xBF, 0x03, 0x77, 0x30, 0x3F, 0x08, 0x50, 0x1F, 0x0B,
  0x77, 0x50, 0xAE, 0x0E, 0x50, 0x6F, 0x04, 0x77, 0x50, 0x4F, 0x05, 0x40, 0xBE, 0x0D, 0x77, 0x70,
  0xDE, 0x0A, 0x4F, 0x09, 0x77, 0x70, 0x8F, 0x30, 0x3F, 0x04, 0x77, 0x70, 0x3F, 0x04, 0x20, 0x7F,
  0x01, 0x77, 0x71, 0xF0, 0x82, 0x0A, 0xE0, 0xD7, 0x77, 0x20, 0xCE, 0x0B, 0x20, 0xDE, 0x0A, 0x77,
  0x72, 0x09, 0xE0, 0xE2, 0xF0, 0x77, 0x77, 0x20, 0x6F, 0x00, 0x2F, 0x05, 0x77, 0x72, 0x04, 0xF0,
  0x04, 0xF0, 0x37, 0x77, 0x20, 0x2F, 0x00, 0x6F, 0x02, 0x77, 0x73, 0xF0, 0x80, 0x7F, 0x77, 0x74,
  0x0E, 0xE0, 0xA0, 0x8F, 0x77, 0x74, 0x0D, 0xE0, 0xB0, 0x9E, 0x0E, 0x77, 0x74, 0x0C, 0xE0, 0xC0,
  0xAE, 0x0D, 0x77, 0x74, 0x0B, 0xE0, 0xD0, 0xAE, 0x0C, 0x77, 0x74, 0x0B, 0xE0, 0xE0, 0xBE, 0x0C,
  0x77, 0x74, 0x0A, 0xE0, 0xE0, 0xBE, 0x0C, 0x77, 0x74, 0x0A, 0xE0, 0xE0, 0xCE, 0x0C, 0x77, 0x74,
  0x0A, 0xF0, 0xBE, 0x0C, 0x77, 0x74, 0x0A, 0xE0, 0xE0, 0xBE, 0x0C, 0x77, 0x74, 0x0A, 0xE0, 0xE0,
  0xBE, 0x0C, 0x77, 0x74, 0x0B, 0xE0, 0xD0, 0xAE, 0x0D, 0x77, 0x74, 0x0B, 0xE0, 0xD0, 0x9E, 0x0E,
  0x77, 0x74, 0x0C, 0xE0, 0xC0, 0x8F, 0x77, 0x74, 0x0D, 0xE0, 0xB0, 0x7F, 0x77, 0x74, 0x0E, 0xE0,
  0xA0, 0x5F, 0x02, 0x77, 0x73, 0xF0, 0x80, 0x3F, 0x03, 0x77, 0x72, 0x02, 0xF0, 0x70, 0x1F, 0x05,
  0x77, 0x72, 0x04, 0xF8, 0x15, 0x0E, 0xE0, 0x77, 0x77, 0x20, 0x6F, 0x81, 0x20, 0xBE, 0x0A, 0x77,
  0x72, 0x09, 0xF2, 0x08, 0xE0, 0xD7, 0x77, 0x20, 0xBE, 0x0C, 0x20, 0x5F, 0x01, 0x77, 0x71, 0x0E,
  0xE0, 0x92, 0x01, 0xF0, 0x47, 0x77, 0x03, 0xF0, 0x53, 0x0D, 0xE0, 0x97, 0x77, 0x08, 0xF0, 0x13,
  0x08, 0xE0, 0xD7, 0x77, 0x0D, 0xE0, 0xD4, 0x02, 0xF0, 0x47, 0x75, 0x03, 0xF0, 0x75, 0x0C, 0xE0,
  0xB7, 0x75, 0x0A, 0xF0, 0x25, 0x06, 0xF0, 0x37, 0x73, 0x03, 0xF0, 0xC7, 0x0E, 0xE0, 0xC7, 0x73,
  0x0C, 0xF0, 0x57, 0x07, 0xF0, 0xA7, 0x71, 0x0A, 0xF0, 0xC7, 0x20, 0xDF, 0x0A, 0x76, 0x0A, 0xF9,
  0x04, 0x72, 0x04, 0xF9, 0x0D, 0x05, 0x72, 0x05, 0x0D, 0xF9, 0x09, 0x74, 0x08, 0xFA, 0x87, 0xE9,
  0x65, 0x45, 0x69, 0xEF, 0xA0, 0xD7, 0x60, 0xBF, 0xFF, 0xC0, 0xE0, 0x27, 0x70, 0xBF, 0xFF, 0xA0,
  0xE0, 0x27, 0x72, 0x09, 0xFF, 0xF0, 0xC0, 0x27, 0x74, 0x04, 0x0D, 0xFF, 0xC0, 0x77, 0x77, 0x10,
  0x50, 0xCF, 0xE8, 0x1D, 0x71, 0x77, 0x74, 0x89, 0x32, 0x69, 0xCD, 0xEF, 0xED, 0xCA, 0x63, 0x77,
  // "1" (U+0031), RLE, 456 bytes saved (62.3%)
  0x77, 0x20, 0x6E, 0x08, 0x77, 0x10, 0x9F, 0x08, 0x76, 0x01, 0x0C, 0xF9, 0x08, 0x75, 0x03, 0x0E,
  0xFA, 0x08, 0x74, 0x06, 0xFC, 0x08, 0x73, 0x09, 0xFD, 0x08, 0x71, 0x01, 0x0C, 0xFE, 0x08, 0x70,
  0x30, 0xEF, 0xF0, 0x86, 0x06, 0xFA, 0x0C, 0xE0, 0x85, 0x09, 0xF9, 0x81, 0xE4, 0x9E, 0x08, 0x30,
  0x10, 0xCF, 0x98, 0x2D, 0x30, 0xAE, 0x08, 0x20, 0x40, 0xEF, 0x90, 0xC0, 0x12, 0x0A, 0xE8, 0x18,
  0x07, 0xFA, 0x0A, 0x40, 0xBE, 0x81, 0x81, 0xEF, 0x90, 0x75, 0x0C, 0xE8, 0x18, 0x05, 0xE0, 0xE0,
  0x46, 0x0C, 0xE0, 0x82, 0x08, 0xC0, 0xC0, 0x27, 0x0D, 0xE0, 0x83, 0x0B, 0xA0, 0xA7, 0x20, 0xDE,
  0x08, 0x38, 0x11, 0xD7, 0x73, 0x0D, 0xE0, 0x87, 0x72, 0x0D, 0xE0, 0x87, 0x72, 0x0D, 0xE0, 0x87,
  0x72, 0x0D, 0xE0, 0x87, 0x72, 0x0D, 0xE0, 0x87, 0x72, 0x0D, 0xE0, 0x87, 0x72, 0x0D, 0xE0, 0x87,
  0x72, 0x0D, 0xE0, 0x87, 0x72, 0x0D, 0xE0, 0x87, 0x72, 0x0D, 0xE0, 0x87, 0x72, 0x0D, 0xE0, 0x87,
  0x72, 0x0D, 0xE0, 0x87, 0x72, 0x0D, 0xE0, 0x87, 0x72, 0x0D, 0xE0, 0x87, 0x72, 0x0D, 0xE0, 0x87,
  0x72, 0x0D, 0xE0, 0x87, 0x72, 0x0D, 0xE0, 0x87, 0x72, 0x0D, 0xE0, 0x87, 0x72, 0x0D, 0xE0, 0x87,
  0x72, 0x0D, 0xE0, 0x87, 0x72, 0x0D, 0xE0, 0x87, 0x72, 0x0D, 0xE0, 0x87, 0x72, 0x0D, 0xE0, 0x87,
  0x72, 0x0D, 0xE0, 0x87, 0x72, 0x0D, 0xE0, 0x87, 0x72, 0x0D, 0xE0, 0x87, 0x72, 0x0D, 0xE0, 0x87,
  0x72, 0x0D, 0xE0, 0x87, 0x72, 0x0D, 0xE0, 0x87, 0x72, 0x0D, 0xE0, 0x87, 0x72, 0x0D, 0xE0, 0x87,
  0x72, 0x0D, 0xE0, 0x87, 0x72, 0x0D, 0xE0, 0x87, 0x72, 0x0D, 0xE0, 0x87, 0x72, 0x0D, 0xE0, 0x87,
  0x72, 0x0D, 0xE0, 0x87, 0x72, 0x0D, 0xE0, 0x87, 0x72, 0x0D, 0xE0, 0x87, 0x72, 0x0D, 0xE0, 0x87,
  0x72, 0x0D, 0xE0, 0x87, 0x72, 0x0D, 0xE0, 0x87, 0x72, 0x0D, 0xE0, 0x87, 0x72, 0x0D, 0xE0, 0x87,
  0x72, 0x0D, 0xE0, 0x80,
  // "2" (U+0032), RLE, 900 bytes saved (70.8%)
  0x76, 0x84, 0x47, 0xAC, 0xDE, 0xA8, 0x4E, 0xDB, 0x96, 0x27, 0x77, 0x30, 0x40, 0xBF, 0xF9, 0x81,
  0xD7, 0x17, 0x75, 0x06, 0x0D, 0xFF, 0xD0, 0xE0, 0x87, 0x72, 0x05, 0x0D, 0xFF, 0xFA, 0x0D, 0x03,
  0x75, 0x02, 0x0B, 0xFF, 0xFE, 0x06, 0x73, 0x06, 0x0E, 0xFF, 0xFF, 0x90, 0x67, 0x10, 0xAF, 0xC8,
  0x90, 0xEB, 0x86, 0x54, 0x56, 0x9C, 0xFC, 0x03, 0x60, 0xCF, 0xB0, 0xA0, 0x47, 0x30, 0x20, 0x9F,
  0xA0, 0xD6, 0x08, 0xF9, 0x0A, 0x02, 0x77, 0x03, 0x0D, 0xF9, 0x07, 0x60, 0xBD, 0x0D, 0x04, 0x77,
  0x30, 0x10, 0xDF, 0x0E, 0x60, 0x10, 0xDB, 0x09, 0x77, 0x60, 0x2F, 0x90, 0x56, 0x82, 0x2E, 0xF5,
  0x77, 0x71, 0x09, 0xF0, 0x97, 0x04, 0x03, 0x77, 0x72, 0x02, 0xF0, 0xD7, 0x77, 0x75, 0x0D, 0xF7,
  0x77, 0x75, 0x0A, 0xF0, 0x27, 0x77, 0x74, 0x09, 0xF0, 0x27, 0x77, 0x74, 0x08, 0xF0, 0x37, 0x77,
  0x74, 0x08, 0xF0, 0x27, 0x77, 0x74, 0x09, 0xF0, 0x17, 0x77, 0x74, 0x0B, 0xE0, 0xE7, 0x77, 0x75,
  0x0E, 0xE0, 0xC7, 0x77, 0x74, 0x02, 0xF0, 0x97, 0x77, 0x74, 0x07, 0xF0, 0x47, 0x77, 0x74, 0x0D,
  0xE0, 0xE7, 0x77, 0x74, 0x04, 0xF0, 0x97, 0x77, 0x74, 0x0C, 0xF0, 0x27, 0x77, 0x73, 0x06, 0xF0,
  0x97, 0x77, 0x73, 0x01, 0x0E, 0xF0, 0x27, 0x77, 0x73, 0x0B, 0xF0, 0x77, 0x77, 0x73, 0x07, 0xF0,
  0xD7, 0x77, 0x73, 0x04, 0xF9, 0x03, 0x77, 0x77, 0x20, 0x20, 0xEF, 0x07, 0x77, 0x77, 0x20, 0x20,
  0xEF, 0x0A, 0x77, 0x77, 0x20, 0x10, 0xDF, 0x0C, 0x77, 0x77, 0x20, 0x10, 0xCF, 0x0D, 0x01, 0x77,
  0x77, 0x20, 0xCF, 0x0E, 0x02, 0x77, 0x77, 0x20, 0xBF, 0x0E, 0x03, 0x77, 0x77, 0x20, 0xBF, 0x90,
  0x47, 0x77, 0x72, 0x0B, 0xF9, 0x04, 0x77, 0x77, 0x20, 0xBF, 0x90, 0x57, 0x77, 0x72, 0x0A, 0xF9,
  0x05, 0x77, 0x77, 0x20, 0xAF, 0x90, 0x57, 0x77, 0x72, 0x0A, 0xF9, 0x05, 0x77, 0x77, 0x20, 0xAF,
  0x90, 0x57, 0x77, 0x72, 0x0A, 0xF9, 0x05, 0x77, 0x77, 0x20, 0xAF, 0x90, 0x57, 0x77, 0x72, 0x0A,
  0xF9, 0x04, 0x77, 0x77, 0x20, 0x9F, 0x90, 0x47, 0x77, 0x72, 0x09, 0xF9, 0x04, 0x77, 0x77, 0x20,
  0x9F, 0x90, 0x47, 0x77, 0x72, 0x09, 0xF0, 0xE0, 0x47, 0x77, 0x72, 0x09, 0xF0, 0xE0, 0x47, 0x77,
  0x72, 0x09, 0xF0, 0xE0, 0x37, 0x77, 0x72, 0x09, 0xF0, 0xE0, 0x37, 0x77, 0x72, 0x08, 0xF0, 0xE0,
  0x37, 0x77, 0x72, 0x08, 0x80, 0xC3, 0xF0, 0xB0, 0xD8, 0x0C, 0x3F, 0x0B, 0x0D, 0x80, 0xC3, 0xF0,
  0xB0, 0xD8, 0x0C, 0x3F, 0x0B, 0x0D, 0x80, 0xC3, 0xF0, 0xB0, 0xD8, 0x0C, 0x3F, 0x0B, 0x0D, 0x80,
  0xC3, 0xF0, 0xB0,
  // "3" (U+0033), RLE, 898 bytes saved (67.9%)
  0x75, 0x85, 0x14, 0x7A, 0xCD, 0xEB, 0x84, 0xED, 0xB9, 0x74, 0x77, 0x72, 0x81, 0x27, 0xCF, 0xFB,
  0x0A, 0x05, 0x77, 0x40, 0x50, 0xBF, 0xFF, 0x90, 0xD0, 0x57, 0x70, 0x60, 0xDF, 0xFF, 0xD0, 0xA7,
  0x40, 0x40, 0xDF, 0xFF, 0xF9, 0x0D, 0x01, 0x71, 0x09, 0xFF, 0xFF, 0xC0, 0xD0, 0x16, 0x08, 0xFD,
  0x89, 0x1E, 0xB8, 0x65, 0x54, 0x56, 0x8B, 0xFC, 0x0B, 0x70, 0xDF, 0x98, 0x1E, 0x83, 0x74, 0x81,
  0x16, 0xDF, 0xA0, 0x66, 0x02, 0xE0, 0xD0, 0x67, 0x72, 0x01, 0x09, 0xF9, 0x0D, 0x70, 0x6B, 0x0D,
  0x05, 0x77, 0x60, 0x8F, 0x90, 0x57, 0x81, 0xAF, 0x87, 0x77, 0x20, 0xBF, 0x0B, 0x70, 0x10, 0x27,
  0x77, 0x30, 0x3F, 0x97, 0x77, 0x76, 0x0C, 0xF0, 0x27, 0x77, 0x75, 0x08, 0xF0, 0x47, 0x77, 0x75,
  0x06, 0xF0, 0x57, 0x77, 0x75, 0x05, 0xF0, 0x57, 0x77, 0x75, 0x06, 0xF0, 0x47, 0x77, 0x75, 0x08,
  0xF0, 0x37, 0x77, 0x75, 0x0B, 0xF7, 0x77, 0x75, 0x01, 0xF0, 0xC7, 0x77, 0x75, 0x07, 0xF0, 0x77,
  0x77, 0x74, 0x02, 0xF9, 0x01, 0x77, 0x77, 0x30, 0x10, 0xCF, 0x08, 0x77, 0x77, 0x30, 0x10, 0xCF,
  0x0D, 0x77, 0x77, 0x30, 0x50, 0xEF, 0x0E, 0x02, 0x77, 0x77, 0x10, 0x50, 0xBF, 0x90, 0xD0, 0x27,
  0x77, 0x28, 0x51, 0x12, 0x57, 0xAE, 0xFA, 0x0B, 0x01, 0x77, 0x30, 0xBF, 0xFE, 0x0D, 0x05, 0x77,
  0x50, 0xBF, 0xFC, 0x0B, 0x05, 0x77, 0x70, 0xBF, 0xF9, 0x0D, 0x04, 0x77, 0x73, 0x0B, 0xFF, 0xB8,
  0x2C, 0x96, 0x17, 0x76, 0x0B, 0xFF, 0xF0, 0xB0, 0x57, 0x74, 0x0B, 0xFF, 0xFA, 0x0C, 0x03, 0x77,
  0x20, 0x38, 0x02, 0x48, 0x55, 0x56, 0x7A, 0xCE, 0xFD, 0x06, 0x77, 0x77, 0x18, 0x13, 0x7C, 0xFB,
  0x08, 0x77, 0x77, 0x30, 0x40, 0xBF, 0xA0, 0x67, 0x77, 0x74, 0x04, 0x0E, 0xF9, 0x02, 0x77, 0x77,
  0x40, 0x20, 0xEF, 0x0A, 0x77, 0x77, 0x50, 0x4F, 0x90, 0x27, 0x77, 0x75, 0x0A, 0xF0, 0x87, 0x77,
  0x75, 0x03, 0xF0, 0xC7, 0x77, 0x76, 0x0E, 0xF7, 0x77, 0x76, 0x0B, 0xF0, 0x27, 0x77, 0x75, 0x0A,
  0xF0, 0x37, 0x77, 0x75, 0x0A, 0xF0, 0x47, 0x77, 0x75, 0x0B, 0xF0, 0x37, 0x77, 0x75, 0x0C, 0xF0,
  0x27, 0x77, 0x75, 0x0E, 0xF0, 0x17, 0x77, 0x74, 0x03, 0xF0, 0xD7, 0x77, 0x75, 0x08, 0xF0, 0xA7,
  0x77, 0x74, 0x01, 0x0E, 0xF0, 0x57, 0x77, 0x74, 0x09, 0xF9, 0x30, 0x27, 0x77, 0x70, 0x7F, 0x90,
  0x92, 0x82, 0x1F, 0xA4, 0x77, 0x74, 0x06, 0xFA, 0x01, 0x20, 0x1B, 0x81, 0xD7, 0x27, 0x76, 0x01,
  0x0A, 0xFA, 0x07, 0x30, 0x1E, 0x82, 0xD9, 0x41, 0x77, 0x04, 0x09, 0xFB, 0x0C, 0x40, 0x1F, 0xB8,
  0x93, 0xDB, 0x87, 0x55, 0x44, 0x56, 0x79, 0xCF, 0xD0, 0xD0, 0x14, 0x01, 0xFF, 0xFF, 0xE0, 0xD0,
  0x15, 0x01, 0xFF, 0xFF, 0xD0, 0xA7, 0x01, 0x0E, 0xFF, 0xFF, 0xA0, 0xD0, 0x57, 0x30, 0x60, 0xCF,
  0xFF, 0xD0, 0xD0, 0x67, 0x78, 0x12, 0x7C, 0xFF, 0xE8, 0x1D, 0x93, 0x77, 0x68, 0x73, 0x57, 0x9B,
  0xDD, 0xEE, 0xA8, 0x6E, 0xDD, 0xB9, 0x75, 0x17, 0x71,
  // "4" (U+0034), RLE, 1026 bytes saved (71.5%)
  0x77, 0x77, 0x10, 0xAF, 0x08, 0x80, 0xC1, 0x00, 0x5F, 0x90, 0x88, 0x0C, 0x00, 0x01, 0x0E, 0xF9,
  0x08, 0x80, 0xC0, 0x00, 0xBF, 0xA0, 0x87, 0x77, 0x77, 0x07, 0xFB, 0x08, 0x77, 0x77, 0x60, 0x3F,
  0xC0, 0x87, 0x77, 0x76, 0x0D, 0xFC, 0x08, 0x77, 0x77, 0x50, 0x9F, 0xD0, 0x87, 0x77, 0x74, 0x04,
  0xE0, 0x9E, 0x08, 0x77, 0x77, 0x30, 0x10, 0xED, 0x0B, 0x06, 0xE0, 0x87, 0x77, 0x73, 0x0A, 0xE0,
  0x30, 0x6E, 0x08, 0x77, 0x77, 0x20, 0x6E, 0x81, 0xA0, 0x7E, 0x08, 0x77, 0x77, 0x10, 0x20, 0xEE,
  0x81, 0x20, 0x8E, 0x08, 0x77, 0x77, 0x10, 0xCE, 0x08, 0x20, 0x9E, 0x08, 0x77, 0x77, 0x07, 0xE0,
  0xC3, 0x09, 0xE0, 0x87, 0x77, 0x60, 0x3F, 0x02, 0x30, 0xAE, 0x08, 0x77, 0x76, 0x0D, 0xE0, 0x74,
  0x0B, 0xE0, 0x87, 0x77, 0x50, 0x9E, 0x0B, 0x50, 0xBE, 0x08, 0x77, 0x74, 0x04, 0xE0, 0xE0, 0x15,
  0x0B, 0xE0, 0x87, 0x77, 0x30, 0x10, 0xEE, 0x04, 0x60, 0xBE, 0x08, 0x77, 0x73, 0x0B, 0xE0, 0x97,
  0x0C, 0xE0, 0x87, 0x77, 0x20, 0x6E, 0x0D, 0x71, 0x0C, 0xE0, 0x87, 0x77, 0x10, 0x2F, 0x03, 0x71,
  0x0C, 0xE0, 0x87, 0x77, 0x10, 0xCE, 0x07, 0x72, 0x0C, 0xE0, 0x87, 0x77, 0x08, 0xE0, 0xB7, 0x30,
  0xCE, 0x08, 0x77, 0x60, 0x3E, 0x0E, 0x01, 0x73, 0x0C, 0xE0, 0x87, 0x75, 0x01, 0x0D, 0xE0, 0x57,
  0x40, 0xCE, 0x08, 0x77, 0x50, 0xAE, 0x09, 0x75, 0x0C, 0xE0, 0x87, 0x74, 0x05, 0xE0, 0xD7, 0x60,
  0xCE, 0x08, 0x77, 0x30, 0x10, 0xEE, 0x03, 0x76, 0x0C, 0xE0, 0x87, 0x73, 0x0B, 0xE0, 0x77, 0x70,
  0xCE, 0x08, 0x77, 0x20, 0x7E, 0x0B, 0x77, 0x10, 0xCE, 0x08, 0x77, 0x10, 0x3E, 0x0E, 0x01, 0x77,
  0x10, 0xCE, 0x08, 0x77, 0x10, 0xDE, 0x05, 0x77, 0x20, 0xCE, 0x08, 0x77, 0x09, 0xE0, 0x97, 0x73,
  0x0C, 0xE0, 0x87, 0x60, 0x4E, 0x0D, 0x77, 0x40, 0xCE, 0x08, 0x75, 0x01, 0x0E, 0xE0, 0x37, 0x74,
  0x0C, 0xE0, 0x87, 0x50, 0xAE, 0x07, 0x77, 0x50, 0xCE, 0x08, 0x74, 0x06, 0xE0, 0xB7, 0x76, 0x0C,
  0xE0, 0x87, 0x30, 0x20, 0xED, 0x0E, 0x01, 0x77, 0x60, 0xCE, 0x08, 0x73, 0x0C, 0xE0, 0x98, 0x0A,
  0x14, 0x0D, 0xE0, 0xA8, 0x04, 0x40, 0x02, 0x80, 0xD1, 0xF0, 0x70, 0x28, 0x0D, 0x1F, 0x07, 0x02,
  0x80, 0xD1, 0xF0, 0x70, 0x28, 0x0D, 0x1F, 0x07, 0x02, 0x80, 0xD1, 0xF0, 0x70, 0x28, 0x0D, 0x1F,
  0x07, 0x77, 0x77, 0x20, 0xCE, 0x08, 0x80, 0xC3, 0x00, 0xCE, 0x08, 0x80, 0xC3, 0x00, 0xCE, 0x08,
  0x80, 0xC3, 0x00, 0xCE, 0x08, 0x80, 0xC3, 0x00, 0xCE, 0x08, 0x80, 0xC3, 0x00, 0xCE, 0x08, 0x80,
  0xC3, 0x00, 0xCE, 0x08, 0x80, 0xC3, 0x00, 0xCE, 0x08, 0x80, 0xC3, 0x00, 0xCE, 0x08, 0x80, 0xC3,
  0x00, 0xCE, 0x08, 0x80, 0xC3, 0x00, 0xCE, 0x08, 0x80, 0xC3, 0x00, 0xCE, 0x08, 0x80, 0xC3, 0x00,
  0xCE, 0x08, 0x80, 0xC3, 0x00, 0xCE, 0x08, 0x72,
  // "5" (U+0035), RLE, 871 bytes saved (70.2%)
  0x40, 0xDF, 0xFF, 0xFA, 0x72, 0x0E, 0xFF, 0xFF, 0xA7, 0x2F, 0xFF, 0xFB, 0x71, 0x01, 0xFF, 0xFF,
  0xB7, 0x10, 0x2F, 0xFF, 0xFB, 0x71, 0x03, 0xFF, 0xFF, 0xB7, 0x10, 0x5E, 0x0B, 0x80, 0xA4, 0x47,
  0x10, 0x6E, 0x08, 0x77, 0x77, 0x40, 0x7E, 0x07, 0x77, 0x77, 0x40, 0x8E, 0x06, 0x77, 0x77, 0x40,
  0xAE, 0x04, 0x77, 0x77, 0x40, 0xBE, 0x03, 0x77, 0x77, 0x40, 0xCE, 0x02, 0x77, 0x77, 0x40, 0xDE,
  0x01, 0x77, 0x77, 0x4F, 0x77, 0x77, 0x5E, 0x0E, 0x77, 0x77, 0x40, 0x2E, 0x0D, 0x77, 0x77, 0x40,
  0x3E, 0x0B, 0x77, 0x77, 0x40, 0x4E, 0x0A, 0x77, 0x77, 0x40, 0x5E, 0x09, 0x77, 0x77, 0x40, 0x7E,
  0x08, 0x77, 0x77, 0x40, 0x8E, 0x06, 0x77, 0x77, 0x40, 0x9E, 0x05, 0x77, 0x77, 0x40, 0xAE, 0x04,
  0x58, 0x52, 0x33, 0x43, 0x32, 0x77, 0x60, 0xCE, 0x83, 0x77, 0xAC, 0xEF, 0xA8, 0x2E, 0xB8, 0x47,
  0x71, 0x0D, 0xFF, 0xFB, 0x81, 0xE9, 0x27, 0x50, 0xEF, 0xFF, 0xE0, 0xA0, 0x27, 0x3F, 0xFF, 0xFA,
  0x07, 0x71, 0x01, 0xFF, 0xFF, 0xB0, 0xB7, 0x10, 0x40, 0xDF, 0xFF, 0xFA, 0x0C, 0x72, 0x08, 0xA8,
  0x6E, 0xB9, 0x75, 0x31, 0x13, 0x84, 0x12, 0x47, 0xAE, 0xFC, 0x0A, 0x72, 0x02, 0x01, 0x77, 0x30,
  0x40, 0xBF, 0xB0, 0x77, 0x77, 0x71, 0x04, 0x0D, 0xFA, 0x02, 0x77, 0x77, 0x10, 0x10, 0xDF, 0x90,
  0x97, 0x77, 0x72, 0x01, 0x0D, 0xF9, 0x01, 0x77, 0x77, 0x20, 0x4F, 0x90, 0x67, 0x77, 0x73, 0x0B,
  0xF0, 0xA7, 0x77, 0x73, 0x04, 0xF0, 0xE7, 0x77, 0x74, 0xF9, 0x77, 0x77, 0x40, 0xBF, 0x02, 0x77,
  0x77, 0x30, 0x9F, 0x03, 0x77, 0x77, 0x30, 0x8F, 0x04, 0x77, 0x77, 0x30, 0x7F, 0x04, 0x77, 0x77,
  0x30, 0x7F, 0x03, 0x77, 0x77, 0x30, 0x8F, 0x01, 0x77, 0x77, 0x30, 0xAF, 0x77, 0x77, 0x40, 0xEE,
  0x0C, 0x77, 0x77, 0x30, 0x3F, 0x09, 0x77, 0x77, 0x30, 0x8F, 0x05, 0x77, 0x77, 0x20, 0x10, 0xEE,
  0x0E, 0x77, 0x77, 0x30, 0xAF, 0x09, 0x20, 0x17, 0x77, 0x60, 0x8F, 0x90, 0x22, 0x81, 0x8B, 0x37,
  0x77, 0x30, 0x9F, 0x90, 0x83, 0x09, 0xA8, 0x1C, 0x61, 0x77, 0x50, 0x50, 0xDF, 0x90, 0xD4, 0x09,
  0xD8, 0x1B, 0x73, 0x76, 0x81, 0x17, 0xDF, 0xB0, 0x34, 0x09, 0xFA, 0x89, 0x2C, 0xA8, 0x65, 0x44,
  0x56, 0x7A, 0xDF, 0xD0, 0x45, 0x09, 0xFF, 0xFF, 0xB0, 0xE0, 0x46, 0x09, 0xFF, 0xFF, 0xA0, 0xD0,
  0x27, 0x08, 0xFF, 0xFF, 0x90, 0x87, 0x30, 0x40, 0xBF, 0xFF, 0xC0, 0x90, 0x27, 0x68, 0x21, 0x6B,
  0xEF, 0xFC, 0x81, 0xB6, 0x17, 0x75, 0x86, 0x25, 0x79, 0xBC, 0xDE, 0xB8, 0x4E, 0xDB, 0xA7, 0x47,
  0x72,
  // "6" (U+0036), RLE, 852 bytes saved (64.4%)
  0x77, 0x68, 0x61, 0x47, 0x9B, 0xDD, 0xEA, 0x85, 0xED, 0xCB, 0x85, 0x17, 0x77, 0x18, 0x13, 0x7C,
  0xFF, 0xA0, 0x67, 0x76, 0x04, 0x0B, 0xFF, 0xD0, 0x67, 0x74, 0x02, 0x0C, 0xFF, 0xF0, 0x67, 0x73,
  0x07, 0xFF, 0xFA, 0x06, 0x77, 0x10, 0x10, 0xBF, 0xFF, 0xB0, 0x67, 0x70, 0x10, 0xDF, 0xD8, 0x94,
  0xCA, 0x76, 0x54, 0x45, 0x67, 0xAC, 0xF6, 0x76, 0x01, 0x0D, 0xFB, 0x81, 0xB5, 0x17, 0x50, 0x01,
  0x76, 0x0C, 0xFA, 0x0A, 0x02, 0x77, 0x77, 0x10, 0x9F, 0x90, 0xD0, 0x37, 0x77, 0x72, 0x04, 0xF9,
  0x0B, 0x01, 0x77, 0x77, 0x30, 0xEF, 0x0B, 0x77, 0x77, 0x40, 0x7F, 0x0C, 0x77, 0x77, 0x40, 0x10,
  0xEE, 0x0E, 0x02, 0x77, 0x77, 0x40, 0x7F, 0x07, 0x77, 0x77, 0x50, 0xDE, 0x0D, 0x77, 0x77, 0x50,
  0x5F, 0x06, 0x77, 0x77, 0x50, 0xAE, 0x0E, 0x77, 0x77, 0x60, 0xEE, 0x08, 0x77, 0x77, 0x50, 0x4F,
  0x03, 0x77, 0x77, 0x50, 0x8E, 0x0E, 0x77, 0x77, 0x60, 0xCE, 0x0A, 0x77, 0x77, 0x6F, 0x07, 0x77,
  0x77, 0x50, 0x3F, 0x04, 0x73, 0x84, 0x12, 0x34, 0x32, 0x77, 0x30, 0x5F, 0x01, 0x68, 0x21, 0x6B,
  0xEF, 0x82, 0xDA, 0x61, 0x75, 0x07, 0xE0, 0xE5, 0x02, 0x0A, 0xFF, 0x90, 0xA0, 0x27, 0x30, 0xAE,
  0x0B, 0x40, 0x7F, 0xFD, 0x09, 0x72, 0x0B, 0xE0, 0xA3, 0x0B, 0xFF, 0xF0, 0xD0, 0x27, 0x0D, 0xE0,
  0x82, 0x0C, 0xFF, 0xFA, 0x0E, 0x03, 0x6F, 0x81, 0x70, 0xBF, 0xFF, 0xC0, 0xE0, 0x25, 0xF0, 0x50,
  0x8E, 0x83, 0xD8, 0x52, 0x12, 0x82, 0x23, 0x7B, 0xFB, 0x0C, 0x40, 0x1F, 0x0B, 0xD0, 0xC0, 0x47,
  0x40, 0x20, 0x9F, 0xA0, 0x83, 0x02, 0xFD, 0x06, 0x77, 0x10, 0x5F, 0x90, 0xE0, 0x12, 0x03, 0xFB,
  0x0E, 0x03, 0x77, 0x30, 0x4F, 0x90, 0x82, 0x03, 0xFA, 0x0E, 0x03, 0x77, 0x50, 0x8F, 0x0E, 0x20,
  0x3F, 0xA0, 0x57, 0x77, 0x0D, 0xF8, 0x13, 0x03, 0xF9, 0x0A, 0x77, 0x71, 0x07, 0xF8, 0x17, 0x03,
  0xF9, 0x03, 0x77, 0x71, 0x01, 0xF8, 0x1B, 0x02, 0xF0, 0xC7, 0x77, 0x30, 0xCE, 0x81, 0xD0, 0x2F,
  0x08, 0x77, 0x73, 0x09, 0xF1, 0x01, 0xF0, 0x67, 0x77, 0x30, 0x7F, 0x81, 0x10, 0xEE, 0x06, 0x77,
  0x73, 0x06, 0xF8, 0x11, 0x0C, 0xE0, 0x77, 0x77, 0x30, 0x5F, 0x81, 0x20, 0xAE, 0x08, 0x77, 0x73,
  0x06, 0xF8, 0x11, 0x08, 0xE0, 0xB7, 0x77, 0x30, 0x7F, 0x81, 0x10, 0x4E, 0x0E, 0x77, 0x73, 0x07,
  0xF2, 0x01, 0xF0, 0x27, 0x77, 0x20, 0xAE, 0x0D, 0x30, 0xCE, 0x08, 0x77, 0x72, 0x0D, 0xE0, 0xB3,
  0x07, 0xE0, 0xD7, 0x77, 0x10, 0x1F, 0x07, 0x30, 0x1F, 0x05, 0x77, 0x70, 0x6F, 0x04, 0x40, 0xBE,
  0x0D, 0x77, 0x70, 0xDE, 0x0E, 0x50, 0x4F, 0x08, 0x77, 0x50, 0x5F, 0x09, 0x60, 0xBF, 0x05, 0x77,
  0x30, 0x20, 0xEF, 0x03, 0x60, 0x3F, 0x90, 0x47, 0x71, 0x01, 0x0D, 0xF0, 0xB7, 0x10, 0x9F, 0x90,
  0x77, 0x60, 0x30, 0xEF, 0x90, 0x27, 0x20, 0xCF, 0x90, 0xC0, 0x47, 0x20, 0x30, 0xAF, 0xA0, 0x77,
  0x30, 0x20, 0xEF, 0xA8, 0x7D, 0x96, 0x54, 0x56, 0x9D, 0xFB, 0x0B, 0x75, 0x02, 0x0E, 0xFF, 0xFD,
  0x0C, 0x77, 0x02, 0x0D, 0xFF, 0xFB, 0x0B, 0x77, 0x20, 0x10, 0xAF, 0xFF, 0x90, 0x87, 0x75, 0x04,
  0x0C, 0xFF, 0xC0, 0xB0, 0x37, 0x77, 0x10, 0x50, 0xBF, 0xE8, 0x1E, 0xA3, 0x77, 0x75, 0x84, 0x15,
  0x8B, 0xDE, 0xA8, 0x3E, 0xCA, 0x84, 0x77,
  // "7" (U+0037), RLE, 975 bytes saved (76.1%)
  0x03, 0x80, 0xC5, 0xF0, 0x38, 0x0C, 0x5F, 0x03, 0x80, 0xC5, 0xF0, 0x38, 0x0C, 0x5F, 0x03, 0x80,
  0xC5, 0xF0, 0x38, 0x0C, 0x4F, 0x0D, 0x18, 0x0B, 0x44, 0x07, 0xF0, 0x77, 0x77, 0x75, 0x0A, 0xE0,
  0xE0, 0x17, 0x77, 0x74, 0x02, 0xF0, 0x87, 0x77, 0x75, 0x09, 0xF0, 0x27, 0x77, 0x74, 0x01, 0xF0,
  0xA7, 0x77, 0x75, 0x07, 0xF0, 0x37, 0x77, 0x75, 0x0E, 0xE0, 0xC7, 0x77, 0x75, 0x06, 0xF0, 0x57,
  0x77, 0x75, 0x0D, 0xE0, 0xD7, 0x77, 0x75, 0x05, 0xF0, 0x67, 0x77, 0x75, 0x0C, 0xE0, 0xE7, 0x77,
  0x75, 0x04, 0xF0, 0x87, 0x77, 0x75, 0x0B, 0xF0, 0x17, 0x77, 0x74, 0x03, 0xF0, 0x97, 0x77, 0x75,
  0x0A, 0xF0, 0x27, 0x77, 0x74, 0x02, 0xF0, 0xB7, 0x77, 0x75, 0x09, 0xF0, 0x47, 0x77, 0x74, 0x01,
  0x0E, 0xE0, 0xD7, 0x77, 0x75, 0x07, 0xF0, 0x67, 0x77, 0x75, 0x0E, 0xE0, 0xE7, 0x77, 0x75, 0x06,
  0xF0, 0x77, 0x77, 0x75, 0x0D, 0xF0, 0x17, 0x77, 0x74, 0x05, 0xF0, 0x97, 0x77, 0x75, 0x0C, 0xF0,
  0x27, 0x77, 0x74, 0x04, 0xF0, 0xA7, 0x77, 0x75, 0x0B, 0xF0, 0x37, 0x77, 0x74, 0x02, 0xF0, 0xC7,
  0x77, 0x75, 0x09, 0xF0, 0x57, 0x77, 0x74, 0x01, 0xF0, 0xD7, 0x77, 0x75, 0x08, 0xF0, 0x77, 0x77,
  0x74, 0x01, 0x0E, 0xE0, 0xE0, 0x17, 0x77, 0x74, 0x07, 0xF0, 0x87, 0x77, 0x75, 0x0E, 0xF0, 0x27,
  0x77, 0x74, 0x06, 0xF0, 0xA7, 0x77, 0x75, 0x0D, 0xF0, 0x37, 0x77, 0x74, 0x05, 0xF0, 0xB7, 0x77,
  0x75, 0x0C, 0xF0, 0x57, 0x77, 0x74, 0x03, 0xF0, 0xD7, 0x77, 0x75, 0x0A, 0xF0, 0x67, 0x77, 0x74,
  0x02, 0xF0, 0xE7, 0x77, 0x75, 0x09, 0xF0, 0x87, 0x77, 0x74, 0x01, 0xF9, 0x01, 0x77, 0x77, 0x40,
  0x8F, 0x09, 0x77, 0x77, 0x50, 0xEF, 0x02, 0x77, 0x77, 0x40, 0x7F, 0x0B, 0x77, 0x77, 0x50, 0xDF,
  0x04, 0x77, 0x77, 0x40, 0x6F, 0x0D, 0x77, 0x77, 0x50, 0xDF, 0x06, 0x77, 0x77, 0x40, 0x4F, 0x0E,
  0x77, 0x77, 0x50, 0xBF, 0x07, 0x77, 0x77, 0x40, 0x3F, 0x90, 0x17, 0x77, 0x74, 0x0A, 0xF0, 0x97,
  0x77, 0x74, 0x02, 0xF9, 0x02, 0x77, 0x77, 0x40, 0x9F, 0x0A, 0x77, 0x77, 0x40, 0x1F, 0x90, 0x37,
  0x77, 0x30,
  // "8" (U+0038), RLE, 792 bytes saved (61.3%)
  0x76, 0x89, 0x51, 0x58, 0xAC, 0xEE, 0xFE, 0xDC, 0xB8, 0x51, 0x77, 0x73, 0x06, 0x0B, 0xFF, 0x98,
  0x1C, 0x61, 0x77, 0x50, 0x70, 0xEF, 0xFE, 0x08, 0x77, 0x20, 0x30, 0xDF, 0xFF, 0xA0, 0xE0, 0x57,
  0x60, 0x5F, 0xFF, 0xE0, 0x97, 0x40, 0x6F, 0xFF, 0xF9, 0x09, 0x72, 0x04, 0xFC, 0x87, 0xB8, 0x65,
  0x45, 0x68, 0xBF, 0xC0, 0x77, 0x10, 0xDF, 0x98, 0x1E, 0x71, 0x72, 0x81, 0x17, 0xEF, 0xA0, 0x26,
  0x07, 0xF9, 0x0A, 0x01, 0x76, 0x01, 0x0A, 0xF9, 0x09, 0x60, 0xDF, 0x09, 0x77, 0x30, 0x9F, 0x90,
  0x14, 0x03, 0xF0, 0xD7, 0x75, 0x0C, 0xF0, 0x54, 0x07, 0xF0, 0x47, 0x75, 0x04, 0xF0, 0x94, 0x0A,
  0xE0, 0xE7, 0x77, 0x0E, 0xE0, 0xB4, 0x0B, 0xE0, 0xB7, 0x77, 0x0B, 0xE0, 0xD4, 0x0C, 0xE0, 0xA7,
  0x77, 0x09, 0xE0, 0xD4, 0x0B, 0xE0, 0x97, 0x77, 0x09, 0xE0, 0xD4, 0x0A, 0xE0, 0xA7, 0x77, 0x0A,
  0xE0, 0xC4, 0x08, 0xE0, 0xD7, 0x77, 0x0C, 0xE0, 0x94, 0x05, 0xF0, 0x27, 0x75, 0x01, 0xF0, 0x64,
  0x01, 0xF0, 0x97, 0x75, 0x07, 0xF0, 0x15, 0x0B, 0xF0, 0x37, 0x73, 0x01, 0x0E, 0xE0, 0x96, 0x04,
  0xF0, 0xD0, 0x17, 0x72, 0x0C, 0xE0, 0xE0, 0x27, 0x0A, 0xF0, 0xD0, 0x27, 0x60, 0x10, 0xBF, 0x06,
  0x71, 0x01, 0x0E, 0xF0, 0xE0, 0x67, 0x40, 0x30, 0xDF, 0x0A, 0x73, 0x03, 0x0E, 0xF9, 0x0C, 0x04,
  0x71, 0x08, 0xF9, 0x0B, 0x75, 0x03, 0x0E, 0xFA, 0x0B, 0x03, 0x40, 0x50, 0xDF, 0x90, 0x97, 0x70,
  0x30, 0xEF, 0xB8, 0x2B, 0x46, 0xDF, 0x90, 0xE0, 0x67, 0x72, 0x02, 0x0C, 0xFF, 0xE0, 0xC0, 0x27,
  0x75, 0x09, 0xFF, 0xB0, 0xE0, 0x67, 0x77, 0x10, 0x40, 0xDF, 0xF0, 0xA0, 0x17, 0x77, 0x20, 0x10,
  0x9F, 0xF9, 0x08, 0x01, 0x77, 0x70, 0x80, 0xEF, 0xFB, 0x0E, 0x07, 0x77, 0x40, 0x40, 0xDF, 0xFF,
  0x0D, 0x03, 0x77, 0x10, 0x9F, 0xA8, 0x2E, 0x95, 0xBF, 0xD0, 0x87, 0x50, 0x20, 0xDF, 0x98, 0x1E,
  0x81, 0x38, 0x12, 0x8E, 0xFB, 0x0C, 0x01, 0x72, 0x02, 0x0E, 0xF9, 0x0A, 0x01, 0x71, 0x07, 0x0E,
  0xFA, 0x0E, 0x02, 0x70, 0x10, 0xEF, 0x0E, 0x04, 0x75, 0x08, 0xFA, 0x0E, 0x02, 0x60, 0xCF, 0x0C,
  0x01, 0x77, 0x02, 0x0C, 0xF9, 0x0D, 0x50, 0x8F, 0x0B, 0x77, 0x40, 0x8F, 0x90, 0x93, 0x02, 0xF0,
  0xD0, 0x17, 0x75, 0x06, 0xF9, 0x03, 0x20, 0x9F, 0x03, 0x77, 0x70, 0x7F, 0x0B, 0x20, 0xEE, 0x0A,
  0x77, 0x72, 0x0C, 0xF0, 0x10, 0x4F, 0x04, 0x77, 0x72, 0x04, 0xF0, 0x60, 0x7E, 0x0E, 0x77, 0x74,
  0x0E, 0xE0, 0x90, 0xAE, 0x0C, 0x77, 0x74, 0x0A, 0xE0, 0xC0, 0xBE, 0x0A, 0x77, 0x74, 0x08, 0xE0,
  0xD0, 0xBE, 0x09, 0x77, 0x74, 0x08, 0xE0, 0xD0, 0xBE, 0x0A, 0x77, 0x74, 0x09, 0xE0, 0xC0, 0xAE,
  0x0C, 0x77, 0x74, 0x0B, 0xE0, 0xB0, 0x8F, 0x01, 0x77, 0x73, 0xF0, 0x90, 0x5F, 0x06, 0x77, 0x72,
  0x06, 0xF0, 0x60, 0x2F, 0x0E, 0x77, 0x72, 0x0D, 0xF8, 0x12, 0x0C, 0xF0, 0x97, 0x77, 0x09, 0xF0,
  0xC2, 0x06, 0xF9, 0x08, 0x77, 0x50, 0x8F, 0x90, 0x53, 0x0D, 0xF9, 0x0A, 0x01, 0x77, 0x10, 0x10,
  0xBF, 0x90, 0xC4, 0x05, 0xFA, 0x81, 0xE8, 0x27, 0x48, 0x12, 0x8E, 0xFA, 0x03, 0x50, 0x9F, 0xC8,
  0x91, 0xDA, 0x76, 0x54, 0x56, 0x7A, 0xDF, 0xC0, 0x67, 0x0A, 0xFF, 0xFF, 0xB0, 0x77, 0x20, 0x9F,
  0xFF, 0xF9, 0x06, 0x74, 0x05, 0x0E, 0xFF, 0xFC, 0x0C, 0x03, 0x76, 0x81, 0x18, 0xEF, 0xFF, 0x0D,
  0x06, 0x77, 0x40, 0x60, 0xBF, 0xFB, 0x0B, 0x05, 0x77, 0x72, 0x84, 0x47, 0x9B, 0xDE, 0xB8, 0x4E,
  0xDC, 0xA7, 0x47, 0x60,
  // "9" (U+0039), RLE, 834 bytes saved (64.6%)
  0x76, 0x89, 0x31, 0x68, 0xBD, 0xEF, 0xED, 0xCA, 0x73, 0x77, 0x75, 0x06, 0x0C, 0xFE, 0x81, 0xD8,
  0x17, 0x77, 0x06, 0x0E, 0xFF, 0xC0, 0x80, 0x17, 0x73, 0x02, 0x0B, 0xFF, 0xF0, 0xE0, 0x47, 0x71,
  0x03, 0x0E, 0xFF, 0xFB, 0x08, 0x76, 0x04, 0xFF, 0xFE, 0x08, 0x74, 0x02, 0x0E, 0xFB, 0x86, 0xB7,
  0x64, 0x56, 0x8C, 0xFB, 0x08, 0x73, 0x0D, 0xF9, 0x0E, 0x07, 0x72, 0x02, 0x08, 0xFA, 0x04, 0x71,
  0x08, 0xF9, 0x0A, 0x76, 0x03, 0x0D, 0xF0, 0xE0, 0x16, 0x02, 0xF9, 0x07, 0x77, 0x10, 0x10, 0xCF,
  0x0A, 0x60, 0x9F, 0x09, 0x77, 0x30, 0x10, 0xDF, 0x03, 0x40, 0x1F, 0x0D, 0x77, 0x50, 0x2F, 0x0B,
  0x40, 0x7F, 0x05, 0x77, 0x60, 0x7F, 0x03, 0x30, 0xBE, 0x0D, 0x77, 0x71, 0x0E, 0xE0, 0x83, 0xF0,
  0x87, 0x77, 0x10, 0x7E, 0x0E, 0x20, 0x3F, 0x05, 0x77, 0x71, 0x01, 0xF8, 0x14, 0x05, 0xF0, 0x17,
  0x77, 0x20, 0xBE, 0x81, 0x70, 0x8E, 0x0E, 0x77, 0x73, 0x07, 0xE8, 0x1B, 0x09, 0xE0, 0xD7, 0x77,
  0x30, 0x4F, 0x10, 0xAE, 0x0D, 0x77, 0x73, 0x01, 0xF0, 0x20, 0xAE, 0x0C, 0x77, 0x74, 0xF0, 0x40,
  0xAE, 0x0D, 0x77, 0x74, 0x0E, 0xE0, 0x60, 0x9E, 0x0E, 0x77, 0x74, 0xF0, 0x08, 0xF7, 0x77, 0x30,
  0x1F, 0x09, 0x06, 0xF0, 0x37, 0x77, 0x20, 0x5F, 0x09, 0x04, 0xF0, 0x77, 0x77, 0x20, 0xBF, 0x0A,
  0x01, 0xF0, 0xD7, 0x77, 0x10, 0x3F, 0x98, 0x1A, 0x0C, 0xF0, 0x47, 0x77, 0x0D, 0xF9, 0x81, 0xB0,
  0x7F, 0x0D, 0x77, 0x60, 0xAF, 0xA8, 0x1A, 0x01, 0xF9, 0x09, 0x77, 0x40, 0xAF, 0xB0, 0xA2, 0x0A,
  0xF9, 0x09, 0x77, 0x10, 0x20, 0xCF, 0xC0, 0x92, 0x02, 0xFA, 0x0C, 0x04, 0x74, 0x01, 0x08, 0xD0,
  0xDF, 0x08, 0x30, 0x6F, 0xB8, 0x3C, 0x84, 0x21, 0x28, 0x21, 0x47, 0xBE, 0x0E, 0x01, 0xF0, 0x74,
  0x0A, 0xFF, 0xFD, 0x04, 0x01, 0xF0, 0x65, 0x0B, 0xFF, 0xFB, 0x81, 0x50, 0x2F, 0x05, 0x60, 0x9F,
  0xFF, 0x0E, 0x04, 0x20, 0x3F, 0x03, 0x70, 0x50, 0xEF, 0xFC, 0x0C, 0x02, 0x30, 0x4F, 0x01, 0x72,
  0x07, 0x0E, 0xFF, 0x0D, 0x05, 0x50, 0x7E, 0x0E, 0x75, 0x81, 0x49, 0xDF, 0x98, 0x1C, 0x84, 0x70,
  0x9E, 0x0C, 0x77, 0x28, 0x42, 0x34, 0x33, 0x27, 0x40, 0xCE, 0x09, 0x77, 0x77, 0x5F, 0x06, 0x77,
  0x77, 0x40, 0x2F, 0x03, 0x77, 0x77, 0x40, 0x7F, 0x77, 0x77, 0x50, 0xBE, 0x0B, 0x77, 0x77, 0x40,
  0x1F, 0x06, 0x77, 0x77, 0x40, 0x7F, 0x01, 0x77, 0x77, 0x40, 0xDE, 0x0B, 0x77, 0x77, 0x40, 0x6F,
  0x05, 0x77, 0x77, 0x30, 0x10, 0xEE, 0x0E, 0x77, 0x77, 0x40, 0x9F, 0x07, 0x77, 0x77, 0x30, 0x6F,
  0x0D, 0x77, 0x77, 0x30, 0x5F, 0x90, 0x67, 0x77, 0x72, 0x06, 0xF9, 0x0B, 0x77, 0x77, 0x10, 0x10,
  0x9F, 0x90, 0xE0, 0x17, 0x77, 0x70, 0x60, 0xEF, 0xA0, 0x47, 0x40, 0x10, 0x27, 0x68, 0x13, 0x8E,
  0xFB, 0x06, 0x75, 0x89, 0x53, 0xFE, 0xB8, 0x65, 0x44, 0x55, 0x69, 0xBE, 0xFD, 0x06, 0x76, 0x03,
  0xFF, 0xFB, 0x0E, 0x04, 0x77, 0x03, 0xFF, 0xFA, 0x0C, 0x02, 0x77, 0x10, 0x3F, 0xFF, 0x0E, 0x06,
  0x77, 0x30, 0x3F, 0xFD, 0x81, 0xE7, 0x17, 0x74, 0x03, 0xFF, 0xA8, 0x1E, 0x95, 0x77, 0x71, 0x84,
  0x47, 0xAC, 0xDE, 0xA8, 0x6E, 0xED, 0xCA, 0x85, 0x37, 0x76,
  // ":" (U+003A), RLE, 180 bytes saved (68.2%)
  0x28, 0x53, 0xAE, 0xFD, 0xA3, 0x30, 0x6F, 0x81, 0x60, 0x2F, 0xA0, 0x20, 0x7F, 0xA0, 0x80, 0xAF,
  0xA0, 0xB0, 0xCF, 0xA0, 0x0C, 0xFA, 0x0C, 0x0A, 0xFA, 0x0B, 0x07, 0xFA, 0x81, 0x71, 0xEF, 0x98,
  0x11, 0x05, 0xF0, 0x53, 0x85, 0x2A, 0xEF, 0xD9, 0x28, 0x0C, 0x90, 0x08, 0x53, 0xAE, 0xFD, 0x92,
  0x30, 0x5F, 0x81, 0x60, 0x2F, 0xA0, 0x20, 0x7F, 0xA0, 0x80, 0xBF, 0xA0, 0xB0, 0xCF, 0xA0, 0x0C,
  0xFA, 0x0C, 0x0A, 0xFA, 0x0B, 0x07, 0xFA, 0x81, 0x71, 0xEF, 0x82, 0xE1, 0x04, 0xF0, 0x53, 0x85,
  0x29, 0xEF, 0xD9, 0x22,
  // ";" (U+003B), RLE, 329 bytes saved (74.3%)
  0x68, 0x54, 0xBE, 0xFD, 0x91, 0x70, 0x8E, 0x0E, 0x04, 0x50, 0x4F, 0x90, 0xE5, 0x0A, 0xFA, 0x05,
  0x40, 0xDF, 0xA0, 0x84, 0x0E, 0xFA, 0x0A, 0x40, 0xEF, 0xA0, 0xA4, 0x0D, 0xFA, 0x08, 0x40, 0xAF,
  0xA0, 0x54, 0x03, 0xF9, 0x0D, 0x60, 0x7E, 0x0E, 0x03, 0x78, 0x54, 0xBE, 0xFD, 0x81, 0x80, 0xE9,
  0x10, 0xF9, 0x07, 0x50, 0x3F, 0x90, 0x95, 0x05, 0xF9, 0x04, 0x50, 0x8F, 0x96, 0x0B, 0xF0, 0xB6,
  0x0D, 0xF0, 0x65, 0x01, 0xF9, 0x01, 0x50, 0x4F, 0x0B, 0x60, 0x7F, 0x06, 0x60, 0xBF, 0x01, 0x60,
  0xEE, 0x0A, 0x60, 0x2F, 0x04, 0x60, 0x5E, 0x0D, 0x70, 0x8E, 0x07, 0x70, 0xBE, 0x01, 0x7E, 0x0A,
  0x70, 0x3E, 0x04, 0x70, 0x7D, 0x0D, 0x71, 0x0A, 0xD0, 0x67, 0x10, 0xEC, 0x0E, 0x71, 0x03, 0xD0,
  0x87, 0x10,
  // "<" (U+003C), RLE, 594 bytes saved (67.3%)
  0x80, 0xC4, 0x00, 0x18, 0x0C, 0x20, 0x81, 0x29, 0xC8, 0x0C, 0x00, 0x02, 0x09, 0xA0, 0xC7, 0x77,
  0x76, 0x02, 0x09, 0xC0, 0xC7, 0x77, 0x74, 0x02, 0x09, 0xE0, 0xC7, 0x77, 0x72, 0x02, 0x09, 0xF9,
  0x0C, 0x77, 0x77, 0x02, 0x09, 0xFB, 0x0C, 0x77, 0x75, 0x02, 0x09, 0xFC, 0x0E, 0x07, 0x77, 0x73,
  0x02, 0x0A, 0xFC, 0x81, 0xE8, 0x17, 0x77, 0x20, 0x20, 0xAF, 0xC0, 0xD0, 0x77, 0x77, 0x30, 0x20,
  0xAF, 0xC0, 0xD0, 0x67, 0x77, 0x30, 0x20, 0xAF, 0xC0, 0xC0, 0x57, 0x77, 0x30, 0x20, 0xAF, 0xC0,
  0xB0, 0x47, 0x77, 0x30, 0x20, 0xAF, 0xC0, 0xB0, 0x37, 0x77, 0x30, 0x20, 0xAF, 0xC0, 0xA0, 0x27,
  0x77, 0x30, 0x20, 0xAF, 0xC0, 0x90, 0x27, 0x77, 0x30, 0x20, 0xAF, 0xB8, 0x1E, 0x81, 0x77, 0x73,
  0x02, 0x0A, 0xFB, 0x81, 0xE7, 0x17, 0x77, 0x30, 0x20, 0xAF, 0xB0, 0xD0, 0x67, 0x77, 0x40, 0x20,
  0xAF, 0xB0, 0xD0, 0x57, 0x77, 0x40, 0x20, 0xAF, 0xB0, 0xC0, 0x57, 0x77, 0x60, 0xAF, 0xA0, 0xB0,
  0x47, 0x77, 0x71, 0x0A, 0xF0, 0xC0, 0x37, 0x77, 0x73, 0x0A, 0xF9, 0x0C, 0x05, 0x77, 0x77, 0x20,
  0xAF, 0xB8, 0x1E, 0x82, 0x77, 0x76, 0x04, 0x0B, 0xFD, 0x0A, 0x04, 0x77, 0x76, 0x03, 0x09, 0xFD,
  0x81, 0xD6, 0x17, 0x77, 0x58, 0x11, 0x8E, 0xFC, 0x81, 0xE9, 0x27, 0x77, 0x60, 0x60, 0xCF, 0xD0,
  0xB0, 0x57, 0x77, 0x60, 0x40, 0xBF, 0xD8, 0x1E, 0x71, 0x77, 0x75, 0x81, 0x29, 0xEF, 0xD0, 0xA0,
  0x37, 0x77, 0x58, 0x11, 0x7D, 0xFD, 0x0C, 0x06, 0x77, 0x76, 0x05, 0x0C, 0xFD, 0x81, 0xE8, 0x27,
  0x77, 0x50, 0x30, 0xAF, 0xE0, 0xB0, 0x47, 0x77, 0x58, 0x11, 0x8E, 0xFD, 0x81, 0xD7, 0x17, 0x77,
  0x50, 0x60, 0xDF, 0xE0, 0x90, 0x37, 0x77, 0x50, 0x40, 0xBF, 0xE0, 0xA7, 0x77, 0x60, 0x20, 0x9F,
  0xC0, 0xC7, 0x77, 0x71, 0x81, 0x17, 0xEF, 0x90, 0xC7, 0x77, 0x74, 0x05, 0x0C, 0xE0, 0xC7, 0x77,
  0x76, 0x04, 0x0A, 0xC0, 0xC8, 0x0C, 0x00, 0x83, 0x29, 0xEF, 0xC8, 0x0C, 0x20, 0x81, 0x17, 0xA0,
  // "=" (U+003D), RLE, 428 bytes saved (87.0%)
  0x18, 0x0C, 0x34, 0x10, 0x28, 0x0C, 0x3F, 0x03, 0x02, 0x80, 0xC3, 0xF0, 0x30, 0x28, 0x0C, 0x3F,
  0x03, 0x02, 0x80, 0xC3, 0xF0, 0x30, 0x28, 0x0C, 0x3F, 0x03, 0x02, 0x80, 0xC3, 0xF0, 0x38, 0x0E,
  0xA7, 0x08, 0x0C, 0x34, 0x10, 0x28, 0x0C, 0x3F, 0x03, 0x02, 0x80, 0xC3, 0xF0, 0x30, 0x28, 0x0C,
  0x3F, 0x03, 0x02, 0x80, 0xC3, 0xF0, 0x30, 0x28, 0x0C, 0x3F, 0x03, 0x02, 0x80, 0xC3, 0xF0, 0x30,
  // ">" (U+003E), RLE, 595 bytes saved (67.5%)
  0x01, 0x80, 0xC4, 0x08, 0x1A, 0xA2, 0x80, 0xC2, 0x00, 0xAA, 0x0A, 0x02, 0x80, 0xC0, 0x00, 0xAC,
  0x0A, 0x02, 0x77, 0x77, 0x60, 0xAE, 0x0A, 0x03, 0x77, 0x77, 0x40, 0xAF, 0x90, 0xA0, 0x37, 0x77,
  0x72, 0x0A, 0xFB, 0x0A, 0x03, 0x77, 0x77, 0x06, 0x0E, 0xFC, 0x0A, 0x03, 0x77, 0x77, 0x07, 0x0E,
  0xFC, 0x0A, 0x03, 0x77, 0x77, 0x06, 0x0D, 0xFC, 0x0A, 0x03, 0x77, 0x77, 0x05, 0x0D, 0xFC, 0x0A,
  0x03, 0x77, 0x77, 0x05, 0x0C, 0xFC, 0x0B, 0x03, 0x77, 0x77, 0x04, 0x0B, 0xFC, 0x0B, 0x03, 0x77,
  0x77, 0x03, 0x0A, 0xFC, 0x0B, 0x03, 0x77, 0x77, 0x02, 0x0A, 0xFC, 0x0B, 0x03, 0x77, 0x77, 0x02,
  0x09, 0xFC, 0x0B, 0x03, 0x77, 0x77, 0x81, 0x18, 0xEF, 0xB0, 0xB0, 0x37, 0x77, 0x78, 0x11, 0x7E,
  0xFB, 0x0B, 0x03, 0x77, 0x77, 0x10, 0x70, 0xDF, 0xB0, 0xB0, 0x37, 0x77, 0x71, 0x06, 0x0D, 0xFB,
  0x0B, 0x03, 0x77, 0x77, 0x10, 0x50, 0xCF, 0xB0, 0xB0, 0x37, 0x77, 0x71, 0x04, 0x0C, 0xFA, 0x0C,
  0x77, 0x77, 0x30, 0x30, 0xCF, 0x0C, 0x77, 0x77, 0x20, 0x30, 0xAF, 0x90, 0xC7, 0x77, 0x70, 0x60,
  0xCF, 0xB0, 0xC7, 0x77, 0x48, 0x12, 0x9E, 0xFC, 0x0C, 0x05, 0x77, 0x72, 0x05, 0x0B, 0xFD, 0x0A,
  0x03, 0x77, 0x71, 0x81, 0x17, 0xDF, 0xC8, 0x1E, 0x82, 0x77, 0x71, 0x03, 0x0A, 0xFD, 0x0D, 0x07,
  0x77, 0x72, 0x06, 0x0C, 0xFD, 0x0B, 0x05, 0x77, 0x71, 0x81, 0x29, 0xEF, 0xD0, 0xA0, 0x37, 0x77,
  0x10, 0x50, 0xBF, 0xD8, 0x1E, 0x81, 0x77, 0x78, 0x11, 0x7D, 0xFD, 0x0C, 0x06, 0x77, 0x71, 0x03,
  0x0A, 0xFE, 0x0B, 0x04, 0x77, 0x71, 0x06, 0x0C, 0xFD, 0x81, 0xE9, 0x27, 0x77, 0x81, 0x29, 0xEF,
  0xD8, 0x1D, 0x71, 0x77, 0x71, 0x08, 0xFE, 0x0C, 0x05, 0x77, 0x74, 0x0A, 0xFC, 0x0A, 0x03, 0x77,
  0x76, 0x0A, 0xF9, 0x81, 0xE8, 0x17, 0x77, 0x71, 0x0A, 0xE0, 0xD0, 0x67, 0x77, 0x74, 0x0A, 0xC0,
  0xB0, 0x47, 0x77, 0x76, 0x0A, 0xA0, 0x90, 0x28, 0x0C, 0x00, 0x81, 0x97, 0x18, 0x0C, 0x20,
  // "?" (U+003F), RLE, 786 bytes saved (71.3%)
  0x72, 0x89, 0x54, 0x79, 0xBD, 0xEE, 0xFE, 0xDC, 0xB9, 0x52, 0x77, 0x28, 0x12, 0x7C, 0xFF, 0xA8,
  0x1D, 0x71, 0x73, 0x81, 0x17, 0xCF, 0xFF, 0x0E, 0x07, 0x70, 0x20, 0x9F, 0xFF, 0xD0, 0xC0, 0x25,
  0x0B, 0xFF, 0xFF, 0x0E, 0x03, 0x40, 0x4F, 0xFF, 0xF9, 0x0E, 0x02, 0x40, 0xDF, 0x98, 0x91, 0xEB,
  0x86, 0x54, 0x45, 0x68, 0xBF, 0xB0, 0xC4, 0x06, 0xD8, 0x1E, 0x83, 0x74, 0x81, 0x17, 0xEF, 0x90,
  0x64, 0x0E, 0xA0, 0xA0, 0x47, 0x72, 0x01, 0x0C, 0xF0, 0xD4, 0x81, 0x79, 0x27, 0x76, 0x0C, 0xF0,
  0x47, 0x77, 0x50, 0x3F, 0x08, 0x77, 0x76, 0x0B, 0xE0, 0xC7, 0x77, 0x60, 0x6E, 0x0E, 0x77, 0x76,
  0x03, 0xF7, 0x77, 0x60, 0x2F, 0x01, 0x77, 0x75, 0x03, 0xF7, 0x77, 0x60, 0x4F, 0x77, 0x76, 0x06,
  0xE0, 0xD7, 0x77, 0x60, 0xBE, 0x0B, 0x77, 0x75, 0x02, 0xF0, 0x77, 0x77, 0x50, 0xAF, 0x02, 0x77,
  0x74, 0x06, 0xF0, 0xA7, 0x77, 0x40, 0x4F, 0x90, 0x27, 0x77, 0x30, 0x4F, 0x90, 0x87, 0x77, 0x30,
  0x5F, 0x90, 0xB7, 0x77, 0x30, 0x7F, 0x90, 0xD0, 0x17, 0x77, 0x20, 0x9F, 0x90, 0xC0, 0x17, 0x77,
  0x20, 0xBF, 0x90, 0xC0, 0x17, 0x77, 0x10, 0x10, 0xCF, 0x90, 0xB7, 0x77, 0x20, 0x10, 0xDF, 0x90,
  0x97, 0x77, 0x20, 0x10, 0xDF, 0x90, 0x67, 0x77, 0x30, 0xBF, 0x0E, 0x04, 0x77, 0x73, 0x07, 0xF0,
  0xE0, 0x37, 0x77, 0x30, 0x20, 0xEE, 0x0E, 0x02, 0x77, 0x74, 0x09, 0xE0, 0xE0, 0x27, 0x77, 0x50,
  0xEE, 0x04, 0x77, 0x75, 0x05, 0xE0, 0x87, 0x77, 0x60, 0x8E, 0x01, 0x77, 0x76, 0x0B, 0xD0, 0x97,
  0x77, 0x70, 0xCD, 0x06, 0x77, 0x77, 0x0D, 0xD0, 0x37, 0x77, 0x70, 0xED, 0x02, 0x77, 0x77, 0x0E,
  0xD0, 0x17, 0x77, 0x70, 0xED, 0x01, 0x77, 0x77, 0x80, 0x22, 0x80, 0xBD, 0x30, 0x85, 0x4B, 0xEF,
  0xD9, 0x17, 0x77, 0x60, 0x8E, 0x0E, 0x03, 0x77, 0x74, 0x04, 0xF9, 0x0E, 0x77, 0x74, 0x09, 0xFA,
  0x05, 0x77, 0x73, 0x0C, 0xFA, 0x08, 0x77, 0x73, 0x0E, 0xFA, 0x09, 0x77, 0x73, 0x0E, 0xFA, 0x09,
  0x77, 0x73, 0x0C, 0xFA, 0x07, 0x77, 0x73, 0x09, 0xFA, 0x04, 0x77, 0x73, 0x03, 0xF9, 0x0D, 0x77,
  0x75, 0x07, 0xE0, 0xE0, 0x37, 0x77, 0x68, 0x53, 0xAE, 0xFD, 0x81, 0x77, 0x30,
  // "@" (U+0040), RLE, 1549 bytes saved (65.1%)
  0x77, 0x76, 0x8A, 0x01, 0x46, 0x8B, 0xCD, 0xEE, 0xFE, 0xDC, 0xC9, 0x74, 0x18, 0x0D, 0x30, 0x81,
  0x59, 0xDF, 0xFC, 0x81, 0xD8, 0x48, 0x0C, 0x50, 0x81, 0x49, 0xEF, 0xFF, 0xB8, 0x1E, 0x81, 0x80,
  0xC0, 0x00, 0x50, 0xCF, 0xFF, 0xFA, 0x09, 0x02, 0x77, 0x77, 0x40, 0x50, 0xDF, 0xFF, 0xFE, 0x07,
  0x77, 0x77, 0x10, 0x20, 0xB8, 0x0C, 0x1F, 0x0D, 0x03, 0x77, 0x75, 0x06, 0xFF, 0x89, 0x4E, 0xB9,
  0x76, 0x65, 0x45, 0x66, 0x8B, 0xEF, 0xE0, 0x67, 0x77, 0x30, 0xAF, 0xC8, 0x2D, 0x94, 0x17, 0x78,
  0x11, 0x6B, 0xFC, 0x08, 0x77, 0x70, 0x10, 0xCF, 0xA8, 0x1E, 0x83, 0x77, 0x78, 0x11, 0x7E, 0xFA,
  0x0A, 0x77, 0x50, 0x10, 0xDF, 0x98, 0x1E, 0x81, 0x77, 0x75, 0x06, 0x0E, 0xF9, 0x09, 0x77, 0x30,
  0x20, 0xDF, 0x90, 0x90, 0x17, 0x77, 0x71, 0x01, 0x0A, 0xF9, 0x07, 0x77, 0x10, 0x10, 0xDF, 0x0D,
  0x04, 0x77, 0x77, 0x50, 0x6F, 0x90, 0x47, 0x70, 0xBF, 0x0B, 0x01, 0x77, 0x77, 0x70, 0x40, 0xEE,
  0x0E, 0x01, 0x75, 0x08, 0xF0, 0x98, 0x0C, 0x20, 0x03, 0xF0, 0x97, 0x40, 0x3F, 0x09, 0x80, 0xC4,
  0x00, 0x5F, 0x04, 0x73, 0x0D, 0xE0, 0x98, 0x0C, 0x60, 0x07, 0xE0, 0xC7, 0x20, 0x8E, 0x0C, 0x80,
  0xD0, 0x00, 0xCE, 0x04, 0x70, 0x2E, 0x0E, 0x01, 0x80, 0xD0, 0x00, 0x2E, 0x0B, 0x70, 0x9E, 0x05,
  0x77, 0x38, 0x96, 0x26, 0x9C, 0xDE, 0xFE, 0xED, 0xCA, 0x86, 0x41, 0x76, 0x09, 0xE0, 0x25, 0x02,
  0xE0, 0xB7, 0x72, 0x06, 0x0C, 0xFF, 0xA8, 0x2E, 0xA6, 0x17, 0x20, 0x2E, 0x07, 0x50, 0x9E, 0x02,
  0x77, 0x05, 0x0D, 0xFF, 0xF0, 0x87, 0x30, 0xAD, 0x0C, 0x50, 0xED, 0x09, 0x76, 0x01, 0x0A, 0xFF,
  0xFA, 0x07, 0x73, 0x04, 0xE0, 0x13, 0x06, 0xE0, 0x37, 0x50, 0x10, 0xCF, 0xFF, 0xB0, 0x77, 0x40,
  0xED, 0x05, 0x30, 0xBD, 0x0C, 0x75, 0x01, 0x0D, 0xF8, 0x3E, 0x95, 0x21, 0x28, 0x22, 0x47, 0xBF,
  0x06, 0x74, 0x0A, 0xD0, 0x82, 0x01, 0xE0, 0x57, 0x50, 0xBF, 0x09, 0x01, 0x73, 0x03, 0xE0, 0x57,
  0x40, 0x6D, 0x0B, 0x20, 0x5E, 0x75, 0x08, 0xF0, 0x47, 0x50, 0x2E, 0x04, 0x74, 0x04, 0xD0, 0xD2,
  0x0A, 0xD0, 0xB7, 0x40, 0x2F, 0x04, 0x76, 0x03, 0xE0, 0x37, 0x40, 0x1E, 0x20, 0xDD, 0x07, 0x74,
  0x0A, 0xE0, 0x77, 0x70, 0x4E, 0x03, 0x75, 0x0E, 0xD0, 0x01, 0xE0, 0x27, 0x30, 0x2E, 0x0D, 0x77,
  0x10, 0x5E, 0x02, 0x75, 0x0D, 0xD0, 0x20, 0x4D, 0x0E, 0x74, 0x08, 0xE0, 0x67, 0x71, 0x05, 0xE0,
  0x17, 0x50, 0xCD, 0x03, 0x07, 0xD0, 0xC7, 0x40, 0xDD, 0x0E, 0x77, 0x20, 0x6E, 0x76, 0x0B, 0xD0,
  0x40, 0x9D, 0x0A, 0x73, 0x02, 0xE0, 0xA7, 0x72, 0x07, 0xE7, 0x60, 0xAD, 0x04, 0x0A, 0xD0, 0x77,
  0x30, 0x5E, 0x06, 0x77, 0x20, 0x8D, 0x0E, 0x76, 0x0B, 0xD0, 0x30, 0xCD, 0x05, 0x73, 0x08, 0xE0,
  0x37, 0x72, 0x08, 0xD0, 0xE7, 0x60, 0xCD, 0x03, 0x0D, 0xD0, 0x57, 0x30, 0xAE, 0x01, 0x77, 0x20,
  0x9D, 0x0D, 0x76, 0x0D, 0xD0, 0x20, 0xED, 0x04, 0x73, 0x0B, 0xE7, 0x73, 0x0A, 0xD0, 0xC7, 0x60,
  0xED, 0x1E, 0x03, 0x73, 0x0C, 0xD0, 0xE7, 0x73, 0x0C, 0xD0, 0xB7, 0x6D, 0x0D, 0x1E, 0x03, 0x73,
  0x0C, 0xD0, 0xE7, 0x73, 0x0E, 0xD0, 0xB7, 0x50, 0x3D, 0x0B, 0x1E, 0x03, 0x73, 0x0B, 0xD0, 0xE7,
  0x72, 0x01, 0xE0, 0xA7, 0x50, 0x6D, 0x81, 0x80, 0xED, 0x03, 0x73, 0x0A, 0xE7, 0x72, 0x04, 0xE0,
  0x97, 0x50, 0x9D, 0x81, 0x40, 0xDD, 0x04, 0x73, 0x09, 0xE0, 0x17, 0x71, 0x08, 0xE0, 0x97, 0x50,
  0xDC, 0x0E, 0x20, 0xDD, 0x06, 0x73, 0x06, 0xE0, 0x47, 0x71, 0x0D, 0xE0, 0xA7, 0x40, 0x3D, 0x0A,
  0x20, 0xCD, 0x07, 0x73, 0x02, 0xE0, 0x87, 0x70, 0x3F, 0x0B, 0x74, 0x09, 0xD0, 0x52, 0x0A, 0xD0,
  0x97, 0x40, 0xED, 0x0E, 0x77, 0x0A, 0xF0, 0xD7, 0x30, 0x10, 0xEC, 0x0D, 0x30, 0x7D, 0x0C, 0x74,
  0x08, 0xE0, 0x67, 0x50, 0x3F, 0xA0, 0x17, 0x20, 0x9D, 0x06, 0x30, 0x5E, 0x74, 0x02, 0xE0, 0xE0,
  0x37, 0x30, 0x10, 0xDC, 0x0E, 0xC0, 0x77, 0x10, 0x5D, 0x0D, 0x40, 0x2E, 0x03, 0x74, 0x0A, 0xE0,
  0xE0, 0x47, 0x10, 0x30, 0xDC, 0x09, 0x06, 0xD0, 0x46, 0x04, 0xE0, 0x55, 0x0E, 0xD0, 0x77, 0x40,
  0x10, 0xEF, 0x81, 0xB5, 0x22, 0x81, 0x25, 0xAD, 0x81, 0xD1, 0x1E, 0x09, 0x03, 0x20, 0x30, 0x9E,
  0x0A, 0x60, 0xAD, 0x0C, 0x75, 0x05, 0xFF, 0xD0, 0xE0, 0x32, 0x09, 0xFF, 0xA0, 0xC7, 0x06, 0xE0,
  0x27, 0x50, 0x7F, 0xFB, 0x0E, 0x03, 0x40, 0xDF, 0xF0, 0xC0, 0x17, 0x01, 0xE0, 0x97, 0x60, 0x50,
  0xEF, 0xF0, 0xC0, 0x25, 0x02, 0x0E, 0xFD, 0x0B, 0x01, 0x72, 0x0C, 0xD0, 0xE0, 0x17, 0x60, 0x10,
  0x9F, 0xC0, 0xE0, 0x77, 0x10, 0x10, 0xBF, 0xA0, 0xE0, 0x67, 0x40, 0x5E, 0x09, 0x77, 0x18, 0x91,
  0x16, 0xAC, 0xEF, 0xEE, 0xC9, 0x47, 0x58, 0x74, 0x9C, 0xEF, 0xEC, 0x95, 0x77, 0x0D, 0xE0, 0x28,
  0x0F, 0x00, 0x07, 0xE0, 0xC8, 0x0F, 0x10, 0x0D, 0xE0, 0x98, 0x0F, 0x00, 0x05, 0xF0, 0x78, 0x0F,
  0x00, 0x0B, 0xF0, 0x78, 0x0E, 0x70, 0x01, 0x0E, 0xF0, 0x98, 0x0E, 0x70, 0x03, 0xF9, 0x0C, 0x02,
  0x80, 0xE6, 0x00, 0x5F, 0xA0, 0x90, 0x17, 0x77, 0x72, 0x05, 0x07, 0x77, 0x74, 0x07, 0xFA, 0x81,
  0xE9, 0x37, 0x77, 0x38, 0x12, 0x6B, 0xA0, 0xB7, 0x77, 0x50, 0x5F, 0xC8, 0x1D, 0x84, 0x77, 0x38,
  0x23, 0x6A, 0xDD, 0x0B, 0x77, 0x76, 0x03, 0x0E, 0xFE, 0x89, 0x5D, 0xA8, 0x75, 0x54, 0x44, 0x56,
  0x78, 0xAD, 0xFB, 0x0B, 0x77, 0x77, 0x01, 0x0A, 0x80, 0xC1, 0xF0, 0xB7, 0x77, 0x72, 0x05, 0x0D,
  0xFF, 0xFF, 0xF0, 0xB7, 0x77, 0x74, 0x07, 0x0D, 0xFF, 0xFF, 0xC0, 0x90, 0x37, 0x77, 0x76, 0x05,
  0x0B, 0xFF, 0xFE, 0x81, 0xC6, 0x18, 0x0C, 0x20, 0x82, 0x15, 0xAE, 0xFF, 0xD8, 0x2D, 0x95, 0x18,
  0x0D, 0x10, 0x86, 0x24, 0x79, 0xBC, 0xDE, 0xB8, 0x6E, 0xDC, 0xB9, 0x74, 0x17, 0x77, 0x50,
  // "A" (U+0041), RLE, 1222 bytes saved (72.8%)
  0x77, 0x72, 0x03, 0xF0, 0x28, 0x0D, 0x20, 0x09, 0xF0, 0x88, 0x0D, 0x20, 0x0E, 0xF0, 0xE8, 0x0D,
  0x10, 0x05, 0xFA, 0x05, 0x80, 0xD0, 0x00, 0xBF, 0xA0, 0xB8, 0x0C, 0x70, 0x02, 0xFC, 0x01, 0x80,
  0xC6, 0x00, 0x8F, 0xC0, 0x78, 0x0C, 0x60, 0x0E, 0xFC, 0x0D, 0x80, 0xC5, 0x00, 0x5E, 0x0D, 0xE0,
  0x48, 0x0C, 0x40, 0x0B, 0xE0, 0x5E, 0x0A, 0x80, 0xC3, 0x00, 0x2E, 0x81, 0xB0, 0xEE, 0x01, 0x80,
  0xC2, 0x00, 0x8E, 0x81, 0x70, 0xAE, 0x07, 0x80, 0xC2, 0x00, 0xDE, 0x81, 0x30, 0x5E, 0x0D, 0x80,
  0xC1, 0x00, 0x4E, 0x0E, 0x20, 0x1F, 0x03, 0x80, 0xC0, 0x00, 0xBE, 0x0A, 0x30, 0xBE, 0x09, 0x77,
  0x77, 0x70, 0x1F, 0x05, 0x30, 0x6E, 0x0E, 0x01, 0x77, 0x77, 0x60, 0x7E, 0x0E, 0x40, 0x1F, 0x06,
  0x77, 0x77, 0x60, 0xDE, 0x0A, 0x50, 0xAE, 0x0C, 0x77, 0x77, 0x50, 0x4F, 0x04, 0x50, 0x5F, 0x03,
  0x77, 0x77, 0x40, 0xAE, 0x0D, 0x70, 0xEE, 0x09, 0x77, 0x77, 0x30, 0x1F, 0x07, 0x70, 0x9E, 0x0E,
  0x77, 0x77, 0x30, 0x7F, 0x02, 0x70, 0x3F, 0x05, 0x77, 0x77, 0x20, 0xDE, 0x0B, 0x72, 0x0C, 0xE0,
  0xC7, 0x77, 0x71, 0x03, 0xF0, 0x57, 0x20, 0x6F, 0x02, 0x77, 0x77, 0x09, 0xE0, 0xE7, 0x30, 0x1F,
  0x08, 0x77, 0x76, 0x01, 0xF0, 0x97, 0x40, 0xAE, 0x0E, 0x77, 0x76, 0x06, 0xF0, 0x37, 0x40, 0x4F,
  0x05, 0x77, 0x75, 0x0C, 0xE0, 0xD7, 0x60, 0xEE, 0x0B, 0x77, 0x74, 0x03, 0xF0, 0x77, 0x60, 0x8F,
  0x02, 0x77, 0x73, 0x09, 0xF0, 0x17, 0x60, 0x2F, 0x08, 0x77, 0x73, 0x0E, 0xE0, 0xA7, 0x71, 0x0C,
  0xE0, 0xD7, 0x77, 0x20, 0x6F, 0x05, 0x77, 0x10, 0x6F, 0x04, 0x77, 0x71, 0x0C, 0xE0, 0xE7, 0x72,
  0x01, 0xF0, 0xA7, 0x77, 0x02, 0xF0, 0x87, 0x73, 0x0A, 0xF0, 0x17, 0x76, 0x08, 0xF0, 0x27, 0x73,
  0x04, 0xF0, 0x77, 0x76, 0x0E, 0xE0, 0xD8, 0x09, 0x74, 0xF0, 0xD7, 0x75, 0x05, 0xFF, 0xFF, 0xF0,
  0x47, 0x74, 0x0B, 0xFF, 0xFF, 0xF0, 0xA7, 0x73, 0x02, 0x80, 0xC1, 0xF0, 0x17, 0x72, 0x08, 0x80,
  0xC1, 0xF0, 0x67, 0x72, 0x0E, 0x80, 0xC1, 0xF0, 0xC7, 0x71, 0x05, 0x80, 0xC3, 0xF0, 0x37, 0x70,
  0xBE, 0x0E, 0x77, 0x73, 0x05, 0xF0, 0x97, 0x60, 0x1F, 0x08, 0x77, 0x74, 0x0E, 0xE0, 0xE7, 0x60,
  0x7F, 0x02, 0x77, 0x74, 0x08, 0xF0, 0x67, 0x50, 0xDE, 0x0C, 0x77, 0x75, 0x02, 0xF0, 0xC7, 0x40,
  0x4F, 0x06, 0x77, 0x76, 0x0C, 0xF0, 0x27, 0x30, 0xAE, 0x0E, 0x77, 0x77, 0x06, 0xF0, 0x97, 0x20,
  0x1F, 0x09, 0x77, 0x77, 0x10, 0xEE, 0x0E, 0x72, 0x07, 0xF0, 0x37, 0x77, 0x71, 0x09, 0xF0, 0x57,
  0x10, 0xDE, 0x0D, 0x77, 0x77, 0x20, 0x3F, 0x0B, 0x70, 0x4F, 0x07, 0x77, 0x77, 0x30, 0xCF, 0x02,
  0x60, 0xAF, 0x01, 0x77, 0x77, 0x30, 0x6F, 0x08, 0x50, 0x1F, 0x0B, 0x77, 0x77, 0x40, 0x1F, 0x0E,
  0x50, 0x6F, 0x05, 0x77, 0x77, 0x50, 0xAF, 0x05, 0x40, 0xCE, 0x0E, 0x77, 0x77, 0x60, 0x4F, 0x0B,
  0x30, 0x3F, 0x08, 0x77, 0x77, 0x70, 0xDF, 0x01, 0x20, 0x9F, 0x02, 0x77, 0x77, 0x70, 0x7F, 0x07,
  0x20, 0xEE, 0x0C, 0x80, 0xC0, 0x00, 0x1F, 0x81, 0xD0, 0x6F, 0x06, 0x80, 0xC1, 0x00, 0xBF, 0x04,
  0x0C, 0xE0, 0xE8, 0x0C, 0x20, 0x05, 0xF0, 0xA0,
  // "B" (U+0042), RLE, 877 bytes saved (65.4%)
  0x0A, 0xFF, 0xD8, 0x6E, 0xDC, 0xBA, 0x86, 0x37, 0x72, 0x0A, 0xFF, 0xFF, 0x81, 0xC8, 0x47, 0x50,
  0xAF, 0xFF, 0xFB, 0x81, 0xE8, 0x17, 0x20, 0xAF, 0xFF, 0xFD, 0x0E, 0x07, 0x71, 0x0A, 0xFF, 0xFF,
  0xF0, 0xC0, 0x16, 0x0A, 0x80, 0xC0, 0xF0, 0xD0, 0x15, 0x0A, 0xF0, 0x58, 0x07, 0x48, 0x45, 0x67,
  0x9B, 0xEF, 0xD0, 0xC5, 0x0A, 0xF0, 0x17, 0x73, 0x81, 0x27, 0xDF, 0xB0, 0x74, 0x0A, 0xF0, 0x17,
  0x76, 0x06, 0xFA, 0x0E, 0x40, 0xAF, 0x01, 0x77, 0x70, 0x30, 0xEF, 0x90, 0x53, 0x0A, 0xF0, 0x17,
  0x77, 0x10, 0x4F, 0x90, 0x93, 0x0A, 0xF0, 0x17, 0x77, 0x20, 0xAF, 0x0D, 0x30, 0xAF, 0x01, 0x77,
  0x72, 0x05, 0xF9, 0x30, 0xAF, 0x01, 0x77, 0x73, 0xF9, 0x01, 0x20, 0xAF, 0x01, 0x77, 0x73, 0x0E,
  0xF0, 0x22, 0x0A, 0xF0, 0x17, 0x77, 0x30, 0xDF, 0x02, 0x20, 0xAF, 0x01, 0x77, 0x73, 0x0D, 0xF0,
  0x12, 0x0A, 0xF0, 0x17, 0x77, 0x30, 0xEF, 0x30, 0xAF, 0x01, 0x77, 0x72, 0x01, 0xF0, 0xB3, 0x0A,
  0xF0, 0x17, 0x77, 0x20, 0x6F, 0x07, 0x30, 0xAF, 0x01, 0x77, 0x72, 0x0C, 0xF0, 0x23, 0x0A, 0xF0,
  0x17, 0x77, 0x10, 0x4F, 0x0A, 0x40, 0xAF, 0x01, 0x77, 0x70, 0x20, 0xEE, 0x0E, 0x02, 0x40, 0xAF,
  0x01, 0x77, 0x60, 0x40, 0xDF, 0x05, 0x50, 0xAF, 0x01, 0x77, 0x40, 0x40, 0xBF, 0x90, 0x76, 0x0A,
  0xF0, 0x58, 0x09, 0x04, 0x83, 0x56, 0x79, 0xCF, 0xA0, 0xE0, 0x57, 0x0A, 0xFF, 0xFF, 0xD0, 0xA0,
  0x17, 0x10, 0xAF, 0xFF, 0xFA, 0x81, 0xC8, 0x17, 0x30, 0xAF, 0xFF, 0xF0, 0xB0, 0x27, 0x60, 0xAF,
  0xFF, 0xFA, 0x81, 0xC8, 0x47, 0x30, 0xAF, 0xFF, 0xFD, 0x0D, 0x07, 0x71, 0x0A, 0xFF, 0xFF, 0xF0,
  0xE0, 0x66, 0x0A, 0xF0, 0x17, 0x68, 0x41, 0x24, 0x69, 0xDF, 0xB0, 0xA5, 0x0A, 0xF0, 0x17, 0x75,
  0x03, 0x09, 0xFA, 0x0B, 0x40, 0xAF, 0x01, 0x77, 0x70, 0x20, 0xDF, 0x90, 0x93, 0x0A, 0xF0, 0x17,
  0x77, 0x10, 0x10, 0xCF, 0x90, 0x42, 0x0A, 0xF0, 0x17, 0x77, 0x20, 0x10, 0xEF, 0x0D, 0x20, 0xAF,
  0x01, 0x77, 0x73, 0x06, 0xF9, 0x81, 0x40, 0xAF, 0x01, 0x77, 0x74, 0x0D, 0xF8, 0x19, 0x0A, 0xF0,
  0x17, 0x77, 0x40, 0x8F, 0x81, 0xD0, 0xAF, 0x01, 0x77, 0x74, 0x04, 0xF9, 0x10, 0xAF, 0x01, 0x77,
  0x74, 0x02, 0xF9, 0x02, 0x0A, 0xF0, 0x17, 0x77, 0x5F, 0x90, 0x30, 0xAF, 0x01, 0x77, 0x75, 0xF9,
  0x03, 0x0A, 0xF0, 0x17, 0x77, 0x40, 0x1F, 0x90, 0x30, 0xAF, 0x01, 0x77, 0x74, 0x03, 0xF9, 0x02,
  0x0A, 0xF0, 0x17, 0x77, 0x40, 0x7F, 0x91, 0x0A, 0xF0, 0x17, 0x77, 0x40, 0xBF, 0x81, 0xD0, 0xAF,
  0x01, 0x77, 0x73, 0x02, 0xF9, 0x81, 0x90, 0xAF, 0x01, 0x77, 0x73, 0x0A, 0xF9, 0x81, 0x50, 0xAF,
  0x01, 0x77, 0x72, 0x06, 0xF9, 0x0E, 0x20, 0xAF, 0x01, 0x77, 0x71, 0x04, 0xFA, 0x08, 0x20, 0xAF,
  0x01, 0x77, 0x70, 0x7F, 0xA0, 0xE0, 0x12, 0x0A, 0xF0, 0x17, 0x74, 0x81, 0x27, 0xDF, 0xB0, 0x43,
  0x0A, 0xF0, 0x58, 0x09, 0x14, 0x83, 0x56, 0x8A, 0xDF, 0xD0, 0x74, 0x0A, 0x80, 0xC1, 0xF0, 0x85,
  0x0A, 0x80, 0xC0, 0xF0, 0x66, 0x0A, 0xFF, 0xFF, 0xE0, 0xC0, 0x37, 0x0A, 0xFF, 0xFF, 0xC0, 0xC0,
  0x57, 0x20, 0xAF, 0xFF, 0xF9, 0x81, 0xE9, 0x47, 0x40, 0xAF, 0xFF, 0x98, 0x5E, 0xEC, 0xB8, 0x62,
  0x77,
  // "C" (U+0043), RLE, 1076 bytes saved (72.7%)
  0x77, 0x78, 0x61, 0x46, 0x9B, 0xCD, 0xEA, 0x86, 0xED, 0xCB, 0x97, 0x53, 0x77, 0x75, 0x81, 0x27,
  0xDF, 0xFD, 0x81, 0xB7, 0x37, 0x76, 0x06, 0x0D, 0xFF, 0xFC, 0x81, 0xD7, 0x17, 0x71, 0x06, 0x0D,
  0xFF, 0xFF, 0xA0, 0x67, 0x50, 0x30, 0xDF, 0xFF, 0xFC, 0x02, 0x74, 0x07, 0xFF, 0xFF, 0xD0, 0xA7,
  0x40, 0xBF, 0xE8, 0x92, 0xC9, 0x75, 0x54, 0x45, 0x68, 0xBE, 0xFA, 0x02, 0x73, 0x0B, 0xFC, 0x81,
  0xB5, 0x17, 0x58, 0x12, 0x6C, 0xD0, 0xA7, 0x20, 0x10, 0xCF, 0xB0, 0x90, 0x27, 0x74, 0x81, 0x27,
  0xDA, 0x03, 0x72, 0x0B, 0xFA, 0x0D, 0x03, 0x77, 0x72, 0x04, 0x08, 0x72, 0x07, 0xFA, 0x0A, 0x77,
  0x77, 0x70, 0x4F, 0xA0, 0x88, 0x0C, 0x00, 0x0D, 0xF9, 0x09, 0x80, 0xC0, 0x00, 0x7F, 0x90, 0xB8,
  0x0C, 0x00, 0x01, 0x0E, 0xF0, 0xD0, 0x18, 0x0C, 0x00, 0x08, 0xF9, 0x05, 0x80, 0xC1, 0x00, 0xEF,
  0x0B, 0x80, 0xC1, 0x00, 0x5F, 0x90, 0x38, 0x0C, 0x10, 0x0B, 0xF0, 0xB8, 0x0C, 0x20, 0xF9, 0x05,
  0x80, 0xC1, 0x00, 0x4F, 0x98, 0x0C, 0x20, 0x09, 0xF0, 0xB8, 0x0C, 0x20, 0x0D, 0xF0, 0x78, 0x0C,
  0x20, 0xF9, 0x03, 0x80, 0xC1, 0x00, 0x2F, 0x98, 0x0C, 0x20, 0x05, 0xF0, 0xD8, 0x0C, 0x20, 0x07,
  0xF0, 0xB8, 0x0C, 0x20, 0x08, 0xF0, 0x98, 0x0C, 0x20, 0x09, 0xF0, 0x88, 0x0C, 0x20, 0x0A, 0xF0,
  0x78, 0x0C, 0x20, 0x0B, 0xF0, 0x78, 0x0C, 0x20, 0x0B, 0xF0, 0x68, 0x0C, 0x20, 0x0B, 0xF0, 0x78,
  0x0C, 0x20, 0x0A, 0xF0, 0x78, 0x0C, 0x20, 0x09, 0xF0, 0x88, 0x0C, 0x20, 0x09, 0xF0, 0x98, 0x0C,
  0x20, 0x07, 0xF0, 0xA8, 0x0C, 0x20, 0x05, 0xF0, 0xC8, 0x0C, 0x20, 0x03, 0xF9, 0x80, 0xC2, 0x00,
  0x1F, 0x90, 0x28, 0x0C, 0x20, 0x0E, 0xF0, 0x68, 0x0C, 0x20, 0x0A, 0xF0, 0x98, 0x0C, 0x20, 0x07,
  0xF0, 0xE8, 0x0C, 0x20, 0x03, 0xF9, 0x04, 0x80, 0xC2, 0x00, 0xEF, 0x09, 0x80, 0xC2, 0x00, 0x9F,
  0x90, 0x18, 0x0C, 0x10, 0x03, 0xF9, 0x08, 0x80, 0xC2, 0x00, 0xDF, 0x90, 0x18, 0x0C, 0x10, 0x06,
  0xF9, 0x0A, 0x80, 0xC2, 0x00, 0xDF, 0x90, 0x68, 0x0C, 0x10, 0x05, 0xFA, 0x03, 0x80, 0xC1, 0x00,
  0xCF, 0x90, 0xE0, 0x28, 0x0C, 0x00, 0x02, 0x0E, 0xF9, 0x0E, 0x04, 0x80, 0xC0, 0x00, 0x6F, 0xB0,
  0x88, 0x0C, 0x00, 0x09, 0xFB, 0x0D, 0x06, 0x77, 0x71, 0x81, 0x37, 0x27, 0x30, 0x9F, 0xC8, 0x1D,
  0x83, 0x77, 0x18, 0x23, 0x7A, 0xEA, 0x04, 0x74, 0x09, 0xFE, 0x89, 0x4E, 0xB9, 0x75, 0x54, 0x45,
  0x67, 0x9B, 0xDF, 0x04, 0x75, 0x07, 0xFF, 0xFF, 0xD0, 0x47, 0x60, 0x30, 0xDF, 0xFF, 0xFB, 0x04,
  0x77, 0x10, 0x70, 0xEF, 0xFF, 0xF9, 0x04, 0x77, 0x28, 0x11, 0x8E, 0xFF, 0xFD, 0x0E, 0x03, 0x77,
  0x58, 0x14, 0x9E, 0xFF, 0xE8, 0x1C, 0x83, 0x77, 0x73, 0x86, 0x25, 0x7A, 0xCD, 0xDE, 0xB8, 0x6E,
  0xDD, 0xBA, 0x86, 0x37, 0x10,
  // "D" (U+0044), RLE, 1031 bytes saved (67.6%)
  0x0A, 0xFF, 0xD8, 0x6E, 0xDD, 0xCA, 0x75, 0x37, 0x77, 0x10, 0xAF, 0xFF, 0xE8, 0x2E, 0xA6, 0x27,
  0x74, 0x0A, 0xFF, 0xFF, 0xB0, 0xC0, 0x57, 0x72, 0x0A, 0xFF, 0xFF, 0xD0, 0xE0, 0x77, 0x70, 0xAF,
  0xFF, 0xFF, 0x0D, 0x04, 0x75, 0x0A, 0x80, 0xC1, 0xF0, 0xA7, 0x40, 0xAF, 0x05, 0x80, 0x64, 0x84,
  0x55, 0x68, 0xAD, 0xFF, 0x0C, 0x02, 0x72, 0x0A, 0xF0, 0x17, 0x73, 0x81, 0x49, 0xEF, 0xC0, 0xE0,
  0x37, 0x10, 0xAF, 0x01, 0x77, 0x60, 0x40, 0xBF, 0xB0, 0xE0, 0x27, 0x0A, 0xF0, 0x17, 0x77, 0x10,
  0x40, 0xDF, 0xA0, 0xE0, 0x16, 0x0A, 0xF0, 0x17, 0x77, 0x30, 0x8F, 0xA0, 0xD6, 0x0A, 0xF0, 0x17,
  0x77, 0x40, 0x5F, 0xA0, 0x85, 0x0A, 0xF0, 0x17, 0x77, 0x50, 0x4F, 0xA0, 0x34, 0x0A, 0xF0, 0x17,
  0x77, 0x60, 0x5F, 0x90, 0xC4, 0x0A, 0xF0, 0x17, 0x77, 0x70, 0x9F, 0x90, 0x43, 0x0A, 0xF0, 0x17,
  0x77, 0x71, 0x0E, 0xF0, 0xB3, 0x0A, 0xF0, 0x17, 0x77, 0x71, 0x06, 0xF9, 0x03, 0x20, 0xAF, 0x01,
  0x77, 0x77, 0x20, 0xEF, 0x09, 0x20, 0xAF, 0x01, 0x77, 0x77, 0x20, 0x8F, 0x0D, 0x20, 0xAF, 0x01,
  0x77, 0x77, 0x20, 0x2F, 0x98, 0x13, 0x0A, 0xF0, 0x17, 0x77, 0x73, 0x0D, 0xF8, 0x17, 0x0A, 0xF0,
  0x17, 0x77, 0x73, 0x09, 0xF8, 0x1A, 0x0A, 0xF0, 0x17, 0x77, 0x73, 0x05, 0xF8, 0x1D, 0x0A, 0xF0,
  0x17, 0x77, 0x73, 0x02, 0xF9, 0x10, 0xAF, 0x01, 0x77, 0x77, 0x4F, 0x90, 0x20, 0xAF, 0x01, 0x77,
  0x77, 0x40, 0xEF, 0x04, 0x0A, 0xF0, 0x17, 0x77, 0x74, 0x0C, 0xF0, 0x50, 0xAF, 0x01, 0x77, 0x77,
  0x40, 0xBF, 0x06, 0x0A, 0xF0, 0x17, 0x77, 0x74, 0x0A, 0xF0, 0x70, 0xAF, 0x01, 0x77, 0x77, 0x40,
  0xAF, 0x07, 0x0A, 0xF0, 0x17, 0x77, 0x74, 0x0A, 0xF0, 0x70, 0xAF, 0x01, 0x77, 0x77, 0x40, 0xAF,
  0x07, 0x0A, 0xF0, 0x17, 0x77, 0x74, 0x0B, 0xF0, 0x60, 0xAF, 0x01, 0x77, 0x77, 0x40, 0xCF, 0x06,
  0x0A, 0xF0, 0x17, 0x77, 0x74, 0x0D, 0xF0, 0x40, 0xAF, 0x01, 0x77, 0x77, 0x4F, 0x90, 0x20, 0xAF,
  0x01, 0x77, 0x77, 0x30, 0x2F, 0x90, 0x10, 0xAF, 0x01, 0x77, 0x77, 0x30, 0x5F, 0x81, 0xE0, 0xAF,
  0x01, 0x77, 0x77, 0x30, 0x8F, 0x81, 0xB0, 0xAF, 0x01, 0x77, 0x77, 0x30, 0xCF, 0x81, 0x80, 0xAF,
  0x01, 0x77, 0x77, 0x20, 0x1F, 0x98, 0x14, 0x0A, 0xF0, 0x17, 0x77, 0x72, 0x06, 0xF9, 0x20, 0xAF,
  0x01, 0x77, 0x77, 0x20, 0xCF, 0x0A, 0x20, 0xAF, 0x01, 0x77, 0x77, 0x10, 0x4F, 0x90, 0x52, 0x0A,
  0xF0, 0x17, 0x77, 0x71, 0x0C, 0xF0, 0xE3, 0x0A, 0xF0, 0x17, 0x77, 0x70, 0x6F, 0x90, 0x83, 0x0A,
  0xF0, 0x17, 0x77, 0x60, 0x20, 0xEF, 0x0E, 0x01, 0x30, 0xAF, 0x01, 0x77, 0x75, 0x01, 0x0D, 0xF9,
  0x07, 0x40, 0xAF, 0x01, 0x77, 0x75, 0x0B, 0xF9, 0x0D, 0x50, 0xAF, 0x01, 0x77, 0x73, 0x01, 0x0C,
  0xFA, 0x03, 0x50, 0xAF, 0x01, 0x77, 0x72, 0x05, 0x0E, 0xFA, 0x07, 0x60, 0xAF, 0x01, 0x77, 0x70,
  0x20, 0xAF, 0xB0, 0xA7, 0x0A, 0xF0, 0x17, 0x75, 0x04, 0x0A, 0xFC, 0x0A, 0x71, 0x0A, 0xF0, 0x17,
  0x71, 0x82, 0x14, 0x9D, 0xFD, 0x0A, 0x72, 0x0A, 0xF0, 0x58, 0x05, 0x48, 0x45, 0x67, 0x9B, 0xDF,
  0xF9, 0x07, 0x73, 0x0A, 0x80, 0xC0, 0xF0, 0xD0, 0x37, 0x40, 0xAF, 0xFF, 0xFF, 0x08, 0x76, 0x0A,
  0xFF, 0xFF, 0xD0, 0x90, 0x17, 0x70, 0xAF, 0xFF, 0xFA, 0x81, 0xC6, 0x17, 0x72, 0x0A, 0xFF, 0xFD,
  0x82, 0xEB, 0x62, 0x77, 0x50, 0xAF, 0xFC, 0x86, 0xEE, 0xDB, 0x98, 0x52, 0x77, 0x72,
  // "E" (U+0045), RLE, 792 bytes saved (74.2%)
  0x0A, 0xFF, 0xFF, 0xD0, 0x0A, 0xFF, 0xFF, 0xD0, 0x0A, 0xFF, 0xFF, 0xD0, 0x0A, 0xFF, 0xFF, 0xD0,
  0x0A, 0xFF, 0xFF, 0xD0, 0x0A, 0xFF, 0xFF, 0xD0, 0x0A, 0xF0, 0x58, 0x0A, 0x54, 0x02, 0x0A, 0xF0,
  0x17, 0x77, 0x50, 0xAF, 0x01, 0x77, 0x75, 0x0A, 0xF0, 0x17, 0x77, 0x50, 0xAF, 0x01, 0x77, 0x75,
  0x0A, 0xF0, 0x17, 0x77, 0x50, 0xAF, 0x01, 0x77, 0x75, 0x0A, 0xF0, 0x17, 0x77, 0x50, 0xAF, 0x01,
  0x77, 0x75, 0x0A, 0xF0, 0x17, 0x77, 0x50, 0xAF, 0x01, 0x77, 0x75, 0x0A, 0xF0, 0x17, 0x77, 0x50,
  0xAF, 0x01, 0x77, 0x75, 0x0A, 0xF0, 0x17, 0x77, 0x50, 0xAF, 0x01, 0x77, 0x75, 0x0A, 0xF0, 0x17,
  0x77, 0x50, 0xAF, 0x01, 0x77, 0x75, 0x0A, 0xF0, 0x17, 0x77, 0x50, 0xAF, 0x01, 0x77, 0x75, 0x0A,
  0xF0, 0x58, 0x0A, 0x44, 0x20, 0xAF, 0xFF, 0xFC, 0x81, 0x10, 0xAF, 0xFF, 0xFC, 0x81, 0x10, 0xAF,
  0xFF, 0xFC, 0x81, 0x10, 0xAF, 0xFF, 0xFC, 0x81, 0x10, 0xAF, 0xFF, 0xFC, 0x81, 0x10, 0xAF, 0xFF,
  0xFC, 0x81, 0x10, 0xAF, 0x01, 0x77, 0x75, 0x0A, 0xF0, 0x17, 0x77, 0x50, 0xAF, 0x01, 0x77, 0x75,
  0x0A, 0xF0, 0x17, 0x77, 0x50, 0xAF, 0x01, 0x77, 0x75, 0x0A, 0xF0, 0x17, 0x77, 0x50, 0xAF, 0x01,
  0x77, 0x75, 0x0A, 0xF0, 0x17, 0x77, 0x50, 0xAF, 0x01, 0x77, 0x75, 0x0A, 0xF0, 0x17, 0x77, 0x50,
  0xAF, 0x01, 0x77, 0x75, 0x0A, 0xF0, 0x17, 0x77, 0x50, 0xAF, 0x01, 0x77, 0x75, 0x0A, 0xF0, 0x17,
  0x77, 0x50, 0xAF, 0x01, 0x77, 0x75, 0x0A, 0xF0, 0x17, 0x77, 0x50, 0xAF, 0x01, 0x77, 0x75, 0x0A,
  0xF0, 0x17, 0x77, 0x50, 0xAF, 0x01, 0x77, 0x75, 0x0A, 0xF0, 0x17, 0x77, 0x50, 0xAF, 0x01, 0x77,
  0x75, 0x0A, 0xF0, 0x17, 0x77, 0x50, 0xAF, 0x05, 0x80, 0xA5, 0x40, 0x20, 0xAF, 0xFF, 0xFD, 0x00,
  0xAF, 0xFF, 0xFD, 0x00, 0xAF, 0xFF, 0xFD, 0x00, 0xAF, 0xFF, 0xFD, 0x00, 0xAF, 0xFF, 0xFD, 0x00,
  0xAF, 0xFF, 0xFD, 0x0A,
  // "F" (U+0046), RLE, 797 bytes saved (74.6%)
  0x0A, 0xFF, 0xFF, 0xD0, 0x0A, 0xFF, 0xFF, 0xD0, 0x0A, 0xFF, 0xFF, 0xD0, 0x0A, 0xFF, 0xFF, 0xD0,
  0x0A, 0xFF, 0xFF, 0xD0, 0x0A, 0xFF, 0xFF, 0xD0, 0x0A, 0xF0, 0x58, 0x0A, 0x54, 0x02, 0x0A, 0xF0,
  0x17, 0x77, 0x50, 0xAF, 0x01, 0x77, 0x75, 0x0A, 0xF0, 0x17, 0x77, 0x50, 0xAF, 0x01, 0x77, 0x75,
  0x0A, 0xF0, 0x17, 0x77, 0x50, 0xAF, 0x01, 0x77, 0x75, 0x0A, 0xF0, 0x17, 0x77, 0x50, 0xAF, 0x01,
  0x77, 0x75, 0x0A, 0xF0, 0x17, 0x77, 0x50, 0xAF, 0x01, 0x77, 0x75, 0x0A, 0xF0, 0x17, 0x77, 0x50,
  0xAF, 0x01, 0x77, 0x75, 0x0A, 0xF0, 0x17, 0x77, 0x50, 0xAF, 0x01, 0x77, 0x75, 0x0A, 0xF0, 0x17,
  0x77, 0x50, 0xAF, 0x01, 0x77, 0x75, 0x0A, 0xF0, 0x17, 0x77, 0x50, 0xAF, 0x01, 0x77, 0x75, 0x0A,
  0xF0, 0x17, 0x77, 0x50, 0xAF, 0x01, 0x77, 0x75, 0x0A, 0xF0, 0x17, 0x77, 0x50, 0xAF, 0x05, 0x80,
  0xA4, 0x42, 0x0A, 0xFF, 0xFF, 0xC2, 0x0A, 0xFF, 0xFF, 0xC2, 0x0A, 0xFF, 0xFF, 0xC2, 0x0A, 0xFF,
  0xFF, 0xC2, 0x0A, 0xFF, 0xFF, 0xC2, 0x0A, 0xFF, 0xFF, 0xC2, 0x0A, 0xF0, 0x17, 0x77, 0x50, 0xAF,
  0x01, 0x77, 0x75, 0x0A, 0xF0, 0x17, 0x77, 0x50, 0xAF, 0x01, 0x77, 0x75, 0x0A, 0xF0, 0x17, 0x77,
  0x50, 0xAF, 0x01, 0x77, 0x75, 0x0A, 0xF0, 0x17, 0x77, 0x50, 0xAF, 0x01, 0x77, 0x75, 0x0A, 0xF0,
  0x17, 0x77, 0x50, 0xAF, 0x01, 0x77, 0x75, 0x0A, 0xF0, 0x17, 0x77, 0x50, 0xAF, 0x01, 0x77, 0x75,
  0x0A, 0xF0, 0x17, 0x77, 0x50, 0xAF, 0x01, 0x77, 0x75, 0x0A, 0xF0, 0x17, 0x77, 0x50, 0xAF, 0x01,
  0x77, 0x75, 0x0A, 0xF0, 0x17, 0x77, 0x50, 0xAF, 0x01, 0x77, 0x75, 0x0A, 0xF0, 0x17, 0x77, 0x50,
  0xAF, 0x01, 0x77, 0x75, 0x0A, 0xF0, 0x17, 0x77, 0x50, 0xAF, 0x01, 0x77, 0x75, 0x0A, 0xF0, 0x17,
  0x77, 0x50, 0xAF, 0x01, 0x77, 0x75, 0x0A, 0xF0, 0x17, 0x77, 0x50, 0xAF, 0x01, 0x77, 0x75,
  // "G" (U+0047), RLE, 1151 bytes saved (70.3%)
  0x77, 0x72, 0x86, 0x24, 0x79, 0xBC, 0xDE, 0xA8, 0x7E, 0xDD, 0xCB, 0x96, 0x42, 0x77, 0x77, 0x18,
  0x21, 0x5A, 0xEF, 0xFD, 0x82, 0xEB, 0x73, 0x77, 0x72, 0x04, 0x0B, 0xFF, 0xFE, 0x81, 0xEA, 0x47,
  0x74, 0x05, 0x0C, 0xFF, 0xFF, 0xC0, 0xE0, 0x27, 0x70, 0x30, 0xCF, 0xFF, 0xFE, 0x0D, 0x77, 0x08,
  0x80, 0xC0, 0xF0, 0x77, 0x50, 0x10, 0xCF, 0xE8, 0x93, 0xEA, 0x86, 0x55, 0x44, 0x56, 0x8A, 0xDF,
  0xB0, 0xE0, 0x17, 0x40, 0x30, 0xDF, 0xC8, 0x1B, 0x62, 0x77, 0x81, 0x48, 0xDE, 0x09, 0x74, 0x04,
  0x0E, 0xFA, 0x81, 0xE9, 0x27, 0x76, 0x81, 0x37, 0xDB, 0x02, 0x73, 0x02, 0x0E, 0xFA, 0x0A, 0x01,
  0x77, 0x74, 0x81, 0x5B, 0xB7, 0x30, 0x10, 0xDF, 0x90, 0xE0, 0x58, 0x0C, 0x40, 0x0C, 0xF9, 0x0D,
  0x02, 0x80, 0xC4, 0x00, 0x7F, 0x90, 0xD0, 0x18, 0x0C, 0x40, 0x02, 0xF9, 0x0E, 0x02, 0x80, 0xC5,
  0x00, 0xBF, 0x90, 0x48, 0x0C, 0x50, 0x04, 0xF9, 0x08, 0x80, 0xC6, 0x00, 0xBF, 0x0D, 0x80, 0xC6,
  0x00, 0x2F, 0x90, 0x58, 0x0C, 0x60, 0x09, 0xF0, 0xD8, 0x0C, 0x70, 0x0E, 0xF0, 0x68, 0x0C, 0x60,
  0x03, 0xF9, 0x01, 0x80, 0xC6, 0x00, 0x7F, 0x0B, 0x80, 0xC7, 0x00, 0xCF, 0x06, 0x80, 0xC7, 0x00,
  0xEF, 0x02, 0x80, 0xC6, 0x00, 0x2F, 0x0E, 0x80, 0xC7, 0x00, 0x4F, 0x0C, 0x80, 0xC7, 0x00, 0x7F,
  0x0A, 0x80, 0xC7, 0x00, 0x8F, 0x08, 0x80, 0xC7, 0x00, 0x9F, 0x06, 0x80, 0xC7, 0x00, 0xAF, 0x06,
  0x80, 0xC7, 0x00, 0xAF, 0x05, 0x77, 0x7F, 0xFF, 0x03, 0x0B, 0xF0, 0x57, 0x77, 0xFF, 0xF0, 0x30,
  0xBF, 0x05, 0x77, 0x7F, 0xFF, 0x03, 0x0A, 0xF0, 0x67, 0x77, 0xFF, 0xF0, 0x30, 0x9F, 0x07, 0x77,
  0x7F, 0xFF, 0x03, 0x08, 0xF0, 0x87, 0x77, 0xFF, 0xF0, 0x30, 0x7F, 0x0A, 0x77, 0x78, 0x09, 0x14,
  0x09, 0xF0, 0x30, 0x5F, 0x0C, 0x77, 0x77, 0x60, 0x7F, 0x00, 0x3F, 0x0E, 0x77, 0x77, 0x60, 0x7F,
  0x03, 0x1F, 0x90, 0x27, 0x77, 0x75, 0x07, 0xF8, 0x13, 0x0D, 0xF0, 0x57, 0x77, 0x75, 0x07, 0xF8,
  0x13, 0x0A, 0xF0, 0x97, 0x77, 0x75, 0x07, 0xF8, 0x13, 0x06, 0xF0, 0xE7, 0x77, 0x75, 0x07, 0xF8,
  0x13, 0x01, 0xF9, 0x04, 0x77, 0x77, 0x40, 0x7F, 0x03, 0x20, 0xDF, 0x0A, 0x77, 0x77, 0x40, 0x7F,
  0x03, 0x20, 0x7F, 0x90, 0x27, 0x77, 0x73, 0x07, 0xF0, 0x32, 0x01, 0xF9, 0x09, 0x77, 0x77, 0x30,
  0x7F, 0x03, 0x30, 0xAF, 0x90, 0x27, 0x77, 0x72, 0x07, 0xF0, 0x33, 0x03, 0xF9, 0x0D, 0x77, 0x77,
  0x20, 0x7F, 0x03, 0x40, 0xAF, 0x90, 0x97, 0x77, 0x71, 0x07, 0xF0, 0x34, 0x01, 0xFA, 0x07, 0x77,
  0x77, 0x07, 0xF0, 0x35, 0x07, 0xFA, 0x07, 0x77, 0x76, 0x07, 0xF0, 0x36, 0x0B, 0xFA, 0x0A, 0x77,
  0x75, 0x07, 0xF0, 0x36, 0x01, 0x0D, 0xFA, 0x0D, 0x04, 0x77, 0x73, 0x07, 0xF0, 0x37, 0x03, 0x0E,
  0xFB, 0x0B, 0x04, 0x77, 0x71, 0x07, 0xF0, 0x37, 0x10, 0x30, 0xEF, 0xC8, 0x1D, 0x83, 0x77, 0x28,
  0x21, 0x48, 0xDF, 0x03, 0x72, 0x02, 0x0E, 0xFF, 0x89, 0x5C, 0xA7, 0x65, 0x54, 0x44, 0x56, 0x79,
  0xBE, 0xFC, 0x03, 0x73, 0x01, 0x0B, 0x80, 0xC3, 0xF0, 0x37, 0x50, 0x68, 0x0C, 0x2F, 0x03, 0x76,
  0x02, 0x09, 0x80, 0xC0, 0xF0, 0x37, 0x71, 0x81, 0x29, 0xEF, 0xFF, 0xFA, 0x81, 0xB7, 0x37, 0x75,
  0x81, 0x49, 0xEF, 0xFF, 0x98, 0x2D, 0xA7, 0x47, 0x77, 0x58, 0x62, 0x57, 0xAC, 0xDD, 0xEB, 0x89,
  0x0E, 0xED, 0xCB, 0xA9, 0x75, 0x37, 0x30,
  // "H" (U+0048), RLE, 1024 bytes saved (69.9%)
  0x0A, 0xF0, 0x17, 0x77, 0x72, 0x06, 0xF0, 0x40, 0xAF, 0x01, 0x77, 0x77, 0x20, 0x6F, 0x04, 0x0A,
  0xF0, 0x17, 0x77, 0x72, 0x06, 0xF0, 0x40, 0xAF, 0x01, 0x77, 0x77, 0x20, 0x6F, 0x04, 0x0A, 0xF0,
  0x17, 0x77, 0x72, 0x06, 0xF0, 0x40, 0xAF, 0x01, 0x77, 0x77, 0x20, 0x6F, 0x04, 0x0A, 0xF0, 0x17,
  0x77, 0x72, 0x06, 0xF0, 0x40, 0xAF, 0x01, 0x77, 0x77, 0x20, 0x6F, 0x04, 0x0A, 0xF0, 0x17, 0x77,
  0x72, 0x06, 0xF0, 0x40, 0xAF, 0x01, 0x77, 0x77, 0x20, 0x6F, 0x04, 0x0A, 0xF0, 0x17, 0x77, 0x72,
  0x06, 0xF0, 0x40, 0xAF, 0x01, 0x77, 0x77, 0x20, 0x6F, 0x04, 0x0A, 0xF0, 0x17, 0x77, 0x72, 0x06,
  0xF0, 0x40, 0xAF, 0x01, 0x77, 0x77, 0x20, 0x6F, 0x04, 0x0A, 0xF0, 0x17, 0x77, 0x72, 0x06, 0xF0,
  0x40, 0xAF, 0x01, 0x77, 0x77, 0x20, 0x6F, 0x04, 0x0A, 0xF0, 0x17, 0x77, 0x72, 0x06, 0xF0, 0x40,
  0xAF, 0x01, 0x77, 0x77, 0x20, 0x6F, 0x04, 0x0A, 0xF0, 0x17, 0x77, 0x72, 0x06, 0xF0, 0x40, 0xAF,
  0x01, 0x77, 0x77, 0x20, 0x6F, 0x04, 0x0A, 0xF0, 0x17, 0x77, 0x72, 0x06, 0xF0, 0x40, 0xAF, 0x01,
  0x77, 0x77, 0x20, 0x6F, 0x04, 0x0A, 0xF0, 0x17, 0x77, 0x72, 0x06, 0xF0, 0x40, 0xAF, 0x01, 0x77,
  0x77, 0x20, 0x6F, 0x04, 0x0A, 0xF0, 0x17, 0x77, 0x72, 0x06, 0xF0, 0x40, 0xAF, 0x05, 0x80, 0xB2,
  0x40, 0x9F, 0x04, 0x0A, 0x80, 0xD2, 0xF0, 0x40, 0xA8, 0x0D, 0x2F, 0x04, 0x0A, 0x80, 0xD2, 0xF0,
  0x40, 0xA8, 0x0D, 0x2F, 0x04, 0x0A, 0x80, 0xD2, 0xF0, 0x40, 0xA8, 0x0D, 0x2F, 0x04, 0x0A, 0xF0,
  0x17, 0x77, 0x72, 0x06, 0xF0, 0x40, 0xAF, 0x01, 0x77, 0x77, 0x20, 0x6F, 0x04, 0x0A, 0xF0, 0x17,
  0x77, 0x72, 0x06, 0xF0, 0x40, 0xAF, 0x01, 0x77, 0x77, 0x20, 0x6F, 0x04, 0x0A, 0xF0, 0x17, 0x77,
  0x72, 0x06, 0xF0, 0x40, 0xAF, 0x01, 0x77, 0x77, 0x20, 0x6F, 0x04, 0x0A, 0xF0, 0x17, 0x77, 0x72,
  0x06, 0xF0, 0x40, 0xAF, 0x01, 0x77, 0x77, 0x20, 0x6F, 0x04, 0x0A, 0xF0, 0x17, 0x77, 0x72, 0x06,
  0xF0, 0x40, 0xAF, 0x01, 0x77, 0x77, 0x20, 0x6F, 0x04, 0x0A, 0xF0, 0x17, 0x77, 0x72, 0x06, 0xF0,
  0x40, 0xAF, 0x01, 0x77, 0x77, 0x20, 0x6F, 0x04, 0x0A, 0xF0, 0x17, 0x77, 0x72, 0x06, 0xF0, 0x40,
  0xAF, 0x01, 0x77, 0x77, 0x20, 0x6F, 0x04, 0x0A, 0xF0, 0x17, 0x77, 0x72, 0x06, 0xF0, 0x40, 0xAF,
  0x01, 0x77, 0x77, 0x20, 0x6F, 0x04, 0x0A, 0xF0, 0x17, 0x77, 0x72, 0x06, 0xF0, 0x40, 0xAF, 0x01,
  0x77, 0x77, 0x20, 0x6F, 0x04, 0x0A, 0xF0, 0x17, 0x77, 0x72, 0x06, 0xF0, 0x40, 0xAF, 0x01, 0x77,
  0x77, 0x20, 0x6F, 0x04, 0x0A, 0xF0, 0x17, 0x77, 0x72, 0x06, 0xF0, 0x40, 0xAF, 0x01, 0x77, 0x77,
  0x20, 0x6F, 0x04, 0x0A, 0xF0, 0x17, 0x77, 0x72, 0x06, 0xF0, 0x40, 0xAF, 0x01, 0x77, 0x77, 0x20,
  0x6F, 0x04, 0x0A, 0xF0, 0x17, 0x77, 0x72, 0x06, 0xF0, 0x40, 0xAF, 0x01, 0x77, 0x77, 0x20, 0x6F,
  0x04, 0x0A, 0xF0, 0x17, 0x77, 0x72, 0x06, 0xF0, 0x40, 0xAF, 0x01, 0x77, 0x77, 0x20, 0x6F, 0x04,
  0x0A, 0xF0, 0x17, 0x77, 0x72, 0x06, 0xF0, 0x40,
  // "I" (U+0049), RLE, 474 bytes saved (67.5%)
  0x08, 0xFF, 0xF0, 0x90, 0x8F, 0xFF, 0x09, 0x08, 0xFF, 0xF0, 0x90, 0x8F, 0xFF, 0x09, 0x08, 0xFF,
  0xF8, 0x49, 0x02, 0x69, 0xDF, 0xE8, 0x2D, 0x96, 0x26, 0x81, 0x15, 0xAF, 0x81, 0xB5, 0x17, 0x50,
  0x5F, 0x06, 0x77, 0x05, 0xF0, 0x67, 0x70, 0x5F, 0x06, 0x77, 0x05, 0xF0, 0x67, 0x70, 0x5F, 0x06,
  0x77, 0x05, 0xF0, 0x67, 0x70, 0x5F, 0x06, 0x77, 0x05, 0xF0, 0x67, 0x70, 0x5F, 0x06, 0x77, 0x05,
  0xF0, 0x67, 0x70, 0x5F, 0x06, 0x77, 0x05, 0xF0, 0x67, 0x70, 0x5F, 0x06, 0x77, 0x05, 0xF0, 0x67,
  0x70, 0x5F, 0x06, 0x77, 0x05, 0xF0, 0x67, 0x70, 0x5F, 0x06, 0x77, 0x05, 0xF0, 0x67, 0x70, 0x5F,
  0x06, 0x77, 0x05, 0xF0, 0x67, 0x70, 0x5F, 0x06, 0x77, 0x05, 0xF0, 0x67, 0x70, 0x5F, 0x06, 0x77,
  0x05, 0xF0, 0x67, 0x70, 0x5F, 0x06, 0x77, 0x05, 0xF0, 0x67, 0x70, 0x5F, 0x06, 0x77, 0x05, 0xF0,
  0x67, 0x70, 0x5F, 0x06, 0x77, 0x05, 0xF0, 0x67, 0x70, 0x5F, 0x06, 0x77, 0x05, 0xF0, 0x67, 0x70,
  0x5F, 0x06, 0x77, 0x05, 0xF0, 0x67, 0x70, 0x5F, 0x06, 0x77, 0x05, 0xF0, 0x67, 0x70, 0x5F, 0x06,
  0x77, 0x05, 0xF0, 0x67, 0x70, 0x5F, 0x06, 0x77, 0x05, 0xF0, 0x67, 0x70, 0x5F, 0x06, 0x77, 0x05,
  0xF0, 0x67, 0x70, 0x5F, 0x06, 0x77, 0x05, 0xF0, 0x67, 0x70, 0x5F, 0x06, 0x77, 0x05, 0xF0, 0x67,
  0x70, 0x5F, 0x06, 0x77, 0x05, 0xF0, 0x67, 0x38, 0x31, 0x48, 0xBE, 0xF9, 0x82, 0xB8, 0x51, 0x38,
  0x14, 0x9D, 0xFF, 0xB8, 0x2D, 0xA4, 0x8F, 0xFF, 0x09, 0x08, 0xFF, 0xF0, 0x90, 0x8F, 0xFF, 0x09,
  0x08, 0xFF, 0xF0, 0x90,
  // "J" (U+004A), RLE, 607 bytes saved (67.7%)
  0x77, 0x01, 0xF0, 0xA7, 0x70, 0x1F, 0x0A, 0x77, 0x01, 0xF0, 0xA7, 0x70, 0x1F, 0x0A, 0x77, 0x01,
  0xF0, 0xA7, 0x70, 0x1F, 0x0A, 0x77, 0x01, 0xF0, 0xA7, 0x70, 0x1F, 0x0A, 0x77, 0x01, 0xF0, 0xA7,
  0x70, 0x1F, 0x0A, 0x77, 0x01, 0xF0, 0xA7, 0x70, 0x1F, 0x0A, 0x77, 0x01, 0xF0, 0xA7, 0x70, 0x1F,
  0x0A, 0x77, 0x01, 0xF0, 0xA7, 0x70, 0x1F, 0x0A, 0x77, 0x01, 0xF0, 0xA7, 0x70, 0x1F, 0x0A, 0x77,
  0x01, 0xF0, 0xA7, 0x70, 0x1F, 0x0A, 0x77, 0x01, 0xF0, 0xA7, 0x70, 0x1F, 0x0A, 0x77, 0x01, 0xF0,
  0xA7, 0x70, 0x1F, 0x0A, 0x77, 0x01, 0xF0, 0xA7, 0x70, 0x1F, 0x0A, 0x77, 0x01, 0xF0, 0xA7, 0x70,
  0x1F, 0x0A, 0x77, 0x01, 0xF0, 0xA7, 0x70, 0x1F, 0x0A, 0x77, 0x01, 0xF0, 0xA7, 0x70, 0x1F, 0x0A,
  0x77, 0x01, 0xF0, 0xA7, 0x70, 0x1F, 0x0A, 0x77, 0x01, 0xF0, 0xA7, 0x70, 0x1F, 0x0A, 0x77, 0x01,
  0xF0, 0xA7, 0x70, 0x1F, 0x0A, 0x77, 0x01, 0xF0, 0xA7, 0x70, 0x1F, 0x0A, 0x77, 0x01, 0xF0, 0xA7,
  0x70, 0x1F, 0x0A, 0x77, 0x01, 0xF0, 0xA7, 0x70, 0x1F, 0x0A, 0x77, 0x01, 0xF0, 0xA7, 0x70, 0x1F,
  0x0A, 0x77, 0x01, 0xF0, 0xA7, 0x70, 0x1F, 0x0A, 0x77, 0x01, 0xF0, 0xA7, 0x70, 0x1F, 0x0A, 0x77,
  0x01, 0xF0, 0xA7, 0x70, 0x1F, 0x0A, 0x77, 0x01, 0xF0, 0xA7, 0x70, 0x1F, 0x0A, 0x77, 0x01, 0xF0,
  0xA7, 0x70, 0x1F, 0x0A, 0x77, 0x01, 0xF0, 0xA7, 0x70, 0x1F, 0x0A, 0x77, 0x01, 0xF0, 0xA7, 0x70,
  0x1F, 0x0A, 0x77, 0x01, 0xF0, 0x97, 0x70, 0x1F, 0x09, 0x77, 0x02, 0xF0, 0x87, 0x70, 0x3F, 0x07,
  0x77, 0x06, 0xF0, 0x57, 0x70, 0xAF, 0x02, 0x76, 0x01, 0x0E, 0xE0, 0xE7, 0x70, 0x8F, 0x09, 0x76,
  0x04, 0xF9, 0x04, 0x75, 0x06, 0xF9, 0x0C, 0x28, 0x91, 0x89, 0x63, 0x21, 0x01, 0x37, 0xDF, 0xA0,
  0x42, 0x0A, 0xFF, 0xC0, 0x93, 0x0A, 0xFF, 0xB0, 0xB4, 0x0A, 0xFF, 0xA0, 0xB5, 0x0A, 0xFF, 0x90,
  0x76, 0x0A, 0xFE, 0x0A, 0x02, 0x78, 0x13, 0x9D, 0xF8, 0x2E, 0xB6, 0x17, 0x68, 0x42, 0x34, 0x33,
  0x17, 0x60,
  // "K" (U+004B), RLE, 878 bytes saved (63.9%)
  0x0A, 0xF0, 0x17, 0x77, 0x40, 0x30, 0xEF, 0x81, 0xC0, 0xAF, 0x01, 0x77, 0x73, 0x02, 0x0E, 0xF8,
  0x2D, 0x10, 0xAF, 0x01, 0x77, 0x72, 0x01, 0x0D, 0xF0, 0xD0, 0x12, 0x0A, 0xF0, 0x17, 0x77, 0x20,
  0xCF, 0x0E, 0x02, 0x30, 0xAF, 0x01, 0x77, 0x71, 0x0B, 0xF9, 0x03, 0x40, 0xAF, 0x01, 0x77, 0x70,
  0x9F, 0x90, 0x45, 0x0A, 0xF0, 0x17, 0x76, 0x08, 0xF9, 0x06, 0x60, 0xAF, 0x01, 0x77, 0x50, 0x6F,
  0x90, 0x77, 0x0A, 0xF0, 0x17, 0x74, 0x05, 0xF9, 0x09, 0x71, 0x0A, 0xF0, 0x17, 0x73, 0x03, 0xF9,
  0x0A, 0x72, 0x0A, 0xF0, 0x17, 0x72, 0x02, 0x0E, 0xF0, 0xB7, 0x30, 0xAF, 0x01, 0x77, 0x10, 0x10,
  0xDF, 0x0C, 0x74, 0x0A, 0xF0, 0x17, 0x71, 0x0C, 0xF0, 0xD0, 0x17, 0x40, 0xAF, 0x01, 0x77, 0x0B,
  0xF0, 0xE0, 0x27, 0x50, 0xAF, 0x01, 0x76, 0x0A, 0xF0, 0xE0, 0x37, 0x60, 0xAF, 0x01, 0x75, 0x08,
  0xF9, 0x04, 0x77, 0x0A, 0xF0, 0x17, 0x40, 0x7F, 0x90, 0x57, 0x71, 0x0A, 0xF0, 0x17, 0x30, 0x5F,
  0x90, 0x67, 0x72, 0x0A, 0xF0, 0x17, 0x20, 0x4F, 0x90, 0x87, 0x73, 0x0A, 0xF0, 0x17, 0x10, 0x30,
  0xEF, 0x09, 0x77, 0x40, 0xAF, 0x01, 0x70, 0x20, 0xEF, 0x0A, 0x77, 0x50, 0xAF, 0x01, 0x60, 0x10,
  0xDF, 0x0B, 0x77, 0x60, 0xAF, 0x01, 0x60, 0xCF, 0x0C, 0x01, 0x77, 0x60, 0xAF, 0x01, 0x50, 0xBF,
  0x0D, 0x01, 0x77, 0x70, 0xAF, 0x01, 0x40, 0xAF, 0x0E, 0x02, 0x77, 0x71, 0x0A, 0xF0, 0x13, 0x09,
  0xF0, 0xE0, 0x37, 0x77, 0x20, 0xAF, 0x01, 0x20, 0x7F, 0x90, 0x47, 0x77, 0x30, 0xAF, 0x81, 0x10,
  0x5F, 0xA0, 0x67, 0x77, 0x30, 0xAF, 0x01, 0x04, 0xFC, 0x03, 0x77, 0x72, 0x0A, 0xF0, 0x40, 0xEF,
  0xC0, 0xD7, 0x77, 0x20, 0xAF, 0x0E, 0xFE, 0x0A, 0x77, 0x71, 0x0A, 0xFF, 0xF9, 0x06, 0x77, 0x70,
  0xAF, 0xD0, 0xC0, 0x6F, 0x90, 0xE0, 0x27, 0x76, 0x0A, 0xFC, 0x0A, 0x20, 0x9F, 0x90, 0xC7, 0x76,
  0x0A, 0xFB, 0x08, 0x40, 0xCF, 0x90, 0x97, 0x75, 0x0A, 0xFA, 0x06, 0x50, 0x20, 0xEF, 0x90, 0x57,
  0x74, 0x0A, 0xF0, 0xE0, 0x47, 0x05, 0xF9, 0x0E, 0x02, 0x77, 0x30, 0xAF, 0x03, 0x72, 0x09, 0xF9,
  0x0C, 0x77, 0x30, 0xAF, 0x01, 0x73, 0x0C, 0xF9, 0x08, 0x77, 0x20, 0xAF, 0x01, 0x73, 0x02, 0x0E,
  0xF9, 0x04, 0x77, 0x10, 0xAF, 0x01, 0x74, 0x05, 0xF9, 0x0E, 0x01, 0x77, 0x0A, 0xF0, 0x17, 0x50,
  0x8F, 0x90, 0xC7, 0x70, 0xAF, 0x01, 0x76, 0x0C, 0xF9, 0x08, 0x76, 0x0A, 0xF0, 0x17, 0x60, 0x10,
  0xEF, 0x90, 0x47, 0x50, 0xAF, 0x01, 0x77, 0x04, 0xF9, 0x0E, 0x01, 0x74, 0x0A, 0xF0, 0x17, 0x71,
  0x08, 0xF9, 0x0B, 0x74, 0x0A, 0xF0, 0x17, 0x72, 0x0C, 0xF9, 0x07, 0x73, 0x0A, 0xF0, 0x17, 0x72,
  0x01, 0x0E, 0xF9, 0x03, 0x72, 0x0A, 0xF0, 0x17, 0x73, 0x04, 0xF9, 0x0D, 0x01, 0x71, 0x0A, 0xF0,
  0x17, 0x74, 0x08, 0xF9, 0x0B, 0x71, 0x0A, 0xF0, 0x17, 0x75, 0x0B, 0xF9, 0x07, 0x70, 0xAF, 0x01,
  0x77, 0x50, 0x10, 0xEF, 0x90, 0x36, 0x0A, 0xF0, 0x17, 0x76, 0x04, 0xF9, 0x0D, 0x01, 0x50, 0xAF,
  0x01, 0x77, 0x70, 0x8F, 0x90, 0xA5, 0x0A, 0xF0, 0x17, 0x77, 0x10, 0xBF, 0x90, 0x64, 0x0A, 0xF0,
  0x17, 0x77, 0x10, 0x10, 0xEF, 0x90, 0x23, 0x0A, 0xF0, 0x17, 0x77, 0x20, 0x4F, 0x90, 0xD3, 0x0A,
  0xF0, 0x17, 0x77, 0x30, 0x7F, 0x90, 0x92, 0x0A, 0xF0, 0x17, 0x77, 0x40, 0xBF, 0x98, 0x15, 0x0A,
  0xF0, 0x17, 0x77, 0x40, 0x10, 0xEF, 0x81, 0xE2, 0xAF, 0x01, 0x77, 0x75, 0x04, 0xF9, 0x0C,
  // "L" (U+004C), RLE, 792 bytes saved (74.2%)
  0x0A, 0xF0, 0x17, 0x77, 0x50, 0xAF, 0x01, 0x77, 0x75, 0x0A, 0xF0, 0x17, 0x77, 0x50, 0xAF, 0x01,
  0x77, 0x75, 0x0A, 0xF0, 0x17, 0x77, 0x50, 0xAF, 0x01, 0x77, 0x75, 0x0A, 0xF0, 0x17, 0x77, 0x50,
  0xAF, 0x01, 0x77, 0x75, 0x0A, 0xF0, 0x17, 0x77, 0x50, 0xAF, 0x01, 0x77, 0x75, 0x0A, 0xF0, 0x17,
  0x77, 0x50, 0xAF, 0x01, 0x77, 0x75, 0x0A, 0xF0, 0x17, 0x77, 0x50, 0xAF, 0x01, 0x77, 0x75, 0x0A,
  0xF0, 0x17, 0x77, 0x50, 0xAF, 0x01, 0x77, 0x75, 0x0A, 0xF0, 0x17, 0x77, 0x50, 0xAF, 0x01, 0x77,
  0x75, 0x0A, 0xF0, 0x17, 0x77, 0x50, 0xAF, 0x01, 0x77, 0x75, 0x0A, 0xF0, 0x17, 0x77, 0x50, 0xAF,
  0x01, 0x77, 0x75, 0x0A, 0xF0, 0x17, 0x77, 0x50, 0xAF, 0x01, 0x77, 0x75, 0x0A, 0xF0, 0x17, 0x77,
  0x50, 0xAF, 0x01, 0x77, 0x75, 0x0A, 0xF0, 0x17, 0x77, 0x50, 0xAF, 0x01, 0x77, 0x75, 0x0A, 0xF0,
  0x17, 0x77, 0x50, 0xAF, 0x01, 0x77, 0x75, 0x0A, 0xF0, 0x17, 0x77, 0x50, 0xAF, 0x01, 0x77, 0x75,
  0x0A, 0xF0, 0x17, 0x77, 0x50, 0xAF, 0x01, 0x77, 0x75, 0x0A, 0xF0, 0x17, 0x77, 0x50, 0xAF, 0x01,
  0x77, 0x75, 0x0A, 0xF0, 0x17, 0x77, 0x50, 0xAF, 0x01, 0x77, 0x75, 0x0A, 0xF0, 0x17, 0x77, 0x50,
  0xAF, 0x01, 0x77, 0x75, 0x0A, 0xF0, 0x17, 0x77, 0x50, 0xAF, 0x01, 0x77, 0x75, 0x0A, 0xF0, 0x17,
  0x77, 0x50, 0xAF, 0x01, 0x77, 0x75, 0x0A, 0xF0, 0x17, 0x77, 0x50, 0xAF, 0x01, 0x77, 0x75, 0x0A,
  0xF0, 0x17, 0x77, 0x50, 0xAF, 0x01, 0x77, 0x75, 0x0A, 0xF0, 0x17, 0x77, 0x50, 0xAF, 0x01, 0x77,
  0x75, 0x0A, 0xF0, 0x17, 0x77, 0x50, 0xAF, 0x01, 0x77, 0x75, 0x0A, 0xF0, 0x17, 0x77, 0x50, 0xAF,
  0x01, 0x77, 0x75, 0x0A, 0xF0, 0x58, 0x0A, 0x54, 0x03, 0x0A, 0xFF, 0xFF, 0xD0, 0xE0, 0xAF, 0xFF,
  0xFD, 0x0E, 0x0A, 0xFF, 0xFF, 0xD0, 0xE0, 0xAF, 0xFF, 0xFD, 0x0E, 0x0A, 0xFF, 0xFF, 0xD0, 0xE0,
  0xAF, 0xFF, 0xFD, 0x0E,
  // "M" (U+004D), RLE, 1239 bytes saved (65.5%)
  0x0A, 0xFB, 0x0E, 0x80, 0xC2, 0x00, 0xDF, 0xB0, 0x0A, 0xFC, 0x05, 0x80, 0xC0, 0x00, 0x4F, 0xC0,
  0x0A, 0xFC, 0x0B, 0x80, 0xC0, 0x00, 0xAF, 0xC0, 0x0A, 0xFD, 0x01, 0x77, 0x77, 0x60, 0x1F, 0xD0,
  0x0A, 0xFD, 0x07, 0x77, 0x77, 0x60, 0x6F, 0xD0, 0x0A, 0xFD, 0x0D, 0x77, 0x77, 0x60, 0xCF, 0xD0,
  0x0A, 0xFE, 0x03, 0x77, 0x77, 0x40, 0x2F, 0xE0, 0x0A, 0xFE, 0x09, 0x77, 0x77, 0x40, 0x8F, 0xE0,
  0x0A, 0xD0, 0xE0, 0x8E, 0x0E, 0x77, 0x77, 0x40, 0xEE, 0x08, 0xE0, 0x0A, 0xE0, 0x3F, 0x05, 0x77,
  0x77, 0x20, 0x5E, 0x0A, 0x07, 0xE0, 0x0A, 0xE0, 0x10, 0xCE, 0x0B, 0x77, 0x77, 0x20, 0xBE, 0x04,
  0x08, 0xE0, 0x0A, 0xE0, 0x20, 0x6F, 0x02, 0x77, 0x77, 0x01, 0xE8, 0x1E, 0x09, 0xE0, 0x0A, 0xE0,
  0x30, 0x1F, 0x07, 0x77, 0x77, 0x07, 0xE8, 0x18, 0x0A, 0xE0, 0x0A, 0xE8, 0x13, 0x0A, 0xE0, 0xD7,
  0x77, 0x70, 0xDE, 0x81, 0x20, 0xAE, 0x00, 0xAE, 0x81, 0x40, 0x4F, 0x04, 0x77, 0x75, 0x04, 0xE0,
  0xB2, 0x0B, 0xE0, 0x0A, 0xE0, 0x52, 0x0D, 0xE0, 0x97, 0x77, 0x50, 0xAE, 0x05, 0x20, 0xCE, 0x00,
  0xAE, 0x05, 0x20, 0x8E, 0x0E, 0x77, 0x74, 0x01, 0xE0, 0xE3, 0x0C, 0xE0, 0x0A, 0xE0, 0x52, 0x02,
  0xF0, 0x67, 0x77, 0x30, 0x6E, 0x09, 0x30, 0xDE, 0x00, 0xAE, 0x06, 0x30, 0xBE, 0x0B, 0x77, 0x73,
  0x0C, 0xE0, 0x33, 0x0D, 0xE0, 0x0A, 0xE0, 0x63, 0x05, 0xF0, 0x27, 0x77, 0x10, 0x2E, 0x0D, 0x40,
  0xDE, 0x00, 0xAE, 0x06, 0x40, 0xEE, 0x08, 0x77, 0x71, 0x08, 0xE0, 0x74, 0x0E, 0xE0, 0x0A, 0xE0,
  0x74, 0x09, 0xE0, 0xD7, 0x77, 0x10, 0xEE, 0x01, 0x40, 0xEE, 0x00, 0xAE, 0x07, 0x40, 0x3F, 0x04,
  0x77, 0x60, 0x5E, 0x0A, 0x5F, 0x00, 0xAE, 0x07, 0x50, 0xDE, 0x0A, 0x77, 0x60, 0xBE, 0x04, 0x5F,
  0x00, 0xAE, 0x07, 0x50, 0x7F, 0x01, 0x77, 0x40, 0x1E, 0x0D, 0x6F, 0x00, 0xAE, 0x07, 0x50, 0x1F,
  0x06, 0x77, 0x40, 0x7E, 0x08, 0x6F, 0x00, 0xAE, 0x07, 0x60, 0xBE, 0x0C, 0x77, 0x40, 0xDE, 0x02,
  0x6F, 0x00, 0xAE, 0x07, 0x60, 0x5F, 0x02, 0x77, 0x20, 0x4E, 0x0B, 0x7F, 0x00, 0xAE, 0x07, 0x70,
  0xEE, 0x08, 0x77, 0x20, 0xAE, 0x05, 0x7F, 0x00, 0xAE, 0x07, 0x70, 0x8E, 0x0E, 0x77, 0x10, 0x1E,
  0x0E, 0x71, 0xF0, 0x0A, 0xE0, 0x77, 0x02, 0xF0, 0x47, 0x70, 0x6E, 0x09, 0x71, 0xF0, 0x0A, 0xE0,
  0x77, 0x10, 0xCE, 0x0A, 0x77, 0x0C, 0xE0, 0x37, 0x1F, 0x00, 0xAE, 0x07, 0x71, 0x06, 0xF0, 0x17,
  0x50, 0x3E, 0x0C, 0x72, 0xF0, 0x0A, 0xE0, 0x77, 0x10, 0x1F, 0x06, 0x75, 0x09, 0xE0, 0x67, 0x2F,
  0x00, 0xAE, 0x07, 0x72, 0x0A, 0xE0, 0xC7, 0x50, 0xEE, 0x01, 0x72, 0xF0, 0x0A, 0xE0, 0x77, 0x20,
  0x4F, 0x03, 0x73, 0x05, 0xE0, 0xA7, 0x3F, 0x00, 0xAE, 0x07, 0x73, 0x0D, 0xE0, 0x87, 0x30, 0xBE,
  0x04, 0x73, 0xF0, 0x0A, 0xE0, 0x77, 0x30, 0x8E, 0x0E, 0x72, 0x01, 0xE0, 0xD7, 0x4F, 0x00, 0xAE,
  0x07, 0x73, 0x02, 0xF0, 0x57, 0x10, 0x7E, 0x07, 0x74, 0xF0, 0x0A, 0xE0, 0x77, 0x40, 0xBE, 0x0A,
  0x71, 0x0D, 0xE0, 0x17, 0x4F, 0x00, 0xAE, 0x07, 0x74, 0x05, 0xF0, 0x16, 0x04, 0xE0, 0xB7, 0x5F,
  0x00, 0xAE, 0x07, 0x75, 0x0E, 0xE0, 0x76, 0x0A, 0xE0, 0x57, 0x5F, 0x00, 0xAE, 0x07, 0x75, 0x09,
  0xE0, 0xD5, 0x01, 0xE0, 0xE7, 0x6F, 0x00, 0xAE, 0x07, 0x75, 0x03, 0xF0, 0x34, 0x06, 0xE0, 0x87,
  0x6F, 0x00, 0xAE, 0x07, 0x76, 0x0D, 0xE0, 0x94, 0x0C, 0xE0, 0x27, 0x6F, 0x00, 0xAE, 0x07, 0x76,
  0x07, 0xE0, 0xE3, 0x03, 0xE0, 0xC7, 0x7F, 0x00, 0xAE, 0x07, 0x76, 0x01, 0xF0, 0x52, 0x09, 0xE0,
  0x67, 0x7F, 0x00, 0xAE, 0x07, 0x77, 0x0B, 0xE0, 0xB2, 0x0E, 0xD0, 0xE7, 0x71, 0xF0, 0x0A, 0xE0,
  0x77, 0x70, 0x5F, 0x01, 0x05, 0xE0, 0x97, 0x71, 0xF0, 0x0A, 0xE0, 0x77, 0x71, 0x0E, 0xE0, 0x70,
  0xBE, 0x03, 0x77, 0x1F, 0x00, 0xAE, 0x07, 0x77, 0x10, 0x8F, 0xE0, 0xD7, 0x72, 0xF0, 0x0A, 0xE0,
  0x77, 0x71, 0x02, 0xFE, 0x07, 0x77, 0x2F, 0x00, 0xAE, 0x07, 0x77, 0x20, 0xCF, 0xD0, 0x17, 0x72,
  0xF0, 0x0A, 0xE0, 0x77, 0x72, 0x06, 0xFC, 0x0A, 0x77, 0x3F, 0x00, 0xAE, 0x07, 0x77, 0x20, 0x1F,
  0xC0, 0x47, 0x73, 0xF0, 0x0A, 0xE0, 0x77, 0x73, 0x0A, 0xFA, 0x0E, 0x77, 0x4F, 0x00, 0xAE, 0x07,
  0x77, 0x30, 0x4F, 0xA0, 0x87, 0x74, 0xF0, 0x0A, 0xE0, 0x77, 0x74, 0x0D, 0xF9, 0x02, 0x77, 0x4F,
  0x00, 0xAE, 0x07, 0x77, 0x40, 0x8F, 0x0B, 0x77, 0x5F, 0x00, 0xAE, 0x07, 0x77, 0x40, 0x2F, 0x05,
  0x77, 0x5F, 0x00, 0xAE, 0x07, 0x77, 0x50, 0xBD, 0x0E, 0x77, 0x6F, 0x0A,
  // "N" (U+004E), RLE, 984 bytes saved (65.8%)
  0x0A, 0xF9, 0x09, 0x77, 0x77, 0x30, 0x3F, 0x0A, 0xFA, 0x03, 0x77, 0x77, 0x20, 0x3F, 0x0A, 0xFA,
  0x0D, 0x77, 0x77, 0x20, 0x3F, 0x0A, 0xFB, 0x08, 0x77, 0x77, 0x10, 0x3F, 0x0A, 0xFC, 0x03, 0x77,
  0x77, 0x03, 0xF0, 0xAF, 0xC0, 0xC7, 0x77, 0x70, 0x3F, 0x0A, 0xFD, 0x07, 0x77, 0x76, 0x03, 0xF0,
  0xAF, 0xE0, 0x27, 0x77, 0x50, 0x3F, 0x0A, 0xFE, 0x0B, 0x77, 0x75, 0x03, 0xF0, 0xAF, 0xF0, 0x67,
  0x77, 0x40, 0x3F, 0x0A, 0xD0, 0x0E, 0xF0, 0xE0, 0x17, 0x77, 0x30, 0x3F, 0x0A, 0xD0, 0xD0, 0x5F,
  0x90, 0xA7, 0x77, 0x30, 0x3F, 0x0A, 0xD8, 0x1D, 0x0B, 0xF9, 0x05, 0x77, 0x72, 0x03, 0xF0, 0xAD,
  0x82, 0xE0, 0x1E, 0xF0, 0xE0, 0x17, 0x77, 0x10, 0x3F, 0x0A, 0xE2, 0x06, 0xF9, 0x09, 0x77, 0x71,
  0x03, 0xF0, 0xAE, 0x01, 0x20, 0xBF, 0x90, 0x47, 0x77, 0x03, 0xF0, 0xAE, 0x01, 0x20, 0x20, 0xEF,
  0x0D, 0x77, 0x70, 0x3F, 0x0A, 0xE0, 0x23, 0x07, 0xF9, 0x08, 0x77, 0x60, 0x3F, 0x0A, 0xE0, 0x34,
  0x0C, 0xF9, 0x03, 0x77, 0x50, 0x3F, 0x0A, 0xE0, 0x44, 0x02, 0xF9, 0x0C, 0x77, 0x50, 0x3F, 0x0A,
  0xE0, 0x55, 0x07, 0xF9, 0x07, 0x77, 0x40, 0x3F, 0x0A, 0xE0, 0x56, 0x0C, 0xF9, 0x02, 0x77, 0x30,
  0x3F, 0x0A, 0xE0, 0x66, 0x03, 0xF9, 0x0C, 0x77, 0x30, 0x3F, 0x0A, 0xE0, 0x67, 0x08, 0xF9, 0x06,
  0x77, 0x20, 0x3F, 0x0A, 0xE0, 0x67, 0x10, 0xDF, 0x0E, 0x01, 0x77, 0x10, 0x3F, 0x0A, 0xE0, 0x77,
  0x10, 0x3F, 0x90, 0xB7, 0x71, 0x03, 0xF0, 0xAE, 0x07, 0x72, 0x08, 0xF9, 0x05, 0x77, 0x03, 0xF0,
  0xAE, 0x07, 0x73, 0x0D, 0xF0, 0xE0, 0x17, 0x60, 0x3F, 0x0A, 0xE0, 0x77, 0x30, 0x4F, 0x90, 0xA7,
  0x60, 0x3F, 0x0A, 0xE0, 0x77, 0x40, 0x9F, 0x90, 0x47, 0x50, 0x3F, 0x0A, 0xE0, 0x77, 0x50, 0xDF,
  0x0D, 0x75, 0x03, 0xF0, 0xAE, 0x07, 0x75, 0x04, 0xF9, 0x09, 0x74, 0x03, 0xF0, 0xAE, 0x07, 0x76,
  0x0A, 0xF9, 0x03, 0x73, 0x03, 0xF0, 0xAE, 0x07, 0x76, 0x01, 0x0E, 0xF0, 0xD7, 0x30, 0x3F, 0x0A,
  0xE0, 0x77, 0x70, 0x5F, 0x90, 0x87, 0x20, 0x3F, 0x0A, 0xE0, 0x77, 0x71, 0x0A, 0xF9, 0x02, 0x71,
  0x03, 0xF0, 0xAE, 0x07, 0x77, 0x10, 0x10, 0xEF, 0x0C, 0x71, 0x02, 0xF0, 0xAE, 0x07, 0x77, 0x20,
  0x5F, 0x90, 0x77, 0x02, 0xF0, 0xAE, 0x07, 0x77, 0x30, 0xBF, 0x0E, 0x02, 0x60, 0x2F, 0x0A, 0xE0,
  0x77, 0x73, 0x01, 0x0E, 0xF0, 0xB6, 0x01, 0xF0, 0xAE, 0x07, 0x77, 0x40, 0x6F, 0x90, 0x65, 0x01,
  0xF0, 0xAE, 0x07, 0x77, 0x50, 0xBF, 0x0E, 0x01, 0x5F, 0x0A, 0xE0, 0x77, 0x75, 0x02, 0x0E, 0xF0,
  0xA5, 0xF0, 0xAE, 0x07, 0x77, 0x60, 0x7F, 0x90, 0x54, 0xF0, 0xAE, 0x07, 0x77, 0x70, 0xCF, 0x0D,
  0x01, 0x30, 0xEE, 0x0A, 0xE0, 0x77, 0x77, 0x02, 0xF9, 0x09, 0x30, 0xDE, 0x0A, 0xE0, 0x77, 0x77,
  0x10, 0x7F, 0x90, 0x42, 0x0D, 0xE0, 0xAE, 0x07, 0x77, 0x72, 0x0C, 0xF0, 0xD2, 0x0C, 0xE0, 0xAE,
  0x07, 0x77, 0x72, 0x03, 0xF9, 0x81, 0x80, 0xBE, 0x0A, 0xE0, 0x77, 0x77, 0x30, 0x8F, 0x90, 0x30,
  0xAE, 0x0A, 0xE0, 0x77, 0x77, 0x40, 0xDF, 0x0C, 0x0A, 0xE0, 0xAE, 0x07, 0x77, 0x74, 0x03, 0xFF,
  0x90, 0xAE, 0x07, 0x77, 0x75, 0x08, 0xFF, 0x0A, 0xE0, 0x77, 0x77, 0x60, 0xDF, 0xE0, 0xAE, 0x07,
  0x77, 0x76, 0x04, 0xFE, 0x0A, 0xE0, 0x77, 0x77, 0x70, 0x9F, 0xD0, 0xAE, 0x07, 0x77, 0x77, 0x10,
  0xDF, 0xC0, 0xAE, 0x07, 0x77, 0x77, 0x10, 0x4F, 0xC0, 0xAE, 0x07, 0x77, 0x77, 0x20, 0xAF, 0xB0,
  0xAE, 0x07, 0x77, 0x77, 0x20, 0x10, 0xEF, 0xA0, 0xAE, 0x07, 0x77, 0x77, 0x30, 0x5F, 0xA0,
  // "O" (U+004F), RLE, 1241 bytes saved (69.1%)
  0x77, 0x68, 0x97, 0x14, 0x79, 0xBC, 0xDE, 0xFE, 0xDD, 0xCA, 0x75, 0x28, 0x0C, 0x10, 0x81, 0x38,
  0xDF, 0xFB, 0x81, 0xE9, 0x37, 0x77, 0x74, 0x07, 0x0D, 0xFF, 0xFA, 0x0E, 0x07, 0x77, 0x77, 0x06,
  0x0E, 0xFF, 0xFE, 0x0E, 0x06, 0x77, 0x73, 0x02, 0x0C, 0xFF, 0xFF, 0xB0, 0xC0, 0x27, 0x77, 0x06,
  0x0E, 0xFF, 0xFF, 0xE0, 0x67, 0x75, 0x09, 0xFE, 0x89, 0x2C, 0x97, 0x55, 0x44, 0x56, 0x8A, 0xEF,
  0xD0, 0x97, 0x73, 0x09, 0xFB, 0x81, 0xEA, 0x47, 0x68, 0x12, 0x7D, 0xFB, 0x09, 0x77, 0x10, 0x9F,
  0xB0, 0x80, 0x17, 0x74, 0x05, 0x0D, 0xFA, 0x09, 0x76, 0x05, 0xFA, 0x0C, 0x02, 0x77, 0x71, 0x08,
  0xFA, 0x05, 0x74, 0x02, 0x0E, 0xF9, 0x09, 0x77, 0x74, 0x05, 0xF9, 0x0E, 0x02, 0x73, 0x0C, 0xF9,
  0x09, 0x77, 0x76, 0x04, 0xF9, 0x0C, 0x72, 0x05, 0xF9, 0x0B, 0x77, 0x77, 0x10, 0x6F, 0x90, 0x67,
  0x10, 0xDF, 0x0E, 0x01, 0x77, 0x77, 0x20, 0xBF, 0x0E, 0x70, 0x6F, 0x90, 0x57, 0x77, 0x73, 0x01,
  0x0E, 0xF0, 0x76, 0x0D, 0xF0, 0xC7, 0x77, 0x75, 0x08, 0xF0, 0xE5, 0x03, 0xF9, 0x04, 0x77, 0x77,
  0x50, 0x10, 0xEF, 0x04, 0x40, 0x9F, 0x0C, 0x77, 0x77, 0x70, 0x9F, 0x0A, 0x40, 0xEF, 0x06, 0x77,
  0x77, 0x70, 0x3F, 0x90, 0x12, 0x03, 0xF9, 0x01, 0x80, 0xC0, 0x00, 0xDF, 0x05, 0x20, 0x7F, 0x0C,
  0x80, 0xC1, 0x00, 0x8F, 0x09, 0x20, 0xBF, 0x08, 0x80, 0xC1, 0x00, 0x5F, 0x0D, 0x20, 0xEF, 0x04,
  0x80, 0xC1, 0x00, 0x1F, 0x90, 0x01, 0xF9, 0x01, 0x80, 0xC2, 0x00, 0xDF, 0x00, 0x3F, 0x0E, 0x80,
  0xC3, 0x00, 0xBF, 0x06, 0x05, 0xF0, 0xC8, 0x0C, 0x30, 0x09, 0xF0, 0x80, 0x7F, 0x0A, 0x80, 0xC3,
  0x00, 0x7F, 0x0A, 0x09, 0xF0, 0x98, 0x0C, 0x30, 0x06, 0xF0, 0xB0, 0x9F, 0x07, 0x80, 0xC3, 0x00,
  0x5F, 0x0C, 0x0A, 0xF0, 0x78, 0x0C, 0x30, 0x04, 0xF0, 0xC0, 0xBF, 0x06, 0x80, 0xC3, 0x00, 0x4F,
  0x0D, 0x0B, 0xF0, 0x68, 0x0C, 0x30, 0x04, 0xF0, 0xE0, 0xAF, 0x06, 0x80, 0xC3, 0x00, 0x4F, 0x0D,
  0x0A, 0xF0, 0x78, 0x0C, 0x30, 0x04, 0xF0, 0xC0, 0x9F, 0x08, 0x80, 0xC3, 0x00, 0x5F, 0x0C, 0x09,
  0xF0, 0x98, 0x0C, 0x30, 0x06, 0xF0, 0xB0, 0x7F, 0x0A, 0x80, 0xC3, 0x00, 0x7F, 0x0A, 0x05, 0xF0,
  0xC8, 0x0C, 0x30, 0x09, 0xF0, 0x80, 0x3F, 0x0E, 0x80, 0xC3, 0x00, 0xCF, 0x05, 0x01, 0xF9, 0x01,
  0x80, 0xC2, 0x00, 0xEF, 0x81, 0x30, 0xEF, 0x05, 0x80, 0xC1, 0x00, 0x2F, 0x98, 0x11, 0x0A, 0xF0,
  0x88, 0x0C, 0x10, 0x05, 0xF0, 0xC2, 0x06, 0xF0, 0xC8, 0x0C, 0x10, 0x09, 0xF0, 0x82, 0x03, 0xF9,
  0x01, 0x80, 0xC0, 0x00, 0xEF, 0x04, 0x30, 0xEF, 0x07, 0x77, 0x77, 0x70, 0x4F, 0x90, 0x13, 0x08,
  0xF0, 0xD7, 0x77, 0x77, 0x0A, 0xF0, 0xA4, 0x03, 0xF9, 0x04, 0x77, 0x77, 0x50, 0x1F, 0x90, 0x45,
  0x0D, 0xF0, 0xC7, 0x77, 0x75, 0x09, 0xF0, 0xD6, 0x06, 0xF9, 0x05, 0x77, 0x77, 0x30, 0x2F, 0x90,
  0x67, 0x0D, 0xF0, 0xE0, 0x17, 0x77, 0x72, 0x0B, 0xF0, 0xD7, 0x10, 0x5F, 0x90, 0xB7, 0x77, 0x71,
  0x07, 0xF9, 0x05, 0x72, 0x0C, 0xF9, 0x09, 0x77, 0x76, 0x05, 0xF9, 0x0C, 0x73, 0x02, 0x0E, 0xF9,
  0x09, 0x77, 0x74, 0x06, 0xF9, 0x0E, 0x01, 0x74, 0x05, 0xFA, 0x0C, 0x02, 0x77, 0x71, 0x09, 0xFA,
  0x05, 0x76, 0x08, 0xFA, 0x81, 0xE8, 0x17, 0x74, 0x05, 0x0D, 0xFA, 0x08, 0x77, 0x10, 0x9F, 0xB8,
  0x1E, 0x94, 0x76, 0x81, 0x28, 0xDF, 0xB0, 0x87, 0x73, 0x09, 0xFE, 0x89, 0x2B, 0x97, 0x55, 0x44,
  0x56, 0x8B, 0xEF, 0xD0, 0x87, 0x75, 0x06, 0xFF, 0xFF, 0xE0, 0xE0, 0x57, 0x77, 0x02, 0x0D, 0xFF,
  0xFF, 0xB0, 0xC0, 0x27, 0x77, 0x30, 0x60, 0xEF, 0xFF, 0xE0, 0xD0, 0x67, 0x77, 0x70, 0x70, 0xDF,
  0xFF, 0xA0, 0xD0, 0x77, 0x77, 0x74, 0x81, 0x38, 0xDF, 0xFB, 0x81, 0xD8, 0x38, 0x0C, 0x10, 0x89,
  0x71, 0x47, 0xAC, 0xCD, 0xEF, 0xED, 0xDC, 0xA7, 0x42, 0x77, 0x60,
  // "P" (U+0050), RLE, 824 bytes saved (67.5%)
  0x0A, 0xFF, 0xB8, 0x6E, 0xED, 0xBA, 0x85, 0x27, 0x70, 0xAF, 0xFF, 0xC8, 0x1E, 0xA5, 0x74, 0x0A,
  0xFF, 0xFF, 0x81, 0xE8, 0x17, 0x10, 0xAF, 0xFF, 0xFA, 0x0E, 0x07, 0x70, 0xAF, 0xFF, 0xFC, 0x0C,
  0x01, 0x50, 0xAF, 0xFF, 0xFD, 0x0D, 0x02, 0x40, 0xAF, 0x05, 0x80, 0x54, 0x83, 0x57, 0x8B, 0xEF,
  0xD0, 0xD0, 0x13, 0x0A, 0xF0, 0x17, 0x78, 0x12, 0x7D, 0xFB, 0x0A, 0x30, 0xAF, 0x01, 0x77, 0x30,
  0x50, 0xEF, 0xA0, 0x52, 0x0A, 0xF0, 0x17, 0x74, 0x01, 0x0C, 0xF9, 0x0D, 0x20, 0xAF, 0x01, 0x77,
  0x50, 0x10, 0xCF, 0x98, 0x15, 0x0A, 0xF0, 0x17, 0x76, 0x02, 0xF9, 0x81, 0xA0, 0xAF, 0x01, 0x77,
  0x70, 0x8F, 0x81, 0xE0, 0xAF, 0x01, 0x77, 0x70, 0x2F, 0x90, 0x30, 0xAF, 0x01, 0x77, 0x71, 0x0D,
  0xF0, 0x60, 0xAF, 0x01, 0x77, 0x71, 0x09, 0xF0, 0x80, 0xAF, 0x01, 0x77, 0x71, 0x07, 0xF0, 0x90,
  0xAF, 0x01, 0x77, 0x71, 0x06, 0xF0, 0x90, 0xAF, 0x01, 0x77, 0x71, 0x05, 0xF0, 0x90, 0xAF, 0x01,
  0x77, 0x71, 0x06, 0xF0, 0x80, 0xAF, 0x01, 0x77, 0x71, 0x08, 0xF0, 0x70, 0xAF, 0x01, 0x77, 0x71,
  0x0A, 0xF0, 0x40, 0xAF, 0x01, 0x77, 0x71, 0x0E, 0xF0, 0x10, 0xAF, 0x01, 0x77, 0x70, 0x3F, 0x81,
  0xC0, 0xAF, 0x01, 0x77, 0x70, 0xAF, 0x81, 0x70, 0xAF, 0x01, 0x77, 0x60, 0x4F, 0x98, 0x12, 0x0A,
  0xF0, 0x17, 0x75, 0x02, 0x0E, 0xF0, 0xA2, 0x0A, 0xF0, 0x17, 0x74, 0x04, 0x0E, 0xF9, 0x02, 0x20,
  0xAF, 0x01, 0x77, 0x20, 0x20, 0xAF, 0xA0, 0x83, 0x0A, 0xF0, 0x17, 0x68, 0x12, 0x6B, 0xFB, 0x0C,
  0x40, 0xAF, 0x05, 0x80, 0x34, 0x84, 0x56, 0x79, 0xBE, 0xFD, 0x0D, 0x01, 0x40, 0xAF, 0xFF, 0xFC,
  0x0C, 0x01, 0x50, 0xAF, 0xFF, 0xFB, 0x09, 0x70, 0xAF, 0xFF, 0xF9, 0x0C, 0x03, 0x71, 0x0A, 0xFF,
  0xFE, 0x0C, 0x05, 0x73, 0x0A, 0xFF, 0xFB, 0x81, 0xC8, 0x27, 0x50, 0xAF, 0xF9, 0x86, 0xEE, 0xDC,
  0xA8, 0x64, 0x77, 0x20, 0xAF, 0x01, 0x77, 0x77, 0x30, 0xAF, 0x01, 0x77, 0x77, 0x30, 0xAF, 0x01,
  0x77, 0x77, 0x30, 0xAF, 0x01, 0x77, 0x77, 0x30, 0xAF, 0x01, 0x77, 0x77, 0x30, 0xAF, 0x01, 0x77,
  0x77, 0x30, 0xAF, 0x01, 0x77, 0x77, 0x30, 0xAF, 0x01, 0x77, 0x77, 0x30, 0xAF, 0x01, 0x77, 0x77,
  0x30, 0xAF, 0x01, 0x77, 0x77, 0x30, 0xAF, 0x01, 0x77, 0x77, 0x30, 0xAF, 0x01, 0x77, 0x77, 0x30,
  0xAF, 0x01, 0x77, 0x77, 0x30, 0xAF, 0x01, 0x77, 0x77, 0x30, 0xAF, 0x01, 0x77, 0x77, 0x30, 0xAF,
  0x01, 0x77, 0x77, 0x30, 0xAF, 0x01, 0x77, 0x77, 0x30, 0xAF, 0x01, 0x77, 0x77, 0x30, 0xAF, 0x01,
  0x77, 0x77, 0x30, 0xAF, 0x01, 0x77, 0x77, 0x30, 0xAF, 0x01, 0x77, 0x77, 0x30, 0xAF, 0x01, 0x77,
  0x77, 0x30, 0xAF, 0x01, 0x77, 0x77, 0x30, 0xAF, 0x01, 0x77, 0x77, 0x30,
  // "Q" (U+0051), RLE, 1563 bytes saved (71.2%)
  0x77, 0x68, 0x97, 0x14, 0x79, 0xBC, 0xDE, 0xFE, 0xDD, 0xCA, 0x75, 0x28, 0x0C, 0x10, 0x81, 0x38,
  0xDF, 0xFB, 0x81, 0xE9, 0x37, 0x77, 0x74, 0x07, 0x0D, 0xFF, 0xFA, 0x0E, 0x07, 0x77, 0x77, 0x06,
  0x0E, 0xFF, 0xFE, 0x0E, 0x06, 0x77, 0x73, 0x02, 0x0C, 0xFF, 0xFF, 0xB0, 0xC0, 0x27, 0x77, 0x06,
  0x0E, 0xFF, 0xFF, 0xD0, 0xE0, 0x67, 0x75, 0x09, 0xFE, 0x89, 0x2C, 0x97, 0x55, 0x44, 0x56, 0x8A,
  0xEF, 0xD0, 0x87, 0x73, 0x09, 0xFB, 0x81, 0xEA, 0x47, 0x68, 0x12, 0x7D, 0xFB, 0x09, 0x77, 0x10,
  0x9F, 0xB0, 0x80, 0x17, 0x74, 0x05, 0x0D, 0xFA, 0x08, 0x76, 0x05, 0xFA, 0x0C, 0x02, 0x77, 0x71,
  0x08, 0xFA, 0x05, 0x74, 0x02, 0x0E, 0xF9, 0x09, 0x77, 0x74, 0x05, 0xF9, 0x0E, 0x02, 0x73, 0x0C,
  0xF9, 0x09, 0x77, 0x76, 0x04, 0xF9, 0x0C, 0x72, 0x05, 0xF9, 0x0B, 0x77, 0x77, 0x10, 0x6F, 0x90,
  0x67, 0x10, 0xDF, 0x0E, 0x01, 0x77, 0x77, 0x20, 0xBF, 0x0D, 0x70, 0x6F, 0x90, 0x57, 0x77, 0x73,
  0x01, 0x0E, 0xF0, 0x76, 0x0D, 0xF0, 0xC7, 0x77, 0x75, 0x08, 0xF0, 0xD5, 0x03, 0xF9, 0x04, 0x77,
  0x77, 0x50, 0x10, 0xEF, 0x04, 0x40, 0x9F, 0x0C, 0x77, 0x77, 0x70, 0x9F, 0x0A, 0x40, 0xEF, 0x06,
  0x77, 0x77, 0x70, 0x3F, 0x90, 0x12, 0x03, 0xF9, 0x01, 0x80, 0xC0, 0x00, 0xDF, 0x05, 0x20, 0x7F,
  0x0C, 0x80, 0xC1, 0x00, 0x8F, 0x09, 0x20, 0xBF, 0x08, 0x80, 0xC1, 0x00, 0x5F, 0x0C, 0x20, 0xEF,
  0x04, 0x80, 0xC1, 0x00, 0x1F, 0x90, 0x01, 0xF9, 0x01, 0x80, 0xC2, 0x00, 0xDF, 0x00, 0x3F, 0x0E,
  0x80, 0xC3, 0x00, 0xBF, 0x00, 0x5F, 0x0C, 0x80, 0xC3, 0x00, 0x9F, 0x08, 0x07, 0xF0, 0xA8, 0x0C,
  0x30, 0x07, 0xF0, 0xA0, 0x9F, 0x09, 0x80, 0xC3, 0x00, 0x6F, 0x0B, 0x09, 0xF0, 0x78, 0x0C, 0x30,
  0x05, 0xF0, 0xC0, 0xAF, 0x07, 0x80, 0xC3, 0x00, 0x4F, 0x0C, 0x0B, 0xF0, 0x68, 0x0C, 0x30, 0x04,
  0xF0, 0xD0, 0xBF, 0x06, 0x80, 0xC3, 0x00, 0x4F, 0x0E, 0x0A, 0xF0, 0x68, 0x0C, 0x30, 0x04, 0xF0,
  0xD0, 0xAF, 0x07, 0x80, 0xC3, 0x00, 0x4F, 0x0D, 0x09, 0xF0, 0x88, 0x0C, 0x30, 0x05, 0xF0, 0xC0,
  0x9F, 0x09, 0x80, 0xC3, 0x00, 0x6F, 0x0B, 0x07, 0xF0, 0xA8, 0x0C, 0x30, 0x07, 0xF0, 0xA0, 0x5F,
  0x0C, 0x80, 0xC3, 0x00, 0x9F, 0x08, 0x03, 0xF0, 0xE8, 0x0C, 0x30, 0x0C, 0xF0, 0x60, 0x1F, 0x90,
  0x18, 0x0C, 0x20, 0x0E, 0xF8, 0x14, 0x0E, 0xF0, 0x58, 0x0C, 0x10, 0x02, 0xF9, 0x81, 0x10, 0xAF,
  0x08, 0x80, 0xC1, 0x00, 0x5F, 0x0D, 0x20, 0x6F, 0x0C, 0x80, 0xC1, 0x00, 0x9F, 0x09, 0x20, 0x3F,
  0x90, 0x18, 0x0C, 0x00, 0x0E, 0xF0, 0x53, 0x0E, 0xF0, 0x77, 0x77, 0x77, 0x04, 0xF9, 0x01, 0x30,
  0x8F, 0x0D, 0x77, 0x77, 0x70, 0xAF, 0x0B, 0x40, 0x3F, 0x90, 0x47, 0x77, 0x75, 0x01, 0xF9, 0x05,
  0x50, 0xDF, 0x0C, 0x77, 0x77, 0x50, 0x9F, 0x0E, 0x60, 0x6F, 0x90, 0x57, 0x77, 0x73, 0x02, 0xF9,
  0x08, 0x70, 0xDF, 0x0E, 0x01, 0x77, 0x77, 0x20, 0xBF, 0x0E, 0x01, 0x70, 0x5F, 0x90, 0xB7, 0x77,
  0x71, 0x07, 0xF9, 0x07, 0x72, 0x0C, 0xF9, 0x09, 0x77, 0x76, 0x05, 0xF9, 0x0D, 0x73, 0x02, 0x0E,
  0xF9, 0x09, 0x77, 0x74, 0x06, 0xFA, 0x04, 0x74, 0x05, 0xFA, 0x0C, 0x02, 0x77, 0x71, 0x09, 0xFA,
  0x07, 0x76, 0x08, 0xFA, 0x81, 0xE8, 0x17, 0x74, 0x05, 0x0D, 0xFA, 0x0A, 0x77, 0x10, 0x9F, 0xB8,
  0x1E, 0x94, 0x76, 0x81, 0x28, 0xDF, 0xB0, 0xB7, 0x73, 0x09, 0xFE, 0x89, 0x2B, 0x97, 0x55, 0x44,
  0x56, 0x8B, 0xEF, 0xD0, 0xB7, 0x75, 0x06, 0xFF, 0xFF, 0xF0, 0x97, 0x77, 0x02, 0x0D, 0xFF, 0xFF,
  0xB0, 0xE0, 0x57, 0x77, 0x30, 0x60, 0xEF, 0xFF, 0xF0, 0x90, 0x17, 0x77, 0x60, 0x70, 0xDF, 0xFF,
  0xB0, 0x90, 0x27, 0x77, 0x73, 0x81, 0x38, 0xDF, 0xFD, 0x07, 0x01, 0x80, 0xC0, 0x08, 0x61, 0x47,
  0xAC, 0xCD, 0xEF, 0xC0, 0xC0, 0x18, 0x0D, 0x30, 0x0B, 0xF9, 0x0C, 0x80, 0xD3, 0x00, 0x10, 0xDF,
  0x90, 0xB8, 0x0D, 0x30, 0x02, 0x0E, 0xF9, 0x0B, 0x80, 0xD3, 0x00, 0x4F, 0xA0, 0xA8, 0x0D, 0x30,
  0x06, 0xFA, 0x0A, 0x80, 0xD3, 0x00, 0x8F, 0xA0, 0x98, 0x0D, 0x30, 0x0A, 0xFA, 0x09, 0x80, 0xD3,
  0x00, 0xCF, 0xA0, 0x88, 0x0D, 0x20, 0x01, 0x0D, 0xFA, 0x07, 0x80, 0xD2, 0x00, 0x30, 0xEF, 0xA0,
  0x68, 0x0D, 0x20, 0x05, 0xFB, 0x06, 0x80, 0xD2, 0x00, 0x7F, 0xB0, 0x58, 0x0D, 0x20, 0x09, 0xFB,
  0x05, 0x80, 0xD2, 0x00, 0xBF, 0xA0, 0xE0, 0x43,
  // "R" (U+0052), RLE, 883 bytes saved (65.8%)
  0x0A, 0xFF, 0xC8, 0x6E, 0xDC, 0xB9, 0x74, 0x17, 0x73, 0x0A, 0xFF, 0xFD, 0x81, 0xD8, 0x37, 0x70,
  0xAF, 0xFF, 0xF9, 0x0C, 0x05, 0x75, 0x0A, 0xFF, 0xFF, 0xB0, 0xC0, 0x37, 0x30, 0xAF, 0xFF, 0xFD,
  0x06, 0x72, 0x0A, 0xFF, 0xFF, 0xE0, 0x87, 0x10, 0xAF, 0x05, 0x80, 0x54, 0x84, 0x56, 0x79, 0xBE,
  0xFD, 0x06, 0x70, 0xAF, 0x01, 0x77, 0x18, 0x13, 0x8E, 0xFB, 0x02, 0x60, 0xAF, 0x01, 0x77, 0x40,
  0x8F, 0xA0, 0xB6, 0x0A, 0xF0, 0x17, 0x75, 0x04, 0x0E, 0xF9, 0x03, 0x50, 0xAF, 0x01, 0x77, 0x60,
  0x4F, 0x90, 0x95, 0x0A, 0xF0, 0x17, 0x77, 0x0A, 0xF0, 0xE5, 0x0A, 0xF0, 0x17, 0x77, 0x02, 0xF9,
  0x02, 0x40, 0xAF, 0x01, 0x77, 0x71, 0x0D, 0xF0, 0x54, 0x0A, 0xF0, 0x17, 0x77, 0x10, 0x9F, 0x07,
  0x40, 0xAF, 0x01, 0x77, 0x71, 0x07, 0xF0, 0x84, 0x0A, 0xF0, 0x17, 0x77, 0x10, 0x6F, 0x09, 0x40,
  0xAF, 0x01, 0x77, 0x71, 0x05, 0xF0, 0x94, 0x0A, 0xF0, 0x17, 0x77, 0x10, 0x7F, 0x08, 0x40, 0xAF,
  0x01, 0x77, 0x71, 0x08, 0xF0, 0x74, 0x0A, 0xF0, 0x17, 0x77, 0x10, 0xAF, 0x05, 0x40, 0xAF, 0x01,
  0x77, 0x71, 0x0E, 0xF0, 0x24, 0x0A, 0xF0, 0x17, 0x77, 0x04, 0xF0, 0xD5, 0x0A, 0xF0, 0x17, 0x77,
  0x0C, 0xF0, 0x85, 0x0A, 0xF0, 0x17, 0x76, 0x06, 0xF9, 0x02, 0x50, 0xAF, 0x01, 0x77, 0x50, 0x4F,
  0x90, 0x96, 0x0A, 0xF0, 0x17, 0x74, 0x07, 0xF9, 0x0D, 0x01, 0x60, 0xAF, 0x01, 0x77, 0x20, 0x60,
  0xCF, 0xA0, 0x37, 0x0A, 0xF0, 0x17, 0x28, 0x51, 0x12, 0x47, 0xAE, 0xFB, 0x04, 0x71, 0x0A, 0xFF,
  0xFF, 0xC0, 0xE0, 0x47, 0x20, 0xAF, 0xFF, 0xFB, 0x0A, 0x01, 0x73, 0x0A, 0xFF, 0xFF, 0x90, 0xD0,
  0x47, 0x50, 0xAF, 0xFF, 0xE0, 0xB0, 0x47, 0x70, 0xAF, 0xFF, 0xD0, 0x97, 0x72, 0x0A, 0xFF, 0xFE,
  0x02, 0x77, 0x10, 0xAF, 0x05, 0x80, 0x74, 0x09, 0xF0, 0xB7, 0x71, 0x0A, 0xF0, 0x17, 0x40, 0x10,
  0xEF, 0x05, 0x77, 0x0A, 0xF0, 0x17, 0x50, 0x6F, 0x0D, 0x77, 0x0A, 0xF0, 0x17, 0x60, 0xCF, 0x08,
  0x76, 0x0A, 0xF0, 0x17, 0x60, 0x4F, 0x90, 0x27, 0x50, 0xAF, 0x01, 0x77, 0x0A, 0xF0, 0xB7, 0x50,
  0xAF, 0x01, 0x77, 0x02, 0xF9, 0x05, 0x74, 0x0A, 0xF0, 0x17, 0x71, 0x08, 0xF0, 0xE7, 0x40, 0xAF,
  0x01, 0x77, 0x20, 0xDF, 0x08, 0x73, 0x0A, 0xF0, 0x17, 0x72, 0x05, 0xF9, 0x03, 0x72, 0x0A, 0xF0,
  0x17, 0x73, 0x0C, 0xF0, 0xC7, 0x20, 0xAF, 0x01, 0x77, 0x30, 0x3F, 0x90, 0x67, 0x10, 0xAF, 0x01,
  0x77, 0x40, 0x9F, 0x0E, 0x01, 0x70, 0xAF, 0x01, 0x77, 0x40, 0x10, 0xEF, 0x09, 0x70, 0xAF, 0x01,
  0x77, 0x50, 0x7F, 0x90, 0x36, 0x0A, 0xF0, 0x17, 0x76, 0x0D, 0xF0, 0xC6, 0x0A, 0xF0, 0x17, 0x76,
  0x05, 0xF9, 0x06, 0x50, 0xAF, 0x01, 0x77, 0x70, 0xBF, 0x0E, 0x01, 0x40, 0xAF, 0x01, 0x77, 0x70,
  0x2F, 0x90, 0xA4, 0x0A, 0xF0, 0x17, 0x77, 0x10, 0x9F, 0x90, 0x33, 0x0A, 0xF0, 0x17, 0x77, 0x10,
  0x10, 0xEF, 0x0D, 0x30, 0xAF, 0x01, 0x77, 0x72, 0x06, 0xF9, 0x07, 0x20, 0xAF, 0x01, 0x77, 0x73,
  0x0D, 0xF8, 0x2E, 0x10, 0xAF, 0x01, 0x77, 0x73, 0x04, 0xF9, 0x81, 0xA0, 0xAF, 0x01, 0x77, 0x74,
  0x0A, 0xF9, 0x04, 0x0A, 0xF0, 0x17, 0x77, 0x40, 0x2F, 0x90, 0xD0,
  // "S" (U+0053), RLE, 850 bytes saved (67.5%)
  0x76, 0x85, 0x15, 0x8A, 0xCD, 0xEA, 0x86, 0xED, 0xCC, 0xA7, 0x53, 0x77, 0x68, 0x11, 0x6C, 0xFF,
  0xC8, 0x1B, 0x73, 0x77, 0x81, 0x18, 0xEF, 0xFF, 0xA8, 0x1E, 0x93, 0x73, 0x06, 0x0E, 0xFF, 0xFF,
  0x08, 0x71, 0x0A, 0xFF, 0xFF, 0xA0, 0x47, 0x0B, 0xFF, 0xFF, 0xA0, 0xE7, 0x0A, 0xFB, 0x89, 0x2E,
  0xB7, 0x65, 0x44, 0x57, 0x8B, 0xEF, 0xA0, 0x96, 0x07, 0xFA, 0x0B, 0x04, 0x75, 0x81, 0x37, 0xDE,
  0x03, 0x50, 0x10, 0xEF, 0x0E, 0x05, 0x77, 0x38, 0x13, 0x8E, 0xA0, 0xD6, 0x09, 0xF0, 0xE0, 0x37,
  0x77, 0x81, 0x7E, 0x86, 0x0E, 0xF0, 0x57, 0x77, 0x30, 0x15, 0x04, 0xF0, 0xC7, 0x77, 0x73, 0x07,
  0xF0, 0x67, 0x77, 0x73, 0x0A, 0xF0, 0x27, 0x77, 0x73, 0x0B, 0xF7, 0x77, 0x74, 0x0C, 0xF7, 0x77,
  0x74, 0x0C, 0xF7, 0x77, 0x74, 0x0B, 0xF0, 0x27, 0x77, 0x73, 0x09, 0xF0, 0x67, 0x77, 0x73, 0x07,
  0xF0, 0xC7, 0x77, 0x73, 0x03, 0xF9, 0x04, 0x77, 0x77, 0x3F, 0x90, 0xE0, 0x27, 0x77, 0x72, 0x0A,
  0xF9, 0x0D, 0x02, 0x77, 0x77, 0x10, 0x3F, 0xA0, 0xE0, 0x67, 0x77, 0x71, 0x0B, 0xFB, 0x0C, 0x04,
  0x77, 0x76, 0x01, 0x0E, 0xFC, 0x0B, 0x04, 0x77, 0x75, 0x04, 0xFE, 0x0D, 0x06, 0x77, 0x74, 0x05,
  0xFF, 0x81, 0xE9, 0x37, 0x77, 0x20, 0x40, 0xEF, 0xF9, 0x0C, 0x06, 0x77, 0x71, 0x02, 0x0C, 0xFF,
  0xA8, 0x1E, 0x82, 0x77, 0x70, 0x7F, 0xFC, 0x09, 0x02, 0x77, 0x60, 0x10, 0x9F, 0xFC, 0x08, 0x77,
  0x70, 0x20, 0x9F, 0xFB, 0x0E, 0x04, 0x77, 0x78, 0x11, 0x7D, 0xFF, 0xA0, 0x87, 0x77, 0x28, 0x13,
  0x9E, 0xFF, 0x0A, 0x77, 0x74, 0x06, 0x0C, 0xFE, 0x0A, 0x77, 0x75, 0x03, 0x0A, 0xFD, 0x07, 0x77,
  0x76, 0x03, 0x0B, 0xFC, 0x03, 0x77, 0x77, 0x04, 0x0D, 0xFA, 0x0A, 0x77, 0x77, 0x10, 0x10, 0xBF,
  0xA0, 0x27, 0x77, 0x72, 0x0B, 0xF9, 0x07, 0x77, 0x77, 0x20, 0x10, 0xEF, 0x0B, 0x77, 0x77, 0x30,
  0x6F, 0x0E, 0x77, 0x77, 0x30, 0x1F, 0x97, 0x77, 0x74, 0x0C, 0xF0, 0x17, 0x77, 0x73, 0x09, 0xF0,
  0x27, 0x77, 0x73, 0x09, 0xF0, 0x27, 0x77, 0x73, 0x09, 0xF0, 0x17, 0x77, 0x73, 0x0B, 0xE0, 0xE7,
  0x77, 0x74, 0x0E, 0xE0, 0xC7, 0x77, 0x73, 0x04, 0xF0, 0x87, 0x77, 0x73, 0x0C, 0xF0, 0x37, 0x77,
  0x72, 0x07, 0xF0, 0xD2, 0x81, 0x76, 0x17, 0x77, 0x40, 0x7F, 0x90, 0x52, 0x09, 0xA8, 0x1A, 0x51,
  0x77, 0x60, 0x10, 0xAF, 0x90, 0xC3, 0x09, 0xD8, 0x2C, 0x84, 0x17, 0x78, 0x13, 0x9E, 0xF9, 0x0E,
  0x02, 0x30, 0x9F, 0xA8, 0x94, 0xDB, 0x97, 0x65, 0x44, 0x55, 0x68, 0xBE, 0xFC, 0x04, 0x40, 0x9F,
  0xFF, 0xFD, 0x05, 0x50, 0x9F, 0xFF, 0xFB, 0x0D, 0x03, 0x60, 0x9F, 0xFF, 0xFA, 0x09, 0x71, 0x03,
  0x0B, 0xFF, 0xFE, 0x0A, 0x02, 0x74, 0x82, 0x15, 0x9D, 0xFF, 0xE8, 0x1C, 0x61, 0x77, 0x48, 0x73,
  0x57, 0x9B, 0xCD, 0xEE, 0xB8, 0x4E, 0xDB, 0x97, 0x47, 0x71,
  // "T" (U+0054), RLE, 1182 bytes saved (82.4%)
  0x02, 0x80, 0xD1, 0xF0, 0xD0, 0x28, 0x0D, 0x1F, 0x0D, 0x02, 0x80, 0xD1, 0xF0, 0xD0, 0x28, 0x0D,
  0x1F, 0x0D, 0x02, 0x80, 0xD1, 0xF0, 0xD0, 0x28, 0x0D, 0x1F, 0x0D, 0x18, 0x09, 0x74, 0xF0, 0xD8,
  0x09, 0x64, 0x03, 0x77, 0x6F, 0x0C, 0x80, 0xC3, 0x0F, 0x0C, 0x80, 0xC3, 0x0F, 0x0C, 0x80, 0xC3,
  0x0F, 0x0C, 0x80, 0xC3, 0x0F, 0x0C, 0x80, 0xC3, 0x0F, 0x0C, 0x80, 0xC3, 0x0F, 0x0C, 0x80, 0xC3,
  0x0F, 0x0C, 0x80, 0xC3, 0x0F, 0x0C, 0x80, 0xC3, 0x0F, 0x0C, 0x80, 0xC3, 0x0F, 0x0C, 0x80, 0xC3,
  0x0F, 0x0C, 0x80, 0xC3, 0x0F, 0x0C, 0x80, 0xC3, 0x0F, 0x0C, 0x80, 0xC3, 0x0F, 0x0C, 0x80, 0xC3,
  0x0F, 0x0C, 0x80, 0xC3, 0x0F, 0x0C, 0x80, 0xC3, 0x0F, 0x0C, 0x80, 0xC3, 0x0F, 0x0C, 0x80, 0xC3,
  0x0F, 0x0C, 0x80, 0xC3, 0x0F, 0x0C, 0x80, 0xC3, 0x0F, 0x0C, 0x80, 0xC3, 0x0F, 0x0C, 0x80, 0xC3,
  0x0F, 0x0C, 0x80, 0xC3, 0x0F, 0x0C, 0x80, 0xC3, 0x0F, 0x0C, 0x80, 0xC3, 0x0F, 0x0C, 0x80, 0xC3,
  0x0F, 0x0C, 0x80, 0xC3, 0x0F, 0x0C, 0x80, 0xC3, 0x0F, 0x0C, 0x80, 0xC3, 0x0F, 0x0C, 0x80, 0xC3,
  0x0F, 0x0C, 0x80, 0xC3, 0x0F, 0x0C, 0x80, 0xC3, 0x0F, 0x0C, 0x80, 0xC3, 0x0F, 0x0C, 0x80, 0xC3,
  0x0F, 0x0C, 0x80, 0xC3, 0x0F, 0x0C, 0x80, 0xC3, 0x0F, 0x0C, 0x80, 0xC3, 0x0F, 0x0C, 0x80, 0xC3,
  0x0F, 0x0C, 0x80, 0xC3, 0x0F, 0x0C, 0x80, 0xC3, 0x0F, 0x0C, 0x80, 0xC3, 0x0F, 0x0C, 0x80, 0xC3,
  0x0F, 0x0C, 0x80, 0xC3, 0x0F, 0x0C, 0x80, 0xC3, 0x0F, 0x0C, 0x80, 0xC3, 0x0F, 0x0C, 0x80, 0xC3,
  0x0F, 0x0C, 0x80, 0xC3, 0x0F, 0x0C, 0x80, 0xC3, 0x0F, 0x0C, 0x80, 0xC3, 0x0F, 0x0C, 0x80, 0xC3,
  0x0F, 0x0C, 0x80, 0xC3, 0x0F, 0x0C, 0x80, 0xC3, 0x0F, 0x0C, 0x77, 0x50,
  // "U" (U+0055), RLE, 1043 bytes saved (70.1%)
  0x04, 0xF0, 0x77, 0x77, 0x73, 0x09, 0xF0, 0x4F, 0x07, 0x77, 0x77, 0x30, 0x9F, 0x04, 0xF0, 0x77,
  0x77, 0x73, 0x09, 0xF0, 0x4F, 0x07, 0x77, 0x77, 0x30, 0x9F, 0x04, 0xF0, 0x77, 0x77, 0x73, 0x09,
  0xF0, 0x4F, 0x07, 0x77, 0x77, 0x30, 0x9F, 0x04, 0xF0, 0x77, 0x77, 0x73, 0x09, 0xF0, 0x4F, 0x07,
  0x77, 0x77, 0x30, 0x9F, 0x04, 0xF0, 0x77, 0x77, 0x73, 0x09, 0xF0, 0x4F, 0x07, 0x77, 0x77, 0x30,
  0x9F, 0x04, 0xF0, 0x77, 0x77, 0x73, 0x09, 0xF0, 0x4F, 0x07, 0x77, 0x77, 0x30, 0x9F, 0x04, 0xF0,
  0x77, 0x77, 0x73, 0x09, 0xF0, 0x4F, 0x07, 0x77, 0x77, 0x30, 0x9F, 0x04, 0xF0, 0x77, 0x77, 0x73,
  0x09, 0xF0, 0x4F, 0x07, 0x77, 0x77, 0x30, 0x9F, 0x04, 0xF0, 0x77, 0x77, 0x73, 0x09, 0xF0, 0x4F,
  0x07, 0x77, 0x77, 0x30, 0x9F, 0x04, 0xF0, 0x77, 0x77, 0x73, 0x09, 0xF0, 0x4F, 0x07, 0x77, 0x77,
  0x30, 0x9F, 0x04, 0xF0, 0x77, 0x77, 0x73, 0x09, 0xF0, 0x4F, 0x07, 0x77, 0x77, 0x30, 0x9F, 0x04,
  0xF0, 0x77, 0x77, 0x73, 0x09, 0xF0, 0x4F, 0x07, 0x77, 0x77, 0x30, 0x9F, 0x04, 0xF0, 0x77, 0x77,
  0x73, 0x09, 0xF0, 0x4F, 0x07, 0x77, 0x77, 0x30, 0x9F, 0x04, 0xF0, 0x77, 0x77, 0x73, 0x09, 0xF0,
  0x4F, 0x07, 0x77, 0x77, 0x30, 0x9F, 0x04, 0xF0, 0x77, 0x77, 0x73, 0x09, 0xF0, 0x4F, 0x07, 0x77,
  0x77, 0x30, 0x9F, 0x04, 0xF0, 0x77, 0x77, 0x73, 0x09, 0xF0, 0x4F, 0x07, 0x77, 0x77, 0x30, 0x9F,
  0x04, 0xF0, 0x77, 0x77, 0x73, 0x09, 0xF0, 0x4F, 0x07, 0x77, 0x77, 0x30, 0x9F, 0x04, 0xF0, 0x77,
  0x77, 0x73, 0x09, 0xF0, 0x4F, 0x07, 0x77, 0x77, 0x30, 0x9F, 0x04, 0xF0, 0x77, 0x77, 0x73, 0x09,
  0xF0, 0x4F, 0x07, 0x77, 0x77, 0x30, 0x9F, 0x04, 0xF0, 0x77, 0x77, 0x73, 0x09, 0xF0, 0x4F, 0x07,
  0x77, 0x77, 0x30, 0x9F, 0x03, 0xF0, 0x87, 0x77, 0x73, 0x0A, 0xF0, 0x2F, 0x09, 0x77, 0x77, 0x30,
  0xBE, 0x0E, 0x01, 0xF0, 0xA7, 0x77, 0x73, 0x0C, 0xE0, 0xD1, 0xF0, 0xB7, 0x77, 0x73, 0x0E, 0xE8,
  0x1B, 0x0D, 0xE0, 0xE7, 0x77, 0x72, 0x02, 0xF8, 0x19, 0x09, 0xF0, 0x37, 0x77, 0x71, 0x06, 0xF8,
  0x16, 0x06, 0xF0, 0x77, 0x77, 0x71, 0x0A, 0xF8, 0x12, 0x01, 0xF0, 0xD7, 0x77, 0x70, 0x1F, 0x0D,
  0x30, 0xCF, 0x05, 0x77, 0x76, 0x08, 0xF0, 0x83, 0x06, 0xF0, 0xD7, 0x77, 0x50, 0x2F, 0x90, 0x14,
  0x0E, 0xF0, 0xA7, 0x77, 0x40, 0xCF, 0x0A, 0x50, 0x6F, 0x90, 0x77, 0x77, 0x20, 0x9F, 0x90, 0x26,
  0x0C, 0xF9, 0x07, 0x77, 0x70, 0x9F, 0x90, 0x87, 0x03, 0xFA, 0x0B, 0x03, 0x77, 0x30, 0x30, 0xCF,
  0x90, 0xD7, 0x20, 0x6F, 0xB0, 0xB0, 0x57, 0x60, 0x40, 0xBF, 0xA0, 0xE0, 0x27, 0x30, 0x8F, 0xD8,
  0x91, 0xC9, 0x75, 0x44, 0x45, 0x78, 0xBF, 0xC0, 0xE0, 0x37, 0x50, 0x8F, 0xFF, 0xFC, 0x0E, 0x03,
  0x77, 0x06, 0x0E, 0xFF, 0xFF, 0x90, 0xC0, 0x27, 0x72, 0x02, 0x0B, 0xFF, 0xFD, 0x0E, 0x07, 0x77,
  0x60, 0x50, 0xCF, 0xFF, 0x98, 0x1E, 0x81, 0x77, 0x72, 0x81, 0x39, 0xDF, 0xFA, 0x81, 0xEA, 0x67,
  0x77, 0x71, 0x85, 0x25, 0x8A, 0xCE, 0xEA, 0x85, 0xED, 0xDB, 0x96, 0x47, 0x72,
  // "V" (U+0056), RLE, 1134 bytes saved (71.5%)
  0x0C, 0xF0, 0x37, 0x77, 0x76, 0x0B, 0xF0, 0x60, 0x7F, 0x09, 0x77, 0x77, 0x50, 0x1F, 0x90, 0x01,
  0xF0, 0xE7, 0x77, 0x75, 0x06, 0xF0, 0xA2, 0x0B, 0xF0, 0x47, 0x77, 0x74, 0x0C, 0xF0, 0x52, 0x05,
  0xF0, 0xA7, 0x77, 0x73, 0x02, 0xF0, 0xE4, 0xF9, 0x77, 0x77, 0x30, 0x7F, 0x09, 0x40, 0xAF, 0x05,
  0x77, 0x77, 0x20, 0xDF, 0x03, 0x40, 0x4F, 0x0B, 0x77, 0x77, 0x10, 0x3F, 0x0D, 0x60, 0xEF, 0x01,
  0x77, 0x77, 0x08, 0xF0, 0x86, 0x09, 0xF0, 0x67, 0x77, 0x70, 0xDF, 0x02, 0x60, 0x3F, 0x0C, 0x77,
  0x76, 0x04, 0xF0, 0xC7, 0x10, 0xDF, 0x02, 0x77, 0x75, 0x09, 0xF0, 0x77, 0x10, 0x7F, 0x07, 0x77,
  0x75, 0x0E, 0xF0, 0x17, 0x10, 0x2F, 0x0D, 0x77, 0x74, 0x05, 0xF0, 0xB7, 0x30, 0xCF, 0x03, 0x77,
  0x73, 0x0A, 0xF0, 0x57, 0x30, 0x6F, 0x08, 0x77, 0x73, 0xF9, 0x74, 0x01, 0xF0, 0xD7, 0x77, 0x20,
  0x5F, 0x0A, 0x75, 0x0B, 0xF0, 0x47, 0x77, 0x10, 0xBF, 0x04, 0x75, 0x05, 0xF0, 0x97, 0x77, 0x01,
  0xF0, 0xE7, 0x70, 0xEE, 0x0E, 0x77, 0x70, 0x6F, 0x09, 0x77, 0x09, 0xF0, 0x57, 0x76, 0x0C, 0xF0,
  0x37, 0x70, 0x4F, 0x0A, 0x77, 0x50, 0x2F, 0x0D, 0x77, 0x20, 0xDF, 0x77, 0x50, 0x7F, 0x07, 0x77,
  0x20, 0x8F, 0x05, 0x77, 0x40, 0xDF, 0x02, 0x77, 0x20, 0x3F, 0x0B, 0x77, 0x30, 0x3F, 0x0C, 0x77,
  0x40, 0xCF, 0x01, 0x77, 0x20, 0x8F, 0x06, 0x77, 0x40, 0x7F, 0x06, 0x77, 0x20, 0xDF, 0x01, 0x77,
  0x40, 0x1F, 0x0C, 0x77, 0x10, 0x4F, 0x0B, 0x77, 0x60, 0xBF, 0x02, 0x77, 0x09, 0xF0, 0x57, 0x76,
  0x06, 0xF0, 0x77, 0x70, 0xEE, 0x0E, 0x77, 0x70, 0x1F, 0x0D, 0x76, 0x05, 0xF0, 0x97, 0x77, 0x10,
  0xAF, 0x03, 0x75, 0x0A, 0xF0, 0x47, 0x77, 0x10, 0x4F, 0x08, 0x75, 0xF0, 0xD7, 0x77, 0x30, 0xEE,
  0x0E, 0x74, 0x05, 0xF0, 0x87, 0x77, 0x30, 0x9F, 0x04, 0x73, 0x0B, 0xF0, 0x37, 0x77, 0x30, 0x3F,
  0x09, 0x72, 0x01, 0xF0, 0xC7, 0x77, 0x50, 0xDE, 0x0E, 0x72, 0x06, 0xF0, 0x77, 0x77, 0x50, 0x8F,
  0x05, 0x71, 0x0C, 0xF0, 0x17, 0x77, 0x50, 0x2F, 0x0A, 0x70, 0x2F, 0x0B, 0x77, 0x77, 0x0C, 0xF0,
  0x16, 0x07, 0xF0, 0x67, 0x77, 0x70, 0x6F, 0x05, 0x60, 0xCF, 0x01, 0x77, 0x77, 0x01, 0xF0, 0xB5,
  0x02, 0xF0, 0xA7, 0x77, 0x72, 0x0B, 0xF0, 0x14, 0x07, 0xF0, 0x47, 0x77, 0x72, 0x05, 0xF0, 0x64,
  0x0C, 0xE0, 0xE7, 0x77, 0x74, 0x0E, 0xE0, 0xB3, 0x02, 0xF0, 0x97, 0x77, 0x74, 0x09, 0xF3, 0x06,
  0xF0, 0x37, 0x77, 0x74, 0x04, 0xF0, 0x42, 0x0B, 0xE0, 0xD7, 0x77, 0x76, 0x0E, 0xE0, 0x92, 0x0E,
  0xE0, 0x87, 0x77, 0x76, 0x08, 0xE8, 0x1D, 0x04, 0xF0, 0x27, 0x77, 0x76, 0x03, 0xF0, 0x10, 0x8E,
  0x0C, 0x80, 0xC0, 0x00, 0xDE, 0x05, 0x0B, 0xE0, 0x68, 0x0C, 0x00, 0x07, 0xE0, 0x80, 0xEE, 0x01,
  0x80, 0xC0, 0x00, 0x1E, 0x0E, 0xE0, 0xB8, 0x0C, 0x20, 0x0B, 0xFD, 0x05, 0x80, 0xC2, 0x00, 0x6F,
  0xC0, 0xE8, 0x0C, 0x30, 0x01, 0xFC, 0x0A, 0x80, 0xC4, 0x00, 0xAF, 0xB0, 0x48, 0x0C, 0x40, 0x05,
  0xFA, 0x0E, 0x80, 0xC6, 0x00, 0xEF, 0x90, 0x88, 0x0C, 0x60, 0x09, 0xF9, 0x03, 0x80, 0xC6, 0x00,
  0x3F, 0x0D, 0x77, 0x71,
  // "W" (U+0057), RLE, 1598 bytes saved (67.2%)
  0x0D, 0xF0, 0x37, 0x77, 0x40, 0x7F, 0x0D, 0x77, 0x75, 0x05, 0xF0, 0xB0, 0x8F, 0x07, 0x77, 0x74,
  0x0B, 0xF9, 0x02, 0x77, 0x74, 0x09, 0xF0, 0x70, 0x4F, 0x0B, 0x77, 0x73, 0x01, 0xFA, 0x06, 0x77,
  0x74, 0x0D, 0xF0, 0x21, 0xF9, 0x77, 0x73, 0x05, 0xFA, 0x0B, 0x77, 0x73, 0x01, 0xF0, 0xE2, 0x0C,
  0xF0, 0x47, 0x77, 0x20, 0x9F, 0xB0, 0x17, 0x77, 0x20, 0x5F, 0x0A, 0x20, 0x7F, 0x08, 0x77, 0x72,
  0x0E, 0xFB, 0x05, 0x77, 0x72, 0x09, 0xF0, 0x52, 0x03, 0xF0, 0xB7, 0x77, 0x10, 0x3F, 0xC0, 0xA7,
  0x77, 0x20, 0xDF, 0x01, 0x30, 0xEF, 0x77, 0x71, 0x08, 0xFC, 0x0E, 0x77, 0x71, 0x01, 0xF0, 0xD4,
  0x0B, 0xF0, 0x47, 0x77, 0x0C, 0xFD, 0x04, 0x77, 0x70, 0x5F, 0x09, 0x40, 0x6F, 0x08, 0x77, 0x60,
  0x1E, 0x0E, 0xE0, 0x87, 0x77, 0x09, 0xF0, 0x44, 0x02, 0xF0, 0xC7, 0x76, 0x06, 0xE0, 0x9E, 0x0D,
  0x77, 0x70, 0xDF, 0x60, 0xEF, 0x01, 0x77, 0x50, 0xAE, 0x04, 0x0D, 0xE0, 0x27, 0x75, 0x02, 0xF0,
  0xC6, 0x09, 0xF0, 0x47, 0x75, 0x0E, 0xE0, 0x10, 0xAE, 0x07, 0x77, 0x50, 0x6F, 0x07, 0x60, 0x5F,
  0x08, 0x77, 0x40, 0x4E, 0x81, 0xD0, 0x6E, 0x0C, 0x77, 0x50, 0xAF, 0x03, 0x60, 0x1F, 0x0C, 0x77,
  0x40, 0x8E, 0x81, 0x90, 0x2F, 0x01, 0x77, 0x40, 0xEE, 0x0E, 0x71, 0x0D, 0xF0, 0x17, 0x73, 0x0D,
  0xE0, 0x62, 0x0D, 0xE0, 0x67, 0x73, 0x02, 0xF0, 0xA7, 0x10, 0x8F, 0x05, 0x77, 0x20, 0x2F, 0x02,
  0x20, 0x9E, 0x0A, 0x77, 0x30, 0x6F, 0x06, 0x71, 0x04, 0xF0, 0x97, 0x72, 0x07, 0xE0, 0xD3, 0x05,
  0xE0, 0xE7, 0x73, 0x0A, 0xF0, 0x27, 0x2F, 0x0D, 0x77, 0x20, 0xBE, 0x09, 0x30, 0x1F, 0x04, 0x77,
  0x20, 0xEE, 0x0D, 0x73, 0x0C, 0xF0, 0x17, 0x71, 0xF0, 0x54, 0x0C, 0xE0, 0x97, 0x71, 0x02, 0xF0,
  0x97, 0x30, 0x7F, 0x05, 0x77, 0x05, 0xF5, 0x07, 0xE0, 0xD7, 0x71, 0x06, 0xF0, 0x57, 0x30, 0x3F,
  0x09, 0x77, 0x09, 0xE0, 0xB5, 0x03, 0xF0, 0x37, 0x70, 0xAF, 0x01, 0x74, 0x0E, 0xE0, 0xD7, 0x70,
  0xEE, 0x07, 0x60, 0xEE, 0x07, 0x77, 0x0E, 0xE0, 0xC7, 0x50, 0xBF, 0x01, 0x75, 0x03, 0xF0, 0x26,
  0x09, 0xE0, 0xC7, 0x60, 0x3F, 0x08, 0x75, 0x06, 0xF0, 0x57, 0x50, 0x7E, 0x0D, 0x70, 0x4F, 0x01,
  0x75, 0x07, 0xF0, 0x47, 0x50, 0x2F, 0x09, 0x75, 0x0C, 0xE0, 0x87, 0x1F, 0x06, 0x75, 0x0B, 0xF7,
  0x70, 0xEE, 0x0D, 0x74, 0x01, 0xF0, 0x47, 0x10, 0xBE, 0x0B, 0x75, 0x0E, 0xE0, 0xB7, 0x70, 0xAF,
  0x02, 0x73, 0x05, 0xE0, 0xE7, 0x20, 0x6F, 0x74, 0x03, 0xF0, 0x77, 0x70, 0x5F, 0x06, 0x73, 0x0A,
  0xE0, 0xA7, 0x20, 0x1F, 0x05, 0x73, 0x07, 0xF0, 0x37, 0x70, 0x1F, 0x0A, 0x73, 0x0E, 0xE0, 0x67,
  0x30, 0xCE, 0x09, 0x73, 0x0B, 0xE0, 0xE7, 0x72, 0x0D, 0xE0, 0xE7, 0x20, 0x4F, 0x01, 0x73, 0x07,
  0xE0, 0xE7, 0x30, 0xEE, 0x0A, 0x77, 0x20, 0x9F, 0x02, 0x71, 0x08, 0xE0, 0xC7, 0x40, 0x3F, 0x03,
  0x71, 0x03, 0xF0, 0x67, 0x72, 0x04, 0xF0, 0x67, 0x10, 0xDE, 0x07, 0x75, 0x0D, 0xE0, 0x87, 0x10,
  0x7F, 0x02, 0x77, 0x3F, 0x0A, 0x70, 0x2F, 0x03, 0x75, 0x09, 0xE0, 0xD7, 0x10, 0xBE, 0x0D, 0x77,
  0x40, 0xCE, 0x0E, 0x70, 0x6E, 0x0E, 0x76, 0x04, 0xF0, 0x27, 0xF0, 0x97, 0x74, 0x07, 0xF0, 0x36,
  0x0B, 0xE0, 0x97, 0x70, 0xEE, 0x07, 0x60, 0x3F, 0x05, 0x77, 0x40, 0x3F, 0x06, 0x6F, 0x05, 0x77,
  0x0A, 0xE0, 0xB6, 0x07, 0xF0, 0x17, 0x75, 0x0E, 0xE0, 0xA5, 0x04, 0xF7, 0x71, 0x06, 0xF0, 0x15,
  0x0B, 0xE0, 0xC7, 0x76, 0x0B, 0xE0, 0xE5, 0x09, 0xE0, 0xB7, 0x71, 0x01, 0xF0, 0x55, 0xF0, 0x87,
  0x76, 0x07, 0xF0, 0x34, 0x0D, 0xE0, 0x67, 0x72, 0x0C, 0xE0, 0x94, 0x03, 0xF0, 0x47, 0x76, 0x02,
  0xF0, 0x63, 0x02, 0xF0, 0x27, 0x72, 0x07, 0xE0, 0xE4, 0x07, 0xF7, 0x77, 0x10, 0xEE, 0x0A, 0x30,
  0x6E, 0x0D, 0x77, 0x30, 0x2F, 0x02, 0x30, 0xBE, 0x0B, 0x77, 0x71, 0x0A, 0xE0, 0xD3, 0x09, 0xE0,
  0x87, 0x74, 0x0D, 0xE0, 0x63, 0x0E, 0xE0, 0x77, 0x77, 0x10, 0x5F, 0x01, 0x20, 0xDE, 0x04, 0x77,
  0x40, 0x9E, 0x0A, 0x20, 0x2F, 0x03, 0x77, 0x71, 0x01, 0xF8, 0x15, 0x01, 0xE0, 0xE7, 0x75, 0x04,
  0xE0, 0xD2, 0x06, 0xE0, 0xE7, 0x77, 0x30, 0xDE, 0x81, 0x80, 0x4E, 0x0A, 0x77, 0x60, 0xEE, 0x81,
  0x10, 0x9E, 0x0A, 0x77, 0x73, 0x09, 0xE8, 0x1B, 0x07, 0xE0, 0x57, 0x76, 0x0A, 0xE8, 0x15, 0x0C,
  0xE0, 0x67, 0x77, 0x30, 0x4E, 0x81, 0xD0, 0xAE, 0x01, 0x77, 0x60, 0x5E, 0x08, 0x1F, 0x02, 0x77,
  0x73, 0x01, 0xF0, 0x10, 0xDD, 0x0C, 0x77, 0x70, 0x1E, 0x0B, 0x02, 0xE0, 0xD7, 0x77, 0x50, 0xCE,
  0x04, 0xE0, 0x77, 0x77, 0x10, 0xBD, 0x0E, 0x05, 0xE0, 0x97, 0x77, 0x50, 0x8E, 0x09, 0xE0, 0x37,
  0x77, 0x10, 0x7E, 0x08, 0xE0, 0x57, 0x77, 0x50, 0x3E, 0x0D, 0xD0, 0xD7, 0x77, 0x20, 0x2E, 0x0D,
  0xE0, 0x17, 0x77, 0x60, 0xEF, 0xC0, 0x97, 0x77, 0x30, 0xDF, 0xC0, 0xC7, 0x77, 0x70, 0xBF, 0xC0,
  0x47, 0x77, 0x30, 0x8F, 0xC0, 0x87, 0x77, 0x70, 0x7F, 0xC7, 0x77, 0x40, 0x4F, 0xC0, 0x37, 0x77,
  0x70, 0x2F, 0xB0, 0xB7, 0x77, 0x50, 0xEF, 0xA0, 0xE7, 0x77, 0x72, 0x0E, 0xFA, 0x06, 0x77, 0x75,
  0x0A, 0xFA, 0x0B, 0x77, 0x77, 0x20, 0xAF, 0xA0, 0x27, 0x77, 0x50, 0x5F, 0xA0, 0x77, 0x77, 0x72,
  0x06, 0xF9, 0x0D, 0x77, 0x76, 0x01, 0xFA, 0x02, 0x77, 0x77, 0x20, 0x1F, 0x90, 0x87, 0x77, 0x70,
  0xBF, 0x0E, 0x77, 0x77, 0x40, 0xDF, 0x03, 0x77, 0x77, 0x07, 0xF0, 0xA7, 0x72,
  // "X" (U+0058), RLE, 1043 bytes saved (68.4%)
  0x10, 0x10, 0xEF, 0x08, 0x77, 0x77, 0x10, 0xDF, 0x04, 0x30, 0x6F, 0x90, 0x27, 0x77, 0x60, 0x8F,
  0x09, 0x50, 0xBF, 0x0C, 0x77, 0x75, 0x02, 0xF0, 0xE0, 0x15, 0x02, 0x0E, 0xF0, 0x67, 0x77, 0x40,
  0xBF, 0x05, 0x70, 0x7F, 0x0E, 0x01, 0x77, 0x72, 0x06, 0xF0, 0xA7, 0x20, 0xCF, 0x0A, 0x77, 0x71,
  0x01, 0x0E, 0xE0, 0xE0, 0x17, 0x20, 0x2F, 0x90, 0x47, 0x77, 0x0A, 0xF0, 0x57, 0x40, 0x7F, 0x0D,
  0x77, 0x60, 0x4F, 0x0B, 0x76, 0x0C, 0xF0, 0x77, 0x75, 0x0D, 0xE0, 0xE0, 0x17, 0x60, 0x3F, 0x90,
  0x27, 0x73, 0x08, 0xF0, 0x67, 0x71, 0x08, 0xF0, 0xB7, 0x72, 0x02, 0xF0, 0xC7, 0x73, 0x0D, 0xF0,
  0x57, 0x71, 0x0B, 0xF0, 0x27, 0x73, 0x04, 0xF0, 0xE0, 0x17, 0x60, 0x6F, 0x07, 0x77, 0x50, 0x9F,
  0x09, 0x75, 0x01, 0x0E, 0xE0, 0xC7, 0x76, 0x01, 0x0E, 0xF0, 0x37, 0x40, 0xAF, 0x03, 0x77, 0x70,
  0x5F, 0x0D, 0x73, 0x04, 0xF0, 0x87, 0x77, 0x20, 0xAF, 0x07, 0x72, 0x0D, 0xE0, 0xD7, 0x77, 0x30,
  0x10, 0xEF, 0x02, 0x70, 0x8F, 0x03, 0x77, 0x74, 0x06, 0xF0, 0xB6, 0x02, 0xF0, 0x97, 0x77, 0x60,
  0xBF, 0x05, 0x50, 0xBE, 0x0D, 0x77, 0x77, 0x02, 0x0E, 0xE0, 0xE0, 0x13, 0x06, 0xF0, 0x47, 0x77,
  0x71, 0x07, 0xF0, 0x92, 0x01, 0x0E, 0xE0, 0xA7, 0x77, 0x73, 0x0C, 0xF8, 0x13, 0x0A, 0xE0, 0xE0,
  0x17, 0x77, 0x73, 0x02, 0xF0, 0xC0, 0x4F, 0x05, 0x77, 0x77, 0x50, 0x7F, 0xF0, 0xA7, 0x77, 0x77,
  0x0C, 0xFD, 0x0E, 0x01, 0x77, 0x77, 0x70, 0x3F, 0xD0, 0x68, 0x0C, 0x10, 0x08, 0xFB, 0x0B, 0x80,
  0xC3, 0x00, 0xDF, 0x90, 0xE0, 0x28, 0x0C, 0x30, 0x06, 0xF9, 0x0B, 0x80, 0xC4, 0x00, 0xDF, 0xA0,
  0x58, 0x0C, 0x20, 0x09, 0xFB, 0x0E, 0x01, 0x80, 0xC0, 0x00, 0x3F, 0xD0, 0x98, 0x0C, 0x00, 0x0D,
  0xFE, 0x04, 0x77, 0x77, 0x60, 0x8F, 0xF0, 0xD7, 0x77, 0x75, 0x02, 0xF0, 0x80, 0x7F, 0x08, 0x77,
  0x77, 0x40, 0xCE, 0x0D, 0x20, 0xDF, 0x03, 0x77, 0x77, 0x20, 0x7F, 0x04, 0x20, 0x4F, 0x0D, 0x77,
  0x77, 0x10, 0x2F, 0x0A, 0x40, 0xAF, 0x07, 0x77, 0x77, 0x0B, 0xE0, 0xE0, 0x14, 0x01, 0x0E, 0xF0,
  0x27, 0x77, 0x50, 0x6F, 0x06, 0x60, 0x6F, 0x0C, 0x77, 0x74, 0x01, 0x0E, 0xE0, 0xC7, 0x10, 0xCF,
  0x07, 0x77, 0x73, 0x0A, 0xF0, 0x27, 0x10, 0x2F, 0x0E, 0x02, 0x77, 0x71, 0x05, 0xF0, 0x87, 0x30,
  0x8F, 0x0B, 0x77, 0x70, 0x10, 0xEE, 0x0D, 0x75, 0x0D, 0xF0, 0x67, 0x76, 0x09, 0xF0, 0x47, 0x50,
  0x4F, 0x0E, 0x01, 0x77, 0x40, 0x4F, 0x09, 0x77, 0x0A, 0xF0, 0xA7, 0x74, 0x0D, 0xE0, 0xE0, 0x17,
  0x70, 0x10, 0xEF, 0x05, 0x77, 0x20, 0x8F, 0x05, 0x77, 0x20, 0x7F, 0x0E, 0x01, 0x77, 0x03, 0xF0,
  0xB7, 0x74, 0x0C, 0xF0, 0x97, 0x70, 0xDF, 0x02, 0x77, 0x40, 0x3F, 0x90, 0x47, 0x50, 0x8F, 0x07,
  0x77, 0x60, 0x9F, 0x0D, 0x74, 0x02, 0xF0, 0xD7, 0x77, 0x01, 0x0E, 0xF0, 0x87, 0x30, 0xCF, 0x03,
  0x77, 0x71, 0x05, 0xF9, 0x03, 0x71, 0x07, 0xF0, 0x97, 0x77, 0x30, 0xBF, 0x0C, 0x70, 0x20, 0xEE,
  0x0E, 0x01, 0x77, 0x73, 0x02, 0xF9, 0x07, 0x60, 0xBF, 0x05, 0x77, 0x75, 0x07, 0xF9, 0x02, 0x40,
  0x6F, 0x0B, 0x77, 0x77, 0x0D, 0xF0, 0xC3, 0x01, 0x0E, 0xE0, 0xE0, 0x27, 0x77, 0x70, 0x4F, 0x90,
  0x62, 0x0A, 0xF0, 0x77, 0x77, 0x72, 0x0A, 0xF8, 0x1E, 0x15, 0xF0, 0xC7, 0x77, 0x73, 0x01, 0x0E,
  0xF0, 0xB0,
  // "Y" (U+0059), RLE, 1094 bytes saved (73.2%)
  0x0B, 0xF0, 0xA7, 0x77, 0x73, 0x0D, 0xF0, 0x60, 0x3F, 0x90, 0x37, 0x77, 0x71, 0x07, 0xF0, 0xD2,
  0x0A, 0xF0, 0xB7, 0x77, 0x70, 0x10, 0xEF, 0x04, 0x20, 0x2F, 0x90, 0x47, 0x77, 0x60, 0x8F, 0x0B,
  0x40, 0x8F, 0x0C, 0x77, 0x75, 0x01, 0x0E, 0xF0, 0x34, 0x01, 0x0E, 0xF0, 0x57, 0x77, 0x40, 0x9F,
  0x0A, 0x60, 0x7F, 0x0D, 0x77, 0x73, 0x02, 0xF9, 0x02, 0x70, 0xEF, 0x05, 0x77, 0x72, 0x0A, 0xF0,
  0x97, 0x10, 0x6F, 0x0D, 0x77, 0x71, 0x02, 0xF0, 0xE0, 0x17, 0x20, 0xDF, 0x06, 0x77, 0x70, 0xAF,
  0x07, 0x73, 0x05, 0xF0, 0xE7, 0x76, 0x03, 0xF0, 0xD7, 0x50, 0xCF, 0x07, 0x77, 0x50, 0xBF, 0x06,
  0x75, 0x03, 0xF0, 0xE0, 0x17, 0x73, 0x04, 0xF0, 0xD7, 0x70, 0xAF, 0x08, 0x77, 0x30, 0xCF, 0x04,
  0x77, 0x02, 0xF0, 0xE0, 0x17, 0x71, 0x05, 0xF0, 0xB7, 0x72, 0x09, 0xF0, 0x97, 0x71, 0x0D, 0xF0,
  0x37, 0x72, 0x01, 0xF9, 0x02, 0x76, 0x06, 0xF0, 0xA7, 0x74, 0x08, 0xF0, 0xA7, 0x60, 0xDF, 0x02,
  0x77, 0x40, 0x10, 0xEF, 0x02, 0x74, 0x07, 0xF0, 0x97, 0x76, 0x07, 0xF0, 0xA7, 0x30, 0x10, 0xEE,
  0x0E, 0x01, 0x77, 0x70, 0xDF, 0x03, 0x72, 0x08, 0xF0, 0x77, 0x77, 0x10, 0x5F, 0x0B, 0x71, 0x01,
  0x0E, 0xE0, 0xD7, 0x77, 0x30, 0xCF, 0x04, 0x70, 0x9F, 0x06, 0x77, 0x73, 0x04, 0xF0, 0xC6, 0x02,
  0xF0, 0xD7, 0x77, 0x50, 0xBF, 0x05, 0x50, 0xAF, 0x04, 0x77, 0x75, 0x03, 0xF0, 0xD4, 0x02, 0xF0,
  0xB7, 0x77, 0x70, 0xAF, 0x06, 0x30, 0xAF, 0x03, 0x77, 0x77, 0x02, 0xF0, 0xD2, 0x03, 0xF0, 0xA7,
  0x77, 0x72, 0x09, 0xF8, 0x17, 0x0B, 0xF0, 0x27, 0x77, 0x72, 0x01, 0x0E, 0xE0, 0xE0, 0x5F, 0x09,
  0x77, 0x77, 0x40, 0x7F, 0xF0, 0xE0, 0x17, 0x77, 0x75, 0x0E, 0xFE, 0x07, 0x77, 0x77, 0x60, 0x6F,
  0xD0, 0xE8, 0x0C, 0x00, 0x0D, 0xFC, 0x06, 0x80, 0xC0, 0x00, 0x5F, 0xB0, 0xD8, 0x0C, 0x20, 0x0C,
  0xFA, 0x04, 0x80, 0xC2, 0x00, 0x4F, 0x90, 0xB8, 0x0C, 0x40, 0x0B, 0xF0, 0x48, 0x0C, 0x40, 0x08,
  0xF0, 0x38, 0x0C, 0x40, 0x08, 0xF0, 0x38, 0x0C, 0x40, 0x08, 0xF0, 0x38, 0x0C, 0x40, 0x08, 0xF0,
  0x38, 0x0C, 0x40, 0x08, 0xF0, 0x38, 0x0C, 0x40, 0x08, 0xF0, 0x38, 0x0C, 0x40, 0x08, 0xF0, 0x38,
  0x0C, 0x40, 0x08, 0xF0, 0x38, 0x0C, 0x40, 0x08, 0xF0, 0x38, 0x0C, 0x40, 0x08, 0xF0, 0x38, 0x0C,
  0x40, 0x08, 0xF0, 0x38, 0x0C, 0x40, 0x08, 0xF0, 0x38, 0x0C, 0x40, 0x08, 0xF0, 0x38, 0x0C, 0x40,
  0x08, 0xF0, 0x38, 0x0C, 0x40, 0x08, 0xF0, 0x38, 0x0C, 0x40, 0x08, 0xF0, 0x38, 0x0C, 0x40, 0x08,
  0xF0, 0x38, 0x0C, 0x40, 0x08, 0xF0, 0x38, 0x0C, 0x40, 0x08, 0xF0, 0x38, 0x0C, 0x40, 0x08, 0xF0,
  0x38, 0x0C, 0x40, 0x08, 0xF0, 0x38, 0x0C, 0x40, 0x08, 0xF0, 0x38, 0x0C, 0x40, 0x08, 0xF0, 0x37,
  0x76,
  // "Z" (U+005A), RLE, 981 bytes saved (74.8%)
  0x10, 0xA8, 0x0C, 0x4F, 0x20, 0xA8, 0x0C, 0x4F, 0x20, 0xA8, 0x0C, 0x4F, 0x20, 0xA8, 0x0C, 0x4F,
  0x20, 0xA8, 0x0C, 0x4F, 0x20, 0xA8, 0x0C, 0x3F, 0x0D, 0x20, 0x38, 0x0B, 0x24, 0x0B, 0xF9, 0x03,
  0x77, 0x77, 0x40, 0x3F, 0x90, 0x87, 0x77, 0x75, 0x0C, 0xF0, 0xD7, 0x77, 0x75, 0x07, 0xF9, 0x04,
  0x77, 0x77, 0x40, 0x2F, 0x90, 0x97, 0x77, 0x75, 0x0C, 0xF0, 0xD7, 0x77, 0x75, 0x07, 0xF9, 0x04,
  0x77, 0x77, 0x40, 0x2F, 0x90, 0x97, 0x77, 0x75, 0x0B, 0xF0, 0xE0, 0x17, 0x77, 0x74, 0x06, 0xF9,
  0x05, 0x77, 0x77, 0x40, 0x10, 0xEF, 0x0A, 0x77, 0x77, 0x50, 0xBF, 0x0E, 0x01, 0x77, 0x77, 0x40,
  0x6F, 0x90, 0x57, 0x77, 0x74, 0x01, 0x0E, 0xF0, 0xB7, 0x77, 0x75, 0x0A, 0xF0, 0xE0, 0x17, 0x77,
  0x74, 0x05, 0xF9, 0x06, 0x77, 0x77, 0x40, 0x10, 0xEF, 0x0B, 0x77, 0x77, 0x50, 0xAF, 0x0E, 0x02,
  0x77, 0x77, 0x40, 0x4F, 0x90, 0x67, 0x77, 0x74, 0x01, 0x0D, 0xF0, 0xB7, 0x77, 0x75, 0x09, 0xF9,
  0x02, 0x77, 0x77, 0x40, 0x4F, 0x90, 0x77, 0x77, 0x75, 0x0D, 0xF0, 0xC7, 0x77, 0x75, 0x09, 0xF9,
  0x02, 0x77, 0x77, 0x40, 0x3F, 0x90, 0x77, 0x77, 0x75, 0x0D, 0xF0, 0xC7, 0x77, 0x75, 0x08, 0xF9,
  0x03, 0x77, 0x77, 0x40, 0x3F, 0x90, 0x87, 0x77, 0x75, 0x0C, 0xF0, 0xD7, 0x77, 0x75, 0x07, 0xF9,
  0x03, 0x77, 0x77, 0x40, 0x2F, 0x90, 0x87, 0x77, 0x75, 0x0C, 0xF0, 0xD7, 0x77, 0x75, 0x07, 0xF9,
  0x04, 0x77, 0x77, 0x40, 0x2F, 0x90, 0x97, 0x77, 0x75, 0x0C, 0xF0, 0xD7, 0x77, 0x75, 0x06, 0xF9,
  0x04, 0x77, 0x77, 0x40, 0x20, 0xEF, 0x09, 0x77, 0x77, 0x50, 0xBF, 0x0E, 0x01, 0x77, 0x77, 0x40,
  0x6F, 0x90, 0x57, 0x77, 0x74, 0x01, 0x0E, 0xF0, 0xA7, 0x77, 0x75, 0x0B, 0xF0, 0xE0, 0x17, 0x77,
  0x74, 0x05, 0xF9, 0x05, 0x77, 0x77, 0x40, 0x10, 0xEF, 0x0B, 0x77, 0x77, 0x50, 0xAF, 0x0E, 0x01,
  0x77, 0x77, 0x40, 0x5F, 0x90, 0x67, 0x77, 0x74, 0x01, 0x0E, 0xF0, 0xB7, 0x77, 0x75, 0x09, 0xF0,
  0xE0, 0x27, 0x77, 0x74, 0x04, 0xF9, 0x06, 0x77, 0x77, 0x50, 0xDF, 0x0D, 0x80, 0xB4, 0x40, 0x30,
  0x88, 0x0C, 0x5F, 0x0D, 0x0B, 0x80, 0xC5, 0xF0, 0xD0, 0xB8, 0x0C, 0x5F, 0x0D, 0x0B, 0x80, 0xC5,
  0xF0, 0xD0, 0xB8, 0x0C, 0x5F, 0x0D, 0x0B, 0x80, 0xC5, 0xF0, 0xD0,
  // "[" (U+005B), RLE, 530 bytes saved (66.4%)
  0x01, 0xFF, 0xD0, 0x20, 0x1F, 0xFD, 0x02, 0x01, 0xFF, 0xD0, 0x20, 0x1F, 0xFD, 0x02, 0x01, 0xFF,
  0xD0, 0x20, 0x1F, 0xFD, 0x02, 0x01, 0xF0, 0x78, 0x07, 0x41, 0x01, 0xF0, 0x47, 0x50, 0x1F, 0x04,
  0x75, 0x01, 0xF0, 0x47, 0x50, 0x1F, 0x04, 0x75, 0x01, 0xF0, 0x47, 0x50, 0x1F, 0x04, 0x75, 0x01,
  0xF0, 0x47, 0x50, 0x1F, 0x04, 0x75, 0x01, 0xF0, 0x47, 0x50, 0x1F, 0x04, 0x75, 0x01, 0xF0, 0x47,
  0x50, 0x1F, 0x04, 0x75, 0x01, 0xF0, 0x47, 0x50, 0x1F, 0x04, 0x75, 0x01, 0xF0, 0x47, 0x50, 0x1F,
  0x04, 0x75, 0x01, 0xF0, 0x47, 0x50, 0x1F, 0x04, 0x75, 0x01, 0xF0, 0x47, 0x50, 0x1F, 0x04, 0x75,
  0x01, 0xF0, 0x47, 0x50, 0x1F, 0x04, 0x75, 0x01, 0xF0, 0x47, 0x50, 0x1F, 0x04, 0x75, 0x01, 0xF0,
  0x47, 0x50, 0x1F, 0x04, 0x75, 0x01, 0xF0, 0x47, 0x50, 0x1F, 0x04, 0x75, 0x01, 0xF0, 0x47, 0x50,
  0x1F, 0x04, 0x75, 0x01, 0xF0, 0x47, 0x50, 0x1F, 0x04, 0x75, 0x01, 0xF0, 0x47, 0x50, 0x1F, 0x04,
  0x75, 0x01, 0xF0, 0x47, 0x50, 0x1F, 0x04, 0x75, 0x01, 0xF0, 0x47, 0x50, 0x1F, 0x04, 0x75, 0x01,
  0xF0, 0x47, 0x50, 0x1F, 0x04, 0x75, 0x01, 0xF0, 0x47, 0x50, 0x1F, 0x04, 0x75, 0x01, 0xF0, 0x47,
  0x50, 0x1F, 0x04, 0x75, 0x01, 0xF0, 0x47, 0x50, 0x1F, 0x04, 0x75, 0x01, 0xF0, 0x47, 0x50, 0x1F,
  0x04, 0x75, 0x01, 0xF0, 0x47, 0x50, 0x1F, 0x04, 0x75, 0x01, 0xF0, 0x47, 0x50, 0x1F, 0x04, 0x75,
  0x01, 0xF0, 0x47, 0x50, 0x1F, 0x04, 0x75, 0x01, 0xF0, 0x47, 0x50, 0x1F, 0x04, 0x75, 0x01, 0xF0,
  0x47, 0x50, 0x1F, 0x04, 0x75, 0x01, 0xF0, 0x47, 0x50, 0x1F, 0x04, 0x75, 0x01, 0xF0, 0x47, 0x50,
  0x1F, 0x04, 0x75, 0x01, 0xFF, 0xD0, 0x20, 0x1F, 0xFD, 0x02, 0x01, 0xFF, 0xD0, 0x20, 0x1F, 0xFD,
  0x02, 0x01, 0xFF, 0xD0, 0x20, 0x1F, 0xFD, 0x02, 0x18, 0x09, 0x74, 0x10,
  // "\" (U+005C), RLE, 673 bytes saved (71.1%)
  0x0E, 0xE0, 0x67, 0x77, 0x20, 0x9E, 0x0C, 0x77, 0x72, 0x03, 0xF0, 0x27, 0x77, 0x20, 0xCE, 0x08,
  0x77, 0x72, 0x07, 0xE0, 0xE7, 0x77, 0x20, 0x1F, 0x04, 0x77, 0x72, 0x0B, 0xE0, 0xA7, 0x77, 0x20,
  0x5F, 0x01, 0x77, 0x72, 0x0E, 0xE0, 0x77, 0x77, 0x20, 0x9E, 0x0C, 0x77, 0x72, 0x03, 0xF0, 0x37,
  0x77, 0x20, 0xCE, 0x09, 0x77, 0x72, 0x07, 0xE0, 0xE7, 0x77, 0x20, 0x1F, 0x05, 0x77, 0x72, 0x0B,
  0xE0, 0xB7, 0x77, 0x20, 0x5F, 0x01, 0x77, 0x72, 0x0E, 0xE0, 0x77, 0x77, 0x20, 0x9E, 0x0D, 0x77,
  0x72, 0x03, 0xF0, 0x37, 0x77, 0x20, 0xCE, 0x09, 0x77, 0x72, 0x07, 0xE0, 0xE7, 0x77, 0x20, 0x1F,
  0x05, 0x77, 0x72, 0x0B, 0xE0, 0xB7, 0x77, 0x20, 0x5F, 0x01, 0x77, 0x72, 0x0E, 0xE0, 0x77, 0x77,
  0x20, 0x9E, 0x0D, 0x77, 0x72, 0x03, 0xF0, 0x37, 0x77, 0x20, 0xCE, 0x09, 0x77, 0x72, 0x07, 0xE0,
  0xE7, 0x77, 0x20, 0x1F, 0x05, 0x77, 0x72, 0x0B, 0xE0, 0xB7, 0x77, 0x20, 0x5F, 0x01, 0x77, 0x72,
  0x0E, 0xE0, 0x77, 0x77, 0x20, 0x9E, 0x0D, 0x77, 0x72, 0x03, 0xF0, 0x37, 0x77, 0x20, 0xCE, 0x09,
  0x77, 0x72, 0x07, 0xE0, 0xE7, 0x77, 0x20, 0x1F, 0x05, 0x77, 0x72, 0x0B, 0xE0, 0xB7, 0x77, 0x20,
  0x5F, 0x01, 0x77, 0x72, 0x0E, 0xE0, 0x77, 0x77, 0x20, 0x9E, 0x0D, 0x77, 0x72, 0x03, 0xF0, 0x37,
  0x77, 0x20, 0xCE, 0x09, 0x77, 0x72, 0x07, 0xE0, 0xE7, 0x77, 0x20, 0x1F, 0x05, 0x77, 0x72, 0x0B,
  0xE0, 0xB7, 0x77, 0x20, 0x5F, 0x02, 0x77, 0x72, 0x0E, 0xE0, 0x77, 0x77, 0x20, 0x9E, 0x0D, 0x77,
  0x72, 0x03, 0xF0, 0x47, 0x77, 0x20, 0xCE, 0x09, 0x77, 0x72, 0x07, 0xE0, 0xE7, 0x77, 0x20, 0x1F,
  0x06, 0x77, 0x72, 0x0B, 0xE0, 0xB7, 0x77, 0x20, 0x5F, 0x02, 0x77, 0x72, 0x0E, 0xE0, 0x87, 0x77,
  0x20, 0x9E, 0x0D, 0x77, 0x72, 0x03, 0xF0, 0x47, 0x77, 0x20, 0xCE, 0x0A, 0x77, 0x72, 0x07, 0xF0,
  0x10,
  // "]" (U+005D), RLE, 554 bytes saved (72.9%)
  0x0D, 0xFF, 0xC0, 0x60, 0xDF, 0xFC, 0x06, 0x0D, 0xFF, 0xC0, 0x60, 0xDF, 0xFC, 0x06, 0x0D, 0xFF,
  0xC0, 0x60, 0xDF, 0xFC, 0x06, 0x03, 0x80, 0x74, 0xF0, 0x67, 0x5F, 0x06, 0x75, 0xF0, 0x67, 0x5F,
  0x06, 0x75, 0xF0, 0x67, 0x5F, 0x06, 0x75, 0xF0, 0x67, 0x5F, 0x06, 0x75, 0xF0, 0x67, 0x5F, 0x06,
  0x75, 0xF0, 0x67, 0x5F, 0x06, 0x75, 0xF0, 0x67, 0x5F, 0x06, 0x75, 0xF0, 0x67, 0x5F, 0x06, 0x75,
  0xF0, 0x67, 0x5F, 0x06, 0x75, 0xF0, 0x67, 0x5F, 0x06, 0x75, 0xF0, 0x67, 0x5F, 0x06, 0x75, 0xF0,
  0x67, 0x5F, 0x06, 0x75, 0xF0, 0x67, 0x5F, 0x06, 0x75, 0xF0, 0x67, 0x5F, 0x06, 0x75, 0xF0, 0x67,
  0x5F, 0x06, 0x75, 0xF0, 0x67, 0x5F, 0x06, 0x75, 0xF0, 0x67, 0x5F, 0x06, 0x75, 0xF0, 0x67, 0x5F,
  0x06, 0x75, 0xF0, 0x67, 0x5F, 0x06, 0x75, 0xF0, 0x67, 0x5F, 0x06, 0x75, 0xF0, 0x67, 0x5F, 0x06,
  0x75, 0xF0, 0x67, 0x5F, 0x06, 0x75, 0xF0, 0x67, 0x5F, 0x06, 0x75, 0xF0, 0x67, 0x5F, 0x06, 0x75,
  0xF0, 0x67, 0x5F, 0x06, 0x75, 0xF0, 0x67, 0x5F, 0x06, 0x75, 0xF0, 0x67, 0x5F, 0x06, 0x75, 0xF0,
  0x67, 0x5F, 0x06, 0x75, 0xF0, 0x67, 0x5F, 0x06, 0x75, 0xF0, 0x67, 0x5F, 0x06, 0x75, 0xF0, 0x67,
  0x5F, 0x06, 0x75, 0xF0, 0x60, 0xDF, 0xFC, 0x06, 0x0D, 0xFF, 0xC0, 0x60, 0xDF, 0xFC, 0x06, 0x0D,
  0xFF, 0xC0, 0x60, 0xDF, 0xFC, 0x06, 0x0D, 0xFF, 0xC0, 0x60, 0x38, 0x09, 0x64, 0x01,
  // "^" (U+005E), RLE, 548 bytes saved (65.3%)
  0x77, 0x40, 0xBB, 0x0E, 0x01, 0x80, 0xC0, 0x00, 0x3D, 0x08, 0x80, 0xC0, 0x00, 0xAE, 0x01, 0x77,
  0x77, 0x60, 0x2F, 0x09, 0x77, 0x77, 0x60, 0x9F, 0x90, 0x27, 0x77, 0x74, 0x01, 0xFA, 0x09, 0x77,
  0x77, 0x40, 0x8F, 0xB0, 0x27, 0x77, 0x73, 0x0E, 0xFB, 0x0A, 0x77, 0x77, 0x20, 0x7D, 0x0A, 0xE0,
  0x27, 0x77, 0x71, 0x0E, 0xD0, 0x10, 0x8D, 0x0A, 0x77, 0x77, 0x06, 0xD8, 0x2A, 0x01, 0xED, 0x03,
  0x77, 0x76, 0x0D, 0xD0, 0x32, 0x08, 0xD0, 0xB7, 0x77, 0x50, 0x5D, 0x0B, 0x30, 0x10, 0xED, 0x03,
  0x77, 0x74, 0x0C, 0xD0, 0x54, 0x08, 0xD0, 0xB7, 0x77, 0x30, 0x4D, 0x0D, 0x50, 0x10, 0xED, 0x04,
  0x77, 0x72, 0x0B, 0xD0, 0x66, 0x08, 0xD0, 0xC7, 0x77, 0x10, 0x3D, 0x0E, 0x70, 0x10, 0xED, 0x04,
  0x77, 0x70, 0xAD, 0x08, 0x71, 0x08, 0xD0, 0xC7, 0x76, 0x02, 0xE0, 0x17, 0x10, 0x10, 0xED, 0x05,
  0x77, 0x50, 0x9D, 0x0A, 0x73, 0x08, 0xD0, 0xD7, 0x74, 0x01, 0xE0, 0x37, 0x30, 0x10, 0xED, 0x05,
  0x77, 0x30, 0x8D, 0x0B, 0x75, 0x08, 0xD0, 0xD7, 0x72, 0x01, 0x0E, 0xD0, 0x47, 0x50, 0x10, 0xED,
  0x06, 0x77, 0x10, 0x7D, 0x0D, 0x77, 0x08, 0xD0, 0xD7, 0x71, 0x0E, 0xD0, 0x67, 0x70, 0x10, 0xED,
  0x06, 0x76, 0x06, 0xD0, 0xE7, 0x72, 0x08, 0xD0, 0xE7, 0x60, 0xDD, 0x08, 0x77, 0x20, 0x10, 0xED,
  0x07, 0x74, 0x05, 0xE0, 0x17, 0x73, 0x08, 0xD0, 0xE7, 0x40, 0xCD, 0x0A, 0x77, 0x40, 0x10, 0xED,
  0x07, 0x72, 0x04, 0xE0, 0x37, 0x75, 0x08, 0xD0, 0xE0, 0x17, 0x10, 0xBD, 0x0B, 0x77, 0x60, 0x10,
  0xED, 0x08, 0x70, 0x3E, 0x04, 0x77, 0x70, 0x8D, 0x0E, 0x01, 0x60, 0xAD, 0x0D, 0x77, 0x71, 0x01,
  0x0E, 0xD0, 0x85, 0x02, 0xE0, 0x67, 0x77, 0x20, 0x8E, 0x01, 0x40, 0x9D, 0x0E, 0x77, 0x73, 0x01,
  0x0E, 0xD0, 0x93, 0x01, 0xE0, 0x87, 0x77, 0x40, 0x8E, 0x02, 0x20, 0x8E, 0x01, 0x77, 0x74, 0x01,
  0x0E, 0xD8, 0x29, 0x01, 0xED, 0x09, 0x77, 0x76, 0x08, 0xE0, 0x20, 0x7E, 0x03, 0x77, 0x76, 0x01,
  0x0E, 0xD0, 0xA0,
  // "_" (U+005F), RLE, 93 bytes saved (77.5%)
  0x02, 0x80, 0xC2, 0xF0, 0x50, 0x28, 0x0C, 0x2F, 0x05, 0x02, 0x80, 0xC2, 0xF0, 0x50, 0x28, 0x0C,
  0x2F, 0x05, 0x02, 0x80, 0xC2, 0xF0, 0x50, 0x28, 0x0C, 0x2F, 0x05,
  // "`" (U+0060), RLE, 68 bytes saved (54.0%)
  0x08, 0xF9, 0x0B, 0x71, 0x02, 0xFA, 0x03, 0x71, 0x06, 0xF9, 0x0C, 0x72, 0x09, 0xF9, 0x05, 0x72,
  0x0B, 0xF0, 0xD7, 0x20, 0x10, 0xDF, 0x09, 0x72, 0x02, 0x0E, 0xF0, 0x37, 0x20, 0x30, 0xEE, 0x0D,
  0x73, 0x03, 0x0E, 0xE0, 0x77, 0x30, 0x4F, 0x03, 0x73, 0x04, 0x0E, 0xD0, 0xD7, 0x40, 0x30, 0xED,
  0x09, 0x74, 0x03, 0x0D, 0xD0, 0x57, 0x40, 0x10, 0xCC, 0x0B,
  // "a" (U+0061), RLE, 560 bytes saved (61.4%)
  0x76, 0x85, 0x25, 0x8A, 0xCE, 0xEA, 0x84, 0xED, 0xC9, 0x73, 0x77, 0x68, 0x14, 0x9D, 0xFF, 0x98,
  0x1E, 0x82, 0x77, 0x81, 0x18, 0xDF, 0xFF, 0x08, 0x74, 0x02, 0x0A, 0xFF, 0xFC, 0x0C, 0x01, 0x72,
  0x0C, 0xFF, 0xFE, 0x0D, 0x01, 0x71, 0x06, 0xFF, 0xFF, 0x0B, 0x71, 0x01, 0xFA, 0x89, 0x0D, 0x97,
  0x54, 0x45, 0x7A, 0xEF, 0xB0, 0x57, 0x10, 0xAD, 0x81, 0xC6, 0x17, 0x30, 0x50, 0xDF, 0x90, 0xD7,
  0x10, 0x3A, 0x81, 0xE9, 0x37, 0x70, 0x10, 0xBF, 0x90, 0x37, 0x18, 0x1C, 0x81, 0x77, 0x30, 0x10,
  0xDF, 0x08, 0x77, 0x77, 0x10, 0x5F, 0x0C, 0x77, 0x77, 0x20, 0xDF, 0x77, 0x77, 0x20, 0x9F, 0x01,
  0x77, 0x77, 0x10, 0x6F, 0x03, 0x77, 0x77, 0x10, 0x4F, 0x03, 0x77, 0x77, 0x10, 0x3F, 0x04, 0x77,
  0x77, 0x10, 0x2F, 0x04, 0x77, 0x77, 0x10, 0x1F, 0x04, 0x77, 0x77, 0x10, 0x1F, 0x04, 0x77, 0x77,
  0x10, 0x1F, 0x04, 0x75, 0x86, 0x14, 0x79, 0xBC, 0xDE, 0xFF, 0xB0, 0x47, 0x28, 0x14, 0x9D, 0xFF,
  0xFC, 0x04, 0x70, 0x70, 0xDF, 0xFF, 0xF0, 0x45, 0x05, 0x0D, 0xFF, 0xFF, 0xA0, 0x44, 0x09, 0xFF,
  0xFF, 0xC0, 0x43, 0x0A, 0xFB, 0x85, 0xEA, 0x75, 0x31, 0x17, 0x10, 0x3F, 0x04, 0x20, 0x8F, 0xA0,
  0x90, 0x37, 0x71, 0x03, 0xF8, 0x14, 0x03, 0xF9, 0x0D, 0x02, 0x77, 0x30, 0x3F, 0x81, 0x40, 0xCF,
  0x0C, 0x01, 0x77, 0x40, 0x3F, 0x04, 0x03, 0xF9, 0x02, 0x77, 0x50, 0x3F, 0x04, 0x08, 0xF0, 0x87,
  0x76, 0x05, 0xF0, 0x40, 0xCF, 0x03, 0x77, 0x60, 0x6F, 0x04, 0x0E, 0xE0, 0xE7, 0x77, 0x08, 0xF0,
  0x4F, 0x0D, 0x77, 0x70, 0xDF, 0x04, 0xF0, 0xC7, 0x76, 0x02, 0xF9, 0x04, 0xF0, 0xD7, 0x76, 0x0A,
  0xF9, 0x04, 0x0E, 0xF0, 0x17, 0x74, 0x03, 0xFA, 0x04, 0x0C, 0xF0, 0x57, 0x73, 0x01, 0x0D, 0xFA,
  0x04, 0x09, 0xF0, 0xD7, 0x72, 0x02, 0x0D, 0xFB, 0x04, 0x05, 0xF9, 0x0A, 0x77, 0x06, 0x0E, 0xFC,
  0x81, 0x40, 0xEF, 0x90, 0xD0, 0x47, 0x28, 0x11, 0x7D, 0xD0, 0xD0, 0xCE, 0x81, 0x40, 0x8F, 0xB8,
  0x7D, 0x96, 0x54, 0x56, 0x9C, 0xF8, 0x1E, 0x27, 0xE0, 0x42, 0x0D, 0xFF, 0xFB, 0x82, 0xE3, 0x03,
  0xE0, 0x42, 0x03, 0x0E, 0xFF, 0xF9, 0x0E, 0x03, 0x3E, 0x04, 0x30, 0x30, 0xEF, 0xFE, 0x0D, 0x02,
  0x40, 0xCD, 0x04, 0x40, 0x10, 0x9F, 0xFC, 0x09, 0x01, 0x50, 0x8D, 0x04, 0x60, 0x30, 0xAF, 0xF0,
  0xA0, 0x37, 0x05, 0xD0, 0x47, 0x18, 0x94, 0x15, 0x8C, 0xDE, 0xFE, 0xED, 0xB8, 0x51, 0x77, 0x20,
  // "b" (U+0062), RLE, 901 bytes saved (65.0%)
  0x0A, 0xE0, 0xD7, 0x77, 0x76, 0x0A, 0xE0, 0xD7, 0x77, 0x76, 0x0A, 0xE0, 0xD7, 0x77, 0x76, 0x0A,
  0xE0, 0xD7, 0x77, 0x76, 0x0A, 0xE0, 0xD7, 0x77, 0x76, 0x0A, 0xE0, 0xD7, 0x77, 0x76, 0x0A, 0xE0,
  0xD7, 0x77, 0x76, 0x0A, 0xE0, 0xD7, 0x77, 0x76, 0x0A, 0xE0, 0xD7, 0x77, 0x76, 0x0A, 0xE0, 0xD7,
  0x77, 0x76, 0x0A, 0xE0, 0xD7, 0x77, 0x76, 0x0A, 0xE0, 0xD7, 0x77, 0x76, 0x0A, 0xE0, 0xD7, 0x77,
  0x76, 0x0A, 0xE0, 0xD7, 0x77, 0x76, 0x0A, 0xE0, 0xD7, 0x77, 0x76, 0x0A, 0xE0, 0xD7, 0x77, 0x76,
  0x0A, 0xE0, 0xD7, 0x77, 0x76, 0x0A, 0xE0, 0xD7, 0x77, 0x76, 0x0A, 0xE0, 0xD7, 0x18, 0x34, 0x8A,
  0xDE, 0xA8, 0x3E, 0xDB, 0x84, 0x77, 0x0A, 0xE0, 0xC5, 0x81, 0x18, 0xEF, 0xD8, 0x1E, 0x93, 0x74,
  0x0A, 0xE0, 0xB4, 0x06, 0x0E, 0xFF, 0xB0, 0xA0, 0x17, 0x20, 0xAE, 0x0B, 0x30, 0xBF, 0xFE, 0x0E,
  0x04, 0x71, 0x0A, 0xE8, 0x2A, 0x01, 0xCF, 0xFF, 0xA0, 0x77, 0x0A, 0xE8, 0x19, 0x0C, 0xFF, 0xFC,
  0x07, 0x60, 0xAE, 0x08, 0x0A, 0xF8, 0x7B, 0x86, 0x54, 0x45, 0x8B, 0xFC, 0x05, 0x50, 0xAE, 0x0E,
  0xD8, 0x1D, 0x61, 0x72, 0x81, 0x17, 0xEF, 0x90, 0xE0, 0x24, 0x0A, 0xFC, 0x09, 0x77, 0x01, 0x0C,
  0xF9, 0x0A, 0x40, 0xAF, 0xB0, 0x87, 0x73, 0x0B, 0xF9, 0x04, 0x30, 0xAF, 0xA0, 0xB7, 0x74, 0x01,
  0x0D, 0xF0, 0xB3, 0x0A, 0xFA, 0x02, 0x77, 0x50, 0x4F, 0x90, 0x22, 0x0A, 0xF9, 0x0A, 0x77, 0x70,
  0xBF, 0x07, 0x20, 0xAF, 0x90, 0x47, 0x77, 0x04, 0xF0, 0xD2, 0x0A, 0xF0, 0xE7, 0x77, 0x20, 0xEF,
  0x81, 0x10, 0xAF, 0x0A, 0x77, 0x72, 0x09, 0xF8, 0x15, 0x0A, 0xF0, 0x77, 0x77, 0x20, 0x6F, 0x81,
  0x80, 0xAF, 0x04, 0x77, 0x72, 0x03, 0xF8, 0x1A, 0x0A, 0xF0, 0x27, 0x77, 0x3F, 0x81, 0xC0, 0xAF,
  0x77, 0x74, 0x0E, 0xE8, 0x1E, 0x0A, 0xF7, 0x77, 0x40, 0xCF, 0x10, 0xAE, 0x0E, 0x77, 0x74, 0x0B,
  0xF0, 0x10, 0xAE, 0x0D, 0x77, 0x74, 0x0B, 0xF0, 0x10, 0xAE, 0x0D, 0x77, 0x74, 0x0A, 0xF0, 0x20,
  0xAE, 0x0D, 0x77, 0x74, 0x0A, 0xF0, 0x20, 0xAE, 0x0E, 0x77, 0x74, 0x0B, 0xF0, 0x10, 0xAF, 0x77,
  0x74, 0x0B, 0xF0, 0x10, 0xAF, 0x77, 0x74, 0x0C, 0xF1, 0x0A, 0xF0, 0x17, 0x77, 0x30, 0xEE, 0x81,
  0xE0, 0xAF, 0x03, 0x77, 0x72, 0x01, 0xF8, 0x1C, 0x0A, 0xF0, 0x67, 0x77, 0x20, 0x3F, 0x81, 0xA0,
  0xAF, 0x08, 0x77, 0x72, 0x06, 0xF8, 0x17, 0x0A, 0xF0, 0xC7, 0x77, 0x20, 0xAF, 0x81, 0x40, 0xAF,
  0x90, 0x17, 0x77, 0x10, 0xEF, 0x81, 0x10, 0xAF, 0x90, 0x67, 0x77, 0x05, 0xF0, 0xC2, 0x0A, 0xF9,
  0x0D, 0x77, 0x70, 0xCF, 0x07, 0x20, 0xAF, 0xA0, 0x57, 0x75, 0x05, 0xF9, 0x02, 0x20, 0xAF, 0xA0,
  0xD7, 0x74, 0x01, 0x0E, 0xF0, 0xA3, 0x0A, 0xFB, 0x0A, 0x77, 0x30, 0xCF, 0x90, 0x33, 0x0A, 0xFC,
  0x0B, 0x01, 0x76, 0x01, 0x0C, 0xF9, 0x09, 0x40, 0xAF, 0xD8, 0x1E, 0x71, 0x72, 0x81, 0x17, 0xEF,
  0x90, 0xE0, 0x14, 0x0A, 0xE0, 0x60, 0xDF, 0x87, 0xC9, 0x65, 0x44, 0x57, 0xBF, 0xC0, 0x45, 0x0A,
  0xD8, 0x2E, 0x02, 0xEF, 0xFF, 0xC0, 0x56, 0x0A, 0xD0, 0xA2, 0x03, 0x0E, 0xFF, 0xFA, 0x06, 0x70,
  0xAD, 0x06, 0x30, 0x20, 0xCF, 0xFE, 0x0E, 0x04, 0x71, 0x0A, 0xD0, 0x25, 0x08, 0xFF, 0xC0, 0x90,
  0x17, 0x20, 0xAC, 0x0D, 0x78, 0x12, 0x9E, 0xFD, 0x81, 0xE9, 0x27, 0x77, 0x68, 0x34, 0x8B, 0xDE,
  0xA8, 0x3E, 0xDB, 0x84, 0x77,
  // "c" (U+0063), RLE, 564 bytes saved (67.1%)
  0x77, 0x18, 0x95, 0x15, 0x8B, 0xDE, 0xEF, 0xED, 0xCB, 0x86, 0x37, 0x73, 0x81, 0x17, 0xCF, 0xF9,
  0x81, 0xEA, 0x57, 0x58, 0x11, 0x9E, 0xFF, 0xE0, 0xE0, 0x37, 0x20, 0x60, 0xEF, 0xFF, 0xA0, 0x17,
  0x10, 0xAF, 0xFF, 0xB0, 0xA7, 0x01, 0x0B, 0xFF, 0xFC, 0x04, 0x70, 0xBF, 0xB8, 0x90, 0xEA, 0x75,
  0x44, 0x67, 0xAD, 0xD0, 0xE7, 0x09, 0xFA, 0x0B, 0x04, 0x73, 0x81, 0x16, 0xBA, 0x08, 0x60, 0x4F,
  0x90, 0xE0, 0x57, 0x71, 0x81, 0x16, 0x26, 0x0D, 0xF0, 0xE0, 0x27, 0x77, 0x30, 0x7F, 0x90, 0x37,
  0x77, 0x40, 0xEF, 0x06, 0x77, 0x74, 0x05, 0xF0, 0xD7, 0x77, 0x50, 0xBF, 0x05, 0x77, 0x75, 0xF0,
  0xE7, 0x77, 0x50, 0x4F, 0x0A, 0x77, 0x75, 0x08, 0xF0, 0x57, 0x77, 0x50, 0xAF, 0x02, 0x77, 0x75,
  0x0D, 0xF7, 0x77, 0x6F, 0x0D, 0x77, 0x75, 0x01, 0xF0, 0xB7, 0x77, 0x50, 0x2F, 0x0A, 0x77, 0x75,
  0x03, 0xF0, 0x97, 0x77, 0x50, 0x3F, 0x08, 0x77, 0x75, 0x03, 0xF0, 0x97, 0x77, 0x50, 0x3F, 0x09,
  0x77, 0x75, 0x02, 0xF0, 0xA7, 0x77, 0x50, 0x1F, 0x0B, 0x77, 0x76, 0xF0, 0xC7, 0x77, 0x60, 0xEF,
  0x77, 0x76, 0x0B, 0xF0, 0x27, 0x77, 0x50, 0x9F, 0x05, 0x77, 0x75, 0x06, 0xF0, 0xA7, 0x77, 0x50,
  0x1F, 0x0E, 0x77, 0x76, 0x0D, 0xF0, 0x57, 0x77, 0x50, 0x7F, 0x0D, 0x77, 0x75, 0x01, 0xF9, 0x07,
  0x77, 0x75, 0x0A, 0xF0, 0xE0, 0x27, 0x77, 0x40, 0x2F, 0x90, 0xD0, 0x27, 0x77, 0x40, 0x7F, 0x90,
  0xE0, 0x47, 0x72, 0x81, 0x17, 0x86, 0x0C, 0xFA, 0x0A, 0x03, 0x74, 0x81, 0x16, 0xBA, 0x0A, 0x60,
  0x10, 0xDF, 0xB8, 0x91, 0xD9, 0x65, 0x45, 0x56, 0x8B, 0xDD, 0x0A, 0x70, 0x30, 0xEF, 0xFF, 0xC0,
  0xA7, 0x10, 0x20, 0xDF, 0xFF, 0xB0, 0xA7, 0x20, 0x10, 0x9F, 0xFF, 0xA0, 0xA7, 0x40, 0x30, 0xBF,
  0xFF, 0x07, 0x76, 0x81, 0x39, 0xEF, 0xF9, 0x81, 0xD8, 0x17, 0x73, 0x84, 0x37, 0x9C, 0xDE, 0xB8,
  0x4E, 0xDB, 0x96, 0x15,
  // "d" (U+0064), RLE, 923 bytes saved (66.6%)
  0x77, 0x77, 0x6F, 0x09, 0x77, 0x77, 0x6F, 0x09, 0x77, 0x77, 0x6F, 0x09, 0x77, 0x77, 0x6F, 0x09,
  0x77, 0x77, 0x6F, 0x09, 0x77, 0x77, 0x6F, 0x09, 0x77, 0x77, 0x6F, 0x09, 0x77, 0x77, 0x6F, 0x09,
  0x77, 0x77, 0x6F, 0x09, 0x77, 0x77, 0x6F, 0x09, 0x77, 0x77, 0x6F, 0x09, 0x77, 0x77, 0x6F, 0x09,
  0x77, 0x77, 0x6F, 0x09, 0x77, 0x77, 0x6F, 0x09, 0x77, 0x77, 0x6F, 0x09, 0x77, 0x77, 0x6F, 0x09,
  0x77, 0x77, 0x6F, 0x09, 0x77, 0x77, 0x6F, 0x09, 0x76, 0x89, 0x31, 0x58, 0xBD, 0xEF, 0xEE, 0xCA,
  0x73, 0x71, 0xF0, 0x97, 0x40, 0x30, 0xAF, 0xE0, 0xD0, 0x66, 0x0E, 0xE0, 0x97, 0x20, 0x10, 0xAF,
  0xFB, 0x0D, 0x04, 0x40, 0xDE, 0x09, 0x71, 0x05, 0x0E, 0xFF, 0xE0, 0x83, 0x0C, 0xE0, 0x97, 0x07,
  0xFF, 0xFA, 0x0B, 0x20, 0xAE, 0x09, 0x60, 0x7F, 0xFF, 0xC8, 0x1B, 0x09, 0xE0, 0x95, 0x05, 0xFC,
  0x87, 0xB7, 0x54, 0x45, 0x79, 0xDF, 0x09, 0x08, 0xE0, 0x94, 0x02, 0x0E, 0xF9, 0x81, 0xE7, 0x17,
  0x20, 0x20, 0x9F, 0xE0, 0x94, 0x0B, 0xF9, 0x0C, 0x02, 0x76, 0x02, 0x0C, 0xFC, 0x09, 0x30, 0x5F,
  0x90, 0xC0, 0x17, 0x71, 0x01, 0x0C, 0xFB, 0x09, 0x30, 0xCF, 0x0E, 0x02, 0x77, 0x30, 0x10, 0xEF,
  0xA0, 0x92, 0x03, 0xF9, 0x06, 0x77, 0x50, 0x7F, 0xA0, 0x92, 0x09, 0xF0, 0xE7, 0x77, 0x0E, 0xF9,
  0x09, 0x20, 0xEF, 0x06, 0x77, 0x70, 0x8F, 0x98, 0x19, 0x02, 0xF9, 0x01, 0x77, 0x70, 0x3F, 0x98,
  0x19, 0x06, 0xF0, 0xB7, 0x77, 0x20, 0xEF, 0x81, 0x90, 0x9F, 0x06, 0x77, 0x72, 0x09, 0xF8, 0x19,
  0x0C, 0xF0, 0x37, 0x77, 0x20, 0x7F, 0x81, 0x90, 0xEF, 0x77, 0x73, 0x05, 0xF0, 0x91, 0xF0, 0xD7,
  0x77, 0x30, 0x2F, 0x09, 0x01, 0xF0, 0xB7, 0x77, 0x30, 0x1F, 0x09, 0x03, 0xF0, 0xA7, 0x77, 0x4F,
  0x09, 0x03, 0xF0, 0xA7, 0x77, 0x4F, 0x09, 0x03, 0xF0, 0x97, 0x77, 0x40, 0xEE, 0x09, 0x03, 0xF0,
  0x87, 0x77, 0x40, 0xEE, 0x09, 0x03, 0xF0, 0x97, 0x77, 0x40, 0xEE, 0x09, 0x03, 0xF0, 0xA7, 0x77,
  0x40, 0xEE, 0x09, 0x02, 0xF0, 0xB7, 0x77, 0x40, 0xEE, 0x09, 0x1F, 0x0C, 0x77, 0x74, 0xF8, 0x19,
  0x0E, 0xE0, 0xE7, 0x77, 0x30, 0x1F, 0x81, 0x90, 0xCF, 0x02, 0x77, 0x72, 0x03, 0xF8, 0x19, 0x0A,
  0xF0, 0x47, 0x77, 0x20, 0x6F, 0x81, 0x90, 0x7F, 0x09, 0x77, 0x72, 0x09, 0xF8, 0x19, 0x03, 0xF0,
  0xE7, 0x77, 0x20, 0xDF, 0x09, 0x20, 0xEF, 0x03, 0x77, 0x70, 0x3F, 0x90, 0x92, 0x0A, 0xF0, 0xB7,
  0x77, 0x09, 0xF9, 0x09, 0x20, 0x4F, 0x90, 0x47, 0x75, 0x02, 0xFA, 0x09, 0x30, 0xDF, 0x0D, 0x77,
  0x50, 0xBF, 0xA0, 0x93, 0x06, 0xF9, 0x0A, 0x77, 0x30, 0x8F, 0xB0, 0x94, 0x0D, 0xF9, 0x0B, 0x01,
  0x76, 0x01, 0x0A, 0xFC, 0x09, 0x40, 0x3F, 0xA0, 0xE0, 0x67, 0x38, 0x11, 0x7E, 0xFD, 0x09, 0x50,
  0x7F, 0xB8, 0x90, 0xEA, 0x75, 0x44, 0x56, 0x9C, 0xF0, 0x90, 0x8E, 0x09, 0x60, 0x9F, 0xFF, 0xC8,
  0x1B, 0x05, 0xE0, 0x97, 0x09, 0xFF, 0xFA, 0x0B, 0x20, 0x2E, 0x09, 0x71, 0x07, 0xFF, 0xF0, 0x84,
  0xE0, 0x97, 0x20, 0x20, 0xCF, 0xFB, 0x0D, 0x04, 0x50, 0xCD, 0x09, 0x74, 0x04, 0x0B, 0xFE, 0x0D,
  0x06, 0x70, 0x9D, 0x09, 0x76, 0x89, 0x31, 0x59, 0xBD, 0xEF, 0xEE, 0xCA, 0x73, 0x77, 0x20,
  // "e" (U+0065), RLE, 671 bytes saved (68.2%)
  0x77, 0x18, 0x93, 0x47, 0xAC, 0xDE, 0xFE, 0xDB, 0x85, 0x17, 0x77, 0x48, 0x13, 0x9E, 0xFE, 0x0A,
  0x04, 0x77, 0x70, 0x20, 0xAF, 0xFC, 0x0B, 0x03, 0x77, 0x40, 0x6F, 0xFF, 0x90, 0x77, 0x72, 0x09,
  0xFF, 0xFB, 0x0A, 0x77, 0x0A, 0xFF, 0xFD, 0x0A, 0x75, 0x0A, 0xFB, 0x86, 0xC8, 0x65, 0x56, 0x7B,
  0xFB, 0x08, 0x73, 0x06, 0xFA, 0x08, 0x01, 0x71, 0x01, 0x07, 0xFA, 0x05, 0x71, 0x02, 0xF9, 0x0C,
  0x02, 0x75, 0x02, 0x0D, 0xF0, 0xE7, 0x10, 0xBF, 0x0C, 0x01, 0x77, 0x02, 0x0D, 0xF0, 0x76, 0x04,
  0xF0, 0xE0, 0x17, 0x72, 0x04, 0xF0, 0xE6, 0x0C, 0xF0, 0x47, 0x74, 0x0A, 0xF0, 0x64, 0x03, 0xF0,
  0xB7, 0x75, 0x03, 0xF0, 0xC4, 0x09, 0xF0, 0x37, 0x76, 0x0C, 0xF0, 0x13, 0x0E, 0xE0, 0xD7, 0x77,
  0x07, 0xF0, 0x52, 0x02, 0xF0, 0x87, 0x77, 0x04, 0xF0, 0x82, 0x06, 0xF0, 0x47, 0x77, 0x01, 0xF0,
  0xB2, 0x0A, 0xF0, 0x17, 0x77, 0x10, 0xEE, 0x0D, 0x20, 0xCE, 0x0E, 0x77, 0x72, 0x0D, 0xF2, 0x0E,
  0xE0, 0xD8, 0x0A, 0x34, 0x0D, 0xF1, 0x01, 0x80, 0xC3, 0xF0, 0x10, 0x28, 0x0C, 0x3F, 0x01, 0x02,
  0x80, 0xC3, 0xF0, 0x10, 0x38, 0x0C, 0x3F, 0x01, 0x03, 0x80, 0xC3, 0xF0, 0x10, 0x38, 0x0C, 0x3F,
  0x01, 0x02, 0xF0, 0x97, 0x77, 0x74, 0x01, 0xF0, 0xA7, 0x77, 0x75, 0xF0, 0xC7, 0x77, 0x75, 0x0D,
  0xE0, 0xD7, 0x77, 0x75, 0x0B, 0xF0, 0x17, 0x77, 0x74, 0x08, 0xF0, 0x57, 0x77, 0x74, 0x04, 0xF0,
  0x97, 0x77, 0x75, 0x0E, 0xE0, 0xE7, 0x77, 0x75, 0x0A, 0xF0, 0x67, 0x77, 0x74, 0x04, 0xF0, 0xD7,
  0x77, 0x75, 0x0D, 0xF0, 0x97, 0x77, 0x74, 0x05, 0xF9, 0x06, 0x77, 0x77, 0x40, 0xBF, 0x90, 0x77,
  0x77, 0x20, 0x27, 0x02, 0xFA, 0x0A, 0x02, 0x77, 0x48, 0x11, 0x6C, 0x97, 0x10, 0x6F, 0xB0, 0x90,
  0x37, 0x68, 0x13, 0x7B, 0xC7, 0x20, 0x8F, 0xC8, 0x92, 0xEA, 0x76, 0x54, 0x56, 0x67, 0xAC, 0xF9,
  0x73, 0x08, 0xFF, 0xFF, 0xA7, 0x40, 0x6F, 0xFF, 0xF9, 0x75, 0x02, 0x0C, 0xFF, 0xFE, 0x77, 0x06,
  0x0D, 0xFF, 0xFA, 0x0A, 0x04, 0x77, 0x28, 0x14, 0xAE, 0xFF, 0xA8, 0x2E, 0xA6, 0x17, 0x77, 0x84,
  0x37, 0x9C, 0xDE, 0xB8, 0x5E, 0xDC, 0xA8, 0x62, 0x72,
  // "f" (U+0066), RLE, 766 bytes saved (70.3%)
  0x77, 0x38, 0x93, 0x15, 0x9C, 0xDE, 0xFE, 0xDC, 0x97, 0x37, 0x74, 0x03, 0x0B, 0xFE, 0x81, 0xE9,
  0x17, 0x60, 0x10, 0xBF, 0xFA, 0x0E, 0x76, 0x03, 0x0D, 0xFF, 0xB0, 0xA7, 0x50, 0x20, 0xEF, 0xFC,
  0x05, 0x75, 0x0D, 0xFF, 0xD7, 0x50, 0x7F, 0xA8, 0x6C, 0x75, 0x45, 0x7A, 0xDA, 0x0A, 0x75, 0x0E,
  0xF0, 0xE0, 0x47, 0x18, 0x12, 0x74, 0x74, 0x05, 0xF0, 0xE0, 0x27, 0x77, 0x20, 0xAF, 0x06, 0x77,
  0x73, 0x0E, 0xE0, 0xE7, 0x77, 0x30, 0x2F, 0x09, 0x77, 0x73, 0x05, 0xF0, 0x57, 0x77, 0x30, 0x6F,
  0x02, 0x77, 0x73, 0x08, 0xF7, 0x77, 0x40, 0x9F, 0x77, 0x74, 0x09, 0xE0, 0xE7, 0x77, 0x40, 0x9E,
  0x0E, 0x77, 0x74, 0x09, 0xE0, 0xE7, 0x77, 0x40, 0xAE, 0x0E, 0x77, 0x71, 0x81, 0x49, 0xEF, 0xFD,
  0x08, 0x78, 0x13, 0x8E, 0xFF, 0xF9, 0x08, 0x50, 0x60, 0xDF, 0xFF, 0xC0, 0x85, 0x0A, 0xFF, 0xFD,
  0x08, 0x50, 0xAF, 0xFF, 0xD0, 0x85, 0x0A, 0xFF, 0xFD, 0x08, 0x50, 0x38, 0x03, 0x40, 0xBE, 0x0E,
  0x80, 0x74, 0x02, 0x76, 0x09, 0xE0, 0xE7, 0x77, 0x40, 0x9E, 0x0E, 0x77, 0x74, 0x09, 0xE0, 0xE7,
  0x77, 0x40, 0x9E, 0x0E, 0x77, 0x74, 0x09, 0xE0, 0xE7, 0x77, 0x40, 0x9E, 0x0E, 0x77, 0x74, 0x09,
  0xE0, 0xE7, 0x77, 0x40, 0x9E, 0x0E, 0x77, 0x74, 0x09, 0xE0, 0xE7, 0x77, 0x40, 0x9E, 0x0E, 0x77,
  0x74, 0x09, 0xE0, 0xE7, 0x77, 0x40, 0x9E, 0x0E, 0x77, 0x74, 0x09, 0xE0, 0xE7, 0x77, 0x40, 0x9E,
  0x0E, 0x77, 0x74, 0x09, 0xE0, 0xE7, 0x77, 0x40, 0x9E, 0x0E, 0x77, 0x74, 0x09, 0xE0, 0xE7, 0x77,
  0x40, 0x9E, 0x0E, 0x77, 0x74, 0x09, 0xE0, 0xE7, 0x77, 0x40, 0x9E, 0x0E, 0x77, 0x74, 0x09, 0xE0,
  0xE7, 0x77, 0x40, 0x9E, 0x0E, 0x77, 0x74, 0x09, 0xE0, 0xE7, 0x77, 0x40, 0x9E, 0x0E, 0x77, 0x74,
  0x09, 0xE0, 0xE7, 0x77, 0x40, 0x9E, 0x0E, 0x77, 0x74, 0x09, 0xE0, 0xE7, 0x77, 0x40, 0x9E, 0x0E,
  0x77, 0x74, 0x09, 0xE0, 0xE7, 0x77, 0x40, 0x9E, 0x0E, 0x77, 0x74, 0x09, 0xE0, 0xE7, 0x77, 0x40,
  0x9E, 0x0E, 0x77, 0x74, 0x09, 0xE0, 0xE7, 0x77, 0x40, 0x9E, 0x0E, 0x77, 0x74, 0x09, 0xE0, 0xE7,
  0x77, 0x40, 0x9E, 0x0E, 0x77, 0x74, 0x09, 0xE0, 0xE7, 0x77, 0x40, 0x9E, 0x0E, 0x77, 0x74, 0x09,
  0xE0, 0xE7, 0x73,
  // "g" (U+0067), RLE, 896 bytes saved (62.7%)
  0x76, 0x89, 0x31, 0x59, 0xBD, 0xEF, 0xEE, 0xC9, 0x62, 0x77, 0x76, 0x03, 0x0A, 0xFE, 0x0C, 0x06,
  0x70, 0x8D, 0x09, 0x72, 0x01, 0x0A, 0xFF, 0xB0, 0xD0, 0x55, 0x0A, 0xD0, 0x97, 0x10, 0x40, 0xEF,
  0xFE, 0x09, 0x40, 0xDD, 0x09, 0x70, 0x6F, 0xFF, 0xA0, 0xC3, 0xE0, 0x96, 0x05, 0xFF, 0xFC, 0x81,
  0xC0, 0x3E, 0x09, 0x50, 0x3F, 0xC8, 0x7B, 0x75, 0x44, 0x57, 0xAD, 0xF0, 0xA0, 0x5E, 0x09, 0x50,
  0xDF, 0x98, 0x1E, 0x71, 0x72, 0x03, 0x0A, 0xFE, 0x09, 0x40, 0x8F, 0x90, 0xC0, 0x27, 0x60, 0x30,
  0xDF, 0xC0, 0x93, 0x02, 0xF9, 0x0C, 0x01, 0x77, 0x10, 0x10, 0xCF, 0xB0, 0x93, 0x09, 0xF0, 0xE0,
  0x17, 0x73, 0x01, 0x0E, 0xFA, 0x09, 0x20, 0x1F, 0x90, 0x67, 0x75, 0x05, 0xFA, 0x09, 0x20, 0x7F,
  0x0D, 0x77, 0x70, 0xCF, 0x90, 0x92, 0x0C, 0xF0, 0x57, 0x77, 0x05, 0xF9, 0x81, 0x90, 0x1F, 0x0E,
  0x77, 0x72, 0xF9, 0x81, 0x90, 0x5F, 0x0A, 0x77, 0x72, 0x0B, 0xF8, 0x19, 0x08, 0xF0, 0x57, 0x77,
  0x20, 0x7F, 0x81, 0x90, 0xBF, 0x02, 0x77, 0x72, 0x04, 0xF8, 0x19, 0x0D, 0xF7, 0x77, 0x30, 0x2F,
  0x09, 0x1F, 0x0D, 0x77, 0x74, 0xF0, 0x90, 0x1F, 0x0B, 0x77, 0x74, 0x0E, 0xE0, 0x90, 0x2F, 0x0A,
  0x77, 0x74, 0x0D, 0xE0, 0x90, 0x3F, 0x09, 0x77, 0x74, 0x0D, 0xE0, 0x90, 0x3F, 0x09, 0x77, 0x74,
  0x0C, 0xE0, 0x90, 0x3F, 0x09, 0x77, 0x74, 0x0C, 0xE0, 0x90, 0x3F, 0x09, 0x77, 0x74, 0x0C, 0xE0,
  0x90, 0x3F, 0x0A, 0x77, 0x74, 0x0C, 0xE0, 0x90, 0x2F, 0x0B, 0x77, 0x74, 0x0D, 0xE0, 0x91, 0xF0,
  0xC7, 0x77, 0x40, 0xEE, 0x81, 0x90, 0xEF, 0x77, 0x74, 0xF8, 0x19, 0x0C, 0xF0, 0x27, 0x77, 0x20,
  0x1F, 0x81, 0x90, 0x9F, 0x05, 0x77, 0x72, 0x04, 0xF8, 0x19, 0x06, 0xF0, 0x97, 0x77, 0x20, 0x7F,
  0x81, 0x90, 0x2F, 0x0E, 0x77, 0x72, 0x0B, 0xF0, 0x92, 0x0D, 0xF0, 0x47, 0x77, 0x01, 0xF9, 0x09,
  0x20, 0x8F, 0x0B, 0x77, 0x70, 0x7F, 0x90, 0x92, 0x03, 0xF9, 0x04, 0x77, 0x50, 0x10, 0xEF, 0x90,
  0x93, 0x0B, 0xF0, 0xD0, 0x17, 0x74, 0x0A, 0xFA, 0x09, 0x30, 0x4F, 0x90, 0xB7, 0x73, 0x09, 0xFB,
  0x09, 0x40, 0xBF, 0x90, 0xB0, 0x17, 0x60, 0x10, 0xAF, 0xC0, 0x94, 0x02, 0x0E, 0xF9, 0x0E, 0x07,
  0x73, 0x81, 0x18, 0xEF, 0xD0, 0x95, 0x05, 0xFB, 0x89, 0x0E, 0xA7, 0x54, 0x56, 0x79, 0xDF, 0x09,
  0x0A, 0xE0, 0x96, 0x08, 0xFF, 0xFC, 0x81, 0xC0, 0xBE, 0x09, 0x70, 0x8F, 0xFF, 0xA8, 0x2C, 0x10,
  0xCE, 0x09, 0x71, 0x06, 0xFF, 0xF0, 0xB0, 0x12, 0x0D, 0xE0, 0x97, 0x20, 0x20, 0xBF, 0xFB, 0x0E,
  0x06, 0x40, 0xDE, 0x09, 0x74, 0x04, 0x0B, 0xFE, 0x81, 0xD7, 0x15, 0x0E, 0xE0, 0x97, 0x68, 0x41,
  0x59, 0xBD, 0xEA, 0x83, 0xEC, 0xA7, 0x37, 0x10, 0xEE, 0x09, 0x77, 0x77, 0x60, 0xEE, 0x08, 0x77,
  0x77, 0x6F, 0x08, 0x77, 0x77, 0x6F, 0x07, 0x77, 0x77, 0x50, 0x2F, 0x06, 0x77, 0x77, 0x50, 0x6F,
  0x04, 0x77, 0x77, 0x50, 0x9F, 0x01, 0x77, 0x77, 0x50, 0xEE, 0x0E, 0x77, 0x77, 0x50, 0x7F, 0x0A,
  0x77, 0x77, 0x40, 0x10, 0xEF, 0x06, 0x77, 0x77, 0x40, 0xBF, 0x0E, 0x01, 0x50, 0x80, 0x67, 0x77,
  0x30, 0xAF, 0x90, 0x96, 0x83, 0xAF, 0xE8, 0x27, 0x75, 0x01, 0x0C, 0xFA, 0x02, 0x60, 0xAC, 0x82,
  0xD9, 0x51, 0x76, 0x02, 0x09, 0xFB, 0x08, 0x70, 0xAF, 0x98, 0x93, 0xEC, 0xA8, 0x76, 0x55, 0x45,
  0x69, 0xDF, 0xC0, 0xC7, 0x10, 0xAF, 0xFF, 0xFB, 0x0D, 0x01, 0x71, 0x0A, 0xFF, 0xFF, 0xA0, 0xD0,
  0x27, 0x20, 0xAF, 0xFF, 0xF9, 0x09, 0x01, 0x73, 0x81, 0x28, 0xEF, 0xFF, 0xC0, 0xC0, 0x47, 0x71,
  0x81, 0x48, 0xCF, 0xFD, 0x81, 0xE9, 0x37, 0x77, 0x87, 0x35, 0x79, 0xBD, 0xDE, 0xEA, 0x85, 0xEE,
  0xCB, 0x96, 0x27, 0x60,
  // "h" (U+0068), RLE, 859 bytes saved (66.1%)
  0x0A, 0xE0, 0xD7, 0x77, 0x74, 0x0A, 0xE0, 0xD7, 0x77, 0x74, 0x0A, 0xE0, 0xD7, 0x77, 0x74, 0x0A,
  0xE0, 0xD7, 0x77, 0x74, 0x0A, 0xE0, 0xD7, 0x77, 0x74, 0x0A, 0xE0, 0xD7, 0x77, 0x74, 0x0A, 0xE0,
  0xD7, 0x77, 0x74, 0x0A, 0xE0, 0xD7, 0x77, 0x74, 0x0A, 0xE0, 0xD7, 0x77, 0x74, 0x0A, 0xE0, 0xD7,
  0x77, 0x74, 0x0A, 0xE0, 0xD7, 0x77, 0x74, 0x0A, 0xE0, 0xD7, 0x77, 0x74, 0x0A, 0xE0, 0xD7, 0x77,
  0x74, 0x0A, 0xE0, 0xD7, 0x77, 0x74, 0x0A, 0xE0, 0xD7, 0x77, 0x74, 0x0A, 0xE0, 0xD7, 0x77, 0x74,
  0x0A, 0xE0, 0xD7, 0x77, 0x74, 0x0A, 0xE0, 0xD7, 0x77, 0x74, 0x0A, 0xE0, 0xD7, 0x18, 0x93, 0x16,
  0x9C, 0xDE, 0xFE, 0xEC, 0xA8, 0x47, 0x40, 0xAE, 0x0D, 0x60, 0x50, 0xBF, 0xF0, 0xA0, 0x47, 0x10,
  0xAE, 0x0C, 0x40, 0x40, 0xDF, 0xFC, 0x0B, 0x02, 0x60, 0xAE, 0x0C, 0x30, 0x9F, 0xFF, 0x90, 0x55,
  0x0A, 0xE0, 0xB2, 0x0B, 0xFF, 0xFB, 0x06, 0x40, 0xAE, 0x81, 0x90, 0xBF, 0xFF, 0xD0, 0x33, 0x0A,
  0xE0, 0x80, 0x7F, 0x89, 0x0D, 0x97, 0x54, 0x45, 0x69, 0xDF, 0xB0, 0xD3, 0x0A, 0xE0, 0xDD, 0x81,
  0xE8, 0x27, 0x30, 0x40, 0xCF, 0xA0, 0x62, 0x0A, 0xFC, 0x0B, 0x01, 0x77, 0x08, 0xF9, 0x0D, 0x20,
  0xAF, 0xB0, 0xA7, 0x73, 0x08, 0xF9, 0x81, 0x30, 0xAF, 0xA0, 0xD7, 0x75, 0x0C, 0xF8, 0x17, 0x0A,
  0xFA, 0x04, 0x77, 0x50, 0x5F, 0x81, 0xA0, 0xAF, 0x90, 0xC7, 0x77, 0x0E, 0xE8, 0x1D, 0x0A, 0xF9,
  0x05, 0x77, 0x70, 0xBF, 0x10, 0xAF, 0x97, 0x77, 0x10, 0x8F, 0x01, 0x0A, 0xF0, 0xB7, 0x77, 0x10,
  0x6F, 0x02, 0x0A, 0xF0, 0x77, 0x77, 0x10, 0x5F, 0x02, 0x0A, 0xF0, 0x57, 0x77, 0x10, 0x4F, 0x02,
  0x0A, 0xF0, 0x27, 0x77, 0x10, 0x4F, 0x02, 0x0A, 0xF7, 0x77, 0x20, 0x4F, 0x02, 0x0A, 0xF7, 0x77,
  0x20, 0x4F, 0x02, 0x0A, 0xE0, 0xE7, 0x77, 0x20, 0x4F, 0x02, 0x0A, 0xE0, 0xE7, 0x77, 0x20, 0x4F,
  0x02, 0x0A, 0xE0, 0xD7, 0x77, 0x20, 0x4F, 0x02, 0x0A, 0xE0, 0xD7, 0x77, 0x20, 0x4F, 0x02, 0x0A,
  0xE0, 0xD7, 0x77, 0x20, 0x4F, 0x02, 0x0A, 0xE0, 0xD7, 0x77, 0x20, 0x4F, 0x02, 0x0A, 0xE0, 0xD7,
  0x77, 0x20, 0x4F, 0x02, 0x0A, 0xE0, 0xD7, 0x77, 0x20, 0x4F, 0x02, 0x0A, 0xE0, 0xD7, 0x77, 0x20,
  0x4F, 0x02, 0x0A, 0xE0, 0xD7, 0x77, 0x20, 0x4F, 0x02, 0x0A, 0xE0, 0xD7, 0x77, 0x20, 0x4F, 0x02,
  0x0A, 0xE0, 0xD7, 0x77, 0x20, 0x4F, 0x02, 0x0A, 0xE0, 0xD7, 0x77, 0x20, 0x4F, 0x02, 0x0A, 0xE0,
  0xD7, 0x77, 0x20, 0x4F, 0x02, 0x0A, 0xE0, 0xD7, 0x77, 0x20, 0x4F, 0x02, 0x0A, 0xE0, 0xD7, 0x77,
  0x20, 0x4F, 0x02, 0x0A, 0xE0, 0xD7, 0x77, 0x20, 0x4F, 0x02, 0x0A, 0xE0, 0xD7, 0x77, 0x20, 0x4F,
  0x02, 0x0A, 0xE0, 0xD7, 0x77, 0x20, 0x4F, 0x02, 0x0A, 0xE0, 0xD7, 0x77, 0x20, 0x4F, 0x02, 0x0A,
  0xE0, 0xD7, 0x77, 0x20, 0x4F, 0x02, 0x0A, 0xE0, 0xD7, 0x77, 0x20, 0x4F, 0x02, 0x0A, 0xE0, 0xD7,
  0x77, 0x20, 0x4F, 0x02, 0x0A, 0xE0, 0xD7, 0x77, 0x20, 0x4F, 0x02, 0x0A, 0xE0, 0xD7, 0x77, 0x20,
  0x4F, 0x02, 0x0A, 0xE0, 0xD7, 0x77, 0x20, 0x4F, 0x02,
  // "i" (U+0069), RLE, 146 bytes saved (45.6%)
  0x28, 0x43, 0xAE, 0xFC, 0x43, 0x04, 0xE0, 0x72, 0x0D, 0xF0, 0x10, 0x2F, 0x90, 0x60, 0x4F, 0x90,
  0x80, 0x4F, 0x90, 0x80, 0x2F, 0x98, 0x16, 0x0C, 0xF8, 0x11, 0x03, 0xE0, 0x63, 0x84, 0x2A, 0xEF,
  0xC4, 0x80, 0x99, 0x70, 0x0A, 0xE0, 0xD2, 0x0A, 0xE0, 0xD2, 0x0A, 0xE0, 0xD2, 0x0A, 0xE0, 0xD2,
  0x0A, 0xE0, 0xD2, 0x0A, 0xE0, 0xD2, 0x0A, 0xE0, 0xD2, 0x0A, 0xE0, 0xD2, 0x0A, 0xE0, 0xD2, 0x0A,
  0xE0, 0xD2, 0x0A, 0xE0, 0xD2, 0x0A, 0xE0, 0xD2, 0x0A, 0xE0, 0xD2, 0x0A, 0xE0, 0xD2, 0x0A, 0xE0,
  0xD2, 0x0A, 0xE0, 0xD2, 0x0A, 0xE0, 0xD2, 0x0A, 0xE0, 0xD2, 0x0A, 0xE0, 0xD2, 0x0A, 0xE0, 0xD2,
  0x0A, 0xE0, 0xD2, 0x0A, 0xE0, 0xD2, 0x0A, 0xE0, 0xD2, 0x0A, 0xE0, 0xD2, 0x0A, 0xE0, 0xD2, 0x0A,
  0xE0, 0xD2, 0x0A, 0xE0, 0xD2, 0x0A, 0xE0, 0xD2, 0x0A, 0xE0, 0xD2, 0x0A, 0xE0, 0xD2, 0x0A, 0xE0,
  0xD2, 0x0A, 0xE0, 0xD2, 0x0A, 0xE0, 0xD2, 0x0A, 0xE0, 0xD2, 0x0A, 0xE0, 0xD2, 0x0A, 0xE0, 0xD2,
  0x0A, 0xE0, 0xD2, 0x0A, 0xE0, 0xD2, 0x0A, 0xE0, 0xD2, 0x0A, 0xE0, 0xD2, 0x0A, 0xE0, 0xD2, 0x0A,
  0xE0, 0xD2, 0x0A, 0xE0, 0xD2, 0x0A, 0xE0, 0xD2, 0x0A, 0xE0, 0xD2, 0x0A, 0xE0, 0xD1,
  // "j" (U+006A), RLE, 591 bytes saved (67.0%)
  0x76, 0x84, 0x3A, 0xEF, 0xC4, 0x77, 0x04, 0xE0, 0x77, 0x60, 0xDF, 0x01, 0x74, 0x02, 0xF9, 0x06,
  0x74, 0x04, 0xF9, 0x08, 0x74, 0x04, 0xF9, 0x08, 0x74, 0x02, 0xF9, 0x06, 0x75, 0x0C, 0xF0, 0x17,
  0x50, 0x3E, 0x06, 0x77, 0x84, 0x2A, 0xEF, 0xC4, 0x80, 0xAB, 0x50, 0x0A, 0xE0, 0xD7, 0x60, 0xAE,
  0x0D, 0x76, 0x0A, 0xE0, 0xD7, 0x60, 0xAE, 0x0D, 0x76, 0x0A, 0xE0, 0xD7, 0x60, 0xAE, 0x0D, 0x76,
  0x0A, 0xE0, 0xD7, 0x60, 0xAE, 0x0D, 0x76, 0x0A, 0xE0, 0xD7, 0x60, 0xAE, 0x0D, 0x76, 0x0A, 0xE0,
  0xD7, 0x60, 0xAE, 0x0D, 0x76, 0x0A, 0xE0, 0xD7, 0x60, 0xAE, 0x0D, 0x76, 0x0A, 0xE0, 0xD7, 0x60,
  0xAE, 0x0D, 0x76, 0x0A, 0xE0, 0xD7, 0x60, 0xAE, 0x0D, 0x76, 0x0A, 0xE0, 0xD7, 0x60, 0xAE, 0x0D,
  0x76, 0x0A, 0xE0, 0xD7, 0x60, 0xAE, 0x0D, 0x76, 0x0A, 0xE0, 0xD7, 0x60, 0xAE, 0x0D, 0x76, 0x0A,
  0xE0, 0xD7, 0x60, 0xAE, 0x0D, 0x76, 0x0A, 0xE0, 0xD7, 0x60, 0xAE, 0x0D, 0x76, 0x0A, 0xE0, 0xD7,
  0x60, 0xAE, 0x0D, 0x76, 0x0A, 0xE0, 0xD7, 0x60, 0xAE, 0x0D, 0x76, 0x0A, 0xE0, 0xD7, 0x60, 0xAE,
  0x0D, 0x76, 0x0A, 0xE0, 0xD7, 0x60, 0xAE, 0x0D, 0x76, 0x0A, 0xE0, 0xD7, 0x60, 0xAE, 0x0D, 0x76,
  0x0A, 0xE0, 0xD7, 0x60, 0xAE, 0x0D, 0x76, 0x0A, 0xE0, 0xD7, 0x60, 0xAE, 0x0D, 0x76, 0x0A, 0xE0,
  0xD7, 0x60, 0xAE, 0x0D, 0x76, 0x0A, 0xE0, 0xD7, 0x60, 0xAE, 0x0D, 0x76, 0x0A, 0xE0, 0xD7, 0x60,
  0xAE, 0x0D, 0x76, 0x0A, 0xE0, 0xD7, 0x60, 0xAE, 0x0D, 0x76, 0x0A, 0xE0, 0xD7, 0x60, 0xAE, 0x0D,
  0x76, 0x0A, 0xE0, 0xD7, 0x60, 0xAE, 0x0D, 0x76, 0x0B, 0xE0, 0xC7, 0x60, 0xCE, 0x0B, 0x76, 0xF0,
  0x97, 0x50, 0x5F, 0x06, 0x75, 0x0D, 0xF0, 0x37, 0x30, 0x20, 0xCF, 0x0D, 0x28, 0x7B, 0xD9, 0x75,
  0x44, 0x6A, 0xFA, 0x07, 0x20, 0xBF, 0xFA, 0x0E, 0x01, 0x20, 0xBF, 0xFA, 0x05, 0x30, 0xBF, 0xF9,
  0x08, 0x40, 0xBF, 0xF0, 0x75, 0x0B, 0xFD, 0x0A, 0x03, 0x68, 0x93, 0x15, 0x9B, 0xDE, 0xFE, 0xDC,
  0xA6, 0x27, 0x10,
  // "k" (U+006B), RLE, 792 bytes saved (64.1%)
  0x0A, 0xE0, 0xC7, 0x77, 0x72, 0x0A, 0xE0, 0xC7, 0x77, 0x72, 0x0A, 0xE0, 0xC7, 0x77, 0x72, 0x0A,
  0xE0, 0xC7, 0x77, 0x72, 0x0A, 0xE0, 0xC7, 0x77, 0x72, 0x0A, 0xE0, 0xC7, 0x77, 0x72, 0x0A, 0xE0,
  0xC7, 0x77, 0x72, 0x0A, 0xE0, 0xC7, 0x77, 0x72, 0x0A, 0xE0, 0xC7, 0x77, 0x72, 0x0A, 0xE0, 0xC7,
  0x77, 0x72, 0x0A, 0xE0, 0xC7, 0x77, 0x72, 0x0A, 0xE0, 0xC7, 0x77, 0x72, 0x0A, 0xE0, 0xC7, 0x77,
  0x72, 0x0A, 0xE0, 0xC7, 0x77, 0x72, 0x0A, 0xE0, 0xC7, 0x77, 0x72, 0x0A, 0xE0, 0xC7, 0x77, 0x72,
  0x0A, 0xE0, 0xC7, 0x77, 0x72, 0x0A, 0xE0, 0xC7, 0x77, 0x72, 0x0A, 0xE0, 0xC7, 0x77, 0x72, 0x0A,
  0xE0, 0xC7, 0x75, 0x07, 0xF9, 0x81, 0x60, 0xAE, 0x0C, 0x77, 0x40, 0x6F, 0x90, 0x72, 0x0A, 0xE0,
  0xC7, 0x73, 0x05, 0xF9, 0x08, 0x30, 0xAE, 0x0C, 0x77, 0x20, 0x4F, 0x90, 0x94, 0x0A, 0xE0, 0xC7,
  0x71, 0x03, 0x0E, 0xF0, 0xA5, 0x0A, 0xE0, 0xC7, 0x70, 0x30, 0xEF, 0x0A, 0x60, 0xAE, 0x0C, 0x76,
  0x02, 0x0E, 0xF0, 0xB7, 0x0A, 0xE0, 0xC7, 0x50, 0x10, 0xDF, 0x0C, 0x71, 0x0A, 0xE0, 0xC7, 0x40,
  0x10, 0xDF, 0x0D, 0x01, 0x71, 0x0A, 0xE0, 0xC7, 0x40, 0xCF, 0x0D, 0x01, 0x72, 0x0A, 0xE0, 0xC7,
  0x30, 0xBF, 0x0E, 0x02, 0x73, 0x0A, 0xE0, 0xC7, 0x20, 0xBF, 0x0E, 0x02, 0x74, 0x0A, 0xE0, 0xC7,
  0x10, 0xAF, 0x0E, 0x03, 0x75, 0x0A, 0xE0, 0xC7, 0x09, 0xF9, 0x04, 0x76, 0x0A, 0xE0, 0xC6, 0x08,
  0xF9, 0x05, 0x77, 0x0A, 0xE0, 0xC5, 0x07, 0xF9, 0x06, 0x77, 0x10, 0xAE, 0x0B, 0x40, 0x5F, 0x90,
  0x77, 0x72, 0x0A, 0xE0, 0xB3, 0x03, 0xF9, 0x08, 0x77, 0x30, 0xAE, 0x0A, 0x20, 0x10, 0xDF, 0x09,
  0x77, 0x40, 0xAE, 0x09, 0x20, 0xBF, 0x0A, 0x77, 0x50, 0xAE, 0x81, 0x80, 0x8F, 0x90, 0x97, 0x75,
  0x0A, 0xE0, 0x70, 0x5F, 0xB0, 0x57, 0x74, 0x0A, 0xE0, 0xA0, 0xEF, 0xB0, 0xE0, 0x27, 0x73, 0x0A,
  0xFF, 0xD0, 0xD7, 0x73, 0x0A, 0xFF, 0xE0, 0xA7, 0x72, 0x0A, 0xFB, 0x81, 0xE4, 0x7F, 0x90, 0x67,
  0x71, 0x0A, 0xFA, 0x0D, 0x02, 0x20, 0xAF, 0x90, 0x37, 0x70, 0xAF, 0x90, 0xC0, 0x13, 0x01, 0x0D,
  0xF0, 0xD0, 0x17, 0x60, 0xAF, 0x0A, 0x60, 0x3F, 0x90, 0xB7, 0x60, 0xAE, 0x0D, 0x71, 0x06, 0xF9,
  0x07, 0x75, 0x0A, 0xE0, 0xC7, 0x20, 0xAF, 0x90, 0x47, 0x40, 0xAE, 0x0C, 0x73, 0x0D, 0xF0, 0xE0,
  0x17, 0x30, 0xAE, 0x0C, 0x73, 0x03, 0xF9, 0x0C, 0x73, 0x0A, 0xE0, 0xC7, 0x40, 0x6F, 0x90, 0x87,
  0x20, 0xAE, 0x0C, 0x75, 0x0A, 0xF9, 0x05, 0x71, 0x0A, 0xE0, 0xC7, 0x60, 0xDF, 0x0E, 0x02, 0x70,
  0xAE, 0x0C, 0x76, 0x02, 0xF9, 0x0C, 0x70, 0xAE, 0x0C, 0x77, 0x06, 0xF9, 0x09, 0x60, 0xAE, 0x0C,
  0x77, 0x10, 0x9F, 0x90, 0x65, 0x0A, 0xE0, 0xC7, 0x72, 0x0D, 0xF9, 0x03, 0x40, 0xAE, 0x0C, 0x77,
  0x20, 0x20, 0xEF, 0x0D, 0x01, 0x30, 0xAE, 0x0C, 0x77, 0x30, 0x5F, 0x90, 0xA3, 0x0A, 0xE0, 0xC7,
  0x74, 0x09, 0xF9, 0x07, 0x20, 0xAE, 0x0C, 0x77, 0x50, 0xCF, 0x98, 0x13, 0x0A, 0xE0, 0xC7, 0x75,
  0x02, 0x0E, 0xF8, 0x1E, 0x1A, 0xE0, 0xC7, 0x76, 0x05, 0xF9, 0x0B,
  // "l" (U+006C), RLE, 97 bytes saved (37.3%)
  0x0A, 0xE0, 0xD0, 0xAE, 0x0D, 0x0A, 0xE0, 0xD0, 0xAE, 0x0D, 0x0A, 0xE0, 0xD0, 0xAE, 0x0D, 0x0A,
  0xE0, 0xD0, 0xAE, 0x0D, 0x0A, 0xE0, 0xD0, 0xAE, 0x0D, 0x0A, 0xE0, 0xD0, 0xAE, 0x0D, 0x0A, 0xE0,
  0xD0, 0xAE, 0x0D, 0x0A, 0xE0, 0xD0, 0xAE, 0x0D, 0x0A, 0xE0, 0xD0, 0xAE, 0x0D, 0x0A, 0xE0, 0xD0,
  0xAE, 0x0D, 0x0A, 0xE0, 0xD0, 0xAE, 0x0D, 0x0A, 0xE0, 0xD0, 0xAE, 0x0D, 0x0A, 0xE0, 0xD0, 0xAE,
  0x0D, 0x0A, 0xE0, 0xD0, 0xAE, 0x0D, 0x0A, 0xE0, 0xD0, 0xAE, 0x0D, 0x0A, 0xE0, 0xD0, 0xAE, 0x0D,
  0x0A, 0xE0, 0xD0, 0xAE, 0x0D, 0x0A, 0xE0, 0xD0, 0xAE, 0x0D, 0x0A, 0xE0, 0xD0, 0xAE, 0x0D, 0x0A,
  0xE0, 0xD0, 0xAE, 0x0D, 0x0A, 0xE0, 0xD0, 0xAE, 0x0D, 0x0A, 0xE0, 0xD0, 0xAE, 0x0D, 0x0A, 0xE0,
  0xD0, 0xAE, 0x0D, 0x0A, 0xE0, 0xD0, 0xAE, 0x0D, 0x0A, 0xE0, 0xD0, 0xAE, 0x0D, 0x0A, 0xE0, 0xD0,
  0xAE, 0x0D, 0x0A, 0xE0, 0xD0, 0xAE, 0x0D, 0x0A, 0xE0, 0xD0, 0xAE, 0x0D, 0x0A, 0xE0, 0xD0, 0xAE,
  0x0D, 0x0A, 0xE0, 0xD0, 0xAE, 0x0D, 0x0A, 0xE0, 0xD0, 0xAE, 0x0D, 0x0A, 0xE0, 0xD0, 0xAE, 0x0D,
  0x0A, 0xE0, 0xD0,
  // "m" (U+006D), RLE, 1058 bytes saved (67.2%)
  0x77, 0x28, 0x92, 0x48, 0xBD, 0xEF, 0xEE, 0xCA, 0x73, 0x77, 0x38, 0x92, 0x37, 0xAD, 0xEF, 0xED,
  0xCB, 0x84, 0x73, 0x0A, 0xD0, 0x76, 0x81, 0x18, 0xEF, 0xD8, 0x1E, 0x71, 0x74, 0x81, 0x28, 0xEF,
  0xE0, 0x90, 0x27, 0x0A, 0xD0, 0xA5, 0x07, 0x0E, 0xFF, 0xA0, 0xE0, 0x67, 0x10, 0x10, 0x9F, 0xFC,
  0x09, 0x60, 0xAD, 0x0D, 0x30, 0x10, 0xCF, 0xFE, 0x09, 0x60, 0x30, 0xEF, 0xFE, 0x0C, 0x01, 0x40,
  0xAE, 0x20, 0x10, 0xDF, 0xFF, 0x90, 0x94, 0x05, 0xFF, 0xFA, 0x0D, 0x01, 0x30, 0xAE, 0x81, 0x30,
  0xCF, 0xFF, 0xB0, 0x62, 0x04, 0xFF, 0xFC, 0x0B, 0x30, 0xAE, 0x06, 0x09, 0xE8, 0x7E, 0xA7, 0x54,
  0x46, 0x7B, 0xFB, 0x82, 0xE1, 0x1E, 0xF8, 0x7C, 0x87, 0x54, 0x56, 0xAE, 0xFB, 0x05, 0x20, 0xAE,
  0x0E, 0xD0, 0xB0, 0x47, 0x20, 0x10, 0x9F, 0xA0, 0x90, 0xBD, 0x81, 0xE6, 0x17, 0x20, 0x60, 0xEF,
  0x90, 0xC2, 0x0A, 0xFC, 0x06, 0x76, 0x05, 0xFF, 0x0A, 0x01, 0x75, 0x01, 0x0D, 0xF9, 0x81, 0x30,
  0xAF, 0xB0, 0x57, 0x71, 0x06, 0xFD, 0x0A, 0x77, 0x10, 0x10, 0xEF, 0x81, 0x80, 0xAF, 0xA0, 0x97,
  0x73, 0x0B, 0xFB, 0x0C, 0x77, 0x30, 0x6F, 0x81, 0xC0, 0xAF, 0xA0, 0x17, 0x73, 0x05, 0xFB, 0x03,
  0x77, 0x40, 0xEF, 0x10, 0xAF, 0x90, 0x97, 0x75, 0x0E, 0xF9, 0x0A, 0x77, 0x50, 0x9F, 0x02, 0x0A,
  0xF9, 0x03, 0x77, 0x50, 0xBF, 0x90, 0x57, 0x75, 0x06, 0xF0, 0x30, 0xAF, 0x0E, 0x77, 0x60, 0x8F,
  0x0E, 0x77, 0x60, 0x3F, 0x05, 0x0A, 0xF0, 0x97, 0x76, 0x07, 0xF0, 0xB7, 0x76, 0x02, 0xF0, 0x60,
  0xAF, 0x06, 0x77, 0x60, 0x6F, 0x08, 0x77, 0x60, 0x1F, 0x06, 0x0A, 0xF0, 0x47, 0x76, 0x05, 0xF0,
  0x67, 0x77, 0xF0, 0x60, 0xAF, 0x02, 0x77, 0x60, 0x5F, 0x04, 0x77, 0x7F, 0x06, 0x0A, 0xF7, 0x77,
  0x05, 0xF0, 0x37, 0x77, 0xF0, 0x60, 0xAF, 0x77, 0x70, 0x5F, 0x02, 0x77, 0x7F, 0x06, 0x0A, 0xE0,
  0xE7, 0x77, 0x05, 0xF0, 0x27, 0x77, 0xF0, 0x60, 0xAE, 0x0D, 0x77, 0x70, 0x5F, 0x01, 0x77, 0x7F,
  0x06, 0x0A, 0xE0, 0xD7, 0x77, 0x05, 0xF0, 0x17, 0x77, 0xF0, 0x60, 0xAE, 0x0D, 0x77, 0x70, 0x5F,
  0x01, 0x77, 0x7F, 0x06, 0x0A, 0xE0, 0xD7, 0x77, 0x05, 0xF0, 0x17, 0x77, 0xF0, 0x60, 0xAE, 0x0D,
  0x77, 0x70, 0x5F, 0x01, 0x77, 0x7F, 0x06, 0x0A, 0xE0, 0xD7, 0x77, 0x05, 0xF0, 0x17, 0x77, 0xF0,
  0x60, 0xAE, 0x0D, 0x77, 0x70, 0x5F, 0x01, 0x77, 0x7F, 0x06, 0x0A, 0xE0, 0xD7, 0x77, 0x05, 0xF0,
  0x17, 0x77, 0xF0, 0x60, 0xAE, 0x0D, 0x77, 0x70, 0x5F, 0x01, 0x77, 0x7F, 0x06, 0x0A, 0xE0, 0xD7,
  0x77, 0x05, 0xF0, 0x17, 0x77, 0xF0, 0x60, 0xAE, 0x0D, 0x77, 0x70, 0x5F, 0x01, 0x77, 0x7F, 0x06,
  0x0A, 0xE0, 0xD7, 0x77, 0x05, 0xF0, 0x17, 0x77, 0xF0, 0x60, 0xAE, 0x0D, 0x77, 0x70, 0x5F, 0x01,
  0x77, 0x7F, 0x06, 0x0A, 0xE0, 0xD7, 0x77, 0x05, 0xF0, 0x17, 0x77, 0xF0, 0x60, 0xAE, 0x0D, 0x77,
  0x70, 0x5F, 0x01, 0x77, 0x7F, 0x06, 0x0A, 0xE0, 0xD7, 0x77, 0x05, 0xF0, 0x17, 0x77, 0xF0, 0x60,
  0xAE, 0x0D, 0x77, 0x70, 0x5F, 0x01, 0x77, 0x7F, 0x06, 0x0A, 0xE0, 0xD7, 0x77, 0x05, 0xF0, 0x17,
  0x77, 0xF0, 0x60, 0xAE, 0x0D, 0x77, 0x70, 0x5F, 0x01, 0x77, 0x7F, 0x06, 0x0A, 0xE0, 0xD7, 0x77,
  0x05, 0xF0, 0x17, 0x77, 0xF0, 0x60, 0xAE, 0x0D, 0x77, 0x70, 0x5F, 0x01, 0x77, 0x7F, 0x06, 0x0A,
  0xE0, 0xD7, 0x77, 0x05, 0xF0, 0x17, 0x77, 0xF0, 0x60, 0xAE, 0x0D, 0x77, 0x70, 0x5F, 0x01, 0x77,
  0x7F, 0x06, 0x0A, 0xE0, 0xD7, 0x77, 0x05, 0xF0, 0x17, 0x77, 0xF0, 0x60, 0xAE, 0x0D, 0x77, 0x70,
  0x5F, 0x01, 0x77, 0x7F, 0x06,
  // "n" (U+006E), RLE, 590 bytes saved (62.8%)
  0x77, 0x28, 0x93, 0x15, 0x9B, 0xDE, 0xFE, 0xDC, 0xB7, 0x47, 0x40, 0xAD, 0x07, 0x70, 0x50, 0xBF,
  0xF0, 0xA0, 0x37, 0x10, 0xAD, 0x0A, 0x50, 0x50, 0xDF, 0xFC, 0x0B, 0x02, 0x60, 0xAD, 0x0D, 0x40,
  0xAF, 0xFF, 0x0E, 0x05, 0x50, 0xAE, 0x20, 0x10, 0xCF, 0xFF, 0xB0, 0x64, 0x0A, 0xE8, 0x13, 0x0C,
  0xFF, 0xFD, 0x03, 0x30, 0xAE, 0x06, 0x08, 0xF8, 0x90, 0xD9, 0x75, 0x44, 0x56, 0x9D, 0xFB, 0x0D,
  0x30, 0xAE, 0x0E, 0xD8, 0x1E, 0x82, 0x73, 0x04, 0x0C, 0xFA, 0x06, 0x20, 0xAF, 0xC0, 0xB0, 0x17,
  0x70, 0x8F, 0x90, 0xD2, 0x0A, 0xFB, 0x0A, 0x77, 0x30, 0x8F, 0x98, 0x13, 0x0A, 0xFA, 0x0D, 0x77,
  0x50, 0xCF, 0x81, 0x70, 0xAF, 0xA0, 0x47, 0x75, 0x05, 0xF8, 0x1A, 0x0A, 0xF9, 0x0C, 0x77, 0x70,
  0xEE, 0x81, 0xD0, 0xAF, 0x90, 0x57, 0x77, 0x0B, 0xF1, 0x0A, 0xF9, 0x77, 0x71, 0x08, 0xF0, 0x10,
  0xAF, 0x0B, 0x77, 0x71, 0x06, 0xF0, 0x20, 0xAF, 0x07, 0x77, 0x71, 0x05, 0xF0, 0x20, 0xAF, 0x05,
  0x77, 0x71, 0x04, 0xF0, 0x20, 0xAF, 0x02, 0x77, 0x71, 0x04, 0xF0, 0x20, 0xAF, 0x77, 0x72, 0x04,
  0xF0, 0x20, 0xAF, 0x77, 0x72, 0x04, 0xF0, 0x20, 0xAE, 0x0E, 0x77, 0x72, 0x04, 0xF0, 0x20, 0xAE,
  0x0D, 0x77, 0x72, 0x04, 0xF0, 0x20, 0xAE, 0x0D, 0x77, 0x72, 0x04, 0xF0, 0x20, 0xAE, 0x0D, 0x77,
  0x72, 0x04, 0xF0, 0x20, 0xAE, 0x0D, 0x77, 0x72, 0x04, 0xF0, 0x20, 0xAE, 0x0D, 0x77, 0x72, 0x04,
  0xF0, 0x20, 0xAE, 0x0D, 0x77, 0x72, 0x04, 0xF0, 0x20, 0xAE, 0x0D, 0x77, 0x72, 0x04, 0xF0, 0x20,
  0xAE, 0x0D, 0x77, 0x72, 0x04, 0xF0, 0x20, 0xAE, 0x0D, 0x77, 0x72, 0x04, 0xF0, 0x20, 0xAE, 0x0D,
  0x77, 0x72, 0x04, 0xF0, 0x20, 0xAE, 0x0D, 0x77, 0x72, 0x04, 0xF0, 0x20, 0xAE, 0x0D, 0x77, 0x72,
  0x04, 0xF0, 0x20, 0xAE, 0x0D, 0x77, 0x72, 0x04, 0xF0, 0x20, 0xAE, 0x0D, 0x77, 0x72, 0x04, 0xF0,
  0x20, 0xAE, 0x0D, 0x77, 0x72, 0x04, 0xF0, 0x20, 0xAE, 0x0D, 0x77, 0x72, 0x04, 0xF0, 0x20, 0xAE,
  0x0D, 0x77, 0x72, 0x04, 0xF0, 0x20, 0xAE, 0x0D, 0x77, 0x72, 0x04, 0xF0, 0x20, 0xAE, 0x0D, 0x77,
  0x72, 0x04, 0xF0, 0x20, 0xAE, 0x0D, 0x77, 0x72, 0x04, 0xF0, 0x20, 0xAE, 0x0D, 0x77, 0x72, 0x04,
  0xF0, 0x20, 0xAE, 0x0D, 0x77, 0x72, 0x04, 0xF0, 0x20, 0xAE, 0x0D, 0x77, 0x72, 0x04, 0xF0, 0x20,
  0xAE, 0x0D, 0x77, 0x72, 0x04, 0xF0, 0x20, 0xAE, 0x0D, 0x77, 0x72, 0x04, 0xF0, 0x20,
  // "o" (U+006F), RLE, 682 bytes saved (64.6%)
  0x77, 0x18, 0x42, 0x69, 0xBD, 0xEA, 0x84, 0xED, 0xB9, 0x62, 0x77, 0x76, 0x81, 0x17, 0xDF, 0xF8,
  0x1C, 0x71, 0x77, 0x71, 0x01, 0x09, 0xFF, 0xD8, 0x1E, 0x81, 0x77, 0x50, 0x60, 0xEF, 0xFF, 0x90,
  0xD0, 0x47, 0x73, 0x09, 0xFF, 0xFD, 0x08, 0x77, 0x10, 0xBF, 0xFF, 0xF0, 0x97, 0x60, 0xBF, 0xB8,
  0x90, 0xD9, 0x75, 0x44, 0x57, 0x9D, 0xFB, 0x0A, 0x74, 0x08, 0xFA, 0x0A, 0x03, 0x73, 0x03, 0x0A,
  0xFA, 0x07, 0x72, 0x04, 0xF9, 0x0D, 0x03, 0x77, 0x04, 0x0D, 0xF9, 0x03, 0x71, 0x0D, 0xF0, 0xD0,
  0x17, 0x72, 0x01, 0x0D, 0xF0, 0xC7, 0x07, 0xF0, 0xE0, 0x27, 0x74, 0x02, 0x0E, 0xF0, 0x66, 0x0E,
  0xF0, 0x67, 0x76, 0x06, 0xF0, 0xD5, 0x05, 0xF0, 0xD7, 0x77, 0x10, 0xDF, 0x05, 0x40, 0xBF, 0x05,
  0x77, 0x71, 0x04, 0xF0, 0xB4, 0xF9, 0x77, 0x73, 0x0E, 0xF0, 0x12, 0x04, 0xF0, 0xA7, 0x77, 0x30,
  0x9F, 0x05, 0x20, 0x8F, 0x05, 0x77, 0x73, 0x04, 0xF0, 0x92, 0x0B, 0xF0, 0x27, 0x77, 0x30, 0x1F,
  0x0C, 0x20, 0xDF, 0x77, 0x75, 0x0E, 0xE0, 0xE2, 0xF0, 0xD7, 0x77, 0x50, 0xBF, 0x00, 0x1F, 0x0B,
  0x77, 0x75, 0x09, 0xF0, 0x30, 0x2F, 0x0A, 0x77, 0x75, 0x08, 0xF0, 0x40, 0x3F, 0x09, 0x77, 0x75,
  0x07, 0xF0, 0x50, 0x3F, 0x09, 0x77, 0x75, 0x07, 0xF0, 0x50, 0x3F, 0x09, 0x77, 0x75, 0x07, 0xF0,
  0x50, 0x3F, 0x09, 0x77, 0x75, 0x08, 0xF0, 0x50, 0x2F, 0x0A, 0x77, 0x75, 0x09, 0xF0, 0x40, 0x1F,
  0x0B, 0x77, 0x75, 0x09, 0xF8, 0x13, 0x0E, 0xE0, 0xD7, 0x77, 0x50, 0xCF, 0x81, 0x10, 0xCF, 0x01,
  0x77, 0x74, 0x0E, 0xF2, 0x0A, 0xF0, 0x37, 0x77, 0x30, 0x1F, 0x0C, 0x20, 0x6F, 0x07, 0x77, 0x73,
  0x05, 0xF0, 0x92, 0x02, 0xF0, 0xC7, 0x77, 0x30, 0xAF, 0x05, 0x30, 0xDF, 0x01, 0x77, 0x72, 0x0E,
  0xF0, 0x13, 0x08, 0xF0, 0x77, 0x77, 0x10, 0x6F, 0x0C, 0x40, 0x2F, 0x0E, 0x01, 0x77, 0x70, 0xDF,
  0x06, 0x50, 0xBF, 0x08, 0x77, 0x60, 0x7F, 0x0E, 0x60, 0x3F, 0x90, 0x37, 0x74, 0x03, 0xF9, 0x07,
  0x70, 0x9F, 0x0E, 0x02, 0x77, 0x20, 0x20, 0xDF, 0x0D, 0x71, 0x01, 0x0E, 0xF0, 0xE0, 0x57, 0x70,
  0x40, 0xEF, 0x90, 0x47, 0x20, 0x4F, 0xA0, 0xB0, 0x47, 0x30, 0x30, 0xAF, 0xA0, 0x87, 0x40, 0x7F,
  0xB8, 0x90, 0xEA, 0x75, 0x44, 0x57, 0x9D, 0xFB, 0x0B, 0x76, 0x07, 0xFF, 0xFF, 0x0B, 0x77, 0x10,
  0x6F, 0xFF, 0xD0, 0x97, 0x73, 0x02, 0x0C, 0xFF, 0xF9, 0x0E, 0x05, 0x77, 0x60, 0x70, 0xEF, 0xFD,
  0x09, 0x01, 0x77, 0x72, 0x06, 0x0B, 0xFF, 0x81, 0xD7, 0x17, 0x77, 0x68, 0x41, 0x58, 0xBD, 0xEA,
  0x84, 0xED, 0xB9, 0x62, 0x77, 0x10,
  // "p" (U+0070), RLE, 931 bytes saved (65.2%)
  0x77, 0x28, 0x92, 0x38, 0xAD, 0xEE, 0xFE, 0xDB, 0x85, 0x77, 0x0A, 0xD0, 0x97, 0x07, 0x0E, 0xFE,
  0x0A, 0x03, 0x74, 0x0A, 0xD0, 0xB5, 0x05, 0x0E, 0xFF, 0xB0, 0xA0, 0x17, 0x20, 0xAD, 0x0E, 0x40,
  0x9F, 0xFE, 0x0E, 0x05, 0x71, 0x0A, 0xE0, 0x12, 0x0B, 0xFF, 0xFA, 0x07, 0x70, 0xAE, 0x81, 0x30,
  0xAF, 0xFF, 0xC0, 0x76, 0x0A, 0xE0, 0x60, 0x8F, 0x87, 0xB8, 0x65, 0x44, 0x58, 0xBF, 0xC0, 0x55,
  0x0A, 0xE0, 0xDD, 0x81, 0xD6, 0x17, 0x20, 0x10, 0x8F, 0xA0, 0xE0, 0x24, 0x0A, 0xFC, 0x0A, 0x77,
  0x02, 0x0D, 0xF9, 0x0B, 0x40, 0xAF, 0xB0, 0x97, 0x72, 0x01, 0x0D, 0xF9, 0x04, 0x30, 0xAF, 0xA0,
  0xB7, 0x74, 0x02, 0x0E, 0xF0, 0xB3, 0x0A, 0xFA, 0x02, 0x77, 0x50, 0x7F, 0x90, 0x32, 0x0A, 0xF9,
  0x0A, 0x77, 0x70, 0xEF, 0x08, 0x20, 0xAF, 0x90, 0x47, 0x77, 0x07, 0xF0, 0xD2, 0x0A, 0xF0, 0xE7,
  0x77, 0x10, 0x1F, 0x98, 0x11, 0x0A, 0xF0, 0xA7, 0x77, 0x20, 0xCF, 0x81, 0x50, 0xAF, 0x07, 0x77,
  0x72, 0x07, 0xF8, 0x18, 0x0A, 0xF0, 0x47, 0x77, 0x20, 0x4F, 0x81, 0xA0, 0xAF, 0x02, 0x77, 0x72,
  0x01, 0xF8, 0x1D, 0x0A, 0xF7, 0x77, 0x40, 0xEE, 0x81, 0xE0, 0xAE, 0x0E, 0x77, 0x74, 0x0D, 0xF1,
  0x0A, 0xE0, 0xE7, 0x77, 0x40, 0xCF, 0x01, 0x0A, 0xE0, 0xD7, 0x77, 0x40, 0xBF, 0x01, 0x0A, 0xE0,
  0xD7, 0x77, 0x40, 0xAF, 0x02, 0x0A, 0xE0, 0xD7, 0x77, 0x40, 0xAF, 0x02, 0x0A, 0xE0, 0xE7, 0x77,
  0x40, 0xBF, 0x01, 0x0A, 0xF7, 0x77, 0x40, 0xCF, 0x01, 0x0A, 0xF7, 0x77, 0x40, 0xDF, 0x10, 0xAF,
  0x02, 0x77, 0x73, 0xF8, 0x1E, 0x0A, 0xF0, 0x47, 0x77, 0x20, 0x2F, 0x81, 0xC0, 0xAF, 0x06, 0x77,
  0x72, 0x05, 0xF8, 0x1A, 0x0A, 0xF0, 0x97, 0x77, 0x20, 0x9F, 0x81, 0x70, 0xAF, 0x0D, 0x77, 0x72,
  0x0D, 0xF8, 0x14, 0x0A, 0xF9, 0x02, 0x77, 0x70, 0x3F, 0x92, 0x0A, 0xF9, 0x07, 0x77, 0x70, 0x9F,
  0x0C, 0x20, 0xAF, 0x90, 0xD7, 0x76, 0x01, 0x0E, 0xF0, 0x72, 0x0A, 0xFA, 0x06, 0x77, 0x50, 0x9F,
  0x90, 0x12, 0x0A, 0xFA, 0x0D, 0x01, 0x77, 0x30, 0x5F, 0x90, 0xA3, 0x0A, 0xFB, 0x0B, 0x77, 0x20,
  0x30, 0xEF, 0x90, 0x33, 0x0A, 0xFC, 0x0B, 0x01, 0x76, 0x04, 0x0E, 0xF9, 0x09, 0x40, 0xAF, 0xD8,
  0x1E, 0x82, 0x72, 0x02, 0x09, 0xFA, 0x0D, 0x01, 0x40, 0xAE, 0x09, 0x0D, 0xF8, 0x7C, 0x96, 0x54,
  0x45, 0x8C, 0xFC, 0x03, 0x50, 0xAE, 0x81, 0x72, 0xEF, 0xFF, 0xC0, 0x56, 0x0A, 0xE8, 0x28, 0x02,
  0xDF, 0xFF, 0xA0, 0x57, 0x0A, 0xE0, 0xA2, 0x01, 0x0B, 0xFF, 0xE0, 0xE0, 0x47, 0x10, 0xAE, 0x0B,
  0x40, 0x60, 0xEF, 0xFB, 0x09, 0x01, 0x72, 0x0A, 0xE0, 0xC5, 0x81, 0x18, 0xEF, 0xD8, 0x1E, 0x92,
  0x74, 0x0A, 0xE0, 0xD7, 0x18, 0x34, 0x8A, 0xDE, 0xA8, 0x3E, 0xDB, 0x84, 0x77, 0x0A, 0xE0, 0xD7,
  0x77, 0x76, 0x0A, 0xE0, 0xD7, 0x77, 0x76, 0x0A, 0xE0, 0xD7, 0x77, 0x76, 0x0A, 0xE0, 0xD7, 0x77,
  0x76, 0x0A, 0xE0, 0xD7, 0x77, 0x76, 0x0A, 0xE0, 0xD7, 0x77, 0x76, 0x0A, 0xE0, 0xD7, 0x77, 0x76,
  0x0A, 0xE0, 0xD7, 0x77, 0x76, 0x0A, 0xE0, 0xD7, 0x77, 0x76, 0x0A, 0xE0, 0xD7, 0x77, 0x76, 0x0A,
  0xE0, 0xD7, 0x77, 0x76, 0x0A, 0xE0, 0xD7, 0x77, 0x76, 0x0A, 0xE0, 0xD7, 0x77, 0x76, 0x0A, 0xE0,
  0xD7, 0x77, 0x76, 0x0A, 0xE0, 0xD7, 0x77, 0x76, 0x0A, 0xE0, 0xD7, 0x77, 0x76, 0x0A, 0xE0, 0xD7,
  0x77, 0x76, 0x0A, 0xE0, 0xD7, 0x77, 0x76, 0x0A, 0xE0, 0xD7, 0x77, 0x76, 0x0A, 0xE0, 0xD7, 0x77,
  0x76,
  // "q" (U+0071), RLE, 959 bytes saved (67.2%)
  0x77, 0x89, 0x24, 0x8B, 0xDE, 0xFE, 0xEC, 0xA7, 0x37, 0x77, 0x68, 0x12, 0x9E, 0xFD, 0x0D, 0x06,
  0x70, 0x8D, 0x09, 0x72, 0x01, 0x09, 0xFF, 0xB0, 0xD0, 0x45, 0x0B, 0xD0, 0x97, 0x10, 0x40, 0xEF,
  0xFE, 0x08, 0x40, 0xDD, 0x09, 0x70, 0x6F, 0xFF, 0xA0, 0xA2, 0x01, 0xE0, 0x96, 0x06, 0xFF, 0xFC,
  0x81, 0xA0, 0x3E, 0x09, 0x50, 0x4F, 0xB8, 0x90, 0xEA, 0x75, 0x44, 0x57, 0x9D, 0xF0, 0x70, 0x6E,
  0x09, 0x40, 0x10, 0xEF, 0x90, 0xE0, 0x77, 0x30, 0x30, 0x9E, 0x0D, 0xE0, 0x94, 0x0A, 0xF9, 0x0C,
  0x01, 0x76, 0x03, 0x0D, 0xFC, 0x09, 0x30, 0x4F, 0x90, 0xC7, 0x72, 0x01, 0x0C, 0xFB, 0x09, 0x30,
  0xBF, 0x0E, 0x01, 0x77, 0x30, 0x20, 0xEF, 0xA0, 0x92, 0x03, 0xF9, 0x06, 0x77, 0x50, 0x7F, 0xA0,
  0x92, 0x08, 0xF0, 0xD7, 0x77, 0x0E, 0xF9, 0x09, 0x20, 0xDF, 0x06, 0x77, 0x70, 0x7F, 0x98, 0x19,
  0x02, 0xF9, 0x77, 0x71, 0x02, 0xF9, 0x81, 0x90, 0x6F, 0x0B, 0x77, 0x72, 0x0D, 0xF8, 0x19, 0x09,
  0xF0, 0x67, 0x77, 0x20, 0x9F, 0x81, 0x90, 0xCF, 0x03, 0x77, 0x72, 0x06, 0xF8, 0x19, 0x0E, 0xF7,
  0x77, 0x30, 0x4F, 0x09, 0x1F, 0x0D, 0x77, 0x73, 0x02, 0xF0, 0x90, 0x1F, 0x0B, 0x77, 0x74, 0xF0,
  0x90, 0x2F, 0x0A, 0x77, 0x74, 0xF0, 0x90, 0x3F, 0x0A, 0x77, 0x74, 0x0E, 0xE0, 0x90, 0x3F, 0x09,
  0x77, 0x74, 0x0E, 0xE0, 0x90, 0x3F, 0x08, 0x77, 0x74, 0x0E, 0xE0, 0x90, 0x3F, 0x09, 0x77, 0x74,
  0x0E, 0xE0, 0x90, 0x3F, 0x0A, 0x77, 0x74, 0x0E, 0xE0, 0x90, 0x2F, 0x0B, 0x77, 0x74, 0xF0, 0x91,
  0xF0, 0xC7, 0x77, 0x4F, 0x81, 0x90, 0xEF, 0x77, 0x73, 0x02, 0xF8, 0x19, 0x0C, 0xF0, 0x27, 0x77,
  0x20, 0x4F, 0x81, 0x90, 0xAF, 0x05, 0x77, 0x72, 0x06, 0xF8, 0x19, 0x07, 0xF0, 0x97, 0x77, 0x20,
  0x9F, 0x81, 0x90, 0x3F, 0x0E, 0x77, 0x72, 0x0E, 0xF0, 0x92, 0x0E, 0xF0, 0x47, 0x77, 0x03, 0xF9,
  0x09, 0x20, 0x9F, 0x0B, 0x77, 0x70, 0x9F, 0x90, 0x92, 0x04, 0xF9, 0x04, 0x77, 0x50, 0x2F, 0xA0,
  0x93, 0x0D, 0xF0, 0xD7, 0x75, 0x0B, 0xFA, 0x09, 0x30, 0x6F, 0x90, 0xB7, 0x73, 0x09, 0xFB, 0x09,
  0x40, 0xCF, 0x90, 0xB0, 0x17, 0x60, 0x10, 0xAF, 0xC0, 0x94, 0x03, 0xFA, 0x0E, 0x06, 0x73, 0x81,
  0x17, 0xEF, 0xD0, 0x95, 0x06, 0xFB, 0x89, 0x0E, 0xA7, 0x54, 0x45, 0x69, 0xCF, 0x07, 0x09, 0xE0,
  0x96, 0x09, 0xFF, 0xFC, 0x81, 0xA0, 0xBE, 0x09, 0x70, 0x9F, 0xFF, 0xA0, 0xA2, 0x0D, 0xE0, 0x97,
  0x10, 0x6F, 0xFF, 0x08, 0x30, 0xDE, 0x09, 0x72, 0x02, 0x0B, 0xFF, 0xB0, 0xD0, 0x44, 0x0E, 0xE0,
  0x97, 0x40, 0x40, 0xBF, 0xE0, 0xD0, 0x66, 0x0E, 0xE0, 0x97, 0x68, 0x93, 0x15, 0x9B, 0xDE, 0xFE,
  0xEC, 0xA7, 0x27, 0x1F, 0x09, 0x77, 0x77, 0x6F, 0x09, 0x77, 0x77, 0x6F, 0x09, 0x77, 0x77, 0x6F,
  0x09, 0x77, 0x77, 0x6F, 0x09, 0x77, 0x77, 0x6F, 0x09, 0x77, 0x77, 0x6F, 0x09, 0x77, 0x77, 0x6F,
  0x09, 0x77, 0x77, 0x6F, 0x09, 0x77, 0x77, 0x6F, 0x09, 0x77, 0x77, 0x6F, 0x09, 0x77, 0x77, 0x6F,
  0x09, 0x77, 0x77, 0x6F, 0x09, 0x77, 0x77, 0x6F, 0x09, 0x77, 0x77, 0x6F, 0x09, 0x77, 0x77, 0x6F,
  0x09, 0x77, 0x77, 0x6F, 0x09, 0x77, 0x77, 0x6F, 0x09, 0x77, 0x77, 0x6F, 0x09, 0x77, 0x77, 0x6F,
  0x09, 0x77, 0x77, 0x6F, 0x09,
  // "r" (U+0072), RLE, 432 bytes saved (65.7%)
  0x77, 0x38, 0x92, 0x59, 0xCD, 0xFE, 0xED, 0xB8, 0x1A, 0xD0, 0x87, 0x10, 0x70, 0xEF, 0xB0, 0x10,
  0xAD, 0x0A, 0x60, 0x30, 0xDF, 0xD1, 0x0A, 0xD0, 0xB5, 0x06, 0xFE, 0x81, 0xC0, 0xAD, 0x0D, 0x40,
  0x7F, 0xF8, 0x1A, 0x0A, 0xD0, 0xE3, 0x07, 0xFF, 0x98, 0x18, 0x0A, 0xE8, 0x11, 0x05, 0xF8, 0x92,
  0xD9, 0x65, 0x45, 0x8D, 0xF6, 0x0A, 0xE8, 0x12, 0x2E, 0xD0, 0xC0, 0x47, 0x18, 0x23, 0x20, 0xAE,
  0x04, 0x0B, 0xC0, 0xE0, 0x67, 0x60, 0xAE, 0x0D, 0xC0, 0xD0, 0x27, 0x70, 0xAF, 0xB0, 0xD0, 0x27,
  0x71, 0x0A, 0xFB, 0x03, 0x77, 0x20, 0xAF, 0xA0, 0x77, 0x73, 0x0A, 0xF9, 0x0D, 0x77, 0x40, 0xAF,
  0x90, 0x67, 0x74, 0x0A, 0xF0, 0xE7, 0x75, 0x0A, 0xF0, 0xA7, 0x75, 0x0A, 0xF0, 0x57, 0x75, 0x0A,
  0xF0, 0x27, 0x75, 0x0A, 0xF7, 0x76, 0x0A, 0xE0, 0xE7, 0x76, 0x0A, 0xE0, 0xD7, 0x76, 0x0A, 0xE0,
  0xD7, 0x76, 0x0A, 0xE0, 0xD7, 0x76, 0x0A, 0xE0, 0xD7, 0x76, 0x0A, 0xE0, 0xD7, 0x76, 0x0A, 0xE0,
  0xD7, 0x76, 0x0A, 0xE0, 0xD7, 0x76, 0x0A, 0xE0, 0xD7, 0x76, 0x0A, 0xE0, 0xD7, 0x76, 0x0A, 0xE0,
  0xD7, 0x76, 0x0A, 0xE0, 0xD7, 0x76, 0x0A, 0xE0, 0xD7, 0x76, 0x0A, 0xE0, 0xD7, 0x76, 0x0A, 0xE0,
  0xD7, 0x76, 0x0A, 0xE0, 0xD7, 0x76, 0x0A, 0xE0, 0xD7, 0x76, 0x0A, 0xE0, 0xD7, 0x76, 0x0A, 0xE0,
  0xD7, 0x76, 0x0A, 0xE0, 0xD7, 0x76, 0x0A, 0xE0, 0xD7, 0x76, 0x0A, 0xE0, 0xD7, 0x76, 0x0A, 0xE0,
  0xD7, 0x76, 0x0A, 0xE0, 0xD7, 0x76, 0x0A, 0xE0, 0xD7, 0x76, 0x0A, 0xE0, 0xD7, 0x76, 0x0A, 0xE0,
  0xD7, 0x76,
  // "s" (U+0073), RLE, 512 bytes saved (62.7%)
  0x73, 0x89, 0x62, 0x58, 0xBC, 0xDE, 0xFE, 0xED, 0xCA, 0x75, 0x27, 0x71, 0x81, 0x17, 0xCF, 0xFA,
  0x81, 0xD9, 0x47, 0x30, 0x10, 0x8F, 0xFF, 0x98, 0x1E, 0x82, 0x60, 0x50, 0xEF, 0xFF, 0xD0, 0x34,
  0x07, 0xFF, 0xFE, 0x0D, 0x40, 0x5F, 0xFF, 0xF0, 0x63, 0x02, 0x0E, 0xFA, 0x89, 0x0C, 0x96, 0x54,
  0x45, 0x78, 0xBF, 0xA0, 0x13, 0x09, 0xF9, 0x09, 0x02, 0x74, 0x81, 0x38, 0xDC, 0x09, 0x4F, 0x0E,
  0x03, 0x77, 0x20, 0x30, 0x9A, 0x03, 0x30, 0x4F, 0x04, 0x77, 0x50, 0x10, 0x64, 0x07, 0xE0, 0xD7,
  0x77, 0x50, 0x8E, 0x0A, 0x77, 0x75, 0x09, 0xE0, 0xA7, 0x77, 0x50, 0x8E, 0x0D, 0x77, 0x75, 0x06,
  0xF0, 0x47, 0x77, 0x40, 0x3F, 0x0E, 0x02, 0x77, 0x74, 0x0D, 0xF0, 0xE0, 0x67, 0x77, 0x30, 0x6F,
  0xA0, 0xC0, 0x47, 0x77, 0x20, 0xCF, 0xB0, 0xC0, 0x57, 0x77, 0x01, 0x0D, 0xFC, 0x81, 0xE8, 0x17,
  0x75, 0x01, 0x0C, 0xFE, 0x0B, 0x05, 0x77, 0x50, 0x9F, 0xF8, 0x1E, 0x81, 0x77, 0x30, 0x30, 0xCF,
  0xF9, 0x0A, 0x03, 0x77, 0x30, 0x40, 0xCF, 0xF9, 0x0B, 0x03, 0x77, 0x30, 0x30, 0xAF, 0xF9, 0x09,
  0x01, 0x77, 0x38, 0x11, 0x8E, 0xFE, 0x0D, 0x03, 0x77, 0x50, 0x40, 0xAF, 0xE0, 0x47, 0x76, 0x81,
  0x18, 0xEF, 0xB0, 0xE0, 0x27, 0x77, 0x10, 0x70, 0xEF, 0xA0, 0xC7, 0x77, 0x20, 0x10, 0x9F, 0xA0,
  0x57, 0x77, 0x30, 0x40, 0xEF, 0x0B, 0x77, 0x74, 0x03, 0xF9, 0x77, 0x75, 0x09, 0xF0, 0x37, 0x77,
  0x40, 0x3F, 0x04, 0x77, 0x75, 0xF0, 0x47, 0x77, 0x5F, 0x04, 0x77, 0x74, 0x03, 0xF0, 0x27, 0x77,
  0x40, 0x8F, 0x10, 0x06, 0x77, 0x71, 0x03, 0xF8, 0x5B, 0x08, 0xFE, 0x94, 0x77, 0x40, 0x30, 0xEF,
  0x81, 0x60, 0x8C, 0x82, 0xE9, 0x51, 0x75, 0x02, 0x09, 0xF9, 0x0E, 0x20, 0x8F, 0x98, 0x92, 0xDA,
  0x86, 0x54, 0x45, 0x57, 0xAD, 0xFB, 0x05, 0x20, 0x8F, 0xFF, 0xF9, 0x09, 0x30, 0x8F, 0xFF, 0xF0,
  0x94, 0x08, 0xFF, 0xFD, 0x0E, 0x06, 0x58, 0x11, 0x7D, 0xFF, 0xFA, 0x09, 0x01, 0x72, 0x81, 0x59,
  0xDF, 0xFB, 0x81, 0xC7, 0x17, 0x78, 0x52, 0x68, 0xAC, 0xDE, 0xB8, 0x5E, 0xDC, 0xA7, 0x51, 0x74,
  // "t" (U+0074), RLE, 579 bytes saved (68.8%)
  0x73, 0x80, 0x07, 0x03, 0x77, 0x72, 0x04, 0xC0, 0x77, 0x77, 0x20, 0x9C, 0x07, 0x77, 0x72, 0x0D,
  0xC0, 0x77, 0x77, 0x10, 0x3D, 0x07, 0x77, 0x71, 0x07, 0xD0, 0x77, 0x77, 0x10, 0xCD, 0x07, 0x77,
  0x70, 0x1E, 0x07, 0x77, 0x70, 0x6E, 0x07, 0x77, 0x70, 0xBE, 0x07, 0x77, 0x60, 0x5F, 0x07, 0x77,
  0x40, 0x60, 0xDF, 0xFF, 0x0C, 0x28, 0x11, 0x8E, 0xFF, 0xFA, 0x81, 0xC0, 0x6F, 0xFF, 0xD8, 0x1C,
  0x09, 0xFF, 0xFD, 0x81, 0xC0, 0x9F, 0xFF, 0xD8, 0x1C, 0x09, 0xFF, 0xFD, 0x81, 0xC0, 0x28, 0x01,
  0x40, 0x5F, 0x09, 0x80, 0x90, 0x40, 0x37, 0x01, 0xF0, 0x77, 0x76, 0x01, 0xF0, 0x77, 0x76, 0x01,
  0xF0, 0x77, 0x76, 0x01, 0xF0, 0x77, 0x76, 0x01, 0xF0, 0x77, 0x76, 0x01, 0xF0, 0x77, 0x76, 0x01,
  0xF0, 0x77, 0x76, 0x01, 0xF0, 0x77, 0x76, 0x01, 0xF0, 0x77, 0x76, 0x01, 0xF0, 0x77, 0x76, 0x01,
  0xF0, 0x77, 0x76, 0x01, 0xF0, 0x77, 0x76, 0x01, 0xF0, 0x77, 0x76, 0x01, 0xF0, 0x77, 0x76, 0x01,
  0xF0, 0x77, 0x76, 0x01, 0xF0, 0x77, 0x76, 0x01, 0xF0, 0x77, 0x76, 0x01, 0xF0, 0x77, 0x76, 0x01,
  0xF0, 0x77, 0x76, 0x01, 0xF0, 0x77, 0x76, 0x01, 0xF0, 0x77, 0x76, 0x01, 0xF0, 0x77, 0x76, 0x01,
  0xF0, 0x77, 0x76, 0x01, 0xF0, 0x77, 0x76, 0x01, 0xF0, 0x77, 0x76, 0x01, 0xF0, 0x77, 0x76, 0x01,
  0xF0, 0x87, 0x77, 0xF0, 0x97, 0x77, 0x0E, 0xE0, 0xC7, 0x77, 0x0C, 0xF0, 0x27, 0x76, 0x0A, 0xF0,
  0x97, 0x76, 0x06, 0xF9, 0x05, 0x77, 0x50, 0x1F, 0xA0, 0x77, 0x75, 0x0A, 0xFA, 0x89, 0x1E, 0x95,
  0x44, 0x57, 0x9C, 0xF2, 0x71, 0x02, 0xFF, 0xD0, 0x27, 0x20, 0x7F, 0xFC, 0x02, 0x73, 0x08, 0xFF,
  0xB0, 0x27, 0x40, 0x7F, 0xFA, 0x02, 0x75, 0x02, 0x09, 0xFE, 0x0D, 0x01, 0x77, 0x18, 0x92, 0x59,
  0xBD, 0xEF, 0xED, 0xC9, 0x73, 0x20,
  // "u" (U+0075), RLE, 587 bytes saved (62.4%)
  0x03, 0xF0, 0x77, 0x77, 0x20, 0xBE, 0x0D, 0x03, 0xF0, 0x77, 0x77, 0x20, 0xBE, 0x0D, 0x03, 0xF0,
  0x77, 0x77, 0x20, 0xBE, 0x0D, 0x03, 0xF0, 0x77, 0x77, 0x20, 0xBE, 0x0D, 0x03, 0xF0, 0x77, 0x77,
  0x20, 0xBE, 0x0D, 0x03, 0xF0, 0x77, 0x77, 0x20, 0xBE, 0x0D, 0x03, 0xF0, 0x77, 0x77, 0x20, 0xBE,
  0x0D, 0x03, 0xF0, 0x77, 0x77, 0x20, 0xBE, 0x0D, 0x03, 0xF0, 0x77, 0x77, 0x20, 0xBE, 0x0D, 0x03,
  0xF0, 0x77, 0x77, 0x20, 0xBE, 0x0D, 0x03, 0xF0, 0x77, 0x77, 0x20, 0xBE, 0x0D, 0x03, 0xF0, 0x77,
  0x77, 0x20, 0xBE, 0x0D, 0x03, 0xF0, 0x77, 0x77, 0x20, 0xBE, 0x0D, 0x03, 0xF0, 0x77, 0x77, 0x20,
  0xBE, 0x0D, 0x03, 0xF0, 0x77, 0x77, 0x20, 0xBE, 0x0D, 0x03, 0xF0, 0x77, 0x77, 0x20, 0xBE, 0x0D,
  0x03, 0xF0, 0x77, 0x77, 0x20, 0xBE, 0x0D, 0x03, 0xF0, 0x77, 0x77, 0x20, 0xBE, 0x0D, 0x03, 0xF0,
  0x77, 0x77, 0x20, 0xBE, 0x0D, 0x03, 0xF0, 0x77, 0x77, 0x20, 0xBE, 0x0D, 0x03, 0xF0, 0x77, 0x77,
  0x20, 0xBE, 0x0D, 0x03, 0xF0, 0x77, 0x77, 0x20, 0xBE, 0x0D, 0x03, 0xF0, 0x77, 0x77, 0x20, 0xBE,
  0x0D, 0x03, 0xF0, 0x77, 0x77, 0x20, 0xBE, 0x0D, 0x03, 0xF0, 0x77, 0x77, 0x20, 0xBE, 0x0D, 0x03,
  0xF0, 0x77, 0x77, 0x20, 0xCE, 0x0D, 0x03, 0xF0, 0x77, 0x77, 0x20, 0xDE, 0x0D, 0x03, 0xF0, 0x77,
  0x77, 0x20, 0xEE, 0x0D, 0x03, 0xF0, 0x77, 0x77, 0x2F, 0x0D, 0x03, 0xF0, 0x77, 0x77, 0x10, 0x3F,
  0x0D, 0x03, 0xF0, 0x77, 0x77, 0x10, 0x5F, 0x0D, 0x02, 0xF0, 0x87, 0x77, 0x10, 0x9F, 0x0D, 0x01,
  0xF0, 0xA7, 0x77, 0x10, 0xEF, 0x0D, 0x1F, 0x0D, 0x77, 0x70, 0x3F, 0x98, 0x1D, 0x0E, 0xF0, 0x17,
  0x76, 0x0A, 0xF9, 0x81, 0xD0, 0xBF, 0x07, 0x77, 0x50, 0x3F, 0xA8, 0x1D, 0x07, 0xF0, 0xE0, 0x17,
  0x74, 0x0B, 0xFA, 0x81, 0xD0, 0x3F, 0x90, 0xA7, 0x73, 0x09, 0xFB, 0x0D, 0x20, 0xDF, 0x90, 0x97,
  0x70, 0x10, 0xAF, 0xC0, 0xD2, 0x07, 0xFA, 0x0C, 0x04, 0x73, 0x81, 0x28, 0xEF, 0xD0, 0xD3, 0x0D,
  0xFB, 0x89, 0x0D, 0xA6, 0x54, 0x45, 0x79, 0xCF, 0x0C, 0x06, 0xE0, 0xD3, 0x04, 0xFF, 0xFD, 0x81,
  0xE2, 0x3E, 0x0D, 0x40, 0x7F, 0xFF, 0xB0, 0xE0, 0x32, 0xE0, 0xD5, 0x06, 0xFF, 0xF9, 0x0D, 0x03,
  0x30, 0xCD, 0x0D, 0x60, 0x30, 0xCF, 0xFC, 0x0E, 0x08, 0x50, 0x9D, 0x0D, 0x71, 0x04, 0x0B, 0xFF,
  0x81, 0xD7, 0x16, 0x07, 0xD0, 0xD7, 0x38, 0x41, 0x58, 0xBD, 0xEA, 0x84, 0xEE, 0xC9, 0x62, 0x77,
  0x20,
  // "v" (U+0076), RLE, 687 bytes saved (67.9%)
  0x0C, 0xF0, 0x37, 0x77, 0x50, 0x8F, 0x07, 0x06, 0xF0, 0x97, 0x77, 0x50, 0xEF, 0x00, 0x1F, 0x0E,
  0x77, 0x74, 0x04, 0xF0, 0xB2, 0x0A, 0xF0, 0x57, 0x77, 0x30, 0xAF, 0x05, 0x20, 0x4F, 0x0A, 0x77,
  0x73, 0x0E, 0xE0, 0xE4, 0x0D, 0xF0, 0x17, 0x77, 0x10, 0x5F, 0x09, 0x40, 0x8F, 0x06, 0x77, 0x71,
  0x0B, 0xF0, 0x34, 0x02, 0xF0, 0xC7, 0x77, 0x01, 0xF0, 0xC6, 0x0C, 0xF0, 0x27, 0x76, 0x07, 0xF0,
  0x66, 0x06, 0xF0, 0x77, 0x76, 0x0C, 0xF0, 0x17, 0x0E, 0xE0, 0xD7, 0x75, 0x02, 0xF0, 0xA7, 0x10,
  0x9F, 0x03, 0x77, 0x40, 0x8F, 0x04, 0x71, 0x04, 0xF0, 0x97, 0x74, 0x0D, 0xE0, 0xE7, 0x30, 0xDE,
  0x0E, 0x77, 0x30, 0x4F, 0x08, 0x73, 0x07, 0xF0, 0x47, 0x72, 0x09, 0xF0, 0x27, 0x30, 0x1F, 0x0A,
  0x77, 0x20, 0xEE, 0x0C, 0x75, 0x0B, 0xF7, 0x71, 0x05, 0xF0, 0x67, 0x50, 0x5F, 0x06, 0x77, 0x0B,
  0xE0, 0xE7, 0x70, 0xEE, 0x0B, 0x76, 0x01, 0xF0, 0x97, 0x70, 0x9F, 0x01, 0x75, 0x06, 0xF0, 0x37,
  0x70, 0x3F, 0x07, 0x75, 0x0C, 0xE0, 0xD7, 0x72, 0x0D, 0xE0, 0xD7, 0x40, 0x2F, 0x07, 0x77, 0x20,
  0x7F, 0x03, 0x73, 0x07, 0xF0, 0x17, 0x72, 0x01, 0xF0, 0x87, 0x30, 0xDE, 0x0B, 0x77, 0x40, 0xAE,
  0x0E, 0x72, 0x03, 0xF0, 0x57, 0x74, 0x05, 0xF0, 0x47, 0x10, 0x9E, 0x0E, 0x77, 0x60, 0xEE, 0x09,
  0x71, 0x0E, 0xE0, 0x97, 0x76, 0x08, 0xE0, 0xE7, 0x04, 0xF0, 0x37, 0x76, 0x02, 0xF0, 0x56, 0x0A,
  0xE0, 0xC7, 0x77, 0x10, 0xCE, 0x0A, 0x60, 0xEE, 0x06, 0x77, 0x71, 0x06, 0xF0, 0x14, 0x05, 0xF0,
  0x17, 0x77, 0x10, 0x1F, 0x05, 0x40, 0xAE, 0x0A, 0x77, 0x73, 0x0A, 0xE0, 0xA4, 0x0E, 0xE0, 0x47,
  0x77, 0x30, 0x4E, 0x0E, 0x30, 0x5E, 0x0D, 0x77, 0x75, 0x0D, 0xE0, 0x42, 0x0A, 0xE0, 0x87, 0x77,
  0x50, 0x8E, 0x09, 0x20, 0xEE, 0x02, 0x77, 0x75, 0x02, 0xE8, 0x1D, 0x04, 0xE0, 0xB7, 0x77, 0x70,
  0xCE, 0x02, 0x08, 0xE0, 0x57, 0x77, 0x70, 0x6E, 0x06, 0x0C, 0xD0, 0xE7, 0x77, 0x72, 0x0E, 0xD0,
  0xCE, 0x09, 0x77, 0x77, 0x20, 0x9F, 0xD0, 0x37, 0x77, 0x72, 0x03, 0xFC, 0x0D, 0x77, 0x77, 0x40,
  0xDF, 0xB0, 0x77, 0x77, 0x74, 0x07, 0xFB, 0x01, 0x77, 0x77, 0x40, 0x1F, 0xA0, 0xB7, 0x77, 0x76,
  0x0B, 0xF9, 0x05, 0x77, 0x30,
  // "w" (U+0077), RLE, 967 bytes saved (63.7%)
  0x0E, 0xE0, 0xD7, 0x76, 0x06, 0xF9, 0x02, 0x77, 0x50, 0x3F, 0x07, 0x09, 0xF0, 0x27, 0x75, 0x0B,
  0xF9, 0x07, 0x77, 0x50, 0x7F, 0x03, 0x05, 0xF0, 0x67, 0x75, 0xFA, 0x0C, 0x77, 0x50, 0xBE, 0x81,
  0xE0, 0x1F, 0x0A, 0x77, 0x40, 0x5F, 0xB0, 0x17, 0x74, 0xF0, 0xA2, 0x0C, 0xE0, 0xE7, 0x74, 0x0A,
  0xFB, 0x05, 0x77, 0x30, 0x4F, 0x06, 0x20, 0x8F, 0x02, 0x77, 0x30, 0xEF, 0xB0, 0xA7, 0x73, 0x08,
  0xF0, 0x12, 0x04, 0xF0, 0x67, 0x72, 0x04, 0xFC, 0x0E, 0x77, 0x30, 0xCE, 0x0D, 0x40, 0xEE, 0x0A,
  0x77, 0x20, 0x9F, 0xD0, 0x47, 0x71, 0x01, 0xF0, 0x84, 0x0B, 0xE0, 0xE7, 0x72, 0x0E, 0xD0, 0xBE,
  0x09, 0x77, 0x10, 0x5F, 0x04, 0x40, 0x6F, 0x03, 0x77, 0x03, 0xE0, 0x50, 0xDD, 0x0D, 0x77, 0x10,
  0x9F, 0x50, 0x2F, 0x07, 0x77, 0x08, 0xE0, 0x10, 0x9E, 0x03, 0x77, 0x0D, 0xE0, 0xB6, 0x0D, 0xE0,
  0xB7, 0x70, 0xDD, 0x81, 0xD0, 0x5E, 0x07, 0x76, 0x01, 0xF0, 0x76, 0x09, 0xF7, 0x60, 0x2E, 0x81,
  0xA0, 0x2E, 0x0C, 0x76, 0x05, 0xF0, 0x26, 0x05, 0xF0, 0x47, 0x50, 0x7E, 0x06, 0x20, 0xDE, 0x01,
  0x75, 0x09, 0xE0, 0xD7, 0x01, 0xF0, 0x87, 0x50, 0xCE, 0x02, 0x20, 0x9E, 0x06, 0x75, 0x0D, 0xE0,
  0x97, 0x10, 0xCE, 0x0C, 0x74, 0x01, 0xE0, 0xE3, 0x05, 0xE0, 0xB7, 0x40, 0x2F, 0x05, 0x71, 0x08,
  0xF7, 0x40, 0x6E, 0x0A, 0x30, 0x1F, 0x74, 0x06, 0xF0, 0x17, 0x10, 0x3F, 0x04, 0x73, 0x0B, 0xE0,
  0x54, 0x0C, 0xE0, 0x57, 0x30, 0xAE, 0x0C, 0x73, 0x0E, 0xE0, 0x87, 0x20, 0x1F, 0x01, 0x40, 0x8E,
  0x09, 0x73, 0x0E, 0xE0, 0x77, 0x30, 0xAE, 0x0C, 0x72, 0x05, 0xE0, 0xB5, 0x03, 0xE0, 0xE7, 0x20,
  0x3F, 0x03, 0x73, 0x06, 0xF0, 0x17, 0x10, 0xAE, 0x06, 0x60, 0xEE, 0x03, 0x71, 0x07, 0xE0, 0xE7,
  0x40, 0x2F, 0x05, 0x71, 0x0E, 0xE0, 0x16, 0x09, 0xE0, 0x87, 0x10, 0xBE, 0x0A, 0x75, 0x0D, 0xE0,
  0x97, 0x04, 0xE0, 0xC7, 0x04, 0xE0, 0xD7, 0x10, 0xEE, 0x06, 0x75, 0x09, 0xE0, 0xD7, 0x09, 0xE0,
  0x77, 0x10, 0xEE, 0x02, 0x60, 0x3F, 0x01, 0x75, 0x04, 0xF0, 0x16, 0x0E, 0xE0, 0x27, 0x10, 0xAE,
  0x07, 0x60, 0x7E, 0x0C, 0x77, 0xF0, 0x55, 0x03, 0xE0, 0xC7, 0x20, 0x5E, 0x0B, 0x60, 0xBE, 0x08,
  0x77, 0x0B, 0xE0, 0x95, 0x08, 0xE0, 0x77, 0x20, 0x1F, 0x01, 0x5F, 0x04, 0x77, 0x07, 0xE0, 0xC5,
  0x0D, 0xE0, 0x27, 0x30, 0xBE, 0x05, 0x40, 0x4E, 0x0E, 0x77, 0x10, 0x3F, 0x01, 0x30, 0x2E, 0x0D,
  0x74, 0x06, 0xE0, 0xA4, 0x08, 0xE0, 0xB7, 0x72, 0x0E, 0xE0, 0x43, 0x06, 0xE0, 0x87, 0x40, 0x1E,
  0x0E, 0x40, 0xBE, 0x06, 0x77, 0x20, 0xAE, 0x08, 0x30, 0xAE, 0x03, 0x75, 0x0C, 0xE0, 0x33, 0xF0,
  0x27, 0x72, 0x06, 0xE0, 0xC3, 0x0E, 0xD0, 0xD7, 0x60, 0x7E, 0x08, 0x20, 0x4E, 0x0D, 0x77, 0x30,
  0x1F, 0x20, 0x2E, 0x08, 0x76, 0x03, 0xE0, 0xC2, 0x07, 0xE0, 0x97, 0x74, 0x0D, 0xE8, 0x13, 0x06,
  0xE0, 0x37, 0x70, 0xDE, 0x20, 0xBE, 0x05, 0x77, 0x40, 0x8E, 0x81, 0x70, 0x9D, 0x0D, 0x77, 0x10,
  0x9E, 0x81, 0x40, 0xEE, 0x77, 0x50, 0x4E, 0x81, 0xA0, 0xDD, 0x09, 0x77, 0x10, 0x4E, 0x07, 0x02,
  0xE0, 0xB7, 0x76, 0xE0, 0xC0, 0x1E, 0x04, 0x77, 0x20, 0xED, 0x0A, 0x05, 0xE0, 0x77, 0x76, 0x0B,
  0xE0, 0x5D, 0x0E, 0x77, 0x30, 0xAD, 0x0D, 0x08, 0xE0, 0x37, 0x76, 0x07, 0xE0, 0xDD, 0x09, 0x77,
  0x30, 0x5E, 0x0D, 0xD0, 0xE7, 0x77, 0x03, 0xFD, 0x04, 0x77, 0x4F, 0xD0, 0xA7, 0x77, 0x10, 0xEF,
  0xB0, 0xE7, 0x75, 0x0B, 0xFC, 0x05, 0x77, 0x71, 0x0A, 0xFB, 0x09, 0x77, 0x50, 0x6F, 0xC0, 0x17,
  0x77, 0x10, 0x5F, 0xB0, 0x47, 0x75, 0x01, 0xFB, 0x0C, 0x77, 0x72, 0x01, 0xFA, 0x0E, 0x77, 0x70,
  0xCF, 0xA0, 0x87, 0x77, 0x30, 0xCF, 0x90, 0xA7, 0x77, 0x07, 0xFA, 0x04, 0x77, 0x73, 0x08, 0xF9,
  0x05, 0x77, 0x70, 0x2F, 0x90, 0xE7, 0x60,
  // "x" (U+0078), RLE, 643 bytes saved (65.0%)
  0x10, 0x5F, 0x90, 0x47, 0x77, 0x10, 0xBF, 0x0B, 0x30, 0x9F, 0x0D, 0x77, 0x70, 0x6F, 0x0E, 0x01,
  0x40, 0xDF, 0x09, 0x77, 0x50, 0x20, 0xEF, 0x05, 0x50, 0x3F, 0x90, 0x47, 0x74, 0x0B, 0xF0, 0xA7,
  0x07, 0xF0, 0xD7, 0x73, 0x06, 0xF0, 0xD0, 0x17, 0x10, 0xBF, 0x09, 0x77, 0x10, 0x10, 0xEF, 0x04,
  0x72, 0x02, 0x0E, 0xF0, 0x47, 0x70, 0xBF, 0x08, 0x74, 0x05, 0xF0, 0xD7, 0x60, 0x6F, 0x0C, 0x76,
  0x0A, 0xF0, 0x97, 0x40, 0x10, 0xEF, 0x02, 0x76, 0x01, 0x0D, 0xF0, 0x47, 0x30, 0xBF, 0x07, 0x77,
  0x10, 0x3F, 0x0D, 0x01, 0x71, 0x06, 0xF0, 0xB7, 0x73, 0x08, 0xF0, 0x97, 0x01, 0x0E, 0xE0, 0xE0,
  0x17, 0x74, 0x0C, 0xF0, 0x46, 0x0B, 0xF0, 0x57, 0x75, 0x02, 0x0E, 0xE0, 0xD0, 0x14, 0x06, 0xF0,
  0xA7, 0x77, 0x06, 0xF0, 0x93, 0x01, 0x0E, 0xE0, 0xD0, 0x17, 0x77, 0x10, 0xAF, 0x04, 0x20, 0xBF,
  0x04, 0x77, 0x72, 0x01, 0x0E, 0xE8, 0x1E, 0x16, 0xF0, 0x87, 0x77, 0x40, 0x4F, 0x0B, 0x0E, 0xE0,
  0xC7, 0x77, 0x60, 0x9F, 0xF0, 0x37, 0x77, 0x70, 0xDF, 0xD0, 0x77, 0x77, 0x71, 0x03, 0xFC, 0x0B,
  0x77, 0x77, 0x30, 0x7F, 0xA0, 0xE0, 0x27, 0x77, 0x74, 0x0E, 0xF9, 0x06, 0x77, 0x77, 0x40, 0x7F,
  0xA0, 0xA7, 0x77, 0x73, 0x03, 0xFC, 0x06, 0x77, 0x77, 0x20, 0xDF, 0xC0, 0xE0, 0x27, 0x77, 0x70,
  0x9F, 0xE0, 0xC7, 0x77, 0x60, 0x5F, 0xF9, 0x08, 0x77, 0x74, 0x01, 0x0E, 0xF0, 0x50, 0xBF, 0x04,
  0x77, 0x73, 0x0B, 0xF8, 0x2A, 0x01, 0xEE, 0x0E, 0x01, 0x77, 0x71, 0x07, 0xF0, 0xD3, 0x05, 0xF0,
  0xB7, 0x77, 0x02, 0xF9, 0x03, 0x40, 0xAF, 0x07, 0x77, 0x60, 0xDF, 0x08, 0x50, 0x10, 0xEF, 0x03,
  0x77, 0x40, 0x9F, 0x0C, 0x70, 0x4F, 0x0D, 0x77, 0x30, 0x4F, 0x90, 0x27, 0x10, 0x9F, 0x09, 0x77,
  0x10, 0x10, 0xEF, 0x06, 0x73, 0x0D, 0xF0, 0x57, 0x70, 0xBF, 0x0B, 0x74, 0x03, 0xF0, 0xE0, 0x27,
  0x50, 0x6F, 0x0E, 0x01, 0x75, 0x08, 0xF0, 0xC7, 0x40, 0x20, 0xEF, 0x05, 0x77, 0x0C, 0xF0, 0x87,
  0x30, 0xCF, 0x09, 0x77, 0x10, 0x2F, 0x90, 0x47, 0x10, 0x8F, 0x0D, 0x77, 0x30, 0x7F, 0x0D, 0x01,
  0x60, 0x4F, 0x90, 0x37, 0x74, 0x0B, 0xF0, 0xA5, 0x01, 0x0D, 0xF0, 0x87, 0x75, 0x02, 0x0E, 0xF0,
  0x64, 0x0A, 0xF0, 0xC7, 0x77, 0x06, 0xF9, 0x02, 0x20, 0x6F, 0x0E, 0x02, 0x77, 0x71, 0x0A, 0xF8,
  0x2C, 0x02, 0xEF, 0x06, 0x77, 0x72, 0x01, 0x0E, 0xF0, 0x90,
  // "y" (U+0079), RLE, 1031 bytes saved (69.9%)
  0x0B, 0xF0, 0x57, 0x77, 0x50, 0x7F, 0x0A, 0x04, 0xF0, 0xB7, 0x77, 0x50, 0xDF, 0x81, 0x40, 0xDF,
  0x01, 0x77, 0x73, 0x03, 0xF0, 0xD2, 0x07, 0xF0, 0x77, 0x77, 0x30, 0x8F, 0x08, 0x20, 0x1F, 0x0D,
  0x77, 0x73, 0x0E, 0xF0, 0x23, 0x0B, 0xF0, 0x37, 0x77, 0x10, 0x4F, 0x0C, 0x40, 0x4F, 0x09, 0x77,
  0x71, 0x09, 0xF0, 0x65, 0x0D, 0xE0, 0xE7, 0x77, 0x10, 0xEF, 0x01, 0x50, 0x7F, 0x05, 0x77, 0x60,
  0x5F, 0x0A, 0x60, 0x1F, 0x0B, 0x77, 0x60, 0xAF, 0x04, 0x70, 0xBF, 0x02, 0x77, 0x40, 0x1F, 0x0D,
  0x71, 0x04, 0xF0, 0x87, 0x74, 0x06, 0xF0, 0x87, 0x20, 0xDE, 0x0D, 0x77, 0x40, 0xCF, 0x02, 0x72,
  0x07, 0xF0, 0x47, 0x72, 0x02, 0xF0, 0xB7, 0x30, 0x1F, 0x0A, 0x77, 0x20, 0x7F, 0x06, 0x74, 0x0B,
  0xF0, 0x17, 0x71, 0x0D, 0xE0, 0xE7, 0x50, 0x4F, 0x06, 0x77, 0x03, 0xF0, 0x97, 0x60, 0xDE, 0x0C,
  0x77, 0x08, 0xF0, 0x47, 0x60, 0x8F, 0x02, 0x76, 0x0E, 0xE0, 0xD7, 0x70, 0x1F, 0x08, 0x75, 0x04,
  0xF0, 0x77, 0x71, 0x0B, 0xE0, 0xE7, 0x50, 0x9F, 0x02, 0x77, 0x10, 0x4F, 0x04, 0x74, 0x0E, 0xE0,
  0xB7, 0x73, 0x0D, 0xE0, 0xA7, 0x30, 0x5F, 0x05, 0x77, 0x30, 0x8F, 0x01, 0x72, 0x0A, 0xE0, 0xE7,
  0x74, 0x01, 0xF0, 0x67, 0x10, 0x1F, 0x09, 0x77, 0x50, 0xBE, 0x0C, 0x71, 0x06, 0xF0, 0x37, 0x75,
  0x04, 0xF0, 0x27, 0x0B, 0xE0, 0xD7, 0x77, 0x0D, 0xE0, 0x86, 0x01, 0xF0, 0x77, 0x77, 0x08, 0xE0,
  0xE6, 0x06, 0xF0, 0x17, 0x77, 0x01, 0xF0, 0x45, 0x0B, 0xE0, 0xB7, 0x77, 0x20, 0xBE, 0x09, 0x40,
  0x1F, 0x05, 0x77, 0x72, 0x05, 0xE0, 0xE4, 0x06, 0xE0, 0xE7, 0x77, 0x40, 0xEE, 0x04, 0x30, 0xBE,
  0x09, 0x77, 0x74, 0x08, 0xE0, 0x92, 0x01, 0xF0, 0x37, 0x77, 0x40, 0x1E, 0x0E, 0x20, 0x5E, 0x0D,
  0x77, 0x76, 0x0B, 0xE8, 0x13, 0x0A, 0xE0, 0x77, 0x77, 0x60, 0x5E, 0x81, 0x70, 0xEE, 0x01, 0x77,
  0x77, 0x0E, 0xD0, 0xA0, 0x4E, 0x0B, 0x77, 0x77, 0x10, 0x8D, 0x0E, 0x08, 0xE0, 0x57, 0x77, 0x71,
  0x02, 0xFD, 0x0E, 0x77, 0x77, 0x30, 0xBF, 0xC0, 0x97, 0x77, 0x73, 0x05, 0xFC, 0x03, 0x77, 0x77,
  0x40, 0xEF, 0xA0, 0xC7, 0x77, 0x75, 0x08, 0xFA, 0x07, 0x77, 0x77, 0x50, 0x2F, 0xA0, 0x17, 0x77,
  0x76, 0x0B, 0xF0, 0xA7, 0x77, 0x77, 0x06, 0xF0, 0x57, 0x77, 0x77, 0x0B, 0xE0, 0xE7, 0x77, 0x77,
  0x02, 0xF0, 0x87, 0x77, 0x77, 0x08, 0xF0, 0x37, 0x77, 0x77, 0x0E, 0xE0, 0xC7, 0x77, 0x77, 0x05,
  0xF0, 0x67, 0x77, 0x77, 0x0B, 0xF0, 0x17, 0x77, 0x76, 0x02, 0xF0, 0xA7, 0x77, 0x77, 0x09, 0xF0,
  0x37, 0x77, 0x76, 0x02, 0xF0, 0xC7, 0x77, 0x77, 0x0C, 0xF0, 0x57, 0x77, 0x76, 0x09, 0xF0, 0xC7,
  0x77, 0x76, 0x09, 0xF9, 0x04, 0x77, 0x77, 0x40, 0x30, 0xCF, 0x90, 0x97, 0x77, 0x38, 0x7A, 0x86,
  0x54, 0x46, 0x8C, 0xFA, 0x0D, 0x77, 0x74, 0xFF, 0xB0, 0xE0, 0x37, 0x77, 0x4F, 0xFB, 0x04, 0x77,
  0x75, 0xFF, 0x90, 0xE0, 0x57, 0x77, 0x6F, 0xF0, 0xD0, 0x27, 0x77, 0x7F, 0xD0, 0xD0, 0x67, 0x77,
  0x72, 0x83, 0x69, 0xCD, 0xEA, 0x83, 0xEC, 0xB7, 0x37, 0x77, 0x73,
  // "z" (U+007A), RLE, 578 bytes saved (71.8%)
  0x10, 0x2F, 0xFF, 0xFB, 0x07, 0x20, 0x2F, 0xFF, 0xFB, 0x07, 0x20, 0x2F, 0xFF, 0xFB, 0x07, 0x20,
  0x2F, 0xFF, 0xFB, 0x07, 0x20, 0x2F, 0xFF, 0xFB, 0x07, 0x20, 0x2F, 0xFF, 0xFB, 0x07, 0x38, 0x0A,
  0x24, 0x06, 0xF9, 0x03, 0x77, 0x74, 0x0B, 0xF0, 0x67, 0x77, 0x40, 0x7F, 0x0B, 0x77, 0x74, 0x03,
  0xF0, 0xE0, 0x17, 0x77, 0x40, 0xDF, 0x04, 0x77, 0x74, 0x09, 0xF0, 0x87, 0x77, 0x40, 0x5F, 0x0C,
  0x77, 0x74, 0x01, 0x0E, 0xE0, 0xE0, 0x27, 0x77, 0x40, 0xBF, 0x05, 0x77, 0x74, 0x07, 0xF0, 0x97,
  0x77, 0x40, 0x3F, 0x0D, 0x77, 0x74, 0x01, 0x0D, 0xF0, 0x37, 0x77, 0x40, 0xAF, 0x07, 0x77, 0x74,
  0x06, 0xF0, 0xB7, 0x77, 0x40, 0x20, 0xEE, 0x0E, 0x01, 0x77, 0x74, 0x0C, 0xF0, 0x47, 0x77, 0x40,
  0x8F, 0x08, 0x77, 0x74, 0x04, 0xF0, 0xC7, 0x77, 0x40, 0x10, 0xDE, 0x0E, 0x02, 0x77, 0x74, 0x0A,
  0xF0, 0x57, 0x77, 0x40, 0x6F, 0x0A, 0x77, 0x74, 0x02, 0xF0, 0xD7, 0x77, 0x50, 0xCF, 0x03, 0x77,
  0x74, 0x09, 0xF0, 0x77, 0x77, 0x40, 0x4F, 0x0B, 0x77, 0x74, 0x01, 0x0E, 0xE0, 0xE0, 0x17, 0x77,
  0x40, 0xBF, 0x04, 0x77, 0x74, 0x07, 0xF0, 0x87, 0x77, 0x40, 0x3F, 0x0C, 0x77, 0x75, 0x0D, 0xE0,
  0xE0, 0x27, 0x77, 0x40, 0x9F, 0x05, 0x77, 0x74, 0x05, 0xF0, 0xA7, 0x77, 0x40, 0x10, 0xEE, 0x0D,
  0x77, 0x75, 0x0B, 0xF0, 0x78, 0x0A, 0x44, 0x10, 0x7F, 0xFF, 0xFD, 0x01, 0x09, 0xFF, 0xFF, 0xD0,
  0x10, 0x9F, 0xFF, 0xFD, 0x01, 0x09, 0xFF, 0xFF, 0xD0, 0x10, 0x9F, 0xFF, 0xFD, 0x01, 0x09, 0xFF,
  0xFF, 0xD0, 0x10,
  // "{" (U+007B), RLE, 713 bytes saved (67.9%)
  0x77, 0x78, 0x53, 0x69, 0xCD, 0xED, 0x77, 0x48, 0x13, 0x8E, 0xE0, 0xE7, 0x72, 0x02, 0x0A, 0xFA,
  0x0E, 0x77, 0x10, 0x7F, 0xC0, 0xE7, 0x70, 0x9F, 0xD0, 0xE7, 0x60, 0x8F, 0xE0, 0xE7, 0x50, 0x4F,
  0xB8, 0x3E, 0xA7, 0x54, 0x75, 0x0C, 0xF9, 0x0C, 0x04, 0x77, 0x20, 0x3F, 0x90, 0x97, 0x74, 0x08,
  0xF0, 0xA7, 0x75, 0x0C, 0xF0, 0x27, 0x75, 0x0E, 0xE0, 0xC7, 0x76, 0xF0, 0x87, 0x75, 0x01, 0xF0,
  0x67, 0x75, 0x01, 0xF0, 0x57, 0x75, 0x01, 0xF0, 0x57, 0x75, 0x01, 0xF0, 0x57, 0x75, 0x01, 0xF0,
  0x57, 0x75, 0x01, 0xF0, 0x57, 0x75, 0x01, 0xF0, 0x57, 0x75, 0x01, 0xF0, 0x57, 0x75, 0x01, 0xF0,
  0x57, 0x75, 0x01, 0xF0, 0x57, 0x75, 0x01, 0xF0, 0x57, 0x75, 0x01, 0xF0, 0x57, 0x75, 0x01, 0xF0,
  0x57, 0x75, 0x01, 0xF0, 0x57, 0x75, 0x02, 0xF0, 0x57, 0x75, 0x03, 0xF0, 0x47, 0x75, 0x07, 0xF0,
  0x27, 0x75, 0x0C, 0xE0, 0xE7, 0x75, 0x06, 0xF0, 0x87, 0x74, 0x06, 0xF9, 0x02, 0x77, 0x20, 0x40,
  0xBF, 0x90, 0x77, 0x48, 0x42, 0x55, 0x7A, 0xEF, 0xA0, 0x97, 0x50, 0x9F, 0xD0, 0xE0, 0x77, 0x60,
  0x9F, 0xB8, 0x1E, 0x81, 0x77, 0x09, 0xF9, 0x07, 0x03, 0x77, 0x30, 0x9F, 0x98, 0x1B, 0x83, 0x77,
  0x20, 0x9F, 0xC0, 0xD0, 0x67, 0x70, 0x9F, 0xE0, 0xC0, 0x17, 0x78, 0x31, 0x36, 0xAE, 0xF9, 0x0D,
  0x01, 0x77, 0x40, 0x70, 0xEF, 0x0B, 0x77, 0x50, 0x20, 0xEF, 0x04, 0x77, 0x50, 0x4F, 0x0B, 0x77,
  0x60, 0xBF, 0x77, 0x60, 0x6F, 0x03, 0x77, 0x50, 0x3F, 0x04, 0x77, 0x50, 0x2F, 0x05, 0x77, 0x50,
  0x1F, 0x05, 0x77, 0x50, 0x1F, 0x05, 0x77, 0x50, 0x1F, 0x05, 0x77, 0x50, 0x1F, 0x05, 0x77, 0x50,
  0x1F, 0x05, 0x77, 0x50, 0x1F, 0x05, 0x77, 0x50, 0x1F, 0x05, 0x77, 0x50, 0x1F, 0x05, 0x77, 0x50,
  0x1F, 0x05, 0x77, 0x50, 0x1F, 0x05, 0x77, 0x50, 0x1F, 0x05, 0x77, 0x50, 0x1F, 0x05, 0x77, 0x50,
  0x1F, 0x06, 0x77, 0x6F, 0x07, 0x77, 0x6F, 0x0B, 0x77, 0x60, 0xDE, 0x0E, 0x01, 0x77, 0x50, 0x9F,
  0x09, 0x77, 0x50, 0x5F, 0x90, 0x77, 0x75, 0x0E, 0xF9, 0x0B, 0x03, 0x77, 0x30, 0x6F, 0xB8, 0x3D,
  0x96, 0x54, 0x76, 0x0B, 0xFE, 0x0E, 0x76, 0x01, 0x0C, 0xFD, 0x0E, 0x77, 0x10, 0xAF, 0xC0, 0xE7,
  0x72, 0x04, 0x0D, 0xFA, 0x0E, 0x77, 0x40, 0x50, 0xAF, 0x0E, 0x77, 0x68, 0x61, 0x47, 0xAC, 0xDE,
  0xD0,
  // "|" (U+007C), RLE, 86 bytes saved (28.6%)
  0x07, 0xD0, 0xC0, 0x7D, 0x0C, 0x07, 0xD0, 0xC0, 0x7D, 0x0C, 0x07, 0xD0, 0xC0, 0x7D, 0x0C, 0x07,
  0xD0, 0xC0, 0x7D, 0x0C, 0x07, 0xD0, 0xC0, 0x7D, 0x0C, 0x07, 0xD0, 0xC0, 0x7D, 0x0C, 0x07, 0xD0,
  0xC0, 0x7D, 0x0C, 0x07, 0xD0, 0xC0, 0x7D, 0x0C, 0x07, 0xD0, 0xC0, 0x7D, 0x0C, 0x07, 0xD0, 0xC0,
  0x7D, 0x0C, 0x07, 0xD0, 0xC0, 0x7D, 0x0C, 0x07, 0xD0, 0xC0, 0x7D, 0x0C, 0x07, 0xD0, 0xC0, 0x7D,
  0x0C, 0x07, 0xD0, 0xC0, 0x7D, 0x0C, 0x07, 0xD0, 0xC0, 0x7D, 0x0C, 0x07, 0xD0, 0xC0, 0x7D, 0x0C,
  0x07, 0xD0, 0xC0, 0x7D, 0x0C, 0x07, 0xD0, 0xC0, 0x7D, 0x0C, 0x07, 0xD0, 0xC0, 0x7D, 0x0C, 0x07,
  0xD0, 0xC0, 0x7D, 0x0C, 0x07, 0xD0, 0xC0, 0x7D, 0x0C, 0x07, 0xD0, 0xC0, 0x7D, 0x0C, 0x07, 0xD0,
  0xC0, 0x7D, 0x0C, 0x07, 0xD0, 0xC0, 0x7D, 0x0C, 0x07, 0xD0, 0xC0, 0x7D, 0x0C, 0x07, 0xD0, 0xC0,
  0x7D, 0x0C, 0x07, 0xD0, 0xC0, 0x7D, 0x0C, 0x07, 0xD0, 0xC0, 0x7D, 0x0C, 0x07, 0xD0, 0xC0, 0x7D,
  0x0C, 0x07, 0xD0, 0xC0, 0x7D, 0x0C, 0x07, 0xD0, 0xC0, 0x7D, 0x0C, 0x07, 0xD0, 0xC0, 0x7D, 0x0C,
  0x07, 0xD0, 0xC0, 0x7D, 0x0C, 0x07, 0xD0, 0xC0, 0x7D, 0x0C, 0x07, 0xD0, 0xC0, 0x7D, 0x0C, 0x07,
  0xD0, 0xC0, 0x7D, 0x0C, 0x07, 0xD0, 0xC0, 0x7D, 0x0C, 0x07, 0xD0, 0xC0, 0x7D, 0x0C, 0x07, 0xD0,
  0xC0, 0x7D, 0x0C, 0x07, 0xD0, 0xC0, 0x7D, 0x0C, 0x07, 0xD0, 0xC0, 0x7D, 0x0C, 0x07, 0xD0, 0xC0,
  0x7D, 0x0C, 0x07, 0xD0, 0xC0, 0x7D, 0x0C,
  // "}" (U+007D), RLE, 741 bytes saved (68.1%)
  0x86, 0x3E, 0xDD, 0xB9, 0x63, 0x77, 0x70, 0x3F, 0x81, 0xD8, 0x27, 0x74, 0x03, 0xFB, 0x09, 0x01,
  0x77, 0x20, 0x3F, 0xC0, 0xE0, 0x57, 0x71, 0x03, 0xFE, 0x06, 0x77, 0x03, 0xFF, 0x05, 0x76, 0x84,
  0x15, 0x57, 0xAE, 0xFA, 0x0E, 0x01, 0x77, 0x40, 0x60, 0xEF, 0x90, 0x87, 0x75, 0x01, 0x0C, 0xF0,
  0xE7, 0x76, 0x01, 0x0E, 0xF0, 0x37, 0x76, 0x06, 0xF0, 0x77, 0x76, 0x01, 0xF0, 0x97, 0x77, 0x0D,
  0xE0, 0xB7, 0x77, 0x0B, 0xE0, 0xB7, 0x77, 0x0A, 0xE0, 0xC7, 0x77, 0x0A, 0xE0, 0xC7, 0x77, 0x0A,
  0xE0, 0xC7, 0x77, 0x0A, 0xE0, 0xC7, 0x77, 0x0A, 0xE0, 0xC7, 0x77, 0x0A, 0xE0, 0xC7, 0x77, 0x0A,
  0xE0, 0xC7, 0x77, 0x0A, 0xE0, 0xC7, 0x77, 0x0A, 0xE0, 0xC7, 0x77, 0x0A, 0xE0, 0xC7, 0x77, 0x0A,
  0xE0, 0xC7, 0x77, 0x0A, 0xE0, 0xC7, 0x77, 0x0A, 0xE0, 0xC7, 0x77, 0x0A, 0xE0, 0xD7, 0x77, 0x09,
  0xE0, 0xE7, 0x77, 0x07, 0xF0, 0x37, 0x76, 0x03, 0xF0, 0x87, 0x77, 0x0D, 0xF0, 0x27, 0x76, 0x07,
  0xF0, 0xE0, 0x37, 0x76, 0x0C, 0xF9, 0x09, 0x02, 0x77, 0x40, 0x10, 0xDF, 0xA8, 0x4D, 0x97, 0x54,
  0x17, 0x60, 0x10, 0xAF, 0xE0, 0x47, 0x71, 0x04, 0x0B, 0xFC, 0x04, 0x77, 0x38, 0x11, 0x5A, 0xF9,
  0x04, 0x77, 0x38, 0x14, 0x8D, 0xF9, 0x04, 0x77, 0x10, 0x80, 0xEF, 0xC0, 0x47, 0x60, 0x30, 0xDF,
  0xE0, 0x47, 0x50, 0x4F, 0xA8, 0x3D, 0x85, 0x21, 0x76, 0x01, 0x0E, 0xF0, 0xC0, 0x47, 0x74, 0x09,
  0xF0, 0xA7, 0x75, 0x01, 0xF0, 0xD7, 0x76, 0x05, 0xF0, 0x57, 0x76, 0x08, 0xF0, 0x17, 0x76, 0x09,
  0xE0, 0xD7, 0x77, 0x0A, 0xE0, 0xC7, 0x77, 0x0A, 0xE0, 0xC7, 0x77, 0x0A, 0xE0, 0xC7, 0x77, 0x0A,
  0xE0, 0xC7, 0x77, 0x0A, 0xE0, 0xC7, 0x77, 0x0A, 0xE0, 0xC7, 0x77, 0x0A, 0xE0, 0xC7, 0x77, 0x0A,
  0xE0, 0xC7, 0x77, 0x0A, 0xE0, 0xC7, 0x77, 0x0A, 0xE0, 0xC7, 0x77, 0x0A, 0xE0, 0xC7, 0x77, 0x0A,
  0xE0, 0xC7, 0x77, 0x0A, 0xE0, 0xC7, 0x77, 0x0B, 0xE0, 0xC7, 0x77, 0x0D, 0xE0, 0xB7, 0x76, 0x01,
  0xF0, 0xA7, 0x76, 0x06, 0xF0, 0x77, 0x76, 0x0D, 0xF0, 0x47, 0x74, 0x01, 0x0C, 0xF0, 0xE7, 0x74,
  0x06, 0x0E, 0xF9, 0x08, 0x75, 0x84, 0x15, 0x57, 0xAE, 0xFA, 0x0E, 0x01, 0x75, 0x03, 0xFF, 0x04,
  0x76, 0x03, 0xFE, 0x06, 0x77, 0x03, 0xFC, 0x0E, 0x04, 0x77, 0x10, 0x3F, 0xB0, 0x87, 0x73, 0x03,
  0xF8, 0x1D, 0x71, 0x77, 0x48, 0x63, 0xED, 0xDB, 0x85, 0x27, 0x77,
  // "~" (U+007E), RLE, 133 bytes saved (54.1%)
  0x71, 0x84, 0x13, 0x43, 0x21, 0x77, 0x77, 0x48, 0x15, 0xAE, 0xE8, 0x2E, 0xB8, 0x37, 0x77, 0x02,
  0x0A, 0x30, 0x60, 0xDF, 0xE8, 0x1E, 0x82, 0x77, 0x38, 0x44, 0xEC, 0x01, 0xBF, 0xFC, 0x0B, 0x05,
  0x76, 0x01, 0x09, 0xA8, 0x1C, 0x1D, 0xFF, 0xF8, 0x1E, 0x83, 0x72, 0x07, 0x0E, 0xB0, 0xC0, 0xAF,
  0xFF, 0xC8, 0x7D, 0xA7, 0x54, 0x56, 0xAE, 0xD0, 0xC0, 0xA8, 0x0C, 0x3F, 0x0C, 0x0A, 0xD8, 0x1B,
  0x62, 0x28, 0x31, 0x35, 0x9D, 0xFF, 0xFB, 0x00, 0xAB, 0x0B, 0x03, 0x73, 0x81, 0x39, 0xEF, 0xFE,
  0x84, 0xA0, 0xAF, 0xE6, 0x77, 0x10, 0x60, 0xCF, 0xFB, 0x07, 0x28, 0x1A, 0xD2, 0x77, 0x48, 0x13,
  0x8D, 0xFD, 0x0A, 0x02, 0x30, 0x70, 0x17, 0x77, 0x18, 0x92, 0x26, 0x9C, 0xDE, 0xFE, 0xDA, 0x61,
  0x50,
  // "¡" (U+00A1), RLE, 178 bytes saved (51.3%)
  0x28, 0x52, 0x9D, 0xFE, 0xA2, 0x30, 0x40, 0xEE, 0x82, 0x50, 0x1E, 0xF9, 0x01, 0x07, 0xFA, 0x07,
  0x0A, 0xFA, 0x0B, 0x0C, 0xFA, 0x00, 0xCF, 0xA0, 0xC0, 0xAF, 0xA0, 0xB0, 0x7F, 0xA0, 0x80, 0x1F,
  0xA8, 0x12, 0x05, 0xF0, 0x63, 0x85, 0x29, 0xDF, 0xEA, 0x38, 0x09, 0x95, 0x00, 0x1C, 0x0E, 0x50,
  0x2D, 0x50, 0x2D, 0x50, 0x3D, 0x01, 0x40, 0x4D, 0x02, 0x40, 0x5D, 0x03, 0x40, 0x5D, 0x03, 0x40,
  0x6D, 0x04, 0x40, 0x7D, 0x05, 0x40, 0x8D, 0x06, 0x40, 0x8D, 0x06, 0x40, 0x9D, 0x07, 0x40, 0xAD,
  0x08, 0x40, 0xBD, 0x09, 0x40, 0xBD, 0x09, 0x40, 0xCD, 0x0A, 0x40, 0xDD, 0x0B, 0x40, 0xED, 0x0C,
  0x4E, 0x0D, 0x4E, 0x0D, 0x30, 0x1E, 0x0E, 0x30, 0x1F, 0x30, 0x2F, 0x30, 0x3F, 0x01, 0x20, 0x3F,
  0x01, 0x20, 0x4F, 0x02, 0x20, 0x5F, 0x03, 0x20, 0x6F, 0x04, 0x20, 0x7F, 0x05, 0x20, 0x7F, 0x05,
  0x20, 0x8F, 0x06, 0x20, 0x9F, 0x07, 0x20, 0xAF, 0x08, 0x20, 0xAF, 0x08, 0x20, 0xBF, 0x09, 0x20,
  0xCF, 0x0A, 0x20, 0xDF, 0x0B, 0x20, 0xDF, 0x0B, 0x20, 0xEF, 0x0C, 0x2F, 0x90, 0xD2, 0xF9, 0x81,
  0xE0, 0x1F, 0x98, 0x1E, 0x02, 0xFA, 0x10, 0x2F, 0xA1,
  // "¢" (U+00A2), RLE, 773 bytes saved (69.0%)
  0x77, 0x30, 0x7D, 0x05, 0x77, 0x77, 0x07, 0xD0, 0x57, 0x77, 0x70, 0x7D, 0x05, 0x77, 0x77, 0x07,
  0xD0, 0x57, 0x77, 0x70, 0x7D, 0x05, 0x77, 0x77, 0x07, 0xD0, 0x57, 0x77, 0x70, 0x7D, 0x05, 0x77,
  0x75, 0x81, 0x36, 0xCE, 0x84, 0xED, 0xC9, 0x74, 0x77, 0x38, 0x13, 0x9E, 0xFF, 0xA8, 0x1B, 0x61,
  0x74, 0x04, 0x0B, 0xFF, 0xF9, 0x06, 0x71, 0x01, 0x0A, 0xFF, 0xFB, 0x04, 0x70, 0x20, 0xDF, 0xFF,
  0xB0, 0xE7, 0x03, 0x0E, 0xFF, 0xFC, 0x09, 0x60, 0x20, 0xEF, 0xB8, 0x90, 0xEA, 0x75, 0x44, 0x57,
  0x9D, 0xE0, 0x36, 0x0D, 0xFA, 0x0A, 0x03, 0x73, 0x84, 0x15, 0x9E, 0xFD, 0x60, 0x8F, 0x90, 0xD0,
  0x47, 0x72, 0x00, 0x55, 0x02, 0xF9, 0x0D, 0x01, 0x77, 0x73, 0x09, 0xF0, 0xE0, 0x27, 0x77, 0x30,
  0x1F, 0x90, 0x57, 0x77, 0x40, 0x6F, 0x0C, 0x77, 0x75, 0x0C, 0xF0, 0x57, 0x77, 0x40, 0x1F, 0x0E,
  0x77, 0x75, 0x04, 0xF0, 0x97, 0x77, 0x50, 0x7F, 0x05, 0x77, 0x75, 0x0A, 0xF0, 0x27, 0x77, 0x50,
  0xCF, 0x77, 0x76, 0x0E, 0xE0, 0xD7, 0x77, 0x6F, 0x0B, 0x77, 0x75, 0x01, 0xF0, 0xA7, 0x77, 0x50,
  0x1F, 0x09, 0x77, 0x75, 0x02, 0xF0, 0x97, 0x77, 0x50, 0x2F, 0x08, 0x77, 0x75, 0x02, 0xF0, 0x97,
  0x77, 0x50, 0x1F, 0x09, 0x77, 0x75, 0x01, 0xF0, 0xA7, 0x77, 0x6F, 0x0C, 0x77, 0x76, 0x0D, 0xE0,
  0xE7, 0x77, 0x60, 0xBF, 0x01, 0x77, 0x75, 0x09, 0xF0, 0x47, 0x77, 0x50, 0x6F, 0x07, 0x77, 0x75,
  0x03, 0xF0, 0xC7, 0x77, 0x60, 0xEF, 0x03, 0x77, 0x75, 0x09, 0xF0, 0xA7, 0x77, 0x50, 0x4F, 0x90,
  0x37, 0x77, 0x50, 0xDF, 0x0D, 0x01, 0x77, 0x74, 0x05, 0xF9, 0x0C, 0x01, 0x77, 0x74, 0x0C, 0xF9,
  0x0D, 0x03, 0x77, 0x30, 0x50, 0xA5, 0x02, 0xFB, 0x09, 0x03, 0x75, 0x83, 0x5A, 0xEF, 0xE6, 0x06,
  0xFC, 0x89, 0x1D, 0x96, 0x54, 0x45, 0x67, 0x9C, 0xD0, 0xE7, 0x08, 0xFF, 0xFD, 0x0E, 0x71, 0x08,
  0xFF, 0xFC, 0x0E, 0x72, 0x05, 0x0E, 0xFF, 0xFA, 0x0E, 0x73, 0x01, 0x08, 0xFF, 0xF9, 0x0B, 0x75,
  0x81, 0x17, 0xDF, 0xFA, 0x81, 0xE9, 0x37, 0x72, 0x82, 0x26, 0x9D, 0xE8, 0x4E, 0xDC, 0xA7, 0x37,
  0x77, 0x10, 0x7D, 0x04, 0x77, 0x77, 0x07, 0xD0, 0x47, 0x77, 0x70, 0x7D, 0x04, 0x77, 0x77, 0x07,
  0xD0, 0x47, 0x77, 0x70, 0x7D, 0x04, 0x77, 0x77, 0x07, 0xD0, 0x47, 0x77, 0x70, 0x7D, 0x04, 0x77,
  0x77, 0x07, 0xD0, 0x47, 0x77, 0x70, 0x38, 0x01, 0x70, 0x17, 0x40,
  // "£" (U+00A3), RLE, 1025 bytes saved (75.1%)
  0x77, 0x68, 0x42, 0x69, 0xCD, 0xEA, 0x85, 0xED, 0xCA, 0x85, 0x27, 0x77, 0x58, 0x11, 0x7D, 0xFF,
  0x98, 0x1D, 0x83, 0x77, 0x71, 0x07, 0x0E, 0xFF, 0xE8, 0x1E, 0x81, 0x77, 0x30, 0x20, 0xCF, 0xFF,
  0xC0, 0x97, 0x71, 0x03, 0x0E, 0xFF, 0xFD, 0x08, 0x77, 0x02, 0x0E, 0xFF, 0xFE, 0x01, 0x77, 0x0D,
  0xFA, 0x89, 0x0E, 0xA7, 0x54, 0x45, 0x79, 0xCF, 0x90, 0x97, 0x70, 0x8F, 0x90, 0xD0, 0x67, 0x40,
  0x40, 0xAD, 0x03, 0x76, 0x01, 0xF9, 0x0B, 0x01, 0x77, 0x18, 0x26, 0xCF, 0xB7, 0x70, 0x8F, 0x0D,
  0x77, 0x50, 0x03, 0x77, 0x0D, 0xF0, 0x37, 0x77, 0x76, 0x02, 0xF0, 0xB7, 0x77, 0x77, 0x06, 0xF0,
  0x67, 0x77, 0x77, 0x08, 0xF0, 0x27, 0x77, 0x77, 0x0A, 0xF8, 0x0C, 0x00, 0x0B, 0xE0, 0xE8, 0x0C,
  0x00, 0x0B, 0xE0, 0xD8, 0x0C, 0x00, 0x0B, 0xE0, 0xC8, 0x0C, 0x00, 0x0B, 0xE0, 0xC8, 0x0C, 0x00,
  0x0B, 0xE0, 0xC8, 0x0C, 0x00, 0x0B, 0xE0, 0xC8, 0x0C, 0x00, 0x0B, 0xE0, 0xC8, 0x0C, 0x00, 0x0B,
  0xE0, 0xC8, 0x0C, 0x00, 0x0B, 0xE0, 0xC8, 0x0C, 0x00, 0x0B, 0xE0, 0xC8, 0x0C, 0x00, 0x0B, 0xE0,
  0xC8, 0x0C, 0x00, 0x0B, 0xE0, 0xC8, 0x0C, 0x00, 0x0B, 0xE0, 0xC8, 0x0C, 0x00, 0x0B, 0xE0, 0xC7,
  0x77, 0x7F, 0xFF, 0xFD, 0x05, 0x73, 0xFF, 0xFF, 0xD0, 0x57, 0x3F, 0xFF, 0xFD, 0x05, 0x73, 0xFF,
  0xFF, 0xD0, 0x57, 0x3F, 0xFF, 0xFD, 0x05, 0x73, 0xFF, 0xFF, 0xD0, 0x57, 0x38, 0x04, 0x40, 0xCE,
  0x0D, 0x80, 0x95, 0x40, 0x17, 0x74, 0x0B, 0xE0, 0xC8, 0x0C, 0x00, 0x0B, 0xE0, 0xC8, 0x0C, 0x00,
  0x0B, 0xE0, 0xC8, 0x0C, 0x00, 0x0B, 0xE0, 0xC8, 0x0C, 0x00, 0x0B, 0xE0, 0xC8, 0x0C, 0x00, 0x0B,
  0xE0, 0xC8, 0x0C, 0x00, 0x0B, 0xE0, 0xC8, 0x0C, 0x00, 0x0B, 0xE0, 0xC8, 0x0C, 0x00, 0x0B, 0xE0,
  0xC8, 0x0C, 0x00, 0x0C, 0xE0, 0xB8, 0x0C, 0x00, 0x0D, 0xE0, 0xA8, 0x0C, 0x00, 0xF0, 0x87, 0x77,
  0x77, 0x03, 0xF0, 0x67, 0x77, 0x77, 0x07, 0xF0, 0x17, 0x77, 0x77, 0x0D, 0xE0, 0xB7, 0x77, 0x77,
  0x06, 0xF0, 0x37, 0x77, 0x76, 0x02, 0x0E, 0xE0, 0x77, 0x77, 0x76, 0x02, 0x0E, 0xE0, 0x97, 0x77,
  0x76, 0x06, 0x0E, 0xE0, 0x97, 0x77, 0x75, 0x05, 0x0C, 0xF0, 0xA8, 0x0B, 0x44, 0x03, 0x0E, 0x80,
  0xC6, 0xF0, 0x38, 0x0C, 0x7F, 0x03, 0x80, 0xC7, 0xF0, 0x38, 0x0C, 0x7F, 0x03, 0x80, 0xC7, 0xF0,
  0x38, 0x0C, 0x7F,
  // "¤" (U+00A4), RLE, 450 bytes saved (57.7%)
  0x40, 0x37, 0x77, 0x71, 0x03, 0x78, 0x1A, 0xF4, 0x77, 0x76, 0x81, 0x3E, 0xB5, 0x0A, 0xB0, 0x47,
  0x77, 0x40, 0x30, 0xEA, 0x0B, 0x30, 0xAD, 0x04, 0x68, 0x91, 0x26, 0xAC, 0xEF, 0xED, 0xA6, 0x26,
  0x03, 0x0E, 0xC8, 0x1B, 0x09, 0xE0, 0xE0, 0x43, 0x04, 0x0B, 0xFC, 0x0B, 0x04, 0x30, 0x30, 0xEE,
  0x0A, 0x03, 0xF8, 0x2E, 0x32, 0xBF, 0xF9, 0x82, 0xB2, 0x3E, 0xF8, 0x14, 0x05, 0xF0, 0x0E, 0xFF,
  0xB0, 0x0E, 0xF0, 0x53, 0x06, 0xFF, 0xFF, 0xD0, 0x75, 0x08, 0xFF, 0xFF, 0xB0, 0x97, 0x0A, 0xFB,
  0x82, 0xB6, 0x31, 0x28, 0x12, 0x5A, 0xFB, 0x0B, 0x72, 0x0B, 0xF0, 0xC0, 0x37, 0x20, 0x10, 0xAF,
  0x0C, 0x73, 0x07, 0xE0, 0x87, 0x60, 0x5E, 0x0B, 0x72, 0x02, 0xE0, 0x77, 0x71, 0x04, 0xE0, 0x57,
  0x10, 0xAD, 0x09, 0x77, 0x30, 0x6D, 0x0C, 0x70, 0x1D, 0x0E, 0x77, 0x50, 0xBD, 0x04, 0x60, 0x7D,
  0x06, 0x77, 0x50, 0x3D, 0x09, 0x60, 0xBD, 0x01, 0x77, 0x60, 0xCC, 0x0E, 0x60, 0xEC, 0x0C, 0x77,
  0x70, 0x8D, 0x02, 0x40, 0x1D, 0x09, 0x77, 0x70, 0x5D, 0x04, 0x40, 0x3D, 0x08, 0x77, 0x70, 0x4D,
  0x06, 0x40, 0x3D, 0x08, 0x77, 0x70, 0x3D, 0x06, 0x40, 0x2D, 0x09, 0x77, 0x70, 0x5D, 0x05, 0x40,
  0x1D, 0x0B, 0x77, 0x70, 0x7D, 0x04, 0x50, 0xDD, 0x01, 0x77, 0x60, 0xCD, 0x01, 0x50, 0x9D, 0x06,
  0x77, 0x50, 0x2D, 0x0D, 0x60, 0x5D, 0x0D, 0x77, 0x50, 0xBD, 0x08, 0x70, 0xDD, 0x09, 0x77, 0x30,
  0x7E, 0x02, 0x70, 0x6E, 0x06, 0x77, 0x10, 0x4E, 0x0B, 0x72, 0x0D, 0xE0, 0x77, 0x60, 0x6F, 0x02,
  0x72, 0x06, 0xF0, 0xC0, 0x37, 0x20, 0x10, 0xAF, 0x09, 0x72, 0x03, 0x0E, 0xFA, 0x82, 0xB6, 0x31,
  0x28, 0x12, 0x5A, 0xFB, 0x04, 0x70, 0x20, 0xEF, 0xFF, 0xF9, 0x0E, 0x02, 0x50, 0x10, 0xDF, 0xFF,
  0xFB, 0x0D, 0x01, 0x30, 0x10, 0xDF, 0xFF, 0xFD, 0x0D, 0x01, 0x20, 0xCF, 0x81, 0x75, 0xEF, 0xF9,
  0x81, 0xE6, 0x7F, 0x81, 0xB0, 0x9F, 0x07, 0x28, 0x11, 0x9E, 0xFD, 0x09, 0x01, 0x20, 0x7F, 0x81,
  0x91, 0xDD, 0x07, 0x58, 0x21, 0x7B, 0xEE, 0x81, 0xB7, 0x15, 0x08, 0xD8, 0x3E, 0x20, 0x1D, 0xB0,
  0x87, 0x38, 0x31, 0x34, 0x32, 0x73, 0x08, 0xB0, 0xE0, 0x23, 0x82, 0x1D, 0xF8, 0x77, 0x76, 0x82,
  0x8F, 0xE3, 0x50, 0x10, 0x77, 0x77, 0x71, 0x07, 0x03, 0x30,
  // "¥" (U+00A5), RLE, 1035 bytes saved (72.2%)
  0x08, 0xF0, 0x77, 0x77, 0x71, 0x05, 0xF8, 0x18, 0x1E, 0xE0, 0xE7, 0x77, 0x71, 0x0D, 0xE8, 0x2E,
  0x10, 0x7F, 0x07, 0x77, 0x76, 0x05, 0xF0, 0x73, 0x0D, 0xE0, 0xE7, 0x77, 0x60, 0xDE, 0x0D, 0x40,
  0x6F, 0x07, 0x77, 0x74, 0x06, 0xF0, 0x55, 0x0D, 0xE0, 0xE0, 0x17, 0x77, 0x30, 0xDE, 0x0C, 0x60,
  0x5F, 0x08, 0x77, 0x72, 0x06, 0xF0, 0x47, 0x0C, 0xE0, 0xE0, 0x17, 0x77, 0x10, 0xDE, 0x0B, 0x71,
  0x03, 0xF0, 0x87, 0x77, 0x07, 0xF0, 0x37, 0x20, 0xBE, 0x0E, 0x01, 0x77, 0x60, 0xEE, 0x0A, 0x73,
  0x02, 0xF0, 0x87, 0x75, 0x07, 0xF0, 0x27, 0x40, 0xAF, 0x01, 0x77, 0x40, 0xEE, 0x09, 0x75, 0x02,
  0xF0, 0x97, 0x73, 0x07, 0xE0, 0xE0, 0x17, 0x60, 0x9F, 0x01, 0x77, 0x10, 0x10, 0xEE, 0x08, 0x77,
  0x01, 0x0E, 0xE0, 0x97, 0x71, 0x08, 0xE0, 0xE7, 0x72, 0x07, 0xF0, 0x27, 0x60, 0x10, 0xEE, 0x06,
  0x77, 0x30, 0xEE, 0x09, 0x76, 0x08, 0xE0, 0xD7, 0x74, 0x06, 0xF0, 0x27, 0x40, 0x1F, 0x05, 0x77,
  0x50, 0xDE, 0x09, 0x74, 0x09, 0xE0, 0xC7, 0x76, 0x05, 0xF0, 0x27, 0x20, 0x1F, 0x04, 0x77, 0x70,
  0xCE, 0x0A, 0x72, 0x09, 0xE0, 0xB7, 0x77, 0x10, 0x4F, 0x02, 0x70, 0x2F, 0x03, 0x77, 0x72, 0x0B,
  0xE0, 0xA7, 0x09, 0xE0, 0xA7, 0x77, 0x30, 0x3F, 0x03, 0x50, 0x2F, 0x02, 0x77, 0x74, 0x0A, 0xE0,
  0xA5, 0x0A, 0xE0, 0x97, 0x77, 0x50, 0x2F, 0x03, 0x30, 0x2E, 0x0E, 0x01, 0x77, 0x76, 0x09, 0xE0,
  0xB3, 0x0A, 0xE0, 0x77, 0x77, 0x70, 0x1F, 0x81, 0x30, 0x3E, 0x0E, 0x77, 0x77, 0x20, 0x8E, 0x81,
  0xB0, 0xBE, 0x06, 0x77, 0x77, 0x20, 0x10, 0xEE, 0x07, 0xE0, 0xD7, 0x77, 0x74, 0x07, 0xFE, 0x05,
  0x77, 0x77, 0x50, 0xEF, 0xC0, 0xC7, 0x77, 0x20, 0x2F, 0xFF, 0xFD, 0x02, 0x75, 0x02, 0xFF, 0xFF,
  0xD0, 0x27, 0x50, 0x2F, 0xFF, 0xFD, 0x02, 0x75, 0x02, 0xFF, 0xFF, 0xD0, 0x27, 0x50, 0x2F, 0xFF,
  0xFD, 0x02, 0x75, 0x02, 0xFF, 0xFF, 0xD0, 0x27, 0x77, 0x40, 0x2F, 0x03, 0x80, 0xC2, 0x00, 0x2F,
  0x03, 0x80, 0xC2, 0x00, 0x2F, 0x03, 0x80, 0xC2, 0x00, 0x2F, 0x03, 0x80, 0xC2, 0x00, 0x2F, 0x03,
  0x80, 0xC2, 0x00, 0x2F, 0x03, 0x77, 0x74, 0x02, 0xFF, 0xFF, 0xD0, 0x27, 0x50, 0x2F, 0xFF, 0xFD,
  0x02, 0x75, 0x02, 0xFF, 0xFF, 0xD0, 0x27, 0x50, 0x2F, 0xFF, 0xFD, 0x02, 0x75, 0x02, 0xFF, 0xFF,
  0xD0, 0x27, 0x50, 0x2F, 0xFF, 0xFD, 0x02, 0x77, 0x74, 0x02, 0xF0, 0x38, 0x0C, 0x20, 0x02, 0xF0,
  0x38, 0x0C, 0x20, 0x02, 0xF0, 0x38, 0x0C, 0x20, 0x02, 0xF0, 0x38, 0x0C, 0x20, 0x02, 0xF0, 0x38,
  0x0C, 0x20, 0x02, 0xF0, 0x38, 0x0C, 0x20, 0x02, 0xF0, 0x38, 0x0C, 0x20, 0x02, 0xF0, 0x38, 0x0C,
  0x20, 0x02, 0xF0, 0x38, 0x0C, 0x20, 0x02, 0xF0, 0x38, 0x0C, 0x20, 0x02, 0xF0, 0x37, 0x75,
  // "¦" (U+00A6), RLE, 133 bytes saved (44.2%)
  0x07, 0xD0, 0xC0, 0x7D, 0x0C, 0x07, 0xD0, 0xC0, 0x7D, 0x0C, 0x07, 0xD0, 0xC0, 0x7D, 0x0C, 0x07,
  0xD0, 0xC0, 0x7D, 0x0C, 0x07, 0xD0, 0xC0, 0x7D, 0x0C, 0x07, 0xD0, 0xC0, 0x7D, 0x0C, 0x07, 0xD0,
  0xC0, 0x7D, 0x0C, 0x07, 0xD0, 0xC0, 0x7D, 0x0C, 0x07, 0xD0, 0xC0, 0x7D, 0x0C, 0x07, 0xD0, 0xC0,
  0x7D, 0x0C, 0x07, 0xD0, 0xC0, 0x7D, 0x0C, 0x07, 0xD0, 0xC0, 0x7D, 0x0C, 0x07, 0xD0, 0xC0, 0x7D,
  0x0C, 0x07, 0xD0, 0xC0, 0x7D, 0x0C, 0x07, 0xD0, 0xC0, 0x7D, 0x0C, 0x07, 0xD0, 0xC0, 0x7D, 0x0C,
  0x07, 0xD0, 0xC8, 0x0A, 0x90, 0x00, 0x7D, 0x0C, 0x07, 0xD0, 0xC0, 0x7D, 0x0C, 0x07, 0xD0, 0xC0,
  0x7D, 0x0C, 0x07, 0xD0, 0xC0, 0x7D, 0x0C, 0x07, 0xD0, 0xC0, 0x7D, 0x0C, 0x07, 0xD0, 0xC0, 0x7D,
  0x0C, 0x07, 0xD0, 0xC0, 0x7D, 0x0C, 0x07, 0xD0, 0xC0, 0x7D, 0x0C, 0x07, 0xD0, 0xC0, 0x7D, 0x0C,
  0x07, 0xD0, 0xC0, 0x7D, 0x0C, 0x07, 0xD0, 0xC0, 0x7D, 0x0C, 0x07, 0xD0, 0xC0, 0x7D, 0x0C, 0x07,
  0xD0, 0xC0, 0x7D, 0x0C, 0x07, 0xD0, 0xC0, 0x7D, 0x0C, 0x07, 0xD0, 0xC0, 0x7D, 0x0C, 0x07, 0xD0,
  0xC0, 0x7D, 0x0C, 0x07, 0xD0, 0xC0, 0x7D, 0x0C,
  // "§" (U+00A7), RLE, 682 bytes saved (59.9%)
  0x77, 0x86, 0x12, 0x33, 0x43, 0x31, 0x77, 0x78, 0x21, 0x69, 0xCF, 0xB8, 0x2D, 0xB8, 0x47, 0x70,
  0x50, 0xBF, 0xFC, 0x81, 0xEA, 0x57, 0x20, 0x30, 0xCF, 0xFF, 0xA8, 0x1E, 0x82, 0x50, 0x7F, 0xFF,
  0xE0, 0x74, 0x07, 0xFF, 0xFF, 0x01, 0x30, 0x4F, 0xFF, 0xF0, 0xB4, 0x0D, 0xF9, 0x83, 0xB7, 0x42,
  0x13, 0x83, 0x12, 0x47, 0xBF, 0x06, 0x30, 0x5F, 0x0C, 0x02, 0x77, 0x06, 0x0C, 0xC0, 0x13, 0x0A,
  0xE0, 0xD7, 0x74, 0x82, 0x3A, 0xFA, 0x40, 0xDE, 0x05, 0x77, 0x60, 0x20, 0x34, 0x0E, 0xE0, 0x27,
  0x77, 0x5F, 0x02, 0x77, 0x75, 0x0E, 0xE0, 0x57, 0x77, 0x50, 0xBE, 0x0D, 0x77, 0x75, 0x08, 0xF0,
  0xB0, 0x17, 0x77, 0x30, 0x2F, 0x90, 0xD0, 0x47, 0x77, 0x30, 0xAF, 0xA0, 0xC0, 0x47, 0x77, 0x10,
  0x10, 0xEF, 0xB0, 0xD0, 0x67, 0x77, 0x03, 0x0E, 0xFC, 0x81, 0xE9, 0x37, 0x75, 0x03, 0x0E, 0xFE,
  0x81, 0xD7, 0x17, 0x73, 0x01, 0x0B, 0xFF, 0x90, 0xA0, 0x37, 0x72, 0x01, 0x0C, 0xFF, 0xA0, 0xB0,
  0x37, 0x60, 0x40, 0xEF, 0xFD, 0x0A, 0x01, 0x73, 0x07, 0xFF, 0xF9, 0x0E, 0x05, 0x71, 0x08, 0xF8,
  0x4A, 0x30, 0x49, 0xEF, 0xD0, 0x96, 0x05, 0xE0, 0xE0, 0x46, 0x04, 0x0A, 0xFC, 0x0A, 0x40, 0x10,
  0xED, 0x0E, 0x02, 0x72, 0x81, 0x18, 0xEF, 0xA0, 0x83, 0x06, 0xE0, 0x47, 0x50, 0x10, 0x8F, 0xA0,
  0x22, 0x0C, 0xD0, 0xB7, 0x71, 0x03, 0x0D, 0xF0, 0x92, 0xE0, 0x67, 0x72, 0x01, 0x0D, 0xE8, 0x1E,
  0x02, 0xE0, 0x47, 0x73, 0x02, 0xF0, 0x03, 0xE0, 0x47, 0x74, 0x09, 0xE0, 0x40, 0x3E, 0x06, 0x77,
  0x40, 0x4E, 0x06, 0x02, 0xE0, 0xB7, 0x74, 0x02, 0xE8, 0x16, 0x0E, 0xE0, 0x47, 0x73, 0x02, 0xE8,
  0x15, 0x0B, 0xE0, 0xD0, 0x27, 0x72, 0x03, 0xE8, 0x12, 0x05, 0xF0, 0xE0, 0x47, 0x71, 0x08, 0xD0,
  0xE3, 0x0D, 0xF9, 0x09, 0x01, 0x75, 0x01, 0x0E, 0xD0, 0x93, 0x03, 0xFA, 0x81, 0xE8, 0x17, 0x30,
  0xBE, 0x03, 0x40, 0x5F, 0xC0, 0x90, 0x37, 0x0B, 0xE0, 0x96, 0x04, 0x0E, 0xFC, 0x81, 0xC6, 0x12,
  0x02, 0x0C, 0xE0, 0xD7, 0x10, 0x10, 0xAF, 0xE0, 0xB0, 0x8F, 0x0E, 0x02, 0x73, 0x04, 0x0C, 0xFF,
  0xD0, 0xD0, 0x27, 0x60, 0x40, 0xBF, 0xFA, 0x0A, 0x01, 0x77, 0x20, 0x30, 0x9F, 0xF0, 0xA0, 0x17,
  0x74, 0x81, 0x16, 0xCF, 0xD0, 0xE0, 0x47, 0x76, 0x81, 0x28, 0xEF, 0xC0, 0x57, 0x77, 0x10, 0x50,
  0xCF, 0xB0, 0x47, 0x77, 0x20, 0x40, 0xCF, 0x90, 0xE0, 0x17, 0x77, 0x30, 0x6F, 0x90, 0x87, 0x77,
  0x40, 0x30, 0xEE, 0x0E, 0x77, 0x75, 0x07, 0xF0, 0x27, 0x77, 0x40, 0x1F, 0x04, 0x77, 0x75, 0x0E,
  0xE0, 0x57, 0x77, 0x50, 0xEE, 0x04, 0x77, 0x74, 0x04, 0xF8, 0x12, 0x71, 0x77, 0x72, 0x0C, 0xE8,
  0x5E, 0x0E, 0xFB, 0x51, 0x77, 0x50, 0xBF, 0x81, 0xA0, 0xEC, 0x81, 0xB7, 0x37, 0x68, 0x11, 0x6E,
  0xF9, 0x81, 0x30, 0xEF, 0x89, 0x3E, 0xC9, 0x76, 0x54, 0x45, 0x57, 0x9C, 0xFB, 0x0A, 0x20, 0xEF,
  0xFF, 0xF9, 0x0D, 0x01, 0x20, 0xEF, 0xFF, 0xF0, 0xD0, 0x13, 0x0E, 0xFF, 0xFE, 0x0A, 0x58, 0x12,
  0x9E, 0xFF, 0xFA, 0x0B, 0x03, 0x71, 0x82, 0x16, 0xAE, 0xFF, 0xB8, 0x1D, 0x83, 0x77, 0x85, 0x36,
  0x9B, 0xCD, 0xEA, 0x86, 0xEE, 0xDC, 0xA8, 0x52, 0x74,
  // "¨" (U+00A8), RLE, 46 bytes saved (40.7%)
  0x28, 0x44, 0xBF, 0xEA, 0x27, 0x38, 0x43, 0xBE, 0xEA, 0x22, 0x05, 0xD0, 0xE0, 0x17, 0x10, 0x3D,
  0x82, 0xE2, 0x0D, 0xE0, 0x97, 0x10, 0xBE, 0x0A, 0x01, 0xF0, 0xC7, 0x10, 0xEE, 0x0E, 0x02, 0xF0,
  0xD7, 0x1F, 0x0E, 0x01, 0xF0, 0xC7, 0x10, 0xEE, 0x81, 0xD0, 0xDE, 0x08, 0x71, 0x0A, 0xE8, 0x19,
  0x04, 0xD0, 0xD0, 0x17, 0x10, 0x20, 0xEC, 0x0E, 0x02, 0x28, 0x43, 0xBF, 0xE9, 0x17, 0x38, 0x43,
  0xBE, 0xEA, 0x21,
  // "©" (U+00A9), RLE, 1277 bytes saved (63.3%)
  0x77, 0x73, 0x85, 0x47, 0x9B, 0xDD, 0xEA, 0x85, 0xED, 0xC9, 0x75, 0x18, 0x0D, 0x00, 0x81, 0x27,
  0xCF, 0xFB, 0x81, 0xD8, 0x38, 0x0C, 0x30, 0x05, 0x0C, 0xFF, 0xFA, 0x0D, 0x07, 0x77, 0x77, 0x70,
  0x70, 0xDF, 0xFF, 0xE8, 0x1E, 0x81, 0x77, 0x77, 0x20, 0x40, 0xDF, 0xFF, 0xFB, 0x0E, 0x06, 0x77,
  0x76, 0x01, 0x0A, 0xFB, 0x85, 0xDA, 0x74, 0x22, 0x12, 0x84, 0x12, 0x36, 0x8C, 0xFB, 0x0C, 0x02,
  0x77, 0x73, 0x03, 0x0D, 0xF9, 0x81, 0xC7, 0x27, 0x72, 0x05, 0x0B, 0xF9, 0x0E, 0x05, 0x77, 0x71,
  0x05, 0xF9, 0x0A, 0x03, 0x77, 0x78, 0x11, 0x8E, 0xF0, 0x87, 0x76, 0x07, 0xF0, 0xB0, 0x27, 0x77,
  0x40, 0x10, 0x9F, 0x09, 0x77, 0x40, 0x6E, 0x0E, 0x05, 0x77, 0x77, 0x10, 0x30, 0xDE, 0x0A, 0x77,
  0x20, 0x5E, 0x0C, 0x01, 0x77, 0x77, 0x40, 0xAE, 0x09, 0x77, 0x03, 0xE0, 0xA7, 0x77, 0x77, 0x07,
  0xE0, 0x67, 0x60, 0xDD, 0x08, 0x77, 0x89, 0x31, 0x69, 0xCD, 0xEF, 0xED, 0xB8, 0x51, 0x73, 0x06,
  0xE0, 0x37, 0x40, 0x9D, 0x0A, 0x76, 0x05, 0x0C, 0xFE, 0x0B, 0x06, 0x72, 0x06, 0xD0, 0xD7, 0x30,
  0x3D, 0x0B, 0x75, 0x03, 0x0C, 0xFF, 0xB0, 0xD0, 0x67, 0x10, 0x8D, 0x08, 0x72, 0x0C, 0xC0, 0xE0,
  0x17, 0x40, 0x6F, 0xFE, 0x0A, 0x72, 0x0B, 0xD0, 0x27, 0x05, 0xD0, 0x57, 0x40, 0x8F, 0xFF, 0x03,
  0x72, 0x01, 0x0E, 0xC0, 0xB7, 0x0C, 0xC0, 0xA7, 0x40, 0x7F, 0xFF, 0x0C, 0x74, 0x06, 0xD0, 0x35,
  0x04, 0xD0, 0x27, 0x30, 0x3F, 0xA8, 0x90, 0xB6, 0x31, 0x01, 0x26, 0xAE, 0xB0, 0x57, 0x50, 0xCC,
  0x0A, 0x50, 0xAC, 0x09, 0x74, 0x0D, 0xF0, 0xC0, 0x37, 0x38, 0x16, 0xDD, 0x76, 0x05, 0xD0, 0x14,
  0xD0, 0x27, 0x30, 0x6F, 0x0A, 0x77, 0x02, 0x77, 0x0D, 0xC0, 0x73, 0x05, 0xC0, 0xB7, 0x40, 0xEE,
  0x0B, 0x77, 0x77, 0x20, 0x6C, 0x0D, 0x30, 0x9C, 0x06, 0x73, 0x05, 0xE0, 0xE0, 0x17, 0x77, 0x72,
  0x01, 0xD0, 0x12, 0x0D, 0xC0, 0x17, 0x30, 0xAE, 0x06, 0x77, 0x77, 0x40, 0xBC, 0x81, 0x50, 0x1C,
  0x0D, 0x74, 0x0E, 0xE0, 0x17, 0x77, 0x74, 0x07, 0xC8, 0x19, 0x04, 0xC0, 0xA7, 0x30, 0x3E, 0x0A,
  0x77, 0x77, 0x50, 0x3C, 0x81, 0xC0, 0x6C, 0x07, 0x73, 0x06, 0xE0, 0x67, 0x77, 0x76, 0xC8, 0x1E,
  0x08, 0xC0, 0x47, 0x30, 0x9E, 0x03, 0x77, 0x77, 0x60, 0xDC, 0x01, 0x0A, 0xC0, 0x37, 0x30, 0xBE,
  0x77, 0x77, 0x70, 0xBC, 0x03, 0x0A, 0xC0, 0x27, 0x30, 0xCD, 0x0E, 0x77, 0x77, 0x70, 0xAC, 0x03,
  0x0B, 0xC0, 0x17, 0x30, 0xCD, 0x0D, 0x77, 0x77, 0x70, 0x9C, 0x04, 0x0B, 0xC7, 0x40, 0xDD, 0x0D,
  0x77, 0x77, 0x70, 0x8C, 0x05, 0x0B, 0xC0, 0x17, 0x30, 0xDD, 0x0D, 0x77, 0x77, 0x70, 0x9C, 0x04,
  0x0A, 0xC0, 0x17, 0x30, 0xCD, 0x0E, 0x77, 0x77, 0x70, 0xAC, 0x03, 0x0A, 0xC0, 0x37, 0x30, 0xBE,
  0x77, 0x77, 0x70, 0xBC, 0x03, 0x08, 0xC0, 0x57, 0x30, 0x9E, 0x02, 0x77, 0x77, 0x60, 0xDC, 0x01,
  0x06, 0xC0, 0x77, 0x30, 0x7E, 0x05, 0x77, 0x77, 0x6D, 0x10, 0x4C, 0x0A, 0x73, 0x04, 0xE0, 0x87,
  0x77, 0x75, 0x02, 0xC8, 0x1D, 0x01, 0xC0, 0xE7, 0x30, 0x1E, 0x0D, 0x77, 0x77, 0x50, 0x6C, 0x0A,
  0x20, 0xDC, 0x03, 0x73, 0x0C, 0xE0, 0x37, 0x77, 0x74, 0x0A, 0xC0, 0x62, 0x09, 0xC0, 0x87, 0x30,
  0x7E, 0x0B, 0x77, 0x77, 0x4D, 0x02, 0x20, 0x5C, 0x0D, 0x73, 0x01, 0xF0, 0x57, 0x77, 0x72, 0x06,
  0xC0, 0xE4, 0xD0, 0x57, 0x30, 0x9F, 0x04, 0x77, 0x77, 0x10, 0xCC, 0x08, 0x40, 0xAC, 0x0C, 0x73,
  0x01, 0x0E, 0xF0, 0x77, 0x58, 0x14, 0x95, 0x75, 0x04, 0xD0, 0x34, 0x04, 0xD0, 0x47, 0x30, 0x7F,
  0x98, 0x92, 0xD9, 0x42, 0x10, 0x12, 0x47, 0xBE, 0xA0, 0x67, 0x50, 0xCC, 0x0D, 0x60, 0xCC, 0x0D,
  0x74, 0x0B, 0xFF, 0xF0, 0x67, 0x40, 0x6D, 0x05, 0x60, 0x5D, 0x08, 0x73, 0x01, 0x0C, 0xFF, 0xE0,
  0x67, 0x30, 0x10, 0xEC, 0x0D, 0x71, 0x0C, 0xD0, 0x37, 0x30, 0x10, 0xCF, 0xFD, 0x06, 0x73, 0x0B,
  0xD0, 0x57, 0x10, 0x3D, 0x0D, 0x01, 0x74, 0x08, 0xFF, 0xC0, 0x67, 0x20, 0x8D, 0x0C, 0x73, 0x09,
  0xD0, 0xC0, 0x17, 0x48, 0x12, 0x9E, 0xFD, 0x81, 0xE9, 0x27, 0x20, 0x6E, 0x03, 0x74, 0x0D, 0xD0,
  0xC0, 0x17, 0x68, 0x34, 0x8B, 0xDE, 0xA8, 0x3E, 0xDB, 0x74, 0x74, 0x06, 0xE0, 0x77, 0x50, 0x3E,
  0x0C, 0x01, 0x77, 0x77, 0x60, 0x7E, 0x0B, 0x77, 0x05, 0xE0, 0xD0, 0x37, 0x77, 0x74, 0x0A, 0xE0,
  0xC0, 0x17, 0x71, 0x07, 0xF0, 0x77, 0x77, 0x71, 0x03, 0x0D, 0xE0, 0xD0, 0x17, 0x73, 0x07, 0xF0,
  0xD0, 0x47, 0x77, 0x40, 0x10, 0x9F, 0x0D, 0x02, 0x77, 0x50, 0x5F, 0x90, 0xC0, 0x47, 0x77, 0x81,
  0x29, 0xEF, 0x0C, 0x01, 0x77, 0x70, 0x30, 0xDF, 0x98, 0x1D, 0x82, 0x77, 0x18, 0x11, 0x5B, 0xFA,
  0x0A, 0x77, 0x73, 0x01, 0x0A, 0xFB, 0x84, 0xEA, 0x75, 0x21, 0x38, 0x41, 0x24, 0x68, 0xCF, 0xB0,
  0xE0, 0x57, 0x77, 0x60, 0x50, 0xDF, 0xFF, 0xFC, 0x0A, 0x01, 0x77, 0x77, 0x20, 0x70, 0xEF, 0xFF,
  0xF0, 0xB0, 0x37, 0x77, 0x76, 0x06, 0x0C, 0xFF, 0xFA, 0x81, 0xE9, 0x38, 0x0C, 0x20, 0x81, 0x27,
  0xCF, 0xFB, 0x81, 0xEA, 0x58, 0x0D, 0x10, 0x85, 0x47, 0x9B, 0xDE, 0xEA, 0x85, 0xED, 0xCA, 0x86,
  0x27, 0x77, 0x30,
  // "ª" (U+00AA), RLE, 175 bytes saved (48.2%)
  0x68, 0x93, 0x15, 0x8A, 0xDE, 0xEF, 0xED, 0xB8, 0x47, 0x28, 0x12, 0x8D, 0xFE, 0x0D, 0x06, 0x60,
  0x4F, 0xFC, 0x0B, 0x60, 0xEF, 0xFC, 0x0B, 0x50, 0x7B, 0x83, 0xEA, 0x63, 0x12, 0x81, 0x15, 0xBE,
  0x05, 0x58, 0x1E, 0xB4, 0x73, 0x04, 0x0E, 0xC0, 0xC7, 0x75, 0x07, 0xD0, 0x17, 0x74, 0x01, 0xD0,
  0x47, 0x75, 0x0E, 0xC0, 0x67, 0x75, 0x0D, 0xC0, 0x77, 0x75, 0x0D, 0xC0, 0x77, 0x18, 0x43, 0x68,
  0xAA, 0xB8, 0x01, 0xCD, 0x07, 0x58, 0x13, 0xAE, 0xFF, 0xA0, 0x73, 0x01, 0x0B, 0xFF, 0xD0, 0x72,
  0x02, 0x0D, 0xFF, 0xE0, 0x72, 0x0D, 0xE8, 0x3B, 0x64, 0x11, 0x50, 0xDC, 0x81, 0x70, 0x7D, 0x0E,
  0x03, 0x73, 0x0D, 0xC8, 0x17, 0x0D, 0xD0, 0x37, 0x40, 0xDC, 0x07, 0x01, 0xD0, 0x97, 0x50, 0xEC,
  0x07, 0x03, 0xD0, 0x57, 0x40, 0x1D, 0x07, 0x03, 0xD0, 0x47, 0x40, 0x5D, 0x07, 0x02, 0xD0, 0x47,
  0x40, 0xCD, 0x07, 0x1D, 0x08, 0x73, 0x06, 0xE8, 0x17, 0x0C, 0xC0, 0xE0, 0x17, 0x10, 0x5F, 0x81,
  0x70, 0x6D, 0x0D, 0x04, 0x50, 0x40, 0xBF, 0x90, 0x72, 0x0D, 0xE8, 0x2E, 0xCC, 0xDE, 0x0C, 0xC0,
  0x72, 0x02, 0x0E, 0xFE, 0x81, 0xD3, 0x3C, 0x07, 0x30, 0x10, 0xBF, 0xB0, 0xD0, 0x63, 0x0D, 0xB0,
  0x75, 0x89, 0x03, 0x9C, 0xEF, 0xED, 0xB8, 0x35, 0x83, 0x58, 0x88, 0x40,
  // "«" (U+00AB), RLE, 396 bytes saved (57.9%)
  0x77, 0x00, 0x27, 0x71, 0x01, 0x03, 0x77, 0x48, 0x31, 0xDF, 0x91, 0x76, 0x82, 0xBF, 0xA2, 0x77,
  0x20, 0xBB, 0x0E, 0x06, 0x74, 0x09, 0xC0, 0x87, 0x70, 0x9E, 0x0D, 0x01, 0x71, 0x06, 0xE0, 0xD0,
  0x27, 0x40, 0x7F, 0x08, 0x71, 0x04, 0xF0, 0xA7, 0x40, 0x4F, 0x0B, 0x71, 0x02, 0x0E, 0xE0, 0xC7,
  0x40, 0x20, 0xEE, 0x0D, 0x01, 0x70, 0x10, 0xDE, 0x0E, 0x01, 0x73, 0x01, 0x0D, 0xE0, 0xE0, 0x27,
  0x10, 0xCF, 0x03, 0x74, 0x0B, 0xF0, 0x47, 0x10, 0xAF, 0x06, 0x74, 0x09, 0xF0, 0x77, 0x10, 0x8F,
  0x09, 0x74, 0x07, 0xF0, 0xA7, 0x10, 0x5F, 0x0B, 0x74, 0x04, 0xF0, 0xC7, 0x10, 0x3F, 0x0D, 0x01,
  0x73, 0x02, 0x0E, 0xE0, 0xE0, 0x17, 0x02, 0x0E, 0xE0, 0xE0, 0x27, 0x30, 0x10, 0xDF, 0x03, 0x70,
  0x10, 0xDF, 0x04, 0x74, 0x0C, 0xF0, 0x57, 0x10, 0xBF, 0x07, 0x74, 0x0A, 0xF0, 0x87, 0x10, 0x9F,
  0x0A, 0x74, 0x07, 0xF0, 0xB7, 0x10, 0x7F, 0x0C, 0x74, 0x04, 0xF0, 0xD0, 0x17, 0x04, 0xF0, 0xE0,
  0x17, 0x40, 0x8F, 0x07, 0x71, 0x08, 0xF0, 0x97, 0x50, 0x20, 0xEF, 0x04, 0x70, 0x10, 0xEF, 0x05,
  0x75, 0x03, 0xF0, 0xE0, 0x27, 0x03, 0xF9, 0x03, 0x75, 0x06, 0xF0, 0xC7, 0x10, 0x5F, 0x0D, 0x01,
  0x75, 0x08, 0xF0, 0xA7, 0x10, 0x7F, 0x0C, 0x76, 0x0B, 0xF0, 0x87, 0x10, 0x9F, 0x09, 0x76, 0x0C,
  0xF0, 0x57, 0x10, 0xBF, 0x07, 0x75, 0x02, 0x0E, 0xE0, 0xE0, 0x37, 0x01, 0x0D, 0xF0, 0x47, 0x50,
  0x3F, 0x0D, 0x01, 0x70, 0x20, 0xEE, 0x0E, 0x02, 0x75, 0x05, 0xF0, 0xC7, 0x10, 0x4F, 0x0D, 0x01,
  0x75, 0x08, 0xF0, 0x97, 0x10, 0x6F, 0x0B, 0x76, 0x0A, 0xF0, 0x67, 0x10, 0x8F, 0x08, 0x76, 0x0C,
  0xF0, 0x47, 0x10, 0xBF, 0x05, 0x75, 0x01, 0x0E, 0xE0, 0xE0, 0x27, 0x10, 0xCF, 0x03, 0x75, 0x03,
  0xF0, 0xD7, 0x10, 0x10, 0xEE, 0x0E, 0x01, 0x75, 0x05, 0xD0, 0xE0, 0x77, 0x20, 0x3E, 0x08, 0x77,
  0x08, 0xB0, 0xA0, 0x17, 0x40, 0x5B, 0x0B, 0x02, 0x77, 0x28, 0x1A, 0xC3, 0x77, 0x81, 0x7D, 0x54,
  // "¬" (U+00AC), RLE, 374 bytes saved (76.0%)
  0x03, 0x80, 0xC3, 0x40, 0x30, 0xA8, 0x0C, 0x3F, 0x0B, 0x0A, 0x80, 0xC3, 0xF0, 0xB0, 0xA8, 0x0C,
  0x3F, 0x0B, 0x0A, 0x80, 0xC3, 0xF0, 0xB0, 0xA8, 0x0C, 0x3F, 0x0B, 0x0A, 0x80, 0xC3, 0xF0, 0xB7,
  0x77, 0x76, 0x06, 0xD0, 0xB7, 0x77, 0x76, 0x06, 0xD0, 0xB7, 0x77, 0x76, 0x06, 0xD0, 0xB7, 0x77,
  0x76, 0x06, 0xD0, 0xB7, 0x77, 0x76, 0x06, 0xD0, 0xB7, 0x77, 0x76, 0x06, 0xD0, 0xB7, 0x77, 0x76,
  0x06, 0xD0, 0xB7, 0x77, 0x76, 0x06, 0xD0, 0xB7, 0x77, 0x76, 0x06, 0xD0, 0xB7, 0x77, 0x76, 0x06,
  0xD0, 0xB7, 0x77, 0x76, 0x06, 0xD0, 0xB7, 0x77, 0x76, 0x06, 0xD0, 0xB7, 0x77, 0x76, 0x06, 0xD0,
  0xB7, 0x77, 0x76, 0x06, 0xD0, 0xB7, 0x77, 0x76, 0x06, 0xD0, 0xB7, 0x77, 0x76, 0x06, 0xD0, 0xB7,
  0x77, 0x76, 0x02, 0x80, 0x17, 0x05,
  // "®" (U+00AE), RLE, 1280 bytes saved (63.5%)
  0x77, 0x73, 0x85, 0x47, 0x9B, 0xDD, 0xEA, 0x85, 0xED, 0xC9, 0x75, 0x18, 0x0D, 0x00, 0x81, 0x27,
  0xCF, 0xFB, 0x81, 0xD8, 0x38, 0x0C, 0x30, 0x05, 0x0C, 0xFF, 0xFA, 0x0D, 0x07, 0x77, 0x77, 0x70,
  0x70, 0xDF, 0xFF, 0xE8, 0x1E, 0x81, 0x77, 0x77, 0x20, 0x40, 0xDF, 0xFF, 0xFB, 0x0E, 0x06, 0x77,
  0x76, 0x01, 0x0A, 0xFB, 0x85, 0xDA, 0x74, 0x22, 0x12, 0x84, 0x12, 0x36, 0x8C, 0xFB, 0x0C, 0x02,
  0x77, 0x73, 0x03, 0x0D, 0xF9, 0x81, 0xC7, 0x27, 0x72, 0x05, 0x0B, 0xF9, 0x0E, 0x05, 0x77, 0x71,
  0x05, 0xF9, 0x0A, 0x03, 0x77, 0x78, 0x11, 0x8E, 0xF0, 0x87, 0x76, 0x07, 0xF0, 0xB0, 0x27, 0x77,
  0x40, 0x10, 0x9F, 0x09, 0x77, 0x40, 0x6E, 0x0E, 0x05, 0x77, 0x77, 0x10, 0x30, 0xDE, 0x0A, 0x77,
  0x20, 0x5E, 0x0C, 0x01, 0x77, 0x77, 0x40, 0xAE, 0x09, 0x77, 0x03, 0xE0, 0xA7, 0x77, 0x77, 0x07,
  0xE0, 0x67, 0x60, 0xDD, 0x08, 0x7F, 0xD8, 0x4E, 0xDC, 0x96, 0x27, 0x50, 0x6E, 0x03, 0x74, 0x09,
  0xD0, 0xA7, 0x1F, 0xFC, 0x0B, 0x05, 0x74, 0x06, 0xD0, 0xD7, 0x30, 0x3D, 0x0B, 0x72, 0xFF, 0xE0,
  0xB0, 0x17, 0x30, 0x8D, 0x08, 0x72, 0x0C, 0xC0, 0xE0, 0x17, 0x2F, 0xFF, 0x0D, 0x01, 0x73, 0x0B,
  0xD0, 0x27, 0x05, 0xD0, 0x57, 0x3F, 0xFF, 0x90, 0xB7, 0x30, 0x10, 0xEC, 0x0B, 0x70, 0xCC, 0x0A,
  0x74, 0xFF, 0xFA, 0x05, 0x73, 0x06, 0xD0, 0x35, 0x04, 0xD0, 0x27, 0x4E, 0x08, 0x58, 0x21, 0x48,
  0xDF, 0x0C, 0x74, 0x0C, 0xC0, 0xA5, 0x0A, 0xC0, 0x97, 0x5E, 0x08, 0x72, 0x0A, 0xF0, 0x17, 0x30,
  0x5D, 0x01, 0x4D, 0x02, 0x75, 0xE0, 0x87, 0x30, 0xCE, 0x05, 0x74, 0x0D, 0xC0, 0x73, 0x05, 0xC0,
  0xB7, 0x6E, 0x08, 0x73, 0x05, 0xE0, 0x77, 0x40, 0x6C, 0x0D, 0x30, 0x9C, 0x06, 0x76, 0xE0, 0x87,
  0x30, 0x2E, 0x08, 0x74, 0x01, 0xD0, 0x12, 0x0D, 0xC0, 0x17, 0x6E, 0x08, 0x74, 0xE0, 0x87, 0x50,
  0xBC, 0x81, 0x50, 0x1C, 0x0D, 0x77, 0xE0, 0x87, 0x30, 0x1E, 0x07, 0x75, 0x07, 0xC8, 0x19, 0x04,
  0xC0, 0xA7, 0x7E, 0x08, 0x73, 0x04, 0xE0, 0x67, 0x50, 0x3C, 0x81, 0xC0, 0x6C, 0x07, 0x77, 0xE0,
  0x87, 0x30, 0x9E, 0x03, 0x76, 0xC8, 0x1E, 0x08, 0xC0, 0x47, 0x7E, 0x08, 0x72, 0x04, 0xE0, 0xD7,
  0x70, 0xDC, 0x01, 0x0A, 0xC0, 0x37, 0x7E, 0x08, 0x71, 0x04, 0x0E, 0xE0, 0x67, 0x70, 0xBC, 0x03,
  0x0A, 0xC0, 0x27, 0x7E, 0x08, 0x58, 0x12, 0x5B, 0xF0, 0xC7, 0x71, 0x0A, 0xC0, 0x30, 0xBC, 0x01,
  0x77, 0xFF, 0xF0, 0xD0, 0x17, 0x71, 0x09, 0xC0, 0x40, 0xBC, 0x77, 0x1F, 0xFE, 0x0C, 0x01, 0x77,
  0x20, 0x8C, 0x05, 0x0B, 0xC0, 0x17, 0x7F, 0xFC, 0x0E, 0x07, 0x77, 0x40, 0x9C, 0x04, 0x0A, 0xC0,
  0x17, 0x7F, 0xFC, 0x02, 0x77, 0x50, 0xAC, 0x03, 0x0A, 0xC0, 0x37, 0x7F, 0xFC, 0x08, 0x77, 0x50,
  0xBC, 0x03, 0x08, 0xC0, 0x57, 0x7E, 0x08, 0x50, 0xCE, 0x03, 0x77, 0x40, 0xDC, 0x01, 0x06, 0xC0,
  0x77, 0x7E, 0x08, 0x50, 0x4E, 0x0C, 0x77, 0x4D, 0x10, 0x4C, 0x0A, 0x77, 0xE0, 0x86, 0x0A, 0xE0,
  0x67, 0x72, 0x02, 0xC8, 0x1D, 0x01, 0xC0, 0xE7, 0x7E, 0x08, 0x60, 0x2E, 0x0E, 0x01, 0x77, 0x10,
  0x6C, 0x0A, 0x20, 0xDC, 0x03, 0x76, 0xE0, 0x87, 0x08, 0xE0, 0x97, 0x71, 0x0A, 0xC0, 0x62, 0x09,
  0xC0, 0x87, 0x6E, 0x08, 0x71, 0x0D, 0xE0, 0x37, 0x7D, 0x02, 0x20, 0x5C, 0x0D, 0x76, 0xE0, 0x87,
  0x10, 0x5E, 0x0C, 0x76, 0x06, 0xC0, 0xE4, 0xD0, 0x57, 0x5E, 0x08, 0x72, 0x0C, 0xE0, 0x67, 0x50,
  0xCC, 0x08, 0x40, 0xAC, 0x0C, 0x75, 0xE0, 0x87, 0x20, 0x3E, 0x0E, 0x01, 0x73, 0x04, 0xD0, 0x34,
  0x04, 0xD0, 0x47, 0x4E, 0x08, 0x73, 0x09, 0xE0, 0x97, 0x30, 0xCC, 0x0D, 0x60, 0xCC, 0x0D, 0x74,
  0xE0, 0x87, 0x30, 0x10, 0xEE, 0x03, 0x71, 0x06, 0xD0, 0x56, 0x05, 0xD0, 0x87, 0x3E, 0x08, 0x74,
  0x07, 0xE0, 0xC7, 0x01, 0x0E, 0xC0, 0xD7, 0x10, 0xCD, 0x03, 0x72, 0xE0, 0x87, 0x50, 0xDE, 0x06,
  0x60, 0xBD, 0x05, 0x71, 0x03, 0xD0, 0xD0, 0x17, 0x1E, 0x08, 0x75, 0x04, 0xE0, 0xE0, 0x14, 0x08,
  0xD0, 0xC7, 0x30, 0x9D, 0x0C, 0x01, 0x78, 0x02, 0xD0, 0x67, 0x60, 0xA8, 0x02, 0xD0, 0x73, 0x06,
  0xE0, 0x37, 0x40, 0xDD, 0x0C, 0x01, 0x80, 0xC0, 0x00, 0x6E, 0x07, 0x75, 0x03, 0xE0, 0xC0, 0x17,
  0x77, 0x76, 0x07, 0xE0, 0xB7, 0x70, 0x5E, 0x0D, 0x03, 0x77, 0x77, 0x40, 0xAE, 0x0C, 0x01, 0x77,
  0x10, 0x7F, 0x07, 0x77, 0x77, 0x10, 0x30, 0xDE, 0x0D, 0x01, 0x77, 0x30, 0x7F, 0x0D, 0x04, 0x77,
  0x74, 0x01, 0x09, 0xF0, 0xD0, 0x27, 0x75, 0x05, 0xF9, 0x0C, 0x04, 0x77, 0x78, 0x12, 0x9E, 0xF0,
  0xC0, 0x17, 0x77, 0x03, 0x0D, 0xF9, 0x81, 0xD8, 0x27, 0x71, 0x81, 0x15, 0xBF, 0xA0, 0xA7, 0x77,
  0x30, 0x10, 0xAF, 0xB8, 0x4E, 0xA7, 0x52, 0x13, 0x84, 0x12, 0x46, 0x8C, 0xFB, 0x0E, 0x05, 0x77,
  0x76, 0x05, 0x0D, 0xFF, 0xFF, 0xC0, 0xA0, 0x17, 0x77, 0x72, 0x07, 0x0E, 0xFF, 0xFF, 0x0B, 0x03,
  0x77, 0x77, 0x60, 0x60, 0xCF, 0xFF, 0xA8, 0x1E, 0x93, 0x80, 0xC2, 0x08, 0x12, 0x7C, 0xFF, 0xB8,
  0x1E, 0xA5, 0x80, 0xD1, 0x08, 0x54, 0x79, 0xBD, 0xEE, 0xA8, 0x5E, 0xDC, 0xA8, 0x62, 0x77, 0x73,
  // "¯" (U+00AF), RLE, 129 bytes saved (81.6%)
  0x01, 0x80, 0xC7, 0x40, 0x10, 0x48, 0x0C, 0x7F, 0x00, 0x48, 0x0C, 0x7F, 0x00, 0x48, 0x0C, 0x7F,
  0x00, 0x48, 0x0C, 0x7F, 0x00, 0x48, 0x0C, 0x7F, 0x00, 0x48, 0x0C, 0x7F, 0x04,
  // "°" (U+00B0), RLE, 187 bytes saved (51.4%)
  0x72, 0x89, 0x14, 0x8B, 0xDE, 0xFE, 0xCB, 0x73, 0x77, 0x10, 0x70, 0xEF, 0xC0, 0xC0, 0x57, 0x40,
  0x30, 0xDF, 0xF9, 0x0B, 0x01, 0x71, 0x06, 0xFF, 0xC0, 0xD0, 0x36, 0x04, 0xFF, 0xE0, 0xE0, 0x14,
  0x02, 0x0E, 0xE8, 0x7B, 0x62, 0x10, 0x12, 0x6C, 0xE0, 0xC4, 0x0A, 0xD0, 0xD0, 0x37, 0x20, 0x6E,
  0x06, 0x20, 0x2D, 0x0E, 0x02, 0x74, 0x04, 0xD0, 0xE2, 0x08, 0xD0, 0x67, 0x60, 0x9D, 0x81, 0x50,
  0xCC, 0x0E, 0x77, 0x02, 0xD0, 0x91, 0xD0, 0x97, 0x71, 0x0D, 0xC0, 0xD0, 0x2D, 0x06, 0x77, 0x10,
  0x9C, 0x0E, 0x03, 0xD0, 0x57, 0x71, 0x08, 0xD0, 0x3D, 0x05, 0x77, 0x10, 0x8D, 0x02, 0xD0, 0x67,
  0x71, 0x09, 0xC0, 0xE1, 0xD0, 0x97, 0x71, 0x0C, 0xC8, 0x1D, 0x0C, 0xC0, 0xD7, 0x70, 0x1D, 0x81,
  0x90, 0x8D, 0x05, 0x76, 0x08, 0xD8, 0x15, 0x03, 0xD0, 0xE0, 0x27, 0x40, 0x3D, 0x0E, 0x30, 0xAD,
  0x0D, 0x03, 0x72, 0x04, 0x0E, 0xD0, 0x73, 0x02, 0x0E, 0xE8, 0x7B, 0x52, 0x10, 0x12, 0x6B, 0xE0,
  0xD5, 0x04, 0xFF, 0xE0, 0xE0, 0x26, 0x06, 0xFF, 0xC0, 0xE0, 0x37, 0x10, 0x30, 0xDF, 0xF9, 0x0C,
  0x01, 0x74, 0x07, 0x0E, 0xFC, 0x0C, 0x05, 0x77, 0x18, 0x91, 0x48, 0xBD, 0xEF, 0xED, 0xB7, 0x37,
  0x10,
  // "±" (U+00B1), RLE, 820 bytes saved (76.9%)
  0x77, 0x30, 0x9D, 0x09, 0x77, 0x77, 0x60, 0x9D, 0x09, 0x77, 0x77, 0x60, 0x9D, 0x09, 0x77, 0x77,
  0x60, 0x9D, 0x09, 0x77, 0x77, 0x60, 0x9D, 0x09, 0x77, 0x77, 0x60, 0x9D, 0x09, 0x77, 0x77, 0x60,
  0x9D, 0x09, 0x77, 0x77, 0x60, 0x9D, 0x09, 0x77, 0x77, 0x60, 0x9D, 0x09, 0x77, 0x77, 0x60, 0x9D,
  0x09, 0x77, 0x77, 0x60, 0x9D, 0x09, 0x77, 0x77, 0x60, 0x9D, 0x09, 0x77, 0x77, 0x60, 0x9D, 0x09,
  0x77, 0x77, 0x60, 0x9D, 0x09, 0x77, 0x77, 0x60, 0x9D, 0x09, 0x77, 0x77, 0x60, 0x9D, 0x09, 0x77,
  0x77, 0x60, 0x9D, 0x09, 0x77, 0x77, 0x60, 0x9D, 0x09, 0x77, 0x30, 0xA8, 0x0C, 0x3F, 0x0B, 0x0A,
  0x80, 0xC3, 0xF0, 0xB0, 0xA8, 0x0C, 0x3F, 0x0B, 0x0A, 0x80, 0xC3, 0xF0, 0xB0, 0xA8, 0x0C, 0x3F,
  0x0B, 0x0A, 0x80, 0xC3, 0xF0, 0xB0, 0x38, 0x09, 0x44, 0x0B, 0xD0, 0xB8, 0x09, 0x44, 0x03, 0x77,
  0x30, 0x9D, 0x09, 0x77, 0x77, 0x60, 0x9D, 0x09, 0x77, 0x77, 0x60, 0x9D, 0x09, 0x77, 0x77, 0x60,
  0x9D, 0x09, 0x77, 0x77, 0x60, 0x9D, 0x09, 0x77, 0x77, 0x60, 0x9D, 0x09, 0x77, 0x77, 0x60, 0x9D,
  0x09, 0x77, 0x77, 0x60, 0x9D, 0x09, 0x77, 0x77, 0x60, 0x9D, 0x09, 0x77, 0x77, 0x60, 0x9D, 0x09,
  0x77, 0x77, 0x60, 0x9D, 0x09, 0x77, 0x77, 0x60, 0x9D, 0x09, 0x77, 0x77, 0x60, 0x9D, 0x09, 0x77,
  0x77, 0x60, 0x9D, 0x09, 0x77, 0x77, 0x60, 0x9D, 0x09, 0x77, 0x77, 0x60, 0x9D, 0x09, 0x77, 0x77,
  0x60, 0x9D, 0x09, 0x80, 0xA9, 0x00, 0x03, 0x80, 0xC3, 0x40, 0x30, 0xA8, 0x0C, 0x3F, 0x0C, 0x0A,
  0x80, 0xC3, 0xF0, 0xC0, 0xA8, 0x0C, 0x3F, 0x0C, 0x0A, 0x80, 0xC3, 0xF0, 0xC0, 0xA8, 0x0C, 0x3F,
  0x0C, 0x0A, 0x80, 0xC3, 0xF0, 0xC0,
  // "²" (U+00B2), RLE, 277 bytes saved (58.3%)
  0x78, 0x91, 0x37, 0xBD, 0xEF, 0xED, 0xB8, 0x47, 0x50, 0x50, 0xCF, 0xC0, 0xD0, 0x67, 0x10, 0x30,
  0xCF, 0xF9, 0x0B, 0x01, 0x50, 0x8F, 0xFC, 0x0D, 0x01, 0x20, 0x10, 0xBF, 0xFE, 0x0B, 0x20, 0x3F,
  0x98, 0x5B, 0x86, 0x56, 0x9E, 0xF0, 0x52, 0x06, 0xD0, 0x80, 0x17, 0x09, 0xE0, 0xB3, 0x0A, 0xA0,
  0xA0, 0x17, 0x30, 0x9E, 0x01, 0x28, 0x11, 0xD6, 0x75, 0x01, 0xE0, 0x37, 0x74, 0x0D, 0xD0, 0x57,
  0x74, 0x0B, 0xD0, 0x57, 0x74, 0x0B, 0xD0, 0x47, 0x74, 0x0D, 0xD0, 0x37, 0x73, 0x01, 0xD0, 0xE7,
  0x74, 0x06, 0xD0, 0xA7, 0x74, 0x0D, 0xD0, 0x47, 0x73, 0x07, 0xD0, 0xB7, 0x73, 0x03, 0xE0, 0x27,
  0x72, 0x01, 0x0D, 0xD0, 0x67, 0x72, 0x01, 0x0C, 0xD0, 0x97, 0x73, 0x0C, 0xD0, 0xB7, 0x73, 0x0B,
  0xD0, 0xC7, 0x73, 0x0B, 0xD0, 0xD0, 0x17, 0x72, 0x0C, 0xD0, 0xD0, 0x17, 0x71, 0x01, 0x0C, 0xD0,
  0xD0, 0x17, 0x71, 0x01, 0x0C, 0xD0, 0xD0, 0x17, 0x71, 0x01, 0x0C, 0xD0, 0xD0, 0x17, 0x71, 0x01,
  0x0D, 0xD0, 0xC0, 0x17, 0x71, 0x01, 0x0D, 0xD0, 0xC0, 0x17, 0x71, 0x01, 0x0D, 0xD0, 0xC0, 0x17,
  0x71, 0x02, 0x0D, 0xD0, 0xB7, 0x72, 0x02, 0x0D, 0xD0, 0xB7, 0x72, 0x02, 0x0D, 0xD0, 0xD8, 0x09,
  0x45, 0x01, 0x0D, 0xFF, 0xFA, 0x04, 0x0E, 0xFF, 0xFA, 0x04, 0x0E, 0xFF, 0xFA, 0x04, 0x0E, 0xFF,
  0xFA, 0x04, 0x0E, 0xFF, 0xFA, 0x04,
  // "³" (U+00B3), RLE, 307 bytes saved (58.3%)
  0x73, 0x85, 0x23, 0x44, 0x32, 0x17, 0x72, 0x81, 0x28, 0xCF, 0x98, 0x1D, 0x94, 0x74, 0x03, 0x0B,
  0xFF, 0x0D, 0x03, 0x70, 0x10, 0xAF, 0xFC, 0x07, 0x50, 0x50, 0xEF, 0xFE, 0x07, 0x30, 0x1F, 0xFF,
  0xA0, 0x23, 0x05, 0xE8, 0x7D, 0x84, 0x21, 0x01, 0x4A, 0xF0, 0xB4, 0x09, 0xB0, 0xA0, 0x37, 0x20,
  0x30, 0xEE, 0x01, 0x48, 0x1C, 0xB3, 0x75, 0x04, 0xE0, 0x47, 0x76, 0x0D, 0xD0, 0x67, 0x76, 0x0B,
  0xD0, 0x77, 0x76, 0x0B, 0xD0, 0x67, 0x76, 0x0E, 0xD0, 0x37, 0x75, 0x05, 0xD0, 0xE7, 0x75, 0x03,
  0x0E, 0xD0, 0x77, 0x74, 0x06, 0x0E, 0xD0, 0xD7, 0x20, 0x48, 0x01, 0x58, 0x26, 0x8A, 0xEE, 0x0E,
  0x02, 0x72, 0x0E, 0xFF, 0x0C, 0x02, 0x73, 0x0E, 0xFD, 0x0D, 0x06, 0x75, 0x0E, 0xFD, 0x81, 0xB6,
  0x17, 0x40, 0xEF, 0xF9, 0x08, 0x73, 0x0E, 0xFF, 0xA0, 0xD0, 0x17, 0x78, 0x31, 0x24, 0x7B, 0xF0,
  0xD7, 0x75, 0x02, 0x0B, 0xE0, 0x97, 0x76, 0x0A, 0xE0, 0x17, 0x75, 0x01, 0xE0, 0x57, 0x76, 0x0B,
  0xD0, 0x77, 0x76, 0x09, 0xD0, 0x97, 0x76, 0x0A, 0xD0, 0x87, 0x76, 0x0E, 0xD0, 0x67, 0x75, 0x05,
  0xE8, 0x24, 0x79, 0x37, 0x71, 0x03, 0x0E, 0xD8, 0x1E, 0x08, 0xA8, 0x1C, 0x83, 0x74, 0x07, 0x0E,
  0xE8, 0x18, 0x08, 0xD8, 0x90, 0xEC, 0x97, 0x65, 0x56, 0x8B, 0xF9, 0x82, 0xE1, 0x08, 0xFF, 0xFA,
  0x04, 0x20, 0x8F, 0xFF, 0x90, 0x53, 0x04, 0x0D, 0xFF, 0xD0, 0xC0, 0x36, 0x05, 0x0B, 0xFF, 0x90,
  0xC0, 0x67, 0x48, 0x94, 0x48, 0xAC, 0xDE, 0xFE, 0xED, 0xB8, 0x52, 0x71,
  // "´" (U+00B4), RLE, 70 bytes saved (55.6%)
  0x71, 0x0A, 0xF9, 0x0B, 0x70, 0x3F, 0xA0, 0x47, 0x0B, 0xF9, 0x08, 0x70, 0x5F, 0x90, 0xB7, 0x10,
  0xDF, 0x0D, 0x01, 0x70, 0x8F, 0x0E, 0x02, 0x70, 0x3F, 0x0E, 0x03, 0x71, 0x0C, 0xF0, 0x47, 0x10,
  0x6F, 0x05, 0x71, 0x02, 0x0E, 0xE0, 0x57, 0x20, 0xBE, 0x05, 0x72, 0x07, 0xE0, 0x57, 0x20, 0x3D,
  0x0E, 0x04, 0x73, 0x08, 0xC0, 0xD0, 0x27, 0x40,
  // "µ" (U+00B5), RLE, 883 bytes saved (65.9%)
  0x0A, 0xE0, 0xD7, 0x77, 0x20, 0x4F, 0x04, 0x0A, 0xE0, 0xD7, 0x77, 0x20, 0x4F, 0x04, 0x0A, 0xE0,
  0xD7, 0x77, 0x20, 0x4F, 0x04, 0x0A, 0xE0, 0xD7, 0x77, 0x20, 0x4F, 0x04, 0x0A, 0xE0, 0xD7, 0x77,
  0x20, 0x4F, 0x04, 0x0A, 0xE0, 0xD7, 0x77, 0x20, 0x4F, 0x04, 0x0A, 0xE0, 0xD7, 0x77, 0x20, 0x4F,
  0x04, 0x0A, 0xE0, 0xD7, 0x77, 0x20, 0x4F, 0x04, 0x0A, 0xE0, 0xD7, 0x77, 0x20, 0x4F, 0x04, 0x0A,
  0xE0, 0xD7, 0x77, 0x20, 0x4F, 0x04, 0x0A, 0xE0, 0xD7, 0x77, 0x20, 0x4F, 0x04, 0x0A, 0xE0, 0xD7,
  0x77, 0x20, 0x4F, 0x04, 0x0A, 0xE0, 0xD7, 0x77, 0x20, 0x4F, 0x04, 0x0A, 0xE0, 0xD7, 0x77, 0x20,
  0x4F, 0x04, 0x0A, 0xE0, 0xD7, 0x77, 0x20, 0x4F, 0x04, 0x0A, 0xE0, 0xD7, 0x77, 0x20, 0x4F, 0x04,
  0x0A, 0xE0, 0xD7, 0x77, 0x20, 0x4F, 0x04, 0x0A, 0xE0, 0xD7, 0x77, 0x20, 0x4F, 0x04, 0x0A, 0xE0,
  0xD7, 0x77, 0x20, 0x4F, 0x04, 0x0A, 0xE0, 0xD7, 0x77, 0x20, 0x4F, 0x04, 0x0A, 0xE0, 0xD7, 0x77,
  0x20, 0x4F, 0x04, 0x0A, 0xE0, 0xD7, 0x77, 0x20, 0x4F, 0x04, 0x0A, 0xE0, 0xD7, 0x77, 0x20, 0x4F,
  0x04, 0x0A, 0xE0, 0xD7, 0x77, 0x20, 0x4F, 0x04, 0x0A, 0xE0, 0xD7, 0x77, 0x20, 0x5F, 0x04, 0x0A,
  0xE0, 0xD7, 0x77, 0x20, 0x5F, 0x04, 0x0A, 0xE0, 0xD7, 0x77, 0x20, 0x6F, 0x04, 0x0A, 0xE0, 0xD7,
  0x77, 0x20, 0x7F, 0x04, 0x0A, 0xE0, 0xD7, 0x77, 0x20, 0x9F, 0x04, 0x0A, 0xE0, 0xD7, 0x77, 0x20,
  0xBF, 0x04, 0x0A, 0xE0, 0xE7, 0x77, 0x20, 0xEF, 0x04, 0x0A, 0xF7, 0x77, 0x10, 0x2F, 0x90, 0x40,
  0xAF, 0x01, 0x77, 0x70, 0x7F, 0x90, 0x40, 0xAF, 0x04, 0x77, 0x70, 0xCF, 0x90, 0x40, 0xAF, 0x08,
  0x77, 0x60, 0x3F, 0xA0, 0x40, 0xAF, 0x0D, 0x77, 0x60, 0xBF, 0xA0, 0x40, 0xAF, 0x90, 0x67, 0x74,
  0x04, 0xFB, 0x04, 0x0A, 0xF9, 0x0E, 0x02, 0x77, 0x20, 0x30, 0xEF, 0xB0, 0x40, 0xAF, 0xA0, 0xD0,
  0x37, 0x70, 0x50, 0xEF, 0xC0, 0x40, 0xAF, 0xB8, 0x1E, 0x81, 0x73, 0x04, 0x0B, 0xFE, 0x04, 0x0A,
  0xFE, 0x89, 0x0B, 0x86, 0x54, 0x56, 0x8B, 0xEF, 0x02, 0x0E, 0xE0, 0x40, 0xAF, 0xFF, 0xF9, 0x81,
  0x60, 0xBE, 0x04, 0x0A, 0xFF, 0xFF, 0x07, 0x20, 0x8E, 0x04, 0x0A, 0xE0, 0x80, 0xAF, 0xFD, 0x06,
  0x30, 0x5E, 0x04, 0x0A, 0xE8, 0x19, 0x07, 0xFF, 0xA0, 0xC0, 0x34, 0x02, 0xE0, 0x40, 0xAE, 0x0A,
  0x20, 0x20, 0xAF, 0xD0, 0xC0, 0x67, 0x0E, 0xD0, 0x40, 0xAE, 0x0B, 0x48, 0x32, 0x7A, 0xDE, 0xA8,
  0x3E, 0xCA, 0x72, 0x77, 0x20, 0xAE, 0x0B, 0x77, 0x77, 0x40, 0xAE, 0x0C, 0x77, 0x77, 0x40, 0xAE,
  0x0C, 0x77, 0x77, 0x40, 0xAE, 0x0D, 0x77, 0x77, 0x40, 0xAE, 0x0D, 0x77, 0x77, 0x40, 0xAE, 0x0D,
  0x77, 0x77, 0x40, 0xAE, 0x0D, 0x77, 0x77, 0x40, 0xAE, 0x0D, 0x77, 0x77, 0x40, 0xAE, 0x0D, 0x77,
  0x77, 0x40, 0xAE, 0x0D, 0x77, 0x77, 0x40, 0xAE, 0x0D, 0x77, 0x77, 0x40, 0xAE, 0x0D, 0x77, 0x77,
  0x40, 0xAE, 0x0D, 0x77, 0x77, 0x40, 0xAE, 0x0D, 0x77, 0x77, 0x40, 0xAE, 0x0D, 0x77, 0x77, 0x40,
  0xAE, 0x0D, 0x77, 0x77, 0x40, 0xAE, 0x0D, 0x77, 0x77, 0x40, 0xAE, 0x0D, 0x77, 0x77, 0x40, 0xAE,
  0x0D, 0x77, 0x77, 0x40, 0xAE, 0x0D, 0x77, 0x77, 0x40,
  // "¶" (U+00B6), RLE, 1080 bytes saved (63.8%)
  0x76, 0x84, 0x47, 0xAC, 0xDE, 0xFF, 0xFB, 0x03, 0x73, 0x04, 0x0A, 0xFF, 0xFF, 0xB0, 0x37, 0x10,
  0x40, 0xDF, 0xFF, 0xFD, 0x03, 0x70, 0xAF, 0xFF, 0xFF, 0x03, 0x50, 0x10, 0xC8, 0x0C, 0x0F, 0x03,
  0x50, 0xBF, 0xFF, 0xA0, 0x77, 0x10, 0xCC, 0x03, 0x40, 0x8F, 0xFF, 0xB0, 0x77, 0x10, 0xCC, 0x03,
  0x30, 0x3F, 0xFF, 0xC0, 0x77, 0x10, 0xCC, 0x03, 0x30, 0xCF, 0xFF, 0xC0, 0x77, 0x10, 0xCC, 0x03,
  0x20, 0x3F, 0xFF, 0xD0, 0x77, 0x10, 0xCC, 0x03, 0x20, 0x9F, 0xFF, 0xD0, 0x77, 0x10, 0xCC, 0x03,
  0x20, 0xEF, 0xFF, 0xD0, 0x77, 0x10, 0xCC, 0x81, 0x30, 0x3F, 0xFF, 0xE0, 0x77, 0x10, 0xCC, 0x81,
  0x30, 0x7F, 0xFF, 0xE0, 0x77, 0x10, 0xCC, 0x81, 0x30, 0xAF, 0xFF, 0xE0, 0x77, 0x10, 0xCC, 0x81,
  0x30, 0xCF, 0xFF, 0xE0, 0x77, 0x10, 0xCC, 0x81, 0x30, 0xEF, 0xFF, 0xE0, 0x77, 0x10, 0xCC, 0x03,
  0x01, 0xFF, 0xFF, 0x07, 0x71, 0x0C, 0xC0, 0x30, 0x2F, 0xFF, 0xF0, 0x77, 0x10, 0xCC, 0x03, 0x02,
  0xFF, 0xFF, 0x07, 0x71, 0x0C, 0xC0, 0x03, 0xFF, 0xFF, 0x07, 0x71, 0x0C, 0xC0, 0x03, 0xFF, 0xFF,
  0x07, 0x71, 0x0C, 0xC0, 0x03, 0xFF, 0xFF, 0x07, 0x71, 0x0C, 0xC0, 0x03, 0xFF, 0xFF, 0x07, 0x71,
  0x0C, 0xC0, 0x30, 0x2F, 0xFF, 0xF0, 0x77, 0x10, 0xCC, 0x03, 0x01, 0xFF, 0xFF, 0x07, 0x71, 0x0C,
  0xC0, 0x31, 0xFF, 0xFF, 0x07, 0x71, 0x0C, 0xC8, 0x13, 0x0D, 0xFF, 0xFE, 0x07, 0x71, 0x0C, 0xC8,
  0x13, 0x0B, 0xFF, 0xFE, 0x07, 0x71, 0x0C, 0xC8, 0x13, 0x08, 0xFF, 0xFE, 0x07, 0x71, 0x0C, 0xC8,
  0x13, 0x04, 0xFF, 0xFE, 0x07, 0x71, 0x0C, 0xC8, 0x13, 0x01, 0xFF, 0xFE, 0x07, 0x71, 0x0C, 0xC0,
  0x32, 0x0B, 0xFF, 0xFD, 0x07, 0x71, 0x0C, 0xC0, 0x32, 0x05, 0xFF, 0xFD, 0x07, 0x71, 0x0C, 0xC0,
  0x33, 0x0D, 0xFF, 0xFC, 0x07, 0x71, 0x0C, 0xC0, 0x33, 0x05, 0xFF, 0xFC, 0x07, 0x71, 0x0C, 0xC0,
  0x34, 0x0B, 0xFF, 0xFB, 0x07, 0x71, 0x0C, 0xC0, 0x34, 0x01, 0x0E, 0xFF, 0xFA, 0x07, 0x71, 0x0C,
  0xC0, 0x35, 0x03, 0x0E, 0xFF, 0xF9, 0x07, 0x71, 0x0C, 0xC0, 0x36, 0x02, 0x0D, 0xFF, 0xF0, 0x77,
  0x10, 0xCC, 0x03, 0x71, 0x08, 0xFF, 0xE0, 0x77, 0x10, 0xCC, 0x03, 0x72, 0x81, 0x17, 0xDF, 0xFB,
  0x07, 0x71, 0x0C, 0xC0, 0x37, 0x58, 0x93, 0x15, 0x8A, 0xCC, 0xDC, 0xBA, 0x74, 0x9C, 0x07, 0x71,
  0x0C, 0xC0, 0x37, 0x77, 0x30, 0x8C, 0x07, 0x71, 0x0C, 0xC0, 0x37, 0x77, 0x30, 0x8C, 0x07, 0x71,
  0x0C, 0xC0, 0x37, 0x77, 0x30, 0x8C, 0x07, 0x71, 0x0C, 0xC0, 0x37, 0x77, 0x30, 0x8C, 0x07, 0x71,
  0x0C, 0xC0, 0x37, 0x77, 0x30, 0x8C, 0x07, 0x71, 0x0C, 0xC0, 0x37, 0x77, 0x30, 0x8C, 0x07, 0x71,
  0x0C, 0xC0, 0x37, 0x77, 0x30, 0x8C, 0x07, 0x71, 0x0C, 0xC0, 0x37, 0x77, 0x30, 0x8C, 0x07, 0x71,
  0x0C, 0xC0, 0x37, 0x77, 0x30, 0x8C, 0x07, 0x71, 0x0C, 0xC0, 0x37, 0x77, 0x30, 0x8C, 0x07, 0x71,
  0x0C, 0xC0, 0x37, 0x77, 0x30, 0x8C, 0x07, 0x71, 0x0C, 0xC0, 0x37, 0x77, 0x30, 0x8C, 0x07, 0x71,
  0x0C, 0xC0, 0x37, 0x77, 0x30, 0x8C, 0x07, 0x71, 0x0C, 0xC0, 0x37, 0x77, 0x30, 0x8C, 0x07, 0x71,
  0x0C, 0xC0, 0x37, 0x77, 0x30, 0x8C, 0x07, 0x71, 0x0C, 0xC0, 0x37, 0x77, 0x30, 0x8C, 0x07, 0x71,
  0x0C, 0xC0, 0x37, 0x77, 0x30, 0x8C, 0x07, 0x71, 0x0C, 0xC0, 0x37, 0x77, 0x30, 0x8C, 0x07, 0x71,
  0x0C, 0xC0, 0x37, 0x77, 0x30, 0x8C, 0x07, 0x71, 0x0C, 0xC0, 0x37, 0x77, 0x30, 0x8C, 0x07, 0x71,
  0x0C, 0xC0, 0x37, 0x77, 0x30, 0x8C, 0x07, 0x71, 0x0C, 0xC0, 0x37, 0x77, 0x30, 0x8C, 0x07, 0x71,
  0x0C, 0xC0, 0x37, 0x77, 0x30, 0x8C, 0x07, 0x71, 0x0C, 0xC0, 0x37, 0x77, 0x30, 0x8C, 0x07, 0x71,
  0x0C, 0xC0, 0x37, 0x77, 0x30, 0x8C, 0x07, 0x71, 0x0C, 0xC0, 0x37, 0x77, 0x30, 0x8C, 0x07, 0x71,
  0x0C, 0xC0, 0x37, 0x77, 0x30, 0x8C, 0x07, 0x71, 0x0C, 0xC0, 0x37, 0x77, 0x30, 0x8C, 0x07, 0x71,
  0x0C, 0xC0, 0x37, 0x77, 0x30, 0x8C, 0x07, 0x71, 0x0C, 0xC0, 0x37, 0x77, 0x30, 0x8C, 0x07, 0x71,
  0x0C, 0xC0, 0x37, 0x77, 0x30, 0x8C, 0x07, 0x71, 0x0C, 0xC0, 0x37, 0x77, 0x30, 0x8C, 0x07, 0x71,
  0x0C, 0xC0, 0x37, 0x77, 0x30, 0x8C, 0x07, 0x71, 0x0C, 0xC0, 0x37, 0x77, 0x38, 0x43, 0x77, 0x77,
  0x37, 0x18, 0x45, 0x77, 0x77, 0x10,
  // "·" (U+00B7), RLE, 25 bytes saved (37.9%)
  0x28, 0x53, 0xAE, 0xFD, 0x92, 0x30, 0x5F, 0x81, 0x60, 0x2F, 0xA0, 0x20, 0x7F, 0xA0, 0x80, 0xBF,
  0xA0, 0xB0, 0xCF, 0xA0, 0x0C, 0xFA, 0x0C, 0x0A, 0xFA, 0x0B, 0x07, 0xFA, 0x81, 0x71, 0xEF, 0x82,
  0xE1, 0x04, 0xF0, 0x53, 0x85, 0x29, 0xEF, 0xD9, 0x22,
  // "¸" (U+00B8), RLE, 94 bytes saved (49.7%)
  0x68, 0x41, 0x77, 0x77, 0x67, 0x50, 0x7C, 0x07, 0x74, 0x01, 0x0E, 0xB0, 0xE7, 0x50, 0x8C, 0x07,
  0x74, 0x01, 0x0E, 0xB0, 0xE0, 0x17, 0x40, 0x8D, 0x81, 0xB7, 0x17, 0x10, 0x10, 0xEF, 0x90, 0x87,
  0x06, 0xFB, 0x0D, 0x02, 0x78, 0x12, 0x6B, 0xF0, 0xE0, 0x17, 0x20, 0x10, 0x8E, 0x09, 0x74, 0x07,
  0xD0, 0xE7, 0x5E, 0x02, 0x74, 0x0E, 0xD0, 0x37, 0x30, 0x1E, 0x01, 0x73, 0x09, 0xD8, 0x3E, 0x04,
  0x31, 0x38, 0x21, 0x36, 0xCE, 0x81, 0x90, 0xCF, 0xF8, 0x2E, 0x20, 0xCF, 0xF0, 0x52, 0x0C, 0xFD,
  0x0E, 0x05, 0x30, 0xCF, 0xB8, 0x1E, 0x91, 0x48, 0x18, 0xCE, 0xA8, 0x4E, 0xED, 0xA8, 0x47,
  // "¹" (U+00B9), RLE, 182 bytes saved (54.7%)
  0x73, 0x05, 0x0E, 0xD0, 0x97, 0x20, 0xAF, 0x09, 0x70, 0x30, 0xDF, 0x90, 0x96, 0x07, 0xFB, 0x09,
  0x40, 0x10, 0xBF, 0xC0, 0x93, 0x04, 0x0E, 0xE0, 0xED, 0x09, 0x20, 0x8F, 0x0C, 0x04, 0xD8, 0x19,
  0x2C, 0xF8, 0x1A, 0x03, 0xD0, 0x90, 0x8F, 0x07, 0x20, 0x4D, 0x81, 0x90, 0xCC, 0x0D, 0x03, 0x30,
  0x5D, 0x82, 0x90, 0x2E, 0xA0, 0xA5, 0x06, 0xD0, 0x92, 0x81, 0x6E, 0x56, 0x06, 0xD0, 0x93, 0x01,
  0x70, 0x7D, 0x09, 0x74, 0x07, 0xD0, 0x97, 0x40, 0x7D, 0x09, 0x74, 0x07, 0xD0, 0x97, 0x40, 0x7D,
  0x09, 0x74, 0x07, 0xD0, 0x97, 0x40, 0x7D, 0x09, 0x74, 0x07, 0xD0, 0x97, 0x40, 0x7D, 0x09, 0x74,
  0x07, 0xD0, 0x97, 0x40, 0x7D, 0x09, 0x74, 0x07, 0xD0, 0x97, 0x40, 0x7D, 0x09, 0x74, 0x07, 0xD0,
  0x97, 0x40, 0x7D, 0x09, 0x74, 0x07, 0xD0, 0x97, 0x40, 0x7D, 0x09, 0x74, 0x07, 0xD0, 0x97, 0x40,
  0x7D, 0x09, 0x74, 0x07, 0xD0, 0x97, 0x40, 0x7D, 0x09, 0x74, 0x07, 0xD0, 0x97, 0x40, 0x7D, 0x09,
  0x74, 0x07, 0xD0, 0x97, 0x40, 0x7D, 0x09,
  // "º" (U+00BA), RLE, 213 bytes saved (52.5%)
  0x72, 0x89, 0x14, 0x8C, 0xDE, 0xFD, 0xCA, 0x62, 0x77, 0x10, 0x70, 0xEF, 0xC0, 0xA0, 0x37, 0x40,
  0x30, 0xEF, 0xF9, 0x08, 0x72, 0x05, 0xFF, 0xC0, 0xB7, 0x03, 0xFF, 0xE0, 0xA5, 0x01, 0x0E, 0xE8,
  0x19, 0x52, 0x28, 0x21, 0x37, 0xEE, 0x06, 0x40, 0x8D, 0x0D, 0x02, 0x72, 0x09, 0xD0, 0xE4, 0x0E,
  0xC0, 0xD0, 0x17, 0x40, 0xAD, 0x06, 0x20, 0x6D, 0x05, 0x75, 0x01, 0x0E, 0xC0, 0xC2, 0x09, 0xC0,
  0xE7, 0x70, 0x9D, 0x81, 0x10, 0xDC, 0x09, 0x77, 0x04, 0xD0, 0x41, 0xD0, 0x67, 0x70, 0x1D, 0x07,
  0x01, 0xD0, 0x47, 0x71, 0x0E, 0xC0, 0x80, 0x2D, 0x03, 0x77, 0x10, 0xDC, 0x09, 0x03, 0xD0, 0x27,
  0x71, 0x0D, 0xC0, 0xA0, 0x2D, 0x03, 0x77, 0x10, 0xDC, 0x09, 0x01, 0xD0, 0x47, 0x71, 0x0E, 0xC0,
  0x81, 0xD0, 0x67, 0x70, 0x1D, 0x81, 0x60, 0xDC, 0x09, 0x77, 0x04, 0xD8, 0x13, 0x09, 0xC0, 0xE7,
  0x70, 0x9D, 0x20, 0x5D, 0x06, 0x75, 0x01, 0x0E, 0xC0, 0xB3, 0x0E, 0xC0, 0xE0, 0x17, 0x40, 0xAD,
  0x05, 0x30, 0x7D, 0x0D, 0x02, 0x72, 0x0A, 0xD0, 0xD5, 0x0D, 0xE8, 0x1A, 0x52, 0x28, 0x21, 0x38,
  0xEE, 0x04, 0x50, 0x20, 0xEF, 0xFD, 0x07, 0x70, 0x30, 0xEF, 0xFB, 0x09, 0x72, 0x02, 0x0C, 0xFF,
  0x90, 0x67, 0x50, 0x60, 0xDF, 0xC0, 0x90, 0x17, 0x71, 0x89, 0x14, 0x8C, 0xDE, 0xFD, 0xC9, 0x51,
  0x71,
  // "»" (U+00BB), RLE, 393 bytes saved (57.5%)
  0x50, 0x47, 0x72, 0x04, 0x77, 0x48, 0x23, 0xCF, 0x87, 0x68, 0x23, 0xCF, 0x87, 0x71, 0x01, 0x0A,
  0xC0, 0x57, 0x30, 0x10, 0x9C, 0x06, 0x76, 0x04, 0x0E, 0xE0, 0x37, 0x10, 0x40, 0xEE, 0x04, 0x76,
  0x0D, 0xE0, 0xE0, 0x27, 0x10, 0xCE, 0x0E, 0x02, 0x75, 0x02, 0x0E, 0xE0, 0xC7, 0x10, 0x20, 0xEE,
  0x0D, 0x01, 0x75, 0x04, 0xF0, 0xB7, 0x10, 0x4F, 0x0B, 0x76, 0x06, 0xF0, 0x87, 0x10, 0x6F, 0x09,
  0x76, 0x09, 0xF0, 0x67, 0x10, 0x9F, 0x07, 0x76, 0x0C, 0xF0, 0x47, 0x10, 0xBF, 0x05, 0x75, 0x01,
  0x0D, 0xE0, 0xE0, 0x27, 0x01, 0x0D, 0xE0, 0xE0, 0x37, 0x50, 0x3F, 0x0D, 0x01, 0x70, 0x20, 0xEE,
  0x0E, 0x01, 0x75, 0x05, 0xF0, 0xB7, 0x10, 0x5F, 0x0C, 0x76, 0x08, 0xF0, 0x97, 0x10, 0x7F, 0x0A,
  0x76, 0x0B, 0xF0, 0x77, 0x10, 0xAF, 0x08, 0x76, 0x0D, 0xF0, 0x47, 0x10, 0xCF, 0x06, 0x75, 0x02,
  0x0E, 0xE0, 0xE0, 0x27, 0x02, 0x0E, 0xF0, 0x47, 0x50, 0x4F, 0x0D, 0x01, 0x70, 0x3F, 0x0E, 0x02,
  0x75, 0x0C, 0xF0, 0x37, 0x10, 0xCF, 0x05, 0x74, 0x09, 0xF0, 0xB7, 0x10, 0x8F, 0x0C, 0x74, 0x06,
  0xF0, 0xC7, 0x10, 0x5F, 0x0D, 0x01, 0x73, 0x03, 0xF0, 0xE0, 0x17, 0x03, 0xF0, 0xE0, 0x27, 0x30,
  0x10, 0xEF, 0x03, 0x70, 0x10, 0xEF, 0x04, 0x74, 0x0C, 0xF0, 0x57, 0x10, 0xCF, 0x06, 0x74, 0x0A,
  0xF0, 0x77, 0x10, 0xAF, 0x09, 0x74, 0x07, 0xF0, 0xA7, 0x10, 0x7F, 0x0B, 0x74, 0x05, 0xF0, 0xC7,
  0x10, 0x4F, 0x0D, 0x01, 0x73, 0x02, 0x0E, 0xE0, 0xD0, 0x17, 0x02, 0x0E, 0xE0, 0xE0, 0x27, 0x30,
  0x10, 0xDE, 0x0E, 0x03, 0x70, 0x10, 0xDF, 0x03, 0x74, 0x0B, 0xF0, 0x47, 0x10, 0xBF, 0x05, 0x74,
  0x09, 0xF0, 0x77, 0x10, 0x9F, 0x08, 0x74, 0x06, 0xF0, 0x97, 0x10, 0x6F, 0x0A, 0x74, 0x03, 0xF0,
  0xB7, 0x10, 0x3F, 0x0C, 0x75, 0x01, 0x0A, 0xD0, 0xD0, 0x17, 0x10, 0x10, 0xAD, 0x0D, 0x01, 0x77,
  0x04, 0x0D, 0xA0, 0xE0, 0x27, 0x40, 0x40, 0xDA, 0x0E, 0x02, 0x77, 0x38, 0x17, 0xE4, 0x77, 0x81,
  0x7E, 0x47, 0x70,
  // "¼" (U+00BC), RLE, 1270 bytes saved (67.2%)
  0x73, 0x08, 0xE0, 0x57, 0x77, 0x50, 0x10, 0xED, 0x07, 0x77, 0x30, 0x10, 0xCF, 0x05, 0x77, 0x75,
  0x09, 0xD0, 0xD7, 0x73, 0x04, 0x0E, 0xF9, 0x05, 0x77, 0x74, 0x03, 0xE0, 0x47, 0x72, 0x08, 0xFB,
  0x05, 0x77, 0x74, 0x0C, 0xD0, 0xA7, 0x71, 0x02, 0x0C, 0xFC, 0x05, 0x77, 0x73, 0x06, 0xD0, 0xE0,
  0x17, 0x70, 0x50, 0xEF, 0xD0, 0x57, 0x77, 0x20, 0x10, 0xED, 0x07, 0x77, 0x09, 0xF0, 0xB0, 0x7D,
  0x05, 0x77, 0x72, 0x09, 0xD0, 0xC7, 0x60, 0x20, 0xCF, 0x81, 0xA0, 0x7D, 0x05, 0x77, 0x71, 0x03,
  0xE0, 0x37, 0x60, 0xDF, 0x06, 0x20, 0x8D, 0x05, 0x77, 0x71, 0x0C, 0xD0, 0x97, 0x70, 0x3D, 0x0D,
  0x03, 0x30, 0x9D, 0x05, 0x77, 0x70, 0x6D, 0x0E, 0x01, 0x77, 0x10, 0x8B, 0x0A, 0x01, 0x40, 0xAD,
  0x05, 0x77, 0x60, 0x10, 0xED, 0x06, 0x77, 0x38, 0x1C, 0xF6, 0x60, 0xAD, 0x05, 0x77, 0x60, 0x9D,
  0x0C, 0x77, 0x40, 0x20, 0x37, 0x0B, 0xD0, 0x57, 0x75, 0x03, 0xE0, 0x37, 0x77, 0x60, 0xBD, 0x05,
  0x77, 0x50, 0xCD, 0x09, 0x77, 0x77, 0x0B, 0xD0, 0x57, 0x74, 0x06, 0xD0, 0xE0, 0x17, 0x77, 0x70,
  0xBD, 0x05, 0x77, 0x30, 0x10, 0xED, 0x06, 0x77, 0x77, 0x10, 0xBD, 0x05, 0x77, 0x30, 0xAD, 0x0C,
  0x77, 0x77, 0x20, 0xBD, 0x05, 0x77, 0x20, 0x3E, 0x03, 0x77, 0x77, 0x20, 0xBD, 0x05, 0x77, 0x20,
  0xCD, 0x09, 0x77, 0x77, 0x30, 0xBD, 0x05, 0x77, 0x10, 0x7D, 0x0E, 0x01, 0x77, 0x77, 0x30, 0xBD,
  0x05, 0x77, 0x01, 0x0E, 0xD0, 0x57, 0x77, 0x74, 0x0B, 0xD0, 0x57, 0x70, 0xAD, 0x0B, 0x77, 0x77,
  0x50, 0xBD, 0x05, 0x76, 0x04, 0xE0, 0x27, 0x77, 0x75, 0x0B, 0xD0, 0x57, 0x60, 0xDD, 0x08, 0x77,
  0x77, 0x60, 0xBD, 0x05, 0x75, 0x07, 0xD0, 0xE7, 0x77, 0x77, 0x0B, 0xD0, 0x57, 0x40, 0x10, 0xED,
  0x05, 0x74, 0x09, 0xE7, 0x73, 0x0B, 0xD0, 0x57, 0x40, 0xAD, 0x0B, 0x74, 0x04, 0xF7, 0x73, 0x0B,
  0xD0, 0x57, 0x30, 0x4E, 0x02, 0x74, 0x0D, 0xF7, 0x73, 0x0B, 0xD0, 0x57, 0x30, 0xDD, 0x08, 0x74,
  0x09, 0xF9, 0x77, 0x30, 0xBD, 0x05, 0x72, 0x07, 0xD0, 0xD7, 0x40, 0x4F, 0xA7, 0x73, 0x0B, 0xD0,
  0x57, 0x10, 0x2E, 0x05, 0x73, 0x01, 0x0E, 0xFA, 0x77, 0x30, 0xBD, 0x05, 0x71, 0x0B, 0xD0, 0xB7,
  0x40, 0xAF, 0xB7, 0x73, 0x0B, 0xD0, 0x57, 0x05, 0xE0, 0x27, 0x30, 0x5C, 0x0A, 0xE7, 0x73, 0x0B,
  0xD0, 0x57, 0x0D, 0xD0, 0x87, 0x30, 0x10, 0xEB, 0x0D, 0x03, 0xE7, 0x73, 0x0B, 0xD0, 0x56, 0x08,
  0xD0, 0xD7, 0x40, 0xBC, 0x00, 0x4E, 0x77, 0x30, 0xBD, 0x05, 0x50, 0x2E, 0x04, 0x73, 0x06, 0xC8,
  0x1A, 0x04, 0xE7, 0x73, 0x0B, 0xD0, 0x55, 0x0B, 0xD0, 0xA7, 0x30, 0x20, 0xEB, 0x82, 0xE1, 0x05,
  0xE7, 0x77, 0x70, 0x5E, 0x02, 0x73, 0x0C, 0xC0, 0x62, 0x05, 0xE7, 0x77, 0x70, 0xDD, 0x07, 0x73,
  0x07, 0xC0, 0xC3, 0x05, 0xE7, 0x77, 0x60, 0x8D, 0x0D, 0x73, 0x03, 0xD0, 0x23, 0x06, 0xE7, 0x77,
  0x50, 0x2E, 0x04, 0x73, 0x0C, 0xC0, 0x74, 0x06, 0xE7, 0x77, 0x50, 0xBD, 0x0A, 0x73, 0x08, 0xC0,
  0xC5, 0x06, 0xE7, 0x77, 0x40, 0x5D, 0x0E, 0x01, 0x72, 0x03, 0xD0, 0x25, 0x06, 0xE7, 0x77, 0x40,
  0xED, 0x07, 0x73, 0x0D, 0xC0, 0x76, 0x06, 0xE7, 0x77, 0x30, 0x9D, 0x0D, 0x73, 0x09, 0xC0, 0xC7,
  0x06, 0xE7, 0x77, 0x20, 0x3E, 0x04, 0x72, 0x04, 0xD0, 0x27, 0x06, 0xE7, 0x77, 0x20, 0xCD, 0x0A,
  0x72, 0x01, 0x0D, 0xC0, 0x77, 0x10, 0x6E, 0x77, 0x71, 0x06, 0xD0, 0xE0, 0x17, 0x20, 0xAC, 0x0C,
  0x72, 0x06, 0xE7, 0x77, 0x01, 0x0E, 0xD0, 0x67, 0x20, 0x5D, 0x03, 0x72, 0x06, 0xE7, 0x77, 0x09,
  0xD0, 0xC7, 0x20, 0x10, 0xEF, 0xFF, 0xE0, 0x47, 0x70, 0x3E, 0x03, 0x72, 0x02, 0xFF, 0xFF, 0x04,
  0x77, 0x0C, 0xD0, 0x97, 0x30, 0x2F, 0xFF, 0xF0, 0x47, 0x60, 0x6D, 0x0E, 0x01, 0x73, 0x02, 0xFF,
  0xFF, 0x04, 0x75, 0x01, 0x0E, 0xD0, 0x67, 0x40, 0x2F, 0xFF, 0xF0, 0x47, 0x50, 0x9D, 0x0C, 0x77,
  0x77, 0x10, 0x6E, 0x77, 0x30, 0x3E, 0x03, 0x77, 0x77, 0x10, 0x6E, 0x77, 0x30, 0xCD, 0x09, 0x77,
  0x77, 0x20, 0x6E, 0x77, 0x20, 0x6D, 0x0E, 0x01, 0x77, 0x77, 0x20, 0x6E, 0x77, 0x10, 0x10, 0xED,
  0x06, 0x77, 0x77, 0x30, 0x6E, 0x77, 0x10, 0xAD, 0x0C, 0x77, 0x77, 0x40, 0x6E, 0x77, 0x03, 0xE0,
  0x37, 0x77, 0x74, 0x06, 0xE7, 0x70, 0xCD, 0x09, 0x77, 0x77, 0x50, 0x6E, 0x60,
  // "½" (U+00BD), RLE, 1251 bytes saved (66.2%)
  0x73, 0x09, 0xE0, 0x57, 0x77, 0x40, 0x8D, 0x0D, 0x77, 0x50, 0x20, 0xCF, 0x05, 0x77, 0x73, 0x02,
  0xE0, 0x47, 0x74, 0x06, 0xFA, 0x05, 0x77, 0x73, 0x0B, 0xD0, 0xA7, 0x73, 0x01, 0x0A, 0xFB, 0x05,
  0x77, 0x72, 0x05, 0xD0, 0xE0, 0x17, 0x72, 0x04, 0x0D, 0xFC, 0x05, 0x77, 0x71, 0x01, 0x0E, 0xD0,
  0x77, 0x72, 0x08, 0xF0, 0xED, 0x05, 0x77, 0x71, 0x09, 0xD0, 0xD7, 0x71, 0x02, 0x0C, 0xF0, 0x80,
  0x7D, 0x05, 0x77, 0x70, 0x3E, 0x04, 0x77, 0x05, 0x0E, 0xF8, 0x16, 0x08, 0xD0, 0x57, 0x77, 0x0C,
  0xD0, 0xA7, 0x71, 0x0C, 0xE0, 0xD0, 0x32, 0x09, 0xD0, 0x57, 0x76, 0x06, 0xD0, 0xE0, 0x17, 0x71,
  0x02, 0x0E, 0xC0, 0xA0, 0x13, 0x09, 0xD0, 0x57, 0x75, 0x01, 0x0E, 0xD0, 0x77, 0x73, 0x05, 0xA0,
  0xE0, 0x65, 0x0A, 0xD0, 0x57, 0x75, 0x09, 0xD0, 0xC7, 0x75, 0x81, 0xAC, 0x26, 0x0B, 0xD0, 0x57,
  0x74, 0x03, 0xE0, 0x37, 0x77, 0x70, 0xBD, 0x05, 0x77, 0x40, 0xCD, 0x09, 0x77, 0x77, 0x10, 0xBD,
  0x05, 0x77, 0x30, 0x6D, 0x0E, 0x01, 0x77, 0x77, 0x10, 0xBD, 0x05, 0x77, 0x20, 0x10, 0xED, 0x06,
  0x77, 0x77, 0x20, 0xBD, 0x05, 0x77, 0x20, 0x9D, 0x0C, 0x77, 0x77, 0x30, 0xBD, 0x05, 0x77, 0x10,
  0x3E, 0x03, 0x77, 0x77, 0x30, 0xBD, 0x05, 0x77, 0x10, 0xCD, 0x09, 0x77, 0x77, 0x40, 0xBD, 0x05,
  0x77, 0x06, 0xD0, 0xE0, 0x17, 0x77, 0x74, 0x0B, 0xD0, 0x57, 0x60, 0x10, 0xED, 0x06, 0x77, 0x77,
  0x50, 0xBD, 0x05, 0x76, 0x0A, 0xD0, 0xC7, 0x77, 0x76, 0x0B, 0xD0, 0x57, 0x50, 0x3E, 0x03, 0x77,
  0x77, 0x60, 0xBD, 0x05, 0x75, 0x0D, 0xD0, 0x97, 0x77, 0x77, 0x0B, 0xD0, 0x57, 0x40, 0x7D, 0x0E,
  0x01, 0x77, 0x77, 0x70, 0xBD, 0x05, 0x73, 0x01, 0x0E, 0xD0, 0x57, 0x89, 0x13, 0x7A, 0xDE, 0xFE,
  0xDC, 0x95, 0x77, 0x40, 0xBD, 0x05, 0x73, 0x0A, 0xD0, 0xC6, 0x05, 0x0C, 0xFC, 0x0E, 0x08, 0x77,
  0x20, 0xBD, 0x05, 0x72, 0x04, 0xE0, 0x24, 0x04, 0x0C, 0xFF, 0x90, 0xD0, 0x37, 0x70, 0xBD, 0x05,
  0x72, 0x0D, 0xD0, 0x84, 0x09, 0xFF, 0xC0, 0xE0, 0x27, 0x60, 0xBD, 0x05, 0x71, 0x07, 0xD0, 0xE3,
  0x01, 0x0C, 0xFF, 0xE0, 0xD7, 0x60, 0xBD, 0x05, 0x70, 0x20, 0xED, 0x05, 0x40, 0xBE, 0x82, 0xC7,
  0x31, 0x28, 0x13, 0x8E, 0xE0, 0x77, 0x50, 0xBD, 0x05, 0x70, 0xAD, 0x0B, 0x50, 0x10, 0xDB, 0x0D,
  0x05, 0x71, 0x02, 0x0E, 0xD0, 0xE7, 0x50, 0xBD, 0x05, 0x60, 0x4E, 0x02, 0x60, 0x3A, 0x07, 0x74,
  0x04, 0xE0, 0x37, 0x40, 0xBD, 0x05, 0x60, 0xDD, 0x08, 0x71, 0x06, 0x03, 0x76, 0x0C, 0xD0, 0x67,
  0x40, 0xBD, 0x05, 0x50, 0x7D, 0x0D, 0x77, 0x73, 0x09, 0xD0, 0x87, 0x40, 0xBD, 0x05, 0x40, 0x2E,
  0x05, 0x77, 0x73, 0x08, 0xD0, 0x97, 0x40, 0xBD, 0x05, 0x40, 0xBD, 0x0B, 0x77, 0x74, 0x08, 0xD0,
  0x87, 0x40, 0xBD, 0x05, 0x30, 0x5E, 0x02, 0x77, 0x74, 0x0A, 0xD0, 0x67, 0x77, 0x0D, 0xD0, 0x87,
  0x77, 0x50, 0xED, 0x03, 0x77, 0x60, 0x8D, 0x0D, 0x77, 0x75, 0x03, 0xD0, 0xE7, 0x76, 0x02, 0xE0,
  0x47, 0x77, 0x50, 0xBD, 0x08, 0x77, 0x60, 0xBD, 0x0A, 0x77, 0x75, 0x04, 0xD0, 0xE0, 0x17, 0x75,
  0x05, 0xE0, 0x27, 0x77, 0x40, 0x10, 0xED, 0x07, 0x77, 0x60, 0xDD, 0x07, 0x77, 0x75, 0x0C, 0xD0,
  0xB7, 0x76, 0x08, 0xD0, 0xD7, 0x77, 0x50, 0xAD, 0x0D, 0x01, 0x77, 0x50, 0x2E, 0x04, 0x77, 0x74,
  0x09, 0xD0, 0xE0, 0x37, 0x76, 0x0B, 0xD0, 0xA7, 0x77, 0x40, 0x8E, 0x04, 0x77, 0x60, 0x5D, 0x0E,
  0x01, 0x77, 0x73, 0x08, 0xE0, 0x57, 0x76, 0x01, 0x0E, 0xD0, 0x77, 0x77, 0x30, 0x8E, 0x06, 0x77,
  0x70, 0x9D, 0x0D, 0x77, 0x73, 0x08, 0xE0, 0x67, 0x77, 0x03, 0xE0, 0x47, 0x77, 0x20, 0x8E, 0x06,
  0x77, 0x71, 0x0C, 0xD0, 0xA7, 0x77, 0x20, 0x8E, 0x06, 0x77, 0x71, 0x06, 0xD0, 0xE0, 0x17, 0x77,
  0x10, 0x8E, 0x06, 0x77, 0x71, 0x01, 0x0E, 0xD0, 0x67, 0x77, 0x10, 0x8E, 0x05, 0x77, 0x72, 0x09,
  0xD0, 0xC7, 0x77, 0x10, 0x8E, 0x05, 0x77, 0x72, 0x03, 0xE0, 0x37, 0x77, 0x08, 0xE0, 0x57, 0x77,
  0x30, 0xCD, 0x09, 0x77, 0x70, 0x8E, 0x04, 0x77, 0x73, 0x06, 0xD0, 0xE0, 0x17, 0x76, 0x08, 0xE0,
  0x47, 0x77, 0x30, 0x10, 0xED, 0x06, 0x77, 0x60, 0x8F, 0xFF, 0xA0, 0x87, 0x10, 0x9D, 0x0C, 0x77,
  0x70, 0xBF, 0xFF, 0xA0, 0x87, 0x03, 0xE0, 0x37, 0x77, 0x0B, 0xFF, 0xFA, 0x08, 0x70, 0xCD, 0x09,
  0x77, 0x71, 0x0B, 0xFF, 0xFA, 0x08, 0x60, 0x7D, 0x0E, 0x01, 0x77, 0x71, 0x0B, 0xFF, 0xFA, 0x08,
  // "¾" (U+00BE), RLE, 1337 bytes saved (65.3%)
  0x78, 0x34, 0x8B, 0xDE, 0xA8, 0x3E, 0xDA, 0x74, 0x77, 0x77, 0x48, 0x02, 0x30, 0x17, 0x58, 0x11,
  0x9E, 0xFD, 0x0D, 0x07, 0x77, 0x77, 0x10, 0x5E, 0x02, 0x73, 0x01, 0x09, 0xFF, 0xB0, 0xC0, 0x27,
  0x77, 0x60, 0xDD, 0x08, 0x73, 0x05, 0x0E, 0xFF, 0xD0, 0xD0, 0x17, 0x77, 0x40, 0x8D, 0x0D, 0x73,
  0x04, 0xFF, 0xF9, 0x0C, 0x77, 0x73, 0x02, 0xE0, 0x47, 0x40, 0x9E, 0x82, 0xC8, 0x32, 0x28, 0x11,
  0x5B, 0xF0, 0x67, 0x77, 0x20, 0xBD, 0x0A, 0x76, 0x0C, 0xB0, 0x90, 0x27, 0x20, 0x5E, 0x0C, 0x77,
  0x71, 0x05, 0xD0, 0xE0, 0x17, 0x68, 0x21, 0xEA, 0x27, 0x50, 0x7E, 0x01, 0x77, 0x60, 0x10, 0xED,
  0x07, 0x77, 0x10, 0x17, 0x70, 0x1E, 0x03, 0x77, 0x60, 0x9D, 0x0C, 0x77, 0x77, 0x40, 0xED, 0x04,
  0x77, 0x50, 0x3E, 0x03, 0x77, 0x77, 0x40, 0xED, 0x03, 0x77, 0x50, 0xCD, 0x09, 0x77, 0x77, 0x40,
  0x1E, 0x01, 0x77, 0x40, 0x6D, 0x0E, 0x01, 0x77, 0x77, 0x40, 0x6D, 0x0D, 0x77, 0x40, 0x10, 0xED,
  0x06, 0x77, 0x77, 0x40, 0x20, 0xED, 0x07, 0x77, 0x40, 0xAD, 0x0B, 0x77, 0x77, 0x40, 0x40, 0xDD,
  0x0D, 0x77, 0x40, 0x4E, 0x02, 0x77, 0x77, 0x82, 0x13, 0x6B, 0xE0, 0xE0, 0x27, 0x74, 0x0D, 0xD0,
  0x87, 0x77, 0x10, 0x1F, 0xF9, 0x0D, 0x02, 0x77, 0x40, 0x7D, 0x0D, 0x77, 0x72, 0x01, 0xFE, 0x0E,
  0x08, 0x77, 0x50, 0x2E, 0x05, 0x77, 0x72, 0x01, 0xFE, 0x07, 0x02, 0x77, 0x50, 0xBD, 0x0B, 0x77,
  0x73, 0x01, 0xFF, 0x90, 0xC0, 0x47, 0x72, 0x05, 0xE0, 0x27, 0x77, 0x30, 0x1F, 0xFB, 0x09, 0x77,
  0x10, 0xDD, 0x07, 0x77, 0x77, 0x48, 0x31, 0x24, 0x8D, 0xF0, 0x97, 0x60, 0x8D, 0x0D, 0x80, 0xC2,
  0x00, 0x40, 0xDE, 0x05, 0x74, 0x03, 0xE0, 0x48, 0x0C, 0x30, 0x01, 0x0D, 0xD0, 0xC7, 0x40, 0xCD,
  0x0A, 0x80, 0xC5, 0x00, 0x3E, 0x01, 0x72, 0x06, 0xD0, 0xE0, 0x18, 0x0C, 0x60, 0x0E, 0xD0, 0x57,
  0x10, 0x10, 0xED, 0x06, 0x73, 0x07, 0xE0, 0x27, 0x77, 0x40, 0xCD, 0x06, 0x71, 0x09, 0xD0, 0xC7,
  0x30, 0x2F, 0x02, 0x77, 0x74, 0x0D, 0xD0, 0x57, 0x03, 0xE0, 0x37, 0x30, 0xCF, 0x02, 0x77, 0x74,
  0xE0, 0x47, 0x0D, 0xD0, 0x97, 0x30, 0x8F, 0x90, 0x27, 0x77, 0x30, 0x6E, 0x01, 0x60, 0x7D, 0x0E,
  0x01, 0x72, 0x03, 0xFA, 0x02, 0x50, 0x70, 0x47, 0x72, 0x02, 0x0E, 0xD0, 0xC6, 0x01, 0x0E, 0xD0,
  0x57, 0x30, 0xDF, 0xA0, 0x25, 0x83, 0xAF, 0xD7, 0x37, 0x50, 0x40, 0xDE, 0x06, 0x60, 0xAD, 0x0B,
  0x73, 0x09, 0xFB, 0x02, 0x50, 0xAC, 0x84, 0xD9, 0x63, 0x21, 0x28, 0x21, 0x36, 0xCF, 0x0C, 0x60,
  0x4E, 0x02, 0x72, 0x04, 0xC0, 0xAE, 0x02, 0x50, 0xAF, 0xFF, 0x90, 0xE0, 0x36, 0x0D, 0xD0, 0x87,
  0x20, 0x10, 0xDB, 0x0E, 0x03, 0xE0, 0x25, 0x0A, 0xFF, 0xF0, 0xE0, 0x36, 0x08, 0xD0, 0xD7, 0x30,
  0x9C, 0x06, 0x02, 0xE0, 0x25, 0x07, 0xFF, 0xE0, 0xB0, 0x26, 0x02, 0xE0, 0x47, 0x20, 0x5C, 0x81,
  0xC0, 0x2E, 0x02, 0x68, 0x11, 0x7D, 0xFF, 0x90, 0xB0, 0x57, 0x10, 0xBD, 0x0A, 0x72, 0x01, 0x0E,
  0xC8, 0x12, 0x03, 0xE0, 0x27, 0x28, 0x95, 0x16, 0x8B, 0xDE, 0xEF, 0xED, 0xDB, 0x85, 0x17, 0x20,
  0x5D, 0x0E, 0x01, 0x72, 0x0A, 0xC0, 0x82, 0x03, 0xE0, 0x27, 0x77, 0x74, 0x01, 0x0E, 0xD0, 0x77,
  0x20, 0x6C, 0x0D, 0x30, 0x4E, 0x02, 0x77, 0x77, 0x40, 0x9D, 0x0C, 0x72, 0x01, 0x0E, 0xC0, 0x33,
  0x04, 0xE0, 0x27, 0x77, 0x73, 0x03, 0xE0, 0x37, 0x20, 0xBC, 0x08, 0x40, 0x4E, 0x02, 0x77, 0x77,
  0x30, 0xCD, 0x09, 0x72, 0x06, 0xC0, 0xD5, 0x04, 0xE0, 0x27, 0x77, 0x72, 0x06, 0xD0, 0xE0, 0x17,
  0x10, 0x2D, 0x04, 0x50, 0x4E, 0x02, 0x77, 0x77, 0x10, 0x10, 0xED, 0x06, 0x72, 0x0C, 0xC0, 0x96,
  0x04, 0xE0, 0x27, 0x77, 0x71, 0x0A, 0xD0, 0xC7, 0x20, 0x7C, 0x0D, 0x70, 0x4E, 0x02, 0x77, 0x77,
  0x04, 0xE0, 0x27, 0x10, 0x3D, 0x04, 0x70, 0x4E, 0x02, 0x77, 0x77, 0x0D, 0xD0, 0x87, 0x20, 0xDC,
  0x09, 0x71, 0x04, 0xE0, 0x27, 0x77, 0x60, 0x7D, 0x0D, 0x72, 0x08, 0xC0, 0xD7, 0x20, 0x4E, 0x02,
  0x77, 0x75, 0x02, 0xE0, 0x57, 0x10, 0x3D, 0x04, 0x72, 0x04, 0xE0, 0x27, 0x77, 0x50, 0xBD, 0x0B,
  0x72, 0x0D, 0xFF, 0xFE, 0x06, 0x77, 0x60, 0x5E, 0x02, 0x71, 0x01, 0xFF, 0xFF, 0x06, 0x77, 0x60,
  0xDD, 0x07, 0x72, 0x01, 0xFF, 0xFF, 0x06, 0x77, 0x50, 0x8D, 0x0D, 0x73, 0x01, 0xFF, 0xFF, 0x06,
  0x77, 0x40, 0x2E, 0x04, 0x73, 0x01, 0xFF, 0xFF, 0x06, 0x77, 0x40, 0xCD, 0x0A, 0x77, 0x77, 0x04,
  0xE0, 0x27, 0x77, 0x10, 0x6D, 0x0E, 0x01, 0x77, 0x77, 0x04, 0xE0, 0x27, 0x77, 0x01, 0x0E, 0xD0,
  0x67, 0x77, 0x71, 0x04, 0xE0, 0x27, 0x77, 0x09, 0xD0, 0xC7, 0x77, 0x72, 0x04, 0xE0, 0x27, 0x76,
  0x03, 0xE0, 0x37, 0x77, 0x72, 0x04, 0xE0, 0x27, 0x76, 0x0C, 0xD0, 0x97, 0x77, 0x73, 0x04, 0xE0,
  0x27, 0x75, 0x07, 0xD0, 0xE0, 0x17, 0x77, 0x73, 0x04, 0xE0, 0x27, 0x74, 0x01, 0x0E, 0xD0, 0x57,
  0x77, 0x74, 0x04, 0xE0, 0x25,
  // "¿" (U+00BF), RLE, 785 bytes saved (71.2%)
  0x77, 0x38, 0x51, 0x8D, 0xFE, 0xA3, 0x77, 0x76, 0x03, 0x0E, 0xE0, 0x67, 0x77, 0x50, 0xDF, 0x90,
  0x37, 0x77, 0x30, 0x4F, 0xA0, 0x97, 0x77, 0x30, 0x8F, 0xA0, 0xC7, 0x77, 0x30, 0x9F, 0xA0, 0xD7,
  0x77, 0x30, 0x9F, 0xA0, 0xE7, 0x77, 0x30, 0x8F, 0xA0, 0xC7, 0x77, 0x30, 0x5F, 0xA0, 0x97, 0x77,
  0x40, 0xEF, 0x90, 0x37, 0x77, 0x40, 0x40, 0xEE, 0x08, 0x77, 0x76, 0x85, 0x29, 0xDF, 0xEB, 0x48,
  0x0B, 0xD3, 0x08, 0x02, 0x27, 0x77, 0x70, 0x1D, 0x0E, 0x77, 0x77, 0x01, 0xD0, 0xE7, 0x77, 0x70,
  0x2D, 0x0E, 0x77, 0x77, 0x03, 0xD0, 0xD7, 0x77, 0x70, 0x6D, 0x0C, 0x77, 0x77, 0x09, 0xD0, 0xB7,
  0x77, 0x60, 0x1E, 0x08, 0x77, 0x76, 0x09, 0xE0, 0x57, 0x77, 0x50, 0x4E, 0x0E, 0x77, 0x75, 0x02,
  0x0E, 0xE0, 0x97, 0x77, 0x40, 0x20, 0xEE, 0x0E, 0x02, 0x77, 0x73, 0x03, 0x0E, 0xF0, 0x77, 0x77,
  0x30, 0x40, 0xEF, 0x0B, 0x77, 0x73, 0x06, 0xF9, 0x0D, 0x01, 0x77, 0x72, 0x09, 0xF9, 0x0D, 0x01,
  0x77, 0x72, 0x0B, 0xF9, 0x0C, 0x01, 0x77, 0x71, 0x01, 0x0C, 0xF9, 0x0B, 0x77, 0x72, 0x01, 0x0C,
  0xF9, 0x09, 0x77, 0x72, 0x01, 0x0D, 0xF9, 0x07, 0x77, 0x73, 0x0B, 0xF9, 0x05, 0x77, 0x73, 0x08,
  0xF9, 0x04, 0x77, 0x73, 0x02, 0xF9, 0x04, 0x77, 0x74, 0x0B, 0xF0, 0x67, 0x77, 0x40, 0x2F, 0x0A,
  0x77, 0x75, 0x07, 0xF0, 0x17, 0x77, 0x50, 0xBE, 0x0B, 0x77, 0x76, 0x0D, 0xE0, 0x67, 0x77, 0x6F,
  0x04, 0x77, 0x75, 0x01, 0xF0, 0x37, 0x77, 0x50, 0x1F, 0x02, 0x77, 0x76, 0xF0, 0x37, 0x77, 0x60,
  0xEE, 0x06, 0x77, 0x76, 0x0C, 0xE0, 0xB7, 0x77, 0x60, 0x8F, 0x02, 0x77, 0x75, 0x04, 0xF0, 0xC7,
  0x76, 0x81, 0x29, 0x74, 0x0D, 0xF0, 0xB0, 0x17, 0x72, 0x04, 0x0A, 0xA0, 0xE4, 0x06, 0xF9, 0x81,
  0xE6, 0x17, 0x48, 0x13, 0x8E, 0xD0, 0x64, 0x0C, 0xFB, 0x89, 0x1B, 0x86, 0x54, 0x45, 0x68, 0xBE,
  0xF9, 0x0D, 0x40, 0x20, 0xEF, 0xFF, 0xF9, 0x04, 0x40, 0x30, 0xEF, 0xFF, 0xF0, 0xB5, 0x02, 0x0C,
  0xFF, 0xFD, 0x09, 0x02, 0x70, 0x8F, 0xFF, 0x98, 0x1D, 0x71, 0x73, 0x81, 0x17, 0xDF, 0xFA, 0x81,
  0xC7, 0x27, 0x72, 0x84, 0x26, 0x9B, 0xDE, 0xA8, 0x6E, 0xED, 0xB9, 0x74, 0x17, 0x10,
  // "À" (U+00C0), RLE, 1692 bytes saved (75.9%)
  0x77, 0x20, 0x8F, 0x90, 0xB8, 0x0D, 0x10, 0x02, 0xFA, 0x03, 0x80, 0xD1, 0x00, 0x6F, 0x90, 0xC8,
  0x0D, 0x20, 0x09, 0xF9, 0x05, 0x80, 0xD2, 0x00, 0xBF, 0x0D, 0x80, 0xD2, 0x00, 0x10, 0xDF, 0x09,
  0x80, 0xD2, 0x00, 0x20, 0xEF, 0x03, 0x80, 0xD2, 0x00, 0x30, 0xEE, 0x0D, 0x80, 0xD3, 0x00, 0x30,
  0xEE, 0x07, 0x80, 0xD3, 0x00, 0x4F, 0x03, 0x80, 0xD3, 0x00, 0x40, 0xED, 0x0D, 0x80, 0xD4, 0x00,
  0x30, 0xED, 0x09, 0x80, 0xD4, 0x00, 0x30, 0xDD, 0x05, 0x80, 0xD4, 0x00, 0x10, 0xCC, 0x0B, 0x80,
  0xDE, 0x20, 0x03, 0xF0, 0x28, 0x0D, 0x20, 0x09, 0xF0, 0x88, 0x0D, 0x20, 0x0E, 0xF0, 0xE8, 0x0D,
  0x10, 0x05, 0xFA, 0x05, 0x80, 0xD0, 0x00, 0xBF, 0xA0, 0xB8, 0x0C, 0x70, 0x02, 0xFC, 0x01, 0x80,
  0xC6, 0x00, 0x8F, 0xC0, 0x78, 0x0C, 0x60, 0x0E, 0xFC, 0x0D, 0x80, 0xC5, 0x00, 0x5E, 0x0D, 0xE0,
  0x48, 0x0C, 0x40, 0x0B, 0xE0, 0x5E, 0x0A, 0x80, 0xC3, 0x00, 0x2E, 0x81, 0xB0, 0xEE, 0x01, 0x80,
  0xC2, 0x00, 0x8E, 0x81, 0x70, 0xAE, 0x07, 0x80, 0xC2, 0x00, 0xDE, 0x81, 0x30, 0x5E, 0x0D, 0x80,
  0xC1, 0x00, 0x4E, 0x0E, 0x20, 0x1F, 0x03, 0x80, 0xC0, 0x00, 0xBE, 0x0A, 0x30, 0xBE, 0x09, 0x77,
  0x77, 0x70, 0x1F, 0x05, 0x30, 0x6E, 0x0E, 0x01, 0x77, 0x77, 0x60, 0x7E, 0x0E, 0x40, 0x1F, 0x06,
  0x77, 0x77, 0x60, 0xDE, 0x0A, 0x50, 0xAE, 0x0C, 0x77, 0x77, 0x50, 0x4F, 0x04, 0x50, 0x5F, 0x03,
  0x77, 0x77, 0x40, 0xAE, 0x0D, 0x70, 0xEE, 0x09, 0x77, 0x77, 0x30, 0x1F, 0x07, 0x70, 0x9E, 0x0E,
  0x77, 0x77, 0x30, 0x7F, 0x02, 0x70, 0x3F, 0x05, 0x77, 0x77, 0x20, 0xDE, 0x0B, 0x72, 0x0C, 0xE0,
  0xC7, 0x77, 0x71, 0x03, 0xF0, 0x57, 0x20, 0x6F, 0x02, 0x77, 0x77, 0x09, 0xE0, 0xE7, 0x30, 0x1F,
  0x08, 0x77, 0x76, 0x01, 0xF0, 0x97, 0x40, 0xAE, 0x0E, 0x77, 0x76, 0x06, 0xF0, 0x37, 0x40, 0x4F,
  0x05, 0x77, 0x75, 0x0C, 0xE0, 0xD7, 0x60, 0xEE, 0x0B, 0x77, 0x74, 0x03, 0xF0, 0x77, 0x60, 0x8F,
  0x02, 0x77, 0x73, 0x09, 0xF0, 0x17, 0x60, 0x2F, 0x08, 0x77, 0x73, 0x0E, 0xE0, 0xA7, 0x71, 0x0C,
  0xE0, 0xD7, 0x77, 0x20, 0x6F, 0x05, 0x77, 0x10, 0x6F, 0x04, 0x77, 0x71, 0x0C, 0xE0, 0xE7, 0x72,
  0x01, 0xF0, 0xA7, 0x77, 0x02, 0xF0, 0x87, 0x73, 0x0A, 0xF0, 0x17, 0x76, 0x08, 0xF0, 0x27, 0x73,
  0x04, 0xF0, 0x77, 0x76, 0x0E, 0xE0, 0xD8, 0x09, 0x74, 0xF0, 0xD7, 0x75, 0x05, 0xFF, 0xFF, 0xF0,
  0x47, 0x74, 0x0B, 0xFF, 0xFF, 0xF0, 0xA7, 0x73, 0x02, 0x80, 0xC1, 0xF0, 0x17, 0x72, 0x08, 0x80,
  0xC1, 0xF0, 0x67, 0x72, 0x0E, 0x80, 0xC1, 0xF0, 0xC7, 0x71, 0x05, 0x80, 0xC3, 0xF0, 0x37, 0x70,
  0xBE, 0x0E, 0x77, 0x73, 0x05, 0xF0, 0x97, 0x60, 0x1F, 0x08, 0x77, 0x74, 0x0E, 0xE0, 0xE7, 0x60,
  0x7F, 0x02, 0x77, 0x74, 0x08, 0xF0, 0x67, 0x50, 0xDE, 0x0C, 0x77, 0x75, 0x02, 0xF0, 0xC7, 0x40,
  0x4F, 0x06, 0x77, 0x76, 0x0C, 0xF0, 0x27, 0x30, 0xAE, 0x0E, 0x77, 0x77, 0x06, 0xF0, 0x97, 0x20,
  0x1F, 0x09, 0x77, 0x77, 0x10, 0xEE, 0x0E, 0x72, 0x07, 0xF0, 0x37, 0x77, 0x71, 0x09, 0xF0, 0x57,
  0x10, 0xDE, 0x0D, 0x77, 0x77, 0x20, 0x3F, 0x0B, 0x70, 0x4F, 0x07, 0x77, 0x77, 0x30, 0xCF, 0x02,
  0x60, 0xAF, 0x01, 0x77, 0x77, 0x30, 0x6F, 0x08, 0x50, 0x1F, 0x0B, 0x77, 0x77, 0x40, 0x1F, 0x0E,
  0x50, 0x6F, 0x05, 0x77, 0x77, 0x50, 0xAF, 0x05, 0x40, 0xCE, 0x0E, 0x77, 0x77, 0x60, 0x4F, 0x0B,
  0x30, 0x3F, 0x08, 0x77, 0x77, 0x70, 0xDF, 0x01, 0x20, 0x9F, 0x02, 0x77, 0x77, 0x70, 0x7F, 0x07,
  0x20, 0xEE, 0x0C, 0x80, 0xC0, 0x00, 0x1F, 0x81, 0xD0, 0x6F, 0x06, 0x80, 0xC1, 0x00, 0xBF, 0x04,
  0x0C, 0xE0, 0xE8, 0x0C, 0x20, 0x05, 0xF0, 0xA0,
  // "Á" (U+00C1), RLE, 1693 bytes saved (76.0%)
  0x77, 0x77, 0x20, 0xAF, 0x90, 0xB8, 0x0D, 0x00, 0x03, 0xFA, 0x04, 0x80, 0xD0, 0x00, 0xBF, 0x90,
  0x88, 0x0D, 0x00, 0x05, 0xF9, 0x0B, 0x80, 0xD1, 0x00, 0xDF, 0x0D, 0x01, 0x80, 0xD0, 0x00, 0x8F,
  0x0E, 0x02, 0x80, 0xD0, 0x00, 0x3F, 0x0E, 0x03, 0x80, 0xD1, 0x00, 0xCF, 0x04, 0x80, 0xD1, 0x00,
  0x6F, 0x05, 0x80, 0xD1, 0x00, 0x20, 0xEE, 0x05, 0x80, 0xD2, 0x00, 0xBE, 0x05, 0x80, 0xD2, 0x00,
  0x7E, 0x05, 0x80, 0xD2, 0x00, 0x3D, 0x0E, 0x04, 0x80, 0xD3, 0x00, 0x8C, 0x0D, 0x02, 0x80, 0xDE,
  0x70, 0x03, 0xF0, 0x28, 0x0D, 0x20, 0x09, 0xF0, 0x88, 0x0D, 0x20, 0x0E, 0xF0, 0xE8, 0x0D, 0x10,
  0x05, 0xFA, 0x05, 0x80, 0xD0, 0x00, 0xBF, 0xA0, 0xB8, 0x0C, 0x70, 0x02, 0xFC, 0x01, 0x80, 0xC6,
  0x00, 0x8F, 0xC0, 0x78, 0x0C, 0x60, 0x0E, 0xFC, 0x0D, 0x80, 0xC5, 0x00, 0x5E, 0x0D, 0xE0, 0x48,
  0x0C, 0x40, 0x0B, 0xE0, 0x5E, 0x0A, 0x80, 0xC3, 0x00, 0x2E, 0x81, 0xB0, 0xEE, 0x01, 0x80, 0xC2,
  0x00, 0x8E, 0x81, 0x70, 0xAE, 0x07, 0x80, 0xC2, 0x00, 0xDE, 0x81, 0x30, 0x5E, 0x0D, 0x80, 0xC1,
  0x00, 0x4E, 0x0E, 0x20, 0x1F, 0x03, 0x80, 0xC0, 0x00, 0xBE, 0x0A, 0x30, 0xBE, 0x09, 0x77, 0x77,
  0x70, 0x1F, 0x05, 0x30, 0x6E, 0x0E, 0x01, 0x77, 0x77, 0x60, 0x7E, 0x0E, 0x40, 0x1F, 0x06, 0x77,
  0x77, 0x60, 0xDE, 0x0A, 0x50, 0xAE, 0x0C, 0x77, 0x77, 0x50, 0x4F, 0x04, 0x50, 0x5F, 0x03, 0x77,
  0x77, 0x40, 0xAE, 0x0D, 0x70, 0xEE, 0x09, 0x77, 0x77, 0x30, 0x1F, 0x07, 0x70, 0x9E, 0x0E, 0x77,
  0x77, 0x30, 0x7F, 0x02, 0x70, 0x3F, 0x05, 0x77, 0x77, 0x20, 0xDE, 0x0B, 0x72, 0x0C, 0xE0, 0xC7,
  0x77, 0x71, 0x03, 0xF0, 0x57, 0x20, 0x6F, 0x02, 0x77, 0x77, 0x09, 0xE0, 0xE7, 0x30, 0x1F, 0x08,
  0x77, 0x76, 0x01, 0xF0, 0x97, 0x40, 0xAE, 0x0E, 0x77, 0x76, 0x06, 0xF0, 0x37, 0x40, 0x4F, 0x05,
  0x77, 0x75, 0x0C, 0xE0, 0xD7, 0x60, 0xEE, 0x0B, 0x77, 0x74, 0x03, 0xF0, 0x77, 0x60, 0x8F, 0x02,
  0x77, 0x73, 0x09, 0xF0, 0x17, 0x60, 0x2F, 0x08, 0x77, 0x73, 0x0E, 0xE0, 0xA7, 0x71, 0x0C, 0xE0,
  0xD7, 0x77, 0x20, 0x6F, 0x05, 0x77, 0x10, 0x6F, 0x04, 0x77, 0x71, 0x0C, 0xE0, 0xE7, 0x72, 0x01,
  0xF0, 0xA7, 0x77, 0x02, 0xF0, 0x87, 0x73, 0x0A, 0xF0, 0x17, 0x76, 0x08, 0xF0, 0x27, 0x73, 0x04,
  0xF0, 0x77, 0x76, 0x0E, 0xE0, 0xD8, 0x09, 0x74, 0xF0, 0xD7, 0x75, 0x05, 0xFF, 0xFF, 0xF0, 0x47,
  0x74, 0x0B, 0xFF, 0xFF, 0xF0, 0xA7, 0x73, 0x02, 0x80, 0xC1, 0xF0, 0x17, 0x72, 0x08, 0x80, 0xC1,
  0xF0, 0x67, 0x72, 0x0E, 0x80, 0xC1, 0xF0, 0xC7, 0x71, 0x05, 0x80, 0xC3, 0xF0, 0x37, 0x70, 0xBE,
  0x0E, 0x77, 0x73, 0x05, 0xF0, 0x97, 0x60, 0x1F, 0x08, 0x77, 0x74, 0x0E, 0xE0, 0xE7, 0x60, 0x7F,
  0x02, 0x77, 0x74, 0x08, 0xF0, 0x67, 0x50, 0xDE, 0x0C, 0x77, 0x75, 0x02, 0xF0, 0xC7, 0x40, 0x4F,
  0x06, 0x77, 0x76, 0x0C, 0xF0, 0x27, 0x30, 0xAE, 0x0E, 0x77, 0x77, 0x06, 0xF0, 0x97, 0x20, 0x1F,
  0x09, 0x77, 0x77, 0x10, 0xEE, 0x0E, 0x72, 0x07, 0xF0, 0x37, 0x77, 0x71, 0x09, 0xF0, 0x57, 0x10,
  0xDE, 0x0D, 0x77, 0x77, 0x20, 0x3F, 0x0B, 0x70, 0x4F, 0x07, 0x77, 0x77, 0x30, 0xCF, 0x02, 0x60,
  0xAF, 0x01, 0x77, 0x77, 0x30, 0x6F, 0x08, 0x50, 0x1F, 0x0B, 0x77, 0x77, 0x40, 0x1F, 0x0E, 0x50,
  0x6F, 0x05, 0x77, 0x77, 0x50, 0xAF, 0x05, 0x40, 0xCE, 0x0E, 0x77, 0x77, 0x60, 0x4F, 0x0B, 0x30,
  0x3F, 0x08, 0x77, 0x77, 0x70, 0xDF, 0x01, 0x20, 0x9F, 0x02, 0x77, 0x77, 0x70, 0x7F, 0x07, 0x20,
  0xEE, 0x0C, 0x80, 0xC0, 0x00, 0x1F, 0x81, 0xD0, 0x6F, 0x06, 0x80, 0xC1, 0x00, 0xBF, 0x04, 0x0C,
  0xE0, 0xE8, 0x0C, 0x20, 0x05, 0xF0, 0xA0,
  // "Â" (U+00C2), RLE, 1659 bytes saved (74.5%)
  0x77, 0x72, 0x04, 0xF0, 0xE0, 0x18, 0x0D, 0x10, 0x0D, 0xF9, 0x0A, 0x80, 0xD0, 0x00, 0x9F, 0xB0,
  0x58, 0x0C, 0x60, 0x05, 0xFC, 0x0E, 0x02, 0x80, 0xC4, 0x00, 0x20, 0xEF, 0xD0, 0xC8, 0x0C, 0x30,
  0x01, 0x0D, 0xFF, 0x0B, 0x80, 0xC2, 0x00, 0xCF, 0x07, 0x0B, 0xF0, 0x88, 0x0C, 0x00, 0x09, 0xF0,
  0x62, 0x0B, 0xF0, 0x67, 0x77, 0x76, 0x07, 0xF0, 0x54, 0x0B, 0xF0, 0x47, 0x77, 0x74, 0x05, 0xE0,
  0xE0, 0x46, 0x09, 0xE0, 0xE0, 0x37, 0x77, 0x72, 0x04, 0xE0, 0xE0, 0x37, 0x10, 0x7E, 0x0E, 0x02,
  0x77, 0x77, 0x03, 0x0E, 0xD0, 0xC0, 0x17, 0x30, 0x50, 0xED, 0x0D, 0x02, 0x77, 0x75, 0x02, 0x0E,
  0xD0, 0x97, 0x60, 0x20, 0xCD, 0x0D, 0x01, 0x77, 0x74, 0x08, 0xC0, 0xE0, 0x57, 0x72, 0x08, 0xD0,
  0x78, 0x0D, 0xD1, 0x00, 0x3F, 0x02, 0x80, 0xD2, 0x00, 0x9F, 0x08, 0x80, 0xD2, 0x00, 0xEF, 0x0E,
  0x80, 0xD1, 0x00, 0x5F, 0xA0, 0x58, 0x0D, 0x00, 0x0B, 0xFA, 0x0B, 0x80, 0xC7, 0x00, 0x2F, 0xC0,
  0x18, 0x0C, 0x60, 0x08, 0xFC, 0x07, 0x80, 0xC6, 0x00, 0xEF, 0xC0, 0xD8, 0x0C, 0x50, 0x05, 0xE0,
  0xDE, 0x04, 0x80, 0xC4, 0x00, 0xBE, 0x05, 0xE0, 0xA8, 0x0C, 0x30, 0x02, 0xE8, 0x1B, 0x0E, 0xE0,
  0x18, 0x0C, 0x20, 0x08, 0xE8, 0x17, 0x0A, 0xE0, 0x78, 0x0C, 0x20, 0x0D, 0xE8, 0x13, 0x05, 0xE0,
  0xD8, 0x0C, 0x10, 0x04, 0xE0, 0xE2, 0x01, 0xF0, 0x38, 0x0C, 0x00, 0x0B, 0xE0, 0xA3, 0x0B, 0xE0,
  0x97, 0x77, 0x77, 0x01, 0xF0, 0x53, 0x06, 0xE0, 0xE0, 0x17, 0x77, 0x76, 0x07, 0xE0, 0xE4, 0x01,
  0xF0, 0x67, 0x77, 0x76, 0x0D, 0xE0, 0xA5, 0x0A, 0xE0, 0xC7, 0x77, 0x75, 0x04, 0xF0, 0x45, 0x05,
  0xF0, 0x37, 0x77, 0x74, 0x0A, 0xE0, 0xD7, 0x0E, 0xE0, 0x97, 0x77, 0x73, 0x01, 0xF0, 0x77, 0x09,
  0xE0, 0xE7, 0x77, 0x73, 0x07, 0xF0, 0x27, 0x03, 0xF0, 0x57, 0x77, 0x72, 0x0D, 0xE0, 0xB7, 0x20,
  0xCE, 0x0C, 0x77, 0x77, 0x10, 0x3F, 0x05, 0x72, 0x06, 0xF0, 0x27, 0x77, 0x70, 0x9E, 0x0E, 0x73,
  0x01, 0xF0, 0x87, 0x77, 0x60, 0x1F, 0x09, 0x74, 0x0A, 0xE0, 0xE7, 0x77, 0x60, 0x6F, 0x03, 0x74,
  0x04, 0xF0, 0x57, 0x77, 0x50, 0xCE, 0x0D, 0x76, 0x0E, 0xE0, 0xB7, 0x77, 0x40, 0x3F, 0x07, 0x76,
  0x08, 0xF0, 0x27, 0x77, 0x30, 0x9F, 0x01, 0x76, 0x02, 0xF0, 0x87, 0x77, 0x30, 0xEE, 0x0A, 0x77,
  0x10, 0xCE, 0x0D, 0x77, 0x72, 0x06, 0xF0, 0x57, 0x71, 0x06, 0xF0, 0x47, 0x77, 0x10, 0xCE, 0x0E,
  0x77, 0x20, 0x1F, 0x0A, 0x77, 0x70, 0x2F, 0x08, 0x77, 0x30, 0xAF, 0x01, 0x77, 0x60, 0x8F, 0x02,
  0x77, 0x30, 0x4F, 0x07, 0x77, 0x60, 0xEE, 0x0D, 0x80, 0x97, 0x4F, 0x0D, 0x77, 0x50, 0x5F, 0xFF,
  0xFF, 0x04, 0x77, 0x40, 0xBF, 0xFF, 0xFF, 0x0A, 0x77, 0x30, 0x28, 0x0C, 0x1F, 0x01, 0x77, 0x20,
  0x88, 0x0C, 0x1F, 0x06, 0x77, 0x20, 0xE8, 0x0C, 0x1F, 0x0C, 0x77, 0x10, 0x58, 0x0C, 0x3F, 0x03,
  0x77, 0x0B, 0xE0, 0xE7, 0x77, 0x30, 0x5F, 0x09, 0x76, 0x01, 0xF0, 0x87, 0x77, 0x40, 0xEE, 0x0E,
  0x76, 0x07, 0xF0, 0x27, 0x77, 0x40, 0x8F, 0x06, 0x75, 0x0D, 0xE0, 0xC7, 0x77, 0x50, 0x2F, 0x0C,
  0x74, 0x04, 0xF0, 0x67, 0x77, 0x60, 0xCF, 0x02, 0x73, 0x0A, 0xE0, 0xE7, 0x77, 0x70, 0x6F, 0x09,
  0x72, 0x01, 0xF0, 0x97, 0x77, 0x71, 0x0E, 0xE0, 0xE7, 0x20, 0x7F, 0x03, 0x77, 0x77, 0x10, 0x9F,
  0x05, 0x71, 0x0D, 0xE0, 0xD7, 0x77, 0x72, 0x03, 0xF0, 0xB7, 0x04, 0xF0, 0x77, 0x77, 0x73, 0x0C,
  0xF0, 0x26, 0x0A, 0xF0, 0x17, 0x77, 0x73, 0x06, 0xF0, 0x85, 0x01, 0xF0, 0xB7, 0x77, 0x74, 0x01,
  0xF0, 0xE5, 0x06, 0xF0, 0x57, 0x77, 0x75, 0x0A, 0xF0, 0x54, 0x0C, 0xE0, 0xE7, 0x77, 0x76, 0x04,
  0xF0, 0xB3, 0x03, 0xF0, 0x87, 0x77, 0x77, 0x0D, 0xF0, 0x12, 0x09, 0xF0, 0x27, 0x77, 0x77, 0x07,
  0xF0, 0x72, 0x0E, 0xE0, 0xC8, 0x0C, 0x00, 0x01, 0xF8, 0x1D, 0x06, 0xF0, 0x68, 0x0C, 0x10, 0x0B,
  0xF0, 0x40, 0xCE, 0x0E, 0x80, 0xC2, 0x00, 0x5F, 0x0A,
  // "Ã" (U+00C3), RLE, 1579 bytes saved (73.6%)
  0x77, 0x38, 0x65, 0xAD, 0xEE, 0xDA, 0x57, 0x60, 0x7B, 0x0E, 0x77, 0x76, 0x02, 0x0C, 0xF9, 0x0D,
  0x06, 0x74, 0x0C, 0xB0, 0xB7, 0x77, 0x50, 0x20, 0xEF, 0xC0, 0xC0, 0x47, 0x10, 0x4C, 0x08, 0x77,
  0x74, 0x01, 0x0D, 0xFF, 0x0B, 0x03, 0x50, 0x10, 0xDC, 0x04, 0x77, 0x74, 0x09, 0xFF, 0xB8, 0x4C,
  0x74, 0x58, 0xEC, 0x0E, 0x77, 0x74, 0x02, 0xFF, 0xFF, 0x08, 0x77, 0x74, 0x08, 0xD8, 0x4B, 0x64,
  0x59, 0xEF, 0xFA, 0x0E, 0x01, 0x77, 0x74, 0x0D, 0xC0, 0x76, 0x07, 0x0E, 0xFF, 0x06, 0x77, 0x74,
  0x02, 0xC0, 0xB7, 0x18, 0x11, 0x8E, 0xFC, 0x08, 0x77, 0x75, 0x05, 0xC0, 0x47, 0x30, 0x10, 0x9F,
  0x90, 0xE0, 0x77, 0x77, 0x60, 0x7B, 0x0E, 0x76, 0x87, 0x17, 0xBE, 0xFE, 0xC7, 0x18, 0x0D, 0xD6,
  0x00, 0x3F, 0x02, 0x80, 0xD2, 0x00, 0x9F, 0x08, 0x80, 0xD2, 0x00, 0xEF, 0x0E, 0x80, 0xD1, 0x00,
  0x5F, 0xA0, 0x58, 0x0D, 0x00, 0x0B, 0xFA, 0x0B, 0x80, 0xC7, 0x00, 0x2F, 0xC0, 0x18, 0x0C, 0x60,
  0x08, 0xFC, 0x07, 0x80, 0xC6, 0x00, 0xEF, 0xC0, 0xD8, 0x0C, 0x50, 0x05, 0xE0, 0xDE, 0x04, 0x80,
  0xC4, 0x00, 0xBE, 0x05, 0xE0, 0xA8, 0x0C, 0x30, 0x02, 0xE8, 0x1B, 0x0E, 0xE0, 0x18, 0x0C, 0x20,
  0x08, 0xE8, 0x17, 0x0A, 0xE0, 0x78, 0x0C, 0x20, 0x0D, 0xE8, 0x13, 0x05, 0xE0, 0xD8, 0x0C, 0x10,
  0x04, 0xE0, 0xE2, 0x01, 0xF0, 0x38, 0x0C, 0x00, 0x0B, 0xE0, 0xA3, 0x0B, 0xE0, 0x97, 0x77, 0x77,
  0x01, 0xF0, 0x53, 0x06, 0xE0, 0xE0, 0x17, 0x77, 0x76, 0x07, 0xE0, 0xE4, 0x01, 0xF0, 0x67, 0x77,
  0x76, 0x0D, 0xE0, 0xA5, 0x0A, 0xE0, 0xC7, 0x77, 0x75, 0x04, 0xF0, 0x45, 0x05, 0xF0, 0x37, 0x77,
  0x74, 0x0A, 0xE0, 0xD7, 0x0E, 0xE0, 0x97, 0x77, 0x73, 0x01, 0xF0, 0x77, 0x09, 0xE0, 0xE7, 0x77,
  0x73, 0x07, 0xF0, 0x27, 0x03, 0xF0, 0x57, 0x77, 0x72, 0x0D, 0xE0, 0xB7, 0x20, 0xCE, 0x0C, 0x77,
  0x77, 0x10, 0x3F, 0x05, 0x72, 0x06, 0xF0, 0x27, 0x77, 0x70, 0x9E, 0x0E, 0x73, 0x01, 0xF0, 0x87,
  0x77, 0x60, 0x1F, 0x09, 0x74, 0x0A, 0xE0, 0xE7, 0x77, 0x60, 0x6F, 0x03, 0x74, 0x04, 0xF0, 0x57,
  0x77, 0x50, 0xCE, 0x0D, 0x76, 0x0E, 0xE0, 0xB7, 0x77, 0x40, 0x3F, 0x07, 0x76, 0x08, 0xF0, 0x27,
  0x77, 0x30, 0x9F, 0x01, 0x76, 0x02, 0xF0, 0x87, 0x77, 0x30, 0xEE, 0x0A, 0x77, 0x10, 0xCE, 0x0D,
  0x77, 0x72, 0x06, 0xF0, 0x57, 0x71, 0x06, 0xF0, 0x47, 0x77, 0x10, 0xCE, 0x0E, 0x77, 0x20, 0x1F,
  0x0A, 0x77, 0x70, 0x2F, 0x08, 0x77, 0x30, 0xAF, 0x01, 0x77, 0x60, 0x8F, 0x02, 0x77, 0x30, 0x4F,
  0x07, 0x77, 0x60, 0xEE, 0x0D, 0x80, 0x97, 0x4F, 0x0D, 0x77, 0x50, 0x5F, 0xFF, 0xFF, 0x04, 0x77,
  0x40, 0xBF, 0xFF, 0xFF, 0x0A, 0x77, 0x30, 0x28, 0x0C, 0x1F, 0x01, 0x77, 0x20, 0x88, 0x0C, 0x1F,
  0x06, 0x77, 0x20, 0xE8, 0x0C, 0x1F, 0x0C, 0x77, 0x10, 0x58, 0x0C, 0x3F, 0x03, 0x77, 0x0B, 0xE0,
  0xE7, 0x77, 0x30, 0x5F, 0x09, 0x76, 0x01, 0xF0, 0x87, 0x77, 0x40, 0xEE, 0x0E, 0x76, 0x07, 0xF0,
  0x27, 0x77, 0x40, 0x8F, 0x06, 0x75, 0x0D, 0xE0, 0xC7, 0x77, 0x50, 0x2F, 0x0C, 0x74, 0x04, 0xF0,
  0x67, 0x77, 0x60, 0xCF, 0x02, 0x73, 0x0A, 0xE0, 0xE7, 0x77, 0x70, 0x6F, 0x09, 0x72, 0x01, 0xF0,
  0x97, 0x77, 0x71, 0x0E, 0xE0, 0xE7, 0x20, 0x7F, 0x03, 0x77, 0x77, 0x10, 0x9F, 0x05, 0x71, 0x0D,
  0xE0, 0xD7, 0x77, 0x72, 0x03, 0xF0, 0xB7, 0x04, 0xF0, 0x77, 0x77, 0x73, 0x0C, 0xF0, 0x26, 0x0A,
  0xF0, 0x17, 0x77, 0x73, 0x06, 0xF0, 0x85, 0x01, 0xF0, 0xB7, 0x77, 0x74, 0x01, 0xF0, 0xE5, 0x06,
  0xF0, 0x57, 0x77, 0x75, 0x0A, 0xF0, 0x54, 0x0C, 0xE0, 0xE7, 0x77, 0x76, 0x04, 0xF0, 0xB3, 0x03,
  0xF0, 0x87, 0x77, 0x77, 0x0D, 0xF0, 0x12, 0x09, 0xF0, 0x27, 0x77, 0x77, 0x07, 0xF0, 0x72, 0x0E,
  0xE0, 0xC8, 0x0C, 0x00, 0x01, 0xF8, 0x1D, 0x06, 0xF0, 0x68, 0x0C, 0x10, 0x0B, 0xF0, 0x40, 0xCE,
  0x0E, 0x80, 0xC2, 0x00, 0x5F, 0x0A,
  // "Ä" (U+00C4), RLE, 1603 bytes saved (74.7%)
  0x77, 0x28, 0x44, 0xBF, 0xEA, 0x27, 0x38, 0x43, 0xBE, 0xEA, 0x27, 0x77, 0x74, 0x05, 0xD0, 0xE0,
  0x17, 0x10, 0x3D, 0x0E, 0x02, 0x77, 0x77, 0x30, 0xDE, 0x09, 0x71, 0x0B, 0xE0, 0xA7, 0x77, 0x72,
  0x01, 0xF0, 0xC7, 0x10, 0xEE, 0x0E, 0x77, 0x77, 0x20, 0x2F, 0x0D, 0x71, 0xF0, 0xE7, 0x77, 0x72,
  0x01, 0xF0, 0xC7, 0x10, 0xEE, 0x0D, 0x77, 0x77, 0x30, 0xDE, 0x08, 0x71, 0x0A, 0xE0, 0x97, 0x77,
  0x73, 0x04, 0xD0, 0xD0, 0x17, 0x10, 0x20, 0xEC, 0x0E, 0x02, 0x77, 0x77, 0x48, 0x43, 0xBF, 0xE9,
  0x17, 0x38, 0x43, 0xBE, 0xEA, 0x28, 0x0F, 0xB4, 0x00, 0x3F, 0x02, 0x80, 0xD2, 0x00, 0x9F, 0x08,
  0x80, 0xD2, 0x00, 0xEF, 0x0E, 0x80, 0xD1, 0x00, 0x5F, 0xA0, 0x58, 0x0D, 0x00, 0x0B, 0xFA, 0x0B,
  0x80, 0xC7, 0x00, 0x2F, 0xC0, 0x18, 0x0C, 0x60, 0x08, 0xFC, 0x07, 0x80, 0xC6, 0x00, 0xEF, 0xC0,
  0xD8, 0x0C, 0x50, 0x05, 0xE0, 0xDE, 0x04, 0x80, 0xC4, 0x00, 0xBE, 0x05, 0xE0, 0xA8, 0x0C, 0x30,
  0x02, 0xE8, 0x1B, 0x0E, 0xE0, 0x18, 0x0C, 0x20, 0x08, 0xE8, 0x17, 0x0A, 0xE0, 0x78, 0x0C, 0x20,
  0x0D, 0xE8, 0x13, 0x05, 0xE0, 0xD8, 0x0C, 0x10, 0x04, 0xE0, 0xE2, 0x01, 0xF0, 0x38, 0x0C, 0x00,
  0x0B, 0xE0, 0xA3, 0x0B, 0xE0, 0x97, 0x77, 0x77, 0x01, 0xF0, 0x53, 0x06, 0xE0, 0xE0, 0x17, 0x77,
  0x76, 0x07, 0xE0, 0xE4, 0x01, 0xF0, 0x67, 0x77, 0x76, 0x0D, 0xE0, 0xA5, 0x0A, 0xE0, 0xC7, 0x77,
  0x75, 0x04, 0xF0, 0x45, 0x05, 0xF0, 0x37, 0x77, 0x74, 0x0A, 0xE0, 0xD7, 0x0E, 0xE0, 0x97, 0x77,
  0x73, 0x01, 0xF0, 0x77, 0x09, 0xE0, 0xE7, 0x77, 0x73, 0x07, 0xF0, 0x27, 0x03, 0xF0, 0x57, 0x77,
  0x72, 0x0D, 0xE0, 0xB7, 0x20, 0xCE, 0x0C, 0x77, 0x77, 0x10, 0x3F, 0x05, 0x72, 0x06, 0xF0, 0x27,
  0x77, 0x70, 0x9E, 0x0E, 0x73, 0x01, 0xF0, 0x87, 0x77, 0x60, 0x1F, 0x09, 0x74, 0x0A, 0xE0, 0xE7,
  0x77, 0x60, 0x6F, 0x03, 0x74, 0x04, 0xF0, 0x57, 0x77, 0x50, 0xCE, 0x0D, 0x76, 0x0E, 0xE0, 0xB7,
  0x77, 0x40, 0x3F, 0x07, 0x76, 0x08, 0xF0, 0x27, 0x77, 0x30, 0x9F, 0x01, 0x76, 0x02, 0xF0, 0x87,
  0x77, 0x30, 0xEE, 0x0A, 0x77, 0x10, 0xCE, 0x0D, 0x77, 0x72, 0x06, 0xF0, 0x57, 0x71, 0x06, 0xF0,
  0x47, 0x77, 0x10, 0xCE, 0x0E, 0x77, 0x20, 0x1F, 0x0A, 0x77, 0x70, 0x2F, 0x08, 0x77, 0x30, 0xAF,
  0x01, 0x77, 0x60, 0x8F, 0x02, 0x77, 0x30, 0x4F, 0x07, 0x77, 0x60, 0xEE, 0x0D, 0x80, 0x97, 0x4F,
  0x0D, 0x77, 0x50, 0x5F, 0xFF, 0xFF, 0x04, 0x77, 0x40, 0xBF, 0xFF, 0xFF, 0x0A, 0x77, 0x30, 0x28,
  0x0C, 0x1F, 0x01, 0x77, 0x20, 0x88, 0x0C, 0x1F, 0x06, 0x77, 0x20, 0xE8, 0x0C, 0x1F, 0x0C, 0x77,
  0x10, 0x58, 0x0C, 0x3F, 0x03, 0x77, 0x0B, 0xE0, 0xE7, 0x77, 0x30, 0x5F, 0x09, 0x76, 0x01, 0xF0,
  0x87, 0x77, 0x40, 0xEE, 0x0E, 0x76, 0x07, 0xF0, 0x27, 0x77, 0x40, 0x8F, 0x06, 0x75, 0x0D, 0xE0,
  0xC7, 0x77, 0x50, 0x2F, 0x0C, 0x74, 0x04, 0xF0, 0x67, 0x77, 0x60, 0xCF, 0x02, 0x73, 0x0A, 0xE0,
  0xE7, 0x77, 0x70, 0x6F, 0x09, 0x72, 0x01, 0xF0, 0x97, 0x77, 0x71, 0x0E, 0xE0, 0xE7, 0x20, 0x7F,
  0x03, 0x77, 0x77, 0x10, 0x9F, 0x05, 0x71, 0x0D, 0xE0, 0xD7, 0x77, 0x72, 0x03, 0xF0, 0xB7, 0x04,
  0xF0, 0x77, 0x77, 0x73, 0x0C, 0xF0, 0x26, 0x0A, 0xF0, 0x17, 0x77, 0x73, 0x06, 0xF0, 0x85, 0x01,
  0xF0, 0xB7, 0x77, 0x74, 0x01, 0xF0, 0xE5, 0x06, 0xF0, 0x57, 0x77, 0x75, 0x0A, 0xF0, 0x54, 0x0C,
  0xE0, 0xE7, 0x77, 0x76, 0x04, 0xF0, 0xB3, 0x03, 0xF0, 0x87, 0x77, 0x77, 0x0D, 0xF0, 0x12, 0x09,
  0xF0, 0x27, 0x77, 0x77, 0x07, 0xF0, 0x72, 0x0E, 0xE0, 0xC8, 0x0C, 0x00, 0x01, 0xF8, 0x1D, 0x06,
  0xF0, 0x68, 0x0C, 0x10, 0x0B, 0xF0, 0x40, 0xCE, 0x0E, 0x80, 0xC2, 0x00, 0x5F, 0x0A,
  // "Å" (U+00C5), RLE, 1490 bytes saved (72.2%)
  0x77, 0x71, 0x87, 0x28, 0xBD, 0xFE, 0xDA, 0x68, 0x0D, 0x00, 0x01, 0x0A, 0xFA, 0x0E, 0x06, 0x80,
  0xC5, 0x00, 0x20, 0xEF, 0xD0, 0xA8, 0x0C, 0x30, 0x01, 0x0D, 0xFF, 0x0A, 0x80, 0xC2, 0x00, 0x8D,
  0x84, 0x82, 0x01, 0x4B, 0xD0, 0x48, 0x0C, 0x10, 0xD0, 0x46, 0x09, 0xC0, 0xB8, 0x0C, 0x00, 0x04,
  0xC0, 0x87, 0x10, 0xDC, 0x01, 0x77, 0x77, 0x70, 0x7C, 0x02, 0x71, 0x08, 0xC0, 0x37, 0x77, 0x77,
  0x08, 0xC7, 0x20, 0x6C, 0x05, 0x77, 0x77, 0x70, 0x8C, 0x72, 0x06, 0xC0, 0x47, 0x77, 0x77, 0x06,
  0xC0, 0x27, 0x10, 0x8C, 0x03, 0x77, 0x77, 0x70, 0x4C, 0x07, 0x71, 0x0D, 0xC8, 0x0C, 0x10, 0x0E,
  0xB0, 0xE0, 0x26, 0x09, 0xC0, 0xB8, 0x0C, 0x10, 0x08, 0xC8, 0x1E, 0x72, 0x20, 0x40, 0xBD, 0x04,
  0x80, 0xC1, 0x00, 0x10, 0xDF, 0xF0, 0x98, 0x0C, 0x30, 0x02, 0x0D, 0xFD, 0x0A, 0x80, 0xC5, 0x00,
  0x10, 0xAF, 0xB0, 0x78, 0x0D, 0x00, 0x08, 0xFA, 0x05, 0x80, 0xD0, 0x00, 0xBF, 0xA0, 0xB8, 0x0C,
  0x70, 0x02, 0xFC, 0x01, 0x80, 0xC6, 0x00, 0x8F, 0xC0, 0x78, 0x0C, 0x60, 0x0E, 0xFC, 0x0D, 0x80,
  0xC5, 0x00, 0x5E, 0x0D, 0xE0, 0x48, 0x0C, 0x40, 0x0B, 0xE0, 0x5E, 0x0A, 0x80, 0xC3, 0x00, 0x2E,
  0x81, 0xB0, 0xEE, 0x01, 0x80, 0xC2, 0x00, 0x8E, 0x81, 0x70, 0xAE, 0x07, 0x80, 0xC2, 0x00, 0xDE,
  0x81, 0x30, 0x5E, 0x0D, 0x80, 0xC1, 0x00, 0x4E, 0x0E, 0x20, 0x1F, 0x03, 0x80, 0xC0, 0x00, 0xBE,
  0x0A, 0x30, 0xBE, 0x09, 0x77, 0x77, 0x70, 0x1F, 0x05, 0x30, 0x6E, 0x0E, 0x01, 0x77, 0x77, 0x60,
  0x7E, 0x0E, 0x40, 0x1F, 0x06, 0x77, 0x77, 0x60, 0xDE, 0x0A, 0x50, 0xAE, 0x0C, 0x77, 0x77, 0x50,
  0x4F, 0x04, 0x50, 0x5F, 0x03, 0x77, 0x77, 0x40, 0xAE, 0x0D, 0x70, 0xEE, 0x09, 0x77, 0x77, 0x30,
  0x1F, 0x07, 0x70, 0x9E, 0x0E, 0x77, 0x77, 0x30, 0x7F, 0x02, 0x70, 0x3F, 0x05, 0x77, 0x77, 0x20,
  0xDE, 0x0B, 0x72, 0x0C, 0xE0, 0xC7, 0x77, 0x71, 0x03, 0xF0, 0x57, 0x20, 0x6F, 0x02, 0x77, 0x77,
  0x09, 0xE0, 0xE7, 0x30, 0x1F, 0x08, 0x77, 0x76, 0x01, 0xF0, 0x97, 0x40, 0xAE, 0x0E, 0x77, 0x76,
  0x06, 0xF0, 0x37, 0x40, 0x4F, 0x05, 0x77, 0x75, 0x0C, 0xE0, 0xD7, 0x60, 0xEE, 0x0B, 0x77, 0x74,
  0x03, 0xF0, 0x77, 0x60, 0x8F, 0x02, 0x77, 0x73, 0x09, 0xF0, 0x17, 0x60, 0x2F, 0x08, 0x77, 0x73,
  0x0E, 0xE0, 0xA7, 0x71, 0x0C, 0xE0, 0xD7, 0x77, 0x20, 0x6F, 0x05, 0x77, 0x10, 0x6F, 0x04, 0x77,
  0x71, 0x0C, 0xE0, 0xE7, 0x72, 0x01, 0xF0, 0xA7, 0x77, 0x02, 0xF0, 0x87, 0x73, 0x0A, 0xF0, 0x17,
  0x76, 0x08, 0xF0, 0x27, 0x73, 0x04, 0xF0, 0x77, 0x76, 0x0E, 0xE0, 0xD8, 0x09, 0x74, 0xF0, 0xD7,
  0x75, 0x05, 0xFF, 0xFF, 0xF0, 0x47, 0x74, 0x0B, 0xFF, 0xFF, 0xF0, 0xA7, 0x73, 0x02, 0x80, 0xC1,
  0xF0, 0x17, 0x72, 0x08, 0x80, 0xC1, 0xF0, 0x67, 0x72, 0x0E, 0x80, 0xC1, 0xF0, 0xC7, 0x71, 0x05,
  0x80, 0xC3, 0xF0, 0x37, 0x70, 0xBE, 0x0E, 0x77, 0x73, 0x05, 0xF0, 0x97, 0x60, 0x1F, 0x08, 0x77,
  0x74, 0x0E, 0xE0, 0xE7, 0x60, 0x7F, 0x02, 0x77, 0x74, 0x08, 0xF0, 0x67, 0x50, 0xDE, 0x0C, 0x77,
  0x75, 0x02, 0xF0, 0xC7, 0x40, 0x4F, 0x06, 0x77, 0x76, 0x0C, 0xF0, 0x27, 0x30, 0xAE, 0x0E, 0x77,
  0x77, 0x06, 0xF0, 0x97, 0x20, 0x1F, 0x09, 0x77, 0x77, 0x10, 0xEE, 0x0E, 0x72, 0x07, 0xF0, 0x37,
  0x77, 0x71, 0x09, 0xF0, 0x57, 0x10, 0xDE, 0x0D, 0x77, 0x77, 0x20, 0x3F, 0x0B, 0x70, 0x4F, 0x07,
  0x77, 0x77, 0x30, 0xCF, 0x02, 0x60, 0xAF, 0x01, 0x77, 0x77, 0x30, 0x6F, 0x08, 0x50, 0x1F, 0x0B,
  0x77, 0x77, 0x40, 0x1F, 0x0E, 0x50, 0x6F, 0x05, 0x77, 0x77, 0x50, 0xAF, 0x05, 0x40, 0xCE, 0x0E,
  0x77, 0x77, 0x60, 0x4F, 0x0B, 0x30, 0x3F, 0x08, 0x77, 0x77, 0x70, 0xDF, 0x01, 0x20, 0x9F, 0x02,
  0x77, 0x77, 0x70, 0x7F, 0x07, 0x20, 0xEE, 0x0C, 0x80, 0xC0, 0x00, 0x1F, 0x81, 0xD0, 0x6F, 0x06,
  0x80, 0xC1, 0x00, 0xBF, 0x04, 0x0C, 0xE0, 0xE8, 0x0C, 0x20, 0x05, 0xF0, 0xA0,
  // "Æ" (U+00C6), RLE, 1637 bytes saved (75.6%)
  0x77, 0x77, 0x02, 0x80, 0xC5, 0xF0, 0x97, 0x77, 0x70, 0xA8, 0x0C, 0x5F, 0x09, 0x77, 0x76, 0x02,
  0x80, 0xC6, 0xF0, 0x97, 0x77, 0x60, 0x98, 0x0C, 0x6F, 0x09, 0x77, 0x75, 0x01, 0x80, 0xC7, 0xF0,
  0x97, 0x77, 0x50, 0x88, 0x0C, 0x7F, 0x09, 0x77, 0x74, 0x01, 0x0E, 0xE8, 0x49, 0x44, 0x44, 0x8F,
  0x08, 0x80, 0xA3, 0x40, 0x27, 0x77, 0x40, 0x8F, 0x01, 0x40, 0x6F, 0x05, 0x80, 0xD5, 0x00, 0xEE,
  0x09, 0x50, 0x6F, 0x05, 0x80, 0xD4, 0x00, 0x7F, 0x02, 0x50, 0x6F, 0x05, 0x80, 0xD4, 0x00, 0xEE,
  0x0A, 0x60, 0x6F, 0x05, 0x80, 0xD3, 0x00, 0x6F, 0x03, 0x60, 0x6F, 0x05, 0x80, 0xD3, 0x00, 0xDE,
  0x0B, 0x70, 0x6F, 0x05, 0x80, 0xD2, 0x00, 0x6F, 0x04, 0x70, 0x6F, 0x05, 0x80, 0xD2, 0x00, 0xDE,
  0x0D, 0x71, 0x06, 0xF0, 0x58, 0x0D, 0x10, 0x05, 0xF0, 0x67, 0x10, 0x6F, 0x05, 0x80, 0xD1, 0x00,
  0xCE, 0x0E, 0x72, 0x06, 0xF0, 0x58, 0x0D, 0x00, 0x04, 0xF0, 0x77, 0x20, 0x6F, 0x05, 0x80, 0xD0,
  0x00, 0xCE, 0x0E, 0x01, 0x72, 0x06, 0xF0, 0x58, 0x0C, 0x70, 0x04, 0xF0, 0x87, 0x30, 0x6F, 0x05,
  0x80, 0xC7, 0x00, 0xBF, 0x01, 0x73, 0x06, 0xF0, 0x58, 0x0C, 0x60, 0x03, 0xF0, 0x97, 0x40, 0x6F,
  0x05, 0x80, 0xC6, 0x00, 0xAF, 0x02, 0x74, 0x06, 0xF0, 0x58, 0x0C, 0x50, 0x02, 0xF0, 0xB7, 0x50,
  0x6F, 0x05, 0x80, 0xC5, 0x00, 0xAF, 0x04, 0x75, 0x06, 0xF0, 0x58, 0x0C, 0x40, 0x02, 0xF0, 0xC7,
  0x60, 0x6F, 0x08, 0x80, 0xA2, 0x47, 0x74, 0x09, 0xF0, 0x57, 0x60, 0x6F, 0xFF, 0xFA, 0x77, 0x30,
  0x1F, 0x0D, 0x77, 0x06, 0xFF, 0xFF, 0xA7, 0x73, 0x08, 0xF0, 0x67, 0x70, 0x6F, 0xFF, 0xFA, 0x77,
  0x20, 0x10, 0xEE, 0x0E, 0x77, 0x10, 0x6F, 0xFF, 0xFA, 0x77, 0x20, 0x8F, 0x08, 0x77, 0x10, 0x6F,
  0xFF, 0xFA, 0x77, 0x20, 0xEF, 0x01, 0x77, 0x10, 0x6F, 0xFF, 0xFA, 0x77, 0x10, 0x7F, 0x09, 0x77,
  0x20, 0x6F, 0x05, 0x80, 0xC1, 0x00, 0xEF, 0x02, 0x77, 0x20, 0x6F, 0x05, 0x80, 0xC0, 0x00, 0x6F,
  0x0A, 0x77, 0x30, 0x6F, 0x05, 0x80, 0xC0, 0x00, 0xDF, 0x07, 0x80, 0x95, 0x40, 0x8F, 0x05, 0x77,
  0x77, 0x70, 0x5F, 0xFF, 0xFE, 0x05, 0x77, 0x77, 0x70, 0xDF, 0xFF, 0xFE, 0x05, 0x77, 0x77, 0x60,
  0x5F, 0xFF, 0xFF, 0x05, 0x77, 0x77, 0x60, 0xCF, 0xFF, 0xFF, 0x05, 0x77, 0x77, 0x50, 0x48, 0x0C,
  0x0F, 0x05, 0x77, 0x77, 0x50, 0xB8, 0x0C, 0x0F, 0x05, 0x77, 0x77, 0x40, 0x3F, 0x0D, 0x77, 0x70,
  0x6F, 0x05, 0x77, 0x77, 0x40, 0xBF, 0x05, 0x77, 0x70, 0x6F, 0x05, 0x77, 0x77, 0x30, 0x3F, 0x0D,
  0x77, 0x71, 0x06, 0xF0, 0x57, 0x77, 0x73, 0x0A, 0xF0, 0x67, 0x77, 0x10, 0x6F, 0x05, 0x77, 0x77,
  0x20, 0x2F, 0x0D, 0x77, 0x72, 0x06, 0xF0, 0x57, 0x77, 0x72, 0x09, 0xF0, 0x67, 0x77, 0x20, 0x6F,
  0x05, 0x77, 0x77, 0x10, 0x2F, 0x0E, 0x77, 0x73, 0x06, 0xF0, 0x57, 0x77, 0x71, 0x09, 0xF0, 0x77,
  0x77, 0x30, 0x6F, 0x05, 0x77, 0x77, 0x01, 0xF0, 0xE7, 0x77, 0x40, 0x6F, 0x05, 0x77, 0x77, 0x08,
  0xF0, 0x77, 0x77, 0x40, 0x6F, 0x05, 0x77, 0x76, 0x01, 0x0E, 0xE0, 0xE0, 0x17, 0x77, 0x40, 0x6F,
  0x05, 0x77, 0x76, 0x07, 0xF0, 0x87, 0x77, 0x50, 0x6F, 0x05, 0x77, 0x76, 0x0E, 0xE0, 0xE0, 0x17,
  0x77, 0x50, 0x6F, 0x08, 0x80, 0xA3, 0x40, 0x22, 0x07, 0xF0, 0x87, 0x77, 0x60, 0x6F, 0xFF, 0xFB,
  0x09, 0x20, 0xEF, 0x01, 0x77, 0x76, 0x06, 0xFF, 0xFF, 0xB8, 0x19, 0x06, 0xF0, 0x97, 0x77, 0x70,
  0x6F, 0xFF, 0xFB, 0x81, 0x90, 0xDF, 0x02, 0x77, 0x77, 0x06, 0xFF, 0xFF, 0xB0, 0x90, 0x5F, 0x09,
  0x77, 0x77, 0x10, 0x6F, 0xFF, 0xFB, 0x09, 0x0D, 0xF0, 0x27, 0x77, 0x71, 0x06, 0xFF, 0xFF, 0xB0,
  0x90,
  // "Ç" (U+00C7), RLE, 1422 bytes saved (72.9%)
  0x77, 0x78, 0x61, 0x46, 0x9B, 0xCD, 0xEA, 0x86, 0xED, 0xCB, 0x97, 0x53, 0x77, 0x75, 0x81, 0x27,
  0xDF, 0xFD, 0x81, 0xB7, 0x37, 0x76, 0x06, 0x0D, 0xFF, 0xFC, 0x81, 0xD7, 0x17, 0x71, 0x06, 0x0D,
  0xFF, 0xFF, 0xA0, 0x67, 0x50, 0x30, 0xDF, 0xFF, 0xFC, 0x02, 0x74, 0x07, 0xFF, 0xFF, 0xD0, 0xA7,
  0x40, 0xBF, 0xE8, 0x92, 0xC9, 0x75, 0x54, 0x45, 0x68, 0xBE, 0xFA, 0x02, 0x73, 0x0B, 0xFC, 0x81,
  0xB5, 0x17, 0x58, 0x12, 0x6C, 0xD0, 0xA7, 0x20, 0x10, 0xCF, 0xB0, 0x90, 0x27, 0x74, 0x81, 0x27,
  0xDA, 0x03, 0x72, 0x0B, 0xFA, 0x0D, 0x03, 0x77, 0x72, 0x04, 0x08, 0x72, 0x07, 0xFA, 0x0A, 0x77,
  0x77, 0x70, 0x4F, 0xA0, 0x88, 0x0C, 0x00, 0x0D, 0xF9, 0x09, 0x80, 0xC0, 0x00, 0x7F, 0x90, 0xB8,
  0x0C, 0x00, 0x01, 0x0E, 0xF0, 0xD0, 0x18, 0x0C, 0x00, 0x08, 0xF9, 0x05, 0x80, 0xC1, 0x00, 0xEF,
  0x0B, 0x80, 0xC1, 0x00, 0x5F, 0x90, 0x38, 0x0C, 0x10, 0x0B, 0xF0, 0xB8, 0x0C, 0x20, 0xF9, 0x05,
  0x80, 0xC1, 0x00, 0x4F, 0x98, 0x0C, 0x20, 0x09, 0xF0, 0xB8, 0x0C, 0x20, 0x0D, 0xF0, 0x78, 0x0C,
  0x20, 0xF9, 0x03, 0x80, 0xC1, 0x00, 0x2F, 0x98, 0x0C, 0x20, 0x05, 0xF0, 0xD8, 0x0C, 0x20, 0x07,
  0xF0, 0xB8, 0x0C, 0x20, 0x08, 0xF0, 0x98, 0x0C, 0x20, 0x09, 0xF0, 0x88, 0x0C, 0x20, 0x0A, 0xF0,
  0x78, 0x0C, 0x20, 0x0B, 0xF0, 0x78, 0x0C, 0x20, 0x0B, 0xF0, 0x68, 0x0C, 0x20, 0x0B, 0xF0, 0x78,
  0x0C, 0x20, 0x0A, 0xF0, 0x78, 0x0C, 0x20, 0x09, 0xF0, 0x88, 0x0C, 0x20, 0x09, 0xF0, 0x98, 0x0C,
  0x20, 0x07, 0xF0, 0xA8, 0x0C, 0x20, 0x05, 0xF0, 0xC8, 0x0C, 0x20, 0x03, 0xF9, 0x80, 0xC2, 0x00,
  0x1F, 0x90, 0x28, 0x0C, 0x20, 0x0E, 0xF0, 0x68, 0x0C, 0x20, 0x0A, 0xF0, 0x98, 0x0C, 0x20, 0x07,
  0xF0, 0xE8, 0x0C, 0x20, 0x03, 0xF9, 0x04, 0x80, 0xC2, 0x00, 0xEF, 0x09, 0x80, 0xC2, 0x00, 0x9F,
  0x90, 0x18, 0x0C, 0x10, 0x03, 0xF9, 0x08, 0x80, 0xC2, 0x00, 0xDF, 0x90, 0x18, 0x0C, 0x10, 0x06,
  0xF9, 0x0A, 0x80, 0xC2, 0x00, 0xDF, 0x90, 0x68, 0x0C, 0x10, 0x05, 0xFA, 0x03, 0x80, 0xC1, 0x00,
  0xCF, 0x90, 0xE0, 0x28, 0x0C, 0x00, 0x02, 0x0E, 0xF9, 0x0E, 0x04, 0x80, 0xC0, 0x00, 0x6F, 0xB0,
  0x88, 0x0C, 0x00, 0x09, 0xFB, 0x0D, 0x06, 0x77, 0x71, 0x81, 0x37, 0x27, 0x30, 0x9F, 0xC8, 0x1D,
  0x83, 0x77, 0x18, 0x23, 0x7A, 0xEA, 0x04, 0x74, 0x09, 0xFE, 0x89, 0x4E, 0xB9, 0x75, 0x54, 0x45,
  0x67, 0x9B, 0xDF, 0x04, 0x75, 0x07, 0xFF, 0xFF, 0xD0, 0x47, 0x60, 0x30, 0xDF, 0xFF, 0xFB, 0x04,
  0x77, 0x10, 0x70, 0xEF, 0xFF, 0xF9, 0x04, 0x77, 0x28, 0x11, 0x8E, 0xFF, 0xFD, 0x0E, 0x03, 0x77,
  0x58, 0x14, 0x9E, 0xFF, 0xE8, 0x1C, 0x83, 0x77, 0x73, 0x83, 0x25, 0x7A, 0xDE, 0x86, 0xED, 0xDB,
  0xA8, 0x63, 0x77, 0x77, 0x40, 0x7C, 0x07, 0x80, 0xC4, 0x00, 0x10, 0xEB, 0x0E, 0x80, 0xC5, 0x00,
  0x8C, 0x07, 0x80, 0xC4, 0x00, 0x10, 0xEB, 0x0E, 0x01, 0x80, 0xC4, 0x00, 0x8D, 0x81, 0xB7, 0x18,
  0x0C, 0x10, 0x01, 0x0E, 0xF9, 0x08, 0x80, 0xC0, 0x00, 0x6F, 0xB0, 0xD0, 0x28, 0x0C, 0x00, 0x81,
  0x26, 0xBF, 0x0E, 0x01, 0x80, 0xC2, 0x00, 0x10, 0x8E, 0x09, 0x80, 0xC4, 0x00, 0x7D, 0x0E, 0x80,
  0xC5, 0x0E, 0x02, 0x80, 0xC4, 0x00, 0xED, 0x03, 0x80, 0xC3, 0x00, 0x1E, 0x01, 0x80, 0xC3, 0x00,
  0x9D, 0x0E, 0x77, 0x77, 0x28, 0x14, 0x31, 0x38, 0x21, 0x36, 0xCE, 0x09, 0x77, 0x77, 0x20, 0xCF,
  0xF0, 0xE0, 0x27, 0x77, 0x72, 0x0C, 0xFF, 0x05, 0x77, 0x77, 0x30, 0xCF, 0xD0, 0xE0, 0x57, 0x77,
  0x74, 0x0C, 0xFB, 0x81, 0xE9, 0x17, 0x77, 0x75, 0x81, 0x8C, 0xEA, 0x84, 0xEE, 0xDA, 0x84, 0x77,
  0x40,
  // "È" (U+00C8), RLE, 1067 bytes saved (75.2%)
  0x70, 0x8F, 0x90, 0xB7, 0x77, 0x40, 0x2F, 0xA0, 0x37, 0x77, 0x40, 0x6F, 0x90, 0xC7, 0x77, 0x50,
  0x9F, 0x90, 0x57, 0x77, 0x50, 0xBF, 0x0D, 0x77, 0x75, 0x01, 0x0D, 0xF0, 0x97, 0x77, 0x50, 0x20,
  0xEF, 0x03, 0x77, 0x75, 0x03, 0x0E, 0xE0, 0xD7, 0x77, 0x60, 0x30, 0xEE, 0x07, 0x77, 0x76, 0x04,
  0xF0, 0x37, 0x77, 0x60, 0x40, 0xED, 0x0D, 0x77, 0x77, 0x03, 0x0E, 0xD0, 0x97, 0x77, 0x70, 0x30,
  0xDD, 0x05, 0x77, 0x77, 0x01, 0x0C, 0xC0, 0xB8, 0x0B, 0xB0, 0x00, 0xAF, 0xFF, 0xFD, 0x00, 0xAF,
  0xFF, 0xFD, 0x00, 0xAF, 0xFF, 0xFD, 0x00, 0xAF, 0xFF, 0xFD, 0x00, 0xAF, 0xFF, 0xFD, 0x00, 0xAF,
  0xFF, 0xFD, 0x00, 0xAF, 0x05, 0x80, 0xA5, 0x40, 0x20, 0xAF, 0x01, 0x77, 0x75, 0x0A, 0xF0, 0x17,
  0x77, 0x50, 0xAF, 0x01, 0x77, 0x75, 0x0A, 0xF0, 0x17, 0x77, 0x50, 0xAF, 0x01, 0x77, 0x75, 0x0A,
  0xF0, 0x17, 0x77, 0x50, 0xAF, 0x01, 0x77, 0x75, 0x0A, 0xF0, 0x17, 0x77, 0x50, 0xAF, 0x01, 0x77,
  0x75, 0x0A, 0xF0, 0x17, 0x77, 0x50, 0xAF, 0x01, 0x77, 0x75, 0x0A, 0xF0, 0x17, 0x77, 0x50, 0xAF,
  0x01, 0x77, 0x75, 0x0A, 0xF0, 0x17, 0x77, 0x50, 0xAF, 0x01, 0x77, 0x75, 0x0A, 0xF0, 0x17, 0x77,
  0x50, 0xAF, 0x01, 0x77, 0x75, 0x0A, 0xF0, 0x17, 0x77, 0x50, 0xAF, 0x05, 0x80, 0xA4, 0x42, 0x0A,
  0xFF, 0xFF, 0xC8, 0x11, 0x0A, 0xFF, 0xFF, 0xC8, 0x11, 0x0A, 0xFF, 0xFF, 0xC8, 0x11, 0x0A, 0xFF,
  0xFF, 0xC8, 0x11, 0x0A, 0xFF, 0xFF, 0xC8, 0x11, 0x0A, 0xFF, 0xFF, 0xC8, 0x11, 0x0A, 0xF0, 0x17,
  0x77, 0x50, 0xAF, 0x01, 0x77, 0x75, 0x0A, 0xF0, 0x17, 0x77, 0x50, 0xAF, 0x01, 0x77, 0x75, 0x0A,
  0xF0, 0x17, 0x77, 0x50, 0xAF, 0x01, 0x77, 0x75, 0x0A, 0xF0, 0x17, 0x77, 0x50, 0xAF, 0x01, 0x77,
  0x75, 0x0A, 0xF0, 0x17, 0x77, 0x50, 0xAF, 0x01, 0x77, 0x75, 0x0A, 0xF0, 0x17, 0x77, 0x50, 0xAF,
  0x01, 0x77, 0x75, 0x0A, 0xF0, 0x17, 0x77, 0x50, 0xAF, 0x01, 0x77, 0x75, 0x0A, 0xF0, 0x17, 0x77,
  0x50, 0xAF, 0x01, 0x77, 0x75, 0x0A, 0xF0, 0x17, 0x77, 0x50, 0xAF, 0x01, 0x77, 0x75, 0x0A, 0xF0,
  0x17, 0x77, 0x50, 0xAF, 0x01, 0x77, 0x75, 0x0A, 0xF0, 0x17, 0x77, 0x50, 0xAF, 0x01, 0x77, 0x75,
  0x0A, 0xF0, 0x58, 0x0A, 0x54, 0x02, 0x0A, 0xFF, 0xFF, 0xD0, 0x0A, 0xFF, 0xFF, 0xD0, 0x0A, 0xFF,
  0xFF, 0xD0, 0x0A, 0xFF, 0xFF, 0xD0, 0x0A, 0xFF, 0xFF, 0xD0, 0x0A, 0xFF, 0xFF, 0xD0, 0xA0,
  // "É" (U+00C9), RLE, 1068 bytes saved (75.3%)
  0x77, 0x70, 0xAF, 0x90, 0xB7, 0x77, 0x30, 0x3F, 0xA0, 0x47, 0x77, 0x30, 0xBF, 0x90, 0x87, 0x77,
  0x30, 0x5F, 0x90, 0xB7, 0x77, 0x40, 0xDF, 0x0D, 0x01, 0x77, 0x73, 0x08, 0xF0, 0xE0, 0x27, 0x77,
  0x30, 0x3F, 0x0E, 0x03, 0x77, 0x74, 0x0C, 0xF0, 0x47, 0x77, 0x40, 0x6F, 0x05, 0x77, 0x74, 0x02,
  0x0E, 0xE0, 0x57, 0x77, 0x50, 0xBE, 0x05, 0x77, 0x75, 0x07, 0xE0, 0x57, 0x77, 0x50, 0x3D, 0x0E,
  0x04, 0x77, 0x76, 0x08, 0xC0, 0xD0, 0x28, 0x0B, 0xB5, 0x00, 0xAF, 0xFF, 0xFD, 0x00, 0xAF, 0xFF,
  0xFD, 0x00, 0xAF, 0xFF, 0xFD, 0x00, 0xAF, 0xFF, 0xFD, 0x00, 0xAF, 0xFF, 0xFD, 0x00, 0xAF, 0xFF,
  0xFD, 0x00, 0xAF, 0x05, 0x80, 0xA5, 0x40, 0x20, 0xAF, 0x01, 0x77, 0x75, 0x0A, 0xF0, 0x17, 0x77,
  0x50, 0xAF, 0x01, 0x77, 0x75, 0x0A, 0xF0, 0x17, 0x77, 0x50, 0xAF, 0x01, 0x77, 0x75, 0x0A, 0xF0,
  0x17, 0x77, 0x50, 0xAF, 0x01, 0x77, 0x75, 0x0A, 0xF0, 0x17, 0x77, 0x50, 0xAF, 0x01, 0x77, 0x75,
  0x0A, 0xF0, 0x17, 0x77, 0x50, 0xAF, 0x01, 0x77, 0x75, 0x0A, 0xF0, 0x17, 0x77, 0x50, 0xAF, 0x01,
  0x77, 0x75, 0x0A, 0xF0, 0x17, 0x77, 0x50, 0xAF, 0x01, 0x77, 0x75, 0x0A, 0xF0, 0x17, 0x77, 0x50,
  0xAF, 0x01, 0x77, 0x75, 0x0A, 0xF0, 0x17, 0x77, 0x50, 0xAF, 0x05, 0x80, 0xA4, 0x42, 0x0A, 0xFF,
  0xFF, 0xC8, 0x11, 0x0A, 0xFF, 0xFF, 0xC8, 0x11, 0x0A, 0xFF, 0xFF, 0xC8, 0x11, 0x0A, 0xFF, 0xFF,
  0xC8, 0x11, 0x0A, 0xFF, 0xFF, 0xC8, 0x11, 0x0A, 0xFF, 0xFF, 0xC8, 0x11, 0x0A, 0xF0, 0x17, 0x77,
  0x50, 0xAF, 0x01, 0x77, 0x75, 0x0A, 0xF0, 0x17, 0x77, 0x50, 0xAF, 0x01, 0x77, 0x75, 0x0A, 0xF0,
  0x17, 0x77, 0x50, 0xAF, 0x01, 0x77, 0x75, 0x0A, 0xF0, 0x17, 0x77, 0x50, 0xAF, 0x01, 0x77, 0x75,
  0x0A, 0xF0, 0x17, 0x77, 0x50, 0xAF, 0x01, 0x77, 0x75, 0x0A, 0xF0, 0x17, 0x77, 0x50, 0xAF, 0x01,
  0x77, 0x75, 0x0A, 0xF0, 0x17, 0x77, 0x50, 0xAF, 0x01, 0x77, 0x75, 0x0A, 0xF0, 0x17, 0x77, 0x50,
  0xAF, 0x01, 0x77, 0x75, 0x0A, 0xF0, 0x17, 0x77, 0x50, 0xAF, 0x01, 0x77, 0x75, 0x0A, 0xF0, 0x17,
  0x77, 0x50, 0xAF, 0x01, 0x77, 0x75, 0x0A, 0xF0, 0x17, 0x77, 0x50, 0xAF, 0x01, 0x77, 0x75, 0x0A,
  0xF0, 0x58, 0x0A, 0x54, 0x02, 0x0A, 0xFF, 0xFF, 0xD0, 0x0A, 0xFF, 0xFF, 0xD0, 0x0A, 0xFF, 0xFF,
  0xD0, 0x0A, 0xFF, 0xFF, 0xD0, 0x0A, 0xFF, 0xFF, 0xD0, 0x0A, 0xFF, 0xFF, 0xD0, 0xA0,
  // "Ê" (U+00CA), RLE, 1041 bytes saved (73.4%)
  0x76, 0x04, 0xF0, 0xE0, 0x17, 0x77, 0x40, 0xDF, 0x90, 0xA7, 0x77, 0x30, 0x9F, 0xB0, 0x57, 0x77,
  0x10, 0x5F, 0xC0, 0xE0, 0x27, 0x76, 0x02, 0x0E, 0xFD, 0x0C, 0x77, 0x50, 0x10, 0xDF, 0xF0, 0xB7,
  0x74, 0x0C, 0xF0, 0x70, 0xBF, 0x08, 0x77, 0x20, 0x9F, 0x06, 0x20, 0xBF, 0x06, 0x77, 0x07, 0xF0,
  0x54, 0x0B, 0xF0, 0x47, 0x50, 0x5E, 0x0E, 0x04, 0x60, 0x9E, 0x0E, 0x03, 0x73, 0x04, 0xE0, 0xE0,
  0x37, 0x10, 0x7E, 0x0E, 0x02, 0x71, 0x03, 0x0E, 0xD0, 0xC0, 0x17, 0x30, 0x50, 0xED, 0x0D, 0x02,
  0x60, 0x20, 0xED, 0x09, 0x76, 0x02, 0x0C, 0xD0, 0xD0, 0x15, 0x08, 0xC0, 0xE0, 0x57, 0x72, 0x08,
  0xD0, 0x78, 0x0B, 0xA0, 0x00, 0xAF, 0xFF, 0xFD, 0x00, 0xAF, 0xFF, 0xFD, 0x00, 0xAF, 0xFF, 0xFD,
  0x00, 0xAF, 0xFF, 0xFD, 0x00, 0xAF, 0xFF, 0xFD, 0x00, 0xAF, 0xFF, 0xFD, 0x00, 0xAF, 0x05, 0x80,
  0xA5, 0x40, 0x20, 0xAF, 0x01, 0x77, 0x75, 0x0A, 0xF0, 0x17, 0x77, 0x50, 0xAF, 0x01, 0x77, 0x75,
  0x0A, 0xF0, 0x17, 0x77, 0x50, 0xAF, 0x01, 0x77, 0x75, 0x0A, 0xF0, 0x17, 0x77, 0x50, 0xAF, 0x01,
  0x77, 0x75, 0x0A, 0xF0, 0x17, 0x77, 0x50, 0xAF, 0x01, 0x77, 0x75, 0x0A, 0xF0, 0x17, 0x77, 0x50,
  0xAF, 0x01, 0x77, 0x75, 0x0A, 0xF0, 0x17, 0x77, 0x50, 0xAF, 0x01, 0x77, 0x75, 0x0A, 0xF0, 0x17,
  0x77, 0x50, 0xAF, 0x01, 0x77, 0x75, 0x0A, 0xF0, 0x17, 0x77, 0x50, 0xAF, 0x01, 0x77, 0x75, 0x0A,
  0xF0, 0x17, 0x77, 0x50, 0xAF, 0x05, 0x80, 0xA4, 0x42, 0x0A, 0xFF, 0xFF, 0xC8, 0x11, 0x0A, 0xFF,
  0xFF, 0xC8, 0x11, 0x0A, 0xFF, 0xFF, 0xC8, 0x11, 0x0A, 0xFF, 0xFF, 0xC8, 0x11, 0x0A, 0xFF, 0xFF,
  0xC8, 0x11, 0x0A, 0xFF, 0xFF, 0xC8, 0x11, 0x0A, 0xF0, 0x17, 0x77, 0x50, 0xAF, 0x01, 0x77, 0x75,
  0x0A, 0xF0, 0x17, 0x77, 0x50, 0xAF, 0x01, 0x77, 0x75, 0x0A, 0xF0, 0x17, 0x77, 0x50, 0xAF, 0x01,
  0x77, 0x75, 0x0A, 0xF0, 0x17, 0x77, 0x50, 0xAF, 0x01, 0x77, 0x75, 0x0A, 0xF0, 0x17, 0x77, 0x50,
  0xAF, 0x01, 0x77, 0x75, 0x0A, 0xF0, 0x17, 0x77, 0x50, 0xAF, 0x01, 0x77, 0x75, 0x0A, 0xF0, 0x17,
  0x77, 0x50, 0xAF, 0x01, 0x77, 0x75, 0x0A, 0xF0, 0x17, 0x77, 0x50, 0xAF, 0x01, 0x77, 0x75, 0x0A,
  0xF0, 0x17, 0x77, 0x50, 0xAF, 0x01, 0x77, 0x75, 0x0A, 0xF0, 0x17, 0x77, 0x50, 0xAF, 0x01, 0x77,
  0x75, 0x0A, 0xF0, 0x17, 0x77, 0x50, 0xAF, 0x01, 0x77, 0x75, 0x0A, 0xF0, 0x58, 0x0A, 0x54, 0x02,
  0x0A, 0xFF, 0xFF, 0xD0, 0x0A, 0xFF, 0xFF, 0xD0, 0x0A, 0xFF, 0xFF, 0xD0, 0x0A, 0xFF, 0xFF, 0xD0,
  0x0A, 0xFF, 0xFF, 0xD0, 0x0A, 0xFF, 0xFF, 0xD0, 0xA0,
  // "Ë" (U+00CB), RLE, 1013 bytes saved (74.2%)
  0x78, 0x44, 0xBF, 0xEA, 0x27, 0x38, 0x43, 0xBE, 0xEA, 0x27, 0x50, 0x5D, 0x0E, 0x01, 0x71, 0x03,
  0xD0, 0xE0, 0x27, 0x40, 0xDE, 0x09, 0x71, 0x0B, 0xE0, 0xA7, 0x30, 0x1F, 0x0C, 0x71, 0x0E, 0xE0,
  0xE7, 0x30, 0x2F, 0x0D, 0x71, 0xF0, 0xE7, 0x30, 0x1F, 0x0C, 0x71, 0x0E, 0xE0, 0xD7, 0x40, 0xDE,
  0x08, 0x71, 0x0A, 0xE0, 0x97, 0x40, 0x4D, 0x0D, 0x01, 0x71, 0x02, 0x0E, 0xC0, 0xE0, 0x27, 0x58,
  0x43, 0xBF, 0xE9, 0x17, 0x38, 0x43, 0xBE, 0xEA, 0x28, 0x0C, 0xB2, 0x00, 0xAF, 0xFF, 0xFD, 0x00,
  0xAF, 0xFF, 0xFD, 0x00, 0xAF, 0xFF, 0xFD, 0x00, 0xAF, 0xFF, 0xFD, 0x00, 0xAF, 0xFF, 0xFD, 0x00,
  0xAF, 0xFF, 0xFD, 0x00, 0xAF, 0x05, 0x80, 0xA5, 0x40, 0x20, 0xAF, 0x01, 0x77, 0x75, 0x0A, 0xF0,
  0x17, 0x77, 0x50, 0xAF, 0x01, 0x77, 0x75, 0x0A, 0xF0, 0x17, 0x77, 0x50, 0xAF, 0x01, 0x77, 0x75,
  0x0A, 0xF0, 0x17, 0x77, 0x50, 0xAF, 0x01, 0x77, 0x75, 0x0A, 0xF0, 0x17, 0x77, 0x50, 0xAF, 0x01,
  0x77, 0x75, 0x0A, 0xF0, 0x17, 0x77, 0x50, 0xAF, 0x01, 0x77, 0x75, 0x0A, 0xF0, 0x17, 0x77, 0x50,
  0xAF, 0x01, 0x77, 0x75, 0x0A, 0xF0, 0x17, 0x77, 0x50, 0xAF, 0x01, 0x77, 0x75, 0x0A, 0xF0, 0x17,
  0x77, 0x50, 0xAF, 0x01, 0x77, 0x75, 0x0A, 0xF0, 0x17, 0x77, 0x50, 0xAF, 0x05, 0x80, 0xA4, 0x42,
  0x0A, 0xFF, 0xFF, 0xC8, 0x11, 0x0A, 0xFF, 0xFF, 0xC8, 0x11, 0x0A, 0xFF, 0xFF, 0xC8, 0x11, 0x0A,
  0xFF, 0xFF, 0xC8, 0x11, 0x0A, 0xFF, 0xFF, 0xC8, 0x11, 0x0A, 0xFF, 0xFF, 0xC8, 0x11, 0x0A, 0xF0,
  0x17, 0x77, 0x50, 0xAF, 0x01, 0x77, 0x75, 0x0A, 0xF0, 0x17, 0x77, 0x50, 0xAF, 0x01, 0x77, 0x75,
  0x0A, 0xF0, 0x17, 0x77, 0x50, 0xAF, 0x01, 0x77, 0x75, 0x0A, 0xF0, 0x17, 0x77, 0x50, 0xAF, 0x01,
  0x77, 0x75, 0x0A, 0xF0, 0x17, 0x77, 0x50, 0xAF, 0x01, 0x77, 0x75, 0x0A, 0xF0, 0x17, 0x77, 0x50,
  0xAF, 0x01, 0x77, 0x75, 0x0A, 0xF0, 0x17, 0x77, 0x50, 0xAF, 0x01, 0x77, 0x75, 0x0A, 0xF0, 0x17,
  0x77, 0x50, 0xAF, 0x01, 0x77, 0x75, 0x0A, 0xF0, 0x17, 0x77, 0x50, 0xAF, 0x01, 0x77, 0x75, 0x0A,
  0xF0, 0x17, 0x77, 0x50, 0xAF, 0x01, 0x77, 0x75, 0x0A, 0xF0, 0x17, 0x77, 0x50, 0xAF, 0x01, 0x77,
  0x75, 0x0A, 0xF0, 0x58, 0x0A, 0x54, 0x02, 0x0A, 0xFF, 0xFF, 0xD0, 0x0A, 0xFF, 0xFF, 0xD0, 0x0A,
  0xFF, 0xFF, 0xD0, 0x0A, 0xFF, 0xFF, 0xD0, 0x0A, 0xFF, 0xFF, 0xD0, 0x0A, 0xFF, 0xFF, 0xD0, 0xA0,
  // "Ì" (U+00CC), RLE, 640 bytes saved (68.7%)
  0x08, 0xF9, 0x0B, 0x76, 0x02, 0xFA, 0x03, 0x76, 0x06, 0xF9, 0x0C, 0x77, 0x09, 0xF9, 0x05, 0x77,
  0x0B, 0xF0, 0xD7, 0x70, 0x10, 0xDF, 0x09, 0x77, 0x02, 0x0E, 0xF0, 0x37, 0x70, 0x30, 0xEE, 0x0D,
  0x77, 0x10, 0x30, 0xEE, 0x07, 0x77, 0x10, 0x4F, 0x03, 0x77, 0x10, 0x40, 0xED, 0x0D, 0x77, 0x20,
  0x30, 0xED, 0x09, 0x77, 0x20, 0x30, 0xDD, 0x05, 0x77, 0x20, 0x10, 0xCC, 0x0B, 0x80, 0xA9, 0x30,
  0x08, 0xFF, 0xF0, 0x90, 0x8F, 0xFF, 0x09, 0x08, 0xFF, 0xF0, 0x90, 0x8F, 0xFF, 0x09, 0x08, 0xFF,
  0xF8, 0x49, 0x02, 0x69, 0xDF, 0xE8, 0x2D, 0x96, 0x26, 0x81, 0x15, 0xAF, 0x81, 0xB5, 0x17, 0x50,
  0x5F, 0x06, 0x77, 0x05, 0xF0, 0x67, 0x70, 0x5F, 0x06, 0x77, 0x05, 0xF0, 0x67, 0x70, 0x5F, 0x06,
  0x77, 0x05, 0xF0, 0x67, 0x70, 0x5F, 0x06, 0x77, 0x05, 0xF0, 0x67, 0x70, 0x5F, 0x06, 0x77, 0x05,
  0xF0, 0x67, 0x70, 0x5F, 0x06, 0x77, 0x05, 0xF0, 0x67, 0x70, 0x5F, 0x06, 0x77, 0x05, 0xF0, 0x67,
  0x70, 0x5F, 0x06, 0x77, 0x05, 0xF0, 0x67, 0x70, 0x5F, 0x06, 0x77, 0x05, 0xF0, 0x67, 0x70, 0x5F,
  0x06, 0x77, 0x05, 0xF0, 0x67, 0x70, 0x5F, 0x06, 0x77, 0x05, 0xF0, 0x67, 0x70, 0x5F, 0x06, 0x77,
  0x05, 0xF0, 0x67, 0x70, 0x5F, 0x06, 0x77, 0x05, 0xF0, 0x67, 0x70, 0x5F, 0x06, 0x77, 0x05, 0xF0,
  0x67, 0x70, 0x5F, 0x06, 0x77, 0x05, 0xF0, 0x67, 0x70, 0x5F, 0x06, 0x77, 0x05, 0xF0, 0x67, 0x70,
  0x5F, 0x06, 0x77, 0x05, 0xF0, 0x67, 0x70, 0x5F, 0x06, 0x77, 0x05, 0xF0, 0x67, 0x70, 0x5F, 0x06,
  0x77, 0x05, 0xF0, 0x67, 0x70, 0x5F, 0x06, 0x77, 0x05, 0xF0, 0x67, 0x70, 0x5F, 0x06, 0x77, 0x05,
  0xF0, 0x67, 0x70, 0x5F, 0x06, 0x77, 0x05, 0xF0, 0x67, 0x70, 0x5F, 0x06, 0x77, 0x05, 0xF0, 0x67,
  0x70, 0x5F, 0x06, 0x77, 0x05, 0xF0, 0x67, 0x38, 0x31, 0x48, 0xBE, 0xF9, 0x82, 0xB8, 0x51, 0x38,
  0x14, 0x9D, 0xFF, 0xB8, 0x2D, 0xA4, 0x8F, 0xFF, 0x09, 0x08, 0xFF, 0xF0, 0x90, 0x8F, 0xFF, 0x09,
  0x08, 0xFF, 0xF0, 0x90,
  // "Í" (U+00CD), RLE, 654 bytes saved (67.3%)
  0x77, 0x0A, 0xF9, 0x0B, 0x76, 0x03, 0xFA, 0x04, 0x76, 0x0B, 0xF9, 0x08, 0x76, 0x05, 0xF9, 0x0B,
  0x77, 0x0D, 0xF0, 0xD0, 0x17, 0x60, 0x8F, 0x0E, 0x02, 0x76, 0x03, 0xF0, 0xE0, 0x37, 0x70, 0xCF,
  0x04, 0x77, 0x06, 0xF0, 0x57, 0x70, 0x20, 0xEE, 0x05, 0x77, 0x10, 0xBE, 0x05, 0x77, 0x10, 0x7E,
  0x05, 0x77, 0x10, 0x3D, 0x0E, 0x04, 0x77, 0x20, 0x8C, 0x0D, 0x02, 0x80, 0xAA, 0x70, 0x08, 0xFF,
  0xF8, 0x19, 0x08, 0xFF, 0xF8, 0x19, 0x08, 0xFF, 0xF8, 0x19, 0x08, 0xFF, 0xF8, 0x19, 0x08, 0xFF,
  0xF0, 0x92, 0x82, 0x26, 0x9D, 0xFE, 0x82, 0xD9, 0x62, 0x78, 0x11, 0x5A, 0xF8, 0x1B, 0x51, 0x76,
  0x05, 0xF0, 0x67, 0x71, 0x05, 0xF0, 0x67, 0x71, 0x05, 0xF0, 0x67, 0x71, 0x05, 0xF0, 0x67, 0x71,
  0x05, 0xF0, 0x67, 0x71, 0x05, 0xF0, 0x67, 0x71, 0x05, 0xF0, 0x67, 0x71, 0x05, 0xF0, 0x67, 0x71,
  0x05, 0xF0, 0x67, 0x71, 0x05, 0xF0, 0x67, 0x71, 0x05, 0xF0, 0x67, 0x71, 0x05, 0xF0, 0x67, 0x71,
  0x05, 0xF0, 0x67, 0x71, 0x05, 0xF0, 0x67, 0x71, 0x05, 0xF0, 0x67, 0x71, 0x05, 0xF0, 0x67, 0x71,
  0x05, 0xF0, 0x67, 0x71, 0x05, 0xF0, 0x67, 0x71, 0x05, 0xF0, 0x67, 0x71, 0x05, 0xF0, 0x67, 0x71,
  0x05, 0xF0, 0x67, 0x71, 0x05, 0xF0, 0x67, 0x71, 0x05, 0xF0, 0x67, 0x71, 0x05, 0xF0, 0x67, 0x71,
  0x05, 0xF0, 0x67, 0x71, 0x05, 0xF0, 0x67, 0x71, 0x05, 0xF0, 0x67, 0x71, 0x05, 0xF0, 0x67, 0x71,
  0x05, 0xF0, 0x67, 0x71, 0x05, 0xF0, 0x67, 0x71, 0x05, 0xF0, 0x67, 0x71, 0x05, 0xF0, 0x67, 0x71,
  0x05, 0xF0, 0x67, 0x71, 0x05, 0xF0, 0x67, 0x71, 0x05, 0xF0, 0x67, 0x71, 0x05, 0xF0, 0x67, 0x71,
  0x05, 0xF0, 0x67, 0x71, 0x05, 0xF0, 0x67, 0x71, 0x05, 0xF0, 0x67, 0x71, 0x05, 0xF0, 0x67, 0x71,
  0x05, 0xF0, 0x67, 0x71, 0x05, 0xF0, 0x67, 0x71, 0x05, 0xF0, 0x67, 0x71, 0x05, 0xF0, 0x67, 0x71,
  0x05, 0xF0, 0x67, 0x71, 0x05, 0xF0, 0x67, 0x71, 0x05, 0xF0, 0x67, 0x71, 0x05, 0xF0, 0x67, 0x48,
  0x31, 0x48, 0xBE, 0xF9, 0x82, 0xB8, 0x51, 0x48, 0x14, 0x9D, 0xFF, 0xB8, 0x3D, 0xA4, 0x08, 0xFF,
  0xF8, 0x19, 0x08, 0xFF, 0xF8, 0x19, 0x08, 0xFF, 0xF8, 0x19, 0x08, 0xFF, 0xF0, 0x91,
  // "Î" (U+00CE), RLE, 862 bytes saved (70.9%)
  0x73, 0x04, 0xF0, 0xE0, 0x17, 0x76, 0x0D, 0xF9, 0x0A, 0x77, 0x50, 0x9F, 0xB0, 0x57, 0x73, 0x05,
  0xFC, 0x0E, 0x02, 0x77, 0x10, 0x20, 0xEF, 0xD0, 0xC7, 0x70, 0x10, 0xDF, 0xF0, 0xB7, 0x60, 0xCF,
  0x07, 0x0B, 0xF0, 0x87, 0x40, 0x9F, 0x06, 0x20, 0xBF, 0x06, 0x72, 0x07, 0xF0, 0x54, 0x0B, 0xF0,
  0x47, 0x05, 0xE0, 0xE0, 0x46, 0x09, 0xE0, 0xE0, 0x35, 0x04, 0xE0, 0xE0, 0x37, 0x10, 0x7E, 0x0E,
  0x02, 0x30, 0x30, 0xED, 0x0C, 0x01, 0x73, 0x05, 0x0E, 0xD8, 0x3D, 0x20, 0x2E, 0xD0, 0x97, 0x60,
  0x20, 0xCD, 0x81, 0xD1, 0x8C, 0x0E, 0x05, 0x77, 0x20, 0x8D, 0x07, 0x80, 0xAE, 0x30, 0x08, 0xFF,
  0xF0, 0x97, 0x08, 0xFF, 0xF0, 0x97, 0x08, 0xFF, 0xF0, 0x97, 0x08, 0xFF, 0xF0, 0x97, 0x08, 0xFF,
  0xF0, 0x97, 0x18, 0x22, 0x69, 0xDF, 0xE8, 0x2D, 0x96, 0x27, 0x68, 0x11, 0x5A, 0xF8, 0x1B, 0x51,
  0x77, 0x50, 0x5F, 0x06, 0x77, 0x70, 0x5F, 0x06, 0x77, 0x70, 0x5F, 0x06, 0x77, 0x70, 0x5F, 0x06,
  0x77, 0x70, 0x5F, 0x06, 0x77, 0x70, 0x5F, 0x06, 0x77, 0x70, 0x5F, 0x06, 0x77, 0x70, 0x5F, 0x06,
  0x77, 0x70, 0x5F, 0x06, 0x77, 0x70, 0x5F, 0x06, 0x77, 0x70, 0x5F, 0x06, 0x77, 0x70, 0x5F, 0x06,
  0x77, 0x70, 0x5F, 0x06, 0x77, 0x70, 0x5F, 0x06, 0x77, 0x70, 0x5F, 0x06, 0x77, 0x70, 0x5F, 0x06,
  0x77, 0x70, 0x5F, 0x06, 0x77, 0x70, 0x5F, 0x06, 0x77, 0x70, 0x5F, 0x06, 0x77, 0x70, 0x5F, 0x06,
  0x77, 0x70, 0x5F, 0x06, 0x77, 0x70, 0x5F, 0x06, 0x77, 0x70, 0x5F, 0x06, 0x77, 0x70, 0x5F, 0x06,
  0x77, 0x70, 0x5F, 0x06, 0x77, 0x70, 0x5F, 0x06, 0x77, 0x70, 0x5F, 0x06, 0x77, 0x70, 0x5F, 0x06,
  0x77, 0x70, 0x5F, 0x06, 0x77, 0x70, 0x5F, 0x06, 0x77, 0x70, 0x5F, 0x06, 0x77, 0x70, 0x5F, 0x06,
  0x77, 0x70, 0x5F, 0x06, 0x77, 0x70, 0x5F, 0x06, 0x77, 0x70, 0x5F, 0x06, 0x77, 0x70, 0x5F, 0x06,
  0x77, 0x70, 0x5F, 0x06, 0x77, 0x70, 0x5F, 0x06, 0x77, 0x70, 0x5F, 0x06, 0x77, 0x70, 0x5F, 0x06,
  0x77, 0x70, 0x5F, 0x06, 0x77, 0x70, 0x5F, 0x06, 0x77, 0x70, 0x5F, 0x06, 0x77, 0x70, 0x5F, 0x06,
  0x77, 0x70, 0x5F, 0x06, 0x77, 0x70, 0x5F, 0x06, 0x77, 0x70, 0x5F, 0x06, 0x77, 0x70, 0x5F, 0x06,
  0x77, 0x38, 0x31, 0x48, 0xBE, 0xF9, 0x82, 0xB8, 0x51, 0x73, 0x81, 0x49, 0xDF, 0xFB, 0x81, 0xDA,
  0x47, 0x08, 0xFF, 0xF0, 0x97, 0x08, 0xFF, 0xF0, 0x97, 0x08, 0xFF, 0xF0, 0x97, 0x08, 0xFF, 0xF0,
  0x94,
  // "Ï" (U+00CF), RLE, 648 bytes saved (66.5%)
  0x28, 0x44, 0xBF, 0xEA, 0x27, 0x38, 0x43, 0xBE, 0xEA, 0x22, 0x05, 0xD0, 0xE0, 0x17, 0x10, 0x3D,
  0x82, 0xE2, 0x0D, 0xE0, 0x97, 0x10, 0xBE, 0x0A, 0x01, 0xF0, 0xC7, 0x10, 0xEE, 0x0E, 0x02, 0xF0,
  0xD7, 0x1F, 0x0E, 0x01, 0xF0, 0xC7, 0x10, 0xEE, 0x81, 0xD0, 0xDE, 0x08, 0x71, 0x0A, 0xE8, 0x19,
  0x04, 0xD0, 0xD0, 0x17, 0x10, 0x20, 0xEC, 0x0E, 0x02, 0x28, 0x43, 0xBF, 0xE9, 0x17, 0x38, 0x43,
  0xBE, 0xEA, 0x28, 0x0B, 0x86, 0x00, 0x8F, 0xFF, 0x09, 0x20, 0x8F, 0xFF, 0x09, 0x20, 0x8F, 0xFF,
  0x09, 0x20, 0x8F, 0xFF, 0x09, 0x20, 0x8F, 0xFF, 0x09, 0x38, 0x22, 0x69, 0xDF, 0xE8, 0x2D, 0x96,
  0x27, 0x18, 0x11, 0x5A, 0xF8, 0x1B, 0x51, 0x77, 0x05, 0xF0, 0x67, 0x72, 0x05, 0xF0, 0x67, 0x72,
  0x05, 0xF0, 0x67, 0x72, 0x05, 0xF0, 0x67, 0x72, 0x05, 0xF0, 0x67, 0x72, 0x05, 0xF0, 0x67, 0x72,
  0x05, 0xF0, 0x67, 0x72, 0x05, 0xF0, 0x67, 0x72, 0x05, 0xF0, 0x67, 0x72, 0x05, 0xF0, 0x67, 0x72,
  0x05, 0xF0, 0x67, 0x72, 0x05, 0xF0, 0x67, 0x72, 0x05, 0xF0, 0x67, 0x72, 0x05, 0xF0, 0x67, 0x72,
  0x05, 0xF0, 0x67, 0x72, 0x05, 0xF0, 0x67, 0x72, 0x05, 0xF0, 0x67, 0x72, 0x05, 0xF0, 0x67, 0x72,
  0x05, 0xF0, 0x67, 0x72, 0x05, 0xF0, 0x67, 0x72, 0x05, 0xF0, 0x67, 0x72, 0x05, 0xF0, 0x67, 0x72,
  0x05, 0xF0, 0x67, 0x72, 0x05, 0xF0, 0x67, 0x72, 0x05, 0xF0, 0x67, 0x72, 0x05, 0xF0, 0x67, 0x72,
  0x05, 0xF0, 0x67, 0x72, 0x05, 0xF0, 0x67, 0x72, 0x05, 0xF0, 0x67, 0x72, 0x05, 0xF0, 0x67, 0x72,
  0x05, 0xF0, 0x67, 0x72, 0x05, 0xF0, 0x67, 0x72, 0x05, 0xF0, 0x67, 0x72, 0x05, 0xF0, 0x67, 0x72,
  0x05, 0xF0, 0x67, 0x72, 0x05, 0xF0, 0x67, 0x72, 0x05, 0xF0, 0x67, 0x72, 0x05, 0xF0, 0x67, 0x72,
  0x05, 0xF0, 0x67, 0x72, 0x05, 0xF0, 0x67, 0x72, 0x05, 0xF0, 0x67, 0x72, 0x05, 0xF0, 0x67, 0x72,
  0x05, 0xF0, 0x67, 0x72, 0x05, 0xF0, 0x67, 0x72, 0x05, 0xF0, 0x67, 0x72, 0x05, 0xF0, 0x67, 0x72,
  0x05, 0xF0, 0x67, 0x72, 0x05, 0xF0, 0x67, 0x58, 0x31, 0x48, 0xBE, 0xF9, 0x82, 0xB8, 0x51, 0x58,
  0x14, 0x9D, 0xFF, 0xB8, 0x1D, 0xA4, 0x20, 0x8F, 0xFF, 0x09, 0x20, 0x8F, 0xFF, 0x09, 0x20, 0x8F,
  0xFF, 0x09, 0x20, 0x8F, 0xFF, 0x09, 0x10,
  // "Ð" (U+00D0), RLE, 1189 bytes saved (69.6%)
  0x60, 0x1F, 0xFD, 0x86, 0xED, 0xDC, 0xA7, 0x53, 0x77, 0x77, 0x01, 0xFF, 0xFE, 0x82, 0xEA, 0x61,
  0x77, 0x73, 0x01, 0xFF, 0xFF, 0xB0, 0xB0, 0x47, 0x77, 0x10, 0x1F, 0xFF, 0xFD, 0x0D, 0x06, 0x77,
  0x60, 0x1F, 0xFF, 0xFF, 0x0C, 0x03, 0x77, 0x40, 0x18, 0x0C, 0x1F, 0x09, 0x77, 0x30, 0x1F, 0x0C,
  0x80, 0x64, 0x84, 0x55, 0x68, 0xAD, 0xFF, 0x0C, 0x01, 0x77, 0x10, 0x1F, 0x0A, 0x77, 0x38, 0x14,
  0x9E, 0xFC, 0x0D, 0x03, 0x77, 0x01, 0xF0, 0xA7, 0x76, 0x05, 0x0C, 0xFB, 0x0E, 0x02, 0x76, 0x01,
  0xF0, 0xA7, 0x77, 0x10, 0x40, 0xDF, 0xA0, 0xD0, 0x17, 0x50, 0x1F, 0x0A, 0x77, 0x73, 0x09, 0xFA,
  0x0C, 0x75, 0x01, 0xF0, 0xA7, 0x77, 0x40, 0x6F, 0xA0, 0x77, 0x40, 0x1F, 0x0A, 0x77, 0x75, 0x05,
  0xFA, 0x02, 0x73, 0x01, 0xF0, 0xA7, 0x77, 0x60, 0x6F, 0x90, 0xC7, 0x30, 0x1F, 0x0A, 0x77, 0x77,
  0x0A, 0xF9, 0x04, 0x72, 0x01, 0xF0, 0xA7, 0x77, 0x70, 0x10, 0xEF, 0x0B, 0x72, 0x01, 0xF0, 0xA7,
  0x77, 0x71, 0x06, 0xF9, 0x03, 0x71, 0x01, 0xF0, 0xA7, 0x77, 0x72, 0x0E, 0xF0, 0x97, 0x10, 0x1F,
  0x0A, 0x77, 0x77, 0x20, 0x8F, 0x0D, 0x71, 0x01, 0xF0, 0xA7, 0x77, 0x72, 0x02, 0xF9, 0x02, 0x70,
  0x1F, 0x0A, 0x77, 0x77, 0x30, 0xDF, 0x07, 0x70, 0x1F, 0x0A, 0x77, 0x77, 0x30, 0x9F, 0x0A, 0x70,
  0x1F, 0x0A, 0x77, 0x77, 0x30, 0x5F, 0x0D, 0x70, 0x1F, 0x0A, 0x77, 0x77, 0x30, 0x2F, 0x97, 0x01,
  0xF0, 0xA7, 0x77, 0x74, 0xF9, 0x02, 0x60, 0x1F, 0x0A, 0x77, 0x77, 0x40, 0xEF, 0x04, 0x60, 0x1F,
  0x0A, 0x77, 0x77, 0x40, 0xCF, 0x05, 0x01, 0x80, 0x14, 0x05, 0xF0, 0xC8, 0x09, 0x34, 0x77, 0x30,
  0xBF, 0x00, 0x6F, 0xFF, 0xF9, 0x77, 0x30, 0xAF, 0x07, 0x06, 0xFF, 0xFF, 0x97, 0x73, 0x0A, 0xF0,
  0x70, 0x6F, 0xFF, 0xF9, 0x77, 0x30, 0xAF, 0x07, 0x06, 0xFF, 0xFF, 0x97, 0x73, 0x0A, 0xF0, 0x70,
  0x6F, 0xFF, 0xF9, 0x77, 0x30, 0xBF, 0x00, 0x6F, 0xFF, 0xF9, 0x77, 0x30, 0xCF, 0x06, 0x60, 0x1F,
  0x0A, 0x77, 0x77, 0x40, 0xDF, 0x04, 0x60, 0x1F, 0x0A, 0x77, 0x77, 0x4F, 0x90, 0x26, 0x01, 0xF0,
  0xA7, 0x77, 0x73, 0x02, 0xF9, 0x01, 0x60, 0x1F, 0x0A, 0x77, 0x77, 0x30, 0x5F, 0x0E, 0x70, 0x1F,
  0x0A, 0x77, 0x77, 0x30, 0x8F, 0x0B, 0x70, 0x1F, 0x0A, 0x77, 0x77, 0x30, 0xCF, 0x08, 0x70, 0x1F,
  0x0A, 0x77, 0x77, 0x20, 0x1F, 0x90, 0x47, 0x01, 0xF0, 0xA7, 0x77, 0x72, 0x06, 0xF9, 0x71, 0x01,
  0xF0, 0xA7, 0x77, 0x72, 0x0C, 0xF0, 0xA7, 0x10, 0x1F, 0x0A, 0x77, 0x77, 0x10, 0x4F, 0x90, 0x57,
  0x10, 0x1F, 0x0A, 0x77, 0x77, 0x10, 0xCF, 0x0E, 0x72, 0x01, 0xF0, 0xA7, 0x77, 0x70, 0x6F, 0x90,
  0x87, 0x20, 0x1F, 0x0A, 0x77, 0x76, 0x02, 0x0E, 0xF0, 0xE0, 0x17, 0x20, 0x1F, 0x0A, 0x77, 0x75,
  0x01, 0x0D, 0xF9, 0x07, 0x73, 0x01, 0xF0, 0xA7, 0x77, 0x50, 0xBF, 0x90, 0xD7, 0x40, 0x1F, 0x0A,
  0x77, 0x73, 0x01, 0x0C, 0xFA, 0x03, 0x74, 0x01, 0xF0, 0xA7, 0x77, 0x20, 0x50, 0xEF, 0xA0, 0x77,
  0x50, 0x1F, 0x0A, 0x77, 0x70, 0x20, 0xAF, 0xB0, 0xA7, 0x60, 0x1F, 0x0A, 0x77, 0x50, 0x40, 0xAF,
  0xC0, 0xA7, 0x70, 0x1F, 0x0A, 0x77, 0x18, 0x21, 0x49, 0xDF, 0xD0, 0xA7, 0x71, 0x01, 0xF0, 0xC8,
  0x05, 0x48, 0x45, 0x67, 0x9B, 0xDF, 0xF9, 0x07, 0x77, 0x20, 0x18, 0x0C, 0x0F, 0x0D, 0x03, 0x77,
  0x30, 0x1F, 0xFF, 0xFF, 0x08, 0x77, 0x50, 0x1F, 0xFF, 0xFD, 0x08, 0x01, 0x77, 0x60, 0x1F, 0xFF,
  0xFA, 0x81, 0xC6, 0x17, 0x77, 0x10, 0x1F, 0xFF, 0xD8, 0x2E, 0xB6, 0x27, 0x77, 0x40, 0x1F, 0xFC,
  0x86, 0xED, 0xCB, 0x97, 0x52, 0x77, 0x72,
  // "Ñ" (U+00D1), RLE, 1293 bytes saved (67.7%)
  0x77, 0x86, 0x5A, 0xDE, 0xED, 0xA5, 0x76, 0x07, 0xB0, 0xE7, 0x77, 0x02, 0x0C, 0xF9, 0x0D, 0x06,
  0x74, 0x0C, 0xB0, 0xB7, 0x76, 0x02, 0x0E, 0xFC, 0x0C, 0x04, 0x71, 0x04, 0xC0, 0x87, 0x75, 0x01,
  0x0D, 0xFF, 0x0B, 0x03, 0x50, 0x10, 0xDC, 0x04, 0x77, 0x50, 0x9F, 0xFB, 0x84, 0xC7, 0x45, 0x8E,
  0xC0, 0xE7, 0x75, 0x02, 0xFF, 0xFF, 0x08, 0x77, 0x50, 0x8D, 0x84, 0xB6, 0x45, 0x9E, 0xFF, 0xA0,
  0xE0, 0x17, 0x75, 0x0D, 0xC0, 0x76, 0x07, 0x0E, 0xFF, 0x06, 0x77, 0x50, 0x2C, 0x0B, 0x71, 0x81,
  0x18, 0xEF, 0xC0, 0x87, 0x76, 0x05, 0xC0, 0x47, 0x30, 0x10, 0x9F, 0x90, 0xE0, 0x77, 0x77, 0x07,
  0xB0, 0xE7, 0x68, 0x71, 0x7B, 0xEF, 0xEC, 0x71, 0x80, 0xCE, 0x00, 0x0A, 0xF9, 0x09, 0x77, 0x77,
  0x30, 0x3F, 0x0A, 0xFA, 0x03, 0x77, 0x77, 0x20, 0x3F, 0x0A, 0xFA, 0x0D, 0x77, 0x77, 0x20, 0x3F,
  0x0A, 0xFB, 0x08, 0x77, 0x77, 0x10, 0x3F, 0x0A, 0xFC, 0x03, 0x77, 0x77, 0x03, 0xF0, 0xAF, 0xC0,
  0xC7, 0x77, 0x70, 0x3F, 0x0A, 0xFD, 0x07, 0x77, 0x76, 0x03, 0xF0, 0xAF, 0xE0, 0x27, 0x77, 0x50,
  0x3F, 0x0A, 0xFE, 0x0B, 0x77, 0x75, 0x03, 0xF0, 0xAF, 0xF0, 0x67, 0x77, 0x40, 0x3F, 0x0A, 0xD0,
  0x0E, 0xF0, 0xE0, 0x17, 0x77, 0x30, 0x3F, 0x0A, 0xD0, 0xD0, 0x5F, 0x90, 0xA7, 0x77, 0x30, 0x3F,
  0x0A, 0xD8, 0x1D, 0x0B, 0xF9, 0x05, 0x77, 0x72, 0x03, 0xF0, 0xAD, 0x82, 0xE0, 0x1E, 0xF0, 0xE0,
  0x17, 0x77, 0x10, 0x3F, 0x0A, 0xE2, 0x06, 0xF9, 0x09, 0x77, 0x71, 0x03, 0xF0, 0xAE, 0x01, 0x20,
  0xBF, 0x90, 0x47, 0x77, 0x03, 0xF0, 0xAE, 0x01, 0x20, 0x20, 0xEF, 0x0D, 0x77, 0x70, 0x3F, 0x0A,
  0xE0, 0x23, 0x07, 0xF9, 0x08, 0x77, 0x60, 0x3F, 0x0A, 0xE0, 0x34, 0x0C, 0xF9, 0x03, 0x77, 0x50,
  0x3F, 0x0A, 0xE0, 0x44, 0x02, 0xF9, 0x0C, 0x77, 0x50, 0x3F, 0x0A, 0xE0, 0x55, 0x07, 0xF9, 0x07,
  0x77, 0x40, 0x3F, 0x0A, 0xE0, 0x56, 0x0C, 0xF9, 0x02, 0x77, 0x30, 0x3F, 0x0A, 0xE0, 0x66, 0x03,
  0xF9, 0x0C, 0x77, 0x30, 0x3F, 0x0A, 0xE0, 0x67, 0x08, 0xF9, 0x06, 0x77, 0x20, 0x3F, 0x0A, 0xE0,
  0x67, 0x10, 0xDF, 0x0E, 0x01, 0x77, 0x10, 0x3F, 0x0A, 0xE0, 0x77, 0x10, 0x3F, 0x90, 0xB7, 0x71,
  0x03, 0xF0, 0xAE, 0x07, 0x72, 0x08, 0xF9, 0x05, 0x77, 0x03, 0xF0, 0xAE, 0x07, 0x73, 0x0D, 0xF0,
  0xE0, 0x17, 0x60, 0x3F, 0x0A, 0xE0, 0x77, 0x30, 0x4F, 0x90, 0xA7, 0x60, 0x3F, 0x0A, 0xE0, 0x77,
  0x40, 0x9F, 0x90, 0x47, 0x50, 0x3F, 0x0A, 0xE0, 0x77, 0x50, 0xDF, 0x0D, 0x75, 0x03, 0xF0, 0xAE,
  0x07, 0x75, 0x04, 0xF9, 0x09, 0x74, 0x03, 0xF0, 0xAE, 0x07, 0x76, 0x0A, 0xF9, 0x03, 0x73, 0x03,
  0xF0, 0xAE, 0x07, 0x76, 0x01, 0x0E, 0xF0, 0xD7, 0x30, 0x3F, 0x0A, 0xE0, 0x77, 0x70, 0x5F, 0x90,
  0x87, 0x20, 0x3F, 0x0A, 0xE0, 0x77, 0x71, 0x0A, 0xF9, 0x02, 0x71, 0x03, 0xF0, 0xAE, 0x07, 0x77,
  0x10, 0x10, 0xEF, 0x0C, 0x71, 0x02, 0xF0, 0xAE, 0x07, 0x77, 0x20, 0x5F, 0x90, 0x77, 0x02, 0xF0,
  0xAE, 0x07, 0x77, 0x30, 0xBF, 0x0E, 0x02, 0x60, 0x2F, 0x0A, 0xE0, 0x77, 0x73, 0x01, 0x0E, 0xF0,
  0xB6, 0x01, 0xF0, 0xAE, 0x07, 0x77, 0x40, 0x6F, 0x90, 0x65, 0x01, 0xF0, 0xAE, 0x07, 0x77, 0x50,
  0xBF, 0x0E, 0x01, 0x5F, 0x0A, 0xE0, 0x77, 0x75, 0x02, 0x0E, 0xF0, 0xA5, 0xF0, 0xAE, 0x07, 0x77,
  0x60, 0x7F, 0x90, 0x54, 0xF0, 0xAE, 0x07, 0x77, 0x70, 0xCF, 0x0D, 0x01, 0x30, 0xEE, 0x0A, 0xE0,
  0x77, 0x77, 0x02, 0xF9, 0x09, 0x30, 0xDE, 0x0A, 0xE0, 0x77, 0x77, 0x10, 0x7F, 0x90, 0x42, 0x0D,
  0xE0, 0xAE, 0x07, 0x77, 0x72, 0x0C, 0xF0, 0xD2, 0x0C, 0xE0, 0xAE, 0x07, 0x77, 0x72, 0x03, 0xF9,
  0x81, 0x80, 0xBE, 0x0A, 0xE0, 0x77, 0x77, 0x30, 0x8F, 0x90, 0x30, 0xAE, 0x0A, 0xE0, 0x77, 0x77,
  0x40, 0xDF, 0x0C, 0x0A, 0xE0, 0xAE, 0x07, 0x77, 0x74, 0x03, 0xFF, 0x90, 0xAE, 0x07, 0x77, 0x75,
  0x08, 0xFF, 0x0A, 0xE0, 0x77, 0x77, 0x60, 0xDF, 0xE0, 0xAE, 0x07, 0x77, 0x76, 0x04, 0xFE, 0x0A,
  0xE0, 0x77, 0x77, 0x70, 0x9F, 0xD0, 0xAE, 0x07, 0x77, 0x77, 0x10, 0xDF, 0xC0, 0xAE, 0x07, 0x77,
  0x77, 0x10, 0x4F, 0xC0, 0xAE, 0x07, 0x77, 0x77, 0x20, 0xAF, 0xB0, 0xAE, 0x07, 0x77, 0x77, 0x20,
  0x10, 0xEF, 0xA0, 0xAE, 0x07, 0x77, 0x77, 0x30, 0x5F, 0xA0,
  // "Ò" (U+00D2), RLE, 1702 bytes saved (72.8%)
  0x77, 0x30, 0x8F, 0x90, 0xB8, 0x0D, 0x30, 0x02, 0xFA, 0x03, 0x80, 0xD3, 0x00, 0x6F, 0x90, 0xC8,
  0x0D, 0x40, 0x09, 0xF9, 0x05, 0x80, 0xD4, 0x00, 0xBF, 0x0D, 0x80, 0xD4, 0x00, 0x10, 0xDF, 0x09,
  0x80, 0xD4, 0x00, 0x20, 0xEF, 0x03, 0x80, 0xD4, 0x00, 0x30, 0xEE, 0x0D, 0x80, 0xD5, 0x00, 0x30,
  0xEE, 0x07, 0x80, 0xD5, 0x00, 0x4F, 0x03, 0x80, 0xD5, 0x00, 0x40, 0xED, 0x0D, 0x80, 0xD6, 0x00,
  0x30, 0xED, 0x09, 0x80, 0xD6, 0x00, 0x30, 0xDD, 0x05, 0x80, 0xD6, 0x00, 0x10, 0xCC, 0x0B, 0x80,
  0xD8, 0x30, 0x89, 0x71, 0x47, 0x9B, 0xCD, 0xEF, 0xED, 0xDC, 0xA7, 0x52, 0x80, 0xC1, 0x08, 0x13,
  0x8D, 0xFF, 0xB8, 0x1E, 0x93, 0x77, 0x77, 0x40, 0x70, 0xDF, 0xFF, 0xA0, 0xE0, 0x77, 0x77, 0x70,
  0x60, 0xEF, 0xFF, 0xE0, 0xE0, 0x67, 0x77, 0x30, 0x20, 0xCF, 0xFF, 0xFB, 0x0C, 0x02, 0x77, 0x70,
  0x60, 0xEF, 0xFF, 0xFE, 0x06, 0x77, 0x50, 0x9F, 0xE8, 0x92, 0xC9, 0x75, 0x54, 0x45, 0x68, 0xAE,
  0xFD, 0x09, 0x77, 0x30, 0x9F, 0xB8, 0x1E, 0xA4, 0x76, 0x81, 0x27, 0xDF, 0xB0, 0x97, 0x71, 0x09,
  0xFB, 0x08, 0x01, 0x77, 0x40, 0x50, 0xDF, 0xA0, 0x97, 0x60, 0x5F, 0xA0, 0xC0, 0x27, 0x77, 0x10,
  0x8F, 0xA0, 0x57, 0x40, 0x20, 0xEF, 0x90, 0x97, 0x77, 0x40, 0x5F, 0x90, 0xE0, 0x27, 0x30, 0xCF,
  0x90, 0x97, 0x77, 0x60, 0x4F, 0x90, 0xC7, 0x20, 0x5F, 0x90, 0xB7, 0x77, 0x71, 0x06, 0xF9, 0x06,
  0x71, 0x0D, 0xF0, 0xE0, 0x17, 0x77, 0x72, 0x0B, 0xF0, 0xE7, 0x06, 0xF9, 0x05, 0x77, 0x77, 0x30,
  0x10, 0xEF, 0x07, 0x60, 0xDF, 0x0C, 0x77, 0x77, 0x50, 0x8F, 0x0E, 0x50, 0x3F, 0x90, 0x47, 0x77,
  0x75, 0x01, 0x0E, 0xF0, 0x44, 0x09, 0xF0, 0xC7, 0x77, 0x77, 0x09, 0xF0, 0xA4, 0x0E, 0xF0, 0x67,
  0x77, 0x77, 0x03, 0xF9, 0x01, 0x20, 0x3F, 0x90, 0x18, 0x0C, 0x00, 0x0D, 0xF0, 0x52, 0x07, 0xF0,
  0xC8, 0x0C, 0x10, 0x08, 0xF0, 0x92, 0x0B, 0xF0, 0x88, 0x0C, 0x10, 0x05, 0xF0, 0xD2, 0x0E, 0xF0,
  0x48, 0x0C, 0x10, 0x01, 0xF9, 0x00, 0x1F, 0x90, 0x18, 0x0C, 0x20, 0x0D, 0xF0, 0x03, 0xF0, 0xE8,
  0x0C, 0x30, 0x0B, 0xF0, 0x60, 0x5F, 0x0C, 0x80, 0xC3, 0x00, 0x9F, 0x08, 0x07, 0xF0, 0xA8, 0x0C,
  0x30, 0x07, 0xF0, 0xA0, 0x9F, 0x09, 0x80, 0xC3, 0x00, 0x6F, 0x0B, 0x09, 0xF0, 0x78, 0x0C, 0x30,
  0x05, 0xF0, 0xC0, 0xAF, 0x07, 0x80, 0xC3, 0x00, 0x4F, 0x0C, 0x0B, 0xF0, 0x68, 0x0C, 0x30, 0x04,
  0xF0, 0xD0, 0xBF, 0x06, 0x80, 0xC3, 0x00, 0x4F, 0x0E, 0x0A, 0xF0, 0x68, 0x0C, 0x30, 0x04, 0xF0,
  0xD0, 0xAF, 0x07, 0x80, 0xC3, 0x00, 0x4F, 0x0C, 0x09, 0xF0, 0x88, 0x0C, 0x30, 0x05, 0xF0, 0xC0,
  0x9F, 0x09, 0x80, 0xC3, 0x00, 0x6F, 0x0B, 0x07, 0xF0, 0xA8, 0x0C, 0x30, 0x07, 0xF0, 0xA0, 0x5F,
  0x0C, 0x80, 0xC3, 0x00, 0x9F, 0x08, 0x03, 0xF0, 0xE8, 0x0C, 0x30, 0x0C, 0xF0, 0x50, 0x1F, 0x90,
  0x18, 0x0C, 0x20, 0x0E, 0xF8, 0x13, 0x0E, 0xF0, 0x58, 0x0C, 0x10, 0x02, 0xF9, 0x81, 0x10, 0xAF,
  0x08, 0x80, 0xC1, 0x00, 0x5F, 0x0C, 0x20, 0x6F, 0x0C, 0x80, 0xC1, 0x00, 0x9F, 0x08, 0x20, 0x3F,
  0x90, 0x18, 0x0C, 0x00, 0x0E, 0xF0, 0x43, 0x0E, 0xF0, 0x77, 0x77, 0x77, 0x04, 0xF9, 0x01, 0x30,
  0x8F, 0x0D, 0x77, 0x77, 0x70, 0xAF, 0x0A, 0x40, 0x3F, 0x90, 0x47, 0x77, 0x75, 0x01, 0xF9, 0x04,
  0x50, 0xDF, 0x0C, 0x77, 0x77, 0x50, 0x9F, 0x0D, 0x60, 0x6F, 0x90, 0x57, 0x77, 0x73, 0x02, 0xF9,
  0x06, 0x70, 0xDF, 0x0E, 0x01, 0x77, 0x77, 0x20, 0xBF, 0x0D, 0x71, 0x05, 0xF9, 0x0B, 0x77, 0x77,
  0x10, 0x7F, 0x90, 0x57, 0x20, 0xCF, 0x90, 0x97, 0x77, 0x60, 0x5F, 0x90, 0xC7, 0x30, 0x20, 0xEF,
  0x90, 0x97, 0x77, 0x40, 0x6F, 0x90, 0xE0, 0x17, 0x40, 0x5F, 0xA0, 0xC0, 0x27, 0x77, 0x10, 0x9F,
  0xA0, 0x57, 0x60, 0x8F, 0xA8, 0x1E, 0x81, 0x77, 0x40, 0x50, 0xDF, 0xA0, 0x87, 0x71, 0x09, 0xFB,
  0x81, 0xE9, 0x47, 0x68, 0x12, 0x8D, 0xFB, 0x08, 0x77, 0x30, 0x9F, 0xE8, 0x92, 0xB9, 0x75, 0x54,
  0x45, 0x68, 0xBE, 0xFD, 0x08, 0x77, 0x50, 0x6F, 0xFF, 0xFE, 0x0E, 0x05, 0x77, 0x70, 0x20, 0xDF,
  0xFF, 0xFB, 0x0C, 0x02, 0x77, 0x73, 0x06, 0x0E, 0xFF, 0xFE, 0x0D, 0x06, 0x77, 0x77, 0x07, 0x0D,
  0xFF, 0xFA, 0x0D, 0x07, 0x77, 0x77, 0x48, 0x13, 0x8D, 0xFF, 0xB8, 0x1D, 0x83, 0x80, 0xC1, 0x08,
  0x97, 0x14, 0x7A, 0xCC, 0xDE, 0xFE, 0xDD, 0xCA, 0x74, 0x27, 0x76,
  // "Ó" (U+00D3), RLE, 1703 bytes saved (72.9%)
  0x77, 0x77, 0x30, 0xAF, 0x90, 0xB8, 0x0D, 0x20, 0x03, 0xFA, 0x04, 0x80, 0xD2, 0x00, 0xBF, 0x90,
  0x88, 0x0D, 0x20, 0x05, 0xF9, 0x0B, 0x80, 0xD3, 0x00, 0xDF, 0x0D, 0x01, 0x80, 0xD2, 0x00, 0x8F,
  0x0E, 0x02, 0x80, 0xD2, 0x00, 0x3F, 0x0E, 0x03, 0x80, 0xD3, 0x00, 0xCF, 0x04, 0x80, 0xD3, 0x00,
  0x6F, 0x05, 0x80, 0xD3, 0x00, 0x20, 0xEE, 0x05, 0x80, 0xD4, 0x00, 0xBE, 0x05, 0x80, 0xD4, 0x00,
  0x7E, 0x05, 0x80, 0xD4, 0x00, 0x3D, 0x0E, 0x04, 0x80, 0xD5, 0x00, 0x8C, 0x0D, 0x02, 0x80, 0xD9,
  0x00, 0x89, 0x71, 0x47, 0x9B, 0xCD, 0xEF, 0xED, 0xDC, 0xA7, 0x52, 0x80, 0xC1, 0x08, 0x13, 0x8D,
  0xFF, 0xB8, 0x1E, 0x93, 0x77, 0x77, 0x40, 0x70, 0xDF, 0xFF, 0xA0, 0xE0, 0x77, 0x77, 0x70, 0x60,
  0xEF, 0xFF, 0xE0, 0xE0, 0x67, 0x77, 0x30, 0x20, 0xCF, 0xFF, 0xFB, 0x0C, 0x02, 0x77, 0x70, 0x60,
  0xEF, 0xFF, 0xFE, 0x06, 0x77, 0x50, 0x9F, 0xE8, 0x92, 0xC9, 0x75, 0x54, 0x45, 0x68, 0xAE, 0xFD,
  0x09, 0x77, 0x30, 0x9F, 0xB8, 0x1E, 0xA4, 0x76, 0x81, 0x27, 0xDF, 0xB0, 0x97, 0x71, 0x09, 0xFB,
  0x08, 0x01, 0x77, 0x40, 0x50, 0xDF, 0xA0, 0x97, 0x60, 0x5F, 0xA0, 0xC0, 0x27, 0x77, 0x10, 0x8F,
  0xA0, 0x57, 0x40, 0x20, 0xEF, 0x90, 0x97, 0x77, 0x40, 0x5F, 0x90, 0xE0, 0x27, 0x30, 0xCF, 0x90,
  0x97, 0x77, 0x60, 0x4F, 0x90, 0xC7, 0x20, 0x5F, 0x90, 0xB7, 0x77, 0x71, 0x06, 0xF9, 0x06, 0x71,
  0x0D, 0xF0, 0xE0, 0x17, 0x77, 0x72, 0x0B, 0xF0, 0xE7, 0x06, 0xF9, 0x05, 0x77, 0x77, 0x30, 0x10,
  0xEF, 0x07, 0x60, 0xDF, 0x0C, 0x77, 0x77, 0x50, 0x8F, 0x0E, 0x50, 0x3F, 0x90, 0x47, 0x77, 0x75,
  0x01, 0x0E, 0xF0, 0x44, 0x09, 0xF0, 0xC7, 0x77, 0x77, 0x09, 0xF0, 0xA4, 0x0E, 0xF0, 0x67, 0x77,
  0x77, 0x03, 0xF9, 0x01, 0x20, 0x3F, 0x90, 0x18, 0x0C, 0x00, 0x0D, 0xF0, 0x52, 0x07, 0xF0, 0xC8,
  0x0C, 0x10, 0x08, 0xF0, 0x92, 0x0B, 0xF0, 0x88, 0x0C, 0x10, 0x05, 0xF0, 0xD2, 0x0E, 0xF0, 0x48,
  0x0C, 0x10, 0x01, 0xF9, 0x00, 0x1F, 0x90, 0x18, 0x0C, 0x20, 0x0D, 0xF0, 0x03, 0xF0, 0xE8, 0x0C,
  0x30, 0x0B, 0xF0, 0x60, 0x5F, 0x0C, 0x80, 0xC3, 0x00, 0x9F, 0x08, 0x07, 0xF0, 0xA8, 0x0C, 0x30,
  0x07, 0xF0, 0xA0, 0x9F, 0x09, 0x80, 0xC3, 0x00, 0x6F, 0x0B, 0x09, 0xF0, 0x78, 0x0C, 0x30, 0x05,
  0xF0, 0xC0, 0xAF, 0x07, 0x80, 0xC3, 0x00, 0x4F, 0x0C, 0x0B, 0xF0, 0x68, 0x0C, 0x30, 0x04, 0xF0,
  0xD0, 0xBF, 0x06, 0x80, 0xC3, 0x00, 0x4F, 0x0E, 0x0A, 0xF0, 0x68, 0x0C, 0x30, 0x04, 0xF0, 0xD0,
  0xAF, 0x07, 0x80, 0xC3, 0x00, 0x4F, 0x0C, 0x09, 0xF0, 0x88, 0x0C, 0x30, 0x05, 0xF0, 0xC0, 0x9F,
  0x09, 0x80, 0xC3, 0x00, 0x6F, 0x0B, 0x07, 0xF0, 0xA8, 0x0C, 0x30, 0x07, 0xF0, 0xA0, 0x5F, 0x0C,
  0x80, 0xC3, 0x00, 0x9F, 0x08, 0x03, 0xF0, 0xE8, 0x0C, 0x30, 0x0C, 0xF0, 0x50, 0x1F, 0x90, 0x18,
  0x0C, 0x20, 0x0E, 0xF8, 0x13, 0x0E, 0xF0, 0x58, 0x0C, 0x10, 0x02, 0xF9, 0x81, 0x10, 0xAF, 0x08,
  0x80, 0xC1, 0x00, 0x5F, 0x0C, 0x20, 0x6F, 0x0C, 0x80, 0xC1, 0x00, 0x9F, 0x08, 0x20, 0x3F, 0x90,
  0x18, 0x0C, 0x00, 0x0E, 0xF0, 0x43, 0x0E, 0xF0, 0x77, 0x77, 0x77, 0x04, 0xF9, 0x01, 0x30, 0x8F,
  0x0D, 0x77, 0x77, 0x70, 0xAF, 0x0A, 0x40, 0x3F, 0x90, 0x47, 0x77, 0x75, 0x01, 0xF9, 0x04, 0x50,
  0xDF, 0x0C, 0x77, 0x77, 0x50, 0x9F, 0x0D, 0x60, 0x6F, 0x90, 0x57, 0x77, 0x73, 0x02, 0xF9, 0x06,
  0x70, 0xDF, 0x0E, 0x01, 0x77, 0x77, 0x20, 0xBF, 0x0D, 0x71, 0x05, 0xF9, 0x0B, 0x77, 0x77, 0x10,
  0x7F, 0x90, 0x57, 0x20, 0xCF, 0x90, 0x97, 0x77, 0x60, 0x5F, 0x90, 0xC7, 0x30, 0x20, 0xEF, 0x90,
  0x97, 0x77, 0x40, 0x6F, 0x90, 0xE0, 0x17, 0x40, 0x5F, 0xA0, 0xC0, 0x27, 0x77, 0x10, 0x9F, 0xA0,
  0x57, 0x60, 0x8F, 0xA8, 0x1E, 0x81, 0x77, 0x40, 0x50, 0xDF, 0xA0, 0x87, 0x71, 0x09, 0xFB, 0x81,
  0xE9, 0x47, 0x68, 0x12, 0x8D, 0xFB, 0x08, 0x77, 0x30, 0x9F, 0xE8, 0x92, 0xB9, 0x75, 0x54, 0x45,
  0x68, 0xBE, 0xFD, 0x08, 0x77, 0x50, 0x6F, 0xFF, 0xFE, 0x0E, 0x05, 0x77, 0x70, 0x20, 0xDF, 0xFF,
  0xFB, 0x0C, 0x02, 0x77, 0x73, 0x06, 0x0E, 0xFF, 0xFE, 0x0D, 0x06, 0x77, 0x77, 0x07, 0x0D, 0xFF,
  0xFA, 0x0D, 0x07, 0x77, 0x77, 0x48, 0x13, 0x8D, 0xFF, 0xB8, 0x1D, 0x83, 0x80, 0xC1, 0x08, 0x97,
  0x14, 0x7A, 0xCC, 0xDE, 0xFE, 0xDD, 0xCA, 0x74, 0x27, 0x76,
  // "Ô" (U+00D4), RLE, 1668 bytes saved (71.4%)
  0x77, 0x73, 0x04, 0xF0, 0xE0, 0x18, 0x0D, 0x30, 0x0D, 0xF9, 0x0A, 0x80, 0xD2, 0x00, 0x9F, 0xB0,
  0x58, 0x0D, 0x00, 0x05, 0xFC, 0x0E, 0x02, 0x80, 0xC6, 0x00, 0x20, 0xEF, 0xD0, 0xC8, 0x0C, 0x50,
  0x01, 0x0D, 0xFF, 0x0B, 0x80, 0xC4, 0x00, 0xCF, 0x07, 0x0B, 0xF0, 0x88, 0x0C, 0x20, 0x09, 0xF0,
  0x62, 0x0B, 0xF0, 0x68, 0x0C, 0x00, 0x07, 0xF0, 0x54, 0x0B, 0xF0, 0x47, 0x77, 0x76, 0x05, 0xE0,
  0xE0, 0x46, 0x09, 0xE0, 0xE0, 0x37, 0x77, 0x74, 0x04, 0xE0, 0xE0, 0x37, 0x10, 0x7E, 0x0E, 0x02,
  0x77, 0x77, 0x20, 0x30, 0xED, 0x0C, 0x01, 0x73, 0x05, 0x0E, 0xD0, 0xD0, 0x27, 0x77, 0x70, 0x20,
  0xED, 0x09, 0x76, 0x02, 0x0C, 0xD0, 0xD0, 0x17, 0x77, 0x60, 0x8C, 0x0E, 0x05, 0x77, 0x20, 0x8D,
  0x07, 0x80, 0xCF, 0x20, 0x89, 0x71, 0x47, 0x9B, 0xCD, 0xEF, 0xED, 0xDC, 0xA7, 0x52, 0x80, 0xC1,
  0x08, 0x13, 0x8D, 0xFF, 0xB8, 0x1E, 0x93, 0x77, 0x77, 0x40, 0x70, 0xDF, 0xFF, 0xA0, 0xE0, 0x77,
  0x77, 0x70, 0x60, 0xEF, 0xFF, 0xE0, 0xE0, 0x67, 0x77, 0x30, 0x20, 0xCF, 0xFF, 0xFB, 0x0C, 0x02,
  0x77, 0x70, 0x60, 0xEF, 0xFF, 0xFE, 0x06, 0x77, 0x50, 0x9F, 0xE8, 0x92, 0xC9, 0x75, 0x54, 0x45,
  0x68, 0xAE, 0xFD, 0x09, 0x77, 0x30, 0x9F, 0xB8, 0x1E, 0xA4, 0x76, 0x81, 0x27, 0xDF, 0xB0, 0x97,
  0x71, 0x09, 0xFB, 0x08, 0x01, 0x77, 0x40, 0x50, 0xDF, 0xA0, 0x97, 0x60, 0x5F, 0xA0, 0xC0, 0x27,
  0x77, 0x10, 0x8F, 0xA0, 0x57, 0x40, 0x20, 0xEF, 0x90, 0x97, 0x77, 0x40, 0x5F, 0x90, 0xE0, 0x27,
  0x30, 0xCF, 0x90, 0x97, 0x77, 0x60, 0x4F, 0x90, 0xC7, 0x20, 0x5F, 0x90, 0xB7, 0x77, 0x71, 0x06,
  0xF9, 0x06, 0x71, 0x0D, 0xF0, 0xE0, 0x17, 0x77, 0x72, 0x0B, 0xF0, 0xE7, 0x06, 0xF9, 0x05, 0x77,
  0x77, 0x30, 0x10, 0xEF, 0x07, 0x60, 0xDF, 0x0C, 0x77, 0x77, 0x50, 0x8F, 0x0E, 0x50, 0x3F, 0x90,
  0x47, 0x77, 0x75, 0x01, 0x0E, 0xF0, 0x44, 0x09, 0xF0, 0xC7, 0x77, 0x77, 0x09, 0xF0, 0xA4, 0x0E,
  0xF0, 0x67, 0x77, 0x77, 0x03, 0xF9, 0x01, 0x20, 0x3F, 0x90, 0x18, 0x0C, 0x00, 0x0D, 0xF0, 0x52,
  0x07, 0xF0, 0xC8, 0x0C, 0x10, 0x08, 0xF0, 0x92, 0x0B, 0xF0, 0x88, 0x0C, 0x10, 0x05, 0xF0, 0xD2,
  0x0E, 0xF0, 0x48, 0x0C, 0x10, 0x01, 0xF9, 0x00, 0x1F, 0x90, 0x18, 0x0C, 0x20, 0x0D, 0xF0, 0x03,
  0xF0, 0xE8, 0x0C, 0x30, 0x0B, 0xF0, 0x60, 0x5F, 0x0C, 0x80, 0xC3, 0x00, 0x9F, 0x08, 0x07, 0xF0,
  0xA8, 0x0C, 0x30, 0x07, 0xF0, 0xA0, 0x9F, 0x09, 0x80, 0xC3, 0x00, 0x6F, 0x0B, 0x09, 0xF0, 0x78,
  0x0C, 0x30, 0x05, 0xF0, 0xC0, 0xAF, 0x07, 0x80, 0xC3, 0x00, 0x4F, 0x0C, 0x0B, 0xF0, 0x68, 0x0C,
  0x30, 0x04, 0xF0, 0xD0, 0xBF, 0x06, 0x80, 0xC3, 0x00, 0x4F, 0x0E, 0x0A, 0xF0, 0x68, 0x0C, 0x30,
  0x04, 0xF0, 0xD0, 0xAF, 0x07, 0x80, 0xC3, 0x00, 0x4F, 0x0C, 0x09, 0xF0, 0x88, 0x0C, 0x30, 0x05,
  0xF0, 0xC0, 0x9F, 0x09, 0x80, 0xC3, 0x00, 0x6F, 0x0B, 0x07, 0xF0, 0xA8, 0x0C, 0x30, 0x07, 0xF0,
  0xA0, 0x5F, 0x0C, 0x80, 0xC3, 0x00, 0x9F, 0x08, 0x03, 0xF0, 0xE8, 0x0C, 0x30, 0x0C, 0xF0, 0x50,
  0x1F, 0x90, 0x18, 0x0C, 0x20, 0x0E, 0xF8, 0x13, 0x0E, 0xF0, 0x58, 0x0C, 0x10, 0x02, 0xF9, 0x81,
  0x10, 0xAF, 0x08, 0x80, 0xC1, 0x00, 0x5F, 0x0C, 0x20, 0x6F, 0x0C, 0x80, 0xC1, 0x00, 0x9F, 0x08,
  0x20, 0x3F, 0x90, 0x18, 0x0C, 0x00, 0x0E, 0xF0, 0x43, 0x0E, 0xF0, 0x77, 0x77, 0x77, 0x04, 0xF9,
  0x01, 0x30, 0x8F, 0x0D, 0x77, 0x77, 0x70, 0xAF, 0x0A, 0x40, 0x3F, 0x90, 0x47, 0x77, 0x75, 0x01,
  0xF9, 0x04, 0x50, 0xDF, 0x0C, 0x77, 0x77, 0x50, 0x9F, 0x0D, 0x60, 0x6F, 0x90, 0x57, 0x77, 0x73,
  0x02, 0xF9, 0x06, 0x70, 0xDF, 0x0E, 0x01, 0x77, 0x77, 0x20, 0xBF, 0x0D, 0x71, 0x05, 0xF9, 0x0B,
  0x77, 0x77, 0x10, 0x7F, 0x90, 0x57, 0x20, 0xCF, 0x90, 0x97, 0x77, 0x60, 0x5F, 0x90, 0xC7, 0x30,
  0x20, 0xEF, 0x90, 0x97, 0x77, 0x40, 0x6F, 0x90, 0xE0, 0x17, 0x40, 0x5F, 0xA0, 0xC0, 0x27, 0x77,
  0x10, 0x9F, 0xA0, 0x57, 0x60, 0x8F, 0xA8, 0x1E, 0x81, 0x77, 0x40, 0x50, 0xDF, 0xA0, 0x87, 0x71,
  0x09, 0xFB, 0x81, 0xE9, 0x47, 0x68, 0x12, 0x8D, 0xFB, 0x08, 0x77, 0x30, 0x9F, 0xE8, 0x92, 0xB9,
  0x75, 0x54, 0x45, 0x68, 0xBE, 0xFD, 0x08, 0x77, 0x50, 0x6F, 0xFF, 0xFE, 0x0E, 0x05, 0x77, 0x70,
  0x20, 0xDF, 0xFF, 0xFB, 0x0C, 0x02, 0x77, 0x73, 0x06, 0x0E, 0xFF, 0xFE, 0x0D, 0x06, 0x77, 0x77,
  0x07, 0x0D, 0xFF, 0xFA, 0x0D, 0x07, 0x77, 0x77, 0x48, 0x13, 0x8D, 0xFF, 0xB8, 0x1D, 0x83, 0x80,
  0xC1, 0x08, 0x97, 0x14, 0x7A, 0xCC, 0xDE, 0xFE, 0xDD, 0xCA, 0x74, 0x27, 0x76,
  // "Õ" (U+00D5), RLE, 1585 bytes saved (70.4%)
  0x77, 0x48, 0x65, 0xAD, 0xEE, 0xDA, 0x57, 0x60, 0x7B, 0x0E, 0x77, 0x77, 0x10, 0x20, 0xCF, 0x90,
  0xD0, 0x67, 0x40, 0xCB, 0x0B, 0x77, 0x77, 0x02, 0x0E, 0xFC, 0x0C, 0x04, 0x71, 0x04, 0xC0, 0x87,
  0x77, 0x60, 0x10, 0xDF, 0xF0, 0xB0, 0x35, 0x01, 0x0D, 0xC0, 0x47, 0x77, 0x60, 0x9F, 0xFB, 0x84,
  0xC7, 0x45, 0x8E, 0xC0, 0xE7, 0x77, 0x60, 0x2F, 0xFF, 0xF0, 0x87, 0x77, 0x60, 0x8D, 0x84, 0xB6,
  0x45, 0x9E, 0xFF, 0xA0, 0xE0, 0x17, 0x77, 0x60, 0xDC, 0x07, 0x60, 0x70, 0xEF, 0xF0, 0x67, 0x77,
  0x60, 0x2C, 0x0B, 0x71, 0x81, 0x18, 0xEF, 0xC0, 0x87, 0x77, 0x70, 0x5C, 0x04, 0x73, 0x01, 0x09,
  0xF9, 0x0E, 0x07, 0x77, 0x77, 0x10, 0x7B, 0x0E, 0x76, 0x87, 0x17, 0xBE, 0xFE, 0xC7, 0x18, 0x0C,
  0xF7, 0x08, 0x97, 0x14, 0x79, 0xBC, 0xDE, 0xFE, 0xDD, 0xCA, 0x75, 0x28, 0x0C, 0x10, 0x81, 0x38,
  0xDF, 0xFB, 0x81, 0xE9, 0x37, 0x77, 0x74, 0x07, 0x0D, 0xFF, 0xFA, 0x0E, 0x07, 0x77, 0x77, 0x06,
  0x0E, 0xFF, 0xFE, 0x0E, 0x06, 0x77, 0x73, 0x02, 0x0C, 0xFF, 0xFF, 0xB0, 0xC0, 0x27, 0x77, 0x06,
  0x0E, 0xFF, 0xFF, 0xE0, 0x67, 0x75, 0x09, 0xFE, 0x89, 0x2C, 0x97, 0x55, 0x44, 0x56, 0x8A, 0xEF,
  0xD0, 0x97, 0x73, 0x09, 0xFB, 0x81, 0xEA, 0x47, 0x68, 0x12, 0x7D, 0xFB, 0x09, 0x77, 0x10, 0x9F,
  0xB0, 0x80, 0x17, 0x74, 0x05, 0x0D, 0xFA, 0x09, 0x76, 0x05, 0xFA, 0x0C, 0x02, 0x77, 0x71, 0x08,
  0xFA, 0x05, 0x74, 0x02, 0x0E, 0xF9, 0x09, 0x77, 0x74, 0x05, 0xF9, 0x0E, 0x02, 0x73, 0x0C, 0xF9,
  0x09, 0x77, 0x76, 0x04, 0xF9, 0x0C, 0x72, 0x05, 0xF9, 0x0B, 0x77, 0x77, 0x10, 0x6F, 0x90, 0x67,
  0x10, 0xDF, 0x0E, 0x01, 0x77, 0x77, 0x20, 0xBF, 0x0E, 0x70, 0x6F, 0x90, 0x57, 0x77, 0x73, 0x01,
  0x0E, 0xF0, 0x76, 0x0D, 0xF0, 0xC7, 0x77, 0x75, 0x08, 0xF0, 0xE5, 0x03, 0xF9, 0x04, 0x77, 0x77,
  0x50, 0x10, 0xEF, 0x04, 0x40, 0x9F, 0x0C, 0x77, 0x77, 0x70, 0x9F, 0x0A, 0x40, 0xEF, 0x06, 0x77,
  0x77, 0x70, 0x3F, 0x90, 0x12, 0x03, 0xF9, 0x01, 0x80, 0xC0, 0x00, 0xDF, 0x05, 0x20, 0x7F, 0x0C,
  0x80, 0xC1, 0x00, 0x8F, 0x09, 0x20, 0xBF, 0x08, 0x80, 0xC1, 0x00, 0x5F, 0x0D, 0x20, 0xEF, 0x04,
  0x80, 0xC1, 0x00, 0x1F, 0x90, 0x01, 0xF9, 0x01, 0x80, 0xC2, 0x00, 0xDF, 0x00, 0x3F, 0x0E, 0x80,
  0xC3, 0x00, 0xBF, 0x06, 0x05, 0xF0, 0xC8, 0x0C, 0x30, 0x09, 0xF0, 0x80, 0x7F, 0x0A, 0x80, 0xC3,
  0x00, 0x7F, 0x0A, 0x09, 0xF0, 0x98, 0x0C, 0x30, 0x06, 0xF0, 0xB0, 0x9F, 0x07, 0x80, 0xC3, 0x00,
  0x5F, 0x0C, 0x0A, 0xF0, 0x78, 0x0C, 0x30, 0x04, 0xF0, 0xC0, 0xBF, 0x06, 0x80, 0xC3, 0x00, 0x4F,
  0x0D, 0x0B, 0xF0, 0x68, 0x0C, 0x30, 0x04, 0xF0, 0xE0, 0xAF, 0x06, 0x80, 0xC3, 0x00, 0x4F, 0x0D,
  0x0A, 0xF0, 0x78, 0x0C, 0x30, 0x04, 0xF0, 0xC0, 0x9F, 0x08, 0x80, 0xC3, 0x00, 0x5F, 0x0C, 0x09,
  0xF0, 0x98, 0x0C, 0x30, 0x06, 0xF0, 0xB0, 0x7F, 0x0A, 0x80, 0xC3, 0x00, 0x7F, 0x0A, 0x05, 0xF0,
  0xC8, 0x0C, 0x30, 0x09, 0xF0, 0x80, 0x3F, 0x0E, 0x80, 0xC3, 0x00, 0xCF, 0x05, 0x01, 0xF9, 0x01,
  0x80, 0xC2, 0x00, 0xEF, 0x81, 0x30, 0xEF, 0x05, 0x80, 0xC1, 0x00, 0x2F, 0x98, 0x11, 0x0A, 0xF0,
  0x88, 0x0C, 0x10, 0x05, 0xF0, 0xC2, 0x06, 0xF0, 0xC8, 0x0C, 0x10, 0x09, 0xF0, 0x82, 0x03, 0xF9,
  0x01, 0x80, 0xC0, 0x00, 0xEF, 0x04, 0x30, 0xEF, 0x07, 0x77, 0x77, 0x70, 0x4F, 0x90, 0x13, 0x08,
  0xF0, 0xD7, 0x77, 0x77, 0x0A, 0xF0, 0xA4, 0x03, 0xF9, 0x04, 0x77, 0x77, 0x50, 0x1F, 0x90, 0x45,
  0x0D, 0xF0, 0xC7, 0x77, 0x75, 0x09, 0xF0, 0xD6, 0x06, 0xF9, 0x05, 0x77, 0x77, 0x30, 0x2F, 0x90,
  0x67, 0x0D, 0xF0, 0xE0, 0x17, 0x77, 0x72, 0x0B, 0xF0, 0xD7, 0x10, 0x5F, 0x90, 0xB7, 0x77, 0x71,
  0x07, 0xF9, 0x05, 0x72, 0x0C, 0xF9, 0x09, 0x77, 0x76, 0x05, 0xF9, 0x0C, 0x73, 0x02, 0x0E, 0xF9,
  0x09, 0x77, 0x74, 0x06, 0xF9, 0x0E, 0x01, 0x74, 0x05, 0xFA, 0x0C, 0x02, 0x77, 0x71, 0x09, 0xFA,
  0x05, 0x76, 0x08, 0xFA, 0x81, 0xE8, 0x17, 0x74, 0x05, 0x0D, 0xFA, 0x08, 0x77, 0x10, 0x9F, 0xB8,
  0x1E, 0x94, 0x76, 0x81, 0x28, 0xDF, 0xB0, 0x87, 0x73, 0x09, 0xFE, 0x89, 0x2B, 0x97, 0x55, 0x44,
  0x56, 0x8B, 0xEF, 0xD0, 0x87, 0x75, 0x06, 0xFF, 0xFF, 0xE0, 0xE0, 0x57, 0x77, 0x02, 0x0D, 0xFF,
  0xFF, 0xB0, 0xC0, 0x27, 0x77, 0x30, 0x60, 0xEF, 0xFF, 0xE0, 0xD0, 0x67, 0x77, 0x70, 0x70, 0xDF,
  0xFF, 0xA0, 0xD0, 0x77, 0x77, 0x74, 0x81, 0x38, 0xDF, 0xFB, 0x81, 0xD8, 0x38, 0x0C, 0x10, 0x89,
  0x71, 0x47, 0xAC, 0xCD, 0xEF, 0xED, 0xDC, 0xA7, 0x42, 0x77, 0x60,
  // "Ö" (U+00D6), RLE, 1610 bytes saved (71.5%)
  0x77, 0x48, 0x44, 0xBF, 0xEA, 0x27, 0x38, 0x43, 0xBE, 0xEA, 0x27, 0x77, 0x76, 0x05, 0xD0, 0xE0,
  0x17, 0x10, 0x3D, 0x0E, 0x02, 0x77, 0x77, 0x50, 0xDE, 0x09, 0x71, 0x0B, 0xE0, 0xA7, 0x77, 0x74,
  0x01, 0xF0, 0xC7, 0x10, 0xEE, 0x0E, 0x77, 0x77, 0x40, 0x2F, 0x0D, 0x71, 0xF0, 0xE7, 0x77, 0x74,
  0x01, 0xF0, 0xC7, 0x10, 0xEE, 0x0D, 0x77, 0x77, 0x50, 0xDE, 0x08, 0x71, 0x0A, 0xE0, 0x97, 0x77,
  0x75, 0x04, 0xD0, 0xD0, 0x17, 0x10, 0x20, 0xEC, 0x0E, 0x02, 0x77, 0x77, 0x68, 0x43, 0xBF, 0xE9,
  0x17, 0x38, 0x43, 0xBE, 0xEA, 0x28, 0x0E, 0xE0, 0x08, 0x97, 0x14, 0x79, 0xBC, 0xDE, 0xFE, 0xDD,
  0xCA, 0x75, 0x28, 0x0C, 0x10, 0x81, 0x38, 0xDF, 0xFB, 0x81, 0xE9, 0x37, 0x77, 0x74, 0x07, 0x0D,
  0xFF, 0xFA, 0x0E, 0x07, 0x77, 0x77, 0x06, 0x0E, 0xFF, 0xFE, 0x0E, 0x06, 0x77, 0x73, 0x02, 0x0C,
  0xFF, 0xFF, 0xB0, 0xC0, 0x27, 0x77, 0x06, 0x0E, 0xFF, 0xFF, 0xE0, 0x67, 0x75, 0x09, 0xFE, 0x89,
  0x2C, 0x97, 0x55, 0x44, 0x56, 0x8A, 0xEF, 0xD0, 0x97, 0x73, 0x09, 0xFB, 0x81, 0xEA, 0x47, 0x68,
  0x12, 0x7D, 0xFB, 0x09, 0x77, 0x10, 0x9F, 0xB0, 0x80, 0x17, 0x74, 0x05, 0x0D, 0xFA, 0x09, 0x76,
  0x05, 0xFA, 0x0C, 0x02, 0x77, 0x71, 0x08, 0xFA, 0x05, 0x74, 0x02, 0x0E, 0xF9, 0x09, 0x77, 0x74,
  0x05, 0xF9, 0x0E, 0x02, 0x73, 0x0C, 0xF9, 0x09, 0x77, 0x76, 0x04, 0xF9, 0x0C, 0x72, 0x05, 0xF9,
  0x0B, 0x77, 0x77, 0x10, 0x6F, 0x90, 0x67, 0x10, 0xDF, 0x0E, 0x01, 0x77, 0x77, 0x20, 0xBF, 0x0E,
  0x70, 0x6F, 0x90, 0x57, 0x77, 0x73, 0x01, 0x0E, 0xF0, 0x76, 0x0D, 0xF0, 0xC7, 0x77, 0x75, 0x08,
  0xF0, 0xE5, 0x03, 0xF9, 0x04, 0x77, 0x77, 0x50, 0x10, 0xEF, 0x04, 0x40, 0x9F, 0x0C, 0x77, 0x77,
  0x70, 0x9F, 0x0A, 0x40, 0xEF, 0x06, 0x77, 0x77, 0x70, 0x3F, 0x90, 0x12, 0x03, 0xF9, 0x01, 0x80,
  0xC0, 0x00, 0xDF, 0x05, 0x20, 0x7F, 0x0C, 0x80, 0xC1, 0x00, 0x8F, 0x09, 0x20, 0xBF, 0x08, 0x80,
  0xC1, 0x00, 0x5F, 0x0D, 0x20, 0xEF, 0x04, 0x80, 0xC1, 0x00, 0x1F, 0x90, 0x01, 0xF9, 0x01, 0x80,
  0xC2, 0x00, 0xDF, 0x00, 0x3F, 0x0E, 0x80, 0xC3, 0x00, 0xBF, 0x06, 0x05, 0xF0, 0xC8, 0x0C, 0x30,
  0x09, 0xF0, 0x80, 0x7F, 0x0A, 0x80, 0xC3, 0x00, 0x7F, 0x0A, 0x09, 0xF0, 0x98, 0x0C, 0x30, 0x06,
  0xF0, 0xB0, 0x9F, 0x07, 0x80, 0xC3, 0x00, 0x5F, 0x0C, 0x0A, 0xF0, 0x78, 0x0C, 0x30, 0x04, 0xF0,
  0xC0, 0xBF, 0x06, 0x80, 0xC3, 0x00, 0x4F, 0x0D, 0x0B, 0xF0, 0x68, 0x0C, 0x30, 0x04, 0xF0, 0xE0,
  0xAF, 0x06, 0x80, 0xC3, 0x00, 0x4F, 0x0D, 0x0A, 0xF0, 0x78, 0x0C, 0x30, 0x04, 0xF0, 0xC0, 0x9F,
  0x08, 0x80, 0xC3, 0x00, 0x5F, 0x0C, 0x09, 0xF0, 0x98, 0x0C, 0x30, 0x06, 0xF0, 0xB0, 0x7F, 0x0A,
  0x80, 0xC3, 0x00, 0x7F, 0x0A, 0x05, 0xF0, 0xC8, 0x0C, 0x30, 0x09, 0xF0, 0x80, 0x3F, 0x0E, 0x80,
  0xC3, 0x00, 0xCF, 0x05, 0x01, 0xF9, 0x01, 0x80, 0xC2, 0x00, 0xEF, 0x81, 0x30, 0xEF, 0x05, 0x80,
  0xC1, 0x00, 0x2F, 0x98, 0x11, 0x0A, 0xF0, 0x88, 0x0C, 0x10, 0x05, 0xF0, 0xC2, 0x06, 0xF0, 0xC8,
  0x0C, 0x10, 0x09, 0xF0, 0x82, 0x03, 0xF9, 0x01, 0x80, 0xC0, 0x00, 0xEF, 0x04, 0x30, 0xEF, 0x07,
  0x77, 0x77, 0x70, 0x4F, 0x90, 0x13, 0x08, 0xF0, 0xD7, 0x77, 0x77, 0x0A, 0xF0, 0xA4, 0x03, 0xF9,
  0x04, 0x77, 0x77, 0x50, 0x1F, 0x90, 0x45, 0x0D, 0xF0, 0xC7, 0x77, 0x75, 0x09, 0xF0, 0xD6, 0x06,
  0xF9, 0x05, 0x77, 0x77, 0x30, 0x2F, 0x90, 0x67, 0x0D, 0xF0, 0xE0, 0x17, 0x77, 0x72, 0x0B, 0xF0,
  0xD7, 0x10, 0x5F, 0x90, 0xB7, 0x77, 0x71, 0x07, 0xF9, 0x05, 0x72, 0x0C, 0xF9, 0x09, 0x77, 0x76,
  0x05, 0xF9, 0x0C, 0x73, 0x02, 0x0E, 0xF9, 0x09, 0x77, 0x74, 0x06, 0xF9, 0x0E, 0x01, 0x74, 0x05,
  0xFA, 0x0C, 0x02, 0x77, 0x71, 0x09, 0xFA, 0x05, 0x76, 0x08, 0xFA, 0x81, 0xE8, 0x17, 0x74, 0x05,
  0x0D, 0xFA, 0x08, 0x77, 0x10, 0x9F, 0xB8, 0x1E, 0x94, 0x76, 0x81, 0x28, 0xDF, 0xB0, 0x87, 0x73,
  0x09, 0xFE, 0x89, 0x2B, 0x97, 0x55, 0x44, 0x56, 0x8B, 0xEF, 0xD0, 0x87, 0x75, 0x06, 0xFF, 0xFF,
  0xE0, 0xE0, 0x57, 0x77, 0x02, 0x0D, 0xFF, 0xFF, 0xB0, 0xC0, 0x27, 0x77, 0x30, 0x60, 0xEF, 0xFF,
  0xE0, 0xD0, 0x67, 0x77, 0x70, 0x70, 0xDF, 0xFF, 0xA0, 0xD0, 0x77, 0x77, 0x74, 0x81, 0x38, 0xDF,
  0xFB, 0x81, 0xD8, 0x38, 0x0C, 0x10, 0x89, 0x71, 0x47, 0xAC, 0xCD, 0xEF, 0xED, 0xDC, 0xA7, 0x42,
  0x77, 0x60,
  // "×" (U+00D7), RLE, 449 bytes saved (59.0%)
  0x40, 0x17, 0x77, 0x71, 0x01, 0x78, 0x11, 0xCB, 0x77, 0x76, 0x81, 0x9E, 0x25, 0x01, 0x0C, 0xA0,
  0xB7, 0x77, 0x40, 0x9A, 0x0D, 0x02, 0x30, 0x10, 0xCC, 0x0B, 0x77, 0x72, 0x09, 0xC8, 0x3D, 0x20,
  0x1C, 0xE0, 0xB7, 0x77, 0x09, 0xE8, 0x2D, 0x12, 0xEF, 0x0B, 0x77, 0x50, 0x9F, 0x83, 0xD2, 0x02,
  0xEF, 0x0B, 0x77, 0x30, 0x9F, 0x0D, 0x02, 0x30, 0x20, 0xEF, 0x0B, 0x77, 0x10, 0x9F, 0x0D, 0x02,
  0x50, 0x20, 0xEF, 0x0B, 0x76, 0x09, 0xF0, 0xD0, 0x27, 0x02, 0x0E, 0xF0, 0xA7, 0x40, 0x9F, 0x0D,
  0x02, 0x72, 0x02, 0x0E, 0xF0, 0xA7, 0x20, 0x9F, 0x0D, 0x02, 0x74, 0x02, 0x0E, 0xF0, 0xA7, 0x09,
  0xF0, 0xD0, 0x27, 0x60, 0x20, 0xEF, 0x0A, 0x50, 0x9F, 0x0D, 0x02, 0x77, 0x10, 0x20, 0xDF, 0x0A,
  0x30, 0x9F, 0x0D, 0x02, 0x77, 0x30, 0x20, 0xDF, 0x81, 0xA0, 0x9F, 0x0D, 0x02, 0x77, 0x50, 0x20,
  0xDF, 0x0D, 0xF0, 0xD0, 0x27, 0x77, 0x02, 0x0D, 0xFE, 0x0D, 0x02, 0x77, 0x72, 0x02, 0x0D, 0xFC,
  0x0D, 0x02, 0x77, 0x74, 0x02, 0x0D, 0xFA, 0x0D, 0x02, 0x77, 0x76, 0x02, 0xFA, 0x02, 0x77, 0x77,
  0x0A, 0xFA, 0x0B, 0x77, 0x76, 0x0A, 0xFC, 0x0B, 0x77, 0x74, 0x0A, 0xFE, 0x0B, 0x77, 0x72, 0x0A,
  0xFF, 0x90, 0xA7, 0x77, 0x0A, 0xF8, 0x1D, 0x5E, 0xF0, 0xA7, 0x75, 0x0A, 0xF8, 0x3D, 0x20, 0x3E,
  0xF0, 0xA7, 0x73, 0x0A, 0xF0, 0xE0, 0x23, 0x03, 0x0E, 0xF0, 0xA7, 0x71, 0x0A, 0xF0, 0xE0, 0x25,
  0x03, 0x0E, 0xF0, 0xA7, 0x60, 0xAF, 0x0E, 0x02, 0x70, 0x30, 0xEF, 0x0A, 0x74, 0x0A, 0xF0, 0xE0,
  0x27, 0x20, 0x30, 0xEF, 0x0A, 0x72, 0x0A, 0xF0, 0xE0, 0x27, 0x40, 0x20, 0xEF, 0x0A, 0x70, 0xAF,
  0x0E, 0x02, 0x76, 0x02, 0x0E, 0xF0, 0xA5, 0x0A, 0xF0, 0xE0, 0x37, 0x71, 0x02, 0x0E, 0xF0, 0xA3,
  0x0A, 0xF0, 0xE0, 0x37, 0x73, 0x02, 0x0E, 0xF8, 0x2A, 0x02, 0xEE, 0x0E, 0x03, 0x77, 0x50, 0x20,
  0xEE, 0x83, 0xE2, 0x03, 0xEC, 0x0E, 0x03, 0x77, 0x70, 0x20, 0xDC, 0x0E, 0x03, 0x30, 0x30, 0xEA,
  0x0E, 0x03, 0x77, 0x72, 0x02, 0x0D, 0xA0, 0xE0, 0x45, 0x82, 0x2E, 0xE3, 0x77, 0x74, 0x82, 0x2D,
  0xF4, 0x70, 0x20, 0x37, 0x77, 0x60, 0x20, 0x44,
  // "Ø" (U+00D8), RLE, 1227 bytes saved (64.2%)
  0x80, 0xD3, 0x00, 0x40, 0x78, 0x0E, 0x20, 0x83, 0x1E, 0xFC, 0x27, 0x77, 0x58, 0x97, 0x14, 0x79,
  0xBC, 0xDE, 0xFE, 0xDD, 0xCA, 0x74, 0x17, 0x20, 0xBC, 0x07, 0x77, 0x71, 0x81, 0x38, 0xDF, 0xFB,
  0x81, 0xD8, 0x45, 0x07, 0xE0, 0xC7, 0x75, 0x06, 0x0D, 0xFF, 0xFA, 0x83, 0xE8, 0x10, 0x3F, 0x09,
  0x77, 0x30, 0x60, 0xDF, 0xFF, 0xF0, 0x90, 0xDE, 0x0D, 0x77, 0x20, 0x20, 0xC8, 0x0C, 0x2F, 0x03,
  0x77, 0x10, 0x50, 0xE8, 0x0C, 0x2F, 0x08, 0x77, 0x10, 0x8F, 0xE8, 0x91, 0xC9, 0x75, 0x54, 0x56,
  0x7A, 0xDF, 0xF9, 0x0C, 0x77, 0x10, 0x8F, 0xC0, 0xA0, 0x47, 0x58, 0x11, 0x7D, 0xFD, 0x03, 0x77,
  0x08, 0xFB, 0x08, 0x01, 0x77, 0x30, 0x50, 0xEF, 0xB0, 0x47, 0x60, 0x5F, 0xA0, 0xC0, 0x27, 0x76,
  0x01, 0x0A, 0xFA, 0x0E, 0x02, 0x74, 0x01, 0x0E, 0xF9, 0x0A, 0x77, 0x72, 0x07, 0xFB, 0x0D, 0x74,
  0x0B, 0xF9, 0x09, 0x77, 0x72, 0x03, 0xFD, 0x09, 0x72, 0x05, 0xF9, 0x0B, 0x77, 0x73, 0x0D, 0xFE,
  0x04, 0x71, 0x0D, 0xF0, 0xE0, 0x17, 0x77, 0x20, 0x9F, 0xF0, 0xC7, 0x06, 0xF9, 0x05, 0x77, 0x72,
  0x04, 0xF0, 0xBF, 0x90, 0x56, 0x0C, 0xF0, 0xC7, 0x77, 0x20, 0x10, 0xEE, 0x81, 0x80, 0xDF, 0x0D,
  0x50, 0x3F, 0x90, 0x47, 0x77, 0x20, 0xBE, 0x0C, 0x20, 0x5F, 0x90, 0x44, 0x08, 0xF0, 0xD7, 0x77,
  0x20, 0x6F, 0x02, 0x30, 0xDF, 0x0A, 0x40, 0xEF, 0x06, 0x77, 0x71, 0x02, 0xF0, 0x64, 0x07, 0xF9,
  0x30, 0x3F, 0x90, 0x17, 0x77, 0x10, 0xCE, 0x0B, 0x50, 0x1F, 0x90, 0x42, 0x06, 0xF0, 0xC7, 0x77,
  0x10, 0x8E, 0x0E, 0x01, 0x60, 0xBF, 0x09, 0x20, 0xAF, 0x08, 0x77, 0x70, 0x4F, 0x05, 0x70, 0x7F,
  0x0D, 0x20, 0xEF, 0x04, 0x77, 0x60, 0x10, 0xDE, 0x09, 0x71, 0x03, 0xF9, 0x10, 0x1F, 0x90, 0x17,
  0x76, 0x0A, 0xE0, 0xD7, 0x3F, 0x90, 0x03, 0xF0, 0xE7, 0x76, 0x05, 0xF0, 0x37, 0x30, 0xCF, 0x06,
  0x05, 0xF0, 0xC7, 0x75, 0x02, 0x0E, 0xE0, 0x87, 0x40, 0xAF, 0x08, 0x07, 0xF0, 0xA7, 0x75, 0x0C,
  0xE0, 0xC7, 0x50, 0x8F, 0x00, 0x9F, 0x09, 0x77, 0x40, 0x7E, 0x0E, 0x02, 0x75, 0x06, 0xF0, 0xB0,
  0x9F, 0x07, 0x77, 0x30, 0x3F, 0x06, 0x76, 0x05, 0xF0, 0xC0, 0xAF, 0x07, 0x77, 0x30, 0xDE, 0x0A,
  0x77, 0x04, 0xF0, 0xD0, 0xBF, 0x06, 0x77, 0x20, 0x9E, 0x0E, 0x01, 0x77, 0x04, 0xF0, 0xD0, 0xBF,
  0x06, 0x77, 0x10, 0x5F, 0x04, 0x77, 0x10, 0x4F, 0x0E, 0x0B, 0xF0, 0x77, 0x70, 0x10, 0xEE, 0x09,
  0x77, 0x20, 0x4F, 0x0D, 0x0A, 0xF0, 0x87, 0x70, 0xBE, 0x0D, 0x77, 0x30, 0x4F, 0x0C, 0x0A, 0xF0,
  0x87, 0x60, 0x6F, 0x03, 0x77, 0x30, 0x5F, 0x0C, 0x09, 0xF0, 0x97, 0x50, 0x2F, 0x07, 0x77, 0x40,
  0x6F, 0x0B, 0x07, 0xF0, 0xA7, 0x50, 0xCE, 0x0B, 0x77, 0x50, 0x7F, 0x0A, 0x06, 0xF0, 0xC7, 0x40,
  0x8E, 0x0E, 0x01, 0x77, 0x50, 0x9F, 0x08, 0x04, 0xF9, 0x73, 0x04, 0xF0, 0x57, 0x76, 0x0B, 0xF0,
  0x50, 0x2F, 0x90, 0x27, 0x10, 0x10, 0xDE, 0x0A, 0x77, 0x70, 0xDF, 0x81, 0x30, 0xEF, 0x04, 0x71,
  0x0A, 0xE0, 0xD0, 0x17, 0x76, 0x01, 0xF9, 0x81, 0x10, 0xCF, 0x07, 0x70, 0x6F, 0x04, 0x77, 0x70,
  0x4F, 0x0D, 0x20, 0x8F, 0x0B, 0x60, 0x20, 0xEE, 0x08, 0x77, 0x71, 0x08, 0xF0, 0x92, 0x04, 0xF9,
  0x60, 0xCE, 0x0C, 0x77, 0x72, 0x0D, 0xF0, 0x53, 0xF9, 0x05, 0x40, 0x7F, 0x02, 0x77, 0x71, 0x03,
  0xF9, 0x01, 0x30, 0xBF, 0x0B, 0x30, 0x3F, 0x06, 0x77, 0x72, 0x09, 0xF0, 0xA4, 0x05, 0xF9, 0x03,
  0x20, 0xDE, 0x0B, 0x77, 0x72, 0x01, 0x0E, 0xF0, 0x45, 0x0E, 0xF8, 0x1B, 0x09, 0xE0, 0xE0, 0x17,
  0x77, 0x20, 0x8F, 0x0D, 0x60, 0x9F, 0x90, 0x9F, 0x05, 0x77, 0x72, 0x01, 0x0E, 0xF0, 0x76, 0x01,
  0xFF, 0x90, 0x97, 0x77, 0x30, 0xBF, 0x0D, 0x71, 0x09, 0xFE, 0x0D, 0x77, 0x73, 0x06, 0xF9, 0x05,
  0x71, 0x01, 0x0E, 0xFD, 0x03, 0x77, 0x72, 0x04, 0xF9, 0x0C, 0x73, 0x06, 0xFC, 0x07, 0x77, 0x72,
  0x05, 0xF9, 0x0E, 0x02, 0x74, 0x0B, 0xFB, 0x03, 0x77, 0x71, 0x08, 0xFA, 0x05, 0x75, 0x01, 0x0D,
  0xFB, 0x09, 0x01, 0x77, 0x40, 0x50, 0xDF, 0xA0, 0x87, 0x70, 0x5F, 0xD0, 0xB0, 0x57, 0x68, 0x12,
  0x7D, 0xFB, 0x08, 0x77, 0x01, 0x0D, 0xFF, 0x98, 0x92, 0xD9, 0x76, 0x54, 0x45, 0x68, 0xAE, 0xFD,
  0x08, 0x77, 0x10, 0xB8, 0x0C, 0x2F, 0x0E, 0x06, 0x77, 0x10, 0x78, 0x0C, 0x2F, 0x0C, 0x02, 0x77,
  0x10, 0x3F, 0x08, 0x09, 0xFF, 0xFF, 0x0E, 0x06, 0x77, 0x20, 0x10, 0xDE, 0x0B, 0x20, 0x10, 0x9F,
  0xFF, 0xB0, 0xE0, 0x77, 0x74, 0x05, 0xE0, 0xE0, 0x15, 0x81, 0x59, 0xEF, 0xFB, 0x81, 0xD9, 0x37,
  0x77, 0x03, 0x0C, 0xC0, 0x47, 0x28, 0x97, 0x25, 0x7A, 0xCD, 0xDE, 0xFE, 0xDD, 0xCA, 0x75, 0x27,
  0x77, 0x50, 0x7A, 0x08, 0x80, 0xE2, 0x00, 0x20, 0x98, 0x0D, 0x40,
  // "Ù" (U+00D9), RLE, 1441 bytes saved (73.2%)
  0x76, 0x08, 0xF9, 0x0B, 0x80, 0xC2, 0x00, 0x2F, 0xA0, 0x38, 0x0C, 0x20, 0x06, 0xF9, 0x0C, 0x80,
  0xC3, 0x00, 0x9F, 0x90, 0x58, 0x0C, 0x30, 0x0B, 0xF0, 0xD8, 0x0C, 0x30, 0x01, 0x0D, 0xF0, 0x98,
  0x0C, 0x30, 0x02, 0x0E, 0xF0, 0x38, 0x0C, 0x30, 0x03, 0x0E, 0xE0, 0xD8, 0x0C, 0x40, 0x03, 0x0E,
  0xE0, 0x78, 0x0C, 0x40, 0x04, 0xF0, 0x38, 0x0C, 0x40, 0x04, 0x0E, 0xD0, 0xD8, 0x0C, 0x50, 0x03,
  0x0E, 0xD0, 0x98, 0x0C, 0x50, 0x03, 0x0D, 0xD0, 0x58, 0x0C, 0x50, 0x01, 0x0C, 0xC0, 0xB8, 0x0C,
  0xD5, 0x00, 0x4F, 0x07, 0x77, 0x77, 0x30, 0x9F, 0x04, 0xF0, 0x77, 0x77, 0x73, 0x09, 0xF0, 0x4F,
  0x07, 0x77, 0x77, 0x30, 0x9F, 0x04, 0xF0, 0x77, 0x77, 0x73, 0x09, 0xF0, 0x4F, 0x07, 0x77, 0x77,
  0x30, 0x9F, 0x04, 0xF0, 0x77, 0x77, 0x73, 0x09, 0xF0, 0x4F, 0x07, 0x77, 0x77, 0x30, 0x9F, 0x04,
  0xF0, 0x77, 0x77, 0x73, 0x09, 0xF0, 0x4F, 0x07, 0x77, 0x77, 0x30, 0x9F, 0x04, 0xF0, 0x77, 0x77,
  0x73, 0x09, 0xF0, 0x4F, 0x07, 0x77, 0x77, 0x30, 0x9F, 0x04, 0xF0, 0x77, 0x77, 0x73, 0x09, 0xF0,
  0x4F, 0x07, 0x77, 0x77, 0x30, 0x9F, 0x04, 0xF0, 0x77, 0x77, 0x73, 0x09, 0xF0, 0x4F, 0x07, 0x77,
  0x77, 0x30, 0x9F, 0x04, 0xF0, 0x77, 0x77, 0x73, 0x09, 0xF0, 0x4F, 0x07, 0x77, 0x77, 0x30, 0x9F,
  0x04, 0xF0, 0x77, 0x77, 0x73, 0x09, 0xF0, 0x4F, 0x07, 0x77, 0x77, 0x30, 0x9F, 0x04, 0xF0, 0x77,
  0x77, 0x73, 0x09, 0xF0, 0x4F, 0x07, 0x77, 0x77, 0x30, 0x9F, 0x04, 0xF0, 0x77, 0x77, 0x73, 0x09,
  0xF0, 0x4F, 0x07, 0x77, 0x77, 0x30, 0x9F, 0x04, 0xF0, 0x77, 0x77, 0x73, 0x09, 0xF0, 0x4F, 0x07,
  0x77, 0x77, 0x30, 0x9F, 0x04, 0xF0, 0x77, 0x77, 0x73, 0x09, 0xF0, 0x4F, 0x07, 0x77, 0x77, 0x30,
  0x9F, 0x04, 0xF0, 0x77, 0x77, 0x73, 0x09, 0xF0, 0x4F, 0x07, 0x77, 0x77, 0x30, 0x9F, 0x04, 0xF0,
  0x77, 0x77, 0x73, 0x09, 0xF0, 0x4F, 0x07, 0x77, 0x77, 0x30, 0x9F, 0x04, 0xF0, 0x77, 0x77, 0x73,
  0x09, 0xF0, 0x4F, 0x07, 0x77, 0x77, 0x30, 0x9F, 0x04, 0xF0, 0x77, 0x77, 0x73, 0x09, 0xF0, 0x4F,
  0x07, 0x77, 0x77, 0x30, 0x9F, 0x04, 0xF0, 0x77, 0x77, 0x73, 0x09, 0xF0, 0x4F, 0x07, 0x77, 0x77,
  0x30, 0x9F, 0x04, 0xF0, 0x77, 0x77, 0x73, 0x09, 0xF0, 0x4F, 0x07, 0x77, 0x77, 0x30, 0x9F, 0x04,
  0xF0, 0x77, 0x77, 0x73, 0x09, 0xF0, 0x3F, 0x08, 0x77, 0x77, 0x30, 0xAF, 0x02, 0xF0, 0x97, 0x77,
  0x73, 0x0B, 0xE0, 0xE0, 0x1F, 0x0A, 0x77, 0x77, 0x30, 0xCE, 0x0D, 0x1F, 0x0B, 0x77, 0x77, 0x30,
  0xEE, 0x81, 0xB0, 0xDE, 0x0E, 0x77, 0x77, 0x20, 0x2F, 0x81, 0x90, 0x9F, 0x03, 0x77, 0x77, 0x10,
  0x6F, 0x81, 0x60, 0x6F, 0x07, 0x77, 0x77, 0x10, 0xAF, 0x81, 0x20, 0x1F, 0x0D, 0x77, 0x77, 0x01,
  0xF0, 0xD3, 0x0C, 0xF0, 0x57, 0x77, 0x60, 0x8F, 0x08, 0x30, 0x6F, 0x0D, 0x77, 0x75, 0x02, 0xF9,
  0x01, 0x40, 0xEF, 0x0A, 0x77, 0x74, 0x0C, 0xF0, 0xA5, 0x06, 0xF9, 0x07, 0x77, 0x72, 0x09, 0xF9,
  0x02, 0x60, 0xCF, 0x90, 0x77, 0x77, 0x09, 0xF9, 0x08, 0x70, 0x3F, 0xA0, 0xB0, 0x37, 0x73, 0x03,
  0x0C, 0xF9, 0x0D, 0x72, 0x06, 0xFB, 0x0B, 0x05, 0x76, 0x04, 0x0B, 0xFA, 0x0E, 0x02, 0x73, 0x08,
  0xFD, 0x89, 0x1C, 0x97, 0x54, 0x44, 0x57, 0x8B, 0xFC, 0x0E, 0x03, 0x75, 0x08, 0xFF, 0xFF, 0xC0,
  0xE0, 0x37, 0x70, 0x60, 0xEF, 0xFF, 0xF9, 0x0C, 0x02, 0x77, 0x20, 0x20, 0xBF, 0xFF, 0xD0, 0xE0,
  0x77, 0x76, 0x05, 0x0C, 0xFF, 0xF9, 0x81, 0xE8, 0x17, 0x77, 0x28, 0x13, 0x9D, 0xFF, 0xA8, 0x1E,
  0xA6, 0x77, 0x77, 0x18, 0x52, 0x58, 0xAC, 0xEE, 0xA8, 0x5E, 0xDD, 0xB9, 0x64, 0x77, 0x20,
  // "Ú" (U+00DA), RLE, 1442 bytes saved (73.3%)
  0x77, 0x76, 0x0A, 0xF9, 0x0B, 0x80, 0xC1, 0x00, 0x3F, 0xA0, 0x48, 0x0C, 0x10, 0x0B, 0xF9, 0x08,
  0x80, 0xC1, 0x00, 0x5F, 0x90, 0xB8, 0x0C, 0x20, 0x0D, 0xF0, 0xD0, 0x18, 0x0C, 0x10, 0x08, 0xF0,
  0xE0, 0x28, 0x0C, 0x10, 0x03, 0xF0, 0xE0, 0x38, 0x0C, 0x20, 0x0C, 0xF0, 0x48, 0x0C, 0x20, 0x06,
  0xF0, 0x58, 0x0C, 0x20, 0x02, 0x0E, 0xE0, 0x58, 0x0C, 0x30, 0x0B, 0xE0, 0x58, 0x0C, 0x30, 0x07,
  0xE0, 0x58, 0x0C, 0x30, 0x03, 0xD0, 0xE0, 0x48, 0x0C, 0x40, 0x08, 0xC0, 0xD0, 0x28, 0x0C, 0xE2,
  0x00, 0x4F, 0x07, 0x77, 0x77, 0x30, 0x9F, 0x04, 0xF0, 0x77, 0x77, 0x73, 0x09, 0xF0, 0x4F, 0x07,
  0x77, 0x77, 0x30, 0x9F, 0x04, 0xF0, 0x77, 0x77, 0x73, 0x09, 0xF0, 0x4F, 0x07, 0x77, 0x77, 0x30,
  0x9F, 0x04, 0xF0, 0x77, 0x77, 0x73, 0x09, 0xF0, 0x4F, 0x07, 0x77, 0x77, 0x30, 0x9F, 0x04, 0xF0,
  0x77, 0x77, 0x73, 0x09, 0xF0, 0x4F, 0x07, 0x77, 0x77, 0x30, 0x9F, 0x04, 0xF0, 0x77, 0x77, 0x73,
  0x09, 0xF0, 0x4F, 0x07, 0x77, 0x77, 0x30, 0x9F, 0x04, 0xF0, 0x77, 0x77, 0x73, 0x09, 0xF0, 0x4F,
  0x07, 0x77, 0x77, 0x30, 0x9F, 0x04, 0xF0, 0x77, 0x77, 0x73, 0x09, 0xF0, 0x4F, 0x07, 0x77, 0x77,
  0x30, 0x9F, 0x04, 0xF0, 0x77, 0x77, 0x73, 0x09, 0xF0, 0x4F, 0x07, 0x77, 0x77, 0x30, 0x9F, 0x04,
  0xF0, 0x77, 0x77, 0x73, 0x09, 0xF0, 0x4F, 0x07, 0x77, 0x77, 0x30, 0x9F, 0x04, 0xF0, 0x77, 0x77,
  0x73, 0x09, 0xF0, 0x4F, 0x07, 0x77, 0x77, 0x30, 0x9F, 0x04, 0xF0, 0x77, 0x77, 0x73, 0x09, 0xF0,
  0x4F, 0x07, 0x77, 0x77, 0x30, 0x9F, 0x04, 0xF0, 0x77, 0x77, 0x73, 0x09, 0xF0, 0x4F, 0x07, 0x77,
  0x77, 0x30, 0x9F, 0x04, 0xF0, 0x77, 0x77, 0x73, 0x09, 0xF0, 0x4F, 0x07, 0x77, 0x77, 0x30, 0x9F,
  0x04, 0xF0, 0x77, 0x77, 0x73, 0x09, 0xF0, 0x4F, 0x07, 0x77, 0x77, 0x30, 0x9F, 0x04, 0xF0, 0x77,
  0x77, 0x73, 0x09, 0xF0, 0x4F, 0x07, 0x77, 0x77, 0x30, 0x9F, 0x04, 0xF0, 0x77, 0x77, 0x73, 0x09,
  0xF0, 0x4F, 0x07, 0x77, 0x77, 0x30, 0x9F, 0x04, 0xF0, 0x77, 0x77, 0x73, 0x09, 0xF0, 0x4F, 0x07,
  0x77, 0x77, 0x30, 0x9F, 0x04, 0xF0, 0x77, 0x77, 0x73, 0x09, 0xF0, 0x4F, 0x07, 0x77, 0x77, 0x30,
  0x9F, 0x04, 0xF0, 0x77, 0x77, 0x73, 0x09, 0xF0, 0x4F, 0x07, 0x77, 0x77, 0x30, 0x9F, 0x04, 0xF0,
  0x77, 0x77, 0x73, 0x09, 0xF0, 0x3F, 0x08, 0x77, 0x77, 0x30, 0xAF, 0x02, 0xF0, 0x97, 0x77, 0x73,
  0x0B, 0xE0, 0xE0, 0x1F, 0x0A, 0x77, 0x77, 0x30, 0xCE, 0x0D, 0x1F, 0x0B, 0x77, 0x77, 0x30, 0xEE,
  0x81, 0xB0, 0xDE, 0x0E, 0x77, 0x77, 0x20, 0x2F, 0x81, 0x90, 0x9F, 0x03, 0x77, 0x77, 0x10, 0x6F,
  0x81, 0x60, 0x6F, 0x07, 0x77, 0x77, 0x10, 0xAF, 0x81, 0x20, 0x1F, 0x0D, 0x77, 0x77, 0x01, 0xF0,
  0xD3, 0x0C, 0xF0, 0x57, 0x77, 0x60, 0x8F, 0x08, 0x30, 0x6F, 0x0D, 0x77, 0x75, 0x02, 0xF9, 0x01,
  0x40, 0xEF, 0x0A, 0x77, 0x74, 0x0C, 0xF0, 0xA5, 0x06, 0xF9, 0x07, 0x77, 0x72, 0x09, 0xF9, 0x02,
  0x60, 0xCF, 0x90, 0x77, 0x77, 0x09, 0xF9, 0x08, 0x70, 0x3F, 0xA0, 0xB0, 0x37, 0x73, 0x03, 0x0C,
  0xF9, 0x0D, 0x72, 0x06, 0xFB, 0x0B, 0x05, 0x76, 0x04, 0x0B, 0xFA, 0x0E, 0x02, 0x73, 0x08, 0xFD,
  0x89, 0x1C, 0x97, 0x54, 0x44, 0x57, 0x8B, 0xFC, 0x0E, 0x03, 0x75, 0x08, 0xFF, 0xFF, 0xC0, 0xE0,
  0x37, 0x70, 0x60, 0xEF, 0xFF, 0xF9, 0x0C, 0x02, 0x77, 0x20, 0x20, 0xBF, 0xFF, 0xD0, 0xE0, 0x77,
  0x76, 0x05, 0x0C, 0xFF, 0xF9, 0x81, 0xE8, 0x17, 0x77, 0x28, 0x13, 0x9D, 0xFF, 0xA8, 0x1E, 0xA6,
  0x77, 0x77, 0x18, 0x52, 0x58, 0xAC, 0xEE, 0xA8, 0x5E, 0xDD, 0xB9, 0x64, 0x77, 0x20,
  // "Û" (U+00DB), RLE, 1411 bytes saved (71.7%)
  0x77, 0x60, 0x4F, 0x0E, 0x01, 0x80, 0xC2, 0x00, 0xDF, 0x90, 0xA8, 0x0C, 0x10, 0x09, 0xFB, 0x05,
  0x77, 0x77, 0x70, 0x5F, 0xC0, 0xE0, 0x27, 0x77, 0x75, 0x02, 0x0E, 0xFD, 0x0C, 0x77, 0x77, 0x40,
  0x10, 0xDF, 0xF0, 0xB7, 0x77, 0x73, 0x0C, 0xF0, 0x70, 0xBF, 0x08, 0x77, 0x77, 0x10, 0x9F, 0x06,
  0x20, 0xBF, 0x06, 0x77, 0x76, 0x07, 0xF0, 0x54, 0x0B, 0xF0, 0x47, 0x77, 0x40, 0x5E, 0x0E, 0x04,
  0x60, 0x9E, 0x0E, 0x03, 0x77, 0x72, 0x04, 0xE0, 0xE0, 0x37, 0x10, 0x7E, 0x0E, 0x02, 0x77, 0x70,
  0x30, 0xED, 0x0C, 0x01, 0x73, 0x05, 0x0E, 0xD0, 0xD0, 0x27, 0x75, 0x02, 0x0E, 0xD0, 0x97, 0x60,
  0x20, 0xCD, 0x0D, 0x01, 0x77, 0x40, 0x8C, 0x0E, 0x05, 0x77, 0x20, 0x8D, 0x07, 0x80, 0xCC, 0x40,
  0x04, 0xF0, 0x77, 0x77, 0x73, 0x09, 0xF0, 0x4F, 0x07, 0x77, 0x77, 0x30, 0x9F, 0x04, 0xF0, 0x77,
  0x77, 0x73, 0x09, 0xF0, 0x4F, 0x07, 0x77, 0x77, 0x30, 0x9F, 0x04, 0xF0, 0x77, 0x77, 0x73, 0x09,
  0xF0, 0x4F, 0x07, 0x77, 0x77, 0x30, 0x9F, 0x04, 0xF0, 0x77, 0x77, 0x73, 0x09, 0xF0, 0x4F, 0x07,
  0x77, 0x77, 0x30, 0x9F, 0x04, 0xF0, 0x77, 0x77, 0x73, 0x09, 0xF0, 0x4F, 0x07, 0x77, 0x77, 0x30,
  0x9F, 0x04, 0xF0, 0x77, 0x77, 0x73, 0x09, 0xF0, 0x4F, 0x07, 0x77, 0x77, 0x30, 0x9F, 0x04, 0xF0,
  0x77, 0x77, 0x73, 0x09, 0xF0, 0x4F, 0x07, 0x77, 0x77, 0x30, 0x9F, 0x04, 0xF0, 0x77, 0x77, 0x73,
  0x09, 0xF0, 0x4F, 0x07, 0x77, 0x77, 0x30, 0x9F, 0x04, 0xF0, 0x77, 0x77, 0x73, 0x09, 0xF0, 0x4F,
  0x07, 0x77, 0x77, 0x30, 0x9F, 0x04, 0xF0, 0x77, 0x77, 0x73, 0x09, 0xF0, 0x4F, 0x07, 0x77, 0x77,
  0x30, 0x9F, 0x04, 0xF0, 0x77, 0x77, 0x73, 0x09, 0xF0, 0x4F, 0x07, 0x77, 0x77, 0x30, 0x9F, 0x04,
  0xF0, 0x77, 0x77, 0x73, 0x09, 0xF0, 0x4F, 0x07, 0x77, 0x77, 0x30, 0x9F, 0x04, 0xF0, 0x77, 0x77,
  0x73, 0x09, 0xF0, 0x4F, 0x07, 0x77, 0x77, 0x30, 0x9F, 0x04, 0xF0, 0x77, 0x77, 0x73, 0x09, 0xF0,
  0x4F, 0x07, 0x77, 0x77, 0x30, 0x9F, 0x04, 0xF0, 0x77, 0x77, 0x73, 0x09, 0xF0, 0x4F, 0x07, 0x77,
  0x77, 0x30, 0x9F, 0x04, 0xF0, 0x77, 0x77, 0x73, 0x09, 0xF0, 0x4F, 0x07, 0x77, 0x77, 0x30, 0x9F,
  0x04, 0xF0, 0x77, 0x77, 0x73, 0x09, 0xF0, 0x4F, 0x07, 0x77, 0x77, 0x30, 0x9F, 0x04, 0xF0, 0x77,
  0x77, 0x73, 0x09, 0xF0, 0x4F, 0x07, 0x77, 0x77, 0x30, 0x9F, 0x04, 0xF0, 0x77, 0x77, 0x73, 0x09,
  0xF0, 0x4F, 0x07, 0x77, 0x77, 0x30, 0x9F, 0x04, 0xF0, 0x77, 0x77, 0x73, 0x09, 0xF0, 0x4F, 0x07,
  0x77, 0x77, 0x30, 0x9F, 0x03, 0xF0, 0x87, 0x77, 0x73, 0x0A, 0xF0, 0x2F, 0x09, 0x77, 0x77, 0x30,
  0xBE, 0x0E, 0x01, 0xF0, 0xA7, 0x77, 0x73, 0x0C, 0xE0, 0xD1, 0xF0, 0xB7, 0x77, 0x73, 0x0E, 0xE8,
  0x1B, 0x0D, 0xE0, 0xE7, 0x77, 0x72, 0x02, 0xF8, 0x19, 0x09, 0xF0, 0x37, 0x77, 0x71, 0x06, 0xF8,
  0x16, 0x06, 0xF0, 0x77, 0x77, 0x71, 0x0A, 0xF8, 0x12, 0x01, 0xF0, 0xD7, 0x77, 0x70, 0x1F, 0x0D,
  0x30, 0xCF, 0x05, 0x77, 0x76, 0x08, 0xF0, 0x83, 0x06, 0xF0, 0xD7, 0x77, 0x50, 0x2F, 0x90, 0x14,
  0x0E, 0xF0, 0xA7, 0x77, 0x40, 0xCF, 0x0A, 0x50, 0x6F, 0x90, 0x77, 0x77, 0x20, 0x9F, 0x90, 0x26,
  0x0C, 0xF9, 0x07, 0x77, 0x70, 0x9F, 0x90, 0x87, 0x03, 0xFA, 0x0B, 0x03, 0x77, 0x30, 0x30, 0xCF,
  0x90, 0xD7, 0x20, 0x6F, 0xB0, 0xB0, 0x57, 0x60, 0x40, 0xBF, 0xA0, 0xE0, 0x27, 0x30, 0x8F, 0xD8,
  0x91, 0xC9, 0x75, 0x44, 0x45, 0x78, 0xBF, 0xC0, 0xE0, 0x37, 0x50, 0x8F, 0xFF, 0xFC, 0x0E, 0x03,
  0x77, 0x06, 0x0E, 0xFF, 0xFF, 0x90, 0xC0, 0x27, 0x72, 0x02, 0x0B, 0xFF, 0xFD, 0x0E, 0x07, 0x77,
  0x60, 0x50, 0xCF, 0xFF, 0x98, 0x1E, 0x81, 0x77, 0x72, 0x81, 0x39, 0xDF, 0xFA, 0x81, 0xEA, 0x67,
  0x77, 0x71, 0x85, 0x25, 0x8A, 0xCE, 0xEA, 0x85, 0xED, 0xDB, 0x96, 0x47, 0x72,
  // "Ü" (U+00DC), RLE, 1367 bytes saved (72.1%)
  0x77, 0x84, 0x4B, 0xFE, 0xA2, 0x73, 0x84, 0x3B, 0xEE, 0xA2, 0x77, 0x74, 0x05, 0xD0, 0xE0, 0x17,
  0x10, 0x3D, 0x0E, 0x02, 0x77, 0x73, 0x0D, 0xE0, 0x97, 0x10, 0xBE, 0x0A, 0x77, 0x72, 0x01, 0xF0,
  0xC7, 0x10, 0xEE, 0x0E, 0x77, 0x72, 0x02, 0xF0, 0xD7, 0x1F, 0x0E, 0x77, 0x72, 0x01, 0xF0, 0xC7,
  0x10, 0xEE, 0x0D, 0x77, 0x73, 0x0D, 0xE0, 0x87, 0x10, 0xAE, 0x09, 0x77, 0x73, 0x04, 0xD0, 0xD0,
  0x17, 0x10, 0x20, 0xEC, 0x0E, 0x02, 0x77, 0x74, 0x84, 0x3B, 0xFE, 0x91, 0x73, 0x84, 0x3B, 0xEE,
  0xA2, 0x80, 0xE9, 0x00, 0x04, 0xF0, 0x77, 0x77, 0x73, 0x09, 0xF0, 0x4F, 0x07, 0x77, 0x77, 0x30,
  0x9F, 0x04, 0xF0, 0x77, 0x77, 0x73, 0x09, 0xF0, 0x4F, 0x07, 0x77, 0x77, 0x30, 0x9F, 0x04, 0xF0,
  0x77, 0x77, 0x73, 0x09, 0xF0, 0x4F, 0x07, 0x77, 0x77, 0x30, 0x9F, 0x04, 0xF0, 0x77, 0x77, 0x73,
  0x09, 0xF0, 0x4F, 0x07, 0x77, 0x77, 0x30, 0x9F, 0x04, 0xF0, 0x77, 0x77, 0x73, 0x09, 0xF0, 0x4F,
  0x07, 0x77, 0x77, 0x30, 0x9F, 0x04, 0xF0, 0x77, 0x77, 0x73, 0x09, 0xF0, 0x4F, 0x07, 0x77, 0x77,
  0x30, 0x9F, 0x04, 0xF0, 0x77, 0x77, 0x73, 0x09, 0xF0, 0x4F, 0x07, 0x77, 0x77, 0x30, 0x9F, 0x04,
  0xF0, 0x77, 0x77, 0x73, 0x09, 0xF0, 0x4F, 0x07, 0x77, 0x77, 0x30, 0x9F, 0x04, 0xF0, 0x77, 0x77,
  0x73, 0x09, 0xF0, 0x4F, 0x07, 0x77, 0x77, 0x30, 0x9F, 0x04, 0xF0, 0x77, 0x77, 0x73, 0x09, 0xF0,
  0x4F, 0x07, 0x77, 0x77, 0x30, 0x9F, 0x04, 0xF0, 0x77, 0x77, 0x73, 0x09, 0xF0, 0x4F, 0x07, 0x77,
  0x77, 0x30, 0x9F, 0x04, 0xF0, 0x77, 0x77, 0x73, 0x09, 0xF0, 0x4F, 0x07, 0x77, 0x77, 0x30, 0x9F,
  0x04, 0xF0, 0x77, 0x77, 0x73, 0x09, 0xF0, 0x4F, 0x07, 0x77, 0x77, 0x30, 0x9F, 0x04, 0xF0, 0x77,
  0x77, 0x73, 0x09, 0xF0, 0x4F, 0x07, 0x77, 0x77, 0x30, 0x9F, 0x04, 0xF0, 0x77, 0x77, 0x73, 0x09,
  0xF0, 0x4F, 0x07, 0x77, 0x77, 0x30, 0x9F, 0x04, 0xF0, 0x77, 0x77, 0x73, 0x09, 0xF0, 0x4F, 0x07,
  0x77, 0x77, 0x30, 0x9F, 0x04, 0xF0, 0x77, 0x77, 0x73, 0x09, 0xF0, 0x4F, 0x07, 0x77, 0x77, 0x30,
  0x9F, 0x04, 0xF0, 0x77, 0x77, 0x73, 0x09, 0xF0, 0x4F, 0x07, 0x77, 0x77, 0x30, 0x9F, 0x04, 0xF0,
  0x77, 0x77, 0x73, 0x09, 0xF0, 0x4F, 0x07, 0x77, 0x77, 0x30, 0x9F, 0x04, 0xF0, 0x77, 0x77, 0x73,
  0x09, 0xF0, 0x4F, 0x07, 0x77, 0x77, 0x30, 0x9F, 0x03, 0xF0, 0x87, 0x77, 0x73, 0x0A, 0xF0, 0x2F,
  0x09, 0x77, 0x77, 0x30, 0xBE, 0x0E, 0x01, 0xF0, 0xA7, 0x77, 0x73, 0x0C, 0xE0, 0xD1, 0xF0, 0xB7,
  0x77, 0x73, 0x0E, 0xE8, 0x1B, 0x0D, 0xE0, 0xE7, 0x77, 0x72, 0x02, 0xF8, 0x19, 0x09, 0xF0, 0x37,
  0x77, 0x71, 0x06, 0xF8, 0x16, 0x06, 0xF0, 0x77, 0x77, 0x71, 0x0A, 0xF8, 0x12, 0x01, 0xF0, 0xD7,
  0x77, 0x70, 0x1F, 0x0D, 0x30, 0xCF, 0x05, 0x77, 0x76, 0x08, 0xF0, 0x83, 0x06, 0xF0, 0xD7, 0x77,
  0x50, 0x2F, 0x90, 0x14, 0x0E, 0xF0, 0xA7, 0x77, 0x40, 0xCF, 0x0A, 0x50, 0x6F, 0x90, 0x77, 0x77,
  0x20, 0x9F, 0x90, 0x26, 0x0C, 0xF9, 0x07, 0x77, 0x70, 0x9F, 0x90, 0x87, 0x03, 0xFA, 0x0B, 0x03,
  0x77, 0x30, 0x30, 0xCF, 0x90, 0xD7, 0x20, 0x6F, 0xB0, 0xB0, 0x57, 0x60, 0x40, 0xBF, 0xA0, 0xE0,
  0x27, 0x30, 0x8F, 0xD8, 0x91, 0xC9, 0x75, 0x44, 0x45, 0x78, 0xBF, 0xC0, 0xE0, 0x37, 0x50, 0x8F,
  0xFF, 0xFC, 0x0E, 0x03, 0x77, 0x06, 0x0E, 0xFF, 0xFF, 0x90, 0xC0, 0x27, 0x72, 0x02, 0x0B, 0xFF,
  0xFD, 0x0E, 0x07, 0x77, 0x60, 0x50, 0xCF, 0xFF, 0x98, 0x1E, 0x81, 0x77, 0x72, 0x81, 0x39, 0xDF,
  0xFA, 0x81, 0xEA, 0x67, 0x77, 0x71, 0x85, 0x25, 0x8A, 0xCE, 0xEA, 0x85, 0xED, 0xDB, 0x96, 0x47,
  0x72,
  // "Ý" (U+00DD), RLE, 1503 bytes saved (75.7%)
  0x77, 0x76, 0x0A, 0xF9, 0x0B, 0x80, 0xC2, 0x00, 0x3F, 0xA0, 0x48, 0x0C, 0x20, 0x0B, 0xF9, 0x08,
  0x80, 0xC2, 0x00, 0x5F, 0x90, 0xB8, 0x0C, 0x30, 0x0D, 0xF0, 0xD0, 0x18, 0x0C, 0x20, 0x08, 0xF0,
  0xE0, 0x28, 0x0C, 0x20, 0x03, 0xF0, 0xE0, 0x38, 0x0C, 0x30, 0x0C, 0xF0, 0x48, 0x0C, 0x30, 0x06,
  0xF0, 0x58, 0x0C, 0x30, 0x02, 0x0E, 0xE0, 0x58, 0x0C, 0x40, 0x0B, 0xE0, 0x58, 0x0C, 0x40, 0x07,
  0xE0, 0x58, 0x0C, 0x40, 0x03, 0xD0, 0xE0, 0x48, 0x0C, 0x50, 0x08, 0xC0, 0xD0, 0x28, 0x0C, 0xF1,
  0x00, 0xBF, 0x0A, 0x77, 0x77, 0x30, 0xDF, 0x06, 0x03, 0xF9, 0x03, 0x77, 0x77, 0x10, 0x7F, 0x0D,
  0x20, 0xAF, 0x0B, 0x77, 0x77, 0x01, 0x0E, 0xF0, 0x42, 0x02, 0xF9, 0x04, 0x77, 0x76, 0x08, 0xF0,
  0xB4, 0x08, 0xF0, 0xC7, 0x77, 0x50, 0x10, 0xEF, 0x03, 0x40, 0x10, 0xEF, 0x05, 0x77, 0x74, 0x09,
  0xF0, 0xA6, 0x07, 0xF0, 0xD7, 0x77, 0x30, 0x2F, 0x90, 0x27, 0x0E, 0xF0, 0x57, 0x77, 0x20, 0xAF,
  0x09, 0x71, 0x06, 0xF0, 0xD7, 0x77, 0x10, 0x2F, 0x0E, 0x01, 0x72, 0x0D, 0xF0, 0x67, 0x77, 0x0A,
  0xF0, 0x77, 0x30, 0x5F, 0x0E, 0x77, 0x60, 0x3F, 0x0D, 0x75, 0x0C, 0xF0, 0x77, 0x75, 0x0B, 0xF0,
  0x67, 0x50, 0x3F, 0x0E, 0x01, 0x77, 0x30, 0x4F, 0x0D, 0x77, 0x0A, 0xF0, 0x87, 0x73, 0x0C, 0xF0,
  0x47, 0x70, 0x2F, 0x0E, 0x01, 0x77, 0x10, 0x5F, 0x0B, 0x77, 0x20, 0x9F, 0x09, 0x77, 0x10, 0xDF,
  0x03, 0x77, 0x20, 0x1F, 0x90, 0x27, 0x60, 0x6F, 0x0A, 0x77, 0x40, 0x8F, 0x0A, 0x76, 0x0D, 0xF0,
  0x27, 0x74, 0x01, 0x0E, 0xF0, 0x27, 0x40, 0x7F, 0x09, 0x77, 0x60, 0x7F, 0x0A, 0x73, 0x01, 0x0E,
  0xE0, 0xE0, 0x17, 0x77, 0x0D, 0xF0, 0x37, 0x20, 0x8F, 0x07, 0x77, 0x71, 0x05, 0xF0, 0xB7, 0x10,
  0x10, 0xEE, 0x0D, 0x77, 0x73, 0x0C, 0xF0, 0x47, 0x09, 0xF0, 0x67, 0x77, 0x30, 0x4F, 0x0C, 0x60,
  0x2F, 0x0D, 0x77, 0x75, 0x0B, 0xF0, 0x55, 0x0A, 0xF0, 0x47, 0x77, 0x50, 0x3F, 0x0D, 0x40, 0x2F,
  0x0B, 0x77, 0x77, 0x0A, 0xF0, 0x63, 0x0A, 0xF0, 0x37, 0x77, 0x70, 0x2F, 0x0D, 0x20, 0x3F, 0x0A,
  0x77, 0x77, 0x20, 0x9F, 0x81, 0x70, 0xBF, 0x02, 0x77, 0x77, 0x20, 0x10, 0xEE, 0x0E, 0x05, 0xF0,
  0x97, 0x77, 0x74, 0x07, 0xFF, 0x0E, 0x01, 0x77, 0x77, 0x50, 0xEF, 0xE0, 0x77, 0x77, 0x76, 0x06,
  0xFD, 0x0E, 0x80, 0xC0, 0x00, 0xDF, 0xC0, 0x68, 0x0C, 0x00, 0x05, 0xFB, 0x0D, 0x80, 0xC2, 0x00,
  0xCF, 0xA0, 0x48, 0x0C, 0x20, 0x04, 0xF9, 0x0B, 0x80, 0xC4, 0x00, 0xBF, 0x04, 0x80, 0xC4, 0x00,
  0x8F, 0x03, 0x80, 0xC4, 0x00, 0x8F, 0x03, 0x80, 0xC4, 0x00, 0x8F, 0x03, 0x80, 0xC4, 0x00, 0x8F,
  0x03, 0x80, 0xC4, 0x00, 0x8F, 0x03, 0x80, 0xC4, 0x00, 0x8F, 0x03, 0x80, 0xC4, 0x00, 0x8F, 0x03,
  0x80, 0xC4, 0x00, 0x8F, 0x03, 0x80, 0xC4, 0x00, 0x8F, 0x03, 0x80, 0xC4, 0x00, 0x8F, 0x03, 0x80,
  0xC4, 0x00, 0x8F, 0x03, 0x80, 0xC4, 0x00, 0x8F, 0x03, 0x80, 0xC4, 0x00, 0x8F, 0x03, 0x80, 0xC4,
  0x00, 0x8F, 0x03, 0x80, 0xC4, 0x00, 0x8F, 0x03, 0x80, 0xC4, 0x00, 0x8F, 0x03, 0x80, 0xC4, 0x00,
  0x8F, 0x03, 0x80, 0xC4, 0x00, 0x8F, 0x03, 0x80, 0xC4, 0x00, 0x8F, 0x03, 0x80, 0xC4, 0x00, 0x8F,
  0x03, 0x80, 0xC4, 0x00, 0x8F, 0x03, 0x80, 0xC4, 0x00, 0x8F, 0x03, 0x80, 0xC4, 0x00, 0x8F, 0x03,
  0x77, 0x60,
  // "Þ" (U+00DE), RLE, 831 bytes saved (68.1%)
  0x0A, 0xF0, 0x17, 0x77, 0x73, 0x0A, 0xF0, 0x17, 0x77, 0x73, 0x0A, 0xF0, 0x17, 0x77, 0x73, 0x0A,
  0xF0, 0x17, 0x77, 0x73, 0x0A, 0xF0, 0x17, 0x77, 0x73, 0x0A, 0xF0, 0x17, 0x77, 0x73, 0x0A, 0xF0,
  0x17, 0x77, 0x73, 0x0A, 0xF0, 0x17, 0x77, 0x73, 0x0A, 0xF0, 0x17, 0x77, 0x73, 0x0A, 0xF0, 0x17,
  0x77, 0x73, 0x0A, 0xF0, 0x58, 0x04, 0x40, 0xF3, 0x01, 0x77, 0x50, 0xAF, 0xFF, 0x83, 0xEC, 0xA7,
  0x37, 0x60, 0xAF, 0xFF, 0xD8, 0x1E, 0xA5, 0x73, 0x0A, 0xFF, 0xFF, 0x90, 0xD0, 0x67, 0x10, 0xAF,
  0xFF, 0xFB, 0x0D, 0x03, 0x60, 0xAF, 0xFF, 0xFD, 0x05, 0x50, 0xAF, 0xFF, 0xFE, 0x06, 0x40, 0xAF,
  0x01, 0x72, 0x84, 0x12, 0x46, 0x9D, 0xFD, 0x04, 0x30, 0xAF, 0x01, 0x77, 0x18, 0x12, 0x8E, 0xFA,
  0x0E, 0x01, 0x20, 0xAF, 0x01, 0x77, 0x30, 0x10, 0x9F, 0xA0, 0x92, 0x0A, 0xF0, 0x17, 0x75, 0x07,
  0xFA, 0x81, 0x10, 0xAF, 0x01, 0x77, 0x60, 0x7F, 0x98, 0x17, 0x0A, 0xF0, 0x17, 0x77, 0x0D, 0xF8,
  0x1D, 0x0A, 0xF0, 0x17, 0x77, 0x04, 0xF9, 0x01, 0x0A, 0xF0, 0x17, 0x77, 0x10, 0xEF, 0x04, 0x0A,
  0xF0, 0x17, 0x77, 0x10, 0xAF, 0x07, 0x0A, 0xF0, 0x17, 0x77, 0x10, 0x8F, 0x08, 0x0A, 0xF0, 0x17,
  0x77, 0x10, 0x7F, 0x09, 0x0A, 0xF0, 0x17, 0x77, 0x10, 0x5F, 0x09, 0x0A, 0xF0, 0x17, 0x77, 0x10,
  0x6F, 0x08, 0x0A, 0xF0, 0x17, 0x77, 0x10, 0x7F, 0x07, 0x0A, 0xF0, 0x17, 0x77, 0x10, 0x9F, 0x05,
  0x0A, 0xF0, 0x17, 0x77, 0x10, 0xCF, 0x02, 0x0A, 0xF0, 0x17, 0x77, 0x01, 0xF8, 0x1E, 0x0A, 0xF0,
  0x17, 0x77, 0x07, 0xF8, 0x1A, 0x0A, 0xF0, 0x17, 0x76, 0x01, 0x0E, 0xF8, 0x14, 0x0A, 0xF0, 0x17,
  0x76, 0x0B, 0xF0, 0xD2, 0x0A, 0xF0, 0x17, 0x75, 0x0A, 0xF9, 0x06, 0x20, 0xAF, 0x01, 0x77, 0x30,
  0x40, 0xDF, 0x90, 0xC3, 0x0A, 0xF0, 0x17, 0x78, 0x11, 0x6C, 0xFB, 0x03, 0x30, 0xAF, 0x01, 0x71,
  0x84, 0x12, 0x46, 0x9C, 0xFD, 0x04, 0x40, 0xAF, 0xFF, 0xFD, 0x05, 0x50, 0xAF, 0xFF, 0xFB, 0x0D,
  0x03, 0x60, 0xAF, 0xFF, 0xFA, 0x09, 0x01, 0x70, 0xAF, 0xFF, 0xF0, 0xB0, 0x37, 0x20, 0xAF, 0xFF,
  0xC8, 0x1D, 0x81, 0x74, 0x0A, 0xFF, 0xE8, 0x3D, 0xB9, 0x51, 0x77, 0x0A, 0xF0, 0x58, 0x03, 0x48,
  0x23, 0x32, 0x17, 0x76, 0x0A, 0xF0, 0x17, 0x77, 0x73, 0x0A, 0xF0, 0x17, 0x77, 0x73, 0x0A, 0xF0,
  0x17, 0x77, 0x73, 0x0A, 0xF0, 0x17, 0x77, 0x73, 0x0A, 0xF0, 0x17, 0x77, 0x73, 0x0A, 0xF0, 0x17,
  0x77, 0x73, 0x0A, 0xF0, 0x17, 0x77, 0x73, 0x0A, 0xF0, 0x17, 0x77, 0x73, 0x0A, 0xF0, 0x17, 0x77,
  0x73, 0x0A, 0xF0, 0x17, 0x77, 0x73, 0x0A, 0xF0, 0x17, 0x77, 0x73, 0x0A, 0xF0, 0x17, 0x77, 0x73,
  0x0A, 0xF0, 0x17, 0x77, 0x73,
  // "ß" (U+00DF), RLE, 921 bytes saved (62.5%)
  0x74, 0x85, 0x14, 0x7A, 0xBD, 0xEA, 0x85, 0xED, 0xCB, 0x96, 0x37, 0x77, 0x48, 0x11, 0x6B, 0xFF,
  0xA8, 0x1E, 0xA5, 0x77, 0x70, 0x80, 0xEF, 0xFF, 0x0E, 0x06, 0x77, 0x30, 0x40, 0xEF, 0xFF, 0xC0,
  0xD0, 0x47, 0x70, 0x6F, 0xFF, 0xF9, 0x07, 0x75, 0x06, 0xFF, 0xFF, 0xB0, 0x67, 0x30, 0x3F, 0xC8,
  0x91, 0xEA, 0x76, 0x54, 0x56, 0x8A, 0xEF, 0xC0, 0x27, 0x20, 0xCF, 0xA0, 0x90, 0x27, 0x40, 0x30,
  0x9F, 0xA0, 0xB7, 0x10, 0x5F, 0x90, 0xC0, 0x27, 0x71, 0x02, 0x0C, 0xF9, 0x02, 0x70, 0xBF, 0x0C,
  0x77, 0x40, 0x10, 0xDF, 0x07, 0x60, 0x1F, 0x0E, 0x02, 0x77, 0x50, 0x5F, 0x0A, 0x60, 0x4F, 0x09,
  0x77, 0x70, 0xEE, 0x0C, 0x60, 0x7F, 0x03, 0x77, 0x70, 0xDE, 0x0D, 0x60, 0x8F, 0x77, 0x71, 0x0C,
  0xE0, 0xD6, 0x09, 0xE0, 0xE7, 0x77, 0x10, 0xDE, 0x0B, 0x60, 0xAE, 0x0D, 0x77, 0x70, 0x1F, 0x09,
  0x60, 0xAE, 0x0D, 0x77, 0x70, 0x8F, 0x04, 0x60, 0xAE, 0x0D, 0x77, 0x60, 0x3F, 0x0D, 0x70, 0xAE,
  0x0D, 0x77, 0x50, 0x20, 0xEF, 0x04, 0x70, 0xAE, 0x0D, 0x77, 0x40, 0x20, 0xDF, 0x0A, 0x71, 0x0A,
  0xE0, 0xD7, 0x73, 0x04, 0x0E, 0xF0, 0xC0, 0x17, 0x10, 0xAE, 0x0D, 0x77, 0x20, 0x7F, 0x90, 0xD0,
  0x17, 0x20, 0xAE, 0x0D, 0x77, 0x01, 0x0B, 0xF9, 0x0C, 0x01, 0x73, 0x0A, 0xE0, 0xD7, 0x60, 0x10,
  0xCF, 0x90, 0xB7, 0x50, 0xAE, 0x0D, 0x75, 0x01, 0x0D, 0xF9, 0x08, 0x76, 0x0A, 0xE0, 0xD7, 0x50,
  0xBF, 0x90, 0x57, 0x70, 0xAE, 0x0D, 0x74, 0x06, 0xF0, 0xE0, 0x37, 0x71, 0x0A, 0xE0, 0xD7, 0x40,
  0xDF, 0x03, 0x77, 0x20, 0xAE, 0x0D, 0x73, 0x02, 0xF0, 0x67, 0x73, 0x0A, 0xE0, 0xD7, 0x30, 0x5F,
  0x77, 0x40, 0xAE, 0x0D, 0x73, 0x06, 0xE0, 0xD7, 0x74, 0x0A, 0xE0, 0xD7, 0x30, 0x6F, 0x77, 0x40,
  0xAE, 0x0D, 0x73, 0x04, 0xF0, 0x67, 0x73, 0x0A, 0xE0, 0xD7, 0x30, 0x1F, 0x0E, 0x03, 0x77, 0x20,
  0xAE, 0x0D, 0x74, 0x0C, 0xF0, 0xE0, 0x47, 0x71, 0x0A, 0xE0, 0xD7, 0x40, 0x5F, 0xA0, 0x87, 0x70,
  0xAE, 0x0D, 0x75, 0x0B, 0xFA, 0x0C, 0x02, 0x75, 0x0A, 0xE0, 0xD7, 0x50, 0x10, 0xDF, 0xA0, 0xE0,
  0x67, 0x40, 0xAE, 0x0D, 0x76, 0x01, 0x0C, 0xFB, 0x0B, 0x01, 0x72, 0x0A, 0xE0, 0xD7, 0x70, 0x10,
  0xBF, 0xB0, 0xE0, 0x47, 0x10, 0xAE, 0x0D, 0x77, 0x20, 0x8F, 0xC0, 0x77, 0x0A, 0xE0, 0xD7, 0x73,
  0x04, 0x0E, 0xFB, 0x0A, 0x60, 0xAE, 0x0D, 0x77, 0x40, 0x10, 0xAF, 0xB0, 0xB5, 0x0A, 0xE0, 0xD7,
  0x76, 0x05, 0x0E, 0xFA, 0x0B, 0x40, 0xAE, 0x0D, 0x77, 0x70, 0x10, 0xBF, 0xA0, 0x93, 0x0A, 0xE0,
  0xD7, 0x77, 0x20, 0x7F, 0xA0, 0x52, 0x0A, 0xE0, 0xD7, 0x77, 0x30, 0x5F, 0x90, 0xE2, 0x0A, 0xE0,
  0xD7, 0x77, 0x40, 0x4F, 0x98, 0x16, 0x0A, 0xE0, 0xD7, 0x77, 0x50, 0x7F, 0x81, 0xB0, 0xAE, 0x0D,
  0x77, 0x76, 0x0D, 0xF1, 0x0A, 0xE0, 0xD7, 0x77, 0x60, 0x6F, 0x03, 0x0A, 0xE0, 0xD7, 0x77, 0x60,
  0x2F, 0x04, 0x0A, 0xE0, 0xD7, 0x77, 0x60, 0x1F, 0x05, 0x0A, 0xE0, 0xD7, 0x77, 0x7F, 0x05, 0x0A,
  0xE0, 0xD7, 0x77, 0x60, 0x1F, 0x05, 0x0A, 0xE0, 0xD7, 0x77, 0x60, 0x4F, 0x03, 0x0A, 0xE0, 0xD7,
  0x77, 0x60, 0x9F, 0x01, 0x0A, 0xE0, 0xD7, 0x08, 0x01, 0x77, 0x30, 0x2F, 0x81, 0xD0, 0xAE, 0x0D,
  0x68, 0x31, 0xFE, 0x82, 0x77, 0x01, 0x0C, 0xF8, 0x18, 0x0A, 0xE0, 0xD6, 0x01, 0xC8, 0x1B, 0x51,
  0x73, 0x04, 0x0D, 0xF9, 0x81, 0x20, 0xAE, 0x0D, 0x60, 0x1F, 0x89, 0x0C, 0x97, 0x54, 0x45, 0x69,
  0xDF, 0xA0, 0xA2, 0x0A, 0xE0, 0xD6, 0x01, 0xFF, 0xFC, 0x0E, 0x01, 0x20, 0xAE, 0x0D, 0x60, 0x1F,
  0xFF, 0xB0, 0xE0, 0x33, 0x0A, 0xE0, 0xD7, 0xFF, 0xFA, 0x0D, 0x03, 0x40, 0xAE, 0x0D, 0x70, 0x30,
  0xBF, 0xFE, 0x08, 0x60, 0xAE, 0x0D, 0x72, 0x81, 0x39, 0xEF, 0xF8, 0x1D, 0x82, 0x77, 0x76, 0x89,
  0x43, 0x69, 0xBD, 0xDE, 0xFE, 0xDC, 0xA6, 0x37, 0x30,
  // "à" (U+00E0), RLE, 842 bytes saved (66.1%)
  0x71, 0x08, 0xF9, 0x0B, 0x77, 0x77, 0x02, 0xFA, 0x03, 0x77, 0x77, 0x06, 0xF9, 0x0C, 0x77, 0x77,
  0x10, 0x9F, 0x90, 0x57, 0x77, 0x71, 0x0B, 0xF0, 0xD7, 0x77, 0x71, 0x01, 0x0D, 0xF0, 0x97, 0x77,
  0x71, 0x02, 0x0E, 0xF0, 0x37, 0x77, 0x71, 0x03, 0x0E, 0xE0, 0xD7, 0x77, 0x72, 0x03, 0x0E, 0xE0,
  0x77, 0x77, 0x72, 0x04, 0xF0, 0x37, 0x77, 0x72, 0x04, 0x0E, 0xD0, 0xD7, 0x77, 0x73, 0x03, 0x0E,
  0xD0, 0x97, 0x77, 0x73, 0x03, 0x0D, 0xD0, 0x57, 0x77, 0x73, 0x01, 0x0C, 0xC0, 0xB8, 0x0B, 0xA3,
  0x08, 0x52, 0x58, 0xAC, 0xEE, 0xA8, 0x4E, 0xDC, 0x97, 0x37, 0x76, 0x81, 0x49, 0xDF, 0xF9, 0x81,
  0xE8, 0x27, 0x78, 0x11, 0x8D, 0xFF, 0xF0, 0x87, 0x40, 0x20, 0xAF, 0xFF, 0xC0, 0xC0, 0x17, 0x20,
  0xCF, 0xFF, 0xE0, 0xD0, 0x17, 0x10, 0x6F, 0xFF, 0xF0, 0xB7, 0x10, 0x1F, 0xA8, 0x90, 0xD9, 0x75,
  0x44, 0x57, 0xAE, 0xFB, 0x05, 0x71, 0x0A, 0xD8, 0x1C, 0x61, 0x73, 0x05, 0x0D, 0xF9, 0x0D, 0x71,
  0x03, 0xA8, 0x1E, 0x93, 0x77, 0x01, 0x0B, 0xF9, 0x03, 0x71, 0x81, 0xC8, 0x17, 0x73, 0x01, 0x0D,
  0xF0, 0x87, 0x77, 0x71, 0x05, 0xF0, 0xC7, 0x77, 0x72, 0x0D, 0xF7, 0x77, 0x72, 0x09, 0xF0, 0x17,
  0x77, 0x71, 0x06, 0xF0, 0x37, 0x77, 0x71, 0x04, 0xF0, 0x37, 0x77, 0x71, 0x03, 0xF0, 0x47, 0x77,
  0x71, 0x02, 0xF0, 0x47, 0x77, 0x71, 0x01, 0xF0, 0x47, 0x77, 0x71, 0x01, 0xF0, 0x47, 0x77, 0x71,
  0x01, 0xF0, 0x47, 0x58, 0x61, 0x47, 0x9B, 0xCD, 0xEF, 0xFB, 0x04, 0x72, 0x81, 0x49, 0xDF, 0xFF,
  0xC0, 0x47, 0x07, 0x0D, 0xFF, 0xFF, 0x04, 0x50, 0x50, 0xDF, 0xFF, 0xFA, 0x04, 0x40, 0x9F, 0xFF,
  0xFC, 0x04, 0x30, 0xAF, 0xB8, 0x5E, 0xA7, 0x53, 0x11, 0x71, 0x03, 0xF0, 0x42, 0x08, 0xFA, 0x09,
  0x03, 0x77, 0x10, 0x3F, 0x81, 0x40, 0x3F, 0x90, 0xD0, 0x27, 0x73, 0x03, 0xF8, 0x14, 0x0C, 0xF0,
  0xC0, 0x17, 0x74, 0x03, 0xF0, 0x40, 0x3F, 0x90, 0x27, 0x75, 0x03, 0xF0, 0x40, 0x8F, 0x08, 0x77,
  0x60, 0x5F, 0x04, 0x0C, 0xF0, 0x37, 0x76, 0x06, 0xF0, 0x40, 0xEE, 0x0E, 0x77, 0x70, 0x8F, 0x04,
  0xF0, 0xD7, 0x77, 0x0D, 0xF0, 0x4F, 0x0C, 0x77, 0x60, 0x2F, 0x90, 0x4F, 0x0D, 0x77, 0x60, 0xAF,
  0x90, 0x40, 0xEF, 0x01, 0x77, 0x40, 0x3F, 0xA0, 0x40, 0xCF, 0x05, 0x77, 0x30, 0x10, 0xDF, 0xA0,
  0x40, 0x9F, 0x0D, 0x77, 0x20, 0x20, 0xDF, 0xB0, 0x40, 0x5F, 0x90, 0xA7, 0x70, 0x60, 0xEF, 0xC8,
  0x14, 0x0E, 0xF9, 0x0D, 0x04, 0x72, 0x81, 0x17, 0xDD, 0x0D, 0x0C, 0xE8, 0x14, 0x08, 0xFB, 0x87,
  0xD9, 0x65, 0x45, 0x69, 0xCF, 0x81, 0xE2, 0x7E, 0x04, 0x20, 0xDF, 0xFF, 0xB8, 0x2E, 0x30, 0x3E,
  0x04, 0x20, 0x30, 0xEF, 0xFF, 0x90, 0xE0, 0x33, 0xE0, 0x43, 0x03, 0x0E, 0xFF, 0xE0, 0xD0, 0x24,
  0x0C, 0xD0, 0x44, 0x01, 0x09, 0xFF, 0xC0, 0x90, 0x15, 0x08, 0xD0, 0x46, 0x03, 0x0A, 0xFF, 0x0A,
  0x03, 0x70, 0x5D, 0x04, 0x71, 0x89, 0x41, 0x58, 0xCD, 0xEF, 0xEE, 0xDB, 0x85, 0x17, 0x72,
  // "á" (U+00E1), RLE, 846 bytes saved (66.5%)
  0x77, 0x72, 0x0A, 0xF9, 0x0B, 0x77, 0x76, 0x03, 0xFA, 0x04, 0x77, 0x76, 0x0B, 0xF9, 0x08, 0x77,
  0x76, 0x05, 0xF9, 0x0B, 0x77, 0x77, 0x0D, 0xF0, 0xD0, 0x17, 0x77, 0x60, 0x8F, 0x0E, 0x02, 0x77,
  0x76, 0x03, 0xF0, 0xE0, 0x37, 0x77, 0x70, 0xCF, 0x04, 0x77, 0x77, 0x06, 0xF0, 0x57, 0x77, 0x70,
  0x20, 0xEE, 0x05, 0x77, 0x77, 0x10, 0xBE, 0x05, 0x77, 0x77, 0x10, 0x7E, 0x05, 0x77, 0x77, 0x10,
  0x3D, 0x0E, 0x04, 0x77, 0x77, 0x20, 0x8C, 0x0D, 0x02, 0x80, 0xBA, 0x70, 0x85, 0x25, 0x8A, 0xCE,
  0xEA, 0x84, 0xED, 0xC9, 0x73, 0x77, 0x68, 0x14, 0x9D, 0xFF, 0x98, 0x1E, 0x82, 0x77, 0x81, 0x18,
  0xDF, 0xFF, 0x08, 0x74, 0x02, 0x0A, 0xFF, 0xFC, 0x0C, 0x01, 0x72, 0x0C, 0xFF, 0xFE, 0x0D, 0x01,
  0x71, 0x06, 0xFF, 0xFF, 0x0B, 0x71, 0x01, 0xFA, 0x89, 0x0D, 0x97, 0x54, 0x45, 0x7A, 0xEF, 0xB0,
  0x57, 0x10, 0xAD, 0x81, 0xC6, 0x17, 0x30, 0x50, 0xDF, 0x90, 0xD7, 0x10, 0x3A, 0x81, 0xE9, 0x37,
  0x70, 0x10, 0xBF, 0x90, 0x37, 0x18, 0x1C, 0x81, 0x77, 0x30, 0x10, 0xDF, 0x08, 0x77, 0x77, 0x10,
  0x5F, 0x0C, 0x77, 0x77, 0x20, 0xDF, 0x77, 0x77, 0x20, 0x9F, 0x01, 0x77, 0x77, 0x10, 0x6F, 0x03,
  0x77, 0x77, 0x10, 0x4F, 0x03, 0x77, 0x77, 0x10, 0x3F, 0x04, 0x77, 0x77, 0x10, 0x2F, 0x04, 0x77,
  0x77, 0x10, 0x1F, 0x04, 0x77, 0x77, 0x10, 0x1F, 0x04, 0x77, 0x77, 0x10, 0x1F, 0x04, 0x75, 0x86,
  0x14, 0x79, 0xBC, 0xDE, 0xFF, 0xB0, 0x47, 0x28, 0x14, 0x9D, 0xFF, 0xFC, 0x04, 0x70, 0x70, 0xDF,
  0xFF, 0xF0, 0x45, 0x05, 0x0D, 0xFF, 0xFF, 0xA0, 0x44, 0x09, 0xFF, 0xFF, 0xC0, 0x43, 0x0A, 0xFB,
  0x85, 0xEA, 0x75, 0x31, 0x17, 0x10, 0x3F, 0x04, 0x20, 0x8F, 0xA0, 0x90, 0x37, 0x71, 0x03, 0xF8,
  0x14, 0x03, 0xF9, 0x0D, 0x02, 0x77, 0x30, 0x3F, 0x81, 0x40, 0xCF, 0x0C, 0x01, 0x77, 0x40, 0x3F,
  0x04, 0x03, 0xF9, 0x02, 0x77, 0x50, 0x3F, 0x04, 0x08, 0xF0, 0x87, 0x76, 0x05, 0xF0, 0x40, 0xCF,
  0x03, 0x77, 0x60, 0x6F, 0x04, 0x0E, 0xE0, 0xE7, 0x77, 0x08, 0xF0, 0x4F, 0x0D, 0x77, 0x70, 0xDF,
  0x04, 0xF0, 0xC7, 0x76, 0x02, 0xF9, 0x04, 0xF0, 0xD7, 0x76, 0x0A, 0xF9, 0x04, 0x0E, 0xF0, 0x17,
  0x74, 0x03, 0xFA, 0x04, 0x0C, 0xF0, 0x57, 0x73, 0x01, 0x0D, 0xFA, 0x04, 0x09, 0xF0, 0xD7, 0x72,
  0x02, 0x0D, 0xFB, 0x04, 0x05, 0xF9, 0x0A, 0x77, 0x06, 0x0E, 0xFC, 0x81, 0x40, 0xEF, 0x90, 0xD0,
  0x47, 0x28, 0x11, 0x7D, 0xD0, 0xD0, 0xCE, 0x81, 0x40, 0x8F, 0xB8, 0x7D, 0x96, 0x54, 0x56, 0x9C,
  0xF8, 0x1E, 0x27, 0xE0, 0x42, 0x0D, 0xFF, 0xFB, 0x82, 0xE3, 0x03, 0xE0, 0x42, 0x03, 0x0E, 0xFF,
  0xF9, 0x0E, 0x03, 0x3E, 0x04, 0x30, 0x30, 0xEF, 0xFE, 0x0D, 0x02, 0x40, 0xCD, 0x04, 0x40, 0x10,
  0x9F, 0xFC, 0x09, 0x01, 0x50, 0x8D, 0x04, 0x60, 0x30, 0xAF, 0xF0, 0xA0, 0x37, 0x05, 0xD0, 0x47,
  0x18, 0x94, 0x15, 0x8C, 0xDE, 0xFE, 0xED, 0xB8, 0x51, 0x77, 0x20,
  // "â" (U+00E2), RLE, 818 bytes saved (64.3%)
  0x77, 0x10, 0x4F, 0x0E, 0x01, 0x77, 0x77, 0x0D, 0xF9, 0x0A, 0x77, 0x76, 0x09, 0xFB, 0x05, 0x77,
  0x74, 0x05, 0xFC, 0x0E, 0x02, 0x77, 0x72, 0x02, 0x0E, 0xFD, 0x0C, 0x77, 0x71, 0x01, 0x0D, 0xFF,
  0x0B, 0x77, 0x70, 0xCF, 0x07, 0x0B, 0xF0, 0x87, 0x75, 0x09, 0xF0, 0x62, 0x0B, 0xF0, 0x67, 0x73,
  0x07, 0xF0, 0x54, 0x0B, 0xF0, 0x47, 0x71, 0x05, 0xE0, 0xE0, 0x46, 0x09, 0xE0, 0xE0, 0x37, 0x60,
  0x4E, 0x0E, 0x03, 0x71, 0x07, 0xE0, 0xE0, 0x27, 0x40, 0x30, 0xED, 0x0C, 0x01, 0x73, 0x05, 0x0E,
  0xD0, 0xD0, 0x27, 0x20, 0x20, 0xED, 0x09, 0x76, 0x02, 0x0C, 0xD0, 0xD0, 0x17, 0x10, 0x8C, 0x0E,
  0x05, 0x77, 0x20, 0x8D, 0x07, 0x80, 0xB9, 0x20, 0x85, 0x25, 0x8A, 0xCE, 0xEA, 0x84, 0xED, 0xC9,
  0x73, 0x77, 0x68, 0x14, 0x9D, 0xFF, 0x98, 0x1E, 0x82, 0x77, 0x81, 0x18, 0xDF, 0xFF, 0x08, 0x74,
  0x02, 0x0A, 0xFF, 0xFC, 0x0C, 0x01, 0x72, 0x0C, 0xFF, 0xFE, 0x0D, 0x01, 0x71, 0x06, 0xFF, 0xFF,
  0x0B, 0x71, 0x01, 0xFA, 0x89, 0x0D, 0x97, 0x54, 0x45, 0x7A, 0xEF, 0xB0, 0x57, 0x10, 0xAD, 0x81,
  0xC6, 0x17, 0x30, 0x50, 0xDF, 0x90, 0xD7, 0x10, 0x3A, 0x81, 0xE9, 0x37, 0x70, 0x10, 0xBF, 0x90,
  0x37, 0x18, 0x1C, 0x81, 0x77, 0x30, 0x10, 0xDF, 0x08, 0x77, 0x77, 0x10, 0x5F, 0x0C, 0x77, 0x77,
  0x20, 0xDF, 0x77, 0x77, 0x20, 0x9F, 0x01, 0x77, 0x77, 0x10, 0x6F, 0x03, 0x77, 0x77, 0x10, 0x4F,
  0x03, 0x77, 0x77, 0x10, 0x3F, 0x04, 0x77, 0x77, 0x10, 0x2F, 0x04, 0x77, 0x77, 0x10, 0x1F, 0x04,
  0x77, 0x77, 0x10, 0x1F, 0x04, 0x77, 0x77, 0x10, 0x1F, 0x04, 0x75, 0x86, 0x14, 0x79, 0xBC, 0xDE,
  0xFF, 0xB0, 0x47, 0x28, 0x14, 0x9D, 0xFF, 0xFC, 0x04, 0x70, 0x70, 0xDF, 0xFF, 0xF0, 0x45, 0x05,
  0x0D, 0xFF, 0xFF, 0xA0, 0x44, 0x09, 0xFF, 0xFF, 0xC0, 0x43, 0x0A, 0xFB, 0x85, 0xEA, 0x75, 0x31,
  0x17, 0x10, 0x3F, 0x04, 0x20, 0x8F, 0xA0, 0x90, 0x37, 0x71, 0x03, 0xF8, 0x14, 0x03, 0xF9, 0x0D,
  0x02, 0x77, 0x30, 0x3F, 0x81, 0x40, 0xCF, 0x0C, 0x01, 0x77, 0x40, 0x3F, 0x04, 0x03, 0xF9, 0x02,
  0x77, 0x50, 0x3F, 0x04, 0x08, 0xF0, 0x87, 0x76, 0x05, 0xF0, 0x40, 0xCF, 0x03, 0x77, 0x60, 0x6F,
  0x04, 0x0E, 0xE0, 0xE7, 0x77, 0x08, 0xF0, 0x4F, 0x0D, 0x77, 0x70, 0xDF, 0x04, 0xF0, 0xC7, 0x76,
  0x02, 0xF9, 0x04, 0xF0, 0xD7, 0x76, 0x0A, 0xF9, 0x04, 0x0E, 0xF0, 0x17, 0x74, 0x03, 0xFA, 0x04,
  0x0C, 0xF0, 0x57, 0x73, 0x01, 0x0D, 0xFA, 0x04, 0x09, 0xF0, 0xD7, 0x72, 0x02, 0x0D, 0xFB, 0x04,
  0x05, 0xF9, 0x0A, 0x77, 0x06, 0x0E, 0xFC, 0x81, 0x40, 0xEF, 0x90, 0xD0, 0x47, 0x28, 0x11, 0x7D,
  0xD0, 0xD0, 0xCE, 0x81, 0x40, 0x8F, 0xB8, 0x7D, 0x96, 0x54, 0x56, 0x9C, 0xF8, 0x1E, 0x27, 0xE0,
  0x42, 0x0D, 0xFF, 0xFB, 0x82, 0xE3, 0x03, 0xE0, 0x42, 0x03, 0x0E, 0xFF, 0xF9, 0x0E, 0x03, 0x3E,
  0x04, 0x30, 0x30, 0xEF, 0xFE, 0x0D, 0x02, 0x40, 0xCD, 0x04, 0x40, 0x10, 0x9F, 0xFC, 0x09, 0x01,
  0x50, 0x8D, 0x04, 0x60, 0x30, 0xAF, 0xF0, 0xA0, 0x37, 0x05, 0xD0, 0x47, 0x18, 0x94, 0x15, 0x8C,
  0xDE, 0xFE, 0xED, 0xB8, 0x51, 0x77, 0x20,
  // "ã" (U+00E3), RLE, 763 bytes saved (62.7%)
  0x73, 0x86, 0x5A, 0xDE, 0xED, 0xA5, 0x76, 0x07, 0xB0, 0xE7, 0x30, 0x20, 0xCF, 0x90, 0xD0, 0x67,
  0x40, 0xCB, 0x0B, 0x72, 0x02, 0x0E, 0xFC, 0x0C, 0x04, 0x71, 0x04, 0xC0, 0x87, 0x10, 0x10, 0xDF,
  0xF0, 0xB0, 0x35, 0x01, 0x0D, 0xC0, 0x47, 0x10, 0x9F, 0xFB, 0x84, 0xC7, 0x45, 0x8E, 0xC0, 0xE7,
  0x10, 0x2F, 0xFF, 0xF0, 0x87, 0x10, 0x8D, 0x84, 0xB6, 0x45, 0x9E, 0xFF, 0xA0, 0xE0, 0x17, 0x10,
  0xDC, 0x07, 0x60, 0x70, 0xEF, 0xF0, 0x67, 0x10, 0x2C, 0x0B, 0x71, 0x81, 0x18, 0xEF, 0xC0, 0x87,
  0x20, 0x5C, 0x04, 0x73, 0x01, 0x09, 0xF9, 0x0E, 0x07, 0x73, 0x07, 0xB0, 0xE7, 0x68, 0x71, 0x7B,
  0xEF, 0xEC, 0x71, 0x80, 0xB9, 0x60, 0x85, 0x25, 0x8A, 0xCE, 0xEA, 0x84, 0xED, 0xC9, 0x73, 0x77,
  0x68, 0x14, 0x9D, 0xFF, 0x98, 0x1E, 0x82, 0x77, 0x81, 0x18, 0xDF, 0xFF, 0x08, 0x74, 0x02, 0x0A,
  0xFF, 0xFC, 0x0C, 0x01, 0x72, 0x0C, 0xFF, 0xFE, 0x0D, 0x01, 0x71, 0x06, 0xFF, 0xFF, 0x0B, 0x71,
  0x01, 0xFA, 0x89, 0x0D, 0x97, 0x54, 0x45, 0x7A, 0xEF, 0xB0, 0x57, 0x10, 0xAD, 0x81, 0xC6, 0x17,
  0x30, 0x50, 0xDF, 0x90, 0xD7, 0x10, 0x3A, 0x81, 0xE9, 0x37, 0x70, 0x10, 0xBF, 0x90, 0x37, 0x18,
  0x1C, 0x81, 0x77, 0x30, 0x10, 0xDF, 0x08, 0x77, 0x77, 0x10, 0x5F, 0x0C, 0x77, 0x77, 0x20, 0xDF,
  0x77, 0x77, 0x20, 0x9F, 0x01, 0x77, 0x77, 0x10, 0x6F, 0x03, 0x77, 0x77, 0x10, 0x4F, 0x03, 0x77,
  0x77, 0x10, 0x3F, 0x04, 0x77, 0x77, 0x10, 0x2F, 0x04, 0x77, 0x77, 0x10, 0x1F, 0x04, 0x77, 0x77,
  0x10, 0x1F, 0x04, 0x77, 0x77, 0x10, 0x1F, 0x04, 0x75, 0x86, 0x14, 0x79, 0xBC, 0xDE, 0xFF, 0xB0,
  0x47, 0x28, 0x14, 0x9D, 0xFF, 0xFC, 0x04, 0x70, 0x70, 0xDF, 0xFF, 0xF0, 0x45, 0x05, 0x0D, 0xFF,
  0xFF, 0xA0, 0x44, 0x09, 0xFF, 0xFF, 0xC0, 0x43, 0x0A, 0xFB, 0x85, 0xEA, 0x75, 0x31, 0x17, 0x10,
  0x3F, 0x04, 0x20, 0x8F, 0xA0, 0x90, 0x37, 0x71, 0x03, 0xF8, 0x14, 0x03, 0xF9, 0x0D, 0x02, 0x77,
  0x30, 0x3F, 0x81, 0x40, 0xCF, 0x0C, 0x01, 0x77, 0x40, 0x3F, 0x04, 0x03, 0xF9, 0x02, 0x77, 0x50,
  0x3F, 0x04, 0x08, 0xF0, 0x87, 0x76, 0x05, 0xF0, 0x40, 0xCF, 0x03, 0x77, 0x60, 0x6F, 0x04, 0x0E,
  0xE0, 0xE7, 0x77, 0x08, 0xF0, 0x4F, 0x0D, 0x77, 0x70, 0xDF, 0x04, 0xF0, 0xC7, 0x76, 0x02, 0xF9,
  0x04, 0xF0, 0xD7, 0x76, 0x0A, 0xF9, 0x04, 0x0E, 0xF0, 0x17, 0x74, 0x03, 0xFA, 0x04, 0x0C, 0xF0,
  0x57, 0x73, 0x01, 0x0D, 0xFA, 0x04, 0x09, 0xF0, 0xD7, 0x72, 0x02, 0x0D, 0xFB, 0x04, 0x05, 0xF9,
  0x0A, 0x77, 0x06, 0x0E, 0xFC, 0x81, 0x40, 0xEF, 0x90, 0xD0, 0x47, 0x28, 0x11, 0x7D, 0xD0, 0xD0,
  0xCE, 0x81, 0x40, 0x8F, 0xB8, 0x7D, 0x96, 0x54, 0x56, 0x9C, 0xF8, 0x1E, 0x27, 0xE0, 0x42, 0x0D,
  0xFF, 0xFB, 0x82, 0xE3, 0x03, 0xE0, 0x42, 0x03, 0x0E, 0xFF, 0xF9, 0x0E, 0x03, 0x3E, 0x04, 0x30,
  0x30, 0xEF, 0xFE, 0x0D, 0x02, 0x40, 0xCD, 0x04, 0x40, 0x10, 0x9F, 0xFC, 0x09, 0x01, 0x50, 0x8D,
  0x04, 0x60, 0x30, 0xAF, 0xF0, 0xA0, 0x37, 0x05, 0xD0, 0x47, 0x18, 0x94, 0x15, 0x8C, 0xDE, 0xFE,
  0xED, 0xB8, 0x51, 0x77, 0x20,
  // "ä" (U+00E4), RLE, 788 bytes saved (64.8%)
  0x72, 0x84, 0x4B, 0xFE, 0xA2, 0x73, 0x84, 0x3B, 0xEE, 0xA2, 0x77, 0x10, 0x5D, 0x0E, 0x01, 0x71,
  0x03, 0xD0, 0xE0, 0x27, 0x70, 0xDE, 0x09, 0x71, 0x0B, 0xE0, 0xA7, 0x60, 0x1F, 0x0C, 0x71, 0x0E,
  0xE0, 0xE7, 0x60, 0x2F, 0x0D, 0x71, 0xF0, 0xE7, 0x60, 0x1F, 0x0C, 0x71, 0x0E, 0xE0, 0xD7, 0x70,
  0xDE, 0x08, 0x71, 0x0A, 0xE0, 0x97, 0x70, 0x4D, 0x0D, 0x01, 0x71, 0x02, 0x0E, 0xC0, 0xE0, 0x27,
  0x71, 0x84, 0x3B, 0xFE, 0x91, 0x73, 0x84, 0x3B, 0xEE, 0xA2, 0x80, 0xCB, 0x20, 0x85, 0x25, 0x8A,
  0xCE, 0xEA, 0x84, 0xED, 0xC9, 0x73, 0x77, 0x68, 0x14, 0x9D, 0xFF, 0x98, 0x1E, 0x82, 0x77, 0x81,
  0x18, 0xDF, 0xFF, 0x08, 0x74, 0x02, 0x0A, 0xFF, 0xFC, 0x0C, 0x01, 0x72, 0x0C, 0xFF, 0xFE, 0x0D,
  0x01, 0x71, 0x06, 0xFF, 0xFF, 0x0B, 0x71, 0x01, 0xFA, 0x89, 0x0D, 0x97, 0x54, 0x45, 0x7A, 0xEF,
  0xB0, 0x57, 0x10, 0xAD, 0x81, 0xC6, 0x17, 0x30, 0x50, 0xDF, 0x90, 0xD7, 0x10, 0x3A, 0x81, 0xE9,
  0x37, 0x70, 0x10, 0xBF, 0x90, 0x37, 0x18, 0x1C, 0x81, 0x77, 0x30, 0x10, 0xDF, 0x08, 0x77, 0x77,
  0x10, 0x5F, 0x0C, 0x77, 0x77, 0x20, 0xDF, 0x77, 0x77, 0x20, 0x9F, 0x01, 0x77, 0x77, 0x10, 0x6F,
  0x03, 0x77, 0x77, 0x10, 0x4F, 0x03, 0x77, 0x77, 0x10, 0x3F, 0x04, 0x77, 0x77, 0x10, 0x2F, 0x04,
  0x77, 0x77, 0x10, 0x1F, 0x04, 0x77, 0x77, 0x10, 0x1F, 0x04, 0x77, 0x77, 0x10, 0x1F, 0x04, 0x75,
  0x86, 0x14, 0x79, 0xBC, 0xDE, 0xFF, 0xB0, 0x47, 0x28, 0x14, 0x9D, 0xFF, 0xFC, 0x04, 0x70, 0x70,
  0xDF, 0xFF, 0xF0, 0x45, 0x05, 0x0D, 0xFF, 0xFF, 0xA0, 0x44, 0x09, 0xFF, 0xFF, 0xC0, 0x43, 0x0A,
  0xFB, 0x85, 0xEA, 0x75, 0x31, 0x17, 0x10, 0x3F, 0x04, 0x20, 0x8F, 0xA0, 0x90, 0x37, 0x71, 0x03,
  0xF8, 0x14, 0x03, 0xF9, 0x0D, 0x02, 0x77, 0x30, 0x3F, 0x81, 0x40, 0xCF, 0x0C, 0x01, 0x77, 0x40,
  0x3F, 0x04, 0x03, 0xF9, 0x02, 0x77, 0x50, 0x3F, 0x04, 0x08, 0xF0, 0x87, 0x76, 0x05, 0xF0, 0x40,
  0xCF, 0x03, 0x77, 0x60, 0x6F, 0x04, 0x0E, 0xE0, 0xE7, 0x77, 0x08, 0xF0, 0x4F, 0x0D, 0x77, 0x70,
  0xDF, 0x04, 0xF0, 0xC7, 0x76, 0x02, 0xF9, 0x04, 0xF0, 0xD7, 0x76, 0x0A, 0xF9, 0x04, 0x0E, 0xF0,
  0x17, 0x74, 0x03, 0xFA, 0x04, 0x0C, 0xF0, 0x57, 0x73, 0x01, 0x0D, 0xFA, 0x04, 0x09, 0xF0, 0xD7,
  0x72, 0x02, 0x0D, 0xFB, 0x04, 0x05, 0xF9, 0x0A, 0x77, 0x06, 0x0E, 0xFC, 0x81, 0x40, 0xEF, 0x90,
  0xD0, 0x47, 0x28, 0x11, 0x7D, 0xD0, 0xD0, 0xCE, 0x81, 0x40, 0x8F, 0xB8, 0x7D, 0x96, 0x54, 0x56,
  0x9C, 0xF8, 0x1E, 0x27, 0xE0, 0x42, 0x0D, 0xFF, 0xFB, 0x82, 0xE3, 0x03, 0xE0, 0x42, 0x03, 0x0E,
  0xFF, 0xF9, 0x0E, 0x03, 0x3E, 0x04, 0x30, 0x30, 0xEF, 0xFE, 0x0D, 0x02, 0x40, 0xCD, 0x04, 0x40,
  0x10, 0x9F, 0xFC, 0x09, 0x01, 0x50, 0x8D, 0x04, 0x60, 0x30, 0xAF, 0xF0, 0xA0, 0x37, 0x05, 0xD0,
  0x47, 0x18, 0x94, 0x15, 0x8C, 0xDE, 0xFE, 0xED, 0xB8, 0x51, 0x77, 0x20,
  // "å" (U+00E5), RLE, 869 bytes saved (64.4%)
  0x77, 0x18, 0x72, 0x8B, 0xDF, 0xED, 0xA6, 0x77, 0x76, 0x01, 0x0A, 0xFA, 0x0E, 0x06, 0x77, 0x73,
  0x02, 0x0E, 0xFD, 0x0A, 0x77, 0x71, 0x01, 0x0D, 0xFF, 0x0A, 0x77, 0x70, 0x8D, 0x84, 0x82, 0x01,
  0x4B, 0xD0, 0x47, 0x76, 0xD0, 0x46, 0x09, 0xC0, 0xB7, 0x75, 0x04, 0xC0, 0x87, 0x10, 0xDC, 0x01,
  0x77, 0x40, 0x7C, 0x02, 0x71, 0x08, 0xC0, 0x37, 0x74, 0x08, 0xC7, 0x20, 0x6C, 0x05, 0x77, 0x40,
  0x8C, 0x72, 0x06, 0xC0, 0x47, 0x74, 0x06, 0xC0, 0x27, 0x10, 0x8C, 0x03, 0x77, 0x40, 0x4C, 0x07,
  0x71, 0x0D, 0xC7, 0x76, 0x0E, 0xB0, 0xE0, 0x26, 0x09, 0xC0, 0xB7, 0x76, 0x08, 0xC8, 0x1E, 0x72,
  0x20, 0x40, 0xBD, 0x04, 0x77, 0x60, 0x10, 0xDF, 0xF0, 0x97, 0x77, 0x10, 0x20, 0xDF, 0xD0, 0xA7,
  0x77, 0x30, 0x10, 0xAF, 0xA0, 0xE0, 0x67, 0x77, 0x68, 0x72, 0x8B, 0xEF, 0xED, 0xA6, 0x80, 0xBA,
  0x50, 0x85, 0x25, 0x8A, 0xCE, 0xEA, 0x84, 0xED, 0xC9, 0x73, 0x77, 0x68, 0x14, 0x9D, 0xFF, 0x98,
  0x1E, 0x82, 0x77, 0x81, 0x18, 0xDF, 0xFF, 0x08, 0x74, 0x02, 0x0A, 0xFF, 0xFC, 0x0C, 0x01, 0x72,
  0x0C, 0xFF, 0xFE, 0x0D, 0x01, 0x71, 0x06, 0xFF, 0xFF, 0x0B, 0x71, 0x01, 0xFA, 0x89, 0x0D, 0x97,
  0x54, 0x45, 0x7A, 0xEF, 0xB0, 0x57, 0x10, 0xAD, 0x81, 0xC6, 0x17, 0x30, 0x50, 0xDF, 0x90, 0xD7,
  0x10, 0x3A, 0x81, 0xE9, 0x37, 0x70, 0x10, 0xBF, 0x90, 0x37, 0x18, 0x1C, 0x81, 0x77, 0x30, 0x10,
  0xDF, 0x08, 0x77, 0x77, 0x10, 0x5F, 0x0C, 0x77, 0x77, 0x20, 0xDF, 0x77, 0x77, 0x20, 0x9F, 0x01,
  0x77, 0x77, 0x10, 0x6F, 0x03, 0x77, 0x77, 0x10, 0x4F, 0x03, 0x77, 0x77, 0x10, 0x3F, 0x04, 0x77,
  0x77, 0x10, 0x2F, 0x04, 0x77, 0x77, 0x10, 0x1F, 0x04, 0x77, 0x77, 0x10, 0x1F, 0x04, 0x77, 0x77,
  0x10, 0x1F, 0x04, 0x75, 0x86, 0x14, 0x79, 0xBC, 0xDE, 0xFF, 0xB0, 0x47, 0x28, 0x14, 0x9D, 0xFF,
  0xFC, 0x04, 0x70, 0x70, 0xDF, 0xFF, 0xF0, 0x45, 0x05, 0x0D, 0xFF, 0xFF, 0xA0, 0x44, 0x09, 0xFF,
  0xFF, 0xC0, 0x43, 0x0A, 0xFB, 0x85, 0xEA, 0x75, 0x31, 0x17, 0x10, 0x3F, 0x04, 0x20, 0x8F, 0xA0,
  0x90, 0x37, 0x71, 0x03, 0xF8, 0x14, 0x03, 0xF9, 0x0D, 0x02, 0x77, 0x30, 0x3F, 0x81, 0x40, 0xCF,
  0x0C, 0x01, 0x77, 0x40, 0x3F, 0x04, 0x03, 0xF9, 0x02, 0x77, 0x50, 0x3F, 0x04, 0x08, 0xF0, 0x87,
  0x76, 0x05, 0xF0, 0x40, 0xCF, 0x03, 0x77, 0x60, 0x6F, 0x04, 0x0E, 0xE0, 0xE7, 0x77, 0x08, 0xF0,
  0x4F, 0x0D, 0x77, 0x70, 0xDF, 0x04, 0xF0, 0xC7, 0x76, 0x02, 0xF9, 0x04, 0xF0, 0xD7, 0x76, 0x0A,
  0xF9, 0x04, 0x0E, 0xF0, 0x17, 0x74, 0x03, 0xFA, 0x04, 0x0C, 0xF0, 0x57, 0x73, 0x01, 0x0D, 0xFA,
  0x04, 0x09, 0xF0, 0xD7, 0x72, 0x02, 0x0D, 0xFB, 0x04, 0x05, 0xF9, 0x0A, 0x77, 0x06, 0x0E, 0xFC,
  0x81, 0x40, 0xEF, 0x90, 0xD0, 0x47, 0x28, 0x11, 0x7D, 0xD0, 0xD0, 0xCE, 0x81, 0x40, 0x8F, 0xB8,
  0x7D, 0x96, 0x54, 0x56, 0x9C, 0xF8, 0x1E, 0x27, 0xE0, 0x42, 0x0D, 0xFF, 0xFB, 0x82, 0xE3, 0x03,
  0xE0, 0x42, 0x03, 0x0E, 0xFF, 0xF9, 0x0E, 0x03, 0x3E, 0x04, 0x30, 0x30, 0xEF, 0xFE, 0x0D, 0x02,
  0x40, 0xCD, 0x04, 0x40, 0x10, 0x9F, 0xFC, 0x09, 0x01, 0x50, 0x8D, 0x04, 0x60, 0x30, 0xAF, 0xF0,
  0xA0, 0x37, 0x05, 0xD0, 0x47, 0x18, 0x94, 0x15, 0x8C, 0xDE, 0xFE, 0xED, 0xB8, 0x51, 0x77, 0x20,
  // "æ" (U+00E6), RLE, 1051 bytes saved (66.4%)
  0x75, 0x89, 0x42, 0x58, 0xBC, 0xEE, 0xFE, 0xEC, 0xA8, 0x47, 0x72, 0x89, 0x22, 0x7A, 0xDE, 0xFE,
  0xDC, 0x96, 0x27, 0x77, 0x81, 0x59, 0xEF, 0xF8, 0x1E, 0x81, 0x74, 0x05, 0x0C, 0xFD, 0x0C, 0x06,
  0x77, 0x28, 0x13, 0x9E, 0xFF, 0xE0, 0x77, 0x10, 0x30, 0xDF, 0xFA, 0x0D, 0x04, 0x75, 0x03, 0x0B,
  0xFF, 0xFB, 0x0A, 0x60, 0x7F, 0xFE, 0x08, 0x74, 0x0E, 0xFF, 0xFD, 0x0A, 0x40, 0x9F, 0xFF, 0x90,
  0xA7, 0x30, 0xAF, 0xFF, 0xE0, 0x62, 0x08, 0xFF, 0xFB, 0x0A, 0x72, 0x03, 0xFA, 0x87, 0xC9, 0x75,
  0x44, 0x68, 0xBF, 0xA8, 0x1E, 0x15, 0xFA, 0x86, 0xC7, 0x64, 0x57, 0x9E, 0xFA, 0x07, 0x72, 0x0D,
  0xD0, 0xA0, 0x57, 0x30, 0x10, 0x8F, 0x90, 0xA0, 0xEF, 0x0A, 0x01, 0x71, 0x05, 0x0E, 0xF9, 0x03,
  0x71, 0x07, 0xA8, 0x1D, 0x71, 0x77, 0x03, 0x0E, 0xFE, 0x0E, 0x04, 0x74, 0x01, 0x0C, 0xF0, 0xC7,
  0x18, 0x11, 0xD6, 0x77, 0x40, 0x3F, 0xE0, 0x47, 0x60, 0x10, 0xDF, 0x05, 0x77, 0x77, 0x10, 0x9F,
  0xC0, 0x77, 0x71, 0x04, 0xF0, 0xC7, 0x77, 0x71, 0x02, 0xFB, 0x0C, 0x77, 0x30, 0xBF, 0x03, 0x77,
  0x77, 0x10, 0xDF, 0xA0, 0x47, 0x73, 0x05, 0xF0, 0x97, 0x77, 0x71, 0x09, 0xF9, 0x0D, 0x77, 0x50,
  0xEE, 0x0D, 0x77, 0x77, 0x10, 0x7F, 0x90, 0x87, 0x75, 0x0A, 0xF0, 0x27, 0x77, 0x70, 0x6F, 0x90,
  0x47, 0x75, 0x07, 0xF0, 0x57, 0x77, 0x70, 0x5F, 0x97, 0x76, 0x05, 0xF0, 0x87, 0x77, 0x70, 0x4F,
  0x0D, 0x77, 0x60, 0x3F, 0x0A, 0x77, 0x77, 0x04, 0xF0, 0xB7, 0x76, 0x02, 0xF0, 0xC7, 0x77, 0x70,
  0x4F, 0x0A, 0x77, 0x60, 0x1F, 0x0C, 0x75, 0x85, 0x36, 0x8A, 0xCD, 0xE8, 0x0D, 0x2F, 0x0D, 0x71,
  0x81, 0x16, 0xB8, 0x0E, 0x2F, 0x0E, 0x60, 0x20, 0x98, 0x0E, 0x5F, 0x0E, 0x50, 0x78, 0x0E, 0x7F,
  0x0E, 0x30, 0x10, 0xB8, 0x0F, 0x0F, 0x0E, 0x30, 0xCF, 0xB8, 0x4C, 0x85, 0x32, 0x17, 0x10, 0x78,
  0x0C, 0x0F, 0x0E, 0x20, 0xAF, 0x98, 0x1E, 0x71, 0x77, 0x07, 0xF0, 0x98, 0x0B, 0x14, 0x10, 0x5F,
  0x90, 0xB0, 0x17, 0x72, 0x07, 0xF0, 0x77, 0x77, 0x72, 0x0D, 0xF0, 0xB7, 0x74, 0x07, 0xF0, 0x87,
  0x77, 0x71, 0x04, 0xF0, 0xE0, 0x17, 0x74, 0x08, 0xF0, 0xA7, 0x77, 0x71, 0x08, 0xF0, 0x77, 0x75,
  0x09, 0xF0, 0xC7, 0x77, 0x71, 0x0C, 0xF0, 0x27, 0x75, 0x0A, 0xF0, 0xE7, 0x77, 0x71, 0x0E, 0xE0,
  0xE7, 0x76, 0x0D, 0xF9, 0x03, 0x77, 0x77, 0xF0, 0xD7, 0x75, 0x01, 0xFA, 0x08, 0x77, 0x77, 0xF0,
  0xC7, 0x75, 0x05, 0xFA, 0x0D, 0x77, 0x77, 0xF0, 0xD7, 0x75, 0x0C, 0xFB, 0x05, 0x77, 0x76, 0x0E,
  0xF7, 0x74, 0x05, 0xFC, 0x0D, 0x77, 0x76, 0x0C, 0xF0, 0x57, 0x72, 0x03, 0x0E, 0xFD, 0x09, 0x77,
  0x75, 0x09, 0xF0, 0xC7, 0x71, 0x02, 0x0E, 0xD0, 0x0E, 0xF0, 0x97, 0x77, 0x10, 0x12, 0x05, 0xF9,
  0x09, 0x76, 0x06, 0xF0, 0x50, 0x6F, 0x90, 0xA0, 0x17, 0x74, 0x81, 0x5B, 0xD3, 0x0E, 0xF9, 0x0B,
  0x02, 0x72, 0x06, 0x0C, 0xF0, 0x92, 0x0B, 0xF9, 0x81, 0xE8, 0x17, 0x58, 0x21, 0x6A, 0xEA, 0x0D,
  0x30, 0x7F, 0xB8, 0x6B, 0x85, 0x45, 0x67, 0xBF, 0xA0, 0xB3, 0x01, 0x0D, 0xFB, 0x89, 0x2D, 0x97,
  0x54, 0x45, 0x57, 0x8A, 0xDE, 0x0D, 0x40, 0xDF, 0xFF, 0xC0, 0xB5, 0x02, 0x0E, 0xFF, 0xFE, 0x0D,
  0x40, 0x20, 0xEF, 0xFF, 0xA0, 0xA7, 0x02, 0x0D, 0xFF, 0xFD, 0x0D, 0x50, 0x30, 0xDF, 0xFF, 0x07,
  0x72, 0x01, 0x0A, 0xFF, 0xFC, 0x0D, 0x70, 0x9F, 0xFC, 0x0C, 0x03, 0x75, 0x04, 0x0D, 0xFF, 0xF8,
  0x1E, 0x93, 0x71, 0x03, 0x09, 0xFF, 0x0B, 0x05, 0x77, 0x20, 0x40, 0xBF, 0xFA, 0x81, 0xEA, 0x57,
  0x68, 0x94, 0x15, 0x8B, 0xDE, 0xFE, 0xED, 0xB8, 0x51, 0x77, 0x78, 0x44, 0x8A, 0xCE, 0xEA, 0x85,
  0xED, 0xCB, 0x96, 0x27, 0x10,
  // "ç" (U+00E7), RLE, 801 bytes saved (67.3%)
  0x77, 0x18, 0x95, 0x15, 0x8B, 0xDE, 0xEF, 0xED, 0xCB, 0x86, 0x37, 0x73, 0x81, 0x17, 0xCF, 0xF9,
  0x81, 0xEA, 0x57, 0x58, 0x11, 0x9E, 0xFF, 0xE0, 0xE0, 0x37, 0x20, 0x60, 0xEF, 0xFF, 0xA0, 0x17,
  0x10, 0xAF, 0xFF, 0xB0, 0xA7, 0x01, 0x0B, 0xFF, 0xFC, 0x04, 0x70, 0xBF, 0xB8, 0x90, 0xEA, 0x75,
  0x44, 0x67, 0xAD, 0xD0, 0xE7, 0x09, 0xFA, 0x0B, 0x04, 0x73, 0x81, 0x16, 0xBA, 0x08, 0x60, 0x4F,
  0x90, 0xE0, 0x57, 0x71, 0x81, 0x16, 0x26, 0x0D, 0xF0, 0xE0, 0x27, 0x77, 0x30, 0x7F, 0x90, 0x37,
  0x77, 0x40, 0xEF, 0x06, 0x77, 0x74, 0x05, 0xF0, 0xD7, 0x77, 0x50, 0xBF, 0x05, 0x77, 0x75, 0xF0,
  0xE7, 0x77, 0x50, 0x4F, 0x0A, 0x77, 0x75, 0x08, 0xF0, 0x57, 0x77, 0x50, 0xAF, 0x02, 0x77, 0x75,
  0x0D, 0xF7, 0x77, 0x6F, 0x0D, 0x77, 0x75, 0x01, 0xF0, 0xB7, 0x77, 0x50, 0x2F, 0x0A, 0x77, 0x75,
  0x03, 0xF0, 0x97, 0x77, 0x50, 0x3F, 0x08, 0x77, 0x75, 0x03, 0xF0, 0x97, 0x77, 0x50, 0x3F, 0x09,
  0x77, 0x75, 0x02, 0xF0, 0xA7, 0x77, 0x50, 0x1F, 0x0B, 0x77, 0x76, 0xF0, 0xC7, 0x77, 0x60, 0xEF,
  0x77, 0x76, 0x0B, 0xF0, 0x27, 0x77, 0x50, 0x9F, 0x05, 0x77, 0x75, 0x06, 0xF0, 0xA7, 0x77, 0x50,
  0x1F, 0x0E, 0x77, 0x76, 0x0D, 0xF0, 0x57, 0x77, 0x50, 0x7F, 0x0D, 0x77, 0x75, 0x01, 0xF9, 0x07,
  0x77, 0x75, 0x0A, 0xF0, 0xE0, 0x27, 0x77, 0x40, 0x2F, 0x90, 0xD0, 0x27, 0x77, 0x40, 0x7F, 0x90,
  0xE0, 0x47, 0x72, 0x81, 0x17, 0x86, 0x0C, 0xFA, 0x0A, 0x03, 0x74, 0x81, 0x16, 0xBA, 0x0A, 0x60,
  0x10, 0xDF, 0xB8, 0x91, 0xD9, 0x65, 0x45, 0x56, 0x8B, 0xDD, 0x0A, 0x70, 0x30, 0xEF, 0xFF, 0xC0,
  0xA7, 0x10, 0x20, 0xDF, 0xFF, 0xB0, 0xA7, 0x20, 0x10, 0x9F, 0xFF, 0xA0, 0xA7, 0x40, 0x30, 0xBF,
  0xFF, 0x07, 0x76, 0x81, 0x39, 0xEF, 0xF9, 0x81, 0xD8, 0x17, 0x73, 0x82, 0x37, 0x9D, 0xD8, 0x4E,
  0xDB, 0x96, 0x17, 0x77, 0x20, 0x7C, 0x07, 0x77, 0x77, 0x01, 0x0E, 0xB0, 0xE7, 0x77, 0x71, 0x08,
  0xC0, 0x77, 0x77, 0x70, 0x10, 0xEB, 0x0E, 0x01, 0x77, 0x77, 0x08, 0xD8, 0x1B, 0x71, 0x77, 0x74,
  0x01, 0x0E, 0xF9, 0x08, 0x77, 0x73, 0x06, 0xFB, 0x0D, 0x02, 0x77, 0x73, 0x81, 0x26, 0xBF, 0x0E,
  0x01, 0x77, 0x75, 0x01, 0x08, 0xE0, 0x97, 0x77, 0x70, 0x7D, 0x0E, 0x77, 0x77, 0x1E, 0x02, 0x77,
  0x77, 0x0E, 0xD0, 0x37, 0x77, 0x60, 0x1E, 0x01, 0x77, 0x76, 0x09, 0xD0, 0xE7, 0x74, 0x81, 0x43,
  0x13, 0x82, 0x13, 0x6C, 0xE0, 0x97, 0x74, 0x0C, 0xFF, 0x0E, 0x02, 0x77, 0x40, 0xCF, 0xF0, 0x57,
  0x75, 0x0C, 0xFD, 0x0E, 0x05, 0x77, 0x60, 0xCF, 0xB8, 0x1E, 0x91, 0x77, 0x78, 0x18, 0xCE, 0xA8,
  0x4E, 0xED, 0xA8, 0x47, 0x50,
  // "è" (U+00E8), RLE, 981 bytes saved (71.4%)
  0x72, 0x08, 0xF9, 0x0B, 0x77, 0x77, 0x30, 0x2F, 0xA0, 0x37, 0x77, 0x73, 0x06, 0xF9, 0x0C, 0x77,
  0x77, 0x40, 0x9F, 0x90, 0x57, 0x77, 0x74, 0x0B, 0xF0, 0xD7, 0x77, 0x74, 0x01, 0x0D, 0xF0, 0x97,
  0x77, 0x74, 0x02, 0x0E, 0xF0, 0x37, 0x77, 0x74, 0x03, 0x0E, 0xE0, 0xD7, 0x77, 0x75, 0x03, 0x0E,
  0xE0, 0x77, 0x77, 0x75, 0x04, 0xF0, 0x37, 0x77, 0x75, 0x04, 0x0E, 0xD0, 0xD7, 0x77, 0x76, 0x03,
  0x0E, 0xD0, 0x97, 0x77, 0x76, 0x03, 0x0D, 0xD0, 0x57, 0x77, 0x76, 0x01, 0x0C, 0xC0, 0xB8, 0x0B,
  0xC6, 0x08, 0x93, 0x47, 0xAC, 0xDE, 0xFE, 0xDB, 0x85, 0x17, 0x77, 0x48, 0x13, 0x9E, 0xFE, 0x0A,
  0x04, 0x77, 0x70, 0x20, 0xAF, 0xFC, 0x0B, 0x03, 0x77, 0x40, 0x6F, 0xFF, 0x90, 0x77, 0x72, 0x09,
  0xFF, 0xFB, 0x0A, 0x77, 0x0A, 0xFF, 0xFD, 0x0A, 0x75, 0x0A, 0xFB, 0x86, 0xC8, 0x65, 0x56, 0x7B,
  0xFB, 0x08, 0x73, 0x06, 0xFA, 0x08, 0x01, 0x71, 0x01, 0x07, 0xFA, 0x05, 0x71, 0x02, 0xF9, 0x0C,
  0x02, 0x75, 0x02, 0x0D, 0xF0, 0xE7, 0x10, 0xBF, 0x0C, 0x01, 0x77, 0x02, 0x0D, 0xF0, 0x76, 0x04,
  0xF0, 0xE0, 0x17, 0x72, 0x04, 0xF0, 0xE6, 0x0C, 0xF0, 0x47, 0x74, 0x0A, 0xF0, 0x64, 0x03, 0xF0,
  0xB7, 0x75, 0x03, 0xF0, 0xC4, 0x09, 0xF0, 0x37, 0x76, 0x0C, 0xF0, 0x13, 0x0E, 0xE0, 0xD7, 0x77,
  0x07, 0xF0, 0x52, 0x02, 0xF0, 0x87, 0x77, 0x04, 0xF0, 0x82, 0x06, 0xF0, 0x47, 0x77, 0x01, 0xF0,
  0xB2, 0x0A, 0xF0, 0x17, 0x77, 0x10, 0xEE, 0x0D, 0x20, 0xCE, 0x0E, 0x77, 0x72, 0x0D, 0xF2, 0x0E,
  0xE0, 0xD8, 0x0A, 0x34, 0x0D, 0xF1, 0x01, 0x80, 0xC3, 0xF0, 0x10, 0x28, 0x0C, 0x3F, 0x01, 0x02,
  0x80, 0xC3, 0xF0, 0x10, 0x38, 0x0C, 0x3F, 0x01, 0x03, 0x80, 0xC3, 0xF0, 0x10, 0x38, 0x0C, 0x3F,
  0x01, 0x02, 0xF0, 0x97, 0x77, 0x74, 0x01, 0xF0, 0xA7, 0x77, 0x75, 0xF0, 0xC7, 0x77, 0x75, 0x0D,
  0xE0, 0xD7, 0x77, 0x75, 0x0B, 0xF0, 0x17, 0x77, 0x74, 0x08, 0xF0, 0x57, 0x77, 0x74, 0x04, 0xF0,
  0x97, 0x77, 0x75, 0x0E, 0xE0, 0xE7, 0x77, 0x75, 0x0A, 0xF0, 0x67, 0x77, 0x74, 0x04, 0xF0, 0xD7,
  0x77, 0x75, 0x0D, 0xF0, 0x97, 0x77, 0x74, 0x05, 0xF9, 0x06, 0x77, 0x77, 0x40, 0xBF, 0x90, 0x77,
  0x77, 0x20, 0x27, 0x02, 0xFA, 0x0A, 0x02, 0x77, 0x48, 0x11, 0x6C, 0x97, 0x10, 0x6F, 0xB0, 0x90,
  0x37, 0x68, 0x13, 0x7B, 0xC7, 0x20, 0x8F, 0xC8, 0x92, 0xEA, 0x76, 0x54, 0x56, 0x67, 0xAC, 0xF9,
  0x73, 0x08, 0xFF, 0xFF, 0xA7, 0x40, 0x6F, 0xFF, 0xF9, 0x75, 0x02, 0x0C, 0xFF, 0xFE, 0x77, 0x06,
  0x0D, 0xFF, 0xFA, 0x0A, 0x04, 0x77, 0x28, 0x14, 0xAE, 0xFF, 0xA8, 0x2E, 0xA6, 0x17, 0x77, 0x84,
  0x37, 0x9C, 0xDE, 0xB8, 0x5E, 0xDC, 0xA8, 0x62, 0x72,
  // "é" (U+00E9), RLE, 982 bytes saved (71.5%)
  0x77, 0x72, 0x0A, 0xF9, 0x0B, 0x77, 0x77, 0x20, 0x3F, 0xA0, 0x47, 0x77, 0x72, 0x0B, 0xF9, 0x08,
  0x77, 0x77, 0x20, 0x5F, 0x90, 0xB7, 0x77, 0x73, 0x0D, 0xF0, 0xD0, 0x17, 0x77, 0x72, 0x08, 0xF0,
  0xE0, 0x27, 0x77, 0x72, 0x03, 0xF0, 0xE0, 0x37, 0x77, 0x73, 0x0C, 0xF0, 0x47, 0x77, 0x73, 0x06,
  0xF0, 0x57, 0x77, 0x73, 0x02, 0x0E, 0xE0, 0x57, 0x77, 0x74, 0x0B, 0xE0, 0x57, 0x77, 0x74, 0x07,
  0xE0, 0x57, 0x77, 0x74, 0x03, 0xD0, 0xE0, 0x47, 0x77, 0x75, 0x08, 0xC0, 0xD0, 0x28, 0x0B, 0xD3,
  0x08, 0x93, 0x47, 0xAC, 0xDE, 0xFE, 0xDB, 0x85, 0x17, 0x77, 0x48, 0x13, 0x9E, 0xFE, 0x0A, 0x04,
  0x77, 0x70, 0x20, 0xAF, 0xFC, 0x0B, 0x03, 0x77, 0x40, 0x6F, 0xFF, 0x90, 0x77, 0x72, 0x09, 0xFF,
  0xFB, 0x0A, 0x77, 0x0A, 0xFF, 0xFD, 0x0A, 0x75, 0x0A, 0xFB, 0x86, 0xC8, 0x65, 0x56, 0x7B, 0xFB,
  0x08, 0x73, 0x06, 0xFA, 0x08, 0x01, 0x71, 0x01, 0x07, 0xFA, 0x05, 0x71, 0x02, 0xF9, 0x0C, 0x02,
  0x75, 0x02, 0x0D, 0xF0, 0xE7, 0x10, 0xBF, 0x0C, 0x01, 0x77, 0x02, 0x0D, 0xF0, 0x76, 0x04, 0xF0,
  0xE0, 0x17, 0x72, 0x04, 0xF0, 0xE6, 0x0C, 0xF0, 0x47, 0x74, 0x0A, 0xF0, 0x64, 0x03, 0xF0, 0xB7,
  0x75, 0x03, 0xF0, 0xC4, 0x09, 0xF0, 0x37, 0x76, 0x0C, 0xF0, 0x13, 0x0E, 0xE0, 0xD7, 0x77, 0x07,
  0xF0, 0x52, 0x02, 0xF0, 0x87, 0x77, 0x04, 0xF0, 0x82, 0x06, 0xF0, 0x47, 0x77, 0x01, 0xF0, 0xB2,
  0x0A, 0xF0, 0x17, 0x77, 0x10, 0xEE, 0x0D, 0x20, 0xCE, 0x0E, 0x77, 0x72, 0x0D, 0xF2, 0x0E, 0xE0,
  0xD8, 0x0A, 0x34, 0x0D, 0xF1, 0x01, 0x80, 0xC3, 0xF0, 0x10, 0x28, 0x0C, 0x3F, 0x01, 0x02, 0x80,
  0xC3, 0xF0, 0x10, 0x38, 0x0C, 0x3F, 0x01, 0x03, 0x80, 0xC3, 0xF0, 0x10, 0x38, 0x0C, 0x3F, 0x01,
  0x02, 0xF0, 0x97, 0x77, 0x74, 0x01, 0xF0, 0xA7, 0x77, 0x75, 0xF0, 0xC7, 0x77, 0x75, 0x0D, 0xE0,
  0xD7, 0x77, 0x75, 0x0B, 0xF0, 0x17, 0x77, 0x74, 0x08, 0xF0, 0x57, 0x77, 0x74, 0x04, 0xF0, 0x97,
  0x77, 0x75, 0x0E, 0xE0, 0xE7, 0x77, 0x75, 0x0A, 0xF0, 0x67, 0x77, 0x74, 0x04, 0xF0, 0xD7, 0x77,
  0x75, 0x0D, 0xF0, 0x97, 0x77, 0x74, 0x05, 0xF9, 0x06, 0x77, 0x77, 0x40, 0xBF, 0x90, 0x77, 0x77,
  0x20, 0x27, 0x02, 0xFA, 0x0A, 0x02, 0x77, 0x48, 0x11, 0x6C, 0x97, 0x10, 0x6F, 0xB0, 0x90, 0x37,
  0x68, 0x13, 0x7B, 0xC7, 0x20, 0x8F, 0xC8, 0x92, 0xEA, 0x76, 0x54, 0x56, 0x67, 0xAC, 0xF9, 0x73,
  0x08, 0xFF, 0xFF, 0xA7, 0x40, 0x6F, 0xFF, 0xF9, 0x75, 0x02, 0x0C, 0xFF, 0xFE, 0x77, 0x06, 0x0D,
  0xFF, 0xFA, 0x0A, 0x04, 0x77, 0x28, 0x14, 0xAE, 0xFF, 0xA8, 0x2E, 0xA6, 0x17, 0x77, 0x84, 0x37,
  0x9C, 0xDE, 0xB8, 0x5E, 0xDC, 0xA8, 0x62, 0x72,
  // "ê" (U+00EA), RLE, 956 bytes saved (69.6%)
  0x77, 0x20, 0x4F, 0x0E, 0x01, 0x77, 0x77, 0x30, 0xDF, 0x90, 0xA7, 0x77, 0x72, 0x09, 0xFB, 0x05,
  0x77, 0x77, 0x05, 0xFC, 0x0E, 0x02, 0x77, 0x75, 0x02, 0x0E, 0xFD, 0x0C, 0x77, 0x74, 0x01, 0x0D,
  0xFF, 0x0B, 0x77, 0x73, 0x0C, 0xF0, 0x70, 0xBF, 0x08, 0x77, 0x71, 0x09, 0xF0, 0x62, 0x0B, 0xF0,
  0x67, 0x76, 0x07, 0xF0, 0x54, 0x0B, 0xF0, 0x47, 0x74, 0x05, 0xE0, 0xE0, 0x46, 0x09, 0xE0, 0xE0,
  0x37, 0x72, 0x04, 0xE0, 0xE0, 0x37, 0x10, 0x7E, 0x0E, 0x02, 0x77, 0x03, 0x0E, 0xD0, 0xC0, 0x17,
  0x30, 0x50, 0xED, 0x0D, 0x02, 0x75, 0x02, 0x0E, 0xD0, 0x97, 0x60, 0x20, 0xCD, 0x0D, 0x01, 0x74,
  0x08, 0xC0, 0xE0, 0x57, 0x72, 0x08, 0xD0, 0x78, 0x0B, 0xB5, 0x08, 0x93, 0x47, 0xAC, 0xDE, 0xFE,
  0xDB, 0x85, 0x17, 0x77, 0x48, 0x13, 0x9E, 0xFE, 0x0A, 0x04, 0x77, 0x70, 0x20, 0xAF, 0xFC, 0x0B,
  0x03, 0x77, 0x40, 0x6F, 0xFF, 0x90, 0x77, 0x72, 0x09, 0xFF, 0xFB, 0x0A, 0x77, 0x0A, 0xFF, 0xFD,
  0x0A, 0x75, 0x0A, 0xFB, 0x86, 0xC8, 0x65, 0x56, 0x7B, 0xFB, 0x08, 0x73, 0x06, 0xFA, 0x08, 0x01,
  0x71, 0x01, 0x07, 0xFA, 0x05, 0x71, 0x02, 0xF9, 0x0C, 0x02, 0x75, 0x02, 0x0D, 0xF0, 0xE7, 0x10,
  0xBF, 0x0C, 0x01, 0x77, 0x02, 0x0D, 0xF0, 0x76, 0x04, 0xF0, 0xE0, 0x17, 0x72, 0x04, 0xF0, 0xE6,
  0x0C, 0xF0, 0x47, 0x74, 0x0A, 0xF0, 0x64, 0x03, 0xF0, 0xB7, 0x75, 0x03, 0xF0, 0xC4, 0x09, 0xF0,
  0x37, 0x76, 0x0C, 0xF0, 0x13, 0x0E, 0xE0, 0xD7, 0x77, 0x07, 0xF0, 0x52, 0x02, 0xF0, 0x87, 0x77,
  0x04, 0xF0, 0x82, 0x06, 0xF0, 0x47, 0x77, 0x01, 0xF0, 0xB2, 0x0A, 0xF0, 0x17, 0x77, 0x10, 0xEE,
  0x0D, 0x20, 0xCE, 0x0E, 0x77, 0x72, 0x0D, 0xF2, 0x0E, 0xE0, 0xD8, 0x0A, 0x34, 0x0D, 0xF1, 0x01,
  0x80, 0xC3, 0xF0, 0x10, 0x28, 0x0C, 0x3F, 0x01, 0x02, 0x80, 0xC3, 0xF0, 0x10, 0x38, 0x0C, 0x3F,
  0x01, 0x03, 0x80, 0xC3, 0xF0, 0x10, 0x38, 0x0C, 0x3F, 0x01, 0x02, 0xF0, 0x97, 0x77, 0x74, 0x01,
  0xF0, 0xA7, 0x77, 0x75, 0xF0, 0xC7, 0x77, 0x75, 0x0D, 0xE0, 0xD7, 0x77, 0x75, 0x0B, 0xF0, 0x17,
  0x77, 0x74, 0x08, 0xF0, 0x57, 0x77, 0x74, 0x04, 0xF0, 0x97, 0x77, 0x75, 0x0E, 0xE0, 0xE7, 0x77,
  0x75, 0x0A, 0xF0, 0x67, 0x77, 0x74, 0x04, 0xF0, 0xD7, 0x77, 0x75, 0x0D, 0xF0, 0x97, 0x77, 0x74,
  0x05, 0xF9, 0x06, 0x77, 0x77, 0x40, 0xBF, 0x90, 0x77, 0x77, 0x20, 0x27, 0x02, 0xFA, 0x0A, 0x02,
  0x77, 0x48, 0x11, 0x6C, 0x97, 0x10, 0x6F, 0xB0, 0x90, 0x37, 0x68, 0x13, 0x7B, 0xC7, 0x20, 0x8F,
  0xC8, 0x92, 0xEA, 0x76, 0x54, 0x56, 0x67, 0xAC, 0xF9, 0x73, 0x08, 0xFF, 0xFF, 0xA7, 0x40, 0x6F,
  0xFF, 0xF9, 0x75, 0x02, 0x0C, 0xFF, 0xFE, 0x77, 0x06, 0x0D, 0xFF, 0xFA, 0x0A, 0x04, 0x77, 0x28,
  0x14, 0xAE, 0xFF, 0xA8, 0x2E, 0xA6, 0x17, 0x77, 0x84, 0x37, 0x9C, 0xDE, 0xB8, 0x5E, 0xDC, 0xA8,
  0x62, 0x72,
  // "ë" (U+00EB), RLE, 920 bytes saved (70.1%)
  0x73, 0x84, 0x4B, 0xFE, 0xA2, 0x73, 0x84, 0x3B, 0xEE, 0xA2, 0x77, 0x40, 0x5D, 0x0E, 0x01, 0x71,
  0x03, 0xD0, 0xE0, 0x27, 0x73, 0x0D, 0xE0, 0x97, 0x10, 0xBE, 0x0A, 0x77, 0x20, 0x1F, 0x0C, 0x71,
  0x0E, 0xE0, 0xE7, 0x72, 0x02, 0xF0, 0xD7, 0x1F, 0x0E, 0x77, 0x20, 0x1F, 0x0C, 0x71, 0x0E, 0xE0,
  0xD7, 0x73, 0x0D, 0xE0, 0x87, 0x10, 0xAE, 0x09, 0x77, 0x30, 0x4D, 0x0D, 0x01, 0x71, 0x02, 0x0E,
  0xC0, 0xE0, 0x27, 0x74, 0x84, 0x3B, 0xFE, 0x91, 0x73, 0x84, 0x3B, 0xEE, 0xA2, 0x80, 0xCE, 0x30,
  0x89, 0x34, 0x7A, 0xCD, 0xEF, 0xED, 0xB8, 0x51, 0x77, 0x74, 0x81, 0x39, 0xEF, 0xE0, 0xA0, 0x47,
  0x77, 0x02, 0x0A, 0xFF, 0xC0, 0xB0, 0x37, 0x74, 0x06, 0xFF, 0xF9, 0x07, 0x77, 0x20, 0x9F, 0xFF,
  0xB0, 0xA7, 0x70, 0xAF, 0xFF, 0xD0, 0xA7, 0x50, 0xAF, 0xB8, 0x6C, 0x86, 0x55, 0x67, 0xBF, 0xB0,
  0x87, 0x30, 0x6F, 0xA0, 0x80, 0x17, 0x10, 0x10, 0x7F, 0xA0, 0x57, 0x10, 0x2F, 0x90, 0xC0, 0x27,
  0x50, 0x20, 0xDF, 0x0E, 0x71, 0x0B, 0xF0, 0xC0, 0x17, 0x70, 0x20, 0xDF, 0x07, 0x60, 0x4F, 0x0E,
  0x01, 0x77, 0x20, 0x4F, 0x0E, 0x60, 0xCF, 0x04, 0x77, 0x40, 0xAF, 0x06, 0x40, 0x3F, 0x0B, 0x77,
  0x50, 0x3F, 0x0C, 0x40, 0x9F, 0x03, 0x77, 0x60, 0xCF, 0x01, 0x30, 0xEE, 0x0D, 0x77, 0x70, 0x7F,
  0x05, 0x20, 0x2F, 0x08, 0x77, 0x70, 0x4F, 0x08, 0x20, 0x6F, 0x04, 0x77, 0x70, 0x1F, 0x0B, 0x20,
  0xAF, 0x01, 0x77, 0x71, 0x0E, 0xE0, 0xD2, 0x0C, 0xE0, 0xE7, 0x77, 0x20, 0xDF, 0x20, 0xEE, 0x0D,
  0x80, 0xA3, 0x40, 0xDF, 0x10, 0x18, 0x0C, 0x3F, 0x01, 0x02, 0x80, 0xC3, 0xF0, 0x10, 0x28, 0x0C,
  0x3F, 0x01, 0x03, 0x80, 0xC3, 0xF0, 0x10, 0x38, 0x0C, 0x3F, 0x01, 0x03, 0x80, 0xC3, 0xF0, 0x10,
  0x2F, 0x09, 0x77, 0x77, 0x40, 0x1F, 0x0A, 0x77, 0x77, 0x5F, 0x0C, 0x77, 0x77, 0x50, 0xDE, 0x0D,
  0x77, 0x77, 0x50, 0xBF, 0x01, 0x77, 0x77, 0x40, 0x8F, 0x05, 0x77, 0x77, 0x40, 0x4F, 0x09, 0x77,
  0x77, 0x50, 0xEE, 0x0E, 0x77, 0x77, 0x50, 0xAF, 0x06, 0x77, 0x77, 0x40, 0x4F, 0x0D, 0x77, 0x77,
  0x50, 0xDF, 0x09, 0x77, 0x77, 0x40, 0x5F, 0x90, 0x67, 0x77, 0x74, 0x0B, 0xF9, 0x07, 0x77, 0x72,
  0x02, 0x70, 0x2F, 0xA0, 0xA0, 0x27, 0x74, 0x81, 0x16, 0xC9, 0x71, 0x06, 0xFB, 0x09, 0x03, 0x76,
  0x81, 0x37, 0xBC, 0x72, 0x08, 0xFC, 0x89, 0x2E, 0xA7, 0x65, 0x45, 0x66, 0x7A, 0xCF, 0x97, 0x30,
  0x8F, 0xFF, 0xFA, 0x74, 0x06, 0xFF, 0xFF, 0x97, 0x50, 0x20, 0xCF, 0xFF, 0xE7, 0x70, 0x60, 0xDF,
  0xFF, 0xA0, 0xA0, 0x47, 0x72, 0x81, 0x4A, 0xEF, 0xFA, 0x82, 0xEA, 0x61, 0x77, 0x78, 0x43, 0x79,
  0xCD, 0xEB, 0x85, 0xED, 0xCA, 0x86, 0x27, 0x20,
  // "ì" (U+00EC), RLE, 372 bytes saved (62.6%)
  0x08, 0xF9, 0x0B, 0x71, 0x02, 0xFA, 0x03, 0x71, 0x06, 0xF9, 0x0C, 0x72, 0x09, 0xF9, 0x05, 0x72,
  0x0B, 0xF0, 0xD7, 0x20, 0x10, 0xDF, 0x09, 0x72, 0x02, 0x0E, 0xF0, 0x37, 0x20, 0x30, 0xEE, 0x0D,
  0x73, 0x03, 0x0E, 0xE0, 0x77, 0x30, 0x4F, 0x03, 0x73, 0x04, 0x0E, 0xD0, 0xD7, 0x40, 0x30, 0xED,
  0x09, 0x74, 0x03, 0x0D, 0xD0, 0x57, 0x40, 0x10, 0xCC, 0x0B, 0x80, 0x9E, 0x00, 0x0A, 0xE0, 0xD7,
  0x30, 0xAE, 0x0D, 0x73, 0x0A, 0xE0, 0xD7, 0x30, 0xAE, 0x0D, 0x73, 0x0A, 0xE0, 0xD7, 0x30, 0xAE,
  0x0D, 0x73, 0x0A, 0xE0, 0xD7, 0x30, 0xAE, 0x0D, 0x73, 0x0A, 0xE0, 0xD7, 0x30, 0xAE, 0x0D, 0x73,
  0x0A, 0xE0, 0xD7, 0x30, 0xAE, 0x0D, 0x73, 0x0A, 0xE0, 0xD7, 0x30, 0xAE, 0x0D, 0x73, 0x0A, 0xE0,
  0xD7, 0x30, 0xAE, 0x0D, 0x73, 0x0A, 0xE0, 0xD7, 0x30, 0xAE, 0x0D, 0x73, 0x0A, 0xE0, 0xD7, 0x30,
  0xAE, 0x0D, 0x73, 0x0A, 0xE0, 0xD7, 0x30, 0xAE, 0x0D, 0x73, 0x0A, 0xE0, 0xD7, 0x30, 0xAE, 0x0D,
  0x73, 0x0A, 0xE0, 0xD7, 0x30, 0xAE, 0x0D, 0x73, 0x0A, 0xE0, 0xD7, 0x30, 0xAE, 0x0D, 0x73, 0x0A,
  0xE0, 0xD7, 0x30, 0xAE, 0x0D, 0x73, 0x0A, 0xE0, 0xD7, 0x30, 0xAE, 0x0D, 0x73, 0x0A, 0xE0, 0xD7,
  0x30, 0xAE, 0x0D, 0x73, 0x0A, 0xE0, 0xD7, 0x30, 0xAE, 0x0D, 0x73, 0x0A, 0xE0, 0xD7, 0x30, 0xAE,
  0x0D, 0x73, 0x0A, 0xE0, 0xD7, 0x30, 0xAE, 0x0D, 0x73, 0x0A, 0xE0, 0xD7, 0x30, 0xAE, 0x0D, 0x73,
  0x0A, 0xE0, 0xD7, 0x30, 0xAE, 0x0D, 0x73, 0x0A, 0xE0, 0xD7, 0x30, 0xAE, 0x0D, 0x20,
  // "í" (U+00ED), RLE, 375 bytes saved (63.1%)
  0x71, 0x0A, 0xF9, 0x0B, 0x70, 0x3F, 0xA0, 0x47, 0x0B, 0xF9, 0x08, 0x70, 0x5F, 0x90, 0xB7, 0x10,
  0xDF, 0x0D, 0x01, 0x70, 0x8F, 0x0E, 0x02, 0x70, 0x3F, 0x0E, 0x03, 0x71, 0x0C, 0xF0, 0x47, 0x10,
  0x6F, 0x05, 0x71, 0x02, 0x0E, 0xE0, 0x57, 0x20, 0xBE, 0x05, 0x72, 0x07, 0xE0, 0x57, 0x20, 0x3D,
  0x0E, 0x04, 0x73, 0x08, 0xC0, 0xD0, 0x28, 0x09, 0xE4, 0x00, 0xAE, 0x0D, 0x73, 0x0A, 0xE0, 0xD7,
  0x30, 0xAE, 0x0D, 0x73, 0x0A, 0xE0, 0xD7, 0x30, 0xAE, 0x0D, 0x73, 0x0A, 0xE0, 0xD7, 0x30, 0xAE,
  0x0D, 0x73, 0x0A, 0xE0, 0xD7, 0x30, 0xAE, 0x0D, 0x73, 0x0A, 0xE0, 0xD7, 0x30, 0xAE, 0x0D, 0x73,
  0x0A, 0xE0, 0xD7, 0x30, 0xAE, 0x0D, 0x73, 0x0A, 0xE0, 0xD7, 0x30, 0xAE, 0x0D, 0x73, 0x0A, 0xE0,
  0xD7, 0x30, 0xAE, 0x0D, 0x73, 0x0A, 0xE0, 0xD7, 0x30, 0xAE, 0x0D, 0x73, 0x0A, 0xE0, 0xD7, 0x30,
  0xAE, 0x0D, 0x73, 0x0A, 0xE0, 0xD7, 0x30, 0xAE, 0x0D, 0x73, 0x0A, 0xE0, 0xD7, 0x30, 0xAE, 0x0D,
  0x73, 0x0A, 0xE0, 0xD7, 0x30, 0xAE, 0x0D, 0x73, 0x0A, 0xE0, 0xD7, 0x30, 0xAE, 0x0D, 0x73, 0x0A,
  0xE0, 0xD7, 0x30, 0xAE, 0x0D, 0x73, 0x0A, 0xE0, 0xD7, 0x30, 0xAE, 0x0D, 0x73, 0x0A, 0xE0, 0xD7,
  0x30, 0xAE, 0x0D, 0x73, 0x0A, 0xE0, 0xD7, 0x30, 0xAE, 0x0D, 0x73, 0x0A, 0xE0, 0xD7, 0x30, 0xAE,
  0x0D, 0x73, 0x0A, 0xE0, 0xD7, 0x30, 0xAE, 0x0D, 0x73, 0x0A, 0xE0, 0xD7, 0x30, 0xAE, 0x0D, 0x73,
  0x0A, 0xE0, 0xD7, 0x30, 0xAE, 0x0D, 0x73, 0x0A, 0xE0, 0xD7, 0x20,
  // "î" (U+00EE), RLE, 690 bytes saved (69.7%)
  0x73, 0x04, 0xF0, 0xE0, 0x17, 0x76, 0x0D, 0xF9, 0x0A, 0x77, 0x50, 0x9F, 0xB0, 0x57, 0x73, 0x05,
  0xFC, 0x0E, 0x02, 0x77, 0x10, 0x20, 0xEF, 0xD0, 0xC7, 0x70, 0x10, 0xDF, 0xF0, 0xB7, 0x60, 0xCF,
  0x07, 0x0B, 0xF0, 0x87, 0x40, 0x9F, 0x06, 0x20, 0xBF, 0x06, 0x72, 0x07, 0xF0, 0x54, 0x0B, 0xF0,
  0x47, 0x05, 0xE0, 0xE0, 0x46, 0x09, 0xE0, 0xE0, 0x35, 0x04, 0xE0, 0xE0, 0x37, 0x10, 0x7E, 0x0E,
  0x02, 0x30, 0x30, 0xED, 0x0C, 0x01, 0x73, 0x05, 0x0E, 0xD8, 0x3D, 0x20, 0x2E, 0xD0, 0x97, 0x60,
  0x20, 0xCD, 0x81, 0xD1, 0x8C, 0x0E, 0x05, 0x77, 0x20, 0x8D, 0x07, 0x80, 0xAF, 0x30, 0x0A, 0xE0,
  0xD7, 0x77, 0x10, 0xAE, 0x0D, 0x77, 0x71, 0x0A, 0xE0, 0xD7, 0x77, 0x10, 0xAE, 0x0D, 0x77, 0x71,
  0x0A, 0xE0, 0xD7, 0x77, 0x10, 0xAE, 0x0D, 0x77, 0x71, 0x0A, 0xE0, 0xD7, 0x77, 0x10, 0xAE, 0x0D,
  0x77, 0x71, 0x0A, 0xE0, 0xD7, 0x77, 0x10, 0xAE, 0x0D, 0x77, 0x71, 0x0A, 0xE0, 0xD7, 0x77, 0x10,
  0xAE, 0x0D, 0x77, 0x71, 0x0A, 0xE0, 0xD7, 0x77, 0x10, 0xAE, 0x0D, 0x77, 0x71, 0x0A, 0xE0, 0xD7,
  0x77, 0x10, 0xAE, 0x0D, 0x77, 0x71, 0x0A, 0xE0, 0xD7, 0x77, 0x10, 0xAE, 0x0D, 0x77, 0x71, 0x0A,
  0xE0, 0xD7, 0x77, 0x10, 0xAE, 0x0D, 0x77, 0x71, 0x0A, 0xE0, 0xD7, 0x77, 0x10, 0xAE, 0x0D, 0x77,
  0x71, 0x0A, 0xE0, 0xD7, 0x77, 0x10, 0xAE, 0x0D, 0x77, 0x71, 0x0A, 0xE0, 0xD7, 0x77, 0x10, 0xAE,
  0x0D, 0x77, 0x71, 0x0A, 0xE0, 0xD7, 0x77, 0x10, 0xAE, 0x0D, 0x77, 0x71, 0x0A, 0xE0, 0xD7, 0x77,
  0x10, 0xAE, 0x0D, 0x77, 0x71, 0x0A, 0xE0, 0xD7, 0x77, 0x10, 0xAE, 0x0D, 0x77, 0x71, 0x0A, 0xE0,
  0xD7, 0x77, 0x10, 0xAE, 0x0D, 0x77, 0x71, 0x0A, 0xE0, 0xD7, 0x77, 0x10, 0xAE, 0x0D, 0x77, 0x71,
  0x0A, 0xE0, 0xD7, 0x77, 0x10, 0xAE, 0x0D, 0x77, 0x71, 0x0A, 0xE0, 0xD7, 0x77, 0x10, 0xAE, 0x0D,
  0x77, 0x71, 0x0A, 0xE0, 0xD7, 0x77, 0x10, 0xAE, 0x0D, 0x77, 0x71, 0x0A, 0xE0, 0xD7, 0x77, 0x10,
  0xAE, 0x0D, 0x77, 0x71, 0x0A, 0xE0, 0xD7, 0x77, 0x10, 0xAE, 0x0D, 0x74,
  // "ï" (U+00EF), RLE, 535 bytes saved (67.9%)
  0x28, 0x44, 0xBF, 0xEA, 0x27, 0x38, 0x43, 0xBE, 0xEA, 0x22, 0x05, 0xD0, 0xE0, 0x17, 0x10, 0x3D,
  0x82, 0xE2, 0x0D, 0xE0, 0x97, 0x10, 0xBE, 0x0A, 0x01, 0xF0, 0xC7, 0x10, 0xEE, 0x0E, 0x02, 0xF0,
  0xD7, 0x1F, 0x0E, 0x01, 0xF0, 0xC7, 0x10, 0xEE, 0x81, 0xD0, 0xDE, 0x08, 0x71, 0x0A, 0xE8, 0x19,
  0x04, 0xD0, 0xD0, 0x17, 0x10, 0x20, 0xEC, 0x0E, 0x02, 0x28, 0x43, 0xBF, 0xE9, 0x17, 0x38, 0x43,
  0xBE, 0xEA, 0x28, 0x0B, 0x96, 0x00, 0xAE, 0x0D, 0x77, 0x30, 0xAE, 0x0D, 0x77, 0x30, 0xAE, 0x0D,
  0x77, 0x30, 0xAE, 0x0D, 0x77, 0x30, 0xAE, 0x0D, 0x77, 0x30, 0xAE, 0x0D, 0x77, 0x30, 0xAE, 0x0D,
  0x77, 0x30, 0xAE, 0x0D, 0x77, 0x30, 0xAE, 0x0D, 0x77, 0x30, 0xAE, 0x0D, 0x77, 0x30, 0xAE, 0x0D,
  0x77, 0x30, 0xAE, 0x0D, 0x77, 0x30, 0xAE, 0x0D, 0x77, 0x30, 0xAE, 0x0D, 0x77, 0x30, 0xAE, 0x0D,
  0x77, 0x30, 0xAE, 0x0D, 0x77, 0x30, 0xAE, 0x0D, 0x77, 0x30, 0xAE, 0x0D, 0x77, 0x30, 0xAE, 0x0D,
  0x77, 0x30, 0xAE, 0x0D, 0x77, 0x30, 0xAE, 0x0D, 0x77, 0x30, 0xAE, 0x0D, 0x77, 0x30, 0xAE, 0x0D,
  0x77, 0x30, 0xAE, 0x0D, 0x77, 0x30, 0xAE, 0x0D, 0x77, 0x30, 0xAE, 0x0D, 0x77, 0x30, 0xAE, 0x0D,
  0x77, 0x30, 0xAE, 0x0D, 0x77, 0x30, 0xAE, 0x0D, 0x77, 0x30, 0xAE, 0x0D, 0x77, 0x30, 0xAE, 0x0D,
  0x77, 0x30, 0xAE, 0x0D, 0x77, 0x30, 0xAE, 0x0D, 0x77, 0x30, 0xAE, 0x0D, 0x77, 0x30, 0xAE, 0x0D,
  0x77, 0x30, 0xAE, 0x0D, 0x77, 0x30, 0xAE, 0x0D, 0x77, 0x30, 0xAE, 0x0D, 0x77, 0x30, 0xAE, 0x0D,
  0x77, 0x30, 0xAE, 0x0D, 0x77, 0x30, 0xAE, 0x0D, 0x77, 0x30, 0xAE, 0x0D, 0x77, 0x30, 0xAE, 0x0D,
  0x77, 0x30, 0xAE, 0x0D, 0x77, 0x30, 0xAE, 0x0D, 0x77, 0x30, 0xAE, 0x0D, 0x71,
  // "ð" (U+00F0), RLE, 942 bytes saved (63.9%)
  0x77, 0x81, 0xCA, 0x27, 0x73, 0x03, 0x05, 0x77, 0x70, 0x6B, 0x09, 0x02, 0x76, 0x01, 0x0A, 0xA0,
  0x27, 0x75, 0x01, 0x0E, 0xD0, 0x90, 0x17, 0x30, 0x70, 0xEB, 0x0C, 0x77, 0x50, 0x9F, 0x0E, 0x07,
  0x70, 0x50, 0xDE, 0x08, 0x77, 0x30, 0x3F, 0xB0, 0xD0, 0x33, 0x02, 0x0B, 0xFA, 0x03, 0x77, 0x20,
  0x10, 0x9F, 0xC8, 0x18, 0x18, 0xFB, 0x08, 0x77, 0x50, 0x20, 0xBF, 0xFE, 0x0B, 0x02, 0x77, 0x71,
  0x04, 0x0D, 0xFF, 0xA0, 0xD0, 0x47, 0x77, 0x50, 0x7F, 0xE0, 0xE0, 0x67, 0x77, 0x71, 0x03, 0xFC,
  0x09, 0x01, 0x77, 0x77, 0x10, 0x60, 0xEF, 0xC0, 0xA7, 0x77, 0x70, 0x40, 0xDF, 0xF0, 0x97, 0x77,
  0x40, 0x20, 0xBF, 0xFB, 0x09, 0x77, 0x71, 0x01, 0x08, 0xFB, 0x0A, 0x0C, 0xF9, 0x06, 0x77, 0x60,
  0x60, 0xEF, 0xA8, 0x3C, 0x40, 0x1C, 0xF9, 0x03, 0x77, 0x40, 0x2F, 0xA0, 0xE0, 0x64, 0x01, 0x0C,
  0xF0, 0xD0, 0x17, 0x74, 0x06, 0xF0, 0x80, 0x16, 0x01, 0x0D, 0xF0, 0xA7, 0x75, 0x0B, 0xC0, 0xB0,
  0x27, 0x20, 0x20, 0xEF, 0x04, 0x77, 0x48, 0x31, 0xEF, 0xD4, 0x75, 0x05, 0xF0, 0xD7, 0x75, 0x05,
  0x07, 0x77, 0x10, 0x8F, 0x08, 0x80, 0xC0, 0x00, 0xCF, 0x01, 0x77, 0x77, 0x70, 0x2F, 0x09, 0x80,
  0xC0, 0x00, 0x7F, 0x01, 0x80, 0xC0, 0x00, 0xDE, 0x09, 0x80, 0xC0, 0x00, 0x6E, 0x0E, 0x77, 0x48,
  0x43, 0x69, 0xBD, 0xEA, 0x84, 0xED, 0xB9, 0x62, 0x50, 0xEE, 0x06, 0x77, 0x81, 0x28, 0xDF, 0xF8,
  0x1D, 0x71, 0x20, 0x8E, 0x0C, 0x75, 0x01, 0x09, 0xFF, 0xD8, 0x2E, 0x60, 0x1F, 0x02, 0x73, 0x05,
  0x0E, 0xFF, 0xF9, 0x81, 0xA0, 0xCE, 0x07, 0x72, 0x09, 0xFF, 0xFC, 0x0B, 0x07, 0xE0, 0xB7, 0x10,
  0xAF, 0xFF, 0xFE, 0x0E, 0x70, 0x9F, 0xC8, 0x90, 0xC9, 0x76, 0x54, 0x67, 0x9C, 0xFF, 0x90, 0x35,
  0x06, 0xFA, 0x81, 0xD6, 0x17, 0x38, 0x11, 0x6E, 0xFD, 0x07, 0x40, 0x20, 0xEF, 0x90, 0x77, 0x72,
  0x08, 0xFC, 0x09, 0x40, 0xAF, 0x90, 0x57, 0x74, 0x05, 0xFB, 0x0B, 0x30, 0x3F, 0x90, 0x57, 0x76,
  0x05, 0xFA, 0x0E, 0x30, 0x9F, 0x0B, 0x77, 0x71, 0x09, 0xFA, 0x30, 0xEF, 0x02, 0x77, 0x72, 0x0E,
  0xF9, 0x81, 0x20, 0x4F, 0x0B, 0x77, 0x73, 0x08, 0xF9, 0x81, 0x30, 0x8F, 0x05, 0x77, 0x73, 0x01,
  0xF9, 0x81, 0x40, 0xCF, 0x77, 0x75, 0x0C, 0xF8, 0x14, 0x0E, 0xE0, 0xD7, 0x77, 0x50, 0x8F, 0x05,
  0x01, 0xF0, 0xA7, 0x77, 0x50, 0x6F, 0x05, 0x02, 0xF0, 0x87, 0x77, 0x50, 0x5F, 0x05, 0x03, 0xF0,
  0x77, 0x77, 0x50, 0x4F, 0x05, 0x03, 0xF0, 0x67, 0x77, 0x50, 0x5F, 0x04, 0x03, 0xF0, 0x67, 0x77,
  0x50, 0x6F, 0x00, 0x2F, 0x07, 0x77, 0x75, 0x06, 0xF0, 0x01, 0xF0, 0x87, 0x77, 0x50, 0x8E, 0x0E,
  0x2F, 0x0A, 0x77, 0x75, 0x0B, 0xE0, 0xC2, 0x0D, 0xE0, 0xD7, 0x77, 0x50, 0xEE, 0x09, 0x20, 0xAF,
  0x01, 0x77, 0x73, 0x02, 0xF0, 0x52, 0x06, 0xF0, 0x67, 0x77, 0x30, 0x7F, 0x01, 0x20, 0x1F, 0x0D,
  0x77, 0x73, 0x0D, 0xE0, 0xC4, 0x0C, 0xF0, 0x47, 0x77, 0x10, 0x4F, 0x06, 0x40, 0x5F, 0x0D, 0x77,
  0x71, 0x0D, 0xE0, 0xE0, 0x15, 0x0D, 0xF0, 0x97, 0x76, 0x08, 0xF0, 0x86, 0x05, 0xF9, 0x07, 0x77,
  0x40, 0x6F, 0x0E, 0x01, 0x70, 0xAF, 0x90, 0x90, 0x17, 0x71, 0x09, 0xF9, 0x06, 0x71, 0x01, 0x0D,
  0xF9, 0x81, 0xE7, 0x17, 0x38, 0x11, 0x7D, 0xF9, 0x0A, 0x73, 0x02, 0x0E, 0xFB, 0x89, 0x0C, 0x96,
  0x54, 0x45, 0x68, 0xCF, 0xB0, 0xC7, 0x50, 0x30, 0xEF, 0xFF, 0xF0, 0xC0, 0x17, 0x60, 0x20, 0xDF,
  0xFF, 0xD0, 0xB0, 0x17, 0x72, 0x08, 0xFF, 0xFB, 0x07, 0x77, 0x50, 0x30, 0xBF, 0xFE, 0x0A, 0x02,
  0x77, 0x71, 0x81, 0x29, 0xDF, 0xF8, 0x1D, 0x82, 0x77, 0x76, 0x84, 0x36, 0x9C, 0xDE, 0xA8, 0x4E,
  0xDB, 0x96, 0x27, 0x71,
  // "ñ" (U+00F1), RLE, 810 bytes saved (64.3%)
  0x72, 0x86, 0x5A, 0xDE, 0xED, 0xA5, 0x76, 0x07, 0xB0, 0xE7, 0x50, 0x20, 0xCF, 0x90, 0xD0, 0x67,
  0x40, 0xCB, 0x0B, 0x74, 0x02, 0x0E, 0xFC, 0x0C, 0x04, 0x71, 0x04, 0xC0, 0x87, 0x30, 0x10, 0xDF,
  0xF0, 0xB0, 0x35, 0x01, 0x0D, 0xC0, 0x47, 0x30, 0x9F, 0xFB, 0x84, 0xC7, 0x45, 0x8E, 0xC0, 0xE7,
  0x30, 0x2F, 0xFF, 0xF0, 0x87, 0x30, 0x8D, 0x84, 0xB6, 0x45, 0x9E, 0xFF, 0xA0, 0xE0, 0x17, 0x30,
  0xDC, 0x07, 0x60, 0x70, 0xEF, 0xF0, 0x67, 0x30, 0x2C, 0x0B, 0x71, 0x81, 0x18, 0xEF, 0xC0, 0x87,
  0x40, 0x5C, 0x04, 0x73, 0x01, 0x09, 0xF9, 0x0E, 0x07, 0x75, 0x07, 0xB0, 0xE7, 0x68, 0x71, 0x7B,
  0xEF, 0xEC, 0x71, 0x80, 0xBB, 0x60, 0x89, 0x31, 0x59, 0xBD, 0xEF, 0xED, 0xCB, 0x74, 0x74, 0x0A,
  0xD0, 0x77, 0x05, 0x0B, 0xFF, 0x0A, 0x03, 0x71, 0x0A, 0xD0, 0xA5, 0x05, 0x0D, 0xFF, 0xC0, 0xB0,
  0x26, 0x0A, 0xD0, 0xD4, 0x0A, 0xFF, 0xF0, 0xE0, 0x55, 0x0A, 0xE2, 0x01, 0x0C, 0xFF, 0xFB, 0x06,
  0x40, 0xAE, 0x81, 0x30, 0xCF, 0xFF, 0xD0, 0x33, 0x0A, 0xE0, 0x60, 0x8F, 0x89, 0x0D, 0x97, 0x54,
  0x45, 0x69, 0xDF, 0xB0, 0xD3, 0x0A, 0xE0, 0xED, 0x81, 0xE8, 0x27, 0x30, 0x40, 0xCF, 0xA0, 0x62,
  0x0A, 0xFC, 0x0B, 0x01, 0x77, 0x08, 0xF9, 0x0D, 0x20, 0xAF, 0xB0, 0xA7, 0x73, 0x08, 0xF9, 0x81,
  0x30, 0xAF, 0xA0, 0xD7, 0x75, 0x0C, 0xF8, 0x17, 0x0A, 0xFA, 0x04, 0x77, 0x50, 0x5F, 0x81, 0xA0,
  0xAF, 0x90, 0xC7, 0x77, 0x0E, 0xE8, 0x1D, 0x0A, 0xF9, 0x05, 0x77, 0x70, 0xBF, 0x10, 0xAF, 0x97,
  0x77, 0x10, 0x8F, 0x01, 0x0A, 0xF0, 0xB7, 0x77, 0x10, 0x6F, 0x02, 0x0A, 0xF0, 0x77, 0x77, 0x10,
  0x5F, 0x02, 0x0A, 0xF0, 0x57, 0x77, 0x10, 0x4F, 0x02, 0x0A, 0xF0, 0x27, 0x77, 0x10, 0x4F, 0x02,
  0x0A, 0xF7, 0x77, 0x20, 0x4F, 0x02, 0x0A, 0xF7, 0x77, 0x20, 0x4F, 0x02, 0x0A, 0xE0, 0xE7, 0x77,
  0x20, 0x4F, 0x02, 0x0A, 0xE0, 0xD7, 0x77, 0x20, 0x4F, 0x02, 0x0A, 0xE0, 0xD7, 0x77, 0x20, 0x4F,
  0x02, 0x0A, 0xE0, 0xD7, 0x77, 0x20, 0x4F, 0x02, 0x0A, 0xE0, 0xD7, 0x77, 0x20, 0x4F, 0x02, 0x0A,
  0xE0, 0xD7, 0x77, 0x20, 0x4F, 0x02, 0x0A, 0xE0, 0xD7, 0x77, 0x20, 0x4F, 0x02, 0x0A, 0xE0, 0xD7,
  0x77, 0x20, 0x4F, 0x02, 0x0A, 0xE0, 0xD7, 0x77, 0x20, 0x4F, 0x02, 0x0A, 0xE0, 0xD7, 0x77, 0x20,
  0x4F, 0x02, 0x0A, 0xE0, 0xD7, 0x77, 0x20, 0x4F, 0x02, 0x0A, 0xE0, 0xD7, 0x77, 0x20, 0x4F, 0x02,
  0x0A, 0xE0, 0xD7, 0x77, 0x20, 0x4F, 0x02, 0x0A, 0xE0, 0xD7, 0x77, 0x20, 0x4F, 0x02, 0x0A, 0xE0,
  0xD7, 0x77, 0x20, 0x4F, 0x02, 0x0A, 0xE0, 0xD7, 0x77, 0x20, 0x4F, 0x02, 0x0A, 0xE0, 0xD7, 0x77,
  0x20, 0x4F, 0x02, 0x0A, 0xE0, 0xD7, 0x77, 0x20, 0x4F, 0x02, 0x0A, 0xE0, 0xD7, 0x77, 0x20, 0x4F,
  0x02, 0x0A, 0xE0, 0xD7, 0x77, 0x20, 0x4F, 0x02, 0x0A, 0xE0, 0xD7, 0x77, 0x20, 0x4F, 0x02, 0x0A,
  0xE0, 0xD7, 0x77, 0x20, 0x4F, 0x02, 0x0A, 0xE0, 0xD7, 0x77, 0x20, 0x4F, 0x02, 0x0A, 0xE0, 0xD7,
  0x77, 0x20, 0x4F, 0x02, 0x0A, 0xE0, 0xD7, 0x77, 0x20, 0x4F, 0x02, 0x0A, 0xE0, 0xD7, 0x77, 0x20,
  0x4F, 0x02,
  // "ò" (U+00F2), RLE, 1020 bytes saved (69.2%)
  0x73, 0x08, 0xF9, 0x0B, 0x77, 0x77, 0x60, 0x2F, 0xA0, 0x37, 0x77, 0x76, 0x06, 0xF9, 0x0C, 0x77,
  0x77, 0x70, 0x9F, 0x90, 0x57, 0x77, 0x77, 0x0B, 0xF0, 0xD7, 0x77, 0x77, 0x01, 0x0D, 0xF0, 0x97,
  0x77, 0x77, 0x02, 0x0E, 0xF0, 0x37, 0x77, 0x77, 0x03, 0x0E, 0xE0, 0xD8, 0x0C, 0x00, 0x03, 0x0E,
  0xE0, 0x78, 0x0C, 0x00, 0x04, 0xF0, 0x38, 0x0C, 0x00, 0x04, 0x0E, 0xD0, 0xD8, 0x0C, 0x10, 0x03,
  0x0E, 0xD0, 0x98, 0x0C, 0x10, 0x03, 0x0D, 0xD0, 0x58, 0x0C, 0x10, 0x01, 0x0C, 0xC0, 0xB8, 0x0B,
  0xE7, 0x08, 0x42, 0x69, 0xBD, 0xEA, 0x84, 0xED, 0xB9, 0x62, 0x77, 0x76, 0x81, 0x17, 0xDF, 0xF8,
  0x1C, 0x71, 0x77, 0x71, 0x01, 0x09, 0xFF, 0xD8, 0x1E, 0x81, 0x77, 0x50, 0x60, 0xEF, 0xFF, 0x90,
  0xD0, 0x47, 0x73, 0x09, 0xFF, 0xFD, 0x08, 0x77, 0x10, 0xBF, 0xFF, 0xF0, 0x97, 0x60, 0xBF, 0xB8,
  0x90, 0xD9, 0x75, 0x44, 0x57, 0x9D, 0xFB, 0x0A, 0x74, 0x08, 0xFA, 0x0A, 0x03, 0x73, 0x03, 0x0A,
  0xFA, 0x07, 0x72, 0x04, 0xF9, 0x0D, 0x03, 0x77, 0x04, 0x0D, 0xF9, 0x03, 0x71, 0x0D, 0xF0, 0xD0,
  0x17, 0x72, 0x01, 0x0D, 0xF0, 0xC7, 0x07, 0xF0, 0xE0, 0x27, 0x74, 0x02, 0x0E, 0xF0, 0x66, 0x0E,
  0xF0, 0x67, 0x76, 0x06, 0xF0, 0xD5, 0x05, 0xF0, 0xD7, 0x77, 0x10, 0xDF, 0x05, 0x40, 0xBF, 0x05,
  0x77, 0x71, 0x04, 0xF0, 0xB4, 0xF9, 0x77, 0x73, 0x0E, 0xF0, 0x12, 0x04, 0xF0, 0xA7, 0x77, 0x30,
  0x9F, 0x05, 0x20, 0x8F, 0x05, 0x77, 0x73, 0x04, 0xF0, 0x92, 0x0B, 0xF0, 0x27, 0x77, 0x30, 0x1F,
  0x0C, 0x20, 0xDF, 0x77, 0x75, 0x0E, 0xE0, 0xE2, 0xF0, 0xD7, 0x77, 0x50, 0xBF, 0x00, 0x1F, 0x0B,
  0x77, 0x75, 0x09, 0xF0, 0x30, 0x2F, 0x0A, 0x77, 0x75, 0x08, 0xF0, 0x40, 0x3F, 0x09, 0x77, 0x75,
  0x07, 0xF0, 0x50, 0x3F, 0x09, 0x77, 0x75, 0x07, 0xF0, 0x50, 0x3F, 0x09, 0x77, 0x75, 0x07, 0xF0,
  0x50, 0x3F, 0x09, 0x77, 0x75, 0x08, 0xF0, 0x50, 0x2F, 0x0A, 0x77, 0x75, 0x09, 0xF0, 0x40, 0x1F,
  0x0B, 0x77, 0x75, 0x09, 0xF8, 0x13, 0x0E, 0xE0, 0xD7, 0x77, 0x50, 0xCF, 0x81, 0x10, 0xCF, 0x01,
  0x77, 0x74, 0x0E, 0xF2, 0x0A, 0xF0, 0x37, 0x77, 0x30, 0x1F, 0x0C, 0x20, 0x6F, 0x07, 0x77, 0x73,
  0x05, 0xF0, 0x92, 0x02, 0xF0, 0xC7, 0x77, 0x30, 0xAF, 0x05, 0x30, 0xDF, 0x01, 0x77, 0x72, 0x0E,
  0xF0, 0x13, 0x08, 0xF0, 0x77, 0x77, 0x10, 0x6F, 0x0C, 0x40, 0x2F, 0x0E, 0x01, 0x77, 0x70, 0xDF,
  0x06, 0x50, 0xBF, 0x08, 0x77, 0x60, 0x7F, 0x0E, 0x60, 0x3F, 0x90, 0x37, 0x74, 0x03, 0xF9, 0x07,
  0x70, 0x9F, 0x0E, 0x02, 0x77, 0x20, 0x20, 0xDF, 0x0D, 0x71, 0x01, 0x0E, 0xF0, 0xE0, 0x57, 0x70,
  0x40, 0xEF, 0x90, 0x47, 0x20, 0x4F, 0xA0, 0xB0, 0x47, 0x30, 0x30, 0xAF, 0xA0, 0x87, 0x40, 0x7F,
  0xB8, 0x90, 0xEA, 0x75, 0x44, 0x57, 0x9D, 0xFB, 0x0B, 0x76, 0x07, 0xFF, 0xFF, 0x0B, 0x77, 0x10,
  0x6F, 0xFF, 0xD0, 0x97, 0x73, 0x02, 0x0C, 0xFF, 0xF9, 0x0E, 0x05, 0x77, 0x60, 0x70, 0xEF, 0xFD,
  0x09, 0x01, 0x77, 0x72, 0x06, 0x0B, 0xFF, 0x81, 0xD7, 0x17, 0x77, 0x68, 0x41, 0x58, 0xBD, 0xEA,
  0x84, 0xED, 0xB9, 0x62, 0x77, 0x10,
  // "ó" (U+00F3), RLE, 1021 bytes saved (69.3%)
  0x77, 0x73, 0x0A, 0xF9, 0x0B, 0x77, 0x77, 0x50, 0x3F, 0xA0, 0x47, 0x77, 0x75, 0x0B, 0xF9, 0x08,
  0x77, 0x77, 0x50, 0x5F, 0x90, 0xB7, 0x77, 0x76, 0x0D, 0xF0, 0xD0, 0x17, 0x77, 0x75, 0x08, 0xF0,
  0xE0, 0x27, 0x77, 0x75, 0x03, 0xF0, 0xE0, 0x37, 0x77, 0x76, 0x0C, 0xF0, 0x47, 0x77, 0x76, 0x06,
  0xF0, 0x57, 0x77, 0x76, 0x02, 0x0E, 0xE0, 0x57, 0x77, 0x77, 0x0B, 0xE0, 0x57, 0x77, 0x77, 0x07,
  0xE0, 0x57, 0x77, 0x77, 0x03, 0xD0, 0xE0, 0x48, 0x0C, 0x00, 0x08, 0xC0, 0xD0, 0x28, 0x0B, 0xF4,
  0x08, 0x42, 0x69, 0xBD, 0xEA, 0x84, 0xED, 0xB9, 0x62, 0x77, 0x76, 0x81, 0x17, 0xDF, 0xF8, 0x1C,
  0x71, 0x77, 0x71, 0x01, 0x09, 0xFF, 0xD8, 0x1E, 0x81, 0x77, 0x50, 0x60, 0xEF, 0xFF, 0x90, 0xD0,
  0x47, 0x73, 0x09, 0xFF, 0xFD, 0x08, 0x77, 0x10, 0xBF, 0xFF, 0xF0, 0x97, 0x60, 0xBF, 0xB8, 0x90,
  0xD9, 0x75, 0x44, 0x57, 0x9D, 0xFB, 0x0A, 0x74, 0x08, 0xFA, 0x0A, 0x03, 0x73, 0x03, 0x0A, 0xFA,
  0x07, 0x72, 0x04, 0xF9, 0x0D, 0x03, 0x77, 0x04, 0x0D, 0xF9, 0x03, 0x71, 0x0D, 0xF0, 0xD0, 0x17,
  0x72, 0x01, 0x0D, 0xF0, 0xC7, 0x07, 0xF0, 0xE0, 0x27, 0x74, 0x02, 0x0E, 0xF0, 0x66, 0x0E, 0xF0,
  0x67, 0x76, 0x06, 0xF0, 0xD5, 0x05, 0xF0, 0xD7, 0x77, 0x10, 0xDF, 0x05, 0x40, 0xBF, 0x05, 0x77,
  0x71, 0x04, 0xF0, 0xB4, 0xF9, 0x77, 0x73, 0x0E, 0xF0, 0x12, 0x04, 0xF0, 0xA7, 0x77, 0x30, 0x9F,
  0x05, 0x20, 0x8F, 0x05, 0x77, 0x73, 0x04, 0xF0, 0x92, 0x0B, 0xF0, 0x27, 0x77, 0x30, 0x1F, 0x0C,
  0x20, 0xDF, 0x77, 0x75, 0x0E, 0xE0, 0xE2, 0xF0, 0xD7, 0x77, 0x50, 0xBF, 0x00, 0x1F, 0x0B, 0x77,
  0x75, 0x09, 0xF0, 0x30, 0x2F, 0x0A, 0x77, 0x75, 0x08, 0xF0, 0x40, 0x3F, 0x09, 0x77, 0x75, 0x07,
  0xF0, 0x50, 0x3F, 0x09, 0x77, 0x75, 0x07, 0xF0, 0x50, 0x3F, 0x09, 0x77, 0x75, 0x07, 0xF0, 0x50,
  0x3F, 0x09, 0x77, 0x75, 0x08, 0xF0, 0x50, 0x2F, 0x0A, 0x77, 0x75, 0x09, 0xF0, 0x40, 0x1F, 0x0B,
  0x77, 0x75, 0x09, 0xF8, 0x13, 0x0E, 0xE0, 0xD7, 0x77, 0x50, 0xCF, 0x81, 0x10, 0xCF, 0x01, 0x77,
  0x74, 0x0E, 0xF2, 0x0A, 0xF0, 0x37, 0x77, 0x30, 0x1F, 0x0C, 0x20, 0x6F, 0x07, 0x77, 0x73, 0x05,
  0xF0, 0x92, 0x02, 0xF0, 0xC7, 0x77, 0x30, 0xAF, 0x05, 0x30, 0xDF, 0x01, 0x77, 0x72, 0x0E, 0xF0,
  0x13, 0x08, 0xF0, 0x77, 0x77, 0x10, 0x6F, 0x0C, 0x40, 0x2F, 0x0E, 0x01, 0x77, 0x70, 0xDF, 0x06,
  0x50, 0xBF, 0x08, 0x77, 0x60, 0x7F, 0x0E, 0x60, 0x3F, 0x90, 0x37, 0x74, 0x03, 0xF9, 0x07, 0x70,
  0x9F, 0x0E, 0x02, 0x77, 0x20, 0x20, 0xDF, 0x0D, 0x71, 0x01, 0x0E, 0xF0, 0xE0, 0x57, 0x70, 0x40,
  0xEF, 0x90, 0x47, 0x20, 0x4F, 0xA0, 0xB0, 0x47, 0x30, 0x30, 0xAF, 0xA0, 0x87, 0x40, 0x7F, 0xB8,
  0x90, 0xEA, 0x75, 0x44, 0x57, 0x9D, 0xFB, 0x0B, 0x76, 0x07, 0xFF, 0xFF, 0x0B, 0x77, 0x10, 0x6F,
  0xFF, 0xD0, 0x97, 0x73, 0x02, 0x0C, 0xFF, 0xF9, 0x0E, 0x05, 0x77, 0x60, 0x70, 0xEF, 0xFD, 0x09,
  0x01, 0x77, 0x72, 0x06, 0x0B, 0xFF, 0x81, 0xD7, 0x17, 0x77, 0x68, 0x41, 0x58, 0xBD, 0xEA, 0x84,
  0xED, 0xB9, 0x62, 0x77, 0x10,
  // "ô" (U+00F4), RLE, 993 bytes saved (67.4%)
  0x77, 0x30, 0x4F, 0x0E, 0x01, 0x77, 0x77, 0x60, 0xDF, 0x90, 0xA7, 0x77, 0x75, 0x09, 0xFB, 0x05,
  0x77, 0x77, 0x30, 0x5F, 0xC0, 0xE0, 0x27, 0x77, 0x71, 0x02, 0x0E, 0xFD, 0x0C, 0x77, 0x77, 0x01,
  0x0D, 0xFF, 0x0B, 0x77, 0x76, 0x0C, 0xF0, 0x70, 0xBF, 0x08, 0x77, 0x74, 0x09, 0xF0, 0x62, 0x0B,
  0xF0, 0x67, 0x77, 0x20, 0x7F, 0x05, 0x40, 0xBF, 0x04, 0x77, 0x70, 0x5E, 0x0E, 0x04, 0x60, 0x9E,
  0x0E, 0x03, 0x77, 0x50, 0x4E, 0x0E, 0x03, 0x71, 0x07, 0xE0, 0xE0, 0x27, 0x73, 0x03, 0x0E, 0xD0,
  0xC0, 0x17, 0x30, 0x50, 0xED, 0x0D, 0x02, 0x77, 0x10, 0x20, 0xED, 0x09, 0x76, 0x02, 0x0C, 0xD0,
  0xD0, 0x17, 0x70, 0x8C, 0x0E, 0x05, 0x77, 0x20, 0x8D, 0x07, 0x80, 0xBD, 0x60, 0x84, 0x26, 0x9B,
  0xDE, 0xA8, 0x4E, 0xDB, 0x96, 0x27, 0x77, 0x68, 0x11, 0x7D, 0xFF, 0x81, 0xC7, 0x17, 0x77, 0x10,
  0x10, 0x9F, 0xFD, 0x81, 0xE8, 0x17, 0x75, 0x06, 0x0E, 0xFF, 0xF9, 0x0D, 0x04, 0x77, 0x30, 0x9F,
  0xFF, 0xD0, 0x87, 0x71, 0x0B, 0xFF, 0xFF, 0x09, 0x76, 0x0B, 0xFB, 0x89, 0x0D, 0x97, 0x54, 0x45,
  0x79, 0xDF, 0xB0, 0xA7, 0x40, 0x8F, 0xA0, 0xA0, 0x37, 0x30, 0x30, 0xAF, 0xA0, 0x77, 0x20, 0x4F,
  0x90, 0xD0, 0x37, 0x70, 0x40, 0xDF, 0x90, 0x37, 0x10, 0xDF, 0x0D, 0x01, 0x77, 0x20, 0x10, 0xDF,
  0x0C, 0x70, 0x7F, 0x0E, 0x02, 0x77, 0x40, 0x20, 0xEF, 0x06, 0x60, 0xEF, 0x06, 0x77, 0x60, 0x6F,
  0x0D, 0x50, 0x5F, 0x0D, 0x77, 0x71, 0x0D, 0xF0, 0x54, 0x0B, 0xF0, 0x57, 0x77, 0x10, 0x4F, 0x0B,
  0x4F, 0x97, 0x77, 0x30, 0xEF, 0x01, 0x20, 0x4F, 0x0A, 0x77, 0x73, 0x09, 0xF0, 0x52, 0x08, 0xF0,
  0x57, 0x77, 0x30, 0x4F, 0x09, 0x20, 0xBF, 0x02, 0x77, 0x73, 0x01, 0xF0, 0xC2, 0x0D, 0xF7, 0x77,
  0x50, 0xEE, 0x0E, 0x2F, 0x0D, 0x77, 0x75, 0x0B, 0xF0, 0x01, 0xF0, 0xB7, 0x77, 0x50, 0x9F, 0x03,
  0x02, 0xF0, 0xA7, 0x77, 0x50, 0x8F, 0x04, 0x03, 0xF0, 0x97, 0x77, 0x50, 0x7F, 0x05, 0x03, 0xF0,
  0x97, 0x77, 0x50, 0x7F, 0x05, 0x03, 0xF0, 0x97, 0x77, 0x50, 0x7F, 0x05, 0x03, 0xF0, 0x97, 0x77,
  0x50, 0x8F, 0x05, 0x02, 0xF0, 0xA7, 0x77, 0x50, 0x9F, 0x04, 0x01, 0xF0, 0xB7, 0x77, 0x50, 0x9F,
  0x81, 0x30, 0xEE, 0x0D, 0x77, 0x75, 0x0C, 0xF8, 0x11, 0x0C, 0xF0, 0x17, 0x77, 0x40, 0xEF, 0x20,
  0xAF, 0x03, 0x77, 0x73, 0x01, 0xF0, 0xC2, 0x06, 0xF0, 0x77, 0x77, 0x30, 0x5F, 0x09, 0x20, 0x2F,
  0x0C, 0x77, 0x73, 0x0A, 0xF0, 0x53, 0x0D, 0xF0, 0x17, 0x77, 0x20, 0xEF, 0x01, 0x30, 0x8F, 0x07,
  0x77, 0x71, 0x06, 0xF0, 0xC4, 0x02, 0xF0, 0xE0, 0x17, 0x77, 0x0D, 0xF0, 0x65, 0x0B, 0xF0, 0x87,
  0x76, 0x07, 0xF0, 0xE6, 0x03, 0xF9, 0x03, 0x77, 0x40, 0x3F, 0x90, 0x77, 0x09, 0xF0, 0xE0, 0x27,
  0x72, 0x02, 0x0D, 0xF0, 0xD7, 0x10, 0x10, 0xEF, 0x0E, 0x05, 0x77, 0x04, 0x0E, 0xF9, 0x04, 0x72,
  0x04, 0xFA, 0x0B, 0x04, 0x73, 0x03, 0x0A, 0xFA, 0x08, 0x74, 0x07, 0xFB, 0x89, 0x0E, 0xA7, 0x54,
  0x45, 0x79, 0xDF, 0xB0, 0xB7, 0x60, 0x7F, 0xFF, 0xF0, 0xB7, 0x71, 0x06, 0xFF, 0xFD, 0x09, 0x77,
  0x30, 0x20, 0xCF, 0xFF, 0x90, 0xE0, 0x57, 0x76, 0x07, 0x0E, 0xFF, 0xD0, 0x90, 0x17, 0x77, 0x20,
  0x60, 0xBF, 0xF8, 0x1D, 0x71, 0x77, 0x76, 0x84, 0x15, 0x8B, 0xDE, 0xA8, 0x4E, 0xDB, 0x96, 0x27,
  0x71,
  // "õ" (U+00F5), RLE, 932 bytes saved (66.2%)
  0x75, 0x86, 0x5A, 0xDE, 0xED, 0xA5, 0x76, 0x07, 0xB0, 0xE7, 0x72, 0x02, 0x0C, 0xF9, 0x0D, 0x06,
  0x74, 0x0C, 0xB0, 0xB7, 0x71, 0x02, 0x0E, 0xFC, 0x0C, 0x04, 0x71, 0x04, 0xC0, 0x87, 0x70, 0x10,
  0xDF, 0xF0, 0xB0, 0x35, 0x01, 0x0D, 0xC0, 0x47, 0x70, 0x9F, 0xFB, 0x84, 0xC7, 0x45, 0x8E, 0xC0,
  0xE7, 0x70, 0x2F, 0xFF, 0xF0, 0x87, 0x70, 0x8D, 0x84, 0xB6, 0x45, 0x9E, 0xFF, 0xA0, 0xE0, 0x17,
  0x70, 0xDC, 0x07, 0x60, 0x70, 0xEF, 0xF0, 0x67, 0x70, 0x2C, 0x0B, 0x71, 0x81, 0x18, 0xEF, 0xC0,
  0x87, 0x71, 0x05, 0xC0, 0x47, 0x30, 0x10, 0x9F, 0x90, 0xE0, 0x77, 0x72, 0x07, 0xB0, 0xE7, 0x68,
  0x71, 0x7B, 0xEF, 0xEC, 0x71, 0x80, 0xBE, 0x20, 0x84, 0x26, 0x9B, 0xDE, 0xA8, 0x4E, 0xDB, 0x96,
  0x27, 0x77, 0x68, 0x11, 0x7D, 0xFF, 0x81, 0xC7, 0x17, 0x77, 0x10, 0x10, 0x9F, 0xFD, 0x81, 0xE8,
  0x17, 0x75, 0x06, 0x0E, 0xFF, 0xF9, 0x0D, 0x04, 0x77, 0x30, 0x9F, 0xFF, 0xD0, 0x87, 0x71, 0x0B,
  0xFF, 0xFF, 0x09, 0x76, 0x0B, 0xFB, 0x89, 0x0D, 0x97, 0x54, 0x45, 0x79, 0xDF, 0xB0, 0xA7, 0x40,
  0x8F, 0xA0, 0xA0, 0x37, 0x30, 0x30, 0xAF, 0xA0, 0x77, 0x20, 0x4F, 0x90, 0xD0, 0x37, 0x70, 0x40,
  0xDF, 0x90, 0x37, 0x10, 0xDF, 0x0D, 0x01, 0x77, 0x20, 0x10, 0xDF, 0x0C, 0x70, 0x7F, 0x0E, 0x02,
  0x77, 0x40, 0x20, 0xEF, 0x06, 0x60, 0xEF, 0x06, 0x77, 0x60, 0x6F, 0x0D, 0x50, 0x5F, 0x0D, 0x77,
  0x71, 0x0D, 0xF0, 0x54, 0x0B, 0xF0, 0x57, 0x77, 0x10, 0x4F, 0x0B, 0x4F, 0x97, 0x77, 0x30, 0xEF,
  0x01, 0x20, 0x4F, 0x0A, 0x77, 0x73, 0x09, 0xF0, 0x52, 0x08, 0xF0, 0x57, 0x77, 0x30, 0x4F, 0x09,
  0x20, 0xBF, 0x02, 0x77, 0x73, 0x01, 0xF0, 0xC2, 0x0D, 0xF7, 0x77, 0x50, 0xEE, 0x0E, 0x2F, 0x0D,
  0x77, 0x75, 0x0B, 0xF0, 0x01, 0xF0, 0xB7, 0x77, 0x50, 0x9F, 0x03, 0x02, 0xF0, 0xA7, 0x77, 0x50,
  0x8F, 0x04, 0x03, 0xF0, 0x97, 0x77, 0x50, 0x7F, 0x05, 0x03, 0xF0, 0x97, 0x77, 0x50, 0x7F, 0x05,
  0x03, 0xF0, 0x97, 0x77, 0x50, 0x7F, 0x05, 0x03, 0xF0, 0x97, 0x77, 0x50, 0x8F, 0x05, 0x02, 0xF0,
  0xA7, 0x77, 0x50, 0x9F, 0x04, 0x01, 0xF0, 0xB7, 0x77, 0x50, 0x9F, 0x81, 0x30, 0xEE, 0x0D, 0x77,
  0x75, 0x0C, 0xF8, 0x11, 0x0C, 0xF0, 0x17, 0x77, 0x40, 0xEF, 0x20, 0xAF, 0x03, 0x77, 0x73, 0x01,
  0xF0, 0xC2, 0x06, 0xF0, 0x77, 0x77, 0x30, 0x5F, 0x09, 0x20, 0x2F, 0x0C, 0x77, 0x73, 0x0A, 0xF0,
  0x53, 0x0D, 0xF0, 0x17, 0x77, 0x20, 0xEF, 0x01, 0x30, 0x8F, 0x07, 0x77, 0x71, 0x06, 0xF0, 0xC4,
  0x02, 0xF0, 0xE0, 0x17, 0x77, 0x0D, 0xF0, 0x65, 0x0B, 0xF0, 0x87, 0x76, 0x07, 0xF0, 0xE6, 0x03,
  0xF9, 0x03, 0x77, 0x40, 0x3F, 0x90, 0x77, 0x09, 0xF0, 0xE0, 0x27, 0x72, 0x02, 0x0D, 0xF0, 0xD7,
  0x10, 0x10, 0xEF, 0x0E, 0x05, 0x77, 0x04, 0x0E, 0xF9, 0x04, 0x72, 0x04, 0xFA, 0x0B, 0x04, 0x73,
  0x03, 0x0A, 0xFA, 0x08, 0x74, 0x07, 0xFB, 0x89, 0x0E, 0xA7, 0x54, 0x45, 0x79, 0xDF, 0xB0, 0xB7,
  0x60, 0x7F, 0xFF, 0xF0, 0xB7, 0x71, 0x06, 0xFF, 0xFD, 0x09, 0x77, 0x30, 0x20, 0xCF, 0xFF, 0x90,
  0xE0, 0x57, 0x76, 0x07, 0x0E, 0xFF, 0xD0, 0x90, 0x17, 0x77, 0x20, 0x60, 0xBF, 0xF8, 0x1D, 0x71,
  0x77, 0x76, 0x84, 0x15, 0x8B, 0xDE, 0xA8, 0x4E, 0xDB, 0x96, 0x27, 0x71,
  // "ö" (U+00F6), RLE, 956 bytes saved (67.9%)
  0x74, 0x84, 0x4B, 0xFE, 0xA2, 0x73, 0x84, 0x3B, 0xEE, 0xA2, 0x77, 0x70, 0x5D, 0x0E, 0x01, 0x71,
  0x03, 0xD0, 0xE0, 0x27, 0x76, 0x0D, 0xE0, 0x97, 0x10, 0xBE, 0x0A, 0x77, 0x50, 0x1F, 0x0C, 0x71,
  0x0E, 0xE0, 0xE7, 0x75, 0x02, 0xF0, 0xD7, 0x1F, 0x0E, 0x77, 0x50, 0x1F, 0x0C, 0x71, 0x0E, 0xE0,
  0xD7, 0x76, 0x0D, 0xE0, 0x87, 0x10, 0xAE, 0x09, 0x77, 0x60, 0x4D, 0x0D, 0x01, 0x71, 0x02, 0x0E,
  0xC0, 0xE0, 0x27, 0x77, 0x84, 0x3B, 0xFE, 0x91, 0x73, 0x84, 0x3B, 0xEE, 0xA2, 0x80, 0xD9, 0x20,
  0x84, 0x26, 0x9B, 0xDE, 0xA8, 0x4E, 0xDB, 0x96, 0x27, 0x77, 0x68, 0x11, 0x7D, 0xFF, 0x81, 0xC7,
  0x17, 0x77, 0x10, 0x10, 0x9F, 0xFD, 0x81, 0xE8, 0x17, 0x75, 0x06, 0x0E, 0xFF, 0xF9, 0x0D, 0x04,
  0x77, 0x30, 0x9F, 0xFF, 0xD0, 0x87, 0x71, 0x0B, 0xFF, 0xFF, 0x09, 0x76, 0x0B, 0xFB, 0x89, 0x0D,
  0x97, 0x54, 0x45, 0x79, 0xDF, 0xB0, 0xA7, 0x40, 0x8F, 0xA0, 0xA0, 0x37, 0x30, 0x30, 0xAF, 0xA0,
  0x77, 0x20, 0x4F, 0x90, 0xD0, 0x37, 0x70, 0x40, 0xDF, 0x90, 0x37, 0x10, 0xDF, 0x0D, 0x01, 0x77,
  0x20, 0x10, 0xDF, 0x0C, 0x70, 0x7F, 0x0E, 0x02, 0x77, 0x40, 0x20, 0xEF, 0x06, 0x60, 0xEF, 0x06,
  0x77, 0x60, 0x6F, 0x0D, 0x50, 0x5F, 0x0D, 0x77, 0x71, 0x0D, 0xF0, 0x54, 0x0B, 0xF0, 0x57, 0x77,
  0x10, 0x4F, 0x0B, 0x4F, 0x97, 0x77, 0x30, 0xEF, 0x01, 0x20, 0x4F, 0x0A, 0x77, 0x73, 0x09, 0xF0,
  0x52, 0x08, 0xF0, 0x57, 0x77, 0x30, 0x4F, 0x09, 0x20, 0xBF, 0x02, 0x77, 0x73, 0x01, 0xF0, 0xC2,
  0x0D, 0xF7, 0x77, 0x50, 0xEE, 0x0E, 0x2F, 0x0D, 0x77, 0x75, 0x0B, 0xF0, 0x01, 0xF0, 0xB7, 0x77,
  0x50, 0x9F, 0x03, 0x02, 0xF0, 0xA7, 0x77, 0x50, 0x8F, 0x04, 0x03, 0xF0, 0x97, 0x77, 0x50, 0x7F,
  0x05, 0x03, 0xF0, 0x97, 0x77, 0x50, 0x7F, 0x05, 0x03, 0xF0, 0x97, 0x77, 0x50, 0x7F, 0x05, 0x03,
  0xF0, 0x97, 0x77, 0x50, 0x8F, 0x05, 0x02, 0xF0, 0xA7, 0x77, 0x50, 0x9F, 0x04, 0x01, 0xF0, 0xB7,
  0x77, 0x50, 0x9F, 0x81, 0x30, 0xEE, 0x0D, 0x77, 0x75, 0x0C, 0xF8, 0x11, 0x0C, 0xF0, 0x17, 0x77,
  0x40, 0xEF, 0x20, 0xAF, 0x03, 0x77, 0x73, 0x01, 0xF0, 0xC2, 0x06, 0xF0, 0x77, 0x77, 0x30, 0x5F,
  0x09, 0x20, 0x2F, 0x0C, 0x77, 0x73, 0x0A, 0xF0, 0x53, 0x0D, 0xF0, 0x17, 0x77, 0x20, 0xEF, 0x01,
  0x30, 0x8F, 0x07, 0x77, 0x71, 0x06, 0xF0, 0xC4, 0x02, 0xF0, 0xE0, 0x17, 0x77, 0x0D, 0xF0, 0x65,
  0x0B, 0xF0, 0x87, 0x76, 0x07, 0xF0, 0xE6, 0x03, 0xF9, 0x03, 0x77, 0x40, 0x3F, 0x90, 0x77, 0x09,
  0xF0, 0xE0, 0x27, 0x72, 0x02, 0x0D, 0xF0, 0xD7, 0x10, 0x10, 0xEF, 0x0E, 0x05, 0x77, 0x04, 0x0E,
  0xF9, 0x04, 0x72, 0x04, 0xFA, 0x0B, 0x04, 0x73, 0x03, 0x0A, 0xFA, 0x08, 0x74, 0x07, 0xFB, 0x89,
  0x0E, 0xA7, 0x54, 0x45, 0x79, 0xDF, 0xB0, 0xB7, 0x60, 0x7F, 0xFF, 0xF0, 0xB7, 0x71, 0x06, 0xFF,
  0xFD, 0x09, 0x77, 0x30, 0x20, 0xCF, 0xFF, 0x90, 0xE0, 0x57, 0x76, 0x07, 0x0E, 0xFF, 0xD0, 0x90,
  0x17, 0x77, 0x20, 0x60, 0xBF, 0xF8, 0x1D, 0x71, 0x77, 0x76, 0x84, 0x15, 0x8B, 0xDE, 0xA8, 0x4E,
  0xDB, 0x96, 0x27, 0x71,
  // "÷" (U+00F7), RLE, 668 bytes saved (81.5%)
  0x77, 0x38, 0x52, 0xAD, 0xFE, 0xA2, 0x77, 0x77, 0x50, 0x4F, 0x04, 0x77, 0x77, 0x40, 0xDF, 0x0C,
  0x77, 0x77, 0x30, 0x2F, 0xA0, 0x17, 0x77, 0x72, 0x04, 0xFA, 0x03, 0x77, 0x77, 0x20, 0x4F, 0xA0,
  0x37, 0x77, 0x72, 0x02, 0xFA, 0x01, 0x77, 0x77, 0x30, 0xCF, 0x0B, 0x77, 0x77, 0x40, 0x30, 0xED,
  0x0E, 0x02, 0x77, 0x77, 0x58, 0x52, 0x9D, 0xFD, 0x91, 0x80, 0xCD, 0x40, 0x0A, 0x80, 0xC3, 0xF0,
  0xC0, 0xA8, 0x0C, 0x3F, 0x0C, 0x0A, 0x80, 0xC3, 0xF0, 0xC0, 0xA8, 0x0C, 0x3F, 0x0C, 0x0A, 0x80,
  0xC3, 0xF0, 0xC0, 0xA8, 0x0C, 0x3F, 0x0C, 0x03, 0x80, 0xC3, 0x40, 0x38, 0x0C, 0x83, 0x08, 0x52,
  0xAD, 0xFE, 0xA2, 0x77, 0x77, 0x50, 0x4F, 0x04, 0x77, 0x77, 0x40, 0xDF, 0x0C, 0x77, 0x77, 0x30,
  0x2F, 0xA0, 0x17, 0x77, 0x72, 0x04, 0xFA, 0x03, 0x77, 0x77, 0x20, 0x4F, 0xA0, 0x37, 0x77, 0x72,
  0x02, 0xFA, 0x01, 0x77, 0x77, 0x30, 0xCF, 0x0B, 0x77, 0x77, 0x40, 0x30, 0xED, 0x0E, 0x02, 0x77,
  0x77, 0x58, 0x52, 0x9D, 0xFD, 0x91, 0x77, 0x30,
  // "ø" (U+00F8), RLE, 685 bytes saved (59.9%)
  0x80, 0xC0, 0x00, 0x50, 0x48, 0x0C, 0x50, 0x83, 0x2E, 0xF9, 0x17, 0x75, 0x84, 0x26, 0x9B, 0xDE,
  0xA8, 0x4E, 0xDB, 0x85, 0x16, 0x0C, 0xB0, 0xD0, 0x47, 0x71, 0x81, 0x17, 0xDF, 0xF0, 0xB0, 0x63,
  0x07, 0xE0, 0x87, 0x50, 0x10, 0x9F, 0xFD, 0x81, 0xD6, 0x3F, 0x03, 0x74, 0x06, 0x0E, 0xFF, 0xFF,
  0x90, 0x77, 0x40, 0x9F, 0xFF, 0xFA, 0x0C, 0x74, 0x0B, 0xFF, 0xFF, 0xA0, 0xE0, 0x27, 0x30, 0xBF,
  0xB8, 0x7D, 0x97, 0x54, 0x56, 0x8B, 0xFD, 0x06, 0x73, 0x08, 0xFA, 0x0A, 0x03, 0x72, 0x81, 0x17,
  0xEF, 0xA0, 0x47, 0x20, 0x4F, 0x90, 0xD0, 0x37, 0x60, 0x10, 0xBF, 0x90, 0xE0, 0x17, 0x10, 0xDF,
  0x0D, 0x01, 0x77, 0x01, 0x0E, 0xFA, 0x09, 0x70, 0x7F, 0x0E, 0x02, 0x77, 0x10, 0xBF, 0xC0, 0x36,
  0x0E, 0xF0, 0x67, 0x71, 0x07, 0xFD, 0x0B, 0x50, 0x5F, 0x0D, 0x77, 0x10, 0x3F, 0xF0, 0x24, 0x0B,
  0xF0, 0x57, 0x71, 0x0D, 0xE0, 0xCF, 0x08, 0x4F, 0x97, 0x71, 0x09, 0xE8, 0x1B, 0x0E, 0xE0, 0xE3,
  0x04, 0xF0, 0xA7, 0x70, 0x5E, 0x82, 0xE1, 0x09, 0xF0, 0x32, 0x08, 0xF0, 0x57, 0x60, 0x20, 0xEE,
  0x05, 0x20, 0x5F, 0x08, 0x20, 0xBF, 0x02, 0x76, 0x0C, 0xE0, 0x93, 0x01, 0xF0, 0xB2, 0x0D, 0xF7,
  0x60, 0x8E, 0x0D, 0x50, 0xDE, 0x0E, 0x2F, 0x0D, 0x75, 0x03, 0xF0, 0x35, 0x0B, 0xF0, 0x01, 0xF0,
  0xB7, 0x40, 0x10, 0xDE, 0x07, 0x60, 0x9F, 0x03, 0x02, 0xF0, 0xA7, 0x40, 0xAE, 0x0B, 0x70, 0x8F,
  0x04, 0x03, 0xF0, 0x97, 0x30, 0x6E, 0x0E, 0x01, 0x70, 0x7F, 0x05, 0x03, 0xF0, 0x97, 0x20, 0x20,
  0xEE, 0x05, 0x71, 0x07, 0xF0, 0x50, 0x3F, 0x09, 0x72, 0x0C, 0xE0, 0x97, 0x20, 0x7F, 0x05, 0x03,
  0xF0, 0x97, 0x10, 0x8E, 0x0D, 0x73, 0x08, 0xF0, 0x50, 0x2F, 0x0A, 0x70, 0x4F, 0x03, 0x73, 0x08,
  0xF0, 0x40, 0x1F, 0x0B, 0x60, 0x10, 0xDE, 0x07, 0x74, 0x09, 0xF0, 0x31, 0xF0, 0xD6, 0x0A, 0xE0,
  0xB7, 0x50, 0xBF, 0x81, 0x10, 0xDE, 0x0E, 0x50, 0x6E, 0x0E, 0x01, 0x75, 0x0E, 0xF2, 0x0A, 0xF0,
  0x23, 0x02, 0x0E, 0xE0, 0x47, 0x50, 0x1F, 0x0C, 0x20, 0x7F, 0x05, 0x30, 0xCE, 0x08, 0x76, 0x05,
  0xF0, 0x92, 0x03, 0xF0, 0x92, 0x08, 0xE0, 0xC7, 0x70, 0xAF, 0x06, 0x30, 0xEE, 0x81, 0xE0, 0x4F,
  0x02, 0x77, 0x0E, 0xF0, 0x13, 0x09, 0xF0, 0x70, 0xEE, 0x06, 0x77, 0x05, 0xF0, 0xC4, 0x03, 0xFF,
  0x0A, 0x77, 0x10, 0xDF, 0x06, 0x50, 0xCF, 0xD0, 0xE0, 0x17, 0x70, 0x7F, 0x0E, 0x60, 0x4F, 0xD0,
  0x47, 0x70, 0x20, 0xEF, 0x07, 0x70, 0xBF, 0xB0, 0x87, 0x70, 0x20, 0xDF, 0x0D, 0x71, 0x02, 0x0E,
  0xF9, 0x0D, 0x77, 0x04, 0x0E, 0xF9, 0x04, 0x72, 0x05, 0xFA, 0x0C, 0x04, 0x73, 0x03, 0x0A, 0xFA,
  0x09, 0x74, 0x0E, 0xFB, 0x89, 0x0E, 0xA7, 0x54, 0x45, 0x79, 0xDF, 0xB0, 0xB7, 0x40, 0x9F, 0xFF,
  0xFA, 0x0B, 0x74, 0x05, 0xFF, 0xFF, 0xA0, 0x97, 0x40, 0x20, 0xEF, 0xFF, 0xF0, 0xE0, 0x67, 0x50,
  0xCE, 0x81, 0x98, 0xEF, 0xFD, 0x09, 0x01, 0x75, 0x06, 0xE0, 0xC2, 0x81, 0x17, 0xCF, 0xF8, 0x1D,
  0x71, 0x77, 0x10, 0x60, 0xEC, 0x02, 0x58, 0x42, 0x69, 0xBD, 0xEA, 0x84, 0xED, 0xB9, 0x62, 0x77,
  0x50, 0x20, 0xBA, 0x06, 0x80, 0xC5, 0x00, 0x60, 0xA8, 0x0C, 0x00,
  // "ù" (U+00F9), RLE, 906 bytes saved (67.6%)
  0x72, 0x08, 0xF9, 0x0B, 0x77, 0x77, 0x20, 0x2F, 0xA0, 0x37, 0x77, 0x72, 0x06, 0xF9, 0x0C, 0x77,
  0x77, 0x30, 0x9F, 0x90, 0x57, 0x77, 0x73, 0x0B, 0xF0, 0xD7, 0x77, 0x73, 0x01, 0x0D, 0xF0, 0x97,
  0x77, 0x73, 0x02, 0x0E, 0xF0, 0x37, 0x77, 0x73, 0x03, 0x0E, 0xE0, 0xD7, 0x77, 0x74, 0x03, 0x0E,
  0xE0, 0x77, 0x77, 0x74, 0x04, 0xF0, 0x37, 0x77, 0x74, 0x04, 0x0E, 0xD0, 0xD7, 0x77, 0x75, 0x03,
  0x0E, 0xD0, 0x97, 0x77, 0x75, 0x03, 0x0D, 0xD0, 0x57, 0x77, 0x75, 0x01, 0x0C, 0xC0, 0xB8, 0x0B,
  0xF1, 0x00, 0x3F, 0x07, 0x77, 0x72, 0x0B, 0xE0, 0xD0, 0x3F, 0x07, 0x77, 0x72, 0x0B, 0xE0, 0xD0,
  0x3F, 0x07, 0x77, 0x72, 0x0B, 0xE0, 0xD0, 0x3F, 0x07, 0x77, 0x72, 0x0B, 0xE0, 0xD0, 0x3F, 0x07,
  0x77, 0x72, 0x0B, 0xE0, 0xD0, 0x3F, 0x07, 0x77, 0x72, 0x0B, 0xE0, 0xD0, 0x3F, 0x07, 0x77, 0x72,
  0x0B, 0xE0, 0xD0, 0x3F, 0x07, 0x77, 0x72, 0x0B, 0xE0, 0xD0, 0x3F, 0x07, 0x77, 0x72, 0x0B, 0xE0,
  0xD0, 0x3F, 0x07, 0x77, 0x72, 0x0B, 0xE0, 0xD0, 0x3F, 0x07, 0x77, 0x72, 0x0B, 0xE0, 0xD0, 0x3F,
  0x07, 0x77, 0x72, 0x0B, 0xE0, 0xD0, 0x3F, 0x07, 0x77, 0x72, 0x0B, 0xE0, 0xD0, 0x3F, 0x07, 0x77,
  0x72, 0x0B, 0xE0, 0xD0, 0x3F, 0x07, 0x77, 0x72, 0x0B, 0xE0, 0xD0, 0x3F, 0x07, 0x77, 0x72, 0x0B,
  0xE0, 0xD0, 0x3F, 0x07, 0x77, 0x72, 0x0B, 0xE0, 0xD0, 0x3F, 0x07, 0x77, 0x72, 0x0B, 0xE0, 0xD0,
  0x3F, 0x07, 0x77, 0x72, 0x0B, 0xE0, 0xD0, 0x3F, 0x07, 0x77, 0x72, 0x0B, 0xE0, 0xD0, 0x3F, 0x07,
  0x77, 0x72, 0x0B, 0xE0, 0xD0, 0x3F, 0x07, 0x77, 0x72, 0x0B, 0xE0, 0xD0, 0x3F, 0x07, 0x77, 0x72,
  0x0B, 0xE0, 0xD0, 0x3F, 0x07, 0x77, 0x72, 0x0B, 0xE0, 0xD0, 0x3F, 0x07, 0x77, 0x72, 0x0B, 0xE0,
  0xD0, 0x3F, 0x07, 0x77, 0x72, 0x0C, 0xE0, 0xD0, 0x3F, 0x07, 0x77, 0x72, 0x0D, 0xE0, 0xD0, 0x3F,
  0x07, 0x77, 0x72, 0x0E, 0xE0, 0xD0, 0x3F, 0x07, 0x77, 0x72, 0xF0, 0xD0, 0x3F, 0x07, 0x77, 0x71,
  0x03, 0xF0, 0xD0, 0x3F, 0x07, 0x77, 0x71, 0x05, 0xF0, 0xD0, 0x2F, 0x08, 0x77, 0x71, 0x09, 0xF0,
  0xD0, 0x1F, 0x0A, 0x77, 0x71, 0x0E, 0xF0, 0xD1, 0xF0, 0xD7, 0x77, 0x03, 0xF9, 0x81, 0xD0, 0xEF,
  0x01, 0x77, 0x60, 0xAF, 0x98, 0x1D, 0x0B, 0xF0, 0x77, 0x75, 0x03, 0xFA, 0x81, 0xD0, 0x7F, 0x0E,
  0x01, 0x77, 0x40, 0xBF, 0xA8, 0x1D, 0x03, 0xF9, 0x0A, 0x77, 0x30, 0x9F, 0xB0, 0xD2, 0x0D, 0xF9,
  0x09, 0x77, 0x01, 0x0A, 0xFC, 0x0D, 0x20, 0x7F, 0xA0, 0xC0, 0x47, 0x38, 0x12, 0x8E, 0xFD, 0x0D,
  0x30, 0xDF, 0xB8, 0x90, 0xDA, 0x65, 0x44, 0x57, 0x9C, 0xF0, 0xC0, 0x6E, 0x0D, 0x30, 0x4F, 0xFF,
  0xD8, 0x1E, 0x23, 0xE0, 0xD4, 0x07, 0xFF, 0xFB, 0x0E, 0x03, 0x2E, 0x0D, 0x50, 0x6F, 0xFF, 0x90,
  0xD0, 0x33, 0x0C, 0xD0, 0xD6, 0x03, 0x0C, 0xFF, 0xC0, 0xE0, 0x85, 0x09, 0xD0, 0xD7, 0x10, 0x40,
  0xBF, 0xF8, 0x1D, 0x71, 0x60, 0x7D, 0x0D, 0x73, 0x84, 0x15, 0x8B, 0xDE, 0xA8, 0x4E, 0xEC, 0x96,
  0x27, 0x72,
  // "ú" (U+00FA), RLE, 907 bytes saved (67.7%)
  0x77, 0x72, 0x0A, 0xF9, 0x0B, 0x77, 0x77, 0x10, 0x3F, 0xA0, 0x47, 0x77, 0x71, 0x0B, 0xF9, 0x08,
  0x77, 0x77, 0x10, 0x5F, 0x90, 0xB7, 0x77, 0x72, 0x0D, 0xF0, 0xD0, 0x17, 0x77, 0x71, 0x08, 0xF0,
  0xE0, 0x27, 0x77, 0x71, 0x03, 0xF0, 0xE0, 0x37, 0x77, 0x72, 0x0C, 0xF0, 0x47, 0x77, 0x72, 0x06,
  0xF0, 0x57, 0x77, 0x72, 0x02, 0x0E, 0xE0, 0x57, 0x77, 0x73, 0x0B, 0xE0, 0x57, 0x77, 0x73, 0x07,
  0xE0, 0x57, 0x77, 0x73, 0x03, 0xD0, 0xE0, 0x47, 0x77, 0x74, 0x08, 0xC0, 0xD0, 0x28, 0x0B, 0xF6,
  0x00, 0x3F, 0x07, 0x77, 0x72, 0x0B, 0xE0, 0xD0, 0x3F, 0x07, 0x77, 0x72, 0x0B, 0xE0, 0xD0, 0x3F,
  0x07, 0x77, 0x72, 0x0B, 0xE0, 0xD0, 0x3F, 0x07, 0x77, 0x72, 0x0B, 0xE0, 0xD0, 0x3F, 0x07, 0x77,
  0x72, 0x0B, 0xE0, 0xD0, 0x3F, 0x07, 0x77, 0x72, 0x0B, 0xE0, 0xD0, 0x3F, 0x07, 0x77, 0x72, 0x0B,
  0xE0, 0xD0, 0x3F, 0x07, 0x77, 0x72, 0x0B, 0xE0, 0xD0, 0x3F, 0x07, 0x77, 0x72, 0x0B, 0xE0, 0xD0,
  0x3F, 0x07, 0x77, 0x72, 0x0B, 0xE0, 0xD0, 0x3F, 0x07, 0x77, 0x72, 0x0B, 0xE0, 0xD0, 0x3F, 0x07,
  0x77, 0x72, 0x0B, 0xE0, 0xD0, 0x3F, 0x07, 0x77, 0x72, 0x0B, 0xE0, 0xD0, 0x3F, 0x07, 0x77, 0x72,
  0x0B, 0xE0, 0xD0, 0x3F, 0x07, 0x77, 0x72, 0x0B, 0xE0, 0xD0, 0x3F, 0x07, 0x77, 0x72, 0x0B, 0xE0,
  0xD0, 0x3F, 0x07, 0x77, 0x72, 0x0B, 0xE0, 0xD0, 0x3F, 0x07, 0x77, 0x72, 0x0B, 0xE0, 0xD0, 0x3F,
  0x07, 0x77, 0x72, 0x0B, 0xE0, 0xD0, 0x3F, 0x07, 0x77, 0x72, 0x0B, 0xE0, 0xD0, 0x3F, 0x07, 0x77,
  0x72, 0x0B, 0xE0, 0xD0, 0x3F, 0x07, 0x77, 0x72, 0x0B, 0xE0, 0xD0, 0x3F, 0x07, 0x77, 0x72, 0x0B,
  0xE0, 0xD0, 0x3F, 0x07, 0x77, 0x72, 0x0B, 0xE0, 0xD0, 0x3F, 0x07, 0x77, 0x72, 0x0B, 0xE0, 0xD0,
  0x3F, 0x07, 0x77, 0x72, 0x0C, 0xE0, 0xD0, 0x3F, 0x07, 0x77, 0x72, 0x0D, 0xE0, 0xD0, 0x3F, 0x07,
  0x77, 0x72, 0x0E, 0xE0, 0xD0, 0x3F, 0x07, 0x77, 0x72, 0xF0, 0xD0, 0x3F, 0x07, 0x77, 0x71, 0x03,
  0xF0, 0xD0, 0x3F, 0x07, 0x77, 0x71, 0x05, 0xF0, 0xD0, 0x2F, 0x08, 0x77, 0x71, 0x09, 0xF0, 0xD0,
  0x1F, 0x0A, 0x77, 0x71, 0x0E, 0xF0, 0xD1, 0xF0, 0xD7, 0x77, 0x03, 0xF9, 0x81, 0xD0, 0xEF, 0x01,
  0x77, 0x60, 0xAF, 0x98, 0x1D, 0x0B, 0xF0, 0x77, 0x75, 0x03, 0xFA, 0x81, 0xD0, 0x7F, 0x0E, 0x01,
  0x77, 0x40, 0xBF, 0xA8, 0x1D, 0x03, 0xF9, 0x0A, 0x77, 0x30, 0x9F, 0xB0, 0xD2, 0x0D, 0xF9, 0x09,
  0x77, 0x01, 0x0A, 0xFC, 0x0D, 0x20, 0x7F, 0xA0, 0xC0, 0x47, 0x38, 0x12, 0x8E, 0xFD, 0x0D, 0x30,
  0xDF, 0xB8, 0x90, 0xDA, 0x65, 0x44, 0x57, 0x9C, 0xF0, 0xC0, 0x6E, 0x0D, 0x30, 0x4F, 0xFF, 0xD8,
  0x1E, 0x23, 0xE0, 0xD4, 0x07, 0xFF, 0xFB, 0x0E, 0x03, 0x2E, 0x0D, 0x50, 0x6F, 0xFF, 0x90, 0xD0,
  0x33, 0x0C, 0xD0, 0xD6, 0x03, 0x0C, 0xFF, 0xC0, 0xE0, 0x85, 0x09, 0xD0, 0xD7, 0x10, 0x40, 0xBF,
  0xF8, 0x1D, 0x71, 0x60, 0x7D, 0x0D, 0x73, 0x84, 0x15, 0x8B, 0xDE, 0xA8, 0x4E, 0xEC, 0x96, 0x27,
  0x72,
  // "û" (U+00FB), RLE, 881 bytes saved (65.7%)
  0x77, 0x20, 0x4F, 0x0E, 0x01, 0x77, 0x77, 0x20, 0xDF, 0x90, 0xA7, 0x77, 0x71, 0x09, 0xFB, 0x05,
  0x77, 0x76, 0x05, 0xFC, 0x0E, 0x02, 0x77, 0x74, 0x02, 0x0E, 0xFD, 0x0C, 0x77, 0x73, 0x01, 0x0D,
  0xFF, 0x0B, 0x77, 0x72, 0x0C, 0xF0, 0x70, 0xBF, 0x08, 0x77, 0x70, 0x9F, 0x06, 0x20, 0xBF, 0x06,
  0x77, 0x50, 0x7F, 0x05, 0x40, 0xBF, 0x04, 0x77, 0x30, 0x5E, 0x0E, 0x04, 0x60, 0x9E, 0x0E, 0x03,
  0x77, 0x10, 0x4E, 0x0E, 0x03, 0x71, 0x07, 0xE0, 0xE0, 0x27, 0x60, 0x30, 0xED, 0x0C, 0x01, 0x73,
  0x05, 0x0E, 0xD0, 0xD0, 0x27, 0x40, 0x20, 0xED, 0x09, 0x76, 0x02, 0x0C, 0xD0, 0xD0, 0x17, 0x30,
  0x8C, 0x0E, 0x05, 0x77, 0x20, 0x8D, 0x07, 0x80, 0xBE, 0x00, 0x03, 0xF0, 0x77, 0x77, 0x20, 0xBE,
  0x0D, 0x03, 0xF0, 0x77, 0x77, 0x20, 0xBE, 0x0D, 0x03, 0xF0, 0x77, 0x77, 0x20, 0xBE, 0x0D, 0x03,
  0xF0, 0x77, 0x77, 0x20, 0xBE, 0x0D, 0x03, 0xF0, 0x77, 0x77, 0x20, 0xBE, 0x0D, 0x03, 0xF0, 0x77,
  0x77, 0x20, 0xBE, 0x0D, 0x03, 0xF0, 0x77, 0x77, 0x20, 0xBE, 0x0D, 0x03, 0xF0, 0x77, 0x77, 0x20,
  0xBE, 0x0D, 0x03, 0xF0, 0x77, 0x77, 0x20, 0xBE, 0x0D, 0x03, 0xF0, 0x77, 0x77, 0x20, 0xBE, 0x0D,
  0x03, 0xF0, 0x77, 0x77, 0x20, 0xBE, 0x0D, 0x03, 0xF0, 0x77, 0x77, 0x20, 0xBE, 0x0D, 0x03, 0xF0,
  0x77, 0x77, 0x20, 0xBE, 0x0D, 0x03, 0xF0, 0x77, 0x77, 0x20, 0xBE, 0x0D, 0x03, 0xF0, 0x77, 0x77,
  0x20, 0xBE, 0x0D, 0x03, 0xF0, 0x77, 0x77, 0x20, 0xBE, 0x0D, 0x03, 0xF0, 0x77, 0x77, 0x20, 0xBE,
  0x0D, 0x03, 0xF0, 0x77, 0x77, 0x20, 0xBE, 0x0D, 0x03, 0xF0, 0x77, 0x77, 0x20, 0xBE, 0x0D, 0x03,
  0xF0, 0x77, 0x77, 0x20, 0xBE, 0x0D, 0x03, 0xF0, 0x77, 0x77, 0x20, 0xBE, 0x0D, 0x03, 0xF0, 0x77,
  0x77, 0x20, 0xBE, 0x0D, 0x03, 0xF0, 0x77, 0x77, 0x20, 0xBE, 0x0D, 0x03, 0xF0, 0x77, 0x77, 0x20,
  0xBE, 0x0D, 0x03, 0xF0, 0x77, 0x77, 0x20, 0xBE, 0x0D, 0x03, 0xF0, 0x77, 0x77, 0x20, 0xCE, 0x0D,
  0x03, 0xF0, 0x77, 0x77, 0x20, 0xDE, 0x0D, 0x03, 0xF0, 0x77, 0x77, 0x20, 0xEE, 0x0D, 0x03, 0xF0,
  0x77, 0x77, 0x2F, 0x0D, 0x03, 0xF0, 0x77, 0x77, 0x10, 0x3F, 0x0D, 0x03, 0xF0, 0x77, 0x77, 0x10,
  0x5F, 0x0D, 0x02, 0xF0, 0x87, 0x77, 0x10, 0x9F, 0x0D, 0x01, 0xF0, 0xA7, 0x77, 0x10, 0xEF, 0x0D,
  0x1F, 0x0D, 0x77, 0x70, 0x3F, 0x98, 0x1D, 0x0E, 0xF0, 0x17, 0x76, 0x0A, 0xF9, 0x81, 0xD0, 0xBF,
  0x07, 0x77, 0x50, 0x3F, 0xA8, 0x1D, 0x07, 0xF0, 0xE0, 0x17, 0x74, 0x0B, 0xFA, 0x81, 0xD0, 0x3F,
  0x90, 0xA7, 0x73, 0x09, 0xFB, 0x0D, 0x20, 0xDF, 0x90, 0x97, 0x70, 0x10, 0xAF, 0xC0, 0xD2, 0x07,
  0xFA, 0x0C, 0x04, 0x73, 0x81, 0x28, 0xEF, 0xD0, 0xD3, 0x0D, 0xFB, 0x89, 0x0D, 0xA6, 0x54, 0x45,
  0x79, 0xCF, 0x0C, 0x06, 0xE0, 0xD3, 0x04, 0xFF, 0xFD, 0x81, 0xE2, 0x3E, 0x0D, 0x40, 0x7F, 0xFF,
  0xB0, 0xE0, 0x32, 0xE0, 0xD5, 0x06, 0xFF, 0xF9, 0x0D, 0x03, 0x30, 0xCD, 0x0D, 0x60, 0x30, 0xCF,
  0xFC, 0x0E, 0x08, 0x50, 0x9D, 0x0D, 0x71, 0x04, 0x0B, 0xFF, 0x81, 0xD7, 0x16, 0x07, 0xD0, 0xD7,
  0x38, 0x41, 0x58, 0xBD, 0xEA, 0x84, 0xEE, 0xC9, 0x62, 0x77, 0x20,
  // "ü" (U+00FC), RLE, 847 bytes saved (66.2%)
  0x73, 0x84, 0x4B, 0xFE, 0xA2, 0x73, 0x84, 0x3B, 0xEE, 0xA2, 0x77, 0x30, 0x5D, 0x0E, 0x01, 0x71,
  0x03, 0xD0, 0xE0, 0x27, 0x72, 0x0D, 0xE0, 0x97, 0x10, 0xBE, 0x0A, 0x77, 0x10, 0x1F, 0x0C, 0x71,
  0x0E, 0xE0, 0xE7, 0x71, 0x02, 0xF0, 0xD7, 0x1F, 0x0E, 0x77, 0x10, 0x1F, 0x0C, 0x71, 0x0E, 0xE0,
  0xD7, 0x72, 0x0D, 0xE0, 0x87, 0x10, 0xAE, 0x09, 0x77, 0x20, 0x4D, 0x0D, 0x01, 0x71, 0x02, 0x0E,
  0xC0, 0xE0, 0x27, 0x73, 0x84, 0x3B, 0xFE, 0x91, 0x73, 0x84, 0x3B, 0xEE, 0xA2, 0x80, 0xD8, 0x40,
  0x03, 0xF0, 0x77, 0x77, 0x20, 0xBE, 0x0D, 0x03, 0xF0, 0x77, 0x77, 0x20, 0xBE, 0x0D, 0x03, 0xF0,
  0x77, 0x77, 0x20, 0xBE, 0x0D, 0x03, 0xF0, 0x77, 0x77, 0x20, 0xBE, 0x0D, 0x03, 0xF0, 0x77, 0x77,
  0x20, 0xBE, 0x0D, 0x03, 0xF0, 0x77, 0x77, 0x20, 0xBE, 0x0D, 0x03, 0xF0, 0x77, 0x77, 0x20, 0xBE,
  0x0D, 0x03, 0xF0, 0x77, 0x77, 0x20, 0xBE, 0x0D, 0x03, 0xF0, 0x77, 0x77, 0x20, 0xBE, 0x0D, 0x03,
  0xF0, 0x77, 0x77, 0x20, 0xBE, 0x0D, 0x03, 0xF0, 0x77, 0x77, 0x20, 0xBE, 0x0D, 0x03, 0xF0, 0x77,
  0x77, 0x20, 0xBE, 0x0D, 0x03, 0xF0, 0x77, 0x77, 0x20, 0xBE, 0x0D, 0x03, 0xF0, 0x77, 0x77, 0x20,
  0xBE, 0x0D, 0x03, 0xF0, 0x77, 0x77, 0x20, 0xBE, 0x0D, 0x03, 0xF0, 0x77, 0x77, 0x20, 0xBE, 0x0D,
  0x03, 0xF0, 0x77, 0x77, 0x20, 0xBE, 0x0D, 0x03, 0xF0, 0x77, 0x77, 0x20, 0xBE, 0x0D, 0x03, 0xF0,
  0x77, 0x77, 0x20, 0xBE, 0x0D, 0x03, 0xF0, 0x77, 0x77, 0x20, 0xBE, 0x0D, 0x03, 0xF0, 0x77, 0x77,
  0x20, 0xBE, 0x0D, 0x03, 0xF0, 0x77, 0x77, 0x20, 0xBE, 0x0D, 0x03, 0xF0, 0x77, 0x77, 0x20, 0xBE,
  0x0D, 0x03, 0xF0, 0x77, 0x77, 0x20, 0xBE, 0x0D, 0x03, 0xF0, 0x77, 0x77, 0x20, 0xBE, 0x0D, 0x03,
  0xF0, 0x77, 0x77, 0x20, 0xCE, 0x0D, 0x03, 0xF0, 0x77, 0x77, 0x20, 0xDE, 0x0D, 0x03, 0xF0, 0x77,
  0x77, 0x20, 0xEE, 0x0D, 0x03, 0xF0, 0x77, 0x77, 0x2F, 0x0D, 0x03, 0xF0, 0x77, 0x77, 0x10, 0x3F,
  0x0D, 0x03, 0xF0, 0x77, 0x77, 0x10, 0x5F, 0x0D, 0x02, 0xF0, 0x87, 0x77, 0x10, 0x9F, 0x0D, 0x01,
  0xF0, 0xA7, 0x77, 0x10, 0xEF, 0x0D, 0x1F, 0x0D, 0x77, 0x70, 0x3F, 0x98, 0x1D, 0x0E, 0xF0, 0x17,
  0x76, 0x0A, 0xF9, 0x81, 0xD0, 0xBF, 0x07, 0x77, 0x50, 0x3F, 0xA8, 0x1D, 0x07, 0xF0, 0xE0, 0x17,
  0x74, 0x0B, 0xFA, 0x81, 0xD0, 0x3F, 0x90, 0xA7, 0x73, 0x09, 0xFB, 0x0D, 0x20, 0xDF, 0x90, 0x97,
  0x70, 0x10, 0xAF, 0xC0, 0xD2, 0x07, 0xFA, 0x0C, 0x04, 0x73, 0x81, 0x28, 0xEF, 0xD0, 0xD3, 0x0D,
  0xFB, 0x89, 0x0D, 0xA6, 0x54, 0x45, 0x79, 0xCF, 0x0C, 0x06, 0xE0, 0xD3, 0x04, 0xFF, 0xFD, 0x81,
  0xE2, 0x3E, 0x0D, 0x40, 0x7F, 0xFF, 0xB0, 0xE0, 0x32, 0xE0, 0xD5, 0x06, 0xFF, 0xF9, 0x0D, 0x03,
  0x30, 0xCD, 0x0D, 0x60, 0x30, 0xCF, 0xFC, 0x0E, 0x08, 0x50, 0x9D, 0x0D, 0x71, 0x04, 0x0B, 0xFF,
  0x81, 0xD7, 0x16, 0x07, 0xD0, 0xD7, 0x38, 0x41, 0x58, 0xBD, 0xEA, 0x84, 0xEE, 0xC9, 0x62, 0x77,
  0x20,
  // "ý" (U+00FD), RLE, 1390 bytes saved (72.6%)
  0x77, 0x73, 0x0A, 0xF9, 0x0B, 0x77, 0x77, 0x50, 0x3F, 0xA0, 0x47, 0x77, 0x75, 0x0B, 0xF9, 0x08,
  0x77, 0x77, 0x50, 0x5F, 0x90, 0xB7, 0x77, 0x76, 0x0D, 0xF0, 0xD0, 0x17, 0x77, 0x75, 0x08, 0xF0,
  0xE0, 0x27, 0x77, 0x75, 0x03, 0xF0, 0xE0, 0x37, 0x77, 0x76, 0x0C, 0xF0, 0x47, 0x77, 0x76, 0x06,
  0xF0, 0x57, 0x77, 0x76, 0x02, 0x0E, 0xE0, 0x57, 0x77, 0x77, 0x0B, 0xE0, 0x57, 0x77, 0x77, 0x07,
  0xE0, 0x57, 0x77, 0x77, 0x03, 0xD0, 0xE0, 0x48, 0x0C, 0x00, 0x08, 0xC0, 0xD0, 0x28, 0x0C, 0xB1,
  0x00, 0xBF, 0x05, 0x77, 0x75, 0x07, 0xF0, 0xA0, 0x4F, 0x0B, 0x77, 0x75, 0x0D, 0xF8, 0x14, 0x0D,
  0xF0, 0x17, 0x77, 0x30, 0x3F, 0x0D, 0x20, 0x7F, 0x07, 0x77, 0x73, 0x08, 0xF0, 0x82, 0x01, 0xF0,
  0xD7, 0x77, 0x30, 0xEF, 0x02, 0x30, 0xBF, 0x03, 0x77, 0x71, 0x04, 0xF0, 0xC4, 0x04, 0xF0, 0x97,
  0x77, 0x10, 0x9F, 0x06, 0x50, 0xDE, 0x0E, 0x77, 0x71, 0x0E, 0xF0, 0x15, 0x07, 0xF0, 0x57, 0x76,
  0x05, 0xF0, 0xA6, 0x01, 0xF0, 0xB7, 0x76, 0x0A, 0xF0, 0x47, 0x0B, 0xF0, 0x27, 0x74, 0x01, 0xF0,
  0xD7, 0x10, 0x4F, 0x08, 0x77, 0x40, 0x6F, 0x08, 0x72, 0x0D, 0xE0, 0xD7, 0x74, 0x0C, 0xF0, 0x27,
  0x20, 0x7F, 0x04, 0x77, 0x20, 0x2F, 0x0B, 0x73, 0x01, 0xF0, 0xA7, 0x72, 0x07, 0xF0, 0x67, 0x40,
  0xBF, 0x01, 0x77, 0x10, 0xDE, 0x0E, 0x75, 0x04, 0xF0, 0x67, 0x70, 0x3F, 0x09, 0x76, 0x0D, 0xE0,
  0xC7, 0x70, 0x8F, 0x04, 0x76, 0x08, 0xF0, 0x27, 0x60, 0xEE, 0x0D, 0x77, 0x01, 0xF0, 0x87, 0x50,
  0x4F, 0x07, 0x77, 0x10, 0xBE, 0x0E, 0x75, 0x09, 0xF0, 0x27, 0x71, 0x04, 0xF0, 0x47, 0x40, 0xEE,
  0x0B, 0x77, 0x30, 0xDE, 0x0A, 0x73, 0x05, 0xF0, 0x57, 0x73, 0x08, 0xF0, 0x17, 0x20, 0xAE, 0x0E,
  0x77, 0x40, 0x1F, 0x06, 0x71, 0x01, 0xF0, 0x97, 0x75, 0x0B, 0xE0, 0xC7, 0x10, 0x6F, 0x03, 0x77,
  0x50, 0x4F, 0x02, 0x70, 0xBE, 0x0D, 0x77, 0x70, 0xDE, 0x08, 0x60, 0x1F, 0x07, 0x77, 0x70, 0x8E,
  0x0E, 0x60, 0x6F, 0x01, 0x77, 0x70, 0x1F, 0x04, 0x50, 0xBE, 0x0B, 0x77, 0x72, 0x0B, 0xE0, 0x94,
  0x01, 0xF0, 0x57, 0x77, 0x20, 0x5E, 0x0E, 0x40, 0x6E, 0x0E, 0x77, 0x74, 0x0E, 0xE0, 0x43, 0x0B,
  0xE0, 0x97, 0x77, 0x40, 0x8E, 0x09, 0x20, 0x1F, 0x03, 0x77, 0x74, 0x01, 0xE0, 0xE2, 0x05, 0xE0,
  0xD7, 0x77, 0x60, 0xBE, 0x81, 0x30, 0xAE, 0x07, 0x77, 0x76, 0x05, 0xE8, 0x17, 0x0E, 0xE0, 0x17,
  0x77, 0x70, 0xED, 0x0A, 0x04, 0xE0, 0xB7, 0x77, 0x71, 0x08, 0xD0, 0xE0, 0x8E, 0x05, 0x77, 0x77,
  0x10, 0x2F, 0xD0, 0xE7, 0x77, 0x73, 0x0B, 0xFC, 0x09, 0x77, 0x77, 0x30, 0x5F, 0xC0, 0x37, 0x77,
  0x74, 0x0E, 0xFA, 0x0C, 0x77, 0x77, 0x50, 0x8F, 0xA0, 0x77, 0x77, 0x75, 0x02, 0xFA, 0x01, 0x77,
  0x77, 0x60, 0xBF, 0x0A, 0x77, 0x77, 0x70, 0x6F, 0x05, 0x77, 0x77, 0x70, 0xBE, 0x0E, 0x77, 0x77,
  0x70, 0x2F, 0x08, 0x77, 0x77, 0x70, 0x8F, 0x03, 0x77, 0x77, 0x70, 0xEE, 0x0C, 0x77, 0x77, 0x70,
  0x5F, 0x06, 0x77, 0x77, 0x70, 0xBF, 0x01, 0x77, 0x77, 0x60, 0x2F, 0x0A, 0x77, 0x77, 0x70, 0x9F,
  0x03, 0x77, 0x77, 0x60, 0x2F, 0x0C, 0x77, 0x77, 0x70, 0xCF, 0x05, 0x77, 0x77, 0x60, 0x9F, 0x0C,
  0x77, 0x77, 0x60, 0x9F, 0x90, 0x47, 0x77, 0x74, 0x03, 0x0C, 0xF9, 0x09, 0x77, 0x73, 0x87, 0xA8,
  0x65, 0x44, 0x68, 0xCF, 0xA0, 0xD7, 0x77, 0x4F, 0xFB, 0x0E, 0x03, 0x77, 0x74, 0xFF, 0xB0, 0x47,
  0x77, 0x5F, 0xF9, 0x0E, 0x05, 0x77, 0x76, 0xFF, 0x0D, 0x02, 0x77, 0x77, 0xFD, 0x0D, 0x06, 0x77,
  0x77, 0x28, 0x36, 0x9C, 0xDE, 0xA8, 0x3E, 0xCB, 0x73, 0x77, 0x77, 0x30,
  // "þ" (U+00FE), RLE, 1221 bytes saved (67.6%)
  0x0A, 0xE0, 0xD7, 0x77, 0x76, 0x0A, 0xE0, 0xD7, 0x77, 0x76, 0x0A, 0xE0, 0xD7, 0x77, 0x76, 0x0A,
  0xE0, 0xD7, 0x77, 0x76, 0x0A, 0xE0, 0xD7, 0x77, 0x76, 0x0A, 0xE0, 0xD7, 0x77, 0x76, 0x0A, 0xE0,
  0xD7, 0x77, 0x76, 0x0A, 0xE0, 0xD7, 0x77, 0x76, 0x0A, 0xE0, 0xD7, 0x77, 0x76, 0x0A, 0xE0, 0xD7,
  0x77, 0x76, 0x0A, 0xE0, 0xD7, 0x77, 0x76, 0x0A, 0xE0, 0xD7, 0x77, 0x76, 0x0A, 0xE0, 0xD7, 0x77,
  0x76, 0x0A, 0xE0, 0xD7, 0x77, 0x76, 0x0A, 0xE0, 0xD7, 0x77, 0x76, 0x0A, 0xE0, 0xD7, 0x77, 0x76,
  0x0A, 0xE0, 0xD7, 0x77, 0x76, 0x0A, 0xE0, 0xD7, 0x77, 0x76, 0x0A, 0xE0, 0xD7, 0x18, 0x92, 0x37,
  0xAD, 0xEE, 0xFE, 0xDB, 0x84, 0x77, 0x0A, 0xE0, 0xD6, 0x07, 0x0D, 0xFD, 0x81, 0xEA, 0x37, 0x40,
  0xAE, 0x0D, 0x40, 0x40, 0xDF, 0xFB, 0x0A, 0x01, 0x72, 0x0A, 0xE0, 0xC3, 0x08, 0xFF, 0xE0, 0xE0,
  0x47, 0x10, 0xAE, 0x0B, 0x20, 0xAF, 0xFF, 0xA0, 0x67, 0x0A, 0xE8, 0x1B, 0x0A, 0xFF, 0xFC, 0x06,
  0x60, 0xAE, 0x0A, 0x07, 0xF8, 0x90, 0xC8, 0x65, 0x44, 0x57, 0xBE, 0xFB, 0x04, 0x50, 0xAE, 0x0E,
  0xD8, 0x1E, 0x71, 0x73, 0x06, 0x0D, 0xF9, 0x0E, 0x01, 0x40, 0xAF, 0xC0, 0xA0, 0x17, 0x70, 0xAF,
  0x90, 0xA4, 0x0A, 0xFB, 0x09, 0x77, 0x30, 0x9F, 0x90, 0x33, 0x0A, 0xFA, 0x0C, 0x77, 0x50, 0xCF,
  0x0B, 0x30, 0xAF, 0xA0, 0x47, 0x75, 0x03, 0xF9, 0x02, 0x20, 0xAF, 0x90, 0xB7, 0x77, 0x0A, 0xF0,
  0x72, 0x0A, 0xF9, 0x05, 0x77, 0x70, 0x3F, 0x0C, 0x20, 0xAF, 0x0E, 0x77, 0x72, 0x0D, 0xF8, 0x11,
  0x0A, 0xF0, 0xA7, 0x77, 0x20, 0x9F, 0x81, 0x50, 0xAF, 0x07, 0x77, 0x72, 0x05, 0xF8, 0x18, 0x0A,
  0xF0, 0x47, 0x77, 0x20, 0x2F, 0x81, 0xA0, 0xAF, 0x02, 0x77, 0x73, 0xF8, 0x1C, 0x0A, 0xF7, 0x77,
  0x40, 0xDE, 0x81, 0xE0, 0xAF, 0x77, 0x74, 0x0C, 0xF1, 0x0A, 0xE0, 0xE7, 0x77, 0x40, 0xBF, 0x01,
  0x0A, 0xE0, 0xD7, 0x77, 0x40, 0xAF, 0x01, 0x0A, 0xE0, 0xD7, 0x77, 0x40, 0xAF, 0x02, 0x0A, 0xE0,
  0xD7, 0x77, 0x40, 0xBF, 0x02, 0x0A, 0xE0, 0xE7, 0x77, 0x40, 0xBF, 0x01, 0x0A, 0xF7, 0x77, 0x40,
  0xCF, 0x01, 0x0A, 0xF7, 0x77, 0x40, 0xDF, 0x10, 0xAF, 0x02, 0x77, 0x73, 0x0E, 0xE8, 0x1E, 0x0A,
  0xF0, 0x47, 0x77, 0x20, 0x1F, 0x81, 0xC0, 0xAF, 0x06, 0x77, 0x72, 0x04, 0xF8, 0x1A, 0x0A, 0xF0,
  0x97, 0x77, 0x20, 0x6F, 0x81, 0x70, 0xAF, 0x0D, 0x77, 0x72, 0x0B, 0xF8, 0x14, 0x0A, 0xF9, 0x02,
  0x77, 0x71, 0xF9, 0x20, 0xAF, 0x90, 0x77, 0x77, 0x05, 0xF0, 0xC2, 0x0A, 0xF9, 0x0D, 0x77, 0x70,
  0xCF, 0x07, 0x20, 0xAF, 0xA0, 0x67, 0x75, 0x05, 0xF9, 0x01, 0x20, 0xAF, 0xA0, 0xD0, 0x17, 0x73,
  0x01, 0x0D, 0xF0, 0xA3, 0x0A, 0xFB, 0x0B, 0x77, 0x30, 0xBF, 0x90, 0x33, 0x0A, 0xFC, 0x0B, 0x01,
  0x76, 0x01, 0x0B, 0xF9, 0x09, 0x40, 0xAF, 0xD8, 0x1E, 0x82, 0x73, 0x06, 0x0E, 0xF9, 0x0D, 0x01,
  0x40, 0xAE, 0x09, 0x0D, 0xF8, 0x90, 0xC9, 0x65, 0x44, 0x57, 0xAE, 0xFB, 0x03, 0x50, 0xAE, 0x81,
  0x72, 0xEF, 0xFF, 0xC0, 0x56, 0x0A, 0xE8, 0x29, 0x02, 0xEF, 0xFF, 0xA0, 0x57, 0x0A, 0xE0, 0xA2,
  0x01, 0x0C, 0xFF, 0xE0, 0xE0, 0x47, 0x10, 0xAE, 0x0B, 0x40, 0x7F, 0xFC, 0x09, 0x01, 0x72, 0x0A,
  0xE0, 0xC5, 0x81, 0x18, 0xEF, 0xD8, 0x1E, 0x92, 0x74, 0x0A, 0xE0, 0xD7, 0x18, 0x34, 0x8A, 0xDE,
  0xA8, 0x3E, 0xDB, 0x84, 0x77, 0x0A, 0xE0, 0xD7, 0x77, 0x76, 0x0A, 0xE0, 0xD7, 0x77, 0x76, 0x0A,
  0xE0, 0xD7, 0x77, 0x76, 0x0A, 0xE0, 0xD7, 0x77, 0x76, 0x0A, 0xE0, 0xD7, 0x77, 0x76, 0x0A, 0xE0,
  0xD7, 0x77, 0x76, 0x0A, 0xE0, 0xD7, 0x77, 0x76, 0x0A, 0xE0, 0xD7, 0x77, 0x76, 0x0A, 0xE0, 0xD7,
  0x77, 0x76, 0x0A, 0xE0, 0xD7, 0x77, 0x76, 0x0A, 0xE0, 0xD7, 0x77, 0x76, 0x0A, 0xE0, 0xD7, 0x77,
  0x76, 0x0A, 0xE0, 0xD7, 0x77, 0x76, 0x0A, 0xE0, 0xD7, 0x77, 0x76, 0x0A, 0xE0, 0xD7, 0x77, 0x76,
  0x0A, 0xE0, 0xD7, 0x77, 0x76, 0x0A, 0xE0, 0xD7, 0x77, 0x76, 0x0A, 0xE0, 0xD7, 0x77, 0x76, 0x0A,
  0xE0, 0xD7, 0x77, 0x76, 0x0A, 0xE0, 0xD7, 0x77, 0x76,
  // "ÿ" (U+00FF), RLE, 1325 bytes saved (71.7%)
  0x74, 0x84, 0x4B, 0xFE, 0xA2, 0x73, 0x84, 0x3B, 0xEE, 0xA2, 0x77, 0x70, 0x5D, 0x0E, 0x01, 0x71,
  0x03, 0xD0, 0xE0, 0x27, 0x76, 0x0D, 0xE0, 0x97, 0x10, 0xBE, 0x0A, 0x77, 0x50, 0x1F, 0x0C, 0x71,
  0x0E, 0xE0, 0xE7, 0x75, 0x02, 0xF0, 0xD7, 0x1F, 0x0E, 0x77, 0x50, 0x1F, 0x0C, 0x71, 0x0E, 0xE0,
  0xD7, 0x76, 0x0D, 0xE0, 0x87, 0x10, 0xAE, 0x09, 0x77, 0x60, 0x4D, 0x0D, 0x01, 0x71, 0x02, 0x0E,
  0xC0, 0xE0, 0x27, 0x77, 0x84, 0x3B, 0xFE, 0x91, 0x73, 0x84, 0x3B, 0xEE, 0xA2, 0x80, 0xDC, 0x70,
  0x0B, 0xF0, 0x57, 0x77, 0x50, 0x7F, 0x0A, 0x04, 0xF0, 0xB7, 0x77, 0x50, 0xDF, 0x81, 0x40, 0xDF,
  0x01, 0x77, 0x73, 0x03, 0xF0, 0xD2, 0x07, 0xF0, 0x77, 0x77, 0x30, 0x8F, 0x08, 0x20, 0x1F, 0x0D,
  0x77, 0x73, 0x0E, 0xF0, 0x23, 0x0B, 0xF0, 0x37, 0x77, 0x10, 0x4F, 0x0C, 0x40, 0x4F, 0x09, 0x77,
  0x71, 0x09, 0xF0, 0x65, 0x0D, 0xE0, 0xE7, 0x77, 0x10, 0xEF, 0x01, 0x50, 0x7F, 0x05, 0x77, 0x60,
  0x5F, 0x0A, 0x60, 0x1F, 0x0B, 0x77, 0x60, 0xAF, 0x04, 0x70, 0xBF, 0x02, 0x77, 0x40, 0x1F, 0x0D,
  0x71, 0x04, 0xF0, 0x87, 0x74, 0x06, 0xF0, 0x87, 0x20, 0xDE, 0x0D, 0x77, 0x40, 0xCF, 0x02, 0x72,
  0x07, 0xF0, 0x47, 0x72, 0x02, 0xF0, 0xB7, 0x30, 0x1F, 0x0A, 0x77, 0x20, 0x7F, 0x06, 0x74, 0x0B,
  0xF0, 0x17, 0x71, 0x0D, 0xE0, 0xE7, 0x50, 0x4F, 0x06, 0x77, 0x03, 0xF0, 0x97, 0x60, 0xDE, 0x0C,
  0x77, 0x08, 0xF0, 0x47, 0x60, 0x8F, 0x02, 0x76, 0x0E, 0xE0, 0xD7, 0x70, 0x1F, 0x08, 0x75, 0x04,
  0xF0, 0x77, 0x71, 0x0B, 0xE0, 0xE7, 0x50, 0x9F, 0x02, 0x77, 0x10, 0x4F, 0x04, 0x74, 0x0E, 0xE0,
  0xB7, 0x73, 0x0D, 0xE0, 0xA7, 0x30, 0x5F, 0x05, 0x77, 0x30, 0x8F, 0x01, 0x72, 0x0A, 0xE0, 0xE7,
  0x74, 0x01, 0xF0, 0x67, 0x10, 0x1F, 0x09, 0x77, 0x50, 0xBE, 0x0C, 0x71, 0x06, 0xF0, 0x37, 0x75,
  0x04, 0xF0, 0x27, 0x0B, 0xE0, 0xD7, 0x77, 0x0D, 0xE0, 0x86, 0x01, 0xF0, 0x77, 0x77, 0x08, 0xE0,
  0xE6, 0x06, 0xF0, 0x17, 0x77, 0x01, 0xF0, 0x45, 0x0B, 0xE0, 0xB7, 0x77, 0x20, 0xBE, 0x09, 0x40,
  0x1F, 0x05, 0x77, 0x72, 0x05, 0xE0, 0xE4, 0x06, 0xE0, 0xE7, 0x77, 0x40, 0xEE, 0x04, 0x30, 0xBE,
  0x09, 0x77, 0x74, 0x08, 0xE0, 0x92, 0x01, 0xF0, 0x37, 0x77, 0x40, 0x1E, 0x0E, 0x20, 0x5E, 0x0D,
  0x77, 0x76, 0x0B, 0xE8, 0x13, 0x0A, 0xE0, 0x77, 0x77, 0x60, 0x5E, 0x81, 0x70, 0xEE, 0x01, 0x77,
  0x77, 0x0E, 0xD0, 0xA0, 0x4E, 0x0B, 0x77, 0x77, 0x10, 0x8D, 0x0E, 0x08, 0xE0, 0x57, 0x77, 0x71,
  0x02, 0xFD, 0x0E, 0x77, 0x77, 0x30, 0xBF, 0xC0, 0x97, 0x77, 0x73, 0x05, 0xFC, 0x03, 0x77, 0x77,
  0x40, 0xEF, 0xA0, 0xC7, 0x77, 0x75, 0x08, 0xFA, 0x07, 0x77, 0x77, 0x50, 0x2F, 0xA0, 0x17, 0x77,
  0x76, 0x0B, 0xF0, 0xA7, 0x77, 0x77, 0x06, 0xF0, 0x57, 0x77, 0x77, 0x0B, 0xE0, 0xE7, 0x77, 0x77,
  0x02, 0xF0, 0x87, 0x77, 0x77, 0x08, 0xF0, 0x37, 0x77, 0x77, 0x0E, 0xE0, 0xC7, 0x77, 0x77, 0x05,
  0xF0, 0x67, 0x77, 0x77, 0x0B, 0xF0, 0x17, 0x77, 0x76, 0x02, 0xF0, 0xA7, 0x77, 0x77, 0x09, 0xF0,
  0x37, 0x77, 0x76, 0x02, 0xF0, 0xC7, 0x77, 0x77, 0x0C, 0xF0, 0x57, 0x77, 0x76, 0x09, 0xF0, 0xC7,
  0x77, 0x76, 0x09, 0xF9, 0x04, 0x77, 0x77, 0x40, 0x30, 0xCF, 0x90, 0x97, 0x77, 0x38, 0x7A, 0x86,
  0x54, 0x46, 0x8C, 0xFA, 0x0D, 0x77, 0x74, 0xFF, 0xB0, 0xE0, 0x37, 0x77, 0x4F, 0xFB, 0x04, 0x77,
  0x75, 0xFF, 0x90, 0xE0, 0x57, 0x77, 0x6F, 0xF0, 0xD0, 0x27, 0x77, 0x7F, 0xD0, 0xD0, 0x67, 0x77,
  0x72, 0x83, 0x69, 0xCD, 0xEA, 0x83, 0xEC, 0xB7, 0x37, 0x77, 0x73,
  // "Ā" (U+0100), RLE, 1541 bytes saved (75.7%)
  0x77, 0x02, 0x80, 0xA5, 0x47, 0x77, 0x71, 0x08, 0xFF, 0xFC, 0x77, 0x77, 0x10, 0x8F, 0xFF, 0xC7,
  0x77, 0x71, 0x08, 0xFF, 0xFC, 0x77, 0x77, 0x10, 0x8F, 0xFF, 0xC7, 0x77, 0x71, 0x08, 0xFF, 0xFC,
  0x77, 0x77, 0x10, 0x8F, 0xFF, 0xC8, 0x0D, 0xD4, 0x00, 0x3F, 0x02, 0x80, 0xD2, 0x00, 0x9F, 0x08,
  0x80, 0xD2, 0x00, 0xEF, 0x0E, 0x80, 0xD1, 0x00, 0x5F, 0xA0, 0x58, 0x0D, 0x00, 0x0B, 0xFA, 0x0B,
  0x80, 0xC7, 0x00, 0x2F, 0xC0, 0x18, 0x0C, 0x60, 0x08, 0xFC, 0x07, 0x80, 0xC6, 0x00, 0xEF, 0xC0,
  0xD8, 0x0C, 0x50, 0x05, 0xE0, 0xDE, 0x04, 0x80, 0xC4, 0x00, 0xBE, 0x05, 0xE0, 0xA8, 0x0C, 0x30,
  0x02, 0xE8, 0x1B, 0x0E, 0xE0, 0x18, 0x0C, 0x20, 0x08, 0xE8, 0x17, 0x0A, 0xE0, 0x78, 0x0C, 0x20,
  0x0D, 0xE8, 0x13, 0x05, 0xE0, 0xD8, 0x0C, 0x10, 0x04, 0xE0, 0xE2, 0x01, 0xF0, 0x38, 0x0C, 0x00,
  0x0B, 0xE0, 0xA3, 0x0B, 0xE0, 0x97, 0x77, 0x77, 0x01, 0xF0, 0x53, 0x06, 0xE0, 0xE0, 0x17, 0x77,
  0x76, 0x07, 0xE0, 0xE4, 0x01, 0xF0, 0x67, 0x77, 0x76, 0x0D, 0xE0, 0xA5, 0x0A, 0xE0, 0xC7, 0x77,
  0x75, 0x04, 0xF0, 0x45, 0x05, 0xF0, 0x37, 0x77, 0x74, 0x0A, 0xE0, 0xD7, 0x0E, 0xE0, 0x97, 0x77,
  0x73, 0x01, 0xF0, 0x77, 0x09, 0xE0, 0xE7, 0x77, 0x73, 0x07, 0xF0, 0x27, 0x03, 0xF0, 0x57, 0x77,
  0x72, 0x0D, 0xE0, 0xB7, 0x20, 0xCE, 0x0C, 0x77, 0x77, 0x10, 0x3F, 0x05, 0x72, 0x06, 0xF0, 0x27,
  0x77, 0x70, 0x9E, 0x0E, 0x73, 0x01, 0xF0, 0x87, 0x77, 0x60, 0x1F, 0x09, 0x74, 0x0A, 0xE0, 0xE7,
  0x77, 0x60, 0x6F, 0x03, 0x74, 0x04, 0xF0, 0x57, 0x77, 0x50, 0xCE, 0x0D, 0x76, 0x0E, 0xE0, 0xB7,
  0x77, 0x40, 0x3F, 0x07, 0x76, 0x08, 0xF0, 0x27, 0x77, 0x30, 0x9F, 0x01, 0x76, 0x02, 0xF0, 0x87,
  0x77, 0x30, 0xEE, 0x0A, 0x77, 0x10, 0xCE, 0x0D, 0x77, 0x72, 0x06, 0xF0, 0x57, 0x71, 0x06, 0xF0,
  0x47, 0x77, 0x10, 0xCE, 0x0E, 0x77, 0x20, 0x1F, 0x0A, 0x77, 0x70, 0x2F, 0x08, 0x77, 0x30, 0xAF,
  0x01, 0x77, 0x60, 0x8F, 0x02, 0x77, 0x30, 0x4F, 0x07, 0x77, 0x60, 0xEE, 0x0D, 0x80, 0x97, 0x4F,
  0x0D, 0x77, 0x50, 0x5F, 0xFF, 0xFF, 0x04, 0x77, 0x40, 0xBF, 0xFF, 0xFF, 0x0A, 0x77, 0x30, 0x28,
  0x0C, 0x1F, 0x01, 0x77, 0x20, 0x88, 0x0C, 0x1F, 0x06, 0x77, 0x20, 0xE8, 0x0C, 0x1F, 0x0C, 0x77,
  0x10, 0x58, 0x0C, 0x3F, 0x03, 0x77, 0x0B, 0xE0, 0xE7, 0x77, 0x30, 0x5F, 0x09, 0x76, 0x01, 0xF0,
  0x87, 0x77, 0x40, 0xEE, 0x0E, 0x76, 0x07, 0xF0, 0x27, 0x77, 0x40, 0x8F, 0x06, 0x75, 0x0D, 0xE0,
  0xC7, 0x77, 0x50, 0x2F, 0x0C, 0x74, 0x04, 0xF0, 0x67, 0x77, 0x60, 0xCF, 0x02, 0x73, 0x0A, 0xE0,
  0xE7, 0x77, 0x70, 0x6F, 0x09, 0x72, 0x01, 0xF0, 0x97, 0x77, 0x71, 0x0E, 0xE0, 0xE7, 0x20, 0x7F,
  0x03, 0x77, 0x77, 0x10, 0x9F, 0x05, 0x71, 0x0D, 0xE0, 0xD7, 0x77, 0x72, 0x03, 0xF0, 0xB7, 0x04,
  0xF0, 0x77, 0x77, 0x73, 0x0C, 0xF0, 0x26, 0x0A, 0xF0, 0x17, 0x77, 0x73, 0x06, 0xF0, 0x85, 0x01,
  0xF0, 0xB7, 0x77, 0x74, 0x01, 0xF0, 0xE5, 0x06, 0xF0, 0x57, 0x77, 0x75, 0x0A, 0xF0, 0x54, 0x0C,
  0xE0, 0xE7, 0x77, 0x76, 0x04, 0xF0, 0xB3, 0x03, 0xF0, 0x87, 0x77, 0x77, 0x0D, 0xF0, 0x12, 0x09,
  0xF0, 0x27, 0x77, 0x77, 0x07, 0xF0, 0x72, 0x0E, 0xE0, 0xC8, 0x0C, 0x00, 0x01, 0xF8, 0x1D, 0x06,
  0xF0, 0x68, 0x0C, 0x10, 0x0B, 0xF0, 0x40, 0xCE, 0x0E, 0x80, 0xC2, 0x00, 0x5F, 0x0A,
  // "ā" (U+0101), RLE, 758 bytes saved (66.5%)
  0x70, 0x28, 0x0A, 0x54, 0x75, 0x08, 0xFF, 0xFC, 0x75, 0x08, 0xFF, 0xFC, 0x75, 0x08, 0xFF, 0xFC,
  0x75, 0x08, 0xFF, 0xFC, 0x75, 0x08, 0xFF, 0xFC, 0x75, 0x08, 0xFF, 0xFC, 0x80, 0xB9, 0x40, 0x85,
  0x25, 0x8A, 0xCE, 0xEA, 0x84, 0xED, 0xC9, 0x73, 0x77, 0x68, 0x14, 0x9D, 0xFF, 0x98, 0x1E, 0x82,
  0x77, 0x81, 0x18, 0xDF, 0xFF, 0x08, 0x74, 0x02, 0x0A, 0xFF, 0xFC, 0x0C, 0x01, 0x72, 0x0C, 0xFF,
  0xFE, 0x0D, 0x01, 0x71, 0x06, 0xFF, 0xFF, 0x0B, 0x71, 0x01, 0xFA, 0x89, 0x0D, 0x97, 0x54, 0x45,
  0x7A, 0xEF, 0xB0, 0x57, 0x10, 0xAD, 0x81, 0xC6, 0x17, 0x30, 0x50, 0xDF, 0x90, 0xD7, 0x10, 0x3A,
  0x81, 0xE9, 0x37, 0x70, 0x10, 0xBF, 0x90, 0x37, 0x18, 0x1C, 0x81, 0x77, 0x30, 0x10, 0xDF, 0x08,
  0x77, 0x77, 0x10, 0x5F, 0x0C, 0x77, 0x77, 0x20, 0xDF, 0x77, 0x77, 0x20, 0x9F, 0x01, 0x77, 0x77,
  0x10, 0x6F, 0x03, 0x77, 0x77, 0x10, 0x4F, 0x03, 0x77, 0x77, 0x10, 0x3F, 0x04, 0x77, 0x77, 0x10,
  0x2F, 0x04, 0x77, 0x77, 0x10, 0x1F, 0x04, 0x77, 0x77, 0x10, 0x1F, 0x04, 0x77, 0x77, 0x10, 0x1F,
  0x04, 0x75, 0x86, 0x14, 0x79, 0xBC, 0xDE, 0xFF, 0xB0, 0x47, 0x28, 0x14, 0x9D, 0xFF, 0xFC, 0x04,
  0x70, 0x70, 0xDF, 0xFF, 0xF0, 0x45, 0x05, 0x0D, 0xFF, 0xFF, 0xA0, 0x44, 0x09, 0xFF, 0xFF, 0xC0,
  0x43, 0x0A, 0xFB, 0x85, 0xEA, 0x75, 0x31, 0x17, 0x10, 0x3F, 0x04, 0x20, 0x8F, 0xA0, 0x90, 0x37,
  0x71, 0x03, 0xF8, 0x14, 0x03, 0xF9, 0x0D, 0x02, 0x77, 0x30, 0x3F, 0x81, 0x40, 0xCF, 0x0C, 0x01,
  0x77, 0x40, 0x3F, 0x04, 0x03, 0xF9, 0x02, 0x77, 0x50, 0x3F, 0x04, 0x08, 0xF0, 0x87, 0x76, 0x05,
  0xF0, 0x40, 0xCF, 0x03, 0x77, 0x60, 0x6F, 0x04, 0x0E, 0xE0, 0xE7, 0x77, 0x08, 0xF0, 0x4F, 0x0D,
  0x77, 0x70, 0xDF, 0x04, 0xF0, 0xC7, 0x76, 0x02, 0xF9, 0x04, 0xF0, 0xD7, 0x76, 0x0A, 0xF9, 0x04,
  0x0E, 0xF0, 0x17, 0x74, 0x03, 0xFA, 0x04, 0x0C, 0xF0, 0x57, 0x73, 0x01, 0x0D, 0xFA, 0x04, 0x09,
  0xF0, 0xD7, 0x72, 0x02, 0x0D, 0xFB, 0x04, 0x05, 0xF9, 0x0A, 0x77, 0x06, 0x0E, 0xFC, 0x81, 0x40,
  0xEF, 0x90, 0xD0, 0x47, 0x28, 0x11, 0x7D, 0xD0, 0xD0, 0xCE, 0x81, 0x40, 0x8F, 0xB8, 0x7D, 0x96,
  0x54, 0x56, 0x9C, 0xF8, 0x1E, 0x27, 0xE0, 0x42, 0x0D, 0xFF, 0xFB, 0x82, 0xE3, 0x03, 0xE0, 0x42,
  0x03, 0x0E, 0xFF, 0xF9, 0x0E, 0x03, 0x3E, 0x04, 0x30, 0x30, 0xEF, 0xFE, 0x0D, 0x02, 0x40, 0xCD,
  0x04, 0x40, 0x10, 0x9F, 0xFC, 0x09, 0x01, 0x50, 0x8D, 0x04, 0x60, 0x30, 0xAF, 0xF0, 0xA0, 0x37,
  0x05, 0xD0, 0x47, 0x18, 0x94, 0x15, 0x8C, 0xDE, 0xFE, 0xED, 0xB8, 0x51, 0x77, 0x20,
  // "Ă" (U+0102), RLE, 1613 bytes saved (74.2%)
  0x77, 0x84, 0x47, 0x77, 0x71, 0x77, 0x28, 0x44, 0x77, 0x77, 0x17, 0x77, 0x60, 0x6C, 0x04, 0x77,
  0x20, 0xCC, 0x77, 0x77, 0x04, 0xC0, 0x97, 0x71, 0x02, 0xC0, 0xD7, 0x77, 0x70, 0x1D, 0x02, 0x77,
  0x0B, 0xC0, 0x97, 0x77, 0x71, 0x0B, 0xC0, 0xD0, 0x47, 0x40, 0x40, 0xCD, 0x03, 0x77, 0x77, 0x10,
  0x5E, 0x89, 0x1D, 0xA7, 0x54, 0x45, 0x67, 0xAE, 0xE0, 0xC7, 0x77, 0x73, 0x0C, 0xFF, 0xF9, 0x03,
  0x77, 0x77, 0x30, 0x30, 0xEF, 0xFE, 0x07, 0x77, 0x77, 0x50, 0x5F, 0xFD, 0x08, 0x77, 0x77, 0x70,
  0x40, 0xEF, 0xF9, 0x0E, 0x06, 0x80, 0xC1, 0x08, 0x11, 0x8E, 0xFC, 0x81, 0xE9, 0x28, 0x0C, 0x50,
  0x89, 0x25, 0x8B, 0xDE, 0xFE, 0xDC, 0x95, 0x18, 0x0D, 0xE2, 0x00, 0x3F, 0x02, 0x80, 0xD2, 0x00,
  0x9F, 0x08, 0x80, 0xD2, 0x00, 0xEF, 0x0E, 0x80, 0xD1, 0x00, 0x5F, 0xA0, 0x58, 0x0D, 0x00, 0x0B,
  0xFA, 0x0B, 0x80, 0xC7, 0x00, 0x2F, 0xC0, 0x18, 0x0C, 0x60, 0x08, 0xFC, 0x07, 0x80, 0xC6, 0x00,
  0xEF, 0xC0, 0xD8, 0x0C, 0x50, 0x05, 0xE0, 0xDE, 0x04, 0x80, 0xC4, 0x00, 0xBE, 0x05, 0xE0, 0xA8,
  0x0C, 0x30, 0x02, 0xE8, 0x1B, 0x0E, 0xE0, 0x18, 0x0C, 0x20, 0x08, 0xE8, 0x17, 0x0A, 0xE0, 0x78,
  0x0C, 0x20, 0x0D, 0xE8, 0x13, 0x05, 0xE0, 0xD8, 0x0C, 0x10, 0x04, 0xE0, 0xE2, 0x01, 0xF0, 0x38,
  0x0C, 0x00, 0x0B, 0xE0, 0xA3, 0x0B, 0xE0, 0x97, 0x77, 0x77, 0x01, 0xF0, 0x53, 0x06, 0xE0, 0xE0,
  0x17, 0x77, 0x76, 0x07, 0xE0, 0xE4, 0x01, 0xF0, 0x67, 0x77, 0x76, 0x0D, 0xE0, 0xA5, 0x0A, 0xE0,
  0xC7, 0x77, 0x75, 0x04, 0xF0, 0x45, 0x05, 0xF0, 0x37, 0x77, 0x74, 0x0A, 0xE0, 0xD7, 0x0E, 0xE0,
  0x97, 0x77, 0x73, 0x01, 0xF0, 0x77, 0x09, 0xE0, 0xE7, 0x77, 0x73, 0x07, 0xF0, 0x27, 0x03, 0xF0,
  0x57, 0x77, 0x72, 0x0D, 0xE0, 0xB7, 0x20, 0xCE, 0x0C, 0x77, 0x77, 0x10, 0x3F, 0x05, 0x72, 0x06,
  0xF0, 0x27, 0x77, 0x70, 0x9E, 0x0E, 0x73, 0x01, 0xF0, 0x87, 0x77, 0x60, 0x1F, 0x09, 0x74, 0x0A,
  0xE0, 0xE7, 0x77, 0x60, 0x6F, 0x03, 0x74, 0x04, 0xF0, 0x57, 0x77, 0x50, 0xCE, 0x0D, 0x76, 0x0E,
  0xE0, 0xB7, 0x77, 0x40, 0x3F, 0x07, 0x76, 0x08, 0xF0, 0x27, 0x77, 0x30, 0x9F, 0x01, 0x76, 0x02,
  0xF0, 0x87, 0x77, 0x30, 0xEE, 0x0A, 0x77, 0x10, 0xCE, 0x0D, 0x77, 0x72, 0x06, 0xF0, 0x57, 0x71,
  0x06, 0xF0, 0x47, 0x77, 0x10, 0xCE, 0x0E, 0x77, 0x20, 0x1F, 0x0A, 0x77, 0x70, 0x2F, 0x08, 0x77,
  0x30, 0xAF, 0x01, 0x77, 0x60, 0x8F, 0x02, 0x77, 0x30, 0x4F, 0x07, 0x77, 0x60, 0xEE, 0x0D, 0x80,
  0x97, 0x4F, 0x0D, 0x77, 0x50, 0x5F, 0xFF, 0xFF, 0x04, 0x77, 0x40, 0xBF, 0xFF, 0xFF, 0x0A, 0x77,
  0x30, 0x28, 0x0C, 0x1F, 0x01, 0x77, 0x20, 0x88, 0x0C, 0x1F, 0x06, 0x77, 0x20, 0xE8, 0x0C, 0x1F,
  0x0C, 0x77, 0x10, 0x58, 0x0C, 0x3F, 0x03, 0x77, 0x0B, 0xE0, 0xE7, 0x77, 0x30, 0x5F, 0x09, 0x76,
  0x01, 0xF0, 0x87, 0x77, 0x40, 0xEE, 0x0E, 0x76, 0x07, 0xF0, 0x27, 0x77, 0x40, 0x8F, 0x06, 0x75,
  0x0D, 0xE0, 0xC7, 0x77, 0x50, 0x2F, 0x0C, 0x74, 0x04, 0xF0, 0x67, 0x77, 0x60, 0xCF, 0x02, 0x73,
  0x0A, 0xE0, 0xE7, 0x77, 0x70, 0x6F, 0x09, 0x72, 0x01, 0xF0, 0x97, 0x77, 0x71, 0x0E, 0xE0, 0xE7,
  0x20, 0x7F, 0x03, 0x77, 0x77, 0x10, 0x9F, 0x05, 0x71, 0x0D, 0xE0, 0xD7, 0x77, 0x72, 0x03, 0xF0,
  0xB7, 0x04, 0xF0, 0x77, 0x77, 0x73, 0x0C, 0xF0, 0x26, 0x0A, 0xF0, 0x17, 0x77, 0x73, 0x06, 0xF0,
  0x85, 0x01, 0xF0, 0xB7, 0x77, 0x74, 0x01, 0xF0, 0xE5, 0x06, 0xF0, 0x57, 0x77, 0x75, 0x0A, 0xF0,
  0x54, 0x0C, 0xE0, 0xE7, 0x77, 0x76, 0x04, 0xF0, 0xB3, 0x03, 0xF0, 0x87, 0x77, 0x77, 0x0D, 0xF0,
  0x12, 0x09, 0xF0, 0x27, 0x77, 0x77, 0x07, 0xF0, 0x72, 0x0E, 0xE0, 0xC8, 0x0C, 0x00, 0x01, 0xF8,
  0x1D, 0x06, 0xF0, 0x68, 0x0C, 0x10, 0x0B, 0xF0, 0x40, 0xCE, 0x0E, 0x80, 0xC2, 0x00, 0x5F, 0x0A,
  // "ă" (U+0103), RLE, 791 bytes saved (64.0%)
  0x78, 0x44, 0x77, 0x77, 0x17, 0x72, 0x84, 0x47, 0x77, 0x71, 0x73, 0x06, 0xC0, 0x47, 0x72, 0x0C,
  0xC7, 0x40, 0x4C, 0x09, 0x77, 0x10, 0x2C, 0x0D, 0x74, 0x01, 0xD0, 0x27, 0x70, 0xBC, 0x09, 0x75,
  0x0B, 0xC0, 0xD0, 0x47, 0x40, 0x40, 0xCD, 0x03, 0x75, 0x05, 0xE8, 0x91, 0xDA, 0x75, 0x44, 0x56,
  0x7A, 0xEE, 0x0C, 0x77, 0x0C, 0xFF, 0xF9, 0x03, 0x77, 0x03, 0x0E, 0xFF, 0xE0, 0x77, 0x72, 0x05,
  0xFF, 0xD0, 0x87, 0x74, 0x04, 0x0E, 0xFF, 0x90, 0xE0, 0x67, 0x76, 0x81, 0x18, 0xEF, 0xC8, 0x1E,
  0x92, 0x77, 0x73, 0x89, 0x25, 0x8B, 0xDE, 0xFE, 0xDC, 0x95, 0x18, 0x0B, 0xA2, 0x08, 0x52, 0x58,
  0xAC, 0xEE, 0xA8, 0x4E, 0xDC, 0x97, 0x37, 0x76, 0x81, 0x49, 0xDF, 0xF9, 0x81, 0xE8, 0x27, 0x78,
  0x11, 0x8D, 0xFF, 0xF0, 0x87, 0x40, 0x20, 0xAF, 0xFF, 0xC0, 0xC0, 0x17, 0x20, 0xCF, 0xFF, 0xE0,
  0xD0, 0x17, 0x10, 0x6F, 0xFF, 0xF0, 0xB7, 0x10, 0x1F, 0xA8, 0x90, 0xD9, 0x75, 0x44, 0x57, 0xAE,
  0xFB, 0x05, 0x71, 0x0A, 0xD8, 0x1C, 0x61, 0x73, 0x05, 0x0D, 0xF9, 0x0D, 0x71, 0x03, 0xA8, 0x1E,
  0x93, 0x77, 0x01, 0x0B, 0xF9, 0x03, 0x71, 0x81, 0xC8, 0x17, 0x73, 0x01, 0x0D, 0xF0, 0x87, 0x77,
  0x71, 0x05, 0xF0, 0xC7, 0x77, 0x72, 0x0D, 0xF7, 0x77, 0x72, 0x09, 0xF0, 0x17, 0x77, 0x71, 0x06,
  0xF0, 0x37, 0x77, 0x71, 0x04, 0xF0, 0x37, 0x77, 0x71, 0x03, 0xF0, 0x47, 0x77, 0x71, 0x02, 0xF0,
  0x47, 0x77, 0x71, 0x01, 0xF0, 0x47, 0x77, 0x71, 0x01, 0xF0, 0x47, 0x77, 0x71, 0x01, 0xF0, 0x47,
  0x58, 0x61, 0x47, 0x9B, 0xCD, 0xEF, 0xFB, 0x04, 0x72, 0x81, 0x49, 0xDF, 0xFF, 0xC0, 0x47, 0x07,
  0x0D, 0xFF, 0xFF, 0x04, 0x50, 0x50, 0xDF, 0xFF, 0xFA, 0x04, 0x40, 0x9F, 0xFF, 0xFC, 0x04, 0x30,
  0xAF, 0xB8, 0x5E, 0xA7, 0x53, 0x11, 0x71, 0x03, 0xF0, 0x42, 0x08, 0xFA, 0x09, 0x03, 0x77, 0x10,
  0x3F, 0x81, 0x40, 0x3F, 0x90, 0xD0, 0x27, 0x73, 0x03, 0xF8, 0x14, 0x0C, 0xF0, 0xC0, 0x17, 0x74,
  0x03, 0xF0, 0x40, 0x3F, 0x90, 0x27, 0x75, 0x03, 0xF0, 0x40, 0x8F, 0x08, 0x77, 0x60, 0x5F, 0x04,
  0x0C, 0xF0, 0x37, 0x76, 0x06, 0xF0, 0x40, 0xEE, 0x0E, 0x77, 0x70, 0x8F, 0x04, 0xF0, 0xD7, 0x77,
  0x0D, 0xF0, 0x4F, 0x0C, 0x77, 0x60, 0x2F, 0x90, 0x4F, 0x0D, 0x77, 0x60, 0xAF, 0x90, 0x40, 0xEF,
  0x01, 0x77, 0x40, 0x3F, 0xA0, 0x40, 0xCF, 0x05, 0x77, 0x30, 0x10, 0xDF, 0xA0, 0x40, 0x9F, 0x0D,
  0x77, 0x20, 0x20, 0xDF, 0xB0, 0x40, 0x5F, 0x90, 0xA7, 0x70, 0x60, 0xEF, 0xC8, 0x14, 0x0E, 0xF9,
  0x0D, 0x04, 0x72, 0x81, 0x17, 0xDD, 0x0D, 0x0C, 0xE8, 0x14, 0x08, 0xFB, 0x87, 0xD9, 0x65, 0x45,
  0x69, 0xCF, 0x81, 0xE2, 0x7E, 0x04, 0x20, 0xDF, 0xFF, 0xB8, 0x2E, 0x30, 0x3E, 0x04, 0x20, 0x30,
  0xEF, 0xFF, 0x90, 0xE0, 0x33, 0xE0, 0x43, 0x03, 0x0E, 0xFF, 0xE0, 0xD0, 0x24, 0x0C, 0xD0, 0x44,
  0x01, 0x09, 0xFF, 0xC0, 0x90, 0x15, 0x08, 0xD0, 0x46, 0x03, 0x0A, 0xFF, 0x0A, 0x03, 0x70, 0x5D,
  0x04, 0x71, 0x89, 0x41, 0x58, 0xCD, 0xEF, 0xEE, 0xDB, 0x85, 0x17, 0x72,
  // "Ą" (U+0104), RLE, 1637 bytes saved (74.4%)
  0x77, 0x72, 0x03, 0xF0, 0x28, 0x0D, 0x20, 0x09, 0xF0, 0x88, 0x0D, 0x20, 0x0E, 0xF0, 0xE8, 0x0D,
  0x10, 0x05, 0xFA, 0x05, 0x80, 0xD0, 0x00, 0xBF, 0xA0, 0xB8, 0x0C, 0x70, 0x02, 0xFC, 0x01, 0x80,
  0xC6, 0x00, 0x8F, 0xC0, 0x78, 0x0C, 0x60, 0x0E, 0xFC, 0x0D, 0x80, 0xC5, 0x00, 0x5E, 0x0D, 0xE0,
  0x48, 0x0C, 0x40, 0x0B, 0xE0, 0x5E, 0x0A, 0x80, 0xC3, 0x00, 0x2E, 0x81, 0xB0, 0xEE, 0x01, 0x80,
  0xC2, 0x00, 0x8E, 0x81, 0x70, 0xAE, 0x07, 0x80, 0xC2, 0x00, 0xDE, 0x81, 0x30, 0x5E, 0x0D, 0x80,
  0xC1, 0x00, 0x4E, 0x0E, 0x20, 0x1F, 0x03, 0x80, 0xC0, 0x00, 0xBE, 0x0A, 0x30, 0xBE, 0x09, 0x77,
  0x77, 0x70, 0x1F, 0x05, 0x30, 0x6E, 0x0E, 0x01, 0x77, 0x77, 0x60, 0x7E, 0x0E, 0x40, 0x1F, 0x06,
  0x77, 0x77, 0x60, 0xDE, 0x0A, 0x50, 0xAE, 0x0C, 0x77, 0x77, 0x50, 0x4F, 0x04, 0x50, 0x5F, 0x03,
  0x77, 0x77, 0x40, 0xAE, 0x0D, 0x70, 0xEE, 0x09, 0x77, 0x77, 0x30, 0x1F, 0x07, 0x70, 0x9E, 0x0E,
  0x77, 0x77, 0x30, 0x7F, 0x02, 0x70, 0x3F, 0x05, 0x77, 0x77, 0x20, 0xDE, 0x0B, 0x72, 0x0C, 0xE0,
  0xC7, 0x77, 0x71, 0x03, 0xF0, 0x57, 0x20, 0x6F, 0x02, 0x77, 0x77, 0x09, 0xE0, 0xE7, 0x30, 0x1F,
  0x08, 0x77, 0x76, 0x01, 0xF0, 0x97, 0x40, 0xAE, 0x0E, 0x77, 0x76, 0x06, 0xF0, 0x37, 0x40, 0x4F,
  0x05, 0x77, 0x75, 0x0C, 0xE0, 0xD7, 0x60, 0xEE, 0x0B, 0x77, 0x74, 0x03, 0xF0, 0x77, 0x60, 0x8F,
  0x02, 0x77, 0x73, 0x09, 0xF0, 0x17, 0x60, 0x2F, 0x08, 0x77, 0x73, 0x0E, 0xE0, 0xA7, 0x71, 0x0C,
  0xE0, 0xD7, 0x77, 0x20, 0x6F, 0x05, 0x77, 0x10, 0x6F, 0x04, 0x77, 0x71, 0x0C, 0xE0, 0xE7, 0x72,
  0x01, 0xF0, 0xA7, 0x77, 0x02, 0xF0, 0x87, 0x73, 0x0A, 0xF0, 0x17, 0x76, 0x08, 0xF0, 0x27, 0x73,
  0x04, 0xF0, 0x77, 0x76, 0x0E, 0xE0, 0xD8, 0x09, 0x74, 0xF0, 0xD7, 0x75, 0x05, 0xFF, 0xFF, 0xF0,
  0x47, 0x74, 0x0B, 0xFF, 0xFF, 0xF0, 0xA7, 0x73, 0x02, 0x80, 0xC1, 0xF0, 0x17, 0x72, 0x08, 0x80,
  0xC1, 0xF0, 0x67, 0x72, 0x0E, 0x80, 0xC1, 0xF0, 0xC7, 0x71, 0x05, 0x80, 0xC3, 0xF0, 0x37, 0x70,
  0xBE, 0x0E, 0x77, 0x73, 0x05, 0xF0, 0x97, 0x60, 0x1F, 0x08, 0x77, 0x74, 0x0E, 0xE0, 0xE7, 0x60,
  0x7F, 0x02, 0x77, 0x74, 0x08, 0xF0, 0x67, 0x50, 0xDE, 0x0C, 0x77, 0x75, 0x02, 0xF0, 0xC7, 0x40,
  0x4F, 0x06, 0x77, 0x76, 0x0C, 0xF0, 0x27, 0x30, 0xAE, 0x0E, 0x77, 0x77, 0x06, 0xF0, 0x97, 0x20,
  0x1F, 0x09, 0x77, 0x77, 0x10, 0xEE, 0x0E, 0x72, 0x07, 0xF0, 0x37, 0x77, 0x71, 0x09, 0xF0, 0x57,
  0x10, 0xDE, 0x0D, 0x77, 0x77, 0x20, 0x3F, 0x0B, 0x70, 0x4F, 0x07, 0x77, 0x77, 0x30, 0xCF, 0x02,
  0x60, 0xAF, 0x01, 0x77, 0x77, 0x30, 0x6F, 0x08, 0x50, 0x1F, 0x0B, 0x77, 0x77, 0x40, 0x1F, 0x0E,
  0x50, 0x6F, 0x05, 0x77, 0x77, 0x50, 0xAF, 0x05, 0x40, 0xCE, 0x0E, 0x77, 0x77, 0x60, 0x4F, 0x0B,
  0x30, 0x3F, 0x08, 0x77, 0x77, 0x70, 0xDF, 0x01, 0x20, 0x9F, 0x02, 0x77, 0x77, 0x70, 0x7F, 0x07,
  0x20, 0xEE, 0x0C, 0x80, 0xC0, 0x00, 0x1F, 0x81, 0xD0, 0x6F, 0x06, 0x80, 0xC1, 0x00, 0xBF, 0x04,
  0x0C, 0xE0, 0xE8, 0x0C, 0x20, 0x05, 0xF0, 0xA8, 0x0D, 0x20, 0x09, 0xC0, 0xE0, 0x28, 0x0D, 0x30,
  0x0A, 0xC0, 0xE0, 0x38, 0x0D, 0x30, 0x0A, 0xD0, 0x38, 0x0D, 0x30, 0x08, 0xD0, 0x58, 0x0D, 0x30,
  0x04, 0xD0, 0x98, 0x0D, 0x40, 0x0D, 0xC0, 0xD8, 0x0D, 0x40, 0x07, 0xD0, 0x68, 0x0D, 0x40, 0x0D,
  0xD8, 0x0D, 0x40, 0x03, 0xD0, 0xC8, 0x0D, 0x40, 0x06, 0xD0, 0xA8, 0x0D, 0x40, 0x08, 0xD0, 0xA8,
  0x0D, 0x40, 0x08, 0xD0, 0xC8, 0x0D, 0x40, 0x06, 0xE0, 0x48, 0x0D, 0x30, 0x03, 0xE8, 0x1E, 0x62,
  0x28, 0x12, 0x44, 0x80, 0xC5, 0x00, 0xEF, 0xD0, 0x98, 0x0C, 0x50, 0x06, 0xFD, 0x09, 0x80, 0xC6,
  0x00, 0xAF, 0xC0, 0x98, 0x0C, 0x70, 0x08, 0xFB, 0x09, 0x80, 0xD0, 0x08, 0x91, 0x17, 0xBD, 0xEF,
  0xED, 0xB8, 0x30,
  // "ą" (U+0105), RLE, 859 bytes saved (65.1%)
  0x76, 0x85, 0x25, 0x8A, 0xCE, 0xEA, 0x84, 0xED, 0xC9, 0x73, 0x77, 0x71, 0x81, 0x49, 0xDF, 0xF9,
  0x81, 0xE8, 0x27, 0x72, 0x81, 0x18, 0xDF, 0xFF, 0x08, 0x76, 0x02, 0x0A, 0xFF, 0xFC, 0x0C, 0x01,
  0x74, 0x0C, 0xFF, 0xFE, 0x0D, 0x01, 0x73, 0x06, 0xFF, 0xFF, 0x0B, 0x73, 0x01, 0xFA, 0x89, 0x0D,
  0x97, 0x54, 0x45, 0x7A, 0xEF, 0xB0, 0x57, 0x30, 0xAD, 0x81, 0xC6, 0x17, 0x30, 0x50, 0xDF, 0x90,
  0xD7, 0x30, 0x3A, 0x81, 0xE9, 0x37, 0x70, 0x10, 0xBF, 0x90, 0x37, 0x38, 0x1C, 0x81, 0x77, 0x30,
  0x10, 0xDF, 0x08, 0x77, 0x77, 0x30, 0x5F, 0x0C, 0x77, 0x77, 0x40, 0xDF, 0x77, 0x77, 0x40, 0x9F,
  0x01, 0x77, 0x77, 0x30, 0x6F, 0x03, 0x77, 0x77, 0x30, 0x4F, 0x03, 0x77, 0x77, 0x30, 0x3F, 0x04,
  0x77, 0x77, 0x30, 0x2F, 0x04, 0x77, 0x77, 0x30, 0x1F, 0x04, 0x77, 0x77, 0x30, 0x1F, 0x04, 0x77,
  0x77, 0x30, 0x1F, 0x04, 0x77, 0x86, 0x14, 0x79, 0xBC, 0xDE, 0xFF, 0xB0, 0x47, 0x48, 0x14, 0x9D,
  0xFF, 0xFC, 0x04, 0x72, 0x07, 0x0D, 0xFF, 0xFF, 0x04, 0x70, 0x50, 0xDF, 0xFF, 0xFA, 0x04, 0x60,
  0x9F, 0xFF, 0xFC, 0x04, 0x50, 0xAF, 0xB8, 0x5E, 0xA7, 0x53, 0x11, 0x71, 0x03, 0xF0, 0x44, 0x08,
  0xFA, 0x09, 0x03, 0x77, 0x10, 0x3F, 0x04, 0x30, 0x3F, 0x90, 0xD0, 0x27, 0x73, 0x03, 0xF0, 0x43,
  0x0C, 0xF0, 0xC0, 0x17, 0x74, 0x03, 0xF0, 0x42, 0x03, 0xF9, 0x02, 0x77, 0x50, 0x3F, 0x04, 0x20,
  0x8F, 0x08, 0x77, 0x60, 0x5F, 0x04, 0x20, 0xCF, 0x03, 0x77, 0x60, 0x6F, 0x04, 0x20, 0xEE, 0x0E,
  0x77, 0x70, 0x8F, 0x04, 0x2F, 0x0D, 0x77, 0x70, 0xDF, 0x04, 0x2F, 0x0C, 0x77, 0x60, 0x2F, 0x90,
  0x42, 0xF0, 0xD7, 0x76, 0x0A, 0xF9, 0x04, 0x20, 0xEF, 0x01, 0x77, 0x40, 0x3F, 0xA0, 0x42, 0x0C,
  0xF0, 0x57, 0x73, 0x01, 0x0D, 0xFA, 0x04, 0x20, 0x9F, 0x0D, 0x77, 0x20, 0x20, 0xDF, 0xB0, 0x42,
  0x05, 0xF9, 0x0A, 0x77, 0x06, 0x0E, 0xFC, 0x04, 0x30, 0xEF, 0x90, 0xD0, 0x47, 0x28, 0x11, 0x7D,
  0xD0, 0xD0, 0xCE, 0x04, 0x30, 0x8F, 0xB8, 0x7D, 0x96, 0x54, 0x56, 0x9C, 0xF8, 0x1E, 0x27, 0xE0,
  0x44, 0x0D, 0xFF, 0xFB, 0x82, 0xE3, 0x03, 0xE0, 0x44, 0x03, 0x0E, 0xFF, 0xF9, 0x0E, 0x03, 0x3E,
  0x04, 0x50, 0x30, 0xEF, 0xFE, 0x0D, 0x02, 0x40, 0xCD, 0x04, 0x60, 0x10, 0x9F, 0xFC, 0x09, 0x01,
  0x50, 0x8D, 0x04, 0x71, 0x03, 0x0A, 0xFF, 0x0A, 0x03, 0x70, 0x5D, 0x04, 0x73, 0x89, 0x41, 0x58,
  0xCD, 0xEF, 0xEE, 0xDB, 0x85, 0x17, 0x20, 0x9C, 0x0E, 0x02, 0x77, 0x77, 0x40, 0xAC, 0x0E, 0x03,
  0x77, 0x77, 0x40, 0xAD, 0x03, 0x77, 0x77, 0x40, 0x8D, 0x05, 0x77, 0x77, 0x40, 0x4D, 0x09, 0x77,
  0x77, 0x50, 0xDC, 0x0D, 0x77, 0x77, 0x50, 0x7D, 0x06, 0x77, 0x77, 0x50, 0xDD, 0x77, 0x77, 0x50,
  0x3D, 0x0C, 0x77, 0x77, 0x50, 0x6D, 0x0A, 0x77, 0x77, 0x50, 0x8D, 0x0A, 0x77, 0x77, 0x50, 0x8D,
  0x0C, 0x77, 0x77, 0x50, 0x6E, 0x04, 0x77, 0x77, 0x40, 0x3E, 0x81, 0xE6, 0x22, 0x81, 0x24, 0x47,
  0x77, 0x50, 0xEF, 0xD0, 0x97, 0x77, 0x50, 0x6F, 0xD0, 0x97, 0x77, 0x60, 0xAF, 0xC0, 0x97, 0x77,
  0x70, 0x8F, 0xB0, 0x97, 0x77, 0x71, 0x89, 0x11, 0x7B, 0xDE, 0xFE, 0xDB, 0x83,
  // "Ć" (U+0106), RLE, 1443 bytes saved (74.9%)
  0x77, 0x77, 0x20, 0xAF, 0x90, 0xB8, 0x0C, 0x00, 0x03, 0xFA, 0x04, 0x80, 0xC0, 0x00, 0xBF, 0x90,
  0x88, 0x0C, 0x00, 0x05, 0xF9, 0x0B, 0x80, 0xC1, 0x00, 0xDF, 0x0D, 0x01, 0x80, 0xC0, 0x00, 0x8F,
  0x0E, 0x02, 0x80, 0xC0, 0x00, 0x3F, 0x0E, 0x03, 0x80, 0xC1, 0x00, 0xCF, 0x04, 0x80, 0xC1, 0x00,
  0x6F, 0x05, 0x80, 0xC1, 0x00, 0x20, 0xEE, 0x05, 0x80, 0xC2, 0x00, 0xBE, 0x05, 0x80, 0xC2, 0x00,
  0x7E, 0x05, 0x80, 0xC2, 0x00, 0x3D, 0x0E, 0x04, 0x80, 0xC3, 0x00, 0x8C, 0x0D, 0x02, 0x80, 0xC9,
  0x60, 0x86, 0x14, 0x69, 0xBC, 0xDE, 0xA8, 0x6E, 0xDC, 0xB9, 0x75, 0x37, 0x77, 0x58, 0x12, 0x7D,
  0xFF, 0xD8, 0x1B, 0x73, 0x77, 0x60, 0x60, 0xDF, 0xFF, 0xC8, 0x1D, 0x71, 0x77, 0x10, 0x60, 0xDF,
  0xFF, 0xFA, 0x06, 0x75, 0x03, 0x0D, 0xFF, 0xFF, 0xC0, 0x27, 0x40, 0x7F, 0xFF, 0xFD, 0x0A, 0x74,
  0x0B, 0xFE, 0x89, 0x2C, 0x97, 0x55, 0x44, 0x56, 0x8B, 0xEF, 0xA0, 0x27, 0x30, 0xBF, 0xC8, 0x1B,
  0x51, 0x75, 0x81, 0x26, 0xCD, 0x0A, 0x72, 0x01, 0x0C, 0xFB, 0x09, 0x02, 0x77, 0x48, 0x12, 0x7D,
  0xA0, 0x37, 0x20, 0xBF, 0xA0, 0xD0, 0x37, 0x77, 0x20, 0x40, 0x87, 0x20, 0x7F, 0xA0, 0xA7, 0x77,
  0x77, 0x04, 0xFA, 0x08, 0x80, 0xC0, 0x00, 0xDF, 0x90, 0x98, 0x0C, 0x00, 0x07, 0xF9, 0x0B, 0x80,
  0xC0, 0x00, 0x10, 0xEF, 0x0D, 0x01, 0x80, 0xC0, 0x00, 0x8F, 0x90, 0x58, 0x0C, 0x10, 0x0E, 0xF0,
  0xB8, 0x0C, 0x10, 0x05, 0xF9, 0x03, 0x80, 0xC1, 0x00, 0xBF, 0x0B, 0x80, 0xC2, 0x0F, 0x90, 0x58,
  0x0C, 0x10, 0x04, 0xF9, 0x80, 0xC2, 0x00, 0x9F, 0x0B, 0x80, 0xC2, 0x00, 0xDF, 0x07, 0x80, 0xC2,
  0x0F, 0x90, 0x38, 0x0C, 0x10, 0x02, 0xF9, 0x80, 0xC2, 0x00, 0x5F, 0x0D, 0x80, 0xC2, 0x00, 0x7F,
  0x0B, 0x80, 0xC2, 0x00, 0x8F, 0x09, 0x80, 0xC2, 0x00, 0x9F, 0x08, 0x80, 0xC2, 0x00, 0xAF, 0x07,
  0x80, 0xC2, 0x00, 0xBF, 0x07, 0x80, 0xC2, 0x00, 0xBF, 0x06, 0x80, 0xC2, 0x00, 0xBF, 0x07, 0x80,
  0xC2, 0x00, 0xAF, 0x07, 0x80, 0xC2, 0x00, 0x9F, 0x08, 0x80, 0xC2, 0x00, 0x9F, 0x09, 0x80, 0xC2,
  0x00, 0x7F, 0x0A, 0x80, 0xC2, 0x00, 0x5F, 0x0C, 0x80, 0xC2, 0x00, 0x3F, 0x98, 0x0C, 0x20, 0x01,
  0xF9, 0x02, 0x80, 0xC2, 0x00, 0xEF, 0x06, 0x80, 0xC2, 0x00, 0xAF, 0x09, 0x80, 0xC2, 0x00, 0x7F,
  0x0E, 0x80, 0xC2, 0x00, 0x3F, 0x90, 0x48, 0x0C, 0x20, 0x0E, 0xF0, 0x98, 0x0C, 0x20, 0x09, 0xF9,
  0x01, 0x80, 0xC1, 0x00, 0x3F, 0x90, 0x88, 0x0C, 0x20, 0x0D, 0xF9, 0x01, 0x80, 0xC1, 0x00, 0x6F,
  0x90, 0xA8, 0x0C, 0x20, 0x0D, 0xF9, 0x06, 0x80, 0xC1, 0x00, 0x5F, 0xA0, 0x38, 0x0C, 0x10, 0x0C,
  0xF9, 0x0E, 0x02, 0x80, 0xC0, 0x00, 0x20, 0xEF, 0x90, 0xE0, 0x48, 0x0C, 0x00, 0x06, 0xFB, 0x08,
  0x80, 0xC0, 0x00, 0x9F, 0xB0, 0xD0, 0x67, 0x77, 0x18, 0x13, 0x72, 0x73, 0x09, 0xFC, 0x81, 0xD8,
  0x37, 0x71, 0x82, 0x37, 0xAE, 0xA0, 0x47, 0x40, 0x9F, 0xE8, 0x94, 0xEB, 0x97, 0x55, 0x44, 0x56,
  0x79, 0xBD, 0xF0, 0x47, 0x50, 0x7F, 0xFF, 0xFD, 0x04, 0x76, 0x03, 0x0D, 0xFF, 0xFF, 0xB0, 0x47,
  0x71, 0x07, 0x0E, 0xFF, 0xFF, 0x90, 0x47, 0x72, 0x81, 0x18, 0xEF, 0xFF, 0xD0, 0xE0, 0x37, 0x75,
  0x81, 0x49, 0xEF, 0xFE, 0x81, 0xC8, 0x37, 0x77, 0x38, 0x62, 0x57, 0xAC, 0xDD, 0xEB, 0x86, 0xED,
  0xDB, 0xA8, 0x63, 0x71,
  // "ć" (U+0107), RLE, 824 bytes saved (70.2%)
  0x77, 0x72, 0x0A, 0xF9, 0x0B, 0x77, 0x73, 0x03, 0xFA, 0x04, 0x77, 0x73, 0x0B, 0xF9, 0x08, 0x77,
  0x73, 0x05, 0xF9, 0x0B, 0x77, 0x74, 0x0D, 0xF0, 0xD0, 0x17, 0x77, 0x30, 0x8F, 0x0E, 0x02, 0x77,
  0x73, 0x03, 0xF0, 0xE0, 0x37, 0x77, 0x40, 0xCF, 0x04, 0x77, 0x74, 0x06, 0xF0, 0x57, 0x77, 0x40,
  0x20, 0xEE, 0x05, 0x77, 0x75, 0x0B, 0xE0, 0x57, 0x77, 0x50, 0x7E, 0x05, 0x77, 0x75, 0x03, 0xD0,
  0xE0, 0x47, 0x77, 0x60, 0x8C, 0x0D, 0x02, 0x80, 0xB8, 0x70, 0x89, 0x51, 0x58, 0xBD, 0xEE, 0xFE,
  0xDC, 0xB8, 0x63, 0x77, 0x38, 0x11, 0x7C, 0xFF, 0x98, 0x1E, 0xA5, 0x75, 0x81, 0x19, 0xEF, 0xFE,
  0x0E, 0x03, 0x72, 0x06, 0x0E, 0xFF, 0xFA, 0x01, 0x71, 0x0A, 0xFF, 0xFB, 0x0A, 0x70, 0x10, 0xBF,
  0xFF, 0xC0, 0x47, 0x0B, 0xFB, 0x89, 0x0E, 0xA7, 0x54, 0x46, 0x7A, 0xDD, 0x0E, 0x70, 0x9F, 0xA0,
  0xB0, 0x47, 0x38, 0x11, 0x6B, 0xA0, 0x86, 0x04, 0xF9, 0x0E, 0x05, 0x77, 0x18, 0x11, 0x62, 0x60,
  0xDF, 0x0E, 0x02, 0x77, 0x73, 0x07, 0xF9, 0x03, 0x77, 0x74, 0x0E, 0xF0, 0x67, 0x77, 0x40, 0x5F,
  0x0D, 0x77, 0x75, 0x0B, 0xF0, 0x57, 0x77, 0x5F, 0x0E, 0x77, 0x75, 0x04, 0xF0, 0xA7, 0x77, 0x50,
  0x8F, 0x05, 0x77, 0x75, 0x0A, 0xF0, 0x27, 0x77, 0x50, 0xDF, 0x77, 0x76, 0xF0, 0xD7, 0x77, 0x50,
  0x1F, 0x0B, 0x77, 0x75, 0x02, 0xF0, 0xA7, 0x77, 0x50, 0x3F, 0x09, 0x77, 0x75, 0x03, 0xF0, 0x87,
  0x77, 0x50, 0x3F, 0x09, 0x77, 0x75, 0x03, 0xF0, 0x97, 0x77, 0x50, 0x2F, 0x0A, 0x77, 0x75, 0x01,
  0xF0, 0xB7, 0x77, 0x6F, 0x0C, 0x77, 0x76, 0x0E, 0xF7, 0x77, 0x60, 0xBF, 0x02, 0x77, 0x75, 0x09,
  0xF0, 0x57, 0x77, 0x50, 0x6F, 0x0A, 0x77, 0x75, 0x01, 0xF0, 0xE7, 0x77, 0x60, 0xDF, 0x05, 0x77,
  0x75, 0x07, 0xF0, 0xD7, 0x77, 0x50, 0x1F, 0x90, 0x77, 0x77, 0x50, 0xAF, 0x0E, 0x02, 0x77, 0x74,
  0x02, 0xF9, 0x0D, 0x02, 0x77, 0x74, 0x07, 0xF9, 0x0E, 0x04, 0x77, 0x28, 0x11, 0x78, 0x60, 0xCF,
  0xA0, 0xA0, 0x37, 0x48, 0x11, 0x6B, 0xA0, 0xA6, 0x01, 0x0D, 0xFB, 0x89, 0x1D, 0x96, 0x54, 0x55,
  0x68, 0xBD, 0xD0, 0xA7, 0x03, 0x0E, 0xFF, 0xFC, 0x0A, 0x71, 0x02, 0x0D, 0xFF, 0xFB, 0x0A, 0x72,
  0x01, 0x09, 0xFF, 0xFA, 0x0A, 0x74, 0x03, 0x0B, 0xFF, 0xF0, 0x77, 0x68, 0x13, 0x9E, 0xFF, 0x98,
  0x1D, 0x81, 0x77, 0x38, 0x43, 0x79, 0xCD, 0xEB, 0x84, 0xED, 0xB9, 0x61, 0x50,
  // "Ĉ" (U+0108), RLE, 1412 bytes saved (73.3%)
  0x77, 0x72, 0x04, 0xF0, 0xE0, 0x18, 0x0C, 0x10, 0x0D, 0xF9, 0x0A, 0x80, 0xC0, 0x00, 0x9F, 0xB0,
  0x57, 0x77, 0x76, 0x05, 0xFC, 0x0E, 0x02, 0x77, 0x77, 0x40, 0x20, 0xEF, 0xD0, 0xC7, 0x77, 0x73,
  0x01, 0x0D, 0xFF, 0x0B, 0x77, 0x77, 0x20, 0xCF, 0x07, 0x0B, 0xF0, 0x87, 0x77, 0x70, 0x9F, 0x06,
  0x20, 0xBF, 0x06, 0x77, 0x75, 0x07, 0xF0, 0x54, 0x0B, 0xF0, 0x47, 0x77, 0x30, 0x5E, 0x0E, 0x04,
  0x60, 0x9E, 0x0E, 0x03, 0x77, 0x71, 0x04, 0xE0, 0xE0, 0x37, 0x10, 0x7E, 0x0E, 0x02, 0x77, 0x60,
  0x30, 0xED, 0x0C, 0x01, 0x73, 0x05, 0x0E, 0xD0, 0xD0, 0x27, 0x74, 0x02, 0x0E, 0xD0, 0x97, 0x60,
  0x20, 0xCD, 0x0D, 0x01, 0x77, 0x30, 0x8C, 0x0E, 0x05, 0x77, 0x20, 0x8D, 0x07, 0x80, 0xC8, 0x00,
  0x86, 0x14, 0x69, 0xBC, 0xDE, 0xA8, 0x6E, 0xDC, 0xB9, 0x75, 0x37, 0x77, 0x58, 0x12, 0x7D, 0xFF,
  0xD8, 0x1B, 0x73, 0x77, 0x60, 0x60, 0xDF, 0xFF, 0xC8, 0x1D, 0x71, 0x77, 0x10, 0x60, 0xDF, 0xFF,
  0xFA, 0x06, 0x75, 0x03, 0x0D, 0xFF, 0xFF, 0xC0, 0x27, 0x40, 0x7F, 0xFF, 0xFD, 0x0A, 0x74, 0x0B,
  0xFE, 0x89, 0x2C, 0x97, 0x55, 0x44, 0x56, 0x8B, 0xEF, 0xA0, 0x27, 0x30, 0xBF, 0xC8, 0x1B, 0x51,
  0x75, 0x81, 0x26, 0xCD, 0x0A, 0x72, 0x01, 0x0C, 0xFB, 0x09, 0x02, 0x77, 0x48, 0x12, 0x7D, 0xA0,
  0x37, 0x20, 0xBF, 0xA0, 0xD0, 0x37, 0x77, 0x20, 0x40, 0x87, 0x20, 0x7F, 0xA0, 0xA7, 0x77, 0x77,
  0x04, 0xFA, 0x08, 0x80, 0xC0, 0x00, 0xDF, 0x90, 0x98, 0x0C, 0x00, 0x07, 0xF9, 0x0B, 0x80, 0xC0,
  0x00, 0x10, 0xEF, 0x0D, 0x01, 0x80, 0xC0, 0x00, 0x8F, 0x90, 0x58, 0x0C, 0x10, 0x0E, 0xF0, 0xB8,
  0x0C, 0x10, 0x05, 0xF9, 0x03, 0x80, 0xC1, 0x00, 0xBF, 0x0B, 0x80, 0xC2, 0x0F, 0x90, 0x58, 0x0C,
  0x10, 0x04, 0xF9, 0x80, 0xC2, 0x00, 0x9F, 0x0B, 0x80, 0xC2, 0x00, 0xDF, 0x07, 0x80, 0xC2, 0x0F,
  0x90, 0x38, 0x0C, 0x10, 0x02, 0xF9, 0x80, 0xC2, 0x00, 0x5F, 0x0D, 0x80, 0xC2, 0x00, 0x7F, 0x0B,
  0x80, 0xC2, 0x00, 0x8F, 0x09, 0x80, 0xC2, 0x00, 0x9F, 0x08, 0x80, 0xC2, 0x00, 0xAF, 0x07, 0x80,
  0xC2, 0x00, 0xBF, 0x07, 0x80, 0xC2, 0x00, 0xBF, 0x06, 0x80, 0xC2, 0x00, 0xBF, 0x07, 0x80, 0xC2,
  0x00, 0xAF, 0x07, 0x80, 0xC2, 0x00, 0x9F, 0x08, 0x80, 0xC2, 0x00, 0x9F, 0x09, 0x80, 0xC2, 0x00,
  0x7F, 0x0A, 0x80, 0xC2, 0x00, 0x5F, 0x0C, 0x80, 0xC2, 0x00, 0x3F, 0x98, 0x0C, 0x20, 0x01, 0xF9,
  0x02, 0x80, 0xC2, 0x00, 0xEF, 0x06, 0x80, 0xC2, 0x00, 0xAF, 0x09, 0x80, 0xC2, 0x00, 0x7F, 0x0E,
  0x80, 0xC2, 0x00, 0x3F, 0x90, 0x48, 0x0C, 0x20, 0x0E, 0xF0, 0x98, 0x0C, 0x20, 0x09, 0xF9, 0x01,
  0x80, 0xC1, 0x00, 0x3F, 0x90, 0x88, 0x0C, 0x20, 0x0D, 0xF9, 0x01, 0x80, 0xC1, 0x00, 0x6F, 0x90,
  0xA8, 0x0C, 0x20, 0x0D, 0xF9, 0x06, 0x80, 0xC1, 0x00, 0x5F, 0xA0, 0x38, 0x0C, 0x10, 0x0C, 0xF9,
  0x0E, 0x02, 0x80, 0xC0, 0x00, 0x20, 0xEF, 0x90, 0xE0, 0x48, 0x0C, 0x00, 0x06, 0xFB, 0x08, 0x80,
  0xC0, 0x00, 0x9F, 0xB0, 0xD0, 0x67, 0x77, 0x18, 0x13, 0x72, 0x73, 0x09, 0xFC, 0x81, 0xD8, 0x37,
  0x71, 0x82, 0x37, 0xAE, 0xA0, 0x47, 0x40, 0x9F, 0xE8, 0x94, 0xEB, 0x97, 0x55, 0x44, 0x56, 0x79,
  0xBD, 0xF0, 0x47, 0x50, 0x7F, 0xFF, 0xFD, 0x04, 0x76, 0x03, 0x0D, 0xFF, 0xFF, 0xB0, 0x47, 0x71,
  0x07, 0x0E, 0xFF, 0xFF, 0x90, 0x47, 0x72, 0x81, 0x18, 0xEF, 0xFF, 0xD0, 0xE0, 0x37, 0x75, 0x81,
  0x49, 0xEF, 0xFE, 0x81, 0xC8, 0x37, 0x77, 0x38, 0x62, 0x57, 0xAC, 0xDD, 0xEB, 0x86, 0xED, 0xDB,
  0xA8, 0x63, 0x71,
  // "ĉ" (U+0109), RLE, 828 bytes saved (68.7%)
  0x77, 0x20, 0x4F, 0x0E, 0x01, 0x77, 0x75, 0x0D, 0xF9, 0x0A, 0x77, 0x74, 0x09, 0xFB, 0x05, 0x77,
  0x72, 0x05, 0xFC, 0x0E, 0x02, 0x77, 0x70, 0x20, 0xEF, 0xD0, 0xC7, 0x76, 0x01, 0x0D, 0xFF, 0x0B,
  0x77, 0x50, 0xCF, 0x07, 0x0B, 0xF0, 0x87, 0x73, 0x09, 0xF0, 0x62, 0x0B, 0xF0, 0x67, 0x71, 0x07,
  0xF0, 0x54, 0x0B, 0xF0, 0x47, 0x60, 0x5E, 0x0E, 0x04, 0x60, 0x9E, 0x0E, 0x03, 0x74, 0x04, 0xE0,
  0xE0, 0x37, 0x10, 0x7E, 0x0E, 0x02, 0x72, 0x03, 0x0E, 0xD0, 0xC0, 0x17, 0x30, 0x50, 0xED, 0x0D,
  0x02, 0x70, 0x20, 0xED, 0x09, 0x76, 0x02, 0x0C, 0xD0, 0xD0, 0x16, 0x08, 0xC0, 0xE0, 0x57, 0x72,
  0x08, 0xD0, 0x78, 0x0A, 0xF7, 0x08, 0x95, 0x15, 0x8B, 0xDE, 0xEF, 0xED, 0xCB, 0x86, 0x37, 0x74,
  0x81, 0x17, 0xCF, 0xF9, 0x81, 0xEA, 0x57, 0x68, 0x11, 0x9E, 0xFF, 0xE0, 0xE0, 0x37, 0x30, 0x60,
  0xEF, 0xFF, 0xA0, 0x17, 0x20, 0xAF, 0xFF, 0xB0, 0xA7, 0x10, 0x10, 0xBF, 0xFF, 0xC0, 0x47, 0x10,
  0xBF, 0xB8, 0x90, 0xEA, 0x75, 0x44, 0x67, 0xAD, 0xD0, 0xE7, 0x10, 0x9F, 0xA0, 0xB0, 0x47, 0x38,
  0x11, 0x6B, 0xA0, 0x87, 0x04, 0xF9, 0x0E, 0x05, 0x77, 0x18, 0x11, 0x62, 0x70, 0xDF, 0x0E, 0x02,
  0x77, 0x74, 0x07, 0xF9, 0x03, 0x77, 0x75, 0x0E, 0xF0, 0x67, 0x77, 0x50, 0x5F, 0x0D, 0x77, 0x76,
  0x0B, 0xF0, 0x57, 0x77, 0x6F, 0x0E, 0x77, 0x76, 0x04, 0xF0, 0xA7, 0x77, 0x60, 0x8F, 0x05, 0x77,
  0x76, 0x0A, 0xF0, 0x27, 0x77, 0x60, 0xDF, 0x77, 0x77, 0xF0, 0xD7, 0x77, 0x60, 0x1F, 0x0B, 0x77,
  0x76, 0x02, 0xF0, 0xA7, 0x77, 0x60, 0x3F, 0x09, 0x77, 0x76, 0x03, 0xF0, 0x87, 0x77, 0x60, 0x3F,
  0x09, 0x77, 0x76, 0x03, 0xF0, 0x97, 0x77, 0x60, 0x2F, 0x0A, 0x77, 0x76, 0x01, 0xF0, 0xB7, 0x77,
  0x7F, 0x0C, 0x77, 0x77, 0x0E, 0xF7, 0x77, 0x70, 0xBF, 0x02, 0x77, 0x76, 0x09, 0xF0, 0x57, 0x77,
  0x60, 0x6F, 0x0A, 0x77, 0x76, 0x01, 0xF0, 0xE7, 0x77, 0x70, 0xDF, 0x05, 0x77, 0x76, 0x07, 0xF0,
  0xD7, 0x77, 0x60, 0x1F, 0x90, 0x77, 0x77, 0x60, 0xAF, 0x0E, 0x02, 0x77, 0x75, 0x02, 0xF9, 0x0D,
  0x02, 0x77, 0x75, 0x07, 0xF9, 0x0E, 0x04, 0x77, 0x28, 0x11, 0x78, 0x70, 0xCF, 0xA0, 0xA0, 0x37,
  0x48, 0x11, 0x6B, 0xA0, 0xA7, 0x01, 0x0D, 0xFB, 0x89, 0x1D, 0x96, 0x54, 0x55, 0x68, 0xBD, 0xD0,
  0xA7, 0x10, 0x30, 0xEF, 0xFF, 0xC0, 0xA7, 0x20, 0x20, 0xDF, 0xFF, 0xB0, 0xA7, 0x30, 0x10, 0x9F,
  0xFF, 0xA0, 0xA7, 0x50, 0x30, 0xBF, 0xFF, 0x07, 0x77, 0x81, 0x39, 0xEF, 0xF9, 0x81, 0xD8, 0x17,
  0x74, 0x84, 0x37, 0x9C, 0xDE, 0xB8, 0x4E, 0xDB, 0x96, 0x16,
  // "Ċ" (U+010A), RLE, 1417 bytes saved (75.4%)
  0x77, 0x74, 0x84, 0x5C, 0xEE, 0xA2, 0x80, 0xC4, 0x00, 0x7D, 0x0E, 0x03, 0x80, 0xC2, 0x00, 0x2F,
  0x0C, 0x80, 0xC2, 0x00, 0x6F, 0x90, 0x28, 0x0C, 0x10, 0x08, 0xF9, 0x04, 0x80, 0xC1, 0x00, 0x8F,
  0x90, 0x48, 0x0C, 0x10, 0x06, 0xF9, 0x01, 0x80, 0xC1, 0x00, 0x1F, 0x0C, 0x80, 0xC3, 0x00, 0x7D,
  0x0E, 0x03, 0x80, 0xC4, 0x08, 0x45, 0xCF, 0xEA, 0x28, 0x0D, 0xD2, 0x08, 0x61, 0x46, 0x9B, 0xCD,
  0xEA, 0x86, 0xED, 0xCB, 0x97, 0x53, 0x77, 0x75, 0x81, 0x27, 0xDF, 0xFD, 0x81, 0xB7, 0x37, 0x76,
  0x06, 0x0D, 0xFF, 0xFC, 0x81, 0xD7, 0x17, 0x71, 0x06, 0x0D, 0xFF, 0xFF, 0xA0, 0x67, 0x50, 0x30,
  0xDF, 0xFF, 0xFC, 0x02, 0x74, 0x07, 0xFF, 0xFF, 0xD0, 0xA7, 0x40, 0xBF, 0xE8, 0x92, 0xC9, 0x75,
  0x54, 0x45, 0x68, 0xBE, 0xFA, 0x02, 0x73, 0x0B, 0xFC, 0x81, 0xB5, 0x17, 0x58, 0x12, 0x6C, 0xD0,
  0xA7, 0x20, 0x10, 0xCF, 0xB0, 0x90, 0x27, 0x74, 0x81, 0x27, 0xDA, 0x03, 0x72, 0x0B, 0xFA, 0x0D,
  0x03, 0x77, 0x72, 0x04, 0x08, 0x72, 0x07, 0xFA, 0x0A, 0x77, 0x77, 0x70, 0x4F, 0xA0, 0x88, 0x0C,
  0x00, 0x0D, 0xF9, 0x09, 0x80, 0xC0, 0x00, 0x7F, 0x90, 0xB8, 0x0C, 0x00, 0x01, 0x0E, 0xF0, 0xD0,
  0x18, 0x0C, 0x00, 0x08, 0xF9, 0x05, 0x80, 0xC1, 0x00, 0xEF, 0x0B, 0x80, 0xC1, 0x00, 0x5F, 0x90,
  0x38, 0x0C, 0x10, 0x0B, 0xF0, 0xB8, 0x0C, 0x20, 0xF9, 0x05, 0x80, 0xC1, 0x00, 0x4F, 0x98, 0x0C,
  0x20, 0x09, 0xF0, 0xB8, 0x0C, 0x20, 0x0D, 0xF0, 0x78, 0x0C, 0x20, 0xF9, 0x03, 0x80, 0xC1, 0x00,
  0x2F, 0x98, 0x0C, 0x20, 0x05, 0xF0, 0xD8, 0x0C, 0x20, 0x07, 0xF0, 0xB8, 0x0C, 0x20, 0x08, 0xF0,
  0x98, 0x0C, 0x20, 0x09, 0xF0, 0x88, 0x0C, 0x20, 0x0A, 0xF0, 0x78, 0x0C, 0x20, 0x0B, 0xF0, 0x78,
  0x0C, 0x20, 0x0B, 0xF0, 0x68, 0x0C, 0x20, 0x0B, 0xF0, 0x78, 0x0C, 0x20, 0x0A, 0xF0, 0x78, 0x0C,
  0x20, 0x09, 0xF0, 0x88, 0x0C, 0x20, 0x09, 0xF0, 0x98, 0x0C, 0x20, 0x07, 0xF0, 0xA8, 0x0C, 0x20,
  0x05, 0xF0, 0xC8, 0x0C, 0x20, 0x03, 0xF9, 0x80, 0xC2, 0x00, 0x1F, 0x90, 0x28, 0x0C, 0x20, 0x0E,
  0xF0, 0x68, 0x0C, 0x20, 0x0A, 0xF0, 0x98, 0x0C, 0x20, 0x07, 0xF0, 0xE8, 0x0C, 0x20, 0x03, 0xF9,
  0x04, 0x80, 0xC2, 0x00, 0xEF, 0x09, 0x80, 0xC2, 0x00, 0x9F, 0x90, 0x18, 0x0C, 0x10, 0x03, 0xF9,
  0x08, 0x80, 0xC2, 0x00, 0xDF, 0x90, 0x18, 0x0C, 0x10, 0x06, 0xF9, 0x0A, 0x80, 0xC2, 0x00, 0xDF,
  0x90, 0x68, 0x0C, 0x10, 0x05, 0xFA, 0x03, 0x80, 0xC1, 0x00, 0xCF, 0x90, 0xE0, 0x28, 0x0C, 0x00,
  0x02, 0x0E, 0xF9, 0x0E, 0x04, 0x80, 0xC0, 0x00, 0x6F, 0xB0, 0x88, 0x0C, 0x00, 0x09, 0xFB, 0x0D,
  0x06, 0x77, 0x71, 0x81, 0x37, 0x27, 0x30, 0x9F, 0xC8, 0x1D, 0x83, 0x77, 0x18, 0x23, 0x7A, 0xEA,
  0x04, 0x74, 0x09, 0xFE, 0x89, 0x4E, 0xB9, 0x75, 0x54, 0x45, 0x67, 0x9B, 0xDF, 0x04, 0x75, 0x07,
  0xFF, 0xFF, 0xD0, 0x47, 0x60, 0x30, 0xDF, 0xFF, 0xFB, 0x04, 0x77, 0x10, 0x70, 0xEF, 0xFF, 0xF9,
  0x04, 0x77, 0x28, 0x11, 0x8E, 0xFF, 0xFD, 0x0E, 0x03, 0x77, 0x58, 0x14, 0x9E, 0xFF, 0xE8, 0x1C,
  0x83, 0x77, 0x73, 0x86, 0x25, 0x7A, 0xCD, 0xDE, 0xB8, 0x6E, 0xDD, 0xBA, 0x86, 0x37, 0x10,
  // "ċ" (U+010B), RLE, 809 bytes saved (71.1%)
  0x77, 0x48, 0x45, 0xCE, 0xEA, 0x27, 0x77, 0x70, 0x7D, 0x0E, 0x03, 0x77, 0x75, 0x02, 0xF0, 0xC7,
  0x77, 0x50, 0x6F, 0x90, 0x27, 0x77, 0x40, 0x8F, 0x90, 0x47, 0x77, 0x40, 0x8F, 0x90, 0x47, 0x77,
  0x40, 0x6F, 0x90, 0x17, 0x77, 0x40, 0x1F, 0x0C, 0x77, 0x76, 0x07, 0xD0, 0xE0, 0x37, 0x77, 0x78,
  0x45, 0xCF, 0xEA, 0x28, 0x0C, 0x93, 0x08, 0x95, 0x15, 0x8B, 0xDE, 0xEF, 0xED, 0xCB, 0x86, 0x37,
  0x73, 0x81, 0x17, 0xCF, 0xF9, 0x81, 0xEA, 0x57, 0x58, 0x11, 0x9E, 0xFF, 0xE0, 0xE0, 0x37, 0x20,
  0x60, 0xEF, 0xFF, 0xA0, 0x17, 0x10, 0xAF, 0xFF, 0xB0, 0xA7, 0x01, 0x0B, 0xFF, 0xFC, 0x04, 0x70,
  0xBF, 0xB8, 0x90, 0xEA, 0x75, 0x44, 0x67, 0xAD, 0xD0, 0xE7, 0x09, 0xFA, 0x0B, 0x04, 0x73, 0x81,
  0x16, 0xBA, 0x08, 0x60, 0x4F, 0x90, 0xE0, 0x57, 0x71, 0x81, 0x16, 0x26, 0x0D, 0xF0, 0xE0, 0x27,
  0x77, 0x30, 0x7F, 0x90, 0x37, 0x77, 0x40, 0xEF, 0x06, 0x77, 0x74, 0x05, 0xF0, 0xD7, 0x77, 0x50,
  0xBF, 0x05, 0x77, 0x75, 0xF0, 0xE7, 0x77, 0x50, 0x4F, 0x0A, 0x77, 0x75, 0x08, 0xF0, 0x57, 0x77,
  0x50, 0xAF, 0x02, 0x77, 0x75, 0x0D, 0xF7, 0x77, 0x6F, 0x0D, 0x77, 0x75, 0x01, 0xF0, 0xB7, 0x77,
  0x50, 0x2F, 0x0A, 0x77, 0x75, 0x03, 0xF0, 0x97, 0x77, 0x50, 0x3F, 0x08, 0x77, 0x75, 0x03, 0xF0,
  0x97, 0x77, 0x50, 0x3F, 0x09, 0x77, 0x75, 0x02, 0xF0, 0xA7, 0x77, 0x50, 0x1F, 0x0B, 0x77, 0x76,
  0xF0, 0xC7, 0x77, 0x60, 0xEF, 0x77, 0x76, 0x0B, 0xF0, 0x27, 0x77, 0x50, 0x9F, 0x05, 0x77, 0x75,
  0x06, 0xF0, 0xA7, 0x77, 0x50, 0x1F, 0x0E, 0x77, 0x76, 0x0D, 0xF0, 0x57, 0x77, 0x50, 0x7F, 0x0D,
  0x77, 0x75, 0x01, 0xF9, 0x07, 0x77, 0x75, 0x0A, 0xF0, 0xE0, 0x27, 0x77, 0x40, 0x2F, 0x90, 0xD0,
  0x27, 0x77, 0x40, 0x7F, 0x90, 0xE0, 0x47, 0x72, 0x81, 0x17, 0x86, 0x0C, 0xFA, 0x0A, 0x03, 0x74,
  0x81, 0x16, 0xBA, 0x0A, 0x60, 0x10, 0xDF, 0xB8, 0x91, 0xD9, 0x65, 0x45, 0x56, 0x8B, 0xDD, 0x0A,
  0x70, 0x30, 0xEF, 0xFF, 0xC0, 0xA7, 0x10, 0x20, 0xDF, 0xFF, 0xB0, 0xA7, 0x20, 0x10, 0x9F, 0xFF,
  0xA0, 0xA7, 0x40, 0x30, 0xBF, 0xFF, 0x07, 0x76, 0x81, 0x39, 0xEF, 0xF9, 0x81, 0xD8, 0x17, 0x73,
  0x84, 0x37, 0x9C, 0xDE, 0xB8, 0x4E, 0xDB, 0x96, 0x15,
  // "Č" (U+010C), RLE, 1417 bytes saved (73.5%)
  0x76, 0x08, 0xC0, 0xE0, 0x57, 0x72, 0x07, 0xD0, 0x87, 0x73, 0x03, 0xE0, 0x97, 0x60, 0x10, 0xCD,
  0x0E, 0x03, 0x77, 0x40, 0x4E, 0x0C, 0x01, 0x73, 0x03, 0x0E, 0xD0, 0xE0, 0x37, 0x76, 0x06, 0xE0,
  0xE0, 0x37, 0x10, 0x5F, 0x04, 0x77, 0x71, 0x07, 0xE0, 0xE0, 0x46, 0x07, 0xF0, 0x47, 0x77, 0x30,
  0x9F, 0x05, 0x40, 0x8F, 0x06, 0x77, 0x75, 0x0B, 0xF0, 0x52, 0x09, 0xF0, 0x77, 0x77, 0x70, 0xCF,
  0x04, 0x09, 0xF0, 0x97, 0x77, 0x71, 0x01, 0x0D, 0xFF, 0x0B, 0x77, 0x77, 0x30, 0x30, 0xEF, 0xD0,
  0xC7, 0x77, 0x75, 0x05, 0xFC, 0x0E, 0x02, 0x77, 0x77, 0x60, 0x9F, 0xB0, 0x58, 0x0C, 0x00, 0x0D,
  0xF9, 0x0A, 0x80, 0xC1, 0x00, 0x4F, 0x0E, 0x01, 0x80, 0xC9, 0x20, 0x86, 0x14, 0x69, 0xBC, 0xDE,
  0xA8, 0x6E, 0xDC, 0xB9, 0x75, 0x37, 0x77, 0x58, 0x12, 0x7D, 0xFF, 0xD8, 0x1B, 0x73, 0x77, 0x60,
  0x60, 0xDF, 0xFF, 0xC8, 0x1D, 0x71, 0x77, 0x10, 0x60, 0xDF, 0xFF, 0xFA, 0x06, 0x75, 0x03, 0x0D,
  0xFF, 0xFF, 0xC0, 0x27, 0x40, 0x7F, 0xFF, 0xFD, 0x0A, 0x74, 0x0B, 0xFE, 0x89, 0x2C, 0x97, 0x55,
  0x44, 0x56, 0x8B, 0xEF, 0xA0, 0x27, 0x30, 0xBF, 0xC8, 0x1B, 0x51, 0x75, 0x81, 0x26, 0xCD, 0x0A,
  0x72, 0x01, 0x0C, 0xFB, 0x09, 0x02, 0x77, 0x48, 0x12, 0x7D, 0xA0, 0x37, 0x20, 0xBF, 0xA0, 0xD0,
  0x37, 0x77, 0x20, 0x40, 0x87, 0x20, 0x7F, 0xA0, 0xA7, 0x77, 0x77, 0x04, 0xFA, 0x08, 0x80, 0xC0,
  0x00, 0xDF, 0x90, 0x98, 0x0C, 0x00, 0x07, 0xF9, 0x0B, 0x80, 0xC0, 0x00, 0x10, 0xEF, 0x0D, 0x01,
  0x80, 0xC0, 0x00, 0x8F, 0x90, 0x58, 0x0C, 0x10, 0x0E, 0xF0, 0xB8, 0x0C, 0x10, 0x05, 0xF9, 0x03,
  0x80, 0xC1, 0x00, 0xBF, 0x0B, 0x80, 0xC2, 0x0F, 0x90, 0x58, 0x0C, 0x10, 0x04, 0xF9, 0x80, 0xC2,
  0x00, 0x9F, 0x0B, 0x80, 0xC2, 0x00, 0xDF, 0x07, 0x80, 0xC2, 0x0F, 0x90, 0x38, 0x0C, 0x10, 0x02,
  0xF9, 0x80, 0xC2, 0x00, 0x5F, 0x0D, 0x80, 0xC2, 0x00, 0x7F, 0x0B, 0x80, 0xC2, 0x00, 0x8F, 0x09,
  0x80, 0xC2, 0x00, 0x9F, 0x08, 0x80, 0xC2, 0x00, 0xAF, 0x07, 0x80, 0xC2, 0x00, 0xBF, 0x07, 0x80,
  0xC2, 0x00, 0xBF, 0x06, 0x80, 0xC2, 0x00, 0xBF, 0x07, 0x80, 0xC2, 0x00, 0xAF, 0x07, 0x80, 0xC2,
  0x00, 0x9F, 0x08, 0x80, 0xC2, 0x00, 0x9F, 0x09, 0x80, 0xC2, 0x00, 0x7F, 0x0A, 0x80, 0xC2, 0x00,
  0x5F, 0x0C, 0x80, 0xC2, 0x00, 0x3F, 0x98, 0x0C, 0x20, 0x01, 0xF9, 0x02, 0x80, 0xC2, 0x00, 0xEF,
  0x06, 0x80, 0xC2, 0x00, 0xAF, 0x09, 0x80, 0xC2, 0x00, 0x7F, 0x0E, 0x80, 0xC2, 0x00, 0x3F, 0x90,
  0x48, 0x0C, 0x20, 0x0E, 0xF0, 0x98, 0x0C, 0x20, 0x09, 0xF9, 0x01, 0x80, 0xC1, 0x00, 0x3F, 0x90,
  0x88, 0x0C, 0x20, 0x0D, 0xF9, 0x01, 0x80, 0xC1, 0x00, 0x6F, 0x90, 0xA8, 0x0C, 0x20, 0x0D, 0xF9,
  0x06, 0x80, 0xC1, 0x00, 0x5F, 0xA0, 0x38, 0x0C, 0x10, 0x0C, 0xF9, 0x0E, 0x02, 0x80, 0xC0, 0x00,
  0x20, 0xEF, 0x90, 0xE0, 0x48, 0x0C, 0x00, 0x06, 0xFB, 0x08, 0x80, 0xC0, 0x00, 0x9F, 0xB0, 0xD0,
  0x67, 0x77, 0x18, 0x13, 0x72, 0x73, 0x09, 0xFC, 0x81, 0xD8, 0x37, 0x71, 0x82, 0x37, 0xAE, 0xA0,
  0x47, 0x40, 0x9F, 0xE8, 0x94, 0xEB, 0x97, 0x55, 0x44, 0x56, 0x79, 0xBD, 0xF0, 0x47, 0x50, 0x7F,
  0xFF, 0xFD, 0x04, 0x76, 0x03, 0x0D, 0xFF, 0xFF, 0xB0, 0x47, 0x71, 0x07, 0x0E, 0xFF, 0xFF, 0x90,
  0x47, 0x72, 0x81, 0x18, 0xEF, 0xFF, 0xD0, 0xE0, 0x37, 0x75, 0x81, 0x49, 0xEF, 0xFE, 0x81, 0xC8,
  0x37, 0x77, 0x38, 0x62, 0x57, 0xAC, 0xDD, 0xEB, 0x86, 0xED, 0xDB, 0xA8, 0x63, 0x71,
  // "č" (U+010D), RLE, 802 bytes saved (68.4%)
  0x50, 0x8C, 0x0E, 0x05, 0x77, 0x20, 0x7D, 0x08, 0x50, 0x3E, 0x09, 0x76, 0x01, 0x0C, 0xD0, 0xE0,
  0x36, 0x04, 0xE0, 0xC0, 0x17, 0x30, 0x30, 0xED, 0x0E, 0x03, 0x71, 0x06, 0xE0, 0xE0, 0x37, 0x10,
  0x5F, 0x04, 0x73, 0x07, 0xE0, 0xE0, 0x46, 0x07, 0xF0, 0x47, 0x50, 0x9F, 0x05, 0x40, 0x8F, 0x06,
  0x77, 0x0B, 0xF0, 0x52, 0x09, 0xF0, 0x77, 0x72, 0x0C, 0xF0, 0x40, 0x9F, 0x09, 0x77, 0x30, 0x10,
  0xDF, 0xF0, 0xB7, 0x75, 0x03, 0x0E, 0xFD, 0x0C, 0x77, 0x70, 0x5F, 0xC0, 0xE0, 0x27, 0x77, 0x10,
  0x9F, 0xB0, 0x57, 0x77, 0x30, 0xDF, 0x90, 0xA7, 0x77, 0x40, 0x4F, 0x0E, 0x01, 0x80, 0xB8, 0x40,
  0x89, 0x51, 0x58, 0xBD, 0xEE, 0xFE, 0xDC, 0xB8, 0x63, 0x77, 0x38, 0x11, 0x7C, 0xFF, 0x98, 0x1E,
  0xA5, 0x75, 0x81, 0x19, 0xEF, 0xFE, 0x0E, 0x03, 0x72, 0x06, 0x0E, 0xFF, 0xFA, 0x01, 0x71, 0x0A,
  0xFF, 0xFB, 0x0A, 0x70, 0x10, 0xBF, 0xFF, 0xC0, 0x47, 0x0B, 0xFB, 0x89, 0x0E, 0xA7, 0x54, 0x46,
  0x7A, 0xDD, 0x0E, 0x70, 0x9F, 0xA0, 0xB0, 0x47, 0x38, 0x11, 0x6B, 0xA0, 0x86, 0x04, 0xF9, 0x0E,
  0x05, 0x77, 0x18, 0x11, 0x62, 0x60, 0xDF, 0x0E, 0x02, 0x77, 0x73, 0x07, 0xF9, 0x03, 0x77, 0x74,
  0x0E, 0xF0, 0x67, 0x77, 0x40, 0x5F, 0x0D, 0x77, 0x75, 0x0B, 0xF0, 0x57, 0x77, 0x5F, 0x0E, 0x77,
  0x75, 0x04, 0xF0, 0xA7, 0x77, 0x50, 0x8F, 0x05, 0x77, 0x75, 0x0A, 0xF0, 0x27, 0x77, 0x50, 0xDF,
  0x77, 0x76, 0xF0, 0xD7, 0x77, 0x50, 0x1F, 0x0B, 0x77, 0x75, 0x02, 0xF0, 0xA7, 0x77, 0x50, 0x3F,
  0x09, 0x77, 0x75, 0x03, 0xF0, 0x87, 0x77, 0x50, 0x3F, 0x09, 0x77, 0x75, 0x03, 0xF0, 0x97, 0x77,
  0x50, 0x2F, 0x0A, 0x77, 0x75, 0x01, 0xF0, 0xB7, 0x77, 0x6F, 0x0C, 0x77, 0x76, 0x0E, 0xF7, 0x77,
  0x60, 0xBF, 0x02, 0x77, 0x75, 0x09, 0xF0, 0x57, 0x77, 0x50, 0x6F, 0x0A, 0x77, 0x75, 0x01, 0xF0,
  0xE7, 0x77, 0x60, 0xDF, 0x05, 0x77, 0x75, 0x07, 0xF0, 0xD7, 0x77, 0x50, 0x1F, 0x90, 0x77, 0x77,
  0x50, 0xAF, 0x0E, 0x02, 0x77, 0x74, 0x02, 0xF9, 0x0D, 0x02, 0x77, 0x74, 0x07, 0xF9, 0x0E, 0x04,
  0x77, 0x28, 0x11, 0x78, 0x60, 0xCF, 0xA0, 0xA0, 0x37, 0x48, 0x11, 0x6B, 0xA0, 0xA6, 0x01, 0x0D,
  0xFB, 0x89, 0x1D, 0x96, 0x54, 0x55, 0x68, 0xBD, 0xD0, 0xA7, 0x03, 0x0E, 0xFF, 0xFC, 0x0A, 0x71,
  0x02, 0x0D, 0xFF, 0xFB, 0x0A, 0x72, 0x01, 0x09, 0xFF, 0xFA, 0x0A, 0x74, 0x03, 0x0B, 0xFF, 0xF0,
  0x77, 0x68, 0x13, 0x9E, 0xFF, 0x98, 0x1D, 0x81, 0x77, 0x38, 0x43, 0x79, 0xCD, 0xEB, 0x84, 0xED,
  0xB9, 0x61, 0x50,
  // "Ď" (U+010E), RLE, 1422 bytes saved (70.2%)
  0x71, 0x08, 0xC0, 0xE0, 0x57, 0x72, 0x07, 0xD0, 0x87, 0x76, 0x03, 0xE0, 0x97, 0x60, 0x10, 0xCD,
  0x0E, 0x03, 0x77, 0x70, 0x4E, 0x0C, 0x01, 0x73, 0x03, 0x0E, 0xD0, 0xE0, 0x37, 0x77, 0x20, 0x6E,
  0x0E, 0x03, 0x71, 0x05, 0xF0, 0x47, 0x77, 0x40, 0x7E, 0x0E, 0x04, 0x60, 0x7F, 0x04, 0x77, 0x76,
  0x09, 0xF0, 0x54, 0x08, 0xF0, 0x67, 0x77, 0x71, 0x0B, 0xF0, 0x52, 0x09, 0xF0, 0x77, 0x77, 0x73,
  0x0C, 0xF0, 0x40, 0x9F, 0x09, 0x77, 0x77, 0x40, 0x10, 0xDF, 0xF0, 0xB7, 0x77, 0x76, 0x03, 0x0E,
  0xFD, 0x0C, 0x80, 0xC0, 0x00, 0x5F, 0xC0, 0xE0, 0x28, 0x0C, 0x10, 0x09, 0xFB, 0x05, 0x80, 0xC3,
  0x00, 0xDF, 0x90, 0xA8, 0x0C, 0x40, 0x04, 0xF0, 0xE0, 0x18, 0x0C, 0xF6, 0x00, 0xAF, 0xFD, 0x86,
  0xED, 0xDC, 0xA7, 0x53, 0x77, 0x71, 0x0A, 0xFF, 0xFE, 0x82, 0xEA, 0x62, 0x77, 0x40, 0xAF, 0xFF,
  0xFB, 0x0C, 0x05, 0x77, 0x20, 0xAF, 0xFF, 0xFD, 0x0E, 0x07, 0x77, 0x0A, 0xFF, 0xFF, 0xF0, 0xD0,
  0x47, 0x50, 0xA8, 0x0C, 0x1F, 0x0A, 0x74, 0x0A, 0xF0, 0x58, 0x06, 0x48, 0x45, 0x56, 0x8A, 0xDF,
  0xF0, 0xC0, 0x27, 0x20, 0xAF, 0x01, 0x77, 0x38, 0x14, 0x9E, 0xFC, 0x0E, 0x03, 0x71, 0x0A, 0xF0,
  0x17, 0x76, 0x04, 0x0B, 0xFB, 0x0E, 0x02, 0x70, 0xAF, 0x01, 0x77, 0x71, 0x04, 0x0D, 0xFA, 0x0E,
  0x01, 0x60, 0xAF, 0x01, 0x77, 0x73, 0x08, 0xFA, 0x0D, 0x60, 0xAF, 0x01, 0x77, 0x74, 0x05, 0xFA,
  0x08, 0x50, 0xAF, 0x01, 0x77, 0x75, 0x04, 0xFA, 0x03, 0x40, 0xAF, 0x01, 0x77, 0x76, 0x05, 0xF9,
  0x0C, 0x40, 0xAF, 0x01, 0x77, 0x77, 0x09, 0xF9, 0x04, 0x30, 0xAF, 0x01, 0x77, 0x77, 0x10, 0xEF,
  0x0B, 0x30, 0xAF, 0x01, 0x77, 0x77, 0x10, 0x6F, 0x90, 0x32, 0x0A, 0xF0, 0x17, 0x77, 0x72, 0x0E,
  0xF0, 0x92, 0x0A, 0xF0, 0x17, 0x77, 0x72, 0x08, 0xF0, 0xD2, 0x0A, 0xF0, 0x17, 0x77, 0x72, 0x02,
  0xF9, 0x81, 0x30, 0xAF, 0x01, 0x77, 0x77, 0x30, 0xDF, 0x81, 0x70, 0xAF, 0x01, 0x77, 0x77, 0x30,
  0x9F, 0x81, 0xA0, 0xAF, 0x01, 0x77, 0x77, 0x30, 0x5F, 0x81, 0xD0, 0xAF, 0x01, 0x77, 0x77, 0x30,
  0x2F, 0x91, 0x0A, 0xF0, 0x17, 0x77, 0x74, 0xF9, 0x02, 0x0A, 0xF0, 0x17, 0x77, 0x74, 0x0E, 0xF0,
  0x40, 0xAF, 0x01, 0x77, 0x77, 0x40, 0xCF, 0x05, 0x0A, 0xF0, 0x17, 0x77, 0x74, 0x0B, 0xF0, 0x60,
  0xAF, 0x01, 0x77, 0x77, 0x40, 0xAF, 0x07, 0x0A, 0xF0, 0x17, 0x77, 0x74, 0x0A, 0xF0, 0x70, 0xAF,
  0x01, 0x77, 0x77, 0x40, 0xAF, 0x07, 0x0A, 0xF0, 0x17, 0x77, 0x74, 0x0A, 0xF0, 0x70, 0xAF, 0x01,
  0x77, 0x77, 0x40, 0xBF, 0x06, 0x0A, 0xF0, 0x17, 0x77, 0x74, 0x0C, 0xF0, 0x60, 0xAF, 0x01, 0x77,
  0x77, 0x40, 0xDF, 0x04, 0x0A, 0xF0, 0x17, 0x77, 0x74, 0xF9, 0x02, 0x0A, 0xF0, 0x17, 0x77, 0x73,
  0x02, 0xF9, 0x01, 0x0A, 0xF0, 0x17, 0x77, 0x73, 0x05, 0xF8, 0x1E, 0x0A, 0xF0, 0x17, 0x77, 0x73,
  0x08, 0xF8, 0x1B, 0x0A, 0xF0, 0x17, 0x77, 0x73, 0x0C, 0xF8, 0x18, 0x0A, 0xF0, 0x17, 0x77, 0x72,
  0x01, 0xF9, 0x81, 0x40, 0xAF, 0x01, 0x77, 0x77, 0x20, 0x6F, 0x92, 0x0A, 0xF0, 0x17, 0x77, 0x72,
  0x0C, 0xF0, 0xA2, 0x0A, 0xF0, 0x17, 0x77, 0x71, 0x04, 0xF9, 0x05, 0x20, 0xAF, 0x01, 0x77, 0x77,
  0x10, 0xCF, 0x0E, 0x30, 0xAF, 0x01, 0x77, 0x77, 0x06, 0xF9, 0x08, 0x30, 0xAF, 0x01, 0x77, 0x76,
  0x02, 0x0E, 0xF0, 0xE0, 0x13, 0x0A, 0xF0, 0x17, 0x77, 0x50, 0x10, 0xDF, 0x90, 0x74, 0x0A, 0xF0,
  0x17, 0x77, 0x50, 0xBF, 0x90, 0xD5, 0x0A, 0xF0, 0x17, 0x77, 0x30, 0x10, 0xCF, 0xA0, 0x35, 0x0A,
  0xF0, 0x17, 0x77, 0x20, 0x50, 0xEF, 0xA0, 0x76, 0x0A, 0xF0, 0x17, 0x77, 0x02, 0x0A, 0xFB, 0x0A,
  0x70, 0xAF, 0x01, 0x77, 0x50, 0x40, 0xAF, 0xC0, 0xA7, 0x10, 0xAF, 0x01, 0x77, 0x18, 0x21, 0x49,
  0xDF, 0xD0, 0xA7, 0x20, 0xAF, 0x05, 0x80, 0x54, 0x84, 0x56, 0x79, 0xBD, 0xFF, 0x90, 0x77, 0x30,
  0xA8, 0x0C, 0x0F, 0x0D, 0x03, 0x74, 0x0A, 0xFF, 0xFF, 0xF0, 0x87, 0x60, 0xAF, 0xFF, 0xFD, 0x09,
  0x01, 0x77, 0x0A, 0xFF, 0xFF, 0xA8, 0x1C, 0x61, 0x77, 0x20, 0xAF, 0xFF, 0xD8, 0x2E, 0xB6, 0x27,
  0x75, 0x0A, 0xFF, 0xC8, 0x6E, 0xED, 0xB9, 0x85, 0x27, 0x77, 0x20,
  // "ď" (U+010F), RLE, 1293 bytes saved (70.0%)
  0x77, 0x77, 0x6F, 0x09, 0x50, 0x5F, 0x02, 0x77, 0x77, 0x6F, 0x09, 0x50, 0x7E, 0x0E, 0x77, 0x77,
  0x7F, 0x09, 0x50, 0xAE, 0x0A, 0x77, 0x77, 0x7F, 0x09, 0x50, 0xDE, 0x04, 0x77, 0x77, 0x7F, 0x09,
  0x5E, 0x0D, 0x80, 0xC0, 0x0F, 0x09, 0x40, 0x3E, 0x07, 0x80, 0xC0, 0x0F, 0x09, 0x40, 0x7D, 0x0E,
  0x01, 0x80, 0xC0, 0x0F, 0x09, 0x40, 0xAD, 0x08, 0x80, 0xC1, 0x0F, 0x09, 0x40, 0xDD, 0x01, 0x80,
  0xC1, 0x0F, 0x09, 0x30, 0x2D, 0x09, 0x80, 0xC2, 0x0F, 0x09, 0x30, 0x6C, 0x0E, 0x01, 0x80, 0xC2,
  0x0F, 0x09, 0x30, 0xAC, 0x07, 0x80, 0xC3, 0x0F, 0x09, 0x30, 0xEB, 0x0D, 0x80, 0xC4, 0x0F, 0x09,
  0x20, 0x2C, 0x04, 0x80, 0xC4, 0x0F, 0x09, 0x80, 0xD4, 0x0F, 0x09, 0x80, 0xD4, 0x0F, 0x09, 0x80,
  0xD4, 0x0F, 0x09, 0x77, 0x76, 0x89, 0x31, 0x58, 0xBD, 0xEF, 0xEE, 0xCA, 0x73, 0x71, 0xF0, 0x97,
  0x77, 0x40, 0x30, 0xAF, 0xE0, 0xD0, 0x66, 0x0E, 0xE0, 0x97, 0x77, 0x20, 0x10, 0xAF, 0xFB, 0x0D,
  0x04, 0x40, 0xDE, 0x09, 0x77, 0x71, 0x05, 0x0E, 0xFF, 0xE0, 0x83, 0x0C, 0xE0, 0x97, 0x77, 0x07,
  0xFF, 0xFA, 0x0B, 0x20, 0xAE, 0x09, 0x77, 0x60, 0x7F, 0xFF, 0xC8, 0x1B, 0x09, 0xE0, 0x97, 0x75,
  0x05, 0xFC, 0x87, 0xB7, 0x54, 0x45, 0x79, 0xDF, 0x09, 0x08, 0xE0, 0x97, 0x74, 0x02, 0x0E, 0xF9,
  0x81, 0xE7, 0x17, 0x20, 0x20, 0x9F, 0xE0, 0x97, 0x74, 0x0B, 0xF9, 0x0C, 0x02, 0x76, 0x02, 0x0C,
  0xFC, 0x09, 0x77, 0x30, 0x5F, 0x90, 0xC0, 0x17, 0x71, 0x01, 0x0C, 0xFB, 0x09, 0x77, 0x30, 0xCF,
  0x0E, 0x02, 0x77, 0x30, 0x10, 0xEF, 0xA0, 0x97, 0x72, 0x03, 0xF9, 0x06, 0x77, 0x50, 0x7F, 0xA0,
  0x97, 0x72, 0x09, 0xF0, 0xE7, 0x77, 0x0E, 0xF9, 0x09, 0x77, 0x20, 0xEF, 0x06, 0x77, 0x70, 0x8F,
  0x90, 0x97, 0x71, 0x02, 0xF9, 0x01, 0x77, 0x70, 0x3F, 0x90, 0x97, 0x71, 0x06, 0xF0, 0xB7, 0x77,
  0x20, 0xEF, 0x09, 0x77, 0x10, 0x9F, 0x06, 0x77, 0x72, 0x09, 0xF0, 0x97, 0x71, 0x0C, 0xF0, 0x37,
  0x77, 0x20, 0x7F, 0x09, 0x77, 0x10, 0xEF, 0x77, 0x73, 0x05, 0xF0, 0x97, 0x71, 0xF0, 0xD7, 0x77,
  0x30, 0x2F, 0x09, 0x77, 0x01, 0xF0, 0xB7, 0x77, 0x30, 0x1F, 0x09, 0x77, 0x03, 0xF0, 0xA7, 0x77,
  0x4F, 0x09, 0x77, 0x03, 0xF0, 0xA7, 0x77, 0x4F, 0x09, 0x77, 0x03, 0xF0, 0x97, 0x77, 0x40, 0xEE,
  0x09, 0x77, 0x03, 0xF0, 0x87, 0x77, 0x40, 0xEE, 0x09, 0x77, 0x03, 0xF0, 0x97, 0x77, 0x40, 0xEE,
  0x09, 0x77, 0x03, 0xF0, 0xA7, 0x77, 0x40, 0xEE, 0x09, 0x77, 0x02, 0xF0, 0xB7, 0x77, 0x40, 0xEE,
  0x09, 0x77, 0x1F, 0x0C, 0x77, 0x74, 0xF0, 0x97, 0x71, 0x0E, 0xE0, 0xE7, 0x77, 0x30, 0x1F, 0x09,
  0x77, 0x10, 0xCF, 0x02, 0x77, 0x72, 0x03, 0xF0, 0x97, 0x71, 0x0A, 0xF0, 0x47, 0x77, 0x20, 0x6F,
  0x09, 0x77, 0x10, 0x7F, 0x09, 0x77, 0x72, 0x09, 0xF0, 0x97, 0x71, 0x03, 0xF0, 0xE7, 0x77, 0x20,
  0xDF, 0x09, 0x77, 0x20, 0xEF, 0x03, 0x77, 0x70, 0x3F, 0x90, 0x97, 0x72, 0x0A, 0xF0, 0xB7, 0x77,
  0x09, 0xF9, 0x09, 0x77, 0x20, 0x4F, 0x90, 0x47, 0x75, 0x02, 0xFA, 0x09, 0x77, 0x30, 0xDF, 0x0D,
  0x77, 0x50, 0xBF, 0xA0, 0x97, 0x73, 0x06, 0xF9, 0x0A, 0x77, 0x30, 0x8F, 0xB0, 0x97, 0x74, 0x0D,
  0xF9, 0x0B, 0x01, 0x76, 0x01, 0x0A, 0xFC, 0x09, 0x77, 0x40, 0x3F, 0xA0, 0xE0, 0x67, 0x38, 0x11,
  0x7E, 0xFD, 0x09, 0x77, 0x50, 0x7F, 0xB8, 0x90, 0xEA, 0x75, 0x44, 0x56, 0x9C, 0xF0, 0x90, 0x8E,
  0x09, 0x77, 0x60, 0x9F, 0xFF, 0xC8, 0x1B, 0x05, 0xE0, 0x97, 0x77, 0x09, 0xFF, 0xFA, 0x0B, 0x20,
  0x2E, 0x09, 0x77, 0x71, 0x07, 0xFF, 0xF0, 0x84, 0xE0, 0x97, 0x77, 0x20, 0x20, 0xCF, 0xFB, 0x0D,
  0x04, 0x50, 0xCD, 0x09, 0x77, 0x74, 0x04, 0x0B, 0xFE, 0x0D, 0x06, 0x70, 0x9D, 0x09, 0x77, 0x76,
  0x89, 0x31, 0x59, 0xBD, 0xEF, 0xEE, 0xCA, 0x73, 0x77, 0x77, 0x20,
  // "Đ" (U+0110), RLE, 1189 bytes saved (69.6%)
  0x60, 0x1F, 0xFD, 0x86, 0xED, 0xDC, 0xA7, 0x53, 0x77, 0x77, 0x01, 0xFF, 0xFE, 0x82, 0xEA, 0x61,
  0x77, 0x73, 0x01, 0xFF, 0xFF, 0xB0, 0xB0, 0x47, 0x77, 0x10, 0x1F, 0xFF, 0xFD, 0x0D, 0x06, 0x77,
  0x60, 0x1F, 0xFF, 0xFF, 0x0C, 0x03, 0x77, 0x40, 0x18, 0x0C, 0x1F, 0x09, 0x77, 0x30, 0x1F, 0x0C,
  0x80, 0x64, 0x84, 0x55, 0x68, 0xAD, 0xFF, 0x0C, 0x01, 0x77, 0x10, 0x1F, 0x0A, 0x77, 0x38, 0x14,
  0x9E, 0xFC, 0x0D, 0x03, 0x77, 0x01, 0xF0, 0xA7, 0x76, 0x05, 0x0C, 0xFB, 0x0E, 0x02, 0x76, 0x01,
  0xF0, 0xA7, 0x77, 0x10, 0x40, 0xDF, 0xA0, 0xD0, 0x17, 0x50, 0x1F, 0x0A, 0x77, 0x73, 0x09, 0xFA,
  0x0C, 0x75, 0x01, 0xF0, 0xA7, 0x77, 0x40, 0x6F, 0xA0, 0x77, 0x40, 0x1F, 0x0A, 0x77, 0x75, 0x05,
  0xFA, 0x02, 0x73, 0x01, 0xF0, 0xA7, 0x77, 0x60, 0x6F, 0x90, 0xC7, 0x30, 0x1F, 0x0A, 0x77, 0x77,
  0x0A, 0xF9, 0x04, 0x72, 0x01, 0xF0, 0xA7, 0x77, 0x70, 0x10, 0xEF, 0x0B, 0x72, 0x01, 0xF0, 0xA7,
  0x77, 0x71, 0x06, 0xF9, 0x03, 0x71, 0x01, 0xF0, 0xA7, 0x77, 0x72, 0x0E, 0xF0, 0x97, 0x10, 0x1F,
  0x0A, 0x77, 0x77, 0x20, 0x8F, 0x0D, 0x71, 0x01, 0xF0, 0xA7, 0x77, 0x72, 0x02, 0xF9, 0x02, 0x70,
  0x1F, 0x0A, 0x77, 0x77, 0x30, 0xDF, 0x07, 0x70, 0x1F, 0x0A, 0x77, 0x77, 0x30, 0x9F, 0x0A, 0x70,
  0x1F, 0x0A, 0x77, 0x77, 0x30, 0x5F, 0x0D, 0x70, 0x1F, 0x0A, 0x77, 0x77, 0x30, 0x2F, 0x97, 0x01,
  0xF0, 0xA7, 0x77, 0x74, 0xF9, 0x02, 0x60, 0x1F, 0x0A, 0x77, 0x77, 0x40, 0xEF, 0x04, 0x60, 0x1F,
  0x0A, 0x77, 0x77, 0x40, 0xCF, 0x05, 0x01, 0x80, 0x14, 0x05, 0xF0, 0xC8, 0x09, 0x34, 0x77, 0x30,
  0xBF, 0x00, 0x6F, 0xFF, 0xF9, 0x77, 0x30, 0xAF, 0x07, 0x06, 0xFF, 0xFF, 0x97, 0x73, 0x0A, 0xF0,
  0x70, 0x6F, 0xFF, 0xF9, 0x77, 0x30, 0xAF, 0x07, 0x06, 0xFF, 0xFF, 0x97, 0x73, 0x0A, 0xF0, 0x70,
  0x6F, 0xFF, 0xF9, 0x77, 0x30, 0xBF, 0x00, 0x6F, 0xFF, 0xF9, 0x77, 0x30, 0xCF, 0x06, 0x60, 0x1F,
  0x0A, 0x77, 0x77, 0x40, 0xDF, 0x04, 0x60, 0x1F, 0x0A, 0x77, 0x77, 0x4F, 0x90, 0x26, 0x01, 0xF0,
  0xA7, 0x77, 0x73, 0x02, 0xF9, 0x01, 0x60, 0x1F, 0x0A, 0x77, 0x77, 0x30, 0x5F, 0x0E, 0x70, 0x1F,
  0x0A, 0x77, 0x77, 0x30, 0x8F, 0x0B, 0x70, 0x1F, 0x0A, 0x77, 0x77, 0x30, 0xCF, 0x08, 0x70, 0x1F,
  0x0A, 0x77, 0x77, 0x20, 0x1F, 0x90, 0x47, 0x01, 0xF0, 0xA7, 0x77, 0x72, 0x06, 0xF9, 0x71, 0x01,
  0xF0, 0xA7, 0x77, 0x72, 0x0C, 0xF0, 0xA7, 0x10, 0x1F, 0x0A, 0x77, 0x77, 0x10, 0x4F, 0x90, 0x57,
  0x10, 0x1F, 0x0A, 0x77, 0x77, 0x10, 0xCF, 0x0E, 0x72, 0x01, 0xF0, 0xA7, 0x77, 0x70, 0x6F, 0x90,
  0x87, 0x20, 0x1F, 0x0A, 0x77, 0x76, 0x02, 0x0E, 0xF0, 0xE0, 0x17, 0x20, 0x1F, 0x0A, 0x77, 0x75,
  0x01, 0x0D, 0xF9, 0x07, 0x73, 0x01, 0xF0, 0xA7, 0x77, 0x50, 0xBF, 0x90, 0xD7, 0x40, 0x1F, 0x0A,
  0x77, 0x73, 0x01, 0x0C, 0xFA, 0x03, 0x74, 0x01, 0xF0, 0xA7, 0x77, 0x20, 0x50, 0xEF, 0xA0, 0x77,
  0x50, 0x1F, 0x0A, 0x77, 0x70, 0x20, 0xAF, 0xB0, 0xA7, 0x60, 0x1F, 0x0A, 0x77, 0x50, 0x40, 0xAF,
  0xC0, 0xA7, 0x70, 0x1F, 0x0A, 0x77, 0x18, 0x21, 0x49, 0xDF, 0xD0, 0xA7, 0x71, 0x01, 0xF0, 0xC8,
  0x05, 0x48, 0x45, 0x67, 0x9B, 0xDF, 0xF9, 0x07, 0x77, 0x20, 0x18, 0x0C, 0x0F, 0x0D, 0x03, 0x77,
  0x30, 0x1F, 0xFF, 0xFF, 0x08, 0x77, 0x50, 0x1F, 0xFF, 0xFD, 0x08, 0x01, 0x77, 0x60, 0x1F, 0xFF,
  0xFA, 0x81, 0xC6, 0x17, 0x77, 0x10, 0x1F, 0xFF, 0xD8, 0x2E, 0xB6, 0x27, 0x77, 0x40, 0x1F, 0xFC,
  0x86, 0xED, 0xCB, 0x97, 0x52, 0x77, 0x72,
  // "đ" (U+0111), RLE, 1114 bytes saved (68.9%)
  0x77, 0x77, 0x6F, 0x09, 0x80, 0xC5, 0x0F, 0x09, 0x80, 0xC5, 0x0F, 0x09, 0x80, 0xC5, 0x0F, 0x09,
  0x80, 0xC5, 0x0F, 0x09, 0x80, 0xC5, 0x0F, 0x09, 0x80, 0xC5, 0x0F, 0x09, 0x77, 0x71, 0x04, 0xFF,
  0xFF, 0xC0, 0x17, 0x71, 0x04, 0xFF, 0xFF, 0xC0, 0x17, 0x71, 0x04, 0xFF, 0xFF, 0xC0, 0x17, 0x71,
  0x04, 0xFF, 0xFF, 0xC0, 0x17, 0x71, 0x04, 0xFF, 0xFF, 0xC0, 0x17, 0x71, 0x04, 0xFF, 0xFF, 0xC0,
  0x17, 0x71, 0x01, 0x80, 0x96, 0x4F, 0x0A, 0x80, 0x24, 0x77, 0x77, 0x7F, 0x09, 0x80, 0xC5, 0x0F,
  0x09, 0x80, 0xC5, 0x0F, 0x09, 0x80, 0xC5, 0x0F, 0x09, 0x77, 0x68, 0x93, 0x15, 0x9B, 0xDE, 0xFE,
  0xEC, 0xA7, 0x27, 0x1F, 0x09, 0x77, 0x40, 0x40, 0xAF, 0xE0, 0xD0, 0x56, 0x0E, 0xE0, 0x97, 0x72,
  0x02, 0x0B, 0xFF, 0xB0, 0xD0, 0x34, 0x0E, 0xE0, 0x97, 0x71, 0x06, 0xFF, 0xF0, 0x73, 0x0D, 0xE0,
  0x97, 0x70, 0x8F, 0xFF, 0xA0, 0x92, 0x0B, 0xE0, 0x97, 0x60, 0x9F, 0xFF, 0xC8, 0x19, 0x0A, 0xE0,
  0x97, 0x50, 0x7F, 0xB8, 0x90, 0xEA, 0x75, 0x44, 0x57, 0x9D, 0xF0, 0x70, 0x8E, 0x09, 0x74, 0x03,
  0xFA, 0x0E, 0x07, 0x73, 0x02, 0x08, 0xE0, 0xDE, 0x09, 0x74, 0x0C, 0xF9, 0x0C, 0x01, 0x76, 0x02,
  0x0C, 0xFC, 0x09, 0x73, 0x05, 0xF9, 0x0C, 0x77, 0x30, 0xBF, 0xB0, 0x97, 0x30, 0xDF, 0x0E, 0x01,
  0x77, 0x30, 0x10, 0xDF, 0xA0, 0x97, 0x20, 0x4F, 0x90, 0x67, 0x75, 0x05, 0xFA, 0x09, 0x72, 0x09,
  0xF0, 0xD7, 0x77, 0x0D, 0xF9, 0x09, 0x72, 0x0E, 0xF0, 0x67, 0x77, 0x07, 0xF9, 0x09, 0x71, 0x03,
  0xF9, 0x01, 0x77, 0x70, 0x1F, 0x90, 0x97, 0x10, 0x6F, 0x0C, 0x77, 0x72, 0x0D, 0xF0, 0x97, 0x10,
  0x9F, 0x07, 0x77, 0x72, 0x09, 0xF0, 0x97, 0x10, 0xCF, 0x04, 0x77, 0x72, 0x06, 0xF0, 0x97, 0x10,
  0xEF, 0x01, 0x77, 0x72, 0x04, 0xF0, 0x97, 0x1F, 0x0E, 0x77, 0x73, 0x02, 0xF0, 0x97, 0x01, 0xF0,
  0xC7, 0x77, 0x4F, 0x09, 0x70, 0x3F, 0x0B, 0x77, 0x74, 0xF0, 0x97, 0x03, 0xF0, 0xB7, 0x77, 0x40,
  0xEE, 0x09, 0x70, 0x3F, 0x0A, 0x77, 0x74, 0x0E, 0xE0, 0x97, 0x03, 0xF0, 0xA7, 0x77, 0x40, 0xEE,
  0x09, 0x70, 0x3F, 0x0A, 0x77, 0x74, 0x0E, 0xE0, 0x97, 0x03, 0xF0, 0xB7, 0x77, 0x40, 0xEE, 0x09,
  0x70, 0x2F, 0x0C, 0x77, 0x74, 0x0E, 0xE0, 0x97, 0x1F, 0x0D, 0x77, 0x74, 0xF0, 0x97, 0x10, 0xEF,
  0x77, 0x73, 0x01, 0xF0, 0x97, 0x10, 0xCF, 0x03, 0x77, 0x72, 0x03, 0xF0, 0x97, 0x10, 0xAF, 0x05,
  0x77, 0x72, 0x06, 0xF0, 0x97, 0x10, 0x7F, 0x0A, 0x77, 0x72, 0x09, 0xF0, 0x97, 0x10, 0x3F, 0x0E,
  0x77, 0x72, 0x0D, 0xF0, 0x97, 0x20, 0xEF, 0x04, 0x77, 0x70, 0x3F, 0x90, 0x97, 0x20, 0x9F, 0x0C,
  0x77, 0x70, 0x9F, 0x90, 0x97, 0x20, 0x4F, 0x90, 0x47, 0x75, 0x02, 0xFA, 0x09, 0x73, 0x0D, 0xF0,
  0xD7, 0x75, 0x0B, 0xFA, 0x09, 0x73, 0x06, 0xF9, 0x0A, 0x77, 0x30, 0x8F, 0xB0, 0x97, 0x40, 0xCF,
  0x90, 0xB0, 0x17, 0x60, 0x10, 0xAF, 0xC0, 0x97, 0x40, 0x3F, 0xA0, 0xE0, 0x67, 0x38, 0x11, 0x7E,
  0xFD, 0x09, 0x75, 0x07, 0xFB, 0x89, 0x0E, 0xA7, 0x54, 0x45, 0x69, 0xCF, 0x07, 0x09, 0xE0, 0x97,
  0x60, 0x9F, 0xFF, 0xC8, 0x1A, 0x07, 0xE0, 0x97, 0x70, 0x9F, 0xFF, 0xA0, 0xA2, 0x04, 0xE0, 0x97,
  0x71, 0x06, 0xFF, 0xF0, 0x73, 0x01, 0xE0, 0x97, 0x72, 0x02, 0x0B, 0xFF, 0xB0, 0xD0, 0x35, 0x0D,
  0xD0, 0x97, 0x74, 0x04, 0x0B, 0xFE, 0x0D, 0x06, 0x70, 0xAD, 0x09, 0x77, 0x68, 0x93, 0x15, 0x9B,
  0xDE, 0xFE, 0xEC, 0xA7, 0x27, 0x77, 0x20,
  // "Ē" (U+0112), RLE, 988 bytes saved (76.3%)
  0x50, 0x28, 0x0A, 0x54, 0x72, 0x08, 0xFF, 0xFC, 0x72, 0x08, 0xFF, 0xFC, 0x72, 0x08, 0xFF, 0xFC,
  0x72, 0x08, 0xFF, 0xFC, 0x72, 0x08, 0xFF, 0xFC, 0x72, 0x08, 0xFF, 0xFC, 0x80, 0xBA, 0x20, 0x0A,
  0xFF, 0xFF, 0xD0, 0x0A, 0xFF, 0xFF, 0xD0, 0x0A, 0xFF, 0xFF, 0xD0, 0x0A, 0xFF, 0xFF, 0xD0, 0x0A,
  0xFF, 0xFF, 0xD0, 0x0A, 0xFF, 0xFF, 0xD0, 0x0A, 0xF0, 0x58, 0x0A, 0x54, 0x02, 0x0A, 0xF0, 0x17,
  0x77, 0x50, 0xAF, 0x01, 0x77, 0x75, 0x0A, 0xF0, 0x17, 0x77, 0x50, 0xAF, 0x01, 0x77, 0x75, 0x0A,
  0xF0, 0x17, 0x77, 0x50, 0xAF, 0x01, 0x77, 0x75, 0x0A, 0xF0, 0x17, 0x77, 0x50, 0xAF, 0x01, 0x77,
  0x75, 0x0A, 0xF0, 0x17, 0x77, 0x50, 0xAF, 0x01, 0x77, 0x75, 0x0A, 0xF0, 0x17, 0x77, 0x50, 0xAF,
  0x01, 0x77, 0x75, 0x0A, 0xF0, 0x17, 0x77, 0x50, 0xAF, 0x01, 0x77, 0x75, 0x0A, 0xF0, 0x17, 0x77,
  0x50, 0xAF, 0x01, 0x77, 0x75, 0x0A, 0xF0, 0x17, 0x77, 0x50, 0xAF, 0x01, 0x77, 0x75, 0x0A, 0xF0,
  0x58, 0x0A, 0x44, 0x20, 0xAF, 0xFF, 0xFC, 0x81, 0x10, 0xAF, 0xFF, 0xFC, 0x81, 0x10, 0xAF, 0xFF,
  0xFC, 0x81, 0x10, 0xAF, 0xFF, 0xFC, 0x81, 0x10, 0xAF, 0xFF, 0xFC, 0x81, 0x10, 0xAF, 0xFF, 0xFC,
  0x81, 0x10, 0xAF, 0x01, 0x77, 0x75, 0x0A, 0xF0, 0x17, 0x77, 0x50, 0xAF, 0x01, 0x77, 0x75, 0x0A,
  0xF0, 0x17, 0x77, 0x50, 0xAF, 0x01, 0x77, 0x75, 0x0A, 0xF0, 0x17, 0x77, 0x50, 0xAF, 0x01, 0x77,
  0x75, 0x0A, 0xF0, 0x17, 0x77, 0x50, 0xAF, 0x01, 0x77, 0x75, 0x0A, 0xF0, 0x17, 0x77, 0x50, 0xAF,
  0x01, 0x77, 0x75, 0x0A, 0xF0, 0x17, 0x77, 0x50, 0xAF, 0x01, 0x77, 0x75, 0x0A, 0xF0, 0x17, 0x77,
  0x50, 0xAF, 0x01, 0x77, 0x75, 0x0A, 0xF0, 0x17, 0x77, 0x50, 0xAF, 0x01, 0x77, 0x75, 0x0A, 0xF0,
  0x17, 0x77, 0x50, 0xAF, 0x01, 0x77, 0x75, 0x0A, 0xF0, 0x17, 0x77, 0x50, 0xAF, 0x01, 0x77, 0x75,
  0x0A, 0xF0, 0x17, 0x77, 0x50, 0xAF, 0x05, 0x80, 0xA5, 0x40, 0x20, 0xAF, 0xFF, 0xFD, 0x00, 0xAF,
  0xFF, 0xFD, 0x00, 0xAF, 0xFF, 0xFD, 0x00, 0xAF, 0xFF, 0xFD, 0x00, 0xAF, 0xFF, 0xFD, 0x00, 0xAF,
  0xFF, 0xFD, 0x0A,
  // "ē" (U+0113), RLE, 884 bytes saved (71.9%)
  0x70, 0x28, 0x0A, 0x54, 0x77, 0x10, 0x8F, 0xFF, 0xC7, 0x71, 0x08, 0xFF, 0xFC, 0x77, 0x10, 0x8F,
  0xFF, 0xC7, 0x71, 0x08, 0xFF, 0xFC, 0x77, 0x10, 0x8F, 0xFF, 0xC7, 0x71, 0x08, 0xFF, 0xFC, 0x80,
  0xBC, 0x00, 0x89, 0x34, 0x7A, 0xCD, 0xEF, 0xED, 0xB8, 0x51, 0x77, 0x74, 0x81, 0x39, 0xEF, 0xE0,
  0xA0, 0x47, 0x77, 0x02, 0x0A, 0xFF, 0xC0, 0xB0, 0x37, 0x74, 0x06, 0xFF, 0xF9, 0x07, 0x77, 0x20,
  0x9F, 0xFF, 0xB0, 0xA7, 0x70, 0xAF, 0xFF, 0xD0, 0xA7, 0x50, 0xAF, 0xB8, 0x6C, 0x86, 0x55, 0x67,
  0xBF, 0xB0, 0x87, 0x30, 0x6F, 0xA0, 0x80, 0x17, 0x10, 0x10, 0x7F, 0xA0, 0x57, 0x10, 0x2F, 0x90,
  0xC0, 0x27, 0x50, 0x20, 0xDF, 0x0E, 0x71, 0x0B, 0xF0, 0xC0, 0x17, 0x70, 0x20, 0xDF, 0x07, 0x60,
  0x4F, 0x0E, 0x01, 0x77, 0x20, 0x4F, 0x0E, 0x60, 0xCF, 0x04, 0x77, 0x40, 0xAF, 0x06, 0x40, 0x3F,
  0x0B, 0x77, 0x50, 0x3F, 0x0C, 0x40, 0x9F, 0x03, 0x77, 0x60, 0xCF, 0x01, 0x30, 0xEE, 0x0D, 0x77,
  0x70, 0x7F, 0x05, 0x20, 0x2F, 0x08, 0x77, 0x70, 0x4F, 0x08, 0x20, 0x6F, 0x04, 0x77, 0x70, 0x1F,
  0x0B, 0x20, 0xAF, 0x01, 0x77, 0x71, 0x0E, 0xE0, 0xD2, 0x0C, 0xE0, 0xE7, 0x77, 0x20, 0xDF, 0x20,
  0xEE, 0x0D, 0x80, 0xA3, 0x40, 0xDF, 0x10, 0x18, 0x0C, 0x3F, 0x01, 0x02, 0x80, 0xC3, 0xF0, 0x10,
  0x28, 0x0C, 0x3F, 0x01, 0x03, 0x80, 0xC3, 0xF0, 0x10, 0x38, 0x0C, 0x3F, 0x01, 0x03, 0x80, 0xC3,
  0xF0, 0x10, 0x2F, 0x09, 0x77, 0x77, 0x40, 0x1F, 0x0A, 0x77, 0x77, 0x5F, 0x0C, 0x77, 0x77, 0x50,
  0xDE, 0x0D, 0x77, 0x77, 0x50, 0xBF, 0x01, 0x77, 0x77, 0x40, 0x8F, 0x05, 0x77, 0x77, 0x40, 0x4F,
  0x09, 0x77, 0x77, 0x50, 0xEE, 0x0E, 0x77, 0x77, 0x50, 0xAF, 0x06, 0x77, 0x77, 0x40, 0x4F, 0x0D,
  0x77, 0x77, 0x50, 0xDF, 0x09, 0x77, 0x77, 0x40, 0x5F, 0x90, 0x67, 0x77, 0x74, 0x0B, 0xF9, 0x07,
  0x77, 0x72, 0x02, 0x70, 0x2F, 0xA0, 0xA0, 0x27, 0x74, 0x81, 0x16, 0xC9, 0x71, 0x06, 0xFB, 0x09,
  0x03, 0x76, 0x81, 0x37, 0xBC, 0x72, 0x08, 0xFC, 0x89, 0x2E, 0xA7, 0x65, 0x45, 0x66, 0x7A, 0xCF,
  0x97, 0x30, 0x8F, 0xFF, 0xFA, 0x74, 0x06, 0xFF, 0xFF, 0x97, 0x50, 0x20, 0xCF, 0xFF, 0xE7, 0x70,
  0x60, 0xDF, 0xFF, 0xA0, 0xA0, 0x47, 0x72, 0x81, 0x4A, 0xEF, 0xFA, 0x82, 0xEA, 0x61, 0x77, 0x78,
  0x43, 0x79, 0xCD, 0xEB, 0x85, 0xED, 0xCA, 0x86, 0x27, 0x20,
  // "Ĕ" (U+0114), RLE, 1015 bytes saved (73.4%)
  0x58, 0x44, 0x77, 0x77, 0x17, 0x72, 0x84, 0x47, 0x77, 0x71, 0x70, 0x6C, 0x04, 0x77, 0x20, 0xCC,
  0x71, 0x04, 0xC0, 0x97, 0x71, 0x02, 0xC0, 0xD7, 0x10, 0x1D, 0x02, 0x77, 0x0B, 0xC0, 0x97, 0x20,
  0xBC, 0x0D, 0x04, 0x74, 0x04, 0x0C, 0xD0, 0x37, 0x20, 0x5E, 0x89, 0x1D, 0xA7, 0x54, 0x45, 0x67,
  0xAE, 0xE0, 0xC7, 0x40, 0xCF, 0xFF, 0x90, 0x37, 0x40, 0x30, 0xEF, 0xFE, 0x07, 0x76, 0x05, 0xFF,
  0xD0, 0x87, 0x71, 0x04, 0x0E, 0xFF, 0x90, 0xE0, 0x67, 0x73, 0x81, 0x18, 0xEF, 0xC8, 0x1E, 0x92,
  0x77, 0x78, 0x92, 0x58, 0xBD, 0xEF, 0xED, 0xC9, 0x51, 0x80, 0xBB, 0x00, 0x0A, 0xFF, 0xFF, 0xD0,
  0x0A, 0xFF, 0xFF, 0xD0, 0x0A, 0xFF, 0xFF, 0xD0, 0x0A, 0xFF, 0xFF, 0xD0, 0x0A, 0xFF, 0xFF, 0xD0,
  0x0A, 0xFF, 0xFF, 0xD0, 0x0A, 0xF0, 0x58, 0x0A, 0x54, 0x02, 0x0A, 0xF0, 0x17, 0x77, 0x50, 0xAF,
  0x01, 0x77, 0x75, 0x0A, 0xF0, 0x17, 0x77, 0x50, 0xAF, 0x01, 0x77, 0x75, 0x0A, 0xF0, 0x17, 0x77,
  0x50, 0xAF, 0x01, 0x77, 0x75, 0x0A, 0xF0, 0x17, 0x77, 0x50, 0xAF, 0x01, 0x77, 0x75, 0x0A, 0xF0,
  0x17, 0x77, 0x50, 0xAF, 0x01, 0x77, 0x75, 0x0A, 0xF0, 0x17, 0x77, 0x50, 0xAF, 0x01, 0x77, 0x75,
  0x0A, 0xF0, 0x17, 0x77, 0x50, 0xAF, 0x01, 0x77, 0x75, 0x0A, 0xF0, 0x17, 0x77, 0x50, 0xAF, 0x01,
  0x77, 0x75, 0x0A, 0xF0, 0x17, 0x77, 0x50, 0xAF, 0x01, 0x77, 0x75, 0x0A, 0xF0, 0x58, 0x0A, 0x44,
  0x20, 0xAF, 0xFF, 0xFC, 0x81, 0x10, 0xAF, 0xFF, 0xFC, 0x81, 0x10, 0xAF, 0xFF, 0xFC, 0x81, 0x10,
  0xAF, 0xFF, 0xFC, 0x81, 0x10, 0xAF, 0xFF, 0xFC, 0x81, 0x10, 0xAF, 0xFF, 0xFC, 0x81, 0x10, 0xAF,
  0x01, 0x77, 0x75, 0x0A, 0xF0, 0x17, 0x77, 0x50, 0xAF, 0x01, 0x77, 0x75, 0x0A, 0xF0, 0x17, 0x77,
  0x50, 0xAF, 0x01, 0x77, 0x75, 0x0A, 0xF0, 0x17, 0x77, 0x50, 0xAF, 0x01, 0x77, 0x75, 0x0A, 0xF0,
  0x17, 0x77, 0x50, 0xAF, 0x01, 0x77, 0x75, 0x0A, 0xF0, 0x17, 0x77, 0x50, 0xAF, 0x01, 0x77, 0x75,
  0x0A, 0xF0, 0x17, 0x77, 0x50, 0xAF, 0x01, 0x77, 0x75, 0x0A, 0xF0, 0x17, 0x77, 0x50, 0xAF, 0x01,
  0x77, 0x75, 0x0A, 0xF0, 0x17, 0x77, 0x50, 0xAF, 0x01, 0x77, 0x75, 0x0A, 0xF0, 0x17, 0x77, 0x50,
  0xAF, 0x01, 0x77, 0x75, 0x0A, 0xF0, 0x17, 0x77, 0x50, 0xAF, 0x01, 0x77, 0x75, 0x0A, 0xF0, 0x17,
  0x77, 0x50, 0xAF, 0x05, 0x80, 0xA5, 0x40, 0x20, 0xAF, 0xFF, 0xFD, 0x00, 0xAF, 0xFF, 0xFD, 0x00,
  0xAF, 0xFF, 0xFD, 0x00, 0xAF, 0xFF, 0xFD, 0x00, 0xAF, 0xFF, 0xFD, 0x00, 0xAF, 0xFF, 0xFD, 0x0A,
  // "ĕ" (U+0115), RLE, 925 bytes saved (69.4%)
  0x78, 0x44, 0x77, 0x77, 0x17, 0x72, 0x84, 0x47, 0x77, 0x71, 0x76, 0x06, 0xC0, 0x47, 0x72, 0x0C,
  0xC7, 0x70, 0x4C, 0x09, 0x77, 0x10, 0x2C, 0x0D, 0x77, 0x01, 0xD0, 0x27, 0x70, 0xBC, 0x09, 0x77,
  0x10, 0xBC, 0x0D, 0x04, 0x74, 0x04, 0x0C, 0xD0, 0x37, 0x71, 0x05, 0xE8, 0x91, 0xDA, 0x75, 0x44,
  0x56, 0x7A, 0xEE, 0x0C, 0x77, 0x30, 0xCF, 0xFF, 0x90, 0x37, 0x73, 0x03, 0x0E, 0xFF, 0xE0, 0x77,
  0x75, 0x05, 0xFF, 0xD0, 0x87, 0x77, 0x04, 0x0E, 0xFF, 0x90, 0xE0, 0x67, 0x77, 0x28, 0x11, 0x8E,
  0xFC, 0x81, 0xE9, 0x27, 0x77, 0x68, 0x92, 0x58, 0xBD, 0xEF, 0xED, 0xC9, 0x51, 0x80, 0xBC, 0x60,
  0x89, 0x34, 0x7A, 0xCD, 0xEF, 0xED, 0xB8, 0x51, 0x77, 0x74, 0x81, 0x39, 0xEF, 0xE0, 0xA0, 0x47,
  0x77, 0x02, 0x0A, 0xFF, 0xC0, 0xB0, 0x37, 0x74, 0x06, 0xFF, 0xF9, 0x07, 0x77, 0x20, 0x9F, 0xFF,
  0xB0, 0xA7, 0x70, 0xAF, 0xFF, 0xD0, 0xA7, 0x50, 0xAF, 0xB8, 0x6C, 0x86, 0x55, 0x67, 0xBF, 0xB0,
  0x87, 0x30, 0x6F, 0xA0, 0x80, 0x17, 0x10, 0x10, 0x7F, 0xA0, 0x57, 0x10, 0x2F, 0x90, 0xC0, 0x27,
  0x50, 0x20, 0xDF, 0x0E, 0x71, 0x0B, 0xF0, 0xC0, 0x17, 0x70, 0x20, 0xDF, 0x07, 0x60, 0x4F, 0x0E,
  0x01, 0x77, 0x20, 0x4F, 0x0E, 0x60, 0xCF, 0x04, 0x77, 0x40, 0xAF, 0x06, 0x40, 0x3F, 0x0B, 0x77,
  0x50, 0x3F, 0x0C, 0x40, 0x9F, 0x03, 0x77, 0x60, 0xCF, 0x01, 0x30, 0xEE, 0x0D, 0x77, 0x70, 0x7F,
  0x05, 0x20, 0x2F, 0x08, 0x77, 0x70, 0x4F, 0x08, 0x20, 0x6F, 0x04, 0x77, 0x70, 0x1F, 0x0B, 0x20,
  0xAF, 0x01, 0x77, 0x71, 0x0E, 0xE0, 0xD2, 0x0C, 0xE0, 0xE7, 0x77, 0x20, 0xDF, 0x20, 0xEE, 0x0D,
  0x80, 0xA3, 0x40, 0xDF, 0x10, 0x18, 0x0C, 0x3F, 0x01, 0x02, 0x80, 0xC3, 0xF0, 0x10, 0x28, 0x0C,
  0x3F, 0x01, 0x03, 0x80, 0xC3, 0xF0, 0x10, 0x38, 0x0C, 0x3F, 0x01, 0x03, 0x80, 0xC3, 0xF0, 0x10,
  0x2F, 0x09, 0x77, 0x77, 0x40, 0x1F, 0x0A, 0x77, 0x77, 0x5F, 0x0C, 0x77, 0x77, 0x50, 0xDE, 0x0D,
  0x77, 0x77, 0x50, 0xBF, 0x01, 0x77, 0x77, 0x40, 0x8F, 0x05, 0x77, 0x77, 0x40, 0x4F, 0x09, 0x77,
  0x77, 0x50, 0xEE, 0x0E, 0x77, 0x77, 0x50, 0xAF, 0x06, 0x77, 0x77, 0x40, 0x4F, 0x0D, 0x77, 0x77,
  0x50, 0xDF, 0x09, 0x77, 0x77, 0x40, 0x5F, 0x90, 0x67, 0x77, 0x74, 0x0B, 0xF9, 0x07, 0x77, 0x72,
  0x02, 0x70, 0x2F, 0xA0, 0xA0, 0x27, 0x74, 0x81, 0x16, 0xC9, 0x71, 0x06, 0xFB, 0x09, 0x03, 0x76,
  0x81, 0x37, 0xBC, 0x72, 0x08, 0xFC, 0x89, 0x2E, 0xA7, 0x65, 0x45, 0x66, 0x7A, 0xCF, 0x97, 0x30,
  0x8F, 0xFF, 0xFA, 0x74, 0x06, 0xFF, 0xFF, 0x97, 0x50, 0x20, 0xCF, 0xFF, 0xE7, 0x70, 0x60, 0xDF,
  0xFF, 0xA0, 0xA0, 0x47, 0x72, 0x81, 0x4A, 0xEF, 0xFA, 0x82, 0xEA, 0x61, 0x77, 0x78, 0x43, 0x79,
  0xCD, 0xEB, 0x85, 0xED, 0xCA, 0x86, 0x27, 0x20,
  // "Ė" (U+0116), RLE, 1052 bytes saved (76.1%)
  0x77, 0x28, 0x45, 0xCE, 0xEA, 0x27, 0x77, 0x70, 0x7D, 0x0E, 0x03, 0x77, 0x75, 0x02, 0xF0, 0xC7,
  0x77, 0x50, 0x6F, 0x90, 0x27, 0x77, 0x40, 0x8F, 0x90, 0x47, 0x77, 0x40, 0x8F, 0x90, 0x47, 0x77,
  0x40, 0x6F, 0x90, 0x17, 0x77, 0x40, 0x1F, 0x0C, 0x77, 0x76, 0x07, 0xD0, 0xE0, 0x37, 0x77, 0x78,
  0x45, 0xCF, 0xEA, 0x28, 0x0C, 0xC1, 0x00, 0xAF, 0xFF, 0xFD, 0x00, 0xAF, 0xFF, 0xFD, 0x00, 0xAF,
  0xFF, 0xFD, 0x00, 0xAF, 0xFF, 0xFD, 0x00, 0xAF, 0xFF, 0xFD, 0x00, 0xAF, 0xFF, 0xFD, 0x00, 0xAF,
  0x05, 0x80, 0xA5, 0x40, 0x20, 0xAF, 0x01, 0x77, 0x75, 0x0A, 0xF0, 0x17, 0x77, 0x50, 0xAF, 0x01,
  0x77, 0x75, 0x0A, 0xF0, 0x17, 0x77, 0x50, 0xAF, 0x01, 0x77, 0x75, 0x0A, 0xF0, 0x17, 0x77, 0x50,
  0xAF, 0x01, 0x77, 0x75, 0x0A, 0xF0, 0x17, 0x77, 0x50, 0xAF, 0x01, 0x77, 0x75, 0x0A, 0xF0, 0x17,
  0x77, 0x50, 0xAF, 0x01, 0x77, 0x75, 0x0A, 0xF0, 0x17, 0x77, 0x50, 0xAF, 0x01, 0x77, 0x75, 0x0A,
  0xF0, 0x17, 0x77, 0x50, 0xAF, 0x01, 0x77, 0x75, 0x0A, 0xF0, 0x17, 0x77, 0x50, 0xAF, 0x01, 0x77,
  0x75, 0x0A, 0xF0, 0x17, 0x77, 0x50, 0xAF, 0x05, 0x80, 0xA4, 0x42, 0x0A, 0xFF, 0xFF, 0xC8, 0x11,
  0x0A, 0xFF, 0xFF, 0xC8, 0x11, 0x0A, 0xFF, 0xFF, 0xC8, 0x11, 0x0A, 0xFF, 0xFF, 0xC8, 0x11, 0x0A,
  0xFF, 0xFF, 0xC8, 0x11, 0x0A, 0xFF, 0xFF, 0xC8, 0x11, 0x0A, 0xF0, 0x17, 0x77, 0x50, 0xAF, 0x01,
  0x77, 0x75, 0x0A, 0xF0, 0x17, 0x77, 0x50, 0xAF, 0x01, 0x77, 0x75, 0x0A, 0xF0, 0x17, 0x77, 0x50,
  0xAF, 0x01, 0x77, 0x75, 0x0A, 0xF0, 0x17, 0x77, 0x50, 0xAF, 0x01, 0x77, 0x75, 0x0A, 0xF0, 0x17,
  0x77, 0x50, 0xAF, 0x01, 0x77, 0x75, 0x0A, 0xF0, 0x17, 0x77, 0x50, 0xAF, 0x01, 0x77, 0x75, 0x0A,
  0xF0, 0x17, 0x77, 0x50, 0xAF, 0x01, 0x77, 0x75, 0x0A, 0xF0, 0x17, 0x77, 0x50, 0xAF, 0x01, 0x77,
  0x75, 0x0A, 0xF0, 0x17, 0x77, 0x50, 0xAF, 0x01, 0x77, 0x75, 0x0A, 0xF0, 0x17, 0x77, 0x50, 0xAF,
  0x01, 0x77, 0x75, 0x0A, 0xF0, 0x17, 0x77, 0x50, 0xAF, 0x01, 0x77, 0x75, 0x0A, 0xF0, 0x58, 0x0A,
  0x54, 0x02, 0x0A, 0xFF, 0xFF, 0xD0, 0x0A, 0xFF, 0xFF, 0xD0, 0x0A, 0xFF, 0xFF, 0xD0, 0x0A, 0xFF,
  0xFF, 0xD0, 0x0A, 0xFF, 0xFF, 0xD0, 0x0A, 0xFF, 0xFF, 0xD0, 0xA0,
  // "ė" (U+0117), RLE, 962 bytes saved (72.2%)
  0x77, 0x48, 0x45, 0xCE, 0xEA, 0x27, 0x77, 0x76, 0x07, 0xD0, 0xE0, 0x37, 0x77, 0x74, 0x02, 0xF0,
  0xC7, 0x77, 0x74, 0x06, 0xF9, 0x02, 0x77, 0x77, 0x30, 0x8F, 0x90, 0x47, 0x77, 0x73, 0x08, 0xF9,
  0x04, 0x77, 0x77, 0x30, 0x6F, 0x90, 0x17, 0x77, 0x73, 0x01, 0xF0, 0xC7, 0x77, 0x75, 0x07, 0xD0,
  0xE0, 0x37, 0x77, 0x76, 0x84, 0x5C, 0xFE, 0xA2, 0x80, 0xCF, 0x30, 0x89, 0x34, 0x7A, 0xCD, 0xEF,
  0xED, 0xB8, 0x51, 0x77, 0x74, 0x81, 0x39, 0xEF, 0xE0, 0xA0, 0x47, 0x77, 0x02, 0x0A, 0xFF, 0xC0,
  0xB0, 0x37, 0x74, 0x06, 0xFF, 0xF9, 0x07, 0x77, 0x20, 0x9F, 0xFF, 0xB0, 0xA7, 0x70, 0xAF, 0xFF,
  0xD0, 0xA7, 0x50, 0xAF, 0xB8, 0x6C, 0x86, 0x55, 0x67, 0xBF, 0xB0, 0x87, 0x30, 0x6F, 0xA0, 0x80,
  0x17, 0x10, 0x10, 0x7F, 0xA0, 0x57, 0x10, 0x2F, 0x90, 0xC0, 0x27, 0x50, 0x20, 0xDF, 0x0E, 0x71,
  0x0B, 0xF0, 0xC0, 0x17, 0x70, 0x20, 0xDF, 0x07, 0x60, 0x4F, 0x0E, 0x01, 0x77, 0x20, 0x4F, 0x0E,
  0x60, 0xCF, 0x04, 0x77, 0x40, 0xAF, 0x06, 0x40, 0x3F, 0x0B, 0x77, 0x50, 0x3F, 0x0C, 0x40, 0x9F,
  0x03, 0x77, 0x60, 0xCF, 0x01, 0x30, 0xEE, 0x0D, 0x77, 0x70, 0x7F, 0x05, 0x20, 0x2F, 0x08, 0x77,
  0x70, 0x4F, 0x08, 0x20, 0x6F, 0x04, 0x77, 0x70, 0x1F, 0x0B, 0x20, 0xAF, 0x01, 0x77, 0x71, 0x0E,
  0xE0, 0xD2, 0x0C, 0xE0, 0xE7, 0x77, 0x20, 0xDF, 0x20, 0xEE, 0x0D, 0x80, 0xA3, 0x40, 0xDF, 0x10,
  0x18, 0x0C, 0x3F, 0x01, 0x02, 0x80, 0xC3, 0xF0, 0x10, 0x28, 0x0C, 0x3F, 0x01, 0x03, 0x80, 0xC3,
  0xF0, 0x10, 0x38, 0x0C, 0x3F, 0x01, 0x03, 0x80, 0xC3, 0xF0, 0x10, 0x2F, 0x09, 0x77, 0x77, 0x40,
  0x1F, 0x0A, 0x77, 0x77, 0x5F, 0x0C, 0x77, 0x77, 0x50, 0xDE, 0x0D, 0x77, 0x77, 0x50, 0xBF, 0x01,
  0x77, 0x77, 0x40, 0x8F, 0x05, 0x77, 0x77, 0x40, 0x4F, 0x09, 0x77, 0x77, 0x50, 0xEE, 0x0E, 0x77,
  0x77, 0x50, 0xAF, 0x06, 0x77, 0x77, 0x40, 0x4F, 0x0D, 0x77, 0x77, 0x50, 0xDF, 0x09, 0x77, 0x77,
  0x40, 0x5F, 0x90, 0x67, 0x77, 0x74, 0x0B, 0xF9, 0x07, 0x77, 0x72, 0x02, 0x70, 0x2F, 0xA0, 0xA0,
  0x27, 0x74, 0x81, 0x16, 0xC9, 0x71, 0x06, 0xFB, 0x09, 0x03, 0x76, 0x81, 0x37, 0xBC, 0x72, 0x08,
  0xFC, 0x89, 0x2E, 0xA7, 0x65, 0x45, 0x66, 0x7A, 0xCF, 0x97, 0x30, 0x8F, 0xFF, 0xFA, 0x74, 0x06,
  0xFF, 0xFF, 0x97, 0x50, 0x20, 0xCF, 0xFF, 0xE7, 0x70, 0x60, 0xDF, 0xFF, 0xA0, 0xA0, 0x47, 0x72,
  0x81, 0x4A, 0xEF, 0xFA, 0x82, 0xEA, 0x61, 0x77, 0x78, 0x43, 0x79, 0xCD, 0xEB, 0x85, 0xED, 0xCA,
  0x86, 0x27, 0x20,
  // "Ę" (U+0118), RLE, 1027 bytes saved (73.4%)
  0x0A, 0xFF, 0xFF, 0xD0, 0x0A, 0xFF, 0xFF, 0xD0, 0x0A, 0xFF, 0xFF, 0xD0, 0x0A, 0xFF, 0xFF, 0xD0,
  0x0A, 0xFF, 0xFF, 0xD0, 0x0A, 0xFF, 0xFF, 0xD0, 0x0A, 0xF0, 0x58, 0x0A, 0x54, 0x02, 0x0A, 0xF0,
  0x17, 0x77, 0x50, 0xAF, 0x01, 0x77, 0x75, 0x0A, 0xF0, 0x17, 0x77, 0x50, 0xAF, 0x01, 0x77, 0x75,
  0x0A, 0xF0, 0x17, 0x77, 0x50, 0xAF, 0x01, 0x77, 0x75, 0x0A, 0xF0, 0x17, 0x77, 0x50, 0xAF, 0x01,
  0x77, 0x75, 0x0A, 0xF0, 0x17, 0x77, 0x50, 0xAF, 0x01, 0x77, 0x75, 0x0A, 0xF0, 0x17, 0x77, 0x50,
  0xAF, 0x01, 0x77, 0x75, 0x0A, 0xF0, 0x17, 0x77, 0x50, 0xAF, 0x01, 0x77, 0x75, 0x0A, 0xF0, 0x17,
  0x77, 0x50, 0xAF, 0x01, 0x77, 0x75, 0x0A, 0xF0, 0x17, 0x77, 0x50, 0xAF, 0x01, 0x77, 0x75, 0x0A,
  0xF0, 0x58, 0x0A, 0x44, 0x20, 0xAF, 0xFF, 0xFC, 0x81, 0x10, 0xAF, 0xFF, 0xFC, 0x81, 0x10, 0xAF,
  0xFF, 0xFC, 0x81, 0x10, 0xAF, 0xFF, 0xFC, 0x81, 0x10, 0xAF, 0xFF, 0xFC, 0x81, 0x10, 0xAF, 0xFF,
  0xFC, 0x81, 0x10, 0xAF, 0x01, 0x77, 0x75, 0x0A, 0xF0, 0x17, 0x77, 0x50, 0xAF, 0x01, 0x77, 0x75,
  0x0A, 0xF0, 0x17, 0x77, 0x50, 0xAF, 0x01, 0x77, 0x75, 0x0A, 0xF0, 0x17, 0x77, 0x50, 0xAF, 0x01,
  0x77, 0x75, 0x0A, 0xF0, 0x17, 0x77, 0x50, 0xAF, 0x01, 0x77, 0x75, 0x0A, 0xF0, 0x17, 0x77, 0x50,
  0xAF, 0x01, 0x77, 0x75, 0x0A, 0xF0, 0x17, 0x77, 0x50, 0xAF, 0x01, 0x77, 0x75, 0x0A, 0xF0, 0x17,
  0x77, 0x50, 0xAF, 0x01, 0x77, 0x75, 0x0A, 0xF0, 0x17, 0x77, 0x50, 0xAF, 0x01, 0x77, 0x75, 0x0A,
  0xF0, 0x17, 0x77, 0x50, 0xAF, 0x01, 0x77, 0x75, 0x0A, 0xF0, 0x17, 0x77, 0x50, 0xAF, 0x01, 0x77,
  0x75, 0x0A, 0xF0, 0x17, 0x77, 0x50, 0xAF, 0x05, 0x80, 0xA5, 0x40, 0x20, 0xAF, 0xFF, 0xFD, 0x00,
  0xAF, 0xFF, 0xFD, 0x00, 0xAF, 0xFF, 0xFD, 0x00, 0xAF, 0xFF, 0xFD, 0x00, 0xAF, 0xFF, 0xFD, 0x00,
  0xAF, 0xFF, 0xFD, 0x0A, 0x77, 0x75, 0x09, 0xC0, 0xE0, 0x27, 0x77, 0x60, 0xAC, 0x0E, 0x03, 0x77,
  0x76, 0x0A, 0xD0, 0x37, 0x77, 0x60, 0x8D, 0x05, 0x77, 0x76, 0x04, 0xD0, 0x97, 0x77, 0x70, 0xDC,
  0x0D, 0x77, 0x77, 0x07, 0xD0, 0x67, 0x77, 0x70, 0xDD, 0x77, 0x77, 0x03, 0xD0, 0xC7, 0x77, 0x70,
  0x6D, 0x0A, 0x77, 0x77, 0x08, 0xD0, 0xA7, 0x77, 0x70, 0x8D, 0x0C, 0x77, 0x77, 0x06, 0xE0, 0x47,
  0x77, 0x60, 0x3E, 0x81, 0xE6, 0x22, 0x81, 0x24, 0x47, 0x77, 0x0E, 0xFD, 0x09, 0x77, 0x70, 0x6F,
  0xD0, 0x97, 0x77, 0x10, 0xAF, 0xC0, 0x97, 0x77, 0x20, 0x8F, 0xB0, 0x97, 0x77, 0x38, 0x91, 0x17,
  0xBD, 0xEF, 0xED, 0xB8, 0x30,
  // "ę" (U+0119), RLE, 938 bytes saved (69.3%)
  0x77, 0x18, 0x93, 0x47, 0xAC, 0xDE, 0xFE, 0xDB, 0x85, 0x17, 0x77, 0x48, 0x13, 0x9E, 0xFE, 0x0A,
  0x04, 0x77, 0x70, 0x20, 0xAF, 0xFC, 0x0B, 0x03, 0x77, 0x40, 0x6F, 0xFF, 0x90, 0x77, 0x72, 0x09,
  0xFF, 0xFB, 0x0A, 0x77, 0x0A, 0xFF, 0xFD, 0x0A, 0x75, 0x0A, 0xFB, 0x86, 0xC8, 0x65, 0x56, 0x7B,
  0xFB, 0x08, 0x73, 0x06, 0xFA, 0x08, 0x01, 0x71, 0x01, 0x07, 0xFA, 0x05, 0x71, 0x02, 0xF9, 0x0C,
  0x02, 0x75, 0x02, 0x0D, 0xF0, 0xE7, 0x10, 0xBF, 0x0C, 0x01, 0x77, 0x02, 0x0D, 0xF0, 0x76, 0x04,
  0xF0, 0xE0, 0x17, 0x72, 0x04, 0xF0, 0xE6, 0x0C, 0xF0, 0x47, 0x74, 0x0A, 0xF0, 0x64, 0x03, 0xF0,
  0xB7, 0x75, 0x03, 0xF0, 0xC4, 0x09, 0xF0, 0x37, 0x76, 0x0C, 0xF0, 0x13, 0x0E, 0xE0, 0xD7, 0x77,
  0x07, 0xF0, 0x52, 0x02, 0xF0, 0x87, 0x77, 0x04, 0xF0, 0x82, 0x06, 0xF0, 0x47, 0x77, 0x01, 0xF0,
  0xB2, 0x0A, 0xF0, 0x17, 0x77, 0x10, 0xEE, 0x0D, 0x20, 0xCE, 0x0E, 0x77, 0x72, 0x0D, 0xF2, 0x0E,
  0xE0, 0xD8, 0x0A, 0x34, 0x0D, 0xF1, 0x01, 0x80, 0xC3, 0xF0, 0x10, 0x28, 0x0C, 0x3F, 0x01, 0x02,
  0x80, 0xC3, 0xF0, 0x10, 0x38, 0x0C, 0x3F, 0x01, 0x03, 0x80, 0xC3, 0xF0, 0x10, 0x38, 0x0C, 0x3F,
  0x01, 0x02, 0xF0, 0x97, 0x77, 0x74, 0x01, 0xF0, 0xA7, 0x77, 0x75, 0xF0, 0xC7, 0x77, 0x75, 0x0D,
  0xE0, 0xD7, 0x77, 0x75, 0x0B, 0xF0, 0x17, 0x77, 0x74, 0x08, 0xF0, 0x57, 0x77, 0x74, 0x04, 0xF0,
  0x97, 0x77, 0x75, 0x0E, 0xE0, 0xE7, 0x77, 0x75, 0x0A, 0xF0, 0x67, 0x77, 0x74, 0x04, 0xF0, 0xD7,
  0x77, 0x75, 0x0D, 0xF0, 0x97, 0x77, 0x74, 0x05, 0xF9, 0x06, 0x77, 0x77, 0x40, 0xBF, 0x90, 0x77,
  0x77, 0x20, 0x27, 0x02, 0xFA, 0x0A, 0x02, 0x77, 0x48, 0x11, 0x6C, 0x97, 0x10, 0x6F, 0xB0, 0x90,
  0x37, 0x68, 0x13, 0x7B, 0xC7, 0x20, 0x8F, 0xC8, 0x92, 0xEA, 0x76, 0x54, 0x56, 0x67, 0xAC, 0xF9,
  0x73, 0x08, 0xFF, 0xFF, 0xA7, 0x40, 0x6F, 0xFF, 0xF9, 0x75, 0x02, 0x0C, 0xFF, 0xFE, 0x77, 0x06,
  0x0D, 0xFF, 0xFB, 0x08, 0x77, 0x28, 0x14, 0xAE, 0xFF, 0xE0, 0x57, 0x76, 0x84, 0x37, 0x9C, 0xDE,
  0xA8, 0x3E, 0xED, 0xCC, 0xD0, 0xE0, 0x37, 0x77, 0x75, 0x0C, 0xC0, 0xE0, 0x27, 0x77, 0x75, 0x0B,
  0xC0, 0xE0, 0x27, 0x77, 0x75, 0x09, 0xD0, 0x37, 0x77, 0x75, 0x05, 0xD0, 0x67, 0x77, 0x75, 0x01,
  0x0E, 0xC0, 0xB7, 0x77, 0x76, 0x09, 0xD0, 0x37, 0x77, 0x75, 0x01, 0xD0, 0xD7, 0x77, 0x76, 0x06,
  0xD0, 0x97, 0x77, 0x76, 0x09, 0xD0, 0x77, 0x77, 0x76, 0x0A, 0xD0, 0x77, 0x77, 0x76, 0x0A, 0xD0,
  0xA7, 0x77, 0x76, 0x09, 0xD0, 0xE0, 0x27, 0x77, 0x75, 0x06, 0xE8, 0x1D, 0x51, 0x28, 0x12, 0x53,
  0x77, 0x75, 0x01, 0xFE, 0x07, 0x77, 0x76, 0x09, 0xFD, 0x07, 0x77, 0x77, 0x0C, 0xFC, 0x07, 0x77,
  0x77, 0x01, 0x0A, 0xFB, 0x07, 0x77, 0x77, 0x28, 0x22, 0x8B, 0xEA, 0x83, 0xED, 0xA7, 0x23,
  // "Ě" (U+011A), RLE, 1046 bytes saved (73.8%)
  0x30, 0x8C, 0x0E, 0x05, 0x77, 0x20, 0x7D, 0x08, 0x50, 0x3E, 0x09, 0x76, 0x01, 0x0C, 0xD0, 0xE0,
  0x36, 0x04, 0xE0, 0xC0, 0x17, 0x30, 0x30, 0xED, 0x0E, 0x03, 0x71, 0x06, 0xE0, 0xE0, 0x37, 0x10,
  0x5F, 0x04, 0x73, 0x07, 0xE0, 0xE0, 0x46, 0x07, 0xF0, 0x47, 0x50, 0x9F, 0x05, 0x40, 0x8F, 0x06,
  0x77, 0x0B, 0xF0, 0x52, 0x09, 0xF0, 0x77, 0x72, 0x0C, 0xF0, 0x40, 0x9F, 0x09, 0x77, 0x30, 0x10,
  0xDF, 0xF0, 0xB7, 0x75, 0x03, 0x0E, 0xFD, 0x0C, 0x77, 0x70, 0x5F, 0xC0, 0xE0, 0x27, 0x77, 0x10,
  0x9F, 0xB0, 0x57, 0x77, 0x30, 0xDF, 0x90, 0xA7, 0x77, 0x40, 0x4F, 0x0E, 0x01, 0x80, 0xBB, 0x20,
  0x0A, 0xFF, 0xFF, 0xD0, 0x0A, 0xFF, 0xFF, 0xD0, 0x0A, 0xFF, 0xFF, 0xD0, 0x0A, 0xFF, 0xFF, 0xD0,
  0x0A, 0xFF, 0xFF, 0xD0, 0x0A, 0xFF, 0xFF, 0xD0, 0x0A, 0xF0, 0x58, 0x0A, 0x54, 0x02, 0x0A, 0xF0,
  0x17, 0x77, 0x50, 0xAF, 0x01, 0x77, 0x75, 0x0A, 0xF0, 0x17, 0x77, 0x50, 0xAF, 0x01, 0x77, 0x75,
  0x0A, 0xF0, 0x17, 0x77, 0x50, 0xAF, 0x01, 0x77, 0x75, 0x0A, 0xF0, 0x17, 0x77, 0x50, 0xAF, 0x01,
  0x77, 0x75, 0x0A, 0xF0, 0x17, 0x77, 0x50, 0xAF, 0x01, 0x77, 0x75, 0x0A, 0xF0, 0x17, 0x77, 0x50,
  0xAF, 0x01, 0x77, 0x75, 0x0A, 0xF0, 0x17, 0x77, 0x50, 0xAF, 0x01, 0x77, 0x75, 0x0A, 0xF0, 0x17,
  0x77, 0x50, 0xAF, 0x01, 0x77, 0x75, 0x0A, 0xF0, 0x17, 0x77, 0x50, 0xAF, 0x01, 0x77, 0x75, 0x0A,
  0xF0, 0x58, 0x0A, 0x44, 0x20, 0xAF, 0xFF, 0xFC, 0x81, 0x10, 0xAF, 0xFF, 0xFC, 0x81, 0x10, 0xAF,
  0xFF, 0xFC, 0x81, 0x10, 0xAF, 0xFF, 0xFC, 0x81, 0x10, 0xAF, 0xFF, 0xFC, 0x81, 0x10, 0xAF, 0xFF,
  0xFC, 0x81, 0x10, 0xAF, 0x01, 0x77, 0x75, 0x0A, 0xF0, 0x17, 0x77, 0x50, 0xAF, 0x01, 0x77, 0x75,
  0x0A, 0xF0, 0x17, 0x77, 0x50, 0xAF, 0x01, 0x77, 0x75, 0x0A, 0xF0, 0x17, 0x77, 0x50, 0xAF, 0x01,
  0x77, 0x75, 0x0A, 0xF0, 0x17, 0x77, 0x50, 0xAF, 0x01, 0x77, 0x75, 0x0A, 0xF0, 0x17, 0x77, 0x50,
  0xAF, 0x01, 0x77, 0x75, 0x0A, 0xF0, 0x17, 0x77, 0x50, 0xAF, 0x01, 0x77, 0x75, 0x0A, 0xF0, 0x17,
  0x77, 0x50, 0xAF, 0x01, 0x77, 0x75, 0x0A, 0xF0, 0x17, 0x77, 0x50, 0xAF, 0x01, 0x77, 0x75, 0x0A,
  0xF0, 0x17, 0x77, 0x50, 0xAF, 0x01, 0x77, 0x75, 0x0A, 0xF0, 0x17, 0x77, 0x50, 0xAF, 0x01, 0x77,
  0x75, 0x0A, 0xF0, 0x17, 0x77, 0x50, 0xAF, 0x05, 0x80, 0xA5, 0x40, 0x20, 0xAF, 0xFF, 0xFD, 0x00,
  0xAF, 0xFF, 0xFD, 0x00, 0xAF, 0xFF, 0xFD, 0x00, 0xAF, 0xFF, 0xFD, 0x00, 0xAF, 0xFF, 0xFD, 0x00,
  0xAF, 0xFF, 0xFD, 0x0A,
  // "ě" (U+011B), RLE, 961 bytes saved (69.9%)
  0x60, 0x8C, 0x0E, 0x05, 0x77, 0x20, 0x7D, 0x08, 0x74, 0x03, 0xE0, 0x97, 0x60, 0x10, 0xCD, 0x0E,
  0x03, 0x75, 0x04, 0xE0, 0xC0, 0x17, 0x30, 0x30, 0xED, 0x0E, 0x03, 0x77, 0x06, 0xE0, 0xE0, 0x37,
  0x10, 0x5F, 0x04, 0x77, 0x20, 0x7E, 0x0E, 0x04, 0x60, 0x7F, 0x04, 0x77, 0x40, 0x9F, 0x05, 0x40,
  0x8F, 0x06, 0x77, 0x60, 0xBF, 0x05, 0x20, 0x9F, 0x07, 0x77, 0x71, 0x0C, 0xF0, 0x40, 0x9F, 0x09,
  0x77, 0x72, 0x01, 0x0D, 0xFF, 0x0B, 0x77, 0x74, 0x03, 0x0E, 0xFD, 0x0C, 0x77, 0x76, 0x05, 0xFC,
  0x0E, 0x02, 0x77, 0x77, 0x09, 0xFB, 0x05, 0x77, 0x77, 0x20, 0xDF, 0x90, 0xA7, 0x77, 0x73, 0x04,
  0xF0, 0xE0, 0x18, 0x0B, 0xC7, 0x08, 0x93, 0x47, 0xAC, 0xDE, 0xFE, 0xDB, 0x85, 0x17, 0x77, 0x48,
  0x13, 0x9E, 0xFE, 0x0A, 0x04, 0x77, 0x70, 0x20, 0xAF, 0xFC, 0x0B, 0x03, 0x77, 0x40, 0x6F, 0xFF,
  0x90, 0x77, 0x72, 0x09, 0xFF, 0xFB, 0x0A, 0x77, 0x0A, 0xFF, 0xFD, 0x0A, 0x75, 0x0A, 0xFB, 0x86,
  0xC8, 0x65, 0x56, 0x7B, 0xFB, 0x08, 0x73, 0x06, 0xFA, 0x08, 0x01, 0x71, 0x01, 0x07, 0xFA, 0x05,
  0x71, 0x02, 0xF9, 0x0C, 0x02, 0x75, 0x02, 0x0D, 0xF0, 0xE7, 0x10, 0xBF, 0x0C, 0x01, 0x77, 0x02,
  0x0D, 0xF0, 0x76, 0x04, 0xF0, 0xE0, 0x17, 0x72, 0x04, 0xF0, 0xE6, 0x0C, 0xF0, 0x47, 0x74, 0x0A,
  0xF0, 0x64, 0x03, 0xF0, 0xB7, 0x75, 0x03, 0xF0, 0xC4, 0x09, 0xF0, 0x37, 0x76, 0x0C, 0xF0, 0x13,
  0x0E, 0xE0, 0xD7, 0x77, 0x07, 0xF0, 0x52, 0x02, 0xF0, 0x87, 0x77, 0x04, 0xF0, 0x82, 0x06, 0xF0,
  0x47, 0x77, 0x01, 0xF0, 0xB2, 0x0A, 0xF0, 0x17, 0x77, 0x10, 0xEE, 0x0D, 0x20, 0xCE, 0x0E, 0x77,
  0x72, 0x0D, 0xF2, 0x0E, 0xE0, 0xD8, 0x0A, 0x34, 0x0D, 0xF1, 0x01, 0x80, 0xC3, 0xF0, 0x10, 0x28,
  0x0C, 0x3F, 0x01, 0x02, 0x80, 0xC3, 0xF0, 0x10, 0x38, 0x0C, 0x3F, 0x01, 0x03, 0x80, 0xC3, 0xF0,
  0x10, 0x38, 0x0C, 0x3F, 0x01, 0x02, 0xF0, 0x97, 0x77, 0x74, 0x01, 0xF0, 0xA7, 0x77, 0x75, 0xF0,
  0xC7, 0x77, 0x75, 0x0D, 0xE0, 0xD7, 0x77, 0x75, 0x0B, 0xF0, 0x17, 0x77, 0x74, 0x08, 0xF0, 0x57,
  0x77, 0x74, 0x04, 0xF0, 0x97, 0x77, 0x75, 0x0E, 0xE0, 0xE7, 0x77, 0x75, 0x0A, 0xF0, 0x67, 0x77,
  0x74, 0x04, 0xF0, 0xD7, 0x77, 0x75, 0x0D, 0xF0, 0x97, 0x77, 0x74, 0x05, 0xF9, 0x06, 0x77, 0x77,
  0x40, 0xBF, 0x90, 0x77, 0x77, 0x20, 0x27, 0x02, 0xFA, 0x0A, 0x02, 0x77, 0x48, 0x11, 0x6C, 0x97,
  0x10, 0x6F, 0xB0, 0x90, 0x37, 0x68, 0x13, 0x7B, 0xC7, 0x20, 0x8F, 0xC8, 0x92, 0xEA, 0x76, 0x54,
  0x56, 0x67, 0xAC, 0xF9, 0x73, 0x08, 0xFF, 0xFF, 0xA7, 0x40, 0x6F, 0xFF, 0xF9, 0x75, 0x02, 0x0C,
  0xFF, 0xFE, 0x77, 0x06, 0x0D, 0xFF, 0xFA, 0x0A, 0x04, 0x77, 0x28, 0x14, 0xAE, 0xFF, 0xA8, 0x2E,
  0xA6, 0x17, 0x77, 0x84, 0x37, 0x9C, 0xDE, 0xB8, 0x5E, 0xDC, 0xA8, 0x62, 0x72,
  // "Ĝ" (U+011C), RLE, 1532 bytes saved (71.9%)
  0x77, 0x74, 0x04, 0xF0, 0xE0, 0x18, 0x0C, 0x60, 0x0D, 0xF9, 0x0A, 0x80, 0xC5, 0x00, 0x9F, 0xB0,
  0x58, 0x0C, 0x30, 0x05, 0xFC, 0x0E, 0x02, 0x80, 0xC1, 0x00, 0x20, 0xEF, 0xD0, 0xC8, 0x0C, 0x00,
  0x01, 0x0D, 0xFF, 0x0B, 0x77, 0x77, 0x70, 0xCF, 0x07, 0x0B, 0xF0, 0x87, 0x77, 0x75, 0x09, 0xF0,
  0x62, 0x0B, 0xF0, 0x67, 0x77, 0x73, 0x07, 0xF0, 0x54, 0x0B, 0xF0, 0x47, 0x77, 0x71, 0x05, 0xE0,
  0xE0, 0x46, 0x09, 0xE0, 0xE0, 0x37, 0x77, 0x60, 0x4E, 0x0E, 0x03, 0x71, 0x07, 0xE0, 0xE0, 0x27,
  0x77, 0x40, 0x30, 0xED, 0x0C, 0x01, 0x73, 0x05, 0x0E, 0xD0, 0xD0, 0x27, 0x77, 0x20, 0x20, 0xED,
  0x09, 0x76, 0x02, 0x0C, 0xD0, 0xD0, 0x17, 0x77, 0x10, 0x8C, 0x0E, 0x05, 0x77, 0x20, 0x8D, 0x07,
  0x80, 0xCB, 0x60, 0x86, 0x24, 0x79, 0xBC, 0xDE, 0xA8, 0x7E, 0xDD, 0xCB, 0x96, 0x42, 0x77, 0x77,
  0x18, 0x21, 0x5A, 0xEF, 0xFD, 0x82, 0xEB, 0x73, 0x77, 0x72, 0x04, 0x0B, 0xFF, 0xFE, 0x81, 0xEA,
  0x47, 0x74, 0x05, 0x0C, 0xFF, 0xFF, 0xC0, 0xE0, 0x27, 0x70, 0x30, 0xCF, 0xFF, 0xFE, 0x0D, 0x77,
  0x08, 0x80, 0xC0, 0xF0, 0x77, 0x50, 0x10, 0xCF, 0xE8, 0x93, 0xEA, 0x86, 0x55, 0x44, 0x56, 0x8A,
  0xDF, 0xB0, 0xE0, 0x17, 0x40, 0x30, 0xDF, 0xC8, 0x1B, 0x62, 0x77, 0x81, 0x48, 0xDE, 0x09, 0x74,
  0x04, 0x0E, 0xFA, 0x81, 0xE9, 0x27, 0x76, 0x81, 0x37, 0xDB, 0x02, 0x73, 0x02, 0x0E, 0xFA, 0x0A,
  0x01, 0x77, 0x74, 0x81, 0x5B, 0xB7, 0x30, 0x10, 0xDF, 0x90, 0xE0, 0x58, 0x0C, 0x40, 0x0C, 0xF9,
  0x0D, 0x02, 0x80, 0xC4, 0x00, 0x7F, 0x90, 0xD0, 0x18, 0x0C, 0x40, 0x02, 0xF9, 0x0E, 0x02, 0x80,
  0xC5, 0x00, 0xBF, 0x90, 0x48, 0x0C, 0x50, 0x04, 0xF9, 0x08, 0x80, 0xC6, 0x00, 0xBF, 0x0D, 0x80,
  0xC6, 0x00, 0x2F, 0x90, 0x58, 0x0C, 0x60, 0x09, 0xF0, 0xD8, 0x0C, 0x70, 0x0E, 0xF0, 0x68, 0x0C,
  0x60, 0x03, 0xF9, 0x01, 0x80, 0xC6, 0x00, 0x7F, 0x0B, 0x80, 0xC7, 0x00, 0xCF, 0x06, 0x80, 0xC7,
  0x00, 0xEF, 0x02, 0x80, 0xC6, 0x00, 0x2F, 0x0E, 0x80, 0xC7, 0x00, 0x4F, 0x0C, 0x80, 0xC7, 0x00,
  0x7F, 0x0A, 0x80, 0xC7, 0x00, 0x8F, 0x08, 0x80, 0xC7, 0x00, 0x9F, 0x06, 0x80, 0xC7, 0x00, 0xAF,
  0x06, 0x80, 0xC7, 0x00, 0xAF, 0x05, 0x77, 0x7F, 0xFF, 0x03, 0x0B, 0xF0, 0x57, 0x77, 0xFF, 0xF0,
  0x30, 0xBF, 0x05, 0x77, 0x7F, 0xFF, 0x03, 0x0A, 0xF0, 0x67, 0x77, 0xFF, 0xF0, 0x30, 0x9F, 0x07,
  0x77, 0x7F, 0xFF, 0x03, 0x08, 0xF0, 0x87, 0x77, 0xFF, 0xF0, 0x30, 0x7F, 0x0A, 0x77, 0x78, 0x09,
  0x14, 0x09, 0xF0, 0x30, 0x5F, 0x0C, 0x77, 0x77, 0x60, 0x7F, 0x00, 0x3F, 0x0E, 0x77, 0x77, 0x60,
  0x7F, 0x03, 0x1F, 0x90, 0x27, 0x77, 0x75, 0x07, 0xF8, 0x13, 0x0D, 0xF0, 0x57, 0x77, 0x75, 0x07,
  0xF8, 0x13, 0x0A, 0xF0, 0x97, 0x77, 0x75, 0x07, 0xF8, 0x13, 0x06, 0xF0, 0xE7, 0x77, 0x75, 0x07,
  0xF8, 0x13, 0x01, 0xF9, 0x04, 0x77, 0x77, 0x40, 0x7F, 0x03, 0x20, 0xDF, 0x0A, 0x77, 0x77, 0x40,
  0x7F, 0x03, 0x20, 0x7F, 0x90, 0x27, 0x77, 0x73, 0x07, 0xF0, 0x32, 0x01, 0xF9, 0x09, 0x77, 0x77,
  0x30, 0x7F, 0x03, 0x30, 0xAF, 0x90, 0x27, 0x77, 0x72, 0x07, 0xF0, 0x33, 0x03, 0xF9, 0x0D, 0x77,
  0x77, 0x20, 0x7F, 0x03, 0x40, 0xAF, 0x90, 0x97, 0x77, 0x71, 0x07, 0xF0, 0x34, 0x01, 0xFA, 0x07,
  0x77, 0x77, 0x07, 0xF0, 0x35, 0x07, 0xFA, 0x07, 0x77, 0x76, 0x07, 0xF0, 0x36, 0x0B, 0xFA, 0x0A,
  0x77, 0x75, 0x07, 0xF0, 0x36, 0x01, 0x0D, 0xFA, 0x0D, 0x04, 0x77, 0x73, 0x07, 0xF0, 0x37, 0x03,
  0x0E, 0xFB, 0x0B, 0x04, 0x77, 0x71, 0x07, 0xF0, 0x37, 0x10, 0x30, 0xEF, 0xC8, 0x1D, 0x83, 0x77,
  0x28, 0x21, 0x48, 0xDF, 0x03, 0x72, 0x02, 0x0E, 0xFF, 0x89, 0x5C, 0xA7, 0x65, 0x54, 0x44, 0x56,
  0x79, 0xBE, 0xFC, 0x03, 0x73, 0x01, 0x0B, 0x80, 0xC3, 0xF0, 0x37, 0x50, 0x68, 0x0C, 0x2F, 0x03,
  0x76, 0x02, 0x09, 0x80, 0xC0, 0xF0, 0x37, 0x71, 0x81, 0x29, 0xEF, 0xFF, 0xFA, 0x81, 0xB7, 0x37,
  0x75, 0x81, 0x49, 0xEF, 0xFF, 0x98, 0x2D, 0xA7, 0x47, 0x77, 0x58, 0x62, 0x57, 0xAC, 0xDD, 0xEB,
  0x89, 0x0E, 0xED, 0xCB, 0xA9, 0x75, 0x37, 0x30,
  // "ĝ" (U+011D), RLE, 1189 bytes saved (65.1%)
  0x77, 0x30, 0x4F, 0x0E, 0x01, 0x77, 0x77, 0x40, 0xDF, 0x90, 0xA7, 0x77, 0x73, 0x09, 0xFB, 0x05,
  0x77, 0x77, 0x10, 0x5F, 0xC0, 0xE0, 0x27, 0x77, 0x60, 0x20, 0xEF, 0xD0, 0xC7, 0x77, 0x50, 0x10,
  0xDF, 0xF0, 0xB7, 0x77, 0x40, 0xCF, 0x07, 0x0B, 0xF0, 0x87, 0x77, 0x20, 0x9F, 0x06, 0x20, 0xBF,
  0x06, 0x77, 0x70, 0x7F, 0x05, 0x40, 0xBF, 0x04, 0x77, 0x50, 0x5E, 0x0E, 0x04, 0x60, 0x9E, 0x0E,
  0x03, 0x77, 0x30, 0x4E, 0x0E, 0x03, 0x71, 0x07, 0xE0, 0xE0, 0x27, 0x71, 0x03, 0x0E, 0xD0, 0xC0,
  0x17, 0x30, 0x50, 0xED, 0x0D, 0x02, 0x76, 0x02, 0x0E, 0xD0, 0x97, 0x60, 0x20, 0xCD, 0x0D, 0x01,
  0x75, 0x08, 0xC0, 0xE0, 0x57, 0x72, 0x08, 0xD0, 0x78, 0x0B, 0xC0, 0x08, 0x93, 0x15, 0x9B, 0xDE,
  0xFE, 0xEC, 0x96, 0x27, 0x77, 0x60, 0x30, 0xAF, 0xE0, 0xC0, 0x67, 0x08, 0xD0, 0x97, 0x20, 0x10,
  0xAF, 0xFB, 0x0D, 0x05, 0x50, 0xAD, 0x09, 0x71, 0x04, 0x0E, 0xFF, 0xE0, 0x94, 0x0D, 0xD0, 0x97,
  0x06, 0xFF, 0xFA, 0x0C, 0x3E, 0x09, 0x60, 0x5F, 0xFF, 0xC8, 0x1C, 0x03, 0xE0, 0x95, 0x03, 0xFC,
  0x87, 0xB7, 0x54, 0x45, 0x7A, 0xDF, 0x0A, 0x05, 0xE0, 0x95, 0x0D, 0xF9, 0x81, 0xE7, 0x17, 0x20,
  0x30, 0xAF, 0xE0, 0x94, 0x08, 0xF9, 0x0C, 0x02, 0x76, 0x03, 0x0D, 0xFC, 0x09, 0x30, 0x2F, 0x90,
  0xC0, 0x17, 0x71, 0x01, 0x0C, 0xFB, 0x09, 0x30, 0x9F, 0x0E, 0x01, 0x77, 0x30, 0x10, 0xEF, 0xA0,
  0x92, 0x01, 0xF9, 0x06, 0x77, 0x50, 0x5F, 0xA0, 0x92, 0x07, 0xF0, 0xD7, 0x77, 0x0C, 0xF9, 0x09,
  0x20, 0xCF, 0x05, 0x77, 0x70, 0x5F, 0x98, 0x19, 0x01, 0xF0, 0xE7, 0x77, 0x2F, 0x98, 0x19, 0x05,
  0xF0, 0xA7, 0x77, 0x20, 0xBF, 0x81, 0x90, 0x8F, 0x05, 0x77, 0x72, 0x07, 0xF8, 0x19, 0x0B, 0xF0,
  0x27, 0x77, 0x20, 0x4F, 0x81, 0x90, 0xDF, 0x77, 0x73, 0x02, 0xF0, 0x91, 0xF0, 0xD7, 0x77, 0x4F,
  0x09, 0x01, 0xF0, 0xB7, 0x77, 0x40, 0xEE, 0x09, 0x02, 0xF0, 0xA7, 0x77, 0x40, 0xDE, 0x09, 0x03,
  0xF0, 0x97, 0x77, 0x40, 0xDE, 0x09, 0x03, 0xF0, 0x97, 0x77, 0x40, 0xCE, 0x09, 0x03, 0xF0, 0x97,
  0x77, 0x40, 0xCE, 0x09, 0x03, 0xF0, 0x97, 0x77, 0x40, 0xCE, 0x09, 0x03, 0xF0, 0xA7, 0x77, 0x40,
  0xCE, 0x09, 0x02, 0xF0, 0xB7, 0x77, 0x40, 0xDE, 0x09, 0x1F, 0x0C, 0x77, 0x74, 0x0E, 0xE8, 0x19,
  0x0E, 0xF7, 0x77, 0x4F, 0x81, 0x90, 0xCF, 0x02, 0x77, 0x72, 0x01, 0xF8, 0x19, 0x09, 0xF0, 0x57,
  0x77, 0x20, 0x4F, 0x81, 0x90, 0x6F, 0x09, 0x77, 0x72, 0x07, 0xF8, 0x19, 0x02, 0xF0, 0xE7, 0x77,
  0x20, 0xBF, 0x09, 0x20, 0xDF, 0x04, 0x77, 0x70, 0x1F, 0x90, 0x92, 0x08, 0xF0, 0xB7, 0x77, 0x07,
  0xF9, 0x09, 0x20, 0x3F, 0x90, 0x47, 0x75, 0x01, 0x0E, 0xF9, 0x09, 0x30, 0xBF, 0x0D, 0x01, 0x77,
  0x40, 0xAF, 0xA0, 0x93, 0x04, 0xF9, 0x0B, 0x77, 0x30, 0x9F, 0xB0, 0x94, 0x0B, 0xF9, 0x0B, 0x01,
  0x76, 0x01, 0x0A, 0xFC, 0x09, 0x40, 0x20, 0xEF, 0x90, 0xE0, 0x77, 0x38, 0x11, 0x8E, 0xFD, 0x09,
  0x50, 0x5F, 0xB8, 0x90, 0xEA, 0x75, 0x45, 0x67, 0x9D, 0xF0, 0x90, 0xAE, 0x09, 0x60, 0x8F, 0xFF,
  0xC8, 0x1C, 0x0B, 0xE0, 0x97, 0x08, 0xFF, 0xFA, 0x82, 0xC1, 0x0C, 0xE0, 0x97, 0x10, 0x6F, 0xFF,
  0x0B, 0x01, 0x20, 0xDE, 0x09, 0x72, 0x02, 0x0B, 0xFF, 0xB0, 0xE0, 0x64, 0x0D, 0xE0, 0x97, 0x40,
  0x40, 0xBF, 0xE8, 0x1D, 0x71, 0x50, 0xEE, 0x09, 0x76, 0x84, 0x15, 0x9B, 0xDE, 0xA8, 0x3E, 0xCA,
  0x73, 0x71, 0x0E, 0xE0, 0x97, 0x77, 0x76, 0x0E, 0xE0, 0x87, 0x77, 0x76, 0xF0, 0x87, 0x77, 0x76,
  0xF0, 0x77, 0x77, 0x75, 0x02, 0xF0, 0x67, 0x77, 0x75, 0x06, 0xF0, 0x47, 0x77, 0x75, 0x09, 0xF0,
  0x17, 0x77, 0x75, 0x0E, 0xE0, 0xE7, 0x77, 0x75, 0x07, 0xF0, 0xA7, 0x77, 0x74, 0x01, 0x0E, 0xF0,
  0x67, 0x77, 0x74, 0x0B, 0xF0, 0xE0, 0x15, 0x08, 0x06, 0x77, 0x73, 0x0A, 0xF9, 0x09, 0x68, 0x3A,
  0xFE, 0x82, 0x77, 0x50, 0x10, 0xCF, 0xA0, 0x26, 0x0A, 0xC8, 0x2D, 0x95, 0x17, 0x60, 0x20, 0x9F,
  0xB0, 0x87, 0x0A, 0xF9, 0x89, 0x3E, 0xCA, 0x87, 0x65, 0x54, 0x56, 0x9D, 0xFC, 0x0C, 0x71, 0x0A,
  0xFF, 0xFF, 0xB0, 0xD0, 0x17, 0x10, 0xAF, 0xFF, 0xFA, 0x0D, 0x02, 0x72, 0x0A, 0xFF, 0xFF, 0x90,
  0x90, 0x17, 0x38, 0x12, 0x8E, 0xFF, 0xFC, 0x0C, 0x04, 0x77, 0x18, 0x14, 0x8C, 0xFF, 0xD8, 0x1E,
  0x93, 0x77, 0x78, 0x73, 0x57, 0x9B, 0xDD, 0xEE, 0xA8, 0x5E, 0xEC, 0xB9, 0x62, 0x76,
  // "Ğ" (U+011E), RLE, 1490 bytes saved (71.6%)
  0x77, 0x28, 0x44, 0x77, 0x77, 0x17, 0x72, 0x84, 0x47, 0x77, 0x71, 0x77, 0x73, 0x06, 0xC0, 0x47,
  0x72, 0x0C, 0xC7, 0x77, 0x40, 0x4C, 0x09, 0x77, 0x10, 0x2C, 0x0D, 0x77, 0x74, 0x01, 0xD0, 0x27,
  0x70, 0xBC, 0x09, 0x77, 0x75, 0x0B, 0xC0, 0xD0, 0x47, 0x40, 0x40, 0xCD, 0x03, 0x77, 0x75, 0x05,
  0xE8, 0x91, 0xDA, 0x75, 0x44, 0x56, 0x7A, 0xEE, 0x0C, 0x77, 0x77, 0x0C, 0xFF, 0xF9, 0x03, 0x77,
  0x77, 0x03, 0x0E, 0xFF, 0xE0, 0x77, 0x77, 0x72, 0x05, 0xFF, 0xD0, 0x87, 0x77, 0x74, 0x04, 0x0E,
  0xFF, 0x90, 0xE0, 0x67, 0x77, 0x76, 0x81, 0x18, 0xEF, 0xC8, 0x1E, 0x92, 0x80, 0xC2, 0x08, 0x92,
  0x58, 0xBD, 0xEF, 0xED, 0xC9, 0x51, 0x80, 0xCC, 0x70, 0x86, 0x24, 0x79, 0xBC, 0xDE, 0xA8, 0x7E,
  0xDD, 0xCB, 0x96, 0x42, 0x77, 0x77, 0x18, 0x21, 0x5A, 0xEF, 0xFD, 0x82, 0xEB, 0x73, 0x77, 0x72,
  0x04, 0x0B, 0xFF, 0xFE, 0x81, 0xEA, 0x47, 0x74, 0x05, 0x0C, 0xFF, 0xFF, 0xC0, 0xE0, 0x27, 0x70,
  0x30, 0xCF, 0xFF, 0xFE, 0x0D, 0x77, 0x08, 0x80, 0xC0, 0xF0, 0x77, 0x50, 0x10, 0xCF, 0xE8, 0x93,
  0xEA, 0x86, 0x55, 0x44, 0x56, 0x8A, 0xDF, 0xB0, 0xE0, 0x17, 0x40, 0x30, 0xDF, 0xC8, 0x1B, 0x62,
  0x77, 0x81, 0x48, 0xDE, 0x09, 0x74, 0x04, 0x0E, 0xFA, 0x81, 0xE9, 0x27, 0x76, 0x81, 0x37, 0xDB,
  0x02, 0x73, 0x02, 0x0E, 0xFA, 0x0A, 0x01, 0x77, 0x74, 0x81, 0x5B, 0xB7, 0x30, 0x10, 0xDF, 0x90,
  0xE0, 0x58, 0x0C, 0x40, 0x0C, 0xF9, 0x0D, 0x02, 0x80, 0xC4, 0x00, 0x7F, 0x90, 0xD0, 0x18, 0x0C,
  0x40, 0x02, 0xF9, 0x0E, 0x02, 0x80, 0xC5, 0x00, 0xBF, 0x90, 0x48, 0x0C, 0x50, 0x04, 0xF9, 0x08,
  0x80, 0xC6, 0x00, 0xBF, 0x0D, 0x80, 0xC6, 0x00, 0x2F, 0x90, 0x58, 0x0C, 0x60, 0x09, 0xF0, 0xD8,
  0x0C, 0x70, 0x0E, 0xF0, 0x68, 0x0C, 0x60, 0x03, 0xF9, 0x01, 0x80, 0xC6, 0x00, 0x7F, 0x0B, 0x80,
  0xC7, 0x00, 0xCF, 0x06, 0x80, 0xC7, 0x00, 0xEF, 0x02, 0x80, 0xC6, 0x00, 0x2F, 0x0E, 0x80, 0xC7,
  0x00, 0x4F, 0x0C, 0x80, 0xC7, 0x00, 0x7F, 0x0A, 0x80, 0xC7, 0x00, 0x8F, 0x08, 0x80, 0xC7, 0x00,
  0x9F, 0x06, 0x80, 0xC7, 0x00, 0xAF, 0x06, 0x80, 0xC7, 0x00, 0xAF, 0x05, 0x77, 0x7F, 0xFF, 0x03,
  0x0B, 0xF0, 0x57, 0x77, 0xFF, 0xF0, 0x30, 0xBF, 0x05, 0x77, 0x7F, 0xFF, 0x03, 0x0A, 0xF0, 0x67,
  0x77, 0xFF, 0xF0, 0x30, 0x9F, 0x07, 0x77, 0x7F, 0xFF, 0x03, 0x08, 0xF0, 0x87, 0x77, 0xFF, 0xF0,
  0x30, 0x7F, 0x0A, 0x77, 0x78, 0x09, 0x14, 0x09, 0xF0, 0x30, 0x5F, 0x0C, 0x77, 0x77, 0x60, 0x7F,
  0x00, 0x3F, 0x0E, 0x77, 0x77, 0x60, 0x7F, 0x03, 0x1F, 0x90, 0x27, 0x77, 0x75, 0x07, 0xF8, 0x13,
  0x0D, 0xF0, 0x57, 0x77, 0x75, 0x07, 0xF8, 0x13, 0x0A, 0xF0, 0x97, 0x77, 0x75, 0x07, 0xF8, 0x13,
  0x06, 0xF0, 0xE7, 0x77, 0x75, 0x07, 0xF8, 0x13, 0x01, 0xF9, 0x04, 0x77, 0x77, 0x40, 0x7F, 0x03,
  0x20, 0xDF, 0x0A, 0x77, 0x77, 0x40, 0x7F, 0x03, 0x20, 0x7F, 0x90, 0x27, 0x77, 0x73, 0x07, 0xF0,
  0x32, 0x01, 0xF9, 0x09, 0x77, 0x77, 0x30, 0x7F, 0x03, 0x30, 0xAF, 0x90, 0x27, 0x77, 0x72, 0x07,
  0xF0, 0x33, 0x03, 0xF9, 0x0D, 0x77, 0x77, 0x20, 0x7F, 0x03, 0x40, 0xAF, 0x90, 0x97, 0x77, 0x71,
  0x07, 0xF0, 0x34, 0x01, 0xFA, 0x07, 0x77, 0x77, 0x07, 0xF0, 0x35, 0x07, 0xFA, 0x07, 0x77, 0x76,
  0x07, 0xF0, 0x36, 0x0B, 0xFA, 0x0A, 0x77, 0x75, 0x07, 0xF0, 0x36, 0x01, 0x0D, 0xFA, 0x0D, 0x04,
  0x77, 0x73, 0x07, 0xF0, 0x37, 0x03, 0x0E, 0xFB, 0x0B, 0x04, 0x77, 0x71, 0x07, 0xF0, 0x37, 0x10,
  0x30, 0xEF, 0xC8, 0x1D, 0x83, 0x77, 0x28, 0x21, 0x48, 0xDF, 0x03, 0x72, 0x02, 0x0E, 0xFF, 0x89,
  0x5C, 0xA7, 0x65, 0x54, 0x44, 0x56, 0x79, 0xBE, 0xFC, 0x03, 0x73, 0x01, 0x0B, 0x80, 0xC3, 0xF0,
  0x37, 0x50, 0x68, 0x0C, 0x2F, 0x03, 0x76, 0x02, 0x09, 0x80, 0xC0, 0xF0, 0x37, 0x71, 0x81, 0x29,
  0xEF, 0xFF, 0xFA, 0x81, 0xB7, 0x37, 0x75, 0x81, 0x49, 0xEF, 0xFF, 0x98, 0x2D, 0xA7, 0x47, 0x77,
  0x58, 0x62, 0x57, 0xAC, 0xDD, 0xEB, 0x89, 0x0E, 0xED, 0xCB, 0xA9, 0x75, 0x37, 0x30,
  // "ğ" (U+011F), RLE, 1156 bytes saved (64.8%)
  0x71, 0x84, 0x47, 0x77, 0x71, 0x77, 0x28, 0x44, 0x77, 0x77, 0x17, 0x70, 0x6C, 0x04, 0x77, 0x20,
  0xCC, 0x77, 0x10, 0x4C, 0x09, 0x77, 0x10, 0x2C, 0x0D, 0x77, 0x10, 0x1D, 0x02, 0x77, 0x0B, 0xC0,
  0x97, 0x72, 0x0B, 0xC0, 0xD0, 0x47, 0x40, 0x40, 0xCD, 0x03, 0x77, 0x20, 0x5E, 0x89, 0x1D, 0xA7,
  0x54, 0x45, 0x67, 0xAE, 0xE0, 0xC7, 0x74, 0x0C, 0xFF, 0xF9, 0x03, 0x77, 0x40, 0x30, 0xEF, 0xFE,
  0x07, 0x77, 0x60, 0x5F, 0xFD, 0x08, 0x77, 0x71, 0x04, 0x0E, 0xFF, 0x90, 0xE0, 0x67, 0x77, 0x38,
  0x11, 0x8E, 0xFC, 0x81, 0xE9, 0x27, 0x77, 0x78, 0x92, 0x58, 0xBD, 0xEF, 0xED, 0xC9, 0x51, 0x80,
  0xBD, 0x10, 0x89, 0x31, 0x59, 0xBD, 0xEF, 0xEE, 0xC9, 0x62, 0x77, 0x76, 0x03, 0x0A, 0xFE, 0x0C,
  0x06, 0x70, 0x8D, 0x09, 0x72, 0x01, 0x0A, 0xFF, 0xB0, 0xD0, 0x55, 0x0A, 0xD0, 0x97, 0x10, 0x40,
  0xEF, 0xFE, 0x09, 0x40, 0xDD, 0x09, 0x70, 0x6F, 0xFF, 0xA0, 0xC3, 0xE0, 0x96, 0x05, 0xFF, 0xFC,
  0x81, 0xC0, 0x3E, 0x09, 0x50, 0x3F, 0xC8, 0x7B, 0x75, 0x44, 0x57, 0xAD, 0xF0, 0xA0, 0x5E, 0x09,
  0x50, 0xDF, 0x98, 0x1E, 0x71, 0x72, 0x03, 0x0A, 0xFE, 0x09, 0x40, 0x8F, 0x90, 0xC0, 0x27, 0x60,
  0x30, 0xDF, 0xC0, 0x93, 0x02, 0xF9, 0x0C, 0x01, 0x77, 0x10, 0x10, 0xCF, 0xB0, 0x93, 0x09, 0xF0,
  0xE0, 0x17, 0x73, 0x01, 0x0E, 0xFA, 0x09, 0x20, 0x1F, 0x90, 0x67, 0x75, 0x05, 0xFA, 0x09, 0x20,
  0x7F, 0x0D, 0x77, 0x70, 0xCF, 0x90, 0x92, 0x0C, 0xF0, 0x57, 0x77, 0x05, 0xF9, 0x81, 0x90, 0x1F,
  0x0E, 0x77, 0x72, 0xF9, 0x81, 0x90, 0x5F, 0x0A, 0x77, 0x72, 0x0B, 0xF8, 0x19, 0x08, 0xF0, 0x57,
  0x77, 0x20, 0x7F, 0x81, 0x90, 0xBF, 0x02, 0x77, 0x72, 0x04, 0xF8, 0x19, 0x0D, 0xF7, 0x77, 0x30,
  0x2F, 0x09, 0x1F, 0x0D, 0x77, 0x74, 0xF0, 0x90, 0x1F, 0x0B, 0x77, 0x74, 0x0E, 0xE0, 0x90, 0x2F,
  0x0A, 0x77, 0x74, 0x0D, 0xE0, 0x90, 0x3F, 0x09, 0x77, 0x74, 0x0D, 0xE0, 0x90, 0x3F, 0x09, 0x77,
  0x74, 0x0C, 0xE0, 0x90, 0x3F, 0x09, 0x77, 0x74, 0x0C, 0xE0, 0x90, 0x3F, 0x09, 0x77, 0x74, 0x0C,
  0xE0, 0x90, 0x3F, 0x0A, 0x77, 0x74, 0x0C, 0xE0, 0x90, 0x2F, 0x0B, 0x77, 0x74, 0x0D, 0xE0, 0x91,
  0xF0, 0xC7, 0x77, 0x40, 0xEE, 0x81, 0x90, 0xEF, 0x77, 0x74, 0xF8, 0x19, 0x0C, 0xF0, 0x27, 0x77,
  0x20, 0x1F, 0x81, 0x90, 0x9F, 0x05, 0x77, 0x72, 0x04, 0xF8, 0x19, 0x06, 0xF0, 0x97, 0x77, 0x20,
  0x7F, 0x81, 0x90, 0x2F, 0x0E, 0x77, 0x72, 0x0B, 0xF0, 0x92, 0x0D, 0xF0, 0x47, 0x77, 0x01, 0xF9,
  0x09, 0x20, 0x8F, 0x0B, 0x77, 0x70, 0x7F, 0x90, 0x92, 0x03, 0xF9, 0x04, 0x77, 0x50, 0x10, 0xEF,
  0x90, 0x93, 0x0B, 0xF0, 0xD0, 0x17, 0x74, 0x0A, 0xFA, 0x09, 0x30, 0x4F, 0x90, 0xB7, 0x73, 0x09,
  0xFB, 0x09, 0x40, 0xBF, 0x90, 0xB0, 0x17, 0x60, 0x10, 0xAF, 0xC0, 0x94, 0x02, 0x0E, 0xF9, 0x0E,
  0x07, 0x73, 0x81, 0x18, 0xEF, 0xD0, 0x95, 0x05, 0xFB, 0x89, 0x0E, 0xA7, 0x54, 0x56, 0x79, 0xDF,
  0x09, 0x0A, 0xE0, 0x96, 0x08, 0xFF, 0xFC, 0x81, 0xC0, 0xBE, 0x09, 0x70, 0x8F, 0xFF, 0xA8, 0x2C,
  0x10, 0xCE, 0x09, 0x71, 0x06, 0xFF, 0xF0, 0xB0, 0x12, 0x0D, 0xE0, 0x97, 0x20, 0x20, 0xBF, 0xFB,
  0x0E, 0x06, 0x40, 0xDE, 0x09, 0x74, 0x04, 0x0B, 0xFE, 0x81, 0xD7, 0x15, 0x0E, 0xE0, 0x97, 0x68,
  0x41, 0x59, 0xBD, 0xEA, 0x83, 0xEC, 0xA7, 0x37, 0x10, 0xEE, 0x09, 0x77, 0x77, 0x60, 0xEE, 0x08,
  0x77, 0x77, 0x6F, 0x08, 0x77, 0x77, 0x6F, 0x07, 0x77, 0x77, 0x50, 0x2F, 0x06, 0x77, 0x77, 0x50,
  0x6F, 0x04, 0x77, 0x77, 0x50, 0x9F, 0x01, 0x77, 0x77, 0x50, 0xEE, 0x0E, 0x77, 0x77, 0x50, 0x7F,
  0x0A, 0x77, 0x77, 0x40, 0x10, 0xEF, 0x06, 0x77, 0x77, 0x40, 0xBF, 0x0E, 0x01, 0x50, 0x80, 0x67,
  0x77, 0x30, 0xAF, 0x90, 0x96, 0x83, 0xAF, 0xE8, 0x27, 0x75, 0x01, 0x0C, 0xFA, 0x02, 0x60, 0xAC,
  0x82, 0xD9, 0x51, 0x76, 0x02, 0x09, 0xFB, 0x08, 0x70, 0xAF, 0x98, 0x93, 0xEC, 0xA8, 0x76, 0x55,
  0x45, 0x69, 0xDF, 0xC0, 0xC7, 0x10, 0xAF, 0xFF, 0xFB, 0x0D, 0x01, 0x71, 0x0A, 0xFF, 0xFF, 0xA0,
  0xD0, 0x27, 0x20, 0xAF, 0xFF, 0xF9, 0x09, 0x01, 0x73, 0x81, 0x28, 0xEF, 0xFF, 0xC0, 0xC0, 0x47,
  0x71, 0x81, 0x48, 0xCF, 0xFD, 0x81, 0xE9, 0x37, 0x77, 0x87, 0x35, 0x79, 0xBD, 0xDE, 0xEA, 0x85,
  0xEE, 0xCB, 0x96, 0x27, 0x60,
  // "Ġ" (U+0120), RLE, 1536 bytes saved (73.8%)
  0x77, 0x76, 0x84, 0x5C, 0xEE, 0xA2, 0x80, 0xD1, 0x00, 0x7D, 0x0E, 0x03, 0x80, 0xC7, 0x00, 0x2F,
  0x0C, 0x80, 0xC7, 0x00, 0x6F, 0x90, 0x28, 0x0C, 0x60, 0x08, 0xF9, 0x04, 0x80, 0xC6, 0x00, 0x8F,
  0x90, 0x48, 0x0C, 0x60, 0x06, 0xF9, 0x01, 0x80, 0xC6, 0x00, 0x1F, 0x0C, 0x80, 0xD0, 0x00, 0x7D,
  0x0E, 0x03, 0x80, 0xD1, 0x08, 0x45, 0xCF, 0xEA, 0x28, 0x0E, 0xA2, 0x08, 0x62, 0x47, 0x9B, 0xCD,
  0xEA, 0x87, 0xED, 0xDC, 0xB9, 0x64, 0x27, 0x77, 0x71, 0x82, 0x15, 0xAE, 0xFF, 0xD8, 0x2E, 0xB7,
  0x37, 0x77, 0x20, 0x40, 0xBF, 0xFF, 0xE8, 0x1E, 0xA4, 0x77, 0x40, 0x50, 0xCF, 0xFF, 0xFC, 0x0E,
  0x02, 0x77, 0x03, 0x0C, 0xFF, 0xFF, 0xE0, 0xD7, 0x70, 0x88, 0x0C, 0x0F, 0x07, 0x75, 0x01, 0x0C,
  0xFE, 0x89, 0x3E, 0xA8, 0x65, 0x54, 0x45, 0x68, 0xAD, 0xFB, 0x0E, 0x01, 0x74, 0x03, 0x0D, 0xFC,
  0x81, 0xB6, 0x27, 0x78, 0x14, 0x8D, 0xE0, 0x97, 0x40, 0x40, 0xEF, 0xA8, 0x1E, 0x92, 0x77, 0x68,
  0x13, 0x7D, 0xB0, 0x27, 0x30, 0x20, 0xEF, 0xA0, 0xA0, 0x17, 0x77, 0x48, 0x15, 0xBB, 0x73, 0x01,
  0x0D, 0xF9, 0x0E, 0x05, 0x80, 0xC4, 0x00, 0xCF, 0x90, 0xD0, 0x28, 0x0C, 0x40, 0x07, 0xF9, 0x0D,
  0x01, 0x80, 0xC4, 0x00, 0x2F, 0x90, 0xE0, 0x28, 0x0C, 0x50, 0x0B, 0xF9, 0x04, 0x80, 0xC5, 0x00,
  0x4F, 0x90, 0x88, 0x0C, 0x60, 0x0B, 0xF0, 0xD8, 0x0C, 0x60, 0x02, 0xF9, 0x05, 0x80, 0xC6, 0x00,
  0x9F, 0x0D, 0x80, 0xC7, 0x00, 0xEF, 0x06, 0x80, 0xC6, 0x00, 0x3F, 0x90, 0x18, 0x0C, 0x60, 0x07,
  0xF0, 0xB8, 0x0C, 0x70, 0x0C, 0xF0, 0x68, 0x0C, 0x70, 0x0E, 0xF0, 0x28, 0x0C, 0x60, 0x02, 0xF0,
  0xE8, 0x0C, 0x70, 0x04, 0xF0, 0xC8, 0x0C, 0x70, 0x07, 0xF0, 0xA8, 0x0C, 0x70, 0x08, 0xF0, 0x88,
  0x0C, 0x70, 0x09, 0xF0, 0x68, 0x0C, 0x70, 0x0A, 0xF0, 0x68, 0x0C, 0x70, 0x0A, 0xF0, 0x57, 0x77,
  0xFF, 0xF0, 0x30, 0xBF, 0x05, 0x77, 0x7F, 0xFF, 0x03, 0x0B, 0xF0, 0x57, 0x77, 0xFF, 0xF0, 0x30,
  0xAF, 0x06, 0x77, 0x7F, 0xFF, 0x03, 0x09, 0xF0, 0x77, 0x77, 0xFF, 0xF0, 0x30, 0x8F, 0x08, 0x77,
  0x7F, 0xFF, 0x03, 0x07, 0xF0, 0xA7, 0x77, 0x80, 0x91, 0x40, 0x9F, 0x03, 0x05, 0xF0, 0xC7, 0x77,
  0x76, 0x07, 0xF0, 0x03, 0xF0, 0xE7, 0x77, 0x76, 0x07, 0xF0, 0x31, 0xF9, 0x02, 0x77, 0x77, 0x50,
  0x7F, 0x81, 0x30, 0xDF, 0x05, 0x77, 0x77, 0x50, 0x7F, 0x81, 0x30, 0xAF, 0x09, 0x77, 0x77, 0x50,
  0x7F, 0x81, 0x30, 0x6F, 0x0E, 0x77, 0x77, 0x50, 0x7F, 0x81, 0x30, 0x1F, 0x90, 0x47, 0x77, 0x74,
  0x07, 0xF0, 0x32, 0x0D, 0xF0, 0xA7, 0x77, 0x74, 0x07, 0xF0, 0x32, 0x07, 0xF9, 0x02, 0x77, 0x77,
  0x30, 0x7F, 0x03, 0x20, 0x1F, 0x90, 0x97, 0x77, 0x73, 0x07, 0xF0, 0x33, 0x0A, 0xF9, 0x02, 0x77,
  0x77, 0x20, 0x7F, 0x03, 0x30, 0x3F, 0x90, 0xD7, 0x77, 0x72, 0x07, 0xF0, 0x34, 0x0A, 0xF9, 0x09,
  0x77, 0x77, 0x10, 0x7F, 0x03, 0x40, 0x1F, 0xA0, 0x77, 0x77, 0x70, 0x7F, 0x03, 0x50, 0x7F, 0xA0,
  0x77, 0x77, 0x60, 0x7F, 0x03, 0x60, 0xBF, 0xA0, 0xA7, 0x77, 0x50, 0x7F, 0x03, 0x60, 0x10, 0xDF,
  0xA0, 0xD0, 0x47, 0x77, 0x30, 0x7F, 0x03, 0x70, 0x30, 0xEF, 0xB0, 0xB0, 0x47, 0x77, 0x10, 0x7F,
  0x03, 0x71, 0x03, 0x0E, 0xFC, 0x81, 0xD8, 0x37, 0x72, 0x82, 0x14, 0x8D, 0xF0, 0x37, 0x20, 0x20,
  0xEF, 0xF8, 0x95, 0xCA, 0x76, 0x55, 0x44, 0x45, 0x67, 0x9B, 0xEF, 0xC0, 0x37, 0x30, 0x10, 0xB8,
  0x0C, 0x3F, 0x03, 0x75, 0x06, 0x80, 0xC2, 0xF0, 0x37, 0x60, 0x20, 0x98, 0x0C, 0x0F, 0x03, 0x77,
  0x18, 0x12, 0x9E, 0xFF, 0xFF, 0xA8, 0x1B, 0x73, 0x77, 0x58, 0x14, 0x9E, 0xFF, 0xF9, 0x82, 0xDA,
  0x74, 0x77, 0x75, 0x86, 0x25, 0x7A, 0xCD, 0xDE, 0xB8, 0x90, 0xEE, 0xDC, 0xBA, 0x97, 0x53, 0x73,
  // "ġ" (U+0121), RLE, 1195 bytes saved (66.9%)
  0x77, 0x58, 0x45, 0xCE, 0xEA, 0x27, 0x77, 0x77, 0x07, 0xD0, 0xE0, 0x37, 0x77, 0x75, 0x02, 0xF0,
  0xC7, 0x77, 0x75, 0x06, 0xF9, 0x02, 0x77, 0x77, 0x40, 0x8F, 0x90, 0x47, 0x77, 0x74, 0x08, 0xF9,
  0x04, 0x77, 0x77, 0x40, 0x6F, 0x90, 0x17, 0x77, 0x74, 0x01, 0xF0, 0xC7, 0x77, 0x76, 0x07, 0xD0,
  0xE0, 0x37, 0x77, 0x77, 0x84, 0x5C, 0xFE, 0xA2, 0x80, 0xD8, 0x00, 0x89, 0x31, 0x59, 0xBD, 0xEF,
  0xEE, 0xC9, 0x62, 0x77, 0x76, 0x03, 0x0A, 0xFE, 0x0C, 0x06, 0x70, 0x8D, 0x09, 0x72, 0x01, 0x0A,
  0xFF, 0xB0, 0xD0, 0x55, 0x0A, 0xD0, 0x97, 0x10, 0x40, 0xEF, 0xFE, 0x09, 0x40, 0xDD, 0x09, 0x70,
  0x6F, 0xFF, 0xA0, 0xC3, 0xE0, 0x96, 0x05, 0xFF, 0xFC, 0x81, 0xC0, 0x3E, 0x09, 0x50, 0x3F, 0xC8,
  0x7B, 0x75, 0x44, 0x57, 0xAD, 0xF0, 0xA0, 0x5E, 0x09, 0x50, 0xDF, 0x98, 0x1E, 0x71, 0x72, 0x03,
  0x0A, 0xFE, 0x09, 0x40, 0x8F, 0x90, 0xC0, 0x27, 0x60, 0x30, 0xDF, 0xC0, 0x93, 0x02, 0xF9, 0x0C,
  0x01, 0x77, 0x10, 0x10, 0xCF, 0xB0, 0x93, 0x09, 0xF0, 0xE0, 0x17, 0x73, 0x01, 0x0E, 0xFA, 0x09,
  0x20, 0x1F, 0x90, 0x67, 0x75, 0x05, 0xFA, 0x09, 0x20, 0x7F, 0x0D, 0x77, 0x70, 0xCF, 0x90, 0x92,
  0x0C, 0xF0, 0x57, 0x77, 0x05, 0xF9, 0x81, 0x90, 0x1F, 0x0E, 0x77, 0x72, 0xF9, 0x81, 0x90, 0x5F,
  0x0A, 0x77, 0x72, 0x0B, 0xF8, 0x19, 0x08, 0xF0, 0x57, 0x77, 0x20, 0x7F, 0x81, 0x90, 0xBF, 0x02,
  0x77, 0x72, 0x04, 0xF8, 0x19, 0x0D, 0xF7, 0x77, 0x30, 0x2F, 0x09, 0x1F, 0x0D, 0x77, 0x74, 0xF0,
  0x90, 0x1F, 0x0B, 0x77, 0x74, 0x0E, 0xE0, 0x90, 0x2F, 0x0A, 0x77, 0x74, 0x0D, 0xE0, 0x90, 0x3F,
  0x09, 0x77, 0x74, 0x0D, 0xE0, 0x90, 0x3F, 0x09, 0x77, 0x74, 0x0C, 0xE0, 0x90, 0x3F, 0x09, 0x77,
  0x74, 0x0C, 0xE0, 0x90, 0x3F, 0x09, 0x77, 0x74, 0x0C, 0xE0, 0x90, 0x3F, 0x0A, 0x77, 0x74, 0x0C,
  0xE0, 0x90, 0x2F, 0x0B, 0x77, 0x74, 0x0D, 0xE0, 0x91, 0xF0, 0xC7, 0x77, 0x40, 0xEE, 0x81, 0x90,
  0xEF, 0x77, 0x74, 0xF8, 0x19, 0x0C, 0xF0, 0x27, 0x77, 0x20, 0x1F, 0x81, 0x90, 0x9F, 0x05, 0x77,
  0x72, 0x04, 0xF8, 0x19, 0x06, 0xF0, 0x97, 0x77, 0x20, 0x7F, 0x81, 0x90, 0x2F, 0x0E, 0x77, 0x72,
  0x0B, 0xF0, 0x92, 0x0D, 0xF0, 0x47, 0x77, 0x01, 0xF9, 0x09, 0x20, 0x8F, 0x0B, 0x77, 0x70, 0x7F,
  0x90, 0x92, 0x03, 0xF9, 0x04, 0x77, 0x50, 0x10, 0xEF, 0x90, 0x93, 0x0B, 0xF0, 0xD0, 0x17, 0x74,
  0x0A, 0xFA, 0x09, 0x30, 0x4F, 0x90, 0xB7, 0x73, 0x09, 0xFB, 0x09, 0x40, 0xBF, 0x90, 0xB0, 0x17,
  0x60, 0x10, 0xAF, 0xC0, 0x94, 0x02, 0x0E, 0xF9, 0x0E, 0x07, 0x73, 0x81, 0x18, 0xEF, 0xD0, 0x95,
  0x05, 0xFB, 0x89, 0x0E, 0xA7, 0x54, 0x56, 0x79, 0xDF, 0x09, 0x0A, 0xE0, 0x96, 0x08, 0xFF, 0xFC,
  0x81, 0xC0, 0xBE, 0x09, 0x70, 0x8F, 0xFF, 0xA8, 0x2C, 0x10, 0xCE, 0x09, 0x71, 0x06, 0xFF, 0xF0,
  0xB0, 0x12, 0x0D, 0xE0, 0x97, 0x20, 0x20, 0xBF, 0xFB, 0x0E, 0x06, 0x40, 0xDE, 0x09, 0x74, 0x04,
  0x0B, 0xFE, 0x81, 0xD7, 0x15, 0x0E, 0xE0, 0x97, 0x68, 0x41, 0x59, 0xBD, 0xEA, 0x83, 0xEC, 0xA7,
  0x37, 0x10, 0xEE, 0x09, 0x77, 0x77, 0x60, 0xEE, 0x08, 0x77, 0x77, 0x6F, 0x08, 0x77, 0x77, 0x6F,
  0x07, 0x77, 0x77, 0x50, 0x2F, 0x06, 0x77, 0x77, 0x50, 0x6F, 0x04, 0x77, 0x77, 0x50, 0x9F, 0x01,
  0x77, 0x77, 0x50, 0xEE, 0x0E, 0x77, 0x77, 0x50, 0x7F, 0x0A, 0x77, 0x77, 0x40, 0x10, 0xEF, 0x06,
  0x77, 0x77, 0x40, 0xBF, 0x0E, 0x01, 0x50, 0x80, 0x67, 0x77, 0x30, 0xAF, 0x90, 0x96, 0x83, 0xAF,
  0xE8, 0x27, 0x75, 0x01, 0x0C, 0xFA, 0x02, 0x60, 0xAC, 0x82, 0xD9, 0x51, 0x76, 0x02, 0x09, 0xFB,
  0x08, 0x70, 0xAF, 0x98, 0x93, 0xEC, 0xA8, 0x76, 0x55, 0x45, 0x69, 0xDF, 0xC0, 0xC7, 0x10, 0xAF,
  0xFF, 0xFB, 0x0D, 0x01, 0x71, 0x0A, 0xFF, 0xFF, 0xA0, 0xD0, 0x27, 0x20, 0xAF, 0xFF, 0xF9, 0x09,
  0x01, 0x73, 0x81, 0x28, 0xEF, 0xFF, 0xC0, 0xC0, 0x47, 0x71, 0x81, 0x48, 0xCF, 0xFD, 0x81, 0xE9,
  0x37, 0x77, 0x87, 0x35, 0x79, 0xBD, 0xDE, 0xEA, 0x85, 0xEE, 0xCB, 0x96, 0x27, 0x60,
  // "Ģ" (U+0122), RLE, 1548 bytes saved (73.5%)
  0x77, 0x72, 0x86, 0x24, 0x79, 0xBC, 0xDE, 0xA8, 0x7E, 0xDD, 0xCB, 0x96, 0x42, 0x77, 0x77, 0x18,
  0x21, 0x5A, 0xEF, 0xFD, 0x82, 0xEB, 0x73, 0x77, 0x72, 0x04, 0x0B, 0xFF, 0xFE, 0x81, 0xEA, 0x47,
  0x74, 0x05, 0x0C, 0xFF, 0xFF, 0xC0, 0xE0, 0x27, 0x70, 0x30, 0xCF, 0xFF, 0xFE, 0x0D, 0x77, 0x08,
  0x80, 0xC0, 0xF0, 0x77, 0x50, 0x10, 0xCF, 0xE8, 0x93, 0xEA, 0x86, 0x55, 0x44, 0x56, 0x8A, 0xDF,
  0xB0, 0xE0, 0x17, 0x40, 0x30, 0xDF, 0xC8, 0x1B, 0x62, 0x77, 0x81, 0x48, 0xDE, 0x09, 0x74, 0x04,
  0x0E, 0xFA, 0x81, 0xE9, 0x27, 0x76, 0x81, 0x37, 0xDB, 0x02, 0x73, 0x02, 0x0E, 0xFA, 0x0A, 0x01,
  0x77, 0x74, 0x81, 0x5B, 0xB7, 0x30, 0x10, 0xDF, 0x90, 0xE0, 0x58, 0x0C, 0x40, 0x0C, 0xF9, 0x0D,
  0x02, 0x80, 0xC4, 0x00, 0x7F, 0x90, 0xD0, 0x18, 0x0C, 0x40, 0x02, 0xF9, 0x0E, 0x02, 0x80, 0xC5,
  0x00, 0xBF, 0x90, 0x48, 0x0C, 0x50, 0x04, 0xF9, 0x08, 0x80, 0xC6, 0x00, 0xBF, 0x0D, 0x80, 0xC6,
  0x00, 0x2F, 0x90, 0x58, 0x0C, 0x60, 0x09, 0xF0, 0xD8, 0x0C, 0x70, 0x0E, 0xF0, 0x68, 0x0C, 0x60,
  0x03, 0xF9, 0x01, 0x80, 0xC6, 0x00, 0x7F, 0x0B, 0x80, 0xC7, 0x00, 0xCF, 0x06, 0x80, 0xC7, 0x00,
  0xEF, 0x02, 0x80, 0xC6, 0x00, 0x2F, 0x0E, 0x80, 0xC7, 0x00, 0x4F, 0x0C, 0x80, 0xC7, 0x00, 0x7F,
  0x0A, 0x80, 0xC7, 0x00, 0x8F, 0x08, 0x80, 0xC7, 0x00, 0x9F, 0x06, 0x80, 0xC7, 0x00, 0xAF, 0x06,
  0x80, 0xC7, 0x00, 0xAF, 0x05, 0x77, 0x7F, 0xFF, 0x03, 0x0B, 0xF0, 0x57, 0x77, 0xFF, 0xF0, 0x30,
  0xBF, 0x05, 0x77, 0x7F, 0xFF, 0x03, 0x0A, 0xF0, 0x67, 0x77, 0xFF, 0xF0, 0x30, 0x9F, 0x07, 0x77,
  0x7F, 0xFF, 0x03, 0x08, 0xF0, 0x87, 0x77, 0xFF, 0xF0, 0x30, 0x7F, 0x0A, 0x77, 0x78, 0x09, 0x14,
  0x09, 0xF0, 0x30, 0x5F, 0x0C, 0x77, 0x77, 0x60, 0x7F, 0x00, 0x3F, 0x0E, 0x77, 0x77, 0x60, 0x7F,
  0x03, 0x1F, 0x90, 0x27, 0x77, 0x75, 0x07, 0xF8, 0x13, 0x0D, 0xF0, 0x57, 0x77, 0x75, 0x07, 0xF8,
  0x13, 0x0A, 0xF0, 0x97, 0x77, 0x75, 0x07, 0xF8, 0x13, 0x06, 0xF0, 0xE7, 0x77, 0x75, 0x07, 0xF8,
  0x13, 0x01, 0xF9, 0x04, 0x77, 0x77, 0x40, 0x7F, 0x03, 0x20, 0xDF, 0x0A, 0x77, 0x77, 0x40, 0x7F,
  0x03, 0x20, 0x7F, 0x90, 0x27, 0x77, 0x73, 0x07, 0xF0, 0x32, 0x01, 0xF9, 0x09, 0x77, 0x77, 0x30,
  0x7F, 0x03, 0x30, 0xAF, 0x90, 0x27, 0x77, 0x72, 0x07, 0xF0, 0x33, 0x03, 0xF9, 0x0D, 0x77, 0x77,
  0x20, 0x7F, 0x03, 0x40, 0xAF, 0x90, 0x97, 0x77, 0x71, 0x07, 0xF0, 0x34, 0x01, 0xFA, 0x07, 0x77,
  0x77, 0x07, 0xF0, 0x35, 0x07, 0xFA, 0x07, 0x77, 0x76, 0x07, 0xF0, 0x36, 0x0B, 0xFA, 0x0A, 0x77,
  0x75, 0x07, 0xF0, 0x36, 0x01, 0x0D, 0xFA, 0x0D, 0x04, 0x77, 0x73, 0x07, 0xF0, 0x37, 0x03, 0x0E,
  0xFB, 0x0B, 0x04, 0x77, 0x71, 0x07, 0xF0, 0x37, 0x10, 0x30, 0xEF, 0xC8, 0x1D, 0x83, 0x77, 0x28,
  0x21, 0x48, 0xDF, 0x03, 0x72, 0x02, 0x0E, 0xFF, 0x89, 0x5C, 0xA7, 0x65, 0x54, 0x44, 0x56, 0x79,
  0xBE, 0xFC, 0x03, 0x73, 0x01, 0x0B, 0x80, 0xC3, 0xF0, 0x37, 0x50, 0x68, 0x0C, 0x2F, 0x03, 0x76,
  0x02, 0x09, 0x80, 0xC0, 0xF0, 0x37, 0x71, 0x81, 0x29, 0xEF, 0xFF, 0xFA, 0x81, 0xB7, 0x37, 0x75,
  0x81, 0x49, 0xEF, 0xFF, 0x98, 0x2D, 0xA7, 0x47, 0x77, 0x58, 0x62, 0x57, 0xAC, 0xDD, 0xEB, 0x89,
  0x0E, 0xED, 0xCB, 0xA9, 0x75, 0x38, 0x0B, 0xE1, 0x00, 0x7F, 0x01, 0x80, 0xC7, 0x00, 0x9E, 0x0D,
  0x80, 0xD0, 0x00, 0xCE, 0x08, 0x80, 0xD0, 0x0F, 0x02, 0x80, 0xC7, 0x00, 0x3E, 0x0C, 0x80, 0xD0,
  0x00, 0x7E, 0x04, 0x80, 0xD0, 0x00, 0xCD, 0x0C, 0x80, 0xD0, 0x00, 0x1E, 0x05, 0x80, 0xD0, 0x00,
  0x5D, 0x0C, 0x80, 0xD1, 0x00, 0x9D, 0x03, 0x80, 0xD1, 0x00, 0xEC, 0x09, 0x80, 0xD1, 0x00, 0x5C,
  0x0E, 0x01, 0x80, 0xD1, 0x00, 0xBC, 0x04, 0x80, 0xD2, 0x00, 0xEB, 0x08, 0x77, 0x72,
  // "ģ" (U+0123), RLE, 1222 bytes saved (66.9%)
  0x77, 0x71, 0x05, 0xC0, 0x37, 0x77, 0x77, 0x02, 0x0E, 0xB0, 0xE0, 0x17, 0x77, 0x77, 0x0C, 0xC0,
  0x97, 0x77, 0x77, 0x06, 0xD0, 0x47, 0x77, 0x76, 0x01, 0x0E, 0xC0, 0xE7, 0x77, 0x77, 0x08, 0xD0,
  0x97, 0x77, 0x76, 0x01, 0xE0, 0x57, 0x77, 0x76, 0x09, 0xE0, 0x17, 0x77, 0x75, 0x01, 0xE0, 0xB7,
  0x77, 0x76, 0x08, 0xE0, 0x77, 0x77, 0x76, 0x0E, 0xE0, 0x47, 0x77, 0x75, 0x04, 0xF7, 0x77, 0x76,
  0x0A, 0xE0, 0xD7, 0x77, 0x76, 0x0D, 0xE0, 0xA8, 0x0B, 0xD5, 0x08, 0x93, 0x15, 0x9B, 0xDE, 0xFE,
  0xEC, 0x96, 0x27, 0x77, 0x60, 0x30, 0xAF, 0xE0, 0xC0, 0x67, 0x08, 0xD0, 0x97, 0x20, 0x10, 0xAF,
  0xFB, 0x0D, 0x05, 0x50, 0xAD, 0x09, 0x71, 0x04, 0x0E, 0xFF, 0xE0, 0x94, 0x0D, 0xD0, 0x97, 0x06,
  0xFF, 0xFA, 0x0C, 0x3E, 0x09, 0x60, 0x5F, 0xFF, 0xC8, 0x1C, 0x03, 0xE0, 0x95, 0x03, 0xFC, 0x87,
  0xB7, 0x54, 0x45, 0x7A, 0xDF, 0x0A, 0x05, 0xE0, 0x95, 0x0D, 0xF9, 0x81, 0xE7, 0x17, 0x20, 0x30,
  0xAF, 0xE0, 0x94, 0x08, 0xF9, 0x0C, 0x02, 0x76, 0x03, 0x0D, 0xFC, 0x09, 0x30, 0x2F, 0x90, 0xC0,
  0x17, 0x71, 0x01, 0x0C, 0xFB, 0x09, 0x30, 0x9F, 0x0E, 0x01, 0x77, 0x30, 0x10, 0xEF, 0xA0, 0x92,
  0x01, 0xF9, 0x06, 0x77, 0x50, 0x5F, 0xA0, 0x92, 0x07, 0xF0, 0xD7, 0x77, 0x0C, 0xF9, 0x09, 0x20,
  0xCF, 0x05, 0x77, 0x70, 0x5F, 0x98, 0x19, 0x01, 0xF0, 0xE7, 0x77, 0x2F, 0x98, 0x19, 0x05, 0xF0,
  0xA7, 0x77, 0x20, 0xBF, 0x81, 0x90, 0x8F, 0x05, 0x77, 0x72, 0x07, 0xF8, 0x19, 0x0B, 0xF0, 0x27,
  0x77, 0x20, 0x4F, 0x81, 0x90, 0xDF, 0x77, 0x73, 0x02, 0xF0, 0x91, 0xF0, 0xD7, 0x77, 0x4F, 0x09,
  0x01, 0xF0, 0xB7, 0x77, 0x40, 0xEE, 0x09, 0x02, 0xF0, 0xA7, 0x77, 0x40, 0xDE, 0x09, 0x03, 0xF0,
  0x97, 0x77, 0x40, 0xDE, 0x09, 0x03, 0xF0, 0x97, 0x77, 0x40, 0xCE, 0x09, 0x03, 0xF0, 0x97, 0x77,
  0x40, 0xCE, 0x09, 0x03, 0xF0, 0x97, 0x77, 0x40, 0xCE, 0x09, 0x03, 0xF0, 0xA7, 0x77, 0x40, 0xCE,
  0x09, 0x02, 0xF0, 0xB7, 0x77, 0x40, 0xDE, 0x09, 0x1F, 0x0C, 0x77, 0x74, 0x0E, 0xE8, 0x19, 0x0E,
  0xF7, 0x77, 0x4F, 0x81, 0x90, 0xCF, 0x02, 0x77, 0x72, 0x01, 0xF8, 0x19, 0x09, 0xF0, 0x57, 0x77,
  0x20, 0x4F, 0x81, 0x90, 0x6F, 0x09, 0x77, 0x72, 0x07, 0xF8, 0x19, 0x02, 0xF0, 0xE7, 0x77, 0x20,
  0xBF, 0x09, 0x20, 0xDF, 0x04, 0x77, 0x70, 0x1F, 0x90, 0x92, 0x08, 0xF0, 0xB7, 0x77, 0x07, 0xF9,
  0x09, 0x20, 0x3F, 0x90, 0x47, 0x75, 0x01, 0x0E, 0xF9, 0x09, 0x30, 0xBF, 0x0D, 0x01, 0x77, 0x40,
  0xAF, 0xA0, 0x93, 0x04, 0xF9, 0x0B, 0x77, 0x30, 0x9F, 0xB0, 0x94, 0x0B, 0xF9, 0x0B, 0x01, 0x76,
  0x01, 0x0A, 0xFC, 0x09, 0x40, 0x20, 0xEF, 0x90, 0xE0, 0x77, 0x38, 0x11, 0x8E, 0xFD, 0x09, 0x50,
  0x5F, 0xB8, 0x90, 0xEA, 0x75, 0x45, 0x67, 0x9D, 0xF0, 0x90, 0xAE, 0x09, 0x60, 0x8F, 0xFF, 0xC8,
  0x1C, 0x0B, 0xE0, 0x97, 0x08, 0xFF, 0xFA, 0x82, 0xC1, 0x0C, 0xE0, 0x97, 0x10, 0x6F, 0xFF, 0x0B,
  0x01, 0x20, 0xDE, 0x09, 0x72, 0x02, 0x0B, 0xFF, 0xB0, 0xE0, 0x64, 0x0D, 0xE0, 0x97, 0x40, 0x40,
  0xBF, 0xE8, 0x1D, 0x71, 0x50, 0xEE, 0x09, 0x76, 0x84, 0x15, 0x9B, 0xDE, 0xA8, 0x3E, 0xCA, 0x73,
  0x71, 0x0E, 0xE0, 0x97, 0x77, 0x76, 0x0E, 0xE0, 0x87, 0x77, 0x76, 0xF0, 0x87, 0x77, 0x76, 0xF0,
  0x77, 0x77, 0x75, 0x02, 0xF0, 0x67, 0x77, 0x75, 0x06, 0xF0, 0x47, 0x77, 0x75, 0x09, 0xF0, 0x17,
  0x77, 0x75, 0x0E, 0xE0, 0xE7, 0x77, 0x75, 0x07, 0xF0, 0xA7, 0x77, 0x74, 0x01, 0x0E, 0xF0, 0x67,
  0x77, 0x74, 0x0B, 0xF0, 0xE0, 0x15, 0x08, 0x06, 0x77, 0x73, 0x0A, 0xF9, 0x09, 0x68, 0x3A, 0xFE,
  0x82, 0x77, 0x50, 0x10, 0xCF, 0xA0, 0x26, 0x0A, 0xC8, 0x2D, 0x95, 0x17, 0x60, 0x20, 0x9F, 0xB0,
  0x87, 0x0A, 0xF9, 0x89, 0x3E, 0xCA, 0x87, 0x65, 0x54, 0x56, 0x9D, 0xFC, 0x0C, 0x71, 0x0A, 0xFF,
  0xFF, 0xB0, 0xD0, 0x17, 0x10, 0xAF, 0xFF, 0xFA, 0x0D, 0x02, 0x72, 0x0A, 0xFF, 0xFF, 0x90, 0x90,
  0x17, 0x38, 0x12, 0x8E, 0xFF, 0xFC, 0x0C, 0x04, 0x77, 0x18, 0x14, 0x8C, 0xFF, 0xD8, 0x1E, 0x93,
  0x77, 0x78, 0x73, 0x57, 0x9B, 0xDD, 0xEE, 0xA8, 0x5E, 0xEC, 0xB9, 0x62, 0x76,
  // "Ĥ" (U+0124), RLE, 1392 bytes saved (71.6%)
  0x77, 0x50, 0x4F, 0x0E, 0x01, 0x80, 0xC2, 0x00, 0xDF, 0x90, 0xA8, 0x0C, 0x10, 0x09, 0xFB, 0x05,
  0x77, 0x77, 0x70, 0x5F, 0xC0, 0xE0, 0x27, 0x77, 0x75, 0x02, 0x0E, 0xFD, 0x0C, 0x77, 0x77, 0x40,
  0x10, 0xDF, 0xF0, 0xB7, 0x77, 0x73, 0x0C, 0xF0, 0x70, 0xBF, 0x08, 0x77, 0x77, 0x10, 0x9F, 0x06,
  0x20, 0xBF, 0x06, 0x77, 0x76, 0x07, 0xF0, 0x54, 0x0B, 0xF0, 0x47, 0x77, 0x40, 0x5E, 0x0E, 0x04,
  0x60, 0x9E, 0x0E, 0x03, 0x77, 0x72, 0x04, 0xE0, 0xE0, 0x37, 0x10, 0x7E, 0x0E, 0x02, 0x77, 0x70,
  0x30, 0xED, 0x0C, 0x01, 0x73, 0x05, 0x0E, 0xD0, 0xD0, 0x27, 0x75, 0x02, 0x0E, 0xD0, 0x97, 0x60,
  0x20, 0xCD, 0x0D, 0x01, 0x77, 0x40, 0x8C, 0x0E, 0x05, 0x77, 0x20, 0x8D, 0x07, 0x80, 0xCC, 0x50,
  0x0A, 0xF0, 0x17, 0x77, 0x72, 0x06, 0xF0, 0x40, 0xAF, 0x01, 0x77, 0x77, 0x20, 0x6F, 0x04, 0x0A,
  0xF0, 0x17, 0x77, 0x72, 0x06, 0xF0, 0x40, 0xAF, 0x01, 0x77, 0x77, 0x20, 0x6F, 0x04, 0x0A, 0xF0,
  0x17, 0x77, 0x72, 0x06, 0xF0, 0x40, 0xAF, 0x01, 0x77, 0x77, 0x20, 0x6F, 0x04, 0x0A, 0xF0, 0x17,
  0x77, 0x72, 0x06, 0xF0, 0x40, 0xAF, 0x01, 0x77, 0x77, 0x20, 0x6F, 0x04, 0x0A, 0xF0, 0x17, 0x77,
  0x72, 0x06, 0xF0, 0x40, 0xAF, 0x01, 0x77, 0x77, 0x20, 0x6F, 0x04, 0x0A, 0xF0, 0x17, 0x77, 0x72,
  0x06, 0xF0, 0x40, 0xAF, 0x01, 0x77, 0x77, 0x20, 0x6F, 0x04, 0x0A, 0xF0, 0x17, 0x77, 0x72, 0x06,
  0xF0, 0x40, 0xAF, 0x01, 0x77, 0x77, 0x20, 0x6F, 0x04, 0x0A, 0xF0, 0x17, 0x77, 0x72, 0x06, 0xF0,
  0x40, 0xAF, 0x01, 0x77, 0x77, 0x20, 0x6F, 0x04, 0x0A, 0xF0, 0x17, 0x77, 0x72, 0x06, 0xF0, 0x40,
  0xAF, 0x01, 0x77, 0x77, 0x20, 0x6F, 0x04, 0x0A, 0xF0, 0x17, 0x77, 0x72, 0x06, 0xF0, 0x40, 0xAF,
  0x01, 0x77, 0x77, 0x20, 0x6F, 0x04, 0x0A, 0xF0, 0x17, 0x77, 0x72, 0x06, 0xF0, 0x40, 0xAF, 0x01,
  0x77, 0x77, 0x20, 0x6F, 0x04, 0x0A, 0xF0, 0x17, 0x77, 0x72, 0x06, 0xF0, 0x40, 0xAF, 0x01, 0x77,
  0x77, 0x20, 0x6F, 0x04, 0x0A, 0xF0, 0x17, 0x77, 0x72, 0x06, 0xF0, 0x40, 0xAF, 0x05, 0x80, 0xB2,
  0x40, 0x9F, 0x04, 0x0A, 0x80, 0xD2, 0xF0, 0x40, 0xA8, 0x0D, 0x2F, 0x04, 0x0A, 0x80, 0xD2, 0xF0,
  0x40, 0xA8, 0x0D, 0x2F, 0x04, 0x0A, 0x80, 0xD2, 0xF0, 0x40, 0xA8, 0x0D, 0x2F, 0x04, 0x0A, 0xF0,
  0x17, 0x77, 0x72, 0x06, 0xF0, 0x40, 0xAF, 0x01, 0x77, 0x77, 0x20, 0x6F, 0x04, 0x0A, 0xF0, 0x17,
  0x77, 0x72, 0x06, 0xF0, 0x40, 0xAF, 0x01, 0x77, 0x77, 0x20, 0x6F, 0x04, 0x0A, 0xF0, 0x17, 0x77,
  0x72, 0x06, 0xF0, 0x40, 0xAF, 0x01, 0x77, 0x77, 0x20, 0x6F, 0x04, 0x0A, 0xF0, 0x17, 0x77, 0x72,
  0x06, 0xF0, 0x40, 0xAF, 0x01, 0x77, 0x77, 0x20, 0x6F, 0x04, 0x0A, 0xF0, 0x17, 0x77, 0x72, 0x06,
  0xF0, 0x40, 0xAF, 0x01, 0x77, 0x77, 0x20, 0x6F, 0x04, 0x0A, 0xF0, 0x17, 0x77, 0x72, 0x06, 0xF0,
  0x40, 0xAF, 0x01, 0x77, 0x77, 0x20, 0x6F, 0x04, 0x0A, 0xF0, 0x17, 0x77, 0x72, 0x06, 0xF0, 0x40,
  0xAF, 0x01, 0x77, 0x77, 0x20, 0x6F, 0x04, 0x0A, 0xF0, 0x17, 0x77, 0x72, 0x06, 0xF0, 0x40, 0xAF,
  0x01, 0x77, 0x77, 0x20, 0x6F, 0x04, 0x0A, 0xF0, 0x17, 0x77, 0x72, 0x06, 0xF0, 0x40, 0xAF, 0x01,
  0x77, 0x77, 0x20, 0x6F, 0x04, 0x0A, 0xF0, 0x17, 0x77, 0x72, 0x06, 0xF0, 0x40, 0xAF, 0x01, 0x77,
  0x77, 0x20, 0x6F, 0x04, 0x0A, 0xF0, 0x17, 0x77, 0x72, 0x06, 0xF0, 0x40, 0xAF, 0x01, 0x77, 0x77,
  0x20, 0x6F, 0x04, 0x0A, 0xF0, 0x17, 0x77, 0x72, 0x06, 0xF0, 0x40, 0xAF, 0x01, 0x77, 0x77, 0x20,
  0x6F, 0x04, 0x0A, 0xF0, 0x17, 0x77, 0x72, 0x06, 0xF0, 0x40, 0xAF, 0x01, 0x77, 0x77, 0x20, 0x6F,
  0x04, 0x0A, 0xF0, 0x17, 0x77, 0x72, 0x06, 0xF0, 0x40, 0xAF, 0x01, 0x77, 0x77, 0x20, 0x6F, 0x04,
  0x0A, 0xF0, 0x17, 0x77, 0x72, 0x06, 0xF0, 0x40,
  // "ĥ" (U+0125), RLE, 1573 bytes saved (72.6%)
  0x73, 0x04, 0xF0, 0xE0, 0x18, 0x0C, 0x50, 0x0D, 0xF9, 0x0A, 0x80, 0xC4, 0x00, 0x9F, 0xB0, 0x58,
  0x0C, 0x20, 0x05, 0xFC, 0x0E, 0x02, 0x80, 0xC0, 0x00, 0x20, 0xEF, 0xD0, 0xC7, 0x77, 0x77, 0x01,
  0x0D, 0xFF, 0x0B, 0x77, 0x77, 0x60, 0xCF, 0x07, 0x0B, 0xF0, 0x87, 0x77, 0x74, 0x09, 0xF0, 0x62,
  0x0B, 0xF0, 0x67, 0x77, 0x72, 0x07, 0xF0, 0x54, 0x0B, 0xF0, 0x47, 0x77, 0x70, 0x5E, 0x0E, 0x04,
  0x60, 0x9E, 0x0E, 0x03, 0x77, 0x75, 0x04, 0xE0, 0xE0, 0x37, 0x10, 0x7E, 0x0E, 0x02, 0x77, 0x73,
  0x03, 0x0E, 0xD0, 0xC0, 0x17, 0x30, 0x50, 0xED, 0x0D, 0x02, 0x77, 0x71, 0x02, 0x0E, 0xD0, 0x97,
  0x60, 0x20, 0xCD, 0x0D, 0x01, 0x77, 0x70, 0x8C, 0x0E, 0x05, 0x77, 0x20, 0x8D, 0x07, 0x80, 0xD9,
  0x60, 0x0A, 0xE0, 0xD8, 0x0C, 0x70, 0x0A, 0xE0, 0xD8, 0x0C, 0x70, 0x0A, 0xE0, 0xD8, 0x0C, 0x70,
  0x0A, 0xE0, 0xD8, 0x0C, 0x70, 0x0A, 0xE0, 0xD8, 0x0C, 0x70, 0x0A, 0xE0, 0xD8, 0x0C, 0x70, 0x0A,
  0xE0, 0xD8, 0x0C, 0x70, 0x0A, 0xE0, 0xD8, 0x0C, 0x70, 0x0A, 0xE0, 0xD8, 0x0C, 0x70, 0x0A, 0xE0,
  0xD8, 0x0C, 0x70, 0x0A, 0xE0, 0xD8, 0x0C, 0x70, 0x0A, 0xE0, 0xD8, 0x0C, 0x70, 0x0A, 0xE0, 0xD8,
  0x0C, 0x70, 0x0A, 0xE0, 0xD8, 0x0C, 0x70, 0x0A, 0xE0, 0xD8, 0x0C, 0x70, 0x0A, 0xE0, 0xD8, 0x0C,
  0x70, 0x0A, 0xE0, 0xD8, 0x0C, 0x70, 0x0A, 0xE0, 0xD8, 0x0C, 0x70, 0x0A, 0xE0, 0xD7, 0x18, 0x93,
  0x16, 0x9C, 0xDE, 0xFE, 0xEC, 0xA8, 0x47, 0x77, 0x10, 0xAE, 0x0D, 0x60, 0x50, 0xBF, 0xF0, 0xA0,
  0x47, 0x75, 0x0A, 0xE0, 0xC4, 0x04, 0x0D, 0xFF, 0xC0, 0xB0, 0x27, 0x73, 0x0A, 0xE0, 0xC3, 0x09,
  0xFF, 0xF9, 0x05, 0x77, 0x20, 0xAE, 0x0B, 0x20, 0xBF, 0xFF, 0xB0, 0x67, 0x71, 0x0A, 0xE8, 0x19,
  0x0B, 0xFF, 0xFD, 0x03, 0x77, 0x0A, 0xE0, 0x80, 0x7F, 0x89, 0x0D, 0x97, 0x54, 0x45, 0x69, 0xDF,
  0xB0, 0xD7, 0x70, 0xAE, 0x0D, 0xD8, 0x1E, 0x82, 0x73, 0x04, 0x0C, 0xFA, 0x06, 0x76, 0x0A, 0xFC,
  0x0B, 0x01, 0x77, 0x08, 0xF9, 0x0D, 0x76, 0x0A, 0xFB, 0x0A, 0x77, 0x30, 0x8F, 0x90, 0x37, 0x50,
  0xAF, 0xA0, 0xD7, 0x75, 0x0C, 0xF0, 0x77, 0x50, 0xAF, 0xA0, 0x47, 0x75, 0x05, 0xF0, 0xA7, 0x50,
  0xAF, 0x90, 0xC7, 0x77, 0x0E, 0xE0, 0xD7, 0x50, 0xAF, 0x90, 0x57, 0x77, 0x0B, 0xF7, 0x50, 0xAF,
  0x97, 0x77, 0x10, 0x8F, 0x01, 0x74, 0x0A, 0xF0, 0xB7, 0x77, 0x10, 0x6F, 0x02, 0x74, 0x0A, 0xF0,
  0x77, 0x77, 0x10, 0x5F, 0x02, 0x74, 0x0A, 0xF0, 0x57, 0x77, 0x10, 0x4F, 0x02, 0x74, 0x0A, 0xF0,
  0x27, 0x77, 0x10, 0x4F, 0x02, 0x74, 0x0A, 0xF7, 0x77, 0x20, 0x4F, 0x02, 0x74, 0x0A, 0xF7, 0x77,
  0x20, 0x4F, 0x02, 0x74, 0x0A, 0xE0, 0xE7, 0x77, 0x20, 0x4F, 0x02, 0x74, 0x0A, 0xE0, 0xE7, 0x77,
  0x20, 0x4F, 0x02, 0x74, 0x0A, 0xE0, 0xD7, 0x77, 0x20, 0x4F, 0x02, 0x74, 0x0A, 0xE0, 0xD7, 0x77,
  0x20, 0x4F, 0x02, 0x74, 0x0A, 0xE0, 0xD7, 0x77, 0x20, 0x4F, 0x02, 0x74, 0x0A, 0xE0, 0xD7, 0x77,
  0x20, 0x4F, 0x02, 0x74, 0x0A, 0xE0, 0xD7, 0x77, 0x20, 0x4F, 0x02, 0x74, 0x0A, 0xE0, 0xD7, 0x77,
  0x20, 0x4F, 0x02, 0x74, 0x0A, 0xE0, 0xD7, 0x77, 0x20, 0x4F, 0x02, 0x74, 0x0A, 0xE0, 0xD7, 0x77,
  0x20, 0x4F, 0x02, 0x74, 0x0A, 0xE0, 0xD7, 0x77, 0x20, 0x4F, 0x02, 0x74, 0x0A, 0xE0, 0xD7, 0x77,
  0x20, 0x4F, 0x02, 0x74, 0x0A, 0xE0, 0xD7, 0x77, 0x20, 0x4F, 0x02, 0x74, 0x0A, 0xE0, 0xD7, 0x77,
  0x20, 0x4F, 0x02, 0x74, 0x0A, 0xE0, 0xD7, 0x77, 0x20, 0x4F, 0x02, 0x74, 0x0A, 0xE0, 0xD7, 0x77,
  0x20, 0x4F, 0x02, 0x74, 0x0A, 0xE0, 0xD7, 0x77, 0x20, 0x4F, 0x02, 0x74, 0x0A, 0xE0, 0xD7, 0x77,
  0x20, 0x4F, 0x02, 0x74, 0x0A, 0xE0, 0xD7, 0x77, 0x20, 0x4F, 0x02, 0x74, 0x0A, 0xE0, 0xD7, 0x77,
  0x20, 0x4F, 0x02, 0x74, 0x0A, 0xE0, 0xD7, 0x77, 0x20, 0x4F, 0x02, 0x74, 0x0A, 0xE0, 0xD7, 0x77,
  0x20, 0x4F, 0x02, 0x74, 0x0A, 0xE0, 0xD7, 0x77, 0x20, 0x4F, 0x02, 0x74, 0x0A, 0xE0, 0xD7, 0x77,
  0x20, 0x4F, 0x02, 0x74, 0x0A, 0xE0, 0xD7, 0x77, 0x20, 0x4F, 0x02, 0x74, 0x0A, 0xE0, 0xD7, 0x77,
  0x20, 0x4F, 0x02,
  // "Ħ" (U+0126), RLE, 1449 bytes saved (74.2%)
  0x71, 0x0A, 0xF0, 0x17, 0x77, 0x72, 0x06, 0xF0, 0x47, 0x72, 0x0A, 0xF0, 0x17, 0x77, 0x72, 0x06,
  0xF0, 0x47, 0x72, 0x0A, 0xF0, 0x17, 0x77, 0x72, 0x06, 0xF0, 0x47, 0x72, 0x0A, 0xF0, 0x17, 0x77,
  0x72, 0x06, 0xF0, 0x47, 0x72, 0x0A, 0xF0, 0x17, 0x77, 0x72, 0x06, 0xF0, 0x47, 0x72, 0x0A, 0xF0,
  0x17, 0x77, 0x72, 0x06, 0xF0, 0x47, 0x72, 0x0A, 0xF0, 0x17, 0x77, 0x72, 0x06, 0xF0, 0x47, 0x72,
  0x0A, 0xF0, 0x17, 0x77, 0x72, 0x06, 0xF0, 0x47, 0x72, 0x0A, 0xF0, 0x17, 0x77, 0x72, 0x06, 0xF0,
  0x47, 0x18, 0x04, 0x40, 0xBF, 0x05, 0x80, 0xB2, 0x40, 0x9F, 0x07, 0x80, 0x34, 0x02, 0x80, 0xF3,
  0xF0, 0x98, 0x0F, 0x3F, 0x09, 0x80, 0xF3, 0xF0, 0x98, 0x0F, 0x3F, 0x09, 0x80, 0xF3, 0xF0, 0x98,
  0x0F, 0x3F, 0x09, 0x71, 0x0A, 0xF0, 0x17, 0x77, 0x72, 0x06, 0xF0, 0x47, 0x72, 0x0A, 0xF0, 0x17,
  0x77, 0x72, 0x06, 0xF0, 0x47, 0x72, 0x0A, 0xF0, 0x17, 0x77, 0x72, 0x06, 0xF0, 0x47, 0x72, 0x0A,
  0xF0, 0x17, 0x77, 0x72, 0x06, 0xF0, 0x47, 0x72, 0x0A, 0xF0, 0x17, 0x77, 0x72, 0x06, 0xF0, 0x47,
  0x72, 0x0A, 0xF0, 0x17, 0x77, 0x72, 0x06, 0xF0, 0x47, 0x72, 0x0A, 0xF0, 0x17, 0x77, 0x72, 0x06,
  0xF0, 0x47, 0x72, 0x0A, 0xF0, 0x17, 0x77, 0x72, 0x06, 0xF0, 0x47, 0x72, 0x0A, 0xF0, 0x17, 0x77,
  0x72, 0x06, 0xF0, 0x47, 0x72, 0x0A, 0xF0, 0x58, 0x0B, 0x24, 0x09, 0xF0, 0x47, 0x72, 0x0A, 0x80,
  0xD2, 0xF0, 0x47, 0x72, 0x0A, 0x80, 0xD2, 0xF0, 0x47, 0x72, 0x0A, 0x80, 0xD2, 0xF0, 0x47, 0x72,
  0x0A, 0x80, 0xD2, 0xF0, 0x47, 0x72, 0x0A, 0x80, 0xD2, 0xF0, 0x47, 0x72, 0x0A, 0x80, 0xD2, 0xF0,
  0x47, 0x72, 0x0A, 0xF0, 0x17, 0x77, 0x72, 0x06, 0xF0, 0x47, 0x72, 0x0A, 0xF0, 0x17, 0x77, 0x72,
  0x06, 0xF0, 0x47, 0x72, 0x0A, 0xF0, 0x17, 0x77, 0x72, 0x06, 0xF0, 0x47, 0x72, 0x0A, 0xF0, 0x17,
  0x77, 0x72, 0x06, 0xF0, 0x47, 0x72, 0x0A, 0xF0, 0x17, 0x77, 0x72, 0x06, 0xF0, 0x47, 0x72, 0x0A,
  0xF0, 0x17, 0x77, 0x72, 0x06, 0xF0, 0x47, 0x72, 0x0A, 0xF0, 0x17, 0x77, 0x72, 0x06, 0xF0, 0x47,
  0x72, 0x0A, 0xF0, 0x17, 0x77, 0x72, 0x06, 0xF0, 0x47, 0x72, 0x0A, 0xF0, 0x17, 0x77, 0x72, 0x06,
  0xF0, 0x47, 0x72, 0x0A, 0xF0, 0x17, 0x77, 0x72, 0x06, 0xF0, 0x47, 0x72, 0x0A, 0xF0, 0x17, 0x77,
  0x72, 0x06, 0xF0, 0x47, 0x72, 0x0A, 0xF0, 0x17, 0x77, 0x72, 0x06, 0xF0, 0x47, 0x72, 0x0A, 0xF0,
  0x17, 0x77, 0x72, 0x06, 0xF0, 0x47, 0x72, 0x0A, 0xF0, 0x17, 0x77, 0x72, 0x06, 0xF0, 0x47, 0x72,
  0x0A, 0xF0, 0x17, 0x77, 0x72, 0x06, 0xF0, 0x47, 0x72, 0x0A, 0xF0, 0x17, 0x77, 0x72, 0x06, 0xF0,
  0x47, 0x72, 0x0A, 0xF0, 0x17, 0x77, 0x72, 0x06, 0xF0, 0x47, 0x72, 0x0A, 0xF0, 0x17, 0x77, 0x72,
  0x06, 0xF0, 0x47, 0x72, 0x0A, 0xF0, 0x17, 0x77, 0x72, 0x06, 0xF0, 0x47, 0x72, 0x0A, 0xF0, 0x17,
  0x77, 0x72, 0x06, 0xF0, 0x47, 0x72, 0x0A, 0xF0, 0x17, 0x77, 0x72, 0x06, 0xF0, 0x47, 0x72, 0x0A,
  0xF0, 0x17, 0x77, 0x72, 0x06, 0xF0, 0x47, 0x72, 0x0A, 0xF0, 0x17, 0x77, 0x72, 0x06, 0xF0, 0x47,
  0x72, 0x0A, 0xF0, 0x17, 0x77, 0x72, 0x06, 0xF0, 0x47, 0x72, 0x0A, 0xF0, 0x17, 0x77, 0x72, 0x06,
  0xF0, 0x47, 0x72, 0x0A, 0xF0, 0x17, 0x77, 0x72, 0x06, 0xF0, 0x47, 0x72, 0x0A, 0xF0, 0x17, 0x77,
  0x72, 0x06, 0xF0, 0x47, 0x72, 0x0A, 0xF0, 0x17, 0x77, 0x72, 0x06, 0xF0, 0x47, 0x72, 0x0A, 0xF0,
  0x17, 0x77, 0x72, 0x06, 0xF0, 0x47, 0x10,
  // "ħ" (U+0127), RLE, 1059 bytes saved (69.3%)
  0x70, 0xAE, 0x0D, 0x80, 0xC3, 0x00, 0xAE, 0x0D, 0x80, 0xC3, 0x00, 0xAE, 0x0D, 0x80, 0xC3, 0x00,
  0xAE, 0x0D, 0x80, 0xC3, 0x00, 0xAE, 0x0D, 0x80, 0xC3, 0x00, 0xAE, 0x0D, 0x80, 0xC3, 0x00, 0xAE,
  0x0D, 0x77, 0x77, 0x40, 0x3F, 0xFF, 0xFC, 0x01, 0x76, 0x03, 0xFF, 0xFF, 0xC0, 0x17, 0x60, 0x3F,
  0xFF, 0xFC, 0x01, 0x76, 0x03, 0xFF, 0xFF, 0xC0, 0x17, 0x60, 0x3F, 0xFF, 0xFC, 0x01, 0x76, 0x03,
  0xFF, 0xFF, 0xC0, 0x17, 0x78, 0x02, 0x40, 0xCE, 0x0E, 0x80, 0x96, 0x47, 0x77, 0x0A, 0xE0, 0xD8,
  0x0C, 0x30, 0x0A, 0xE0, 0xD8, 0x0C, 0x30, 0x0A, 0xE0, 0xD8, 0x0C, 0x30, 0x0A, 0xE0, 0xD8, 0x0C,
  0x30, 0x0A, 0xE0, 0xD8, 0x0C, 0x30, 0x0A, 0xE0, 0xD7, 0x58, 0x42, 0x34, 0x33, 0x17, 0x77, 0x0A,
  0xE0, 0xD7, 0x82, 0x16, 0xAD, 0xF9, 0x81, 0xC9, 0x57, 0x73, 0x0A, 0xE0, 0xD5, 0x02, 0x09, 0xFF,
  0x98, 0x1E, 0x81, 0x77, 0x0A, 0xE0, 0xC4, 0x09, 0xFF, 0xD0, 0xE0, 0x67, 0x60, 0xAE, 0x0B, 0x20,
  0x20, 0xDF, 0xFF, 0x90, 0x97, 0x50, 0xAE, 0x82, 0xA0, 0x2E, 0xFF, 0xFB, 0x09, 0x74, 0x0A, 0xE8,
  0x19, 0x1E, 0xFF, 0xFD, 0x06, 0x73, 0x0A, 0xE0, 0x80, 0xBE, 0x83, 0xD8, 0x53, 0x12, 0x83, 0x12,
  0x59, 0xEF, 0xA0, 0xE0, 0x17, 0x20, 0xAF, 0xD0, 0xB0, 0x37, 0x50, 0x7F, 0xA0, 0x87, 0x20, 0xAF,
  0xC0, 0x77, 0x71, 0x04, 0x0E, 0xF0, 0xE7, 0x20, 0xAF, 0xB0, 0x67, 0x73, 0x05, 0xF9, 0x04, 0x71,
  0x0A, 0xFA, 0x0A, 0x77, 0x50, 0xAF, 0x08, 0x71, 0x0A, 0xFA, 0x02, 0x77, 0x50, 0x4F, 0x0B, 0x71,
  0x0A, 0xF9, 0x09, 0x77, 0x70, 0xDE, 0x0E, 0x71, 0x0A, 0xF9, 0x03, 0x77, 0x70, 0xAF, 0x71, 0x0A,
  0xF0, 0xE7, 0x77, 0x10, 0x7F, 0x01, 0x70, 0xAF, 0x09, 0x77, 0x71, 0x06, 0xF0, 0x27, 0x0A, 0xF0,
  0x67, 0x77, 0x10, 0x5F, 0x02, 0x70, 0xAF, 0x04, 0x77, 0x71, 0x04, 0xF0, 0x27, 0x0A, 0xF0, 0x17,
  0x77, 0x10, 0x4F, 0x02, 0x70, 0xAF, 0x77, 0x72, 0x04, 0xF0, 0x27, 0x0A, 0xF7, 0x77, 0x20, 0x4F,
  0x02, 0x70, 0xAE, 0x0E, 0x77, 0x72, 0x04, 0xF0, 0x27, 0x0A, 0xE0, 0xD7, 0x77, 0x20, 0x4F, 0x02,
  0x70, 0xAE, 0x0D, 0x77, 0x72, 0x04, 0xF0, 0x27, 0x0A, 0xE0, 0xD7, 0x77, 0x20, 0x4F, 0x02, 0x70,
  0xAE, 0x0D, 0x77, 0x72, 0x04, 0xF0, 0x27, 0x0A, 0xE0, 0xD7, 0x77, 0x20, 0x4F, 0x02, 0x70, 0xAE,
  0x0D, 0x77, 0x72, 0x04, 0xF0, 0x27, 0x0A, 0xE0, 0xD7, 0x77, 0x20, 0x4F, 0x02, 0x70, 0xAE, 0x0D,
  0x77, 0x72, 0x04, 0xF0, 0x27, 0x0A, 0xE0, 0xD7, 0x77, 0x20, 0x4F, 0x02, 0x70, 0xAE, 0x0D, 0x77,
  0x72, 0x04, 0xF0, 0x27, 0x0A, 0xE0, 0xD7, 0x77, 0x20, 0x4F, 0x02, 0x70, 0xAE, 0x0D, 0x77, 0x72,
  0x04, 0xF0, 0x27, 0x0A, 0xE0, 0xD7, 0x77, 0x20, 0x4F, 0x02, 0x70, 0xAE, 0x0D, 0x77, 0x72, 0x04,
  0xF0, 0x27, 0x0A, 0xE0, 0xD7, 0x77, 0x20, 0x4F, 0x02, 0x70, 0xAE, 0x0D, 0x77, 0x72, 0x04, 0xF0,
  0x27, 0x0A, 0xE0, 0xD7, 0x77, 0x20, 0x4F, 0x02, 0x70, 0xAE, 0x0D, 0x77, 0x72, 0x04, 0xF0, 0x27,
  0x0A, 0xE0, 0xD7, 0x77, 0x20, 0x4F, 0x02, 0x70, 0xAE, 0x0D, 0x77, 0x72, 0x04, 0xF0, 0x27, 0x0A,
  0xE0, 0xD7, 0x77, 0x20, 0x4F, 0x02, 0x70, 0xAE, 0x0D, 0x77, 0x72, 0x04, 0xF0, 0x27, 0x0A, 0xE0,
  0xD7, 0x77, 0x20, 0x4F, 0x02,
  // "Ĩ" (U+0128), RLE, 864 bytes saved (69.2%)
  0x68, 0x65, 0xAD, 0xEE, 0xDA, 0x57, 0x60, 0x7B, 0x0E, 0x40, 0x20, 0xCF, 0x90, 0xD0, 0x67, 0x40,
  0xCB, 0x0B, 0x30, 0x20, 0xEF, 0xC0, 0xC0, 0x47, 0x10, 0x4C, 0x08, 0x20, 0x10, 0xDF, 0xF0, 0xB0,
  0x35, 0x01, 0x0D, 0xC0, 0x42, 0x09, 0xFF, 0xB8, 0x4C, 0x74, 0x58, 0xEC, 0x0E, 0x20, 0x2F, 0xFF,
  0xF0, 0x82, 0x08, 0xD8, 0x4B, 0x64, 0x59, 0xEF, 0xFA, 0x0E, 0x01, 0x20, 0xDC, 0x07, 0x60, 0x70,
  0xEF, 0xF0, 0x62, 0x02, 0xC0, 0xB7, 0x18, 0x11, 0x8E, 0xFC, 0x08, 0x30, 0x5C, 0x04, 0x73, 0x01,
  0x09, 0xF9, 0x0E, 0x07, 0x40, 0x7B, 0x0E, 0x76, 0x87, 0x17, 0xBE, 0xFE, 0xC7, 0x18, 0x0B, 0x86,
  0x00, 0x8F, 0xFF, 0x09, 0x72, 0x08, 0xFF, 0xF0, 0x97, 0x20, 0x8F, 0xFF, 0x09, 0x72, 0x08, 0xFF,
  0xF0, 0x97, 0x20, 0x8F, 0xFF, 0x09, 0x73, 0x82, 0x26, 0x9D, 0xFE, 0x82, 0xD9, 0x62, 0x77, 0x18,
  0x11, 0x5A, 0xF8, 0x1B, 0x51, 0x77, 0x70, 0x5F, 0x06, 0x77, 0x72, 0x05, 0xF0, 0x67, 0x77, 0x20,
  0x5F, 0x06, 0x77, 0x72, 0x05, 0xF0, 0x67, 0x77, 0x20, 0x5F, 0x06, 0x77, 0x72, 0x05, 0xF0, 0x67,
  0x77, 0x20, 0x5F, 0x06, 0x77, 0x72, 0x05, 0xF0, 0x67, 0x77, 0x20, 0x5F, 0x06, 0x77, 0x72, 0x05,
  0xF0, 0x67, 0x77, 0x20, 0x5F, 0x06, 0x77, 0x72, 0x05, 0xF0, 0x67, 0x77, 0x20, 0x5F, 0x06, 0x77,
  0x72, 0x05, 0xF0, 0x67, 0x77, 0x20, 0x5F, 0x06, 0x77, 0x72, 0x05, 0xF0, 0x67, 0x77, 0x20, 0x5F,
  0x06, 0x77, 0x72, 0x05, 0xF0, 0x67, 0x77, 0x20, 0x5F, 0x06, 0x77, 0x72, 0x05, 0xF0, 0x67, 0x77,
  0x20, 0x5F, 0x06, 0x77, 0x72, 0x05, 0xF0, 0x67, 0x77, 0x20, 0x5F, 0x06, 0x77, 0x72, 0x05, 0xF0,
  0x67, 0x77, 0x20, 0x5F, 0x06, 0x77, 0x72, 0x05, 0xF0, 0x67, 0x77, 0x20, 0x5F, 0x06, 0x77, 0x72,
  0x05, 0xF0, 0x67, 0x77, 0x20, 0x5F, 0x06, 0x77, 0x72, 0x05, 0xF0, 0x67, 0x77, 0x20, 0x5F, 0x06,
  0x77, 0x72, 0x05, 0xF0, 0x67, 0x77, 0x20, 0x5F, 0x06, 0x77, 0x72, 0x05, 0xF0, 0x67, 0x77, 0x20,
  0x5F, 0x06, 0x77, 0x72, 0x05, 0xF0, 0x67, 0x77, 0x20, 0x5F, 0x06, 0x77, 0x72, 0x05, 0xF0, 0x67,
  0x77, 0x20, 0x5F, 0x06, 0x77, 0x72, 0x05, 0xF0, 0x67, 0x77, 0x20, 0x5F, 0x06, 0x77, 0x72, 0x05,
  0xF0, 0x67, 0x77, 0x20, 0x5F, 0x06, 0x77, 0x72, 0x05, 0xF0, 0x67, 0x77, 0x20, 0x5F, 0x06, 0x77,
  0x72, 0x05, 0xF0, 0x67, 0x77, 0x20, 0x5F, 0x06, 0x77, 0x72, 0x05, 0xF0, 0x67, 0x75, 0x83, 0x14,
  0x8B, 0xEF, 0x98, 0x2B, 0x85, 0x17, 0x58, 0x14, 0x9D, 0xFF, 0xB8, 0x1D, 0xA4, 0x72, 0x08, 0xFF,
  0xF0, 0x97, 0x20, 0x8F, 0xFF, 0x09, 0x72, 0x08, 0xFF, 0xF0, 0x97, 0x20, 0x8F, 0xFF, 0x09, 0x40,
  // "ĩ" (U+0129), RLE, 705 bytes saved (69.9%)
  0x68, 0x65, 0xAD, 0xEE, 0xDA, 0x57, 0x60, 0x7B, 0x0E, 0x40, 0x20, 0xCF, 0x90, 0xD0, 0x67, 0x40,
  0xCB, 0x0B, 0x30, 0x20, 0xEF, 0xC0, 0xC0, 0x47, 0x10, 0x4C, 0x08, 0x20, 0x10, 0xDF, 0xF0, 0xB0,
  0x35, 0x01, 0x0D, 0xC0, 0x42, 0x09, 0xFF, 0xB8, 0x4C, 0x74, 0x58, 0xEC, 0x0E, 0x20, 0x2F, 0xFF,
  0xF0, 0x82, 0x08, 0xD8, 0x4B, 0x64, 0x59, 0xEF, 0xFA, 0x0E, 0x01, 0x20, 0xDC, 0x07, 0x60, 0x70,
  0xEF, 0xF0, 0x62, 0x02, 0xC0, 0xB7, 0x18, 0x11, 0x8E, 0xFC, 0x08, 0x30, 0x5C, 0x04, 0x73, 0x01,
  0x09, 0xF9, 0x0E, 0x07, 0x40, 0x7B, 0x0E, 0x76, 0x87, 0x17, 0xBE, 0xFE, 0xC7, 0x18, 0x0B, 0x95,
  0x00, 0xAE, 0x0D, 0x77, 0x73, 0x0A, 0xE0, 0xD7, 0x77, 0x30, 0xAE, 0x0D, 0x77, 0x73, 0x0A, 0xE0,
  0xD7, 0x77, 0x30, 0xAE, 0x0D, 0x77, 0x73, 0x0A, 0xE0, 0xD7, 0x77, 0x30, 0xAE, 0x0D, 0x77, 0x73,
  0x0A, 0xE0, 0xD7, 0x77, 0x30, 0xAE, 0x0D, 0x77, 0x73, 0x0A, 0xE0, 0xD7, 0x77, 0x30, 0xAE, 0x0D,
  0x77, 0x73, 0x0A, 0xE0, 0xD7, 0x77, 0x30, 0xAE, 0x0D, 0x77, 0x73, 0x0A, 0xE0, 0xD7, 0x77, 0x30,
  0xAE, 0x0D, 0x77, 0x73, 0x0A, 0xE0, 0xD7, 0x77, 0x30, 0xAE, 0x0D, 0x77, 0x73, 0x0A, 0xE0, 0xD7,
  0x77, 0x30, 0xAE, 0x0D, 0x77, 0x73, 0x0A, 0xE0, 0xD7, 0x77, 0x30, 0xAE, 0x0D, 0x77, 0x73, 0x0A,
  0xE0, 0xD7, 0x77, 0x30, 0xAE, 0x0D, 0x77, 0x73, 0x0A, 0xE0, 0xD7, 0x77, 0x30, 0xAE, 0x0D, 0x77,
  0x73, 0x0A, 0xE0, 0xD7, 0x77, 0x30, 0xAE, 0x0D, 0x77, 0x73, 0x0A, 0xE0, 0xD7, 0x77, 0x30, 0xAE,
  0x0D, 0x77, 0x73, 0x0A, 0xE0, 0xD7, 0x77, 0x30, 0xAE, 0x0D, 0x77, 0x73, 0x0A, 0xE0, 0xD7, 0x77,
  0x30, 0xAE, 0x0D, 0x77, 0x73, 0x0A, 0xE0, 0xD7, 0x77, 0x30, 0xAE, 0x0D, 0x77, 0x73, 0x0A, 0xE0,
  0xD7, 0x77, 0x30, 0xAE, 0x0D, 0x77, 0x73, 0x0A, 0xE0, 0xD7, 0x77, 0x30, 0xAE, 0x0D, 0x77, 0x73,
  0x0A, 0xE0, 0xD7, 0x77, 0x30, 0xAE, 0x0D, 0x77, 0x73, 0x0A, 0xE0, 0xD7, 0x77, 0x30, 0xAE, 0x0D,
  0x77, 0x73, 0x0A, 0xE0, 0xD7, 0x77, 0x30, 0xAE, 0x0D, 0x77, 0x73, 0x0A, 0xE0, 0xD7, 0x50,
  // "Ī" (U+012A), RLE, 680 bytes saved (70.7%)
  0x02, 0x80, 0xA5, 0x40, 0x8F, 0xFF, 0xC0, 0x8F, 0xFF, 0xC0, 0x8F, 0xFF, 0xC0, 0x8F, 0xFF, 0xC0,
  0x8F, 0xFF, 0xC0, 0x8F, 0xFF, 0xC8, 0x0A, 0xB2, 0x00, 0x8F, 0xFF, 0x09, 0x30, 0x8F, 0xFF, 0x09,
  0x30, 0x8F, 0xFF, 0x09, 0x30, 0x8F, 0xFF, 0x09, 0x30, 0x8F, 0xFF, 0x09, 0x48, 0x22, 0x69, 0xDF,
  0xE8, 0x2D, 0x96, 0x27, 0x28, 0x11, 0x5A, 0xF8, 0x1B, 0x51, 0x77, 0x10, 0x5F, 0x06, 0x77, 0x30,
  0x5F, 0x06, 0x77, 0x30, 0x5F, 0x06, 0x77, 0x30, 0x5F, 0x06, 0x77, 0x30, 0x5F, 0x06, 0x77, 0x30,
  0x5F, 0x06, 0x77, 0x30, 0x5F, 0x06, 0x77, 0x30, 0x5F, 0x06, 0x77, 0x30, 0x5F, 0x06, 0x77, 0x30,
  0x5F, 0x06, 0x77, 0x30, 0x5F, 0x06, 0x77, 0x30, 0x5F, 0x06, 0x77, 0x30, 0x5F, 0x06, 0x77, 0x30,
  0x5F, 0x06, 0x77, 0x30, 0x5F, 0x06, 0x77, 0x30, 0x5F, 0x06, 0x77, 0x30, 0x5F, 0x06, 0x77, 0x30,
  0x5F, 0x06, 0x77, 0x30, 0x5F, 0x06, 0x77, 0x30, 0x5F, 0x06, 0x77, 0x30, 0x5F, 0x06, 0x77, 0x30,
  0x5F, 0x06, 0x77, 0x30, 0x5F, 0x06, 0x77, 0x30, 0x5F, 0x06, 0x77, 0x30, 0x5F, 0x06, 0x77, 0x30,
  0x5F, 0x06, 0x77, 0x30, 0x5F, 0x06, 0x77, 0x30, 0x5F, 0x06, 0x77, 0x30, 0x5F, 0x06, 0x77, 0x30,
  0x5F, 0x06, 0x77, 0x30, 0x5F, 0x06, 0x77, 0x30, 0x5F, 0x06, 0x77, 0x30, 0x5F, 0x06, 0x77, 0x30,
  0x5F, 0x06, 0x77, 0x30, 0x5F, 0x06, 0x77, 0x30, 0x5F, 0x06, 0x77, 0x30, 0x5F, 0x06, 0x77, 0x30,
  0x5F, 0x06, 0x77, 0x30, 0x5F, 0x06, 0x77, 0x30, 0x5F, 0x06, 0x77, 0x30, 0x5F, 0x06, 0x77, 0x30,
  0x5F, 0x06, 0x77, 0x30, 0x5F, 0x06, 0x77, 0x30, 0x5F, 0x06, 0x77, 0x30, 0x5F, 0x06, 0x77, 0x30,
  0x5F, 0x06, 0x77, 0x30, 0x5F, 0x06, 0x77, 0x30, 0x5F, 0x06, 0x76, 0x83, 0x14, 0x8B, 0xEF, 0x98,
  0x2B, 0x85, 0x16, 0x81, 0x49, 0xDF, 0xFB, 0x81, 0xDA, 0x43, 0x08, 0xFF, 0xF0, 0x93, 0x08, 0xFF,
  0xF0, 0x93, 0x08, 0xFF, 0xF0, 0x93, 0x08, 0xFF, 0xF0, 0x91,
  // "ī" (U+012B), RLE, 559 bytes saved (72.9%)
  0x02, 0x80, 0xA5, 0x40, 0x8F, 0xFF, 0xC0, 0x8F, 0xFF, 0xC0, 0x8F, 0xFF, 0xC0, 0x8F, 0xFF, 0xC0,
  0x8F, 0xFF, 0xC0, 0x8F, 0xFF, 0xC8, 0x0A, 0xC1, 0x00, 0xAE, 0x0D, 0x77, 0x40, 0xAE, 0x0D, 0x77,
  0x40, 0xAE, 0x0D, 0x77, 0x40, 0xAE, 0x0D, 0x77, 0x40, 0xAE, 0x0D, 0x77, 0x40, 0xAE, 0x0D, 0x77,
  0x40, 0xAE, 0x0D, 0x77, 0x40, 0xAE, 0x0D, 0x77, 0x40, 0xAE, 0x0D, 0x77, 0x40, 0xAE, 0x0D, 0x77,
  0x40, 0xAE, 0x0D, 0x77, 0x40, 0xAE, 0x0D, 0x77, 0x40, 0xAE, 0x0D, 0x77, 0x40, 0xAE, 0x0D, 0x77,
  0x40, 0xAE, 0x0D, 0x77, 0x40, 0xAE, 0x0D, 0x77, 0x40, 0xAE, 0x0D, 0x77, 0x40, 0xAE, 0x0D, 0x77,
  0x40, 0xAE, 0x0D, 0x77, 0x40, 0xAE, 0x0D, 0x77, 0x40, 0xAE, 0x0D, 0x77, 0x40, 0xAE, 0x0D, 0x77,
  0x40, 0xAE, 0x0D, 0x77, 0x40, 0xAE, 0x0D, 0x77, 0x40, 0xAE, 0x0D, 0x77, 0x40, 0xAE, 0x0D, 0x77,
  0x40, 0xAE, 0x0D, 0x77, 0x40, 0xAE, 0x0D, 0x77, 0x40, 0xAE, 0x0D, 0x77, 0x40, 0xAE, 0x0D, 0x77,
  0x40, 0xAE, 0x0D, 0x77, 0x40, 0xAE, 0x0D, 0x77, 0x40, 0xAE, 0x0D, 0x77, 0x40, 0xAE, 0x0D, 0x77,
  0x40, 0xAE, 0x0D, 0x77, 0x40, 0xAE, 0x0D, 0x77, 0x40, 0xAE, 0x0D, 0x77, 0x40, 0xAE, 0x0D, 0x77,
  0x40, 0xAE, 0x0D, 0x77, 0x40, 0xAE, 0x0D, 0x77, 0x40, 0xAE, 0x0D, 0x77, 0x40, 0xAE, 0x0D, 0x77,
  0x40, 0xAE, 0x0D, 0x77, 0x40, 0xAE, 0x0D, 0x77, 0x40, 0xAE, 0x0D, 0x77, 0x40, 0xAE, 0x0D, 0x72,
  // "Ĭ" (U+012C), RLE, 762 bytes saved (68.9%)
  0x84, 0x47, 0x77, 0x71, 0x77, 0x28, 0x54, 0x77, 0x77, 0x16, 0xC0, 0x47, 0x72, 0x0C, 0xC1, 0x04,
  0xC0, 0x97, 0x71, 0x02, 0xC8, 0x1D, 0x01, 0xD0, 0x27, 0x70, 0xBC, 0x09, 0x20, 0xBC, 0x0D, 0x04,
  0x74, 0x04, 0x0C, 0xD0, 0x32, 0x05, 0xE8, 0x91, 0xDA, 0x75, 0x44, 0x56, 0x7A, 0xEE, 0x0C, 0x40,
  0xCF, 0xFF, 0x90, 0x34, 0x03, 0x0E, 0xFF, 0xE0, 0x76, 0x05, 0xFF, 0xD0, 0x87, 0x10, 0x40, 0xEF,
  0xF9, 0x0E, 0x06, 0x73, 0x81, 0x18, 0xEF, 0xC8, 0x1E, 0x92, 0x77, 0x89, 0x25, 0x8B, 0xDE, 0xFE,
  0xDC, 0x95, 0x18, 0x0A, 0xD6, 0x00, 0x8F, 0xFF, 0x09, 0x50, 0x8F, 0xFF, 0x09, 0x50, 0x8F, 0xFF,
  0x09, 0x50, 0x8F, 0xFF, 0x09, 0x50, 0x8F, 0xFF, 0x09, 0x68, 0x22, 0x69, 0xDF, 0xE8, 0x2D, 0x96,
  0x27, 0x48, 0x11, 0x5A, 0xF8, 0x1B, 0x51, 0x77, 0x30, 0x5F, 0x06, 0x77, 0x50, 0x5F, 0x06, 0x77,
  0x50, 0x5F, 0x06, 0x77, 0x50, 0x5F, 0x06, 0x77, 0x50, 0x5F, 0x06, 0x77, 0x50, 0x5F, 0x06, 0x77,
  0x50, 0x5F, 0x06, 0x77, 0x50, 0x5F, 0x06, 0x77, 0x50, 0x5F, 0x06, 0x77, 0x50, 0x5F, 0x06, 0x77,
  0x50, 0x5F, 0x06, 0x77, 0x50, 0x5F, 0x06, 0x77, 0x50, 0x5F, 0x06, 0x77, 0x50, 0x5F, 0x06, 0x77,
  0x50, 0x5F, 0x06, 0x77, 0x50, 0x5F, 0x06, 0x77, 0x50, 0x5F, 0x06, 0x77, 0x50, 0x5F, 0x06, 0x77,
  0x50, 0x5F, 0x06, 0x77, 0x50, 0x5F, 0x06, 0x77, 0x50, 0x5F, 0x06, 0x77, 0x50, 0x5F, 0x06, 0x77,
  0x50, 0x5F, 0x06, 0x77, 0x50, 0x5F, 0x06, 0x77, 0x50, 0x5F, 0x06, 0x77, 0x50, 0x5F, 0x06, 0x77,
  0x50, 0x5F, 0x06, 0x77, 0x50, 0x5F, 0x06, 0x77, 0x50, 0x5F, 0x06, 0x77, 0x50, 0x5F, 0x06, 0x77,
  0x50, 0x5F, 0x06, 0x77, 0x50, 0x5F, 0x06, 0x77, 0x50, 0x5F, 0x06, 0x77, 0x50, 0x5F, 0x06, 0x77,
  0x50, 0x5F, 0x06, 0x77, 0x50, 0x5F, 0x06, 0x77, 0x50, 0x5F, 0x06, 0x77, 0x50, 0x5F, 0x06, 0x77,
  0x50, 0x5F, 0x06, 0x77, 0x50, 0x5F, 0x06, 0x77, 0x50, 0x5F, 0x06, 0x77, 0x50, 0x5F, 0x06, 0x77,
  0x50, 0x5F, 0x06, 0x77, 0x50, 0x5F, 0x06, 0x77, 0x50, 0x5F, 0x06, 0x77, 0x50, 0x5F, 0x06, 0x77,
  0x50, 0x5F, 0x06, 0x77, 0x50, 0x5F, 0x06, 0x77, 0x18, 0x31, 0x48, 0xBE, 0xF9, 0x82, 0xB8, 0x51,
  0x71, 0x81, 0x49, 0xDF, 0xFB, 0x81, 0xDA, 0x45, 0x08, 0xFF, 0xF0, 0x95, 0x08, 0xFF, 0xF0, 0x95,
  0x08, 0xFF, 0xF0, 0x95, 0x08, 0xFF, 0xF0, 0x93,
  // "ĭ" (U+012D), RLE, 627 bytes saved (70.0%)
  0x84, 0x47, 0x77, 0x71, 0x77, 0x28, 0x54, 0x77, 0x77, 0x16, 0xC0, 0x47, 0x72, 0x0C, 0xC1, 0x04,
  0xC0, 0x97, 0x71, 0x02, 0xC8, 0x1D, 0x01, 0xD0, 0x27, 0x70, 0xBC, 0x09, 0x20, 0xBC, 0x0D, 0x04,
  0x74, 0x04, 0x0C, 0xD0, 0x32, 0x05, 0xE8, 0x91, 0xDA, 0x75, 0x44, 0x56, 0x7A, 0xEE, 0x0C, 0x40,
  0xCF, 0xFF, 0x90, 0x34, 0x03, 0x0E, 0xFF, 0xE0, 0x76, 0x05, 0xFF, 0xD0, 0x87, 0x10, 0x40, 0xEF,
  0xF9, 0x0E, 0x06, 0x73, 0x81, 0x18, 0xEF, 0xC8, 0x1E, 0x92, 0x77, 0x89, 0x25, 0x8B, 0xDE, 0xFE,
  0xDC, 0x95, 0x18, 0x0A, 0xE5, 0x00, 0xAE, 0x0D, 0x77, 0x60, 0xAE, 0x0D, 0x77, 0x60, 0xAE, 0x0D,
  0x77, 0x60, 0xAE, 0x0D, 0x77, 0x60, 0xAE, 0x0D, 0x77, 0x60, 0xAE, 0x0D, 0x77, 0x60, 0xAE, 0x0D,
  0x77, 0x60, 0xAE, 0x0D, 0x77, 0x60, 0xAE, 0x0D, 0x77, 0x60, 0xAE, 0x0D, 0x77, 0x60, 0xAE, 0x0D,
  0x77, 0x60, 0xAE, 0x0D, 0x77, 0x60, 0xAE, 0x0D, 0x77, 0x60, 0xAE, 0x0D, 0x77, 0x60, 0xAE, 0x0D,
  0x77, 0x60, 0xAE, 0x0D, 0x77, 0x60, 0xAE, 0x0D, 0x77, 0x60, 0xAE, 0x0D, 0x77, 0x60, 0xAE, 0x0D,
  0x77, 0x60, 0xAE, 0x0D, 0x77, 0x60, 0xAE, 0x0D, 0x77, 0x60, 0xAE, 0x0D, 0x77, 0x60, 0xAE, 0x0D,
  0x77, 0x60, 0xAE, 0x0D, 0x77, 0x60, 0xAE, 0x0D, 0x77, 0x60, 0xAE, 0x0D, 0x77, 0x60, 0xAE, 0x0D,
  0x77, 0x60, 0xAE, 0x0D, 0x77, 0x60, 0xAE, 0x0D, 0x77, 0x60, 0xAE, 0x0D, 0x77, 0x60, 0xAE, 0x0D,
  0x77, 0x60, 0xAE, 0x0D, 0x77, 0x60, 0xAE, 0x0D, 0x77, 0x60, 0xAE, 0x0D, 0x77, 0x60, 0xAE, 0x0D,
  0x77, 0x60, 0xAE, 0x0D, 0x77, 0x60, 0xAE, 0x0D, 0x77, 0x60, 0xAE, 0x0D, 0x77, 0x60, 0xAE, 0x0D,
  0x77, 0x60, 0xAE, 0x0D, 0x77, 0x60, 0xAE, 0x0D, 0x77, 0x60, 0xAE, 0x0D, 0x77, 0x60, 0xAE, 0x0D,
  0x77, 0x60, 0xAE, 0x0D, 0x77, 0x60, 0xAE, 0x0D, 0x77, 0x60, 0xAE, 0x0D, 0x74,
  // "Į" (U+012E), RLE, 607 bytes saved (66.0%)
  0x08, 0xFF, 0xF0, 0x90, 0x8F, 0xFF, 0x09, 0x08, 0xFF, 0xF0, 0x90, 0x8F, 0xFF, 0x09, 0x08, 0xFF,
  0xF8, 0x49, 0x02, 0x69, 0xDF, 0xE8, 0x2D, 0x96, 0x26, 0x81, 0x15, 0xAF, 0x81, 0xB5, 0x17, 0x50,
  0x5F, 0x06, 0x77, 0x05, 0xF0, 0x67, 0x70, 0x5F, 0x06, 0x77, 0x05, 0xF0, 0x67, 0x70, 0x5F, 0x06,
  0x77, 0x05, 0xF0, 0x67, 0x70, 0x5F, 0x06, 0x77, 0x05, 0xF0, 0x67, 0x70, 0x5F, 0x06, 0x77, 0x05,
  0xF0, 0x67, 0x70, 0x5F, 0x06, 0x77, 0x05, 0xF0, 0x67, 0x70, 0x5F, 0x06, 0x77, 0x05, 0xF0, 0x67,
  0x70, 0x5F, 0x06, 0x77, 0x05, 0xF0, 0x67, 0x70, 0x5F, 0x06, 0x77, 0x05, 0xF0, 0x67, 0x70, 0x5F,
  0x06, 0x77, 0x05, 0xF0, 0x67, 0x70, 0x5F, 0x06, 0x77, 0x05, 0xF0, 0x67, 0x70, 0x5F, 0x06, 0x77,
  0x05, 0xF0, 0x67, 0x70, 0x5F, 0x06, 0x77, 0x05, 0xF0, 0x67, 0x70, 0x5F, 0x06, 0x77, 0x05, 0xF0,
  0x67, 0x70, 0x5F, 0x06, 0x77, 0x05, 0xF0, 0x67, 0x70, 0x5F, 0x06, 0x77, 0x05, 0xF0, 0x67, 0x70,
  0x5F, 0x06, 0x77, 0x05, 0xF0, 0x67, 0x70, 0x5F, 0x06, 0x77, 0x05, 0xF0, 0x67, 0x70, 0x5F, 0x06,
  0x77, 0x05, 0xF0, 0x67, 0x70, 0x5F, 0x06, 0x77, 0x05, 0xF0, 0x67, 0x70, 0x5F, 0x06, 0x77, 0x05,
  0xF0, 0x67, 0x70, 0x5F, 0x06, 0x77, 0x05, 0xF0, 0x67, 0x70, 0x5F, 0x06, 0x77, 0x05, 0xF0, 0x67,
  0x70, 0x5F, 0x06, 0x77, 0x05, 0xF0, 0x67, 0x38, 0x31, 0x48, 0xBE, 0xF9, 0x82, 0xB8, 0x51, 0x38,
  0x14, 0x9D, 0xFF, 0xB8, 0x2D, 0xA4, 0x8F, 0xFF, 0x09, 0x08, 0xFF, 0xF0, 0x90, 0x8F, 0xFF, 0x09,
  0x08, 0xFF, 0xF0, 0x97, 0x70, 0x9C, 0x0E, 0x02, 0x77, 0x10, 0xAC, 0x0E, 0x03, 0x77, 0x10, 0xAD,
  0x03, 0x77, 0x10, 0x8D, 0x05, 0x77, 0x10, 0x4D, 0x09, 0x77, 0x20, 0xDC, 0x0D, 0x77, 0x20, 0x7D,
  0x06, 0x77, 0x20, 0xDD, 0x77, 0x20, 0x3D, 0x0C, 0x77, 0x20, 0x6D, 0x0A, 0x77, 0x20, 0x8D, 0x0A,
  0x77, 0x20, 0x8D, 0x0C, 0x77, 0x20, 0x6E, 0x04, 0x77, 0x10, 0x3E, 0x81, 0xE6, 0x22, 0x81, 0x24,
  0x47, 0x20, 0xEF, 0xD0, 0x97, 0x20, 0x6F, 0xD0, 0x97, 0x30, 0xAF, 0xC0, 0x97, 0x40, 0x8F, 0xB0,
  0x97, 0x58, 0x91, 0x17, 0xBD, 0xEF, 0xED, 0xB8, 0x30,
  // "į" (U+012F), RLE, 373 bytes saved (59.9%)
  0x68, 0x43, 0xAE, 0xFC, 0x47, 0x10, 0x4E, 0x07, 0x70, 0xDF, 0x01, 0x50, 0x2F, 0x90, 0x65, 0x04,
  0xF9, 0x08, 0x50, 0x4F, 0x90, 0x85, 0x02, 0xF9, 0x06, 0x60, 0xCF, 0x01, 0x60, 0x3E, 0x06, 0x71,
  0x84, 0x2A, 0xEF, 0xC4, 0x80, 0x9F, 0x40, 0x0A, 0xE0, 0xD7, 0x0A, 0xE0, 0xD7, 0x0A, 0xE0, 0xD7,
  0x0A, 0xE0, 0xD7, 0x0A, 0xE0, 0xD7, 0x0A, 0xE0, 0xD7, 0x0A, 0xE0, 0xD7, 0x0A, 0xE0, 0xD7, 0x0A,
  0xE0, 0xD7, 0x0A, 0xE0, 0xD7, 0x0A, 0xE0, 0xD7, 0x0A, 0xE0, 0xD7, 0x0A, 0xE0, 0xD7, 0x0A, 0xE0,
  0xD7, 0x0A, 0xE0, 0xD7, 0x0A, 0xE0, 0xD7, 0x0A, 0xE0, 0xD7, 0x0A, 0xE0, 0xD7, 0x0A, 0xE0, 0xD7,
  0x0A, 0xE0, 0xD7, 0x0A, 0xE0, 0xD7, 0x0A, 0xE0, 0xD7, 0x0A, 0xE0, 0xD7, 0x0A, 0xE0, 0xD7, 0x0A,
  0xE0, 0xD7, 0x0A, 0xE0, 0xD7, 0x0A, 0xE0, 0xD7, 0x0A, 0xE0, 0xD7, 0x0A, 0xE0, 0xD7, 0x0A, 0xE0,
  0xD7, 0x0A, 0xE0, 0xD7, 0x0A, 0xE0, 0xD7, 0x0A, 0xE0, 0xD7, 0x0A, 0xE0, 0xD7, 0x0A, 0xE0, 0xD7,
  0x0A, 0xE0, 0xD7, 0x0A, 0xE0, 0xD7, 0x0A, 0xE0, 0xD7, 0x0A, 0xE0, 0xD7, 0x0A, 0xE0, 0xD7, 0x0A,
  0xE0, 0xD7, 0x0A, 0xE0, 0xD7, 0x0A, 0xE0, 0xD7, 0x0A, 0xE0, 0xD7, 0x0A, 0xE0, 0xD7, 0x0A, 0xE0,
  0xD7, 0x10, 0x9C, 0x0E, 0x02, 0x70, 0xAC, 0x0E, 0x03, 0x70, 0xAD, 0x03, 0x70, 0x8D, 0x05, 0x70,
  0x4D, 0x09, 0x71, 0x0D, 0xC0, 0xD7, 0x10, 0x7D, 0x06, 0x71, 0x0D, 0xD7, 0x10, 0x3D, 0x0C, 0x71,
  0x06, 0xD0, 0xA7, 0x10, 0x8D, 0x0A, 0x71, 0x08, 0xD0, 0xC7, 0x10, 0x6E, 0x04, 0x70, 0x3E, 0x81,
  0xE6, 0x22, 0x83, 0x24, 0x40, 0xEF, 0xD8, 0x19, 0x06, 0xFD, 0x09, 0x20, 0xAF, 0xC0, 0x93, 0x08,
  0xFB, 0x09, 0x48, 0x91, 0x17, 0xBD, 0xEF, 0xED, 0xB8, 0x30,
  // "İ" (U+0130), RLE, 635 bytes saved (69.9%)
  0x72, 0x84, 0x5C, 0xEE, 0xA2, 0x77, 0x20, 0x7D, 0x0E, 0x03, 0x77, 0x02, 0xF0, 0xC7, 0x70, 0x6F,
  0x90, 0x27, 0x60, 0x8F, 0x90, 0x47, 0x60, 0x8F, 0x90, 0x47, 0x60, 0x6F, 0x90, 0x17, 0x60, 0x1F,
  0x0C, 0x77, 0x10, 0x7D, 0x0E, 0x03, 0x77, 0x28, 0x45, 0xCF, 0xEA, 0x28, 0x0A, 0xF4, 0x00, 0x8F,
  0xFF, 0x09, 0x08, 0xFF, 0xF0, 0x90, 0x8F, 0xFF, 0x09, 0x08, 0xFF, 0xF0, 0x90, 0x8F, 0xFF, 0x84,
  0x90, 0x26, 0x9D, 0xFE, 0x82, 0xD9, 0x62, 0x68, 0x11, 0x5A, 0xF8, 0x1B, 0x51, 0x75, 0x05, 0xF0,
  0x67, 0x70, 0x5F, 0x06, 0x77, 0x05, 0xF0, 0x67, 0x70, 0x5F, 0x06, 0x77, 0x05, 0xF0, 0x67, 0x70,
  0x5F, 0x06, 0x77, 0x05, 0xF0, 0x67, 0x70, 0x5F, 0x06, 0x77, 0x05, 0xF0, 0x67, 0x70, 0x5F, 0x06,
  0x77, 0x05, 0xF0, 0x67, 0x70, 0x5F, 0x06, 0x77, 0x05, 0xF0, 0x67, 0x70, 0x5F, 0x06, 0x77, 0x05,
  0xF0, 0x67, 0x70, 0x5F, 0x06, 0x77, 0x05, 0xF0, 0x67, 0x70, 0x5F, 0x06, 0x77, 0x05, 0xF0, 0x67,
  0x70, 0x5F, 0x06, 0x77, 0x05, 0xF0, 0x67, 0x70, 0x5F, 0x06, 0x77, 0x05, 0xF0, 0x67, 0x70, 0x5F,
  0x06, 0x77, 0x05, 0xF0, 0x67, 0x70, 0x5F, 0x06, 0x77, 0x05, 0xF0, 0x67, 0x70, 0x5F, 0x06, 0x77,
  0x05, 0xF0, 0x67, 0x70, 0x5F, 0x06, 0x77, 0x05, 0xF0, 0x67, 0x70, 0x5F, 0x06, 0x77, 0x05, 0xF0,
  0x67, 0x70, 0x5F, 0x06, 0x77, 0x05, 0xF0, 0x67, 0x70, 0x5F, 0x06, 0x77, 0x05, 0xF0, 0x67, 0x70,
  0x5F, 0x06, 0x77, 0x05, 0xF0, 0x67, 0x70, 0x5F, 0x06, 0x77, 0x05, 0xF0, 0x67, 0x70, 0x5F, 0x06,
  0x77, 0x05, 0xF0, 0x67, 0x70, 0x5F, 0x06, 0x77, 0x05, 0xF0, 0x67, 0x70, 0x5F, 0x06, 0x77, 0x05,
  0xF0, 0x67, 0x70, 0x5F, 0x06, 0x73, 0x83, 0x14, 0x8B, 0xEF, 0x98, 0x2B, 0x85, 0x13, 0x81, 0x49,
  0xDF, 0xFB, 0x82, 0xDA, 0x48, 0xFF, 0xF0, 0x90, 0x8F, 0xFF, 0x09, 0x08, 0xFF, 0xF0, 0x90, 0x8F,
  0xFF, 0x09,
  // "ı" (U+0131), RLE, 69 bytes saved (37.5%)
  0x0A, 0xE0, 0xD0, 0xAE, 0x0D, 0x0A, 0xE0, 0xD0, 0xAE, 0x0D, 0x0A, 0xE0, 0xD0, 0xAE, 0x0D, 0x0A,
  0xE0, 0xD0, 0xAE, 0x0D, 0x0A, 0xE0, 0xD0, 0xAE, 0x0D, 0x0A, 0xE0, 0xD0, 0xAE, 0x0D, 0x0A, 0xE0,
  0xD0, 0xAE, 0x0D, 0x0A, 0xE0, 0xD0, 0xAE, 0x0D, 0x0A, 0xE0, 0xD0, 0xAE, 0x0D, 0x0A, 0xE0, 0xD0,
  0xAE, 0x0D, 0x0A, 0xE0, 0xD0, 0xAE, 0x0D, 0x0A, 0xE0, 0xD0, 0xAE, 0x0D, 0x0A, 0xE0, 0xD0, 0xAE,
  0x0D, 0x0A, 0xE0, 0xD0, 0xAE, 0x0D, 0x0A, 0xE0, 0xD0, 0xAE, 0x0D, 0x0A, 0xE0, 0xD0, 0xAE, 0x0D,
  0x0A, 0xE0, 0xD0, 0xAE, 0x0D, 0x0A, 0xE0, 0xD0, 0xAE, 0x0D, 0x0A, 0xE0, 0xD0, 0xAE, 0x0D, 0x0A,
  0xE0, 0xD0, 0xAE, 0x0D, 0x0A, 0xE0, 0xD0, 0xAE, 0x0D, 0x0A, 0xE0, 0xD0, 0xAE, 0x0D, 0x0A, 0xE0,
  0xD0, 0xAE, 0x0D,
  // "Ĳ" (U+0132), RLE, 1097 bytes saved (67.0%)
  0x08, 0xFF, 0xF0, 0x97, 0x30, 0x1F, 0x0A, 0x08, 0xFF, 0xF0, 0x97, 0x30, 0x1F, 0x0A, 0x08, 0xFF,
  0xF0, 0x97, 0x30, 0x1F, 0x0A, 0x08, 0xFF, 0xF0, 0x97, 0x30, 0x1F, 0x0A, 0x08, 0xFF, 0xF0, 0x97,
  0x30, 0x1F, 0x84, 0xA0, 0x26, 0x9D, 0xFE, 0x82, 0xD9, 0x62, 0x74, 0x01, 0xF0, 0xA5, 0x81, 0x15,
  0xAF, 0x81, 0xB5, 0x17, 0x71, 0x01, 0xF0, 0xA7, 0x05, 0xF0, 0x67, 0x73, 0x01, 0xF0, 0xA7, 0x05,
  0xF0, 0x67, 0x73, 0x01, 0xF0, 0xA7, 0x05, 0xF0, 0x67, 0x73, 0x01, 0xF0, 0xA7, 0x05, 0xF0, 0x67,
  0x73, 0x01, 0xF0, 0xA7, 0x05, 0xF0, 0x67, 0x73, 0x01, 0xF0, 0xA7, 0x05, 0xF0, 0x67, 0x73, 0x01,
  0xF0, 0xA7, 0x05, 0xF0, 0x67, 0x73, 0x01, 0xF0, 0xA7, 0x05, 0xF0, 0x67, 0x73, 0x01, 0xF0, 0xA7,
  0x05, 0xF0, 0x67, 0x73, 0x01, 0xF0, 0xA7, 0x05, 0xF0, 0x67, 0x73, 0x01, 0xF0, 0xA7, 0x05, 0xF0,
  0x67, 0x73, 0x01, 0xF0, 0xA7, 0x05, 0xF0, 0x67, 0x73, 0x01, 0xF0, 0xA7, 0x05, 0xF0, 0x67, 0x73,
  0x01, 0xF0, 0xA7, 0x05, 0xF0, 0x67, 0x73, 0x01, 0xF0, 0xA7, 0x05, 0xF0, 0x67, 0x73, 0x01, 0xF0,
  0xA7, 0x05, 0xF0, 0x67, 0x73, 0x01, 0xF0, 0xA7, 0x05, 0xF0, 0x67, 0x73, 0x01, 0xF0, 0xA7, 0x05,
  0xF0, 0x67, 0x73, 0x01, 0xF0, 0xA7, 0x05, 0xF0, 0x67, 0x73, 0x01, 0xF0, 0xA7, 0x05, 0xF0, 0x67,
  0x73, 0x01, 0xF0, 0xA7, 0x05, 0xF0, 0x67, 0x73, 0x01, 0xF0, 0xA7, 0x05, 0xF0, 0x67, 0x73, 0x01,
  0xF0, 0xA7, 0x05, 0xF0, 0x67, 0x73, 0x01, 0xF0, 0xA7, 0x05, 0xF0, 0x67, 0x73, 0x01, 0xF0, 0xA7,
  0x05, 0xF0, 0x67, 0x73, 0x01, 0xF0, 0xA7, 0x05, 0xF0, 0x67, 0x73, 0x01, 0xF0, 0xA7, 0x05, 0xF0,
  0x67, 0x73, 0x01, 0xF0, 0xA7, 0x05, 0xF0, 0x67, 0x73, 0x01, 0xF0, 0xA7, 0x05, 0xF0, 0x67, 0x73,
  0x01, 0xF0, 0xA7, 0x05, 0xF0, 0x67, 0x73, 0x01, 0xF0, 0xA7, 0x05, 0xF0, 0x67, 0x73, 0x01, 0xF0,
  0xA7, 0x05, 0xF0, 0x67, 0x73, 0x01, 0xF0, 0xA7, 0x05, 0xF0, 0x67, 0x73, 0x01, 0xF0, 0xA7, 0x05,
  0xF0, 0x67, 0x73, 0x01, 0xF0, 0xA7, 0x05, 0xF0, 0x67, 0x73, 0x01, 0xF0, 0xA7, 0x05, 0xF0, 0x67,
  0x73, 0x01, 0xF0, 0xA7, 0x05, 0xF0, 0x67, 0x73, 0x01, 0xF0, 0xA7, 0x05, 0xF0, 0x67, 0x73, 0x01,
  0xF0, 0xA7, 0x05, 0xF0, 0x67, 0x73, 0x01, 0xF0, 0xA7, 0x05, 0xF0, 0x67, 0x73, 0x01, 0xF0, 0xA7,
  0x05, 0xF0, 0x67, 0x73, 0x01, 0xF0, 0xA7, 0x05, 0xF0, 0x67, 0x73, 0x01, 0xF0, 0xA7, 0x05, 0xF0,
  0x67, 0x73, 0x01, 0xF0, 0xA7, 0x05, 0xF0, 0x67, 0x73, 0x01, 0xF0, 0xA7, 0x05, 0xF0, 0x67, 0x73,
  0x01, 0xF0, 0xA7, 0x05, 0xF0, 0x67, 0x73, 0x01, 0xF0, 0xA7, 0x05, 0xF0, 0x67, 0x73, 0x01, 0xF0,
  0xA7, 0x05, 0xF0, 0x67, 0x73, 0x01, 0xF0, 0xA3, 0x83, 0x14, 0x8B, 0xEF, 0x98, 0x2B, 0x85, 0x17,
  0x60, 0x1F, 0x82, 0xA4, 0x9D, 0xFF, 0xB8, 0x1D, 0xA4, 0x73, 0x01, 0xF0, 0xA0, 0x8F, 0xFF, 0x09,
  0x73, 0x01, 0xF0, 0xA0, 0x8F, 0xFF, 0x09, 0x73, 0x01, 0xF0, 0xA0, 0x8F, 0xFF, 0x09, 0x73, 0x01,
  0xF0, 0xA0, 0x8F, 0xFF, 0x09, 0x73, 0x01, 0xF0, 0x97, 0x77, 0x75, 0x01, 0xF0, 0x97, 0x77, 0x75,
  0x02, 0xF0, 0x87, 0x77, 0x75, 0x03, 0xF0, 0x77, 0x77, 0x75, 0x06, 0xF0, 0x57, 0x77, 0x75, 0x0A,
  0xF0, 0x27, 0x77, 0x74, 0x01, 0x0E, 0xE0, 0xE7, 0x77, 0x75, 0x08, 0xF0, 0x97, 0x77, 0x74, 0x04,
  0xF9, 0x04, 0x77, 0x77, 0x30, 0x6F, 0x90, 0xC7, 0x77, 0x89, 0x18, 0x96, 0x32, 0x10, 0x13, 0x7D,
  0xFA, 0x04, 0x77, 0x70, 0xAF, 0xFC, 0x09, 0x77, 0x71, 0x0A, 0xFF, 0xB0, 0xB7, 0x77, 0x20, 0xAF,
  0xFA, 0x0B, 0x77, 0x73, 0x0A, 0xFF, 0x90, 0x77, 0x77, 0x40, 0xAF, 0xE0, 0xA0, 0x27, 0x77, 0x58,
  0x13, 0x9D, 0xF8, 0x2E, 0xB6, 0x17, 0x77, 0x74, 0x84, 0x23, 0x43, 0x31, 0x76,
  // "ĳ" (U+0133), RLE, 875 bytes saved (64.3%)
  0x28, 0x43, 0xAE, 0xFC, 0x47, 0x77, 0x40, 0x4E, 0x07, 0x77, 0x18, 0x43, 0xAE, 0xFC, 0x43, 0x0D,
  0xF0, 0x17, 0x60, 0x4E, 0x81, 0x70, 0x2F, 0x90, 0x67, 0x60, 0xDF, 0x01, 0x04, 0xF9, 0x08, 0x75,
  0x02, 0xF9, 0x06, 0x04, 0xF9, 0x08, 0x75, 0x04, 0xF9, 0x08, 0x02, 0xF9, 0x06, 0x75, 0x04, 0xF9,
  0x81, 0x80, 0xCF, 0x01, 0x75, 0x02, 0xF9, 0x81, 0x60, 0x3E, 0x06, 0x77, 0x0C, 0xF0, 0x12, 0x84,
  0x2A, 0xEF, 0xC4, 0x77, 0x10, 0x3E, 0x06, 0x77, 0x74, 0x84, 0x2A, 0xEF, 0xC4, 0x80, 0xBB, 0x70,
  0x0A, 0xE0, 0xD7, 0x70, 0xAE, 0x0D, 0x20, 0xAE, 0x0D, 0x77, 0x0A, 0xE0, 0xD2, 0x0A, 0xE0, 0xD7,
  0x70, 0xAE, 0x0D, 0x20, 0xAE, 0x0D, 0x77, 0x0A, 0xE0, 0xD2, 0x0A, 0xE0, 0xD7, 0x70, 0xAE, 0x0D,
  0x20, 0xAE, 0x0D, 0x77, 0x0A, 0xE0, 0xD2, 0x0A, 0xE0, 0xD7, 0x70, 0xAE, 0x0D, 0x20, 0xAE, 0x0D,
  0x77, 0x0A, 0xE0, 0xD2, 0x0A, 0xE0, 0xD7, 0x70, 0xAE, 0x0D, 0x20, 0xAE, 0x0D, 0x77, 0x0A, 0xE0,
  0xD2, 0x0A, 0xE0, 0xD7, 0x70, 0xAE, 0x0D, 0x20, 0xAE, 0x0D, 0x77, 0x0A, 0xE0, 0xD2, 0x0A, 0xE0,
  0xD7, 0x70, 0xAE, 0x0D, 0x20, 0xAE, 0x0D, 0x77, 0x0A, 0xE0, 0xD2, 0x0A, 0xE0, 0xD7, 0x70, 0xAE,
  0x0D, 0x20, 0xAE, 0x0D, 0x77, 0x0A, 0xE0, 0xD2, 0x0A, 0xE0, 0xD7, 0x70, 0xAE, 0x0D, 0x20, 0xAE,
  0x0D, 0x77, 0x0A, 0xE0, 0xD2, 0x0A, 0xE0, 0xD7, 0x70, 0xAE, 0x0D, 0x20, 0xAE, 0x0D, 0x77, 0x0A,
  0xE0, 0xD2, 0x0A, 0xE0, 0xD7, 0x70, 0xAE, 0x0D, 0x20, 0xAE, 0x0D, 0x77, 0x0A, 0xE0, 0xD2, 0x0A,
  0xE0, 0xD7, 0x70, 0xAE, 0x0D, 0x20, 0xAE, 0x0D, 0x77, 0x0A, 0xE0, 0xD2, 0x0A, 0xE0, 0xD7, 0x70,
  0xAE, 0x0D, 0x20, 0xAE, 0x0D, 0x77, 0x0A, 0xE0, 0xD2, 0x0A, 0xE0, 0xD7, 0x70, 0xAE, 0x0D, 0x20,
  0xAE, 0x0D, 0x77, 0x0A, 0xE0, 0xD2, 0x0A, 0xE0, 0xD7, 0x70, 0xAE, 0x0D, 0x20, 0xAE, 0x0D, 0x77,
  0x0A, 0xE0, 0xD2, 0x0A, 0xE0, 0xD7, 0x70, 0xAE, 0x0D, 0x20, 0xAE, 0x0D, 0x77, 0x0A, 0xE0, 0xD2,
  0x0A, 0xE0, 0xD7, 0x70, 0xAE, 0x0D, 0x20, 0xAE, 0x0D, 0x77, 0x0A, 0xE0, 0xD2, 0x0A, 0xE0, 0xD7,
  0x70, 0xAE, 0x0D, 0x20, 0xAE, 0x0D, 0x77, 0x0A, 0xE0, 0xD2, 0x0A, 0xE0, 0xD7, 0x70, 0xAE, 0x0D,
  0x20, 0xAE, 0x0D, 0x77, 0x0A, 0xE0, 0xD2, 0x0A, 0xE0, 0xD7, 0x70, 0xAE, 0x0D, 0x20, 0xAE, 0x0D,
  0x77, 0x0A, 0xE0, 0xD2, 0x0A, 0xE0, 0xD7, 0x70, 0xAE, 0x0D, 0x20, 0xAE, 0x0D, 0x77, 0x0A, 0xE0,
  0xD2, 0x0A, 0xE0, 0xD7, 0x70, 0xAE, 0x0D, 0x20, 0xAE, 0x0D, 0x77, 0x0A, 0xE0, 0xD2, 0x0A, 0xE0,
  0xD7, 0x70, 0xAE, 0x0D, 0x20, 0xAE, 0x0D, 0x77, 0x0A, 0xE0, 0xD7, 0x77, 0x30, 0xAE, 0x0D, 0x77,
  0x73, 0x0A, 0xE0, 0xD7, 0x77, 0x30, 0xAE, 0x0D, 0x77, 0x73, 0x0A, 0xE0, 0xD7, 0x77, 0x30, 0xAE,
  0x0D, 0x77, 0x73, 0x0A, 0xE0, 0xD7, 0x77, 0x30, 0xAE, 0x0D, 0x77, 0x73, 0x0A, 0xE0, 0xD7, 0x77,
  0x30, 0xBE, 0x0C, 0x77, 0x73, 0x0C, 0xE0, 0xB7, 0x77, 0x3F, 0x09, 0x77, 0x72, 0x05, 0xF0, 0x67,
  0x77, 0x20, 0xDF, 0x03, 0x77, 0x70, 0x20, 0xCF, 0x0D, 0x76, 0x87, 0xBD, 0x97, 0x54, 0x46, 0xAF,
  0xA0, 0x77, 0x60, 0xBF, 0xFA, 0x0E, 0x01, 0x76, 0x0B, 0xFF, 0xA0, 0x57, 0x70, 0xBF, 0xF9, 0x08,
  0x77, 0x10, 0xBF, 0xF0, 0x77, 0x72, 0x0B, 0xFD, 0x0A, 0x03, 0x77, 0x38, 0x93, 0x15, 0x9B, 0xDE,
  0xFE, 0xDC, 0xA6, 0x27, 0x10,
  // "Ĵ" (U+0134), RLE, 1201 bytes saved (72.1%)
  0x77, 0x04, 0xF0, 0xE0, 0x17, 0x77, 0x30, 0xDF, 0x90, 0xA7, 0x77, 0x20, 0x9F, 0xB0, 0x57, 0x77,
  0x05, 0xFC, 0x0E, 0x02, 0x77, 0x50, 0x20, 0xEF, 0xD0, 0xC7, 0x74, 0x01, 0x0D, 0xFF, 0x0B, 0x77,
  0x30, 0xCF, 0x07, 0x0B, 0xF0, 0x87, 0x71, 0x09, 0xF0, 0x62, 0x0B, 0xF0, 0x67, 0x60, 0x7F, 0x05,
  0x40, 0xBF, 0x04, 0x74, 0x05, 0xE0, 0xE0, 0x46, 0x09, 0xE0, 0xE0, 0x37, 0x20, 0x4E, 0x0E, 0x03,
  0x71, 0x07, 0xE0, 0xE0, 0x27, 0x03, 0x0E, 0xD0, 0xC0, 0x17, 0x30, 0x50, 0xED, 0x0D, 0x02, 0x50,
  0x20, 0xED, 0x09, 0x76, 0x02, 0x0C, 0xD0, 0xD0, 0x14, 0x08, 0xC0, 0xE0, 0x57, 0x72, 0x08, 0xD0,
  0x78, 0x0B, 0xA6, 0x00, 0x1F, 0x0A, 0x77, 0x74, 0x01, 0xF0, 0xA7, 0x77, 0x40, 0x1F, 0x0A, 0x77,
  0x74, 0x01, 0xF0, 0xA7, 0x77, 0x40, 0x1F, 0x0A, 0x77, 0x74, 0x01, 0xF0, 0xA7, 0x77, 0x40, 0x1F,
  0x0A, 0x77, 0x74, 0x01, 0xF0, 0xA7, 0x77, 0x40, 0x1F, 0x0A, 0x77, 0x74, 0x01, 0xF0, 0xA7, 0x77,
  0x40, 0x1F, 0x0A, 0x77, 0x74, 0x01, 0xF0, 0xA7, 0x77, 0x40, 0x1F, 0x0A, 0x77, 0x74, 0x01, 0xF0,
  0xA7, 0x77, 0x40, 0x1F, 0x0A, 0x77, 0x74, 0x01, 0xF0, 0xA7, 0x77, 0x40, 0x1F, 0x0A, 0x77, 0x74,
  0x01, 0xF0, 0xA7, 0x77, 0x40, 0x1F, 0x0A, 0x77, 0x74, 0x01, 0xF0, 0xA7, 0x77, 0x40, 0x1F, 0x0A,
  0x77, 0x74, 0x01, 0xF0, 0xA7, 0x77, 0x40, 0x1F, 0x0A, 0x77, 0x74, 0x01, 0xF0, 0xA7, 0x77, 0x40,
  0x1F, 0x0A, 0x77, 0x74, 0x01, 0xF0, 0xA7, 0x77, 0x40, 0x1F, 0x0A, 0x77, 0x74, 0x01, 0xF0, 0xA7,
  0x77, 0x40, 0x1F, 0x0A, 0x77, 0x74, 0x01, 0xF0, 0xA7, 0x77, 0x40, 0x1F, 0x0A, 0x77, 0x74, 0x01,
  0xF0, 0xA7, 0x77, 0x40, 0x1F, 0x0A, 0x77, 0x74, 0x01, 0xF0, 0xA7, 0x77, 0x40, 0x1F, 0x0A, 0x77,
  0x74, 0x01, 0xF0, 0xA7, 0x77, 0x40, 0x1F, 0x0A, 0x77, 0x74, 0x01, 0xF0, 0xA7, 0x77, 0x40, 0x1F,
  0x0A, 0x77, 0x74, 0x01, 0xF0, 0xA7, 0x77, 0x40, 0x1F, 0x0A, 0x77, 0x74, 0x01, 0xF0, 0xA7, 0x77,
  0x40, 0x1F, 0x0A, 0x77, 0x74, 0x01, 0xF0, 0xA7, 0x77, 0x40, 0x1F, 0x0A, 0x77, 0x74, 0x01, 0xF0,
  0xA7, 0x77, 0x40, 0x1F, 0x0A, 0x77, 0x74, 0x01, 0xF0, 0xA7, 0x77, 0x40, 0x1F, 0x0A, 0x77, 0x74,
  0x01, 0xF0, 0xA7, 0x77, 0x40, 0x1F, 0x0A, 0x77, 0x74, 0x01, 0xF0, 0xA7, 0x77, 0x40, 0x1F, 0x0A,
  0x77, 0x74, 0x01, 0xF0, 0xA7, 0x77, 0x40, 0x1F, 0x0A, 0x77, 0x74, 0x01, 0xF0, 0xA7, 0x77, 0x40,
  0x1F, 0x0A, 0x77, 0x74, 0x01, 0xF0, 0xA7, 0x77, 0x40, 0x1F, 0x0A, 0x77, 0x74, 0x01, 0xF0, 0xA7,
  0x77, 0x40, 0x1F, 0x09, 0x77, 0x74, 0x01, 0xF0, 0x97, 0x77, 0x40, 0x2F, 0x08, 0x77, 0x74, 0x03,
  0xF0, 0x77, 0x77, 0x40, 0x6F, 0x05, 0x77, 0x74, 0x0A, 0xF0, 0x27, 0x77, 0x30, 0x10, 0xEE, 0x0E,
  0x77, 0x74, 0x08, 0xF0, 0x97, 0x77, 0x30, 0x4F, 0x90, 0x47, 0x77, 0x20, 0x6F, 0x90, 0xC7, 0x68,
  0x91, 0x89, 0x63, 0x21, 0x01, 0x37, 0xDF, 0xA0, 0x47, 0x60, 0xAF, 0xFC, 0x09, 0x77, 0x0A, 0xFF,
  0xB0, 0xB7, 0x71, 0x0A, 0xFF, 0xA0, 0xB7, 0x72, 0x0A, 0xFF, 0x90, 0x77, 0x73, 0x0A, 0xFE, 0x0A,
  0x02, 0x77, 0x48, 0x13, 0x9D, 0xF8, 0x2E, 0xB6, 0x17, 0x77, 0x38, 0x42, 0x34, 0x33, 0x17, 0x77,
  0x30,
  // "ĵ" (U+0135), RLE, 941 bytes saved (69.8%)
  0x74, 0x04, 0xF0, 0xE0, 0x17, 0x77, 0x0D, 0xF9, 0x0A, 0x77, 0x60, 0x9F, 0xB0, 0x57, 0x74, 0x05,
  0xFC, 0x0E, 0x02, 0x77, 0x20, 0x20, 0xEF, 0xD0, 0xC7, 0x71, 0x01, 0x0D, 0xFF, 0x0B, 0x77, 0x0C,
  0xF0, 0x70, 0xBF, 0x08, 0x75, 0x09, 0xF0, 0x62, 0x0B, 0xF0, 0x67, 0x30, 0x7F, 0x05, 0x40, 0xBF,
  0x04, 0x71, 0x05, 0xE0, 0xE0, 0x46, 0x09, 0xE0, 0xE0, 0x36, 0x04, 0xE0, 0xE0, 0x37, 0x10, 0x7E,
  0x0E, 0x02, 0x40, 0x30, 0xED, 0x0C, 0x01, 0x73, 0x05, 0x0E, 0xD0, 0xD0, 0x22, 0x02, 0x0E, 0xD0,
  0x97, 0x60, 0x20, 0xCD, 0x82, 0xD1, 0x08, 0xC0, 0xE0, 0x57, 0x72, 0x08, 0xD0, 0x78, 0x0B, 0x82,
  0x00, 0xAE, 0x0D, 0x77, 0x72, 0x0A, 0xE0, 0xD7, 0x77, 0x20, 0xAE, 0x0D, 0x77, 0x72, 0x0A, 0xE0,
  0xD7, 0x77, 0x20, 0xAE, 0x0D, 0x77, 0x72, 0x0A, 0xE0, 0xD7, 0x77, 0x20, 0xAE, 0x0D, 0x77, 0x72,
  0x0A, 0xE0, 0xD7, 0x77, 0x20, 0xAE, 0x0D, 0x77, 0x72, 0x0A, 0xE0, 0xD7, 0x77, 0x20, 0xAE, 0x0D,
  0x77, 0x72, 0x0A, 0xE0, 0xD7, 0x77, 0x20, 0xAE, 0x0D, 0x77, 0x72, 0x0A, 0xE0, 0xD7, 0x77, 0x20,
  0xAE, 0x0D, 0x77, 0x72, 0x0A, 0xE0, 0xD7, 0x77, 0x20, 0xAE, 0x0D, 0x77, 0x72, 0x0A, 0xE0, 0xD7,
  0x77, 0x20, 0xAE, 0x0D, 0x77, 0x72, 0x0A, 0xE0, 0xD7, 0x77, 0x20, 0xAE, 0x0D, 0x77, 0x72, 0x0A,
  0xE0, 0xD7, 0x77, 0x20, 0xAE, 0x0D, 0x77, 0x72, 0x0A, 0xE0, 0xD7, 0x77, 0x20, 0xAE, 0x0D, 0x77,
  0x72, 0x0A, 0xE0, 0xD7, 0x77, 0x20, 0xAE, 0x0D, 0x77, 0x72, 0x0A, 0xE0, 0xD7, 0x77, 0x20, 0xAE,
  0x0D, 0x77, 0x72, 0x0A, 0xE0, 0xD7, 0x77, 0x20, 0xAE, 0x0D, 0x77, 0x72, 0x0A, 0xE0, 0xD7, 0x77,
  0x20, 0xAE, 0x0D, 0x77, 0x72, 0x0A, 0xE0, 0xD7, 0x77, 0x20, 0xAE, 0x0D, 0x77, 0x72, 0x0A, 0xE0,
  0xD7, 0x77, 0x20, 0xAE, 0x0D, 0x77, 0x72, 0x0A, 0xE0, 0xD7, 0x77, 0x20, 0xAE, 0x0D, 0x77, 0x72,
  0x0A, 0xE0, 0xD7, 0x77, 0x20, 0xAE, 0x0D, 0x77, 0x72, 0x0A, 0xE0, 0xD7, 0x77, 0x20, 0xAE, 0x0D,
  0x77, 0x72, 0x0A, 0xE0, 0xD7, 0x77, 0x20, 0xAE, 0x0D, 0x77, 0x72, 0x0A, 0xE0, 0xD7, 0x77, 0x20,
  0xAE, 0x0D, 0x77, 0x72, 0x0A, 0xE0, 0xD7, 0x77, 0x20, 0xAE, 0x0D, 0x77, 0x72, 0x0A, 0xE0, 0xD7,
  0x77, 0x20, 0xAE, 0x0D, 0x77, 0x72, 0x0A, 0xE0, 0xD7, 0x77, 0x20, 0xAE, 0x0D, 0x77, 0x72, 0x0A,
  0xE0, 0xD7, 0x77, 0x20, 0xBE, 0x0C, 0x77, 0x72, 0x0C, 0xE0, 0xB7, 0x77, 0x2F, 0x09, 0x77, 0x71,
  0x05, 0xF0, 0x67, 0x77, 0x10, 0xDF, 0x03, 0x77, 0x60, 0x20, 0xCF, 0x0D, 0x75, 0x87, 0xBD, 0x97,
  0x54, 0x46, 0xAF, 0xA0, 0x77, 0x50, 0xBF, 0xFA, 0x0E, 0x01, 0x75, 0x0B, 0xFF, 0xA0, 0x57, 0x60,
  0xBF, 0xF9, 0x08, 0x77, 0x0B, 0xFF, 0x07, 0x77, 0x10, 0xBF, 0xD0, 0xA0, 0x37, 0x72, 0x89, 0x31,
  0x59, 0xBD, 0xEF, 0xED, 0xCA, 0x62, 0x77, 0x40,
  // "Ķ" (U+0136), RLE, 1230 bytes saved (68.3%)
  0x0A, 0xF0, 0x17, 0x77, 0x40, 0x30, 0xEF, 0x81, 0xC0, 0xAF, 0x01, 0x77, 0x73, 0x02, 0x0E, 0xF8,
  0x2D, 0x10, 0xAF, 0x01, 0x77, 0x72, 0x01, 0x0D, 0xF0, 0xD0, 0x12, 0x0A, 0xF0, 0x17, 0x77, 0x20,
  0xCF, 0x0E, 0x02, 0x30, 0xAF, 0x01, 0x77, 0x71, 0x0B, 0xF9, 0x03, 0x40, 0xAF, 0x01, 0x77, 0x70,
  0x9F, 0x90, 0x45, 0x0A, 0xF0, 0x17, 0x76, 0x08, 0xF9, 0x06, 0x60, 0xAF, 0x01, 0x77, 0x50, 0x6F,
  0x90, 0x77, 0x0A, 0xF0, 0x17, 0x74, 0x05, 0xF9, 0x09, 0x71, 0x0A, 0xF0, 0x17, 0x73, 0x03, 0xF9,
  0x0A, 0x72, 0x0A, 0xF0, 0x17, 0x72, 0x02, 0x0E, 0xF0, 0xB7, 0x30, 0xAF, 0x01, 0x77, 0x10, 0x10,
  0xDF, 0x0C, 0x74, 0x0A, 0xF0, 0x17, 0x71, 0x0C, 0xF0, 0xD0, 0x17, 0x40, 0xAF, 0x01, 0x77, 0x0B,
  0xF0, 0xE0, 0x27, 0x50, 0xAF, 0x01, 0x76, 0x0A, 0xF0, 0xE0, 0x37, 0x60, 0xAF, 0x01, 0x75, 0x08,
  0xF9, 0x04, 0x77, 0x0A, 0xF0, 0x17, 0x40, 0x7F, 0x90, 0x57, 0x71, 0x0A, 0xF0, 0x17, 0x30, 0x5F,
  0x90, 0x67, 0x72, 0x0A, 0xF0, 0x17, 0x20, 0x4F, 0x90, 0x87, 0x73, 0x0A, 0xF0, 0x17, 0x10, 0x30,
  0xEF, 0x09, 0x77, 0x40, 0xAF, 0x01, 0x70, 0x20, 0xEF, 0x0A, 0x77, 0x50, 0xAF, 0x01, 0x60, 0x10,
  0xDF, 0x0B, 0x77, 0x60, 0xAF, 0x01, 0x60, 0xCF, 0x0C, 0x01, 0x77, 0x60, 0xAF, 0x01, 0x50, 0xBF,
  0x0D, 0x01, 0x77, 0x70, 0xAF, 0x01, 0x40, 0xAF, 0x0E, 0x02, 0x77, 0x71, 0x0A, 0xF0, 0x13, 0x09,
  0xF0, 0xE0, 0x37, 0x77, 0x20, 0xAF, 0x01, 0x20, 0x7F, 0x90, 0x47, 0x77, 0x30, 0xAF, 0x81, 0x10,
  0x5F, 0xA0, 0x67, 0x77, 0x30, 0xAF, 0x01, 0x04, 0xFC, 0x03, 0x77, 0x72, 0x0A, 0xF0, 0x40, 0xEF,
  0xC0, 0xD7, 0x77, 0x20, 0xAF, 0x0E, 0xFE, 0x0A, 0x77, 0x71, 0x0A, 0xFF, 0xF9, 0x06, 0x77, 0x70,
  0xAF, 0xD0, 0xC0, 0x6F, 0x90, 0xE0, 0x27, 0x76, 0x0A, 0xFC, 0x0A, 0x20, 0x9F, 0x90, 0xC7, 0x76,
  0x0A, 0xFB, 0x08, 0x40, 0xCF, 0x90, 0x97, 0x75, 0x0A, 0xFA, 0x06, 0x50, 0x20, 0xEF, 0x90, 0x57,
  0x74, 0x0A, 0xF0, 0xE0, 0x47, 0x05, 0xF9, 0x0E, 0x02, 0x77, 0x30, 0xAF, 0x03, 0x72, 0x09, 0xF9,
  0x0C, 0x77, 0x30, 0xAF, 0x01, 0x73, 0x0C, 0xF9, 0x08, 0x77, 0x20, 0xAF, 0x01, 0x73, 0x02, 0x0E,
  0xF9, 0x04, 0x77, 0x10, 0xAF, 0x01, 0x74, 0x05, 0xF9, 0x0E, 0x01, 0x77, 0x0A, 0xF0, 0x17, 0x50,
  0x8F, 0x90, 0xC7, 0x70, 0xAF, 0x01, 0x76, 0x0C, 0xF9, 0x08, 0x76, 0x0A, 0xF0, 0x17, 0x60, 0x10,
  0xEF, 0x90, 0x47, 0x50, 0xAF, 0x01, 0x77, 0x04, 0xF9, 0x0E, 0x01, 0x74, 0x0A, 0xF0, 0x17, 0x71,
  0x08, 0xF9, 0x0B, 0x74, 0x0A, 0xF0, 0x17, 0x72, 0x0C, 0xF9, 0x07, 0x73, 0x0A, 0xF0, 0x17, 0x72,
  0x01, 0x0E, 0xF9, 0x03, 0x72, 0x0A, 0xF0, 0x17, 0x73, 0x04, 0xF9, 0x0D, 0x01, 0x71, 0x0A, 0xF0,
  0x17, 0x74, 0x08, 0xF9, 0x0B, 0x71, 0x0A, 0xF0, 0x17, 0x75, 0x0B, 0xF9, 0x07, 0x70, 0xAF, 0x01,
  0x77, 0x50, 0x10, 0xEF, 0x90, 0x36, 0x0A, 0xF0, 0x17, 0x76, 0x04, 0xF9, 0x0D, 0x01, 0x50, 0xAF,
  0x01, 0x77, 0x70, 0x8F, 0x90, 0xA5, 0x0A, 0xF0, 0x17, 0x77, 0x10, 0xBF, 0x90, 0x64, 0x0A, 0xF0,
  0x17, 0x77, 0x10, 0x10, 0xEF, 0x90, 0x23, 0x0A, 0xF0, 0x17, 0x77, 0x20, 0x4F, 0x90, 0xD3, 0x0A,
  0xF0, 0x17, 0x77, 0x30, 0x7F, 0x90, 0x92, 0x0A, 0xF0, 0x17, 0x77, 0x40, 0xBF, 0x98, 0x15, 0x0A,
  0xF0, 0x17, 0x77, 0x40, 0x10, 0xEF, 0x81, 0xE2, 0xAF, 0x01, 0x77, 0x75, 0x04, 0xF9, 0x0C, 0x80,
  0xBD, 0x70, 0x0A, 0xE0, 0xD8, 0x0C, 0x10, 0x0C, 0xE0, 0xA8, 0x0C, 0x10, 0x0E, 0xE0, 0x58, 0x0C,
  0x00, 0x03, 0xE0, 0xE8, 0x0C, 0x10, 0x06, 0xE0, 0x98, 0x0C, 0x10, 0x0A, 0xE0, 0x28, 0x0C, 0x10,
  0x0E, 0xD0, 0x98, 0x0C, 0x10, 0x03, 0xE0, 0x28, 0x0C, 0x10, 0x08, 0xD0, 0x98, 0x0C, 0x20, 0x0C,
  0xC0, 0xE0, 0x18, 0x0C, 0x10, 0x02, 0xD0, 0x68, 0x0C, 0x20, 0x08, 0xC0, 0xC8, 0x0C, 0x30, 0x0E,
  0xB0, 0xE0, 0x28, 0x0C, 0x20, 0x01, 0xC0, 0x57, 0x77, 0x40,
  // "ķ" (U+0137), RLE, 1078 bytes saved (67.5%)
  0x0A, 0xE0, 0xC7, 0x77, 0x72, 0x0A, 0xE0, 0xC7, 0x77, 0x72, 0x0A, 0xE0, 0xC7, 0x77, 0x72, 0x0A,
  0xE0, 0xC7, 0x77, 0x72, 0x0A, 0xE0, 0xC7, 0x77, 0x72, 0x0A, 0xE0, 0xC7, 0x77, 0x72, 0x0A, 0xE0,
  0xC7, 0x77, 0x72, 0x0A, 0xE0, 0xC7, 0x77, 0x72, 0x0A, 0xE0, 0xC7, 0x77, 0x72, 0x0A, 0xE0, 0xC7,
  0x77, 0x72, 0x0A, 0xE0, 0xC7, 0x77, 0x72, 0x0A, 0xE0, 0xC7, 0x77, 0x72, 0x0A, 0xE0, 0xC7, 0x77,
  0x72, 0x0A, 0xE0, 0xC7, 0x77, 0x72, 0x0A, 0xE0, 0xC7, 0x77, 0x72, 0x0A, 0xE0, 0xC7, 0x77, 0x72,
  0x0A, 0xE0, 0xC7, 0x77, 0x72, 0x0A, 0xE0, 0xC7, 0x77, 0x72, 0x0A, 0xE0, 0xC7, 0x77, 0x72, 0x0A,
  0xE0, 0xC7, 0x75, 0x07, 0xF9, 0x81, 0x60, 0xAE, 0x0C, 0x77, 0x40, 0x6F, 0x90, 0x72, 0x0A, 0xE0,
  0xC7, 0x73, 0x05, 0xF9, 0x08, 0x30, 0xAE, 0x0C, 0x77, 0x20, 0x4F, 0x90, 0x94, 0x0A, 0xE0, 0xC7,
  0x71, 0x03, 0x0E, 0xF0, 0xA5, 0x0A, 0xE0, 0xC7, 0x70, 0x30, 0xEF, 0x0A, 0x60, 0xAE, 0x0C, 0x76,
  0x02, 0x0E, 0xF0, 0xB7, 0x0A, 0xE0, 0xC7, 0x50, 0x10, 0xDF, 0x0C, 0x71, 0x0A, 0xE0, 0xC7, 0x40,
  0x10, 0xDF, 0x0D, 0x01, 0x71, 0x0A, 0xE0, 0xC7, 0x40, 0xCF, 0x0D, 0x01, 0x72, 0x0A, 0xE0, 0xC7,
  0x30, 0xBF, 0x0E, 0x02, 0x73, 0x0A, 0xE0, 0xC7, 0x20, 0xBF, 0x0E, 0x02, 0x74, 0x0A, 0xE0, 0xC7,
  0x10, 0xAF, 0x0E, 0x03, 0x75, 0x0A, 0xE0, 0xC7, 0x09, 0xF9, 0x04, 0x76, 0x0A, 0xE0, 0xC6, 0x08,
  0xF9, 0x05, 0x77, 0x0A, 0xE0, 0xC5, 0x07, 0xF9, 0x06, 0x77, 0x10, 0xAE, 0x0B, 0x40, 0x5F, 0x90,
  0x77, 0x72, 0x0A, 0xE0, 0xB3, 0x03, 0xF9, 0x08, 0x77, 0x30, 0xAE, 0x0A, 0x20, 0x10, 0xDF, 0x09,
  0x77, 0x40, 0xAE, 0x09, 0x20, 0xBF, 0x0A, 0x77, 0x50, 0xAE, 0x81, 0x80, 0x8F, 0x90, 0x97, 0x75,
  0x0A, 0xE0, 0x70, 0x5F, 0xB0, 0x57, 0x74, 0x0A, 0xE0, 0xA0, 0xEF, 0xB0, 0xE0, 0x27, 0x73, 0x0A,
  0xFF, 0xD0, 0xD7, 0x73, 0x0A, 0xFF, 0xE0, 0xA7, 0x72, 0x0A, 0xFB, 0x81, 0xE4, 0x7F, 0x90, 0x67,
  0x71, 0x0A, 0xFA, 0x0D, 0x02, 0x20, 0xAF, 0x90, 0x37, 0x70, 0xAF, 0x90, 0xC0, 0x13, 0x01, 0x0D,
  0xF0, 0xD0, 0x17, 0x60, 0xAF, 0x0A, 0x60, 0x3F, 0x90, 0xB7, 0x60, 0xAE, 0x0D, 0x71, 0x06, 0xF9,
  0x07, 0x75, 0x0A, 0xE0, 0xC7, 0x20, 0xAF, 0x90, 0x47, 0x40, 0xAE, 0x0C, 0x73, 0x0D, 0xF0, 0xE0,
  0x17, 0x30, 0xAE, 0x0C, 0x73, 0x03, 0xF9, 0x0C, 0x73, 0x0A, 0xE0, 0xC7, 0x40, 0x6F, 0x90, 0x87,
  0x20, 0xAE, 0x0C, 0x75, 0x0A, 0xF9, 0x05, 0x71, 0x0A, 0xE0, 0xC7, 0x60, 0xDF, 0x0E, 0x02, 0x70,
  0xAE, 0x0C, 0x76, 0x02, 0xF9, 0x0C, 0x70, 0xAE, 0x0C, 0x77, 0x06, 0xF9, 0x09, 0x60, 0xAE, 0x0C,
  0x77, 0x10, 0x9F, 0x90, 0x65, 0x0A, 0xE0, 0xC7, 0x72, 0x0D, 0xF9, 0x03, 0x40, 0xAE, 0x0C, 0x77,
  0x20, 0x20, 0xEF, 0x0D, 0x01, 0x30, 0xAE, 0x0C, 0x77, 0x30, 0x5F, 0x90, 0xA3, 0x0A, 0xE0, 0xC7,
  0x74, 0x09, 0xF9, 0x07, 0x20, 0xAE, 0x0C, 0x77, 0x50, 0xCF, 0x98, 0x13, 0x0A, 0xE0, 0xC7, 0x75,
  0x02, 0x0E, 0xF8, 0x1E, 0x1A, 0xE0, 0xC7, 0x76, 0x05, 0xF9, 0x0B, 0x80, 0xB8, 0x70, 0x01, 0xF0,
  0x77, 0x77, 0x71, 0x03, 0xF0, 0x47, 0x77, 0x71, 0x06, 0xE0, 0xE7, 0x77, 0x72, 0x09, 0xE0, 0x87,
  0x77, 0x72, 0x0D, 0xE0, 0x27, 0x77, 0x71, 0x01, 0xE0, 0xA7, 0x77, 0x72, 0x06, 0xE0, 0x37, 0x77,
  0x72, 0x0A, 0xD0, 0xB7, 0x77, 0x73, 0x0E, 0xD0, 0x27, 0x77, 0x72, 0x03, 0xD0, 0x97, 0x77, 0x73,
  0x09, 0xC0, 0xE0, 0x17, 0x77, 0x73, 0x0E, 0xC0, 0x57, 0x77, 0x73, 0x05, 0xC0, 0xA7, 0x77, 0x74,
  0x08, 0xB0, 0xD0, 0x17, 0x77, 0x10,
  // "ĸ" (U+0138), RLE, 526 bytes saved (60.2%)
  0x0A, 0xF0, 0x47, 0x74, 0x0B, 0xF9, 0x81, 0x50, 0xAF, 0x04, 0x77, 0x30, 0x9F, 0x90, 0x72, 0x0A,
  0xF0, 0x47, 0x72, 0x06, 0xF9, 0x0A, 0x30, 0xAF, 0x04, 0x77, 0x10, 0x4F, 0x90, 0xC4, 0x0A, 0xF0,
  0x47, 0x70, 0x20, 0xEF, 0x0D, 0x01, 0x40, 0xAF, 0x04, 0x76, 0x01, 0x0D, 0xF0, 0xE0, 0x25, 0x0A,
  0xF0, 0x47, 0x60, 0xCF, 0x90, 0x46, 0x0A, 0xF0, 0x47, 0x50, 0x9F, 0x90, 0x67, 0x0A, 0xF0, 0x47,
  0x40, 0x7F, 0x90, 0x97, 0x10, 0xAF, 0x04, 0x73, 0x05, 0xF9, 0x0B, 0x72, 0x0A, 0xF0, 0x47, 0x20,
  0x30, 0xEF, 0x0D, 0x01, 0x72, 0x0A, 0xF0, 0x47, 0x10, 0x10, 0xDF, 0x0E, 0x02, 0x73, 0x0A, 0xF0,
  0x47, 0x10, 0xCF, 0x90, 0x37, 0x40, 0xAF, 0x04, 0x70, 0xAF, 0x90, 0x57, 0x50, 0xAF, 0x03, 0x60,
  0x8F, 0x90, 0x87, 0x60, 0xAF, 0x03, 0x50, 0x5F, 0x90, 0xA7, 0x70, 0xAF, 0x03, 0x40, 0x3F, 0x90,
  0xC7, 0x71, 0x0A, 0xF0, 0x23, 0x02, 0x0E, 0xF0, 0xD0, 0x17, 0x71, 0x0A, 0xF0, 0x23, 0x0C, 0xF0,
  0xE0, 0x37, 0x72, 0x0A, 0xF0, 0x12, 0x0B, 0xF9, 0x04, 0x77, 0x30, 0xAF, 0x20, 0x7F, 0x90, 0x87,
  0x74, 0x0A, 0xF1, 0x04, 0xFA, 0x0D, 0x77, 0x40, 0xAE, 0x81, 0xE1, 0xEF, 0xB0, 0xA7, 0x73, 0x0A,
  0xE0, 0xD0, 0xBF, 0xD0, 0x67, 0x72, 0x0A, 0xFF, 0xF0, 0x27, 0x71, 0x0A, 0xFD, 0x0D, 0x0E, 0xF0,
  0xD7, 0x71, 0x0A, 0xFC, 0x81, 0xA0, 0x4F, 0x90, 0xA7, 0x70, 0xAF, 0xB0, 0x73, 0x08, 0xF9, 0x06,
  0x76, 0x0A, 0xF9, 0x0E, 0x04, 0x50, 0xCF, 0x0E, 0x02, 0x75, 0x0A, 0xF0, 0xD0, 0x26, 0x01, 0x0E,
  0xF0, 0xD7, 0x50, 0xAF, 0x04, 0x71, 0x05, 0xF9, 0x09, 0x74, 0x0A, 0xF0, 0x47, 0x20, 0x9F, 0x90,
  0x57, 0x30, 0xAF, 0x04, 0x73, 0x0C, 0xF0, 0xE0, 0x27, 0x20, 0xAF, 0x04, 0x73, 0x02, 0x0E, 0xF0,
  0xC7, 0x20, 0xAF, 0x04, 0x74, 0x05, 0xF9, 0x09, 0x71, 0x0A, 0xF0, 0x47, 0x50, 0x9F, 0x90, 0x57,
  0x0A, 0xF0, 0x47, 0x60, 0xDF, 0x0E, 0x02, 0x60, 0xAF, 0x04, 0x76, 0x02, 0xF9, 0x0C, 0x60, 0xAF,
  0x04, 0x77, 0x06, 0xF9, 0x08, 0x50, 0xAF, 0x04, 0x77, 0x10, 0xAF, 0x90, 0x54, 0x0A, 0xF0, 0x47,
  0x71, 0x01, 0x0D, 0xF0, 0xE0, 0x13, 0x0A, 0xF0, 0x47, 0x72, 0x03, 0xF9, 0x0C, 0x30, 0xAF, 0x04,
  0x77, 0x30, 0x7F, 0x90, 0x82, 0x0A, 0xF0, 0x47, 0x74, 0x0B, 0xF9, 0x81, 0x40, 0xAF, 0x04, 0x77,
  0x40, 0x10, 0xDF, 0x81, 0xE1, 0xAF, 0x04, 0x77, 0x50, 0x3F, 0x90, 0xB0,
  // "Ĺ" (U+0139), RLE, 1146 bytes saved (76.5%)
  0x71, 0x0A, 0xF9, 0x0B, 0x77, 0x75, 0x03, 0xFA, 0x04, 0x77, 0x75, 0x0B, 0xF9, 0x08, 0x77, 0x75,
  0x05, 0xF9, 0x0B, 0x77, 0x76, 0x0D, 0xF0, 0xD0, 0x17, 0x77, 0x50, 0x8F, 0x0E, 0x02, 0x77, 0x75,
  0x03, 0xF0, 0xE0, 0x37, 0x77, 0x60, 0xCF, 0x04, 0x77, 0x76, 0x06, 0xF0, 0x57, 0x77, 0x60, 0x20,
  0xEE, 0x05, 0x77, 0x77, 0x0B, 0xE0, 0x57, 0x77, 0x70, 0x7E, 0x05, 0x77, 0x77, 0x03, 0xD0, 0xE0,
  0x47, 0x77, 0x71, 0x08, 0xC0, 0xD0, 0x28, 0x0B, 0xF2, 0x00, 0xAF, 0x01, 0x77, 0x77, 0x0A, 0xF0,
  0x17, 0x77, 0x70, 0xAF, 0x01, 0x77, 0x77, 0x0A, 0xF0, 0x17, 0x77, 0x70, 0xAF, 0x01, 0x77, 0x77,
  0x0A, 0xF0, 0x17, 0x77, 0x70, 0xAF, 0x01, 0x77, 0x77, 0x0A, 0xF0, 0x17, 0x77, 0x70, 0xAF, 0x01,
  0x77, 0x77, 0x0A, 0xF0, 0x17, 0x77, 0x70, 0xAF, 0x01, 0x77, 0x77, 0x0A, 0xF0, 0x17, 0x77, 0x70,
  0xAF, 0x01, 0x77, 0x77, 0x0A, 0xF0, 0x17, 0x77, 0x70, 0xAF, 0x01, 0x77, 0x77, 0x0A, 0xF0, 0x17,
  0x77, 0x70, 0xAF, 0x01, 0x77, 0x77, 0x0A, 0xF0, 0x17, 0x77, 0x70, 0xAF, 0x01, 0x77, 0x77, 0x0A,
  0xF0, 0x17, 0x77, 0x70, 0xAF, 0x01, 0x77, 0x77, 0x0A, 0xF0, 0x17, 0x77, 0x70, 0xAF, 0x01, 0x77,
  0x77, 0x0A, 0xF0, 0x17, 0x77, 0x70, 0xAF, 0x01, 0x77, 0x77, 0x0A, 0xF0, 0x17, 0x77, 0x70, 0xAF,
  0x01, 0x77, 0x77, 0x0A, 0xF0, 0x17, 0x77, 0x70, 0xAF, 0x01, 0x77, 0x77, 0x0A, 0xF0, 0x17, 0x77,
  0x70, 0xAF, 0x01, 0x77, 0x77, 0x0A, 0xF0, 0x17, 0x77, 0x70, 0xAF, 0x01, 0x77, 0x77, 0x0A, 0xF0,
  0x17, 0x77, 0x70, 0xAF, 0x01, 0x77, 0x77, 0x0A, 0xF0, 0x17, 0x77, 0x70, 0xAF, 0x01, 0x77, 0x77,
  0x0A, 0xF0, 0x17, 0x77, 0x70, 0xAF, 0x01, 0x77, 0x77, 0x0A, 0xF0, 0x17, 0x77, 0x70, 0xAF, 0x01,
  0x77, 0x77, 0x0A, 0xF0, 0x17, 0x77, 0x70, 0xAF, 0x01, 0x77, 0x77, 0x0A, 0xF0, 0x17, 0x77, 0x70,
  0xAF, 0x01, 0x77, 0x77, 0x0A, 0xF0, 0x17, 0x77, 0x70, 0xAF, 0x01, 0x77, 0x77, 0x0A, 0xF0, 0x17,
  0x77, 0x70, 0xAF, 0x01, 0x77, 0x77, 0x0A, 0xF0, 0x17, 0x77, 0x70, 0xAF, 0x01, 0x77, 0x77, 0x0A,
  0xF0, 0x17, 0x77, 0x70, 0xAF, 0x01, 0x77, 0x77, 0x0A, 0xF0, 0x17, 0x77, 0x70, 0xAF, 0x05, 0x80,
  0xA5, 0x40, 0x32, 0x0A, 0xFF, 0xFF, 0xD0, 0xE2, 0x0A, 0xFF, 0xFF, 0xD0, 0xE2, 0x0A, 0xFF, 0xFF,
  0xD0, 0xE2, 0x0A, 0xFF, 0xFF, 0xD0, 0xE2, 0x0A, 0xFF, 0xFF, 0xD0, 0xE2, 0x0A, 0xFF, 0xFF, 0xD0,
  0xE0,
  // "ĺ" (U+013A), RLE, 480 bytes saved (62.7%)
  0x71, 0x0A, 0xF9, 0x0B, 0x70, 0x3F, 0xA0, 0x47, 0x0B, 0xF9, 0x08, 0x70, 0x5F, 0x90, 0xB7, 0x10,
  0xDF, 0x0D, 0x01, 0x70, 0x8F, 0x0E, 0x02, 0x70, 0x3F, 0x0E, 0x03, 0x71, 0x0C, 0xF0, 0x47, 0x10,
  0x6F, 0x05, 0x71, 0x02, 0x0E, 0xE0, 0x57, 0x20, 0xBE, 0x05, 0x72, 0x07, 0xE0, 0x57, 0x20, 0x3D,
  0x0E, 0x04, 0x73, 0x08, 0xC0, 0xD0, 0x28, 0x09, 0xE4, 0x00, 0xAE, 0x0D, 0x73, 0x0A, 0xE0, 0xD7,
  0x30, 0xAE, 0x0D, 0x73, 0x0A, 0xE0, 0xD7, 0x30, 0xAE, 0x0D, 0x73, 0x0A, 0xE0, 0xD7, 0x30, 0xAE,
  0x0D, 0x73, 0x0A, 0xE0, 0xD7, 0x30, 0xAE, 0x0D, 0x73, 0x0A, 0xE0, 0xD7, 0x30, 0xAE, 0x0D, 0x73,
  0x0A, 0xE0, 0xD7, 0x30, 0xAE, 0x0D, 0x73, 0x0A, 0xE0, 0xD7, 0x30, 0xAE, 0x0D, 0x73, 0x0A, 0xE0,
  0xD7, 0x30, 0xAE, 0x0D, 0x73, 0x0A, 0xE0, 0xD7, 0x30, 0xAE, 0x0D, 0x73, 0x0A, 0xE0, 0xD7, 0x30,
  0xAE, 0x0D, 0x73, 0x0A, 0xE0, 0xD7, 0x30, 0xAE, 0x0D, 0x73, 0x0A, 0xE0, 0xD7, 0x30, 0xAE, 0x0D,
  0x73, 0x0A, 0xE0, 0xD7, 0x30, 0xAE, 0x0D, 0x73, 0x0A, 0xE0, 0xD7, 0x30, 0xAE, 0x0D, 0x73, 0x0A,
  0xE0, 0xD7, 0x30, 0xAE, 0x0D, 0x73, 0x0A, 0xE0, 0xD7, 0x30, 0xAE, 0x0D, 0x73, 0x0A, 0xE0, 0xD7,
  0x30, 0xAE, 0x0D, 0x73, 0x0A, 0xE0, 0xD7, 0x30, 0xAE, 0x0D, 0x73, 0x0A, 0xE0, 0xD7, 0x30, 0xAE,
  0x0D, 0x73, 0x0A, 0xE0, 0xD7, 0x30, 0xAE, 0x0D, 0x73, 0x0A, 0xE0, 0xD7, 0x30, 0xAE, 0x0D, 0x73,
  0x0A, 0xE0, 0xD7, 0x30, 0xAE, 0x0D, 0x73, 0x0A, 0xE0, 0xD7, 0x30, 0xAE, 0x0D, 0x73, 0x0A, 0xE0,
  0xD7, 0x30, 0xAE, 0x0D, 0x73, 0x0A, 0xE0, 0xD7, 0x30, 0xAE, 0x0D, 0x73, 0x0A, 0xE0, 0xD7, 0x30,
  0xAE, 0x0D, 0x73, 0x0A, 0xE0, 0xD7, 0x30, 0xAE, 0x0D, 0x73, 0x0A, 0xE0, 0xD7, 0x30, 0xAE, 0x0D,
  0x73, 0x0A, 0xE0, 0xD7, 0x30, 0xAE, 0x0D, 0x73, 0x0A, 0xE0, 0xD7, 0x30, 0xAE, 0x0D, 0x73, 0x0A,
  0xE0, 0xD7, 0x30, 0xAE, 0x0D, 0x73, 0x0A, 0xE0, 0xD7, 0x30, 0xAE, 0x0D, 0x72,
  // "Ļ" (U+013B), RLE, 1058 bytes saved (75.6%)
  0x0A, 0xF0, 0x17, 0x77, 0x50, 0xAF, 0x01, 0x77, 0x75, 0x0A, 0xF0, 0x17, 0x77, 0x50, 0xAF, 0x01,
  0x77, 0x75, 0x0A, 0xF0, 0x17, 0x77, 0x50, 0xAF, 0x01, 0x77, 0x75, 0x0A, 0xF0, 0x17, 0x77, 0x50,
  0xAF, 0x01, 0x77, 0x75, 0x0A, 0xF0, 0x17, 0x77, 0x50, 0xAF, 0x01, 0x77, 0x75, 0x0A, 0xF0, 0x17,
  0x77, 0x50, 0xAF, 0x01, 0x77, 0x75, 0x0A, 0xF0, 0x17, 0x77, 0x50, 0xAF, 0x01, 0x77, 0x75, 0x0A,
  0xF0, 0x17, 0x77, 0x50, 0xAF, 0x01, 0x77, 0x75, 0x0A, 0xF0, 0x17, 0x77, 0x50, 0xAF, 0x01, 0x77,
  0x75, 0x0A, 0xF0, 0x17, 0x77, 0x50, 0xAF, 0x01, 0x77, 0x75, 0x0A, 0xF0, 0x17, 0x77, 0x50, 0xAF,
  0x01, 0x77, 0x75, 0x0A, 0xF0, 0x17, 0x77, 0x50, 0xAF, 0x01, 0x77, 0x75, 0x0A, 0xF0, 0x17, 0x77,
  0x50, 0xAF, 0x01, 0x77, 0x75, 0x0A, 0xF0, 0x17, 0x77, 0x50, 0xAF, 0x01, 0x77, 0x75, 0x0A, 0xF0,
  0x17, 0x77, 0x50, 0xAF, 0x01, 0x77, 0x75, 0x0A, 0xF0, 0x17, 0x77, 0x50, 0xAF, 0x01, 0x77, 0x75,
  0x0A, 0xF0, 0x17, 0x77, 0x50, 0xAF, 0x01, 0x77, 0x75, 0x0A, 0xF0, 0x17, 0x77, 0x50, 0xAF, 0x01,
  0x77, 0x75, 0x0A, 0xF0, 0x17, 0x77, 0x50, 0xAF, 0x01, 0x77, 0x75, 0x0A, 0xF0, 0x17, 0x77, 0x50,
  0xAF, 0x01, 0x77, 0x75, 0x0A, 0xF0, 0x17, 0x77, 0x50, 0xAF, 0x01, 0x77, 0x75, 0x0A, 0xF0, 0x17,
  0x77, 0x50, 0xAF, 0x01, 0x77, 0x75, 0x0A, 0xF0, 0x17, 0x77, 0x50, 0xAF, 0x01, 0x77, 0x75, 0x0A,
  0xF0, 0x17, 0x77, 0x50, 0xAF, 0x01, 0x77, 0x75, 0x0A, 0xF0, 0x17, 0x77, 0x50, 0xAF, 0x01, 0x77,
  0x75, 0x0A, 0xF0, 0x17, 0x77, 0x50, 0xAF, 0x01, 0x77, 0x75, 0x0A, 0xF0, 0x17, 0x77, 0x50, 0xAF,
  0x01, 0x77, 0x75, 0x0A, 0xF0, 0x58, 0x0A, 0x54, 0x03, 0x0A, 0xFF, 0xFF, 0xD0, 0xE0, 0xAF, 0xFF,
  0xFD, 0x0E, 0x0A, 0xFF, 0xFF, 0xD0, 0xE0, 0xAF, 0xFF, 0xFD, 0x0E, 0x0A, 0xFF, 0xFF, 0xD0, 0xE0,
  0xAF, 0xFF, 0xFD, 0x0E, 0x80, 0xAF, 0x20, 0x03, 0xF0, 0x47, 0x77, 0x50, 0x5F, 0x01, 0x77, 0x75,
  0x08, 0xE0, 0xC7, 0x77, 0x60, 0xCE, 0x06, 0x77, 0x76, 0xE0, 0xE7, 0x77, 0x60, 0x4E, 0x08, 0x77,
  0x76, 0x08, 0xE0, 0x17, 0x77, 0x60, 0xCD, 0x08, 0x77, 0x76, 0x01, 0xD0, 0xE0, 0x17, 0x77, 0x60,
  0x6D, 0x07, 0x77, 0x77, 0x0B, 0xC0, 0xC7, 0x77, 0x70, 0x1D, 0x03, 0x77, 0x77, 0x07, 0xC0, 0x87,
  0x77, 0x71, 0x0A, 0xB0, 0xC7, 0x74,
  // "ļ" (U+013C), RLE, 263 bytes saved (52.2%)
  0x20, 0xAE, 0x0D, 0x40, 0xAE, 0x0D, 0x40, 0xAE, 0x0D, 0x40, 0xAE, 0x0D, 0x40, 0xAE, 0x0D, 0x40,
  0xAE, 0x0D, 0x40, 0xAE, 0x0D, 0x40, 0xAE, 0x0D, 0x40, 0xAE, 0x0D, 0x40, 0xAE, 0x0D, 0x40, 0xAE,
  0x0D, 0x40, 0xAE, 0x0D, 0x40, 0xAE, 0x0D, 0x40, 0xAE, 0x0D, 0x40, 0xAE, 0x0D, 0x40, 0xAE, 0x0D,
  0x40, 0xAE, 0x0D, 0x40, 0xAE, 0x0D, 0x40, 0xAE, 0x0D, 0x40, 0xAE, 0x0D, 0x40, 0xAE, 0x0D, 0x40,
  0xAE, 0x0D, 0x40, 0xAE, 0x0D, 0x40, 0xAE, 0x0D, 0x40, 0xAE, 0x0D, 0x40, 0xAE, 0x0D, 0x40, 0xAE,
  0x0D, 0x40, 0xAE, 0x0D, 0x40, 0xAE, 0x0D, 0x40, 0xAE, 0x0D, 0x40, 0xAE, 0x0D, 0x40, 0xAE, 0x0D,
  0x40, 0xAE, 0x0D, 0x40, 0xAE, 0x0D, 0x40, 0xAE, 0x0D, 0x40, 0xAE, 0x0D, 0x40, 0xAE, 0x0D, 0x40,
  0xAE, 0x0D, 0x40, 0xAE, 0x0D, 0x40, 0xAE, 0x0D, 0x40, 0xAE, 0x0D, 0x40, 0xAE, 0x0D, 0x40, 0xAE,
  0x0D, 0x40, 0xAE, 0x0D, 0x40, 0xAE, 0x0D, 0x40, 0xAE, 0x0D, 0x40, 0xAE, 0x0D, 0x40, 0xAE, 0x0D,
  0x40, 0xAE, 0x0D, 0x40, 0xAE, 0x0D, 0x40, 0xAE, 0x0D, 0x40, 0xAE, 0x0D, 0x40, 0xAE, 0x0D, 0x40,
  0xAE, 0x0D, 0x40, 0xAE, 0x0D, 0x40, 0xAE, 0x0D, 0x40, 0xAE, 0x0D, 0x40, 0xAE, 0x0D, 0x40, 0xAE,
  0x0D, 0x40, 0xAE, 0x0D, 0x40, 0xAE, 0x0D, 0x40, 0xAE, 0x0D, 0x40, 0xAE, 0x0D, 0x40, 0xAE, 0x0D,
  0x40, 0xAE, 0x0D, 0x80, 0xF6, 0x00, 0xEE, 0x09, 0x30, 0x1F, 0x06, 0x30, 0x4F, 0x01, 0x30, 0x7E,
  0x0A, 0x40, 0xBE, 0x04, 0x40, 0xED, 0x0C, 0x40, 0x4E, 0x05, 0x40, 0x8D, 0x0D, 0x50, 0xCD, 0x04,
  0x40, 0x1D, 0x0B, 0x50, 0x7D, 0x02, 0x50, 0xCC, 0x07, 0x50, 0x3C, 0x0C, 0x60, 0x6B, 0x0E, 0x02,
  0x60,
  // "Ľ" (U+013D), RLE, 758 bytes saved (71.0%)
  0x0A, 0xF0, 0x17, 0x74, 0x09, 0xE0, 0xD0, 0xAF, 0x01, 0x77, 0x40, 0xBE, 0x0B, 0x0A, 0xF0, 0x17,
  0x74, 0x0E, 0xE0, 0x60, 0xAF, 0x01, 0x77, 0x30, 0x1F, 0x01, 0x0A, 0xF0, 0x17, 0x73, 0x04, 0xE8,
  0x1A, 0x0A, 0xF0, 0x17, 0x73, 0x07, 0xE8, 0x13, 0x0A, 0xF0, 0x17, 0x73, 0x0B, 0xD0, 0xC2, 0x0A,
  0xF0, 0x17, 0x73, 0x0E, 0xD0, 0x52, 0x0A, 0xF0, 0x17, 0x72, 0x02, 0xD0, 0xC3, 0x0A, 0xF0, 0x17,
  0x72, 0x06, 0xD0, 0x53, 0x0A, 0xF0, 0x17, 0x72, 0x0A, 0xC0, 0xC4, 0x0A, 0xF0, 0x17, 0x72, 0x0E,
  0xC0, 0x34, 0x0A, 0xF0, 0x17, 0x71, 0x04, 0xC0, 0xA5, 0x0A, 0xF0, 0x17, 0x71, 0x06, 0xB0, 0xE0,
  0x15, 0x0A, 0xF0, 0x17, 0x77, 0x50, 0xAF, 0x01, 0x77, 0x75, 0x0A, 0xF0, 0x17, 0x77, 0x50, 0xAF,
  0x01, 0x77, 0x75, 0x0A, 0xF0, 0x17, 0x77, 0x50, 0xAF, 0x01, 0x77, 0x75, 0x0A, 0xF0, 0x17, 0x77,
  0x50, 0xAF, 0x01, 0x77, 0x75, 0x0A, 0xF0, 0x17, 0x77, 0x50, 0xAF, 0x01, 0x77, 0x75, 0x0A, 0xF0,
  0x17, 0x77, 0x50, 0xAF, 0x01, 0x77, 0x75, 0x0A, 0xF0, 0x17, 0x77, 0x50, 0xAF, 0x01, 0x77, 0x75,
  0x0A, 0xF0, 0x17, 0x77, 0x50, 0xAF, 0x01, 0x77, 0x75, 0x0A, 0xF0, 0x17, 0x77, 0x50, 0xAF, 0x01,
  0x77, 0x75, 0x0A, 0xF0, 0x17, 0x77, 0x50, 0xAF, 0x01, 0x77, 0x75, 0x0A, 0xF0, 0x17, 0x77, 0x50,
  0xAF, 0x01, 0x77, 0x75, 0x0A, 0xF0, 0x17, 0x77, 0x50, 0xAF, 0x01, 0x77, 0x75, 0x0A, 0xF0, 0x17,
  0x77, 0x50, 0xAF, 0x01, 0x77, 0x75, 0x0A, 0xF0, 0x17, 0x77, 0x50, 0xAF, 0x01, 0x77, 0x75, 0x0A,
  0xF0, 0x17, 0x77, 0x50, 0xAF, 0x01, 0x77, 0x75, 0x0A, 0xF0, 0x17, 0x77, 0x50, 0xAF, 0x01, 0x77,
  0x75, 0x0A, 0xF0, 0x17, 0x77, 0x50, 0xAF, 0x01, 0x77, 0x75, 0x0A, 0xF0, 0x17, 0x77, 0x50, 0xAF,
  0x01, 0x77, 0x75, 0x0A, 0xF0, 0x17, 0x77, 0x50, 0xAF, 0x01, 0x77, 0x75, 0x0A, 0xF0, 0x17, 0x77,
  0x50, 0xAF, 0x01, 0x77, 0x75, 0x0A, 0xF0, 0x58, 0x0A, 0x54, 0x03, 0x0A, 0xFF, 0xFF, 0xD0, 0xE0,
  0xAF, 0xFF, 0xFD, 0x0E, 0x0A, 0xFF, 0xFF, 0xD0, 0xE0, 0xAF, 0xFF, 0xFD, 0x0E, 0x0A, 0xFF, 0xFF,
  0xD0, 0xE0, 0xAF, 0xFF, 0xFD, 0x0E,
  // "ľ" (U+013E), RLE, 456 bytes saved (63.8%)
  0x0A, 0xE0, 0xD6, 0x08, 0xF0, 0xAE, 0x0D, 0x60, 0xAE, 0x0C, 0x0A, 0xE0, 0xD6, 0x0D, 0xE0, 0x70,
  0xAE, 0x0D, 0x6F, 0x01, 0x0A, 0xE0, 0xD5, 0x03, 0xE8, 0x1B, 0x0A, 0xE0, 0xD5, 0x06, 0xE8, 0x14,
  0x0A, 0xE0, 0xD5, 0x0A, 0xD0, 0xD2, 0x0A, 0xE0, 0xD5, 0x0D, 0xD0, 0x52, 0x0A, 0xE0, 0xD4, 0x01,
  0xD0, 0xD3, 0x0A, 0xE0, 0xD4, 0x05, 0xD0, 0x63, 0x0A, 0xE0, 0xD4, 0x09, 0xC0, 0xD4, 0x0A, 0xE0,
  0xD4, 0x0D, 0xC0, 0x44, 0x0A, 0xE0, 0xD3, 0x03, 0xC0, 0xB5, 0x0A, 0xE0, 0xD3, 0x05, 0xC0, 0x25,
  0x0A, 0xE0, 0xD7, 0x70, 0xAE, 0x0D, 0x77, 0x0A, 0xE0, 0xD7, 0x70, 0xAE, 0x0D, 0x77, 0x0A, 0xE0,
  0xD7, 0x70, 0xAE, 0x0D, 0x77, 0x0A, 0xE0, 0xD7, 0x70, 0xAE, 0x0D, 0x77, 0x0A, 0xE0, 0xD7, 0x70,
  0xAE, 0x0D, 0x77, 0x0A, 0xE0, 0xD7, 0x70, 0xAE, 0x0D, 0x77, 0x0A, 0xE0, 0xD7, 0x70, 0xAE, 0x0D,
  0x77, 0x0A, 0xE0, 0xD7, 0x70, 0xAE, 0x0D, 0x77, 0x0A, 0xE0, 0xD7, 0x70, 0xAE, 0x0D, 0x77, 0x0A,
  0xE0, 0xD7, 0x70, 0xAE, 0x0D, 0x77, 0x0A, 0xE0, 0xD7, 0x70, 0xAE, 0x0D, 0x77, 0x0A, 0xE0, 0xD7,
  0x70, 0xAE, 0x0D, 0x77, 0x0A, 0xE0, 0xD7, 0x70, 0xAE, 0x0D, 0x77, 0x0A, 0xE0, 0xD7, 0x70, 0xAE,
  0x0D, 0x77, 0x0A, 0xE0, 0xD7, 0x70, 0xAE, 0x0D, 0x77, 0x0A, 0xE0, 0xD7, 0x70, 0xAE, 0x0D, 0x77,
  0x0A, 0xE0, 0xD7, 0x70, 0xAE, 0x0D, 0x77, 0x0A, 0xE0, 0xD7, 0x70, 0xAE, 0x0D, 0x77, 0x0A, 0xE0,
  0xD7, 0x70, 0xAE, 0x0D, 0x77, 0x0A, 0xE0, 0xD7, 0x70, 0xAE, 0x0D, 0x77, 0x0A, 0xE0, 0xD7, 0x70,
  0xAE, 0x0D, 0x77, 0x0A, 0xE0, 0xD7, 0x70, 0xAE, 0x0D, 0x77, 0x0A, 0xE0, 0xD7, 0x70, 0xAE, 0x0D,
  0x77, 0x0A, 0xE0, 0xD7, 0x70, 0xAE, 0x0D, 0x77, 0x0A, 0xE0, 0xD7, 0x70, 0xAE, 0x0D, 0x77, 0x0A,
  0xE0, 0xD7, 0x70,
  // "Ŀ" (U+013F), RLE, 765 bytes saved (71.6%)
  0x0A, 0xF0, 0x17, 0x77, 0x50, 0xAF, 0x01, 0x77, 0x75, 0x0A, 0xF0, 0x17, 0x77, 0x50, 0xAF, 0x01,
  0x77, 0x75, 0x0A, 0xF0, 0x17, 0x77, 0x50, 0xAF, 0x01, 0x77, 0x75, 0x0A, 0xF0, 0x17, 0x77, 0x50,
  0xAF, 0x01, 0x77, 0x75, 0x0A, 0xF0, 0x17, 0x77, 0x50, 0xAF, 0x01, 0x77, 0x75, 0x0A, 0xF0, 0x17,
  0x77, 0x50, 0xAF, 0x01, 0x77, 0x75, 0x0A, 0xF0, 0x17, 0x77, 0x50, 0xAF, 0x01, 0x77, 0x75, 0x0A,
  0xF0, 0x17, 0x77, 0x50, 0xAF, 0x01, 0x77, 0x75, 0x0A, 0xF0, 0x17, 0x77, 0x50, 0xAF, 0x01, 0x77,
  0x75, 0x0A, 0xF0, 0x17, 0x77, 0x50, 0xAF, 0x01, 0x77, 0x75, 0x0A, 0xF0, 0x17, 0x77, 0x50, 0xAF,
  0x01, 0x77, 0x75, 0x0A, 0xF0, 0x17, 0x77, 0x50, 0xAF, 0x01, 0x77, 0x75, 0x0A, 0xF0, 0x17, 0x77,
  0x50, 0xAF, 0x01, 0x76, 0x84, 0x5C, 0xEE, 0xA2, 0x70, 0xAF, 0x01, 0x75, 0x07, 0xD0, 0xE0, 0x36,
  0x0A, 0xF0, 0x17, 0x40, 0x2F, 0x0C, 0x60, 0xAF, 0x01, 0x74, 0x06, 0xF9, 0x02, 0x50, 0xAF, 0x01,
  0x74, 0x08, 0xF9, 0x04, 0x50, 0xAF, 0x01, 0x74, 0x08, 0xF9, 0x04, 0x50, 0xAF, 0x01, 0x74, 0x06,
  0xF9, 0x01, 0x50, 0xAF, 0x01, 0x74, 0x01, 0xF0, 0xC6, 0x0A, 0xF0, 0x17, 0x50, 0x7D, 0x0E, 0x03,
  0x60, 0xAF, 0x01, 0x76, 0x84, 0x5C, 0xFE, 0xA2, 0x70, 0xAF, 0x01, 0x77, 0x75, 0x0A, 0xF0, 0x17,
  0x77, 0x50, 0xAF, 0x01, 0x77, 0x75, 0x0A, 0xF0, 0x17, 0x77, 0x50, 0xAF, 0x01, 0x77, 0x75, 0x0A,
  0xF0, 0x17, 0x77, 0x50, 0xAF, 0x01, 0x77, 0x75, 0x0A, 0xF0, 0x17, 0x77, 0x50, 0xAF, 0x01, 0x77,
  0x75, 0x0A, 0xF0, 0x17, 0x77, 0x50, 0xAF, 0x01, 0x77, 0x75, 0x0A, 0xF0, 0x17, 0x77, 0x50, 0xAF,
  0x01, 0x77, 0x75, 0x0A, 0xF0, 0x17, 0x77, 0x50, 0xAF, 0x01, 0x77, 0x75, 0x0A, 0xF0, 0x17, 0x77,
  0x50, 0xAF, 0x01, 0x77, 0x75, 0x0A, 0xF0, 0x17, 0x77, 0x50, 0xAF, 0x01, 0x77, 0x75, 0x0A, 0xF0,
  0x58, 0x0A, 0x54, 0x03, 0x0A, 0xFF, 0xFF, 0xD0, 0xE0, 0xAF, 0xFF, 0xFD, 0x0E, 0x0A, 0xFF, 0xFF,
  0xD0, 0xE0, 0xAF, 0xFF, 0xFD, 0x0E, 0x0A, 0xFF, 0xFF, 0xD0, 0xE0, 0xAF, 0xFF, 0xFD, 0x0E,
  // "ŀ" (U+0140), RLE, 426 bytes saved (62.4%)
  0x0A, 0xE0, 0xD7, 0x60, 0xAE, 0x0D, 0x76, 0x0A, 0xE0, 0xD7, 0x60, 0xAE, 0x0D, 0x76, 0x0A, 0xE0,
  0xD7, 0x60, 0xAE, 0x0D, 0x76, 0x0A, 0xE0, 0xD7, 0x60, 0xAE, 0x0D, 0x76, 0x0A, 0xE0, 0xD7, 0x60,
  0xAE, 0x0D, 0x76, 0x0A, 0xE0, 0xD7, 0x60, 0xAE, 0x0D, 0x76, 0x0A, 0xE0, 0xD7, 0x60, 0xAE, 0x0D,
  0x76, 0x0A, 0xE0, 0xD7, 0x60, 0xAE, 0x0D, 0x76, 0x0A, 0xE0, 0xD7, 0x60, 0xAE, 0x0D, 0x76, 0x0A,
  0xE0, 0xD7, 0x60, 0xAE, 0x0D, 0x76, 0x0A, 0xE0, 0xD7, 0x60, 0xAE, 0x0D, 0x76, 0x0A, 0xE0, 0xD7,
  0x60, 0xAE, 0x0D, 0x76, 0x0A, 0xE0, 0xD7, 0x60, 0xAE, 0x0D, 0x76, 0x0A, 0xE0, 0xD7, 0x60, 0xAE,
  0x0D, 0x58, 0x45, 0xCE, 0xEA, 0x22, 0x0A, 0xE0, 0xD4, 0x07, 0xD8, 0x2E, 0x30, 0xAE, 0x0D, 0x30,
  0x2F, 0x81, 0xC0, 0xAE, 0x0D, 0x30, 0x6F, 0x90, 0x20, 0xAE, 0x0D, 0x30, 0x8F, 0x90, 0x40, 0xAE,
  0x0D, 0x30, 0x8F, 0x90, 0x40, 0xAE, 0x0D, 0x30, 0x6F, 0x90, 0x10, 0xAE, 0x0D, 0x30, 0x1F, 0x81,
  0xC0, 0xAE, 0x0D, 0x40, 0x7D, 0x82, 0xE3, 0x0A, 0xE0, 0xD5, 0x84, 0x5C, 0xFE, 0xA2, 0x20, 0xAE,
  0x0D, 0x76, 0x0A, 0xE0, 0xD7, 0x60, 0xAE, 0x0D, 0x76, 0x0A, 0xE0, 0xD7, 0x60, 0xAE, 0x0D, 0x76,
  0x0A, 0xE0, 0xD7, 0x60, 0xAE, 0x0D, 0x76, 0x0A, 0xE0, 0xD7, 0x60, 0xAE, 0x0D, 0x76, 0x0A, 0xE0,
  0xD7, 0x60, 0xAE, 0x0D, 0x76, 0x0A, 0xE0, 0xD7, 0x60, 0xAE, 0x0D, 0x76, 0x0A, 0xE0, 0xD7, 0x60,
  0xAE, 0x0D, 0x76, 0x0A, 0xE0, 0xD7, 0x60, 0xAE, 0x0D, 0x76, 0x0A, 0xE0, 0xD7, 0x60, 0xAE, 0x0D,
  0x76, 0x0A, 0xE0, 0xD7, 0x60, 0xAE, 0x0D, 0x76, 0x0A, 0xE0, 0xD7, 0x60, 0xAE, 0x0D, 0x76, 0x0A,
  0xE0, 0xD7, 0x60, 0xAE, 0x0D, 0x76, 0x0A, 0xE0, 0xD7, 0x60, 0xAE, 0x0D, 0x76, 0x0A, 0xE0, 0xD7,
  0x60,
  // "Ł" (U+0141), RLE, 934 bytes saved (72.9%)
  0x70, 0xAF, 0x01, 0x77, 0x77, 0x50, 0xAF, 0x01, 0x77, 0x77, 0x50, 0xAF, 0x01, 0x77, 0x77, 0x50,
  0xAF, 0x01, 0x77, 0x77, 0x50, 0xAF, 0x01, 0x77, 0x77, 0x50, 0xAF, 0x01, 0x77, 0x77, 0x50, 0xAF,
  0x01, 0x77, 0x77, 0x50, 0xAF, 0x01, 0x77, 0x77, 0x50, 0xAF, 0x01, 0x77, 0x77, 0x50, 0xAF, 0x01,
  0x77, 0x77, 0x50, 0xAF, 0x01, 0x77, 0x77, 0x50, 0xAF, 0x01, 0x77, 0x77, 0x50, 0xAF, 0x01, 0x77,
  0x77, 0x50, 0xAF, 0x01, 0x77, 0x77, 0x50, 0xAF, 0x01, 0x77, 0x77, 0x50, 0xAF, 0x01, 0x77, 0x77,
  0x50, 0xAF, 0x01, 0x77, 0x77, 0x50, 0xAF, 0x01, 0x77, 0x77, 0x50, 0xAF, 0x01, 0x77, 0x77, 0x50,
  0xAF, 0x01, 0x77, 0x77, 0x50, 0xAF, 0x01, 0x77, 0x77, 0x50, 0xAF, 0x01, 0x73, 0x01, 0x77, 0x71,
  0x0A, 0xF0, 0x17, 0x28, 0x16, 0xE4, 0x77, 0x70, 0xAF, 0x01, 0x70, 0x40, 0xDA, 0x0D, 0x77, 0x70,
  0xAF, 0x01, 0x50, 0x10, 0xAD, 0x06, 0x77, 0x60, 0xAF, 0x01, 0x40, 0x70, 0xEE, 0x0E, 0x01, 0x77,
  0x50, 0xAF, 0x01, 0x20, 0x40, 0xDF, 0xA0, 0x87, 0x75, 0x0A, 0xF8, 0x11, 0x2B, 0xFB, 0x0E, 0x06,
  0x77, 0x50, 0xAF, 0x09, 0xFC, 0x09, 0x01, 0x77, 0x60, 0xAF, 0xFB, 0x0B, 0x02, 0x77, 0x71, 0x0A,
  0xFF, 0x90, 0xD0, 0x57, 0x77, 0x30, 0xAF, 0xE0, 0xE0, 0x77, 0x77, 0x50, 0xAF, 0xD0, 0x90, 0x17,
  0x77, 0x50, 0x30, 0xDF, 0xB0, 0xC0, 0x37, 0x77, 0x50, 0x10, 0x9F, 0xB0, 0xE0, 0x57, 0x77, 0x60,
  0x60, 0xEF, 0xB0, 0x87, 0x77, 0x60, 0x30, 0xCF, 0xD0, 0x17, 0x77, 0x50, 0x8F, 0xF0, 0x17, 0x77,
  0x50, 0x5F, 0xF0, 0x17, 0x77, 0x60, 0xBF, 0xE0, 0x17, 0x77, 0x60, 0x3C, 0x00, 0xCF, 0x01, 0x77,
  0x77, 0x84, 0x9F, 0xE6, 0x0A, 0xF0, 0x17, 0x77, 0x70, 0x10, 0x83, 0x0A, 0xF0, 0x17, 0x77, 0x75,
  0x0A, 0xF0, 0x17, 0x77, 0x75, 0x0A, 0xF0, 0x17, 0x77, 0x75, 0x0A, 0xF0, 0x17, 0x77, 0x75, 0x0A,
  0xF0, 0x17, 0x77, 0x75, 0x0A, 0xF0, 0x17, 0x77, 0x75, 0x0A, 0xF0, 0x17, 0x77, 0x75, 0x0A, 0xF0,
  0x17, 0x77, 0x75, 0x0A, 0xF0, 0x17, 0x77, 0x75, 0x0A, 0xF0, 0x17, 0x77, 0x75, 0x0A, 0xF0, 0x17,
  0x77, 0x75, 0x0A, 0xF0, 0x17, 0x77, 0x75, 0x0A, 0xF0, 0x58, 0x0A, 0x54, 0x03, 0x70, 0xAF, 0xFF,
  0xFD, 0x0E, 0x70, 0xAF, 0xFF, 0xFD, 0x0E, 0x70, 0xAF, 0xFF, 0xFD, 0x0E, 0x70, 0xAF, 0xFF, 0xFD,
  0x0E, 0x70, 0xAF, 0xFF, 0xFD, 0x0E, 0x70, 0xAF, 0xFF, 0xFD, 0x0E,
  // "ł" (U+0142), RLE, 499 bytes saved (64.0%)
  0x70, 0x4F, 0x04, 0x77, 0x10, 0x4F, 0x04, 0x77, 0x10, 0x4F, 0x04, 0x77, 0x10, 0x4F, 0x04, 0x77,
  0x10, 0x4F, 0x04, 0x77, 0x10, 0x4F, 0x04, 0x77, 0x10, 0x4F, 0x04, 0x77, 0x10, 0x4F, 0x04, 0x77,
  0x10, 0x4F, 0x04, 0x77, 0x10, 0x4F, 0x04, 0x77, 0x10, 0x4F, 0x04, 0x77, 0x10, 0x4F, 0x04, 0x77,
  0x10, 0x4F, 0x04, 0x77, 0x10, 0x4F, 0x04, 0x77, 0x10, 0x4F, 0x04, 0x77, 0x10, 0x4F, 0x04, 0x77,
  0x10, 0x4F, 0x04, 0x77, 0x10, 0x4F, 0x04, 0x77, 0x10, 0x4F, 0x04, 0x77, 0x10, 0x4F, 0x04, 0x77,
  0x10, 0x4F, 0x04, 0x77, 0x10, 0x4F, 0x04, 0x77, 0x10, 0x4F, 0x04, 0x77, 0x10, 0x4F, 0x04, 0x77,
  0x10, 0x4F, 0x04, 0x77, 0x10, 0x4F, 0x04, 0x40, 0x77, 0x30, 0x4F, 0x04, 0x28, 0x23, 0xCF, 0x87,
  0x20, 0x4F, 0x81, 0x40, 0x7C, 0x03, 0x71, 0x04, 0xF0, 0x70, 0xCD, 0x0C, 0x71, 0x04, 0xFF, 0x90,
  0x77, 0x04, 0xFF, 0x90, 0x87, 0x04, 0xFE, 0x0D, 0x03, 0x71, 0x04, 0xFD, 0x08, 0x73, 0x05, 0xFB,
  0x0D, 0x03, 0x73, 0x06, 0x0E, 0xFA, 0x08, 0x73, 0x02, 0x0B, 0xFA, 0x0D, 0x03, 0x73, 0x07, 0xFC,
  0x04, 0x72, 0x03, 0x0D, 0xFD, 0x04, 0x71, 0x07, 0xFF, 0x04, 0x71, 0x03, 0xFF, 0x04, 0x72, 0x09,
  0xFE, 0x04, 0x73, 0x0D, 0xB0, 0x90, 0x5F, 0x04, 0x73, 0x84, 0x5F, 0xC3, 0x04, 0xF0, 0x47, 0x40,
  0x53, 0x04, 0xF0, 0x47, 0x71, 0x04, 0xF0, 0x47, 0x71, 0x04, 0xF0, 0x47, 0x71, 0x04, 0xF0, 0x47,
  0x71, 0x04, 0xF0, 0x47, 0x71, 0x04, 0xF0, 0x47, 0x71, 0x04, 0xF0, 0x47, 0x71, 0x04, 0xF0, 0x47,
  0x71, 0x04, 0xF0, 0x47, 0x71, 0x04, 0xF0, 0x47, 0x71, 0x04, 0xF0, 0x47, 0x71, 0x04, 0xF0, 0x47,
  0x71, 0x04, 0xF0, 0x47, 0x71, 0x04, 0xF0, 0x47, 0x71, 0x04, 0xF0, 0x47, 0x71, 0x04, 0xF0, 0x47,
  0x71, 0x04, 0xF0, 0x47, 0x71, 0x04, 0xF0, 0x47, 0x71, 0x04, 0xF0, 0x47, 0x71, 0x04, 0xF0, 0x47,
  0x71, 0x04, 0xF0, 0x47, 0x71, 0x04, 0xF0, 0x47, 0x10,
  // "Ń" (U+0143), RLE, 1394 bytes saved (70.2%)
  0x77, 0x76, 0x0A, 0xF9, 0x0B, 0x80, 0xC2, 0x00, 0x3F, 0xA0, 0x48, 0x0C, 0x20, 0x0B, 0xF9, 0x08,
  0x80, 0xC2, 0x00, 0x5F, 0x90, 0xB8, 0x0C, 0x30, 0x0D, 0xF0, 0xD0, 0x18, 0x0C, 0x20, 0x08, 0xF0,
  0xE0, 0x28, 0x0C, 0x20, 0x03, 0xF0, 0xE0, 0x38, 0x0C, 0x30, 0x0C, 0xF0, 0x48, 0x0C, 0x30, 0x06,
  0xF0, 0x58, 0x0C, 0x30, 0x02, 0x0E, 0xE0, 0x58, 0x0C, 0x40, 0x0B, 0xE0, 0x58, 0x0C, 0x40, 0x07,
  0xE0, 0x58, 0x0C, 0x40, 0x03, 0xD0, 0xE0, 0x48, 0x0C, 0x50, 0x08, 0xC0, 0xD0, 0x28, 0x0C, 0xF1,
  0x00, 0xAF, 0x90, 0x97, 0x77, 0x73, 0x03, 0xF0, 0xAF, 0xA0, 0x37, 0x77, 0x72, 0x03, 0xF0, 0xAF,
  0xA0, 0xD7, 0x77, 0x72, 0x03, 0xF0, 0xAF, 0xB0, 0x87, 0x77, 0x71, 0x03, 0xF0, 0xAF, 0xC0, 0x37,
  0x77, 0x70, 0x3F, 0x0A, 0xFC, 0x0C, 0x77, 0x77, 0x03, 0xF0, 0xAF, 0xD0, 0x77, 0x77, 0x60, 0x3F,
  0x0A, 0xFE, 0x02, 0x77, 0x75, 0x03, 0xF0, 0xAF, 0xE0, 0xB7, 0x77, 0x50, 0x3F, 0x0A, 0xFF, 0x06,
  0x77, 0x74, 0x03, 0xF0, 0xAD, 0x00, 0xEF, 0x0E, 0x01, 0x77, 0x73, 0x03, 0xF0, 0xAD, 0x0D, 0x05,
  0xF9, 0x0A, 0x77, 0x73, 0x03, 0xF0, 0xAD, 0x81, 0xD0, 0xBF, 0x90, 0x57, 0x77, 0x20, 0x3F, 0x0A,
  0xD8, 0x2E, 0x01, 0xEF, 0x0E, 0x01, 0x77, 0x71, 0x03, 0xF0, 0xAE, 0x20, 0x6F, 0x90, 0x97, 0x77,
  0x10, 0x3F, 0x0A, 0xE0, 0x12, 0x0B, 0xF9, 0x04, 0x77, 0x70, 0x3F, 0x0A, 0xE0, 0x12, 0x02, 0x0E,
  0xF0, 0xD7, 0x77, 0x03, 0xF0, 0xAE, 0x02, 0x30, 0x7F, 0x90, 0x87, 0x76, 0x03, 0xF0, 0xAE, 0x03,
  0x40, 0xCF, 0x90, 0x37, 0x75, 0x03, 0xF0, 0xAE, 0x04, 0x40, 0x2F, 0x90, 0xC7, 0x75, 0x03, 0xF0,
  0xAE, 0x05, 0x50, 0x7F, 0x90, 0x77, 0x74, 0x03, 0xF0, 0xAE, 0x05, 0x60, 0xCF, 0x90, 0x27, 0x73,
  0x03, 0xF0, 0xAE, 0x06, 0x60, 0x3F, 0x90, 0xC7, 0x73, 0x03, 0xF0, 0xAE, 0x06, 0x70, 0x8F, 0x90,
  0x67, 0x72, 0x03, 0xF0, 0xAE, 0x06, 0x71, 0x0D, 0xF0, 0xE0, 0x17, 0x71, 0x03, 0xF0, 0xAE, 0x07,
  0x71, 0x03, 0xF9, 0x0B, 0x77, 0x10, 0x3F, 0x0A, 0xE0, 0x77, 0x20, 0x8F, 0x90, 0x57, 0x70, 0x3F,
  0x0A, 0xE0, 0x77, 0x30, 0xDF, 0x0E, 0x01, 0x76, 0x03, 0xF0, 0xAE, 0x07, 0x73, 0x04, 0xF9, 0x0A,
  0x76, 0x03, 0xF0, 0xAE, 0x07, 0x74, 0x09, 0xF9, 0x04, 0x75, 0x03, 0xF0, 0xAE, 0x07, 0x75, 0x0D,
  0xF0, 0xD7, 0x50, 0x3F, 0x0A, 0xE0, 0x77, 0x50, 0x4F, 0x90, 0x97, 0x40, 0x3F, 0x0A, 0xE0, 0x77,
  0x60, 0xAF, 0x90, 0x37, 0x30, 0x3F, 0x0A, 0xE0, 0x77, 0x60, 0x10, 0xEF, 0x0D, 0x73, 0x03, 0xF0,
  0xAE, 0x07, 0x77, 0x05, 0xF9, 0x08, 0x72, 0x03, 0xF0, 0xAE, 0x07, 0x77, 0x10, 0xAF, 0x90, 0x27,
  0x10, 0x3F, 0x0A, 0xE0, 0x77, 0x71, 0x01, 0x0E, 0xF0, 0xC7, 0x10, 0x2F, 0x0A, 0xE0, 0x77, 0x72,
  0x05, 0xF9, 0x07, 0x70, 0x2F, 0x0A, 0xE0, 0x77, 0x73, 0x0B, 0xF0, 0xE0, 0x26, 0x02, 0xF0, 0xAE,
  0x07, 0x77, 0x30, 0x10, 0xEF, 0x0B, 0x60, 0x1F, 0x0A, 0xE0, 0x77, 0x74, 0x06, 0xF9, 0x06, 0x50,
  0x1F, 0x0A, 0xE0, 0x77, 0x75, 0x0B, 0xF0, 0xE0, 0x15, 0xF0, 0xAE, 0x07, 0x77, 0x50, 0x20, 0xEF,
  0x0A, 0x5F, 0x0A, 0xE0, 0x77, 0x76, 0x07, 0xF9, 0x05, 0x4F, 0x0A, 0xE0, 0x77, 0x77, 0x0C, 0xF0,
  0xD0, 0x13, 0x0E, 0xE0, 0xAE, 0x07, 0x77, 0x70, 0x2F, 0x90, 0x93, 0x0D, 0xE0, 0xAE, 0x07, 0x77,
  0x71, 0x07, 0xF9, 0x04, 0x20, 0xDE, 0x0A, 0xE0, 0x77, 0x77, 0x20, 0xCF, 0x0D, 0x20, 0xCE, 0x0A,
  0xE0, 0x77, 0x77, 0x20, 0x3F, 0x98, 0x18, 0x0B, 0xE0, 0xAE, 0x07, 0x77, 0x73, 0x08, 0xF9, 0x03,
  0x0A, 0xE0, 0xAE, 0x07, 0x77, 0x74, 0x0D, 0xF0, 0xC0, 0xAE, 0x0A, 0xE0, 0x77, 0x77, 0x40, 0x3F,
  0xF9, 0x0A, 0xE0, 0x77, 0x77, 0x50, 0x8F, 0xF0, 0xAE, 0x07, 0x77, 0x76, 0x0D, 0xFE, 0x0A, 0xE0,
  0x77, 0x77, 0x60, 0x4F, 0xE0, 0xAE, 0x07, 0x77, 0x77, 0x09, 0xFD, 0x0A, 0xE0, 0x77, 0x77, 0x71,
  0x0D, 0xFC, 0x0A, 0xE0, 0x77, 0x77, 0x71, 0x04, 0xFC, 0x0A, 0xE0, 0x77, 0x77, 0x72, 0x0A, 0xFB,
  0x0A, 0xE0, 0x77, 0x77, 0x72, 0x01, 0x0E, 0xFA, 0x0A, 0xE0, 0x77, 0x77, 0x73, 0x05, 0xFA,
  // "ń" (U+0144), RLE, 891 bytes saved (67.5%)
  0x77, 0x71, 0x0A, 0xF9, 0x0B, 0x77, 0x77, 0x10, 0x3F, 0xA0, 0x47, 0x77, 0x71, 0x0B, 0xF9, 0x08,
  0x77, 0x77, 0x10, 0x5F, 0x90, 0xB7, 0x77, 0x72, 0x0D, 0xF0, 0xD0, 0x17, 0x77, 0x71, 0x08, 0xF0,
  0xE0, 0x27, 0x77, 0x71, 0x03, 0xF0, 0xE0, 0x37, 0x77, 0x72, 0x0C, 0xF0, 0x47, 0x77, 0x72, 0x06,
  0xF0, 0x57, 0x77, 0x72, 0x02, 0x0E, 0xE0, 0x57, 0x77, 0x73, 0x0B, 0xE0, 0x57, 0x77, 0x73, 0x07,
  0xE0, 0x57, 0x77, 0x73, 0x03, 0xD0, 0xE0, 0x47, 0x77, 0x74, 0x08, 0xC0, 0xD0, 0x28, 0x0B, 0xC7,
  0x08, 0x93, 0x15, 0x9B, 0xDE, 0xFE, 0xDC, 0xB7, 0x47, 0x40, 0xAD, 0x07, 0x70, 0x50, 0xBF, 0xF0,
  0xA0, 0x37, 0x10, 0xAD, 0x0A, 0x50, 0x50, 0xDF, 0xFC, 0x0B, 0x02, 0x60, 0xAD, 0x0D, 0x40, 0xAF,
  0xFF, 0x0E, 0x05, 0x50, 0xAE, 0x20, 0x10, 0xCF, 0xFF, 0xB0, 0x64, 0x0A, 0xE8, 0x13, 0x0C, 0xFF,
  0xFD, 0x03, 0x30, 0xAE, 0x06, 0x08, 0xF8, 0x90, 0xD9, 0x75, 0x44, 0x56, 0x9D, 0xFB, 0x0D, 0x30,
  0xAE, 0x0E, 0xD8, 0x1E, 0x82, 0x73, 0x04, 0x0C, 0xFA, 0x06, 0x20, 0xAF, 0xC0, 0xB0, 0x17, 0x70,
  0x8F, 0x90, 0xD2, 0x0A, 0xFB, 0x0A, 0x77, 0x30, 0x8F, 0x98, 0x13, 0x0A, 0xFA, 0x0D, 0x77, 0x50,
  0xCF, 0x81, 0x70, 0xAF, 0xA0, 0x47, 0x75, 0x05, 0xF8, 0x1A, 0x0A, 0xF9, 0x0C, 0x77, 0x70, 0xEE,
  0x81, 0xD0, 0xAF, 0x90, 0x57, 0x77, 0x0B, 0xF1, 0x0A, 0xF9, 0x77, 0x71, 0x08, 0xF0, 0x10, 0xAF,
  0x0B, 0x77, 0x71, 0x06, 0xF0, 0x20, 0xAF, 0x07, 0x77, 0x71, 0x05, 0xF0, 0x20, 0xAF, 0x05, 0x77,
  0x71, 0x04, 0xF0, 0x20, 0xAF, 0x02, 0x77, 0x71, 0x04, 0xF0, 0x20, 0xAF, 0x77, 0x72, 0x04, 0xF0,
  0x20, 0xAF, 0x77, 0x72, 0x04, 0xF0, 0x20, 0xAE, 0x0E, 0x77, 0x72, 0x04, 0xF0, 0x20, 0xAE, 0x0D,
  0x77, 0x72, 0x04, 0xF0, 0x20, 0xAE, 0x0D, 0x77, 0x72, 0x04, 0xF0, 0x20, 0xAE, 0x0D, 0x77, 0x72,
  0x04, 0xF0, 0x20, 0xAE, 0x0D, 0x77, 0x72, 0x04, 0xF0, 0x20, 0xAE, 0x0D, 0x77, 0x72, 0x04, 0xF0,
  0x20, 0xAE, 0x0D, 0x77, 0x72, 0x04, 0xF0, 0x20, 0xAE, 0x0D, 0x77, 0x72, 0x04, 0xF0, 0x20, 0xAE,
  0x0D, 0x77, 0x72, 0x04, 0xF0, 0x20, 0xAE, 0x0D, 0x77, 0x72, 0x04, 0xF0, 0x20, 0xAE, 0x0D, 0x77,
  0x72, 0x04, 0xF0, 0x20, 0xAE, 0x0D, 0x77, 0x72, 0x04, 0xF0, 0x20, 0xAE, 0x0D, 0x77, 0x72, 0x04,
  0xF0, 0x20, 0xAE, 0x0D, 0x77, 0x72, 0x04, 0xF0, 0x20, 0xAE, 0x0D, 0x77, 0x72, 0x04, 0xF0, 0x20,
  0xAE, 0x0D, 0x77, 0x72, 0x04, 0xF0, 0x20, 0xAE, 0x0D, 0x77, 0x72, 0x04, 0xF0, 0x20, 0xAE, 0x0D,
  0x77, 0x72, 0x04, 0xF0, 0x20, 0xAE, 0x0D, 0x77, 0x72, 0x04, 0xF0, 0x20, 0xAE, 0x0D, 0x77, 0x72,
  0x04, 0xF0, 0x20, 0xAE, 0x0D, 0x77, 0x72, 0x04, 0xF0, 0x20, 0xAE, 0x0D, 0x77, 0x72, 0x04, 0xF0,
  0x20, 0xAE, 0x0D, 0x77, 0x72, 0x04, 0xF0, 0x20, 0xAE, 0x0D, 0x77, 0x72, 0x04, 0xF0, 0x20, 0xAE,
  0x0D, 0x77, 0x72, 0x04, 0xF0, 0x20, 0xAE, 0x0D, 0x77, 0x72, 0x04, 0xF0, 0x20,
  // "Ņ" (U+0145), RLE, 1376 bytes saved (70.2%)
  0x0A, 0xF9, 0x09, 0x77, 0x77, 0x30, 0x3F, 0x0A, 0xFA, 0x03, 0x77, 0x77, 0x20, 0x3F, 0x0A, 0xFA,
  0x0D, 0x77, 0x77, 0x20, 0x3F, 0x0A, 0xFB, 0x08, 0x77, 0x77, 0x10, 0x3F, 0x0A, 0xFC, 0x03, 0x77,
  0x77, 0x03, 0xF0, 0xAF, 0xC0, 0xC7, 0x77, 0x70, 0x3F, 0x0A, 0xFD, 0x07, 0x77, 0x76, 0x03, 0xF0,
  0xAF, 0xE0, 0x27, 0x77, 0x50, 0x3F, 0x0A, 0xFE, 0x0B, 0x77, 0x75, 0x03, 0xF0, 0xAF, 0xF0, 0x67,
  0x77, 0x40, 0x3F, 0x0A, 0xD0, 0x0E, 0xF0, 0xE0, 0x17, 0x77, 0x30, 0x3F, 0x0A, 0xD0, 0xD0, 0x5F,
  0x90, 0xA7, 0x77, 0x30, 0x3F, 0x0A, 0xD8, 0x1D, 0x0B, 0xF9, 0x05, 0x77, 0x72, 0x03, 0xF0, 0xAD,
  0x82, 0xE0, 0x1E, 0xF0, 0xE0, 0x17, 0x77, 0x10, 0x3F, 0x0A, 0xE2, 0x06, 0xF9, 0x09, 0x77, 0x71,
  0x03, 0xF0, 0xAE, 0x01, 0x20, 0xBF, 0x90, 0x47, 0x77, 0x03, 0xF0, 0xAE, 0x01, 0x20, 0x20, 0xEF,
  0x0D, 0x77, 0x70, 0x3F, 0x0A, 0xE0, 0x23, 0x07, 0xF9, 0x08, 0x77, 0x60, 0x3F, 0x0A, 0xE0, 0x34,
  0x0C, 0xF9, 0x03, 0x77, 0x50, 0x3F, 0x0A, 0xE0, 0x44, 0x02, 0xF9, 0x0C, 0x77, 0x50, 0x3F, 0x0A,
  0xE0, 0x55, 0x07, 0xF9, 0x07, 0x77, 0x40, 0x3F, 0x0A, 0xE0, 0x56, 0x0C, 0xF9, 0x02, 0x77, 0x30,
  0x3F, 0x0A, 0xE0, 0x66, 0x03, 0xF9, 0x0C, 0x77, 0x30, 0x3F, 0x0A, 0xE0, 0x67, 0x08, 0xF9, 0x06,
  0x77, 0x20, 0x3F, 0x0A, 0xE0, 0x67, 0x10, 0xDF, 0x0E, 0x01, 0x77, 0x10, 0x3F, 0x0A, 0xE0, 0x77,
  0x10, 0x3F, 0x90, 0xB7, 0x71, 0x03, 0xF0, 0xAE, 0x07, 0x72, 0x08, 0xF9, 0x05, 0x77, 0x03, 0xF0,
  0xAE, 0x07, 0x73, 0x0D, 0xF0, 0xE0, 0x17, 0x60, 0x3F, 0x0A, 0xE0, 0x77, 0x30, 0x4F, 0x90, 0xA7,
  0x60, 0x3F, 0x0A, 0xE0, 0x77, 0x40, 0x9F, 0x90, 0x47, 0x50, 0x3F, 0x0A, 0xE0, 0x77, 0x50, 0xDF,
  0x0D, 0x75, 0x03, 0xF0, 0xAE, 0x07, 0x75, 0x04, 0xF9, 0x09, 0x74, 0x03, 0xF0, 0xAE, 0x07, 0x76,
  0x0A, 0xF9, 0x03, 0x73, 0x03, 0xF0, 0xAE, 0x07, 0x76, 0x01, 0x0E, 0xF0, 0xD7, 0x30, 0x3F, 0x0A,
  0xE0, 0x77, 0x70, 0x5F, 0x90, 0x87, 0x20, 0x3F, 0x0A, 0xE0, 0x77, 0x71, 0x0A, 0xF9, 0x02, 0x71,
  0x03, 0xF0, 0xAE, 0x07, 0x77, 0x10, 0x10, 0xEF, 0x0C, 0x71, 0x02, 0xF0, 0xAE, 0x07, 0x77, 0x20,
  0x5F, 0x90, 0x77, 0x02, 0xF0, 0xAE, 0x07, 0x77, 0x30, 0xBF, 0x0E, 0x02, 0x60, 0x2F, 0x0A, 0xE0,
  0x77, 0x73, 0x01, 0x0E, 0xF0, 0xB6, 0x01, 0xF0, 0xAE, 0x07, 0x77, 0x40, 0x6F, 0x90, 0x65, 0x01,
  0xF0, 0xAE, 0x07, 0x77, 0x50, 0xBF, 0x0E, 0x01, 0x5F, 0x0A, 0xE0, 0x77, 0x75, 0x02, 0x0E, 0xF0,
  0xA5, 0xF0, 0xAE, 0x07, 0x77, 0x60, 0x7F, 0x90, 0x54, 0xF0, 0xAE, 0x07, 0x77, 0x70, 0xCF, 0x0D,
  0x01, 0x30, 0xEE, 0x0A, 0xE0, 0x77, 0x77, 0x02, 0xF9, 0x09, 0x30, 0xDE, 0x0A, 0xE0, 0x77, 0x77,
  0x10, 0x7F, 0x90, 0x42, 0x0D, 0xE0, 0xAE, 0x07, 0x77, 0x72, 0x0C, 0xF0, 0xD2, 0x0C, 0xE0, 0xAE,
  0x07, 0x77, 0x72, 0x03, 0xF9, 0x81, 0x80, 0xBE, 0x0A, 0xE0, 0x77, 0x77, 0x30, 0x8F, 0x90, 0x30,
  0xAE, 0x0A, 0xE0, 0x77, 0x77, 0x40, 0xDF, 0x0C, 0x0A, 0xE0, 0xAE, 0x07, 0x77, 0x74, 0x03, 0xFF,
  0x90, 0xAE, 0x07, 0x77, 0x75, 0x08, 0xFF, 0x0A, 0xE0, 0x77, 0x77, 0x60, 0xDF, 0xE0, 0xAE, 0x07,
  0x77, 0x76, 0x04, 0xFE, 0x0A, 0xE0, 0x77, 0x77, 0x70, 0x9F, 0xD0, 0xAE, 0x07, 0x77, 0x77, 0x10,
  0xDF, 0xC0, 0xAE, 0x07, 0x77, 0x77, 0x10, 0x4F, 0xC0, 0xAE, 0x07, 0x77, 0x77, 0x20, 0xAF, 0xB0,
  0xAE, 0x07, 0x77, 0x77, 0x20, 0x10, 0xEF, 0xA0, 0xAE, 0x07, 0x77, 0x77, 0x30, 0x5F, 0xA8, 0x0C,
  0x87, 0x00, 0x5F, 0x02, 0x80, 0xC4, 0x00, 0x7E, 0x0E, 0x80, 0xC5, 0x00, 0xAE, 0x0A, 0x80, 0xC5,
  0x00, 0xDE, 0x04, 0x80, 0xC4, 0x00, 0x1E, 0x0D, 0x80, 0xC5, 0x00, 0x6E, 0x06, 0x80, 0xC5, 0x00,
  0xAD, 0x0E, 0x80, 0xC6, 0x00, 0xED, 0x06, 0x80, 0xC5, 0x00, 0x3D, 0x0D, 0x80, 0xC6, 0x00, 0x8D,
  0x05, 0x80, 0xC6, 0x00, 0xDC, 0x0B, 0x80, 0xC6, 0x00, 0x3C, 0x0E, 0x02, 0x80, 0xC6, 0x00, 0x9C,
  0x06, 0x80, 0xC7, 0x00, 0xCB, 0x0A, 0x77, 0x74,
  // "ņ" (U+0146), RLE, 898 bytes saved (68.0%)
  0x77, 0x28, 0x93, 0x15, 0x9B, 0xDE, 0xFE, 0xDC, 0xB7, 0x47, 0x40, 0xAD, 0x07, 0x70, 0x50, 0xBF,
  0xF0, 0xA0, 0x37, 0x10, 0xAD, 0x0A, 0x50, 0x50, 0xDF, 0xFC, 0x0B, 0x02, 0x60, 0xAD, 0x0D, 0x40,
  0xAF, 0xFF, 0x0E, 0x05, 0x50, 0xAE, 0x20, 0x10, 0xCF, 0xFF, 0xB0, 0x64, 0x0A, 0xE8, 0x13, 0x0C,
  0xFF, 0xFD, 0x03, 0x30, 0xAE, 0x06, 0x08, 0xF8, 0x90, 0xD9, 0x75, 0x44, 0x56, 0x9D, 0xFB, 0x0D,
  0x30, 0xAE, 0x0E, 0xD8, 0x1E, 0x82, 0x73, 0x04, 0x0C, 0xFA, 0x06, 0x20, 0xAF, 0xC0, 0xB0, 0x17,
  0x70, 0x8F, 0x90, 0xD2, 0x0A, 0xFB, 0x0A, 0x77, 0x30, 0x8F, 0x98, 0x13, 0x0A, 0xFA, 0x0D, 0x77,
  0x50, 0xCF, 0x81, 0x70, 0xAF, 0xA0, 0x47, 0x75, 0x05, 0xF8, 0x1A, 0x0A, 0xF9, 0x0C, 0x77, 0x70,
  0xEE, 0x81, 0xD0, 0xAF, 0x90, 0x57, 0x77, 0x0B, 0xF1, 0x0A, 0xF9, 0x77, 0x71, 0x08, 0xF0, 0x10,
  0xAF, 0x0B, 0x77, 0x71, 0x06, 0xF0, 0x20, 0xAF, 0x07, 0x77, 0x71, 0x05, 0xF0, 0x20, 0xAF, 0x05,
  0x77, 0x71, 0x04, 0xF0, 0x20, 0xAF, 0x02, 0x77, 0x71, 0x04, 0xF0, 0x20, 0xAF, 0x77, 0x72, 0x04,
  0xF0, 0x20, 0xAF, 0x77, 0x72, 0x04, 0xF0, 0x20, 0xAE, 0x0E, 0x77, 0x72, 0x04, 0xF0, 0x20, 0xAE,
  0x0D, 0x77, 0x72, 0x04, 0xF0, 0x20, 0xAE, 0x0D, 0x77, 0x72, 0x04, 0xF0, 0x20, 0xAE, 0x0D, 0x77,
  0x72, 0x04, 0xF0, 0x20, 0xAE, 0x0D, 0x77, 0x72, 0x04, 0xF0, 0x20, 0xAE, 0x0D, 0x77, 0x72, 0x04,
  0xF0, 0x20, 0xAE, 0x0D, 0x77, 0x72, 0x04, 0xF0, 0x20, 0xAE, 0x0D, 0x77, 0x72, 0x04, 0xF0, 0x20,
  0xAE, 0x0D, 0x77, 0x72, 0x04, 0xF0, 0x20, 0xAE, 0x0D, 0x77, 0x72, 0x04, 0xF0, 0x20, 0xAE, 0x0D,
  0x77, 0x72, 0x04, 0xF0, 0x20, 0xAE, 0x0D, 0x77, 0x72, 0x04, 0xF0, 0x20, 0xAE, 0x0D, 0x77, 0x72,
  0x04, 0xF0, 0x20, 0xAE, 0x0D, 0x77, 0x72, 0x04, 0xF0, 0x20, 0xAE, 0x0D, 0x77, 0x72, 0x04, 0xF0,
  0x20, 0xAE, 0x0D, 0x77, 0x72, 0x04, 0xF0, 0x20, 0xAE, 0x0D, 0x77, 0x72, 0x04, 0xF0, 0x20, 0xAE,
  0x0D, 0x77, 0x72, 0x04, 0xF0, 0x20, 0xAE, 0x0D, 0x77, 0x72, 0x04, 0xF0, 0x20, 0xAE, 0x0D, 0x77,
  0x72, 0x04, 0xF0, 0x20, 0xAE, 0x0D, 0x77, 0x72, 0x04, 0xF0, 0x20, 0xAE, 0x0D, 0x77, 0x72, 0x04,
  0xF0, 0x20, 0xAE, 0x0D, 0x77, 0x72, 0x04, 0xF0, 0x20, 0xAE, 0x0D, 0x77, 0x72, 0x04, 0xF0, 0x20,
  0xAE, 0x0D, 0x77, 0x72, 0x04, 0xF0, 0x20, 0xAE, 0x0D, 0x77, 0x72, 0x04, 0xF0, 0x28, 0x0B, 0xA5,
  0x00, 0x7F, 0x01, 0x77, 0x77, 0x30, 0x9E, 0x0D, 0x77, 0x77, 0x40, 0xCE, 0x08, 0x77, 0x77, 0x4F,
  0x02, 0x77, 0x77, 0x30, 0x3E, 0x0C, 0x77, 0x77, 0x40, 0x7E, 0x04, 0x77, 0x77, 0x40, 0xCD, 0x0C,
  0x77, 0x77, 0x40, 0x1E, 0x05, 0x77, 0x77, 0x40, 0x5D, 0x0C, 0x77, 0x77, 0x50, 0x9D, 0x03, 0x77,
  0x77, 0x50, 0xEC, 0x09, 0x77, 0x77, 0x50, 0x5C, 0x0E, 0x01, 0x77, 0x77, 0x50, 0xBC, 0x04, 0x77,
  0x77, 0x60, 0xEB, 0x08, 0x77, 0x70,
  // "Ň" (U+0147), RLE, 1366 bytes saved (68.8%)
  0x73, 0x08, 0xC0, 0xE0, 0x57, 0x72, 0x07, 0xD0, 0x87, 0x75, 0x03, 0xE0, 0x97, 0x60, 0x10, 0xCD,
  0x0E, 0x03, 0x77, 0x60, 0x4E, 0x0C, 0x01, 0x73, 0x03, 0x0E, 0xD0, 0xE0, 0x37, 0x77, 0x10, 0x6E,
  0x0E, 0x03, 0x71, 0x05, 0xF0, 0x47, 0x77, 0x30, 0x7E, 0x0E, 0x04, 0x60, 0x7F, 0x04, 0x77, 0x75,
  0x09, 0xF0, 0x54, 0x08, 0xF0, 0x67, 0x77, 0x70, 0xBF, 0x05, 0x20, 0x9F, 0x07, 0x77, 0x77, 0x20,
  0xCF, 0x04, 0x09, 0xF0, 0x97, 0x77, 0x73, 0x01, 0x0D, 0xFF, 0x0B, 0x77, 0x77, 0x50, 0x30, 0xEF,
  0xD0, 0xC7, 0x77, 0x77, 0x05, 0xFC, 0x0E, 0x02, 0x80, 0xC0, 0x00, 0x9F, 0xB0, 0x58, 0x0C, 0x20,
  0x0D, 0xF9, 0x0A, 0x80, 0xC3, 0x00, 0x4F, 0x0E, 0x01, 0x80, 0xCE, 0x50, 0x0A, 0xF9, 0x09, 0x77,
  0x77, 0x30, 0x3F, 0x0A, 0xFA, 0x03, 0x77, 0x77, 0x20, 0x3F, 0x0A, 0xFA, 0x0D, 0x77, 0x77, 0x20,
  0x3F, 0x0A, 0xFB, 0x08, 0x77, 0x77, 0x10, 0x3F, 0x0A, 0xFC, 0x03, 0x77, 0x77, 0x03, 0xF0, 0xAF,
  0xC0, 0xC7, 0x77, 0x70, 0x3F, 0x0A, 0xFD, 0x07, 0x77, 0x76, 0x03, 0xF0, 0xAF, 0xE0, 0x27, 0x77,
  0x50, 0x3F, 0x0A, 0xFE, 0x0B, 0x77, 0x75, 0x03, 0xF0, 0xAF, 0xF0, 0x67, 0x77, 0x40, 0x3F, 0x0A,
  0xD0, 0x0E, 0xF0, 0xE0, 0x17, 0x77, 0x30, 0x3F, 0x0A, 0xD0, 0xD0, 0x5F, 0x90, 0xA7, 0x77, 0x30,
  0x3F, 0x0A, 0xD8, 0x1D, 0x0B, 0xF9, 0x05, 0x77, 0x72, 0x03, 0xF0, 0xAD, 0x82, 0xE0, 0x1E, 0xF0,
  0xE0, 0x17, 0x77, 0x10, 0x3F, 0x0A, 0xE2, 0x06, 0xF9, 0x09, 0x77, 0x71, 0x03, 0xF0, 0xAE, 0x01,
  0x20, 0xBF, 0x90, 0x47, 0x77, 0x03, 0xF0, 0xAE, 0x01, 0x20, 0x20, 0xEF, 0x0D, 0x77, 0x70, 0x3F,
  0x0A, 0xE0, 0x23, 0x07, 0xF9, 0x08, 0x77, 0x60, 0x3F, 0x0A, 0xE0, 0x34, 0x0C, 0xF9, 0x03, 0x77,
  0x50, 0x3F, 0x0A, 0xE0, 0x44, 0x02, 0xF9, 0x0C, 0x77, 0x50, 0x3F, 0x0A, 0xE0, 0x55, 0x07, 0xF9,
  0x07, 0x77, 0x40, 0x3F, 0x0A, 0xE0, 0x56, 0x0C, 0xF9, 0x02, 0x77, 0x30, 0x3F, 0x0A, 0xE0, 0x66,
  0x03, 0xF9, 0x0C, 0x77, 0x30, 0x3F, 0x0A, 0xE0, 0x67, 0x08, 0xF9, 0x06, 0x77, 0x20, 0x3F, 0x0A,
  0xE0, 0x67, 0x10, 0xDF, 0x0E, 0x01, 0x77, 0x10, 0x3F, 0x0A, 0xE0, 0x77, 0x10, 0x3F, 0x90, 0xB7,
  0x71, 0x03, 0xF0, 0xAE, 0x07, 0x72, 0x08, 0xF9, 0x05, 0x77, 0x03, 0xF0, 0xAE, 0x07, 0x73, 0x0D,
  0xF0, 0xE0, 0x17, 0x60, 0x3F, 0x0A, 0xE0, 0x77, 0x30, 0x4F, 0x90, 0xA7, 0x60, 0x3F, 0x0A, 0xE0,
  0x77, 0x40, 0x9F, 0x90, 0x47, 0x50, 0x3F, 0x0A, 0xE0, 0x77, 0x50, 0xDF, 0x0D, 0x75, 0x03, 0xF0,
  0xAE, 0x07, 0x75, 0x04, 0xF9, 0x09, 0x74, 0x03, 0xF0, 0xAE, 0x07, 0x76, 0x0A, 0xF9, 0x03, 0x73,
  0x03, 0xF0, 0xAE, 0x07, 0x76, 0x01, 0x0E, 0xF0, 0xD7, 0x30, 0x3F, 0x0A, 0xE0, 0x77, 0x70, 0x5F,
  0x90, 0x87, 0x20, 0x3F, 0x0A, 0xE0, 0x77, 0x71, 0x0A, 0xF9, 0x02, 0x71, 0x03, 0xF0, 0xAE, 0x07,
  0x77, 0x10, 0x10, 0xEF, 0x0C, 0x71, 0x02, 0xF0, 0xAE, 0x07, 0x77, 0x20, 0x5F, 0x90, 0x77, 0x02,
  0xF0, 0xAE, 0x07, 0x77, 0x30, 0xBF, 0x0E, 0x02, 0x60, 0x2F, 0x0A, 0xE0, 0x77, 0x73, 0x01, 0x0E,
  0xF0, 0xB6, 0x01, 0xF0, 0xAE, 0x07, 0x77, 0x40, 0x6F, 0x90, 0x65, 0x01, 0xF0, 0xAE, 0x07, 0x77,
  0x50, 0xBF, 0x0E, 0x01, 0x5F, 0x0A, 0xE0, 0x77, 0x75, 0x02, 0x0E, 0xF0, 0xA5, 0xF0, 0xAE, 0x07,
  0x77, 0x60, 0x7F, 0x90, 0x54, 0xF0, 0xAE, 0x07, 0x77, 0x70, 0xCF, 0x0D, 0x01, 0x30, 0xEE, 0x0A,
  0xE0, 0x77, 0x77, 0x02, 0xF9, 0x09, 0x30, 0xDE, 0x0A, 0xE0, 0x77, 0x77, 0x10, 0x7F, 0x90, 0x42,
  0x0D, 0xE0, 0xAE, 0x07, 0x77, 0x72, 0x0C, 0xF0, 0xD2, 0x0C, 0xE0, 0xAE, 0x07, 0x77, 0x72, 0x03,
  0xF9, 0x81, 0x80, 0xBE, 0x0A, 0xE0, 0x77, 0x77, 0x30, 0x8F, 0x90, 0x30, 0xAE, 0x0A, 0xE0, 0x77,
  0x77, 0x40, 0xDF, 0x0C, 0x0A, 0xE0, 0xAE, 0x07, 0x77, 0x74, 0x03, 0xFF, 0x90, 0xAE, 0x07, 0x77,
  0x75, 0x08, 0xFF, 0x0A, 0xE0, 0x77, 0x77, 0x60, 0xDF, 0xE0, 0xAE, 0x07, 0x77, 0x76, 0x04, 0xFE,
  0x0A, 0xE0, 0x77, 0x77, 0x70, 0x9F, 0xD0, 0xAE, 0x07, 0x77, 0x77, 0x10, 0xDF, 0xC0, 0xAE, 0x07,
  0x77, 0x77, 0x10, 0x4F, 0xC0, 0xAE, 0x07, 0x77, 0x77, 0x20, 0xAF, 0xB0, 0xAE, 0x07, 0x77, 0x77,
  0x20, 0x10, 0xEF, 0xA0, 0xAE, 0x07, 0x77, 0x77, 0x30, 0x5F, 0xA0,
  // "ň" (U+0148), RLE, 871 bytes saved (66.0%)
  0x50, 0x8C, 0x0E, 0x05, 0x77, 0x20, 0x7D, 0x08, 0x73, 0x03, 0xE0, 0x97, 0x60, 0x10, 0xCD, 0x0E,
  0x03, 0x74, 0x04, 0xE0, 0xC0, 0x17, 0x30, 0x30, 0xED, 0x0E, 0x03, 0x76, 0x06, 0xE0, 0xE0, 0x37,
  0x10, 0x5F, 0x04, 0x77, 0x10, 0x7E, 0x0E, 0x04, 0x60, 0x7F, 0x04, 0x77, 0x30, 0x9F, 0x05, 0x40,
  0x8F, 0x06, 0x77, 0x50, 0xBF, 0x05, 0x20, 0x9F, 0x07, 0x77, 0x70, 0xCF, 0x04, 0x09, 0xF0, 0x97,
  0x77, 0x10, 0x10, 0xDF, 0xF0, 0xB7, 0x77, 0x30, 0x30, 0xEF, 0xD0, 0xC7, 0x77, 0x50, 0x5F, 0xC0,
  0xE0, 0x27, 0x77, 0x60, 0x9F, 0xB0, 0x57, 0x77, 0x71, 0x0D, 0xF9, 0x0A, 0x77, 0x77, 0x20, 0x4F,
  0x0E, 0x01, 0x80, 0xBC, 0x30, 0x89, 0x31, 0x59, 0xBD, 0xEF, 0xED, 0xCB, 0x74, 0x74, 0x0A, 0xD0,
  0x77, 0x05, 0x0B, 0xFF, 0x0A, 0x03, 0x71, 0x0A, 0xD0, 0xA5, 0x05, 0x0D, 0xFF, 0xC0, 0xB0, 0x26,
  0x0A, 0xD0, 0xD4, 0x0A, 0xFF, 0xF0, 0xE0, 0x55, 0x0A, 0xE2, 0x01, 0x0C, 0xFF, 0xFB, 0x06, 0x40,
  0xAE, 0x81, 0x30, 0xCF, 0xFF, 0xD0, 0x33, 0x0A, 0xE0, 0x60, 0x8F, 0x89, 0x0D, 0x97, 0x54, 0x45,
  0x69, 0xDF, 0xB0, 0xD3, 0x0A, 0xE0, 0xED, 0x81, 0xE8, 0x27, 0x30, 0x40, 0xCF, 0xA0, 0x62, 0x0A,
  0xFC, 0x0B, 0x01, 0x77, 0x08, 0xF9, 0x0D, 0x20, 0xAF, 0xB0, 0xA7, 0x73, 0x08, 0xF9, 0x81, 0x30,
  0xAF, 0xA0, 0xD7, 0x75, 0x0C, 0xF8, 0x17, 0x0A, 0xFA, 0x04, 0x77, 0x50, 0x5F, 0x81, 0xA0, 0xAF,
  0x90, 0xC7, 0x77, 0x0E, 0xE8, 0x1D, 0x0A, 0xF9, 0x05, 0x77, 0x70, 0xBF, 0x10, 0xAF, 0x97, 0x77,
  0x10, 0x8F, 0x01, 0x0A, 0xF0, 0xB7, 0x77, 0x10, 0x6F, 0x02, 0x0A, 0xF0, 0x77, 0x77, 0x10, 0x5F,
  0x02, 0x0A, 0xF0, 0x57, 0x77, 0x10, 0x4F, 0x02, 0x0A, 0xF0, 0x27, 0x77, 0x10, 0x4F, 0x02, 0x0A,
  0xF7, 0x77, 0x20, 0x4F, 0x02, 0x0A, 0xF7, 0x77, 0x20, 0x4F, 0x02, 0x0A, 0xE0, 0xE7, 0x77, 0x20,
  0x4F, 0x02, 0x0A, 0xE0, 0xD7, 0x77, 0x20, 0x4F, 0x02, 0x0A, 0xE0, 0xD7, 0x77, 0x20, 0x4F, 0x02,
  0x0A, 0xE0, 0xD7, 0x77, 0x20, 0x4F, 0x02, 0x0A, 0xE0, 0xD7, 0x77, 0x20, 0x4F, 0x02, 0x0A, 0xE0,
  0xD7, 0x77, 0x20, 0x4F, 0x02, 0x0A, 0xE0, 0xD7, 0x77, 0x20, 0x4F, 0x02, 0x0A, 0xE0, 0xD7, 0x77,
  0x20, 0x4F, 0x02, 0x0A, 0xE0, 0xD7, 0x77, 0x20, 0x4F, 0x02, 0x0A, 0xE0, 0xD7, 0x77, 0x20, 0x4F,
  0x02, 0x0A, 0xE0, 0xD7, 0x77, 0x20, 0x4F, 0x02, 0x0A, 0xE0, 0xD7, 0x77, 0x20, 0x4F, 0x02, 0x0A,
  0xE0, 0xD7, 0x77, 0x20, 0x4F, 0x02, 0x0A, 0xE0, 0xD7, 0x77, 0x20, 0x4F, 0x02, 0x0A, 0xE0, 0xD7,
  0x77, 0x20, 0x4F, 0x02, 0x0A, 0xE0, 0xD7, 0x77, 0x20, 0x4F, 0x02, 0x0A, 0xE0, 0xD7, 0x77, 0x20,
  0x4F, 0x02, 0x0A, 0xE0, 0xD7, 0x77, 0x20, 0x4F, 0x02, 0x0A, 0xE0, 0xD7, 0x77, 0x20, 0x4F, 0x02,
  0x0A, 0xE0, 0xD7, 0x77, 0x20, 0x4F, 0x02, 0x0A, 0xE0, 0xD7, 0x77, 0x20, 0x4F, 0x02, 0x0A, 0xE0,
  0xD7, 0x77, 0x20, 0x4F, 0x02, 0x0A, 0xE0, 0xD7, 0x77, 0x20, 0x4F, 0x02, 0x0A, 0xE0, 0xD7, 0x77,
  0x20, 0x4F, 0x02, 0x0A, 0xE0, 0xD7, 0x77, 0x20, 0x4F, 0x02, 0x0A, 0xE0, 0xD7, 0x77, 0x20, 0x4F,
  0x02,
  // "ŉ" (U+0149), RLE, 1140 bytes saved (70.5%)
  0x40, 0xBF, 0x0B, 0x80, 0xD0, 0x00, 0xEF, 0x0D, 0x80, 0xD0, 0x0F, 0x90, 0x98, 0x0C, 0x70, 0x03,
  0xF9, 0x04, 0x80, 0xC7, 0x00, 0x6F, 0x98, 0x0D, 0x00, 0x09, 0xF0, 0xA8, 0x0D, 0x00, 0x0B, 0xF0,
  0x58, 0x0D, 0x00, 0x0E, 0xF0, 0x18, 0x0C, 0x70, 0x02, 0xF0, 0xA8, 0x0D, 0x00, 0x05, 0xF0, 0x58,
  0x0D, 0x00, 0x08, 0xE0, 0xE8, 0x0D, 0x10, 0x0C, 0xE0, 0x88, 0x0D, 0x10, 0xF0, 0x28, 0x0D, 0x00,
  0x03, 0xE0, 0xC8, 0x0D, 0x10, 0x06, 0xE0, 0x57, 0x76, 0x89, 0x31, 0x59, 0xBD, 0xEF, 0xED, 0xCB,
  0x74, 0x75, 0x09, 0xD0, 0xE5, 0x0A, 0xD0, 0x77, 0x05, 0x0B, 0xFF, 0x0A, 0x03, 0x72, 0x0D, 0xD0,
  0x85, 0x0A, 0xD0, 0xA5, 0x05, 0x0D, 0xFF, 0xC0, 0xB0, 0x26, 0x01, 0xE0, 0x25, 0x0A, 0xD0, 0xD4,
  0x0A, 0xFF, 0xF0, 0xE0, 0x55, 0x05, 0xD0, 0xA6, 0x0A, 0xE2, 0x01, 0x0C, 0xFF, 0xFB, 0x06, 0x40,
  0x9D, 0x04, 0x60, 0xAE, 0x81, 0x30, 0xCF, 0xFF, 0xD0, 0x33, 0x0D, 0xC0, 0xD7, 0x0A, 0xE0, 0x60,
  0x8F, 0x89, 0x0D, 0x97, 0x54, 0x45, 0x69, 0xDF, 0xB0, 0xD7, 0x72, 0x0A, 0xE0, 0xED, 0x81, 0xE8,
  0x27, 0x30, 0x40, 0xCF, 0xA0, 0x67, 0x71, 0x0A, 0xFC, 0x0B, 0x01, 0x77, 0x08, 0xF9, 0x0D, 0x77,
  0x10, 0xAF, 0xB0, 0xA7, 0x73, 0x08, 0xF9, 0x03, 0x77, 0x0A, 0xFA, 0x0D, 0x77, 0x50, 0xCF, 0x07,
  0x77, 0x0A, 0xFA, 0x04, 0x77, 0x50, 0x5F, 0x0A, 0x77, 0x0A, 0xF9, 0x0C, 0x77, 0x70, 0xEE, 0x0D,
  0x77, 0x0A, 0xF9, 0x05, 0x77, 0x70, 0xBF, 0x77, 0x0A, 0xF9, 0x77, 0x71, 0x08, 0xF0, 0x17, 0x60,
  0xAF, 0x0B, 0x77, 0x71, 0x06, 0xF0, 0x27, 0x60, 0xAF, 0x07, 0x77, 0x71, 0x05, 0xF0, 0x27, 0x60,
  0xAF, 0x05, 0x77, 0x71, 0x04, 0xF0, 0x27, 0x60, 0xAF, 0x02, 0x77, 0x71, 0x04, 0xF0, 0x27, 0x60,
  0xAF, 0x77, 0x72, 0x04, 0xF0, 0x27, 0x60, 0xAF, 0x77, 0x72, 0x04, 0xF0, 0x27, 0x60, 0xAE, 0x0E,
  0x77, 0x72, 0x04, 0xF0, 0x27, 0x60, 0xAE, 0x0D, 0x77, 0x72, 0x04, 0xF0, 0x27, 0x60, 0xAE, 0x0D,
  0x77, 0x72, 0x04, 0xF0, 0x27, 0x60, 0xAE, 0x0D, 0x77, 0x72, 0x04, 0xF0, 0x27, 0x60, 0xAE, 0x0D,
  0x77, 0x72, 0x04, 0xF0, 0x27, 0x60, 0xAE, 0x0D, 0x77, 0x72, 0x04, 0xF0, 0x27, 0x60, 0xAE, 0x0D,
  0x77, 0x72, 0x04, 0xF0, 0x27, 0x60, 0xAE, 0x0D, 0x77, 0x72, 0x04, 0xF0, 0x27, 0x60, 0xAE, 0x0D,
  0x77, 0x72, 0x04, 0xF0, 0x27, 0x60, 0xAE, 0x0D, 0x77, 0x72, 0x04, 0xF0, 0x27, 0x60, 0xAE, 0x0D,
  0x77, 0x72, 0x04, 0xF0, 0x27, 0x60, 0xAE, 0x0D, 0x77, 0x72, 0x04, 0xF0, 0x27, 0x60, 0xAE, 0x0D,
  0x77, 0x72, 0x04, 0xF0, 0x27, 0x60, 0xAE, 0x0D, 0x77, 0x72, 0x04, 0xF0, 0x27, 0x60, 0xAE, 0x0D,
  0x77, 0x72, 0x04, 0xF0, 0x27, 0x60, 0xAE, 0x0D, 0x77, 0x72, 0x04, 0xF0, 0x27, 0x60, 0xAE, 0x0D,
  0x77, 0x72, 0x04, 0xF0, 0x27, 0x60, 0xAE, 0x0D, 0x77, 0x72, 0x04, 0xF0, 0x27, 0x60, 0xAE, 0x0D,
  0x77, 0x72, 0x04, 0xF0, 0x27, 0x60, 0xAE, 0x0D, 0x77, 0x72, 0x04, 0xF0, 0x27, 0x60, 0xAE, 0x0D,
  0x77, 0x72, 0x04, 0xF0, 0x27, 0x60, 0xAE, 0x0D, 0x77, 0x72, 0x04, 0xF0, 0x27, 0x60, 0xAE, 0x0D,
  0x77, 0x72, 0x04, 0xF0, 0x27, 0x60, 0xAE, 0x0D, 0x77, 0x72, 0x04, 0xF0, 0x27, 0x60, 0xAE, 0x0D,
  0x77, 0x72, 0x04, 0xF0, 0x27, 0x60, 0xAE, 0x0D, 0x77, 0x72, 0x04, 0xF0, 0x20,
  // "Ŋ" (U+014A), RLE, 1277 bytes saved (67.7%)
  0x0A, 0xF9, 0x09, 0x77, 0x77, 0x30, 0x3F, 0x0A, 0xFA, 0x04, 0x77, 0x77, 0x20, 0x3F, 0x0A, 0xFA,
  0x0D, 0x77, 0x77, 0x20, 0x3F, 0x0A, 0xFB, 0x09, 0x77, 0x77, 0x10, 0x3F, 0x0A, 0xFC, 0x04, 0x77,
  0x77, 0x03, 0xF0, 0xAF, 0xC0, 0xD0, 0x17, 0x77, 0x60, 0x3F, 0x0A, 0xFD, 0x09, 0x77, 0x76, 0x03,
  0xF0, 0xAF, 0xE0, 0x47, 0x77, 0x50, 0x3F, 0x0A, 0xFE, 0x0D, 0x01, 0x77, 0x74, 0x03, 0xF0, 0xAF,
  0xF0, 0x97, 0x77, 0x40, 0x3F, 0x0A, 0xD0, 0xD0, 0x8F, 0x90, 0x47, 0x77, 0x30, 0x3F, 0x0A, 0xD8,
  0x1E, 0x0C, 0xF0, 0xE0, 0x17, 0x77, 0x20, 0x3F, 0x0A, 0xE1, 0x02, 0xF9, 0x09, 0x77, 0x72, 0x03,
  0xF0, 0xAE, 0x20, 0x7F, 0x90, 0x47, 0x77, 0x10, 0x3F, 0x0A, 0xE0, 0x12, 0x0C, 0xF0, 0xE0, 0x17,
  0x77, 0x03, 0xF0, 0xAE, 0x01, 0x20, 0x2F, 0x90, 0xA7, 0x77, 0x03, 0xF0, 0xAE, 0x02, 0x30, 0x6F,
  0x90, 0x47, 0x76, 0x03, 0xF0, 0xAE, 0x03, 0x40, 0xBF, 0x0E, 0x01, 0x77, 0x50, 0x3F, 0x0A, 0xE0,
  0x34, 0x02, 0x0E, 0xF0, 0xA7, 0x75, 0x03, 0xF0, 0xAE, 0x04, 0x50, 0x6F, 0x90, 0x57, 0x74, 0x03,
  0xF0, 0xAE, 0x05, 0x60, 0xBF, 0x0E, 0x01, 0x77, 0x30, 0x3F, 0x0A, 0xE0, 0x56, 0x01, 0x0E, 0xF0,
  0xA7, 0x73, 0x03, 0xF0, 0xAE, 0x05, 0x70, 0x5F, 0x90, 0x57, 0x72, 0x03, 0xF0, 0xAE, 0x06, 0x71,
  0x0A, 0xF0, 0xE0, 0x17, 0x71, 0x03, 0xF0, 0xAE, 0x06, 0x71, 0x01, 0x0E, 0xF0, 0xA7, 0x71, 0x03,
  0xF0, 0xAE, 0x06, 0x72, 0x05, 0xF9, 0x05, 0x77, 0x03, 0xF0, 0xAE, 0x07, 0x73, 0x0A, 0xF0, 0xE0,
  0x17, 0x60, 0x3F, 0x0A, 0xE0, 0x77, 0x30, 0x10, 0xDF, 0x0A, 0x76, 0x03, 0xF0, 0xAE, 0x07, 0x74,
  0x04, 0xF9, 0x05, 0x75, 0x03, 0xF0, 0xAE, 0x07, 0x75, 0x09, 0xF0, 0xE0, 0x17, 0x40, 0x3F, 0x0A,
  0xE0, 0x77, 0x60, 0xDF, 0x0A, 0x74, 0x03, 0xF0, 0xAE, 0x07, 0x76, 0x03, 0xF9, 0x05, 0x73, 0x03,
  0xF0, 0xAE, 0x07, 0x77, 0x08, 0xF0, 0xE0, 0x17, 0x20, 0x3F, 0x0A, 0xE0, 0x77, 0x71, 0x0D, 0xF0,
  0xA7, 0x20, 0x2F, 0x0A, 0xE0, 0x77, 0x71, 0x03, 0xF9, 0x05, 0x71, 0x02, 0xF0, 0xAE, 0x07, 0x77,
  0x20, 0x8F, 0x0E, 0x01, 0x70, 0x2F, 0x0A, 0xE0, 0x77, 0x73, 0x0C, 0xF0, 0xA7, 0x01, 0xF0, 0xAE,
  0x07, 0x77, 0x30, 0x3F, 0x90, 0x56, 0x01, 0xF0, 0xAE, 0x07, 0x77, 0x40, 0x7F, 0x0E, 0x01, 0x50,
  0x1F, 0x0A, 0xE0, 0x77, 0x75, 0x0C, 0xF0, 0xB5, 0x01, 0xF0, 0xAE, 0x07, 0x77, 0x50, 0x2F, 0x90,
  0x55, 0xF0, 0xAE, 0x07, 0x77, 0x60, 0x7F, 0x0E, 0x01, 0x4F, 0x0A, 0xE0, 0x77, 0x77, 0x0B, 0xF0,
  0xB4, 0xF0, 0xAE, 0x07, 0x77, 0x70, 0x20, 0xEF, 0x05, 0x30, 0xEE, 0x0A, 0xE0, 0x77, 0x77, 0x10,
  0x6F, 0x0E, 0x01, 0x20, 0xEE, 0x0A, 0xE0, 0x77, 0x77, 0x20, 0xBF, 0x0B, 0x20, 0xDE, 0x0A, 0xE0,
  0x77, 0x77, 0x20, 0x10, 0xEF, 0x81, 0x60, 0xCE, 0x0A, 0xE0, 0x77, 0x77, 0x30, 0x5F, 0x81, 0xE1,
  0xBE, 0x0A, 0xE0, 0x77, 0x77, 0x40, 0xAF, 0x0B, 0x0A, 0xE0, 0xAE, 0x07, 0x77, 0x74, 0x01, 0x0E,
  0xFF, 0x0A, 0xE0, 0x77, 0x77, 0x50, 0x5F, 0xF0, 0xAE, 0x07, 0x77, 0x76, 0x0A, 0xFE, 0x0A, 0xE0,
  0x77, 0x77, 0x60, 0x10, 0xEF, 0xD0, 0xAE, 0x07, 0x77, 0x77, 0x04, 0xFD, 0x0A, 0xE0, 0x77, 0x77,
  0x71, 0x09, 0xFC, 0x0A, 0xE0, 0x77, 0x77, 0x72, 0x0D, 0xFB, 0x0A, 0xE0, 0x77, 0x77, 0x72, 0x04,
  0xFB, 0x0A, 0xE0, 0x77, 0x77, 0x73, 0x09, 0xFA, 0x0A, 0xE0, 0x77, 0x77, 0x74, 0x0D, 0xF9, 0x0A,
  0xE0, 0x77, 0x77, 0x74, 0x03, 0xF9, 0x0A, 0xE0, 0x77, 0x77, 0x75, 0x08, 0xF8, 0x0C, 0x50, 0x03,
  0xF8, 0x0C, 0x50, 0x04, 0xE0, 0xE8, 0x0C, 0x50, 0x06, 0xE0, 0xC8, 0x0C, 0x50, 0x09, 0xE0, 0xA8,
  0x0C, 0x50, 0x0D, 0xE0, 0x78, 0x0C, 0x40, 0x05, 0xF0, 0x48, 0x0C, 0x30, 0x01, 0x0D, 0xE0, 0xE8,
  0x0C, 0x40, 0x0C, 0xF0, 0x98, 0x0C, 0x20, 0x04, 0x0D, 0xF9, 0x02, 0x77, 0x76, 0x89, 0x1A, 0xDA,
  0x86, 0x54, 0x56, 0x9E, 0xFA, 0x09, 0x77, 0x77, 0x0A, 0xFF, 0xC0, 0xD7, 0x77, 0x71, 0x0A, 0xFF,
  0xB0, 0xD0, 0x27, 0x77, 0x71, 0x0A, 0xFF, 0xA0, 0xC0, 0x17, 0x77, 0x72, 0x0A, 0xFF, 0x90, 0x87,
  0x77, 0x74, 0x0A, 0xFD, 0x81, 0xE8, 0x17, 0x77, 0x76, 0x83, 0x59, 0xBD, 0xEA, 0x83, 0xED, 0xB8,
  0x47, 0x30,
  // "ŋ" (U+014B), RLE, 893 bytes saved (65.7%)
  0x77, 0x28, 0x94, 0x16, 0x9C, 0xDE, 0xFE, 0xEC, 0xB8, 0x51, 0x73, 0x0A, 0xD0, 0x87, 0x05, 0x0C,
  0xFF, 0x0B, 0x04, 0x71, 0x0A, 0xD0, 0xB5, 0x05, 0x0D, 0xFF, 0xC0, 0xC0, 0x36, 0x0A, 0xD0, 0xE4,
  0x09, 0xFF, 0xF9, 0x06, 0x50, 0xAE, 0x01, 0x20, 0xBF, 0xFF, 0xB0, 0x74, 0x0A, 0xE8, 0x14, 0x0B,
  0xFF, 0xFD, 0x04, 0x30, 0xAE, 0x00, 0x7F, 0x89, 0x0D, 0xA7, 0x55, 0x45, 0x69, 0xDF, 0xB0, 0xE3,
  0x0A, 0xE0, 0xEE, 0x09, 0x02, 0x73, 0x03, 0x0B, 0xFA, 0x07, 0x20, 0xAF, 0xC0, 0xC0, 0x27, 0x70,
  0x8F, 0x90, 0xD2, 0x0A, 0xFB, 0x0B, 0x77, 0x30, 0x8F, 0x98, 0x14, 0x0A, 0xFA, 0x0D, 0x77, 0x50,
  0xCF, 0x81, 0x80, 0xAF, 0xA0, 0x57, 0x75, 0x05, 0xF8, 0x1B, 0x0A, 0xF9, 0x0C, 0x77, 0x70, 0xEE,
  0x81, 0xE0, 0xAF, 0x90, 0x57, 0x77, 0x0B, 0xF0, 0x10, 0xAF, 0x97, 0x77, 0x10, 0x8F, 0x02, 0x0A,
  0xF0, 0xB7, 0x77, 0x10, 0x6F, 0x03, 0x0A, 0xF0, 0x77, 0x77, 0x10, 0x5F, 0x03, 0x0A, 0xF0, 0x57,
  0x77, 0x10, 0x4F, 0x04, 0x0A, 0xF0, 0x27, 0x77, 0x10, 0x4F, 0x04, 0x0A, 0xF7, 0x77, 0x20, 0x4F,
  0x04, 0x0A, 0xF7, 0x77, 0x20, 0x4F, 0x04, 0x0A, 0xE0, 0xE7, 0x77, 0x20, 0x4F, 0x04, 0x0A, 0xE0,
  0xD7, 0x77, 0x20, 0x4F, 0x04, 0x0A, 0xE0, 0xD7, 0x77, 0x20, 0x4F, 0x04, 0x0A, 0xE0, 0xD7, 0x77,
  0x20, 0x4F, 0x04, 0x0A, 0xE0, 0xD7, 0x77, 0x20, 0x4F, 0x04, 0x0A, 0xE0, 0xD7, 0x77, 0x20, 0x4F,
  0x04, 0x0A, 0xE0, 0xD7, 0x77, 0x20, 0x4F, 0x04, 0x0A, 0xE0, 0xD7, 0x77, 0x20, 0x4F, 0x04, 0x0A,
  0xE0, 0xD7, 0x77, 0x20, 0x4F, 0x04, 0x0A, 0xE0, 0xD7, 0x77, 0x20, 0x4F, 0x04, 0x0A, 0xE0, 0xD7,
  0x77, 0x20, 0x4F, 0x04, 0x0A, 0xE0, 0xD7, 0x77, 0x20, 0x4F, 0x04, 0x0A, 0xE0, 0xD7, 0x77, 0x20,
  0x4F, 0x04, 0x0A, 0xE0, 0xD7, 0x77, 0x20, 0x4F, 0x04, 0x0A, 0xE0, 0xD7, 0x77, 0x20, 0x4F, 0x04,
  0x0A, 0xE0, 0xD7, 0x77, 0x20, 0x4F, 0x04, 0x0A, 0xE0, 0xD7, 0x77, 0x20, 0x4F, 0x04, 0x0A, 0xE0,
  0xD7, 0x77, 0x20, 0x4F, 0x04, 0x0A, 0xE0, 0xD7, 0x77, 0x20, 0x4F, 0x04, 0x0A, 0xE0, 0xD7, 0x77,
  0x20, 0x4F, 0x04, 0x0A, 0xE0, 0xD7, 0x77, 0x20, 0x4F, 0x04, 0x0A, 0xE0, 0xD7, 0x77, 0x20, 0x4F,
  0x04, 0x0A, 0xE0, 0xD7, 0x77, 0x20, 0x4F, 0x04, 0x0A, 0xE0, 0xD7, 0x77, 0x20, 0x4F, 0x04, 0x0A,
  0xE0, 0xD7, 0x77, 0x20, 0x4F, 0x04, 0x0A, 0xE0, 0xD7, 0x77, 0x20, 0x4F, 0x04, 0x77, 0x77, 0x30,
  0x4F, 0x04, 0x77, 0x77, 0x30, 0x4F, 0x04, 0x77, 0x77, 0x30, 0x4F, 0x04, 0x77, 0x77, 0x30, 0x4F,
  0x04, 0x77, 0x77, 0x30, 0x4F, 0x04, 0x77, 0x77, 0x30, 0x4F, 0x04, 0x77, 0x77, 0x30, 0x4F, 0x04,
  0x77, 0x77, 0x30, 0x4F, 0x03, 0x77, 0x77, 0x30, 0x5F, 0x02, 0x77, 0x77, 0x30, 0x6F, 0x01, 0x77,
  0x77, 0x30, 0x9F, 0x77, 0x77, 0x40, 0xDE, 0x0C, 0x77, 0x77, 0x30, 0x6F, 0x09, 0x77, 0x77, 0x20,
  0x5F, 0x90, 0x47, 0x77, 0x87, 0x3E, 0xA7, 0x54, 0x57, 0xCF, 0x90, 0xD7, 0x77, 0x10, 0x3F, 0xFA,
  0x06, 0x77, 0x71, 0x03, 0xFF, 0x90, 0xC7, 0x77, 0x20, 0x3F, 0xF0, 0xD0, 0x27, 0x77, 0x20, 0x3F,
  0xE0, 0xD0, 0x27, 0x77, 0x30, 0x3F, 0xC0, 0xE0, 0x77, 0x77, 0x68, 0x92, 0x38, 0xBD, 0xEF, 0xED,
  0xC9, 0x51, 0x70,
  // "Ō" (U+014C), RLE, 1544 bytes saved (72.2%)
  0x77, 0x10, 0x28, 0x0A, 0x54, 0x77, 0x77, 0x30, 0x8F, 0xFF, 0xC7, 0x77, 0x73, 0x08, 0xFF, 0xFC,
  0x77, 0x77, 0x30, 0x8F, 0xFF, 0xC7, 0x77, 0x73, 0x08, 0xFF, 0xFC, 0x77, 0x77, 0x30, 0x8F, 0xFF,
  0xC7, 0x77, 0x73, 0x08, 0xFF, 0xFC, 0x80, 0xCF, 0x50, 0x89, 0x71, 0x47, 0x9B, 0xCD, 0xEF, 0xED,
  0xDC, 0xA7, 0x52, 0x80, 0xC1, 0x08, 0x13, 0x8D, 0xFF, 0xB8, 0x1E, 0x93, 0x77, 0x77, 0x40, 0x70,
  0xDF, 0xFF, 0xA0, 0xE0, 0x77, 0x77, 0x70, 0x60, 0xEF, 0xFF, 0xE0, 0xE0, 0x67, 0x77, 0x30, 0x20,
  0xCF, 0xFF, 0xFB, 0x0C, 0x02, 0x77, 0x70, 0x60, 0xEF, 0xFF, 0xFE, 0x06, 0x77, 0x50, 0x9F, 0xE8,
  0x92, 0xC9, 0x75, 0x54, 0x45, 0x68, 0xAE, 0xFD, 0x09, 0x77, 0x30, 0x9F, 0xB8, 0x1E, 0xA4, 0x76,
  0x81, 0x27, 0xDF, 0xB0, 0x97, 0x71, 0x09, 0xFB, 0x08, 0x01, 0x77, 0x40, 0x50, 0xDF, 0xA0, 0x97,
  0x60, 0x5F, 0xA0, 0xC0, 0x27, 0x77, 0x10, 0x8F, 0xA0, 0x57, 0x40, 0x20, 0xEF, 0x90, 0x97, 0x77,
  0x40, 0x5F, 0x90, 0xE0, 0x27, 0x30, 0xCF, 0x90, 0x97, 0x77, 0x60, 0x4F, 0x90, 0xC7, 0x20, 0x5F,
  0x90, 0xB7, 0x77, 0x71, 0x06, 0xF9, 0x06, 0x71, 0x0D, 0xF0, 0xE0, 0x17, 0x77, 0x72, 0x0B, 0xF0,
  0xE7, 0x06, 0xF9, 0x05, 0x77, 0x77, 0x30, 0x10, 0xEF, 0x07, 0x60, 0xDF, 0x0C, 0x77, 0x77, 0x50,
  0x8F, 0x0E, 0x50, 0x3F, 0x90, 0x47, 0x77, 0x75, 0x01, 0x0E, 0xF0, 0x44, 0x09, 0xF0, 0xC7, 0x77,
  0x77, 0x09, 0xF0, 0xA4, 0x0E, 0xF0, 0x67, 0x77, 0x77, 0x03, 0xF9, 0x01, 0x20, 0x3F, 0x90, 0x18,
  0x0C, 0x00, 0x0D, 0xF0, 0x52, 0x07, 0xF0, 0xC8, 0x0C, 0x10, 0x08, 0xF0, 0x92, 0x0B, 0xF0, 0x88,
  0x0C, 0x10, 0x05, 0xF0, 0xD2, 0x0E, 0xF0, 0x48, 0x0C, 0x10, 0x01, 0xF9, 0x00, 0x1F, 0x90, 0x18,
  0x0C, 0x20, 0x0D, 0xF0, 0x03, 0xF0, 0xE8, 0x0C, 0x30, 0x0B, 0xF0, 0x60, 0x5F, 0x0C, 0x80, 0xC3,
  0x00, 0x9F, 0x08, 0x07, 0xF0, 0xA8, 0x0C, 0x30, 0x07, 0xF0, 0xA0, 0x9F, 0x09, 0x80, 0xC3, 0x00,
  0x6F, 0x0B, 0x09, 0xF0, 0x78, 0x0C, 0x30, 0x05, 0xF0, 0xC0, 0xAF, 0x07, 0x80, 0xC3, 0x00, 0x4F,
  0x0C, 0x0B, 0xF0, 0x68, 0x0C, 0x30, 0x04, 0xF0, 0xD0, 0xBF, 0x06, 0x80, 0xC3, 0x00, 0x4F, 0x0E,
  0x0A, 0xF0, 0x68, 0x0C, 0x30, 0x04, 0xF0, 0xD0, 0xAF, 0x07, 0x80, 0xC3, 0x00, 0x4F, 0x0C, 0x09,
  0xF0, 0x88, 0x0C, 0x30, 0x05, 0xF0, 0xC0, 0x9F, 0x09, 0x80, 0xC3, 0x00, 0x6F, 0x0B, 0x07, 0xF0,
  0xA8, 0x0C, 0x30, 0x07, 0xF0, 0xA0, 0x5F, 0x0C, 0x80, 0xC3, 0x00, 0x9F, 0x08, 0x03, 0xF0, 0xE8,
  0x0C, 0x30, 0x0C, 0xF0, 0x50, 0x1F, 0x90, 0x18, 0x0C, 0x20, 0x0E, 0xF8, 0x13, 0x0E, 0xF0, 0x58,
  0x0C, 0x10, 0x02, 0xF9, 0x81, 0x10, 0xAF, 0x08, 0x80, 0xC1, 0x00, 0x5F, 0x0C, 0x20, 0x6F, 0x0C,
  0x80, 0xC1, 0x00, 0x9F, 0x08, 0x20, 0x3F, 0x90, 0x18, 0x0C, 0x00, 0x0E, 0xF0, 0x43, 0x0E, 0xF0,
  0x77, 0x77, 0x77, 0x04, 0xF9, 0x01, 0x30, 0x8F, 0x0D, 0x77, 0x77, 0x70, 0xAF, 0x0A, 0x40, 0x3F,
  0x90, 0x47, 0x77, 0x75, 0x01, 0xF9, 0x04, 0x50, 0xDF, 0x0C, 0x77, 0x77, 0x50, 0x9F, 0x0D, 0x60,
  0x6F, 0x90, 0x57, 0x77, 0x73, 0x02, 0xF9, 0x06, 0x70, 0xDF, 0x0E, 0x01, 0x77, 0x77, 0x20, 0xBF,
  0x0D, 0x71, 0x05, 0xF9, 0x0B, 0x77, 0x77, 0x10, 0x7F, 0x90, 0x57, 0x20, 0xCF, 0x90, 0x97, 0x77,
  0x60, 0x5F, 0x90, 0xC7, 0x30, 0x20, 0xEF, 0x90, 0x97, 0x77, 0x40, 0x6F, 0x90, 0xE0, 0x17, 0x40,
  0x5F, 0xA0, 0xC0, 0x27, 0x77, 0x10, 0x9F, 0xA0, 0x57, 0x60, 0x8F, 0xA8, 0x1E, 0x81, 0x77, 0x40,
  0x50, 0xDF, 0xA0, 0x87, 0x71, 0x09, 0xFB, 0x81, 0xE9, 0x47, 0x68, 0x12, 0x8D, 0xFB, 0x08, 0x77,
  0x30, 0x9F, 0xE8, 0x92, 0xB9, 0x75, 0x54, 0x45, 0x68, 0xBE, 0xFD, 0x08, 0x77, 0x50, 0x6F, 0xFF,
  0xFE, 0x0E, 0x05, 0x77, 0x70, 0x20, 0xDF, 0xFF, 0xFB, 0x0C, 0x02, 0x77, 0x73, 0x06, 0x0E, 0xFF,
  0xFE, 0x0D, 0x06, 0x77, 0x77, 0x07, 0x0D, 0xFF, 0xFA, 0x0D, 0x07, 0x77, 0x77, 0x48, 0x13, 0x8D,
  0xFF, 0xB8, 0x1D, 0x83, 0x80, 0xC1, 0x08, 0x97, 0x14, 0x7A, 0xCC, 0xDE, 0xFE, 0xDD, 0xCA, 0x74,
  0x27, 0x76,
  // "ō" (U+014D), RLE, 913 bytes saved (69.2%)
  0x72, 0x02, 0x80, 0xA5, 0x47, 0x74, 0x08, 0xFF, 0xFC, 0x77, 0x40, 0x8F, 0xFF, 0xC7, 0x74, 0x08,
  0xFF, 0xFC, 0x77, 0x40, 0x8F, 0xFF, 0xC7, 0x74, 0x08, 0xFF, 0xFC, 0x77, 0x40, 0x8F, 0xFF, 0xC8,
  0x0B, 0xE0, 0x08, 0x42, 0x69, 0xBD, 0xEA, 0x84, 0xED, 0xB9, 0x62, 0x77, 0x76, 0x81, 0x17, 0xDF,
  0xF8, 0x1C, 0x71, 0x77, 0x71, 0x01, 0x09, 0xFF, 0xD8, 0x1E, 0x81, 0x77, 0x50, 0x60, 0xEF, 0xFF,
  0x90, 0xD0, 0x47, 0x73, 0x09, 0xFF, 0xFD, 0x08, 0x77, 0x10, 0xBF, 0xFF, 0xF0, 0x97, 0x60, 0xBF,
  0xB8, 0x90, 0xD9, 0x75, 0x44, 0x57, 0x9D, 0xFB, 0x0A, 0x74, 0x08, 0xFA, 0x0A, 0x03, 0x73, 0x03,
  0x0A, 0xFA, 0x07, 0x72, 0x04, 0xF9, 0x0D, 0x03, 0x77, 0x04, 0x0D, 0xF9, 0x03, 0x71, 0x0D, 0xF0,
  0xD0, 0x17, 0x72, 0x01, 0x0D, 0xF0, 0xC7, 0x07, 0xF0, 0xE0, 0x27, 0x74, 0x02, 0x0E, 0xF0, 0x66,
  0x0E, 0xF0, 0x67, 0x76, 0x06, 0xF0, 0xD5, 0x05, 0xF0, 0xD7, 0x77, 0x10, 0xDF, 0x05, 0x40, 0xBF,
  0x05, 0x77, 0x71, 0x04, 0xF0, 0xB4, 0xF9, 0x77, 0x73, 0x0E, 0xF0, 0x12, 0x04, 0xF0, 0xA7, 0x77,
  0x30, 0x9F, 0x05, 0x20, 0x8F, 0x05, 0x77, 0x73, 0x04, 0xF0, 0x92, 0x0B, 0xF0, 0x27, 0x77, 0x30,
  0x1F, 0x0C, 0x20, 0xDF, 0x77, 0x75, 0x0E, 0xE0, 0xE2, 0xF0, 0xD7, 0x77, 0x50, 0xBF, 0x00, 0x1F,
  0x0B, 0x77, 0x75, 0x09, 0xF0, 0x30, 0x2F, 0x0A, 0x77, 0x75, 0x08, 0xF0, 0x40, 0x3F, 0x09, 0x77,
  0x75, 0x07, 0xF0, 0x50, 0x3F, 0x09, 0x77, 0x75, 0x07, 0xF0, 0x50, 0x3F, 0x09, 0x77, 0x75, 0x07,
  0xF0, 0x50, 0x3F, 0x09, 0x77, 0x75, 0x08, 0xF0, 0x50, 0x2F, 0x0A, 0x77, 0x75, 0x09, 0xF0, 0x40,
  0x1F, 0x0B, 0x77, 0x75, 0x09, 0xF8, 0x13, 0x0E, 0xE0, 0xD7, 0x77, 0x50, 0xCF, 0x81, 0x10, 0xCF,
  0x01, 0x77, 0x74, 0x0E, 0xF2, 0x0A, 0xF0, 0x37, 0x77, 0x30, 0x1F, 0x0C, 0x20, 0x6F, 0x07, 0x77,
  0x73, 0x05, 0xF0, 0x92, 0x02, 0xF0, 0xC7, 0x77, 0x30, 0xAF, 0x05, 0x30, 0xDF, 0x01, 0x77, 0x72,
  0x0E, 0xF0, 0x13, 0x08, 0xF0, 0x77, 0x77, 0x10, 0x6F, 0x0C, 0x40, 0x2F, 0x0E, 0x01, 0x77, 0x70,
  0xDF, 0x06, 0x50, 0xBF, 0x08, 0x77, 0x60, 0x7F, 0x0E, 0x60, 0x3F, 0x90, 0x37, 0x74, 0x03, 0xF9,
  0x07, 0x70, 0x9F, 0x0E, 0x02, 0x77, 0x20, 0x20, 0xDF, 0x0D, 0x71, 0x01, 0x0E, 0xF0, 0xE0, 0x57,
  0x70, 0x40, 0xEF, 0x90, 0x47, 0x20, 0x4F, 0xA0, 0xB0, 0x47, 0x30, 0x30, 0xAF, 0xA0, 0x87, 0x40,
  0x7F, 0xB8, 0x90, 0xEA, 0x75, 0x44, 0x57, 0x9D, 0xFB, 0x0B, 0x76, 0x07, 0xFF, 0xFF, 0x0B, 0x77,
  0x10, 0x6F, 0xFF, 0xD0, 0x97, 0x73, 0x02, 0x0C, 0xFF, 0xF9, 0x0E, 0x05, 0x77, 0x60, 0x70, 0xEF,
  0xFD, 0x09, 0x01, 0x77, 0x72, 0x06, 0x0B, 0xFF, 0x81, 0xD7, 0x17, 0x77, 0x68, 0x41, 0x58, 0xBD,
  0xEA, 0x84, 0xED, 0xB9, 0x62, 0x77, 0x10,
  // "Ŏ" (U+014E), RLE, 1618 bytes saved (71.0%)
  0x77, 0x18, 0x44, 0x77, 0x77, 0x17, 0x72, 0x84, 0x47, 0x77, 0x71, 0x77, 0x77, 0x10, 0x6C, 0x04,
  0x77, 0x20, 0xCC, 0x77, 0x77, 0x20, 0x4C, 0x09, 0x77, 0x10, 0x2C, 0x0D, 0x77, 0x77, 0x20, 0x1D,
  0x02, 0x77, 0x0B, 0xC0, 0x97, 0x77, 0x73, 0x0B, 0xC0, 0xD0, 0x47, 0x40, 0x40, 0xCD, 0x03, 0x77,
  0x77, 0x30, 0x5E, 0x89, 0x1D, 0xA7, 0x54, 0x45, 0x67, 0xAE, 0xE0, 0xC7, 0x77, 0x75, 0x0C, 0xFF,
  0xF9, 0x03, 0x77, 0x77, 0x50, 0x30, 0xEF, 0xFE, 0x07, 0x77, 0x77, 0x70, 0x5F, 0xFD, 0x08, 0x80,
  0xC1, 0x00, 0x40, 0xEF, 0xF9, 0x0E, 0x06, 0x80, 0xC3, 0x08, 0x11, 0x8E, 0xFC, 0x81, 0xE9, 0x28,
  0x0C, 0x70, 0x89, 0x25, 0x8B, 0xDE, 0xFE, 0xDC, 0x95, 0x18, 0x0D, 0x83, 0x08, 0x97, 0x14, 0x79,
  0xBC, 0xDE, 0xFE, 0xDD, 0xCA, 0x75, 0x28, 0x0C, 0x10, 0x81, 0x38, 0xDF, 0xFB, 0x81, 0xE9, 0x37,
  0x77, 0x74, 0x07, 0x0D, 0xFF, 0xFA, 0x0E, 0x07, 0x77, 0x77, 0x06, 0x0E, 0xFF, 0xFE, 0x0E, 0x06,
  0x77, 0x73, 0x02, 0x0C, 0xFF, 0xFF, 0xB0, 0xC0, 0x27, 0x77, 0x06, 0x0E, 0xFF, 0xFF, 0xE0, 0x67,
  0x75, 0x09, 0xFE, 0x89, 0x2C, 0x97, 0x55, 0x44, 0x56, 0x8A, 0xEF, 0xD0, 0x97, 0x73, 0x09, 0xFB,
  0x81, 0xEA, 0x47, 0x68, 0x12, 0x7D, 0xFB, 0x09, 0x77, 0x10, 0x9F, 0xB0, 0x80, 0x17, 0x74, 0x05,
  0x0D, 0xFA, 0x09, 0x76, 0x05, 0xFA, 0x0C, 0x02, 0x77, 0x71, 0x08, 0xFA, 0x05, 0x74, 0x02, 0x0E,
  0xF9, 0x09, 0x77, 0x74, 0x05, 0xF9, 0x0E, 0x02, 0x73, 0x0C, 0xF9, 0x09, 0x77, 0x76, 0x04, 0xF9,
  0x0C, 0x72, 0x05, 0xF9, 0x0B, 0x77, 0x77, 0x10, 0x6F, 0x90, 0x67, 0x10, 0xDF, 0x0E, 0x01, 0x77,
  0x77, 0x20, 0xBF, 0x0E, 0x70, 0x6F, 0x90, 0x57, 0x77, 0x73, 0x01, 0x0E, 0xF0, 0x76, 0x0D, 0xF0,
  0xC7, 0x77, 0x75, 0x08, 0xF0, 0xE5, 0x03, 0xF9, 0x04, 0x77, 0x77, 0x50, 0x10, 0xEF, 0x04, 0x40,
  0x9F, 0x0C, 0x77, 0x77, 0x70, 0x9F, 0x0A, 0x40, 0xEF, 0x06, 0x77, 0x77, 0x70, 0x3F, 0x90, 0x12,
  0x03, 0xF9, 0x01, 0x80, 0xC0, 0x00, 0xDF, 0x05, 0x20, 0x7F, 0x0C, 0x80, 0xC1, 0x00, 0x8F, 0x09,
  0x20, 0xBF, 0x08, 0x80, 0xC1, 0x00, 0x5F, 0x0D, 0x20, 0xEF, 0x04, 0x80, 0xC1, 0x00, 0x1F, 0x90,
  0x01, 0xF9, 0x01, 0x80, 0xC2, 0x00, 0xDF, 0x00, 0x3F, 0x0E, 0x80, 0xC3, 0x00, 0xBF, 0x06, 0x05,
  0xF0, 0xC8, 0x0C, 0x30, 0x09, 0xF0, 0x80, 0x7F, 0x0A, 0x80, 0xC3, 0x00, 0x7F, 0x0A, 0x09, 0xF0,
  0x98, 0x0C, 0x30, 0x06, 0xF0, 0xB0, 0x9F, 0x07, 0x80, 0xC3, 0x00, 0x5F, 0x0C, 0x0A, 0xF0, 0x78,
  0x0C, 0x30, 0x04, 0xF0, 0xC0, 0xBF, 0x06, 0x80, 0xC3, 0x00, 0x4F, 0x0D, 0x0B, 0xF0, 0x68, 0x0C,
  0x30, 0x04, 0xF0, 0xE0, 0xAF, 0x06, 0x80, 0xC3, 0x00, 0x4F, 0x0D, 0x0A, 0xF0, 0x78, 0x0C, 0x30,
  0x04, 0xF0, 0xC0, 0x9F, 0x08, 0x80, 0xC3, 0x00, 0x5F, 0x0C, 0x09, 0xF0, 0x98, 0x0C, 0x30, 0x06,
  0xF0, 0xB0, 0x7F, 0x0A, 0x80, 0xC3, 0x00, 0x7F, 0x0A, 0x05, 0xF0, 0xC8, 0x0C, 0x30, 0x09, 0xF0,
  0x80, 0x3F, 0x0E, 0x80, 0xC3, 0x00, 0xCF, 0x05, 0x01, 0xF9, 0x01, 0x80, 0xC2, 0x00, 0xEF, 0x81,
  0x30, 0xEF, 0x05, 0x80, 0xC1, 0x00, 0x2F, 0x98, 0x11, 0x0A, 0xF0, 0x88, 0x0C, 0x10, 0x05, 0xF0,
  0xC2, 0x06, 0xF0, 0xC8, 0x0C, 0x10, 0x09, 0xF0, 0x82, 0x03, 0xF9, 0x01, 0x80, 0xC0, 0x00, 0xEF,
  0x04, 0x30, 0xEF, 0x07, 0x77, 0x77, 0x70, 0x4F, 0x90, 0x13, 0x08, 0xF0, 0xD7, 0x77, 0x77, 0x0A,
  0xF0, 0xA4, 0x03, 0xF9, 0x04, 0x77, 0x77, 0x50, 0x1F, 0x90, 0x45, 0x0D, 0xF0, 0xC7, 0x77, 0x75,
  0x09, 0xF0, 0xD6, 0x06, 0xF9, 0x05, 0x77, 0x77, 0x30, 0x2F, 0x90, 0x67, 0x0D, 0xF0, 0xE0, 0x17,
  0x77, 0x72, 0x0B, 0xF0, 0xD7, 0x10, 0x5F, 0x90, 0xB7, 0x77, 0x71, 0x07, 0xF9, 0x05, 0x72, 0x0C,
  0xF9, 0x09, 0x77, 0x76, 0x05, 0xF9, 0x0C, 0x73, 0x02, 0x0E, 0xF9, 0x09, 0x77, 0x74, 0x06, 0xF9,
  0x0E, 0x01, 0x74, 0x05, 0xFA, 0x0C, 0x02, 0x77, 0x71, 0x09, 0xFA, 0x05, 0x76, 0x08, 0xFA, 0x81,
  0xE8, 0x17, 0x74, 0x05, 0x0D, 0xFA, 0x08, 0x77, 0x10, 0x9F, 0xB8, 0x1E, 0x94, 0x76, 0x81, 0x28,
  0xDF, 0xB0, 0x87, 0x73, 0x09, 0xFE, 0x89, 0x2B, 0x97, 0x55, 0x44, 0x56, 0x8B, 0xEF, 0xD0, 0x87,
  0x75, 0x06, 0xFF, 0xFF, 0xE0, 0xE0, 0x57, 0x77, 0x02, 0x0D, 0xFF, 0xFF, 0xB0, 0xC0, 0x27, 0x77,
  0x30, 0x60, 0xEF, 0xFF, 0xE0, 0xD0, 0x67, 0x77, 0x70, 0x70, 0xDF, 0xFF, 0xA0, 0xD0, 0x77, 0x77,
  0x74, 0x81, 0x38, 0xDF, 0xFB, 0x81, 0xD8, 0x38, 0x0C, 0x10, 0x89, 0x71, 0x47, 0xAC, 0xCD, 0xEF,
  0xED, 0xDC, 0xA7, 0x42, 0x77, 0x60,
  // "ŏ" (U+014F), RLE, 958 bytes saved (67.0%)
  0x72, 0x84, 0x47, 0x77, 0x71, 0x77, 0x28, 0x44, 0x77, 0x77, 0x17, 0x72, 0x06, 0xC0, 0x47, 0x72,
  0x0C, 0xC7, 0x73, 0x04, 0xC0, 0x97, 0x71, 0x02, 0xC0, 0xD7, 0x73, 0x01, 0xD0, 0x27, 0x70, 0xBC,
  0x09, 0x77, 0x40, 0xBC, 0x0D, 0x04, 0x74, 0x04, 0x0C, 0xD0, 0x37, 0x74, 0x05, 0xE8, 0x91, 0xDA,
  0x75, 0x44, 0x56, 0x7A, 0xEE, 0x0C, 0x77, 0x60, 0xCF, 0xFF, 0x90, 0x37, 0x76, 0x03, 0x0E, 0xFF,
  0xE0, 0x77, 0x77, 0x10, 0x5F, 0xFD, 0x08, 0x77, 0x73, 0x04, 0x0E, 0xFF, 0x90, 0xE0, 0x67, 0x77,
  0x58, 0x11, 0x8E, 0xFC, 0x81, 0xE9, 0x27, 0x77, 0x72, 0x89, 0x25, 0x8B, 0xDE, 0xFE, 0xDC, 0x95,
  0x18, 0x0B, 0xE6, 0x08, 0x42, 0x69, 0xBD, 0xEA, 0x84, 0xED, 0xB9, 0x62, 0x77, 0x76, 0x81, 0x17,
  0xDF, 0xF8, 0x1C, 0x71, 0x77, 0x71, 0x01, 0x09, 0xFF, 0xD8, 0x1E, 0x81, 0x77, 0x50, 0x60, 0xEF,
  0xFF, 0x90, 0xD0, 0x47, 0x73, 0x09, 0xFF, 0xFD, 0x08, 0x77, 0x10, 0xBF, 0xFF, 0xF0, 0x97, 0x60,
  0xBF, 0xB8, 0x90, 0xD9, 0x75, 0x44, 0x57, 0x9D, 0xFB, 0x0A, 0x74, 0x08, 0xFA, 0x0A, 0x03, 0x73,
  0x03, 0x0A, 0xFA, 0x07, 0x72, 0x04, 0xF9, 0x0D, 0x03, 0x77, 0x04, 0x0D, 0xF9, 0x03, 0x71, 0x0D,
  0xF0, 0xD0, 0x17, 0x72, 0x01, 0x0D, 0xF0, 0xC7, 0x07, 0xF0, 0xE0, 0x27, 0x74, 0x02, 0x0E, 0xF0,
  0x66, 0x0E, 0xF0, 0x67, 0x76, 0x06, 0xF0, 0xD5, 0x05, 0xF0, 0xD7, 0x77, 0x10, 0xDF, 0x05, 0x40,
  0xBF, 0x05, 0x77, 0x71, 0x04, 0xF0, 0xB4, 0xF9, 0x77, 0x73, 0x0E, 0xF0, 0x12, 0x04, 0xF0, 0xA7,
  0x77, 0x30, 0x9F, 0x05, 0x20, 0x8F, 0x05, 0x77, 0x73, 0x04, 0xF0, 0x92, 0x0B, 0xF0, 0x27, 0x77,
  0x30, 0x1F, 0x0C, 0x20, 0xDF, 0x77, 0x75, 0x0E, 0xE0, 0xE2, 0xF0, 0xD7, 0x77, 0x50, 0xBF, 0x00,
  0x1F, 0x0B, 0x77, 0x75, 0x09, 0xF0, 0x30, 0x2F, 0x0A, 0x77, 0x75, 0x08, 0xF0, 0x40, 0x3F, 0x09,
  0x77, 0x75, 0x07, 0xF0, 0x50, 0x3F, 0x09, 0x77, 0x75, 0x07, 0xF0, 0x50, 0x3F, 0x09, 0x77, 0x75,
  0x07, 0xF0, 0x50, 0x3F, 0x09, 0x77, 0x75, 0x08, 0xF0, 0x50, 0x2F, 0x0A, 0x77, 0x75, 0x09, 0xF0,
  0x40, 0x1F, 0x0B, 0x77, 0x75, 0x09, 0xF8, 0x13, 0x0E, 0xE0, 0xD7, 0x77, 0x50, 0xCF, 0x81, 0x10,
  0xCF, 0x01, 0x77, 0x74, 0x0E, 0xF2, 0x0A, 0xF0, 0x37, 0x77, 0x30, 0x1F, 0x0C, 0x20, 0x6F, 0x07,
  0x77, 0x73, 0x05, 0xF0, 0x92, 0x02, 0xF0, 0xC7, 0x77, 0x30, 0xAF, 0x05, 0x30, 0xDF, 0x01, 0x77,
  0x72, 0x0E, 0xF0, 0x13, 0x08, 0xF0, 0x77, 0x77, 0x10, 0x6F, 0x0C, 0x40, 0x2F, 0x0E, 0x01, 0x77,
  0x70, 0xDF, 0x06, 0x50, 0xBF, 0x08, 0x77, 0x60, 0x7F, 0x0E, 0x60, 0x3F, 0x90, 0x37, 0x74, 0x03,
  0xF9, 0x07, 0x70, 0x9F, 0x0E, 0x02, 0x77, 0x20, 0x20, 0xDF, 0x0D, 0x71, 0x01, 0x0E, 0xF0, 0xE0,
  0x57, 0x70, 0x40, 0xEF, 0x90, 0x47, 0x20, 0x4F, 0xA0, 0xB0, 0x47, 0x30, 0x30, 0xAF, 0xA0, 0x87,
  0x40, 0x7F, 0xB8, 0x90, 0xEA, 0x75, 0x44, 0x57, 0x9D, 0xFB, 0x0B, 0x76, 0x07, 0xFF, 0xFF, 0x0B,
  0x77, 0x10, 0x6F, 0xFF, 0xD0, 0x97, 0x73, 0x02, 0x0C, 0xFF, 0xF9, 0x0E, 0x05, 0x77, 0x60, 0x70,
  0xEF, 0xFD, 0x09, 0x01, 0x77, 0x72, 0x06, 0x0B, 0xFF, 0x81, 0xD7, 0x17, 0x77, 0x68, 0x41, 0x58,
  0xBD, 0xEA, 0x84, 0xED, 0xB9, 0x62, 0x77, 0x10,
  // "Ő" (U+0150), RLE, 1660 bytes saved (71.0%)
  0x77, 0x74, 0x05, 0xF9, 0x02, 0x50, 0x2F, 0x90, 0x47, 0x77, 0x74, 0x0C, 0xF0, 0xC6, 0x0A, 0xF0,
  0xD7, 0x77, 0x74, 0x05, 0xF0, 0xE0, 0x25, 0x02, 0xF9, 0x04, 0x77, 0x77, 0x40, 0xCF, 0x06, 0x60,
  0xAF, 0x08, 0x77, 0x77, 0x40, 0x6F, 0x09, 0x60, 0x3F, 0x0B, 0x77, 0x77, 0x50, 0xDE, 0x0C, 0x70,
  0xCE, 0x0D, 0x01, 0x77, 0x77, 0x40, 0x7E, 0x0E, 0x01, 0x60, 0x6E, 0x0E, 0x03, 0x77, 0x77, 0x40,
  0x10, 0xEE, 0x03, 0x70, 0xEE, 0x05, 0x77, 0x77, 0x50, 0xAE, 0x05, 0x70, 0x8E, 0x07, 0x77, 0x77,
  0x50, 0x4E, 0x06, 0x70, 0x2E, 0x08, 0x77, 0x77, 0x60, 0xDD, 0x07, 0x71, 0x0B, 0xD0, 0x97, 0x77,
  0x76, 0x08, 0xD0, 0x77, 0x10, 0x6D, 0x09, 0x77, 0x77, 0x60, 0x3D, 0x07, 0x71, 0x02, 0x0E, 0xC0,
  0x97, 0x77, 0x77, 0x08, 0xC0, 0x57, 0x20, 0x6C, 0x07, 0x80, 0xCF, 0x70, 0x89, 0x71, 0x47, 0x9B,
  0xCD, 0xEF, 0xED, 0xDC, 0xA7, 0x52, 0x80, 0xC1, 0x08, 0x13, 0x8D, 0xFF, 0xB8, 0x1E, 0x93, 0x77,
  0x77, 0x40, 0x70, 0xDF, 0xFF, 0xA0, 0xE0, 0x77, 0x77, 0x70, 0x60, 0xEF, 0xFF, 0xE0, 0xE0, 0x67,
  0x77, 0x30, 0x20, 0xCF, 0xFF, 0xFB, 0x0C, 0x02, 0x77, 0x70, 0x60, 0xEF, 0xFF, 0xFE, 0x06, 0x77,
  0x50, 0x9F, 0xE8, 0x92, 0xC9, 0x75, 0x54, 0x45, 0x68, 0xAE, 0xFD, 0x09, 0x77, 0x30, 0x9F, 0xB8,
  0x1E, 0xA4, 0x76, 0x81, 0x27, 0xDF, 0xB0, 0x97, 0x71, 0x09, 0xFB, 0x08, 0x01, 0x77, 0x40, 0x50,
  0xDF, 0xA0, 0x97, 0x60, 0x5F, 0xA0, 0xC0, 0x27, 0x77, 0x10, 0x8F, 0xA0, 0x57, 0x40, 0x20, 0xEF,
  0x90, 0x97, 0x77, 0x40, 0x5F, 0x90, 0xE0, 0x27, 0x30, 0xCF, 0x90, 0x97, 0x77, 0x60, 0x4F, 0x90,
  0xC7, 0x20, 0x5F, 0x90, 0xB7, 0x77, 0x71, 0x06, 0xF9, 0x06, 0x71, 0x0D, 0xF0, 0xE0, 0x17, 0x77,
  0x72, 0x0B, 0xF0, 0xE7, 0x06, 0xF9, 0x05, 0x77, 0x77, 0x30, 0x10, 0xEF, 0x07, 0x60, 0xDF, 0x0C,
  0x77, 0x77, 0x50, 0x8F, 0x0E, 0x50, 0x3F, 0x90, 0x47, 0x77, 0x75, 0x01, 0x0E, 0xF0, 0x44, 0x09,
  0xF0, 0xC7, 0x77, 0x77, 0x09, 0xF0, 0xA4, 0x0E, 0xF0, 0x67, 0x77, 0x77, 0x03, 0xF9, 0x01, 0x20,
  0x3F, 0x90, 0x18, 0x0C, 0x00, 0x0D, 0xF0, 0x52, 0x07, 0xF0, 0xC8, 0x0C, 0x10, 0x08, 0xF0, 0x92,
  0x0B, 0xF0, 0x88, 0x0C, 0x10, 0x05, 0xF0, 0xD2, 0x0E, 0xF0, 0x48, 0x0C, 0x10, 0x01, 0xF9, 0x00,
  0x1F, 0x90, 0x18, 0x0C, 0x20, 0x0D, 0xF0, 0x03, 0xF0, 0xE8, 0x0C, 0x30, 0x0B, 0xF0, 0x60, 0x5F,
  0x0C, 0x80, 0xC3, 0x00, 0x9F, 0x08, 0x07, 0xF0, 0xA8, 0x0C, 0x30, 0x07, 0xF0, 0xA0, 0x9F, 0x09,
  0x80, 0xC3, 0x00, 0x6F, 0x0B, 0x09, 0xF0, 0x78, 0x0C, 0x30, 0x05, 0xF0, 0xC0, 0xAF, 0x07, 0x80,
  0xC3, 0x00, 0x4F, 0x0C, 0x0B, 0xF0, 0x68, 0x0C, 0x30, 0x04, 0xF0, 0xD0, 0xBF, 0x06, 0x80, 0xC3,
  0x00, 0x4F, 0x0E, 0x0A, 0xF0, 0x68, 0x0C, 0x30, 0x04, 0xF0, 0xD0, 0xAF, 0x07, 0x80, 0xC3, 0x00,
  0x4F, 0x0C, 0x09, 0xF0, 0x88, 0x0C, 0x30, 0x05, 0xF0, 0xC0, 0x9F, 0x09, 0x80, 0xC3, 0x00, 0x6F,
  0x0B, 0x07, 0xF0, 0xA8, 0x0C, 0x30, 0x07, 0xF0, 0xA0, 0x5F, 0x0C, 0x80, 0xC3, 0x00, 0x9F, 0x08,
  0x03, 0xF0, 0xE8, 0x0C, 0x30, 0x0C, 0xF0, 0x50, 0x1F, 0x90, 0x18, 0x0C, 0x20, 0x0E, 0xF8, 0x13,
  0x0E, 0xF0, 0x58, 0x0C, 0x10, 0x02, 0xF9, 0x81, 0x10, 0xAF, 0x08, 0x80, 0xC1, 0x00, 0x5F, 0x0C,
  0x20, 0x6F, 0x0C, 0x80, 0xC1, 0x00, 0x9F, 0x08, 0x20, 0x3F, 0x90, 0x18, 0x0C, 0x00, 0x0E, 0xF0,
  0x43, 0x0E, 0xF0, 0x77, 0x77, 0x77, 0x04, 0xF9, 0x01, 0x30, 0x8F, 0x0D, 0x77, 0x77, 0x70, 0xAF,
  0x0A, 0x40, 0x3F, 0x90, 0x47, 0x77, 0x75, 0x01, 0xF9, 0x04, 0x50, 0xDF, 0x0C, 0x77, 0x77, 0x50,
  0x9F, 0x0D, 0x60, 0x6F, 0x90, 0x57, 0x77, 0x73, 0x02, 0xF9, 0x06, 0x70, 0xDF, 0x0E, 0x01, 0x77,
  0x77, 0x20, 0xBF, 0x0D, 0x71, 0x05, 0xF9, 0x0B, 0x77, 0x77, 0x10, 0x7F, 0x90, 0x57, 0x20, 0xCF,
  0x90, 0x97, 0x77, 0x60, 0x5F, 0x90, 0xC7, 0x30, 0x20, 0xEF, 0x90, 0x97, 0x77, 0x40, 0x6F, 0x90,
  0xE0, 0x17, 0x40, 0x5F, 0xA0, 0xC0, 0x27, 0x77, 0x10, 0x9F, 0xA0, 0x57, 0x60, 0x8F, 0xA8, 0x1E,
  0x81, 0x77, 0x40, 0x50, 0xDF, 0xA0, 0x87, 0x71, 0x09, 0xFB, 0x81, 0xE9, 0x47, 0x68, 0x12, 0x8D,
  0xFB, 0x08, 0x77, 0x30, 0x9F, 0xE8, 0x92, 0xB9, 0x75, 0x54, 0x45, 0x68, 0xBE, 0xFD, 0x08, 0x77,
  0x50, 0x6F, 0xFF, 0xFE, 0x0E, 0x05, 0x77, 0x70, 0x20, 0xDF, 0xFF, 0xFB, 0x0C, 0x02, 0x77, 0x73,
  0x06, 0x0E, 0xFF, 0xFE, 0x0D, 0x06, 0x77, 0x77, 0x07, 0x0D, 0xFF, 0xFA, 0x0D, 0x07, 0x77, 0x77,
  0x48, 0x13, 0x8D, 0xFF, 0xB8, 0x1D, 0x83, 0x80, 0xC1, 0x08, 0x97, 0x14, 0x7A, 0xCC, 0xDE, 0xFE,
  0xDD, 0xCA, 0x74, 0x27, 0x76,
  // "ő" (U+0151), RLE, 991 bytes saved (67.2%)
  0x77, 0x40, 0x5F, 0x90, 0x25, 0x02, 0xF9, 0x04, 0x77, 0x50, 0xCF, 0x0C, 0x60, 0xAF, 0x0D, 0x77,
  0x50, 0x5F, 0x0E, 0x02, 0x50, 0x2F, 0x90, 0x47, 0x75, 0x0C, 0xF0, 0x66, 0x0A, 0xF0, 0x87, 0x75,
  0x06, 0xF0, 0x96, 0x03, 0xF0, 0xB7, 0x76, 0x0D, 0xE0, 0xC7, 0x0C, 0xE0, 0xD0, 0x17, 0x75, 0x07,
  0xE0, 0xE0, 0x16, 0x06, 0xE0, 0xE0, 0x37, 0x75, 0x01, 0x0E, 0xE0, 0x37, 0x0E, 0xE0, 0x57, 0x76,
  0x0A, 0xE0, 0x57, 0x08, 0xE0, 0x77, 0x76, 0x04, 0xE0, 0x67, 0x02, 0xE0, 0x87, 0x77, 0x0D, 0xD0,
  0x77, 0x10, 0xBD, 0x09, 0x77, 0x70, 0x8D, 0x07, 0x71, 0x06, 0xD0, 0x97, 0x77, 0x03, 0xD0, 0x77,
  0x10, 0x20, 0xEC, 0x09, 0x77, 0x71, 0x08, 0xC0, 0x57, 0x20, 0x6C, 0x07, 0x80, 0xBE, 0x30, 0x84,
  0x26, 0x9B, 0xDE, 0xA8, 0x4E, 0xDB, 0x96, 0x27, 0x77, 0x68, 0x11, 0x7D, 0xFF, 0x81, 0xC7, 0x17,
  0x77, 0x10, 0x10, 0x9F, 0xFD, 0x81, 0xE8, 0x17, 0x75, 0x06, 0x0E, 0xFF, 0xF9, 0x0D, 0x04, 0x77,
  0x30, 0x9F, 0xFF, 0xD0, 0x87, 0x71, 0x0B, 0xFF, 0xFF, 0x09, 0x76, 0x0B, 0xFB, 0x89, 0x0D, 0x97,
  0x54, 0x45, 0x79, 0xDF, 0xB0, 0xA7, 0x40, 0x8F, 0xA0, 0xA0, 0x37, 0x30, 0x30, 0xAF, 0xA0, 0x77,
  0x20, 0x4F, 0x90, 0xD0, 0x37, 0x70, 0x40, 0xDF, 0x90, 0x37, 0x10, 0xDF, 0x0D, 0x01, 0x77, 0x20,
  0x10, 0xDF, 0x0C, 0x70, 0x7F, 0x0E, 0x02, 0x77, 0x40, 0x20, 0xEF, 0x06, 0x60, 0xEF, 0x06, 0x77,
  0x60, 0x6F, 0x0D, 0x50, 0x5F, 0x0D, 0x77, 0x71, 0x0D, 0xF0, 0x54, 0x0B, 0xF0, 0x57, 0x77, 0x10,
  0x4F, 0x0B, 0x4F, 0x97, 0x77, 0x30, 0xEF, 0x01, 0x20, 0x4F, 0x0A, 0x77, 0x73, 0x09, 0xF0, 0x52,
  0x08, 0xF0, 0x57, 0x77, 0x30, 0x4F, 0x09, 0x20, 0xBF, 0x02, 0x77, 0x73, 0x01, 0xF0, 0xC2, 0x0D,
  0xF7, 0x77, 0x50, 0xEE, 0x0E, 0x2F, 0x0D, 0x77, 0x75, 0x0B, 0xF0, 0x01, 0xF0, 0xB7, 0x77, 0x50,
  0x9F, 0x03, 0x02, 0xF0, 0xA7, 0x77, 0x50, 0x8F, 0x04, 0x03, 0xF0, 0x97, 0x77, 0x50, 0x7F, 0x05,
  0x03, 0xF0, 0x97, 0x77, 0x50, 0x7F, 0x05, 0x03, 0xF0, 0x97, 0x77, 0x50, 0x7F, 0x05, 0x03, 0xF0,
  0x97, 0x77, 0x50, 0x8F, 0x05, 0x02, 0xF0, 0xA7, 0x77, 0x50, 0x9F, 0x04, 0x01, 0xF0, 0xB7, 0x77,
  0x50, 0x9F, 0x81, 0x30, 0xEE, 0x0D, 0x77, 0x75, 0x0C, 0xF8, 0x11, 0x0C, 0xF0, 0x17, 0x77, 0x40,
  0xEF, 0x20, 0xAF, 0x03, 0x77, 0x73, 0x01, 0xF0, 0xC2, 0x06, 0xF0, 0x77, 0x77, 0x30, 0x5F, 0x09,
  0x20, 0x2F, 0x0C, 0x77, 0x73, 0x0A, 0xF0, 0x53, 0x0D, 0xF0, 0x17, 0x77, 0x20, 0xEF, 0x01, 0x30,
  0x8F, 0x07, 0x77, 0x71, 0x06, 0xF0, 0xC4, 0x02, 0xF0, 0xE0, 0x17, 0x77, 0x0D, 0xF0, 0x65, 0x0B,
  0xF0, 0x87, 0x76, 0x07, 0xF0, 0xE6, 0x03, 0xF9, 0x03, 0x77, 0x40, 0x3F, 0x90, 0x77, 0x09, 0xF0,
  0xE0, 0x27, 0x72, 0x02, 0x0D, 0xF0, 0xD7, 0x10, 0x10, 0xEF, 0x0E, 0x05, 0x77, 0x04, 0x0E, 0xF9,
  0x04, 0x72, 0x04, 0xFA, 0x0B, 0x04, 0x73, 0x03, 0x0A, 0xFA, 0x08, 0x74, 0x07, 0xFB, 0x89, 0x0E,
  0xA7, 0x54, 0x45, 0x79, 0xDF, 0xB0, 0xB7, 0x60, 0x7F, 0xFF, 0xF0, 0xB7, 0x71, 0x06, 0xFF, 0xFD,
  0x09, 0x77, 0x30, 0x20, 0xCF, 0xFF, 0x90, 0xE0, 0x57, 0x76, 0x07, 0x0E, 0xFF, 0xD0, 0x90, 0x17,
  0x77, 0x20, 0x60, 0xBF, 0xF8, 0x1D, 0x71, 0x77, 0x76, 0x84, 0x15, 0x8B, 0xDE, 0xA8, 0x4E, 0xDB,
  0x96, 0x27, 0x71,
  // "Œ" (U+0152), RLE, 1666 bytes saved (75.6%)
  0x77, 0x68, 0x96, 0x25, 0x8B, 0xCD, 0xEE, 0xFE, 0xDC, 0xB8, 0x52, 0x80, 0xD7, 0x08, 0x15, 0xAE,
  0x80, 0xD5, 0xF0, 0x97, 0x78, 0x11, 0x9E, 0x80, 0xE0, 0xF0, 0x97, 0x50, 0x10, 0x88, 0x0E, 0x3F,
  0x09, 0x74, 0x04, 0x0E, 0x80, 0xE4, 0xF0, 0x97, 0x30, 0x88, 0x0E, 0x6F, 0x09, 0x72, 0x0B, 0xFE,
  0x89, 0x2C, 0x97, 0x55, 0x44, 0x56, 0x8B, 0xEF, 0xFF, 0xFE, 0x09, 0x71, 0x0B, 0xFC, 0x0A, 0x04,
  0x76, 0x81, 0x39, 0xEF, 0x80, 0xA4, 0x40, 0x27, 0x0B, 0xFB, 0x08, 0x01, 0x77, 0x30, 0xAF, 0x77,
  0x77, 0x30, 0x8F, 0xA0, 0xC0, 0x27, 0x75, 0x0A, 0xF7, 0x77, 0x72, 0x03, 0xFA, 0x09, 0x77, 0x70,
  0xAF, 0x77, 0x77, 0x20, 0xDF, 0x90, 0x87, 0x77, 0x10, 0xAF, 0x77, 0x77, 0x10, 0x7F, 0x90, 0xA7,
  0x77, 0x20, 0xAF, 0x77, 0x77, 0x01, 0x0E, 0xF0, 0xD7, 0x77, 0x30, 0xAF, 0x77, 0x77, 0x08, 0xF9,
  0x04, 0x77, 0x73, 0x0A, 0xF7, 0x77, 0x70, 0xEF, 0x0B, 0x77, 0x74, 0x0A, 0xF7, 0x77, 0x60, 0x4F,
  0x90, 0x37, 0x77, 0x40, 0xAF, 0x77, 0x76, 0x0A, 0xF0, 0xB7, 0x77, 0x50, 0xAF, 0x77, 0x76, 0xF9,
  0x05, 0x77, 0x75, 0x0A, 0xF7, 0x77, 0x50, 0x4F, 0x97, 0x77, 0x60, 0xAF, 0x77, 0x75, 0x08, 0xF0,
  0xA7, 0x77, 0x60, 0xAF, 0x77, 0x75, 0x0B, 0xF0, 0x67, 0x77, 0x60, 0xAF, 0x77, 0x75, 0xF9, 0x03,
  0x77, 0x76, 0x0A, 0xF7, 0x77, 0x40, 0x1F, 0x97, 0x77, 0x70, 0xAF, 0x77, 0x74, 0x04, 0xF0, 0xD7,
  0x77, 0x70, 0xAF, 0x77, 0x74, 0x06, 0xF0, 0xA7, 0x77, 0x70, 0xAF, 0x77, 0x74, 0x08, 0xF0, 0x97,
  0x77, 0x70, 0xAF, 0x77, 0x74, 0x09, 0xF0, 0x77, 0x77, 0x70, 0xAF, 0xFF, 0xFA, 0x20, 0x9F, 0x06,
  0x77, 0x77, 0x0A, 0xFF, 0xFF, 0xA2, 0x0A, 0xF0, 0x57, 0x77, 0x70, 0xAF, 0xFF, 0xFA, 0x20, 0xBF,
  0x05, 0x77, 0x77, 0x0A, 0xFF, 0xFF, 0xA2, 0x0B, 0xF0, 0x57, 0x77, 0x70, 0xAF, 0xFF, 0xFA, 0x20,
  0xAF, 0x05, 0x77, 0x77, 0x0A, 0xFF, 0xFF, 0xA2, 0x0A, 0xF0, 0x57, 0x77, 0x70, 0xAF, 0x80, 0xA3,
  0x42, 0x09, 0xF0, 0x67, 0x77, 0x70, 0xAF, 0x77, 0x74, 0x09, 0xF0, 0x77, 0x77, 0x70, 0xAF, 0x77,
  0x74, 0x07, 0xF0, 0x97, 0x77, 0x70, 0xAF, 0x77, 0x74, 0x05, 0xF0, 0xB7, 0x77, 0x70, 0xAF, 0x77,
  0x74, 0x03, 0xF0, 0xD7, 0x77, 0x70, 0xAF, 0x77, 0x74, 0x01, 0xF9, 0x77, 0x77, 0x0A, 0xF7, 0x77,
  0x50, 0xEF, 0x03, 0x77, 0x76, 0x0A, 0xF7, 0x77, 0x50, 0xAF, 0x07, 0x77, 0x76, 0x0A, 0xF7, 0x77,
  0x50, 0x6F, 0x0B, 0x77, 0x76, 0x0A, 0xF7, 0x77, 0x50, 0x3F, 0x90, 0x17, 0x77, 0x50, 0xAF, 0x77,
  0x76, 0x0E, 0xF0, 0x67, 0x77, 0x50, 0xAF, 0x77, 0x76, 0x08, 0xF0, 0xC7, 0x77, 0x50, 0xAF, 0x77,
  0x76, 0x03, 0xF9, 0x04, 0x77, 0x74, 0x0A, 0xF7, 0x77, 0x70, 0xDF, 0x0C, 0x77, 0x74, 0x0A, 0xF7,
  0x77, 0x70, 0x6F, 0x90, 0x57, 0x77, 0x30, 0xAF, 0x77, 0x77, 0x10, 0xDF, 0x0E, 0x01, 0x77, 0x72,
  0x0A, 0xF7, 0x77, 0x71, 0x05, 0xF9, 0x0B, 0x77, 0x72, 0x0A, 0xF7, 0x77, 0x72, 0x0C, 0xF9, 0x09,
  0x77, 0x71, 0x0A, 0xF7, 0x77, 0x72, 0x02, 0x0E, 0xF9, 0x0A, 0x77, 0x70, 0xAF, 0x77, 0x77, 0x30,
  0x5F, 0xA0, 0xC0, 0x27, 0x75, 0x0A, 0xF7, 0x77, 0x74, 0x08, 0xFB, 0x08, 0x01, 0x77, 0x30, 0xAF,
  0x77, 0x77, 0x50, 0x9F, 0xC0, 0xA0, 0x47, 0x68, 0x12, 0x8E, 0xF8, 0x0A, 0x44, 0x02, 0x72, 0x09,
  0xFE, 0x89, 0x2C, 0x97, 0x55, 0x44, 0x56, 0x8A, 0xEF, 0xFF, 0xFE, 0x09, 0x73, 0x06, 0x80, 0xE6,
  0xF0, 0x97, 0x40, 0x20, 0xD8, 0x0E, 0x4F, 0x09, 0x76, 0x06, 0x0E, 0x80, 0xE2, 0xF0, 0x97, 0x71,
  0x07, 0x0D, 0x80, 0xE0, 0xF0, 0x97, 0x73, 0x81, 0x38, 0xD8, 0x0D, 0x5F, 0x09, 0x77, 0x68, 0x61,
  0x47, 0xAC, 0xCD, 0xEA, 0x85, 0xED, 0xB9, 0x64, 0x17, 0x77, 0x75,
  // "œ" (U+0153), RLE, 1162 bytes saved (66.3%)
  0x77, 0x18, 0x93, 0x37, 0xAC, 0xEE, 0xFE, 0xDC, 0x96, 0x27, 0x76, 0x89, 0x31, 0x69, 0xCD, 0xEF,
  0xED, 0xB9, 0x51, 0x77, 0x73, 0x81, 0x39, 0xEF, 0xE0, 0xC0, 0x77, 0x72, 0x04, 0x0B, 0xFE, 0x0B,
  0x04, 0x77, 0x60, 0x30, 0xBF, 0xFC, 0x0E, 0x06, 0x75, 0x03, 0x0C, 0xFF, 0xB0, 0xC0, 0x27, 0x73,
  0x08, 0xFF, 0xF9, 0x0B, 0x02, 0x72, 0x07, 0xFF, 0xF0, 0x77, 0x70, 0x10, 0xCF, 0xFF, 0xB0, 0xE0,
  0x37, 0x09, 0xFF, 0xFA, 0x09, 0x75, 0x01, 0x0D, 0xFF, 0xFD, 0x0E, 0x04, 0x50, 0xAF, 0xFF, 0xC0,
  0x97, 0x30, 0x10, 0xDF, 0xB8, 0x7B, 0x86, 0x54, 0x56, 0x8C, 0xFA, 0x0E, 0x02, 0x30, 0x8F, 0xA8,
  0x6D, 0x86, 0x54, 0x67, 0xBF, 0xB0, 0x67, 0x20, 0xBF, 0x90, 0xD0, 0x67, 0x38, 0x11, 0x8E, 0xF0,
  0xD2, 0x04, 0xF9, 0x0B, 0x02, 0x71, 0x01, 0x08, 0xFA, 0x03, 0x70, 0x7F, 0x90, 0x97, 0x70, 0x20,
  0xCF, 0x81, 0x80, 0xDF, 0x05, 0x75, 0x02, 0x0E, 0xF0, 0xC6, 0x01, 0x0E, 0xF0, 0x87, 0x73, 0x0B,
  0xF0, 0xAE, 0x0E, 0x04, 0x77, 0x02, 0x0E, 0xF0, 0x55, 0x09, 0xF0, 0xB7, 0x75, 0x0D, 0xFE, 0x06,
  0x77, 0x20, 0x6F, 0x0C, 0x40, 0x1F, 0x0E, 0x01, 0x77, 0x50, 0x3F, 0xD0, 0xB7, 0x74, 0x0C, 0xF0,
  0x33, 0x07, 0xF0, 0x87, 0x77, 0x0A, 0xFC, 0x03, 0x77, 0x40, 0x5F, 0x09, 0x30, 0xDF, 0x02, 0x77,
  0x70, 0x3F, 0xB0, 0xC7, 0x76, 0x0E, 0xE0, 0xD2, 0x02, 0xF0, 0xC7, 0x77, 0x20, 0xDF, 0xA0, 0x67,
  0x76, 0x0B, 0xF8, 0x12, 0x06, 0xF0, 0x77, 0x77, 0x20, 0x9F, 0xA0, 0x27, 0x76, 0x08, 0xF8, 0x15,
  0x0A, 0xF0, 0x37, 0x77, 0x20, 0x5F, 0x90, 0xD7, 0x77, 0x05, 0xF8, 0x18, 0x0C, 0xF0, 0x17, 0x77,
  0x20, 0x1F, 0x90, 0xB7, 0x77, 0x03, 0xF0, 0xA1, 0xF0, 0xE7, 0x77, 0x40, 0xEF, 0x09, 0x77, 0x70,
  0x2F, 0x0B, 0x01, 0xF0, 0xC7, 0x77, 0x40, 0xCF, 0x09, 0x80, 0xA1, 0x40, 0x5F, 0x0C, 0x03, 0xF0,
  0xA7, 0x77, 0x40, 0xB8, 0x0C, 0x1F, 0x0D, 0x04, 0xF0, 0x97, 0x77, 0x40, 0xA8, 0x0C, 0x1F, 0x0D,
  0x05, 0xF0, 0x97, 0x77, 0x40, 0x98, 0x0C, 0x1F, 0x0D, 0x05, 0xF0, 0x87, 0x77, 0x40, 0x98, 0x0C,
  0x1F, 0x0D, 0x05, 0xF0, 0x87, 0x77, 0x40, 0x88, 0x0C, 0x1F, 0x0D, 0x04, 0xF0, 0x97, 0x77, 0x40,
  0x98, 0x0C, 0x1F, 0x0D, 0x03, 0xF0, 0x97, 0x77, 0x40, 0x9F, 0x04, 0x77, 0x77, 0x20, 0x2F, 0x0B,
  0x77, 0x74, 0x0A, 0xF0, 0x57, 0x77, 0x73, 0xF0, 0xC7, 0x77, 0x40, 0xCF, 0x06, 0x77, 0x77, 0x30,
  0xEE, 0x0E, 0x77, 0x74, 0x0E, 0xF0, 0x87, 0x77, 0x73, 0x0B, 0xF0, 0x17, 0x77, 0x20, 0x1F, 0x90,
  0xA7, 0x77, 0x73, 0x08, 0xF0, 0x57, 0x77, 0x20, 0x4F, 0x90, 0xD7, 0x77, 0x73, 0x04, 0xF0, 0x97,
  0x77, 0x20, 0x8F, 0xA0, 0x27, 0x77, 0x73, 0xF0, 0xD7, 0x77, 0x20, 0xCF, 0xA0, 0x77, 0x77, 0x73,
  0x0A, 0xF0, 0x37, 0x77, 0x02, 0xFB, 0x0C, 0x77, 0x77, 0x30, 0x4F, 0x0A, 0x77, 0x70, 0x9F, 0xC0,
  0x47, 0x77, 0x73, 0x0D, 0xF0, 0x37, 0x75, 0x02, 0xFD, 0x0D, 0x77, 0x77, 0x30, 0x5F, 0x0D, 0x77,
  0x50, 0xCF, 0xE0, 0xA7, 0x77, 0x73, 0x0B, 0xF0, 0xB7, 0x73, 0x0A, 0xF0, 0xEF, 0x0A, 0x77, 0x72,
  0x02, 0x60, 0x2F, 0x90, 0xC0, 0x17, 0x60, 0x10, 0xBF, 0x81, 0xE2, 0xDF, 0x0C, 0x02, 0x77, 0x48,
  0x21, 0x7D, 0xC7, 0x06, 0xF9, 0x81, 0xE8, 0x17, 0x28, 0x11, 0x7E, 0xF9, 0x81, 0x50, 0x3F, 0xA0,
  0xA0, 0x37, 0x68, 0x12, 0x7B, 0xB0, 0xC7, 0x10, 0x9F, 0xB8, 0x7C, 0x86, 0x54, 0x46, 0x8B, 0xFB,
  0x08, 0x30, 0x5F, 0xB8, 0x93, 0xEA, 0x76, 0x54, 0x45, 0x67, 0x9B, 0xEE, 0x0C, 0x72, 0x09, 0xFF,
  0xFE, 0x0A, 0x50, 0x7F, 0xFF, 0xF0, 0xC7, 0x30, 0x8F, 0xFF, 0xC0, 0x97, 0x05, 0xFF, 0xFE, 0x0C,
  0x74, 0x04, 0x0E, 0xFF, 0xF0, 0xE0, 0x67, 0x20, 0x30, 0xCF, 0xFF, 0xC0, 0xC7, 0x50, 0x10, 0x8F,
  0xFD, 0x09, 0x01, 0x75, 0x07, 0x0E, 0xFF, 0xF8, 0x1E, 0x93, 0x77, 0x81, 0x18, 0xDF, 0xE8, 0x1D,
  0x82, 0x77, 0x20, 0x60, 0xCF, 0xFA, 0x81, 0xD9, 0x57, 0x76, 0x89, 0x33, 0x69, 0xCD, 0xEF, 0xED,
  0xC9, 0x73, 0x77, 0x78, 0x41, 0x58, 0xBD, 0xEB, 0x85, 0xED, 0xCA, 0x86, 0x27, 0x10,
  // "Ŕ" (U+0154), RLE, 1243 bytes saved (69.8%)
  0x77, 0x70, 0xAF, 0x90, 0xB7, 0x77, 0x75, 0x03, 0xFA, 0x04, 0x77, 0x77, 0x50, 0xBF, 0x90, 0x87,
  0x77, 0x75, 0x05, 0xF9, 0x0B, 0x77, 0x77, 0x60, 0xDF, 0x0D, 0x01, 0x77, 0x77, 0x50, 0x8F, 0x0E,
  0x02, 0x77, 0x77, 0x50, 0x3F, 0x0E, 0x03, 0x77, 0x77, 0x60, 0xCF, 0x04, 0x77, 0x77, 0x60, 0x6F,
  0x05, 0x77, 0x77, 0x60, 0x20, 0xEE, 0x05, 0x77, 0x77, 0x70, 0xBE, 0x05, 0x77, 0x77, 0x70, 0x7E,
  0x05, 0x77, 0x77, 0x70, 0x3D, 0x0E, 0x04, 0x80, 0xC0, 0x00, 0x8C, 0x0D, 0x02, 0x80, 0xCB, 0x40,
  0x0A, 0xFF, 0xC8, 0x6E, 0xDC, 0xB9, 0x74, 0x17, 0x73, 0x0A, 0xFF, 0xFD, 0x81, 0xD8, 0x37, 0x70,
  0xAF, 0xFF, 0xF9, 0x0C, 0x05, 0x75, 0x0A, 0xFF, 0xFF, 0xB0, 0xC0, 0x37, 0x30, 0xAF, 0xFF, 0xFD,
  0x06, 0x72, 0x0A, 0xFF, 0xFF, 0xE0, 0x87, 0x10, 0xAF, 0x05, 0x80, 0x54, 0x84, 0x56, 0x79, 0xBE,
  0xFD, 0x06, 0x70, 0xAF, 0x01, 0x77, 0x18, 0x13, 0x8E, 0xFB, 0x02, 0x60, 0xAF, 0x01, 0x77, 0x40,
  0x8F, 0xA0, 0xB6, 0x0A, 0xF0, 0x17, 0x75, 0x04, 0x0E, 0xF9, 0x03, 0x50, 0xAF, 0x01, 0x77, 0x60,
  0x4F, 0x90, 0x95, 0x0A, 0xF0, 0x17, 0x77, 0x0A, 0xF0, 0xE5, 0x0A, 0xF0, 0x17, 0x77, 0x02, 0xF9,
  0x02, 0x40, 0xAF, 0x01, 0x77, 0x71, 0x0D, 0xF0, 0x54, 0x0A, 0xF0, 0x17, 0x77, 0x10, 0x9F, 0x07,
  0x40, 0xAF, 0x01, 0x77, 0x71, 0x07, 0xF0, 0x84, 0x0A, 0xF0, 0x17, 0x77, 0x10, 0x6F, 0x09, 0x40,
  0xAF, 0x01, 0x77, 0x71, 0x05, 0xF0, 0x94, 0x0A, 0xF0, 0x17, 0x77, 0x10, 0x7F, 0x08, 0x40, 0xAF,
  0x01, 0x77, 0x71, 0x08, 0xF0, 0x74, 0x0A, 0xF0, 0x17, 0x77, 0x10, 0xAF, 0x05, 0x40, 0xAF, 0x01,
  0x77, 0x71, 0x0E, 0xF0, 0x24, 0x0A, 0xF0, 0x17, 0x77, 0x04, 0xF0, 0xD5, 0x0A, 0xF0, 0x17, 0x77,
  0x0C, 0xF0, 0x85, 0x0A, 0xF0, 0x17, 0x76, 0x06, 0xF9, 0x02, 0x50, 0xAF, 0x01, 0x77, 0x50, 0x4F,
  0x90, 0x96, 0x0A, 0xF0, 0x17, 0x74, 0x07, 0xF9, 0x0D, 0x01, 0x60, 0xAF, 0x01, 0x77, 0x20, 0x60,
  0xCF, 0xA0, 0x37, 0x0A, 0xF0, 0x17, 0x28, 0x51, 0x12, 0x47, 0xAE, 0xFB, 0x04, 0x71, 0x0A, 0xFF,
  0xFF, 0xC0, 0xE0, 0x47, 0x20, 0xAF, 0xFF, 0xFB, 0x0A, 0x01, 0x73, 0x0A, 0xFF, 0xFF, 0x90, 0xD0,
  0x47, 0x50, 0xAF, 0xFF, 0xE0, 0xB0, 0x47, 0x70, 0xAF, 0xFF, 0xD0, 0x97, 0x72, 0x0A, 0xFF, 0xFE,
  0x02, 0x77, 0x10, 0xAF, 0x05, 0x80, 0x74, 0x09, 0xF0, 0xB7, 0x71, 0x0A, 0xF0, 0x17, 0x40, 0x10,
  0xEF, 0x05, 0x77, 0x0A, 0xF0, 0x17, 0x50, 0x6F, 0x0D, 0x77, 0x0A, 0xF0, 0x17, 0x60, 0xCF, 0x08,
  0x76, 0x0A, 0xF0, 0x17, 0x60, 0x4F, 0x90, 0x27, 0x50, 0xAF, 0x01, 0x77, 0x0A, 0xF0, 0xB7, 0x50,
  0xAF, 0x01, 0x77, 0x02, 0xF9, 0x05, 0x74, 0x0A, 0xF0, 0x17, 0x71, 0x08, 0xF0, 0xE7, 0x40, 0xAF,
  0x01, 0x77, 0x20, 0xDF, 0x08, 0x73, 0x0A, 0xF0, 0x17, 0x72, 0x05, 0xF9, 0x03, 0x72, 0x0A, 0xF0,
  0x17, 0x73, 0x0C, 0xF0, 0xC7, 0x20, 0xAF, 0x01, 0x77, 0x30, 0x3F, 0x90, 0x67, 0x10, 0xAF, 0x01,
  0x77, 0x40, 0x9F, 0x0E, 0x01, 0x70, 0xAF, 0x01, 0x77, 0x40, 0x10, 0xEF, 0x09, 0x70, 0xAF, 0x01,
  0x77, 0x50, 0x7F, 0x90, 0x36, 0x0A, 0xF0, 0x17, 0x76, 0x0D, 0xF0, 0xC6, 0x0A, 0xF0, 0x17, 0x76,
  0x05, 0xF9, 0x06, 0x50, 0xAF, 0x01, 0x77, 0x70, 0xBF, 0x0E, 0x01, 0x40, 0xAF, 0x01, 0x77, 0x70,
  0x2F, 0x90, 0xA4, 0x0A, 0xF0, 0x17, 0x77, 0x10, 0x9F, 0x90, 0x33, 0x0A, 0xF0, 0x17, 0x77, 0x10,
  0x10, 0xEF, 0x0D, 0x30, 0xAF, 0x01, 0x77, 0x72, 0x06, 0xF9, 0x07, 0x20, 0xAF, 0x01, 0x77, 0x73,
  0x0D, 0xF8, 0x2E, 0x10, 0xAF, 0x01, 0x77, 0x73, 0x04, 0xF9, 0x81, 0xA0, 0xAF, 0x01, 0x77, 0x74,
  0x0A, 0xF9, 0x04, 0x0A, 0xF0, 0x17, 0x77, 0x40, 0x2F, 0x90, 0xD0,
  // "ŕ" (U+0155), RLE, 632 bytes saved (68.4%)
  0x77, 0x20, 0xAF, 0x90, 0xB7, 0x73, 0x03, 0xFA, 0x04, 0x77, 0x30, 0xBF, 0x90, 0x87, 0x73, 0x05,
  0xF9, 0x0B, 0x77, 0x40, 0xDF, 0x0D, 0x01, 0x77, 0x30, 0x8F, 0x0E, 0x02, 0x77, 0x30, 0x3F, 0x0E,
  0x03, 0x77, 0x40, 0xCF, 0x04, 0x77, 0x40, 0x6F, 0x05, 0x77, 0x40, 0x20, 0xEE, 0x05, 0x77, 0x50,
  0xBE, 0x05, 0x77, 0x50, 0x7E, 0x05, 0x77, 0x50, 0x3D, 0x0E, 0x04, 0x77, 0x60, 0x8C, 0x0D, 0x02,
  0x80, 0xAC, 0x60, 0x89, 0x25, 0x9C, 0xDF, 0xEE, 0xDB, 0x81, 0xAD, 0x08, 0x71, 0x07, 0x0E, 0xFB,
  0x01, 0x0A, 0xD0, 0xA6, 0x03, 0x0D, 0xFD, 0x10, 0xAD, 0x0B, 0x50, 0x6F, 0xE8, 0x1C, 0x0A, 0xD0,
  0xD4, 0x07, 0xFF, 0x81, 0xA0, 0xAD, 0x0E, 0x30, 0x7F, 0xF9, 0x81, 0x80, 0xAE, 0x81, 0x10, 0x5F,
  0x89, 0x2D, 0x96, 0x54, 0x58, 0xDF, 0x60, 0xAE, 0x81, 0x22, 0xED, 0x0C, 0x04, 0x71, 0x82, 0x32,
  0x0A, 0xE0, 0x40, 0xBC, 0x0E, 0x06, 0x76, 0x0A, 0xE0, 0xDC, 0x0D, 0x02, 0x77, 0x0A, 0xFB, 0x0D,
  0x02, 0x77, 0x10, 0xAF, 0xB0, 0x37, 0x72, 0x0A, 0xFA, 0x07, 0x77, 0x30, 0xAF, 0x90, 0xD7, 0x74,
  0x0A, 0xF9, 0x06, 0x77, 0x40, 0xAF, 0x0E, 0x77, 0x50, 0xAF, 0x0A, 0x77, 0x50, 0xAF, 0x05, 0x77,
  0x50, 0xAF, 0x02, 0x77, 0x50, 0xAF, 0x77, 0x60, 0xAE, 0x0E, 0x77, 0x60, 0xAE, 0x0D, 0x77, 0x60,
  0xAE, 0x0D, 0x77, 0x60, 0xAE, 0x0D, 0x77, 0x60, 0xAE, 0x0D, 0x77, 0x60, 0xAE, 0x0D, 0x77, 0x60,
  0xAE, 0x0D, 0x77, 0x60, 0xAE, 0x0D, 0x77, 0x60, 0xAE, 0x0D, 0x77, 0x60, 0xAE, 0x0D, 0x77, 0x60,
  0xAE, 0x0D, 0x77, 0x60, 0xAE, 0x0D, 0x77, 0x60, 0xAE, 0x0D, 0x77, 0x60, 0xAE, 0x0D, 0x77, 0x60,
  0xAE, 0x0D, 0x77, 0x60, 0xAE, 0x0D, 0x77, 0x60, 0xAE, 0x0D, 0x77, 0x60, 0xAE, 0x0D, 0x77, 0x60,
  0xAE, 0x0D, 0x77, 0x60, 0xAE, 0x0D, 0x77, 0x60, 0xAE, 0x0D, 0x77, 0x60, 0xAE, 0x0D, 0x77, 0x60,
  0xAE, 0x0D, 0x77, 0x60, 0xAE, 0x0D, 0x77, 0x60, 0xAE, 0x0D, 0x77, 0x60, 0xAE, 0x0D, 0x77, 0x60,
  0xAE, 0x0D, 0x77, 0x60,
  // "Ŗ" (U+0156), RLE, 1229 bytes saved (69.8%)
  0x0A, 0xFF, 0xC8, 0x6E, 0xDC, 0xB9, 0x74, 0x17, 0x73, 0x0A, 0xFF, 0xFD, 0x81, 0xD8, 0x37, 0x70,
  0xAF, 0xFF, 0xF9, 0x0C, 0x05, 0x75, 0x0A, 0xFF, 0xFF, 0xB0, 0xC0, 0x37, 0x30, 0xAF, 0xFF, 0xFD,
  0x06, 0x72, 0x0A, 0xFF, 0xFF, 0xE0, 0x87, 0x10, 0xAF, 0x05, 0x80, 0x54, 0x84, 0x56, 0x79, 0xBE,
  0xFD, 0x06, 0x70, 0xAF, 0x01, 0x77, 0x18, 0x13, 0x8E, 0xFB, 0x02, 0x60, 0xAF, 0x01, 0x77, 0x40,
  0x8F, 0xA0, 0xB6, 0x0A, 0xF0, 0x17, 0x75, 0x04, 0x0E, 0xF9, 0x03, 0x50, 0xAF, 0x01, 0x77, 0x60,
  0x4F, 0x90, 0x95, 0x0A, 0xF0, 0x17, 0x77, 0x0A, 0xF0, 0xE5, 0x0A, 0xF0, 0x17, 0x77, 0x02, 0xF9,
  0x02, 0x40, 0xAF, 0x01, 0x77, 0x71, 0x0D, 0xF0, 0x54, 0x0A, 0xF0, 0x17, 0x77, 0x10, 0x9F, 0x07,
  0x40, 0xAF, 0x01, 0x77, 0x71, 0x07, 0xF0, 0x84, 0x0A, 0xF0, 0x17, 0x77, 0x10, 0x6F, 0x09, 0x40,
  0xAF, 0x01, 0x77, 0x71, 0x05, 0xF0, 0x94, 0x0A, 0xF0, 0x17, 0x77, 0x10, 0x7F, 0x08, 0x40, 0xAF,
  0x01, 0x77, 0x71, 0x08, 0xF0, 0x74, 0x0A, 0xF0, 0x17, 0x77, 0x10, 0xAF, 0x05, 0x40, 0xAF, 0x01,
  0x77, 0x71, 0x0E, 0xF0, 0x24, 0x0A, 0xF0, 0x17, 0x77, 0x04, 0xF0, 0xD5, 0x0A, 0xF0, 0x17, 0x77,
  0x0C, 0xF0, 0x85, 0x0A, 0xF0, 0x17, 0x76, 0x06, 0xF9, 0x02, 0x50, 0xAF, 0x01, 0x77, 0x50, 0x4F,
  0x90, 0x96, 0x0A, 0xF0, 0x17, 0x74, 0x07, 0xF9, 0x0D, 0x01, 0x60, 0xAF, 0x01, 0x77, 0x20, 0x60,
  0xCF, 0xA0, 0x37, 0x0A, 0xF0, 0x17, 0x28, 0x51, 0x12, 0x47, 0xAE, 0xFB, 0x04, 0x71, 0x0A, 0xFF,
  0xFF, 0xC0, 0xE0, 0x47, 0x20, 0xAF, 0xFF, 0xFB, 0x0A, 0x01, 0x73, 0x0A, 0xFF, 0xFF, 0x90, 0xD0,
  0x47, 0x50, 0xAF, 0xFF, 0xE0, 0xB0, 0x47, 0x70, 0xAF, 0xFF, 0xD0, 0x97, 0x72, 0x0A, 0xFF, 0xFE,
  0x02, 0x77, 0x10, 0xAF, 0x05, 0x80, 0x74, 0x09, 0xF0, 0xB7, 0x71, 0x0A, 0xF0, 0x17, 0x40, 0x10,
  0xEF, 0x05, 0x77, 0x0A, 0xF0, 0x17, 0x50, 0x6F, 0x0D, 0x77, 0x0A, 0xF0, 0x17, 0x60, 0xCF, 0x08,
  0x76, 0x0A, 0xF0, 0x17, 0x60, 0x4F, 0x90, 0x27, 0x50, 0xAF, 0x01, 0x77, 0x0A, 0xF0, 0xB7, 0x50,
  0xAF, 0x01, 0x77, 0x02, 0xF9, 0x05, 0x74, 0x0A, 0xF0, 0x17, 0x71, 0x08, 0xF0, 0xE7, 0x40, 0xAF,
  0x01, 0x77, 0x20, 0xDF, 0x08, 0x73, 0x0A, 0xF0, 0x17, 0x72, 0x05, 0xF9, 0x03, 0x72, 0x0A, 0xF0,
  0x17, 0x73, 0x0C, 0xF0, 0xC7, 0x20, 0xAF, 0x01, 0x77, 0x30, 0x3F, 0x90, 0x67, 0x10, 0xAF, 0x01,
  0x77, 0x40, 0x9F, 0x0E, 0x01, 0x70, 0xAF, 0x01, 0x77, 0x40, 0x10, 0xEF, 0x09, 0x70, 0xAF, 0x01,
  0x77, 0x50, 0x7F, 0x90, 0x36, 0x0A, 0xF0, 0x17, 0x76, 0x0D, 0xF0, 0xC6, 0x0A, 0xF0, 0x17, 0x76,
  0x05, 0xF9, 0x06, 0x50, 0xAF, 0x01, 0x77, 0x70, 0xBF, 0x0E, 0x01, 0x40, 0xAF, 0x01, 0x77, 0x70,
  0x2F, 0x90, 0xA4, 0x0A, 0xF0, 0x17, 0x77, 0x10, 0x9F, 0x90, 0x33, 0x0A, 0xF0, 0x17, 0x77, 0x10,
  0x10, 0xEF, 0x0D, 0x30, 0xAF, 0x01, 0x77, 0x72, 0x06, 0xF9, 0x07, 0x20, 0xAF, 0x01, 0x77, 0x73,
  0x0D, 0xF8, 0x2E, 0x10, 0xAF, 0x01, 0x77, 0x73, 0x04, 0xF9, 0x81, 0xA0, 0xAF, 0x01, 0x77, 0x74,
  0x0A, 0xF9, 0x04, 0x0A, 0xF0, 0x17, 0x77, 0x40, 0x2F, 0x90, 0xD8, 0x0B, 0xD2, 0x00, 0xDE, 0x0B,
  0x80, 0xC0, 0x0F, 0x07, 0x77, 0x77, 0x70, 0x2F, 0x03, 0x77, 0x77, 0x70, 0x5E, 0x0C, 0x80, 0xC0,
  0x00, 0x9E, 0x06, 0x80, 0xC0, 0x00, 0xDD, 0x0E, 0x80, 0xC0, 0x00, 0x2E, 0x07, 0x80, 0xC0, 0x00,
  0x6D, 0x0E, 0x80, 0xC1, 0x00, 0xAD, 0x06, 0x80, 0xC1, 0x00, 0xEC, 0x0D, 0x80, 0xC1, 0x00, 0x5D,
  0x04, 0x80, 0xC1, 0x00, 0xAC, 0x09, 0x80, 0xC1, 0x00, 0x1C, 0x0D, 0x01, 0x80, 0xC1, 0x00, 0x4C,
  0x03, 0x77, 0x73,
  // "ŗ" (U+0157), RLE, 683 bytes saved (69.0%)
  0x77, 0x58, 0x91, 0x59, 0xCD, 0xFE, 0xED, 0xB8, 0x12, 0x0A, 0xD0, 0x87, 0x10, 0x70, 0xEF, 0xB0,
  0x12, 0x0A, 0xD0, 0xA6, 0x03, 0x0D, 0xFD, 0x30, 0xAD, 0x0B, 0x50, 0x6F, 0xE0, 0xC3, 0x0A, 0xD0,
  0xD4, 0x07, 0xFF, 0x0A, 0x30, 0xAD, 0x0E, 0x30, 0x7F, 0xF9, 0x08, 0x30, 0xAE, 0x81, 0x10, 0x5F,
  0x89, 0x0D, 0x96, 0x54, 0x58, 0xDF, 0x63, 0x0A, 0xE8, 0x12, 0x2E, 0xD0, 0xC0, 0x47, 0x10, 0x30,
  0x23, 0x0A, 0xE0, 0x40, 0xBC, 0x0E, 0x06, 0x77, 0x10, 0xAE, 0x0D, 0xC0, 0xD0, 0x27, 0x72, 0x0A,
  0xFB, 0x0D, 0x02, 0x77, 0x30, 0xAF, 0xB0, 0x37, 0x74, 0x0A, 0xFA, 0x07, 0x77, 0x50, 0xAF, 0x90,
  0xD7, 0x76, 0x0A, 0xF9, 0x06, 0x77, 0x60, 0xAF, 0x0E, 0x77, 0x70, 0xAF, 0x0A, 0x77, 0x70, 0xAF,
  0x05, 0x77, 0x70, 0xAF, 0x02, 0x77, 0x70, 0xAF, 0x77, 0x71, 0x0A, 0xE0, 0xE7, 0x77, 0x10, 0xAE,
  0x0D, 0x77, 0x71, 0x0A, 0xE0, 0xD7, 0x77, 0x10, 0xAE, 0x0D, 0x77, 0x71, 0x0A, 0xE0, 0xD7, 0x77,
  0x10, 0xAE, 0x0D, 0x77, 0x71, 0x0A, 0xE0, 0xD7, 0x77, 0x10, 0xAE, 0x0D, 0x77, 0x71, 0x0A, 0xE0,
  0xD7, 0x77, 0x10, 0xAE, 0x0D, 0x77, 0x71, 0x0A, 0xE0, 0xD7, 0x77, 0x10, 0xAE, 0x0D, 0x77, 0x71,
  0x0A, 0xE0, 0xD7, 0x77, 0x10, 0xAE, 0x0D, 0x77, 0x71, 0x0A, 0xE0, 0xD7, 0x77, 0x10, 0xAE, 0x0D,
  0x77, 0x71, 0x0A, 0xE0, 0xD7, 0x77, 0x10, 0xAE, 0x0D, 0x77, 0x71, 0x0A, 0xE0, 0xD7, 0x77, 0x10,
  0xAE, 0x0D, 0x77, 0x71, 0x0A, 0xE0, 0xD7, 0x77, 0x10, 0xAE, 0x0D, 0x77, 0x71, 0x0A, 0xE0, 0xD7,
  0x77, 0x10, 0xAE, 0x0D, 0x77, 0x71, 0x0A, 0xE0, 0xD7, 0x77, 0x10, 0xAE, 0x0D, 0x77, 0x71, 0x0A,
  0xE0, 0xD8, 0x0A, 0xD1, 0x00, 0x3F, 0x05, 0x77, 0x70, 0x5F, 0x02, 0x77, 0x70, 0x8E, 0x0C, 0x77,
  0x71, 0x0B, 0xE0, 0x67, 0x77, 0x10, 0xEE, 0x01, 0x77, 0x70, 0x3E, 0x09, 0x77, 0x71, 0x08, 0xE0,
  0x17, 0x77, 0x10, 0xCD, 0x09, 0x77, 0x71, 0x01, 0xD0, 0xE0, 0x17, 0x77, 0x10, 0x5D, 0x07, 0x77,
  0x72, 0x0B, 0xC0, 0xD7, 0x77, 0x20, 0x1D, 0x04, 0x77, 0x72, 0x07, 0xC0, 0x87, 0x77, 0x30, 0xAB,
  0x0C, 0x77, 0x74,
  // "Ř" (U+0158), RLE, 1219 bytes saved (68.4%)
  0x40, 0x8C, 0x0E, 0x05, 0x77, 0x20, 0x7D, 0x08, 0x77, 0x03, 0xE0, 0x97, 0x60, 0x10, 0xCD, 0x0E,
  0x03, 0x77, 0x10, 0x4E, 0x0C, 0x01, 0x73, 0x03, 0x0E, 0xD0, 0xE0, 0x37, 0x73, 0x06, 0xE0, 0xE0,
  0x37, 0x10, 0x5F, 0x04, 0x77, 0x50, 0x7E, 0x0E, 0x04, 0x60, 0x7F, 0x04, 0x77, 0x70, 0x9F, 0x05,
  0x40, 0x8F, 0x06, 0x77, 0x72, 0x0B, 0xF0, 0x52, 0x09, 0xF0, 0x77, 0x77, 0x40, 0xCF, 0x04, 0x09,
  0xF0, 0x97, 0x77, 0x50, 0x10, 0xDF, 0xF0, 0xB7, 0x77, 0x70, 0x30, 0xEF, 0xD0, 0xC7, 0x77, 0x72,
  0x05, 0xFC, 0x0E, 0x02, 0x77, 0x77, 0x30, 0x9F, 0xB0, 0x57, 0x77, 0x75, 0x0D, 0xF9, 0x0A, 0x77,
  0x77, 0x60, 0x4F, 0x0E, 0x01, 0x80, 0xCB, 0x00, 0x0A, 0xFF, 0xC8, 0x6E, 0xDC, 0xB9, 0x74, 0x17,
  0x73, 0x0A, 0xFF, 0xFD, 0x81, 0xD8, 0x37, 0x70, 0xAF, 0xFF, 0xF9, 0x0C, 0x05, 0x75, 0x0A, 0xFF,
  0xFF, 0xB0, 0xC0, 0x37, 0x30, 0xAF, 0xFF, 0xFD, 0x06, 0x72, 0x0A, 0xFF, 0xFF, 0xE0, 0x87, 0x10,
  0xAF, 0x05, 0x80, 0x54, 0x84, 0x56, 0x79, 0xBE, 0xFD, 0x06, 0x70, 0xAF, 0x01, 0x77, 0x18, 0x13,
  0x8E, 0xFB, 0x02, 0x60, 0xAF, 0x01, 0x77, 0x40, 0x8F, 0xA0, 0xB6, 0x0A, 0xF0, 0x17, 0x75, 0x04,
  0x0E, 0xF9, 0x03, 0x50, 0xAF, 0x01, 0x77, 0x60, 0x4F, 0x90, 0x95, 0x0A, 0xF0, 0x17, 0x77, 0x0A,
  0xF0, 0xE5, 0x0A, 0xF0, 0x17, 0x77, 0x02, 0xF9, 0x02, 0x40, 0xAF, 0x01, 0x77, 0x71, 0x0D, 0xF0,
  0x54, 0x0A, 0xF0, 0x17, 0x77, 0x10, 0x9F, 0x07, 0x40, 0xAF, 0x01, 0x77, 0x71, 0x07, 0xF0, 0x84,
  0x0A, 0xF0, 0x17, 0x77, 0x10, 0x6F, 0x09, 0x40, 0xAF, 0x01, 0x77, 0x71, 0x05, 0xF0, 0x94, 0x0A,
  0xF0, 0x17, 0x77, 0x10, 0x7F, 0x08, 0x40, 0xAF, 0x01, 0x77, 0x71, 0x08, 0xF0, 0x74, 0x0A, 0xF0,
  0x17, 0x77, 0x10, 0xAF, 0x05, 0x40, 0xAF, 0x01, 0x77, 0x71, 0x0E, 0xF0, 0x24, 0x0A, 0xF0, 0x17,
  0x77, 0x04, 0xF0, 0xD5, 0x0A, 0xF0, 0x17, 0x77, 0x0C, 0xF0, 0x85, 0x0A, 0xF0, 0x17, 0x76, 0x06,
  0xF9, 0x02, 0x50, 0xAF, 0x01, 0x77, 0x50, 0x4F, 0x90, 0x96, 0x0A, 0xF0, 0x17, 0x74, 0x07, 0xF9,
  0x0D, 0x01, 0x60, 0xAF, 0x01, 0x77, 0x20, 0x60, 0xCF, 0xA0, 0x37, 0x0A, 0xF0, 0x17, 0x28, 0x51,
  0x12, 0x47, 0xAE, 0xFB, 0x04, 0x71, 0x0A, 0xFF, 0xFF, 0xC0, 0xE0, 0x47, 0x20, 0xAF, 0xFF, 0xFB,
  0x0A, 0x01, 0x73, 0x0A, 0xFF, 0xFF, 0x90, 0xD0, 0x47, 0x50, 0xAF, 0xFF, 0xE0, 0xB0, 0x47, 0x70,
  0xAF, 0xFF, 0xD0, 0x97, 0x72, 0x0A, 0xFF, 0xFE, 0x02, 0x77, 0x10, 0xAF, 0x05, 0x80, 0x74, 0x09,
  0xF0, 0xB7, 0x71, 0x0A, 0xF0, 0x17, 0x40, 0x10, 0xEF, 0x05, 0x77, 0x0A, 0xF0, 0x17, 0x50, 0x6F,
  0x0D, 0x77, 0x0A, 0xF0, 0x17, 0x60, 0xCF, 0x08, 0x76, 0x0A, 0xF0, 0x17, 0x60, 0x4F, 0x90, 0x27,
  0x50, 0xAF, 0x01, 0x77, 0x0A, 0xF0, 0xB7, 0x50, 0xAF, 0x01, 0x77, 0x02, 0xF9, 0x05, 0x74, 0x0A,
  0xF0, 0x17, 0x71, 0x08, 0xF0, 0xE7, 0x40, 0xAF, 0x01, 0x77, 0x20, 0xDF, 0x08, 0x73, 0x0A, 0xF0,
  0x17, 0x72, 0x05, 0xF9, 0x03, 0x72, 0x0A, 0xF0, 0x17, 0x73, 0x0C, 0xF0, 0xC7, 0x20, 0xAF, 0x01,
  0x77, 0x30, 0x3F, 0x90, 0x67, 0x10, 0xAF, 0x01, 0x77, 0x40, 0x9F, 0x0E, 0x01, 0x70, 0xAF, 0x01,
  0x77, 0x40, 0x10, 0xEF, 0x09, 0x70, 0xAF, 0x01, 0x77, 0x50, 0x7F, 0x90, 0x36, 0x0A, 0xF0, 0x17,
  0x76, 0x0D, 0xF0, 0xC6, 0x0A, 0xF0, 0x17, 0x76, 0x05, 0xF9, 0x06, 0x50, 0xAF, 0x01, 0x77, 0x70,
  0xBF, 0x0E, 0x01, 0x40, 0xAF, 0x01, 0x77, 0x70, 0x2F, 0x90, 0xA4, 0x0A, 0xF0, 0x17, 0x77, 0x10,
  0x9F, 0x90, 0x33, 0x0A, 0xF0, 0x17, 0x77, 0x10, 0x10, 0xEF, 0x0D, 0x30, 0xAF, 0x01, 0x77, 0x72,
  0x06, 0xF9, 0x07, 0x20, 0xAF, 0x01, 0x77, 0x73, 0x0D, 0xF8, 0x2E, 0x10, 0xAF, 0x01, 0x77, 0x73,
  0x04, 0xF9, 0x81, 0xA0, 0xAF, 0x01, 0x77, 0x74, 0x0A, 0xF9, 0x04, 0x0A, 0xF0, 0x17, 0x77, 0x40,
  0x2F, 0x90, 0xD0,
  // "ř" (U+0159), RLE, 658 bytes saved (66.5%)
  0x08, 0xC0, 0xE0, 0x57, 0x72, 0x07, 0xD0, 0x80, 0x3E, 0x09, 0x76, 0x01, 0x0C, 0xD8, 0x2E, 0x30,
  0x4E, 0x0C, 0x01, 0x73, 0x03, 0x0E, 0xD0, 0xE0, 0x33, 0x06, 0xE0, 0xE0, 0x37, 0x10, 0x5F, 0x04,
  0x50, 0x7E, 0x0E, 0x04, 0x60, 0x7F, 0x04, 0x70, 0x9F, 0x05, 0x40, 0x8F, 0x06, 0x72, 0x0B, 0xF0,
  0x52, 0x09, 0xF0, 0x77, 0x40, 0xCF, 0x04, 0x09, 0xF0, 0x97, 0x50, 0x10, 0xDF, 0xF0, 0xB7, 0x70,
  0x30, 0xEF, 0xD0, 0xC7, 0x72, 0x05, 0xFC, 0x0E, 0x02, 0x77, 0x30, 0x9F, 0xB0, 0x57, 0x75, 0x0D,
  0xF9, 0x0A, 0x77, 0x60, 0x4F, 0x0E, 0x01, 0x80, 0xAD, 0x60, 0x89, 0x15, 0x9C, 0xDF, 0xEE, 0xDB,
  0x81, 0x20, 0xAD, 0x08, 0x71, 0x07, 0x0E, 0xFB, 0x01, 0x20, 0xAD, 0x0A, 0x60, 0x30, 0xDF, 0xD3,
  0x0A, 0xD0, 0xB5, 0x06, 0xFE, 0x0C, 0x30, 0xAD, 0x0D, 0x40, 0x7F, 0xF0, 0xA3, 0x0A, 0xD0, 0xE3,
  0x07, 0xFF, 0x90, 0x83, 0x0A, 0xE8, 0x11, 0x05, 0xF8, 0x90, 0xD9, 0x65, 0x45, 0x8D, 0xF6, 0x30,
  0xAE, 0x81, 0x22, 0xED, 0x0C, 0x04, 0x71, 0x03, 0x02, 0x30, 0xAE, 0x04, 0x0B, 0xC0, 0xE0, 0x67,
  0x71, 0x0A, 0xE0, 0xDC, 0x0D, 0x02, 0x77, 0x20, 0xAF, 0xB0, 0xD0, 0x27, 0x73, 0x0A, 0xFB, 0x03,
  0x77, 0x40, 0xAF, 0xA0, 0x77, 0x75, 0x0A, 0xF9, 0x0D, 0x77, 0x60, 0xAF, 0x90, 0x67, 0x76, 0x0A,
  0xF0, 0xE7, 0x77, 0x0A, 0xF0, 0xA7, 0x77, 0x0A, 0xF0, 0x57, 0x77, 0x0A, 0xF0, 0x27, 0x77, 0x0A,
  0xF7, 0x77, 0x10, 0xAE, 0x0E, 0x77, 0x71, 0x0A, 0xE0, 0xD7, 0x77, 0x10, 0xAE, 0x0D, 0x77, 0x71,
  0x0A, 0xE0, 0xD7, 0x77, 0x10, 0xAE, 0x0D, 0x77, 0x71, 0x0A, 0xE0, 0xD7, 0x77, 0x10, 0xAE, 0x0D,
  0x77, 0x71, 0x0A, 0xE0, 0xD7, 0x77, 0x10, 0xAE, 0x0D, 0x77, 0x71, 0x0A, 0xE0, 0xD7, 0x77, 0x10,
  0xAE, 0x0D, 0x77, 0x71, 0x0A, 0xE0, 0xD7, 0x77, 0x10, 0xAE, 0x0D, 0x77, 0x71, 0x0A, 0xE0, 0xD7,
  0x77, 0x10, 0xAE, 0x0D, 0x77, 0x71, 0x0A, 0xE0, 0xD7, 0x77, 0x10, 0xAE, 0x0D, 0x77, 0x71, 0x0A,
  0xE0, 0xD7, 0x77, 0x10, 0xAE, 0x0D, 0x77, 0x71, 0x0A, 0xE0, 0xD7, 0x77, 0x10, 0xAE, 0x0D, 0x77,
  0x71, 0x0A, 0xE0, 0xD7, 0x77, 0x10, 0xAE, 0x0D, 0x77, 0x71, 0x0A, 0xE0, 0xD7, 0x77, 0x10, 0xAE,
  0x0D, 0x77, 0x71, 0x0A, 0xE0, 0xD7, 0x77, 0x10, 0xAE, 0x0D, 0x77, 0x70,
  // "Ś" (U+015A), RLE, 1150 bytes saved (70.1%)
  0x77, 0x72, 0x0A, 0xF9, 0x0B, 0x77, 0x77, 0x10, 0x3F, 0xA0, 0x47, 0x77, 0x71, 0x0B, 0xF9, 0x08,
  0x77, 0x77, 0x10, 0x5F, 0x90, 0xB7, 0x77, 0x72, 0x0D, 0xF0, 0xD0, 0x17, 0x77, 0x71, 0x08, 0xF0,
  0xE0, 0x27, 0x77, 0x71, 0x03, 0xF0, 0xE0, 0x37, 0x77, 0x72, 0x0C, 0xF0, 0x47, 0x77, 0x72, 0x06,
  0xF0, 0x57, 0x77, 0x72, 0x02, 0x0E, 0xE0, 0x57, 0x77, 0x73, 0x0B, 0xE0, 0x57, 0x77, 0x73, 0x07,
  0xE0, 0x57, 0x77, 0x73, 0x03, 0xD0, 0xE0, 0x47, 0x77, 0x74, 0x08, 0xC0, 0xD0, 0x28, 0x0B, 0xC3,
  0x08, 0x51, 0x58, 0xAC, 0xDE, 0xA8, 0x6E, 0xDC, 0xCA, 0x75, 0x37, 0x76, 0x81, 0x16, 0xCF, 0xFC,
  0x81, 0xB7, 0x37, 0x78, 0x11, 0x8E, 0xFF, 0xFA, 0x81, 0xE9, 0x37, 0x30, 0x60, 0xEF, 0xFF, 0xF0,
  0x87, 0x10, 0xAF, 0xFF, 0xFA, 0x04, 0x70, 0xBF, 0xFF, 0xFA, 0x0E, 0x70, 0xAF, 0xB8, 0x92, 0xEB,
  0x76, 0x54, 0x45, 0x78, 0xBE, 0xFA, 0x09, 0x60, 0x7F, 0xA0, 0xB0, 0x47, 0x58, 0x13, 0x7D, 0xE0,
  0x35, 0x01, 0x0E, 0xF0, 0xE0, 0x57, 0x73, 0x81, 0x38, 0xEA, 0x0D, 0x60, 0x9F, 0x0E, 0x03, 0x77,
  0x78, 0x17, 0xE8, 0x60, 0xEF, 0x05, 0x77, 0x73, 0x01, 0x50, 0x4F, 0x0C, 0x77, 0x77, 0x30, 0x7F,
  0x06, 0x77, 0x77, 0x30, 0xAF, 0x02, 0x77, 0x77, 0x30, 0xBF, 0x77, 0x77, 0x40, 0xCF, 0x77, 0x77,
  0x40, 0xCF, 0x77, 0x77, 0x40, 0xBF, 0x02, 0x77, 0x77, 0x30, 0x9F, 0x06, 0x77, 0x77, 0x30, 0x7F,
  0x0C, 0x77, 0x77, 0x30, 0x3F, 0x90, 0x47, 0x77, 0x73, 0xF9, 0x0E, 0x02, 0x77, 0x77, 0x20, 0xAF,
  0x90, 0xD0, 0x27, 0x77, 0x71, 0x03, 0xFA, 0x0E, 0x06, 0x77, 0x77, 0x10, 0xBF, 0xB0, 0xC0, 0x47,
  0x77, 0x60, 0x10, 0xEF, 0xC0, 0xB0, 0x47, 0x77, 0x50, 0x4F, 0xE0, 0xD0, 0x67, 0x77, 0x40, 0x5F,
  0xF8, 0x1E, 0x93, 0x77, 0x72, 0x04, 0x0E, 0xFF, 0x90, 0xC0, 0x67, 0x77, 0x10, 0x20, 0xCF, 0xFA,
  0x81, 0xE8, 0x27, 0x77, 0x07, 0xFF, 0xC0, 0x90, 0x27, 0x76, 0x01, 0x09, 0xFF, 0xC0, 0x87, 0x77,
  0x02, 0x09, 0xFF, 0xB0, 0xE0, 0x47, 0x77, 0x81, 0x17, 0xDF, 0xFA, 0x08, 0x77, 0x72, 0x81, 0x39,
  0xEF, 0xF0, 0xA7, 0x77, 0x40, 0x60, 0xCF, 0xE0, 0xA7, 0x77, 0x50, 0x30, 0xAF, 0xD0, 0x77, 0x77,
  0x60, 0x30, 0xBF, 0xC0, 0x37, 0x77, 0x70, 0x40, 0xDF, 0xA0, 0xA7, 0x77, 0x71, 0x01, 0x0B, 0xFA,
  0x02, 0x77, 0x77, 0x20, 0xBF, 0x90, 0x77, 0x77, 0x72, 0x01, 0x0E, 0xF0, 0xB7, 0x77, 0x73, 0x06,
  0xF0, 0xE7, 0x77, 0x73, 0x01, 0xF9, 0x77, 0x77, 0x40, 0xCF, 0x01, 0x77, 0x77, 0x30, 0x9F, 0x02,
  0x77, 0x77, 0x30, 0x9F, 0x02, 0x77, 0x77, 0x30, 0x9F, 0x01, 0x77, 0x77, 0x30, 0xBE, 0x0E, 0x77,
  0x77, 0x40, 0xEE, 0x0C, 0x77, 0x77, 0x30, 0x4F, 0x08, 0x77, 0x77, 0x30, 0xCF, 0x03, 0x77, 0x77,
  0x20, 0x7F, 0x0D, 0x28, 0x17, 0x61, 0x77, 0x74, 0x07, 0xF9, 0x05, 0x20, 0x9A, 0x81, 0xA5, 0x17,
  0x76, 0x01, 0x0A, 0xF9, 0x0C, 0x30, 0x9D, 0x82, 0xC8, 0x41, 0x77, 0x81, 0x39, 0xEF, 0x90, 0xE0,
  0x23, 0x09, 0xFA, 0x89, 0x4D, 0xB9, 0x76, 0x54, 0x45, 0x56, 0x8B, 0xEF, 0xC0, 0x44, 0x09, 0xFF,
  0xFF, 0xD0, 0x55, 0x09, 0xFF, 0xFF, 0xB0, 0xD0, 0x36, 0x09, 0xFF, 0xFF, 0xA0, 0x97, 0x10, 0x30,
  0xBF, 0xFF, 0xE0, 0xA0, 0x27, 0x48, 0x21, 0x59, 0xDF, 0xFE, 0x81, 0xC6, 0x17, 0x74, 0x87, 0x35,
  0x79, 0xBC, 0xDE, 0xEB, 0x84, 0xED, 0xB9, 0x74, 0x77, 0x10,
  // "ś" (U+015B), RLE, 762 bytes saved (66.9%)
  0x77, 0x50, 0xAF, 0x90, 0xB7, 0x77, 0x20, 0x3F, 0xA0, 0x47, 0x77, 0x20, 0xBF, 0x90, 0x87, 0x77,
  0x20, 0x5F, 0x90, 0xB7, 0x77, 0x30, 0xDF, 0x0D, 0x01, 0x77, 0x72, 0x08, 0xF0, 0xE0, 0x27, 0x77,
  0x20, 0x3F, 0x0E, 0x03, 0x77, 0x73, 0x0C, 0xF0, 0x47, 0x77, 0x30, 0x6F, 0x05, 0x77, 0x73, 0x02,
  0x0E, 0xE0, 0x57, 0x77, 0x40, 0xBE, 0x05, 0x77, 0x74, 0x07, 0xE0, 0x57, 0x77, 0x40, 0x3D, 0x0E,
  0x04, 0x77, 0x75, 0x08, 0xC0, 0xD0, 0x28, 0x0B, 0x80, 0x08, 0x96, 0x25, 0x8B, 0xCD, 0xEF, 0xEE,
  0xDC, 0xA7, 0x52, 0x77, 0x18, 0x11, 0x7C, 0xFF, 0xA8, 0x1D, 0x94, 0x73, 0x01, 0x08, 0xFF, 0xF9,
  0x81, 0xE8, 0x26, 0x05, 0x0E, 0xFF, 0xFD, 0x03, 0x40, 0x7F, 0xFF, 0xE0, 0xD4, 0x05, 0xFF, 0xFF,
  0x06, 0x30, 0x20, 0xEF, 0xA8, 0x90, 0xC9, 0x65, 0x44, 0x57, 0x8B, 0xFA, 0x01, 0x30, 0x9F, 0x90,
  0x90, 0x27, 0x48, 0x13, 0x8D, 0xC0, 0x94, 0xF0, 0xE0, 0x37, 0x72, 0x03, 0x09, 0xA0, 0x33, 0x04,
  0xF0, 0x47, 0x75, 0x01, 0x06, 0x40, 0x7E, 0x0D, 0x77, 0x75, 0x08, 0xE0, 0xA7, 0x77, 0x50, 0x9E,
  0x0A, 0x77, 0x75, 0x08, 0xE0, 0xD7, 0x77, 0x50, 0x6F, 0x04, 0x77, 0x74, 0x03, 0xF0, 0xE0, 0x27,
  0x77, 0x40, 0xDF, 0x0E, 0x06, 0x77, 0x73, 0x06, 0xFA, 0x0C, 0x04, 0x77, 0x72, 0x0C, 0xFB, 0x0C,
  0x05, 0x77, 0x70, 0x10, 0xDF, 0xC8, 0x1E, 0x81, 0x77, 0x50, 0x10, 0xCF, 0xE0, 0xB0, 0x57, 0x75,
  0x09, 0xFF, 0x81, 0xE8, 0x17, 0x73, 0x03, 0x0C, 0xFF, 0x90, 0xA0, 0x37, 0x73, 0x04, 0x0C, 0xFF,
  0x90, 0xB0, 0x37, 0x73, 0x03, 0x0A, 0xFF, 0x90, 0x90, 0x17, 0x73, 0x81, 0x18, 0xEF, 0xE0, 0xD0,
  0x37, 0x75, 0x04, 0x0A, 0xFE, 0x04, 0x77, 0x68, 0x11, 0x8E, 0xFB, 0x0E, 0x02, 0x77, 0x71, 0x07,
  0x0E, 0xFA, 0x0C, 0x77, 0x72, 0x01, 0x09, 0xFA, 0x05, 0x77, 0x73, 0x04, 0x0E, 0xF0, 0xB7, 0x77,
  0x40, 0x3F, 0x97, 0x77, 0x50, 0x9F, 0x03, 0x77, 0x74, 0x03, 0xF0, 0x47, 0x77, 0x5F, 0x04, 0x77,
  0x75, 0xF0, 0x47, 0x77, 0x40, 0x3F, 0x02, 0x77, 0x74, 0x08, 0xF1, 0x00, 0x67, 0x77, 0x10, 0x3F,
  0x85, 0xB0, 0x8F, 0xE9, 0x47, 0x74, 0x03, 0x0E, 0xF8, 0x16, 0x08, 0xC8, 0x2E, 0x95, 0x17, 0x50,
  0x20, 0x9F, 0x90, 0xE2, 0x08, 0xF9, 0x89, 0x2D, 0xA8, 0x65, 0x44, 0x55, 0x7A, 0xDF, 0xB0, 0x52,
  0x08, 0xFF, 0xFF, 0x90, 0x93, 0x08, 0xFF, 0xFF, 0x09, 0x40, 0x8F, 0xFF, 0xD0, 0xE0, 0x65, 0x81,
  0x17, 0xDF, 0xFF, 0xA0, 0x90, 0x17, 0x28, 0x15, 0x9D, 0xFF, 0xB8, 0x1C, 0x71, 0x77, 0x85, 0x26,
  0x8A, 0xCD, 0xEB, 0x85, 0xED, 0xCA, 0x75, 0x17, 0x40,
  // "Ŝ" (U+015C), RLE, 1125 bytes saved (68.6%)
  0x77, 0x20, 0x4F, 0x0E, 0x01, 0x77, 0x77, 0x20, 0xDF, 0x90, 0xA7, 0x77, 0x71, 0x09, 0xFB, 0x05,
  0x77, 0x76, 0x05, 0xFC, 0x0E, 0x02, 0x77, 0x74, 0x02, 0x0E, 0xFD, 0x0C, 0x77, 0x73, 0x01, 0x0D,
  0xFF, 0x0B, 0x77, 0x72, 0x0C, 0xF0, 0x70, 0xBF, 0x08, 0x77, 0x70, 0x9F, 0x06, 0x20, 0xBF, 0x06,
  0x77, 0x50, 0x7F, 0x05, 0x40, 0xBF, 0x04, 0x77, 0x30, 0x5E, 0x0E, 0x04, 0x60, 0x9E, 0x0E, 0x03,
  0x77, 0x10, 0x4E, 0x0E, 0x03, 0x71, 0x07, 0xE0, 0xE0, 0x27, 0x60, 0x30, 0xED, 0x0C, 0x01, 0x73,
  0x05, 0x0E, 0xD0, 0xD0, 0x27, 0x40, 0x20, 0xED, 0x09, 0x76, 0x02, 0x0C, 0xD0, 0xD0, 0x17, 0x30,
  0x8C, 0x0E, 0x05, 0x77, 0x20, 0x8D, 0x07, 0x80, 0xBA, 0x50, 0x85, 0x15, 0x8A, 0xCD, 0xEA, 0x86,
  0xED, 0xCC, 0xA7, 0x53, 0x77, 0x68, 0x11, 0x6C, 0xFF, 0xC8, 0x1B, 0x73, 0x77, 0x81, 0x18, 0xEF,
  0xFF, 0xA8, 0x1E, 0x93, 0x73, 0x06, 0x0E, 0xFF, 0xFF, 0x08, 0x71, 0x0A, 0xFF, 0xFF, 0xA0, 0x47,
  0x0B, 0xFF, 0xFF, 0xA0, 0xE7, 0x0A, 0xFB, 0x89, 0x2E, 0xB7, 0x65, 0x44, 0x57, 0x8B, 0xEF, 0xA0,
  0x96, 0x07, 0xFA, 0x0B, 0x04, 0x75, 0x81, 0x37, 0xDE, 0x03, 0x50, 0x10, 0xEF, 0x0E, 0x05, 0x77,
  0x38, 0x13, 0x8E, 0xA0, 0xD6, 0x09, 0xF0, 0xE0, 0x37, 0x77, 0x81, 0x7E, 0x86, 0x0E, 0xF0, 0x57,
  0x77, 0x30, 0x15, 0x04, 0xF0, 0xC7, 0x77, 0x73, 0x07, 0xF0, 0x67, 0x77, 0x73, 0x0A, 0xF0, 0x27,
  0x77, 0x73, 0x0B, 0xF7, 0x77, 0x74, 0x0C, 0xF7, 0x77, 0x74, 0x0C, 0xF7, 0x77, 0x74, 0x0B, 0xF0,
  0x27, 0x77, 0x73, 0x09, 0xF0, 0x67, 0x77, 0x73, 0x07, 0xF0, 0xC7, 0x77, 0x73, 0x03, 0xF9, 0x04,
  0x77, 0x77, 0x3F, 0x90, 0xE0, 0x27, 0x77, 0x72, 0x0A, 0xF9, 0x0D, 0x02, 0x77, 0x77, 0x10, 0x3F,
  0xA0, 0xE0, 0x67, 0x77, 0x71, 0x0B, 0xFB, 0x0C, 0x04, 0x77, 0x76, 0x01, 0x0E, 0xFC, 0x0B, 0x04,
  0x77, 0x75, 0x04, 0xFE, 0x0D, 0x06, 0x77, 0x74, 0x05, 0xFF, 0x81, 0xE9, 0x37, 0x77, 0x20, 0x40,
  0xEF, 0xF9, 0x0C, 0x06, 0x77, 0x71, 0x02, 0x0C, 0xFF, 0xA8, 0x1E, 0x82, 0x77, 0x70, 0x7F, 0xFC,
  0x09, 0x02, 0x77, 0x60, 0x10, 0x9F, 0xFC, 0x08, 0x77, 0x70, 0x20, 0x9F, 0xFB, 0x0E, 0x04, 0x77,
  0x78, 0x11, 0x7D, 0xFF, 0xA0, 0x87, 0x77, 0x28, 0x13, 0x9E, 0xFF, 0x0A, 0x77, 0x74, 0x06, 0x0C,
  0xFE, 0x0A, 0x77, 0x75, 0x03, 0x0A, 0xFD, 0x07, 0x77, 0x76, 0x03, 0x0B, 0xFC, 0x03, 0x77, 0x77,
  0x04, 0x0D, 0xFA, 0x0A, 0x77, 0x77, 0x10, 0x10, 0xBF, 0xA0, 0x27, 0x77, 0x72, 0x0B, 0xF9, 0x07,
  0x77, 0x77, 0x20, 0x10, 0xEF, 0x0B, 0x77, 0x77, 0x30, 0x6F, 0x0E, 0x77, 0x77, 0x30, 0x1F, 0x97,
  0x77, 0x74, 0x0C, 0xF0, 0x17, 0x77, 0x73, 0x09, 0xF0, 0x27, 0x77, 0x73, 0x09, 0xF0, 0x27, 0x77,
  0x73, 0x09, 0xF0, 0x17, 0x77, 0x73, 0x0B, 0xE0, 0xE7, 0x77, 0x74, 0x0E, 0xE0, 0xC7, 0x77, 0x73,
  0x04, 0xF0, 0x87, 0x77, 0x73, 0x0C, 0xF0, 0x37, 0x77, 0x72, 0x07, 0xF0, 0xD2, 0x81, 0x76, 0x17,
  0x77, 0x40, 0x7F, 0x90, 0x52, 0x09, 0xA8, 0x1A, 0x51, 0x77, 0x60, 0x10, 0xAF, 0x90, 0xC3, 0x09,
  0xD8, 0x2C, 0x84, 0x17, 0x78, 0x13, 0x9E, 0xF9, 0x0E, 0x02, 0x30, 0x9F, 0xA8, 0x94, 0xDB, 0x97,
  0x65, 0x44, 0x55, 0x68, 0xBE, 0xFC, 0x04, 0x40, 0x9F, 0xFF, 0xFD, 0x05, 0x50, 0x9F, 0xFF, 0xFB,
  0x0D, 0x03, 0x60, 0x9F, 0xFF, 0xFA, 0x09, 0x71, 0x03, 0x0B, 0xFF, 0xFE, 0x0A, 0x02, 0x74, 0x82,
  0x15, 0x9D, 0xFF, 0xE8, 0x1C, 0x61, 0x77, 0x48, 0x73, 0x57, 0x9B, 0xCD, 0xEE, 0xB8, 0x4E, 0xDB,
  0x97, 0x47, 0x71,
  // "ŝ" (U+015D), RLE, 736 bytes saved (64.6%)
  0x75, 0x04, 0xF0, 0xE0, 0x17, 0x77, 0x30, 0xDF, 0x90, 0xA7, 0x77, 0x20, 0x9F, 0xB0, 0x57, 0x77,
  0x05, 0xFC, 0x0E, 0x02, 0x77, 0x50, 0x20, 0xEF, 0xD0, 0xC7, 0x74, 0x01, 0x0D, 0xFF, 0x0B, 0x77,
  0x30, 0xCF, 0x07, 0x0B, 0xF0, 0x87, 0x71, 0x09, 0xF0, 0x62, 0x0B, 0xF0, 0x67, 0x60, 0x7F, 0x05,
  0x40, 0xBF, 0x04, 0x74, 0x05, 0xE0, 0xE0, 0x46, 0x09, 0xE0, 0xE0, 0x37, 0x20, 0x4E, 0x0E, 0x03,
  0x71, 0x07, 0xE0, 0xE0, 0x27, 0x03, 0x0E, 0xD0, 0xC0, 0x17, 0x30, 0x50, 0xED, 0x0D, 0x02, 0x50,
  0x20, 0xED, 0x09, 0x76, 0x02, 0x0C, 0xD0, 0xD0, 0x14, 0x08, 0xC0, 0xE0, 0x57, 0x72, 0x08, 0xD0,
  0x78, 0x0A, 0xE2, 0x08, 0x96, 0x25, 0x8B, 0xCD, 0xEF, 0xEE, 0xDC, 0xA7, 0x52, 0x77, 0x18, 0x11,
  0x7C, 0xFF, 0xA8, 0x1D, 0x94, 0x73, 0x01, 0x08, 0xFF, 0xF9, 0x81, 0xE8, 0x26, 0x05, 0x0E, 0xFF,
  0xFD, 0x03, 0x40, 0x7F, 0xFF, 0xE0, 0xD4, 0x05, 0xFF, 0xFF, 0x06, 0x30, 0x20, 0xEF, 0xA8, 0x90,
  0xC9, 0x65, 0x44, 0x57, 0x8B, 0xFA, 0x01, 0x30, 0x9F, 0x90, 0x90, 0x27, 0x48, 0x13, 0x8D, 0xC0,
  0x94, 0xF0, 0xE0, 0x37, 0x72, 0x03, 0x09, 0xA0, 0x33, 0x04, 0xF0, 0x47, 0x75, 0x01, 0x06, 0x40,
  0x7E, 0x0D, 0x77, 0x75, 0x08, 0xE0, 0xA7, 0x77, 0x50, 0x9E, 0x0A, 0x77, 0x75, 0x08, 0xE0, 0xD7,
  0x77, 0x50, 0x6F, 0x04, 0x77, 0x74, 0x03, 0xF0, 0xE0, 0x27, 0x77, 0x40, 0xDF, 0x0E, 0x06, 0x77,
  0x73, 0x06, 0xFA, 0x0C, 0x04, 0x77, 0x72, 0x0C, 0xFB, 0x0C, 0x05, 0x77, 0x70, 0x10, 0xDF, 0xC8,
  0x1E, 0x81, 0x77, 0x50, 0x10, 0xCF, 0xE0, 0xB0, 0x57, 0x75, 0x09, 0xFF, 0x81, 0xE8, 0x17, 0x73,
  0x03, 0x0C, 0xFF, 0x90, 0xA0, 0x37, 0x73, 0x04, 0x0C, 0xFF, 0x90, 0xB0, 0x37, 0x73, 0x03, 0x0A,
  0xFF, 0x90, 0x90, 0x17, 0x73, 0x81, 0x18, 0xEF, 0xE0, 0xD0, 0x37, 0x75, 0x04, 0x0A, 0xFE, 0x04,
  0x77, 0x68, 0x11, 0x8E, 0xFB, 0x0E, 0x02, 0x77, 0x71, 0x07, 0x0E, 0xFA, 0x0C, 0x77, 0x72, 0x01,
  0x09, 0xFA, 0x05, 0x77, 0x73, 0x04, 0x0E, 0xF0, 0xB7, 0x77, 0x40, 0x3F, 0x97, 0x77, 0x50, 0x9F,
  0x03, 0x77, 0x74, 0x03, 0xF0, 0x47, 0x77, 0x5F, 0x04, 0x77, 0x75, 0xF0, 0x47, 0x77, 0x40, 0x3F,
  0x02, 0x77, 0x74, 0x08, 0xF1, 0x00, 0x67, 0x77, 0x10, 0x3F, 0x85, 0xB0, 0x8F, 0xE9, 0x47, 0x74,
  0x03, 0x0E, 0xF8, 0x16, 0x08, 0xC8, 0x2E, 0x95, 0x17, 0x50, 0x20, 0x9F, 0x90, 0xE2, 0x08, 0xF9,
  0x89, 0x2D, 0xA8, 0x65, 0x44, 0x55, 0x7A, 0xDF, 0xB0, 0x52, 0x08, 0xFF, 0xFF, 0x90, 0x93, 0x08,
  0xFF, 0xFF, 0x09, 0x40, 0x8F, 0xFF, 0xD0, 0xE0, 0x65, 0x81, 0x17, 0xDF, 0xFF, 0xA0, 0x90, 0x17,
  0x28, 0x15, 0x9D, 0xFF, 0xB8, 0x1C, 0x71, 0x77, 0x85, 0x26, 0x8A, 0xCD, 0xEB, 0x85, 0xED, 0xCA,
  0x75, 0x17, 0x40,
  // "Ş" (U+015E), RLE, 1129 bytes saved (68.0%)
  0x76, 0x85, 0x15, 0x8A, 0xCD, 0xEA, 0x86, 0xED, 0xCC, 0xA7, 0x53, 0x77, 0x68, 0x11, 0x6C, 0xFF,
  0xC8, 0x1B, 0x73, 0x77, 0x81, 0x18, 0xEF, 0xFF, 0xA8, 0x1E, 0x93, 0x73, 0x06, 0x0E, 0xFF, 0xFF,
  0x08, 0x71, 0x0A, 0xFF, 0xFF, 0xA0, 0x47, 0x0B, 0xFF, 0xFF, 0xA0, 0xE7, 0x0A, 0xFB, 0x89, 0x2E,
  0xB7, 0x65, 0x44, 0x57, 0x8B, 0xEF, 0xA0, 0x96, 0x07, 0xFA, 0x0B, 0x04, 0x75, 0x81, 0x37, 0xDE,
  0x03, 0x50, 0x10, 0xEF, 0x0E, 0x05, 0x77, 0x38, 0x13, 0x8E, 0xA0, 0xD6, 0x09, 0xF0, 0xE0, 0x37,
  0x77, 0x81, 0x7E, 0x86, 0x0E, 0xF0, 0x57, 0x77, 0x30, 0x15, 0x04, 0xF0, 0xC7, 0x77, 0x73, 0x07,
  0xF0, 0x67, 0x77, 0x73, 0x0A, 0xF0, 0x27, 0x77, 0x73, 0x0B, 0xF7, 0x77, 0x74, 0x0C, 0xF7, 0x77,
  0x74, 0x0C, 0xF7, 0x77, 0x74, 0x0B, 0xF0, 0x27, 0x77, 0x73, 0x09, 0xF0, 0x67, 0x77, 0x73, 0x07,
  0xF0, 0xC7, 0x77, 0x73, 0x03, 0xF9, 0x04, 0x77, 0x77, 0x3F, 0x90, 0xE0, 0x27, 0x77, 0x72, 0x0A,
  0xF9, 0x0D, 0x02, 0x77, 0x77, 0x10, 0x3F, 0xA0, 0xE0, 0x67, 0x77, 0x71, 0x0B, 0xFB, 0x0C, 0x04,
  0x77, 0x76, 0x01, 0x0E, 0xFC, 0x0B, 0x04, 0x77, 0x75, 0x04, 0xFE, 0x0D, 0x06, 0x77, 0x74, 0x05,
  0xFF, 0x81, 0xE9, 0x37, 0x77, 0x20, 0x40, 0xEF, 0xF9, 0x0C, 0x06, 0x77, 0x71, 0x02, 0x0C, 0xFF,
  0xA8, 0x1E, 0x82, 0x77, 0x70, 0x7F, 0xFC, 0x09, 0x02, 0x77, 0x60, 0x10, 0x9F, 0xFC, 0x08, 0x77,
  0x70, 0x20, 0x9F, 0xFB, 0x0E, 0x04, 0x77, 0x78, 0x11, 0x7D, 0xFF, 0xA0, 0x87, 0x77, 0x28, 0x13,
  0x9E, 0xFF, 0x0A, 0x77, 0x74, 0x06, 0x0C, 0xFE, 0x0A, 0x77, 0x75, 0x03, 0x0A, 0xFD, 0x07, 0x77,
  0x76, 0x03, 0x0B, 0xFC, 0x03, 0x77, 0x77, 0x04, 0x0D, 0xFA, 0x0A, 0x77, 0x77, 0x10, 0x10, 0xBF,
  0xA0, 0x27, 0x77, 0x72, 0x0B, 0xF9, 0x07, 0x77, 0x77, 0x20, 0x10, 0xEF, 0x0B, 0x77, 0x77, 0x30,
  0x6F, 0x0E, 0x77, 0x77, 0x30, 0x1F, 0x97, 0x77, 0x74, 0x0C, 0xF0, 0x17, 0x77, 0x73, 0x09, 0xF0,
  0x27, 0x77, 0x73, 0x09, 0xF0, 0x27, 0x77, 0x73, 0x09, 0xF0, 0x17, 0x77, 0x73, 0x0B, 0xE0, 0xE7,
  0x77, 0x74, 0x0E, 0xE0, 0xC7, 0x77, 0x73, 0x04, 0xF0, 0x87, 0x77, 0x73, 0x0C, 0xF0, 0x37, 0x77,
  0x72, 0x07, 0xF0, 0xD2, 0x81, 0x76, 0x17, 0x77, 0x40, 0x7F, 0x90, 0x52, 0x09, 0xA8, 0x1A, 0x51,
  0x77, 0x60, 0x10, 0xAF, 0x90, 0xC3, 0x09, 0xD8, 0x2C, 0x84, 0x17, 0x78, 0x13, 0x9E, 0xF9, 0x0E,
  0x02, 0x30, 0x9F, 0xA8, 0x94, 0xDB, 0x97, 0x65, 0x44, 0x55, 0x68, 0xBE, 0xFC, 0x04, 0x40, 0x9F,
  0xFF, 0xFD, 0x05, 0x50, 0x9F, 0xFF, 0xFB, 0x0D, 0x03, 0x60, 0x9F, 0xFF, 0xFA, 0x09, 0x71, 0x03,
  0x0B, 0xFF, 0xFE, 0x0A, 0x02, 0x74, 0x82, 0x15, 0x9D, 0xFF, 0xE8, 0x1C, 0x61, 0x77, 0x48, 0x73,
  0x57, 0x9B, 0xCD, 0xEE, 0xE8, 0x19, 0x74, 0x77, 0x77, 0x30, 0x7C, 0x07, 0x77, 0x77, 0x50, 0x10,
  0xEB, 0x0E, 0x77, 0x77, 0x60, 0x8C, 0x07, 0x77, 0x77, 0x50, 0x10, 0xEB, 0x0E, 0x01, 0x77, 0x77,
  0x50, 0x8D, 0x81, 0xB7, 0x17, 0x77, 0x72, 0x01, 0x0E, 0xF9, 0x08, 0x77, 0x77, 0x10, 0x6F, 0xB0,
  0xD0, 0x27, 0x77, 0x71, 0x81, 0x26, 0xBF, 0x0E, 0x01, 0x77, 0x77, 0x30, 0x10, 0x8E, 0x09, 0x77,
  0x77, 0x50, 0x7D, 0x0E, 0x77, 0x77, 0x6E, 0x02, 0x77, 0x77, 0x50, 0xED, 0x03, 0x77, 0x77, 0x40,
  0x1E, 0x01, 0x77, 0x77, 0x40, 0x9D, 0x0E, 0x77, 0x72, 0x81, 0x43, 0x13, 0x82, 0x13, 0x6C, 0xE0,
  0x97, 0x77, 0x20, 0xCF, 0xF0, 0xE0, 0x27, 0x77, 0x20, 0xCF, 0xF0, 0x57, 0x77, 0x30, 0xCF, 0xD0,
  0xE0, 0x57, 0x77, 0x40, 0xCF, 0xB8, 0x1E, 0x91, 0x77, 0x75, 0x81, 0x8C, 0xEA, 0x84, 0xEE, 0xDA,
  0x84, 0x77, 0x50,
  // "ş" (U+015F), RLE, 741 bytes saved (64.1%)
  0x73, 0x89, 0x62, 0x58, 0xBC, 0xDE, 0xFE, 0xED, 0xCA, 0x75, 0x27, 0x71, 0x81, 0x17, 0xCF, 0xFA,
  0x81, 0xD9, 0x47, 0x30, 0x10, 0x8F, 0xFF, 0x98, 0x1E, 0x82, 0x60, 0x50, 0xEF, 0xFF, 0xD0, 0x34,
  0x07, 0xFF, 0xFE, 0x0D, 0x40, 0x5F, 0xFF, 0xF0, 0x63, 0x02, 0x0E, 0xFA, 0x89, 0x0C, 0x96, 0x54,
  0x45, 0x78, 0xBF, 0xA0, 0x13, 0x09, 0xF9, 0x09, 0x02, 0x74, 0x81, 0x38, 0xDC, 0x09, 0x4F, 0x0E,
  0x03, 0x77, 0x20, 0x30, 0x9A, 0x03, 0x30, 0x4F, 0x04, 0x77, 0x50, 0x10, 0x64, 0x07, 0xE0, 0xD7,
  0x77, 0x50, 0x8E, 0x0A, 0x77, 0x75, 0x09, 0xE0, 0xA7, 0x77, 0x50, 0x8E, 0x0D, 0x77, 0x75, 0x06,
  0xF0, 0x47, 0x77, 0x40, 0x3F, 0x0E, 0x02, 0x77, 0x74, 0x0D, 0xF0, 0xE0, 0x67, 0x77, 0x30, 0x6F,
  0xA0, 0xC0, 0x47, 0x77, 0x20, 0xCF, 0xB0, 0xC0, 0x57, 0x77, 0x01, 0x0D, 0xFC, 0x81, 0xE8, 0x17,
  0x75, 0x01, 0x0C, 0xFE, 0x0B, 0x05, 0x77, 0x50, 0x9F, 0xF8, 0x1E, 0x81, 0x77, 0x30, 0x30, 0xCF,
  0xF9, 0x0A, 0x03, 0x77, 0x30, 0x40, 0xCF, 0xF9, 0x0B, 0x03, 0x77, 0x30, 0x30, 0xAF, 0xF9, 0x09,
  0x01, 0x77, 0x38, 0x11, 0x8E, 0xFE, 0x0D, 0x03, 0x77, 0x50, 0x40, 0xAF, 0xE0, 0x47, 0x76, 0x81,
  0x18, 0xEF, 0xB0, 0xE0, 0x27, 0x77, 0x10, 0x70, 0xEF, 0xA0, 0xC7, 0x77, 0x20, 0x10, 0x9F, 0xA0,
  0x57, 0x77, 0x30, 0x40, 0xEF, 0x0B, 0x77, 0x74, 0x03, 0xF9, 0x77, 0x75, 0x09, 0xF0, 0x37, 0x77,
  0x40, 0x3F, 0x04, 0x77, 0x75, 0xF0, 0x47, 0x77, 0x5F, 0x04, 0x77, 0x74, 0x03, 0xF0, 0x27, 0x77,
  0x40, 0x8F, 0x10, 0x06, 0x77, 0x71, 0x03, 0xF8, 0x5B, 0x08, 0xFE, 0x94, 0x77, 0x40, 0x30, 0xEF,
  0x81, 0x60, 0x8C, 0x82, 0xE9, 0x51, 0x75, 0x02, 0x09, 0xF9, 0x0E, 0x20, 0x8F, 0x98, 0x92, 0xDA,
  0x86, 0x54, 0x45, 0x57, 0xAD, 0xFB, 0x05, 0x20, 0x8F, 0xFF, 0xF9, 0x09, 0x30, 0x8F, 0xFF, 0xF0,
  0x94, 0x08, 0xFF, 0xFD, 0x0E, 0x06, 0x58, 0x11, 0x7D, 0xFF, 0xFA, 0x09, 0x01, 0x72, 0x81, 0x59,
  0xDF, 0xFB, 0x81, 0xC7, 0x17, 0x78, 0x52, 0x68, 0xAC, 0xDE, 0xF8, 0x17, 0x51, 0x77, 0x74, 0x07,
  0xC0, 0x77, 0x77, 0x60, 0x10, 0xEB, 0x0E, 0x77, 0x77, 0x08, 0xC0, 0x77, 0x77, 0x60, 0x10, 0xEB,
  0x0E, 0x01, 0x77, 0x76, 0x08, 0xD8, 0x1B, 0x71, 0x77, 0x73, 0x01, 0x0E, 0xF9, 0x08, 0x77, 0x72,
  0x06, 0xFB, 0x0D, 0x02, 0x77, 0x72, 0x81, 0x26, 0xBF, 0x0E, 0x01, 0x77, 0x74, 0x01, 0x08, 0xE0,
  0x97, 0x77, 0x60, 0x7D, 0x0E, 0x77, 0x77, 0xE0, 0x27, 0x77, 0x60, 0xED, 0x03, 0x77, 0x75, 0x01,
  0xE0, 0x17, 0x77, 0x50, 0x9D, 0x0E, 0x77, 0x38, 0x14, 0x31, 0x38, 0x21, 0x36, 0xCE, 0x09, 0x77,
  0x30, 0xCF, 0xF0, 0xE0, 0x27, 0x73, 0x0C, 0xFF, 0x05, 0x77, 0x40, 0xCF, 0xD0, 0xE0, 0x57, 0x75,
  0x0C, 0xFB, 0x81, 0xE9, 0x17, 0x76, 0x81, 0x8C, 0xEA, 0x84, 0xEE, 0xDA, 0x84, 0x77, 0x10,
  // "Š" (U+0160), RLE, 1130 bytes saved (68.9%)
  0x60, 0x8C, 0x0E, 0x05, 0x77, 0x20, 0x7D, 0x08, 0x73, 0x03, 0xE0, 0x97, 0x60, 0x10, 0xCD, 0x0E,
  0x03, 0x74, 0x04, 0xE0, 0xC0, 0x17, 0x30, 0x30, 0xED, 0x0E, 0x03, 0x76, 0x06, 0xE0, 0xE0, 0x37,
  0x10, 0x5F, 0x04, 0x77, 0x10, 0x7E, 0x0E, 0x04, 0x60, 0x7F, 0x04, 0x77, 0x30, 0x9F, 0x05, 0x40,
  0x8F, 0x06, 0x77, 0x50, 0xBF, 0x05, 0x20, 0x9F, 0x07, 0x77, 0x70, 0xCF, 0x04, 0x09, 0xF0, 0x97,
  0x77, 0x10, 0x10, 0xDF, 0xF0, 0xB7, 0x77, 0x30, 0x30, 0xEF, 0xD0, 0xC7, 0x77, 0x50, 0x5F, 0xC0,
  0xE0, 0x27, 0x77, 0x60, 0x9F, 0xB0, 0x57, 0x77, 0x71, 0x0D, 0xF9, 0x0A, 0x77, 0x77, 0x20, 0x4F,
  0x0E, 0x01, 0x80, 0xBB, 0x70, 0x85, 0x15, 0x8A, 0xCD, 0xEA, 0x86, 0xED, 0xCC, 0xA7, 0x53, 0x77,
  0x68, 0x11, 0x6C, 0xFF, 0xC8, 0x1B, 0x73, 0x77, 0x81, 0x18, 0xEF, 0xFF, 0xA8, 0x1E, 0x93, 0x73,
  0x06, 0x0E, 0xFF, 0xFF, 0x08, 0x71, 0x0A, 0xFF, 0xFF, 0xA0, 0x47, 0x0B, 0xFF, 0xFF, 0xA0, 0xE7,
  0x0A, 0xFB, 0x89, 0x2E, 0xB7, 0x65, 0x44, 0x57, 0x8B, 0xEF, 0xA0, 0x96, 0x07, 0xFA, 0x0B, 0x04,
  0x75, 0x81, 0x37, 0xDE, 0x03, 0x50, 0x10, 0xEF, 0x0E, 0x05, 0x77, 0x38, 0x13, 0x8E, 0xA0, 0xD6,
  0x09, 0xF0, 0xE0, 0x37, 0x77, 0x81, 0x7E, 0x86, 0x0E, 0xF0, 0x57, 0x77, 0x30, 0x15, 0x04, 0xF0,
  0xC7, 0x77, 0x73, 0x07, 0xF0, 0x67, 0x77, 0x73, 0x0A, 0xF0, 0x27, 0x77, 0x73, 0x0B, 0xF7, 0x77,
  0x74, 0x0C, 0xF7, 0x77, 0x74, 0x0C, 0xF7, 0x77, 0x74, 0x0B, 0xF0, 0x27, 0x77, 0x73, 0x09, 0xF0,
  0x67, 0x77, 0x73, 0x07, 0xF0, 0xC7, 0x77, 0x73, 0x03, 0xF9, 0x04, 0x77, 0x77, 0x3F, 0x90, 0xE0,
  0x27, 0x77, 0x72, 0x0A, 0xF9, 0x0D, 0x02, 0x77, 0x77, 0x10, 0x3F, 0xA0, 0xE0, 0x67, 0x77, 0x71,
  0x0B, 0xFB, 0x0C, 0x04, 0x77, 0x76, 0x01, 0x0E, 0xFC, 0x0B, 0x04, 0x77, 0x75, 0x04, 0xFE, 0x0D,
  0x06, 0x77, 0x74, 0x05, 0xFF, 0x81, 0xE9, 0x37, 0x77, 0x20, 0x40, 0xEF, 0xF9, 0x0C, 0x06, 0x77,
  0x71, 0x02, 0x0C, 0xFF, 0xA8, 0x1E, 0x82, 0x77, 0x70, 0x7F, 0xFC, 0x09, 0x02, 0x77, 0x60, 0x10,
  0x9F, 0xFC, 0x08, 0x77, 0x70, 0x20, 0x9F, 0xFB, 0x0E, 0x04, 0x77, 0x78, 0x11, 0x7D, 0xFF, 0xA0,
  0x87, 0x77, 0x28, 0x13, 0x9E, 0xFF, 0x0A, 0x77, 0x74, 0x06, 0x0C, 0xFE, 0x0A, 0x77, 0x75, 0x03,
  0x0A, 0xFD, 0x07, 0x77, 0x76, 0x03, 0x0B, 0xFC, 0x03, 0x77, 0x77, 0x04, 0x0D, 0xFA, 0x0A, 0x77,
  0x77, 0x10, 0x10, 0xBF, 0xA0, 0x27, 0x77, 0x72, 0x0B, 0xF9, 0x07, 0x77, 0x77, 0x20, 0x10, 0xEF,
  0x0B, 0x77, 0x77, 0x30, 0x6F, 0x0E, 0x77, 0x77, 0x30, 0x1F, 0x97, 0x77, 0x74, 0x0C, 0xF0, 0x17,
  0x77, 0x73, 0x09, 0xF0, 0x27, 0x77, 0x73, 0x09, 0xF0, 0x27, 0x77, 0x73, 0x09, 0xF0, 0x17, 0x77,
  0x73, 0x0B, 0xE0, 0xE7, 0x77, 0x74, 0x0E, 0xE0, 0xC7, 0x77, 0x73, 0x04, 0xF0, 0x87, 0x77, 0x73,
  0x0C, 0xF0, 0x37, 0x77, 0x72, 0x07, 0xF0, 0xD2, 0x81, 0x76, 0x17, 0x77, 0x40, 0x7F, 0x90, 0x52,
  0x09, 0xA8, 0x1A, 0x51, 0x77, 0x60, 0x10, 0xAF, 0x90, 0xC3, 0x09, 0xD8, 0x2C, 0x84, 0x17, 0x78,
  0x13, 0x9E, 0xF9, 0x0E, 0x02, 0x30, 0x9F, 0xA8, 0x94, 0xDB, 0x97, 0x65, 0x44, 0x55, 0x68, 0xBE,
  0xFC, 0x04, 0x40, 0x9F, 0xFF, 0xFD, 0x05, 0x50, 0x9F, 0xFF, 0xFB, 0x0D, 0x03, 0x60, 0x9F, 0xFF,
  0xFA, 0x09, 0x71, 0x03, 0x0B, 0xFF, 0xFE, 0x0A, 0x02, 0x74, 0x82, 0x15, 0x9D, 0xFF, 0xE8, 0x1C,
  0x61, 0x77, 0x48, 0x73, 0x57, 0x9B, 0xCD, 0xEE, 0xB8, 0x4E, 0xDB, 0x97, 0x47, 0x71,
  // "š" (U+0161), RLE, 741 bytes saved (65.1%)
  0x20, 0x8C, 0x0E, 0x05, 0x77, 0x20, 0x7D, 0x08, 0x40, 0x3E, 0x09, 0x76, 0x01, 0x0C, 0xD0, 0xE0,
  0x35, 0x04, 0xE0, 0xC0, 0x17, 0x30, 0x30, 0xED, 0x0E, 0x03, 0x70, 0x6E, 0x0E, 0x03, 0x71, 0x05,
  0xF0, 0x47, 0x20, 0x7E, 0x0E, 0x04, 0x60, 0x7F, 0x04, 0x74, 0x09, 0xF0, 0x54, 0x08, 0xF0, 0x67,
  0x60, 0xBF, 0x05, 0x20, 0x9F, 0x07, 0x77, 0x10, 0xCF, 0x04, 0x09, 0xF0, 0x97, 0x72, 0x01, 0x0D,
  0xFF, 0x0B, 0x77, 0x40, 0x30, 0xEF, 0xD0, 0xC7, 0x76, 0x05, 0xFC, 0x0E, 0x02, 0x77, 0x70, 0x9F,
  0xB0, 0x57, 0x77, 0x20, 0xDF, 0x90, 0xA7, 0x77, 0x30, 0x4F, 0x0E, 0x01, 0x80, 0xAF, 0x40, 0x89,
  0x62, 0x58, 0xBC, 0xDE, 0xFE, 0xED, 0xCA, 0x75, 0x27, 0x71, 0x81, 0x17, 0xCF, 0xFA, 0x81, 0xD9,
  0x47, 0x30, 0x10, 0x8F, 0xFF, 0x98, 0x1E, 0x82, 0x60, 0x50, 0xEF, 0xFF, 0xD0, 0x34, 0x07, 0xFF,
  0xFE, 0x0D, 0x40, 0x5F, 0xFF, 0xF0, 0x63, 0x02, 0x0E, 0xFA, 0x89, 0x0C, 0x96, 0x54, 0x45, 0x78,
  0xBF, 0xA0, 0x13, 0x09, 0xF9, 0x09, 0x02, 0x74, 0x81, 0x38, 0xDC, 0x09, 0x4F, 0x0E, 0x03, 0x77,
  0x20, 0x30, 0x9A, 0x03, 0x30, 0x4F, 0x04, 0x77, 0x50, 0x10, 0x64, 0x07, 0xE0, 0xD7, 0x77, 0x50,
  0x8E, 0x0A, 0x77, 0x75, 0x09, 0xE0, 0xA7, 0x77, 0x50, 0x8E, 0x0D, 0x77, 0x75, 0x06, 0xF0, 0x47,
  0x77, 0x40, 0x3F, 0x0E, 0x02, 0x77, 0x74, 0x0D, 0xF0, 0xE0, 0x67, 0x77, 0x30, 0x6F, 0xA0, 0xC0,
  0x47, 0x77, 0x20, 0xCF, 0xB0, 0xC0, 0x57, 0x77, 0x01, 0x0D, 0xFC, 0x81, 0xE8, 0x17, 0x75, 0x01,
  0x0C, 0xFE, 0x0B, 0x05, 0x77, 0x50, 0x9F, 0xF8, 0x1E, 0x81, 0x77, 0x30, 0x30, 0xCF, 0xF9, 0x0A,
  0x03, 0x77, 0x30, 0x40, 0xCF, 0xF9, 0x0B, 0x03, 0x77, 0x30, 0x30, 0xAF, 0xF9, 0x09, 0x01, 0x77,
  0x38, 0x11, 0x8E, 0xFE, 0x0D, 0x03, 0x77, 0x50, 0x40, 0xAF, 0xE0, 0x47, 0x76, 0x81, 0x18, 0xEF,
  0xB0, 0xE0, 0x27, 0x77, 0x10, 0x70, 0xEF, 0xA0, 0xC7, 0x77, 0x20, 0x10, 0x9F, 0xA0, 0x57, 0x77,
  0x30, 0x40, 0xEF, 0x0B, 0x77, 0x74, 0x03, 0xF9, 0x77, 0x75, 0x09, 0xF0, 0x37, 0x77, 0x40, 0x3F,
  0x04, 0x77, 0x75, 0xF0, 0x47, 0x77, 0x5F, 0x04, 0x77, 0x74, 0x03, 0xF0, 0x27, 0x77, 0x40, 0x8F,
  0x10, 0x06, 0x77, 0x71, 0x03, 0xF8, 0x5B, 0x08, 0xFE, 0x94, 0x77, 0x40, 0x30, 0xEF, 0x81, 0x60,
  0x8C, 0x82, 0xE9, 0x51, 0x75, 0x02, 0x09, 0xF9, 0x0E, 0x20, 0x8F, 0x98, 0x92, 0xDA, 0x86, 0x54,
  0x45, 0x57, 0xAD, 0xFB, 0x05, 0x20, 0x8F, 0xFF, 0xF9, 0x09, 0x30, 0x8F, 0xFF, 0xF0, 0x94, 0x08,
  0xFF, 0xFD, 0x0E, 0x06, 0x58, 0x11, 0x7D, 0xFF, 0xFA, 0x09, 0x01, 0x72, 0x81, 0x59, 0xDF, 0xFB,
  0x81, 0xC7, 0x17, 0x78, 0x52, 0x68, 0xAC, 0xDE, 0xB8, 0x5E, 0xDC, 0xA7, 0x51, 0x74,
  // "Ţ" (U+0162), RLE, 1544 bytes saved (80.1%)
  0x02, 0x80, 0xD1, 0xF0, 0xD0, 0x28, 0x0D, 0x1F, 0x0D, 0x02, 0x80, 0xD1, 0xF0, 0xD0, 0x28, 0x0D,
  0x1F, 0x0D, 0x02, 0x80, 0xD1, 0xF0, 0xD0, 0x28, 0x0D, 0x1F, 0x0D, 0x18, 0x09, 0x74, 0xF0, 0xD8,
  0x09, 0x64, 0x03, 0x77, 0x6F, 0x0C, 0x80, 0xC3, 0x0F, 0x0C, 0x80, 0xC3, 0x0F, 0x0C, 0x80, 0xC3,
  0x0F, 0x0C, 0x80, 0xC3, 0x0F, 0x0C, 0x80, 0xC3, 0x0F, 0x0C, 0x80, 0xC3, 0x0F, 0x0C, 0x80, 0xC3,
  0x0F, 0x0C, 0x80, 0xC3, 0x0F, 0x0C, 0x80, 0xC3, 0x0F, 0x0C, 0x80, 0xC3, 0x0F, 0x0C, 0x80, 0xC3,
  0x0F, 0x0C, 0x80, 0xC3, 0x0F, 0x0C, 0x80, 0xC3, 0x0F, 0x0C, 0x80, 0xC3, 0x0F, 0x0C, 0x80, 0xC3,
  0x0F, 0x0C, 0x80, 0xC3, 0x0F, 0x0C, 0x80, 0xC3, 0x0F, 0x0C, 0x80, 0xC3, 0x0F, 0x0C, 0x80, 0xC3,
  0x0F, 0x0C, 0x80, 0xC3, 0x0F, 0x0C, 0x80, 0xC3, 0x0F, 0x0C, 0x80, 0xC3, 0x0F, 0x0C, 0x80, 0xC3,
  0x0F, 0x0C, 0x80, 0xC3, 0x0F, 0x0C, 0x80, 0xC3, 0x0F, 0x0C, 0x80, 0xC3, 0x0F, 0x0C, 0x80, 0xC3,
  0x0F, 0x0C, 0x80, 0xC3, 0x0F, 0x0C, 0x80, 0xC3, 0x0F, 0x0C, 0x80, 0xC3, 0x0F, 0x0C, 0x80, 0xC3,
  0x0F, 0x0C, 0x80, 0xC3, 0x0F, 0x0C, 0x80, 0xC3, 0x0F, 0x0C, 0x80, 0xC3, 0x0F, 0x0C, 0x80, 0xC3,
  0x0F, 0x0C, 0x80, 0xC3, 0x0F, 0x0C, 0x80, 0xC3, 0x0F, 0x0C, 0x80, 0xC3, 0x0F, 0x0C, 0x80, 0xC3,
  0x0F, 0x0C, 0x80, 0xC3, 0x0F, 0x0C, 0x80, 0xC3, 0x0F, 0x0C, 0x80, 0xC3, 0x0F, 0x0C, 0x80, 0xC3,
  0x0F, 0x0C, 0x80, 0xC3, 0x0F, 0x0C, 0x80, 0xC3, 0x0F, 0x0C, 0x80, 0xC3, 0x0F, 0x0C, 0x80, 0xC3,
  0x0F, 0x0C, 0x80, 0xC3, 0x0F, 0x0C, 0x80, 0xC3, 0x0F, 0x0C, 0x80, 0xC3, 0x0F, 0x0C, 0x80, 0xC3,
  0x0F, 0x0C, 0x80, 0xC3, 0x0F, 0x0C, 0x80, 0xC3, 0x0F, 0x0C, 0x80, 0xC4, 0x08, 0x41, 0x77, 0x77,
  0x68, 0x0C, 0x50, 0x07, 0xC0, 0x78, 0x0C, 0x40, 0x01, 0x0E, 0xB0, 0xE8, 0x0C, 0x50, 0x08, 0xC0,
  0x78, 0x0C, 0x40, 0x01, 0x0E, 0xB0, 0xE0, 0x18, 0x0C, 0x40, 0x08, 0xD8, 0x1B, 0x71, 0x80, 0xC1,
  0x00, 0x10, 0xEF, 0x90, 0x88, 0x0C, 0x00, 0x06, 0xFB, 0x0D, 0x02, 0x80, 0xC0, 0x08, 0x12, 0x6B,
  0xF0, 0xE0, 0x18, 0x0C, 0x20, 0x01, 0x08, 0xE0, 0x98, 0x0C, 0x40, 0x07, 0xD0, 0xE8, 0x0C, 0x50,
  0xE0, 0x28, 0x0C, 0x40, 0x0E, 0xD0, 0x38, 0x0C, 0x30, 0x01, 0xE0, 0x18, 0x0C, 0x30, 0x09, 0xD0,
  0xE7, 0x77, 0x72, 0x81, 0x43, 0x13, 0x82, 0x13, 0x6C, 0xE0, 0x97, 0x77, 0x72, 0x0C, 0xFF, 0x0E,
  0x02, 0x77, 0x77, 0x20, 0xCF, 0xF0, 0x57, 0x77, 0x73, 0x0C, 0xFD, 0x0E, 0x05, 0x77, 0x77, 0x40,
  0xCF, 0xB8, 0x1E, 0x91, 0x77, 0x77, 0x58, 0x18, 0xCE, 0xA8, 0x4E, 0xED, 0xA8, 0x47, 0x77,
  // "ţ" (U+0163), RLE, 765 bytes saved (67.6%)
  0x73, 0x80, 0x07, 0x03, 0x77, 0x72, 0x04, 0xC0, 0x77, 0x77, 0x20, 0x9C, 0x07, 0x77, 0x72, 0x0D,
  0xC0, 0x77, 0x77, 0x10, 0x3D, 0x07, 0x77, 0x71, 0x07, 0xD0, 0x77, 0x77, 0x10, 0xCD, 0x07, 0x77,
  0x70, 0x1E, 0x07, 0x77, 0x70, 0x6E, 0x07, 0x77, 0x70, 0xBE, 0x07, 0x77, 0x60, 0x5F, 0x07, 0x77,
  0x40, 0x60, 0xDF, 0xFF, 0x0C, 0x28, 0x11, 0x8E, 0xFF, 0xFA, 0x81, 0xC0, 0x6F, 0xFF, 0xD8, 0x1C,
  0x09, 0xFF, 0xFD, 0x81, 0xC0, 0x9F, 0xFF, 0xD8, 0x1C, 0x09, 0xFF, 0xFD, 0x81, 0xC0, 0x28, 0x01,
  0x40, 0x5F, 0x09, 0x80, 0x90, 0x40, 0x37, 0x01, 0xF0, 0x77, 0x76, 0x01, 0xF0, 0x77, 0x76, 0x01,
  0xF0, 0x77, 0x76, 0x01, 0xF0, 0x77, 0x76, 0x01, 0xF0, 0x77, 0x76, 0x01, 0xF0, 0x77, 0x76, 0x01,
  0xF0, 0x77, 0x76, 0x01, 0xF0, 0x77, 0x76, 0x01, 0xF0, 0x77, 0x76, 0x01, 0xF0, 0x77, 0x76, 0x01,
  0xF0, 0x77, 0x76, 0x01, 0xF0, 0x77, 0x76, 0x01, 0xF0, 0x77, 0x76, 0x01, 0xF0, 0x77, 0x76, 0x01,
  0xF0, 0x77, 0x76, 0x01, 0xF0, 0x77, 0x76, 0x01, 0xF0, 0x77, 0x76, 0x01, 0xF0, 0x77, 0x76, 0x01,
  0xF0, 0x77, 0x76, 0x01, 0xF0, 0x77, 0x76, 0x01, 0xF0, 0x77, 0x76, 0x01, 0xF0, 0x77, 0x76, 0x01,
  0xF0, 0x77, 0x76, 0x01, 0xF0, 0x77, 0x76, 0x01, 0xF0, 0x77, 0x76, 0x01, 0xF0, 0x77, 0x76, 0x01,
  0xF0, 0x87, 0x77, 0xF0, 0x97, 0x77, 0x0E, 0xE0, 0xC7, 0x77, 0x0C, 0xF0, 0x27, 0x76, 0x0A, 0xF0,
  0x97, 0x76, 0x06, 0xF9, 0x05, 0x77, 0x50, 0x1F, 0xA0, 0x77, 0x75, 0x0A, 0xFA, 0x89, 0x1E, 0x95,
  0x44, 0x57, 0x9C, 0xF2, 0x71, 0x02, 0xFF, 0xD0, 0x27, 0x20, 0x7F, 0xFC, 0x02, 0x73, 0x08, 0xFF,
  0xB0, 0x27, 0x40, 0x7F, 0xFA, 0x02, 0x75, 0x02, 0x09, 0xFE, 0x0D, 0x01, 0x77, 0x10, 0x6D, 0x84,
  0xED, 0xC9, 0x73, 0x77, 0x30, 0x7C, 0x07, 0x77, 0x71, 0x01, 0x0E, 0xB0, 0xE7, 0x77, 0x20, 0x8C,
  0x07, 0x77, 0x71, 0x01, 0x0E, 0xB0, 0xE0, 0x17, 0x77, 0x10, 0x8D, 0x81, 0xB7, 0x17, 0x75, 0x01,
  0x0E, 0xF9, 0x08, 0x77, 0x40, 0x6F, 0xB0, 0xD0, 0x27, 0x74, 0x81, 0x26, 0xBF, 0x0E, 0x01, 0x77,
  0x60, 0x10, 0x8E, 0x09, 0x77, 0x71, 0x07, 0xD0, 0xE7, 0x77, 0x2E, 0x02, 0x77, 0x71, 0x0E, 0xD0,
  0x37, 0x77, 0x01, 0xE0, 0x17, 0x77, 0x09, 0xD0, 0xE7, 0x58, 0x14, 0x31, 0x38, 0x21, 0x36, 0xCE,
  0x09, 0x75, 0x0C, 0xFF, 0x0E, 0x02, 0x75, 0x0C, 0xFF, 0x05, 0x76, 0x0C, 0xFD, 0x0E, 0x05, 0x77,
  0x0C, 0xFB, 0x81, 0xE9, 0x17, 0x71, 0x81, 0x8C, 0xEA, 0x84, 0xEE, 0xDA, 0x84, 0x72,
  // "Ť" (U+0164), RLE, 1545 bytes saved (81.1%)
  0x72, 0x08, 0xC0, 0xE0, 0x57, 0x72, 0x07, 0xD0, 0x87, 0x73, 0x03, 0xE0, 0x97, 0x60, 0x10, 0xCD,
  0x0E, 0x03, 0x77, 0x40, 0x4E, 0x0C, 0x01, 0x73, 0x03, 0x0E, 0xD0, 0xE0, 0x37, 0x76, 0x06, 0xE0,
  0xE0, 0x37, 0x10, 0x5F, 0x04, 0x77, 0x71, 0x07, 0xE0, 0xE0, 0x46, 0x07, 0xF0, 0x47, 0x77, 0x30,
  0x9F, 0x05, 0x40, 0x8F, 0x06, 0x77, 0x75, 0x0B, 0xF0, 0x52, 0x09, 0xF0, 0x77, 0x77, 0x70, 0xCF,
  0x04, 0x09, 0xF0, 0x97, 0x77, 0x71, 0x01, 0x0D, 0xFF, 0x0B, 0x77, 0x77, 0x30, 0x30, 0xEF, 0xD0,
  0xC7, 0x77, 0x75, 0x05, 0xFC, 0x0E, 0x02, 0x77, 0x77, 0x60, 0x9F, 0xB0, 0x58, 0x0C, 0x00, 0x0D,
  0xF9, 0x0A, 0x80, 0xC1, 0x00, 0x4F, 0x0E, 0x01, 0x80, 0xCD, 0x00, 0x02, 0x80, 0xD1, 0xF0, 0xD0,
  0x28, 0x0D, 0x1F, 0x0D, 0x02, 0x80, 0xD1, 0xF0, 0xD0, 0x28, 0x0D, 0x1F, 0x0D, 0x02, 0x80, 0xD1,
  0xF0, 0xD0, 0x28, 0x0D, 0x1F, 0x0D, 0x18, 0x09, 0x74, 0xF0, 0xD8, 0x09, 0x64, 0x03, 0x77, 0x6F,
  0x0C, 0x80, 0xC3, 0x0F, 0x0C, 0x80, 0xC3, 0x0F, 0x0C, 0x80, 0xC3, 0x0F, 0x0C, 0x80, 0xC3, 0x0F,
  0x0C, 0x80, 0xC3, 0x0F, 0x0C, 0x80, 0xC3, 0x0F, 0x0C, 0x80, 0xC3, 0x0F, 0x0C, 0x80, 0xC3, 0x0F,
  0x0C, 0x80, 0xC3, 0x0F, 0x0C, 0x80, 0xC3, 0x0F, 0x0C, 0x80, 0xC3, 0x0F, 0x0C, 0x80, 0xC3, 0x0F,
  0x0C, 0x80, 0xC3, 0x0F, 0x0C, 0x80, 0xC3, 0x0F, 0x0C, 0x80, 0xC3, 0x0F, 0x0C, 0x80, 0xC3, 0x0F,
  0x0C, 0x80, 0xC3, 0x0F, 0x0C, 0x80, 0xC3, 0x0F, 0x0C, 0x80, 0xC3, 0x0F, 0x0C, 0x80, 0xC3, 0x0F,
  0x0C, 0x80, 0xC3, 0x0F, 0x0C, 0x80, 0xC3, 0x0F, 0x0C, 0x80, 0xC3, 0x0F, 0x0C, 0x80, 0xC3, 0x0F,
  0x0C, 0x80, 0xC3, 0x0F, 0x0C, 0x80, 0xC3, 0x0F, 0x0C, 0x80, 0xC3, 0x0F, 0x0C, 0x80, 0xC3, 0x0F,
  0x0C, 0x80, 0xC3, 0x0F, 0x0C, 0x80, 0xC3, 0x0F, 0x0C, 0x80, 0xC3, 0x0F, 0x0C, 0x80, 0xC3, 0x0F,
  0x0C, 0x80, 0xC3, 0x0F, 0x0C, 0x80, 0xC3, 0x0F, 0x0C, 0x80, 0xC3, 0x0F, 0x0C, 0x80, 0xC3, 0x0F,
  0x0C, 0x80, 0xC3, 0x0F, 0x0C, 0x80, 0xC3, 0x0F, 0x0C, 0x80, 0xC3, 0x0F, 0x0C, 0x80, 0xC3, 0x0F,
  0x0C, 0x80, 0xC3, 0x0F, 0x0C, 0x80, 0xC3, 0x0F, 0x0C, 0x80, 0xC3, 0x0F, 0x0C, 0x80, 0xC3, 0x0F,
  0x0C, 0x80, 0xC3, 0x0F, 0x0C, 0x80, 0xC3, 0x0F, 0x0C, 0x80, 0xC3, 0x0F, 0x0C, 0x80, 0xC3, 0x0F,
  0x0C, 0x80, 0xC3, 0x0F, 0x0C, 0x80, 0xC3, 0x0F, 0x0C, 0x80, 0xC3, 0x0F, 0x0C, 0x80, 0xC3, 0x0F,
  0x0C, 0x80, 0xC3, 0x0F, 0x0C, 0x77, 0x50,
  // "ť" (U+0165), RLE, 956 bytes saved (72.4%)
  0x77, 0x77, 0x30, 0x2F, 0x06, 0x77, 0x77, 0x30, 0x3F, 0x03, 0x77, 0x77, 0x30, 0x6E, 0x0E, 0x77,
  0x77, 0x40, 0x9E, 0x08, 0x77, 0x77, 0x40, 0xCE, 0x02, 0x77, 0x77, 0x4E, 0x0B, 0x77, 0x77, 0x40,
  0x3E, 0x04, 0x77, 0x77, 0x40, 0x6D, 0x0C, 0x76, 0x80, 0x02, 0x01, 0x77, 0x10, 0xAD, 0x05, 0x75,
  0x03, 0xC0, 0x77, 0x71, 0x0D, 0xC0, 0xC7, 0x60, 0x7C, 0x07, 0x77, 0x02, 0xD0, 0x47, 0x60, 0xCC,
  0x07, 0x77, 0x06, 0xC0, 0xB7, 0x60, 0x2D, 0x07, 0x77, 0x0B, 0xC0, 0x27, 0x60, 0x6D, 0x07, 0x77,
  0x0E, 0xB0, 0x87, 0x70, 0xBD, 0x07, 0x77, 0x77, 0x40, 0x1E, 0x07, 0x77, 0x77, 0x40, 0x5E, 0x07,
  0x77, 0x77, 0x40, 0xAE, 0x07, 0x77, 0x77, 0x30, 0x40, 0xEE, 0x07, 0x77, 0x77, 0x10, 0x60, 0xDF,
  0xFF, 0x0C, 0x76, 0x81, 0x17, 0xEF, 0xFF, 0xA0, 0xC7, 0x50, 0x6F, 0xFF, 0xD0, 0xC7, 0x50, 0x9F,
  0xFF, 0xD0, 0xC7, 0x50, 0x9F, 0xFF, 0xD0, 0xC7, 0x50, 0x9F, 0xFF, 0xD0, 0xC7, 0x50, 0x28, 0x01,
  0x40, 0x5F, 0x09, 0x80, 0x90, 0x40, 0x37, 0x74, 0x01, 0xF0, 0x77, 0x77, 0x73, 0x01, 0xF0, 0x77,
  0x77, 0x73, 0x01, 0xF0, 0x77, 0x77, 0x73, 0x01, 0xF0, 0x77, 0x77, 0x73, 0x01, 0xF0, 0x77, 0x77,
  0x73, 0x01, 0xF0, 0x77, 0x77, 0x73, 0x01, 0xF0, 0x77, 0x77, 0x73, 0x01, 0xF0, 0x77, 0x77, 0x73,
  0x01, 0xF0, 0x77, 0x77, 0x73, 0x01, 0xF0, 0x77, 0x77, 0x73, 0x01, 0xF0, 0x77, 0x77, 0x73, 0x01,
  0xF0, 0x77, 0x77, 0x73, 0x01, 0xF0, 0x77, 0x77, 0x73, 0x01, 0xF0, 0x77, 0x77, 0x73, 0x01, 0xF0,
  0x77, 0x77, 0x73, 0x01, 0xF0, 0x77, 0x77, 0x73, 0x01, 0xF0, 0x77, 0x77, 0x73, 0x01, 0xF0, 0x77,
  0x77, 0x73, 0x01, 0xF0, 0x77, 0x77, 0x73, 0x01, 0xF0, 0x77, 0x77, 0x73, 0x01, 0xF0, 0x77, 0x77,
  0x73, 0x01, 0xF0, 0x77, 0x77, 0x73, 0x01, 0xF0, 0x77, 0x77, 0x73, 0x01, 0xF0, 0x77, 0x77, 0x73,
  0x01, 0xF0, 0x77, 0x77, 0x73, 0x01, 0xF0, 0x77, 0x77, 0x73, 0x01, 0xF0, 0x87, 0x77, 0x74, 0xF0,
  0x97, 0x77, 0x74, 0x0E, 0xE0, 0xC7, 0x77, 0x74, 0x0C, 0xF0, 0x27, 0x77, 0x73, 0x0A, 0xF0, 0x97,
  0x77, 0x73, 0x06, 0xF9, 0x05, 0x77, 0x77, 0x20, 0x1F, 0xA0, 0x77, 0x77, 0x72, 0x0A, 0xFA, 0x89,
  0x1E, 0x95, 0x44, 0x57, 0x9C, 0xF2, 0x77, 0x50, 0x2F, 0xFD, 0x02, 0x77, 0x60, 0x7F, 0xFC, 0x02,
  0x77, 0x70, 0x8F, 0xFB, 0x02, 0x77, 0x71, 0x07, 0xFF, 0xA0, 0x27, 0x77, 0x20, 0x20, 0x9F, 0xE0,
  0xD0, 0x17, 0x77, 0x58, 0x92, 0x59, 0xBD, 0xEF, 0xED, 0xC9, 0x73, 0x76,
  // "Ŧ" (U+0166), RLE, 1167 bytes saved (81.4%)
  0x02, 0x80, 0xD1, 0xF0, 0xD0, 0x28, 0x0D, 0x1F, 0x0D, 0x02, 0x80, 0xD1, 0xF0, 0xD0, 0x28, 0x0D,
  0x1F, 0x0D, 0x02, 0x80, 0xD1, 0xF0, 0xD0, 0x28, 0x0D, 0x1F, 0x0D, 0x18, 0x09, 0x74, 0xF0, 0xC8,
  0x09, 0x64, 0x03, 0x77, 0x6F, 0x0A, 0x80, 0xC3, 0x0F, 0x0A, 0x80, 0xC3, 0x0F, 0x0A, 0x80, 0xC3,
  0x0F, 0x0A, 0x80, 0xC3, 0x0F, 0x0A, 0x80, 0xC3, 0x0F, 0x0A, 0x80, 0xC3, 0x0F, 0x0A, 0x80, 0xC3,
  0x0F, 0x0A, 0x80, 0xC3, 0x0F, 0x0A, 0x80, 0xC3, 0x0F, 0x0A, 0x80, 0xC3, 0x0F, 0x0A, 0x80, 0xC3,
  0x0F, 0x0A, 0x80, 0xC3, 0x0F, 0x0A, 0x80, 0xC3, 0x0F, 0x0A, 0x80, 0xC3, 0x0F, 0x0A, 0x80, 0xC3,
  0x0F, 0x0A, 0x80, 0xC3, 0x0F, 0x0A, 0x80, 0xC3, 0x0F, 0x0A, 0x80, 0xC3, 0x0F, 0x0A, 0x77, 0x75,
  0x03, 0x80, 0x90, 0x4F, 0x0C, 0x80, 0x90, 0x40, 0x17, 0x60, 0xDF, 0xFF, 0xFC, 0x06, 0x76, 0x0D,
  0xFF, 0xFF, 0xC0, 0x67, 0x60, 0xDF, 0xFF, 0xFC, 0x06, 0x76, 0x0D, 0xFF, 0xFF, 0xC0, 0x67, 0x60,
  0xDF, 0xFF, 0xFC, 0x06, 0x76, 0x0D, 0xFF, 0xFF, 0xC0, 0x67, 0x77, 0x5F, 0x0A, 0x80, 0xC3, 0x0F,
  0x0A, 0x80, 0xC3, 0x0F, 0x0A, 0x80, 0xC3, 0x0F, 0x0A, 0x80, 0xC3, 0x0F, 0x0A, 0x80, 0xC3, 0x0F,
  0x0A, 0x80, 0xC3, 0x0F, 0x0A, 0x80, 0xC3, 0x0F, 0x0A, 0x80, 0xC3, 0x0F, 0x0A, 0x80, 0xC3, 0x0F,
  0x0A, 0x80, 0xC3, 0x0F, 0x0A, 0x80, 0xC3, 0x0F, 0x0A, 0x80, 0xC3, 0x0F, 0x0A, 0x80, 0xC3, 0x0F,
  0x0A, 0x80, 0xC3, 0x0F, 0x0A, 0x80, 0xC3, 0x0F, 0x0A, 0x80, 0xC3, 0x0F, 0x0A, 0x80, 0xC3, 0x0F,
  0x0A, 0x80, 0xC3, 0x0F, 0x0A, 0x80, 0xC3, 0x0F, 0x0A, 0x80, 0xC3, 0x0F, 0x0A, 0x80, 0xC3, 0x0F,
  0x0A, 0x80, 0xC3, 0x0F, 0x0A, 0x80, 0xC3, 0x0F, 0x0A, 0x80, 0xC3, 0x0F, 0x0A, 0x80, 0xC3, 0x0F,
  0x0A, 0x80, 0xC3, 0x0F, 0x0A, 0x80, 0xC3, 0x0F, 0x0A, 0x77, 0x50,
  // "ŧ" (U+0167), RLE, 578 bytes saved (68.7%)
  0x73, 0x80, 0x07, 0x03, 0x77, 0x72, 0x04, 0xC0, 0x77, 0x77, 0x20, 0x9C, 0x07, 0x77, 0x72, 0x0D,
  0xC0, 0x77, 0x77, 0x10, 0x3D, 0x07, 0x77, 0x71, 0x07, 0xD0, 0x77, 0x77, 0x10, 0xCD, 0x07, 0x77,
  0x70, 0x1E, 0x07, 0x77, 0x70, 0x6E, 0x07, 0x77, 0x70, 0xBE, 0x07, 0x77, 0x60, 0x5F, 0x07, 0x77,
  0x40, 0x60, 0xDF, 0xFF, 0x0C, 0x28, 0x11, 0x8E, 0xFF, 0xFA, 0x81, 0xC0, 0x6F, 0xFF, 0xD8, 0x1C,
  0x09, 0xFF, 0xFD, 0x81, 0xC0, 0x9F, 0xFF, 0xD8, 0x1C, 0x09, 0xFF, 0xFD, 0x81, 0xC0, 0x28, 0x01,
  0x40, 0x5F, 0x09, 0x80, 0x90, 0x40, 0x37, 0x01, 0xF0, 0x77, 0x76, 0x01, 0xF0, 0x77, 0x76, 0x01,
  0xF0, 0x77, 0x76, 0x01, 0xF0, 0x77, 0x76, 0x01, 0xF0, 0x77, 0x76, 0x01, 0xF0, 0x77, 0x76, 0x01,
  0xF0, 0x77, 0x76, 0x01, 0xF0, 0x77, 0x76, 0x01, 0xF0, 0x77, 0x71, 0x0E, 0xFF, 0xFC, 0x30, 0xEF,
  0xFF, 0xC3, 0x0E, 0xFF, 0xFC, 0x30, 0xEF, 0xFF, 0xC3, 0x0E, 0xFF, 0xFC, 0x30, 0xEF, 0xFF, 0xC3,
  0x80, 0x14, 0x05, 0xF0, 0x98, 0x09, 0x04, 0x71, 0x01, 0xF0, 0x77, 0x76, 0x01, 0xF0, 0x77, 0x76,
  0x01, 0xF0, 0x77, 0x76, 0x01, 0xF0, 0x77, 0x76, 0x01, 0xF0, 0x77, 0x76, 0x01, 0xF0, 0x77, 0x76,
  0x01, 0xF0, 0x77, 0x76, 0x01, 0xF0, 0x77, 0x76, 0x01, 0xF0, 0x77, 0x76, 0x01, 0xF0, 0x77, 0x76,
  0x01, 0xF0, 0x87, 0x77, 0xF0, 0x97, 0x77, 0x0E, 0xE0, 0xC7, 0x77, 0x0C, 0xF0, 0x27, 0x76, 0x0A,
  0xF0, 0x97, 0x76, 0x06, 0xF9, 0x05, 0x77, 0x50, 0x1F, 0xA0, 0x77, 0x75, 0x0A, 0xFA, 0x89, 0x1E,
  0x95, 0x44, 0x57, 0x9C, 0xF2, 0x71, 0x02, 0xFF, 0xD0, 0x27, 0x20, 0x7F, 0xFC, 0x02, 0x73, 0x08,
  0xFF, 0xB0, 0x27, 0x40, 0x7F, 0xFA, 0x02, 0x75, 0x02, 0x09, 0xFE, 0x0D, 0x01, 0x77, 0x18, 0x92,
  0x59, 0xBD, 0xEF, 0xED, 0xC9, 0x73, 0x20,
  // "Ũ" (U+0168), RLE, 1344 bytes saved (70.9%)
  0x77, 0x86, 0x5A, 0xDE, 0xED, 0xA5, 0x76, 0x07, 0xB0, 0xE7, 0x76, 0x02, 0x0C, 0xF9, 0x0D, 0x06,
  0x74, 0x0C, 0xB0, 0xB7, 0x75, 0x02, 0x0E, 0xFC, 0x0C, 0x04, 0x71, 0x04, 0xC0, 0x87, 0x74, 0x01,
  0x0D, 0xFF, 0x0B, 0x03, 0x50, 0x10, 0xDC, 0x04, 0x77, 0x40, 0x9F, 0xFB, 0x84, 0xC7, 0x45, 0x8E,
  0xC0, 0xE7, 0x74, 0x02, 0xFF, 0xFF, 0x08, 0x77, 0x40, 0x8D, 0x84, 0xB6, 0x45, 0x9E, 0xFF, 0xA0,
  0xE0, 0x17, 0x74, 0x0D, 0xC0, 0x76, 0x07, 0x0E, 0xFF, 0x06, 0x77, 0x40, 0x2C, 0x0B, 0x71, 0x81,
  0x18, 0xEF, 0xC0, 0x87, 0x75, 0x05, 0xC0, 0x47, 0x30, 0x10, 0x9F, 0x90, 0xE0, 0x77, 0x76, 0x07,
  0xB0, 0xE7, 0x68, 0x71, 0x7B, 0xEF, 0xEC, 0x71, 0x80, 0xCD, 0x10, 0x04, 0xF0, 0x77, 0x77, 0x73,
  0x09, 0xF0, 0x4F, 0x07, 0x77, 0x77, 0x30, 0x9F, 0x04, 0xF0, 0x77, 0x77, 0x73, 0x09, 0xF0, 0x4F,
  0x07, 0x77, 0x77, 0x30, 0x9F, 0x04, 0xF0, 0x77, 0x77, 0x73, 0x09, 0xF0, 0x4F, 0x07, 0x77, 0x77,
  0x30, 0x9F, 0x04, 0xF0, 0x77, 0x77, 0x73, 0x09, 0xF0, 0x4F, 0x07, 0x77, 0x77, 0x30, 0x9F, 0x04,
  0xF0, 0x77, 0x77, 0x73, 0x09, 0xF0, 0x4F, 0x07, 0x77, 0x77, 0x30, 0x9F, 0x04, 0xF0, 0x77, 0x77,
  0x73, 0x09, 0xF0, 0x4F, 0x07, 0x77, 0x77, 0x30, 0x9F, 0x04, 0xF0, 0x77, 0x77, 0x73, 0x09, 0xF0,
  0x4F, 0x07, 0x77, 0x77, 0x30, 0x9F, 0x04, 0xF0, 0x77, 0x77, 0x73, 0x09, 0xF0, 0x4F, 0x07, 0x77,
  0x77, 0x30, 0x9F, 0x04, 0xF0, 0x77, 0x77, 0x73, 0x09, 0xF0, 0x4F, 0x07, 0x77, 0x77, 0x30, 0x9F,
  0x04, 0xF0, 0x77, 0x77, 0x73, 0x09, 0xF0, 0x4F, 0x07, 0x77, 0x77, 0x30, 0x9F, 0x04, 0xF0, 0x77,
  0x77, 0x73, 0x09, 0xF0, 0x4F, 0x07, 0x77, 0x77, 0x30, 0x9F, 0x04, 0xF0, 0x77, 0x77, 0x73, 0x09,
  0xF0, 0x4F, 0x07, 0x77, 0x77, 0x30, 0x9F, 0x04, 0xF0, 0x77, 0x77, 0x73, 0x09, 0xF0, 0x4F, 0x07,
  0x77, 0x77, 0x30, 0x9F, 0x04, 0xF0, 0x77, 0x77, 0x73, 0x09, 0xF0, 0x4F, 0x07, 0x77, 0x77, 0x30,
  0x9F, 0x04, 0xF0, 0x77, 0x77, 0x73, 0x09, 0xF0, 0x4F, 0x07, 0x77, 0x77, 0x30, 0x9F, 0x04, 0xF0,
  0x77, 0x77, 0x73, 0x09, 0xF0, 0x4F, 0x07, 0x77, 0x77, 0x30, 0x9F, 0x04, 0xF0, 0x77, 0x77, 0x73,
  0x09, 0xF0, 0x4F, 0x07, 0x77, 0x77, 0x30, 0x9F, 0x04, 0xF0, 0x77, 0x77, 0x73, 0x09, 0xF0, 0x4F,
  0x07, 0x77, 0x77, 0x30, 0x9F, 0x04, 0xF0, 0x77, 0x77, 0x73, 0x09, 0xF0, 0x4F, 0x07, 0x77, 0x77,
  0x30, 0x9F, 0x04, 0xF0, 0x77, 0x77, 0x73, 0x09, 0xF0, 0x4F, 0x07, 0x77, 0x77, 0x30, 0x9F, 0x03,
  0xF0, 0x87, 0x77, 0x73, 0x0A, 0xF0, 0x2F, 0x09, 0x77, 0x77, 0x30, 0xBE, 0x0E, 0x01, 0xF0, 0xA7,
  0x77, 0x73, 0x0C, 0xE0, 0xD1, 0xF0, 0xB7, 0x77, 0x73, 0x0E, 0xE8, 0x1B, 0x0D, 0xE0, 0xE7, 0x77,
  0x72, 0x02, 0xF8, 0x19, 0x09, 0xF0, 0x37, 0x77, 0x71, 0x06, 0xF8, 0x16, 0x06, 0xF0, 0x77, 0x77,
  0x71, 0x0A, 0xF8, 0x12, 0x01, 0xF0, 0xD7, 0x77, 0x70, 0x1F, 0x0D, 0x30, 0xCF, 0x05, 0x77, 0x76,
  0x08, 0xF0, 0x83, 0x06, 0xF0, 0xD7, 0x77, 0x50, 0x2F, 0x90, 0x14, 0x0E, 0xF0, 0xA7, 0x77, 0x40,
  0xCF, 0x0A, 0x50, 0x6F, 0x90, 0x77, 0x77, 0x20, 0x9F, 0x90, 0x26, 0x0C, 0xF9, 0x07, 0x77, 0x70,
  0x9F, 0x90, 0x87, 0x03, 0xFA, 0x0B, 0x03, 0x77, 0x30, 0x30, 0xCF, 0x90, 0xD7, 0x20, 0x6F, 0xB0,
  0xB0, 0x57, 0x60, 0x40, 0xBF, 0xA0, 0xE0, 0x27, 0x30, 0x8F, 0xD8, 0x91, 0xC9, 0x75, 0x44, 0x45,
  0x78, 0xBF, 0xC0, 0xE0, 0x37, 0x50, 0x8F, 0xFF, 0xFC, 0x0E, 0x03, 0x77, 0x06, 0x0E, 0xFF, 0xFF,
  0x90, 0xC0, 0x27, 0x72, 0x02, 0x0B, 0xFF, 0xFD, 0x0E, 0x07, 0x77, 0x60, 0x50, 0xCF, 0xFF, 0x98,
  0x1E, 0x81, 0x77, 0x72, 0x81, 0x39, 0xDF, 0xFA, 0x81, 0xEA, 0x67, 0x77, 0x71, 0x85, 0x25, 0x8A,
  0xCE, 0xEA, 0x85, 0xED, 0xDB, 0x96, 0x47, 0x72,
  // "ũ" (U+0169), RLE, 825 bytes saved (64.5%)
  0x73, 0x86, 0x5A, 0xDE, 0xED, 0xA5, 0x76, 0x07, 0xB0, 0xE7, 0x50, 0x20, 0xCF, 0x90, 0xD0, 0x67,
  0x40, 0xCB, 0x0B, 0x74, 0x02, 0x0E, 0xFC, 0x0C, 0x04, 0x71, 0x04, 0xC0, 0x87, 0x30, 0x10, 0xDF,
  0xF0, 0xB0, 0x35, 0x01, 0x0D, 0xC0, 0x47, 0x30, 0x9F, 0xFB, 0x84, 0xC7, 0x45, 0x8E, 0xC0, 0xE7,
  0x30, 0x2F, 0xFF, 0xF0, 0x87, 0x30, 0x8D, 0x84, 0xB6, 0x45, 0x9E, 0xFF, 0xA0, 0xE0, 0x17, 0x30,
  0xDC, 0x07, 0x60, 0x70, 0xEF, 0xF0, 0x67, 0x30, 0x2C, 0x0B, 0x71, 0x81, 0x18, 0xEF, 0xC0, 0x87,
  0x40, 0x5C, 0x04, 0x73, 0x01, 0x09, 0xF9, 0x0E, 0x07, 0x75, 0x07, 0xB0, 0xE7, 0x68, 0x71, 0x7B,
  0xEF, 0xEC, 0x71, 0x80, 0xBE, 0x50, 0x03, 0xF0, 0x77, 0x77, 0x20, 0xBE, 0x0D, 0x03, 0xF0, 0x77,
  0x77, 0x20, 0xBE, 0x0D, 0x03, 0xF0, 0x77, 0x77, 0x20, 0xBE, 0x0D, 0x03, 0xF0, 0x77, 0x77, 0x20,
  0xBE, 0x0D, 0x03, 0xF0, 0x77, 0x77, 0x20, 0xBE, 0x0D, 0x03, 0xF0, 0x77, 0x77, 0x20, 0xBE, 0x0D,
  0x03, 0xF0, 0x77, 0x77, 0x20, 0xBE, 0x0D, 0x03, 0xF0, 0x77, 0x77, 0x20, 0xBE, 0x0D, 0x03, 0xF0,
  0x77, 0x77, 0x20, 0xBE, 0x0D, 0x03, 0xF0, 0x77, 0x77, 0x20, 0xBE, 0x0D, 0x03, 0xF0, 0x77, 0x77,
  0x20, 0xBE, 0x0D, 0x03, 0xF0, 0x77, 0x77, 0x20, 0xBE, 0x0D, 0x03, 0xF0, 0x77, 0x77, 0x20, 0xBE,
  0x0D, 0x03, 0xF0, 0x77, 0x77, 0x20, 0xBE, 0x0D, 0x03, 0xF0, 0x77, 0x77, 0x20, 0xBE, 0x0D, 0x03,
  0xF0, 0x77, 0x77, 0x20, 0xBE, 0x0D, 0x03, 0xF0, 0x77, 0x77, 0x20, 0xBE, 0x0D, 0x03, 0xF0, 0x77,
  0x77, 0x20, 0xBE, 0x0D, 0x03, 0xF0, 0x77, 0x77, 0x20, 0xBE, 0x0D, 0x03, 0xF0, 0x77, 0x77, 0x20,
  0xBE, 0x0D, 0x03, 0xF0, 0x77, 0x77, 0x20, 0xBE, 0x0D, 0x03, 0xF0, 0x77, 0x77, 0x20, 0xBE, 0x0D,
  0x03, 0xF0, 0x77, 0x77, 0x20, 0xBE, 0x0D, 0x03, 0xF0, 0x77, 0x77, 0x20, 0xBE, 0x0D, 0x03, 0xF0,
  0x77, 0x77, 0x20, 0xBE, 0x0D, 0x03, 0xF0, 0x77, 0x77, 0x20, 0xCE, 0x0D, 0x03, 0xF0, 0x77, 0x77,
  0x20, 0xDE, 0x0D, 0x03, 0xF0, 0x77, 0x77, 0x20, 0xEE, 0x0D, 0x03, 0xF0, 0x77, 0x77, 0x2F, 0x0D,
  0x03, 0xF0, 0x77, 0x77, 0x10, 0x3F, 0x0D, 0x03, 0xF0, 0x77, 0x77, 0x10, 0x5F, 0x0D, 0x02, 0xF0,
  0x87, 0x77, 0x10, 0x9F, 0x0D, 0x01, 0xF0, 0xA7, 0x77, 0x10, 0xEF, 0x0D, 0x1F, 0x0D, 0x77, 0x70,
  0x3F, 0x98, 0x1D, 0x0E, 0xF0, 0x17, 0x76, 0x0A, 0xF9, 0x81, 0xD0, 0xBF, 0x07, 0x77, 0x50, 0x3F,
  0xA8, 0x1D, 0x07, 0xF0, 0xE0, 0x17, 0x74, 0x0B, 0xFA, 0x81, 0xD0, 0x3F, 0x90, 0xA7, 0x73, 0x09,
  0xFB, 0x0D, 0x20, 0xDF, 0x90, 0x97, 0x70, 0x10, 0xAF, 0xC0, 0xD2, 0x07, 0xFA, 0x0C, 0x04, 0x73,
  0x81, 0x28, 0xEF, 0xD0, 0xD3, 0x0D, 0xFB, 0x89, 0x0D, 0xA6, 0x54, 0x45, 0x79, 0xCF, 0x0C, 0x06,
  0xE0, 0xD3, 0x04, 0xFF, 0xFD, 0x81, 0xE2, 0x3E, 0x0D, 0x40, 0x7F, 0xFF, 0xB0, 0xE0, 0x32, 0xE0,
  0xD5, 0x06, 0xFF, 0xF9, 0x0D, 0x03, 0x30, 0xCD, 0x0D, 0x60, 0x30, 0xCF, 0xFC, 0x0E, 0x08, 0x50,
  0x9D, 0x0D, 0x71, 0x04, 0x0B, 0xFF, 0x81, 0xD7, 0x16, 0x07, 0xD0, 0xD7, 0x38, 0x41, 0x58, 0xBD,
  0xEA, 0x84, 0xEE, 0xC9, 0x62, 0x77, 0x20,
  // "Ū" (U+016A), RLE, 1317 bytes saved (73.2%)
  0x74, 0x02, 0x80, 0xA5, 0x47, 0x77, 0x10, 0x8F, 0xFF, 0xC7, 0x77, 0x10, 0x8F, 0xFF, 0xC7, 0x77,
  0x10, 0x8F, 0xFF, 0xC7, 0x77, 0x10, 0x8F, 0xFF, 0xC7, 0x77, 0x10, 0x8F, 0xFF, 0xC7, 0x77, 0x10,
  0x8F, 0xFF, 0xC8, 0x0C, 0xC7, 0x00, 0x4F, 0x07, 0x77, 0x77, 0x30, 0x9F, 0x04, 0xF0, 0x77, 0x77,
  0x73, 0x09, 0xF0, 0x4F, 0x07, 0x77, 0x77, 0x30, 0x9F, 0x04, 0xF0, 0x77, 0x77, 0x73, 0x09, 0xF0,
  0x4F, 0x07, 0x77, 0x77, 0x30, 0x9F, 0x04, 0xF0, 0x77, 0x77, 0x73, 0x09, 0xF0, 0x4F, 0x07, 0x77,
  0x77, 0x30, 0x9F, 0x04, 0xF0, 0x77, 0x77, 0x73, 0x09, 0xF0, 0x4F, 0x07, 0x77, 0x77, 0x30, 0x9F,
  0x04, 0xF0, 0x77, 0x77, 0x73, 0x09, 0xF0, 0x4F, 0x07, 0x77, 0x77, 0x30, 0x9F, 0x04, 0xF0, 0x77,
  0x77, 0x73, 0x09, 0xF0, 0x4F, 0x07, 0x77, 0x77, 0x30, 0x9F, 0x04, 0xF0, 0x77, 0x77, 0x73, 0x09,
  0xF0, 0x4F, 0x07, 0x77, 0x77, 0x30, 0x9F, 0x04, 0xF0, 0x77, 0x77, 0x73, 0x09, 0xF0, 0x4F, 0x07,
  0x77, 0x77, 0x30, 0x9F, 0x04, 0xF0, 0x77, 0x77, 0x73, 0x09, 0xF0, 0x4F, 0x07, 0x77, 0x77, 0x30,
  0x9F, 0x04, 0xF0, 0x77, 0x77, 0x73, 0x09, 0xF0, 0x4F, 0x07, 0x77, 0x77, 0x30, 0x9F, 0x04, 0xF0,
  0x77, 0x77, 0x73, 0x09, 0xF0, 0x4F, 0x07, 0x77, 0x77, 0x30, 0x9F, 0x04, 0xF0, 0x77, 0x77, 0x73,
  0x09, 0xF0, 0x4F, 0x07, 0x77, 0x77, 0x30, 0x9F, 0x04, 0xF0, 0x77, 0x77, 0x73, 0x09, 0xF0, 0x4F,
  0x07, 0x77, 0x77, 0x30, 0x9F, 0x04, 0xF0, 0x77, 0x77, 0x73, 0x09, 0xF0, 0x4F, 0x07, 0x77, 0x77,
  0x30, 0x9F, 0x04, 0xF0, 0x77, 0x77, 0x73, 0x09, 0xF0, 0x4F, 0x07, 0x77, 0x77, 0x30, 0x9F, 0x04,
  0xF0, 0x77, 0x77, 0x73, 0x09, 0xF0, 0x4F, 0x07, 0x77, 0x77, 0x30, 0x9F, 0x04, 0xF0, 0x77, 0x77,
  0x73, 0x09, 0xF0, 0x4F, 0x07, 0x77, 0x77, 0x30, 0x9F, 0x04, 0xF0, 0x77, 0x77, 0x73, 0x09, 0xF0,
  0x4F, 0x07, 0x77, 0x77, 0x30, 0x9F, 0x04, 0xF0, 0x77, 0x77, 0x73, 0x09, 0xF0, 0x4F, 0x07, 0x77,
  0x77, 0x30, 0x9F, 0x04, 0xF0, 0x77, 0x77, 0x73, 0x09, 0xF0, 0x3F, 0x08, 0x77, 0x77, 0x30, 0xAF,
  0x02, 0xF0, 0x97, 0x77, 0x73, 0x0B, 0xE0, 0xE0, 0x1F, 0x0A, 0x77, 0x77, 0x30, 0xCE, 0x0D, 0x1F,
  0x0B, 0x77, 0x77, 0x30, 0xEE, 0x81, 0xB0, 0xDE, 0x0E, 0x77, 0x77, 0x20, 0x2F, 0x81, 0x90, 0x9F,
  0x03, 0x77, 0x77, 0x10, 0x6F, 0x81, 0x60, 0x6F, 0x07, 0x77, 0x77, 0x10, 0xAF, 0x81, 0x20, 0x1F,
  0x0D, 0x77, 0x77, 0x01, 0xF0, 0xD3, 0x0C, 0xF0, 0x57, 0x77, 0x60, 0x8F, 0x08, 0x30, 0x6F, 0x0D,
  0x77, 0x75, 0x02, 0xF9, 0x01, 0x40, 0xEF, 0x0A, 0x77, 0x74, 0x0C, 0xF0, 0xA5, 0x06, 0xF9, 0x07,
  0x77, 0x72, 0x09, 0xF9, 0x02, 0x60, 0xCF, 0x90, 0x77, 0x77, 0x09, 0xF9, 0x08, 0x70, 0x3F, 0xA0,
  0xB0, 0x37, 0x73, 0x03, 0x0C, 0xF9, 0x0D, 0x72, 0x06, 0xFB, 0x0B, 0x05, 0x76, 0x04, 0x0B, 0xFA,
  0x0E, 0x02, 0x73, 0x08, 0xFD, 0x89, 0x1C, 0x97, 0x54, 0x44, 0x57, 0x8B, 0xFC, 0x0E, 0x03, 0x75,
  0x08, 0xFF, 0xFF, 0xC0, 0xE0, 0x37, 0x70, 0x60, 0xEF, 0xFF, 0xF9, 0x0C, 0x02, 0x77, 0x20, 0x20,
  0xBF, 0xFF, 0xD0, 0xE0, 0x77, 0x76, 0x05, 0x0C, 0xFF, 0xF9, 0x81, 0xE8, 0x17, 0x77, 0x28, 0x13,
  0x9D, 0xFF, 0xA8, 0x1E, 0xA6, 0x77, 0x77, 0x18, 0x52, 0x58, 0xAC, 0xEE, 0xA8, 0x5E, 0xDD, 0xB9,
  0x64, 0x77, 0x20,
  // "ū" (U+016B), RLE, 816 bytes saved (68.0%)
  0x70, 0x28, 0x0A, 0x54, 0x77, 0x08, 0xFF, 0xFC, 0x77, 0x08, 0xFF, 0xFC, 0x77, 0x08, 0xFF, 0xFC,
  0x77, 0x08, 0xFF, 0xFC, 0x77, 0x08, 0xFF, 0xFC, 0x77, 0x08, 0xFF, 0xFC, 0x80, 0xBE, 0x30, 0x03,
  0xF0, 0x77, 0x77, 0x20, 0xBE, 0x0D, 0x03, 0xF0, 0x77, 0x77, 0x20, 0xBE, 0x0D, 0x03, 0xF0, 0x77,
  0x77, 0x20, 0xBE, 0x0D, 0x03, 0xF0, 0x77, 0x77, 0x20, 0xBE, 0x0D, 0x03, 0xF0, 0x77, 0x77, 0x20,
  0xBE, 0x0D, 0x03, 0xF0, 0x77, 0x77, 0x20, 0xBE, 0x0D, 0x03, 0xF0, 0x77, 0x77, 0x20, 0xBE, 0x0D,
  0x03, 0xF0, 0x77, 0x77, 0x20, 0xBE, 0x0D, 0x03, 0xF0, 0x77, 0x77, 0x20, 0xBE, 0x0D, 0x03, 0xF0,
  0x77, 0x77, 0x20, 0xBE, 0x0D, 0x03, 0xF0, 0x77, 0x77, 0x20, 0xBE, 0x0D, 0x03, 0xF0, 0x77, 0x77,
  0x20, 0xBE, 0x0D, 0x03, 0xF0, 0x77, 0x77, 0x20, 0xBE, 0x0D, 0x03, 0xF0, 0x77, 0x77, 0x20, 0xBE,
  0x0D, 0x03, 0xF0, 0x77, 0x77, 0x20, 0xBE, 0x0D, 0x03, 0xF0, 0x77, 0x77, 0x20, 0xBE, 0x0D, 0x03,
  0xF0, 0x77, 0x77, 0x20, 0xBE, 0x0D, 0x03, 0xF0, 0x77, 0x77, 0x20, 0xBE, 0x0D, 0x03, 0xF0, 0x77,
  0x77, 0x20, 0xBE, 0x0D, 0x03, 0xF0, 0x77, 0x77, 0x20, 0xBE, 0x0D, 0x03, 0xF0, 0x77, 0x77, 0x20,
  0xBE, 0x0D, 0x03, 0xF0, 0x77, 0x77, 0x20, 0xBE, 0x0D, 0x03, 0xF0, 0x77, 0x77, 0x20, 0xBE, 0x0D,
  0x03, 0xF0, 0x77, 0x77, 0x20, 0xBE, 0x0D, 0x03, 0xF0, 0x77, 0x77, 0x20, 0xBE, 0x0D, 0x03, 0xF0,
  0x77, 0x77, 0x20, 0xCE, 0x0D, 0x03, 0xF0, 0x77, 0x77, 0x20, 0xDE, 0x0D, 0x03, 0xF0, 0x77, 0x77,
  0x20, 0xEE, 0x0D, 0x03, 0xF0, 0x77, 0x77, 0x2F, 0x0D, 0x03, 0xF0, 0x77, 0x77, 0x10, 0x3F, 0x0D,
  0x03, 0xF0, 0x77, 0x77, 0x10, 0x5F, 0x0D, 0x02, 0xF0, 0x87, 0x77, 0x10, 0x9F, 0x0D, 0x01, 0xF0,
  0xA7, 0x77, 0x10, 0xEF, 0x0D, 0x1F, 0x0D, 0x77, 0x70, 0x3F, 0x98, 0x1D, 0x0E, 0xF0, 0x17, 0x76,
  0x0A, 0xF9, 0x81, 0xD0, 0xBF, 0x07, 0x77, 0x50, 0x3F, 0xA8, 0x1D, 0x07, 0xF0, 0xE0, 0x17, 0x74,
  0x0B, 0xFA, 0x81, 0xD0, 0x3F, 0x90, 0xA7, 0x73, 0x09, 0xFB, 0x0D, 0x20, 0xDF, 0x90, 0x97, 0x70,
  0x10, 0xAF, 0xC0, 0xD2, 0x07, 0xFA, 0x0C, 0x04, 0x73, 0x81, 0x28, 0xEF, 0xD0, 0xD3, 0x0D, 0xFB,
  0x89, 0x0D, 0xA6, 0x54, 0x45, 0x79, 0xCF, 0x0C, 0x06, 0xE0, 0xD3, 0x04, 0xFF, 0xFD, 0x81, 0xE2,
  0x3E, 0x0D, 0x40, 0x7F, 0xFF, 0xB0, 0xE0, 0x32, 0xE0, 0xD5, 0x06, 0xFF, 0xF9, 0x0D, 0x03, 0x30,
  0xCD, 0x0D, 0x60, 0x30, 0xCF, 0xFC, 0x0E, 0x08, 0x50, 0x9D, 0x0D, 0x71, 0x04, 0x0B, 0xFF, 0x81,
  0xD7, 0x16, 0x07, 0xD0, 0xD7, 0x38, 0x41, 0x58, 0xBD, 0xEA, 0x84, 0xEE, 0xC9, 0x62, 0x77, 0x20,
  // "Ŭ" (U+016C), RLE, 1373 bytes saved (71.5%)
  0x74, 0x84, 0x47, 0x77, 0x71, 0x77, 0x28, 0x44, 0x77, 0x77, 0x17, 0x76, 0x06, 0xC0, 0x47, 0x72,
  0x0C, 0xC7, 0x77, 0x04, 0xC0, 0x97, 0x71, 0x02, 0xC0, 0xD7, 0x77, 0x01, 0xD0, 0x27, 0x70, 0xBC,
  0x09, 0x77, 0x71, 0x0B, 0xC0, 0xD0, 0x47, 0x40, 0x40, 0xCD, 0x03, 0x77, 0x71, 0x05, 0xE8, 0x91,
  0xDA, 0x75, 0x44, 0x56, 0x7A, 0xEE, 0x0C, 0x77, 0x73, 0x0C, 0xFF, 0xF9, 0x03, 0x77, 0x73, 0x03,
  0x0E, 0xFF, 0xE0, 0x77, 0x77, 0x50, 0x5F, 0xFD, 0x08, 0x77, 0x77, 0x04, 0x0E, 0xFF, 0x90, 0xE0,
  0x67, 0x77, 0x72, 0x81, 0x18, 0xEF, 0xC8, 0x1E, 0x92, 0x77, 0x77, 0x68, 0x92, 0x58, 0xBD, 0xEF,
  0xED, 0xC9, 0x51, 0x80, 0xCD, 0x50, 0x04, 0xF0, 0x77, 0x77, 0x73, 0x09, 0xF0, 0x4F, 0x07, 0x77,
  0x77, 0x30, 0x9F, 0x04, 0xF0, 0x77, 0x77, 0x73, 0x09, 0xF0, 0x4F, 0x07, 0x77, 0x77, 0x30, 0x9F,
  0x04, 0xF0, 0x77, 0x77, 0x73, 0x09, 0xF0, 0x4F, 0x07, 0x77, 0x77, 0x30, 0x9F, 0x04, 0xF0, 0x77,
  0x77, 0x73, 0x09, 0xF0, 0x4F, 0x07, 0x77, 0x77, 0x30, 0x9F, 0x04, 0xF0, 0x77, 0x77, 0x73, 0x09,
  0xF0, 0x4F, 0x07, 0x77, 0x77, 0x30, 0x9F, 0x04, 0xF0, 0x77, 0x77, 0x73, 0x09, 0xF0, 0x4F, 0x07,
  0x77, 0x77, 0x30, 0x9F, 0x04, 0xF0, 0x77, 0x77, 0x73, 0x09, 0xF0, 0x4F, 0x07, 0x77, 0x77, 0x30,
  0x9F, 0x04, 0xF0, 0x77, 0x77, 0x73, 0x09, 0xF0, 0x4F, 0x07, 0x77, 0x77, 0x30, 0x9F, 0x04, 0xF0,
  0x77, 0x77, 0x73, 0x09, 0xF0, 0x4F, 0x07, 0x77, 0x77, 0x30, 0x9F, 0x04, 0xF0, 0x77, 0x77, 0x73,
  0x09, 0xF0, 0x4F, 0x07, 0x77, 0x77, 0x30, 0x9F, 0x04, 0xF0, 0x77, 0x77, 0x73, 0x09, 0xF0, 0x4F,
  0x07, 0x77, 0x77, 0x30, 0x9F, 0x04, 0xF0, 0x77, 0x77, 0x73, 0x09, 0xF0, 0x4F, 0x07, 0x77, 0x77,
  0x30, 0x9F, 0x04, 0xF0, 0x77, 0x77, 0x73, 0x09, 0xF0, 0x4F, 0x07, 0x77, 0x77, 0x30, 0x9F, 0x04,
  0xF0, 0x77, 0x77, 0x73, 0x09, 0xF0, 0x4F, 0x07, 0x77, 0x77, 0x30, 0x9F, 0x04, 0xF0, 0x77, 0x77,
  0x73, 0x09, 0xF0, 0x4F, 0x07, 0x77, 0x77, 0x30, 0x9F, 0x04, 0xF0, 0x77, 0x77, 0x73, 0x09, 0xF0,
  0x4F, 0x07, 0x77, 0x77, 0x30, 0x9F, 0x04, 0xF0, 0x77, 0x77, 0x73, 0x09, 0xF0, 0x4F, 0x07, 0x77,
  0x77, 0x30, 0x9F, 0x04, 0xF0, 0x77, 0x77, 0x73, 0x09, 0xF0, 0x4F, 0x07, 0x77, 0x77, 0x30, 0x9F,
  0x04, 0xF0, 0x77, 0x77, 0x73, 0x09, 0xF0, 0x4F, 0x07, 0x77, 0x77, 0x30, 0x9F, 0x04, 0xF0, 0x77,
  0x77, 0x73, 0x09, 0xF0, 0x4F, 0x07, 0x77, 0x77, 0x30, 0x9F, 0x03, 0xF0, 0x87, 0x77, 0x73, 0x0A,
  0xF0, 0x2F, 0x09, 0x77, 0x77, 0x30, 0xBE, 0x0E, 0x01, 0xF0, 0xA7, 0x77, 0x73, 0x0C, 0xE0, 0xD1,
  0xF0, 0xB7, 0x77, 0x73, 0x0E, 0xE8, 0x1B, 0x0D, 0xE0, 0xE7, 0x77, 0x72, 0x02, 0xF8, 0x19, 0x09,
  0xF0, 0x37, 0x77, 0x71, 0x06, 0xF8, 0x16, 0x06, 0xF0, 0x77, 0x77, 0x71, 0x0A, 0xF8, 0x12, 0x01,
  0xF0, 0xD7, 0x77, 0x70, 0x1F, 0x0D, 0x30, 0xCF, 0x05, 0x77, 0x76, 0x08, 0xF0, 0x83, 0x06, 0xF0,
  0xD7, 0x77, 0x50, 0x2F, 0x90, 0x14, 0x0E, 0xF0, 0xA7, 0x77, 0x40, 0xCF, 0x0A, 0x50, 0x6F, 0x90,
  0x77, 0x77, 0x20, 0x9F, 0x90, 0x26, 0x0C, 0xF9, 0x07, 0x77, 0x70, 0x9F, 0x90, 0x87, 0x03, 0xFA,
  0x0B, 0x03, 0x77, 0x30, 0x30, 0xCF, 0x90, 0xD7, 0x20, 0x6F, 0xB0, 0xB0, 0x57, 0x60, 0x40, 0xBF,
  0xA0, 0xE0, 0x27, 0x30, 0x8F, 0xD8, 0x91, 0xC9, 0x75, 0x44, 0x45, 0x78, 0xBF, 0xC0, 0xE0, 0x37,
  0x50, 0x8F, 0xFF, 0xFC, 0x0E, 0x03, 0x77, 0x06, 0x0E, 0xFF, 0xFF, 0x90, 0xC0, 0x27, 0x72, 0x02,
  0x0B, 0xFF, 0xFD, 0x0E, 0x07, 0x77, 0x60, 0x50, 0xCF, 0xFF, 0x98, 0x1E, 0x81, 0x77, 0x72, 0x81,
  0x39, 0xDF, 0xFA, 0x81, 0xEA, 0x67, 0x77, 0x71, 0x85, 0x25, 0x8A, 0xCE, 0xEA, 0x85, 0xED, 0xDB,
  0x96, 0x47, 0x72,
  // "ŭ" (U+016D), RLE, 852 bytes saved (65.5%)
  0x78, 0x44, 0x77, 0x77, 0x17, 0x72, 0x84, 0x47, 0x77, 0x71, 0x75, 0x06, 0xC0, 0x47, 0x72, 0x0C,
  0xC7, 0x60, 0x4C, 0x09, 0x77, 0x10, 0x2C, 0x0D, 0x76, 0x01, 0xD0, 0x27, 0x70, 0xBC, 0x09, 0x77,
  0x0B, 0xC0, 0xD0, 0x47, 0x40, 0x40, 0xCD, 0x03, 0x77, 0x05, 0xE8, 0x91, 0xDA, 0x75, 0x44, 0x56,
  0x7A, 0xEE, 0x0C, 0x77, 0x20, 0xCF, 0xFF, 0x90, 0x37, 0x72, 0x03, 0x0E, 0xFF, 0xE0, 0x77, 0x74,
  0x05, 0xFF, 0xD0, 0x87, 0x76, 0x04, 0x0E, 0xFF, 0x90, 0xE0, 0x67, 0x77, 0x18, 0x11, 0x8E, 0xFC,
  0x81, 0xE9, 0x27, 0x77, 0x58, 0x92, 0x58, 0xBD, 0xEF, 0xED, 0xC9, 0x51, 0x80, 0xBF, 0x10, 0x03,
  0xF0, 0x77, 0x77, 0x20, 0xBE, 0x0D, 0x03, 0xF0, 0x77, 0x77, 0x20, 0xBE, 0x0D, 0x03, 0xF0, 0x77,
  0x77, 0x20, 0xBE, 0x0D, 0x03, 0xF0, 0x77, 0x77, 0x20, 0xBE, 0x0D, 0x03, 0xF0, 0x77, 0x77, 0x20,
  0xBE, 0x0D, 0x03, 0xF0, 0x77, 0x77, 0x20, 0xBE, 0x0D, 0x03, 0xF0, 0x77, 0x77, 0x20, 0xBE, 0x0D,
  0x03, 0xF0, 0x77, 0x77, 0x20, 0xBE, 0x0D, 0x03, 0xF0, 0x77, 0x77, 0x20, 0xBE, 0x0D, 0x03, 0xF0,
  0x77, 0x77, 0x20, 0xBE, 0x0D, 0x03, 0xF0, 0x77, 0x77, 0x20, 0xBE, 0x0D, 0x03, 0xF0, 0x77, 0x77,
  0x20, 0xBE, 0x0D, 0x03, 0xF0, 0x77, 0x77, 0x20, 0xBE, 0x0D, 0x03, 0xF0, 0x77, 0x77, 0x20, 0xBE,
  0x0D, 0x03, 0xF0, 0x77, 0x77, 0x20, 0xBE, 0x0D, 0x03, 0xF0, 0x77, 0x77, 0x20, 0xBE, 0x0D, 0x03,
  0xF0, 0x77, 0x77, 0x20, 0xBE, 0x0D, 0x03, 0xF0, 0x77, 0x77, 0x20, 0xBE, 0x0D, 0x03, 0xF0, 0x77,
  0x77, 0x20, 0xBE, 0x0D, 0x03, 0xF0, 0x77, 0x77, 0x20, 0xBE, 0x0D, 0x03, 0xF0, 0x77, 0x77, 0x20,
  0xBE, 0x0D, 0x03, 0xF0, 0x77, 0x77, 0x20, 0xBE, 0x0D, 0x03, 0xF0, 0x77, 0x77, 0x20, 0xBE, 0x0D,
  0x03, 0xF0, 0x77, 0x77, 0x20, 0xBE, 0x0D, 0x03, 0xF0, 0x77, 0x77, 0x20, 0xBE, 0x0D, 0x03, 0xF0,
  0x77, 0x77, 0x20, 0xCE, 0x0D, 0x03, 0xF0, 0x77, 0x77, 0x20, 0xDE, 0x0D, 0x03, 0xF0, 0x77, 0x77,
  0x20, 0xEE, 0x0D, 0x03, 0xF0, 0x77, 0x77, 0x2F, 0x0D, 0x03, 0xF0, 0x77, 0x77, 0x10, 0x3F, 0x0D,
  0x03, 0xF0, 0x77, 0x77, 0x10, 0x5F, 0x0D, 0x02, 0xF0, 0x87, 0x77, 0x10, 0x9F, 0x0D, 0x01, 0xF0,
  0xA7, 0x77, 0x10, 0xEF, 0x0D, 0x1F, 0x0D, 0x77, 0x70, 0x3F, 0x98, 0x1D, 0x0E, 0xF0, 0x17, 0x76,
  0x0A, 0xF9, 0x81, 0xD0, 0xBF, 0x07, 0x77, 0x50, 0x3F, 0xA8, 0x1D, 0x07, 0xF0, 0xE0, 0x17, 0x74,
  0x0B, 0xFA, 0x81, 0xD0, 0x3F, 0x90, 0xA7, 0x73, 0x09, 0xFB, 0x0D, 0x20, 0xDF, 0x90, 0x97, 0x70,
  0x10, 0xAF, 0xC0, 0xD2, 0x07, 0xFA, 0x0C, 0x04, 0x73, 0x81, 0x28, 0xEF, 0xD0, 0xD3, 0x0D, 0xFB,
  0x89, 0x0D, 0xA6, 0x54, 0x45, 0x79, 0xCF, 0x0C, 0x06, 0xE0, 0xD3, 0x04, 0xFF, 0xFD, 0x81, 0xE2,
  0x3E, 0x0D, 0x40, 0x7F, 0xFF, 0xB0, 0xE0, 0x32, 0xE0, 0xD5, 0x06, 0xFF, 0xF9, 0x0D, 0x03, 0x30,
  0xCD, 0x0D, 0x60, 0x30, 0xCF, 0xFC, 0x0E, 0x08, 0x50, 0x9D, 0x0D, 0x71, 0x04, 0x0B, 0xFF, 0x81,
  0xD7, 0x16, 0x07, 0xD0, 0xD7, 0x38, 0x41, 0x58, 0xBD, 0xEA, 0x84, 0xEE, 0xC9, 0x62, 0x77, 0x20,
  // "Ů" (U+016E), RLE, 1478 bytes saved (71.6%)
  0x77, 0x68, 0x72, 0x8B, 0xDF, 0xED, 0xA6, 0x80, 0xC1, 0x00, 0x10, 0xAF, 0xA0, 0xE0, 0x67, 0x77,
  0x76, 0x02, 0x0E, 0xFD, 0x0A, 0x77, 0x77, 0x40, 0x10, 0xDF, 0xF0, 0xA7, 0x77, 0x73, 0x08, 0xD8,
  0x48, 0x20, 0x14, 0xBD, 0x04, 0x77, 0x77, 0x2D, 0x04, 0x60, 0x9C, 0x0B, 0x77, 0x77, 0x10, 0x4C,
  0x08, 0x71, 0x0D, 0xC0, 0x17, 0x77, 0x70, 0x7C, 0x02, 0x71, 0x08, 0xC0, 0x37, 0x77, 0x70, 0x8C,
  0x72, 0x06, 0xC0, 0x57, 0x77, 0x70, 0x8C, 0x72, 0x06, 0xC0, 0x47, 0x77, 0x70, 0x6C, 0x02, 0x71,
  0x08, 0xC0, 0x37, 0x77, 0x70, 0x4C, 0x07, 0x71, 0x0D, 0xC7, 0x77, 0x72, 0x0E, 0xB0, 0xE0, 0x26,
  0x09, 0xC0, 0xB7, 0x77, 0x72, 0x08, 0xC8, 0x1E, 0x72, 0x20, 0x40, 0xBD, 0x04, 0x77, 0x77, 0x20,
  0x10, 0xDF, 0xF0, 0x97, 0x77, 0x74, 0x02, 0x0D, 0xFD, 0x0A, 0x77, 0x77, 0x60, 0x10, 0xAF, 0xA0,
  0xE0, 0x68, 0x0C, 0x10, 0x87, 0x28, 0xBE, 0xFE, 0xDA, 0x68, 0x0C, 0xD7, 0x00, 0x4F, 0x07, 0x77,
  0x77, 0x30, 0x9F, 0x04, 0xF0, 0x77, 0x77, 0x73, 0x09, 0xF0, 0x4F, 0x07, 0x77, 0x77, 0x30, 0x9F,
  0x04, 0xF0, 0x77, 0x77, 0x73, 0x09, 0xF0, 0x4F, 0x07, 0x77, 0x77, 0x30, 0x9F, 0x04, 0xF0, 0x77,
  0x77, 0x73, 0x09, 0xF0, 0x4F, 0x07, 0x77, 0x77, 0x30, 0x9F, 0x04, 0xF0, 0x77, 0x77, 0x73, 0x09,
  0xF0, 0x4F, 0x07, 0x77, 0x77, 0x30, 0x9F, 0x04, 0xF0, 0x77, 0x77, 0x73, 0x09, 0xF0, 0x4F, 0x07,
  0x77, 0x77, 0x30, 0x9F, 0x04, 0xF0, 0x77, 0x77, 0x73, 0x09, 0xF0, 0x4F, 0x07, 0x77, 0x77, 0x30,
  0x9F, 0x04, 0xF0, 0x77, 0x77, 0x73, 0x09, 0xF0, 0x4F, 0x07, 0x77, 0x77, 0x30, 0x9F, 0x04, 0xF0,
  0x77, 0x77, 0x73, 0x09, 0xF0, 0x4F, 0x07, 0x77, 0x77, 0x30, 0x9F, 0x04, 0xF0, 0x77, 0x77, 0x73,
  0x09, 0xF0, 0x4F, 0x07, 0x77, 0x77, 0x30, 0x9F, 0x04, 0xF0, 0x77, 0x77, 0x73, 0x09, 0xF0, 0x4F,
  0x07, 0x77, 0x77, 0x30, 0x9F, 0x04, 0xF0, 0x77, 0x77, 0x73, 0x09, 0xF0, 0x4F, 0x07, 0x77, 0x77,
  0x30, 0x9F, 0x04, 0xF0, 0x77, 0x77, 0x73, 0x09, 0xF0, 0x4F, 0x07, 0x77, 0x77, 0x30, 0x9F, 0x04,
  0xF0, 0x77, 0x77, 0x73, 0x09, 0xF0, 0x4F, 0x07, 0x77, 0x77, 0x30, 0x9F, 0x04, 0xF0, 0x77, 0x77,
  0x73, 0x09, 0xF0, 0x4F, 0x07, 0x77, 0x77, 0x30, 0x9F, 0x04, 0xF0, 0x77, 0x77, 0x73, 0x09, 0xF0,
  0x4F, 0x07, 0x77, 0x77, 0x30, 0x9F, 0x04, 0xF0, 0x77, 0x77, 0x73, 0x09, 0xF0, 0x4F, 0x07, 0x77,
  0x77, 0x30, 0x9F, 0x04, 0xF0, 0x77, 0x77, 0x73, 0x09, 0xF0, 0x4F, 0x07, 0x77, 0x77, 0x30, 0x9F,
  0x04, 0xF0, 0x77, 0x77, 0x73, 0x09, 0xF0, 0x4F, 0x07, 0x77, 0x77, 0x30, 0x9F, 0x04, 0xF0, 0x77,
  0x77, 0x73, 0x09, 0xF0, 0x4F, 0x07, 0x77, 0x77, 0x30, 0x9F, 0x04, 0xF0, 0x77, 0x77, 0x73, 0x09,
  0xF0, 0x3F, 0x08, 0x77, 0x77, 0x30, 0xAF, 0x02, 0xF0, 0x97, 0x77, 0x73, 0x0B, 0xE0, 0xE0, 0x1F,
  0x0A, 0x77, 0x77, 0x30, 0xCE, 0x0D, 0x1F, 0x0B, 0x77, 0x77, 0x30, 0xEE, 0x81, 0xB0, 0xDE, 0x0E,
  0x77, 0x77, 0x20, 0x2F, 0x81, 0x90, 0x9F, 0x03, 0x77, 0x77, 0x10, 0x6F, 0x81, 0x60, 0x6F, 0x07,
  0x77, 0x77, 0x10, 0xAF, 0x81, 0x20, 0x1F, 0x0D, 0x77, 0x77, 0x01, 0xF0, 0xD3, 0x0C, 0xF0, 0x57,
  0x77, 0x60, 0x8F, 0x08, 0x30, 0x6F, 0x0D, 0x77, 0x75, 0x02, 0xF9, 0x01, 0x40, 0xEF, 0x0A, 0x77,
  0x74, 0x0C, 0xF0, 0xA5, 0x06, 0xF9, 0x07, 0x77, 0x72, 0x09, 0xF9, 0x02, 0x60, 0xCF, 0x90, 0x77,
  0x77, 0x09, 0xF9, 0x08, 0x70, 0x3F, 0xA0, 0xB0, 0x37, 0x73, 0x03, 0x0C, 0xF9, 0x0D, 0x72, 0x06,
  0xFB, 0x0B, 0x05, 0x76, 0x04, 0x0B, 0xFA, 0x0E, 0x02, 0x73, 0x08, 0xFD, 0x89, 0x1C, 0x97, 0x54,
  0x44, 0x57, 0x8B, 0xFC, 0x0E, 0x03, 0x75, 0x08, 0xFF, 0xFF, 0xC0, 0xE0, 0x37, 0x70, 0x60, 0xEF,
  0xFF, 0xF9, 0x0C, 0x02, 0x77, 0x20, 0x20, 0xBF, 0xFF, 0xD0, 0xE0, 0x77, 0x76, 0x05, 0x0C, 0xFF,
  0xF9, 0x81, 0xE8, 0x17, 0x77, 0x28, 0x13, 0x9D, 0xFF, 0xA8, 0x1E, 0xA6, 0x77, 0x77, 0x18, 0x52,
  0x58, 0xAC, 0xEE, 0xA8, 0x5E, 0xDD, 0xB9, 0x64, 0x77, 0x20,
  // "ů" (U+016F), RLE, 935 bytes saved (65.8%)
  0x77, 0x28, 0x72, 0x8B, 0xDF, 0xED, 0xA6, 0x77, 0x77, 0x10, 0x10, 0xAF, 0xA0, 0xE0, 0x67, 0x77,
  0x50, 0x20, 0xEF, 0xD0, 0xA7, 0x77, 0x30, 0x10, 0xDF, 0xF0, 0xA7, 0x77, 0x20, 0x8D, 0x84, 0x82,
  0x01, 0x4B, 0xD0, 0x47, 0x77, 0x1D, 0x04, 0x60, 0x9C, 0x0B, 0x77, 0x70, 0x4C, 0x08, 0x71, 0x0D,
  0xC0, 0x17, 0x76, 0x07, 0xC0, 0x27, 0x10, 0x8C, 0x03, 0x77, 0x60, 0x8C, 0x72, 0x06, 0xC0, 0x57,
  0x76, 0x08, 0xC7, 0x20, 0x6C, 0x04, 0x77, 0x60, 0x6C, 0x02, 0x71, 0x08, 0xC0, 0x37, 0x76, 0x04,
  0xC0, 0x77, 0x10, 0xDC, 0x77, 0x71, 0x0E, 0xB0, 0xE0, 0x26, 0x09, 0xC0, 0xB7, 0x77, 0x10, 0x8C,
  0x81, 0xE7, 0x22, 0x04, 0x0B, 0xD0, 0x47, 0x77, 0x10, 0x10, 0xDF, 0xF0, 0x97, 0x77, 0x30, 0x20,
  0xDF, 0xD0, 0xA7, 0x77, 0x50, 0x10, 0xAF, 0xA0, 0xE0, 0x67, 0x77, 0x71, 0x87, 0x28, 0xBE, 0xFE,
  0xDA, 0x68, 0x0B, 0xF3, 0x00, 0x3F, 0x07, 0x77, 0x72, 0x0B, 0xE0, 0xD0, 0x3F, 0x07, 0x77, 0x72,
  0x0B, 0xE0, 0xD0, 0x3F, 0x07, 0x77, 0x72, 0x0B, 0xE0, 0xD0, 0x3F, 0x07, 0x77, 0x72, 0x0B, 0xE0,
  0xD0, 0x3F, 0x07, 0x77, 0x72, 0x0B, 0xE0, 0xD0, 0x3F, 0x07, 0x77, 0x72, 0x0B, 0xE0, 0xD0, 0x3F,
  0x07, 0x77, 0x72, 0x0B, 0xE0, 0xD0, 0x3F, 0x07, 0x77, 0x72, 0x0B, 0xE0, 0xD0, 0x3F, 0x07, 0x77,
  0x72, 0x0B, 0xE0, 0xD0, 0x3F, 0x07, 0x77, 0x72, 0x0B, 0xE0, 0xD0, 0x3F, 0x07, 0x77, 0x72, 0x0B,
  0xE0, 0xD0, 0x3F, 0x07, 0x77, 0x72, 0x0B, 0xE0, 0xD0, 0x3F, 0x07, 0x77, 0x72, 0x0B, 0xE0, 0xD0,
  0x3F, 0x07, 0x77, 0x72, 0x0B, 0xE0, 0xD0, 0x3F, 0x07, 0x77, 0x72, 0x0B, 0xE0, 0xD0, 0x3F, 0x07,
  0x77, 0x72, 0x0B, 0xE0, 0xD0, 0x3F, 0x07, 0x77, 0x72, 0x0B, 0xE0, 0xD0, 0x3F, 0x07, 0x77, 0x72,
  0x0B, 0xE0, 0xD0, 0x3F, 0x07, 0x77, 0x72, 0x0B, 0xE0, 0xD0, 0x3F, 0x07, 0x77, 0x72, 0x0B, 0xE0,
  0xD0, 0x3F, 0x07, 0x77, 0x72, 0x0B, 0xE0, 0xD0, 0x3F, 0x07, 0x77, 0x72, 0x0B, 0xE0, 0xD0, 0x3F,
  0x07, 0x77, 0x72, 0x0B, 0xE0, 0xD0, 0x3F, 0x07, 0x77, 0x72, 0x0B, 0xE0, 0xD0, 0x3F, 0x07, 0x77,
  0x72, 0x0B, 0xE0, 0xD0, 0x3F, 0x07, 0x77, 0x72, 0x0C, 0xE0, 0xD0, 0x3F, 0x07, 0x77, 0x72, 0x0D,
  0xE0, 0xD0, 0x3F, 0x07, 0x77, 0x72, 0x0E, 0xE0, 0xD0, 0x3F, 0x07, 0x77, 0x72, 0xF0, 0xD0, 0x3F,
  0x07, 0x77, 0x71, 0x03, 0xF0, 0xD0, 0x3F, 0x07, 0x77, 0x71, 0x05, 0xF0, 0xD0, 0x2F, 0x08, 0x77,
  0x71, 0x09, 0xF0, 0xD0, 0x1F, 0x0A, 0x77, 0x71, 0x0E, 0xF0, 0xD1, 0xF0, 0xD7, 0x77, 0x03, 0xF9,
  0x81, 0xD0, 0xEF, 0x01, 0x77, 0x60, 0xAF, 0x98, 0x1D, 0x0B, 0xF0, 0x77, 0x75, 0x03, 0xFA, 0x81,
  0xD0, 0x7F, 0x0E, 0x01, 0x77, 0x40, 0xBF, 0xA8, 0x1D, 0x03, 0xF9, 0x0A, 0x77, 0x30, 0x9F, 0xB0,
  0xD2, 0x0D, 0xF9, 0x09, 0x77, 0x01, 0x0A, 0xFC, 0x0D, 0x20, 0x7F, 0xA0, 0xC0, 0x47, 0x38, 0x12,
  0x8E, 0xFD, 0x0D, 0x30, 0xDF, 0xB8, 0x90, 0xDA, 0x65, 0x44, 0x57, 0x9C, 0xF0, 0xC0, 0x6E, 0x0D,
  0x30, 0x4F, 0xFF, 0xD8, 0x1E, 0x23, 0xE0, 0xD4, 0x07, 0xFF, 0xFB, 0x0E, 0x03, 0x2E, 0x0D, 0x50,
  0x6F, 0xFF, 0x90, 0xD0, 0x33, 0x0C, 0xD0, 0xD6, 0x03, 0x0C, 0xFF, 0xC0, 0xE0, 0x85, 0x09, 0xD0,
  0xD7, 0x10, 0x40, 0xBF, 0xF8, 0x1D, 0x71, 0x60, 0x7D, 0x0D, 0x73, 0x84, 0x15, 0x8B, 0xDE, 0xA8,
  0x4E, 0xEC, 0x96, 0x27, 0x72,
  // "Ű" (U+0170), RLE, 1406 bytes saved (71.4%)
  0x77, 0x60, 0x5F, 0x90, 0x25, 0x02, 0xF9, 0x04, 0x77, 0x72, 0x0C, 0xF0, 0xC6, 0x0A, 0xF0, 0xD7,
  0x77, 0x20, 0x5F, 0x0E, 0x02, 0x50, 0x2F, 0x90, 0x47, 0x77, 0x20, 0xCF, 0x06, 0x60, 0xAF, 0x08,
  0x77, 0x72, 0x06, 0xF0, 0x96, 0x03, 0xF0, 0xB7, 0x77, 0x30, 0xDE, 0x0C, 0x70, 0xCE, 0x0D, 0x01,
  0x77, 0x72, 0x07, 0xE0, 0xE0, 0x16, 0x06, 0xE0, 0xE0, 0x37, 0x77, 0x20, 0x10, 0xEE, 0x03, 0x70,
  0xEE, 0x05, 0x77, 0x73, 0x0A, 0xE0, 0x57, 0x08, 0xE0, 0x77, 0x77, 0x30, 0x4E, 0x06, 0x70, 0x2E,
  0x08, 0x77, 0x74, 0x0D, 0xD0, 0x77, 0x10, 0xBD, 0x09, 0x77, 0x74, 0x08, 0xD0, 0x77, 0x10, 0x6D,
  0x09, 0x77, 0x74, 0x03, 0xD0, 0x77, 0x10, 0x20, 0xEC, 0x09, 0x77, 0x75, 0x08, 0xC0, 0x57, 0x20,
  0x6C, 0x07, 0x80, 0xCD, 0x20, 0x04, 0xF0, 0x77, 0x77, 0x73, 0x09, 0xF0, 0x4F, 0x07, 0x77, 0x77,
  0x30, 0x9F, 0x04, 0xF0, 0x77, 0x77, 0x73, 0x09, 0xF0, 0x4F, 0x07, 0x77, 0x77, 0x30, 0x9F, 0x04,
  0xF0, 0x77, 0x77, 0x73, 0x09, 0xF0, 0x4F, 0x07, 0x77, 0x77, 0x30, 0x9F, 0x04, 0xF0, 0x77, 0x77,
  0x73, 0x09, 0xF0, 0x4F, 0x07, 0x77, 0x77, 0x30, 0x9F, 0x04, 0xF0, 0x77, 0x77, 0x73, 0x09, 0xF0,
  0x4F, 0x07, 0x77, 0x77, 0x30, 0x9F, 0x04, 0xF0, 0x77, 0x77, 0x73, 0x09, 0xF0, 0x4F, 0x07, 0x77,
  0x77, 0x30, 0x9F, 0x04, 0xF0, 0x77, 0x77, 0x73, 0x09, 0xF0, 0x4F, 0x07, 0x77, 0x77, 0x30, 0x9F,
  0x04, 0xF0, 0x77, 0x77, 0x73, 0x09, 0xF0, 0x4F, 0x07, 0x77, 0x77, 0x30, 0x9F, 0x04, 0xF0, 0x77,
  0x77, 0x73, 0x09, 0xF0, 0x4F, 0x07, 0x77, 0x77, 0x30, 0x9F, 0x04, 0xF0, 0x77, 0x77, 0x73, 0x09,
  0xF0, 0x4F, 0x07, 0x77, 0x77, 0x30, 0x9F, 0x04, 0xF0, 0x77, 0x77, 0x73, 0x09, 0xF0, 0x4F, 0x07,
  0x77, 0x77, 0x30, 0x9F, 0x04, 0xF0, 0x77, 0x77, 0x73, 0x09, 0xF0, 0x4F, 0x07, 0x77, 0x77, 0x30,
  0x9F, 0x04, 0xF0, 0x77, 0x77, 0x73, 0x09, 0xF0, 0x4F, 0x07, 0x77, 0x77, 0x30, 0x9F, 0x04, 0xF0,
  0x77, 0x77, 0x73, 0x09, 0xF0, 0x4F, 0x07, 0x77, 0x77, 0x30, 0x9F, 0x04, 0xF0, 0x77, 0x77, 0x73,
  0x09, 0xF0, 0x4F, 0x07, 0x77, 0x77, 0x30, 0x9F, 0x04, 0xF0, 0x77, 0x77, 0x73, 0x09, 0xF0, 0x4F,
  0x07, 0x77, 0x77, 0x30, 0x9F, 0x04, 0xF0, 0x77, 0x77, 0x73, 0x09, 0xF0, 0x4F, 0x07, 0x77, 0x77,
  0x30, 0x9F, 0x04, 0xF0, 0x77, 0x77, 0x73, 0x09, 0xF0, 0x4F, 0x07, 0x77, 0x77, 0x30, 0x9F, 0x04,
  0xF0, 0x77, 0x77, 0x73, 0x09, 0xF0, 0x4F, 0x07, 0x77, 0x77, 0x30, 0x9F, 0x04, 0xF0, 0x77, 0x77,
  0x73, 0x09, 0xF0, 0x4F, 0x07, 0x77, 0x77, 0x30, 0x9F, 0x03, 0xF0, 0x87, 0x77, 0x73, 0x0A, 0xF0,
  0x2F, 0x09, 0x77, 0x77, 0x30, 0xBE, 0x0E, 0x01, 0xF0, 0xA7, 0x77, 0x73, 0x0C, 0xE0, 0xD1, 0xF0,
  0xB7, 0x77, 0x73, 0x0E, 0xE8, 0x1B, 0x0D, 0xE0, 0xE7, 0x77, 0x72, 0x02, 0xF8, 0x19, 0x09, 0xF0,
  0x37, 0x77, 0x71, 0x06, 0xF8, 0x16, 0x06, 0xF0, 0x77, 0x77, 0x71, 0x0A, 0xF8, 0x12, 0x01, 0xF0,
  0xD7, 0x77, 0x70, 0x1F, 0x0D, 0x30, 0xCF, 0x05, 0x77, 0x76, 0x08, 0xF0, 0x83, 0x06, 0xF0, 0xD7,
  0x77, 0x50, 0x2F, 0x90, 0x14, 0x0E, 0xF0, 0xA7, 0x77, 0x40, 0xCF, 0x0A, 0x50, 0x6F, 0x90, 0x77,
  0x77, 0x20, 0x9F, 0x90, 0x26, 0x0C, 0xF9, 0x07, 0x77, 0x70, 0x9F, 0x90, 0x87, 0x03, 0xFA, 0x0B,
  0x03, 0x77, 0x30, 0x30, 0xCF, 0x90, 0xD7, 0x20, 0x6F, 0xB0, 0xB0, 0x57, 0x60, 0x40, 0xBF, 0xA0,
  0xE0, 0x27, 0x30, 0x8F, 0xD8, 0x91, 0xC9, 0x75, 0x44, 0x45, 0x78, 0xBF, 0xC0, 0xE0, 0x37, 0x50,
  0x8F, 0xFF, 0xFC, 0x0E, 0x03, 0x77, 0x06, 0x0E, 0xFF, 0xFF, 0x90, 0xC0, 0x27, 0x72, 0x02, 0x0B,
  0xFF, 0xFD, 0x0E, 0x07, 0x77, 0x60, 0x50, 0xCF, 0xFF, 0x98, 0x1E, 0x81, 0x77, 0x72, 0x81, 0x39,
  0xDF, 0xFA, 0x81, 0xEA, 0x67, 0x77, 0x71, 0x85, 0x25, 0x8A, 0xCE, 0xEA, 0x85, 0xED, 0xDB, 0x96,
  0x47, 0x72,
  // "ű" (U+0171), RLE, 895 bytes saved (65.1%)
  0x77, 0x20, 0x5F, 0x90, 0x25, 0x02, 0xF9, 0x04, 0x77, 0x20, 0xCF, 0x0C, 0x60, 0xAF, 0x0D, 0x77,
  0x20, 0x5F, 0x0E, 0x02, 0x50, 0x2F, 0x90, 0x47, 0x72, 0x0C, 0xF0, 0x66, 0x0A, 0xF0, 0x87, 0x72,
  0x06, 0xF0, 0x96, 0x03, 0xF0, 0xB7, 0x73, 0x0D, 0xE0, 0xC7, 0x0C, 0xE0, 0xD0, 0x17, 0x72, 0x07,
  0xE0, 0xE0, 0x16, 0x06, 0xE0, 0xE0, 0x37, 0x72, 0x01, 0x0E, 0xE0, 0x37, 0x0E, 0xE0, 0x57, 0x73,
  0x0A, 0xE0, 0x57, 0x08, 0xE0, 0x77, 0x73, 0x04, 0xE0, 0x67, 0x02, 0xE0, 0x87, 0x74, 0x0D, 0xD0,
  0x77, 0x10, 0xBD, 0x09, 0x77, 0x40, 0x8D, 0x07, 0x71, 0x06, 0xD0, 0x97, 0x74, 0x03, 0xD0, 0x77,
  0x10, 0x20, 0xEC, 0x09, 0x77, 0x50, 0x8C, 0x05, 0x72, 0x06, 0xC0, 0x78, 0x0B, 0xF5, 0x00, 0x3F,
  0x07, 0x77, 0x72, 0x0B, 0xE8, 0x1D, 0x03, 0xF0, 0x77, 0x77, 0x20, 0xBE, 0x81, 0xD0, 0x3F, 0x07,
  0x77, 0x72, 0x0B, 0xE8, 0x1D, 0x03, 0xF0, 0x77, 0x77, 0x20, 0xBE, 0x81, 0xD0, 0x3F, 0x07, 0x77,
  0x72, 0x0B, 0xE8, 0x1D, 0x03, 0xF0, 0x77, 0x77, 0x20, 0xBE, 0x81, 0xD0, 0x3F, 0x07, 0x77, 0x72,
  0x0B, 0xE8, 0x1D, 0x03, 0xF0, 0x77, 0x77, 0x20, 0xBE, 0x81, 0xD0, 0x3F, 0x07, 0x77, 0x72, 0x0B,
  0xE8, 0x1D, 0x03, 0xF0, 0x77, 0x77, 0x20, 0xBE, 0x81, 0xD0, 0x3F, 0x07, 0x77, 0x72, 0x0B, 0xE8,
  0x1D, 0x03, 0xF0, 0x77, 0x77, 0x20, 0xBE, 0x81, 0xD0, 0x3F, 0x07, 0x77, 0x72, 0x0B, 0xE8, 0x1D,
  0x03, 0xF0, 0x77, 0x77, 0x20, 0xBE, 0x81, 0xD0, 0x3F, 0x07, 0x77, 0x72, 0x0B, 0xE8, 0x1D, 0x03,
  0xF0, 0x77, 0x77, 0x20, 0xBE, 0x81, 0xD0, 0x3F, 0x07, 0x77, 0x72, 0x0B, 0xE8, 0x1D, 0x03, 0xF0,
  0x77, 0x77, 0x20, 0xBE, 0x81, 0xD0, 0x3F, 0x07, 0x77, 0x72, 0x0B, 0xE8, 0x1D, 0x03, 0xF0, 0x77,
  0x77, 0x20, 0xBE, 0x81, 0xD0, 0x3F, 0x07, 0x77, 0x72, 0x0B, 0xE8, 0x1D, 0x03, 0xF0, 0x77, 0x77,
  0x20, 0xBE, 0x81, 0xD0, 0x3F, 0x07, 0x77, 0x72, 0x0B, 0xE8, 0x1D, 0x03, 0xF0, 0x77, 0x77, 0x20,
  0xBE, 0x81, 0xD0, 0x3F, 0x07, 0x77, 0x72, 0x0B, 0xE8, 0x1D, 0x03, 0xF0, 0x77, 0x77, 0x20, 0xCE,
  0x81, 0xD0, 0x3F, 0x07, 0x77, 0x72, 0x0D, 0xE8, 0x1D, 0x03, 0xF0, 0x77, 0x77, 0x20, 0xEE, 0x81,
  0xD0, 0x3F, 0x07, 0x77, 0x72, 0xF8, 0x1D, 0x03, 0xF0, 0x77, 0x77, 0x10, 0x3F, 0x81, 0xD0, 0x3F,
  0x07, 0x77, 0x71, 0x05, 0xF8, 0x1D, 0x02, 0xF0, 0x87, 0x77, 0x10, 0x9F, 0x81, 0xD0, 0x1F, 0x0A,
  0x77, 0x71, 0x0E, 0xF0, 0xD2, 0xF0, 0xD7, 0x77, 0x03, 0xF9, 0x0D, 0x20, 0xEF, 0x01, 0x77, 0x60,
  0xAF, 0x90, 0xD2, 0x0B, 0xF0, 0x77, 0x75, 0x03, 0xFA, 0x0D, 0x20, 0x7F, 0x0E, 0x01, 0x77, 0x40,
  0xBF, 0xA0, 0xD2, 0x03, 0xF9, 0x0A, 0x77, 0x30, 0x9F, 0xB0, 0xD3, 0x0D, 0xF9, 0x09, 0x77, 0x01,
  0x0A, 0xFC, 0x0D, 0x30, 0x7F, 0xA0, 0xC0, 0x47, 0x38, 0x12, 0x8E, 0xFD, 0x0D, 0x40, 0xDF, 0xB8,
  0x90, 0xDA, 0x65, 0x44, 0x57, 0x9C, 0xF0, 0xC0, 0x6E, 0x0D, 0x40, 0x4F, 0xFF, 0xD8, 0x1E, 0x23,
  0xE0, 0xD5, 0x07, 0xFF, 0xFB, 0x0E, 0x03, 0x2E, 0x0D, 0x60, 0x6F, 0xFF, 0x90, 0xD0, 0x33, 0x0C,
  0xD0, 0xD7, 0x03, 0x0C, 0xFF, 0xC0, 0xE0, 0x85, 0x09, 0xD0, 0xD7, 0x20, 0x40, 0xBF, 0xF8, 0x1D,
  0x71, 0x60, 0x7D, 0x0D, 0x74, 0x84, 0x15, 0x8B, 0xDE, 0xA8, 0x4E, 0xEC, 0x96, 0x27, 0x73,
  // "Ų" (U+0172), RLE, 1380 bytes saved (71.9%)
  0x04, 0xF0, 0x77, 0x77, 0x73, 0x09, 0xF0, 0x4F, 0x07, 0x77, 0x77, 0x30, 0x9F, 0x04, 0xF0, 0x77,
  0x77, 0x73, 0x09, 0xF0, 0x4F, 0x07, 0x77, 0x77, 0x30, 0x9F, 0x04, 0xF0, 0x77, 0x77, 0x73, 0x09,
  0xF0, 0x4F, 0x07, 0x77, 0x77, 0x30, 0x9F, 0x04, 0xF0, 0x77, 0x77, 0x73, 0x09, 0xF0, 0x4F, 0x07,
  0x77, 0x77, 0x30, 0x9F, 0x04, 0xF0, 0x77, 0x77, 0x73, 0x09, 0xF0, 0x4F, 0x07, 0x77, 0x77, 0x30,
  0x9F, 0x04, 0xF0, 0x77, 0x77, 0x73, 0x09, 0xF0, 0x4F, 0x07, 0x77, 0x77, 0x30, 0x9F, 0x04, 0xF0,
  0x77, 0x77, 0x73, 0x09, 0xF0, 0x4F, 0x07, 0x77, 0x77, 0x30, 0x9F, 0x04, 0xF0, 0x77, 0x77, 0x73,
  0x09, 0xF0, 0x4F, 0x07, 0x77, 0x77, 0x30, 0x9F, 0x04, 0xF0, 0x77, 0x77, 0x73, 0x09, 0xF0, 0x4F,
  0x07, 0x77, 0x77, 0x30, 0x9F, 0x04, 0xF0, 0x77, 0x77, 0x73, 0x09, 0xF0, 0x4F, 0x07, 0x77, 0x77,
  0x30, 0x9F, 0x04, 0xF0, 0x77, 0x77, 0x73, 0x09, 0xF0, 0x4F, 0x07, 0x77, 0x77, 0x30, 0x9F, 0x04,
  0xF0, 0x77, 0x77, 0x73, 0x09, 0xF0, 0x4F, 0x07, 0x77, 0x77, 0x30, 0x9F, 0x04, 0xF0, 0x77, 0x77,
  0x73, 0x09, 0xF0, 0x4F, 0x07, 0x77, 0x77, 0x30, 0x9F, 0x04, 0xF0, 0x77, 0x77, 0x73, 0x09, 0xF0,
  0x4F, 0x07, 0x77, 0x77, 0x30, 0x9F, 0x04, 0xF0, 0x77, 0x77, 0x73, 0x09, 0xF0, 0x4F, 0x07, 0x77,
  0x77, 0x30, 0x9F, 0x04, 0xF0, 0x77, 0x77, 0x73, 0x09, 0xF0, 0x4F, 0x07, 0x77, 0x77, 0x30, 0x9F,
  0x04, 0xF0, 0x77, 0x77, 0x73, 0x09, 0xF0, 0x4F, 0x07, 0x77, 0x77, 0x30, 0x9F, 0x04, 0xF0, 0x77,
  0x77, 0x73, 0x09, 0xF0, 0x4F, 0x07, 0x77, 0x77, 0x30, 0x9F, 0x04, 0xF0, 0x77, 0x77, 0x73, 0x09,
  0xF0, 0x4F, 0x07, 0x77, 0x77, 0x30, 0x9F, 0x04, 0xF0, 0x77, 0x77, 0x73, 0x09, 0xF0, 0x4F, 0x07,
  0x77, 0x77, 0x30, 0x9F, 0x03, 0xF0, 0x87, 0x77, 0x73, 0x0A, 0xF0, 0x2F, 0x09, 0x77, 0x77, 0x30,
  0xBE, 0x0E, 0x01, 0xF0, 0xA7, 0x77, 0x73, 0x0C, 0xE0, 0xD1, 0xF0, 0xB7, 0x77, 0x73, 0x0E, 0xE8,
  0x1B, 0x0D, 0xE0, 0xE7, 0x77, 0x72, 0x02, 0xF8, 0x19, 0x09, 0xF0, 0x37, 0x77, 0x71, 0x06, 0xF8,
  0x16, 0x06, 0xF0, 0x77, 0x77, 0x71, 0x0A, 0xF8, 0x12, 0x01, 0xF0, 0xD7, 0x77, 0x70, 0x1F, 0x0D,
  0x30, 0xCF, 0x05, 0x77, 0x76, 0x08, 0xF0, 0x73, 0x06, 0xF0, 0xD7, 0x77, 0x50, 0x2F, 0x90, 0x24,
  0x0E, 0xF0, 0xA7, 0x77, 0x40, 0xCF, 0x0A, 0x50, 0x6F, 0x90, 0x77, 0x77, 0x20, 0x9F, 0x90, 0x26,
  0x0C, 0xF9, 0x07, 0x77, 0x70, 0x9F, 0x90, 0x87, 0x03, 0xFA, 0x0B, 0x03, 0x77, 0x30, 0x30, 0xCF,
  0x90, 0xD7, 0x20, 0x6F, 0xB0, 0xB0, 0x57, 0x60, 0x40, 0xBF, 0xA0, 0xE0, 0x27, 0x30, 0x8F, 0xD8,
  0x91, 0xC9, 0x75, 0x44, 0x45, 0x78, 0xBF, 0xD0, 0x47, 0x50, 0x8F, 0xFF, 0xFC, 0x0E, 0x03, 0x77,
  0x06, 0x0E, 0xFF, 0xFF, 0xA0, 0x37, 0x72, 0x02, 0x0B, 0xFF, 0xFF, 0x05, 0x77, 0x50, 0x50, 0xCF,
  0xFF, 0xC0, 0x77, 0x77, 0x18, 0x13, 0x9D, 0xFF, 0xF0, 0xA7, 0x77, 0x58, 0x52, 0x58, 0xAC, 0xEE,
  0xA8, 0x5E, 0xDD, 0xB9, 0x6D, 0xC0, 0xD8, 0x0C, 0x50, 0x07, 0xD0, 0x38, 0x0C, 0x40, 0x03, 0xD0,
  0x78, 0x0C, 0x50, 0x0D, 0xC0, 0xC8, 0x0C, 0x50, 0x07, 0xD0, 0x48, 0x0C, 0x50, 0x0E, 0xC0, 0xD8,
  0x0C, 0x50, 0x06, 0xD0, 0x78, 0x0C, 0x50, 0x0B, 0xD0, 0x48, 0x0C, 0x50, 0x0E, 0xD0, 0x28, 0x0C,
  0x40, 0x01, 0xE0, 0x18, 0x0C, 0x40, 0x01, 0xE0, 0x28, 0x0C, 0x50, 0xE0, 0x58, 0x0C, 0x50, 0x0E,
  0xD0, 0xC8, 0x0C, 0x50, 0x0A, 0xE0, 0xB0, 0x32, 0x81, 0x13, 0x67, 0x77, 0x76, 0x05, 0xFE, 0x01,
  0x77, 0x77, 0x60, 0xDF, 0xD0, 0x17, 0x77, 0x76, 0x03, 0x0E, 0xFC, 0x01, 0x77, 0x77, 0x70, 0x30,
  0xDF, 0xB0, 0x18, 0x0C, 0x10, 0x82, 0x49, 0xCE, 0xA8, 0x2E, 0xC9, 0x67,
  // "ų" (U+0173), RLE, 862 bytes saved (64.7%)
  0x03, 0xF0, 0x77, 0x77, 0x20, 0xBE, 0x81, 0xD0, 0x3F, 0x07, 0x77, 0x72, 0x0B, 0xE8, 0x1D, 0x03,
  0xF0, 0x77, 0x77, 0x20, 0xBE, 0x81, 0xD0, 0x3F, 0x07, 0x77, 0x72, 0x0B, 0xE8, 0x1D, 0x03, 0xF0,
  0x77, 0x77, 0x20, 0xBE, 0x81, 0xD0, 0x3F, 0x07, 0x77, 0x72, 0x0B, 0xE8, 0x1D, 0x03, 0xF0, 0x77,
  0x77, 0x20, 0xBE, 0x81, 0xD0, 0x3F, 0x07, 0x77, 0x72, 0x0B, 0xE8, 0x1D, 0x03, 0xF0, 0x77, 0x77,
  0x20, 0xBE, 0x81, 0xD0, 0x3F, 0x07, 0x77, 0x72, 0x0B, 0xE8, 0x1D, 0x03, 0xF0, 0x77, 0x77, 0x20,
  0xBE, 0x81, 0xD0, 0x3F, 0x07, 0x77, 0x72, 0x0B, 0xE8, 0x1D, 0x03, 0xF0, 0x77, 0x77, 0x20, 0xBE,
  0x81, 0xD0, 0x3F, 0x07, 0x77, 0x72, 0x0B, 0xE8, 0x1D, 0x03, 0xF0, 0x77, 0x77, 0x20, 0xBE, 0x81,
  0xD0, 0x3F, 0x07, 0x77, 0x72, 0x0B, 0xE8, 0x1D, 0x03, 0xF0, 0x77, 0x77, 0x20, 0xBE, 0x81, 0xD0,
  0x3F, 0x07, 0x77, 0x72, 0x0B, 0xE8, 0x1D, 0x03, 0xF0, 0x77, 0x77, 0x20, 0xBE, 0x81, 0xD0, 0x3F,
  0x07, 0x77, 0x72, 0x0B, 0xE8, 0x1D, 0x03, 0xF0, 0x77, 0x77, 0x20, 0xBE, 0x81, 0xD0, 0x3F, 0x07,
  0x77, 0x72, 0x0B, 0xE8, 0x1D, 0x03, 0xF0, 0x77, 0x77, 0x20, 0xBE, 0x81, 0xD0, 0x3F, 0x07, 0x77,
  0x72, 0x0B, 0xE8, 0x1D, 0x03, 0xF0, 0x77, 0x77, 0x20, 0xBE, 0x81, 0xD0, 0x3F, 0x07, 0x77, 0x72,
  0x0C, 0xE8, 0x1D, 0x03, 0xF0, 0x77, 0x77, 0x20, 0xDE, 0x81, 0xD0, 0x3F, 0x07, 0x77, 0x72, 0x0E,
  0xE8, 0x1D, 0x03, 0xF0, 0x77, 0x77, 0x2F, 0x81, 0xD0, 0x3F, 0x07, 0x77, 0x71, 0x03, 0xF8, 0x1D,
  0x03, 0xF0, 0x77, 0x77, 0x10, 0x5F, 0x81, 0xD0, 0x2F, 0x08, 0x77, 0x71, 0x09, 0xF8, 0x1D, 0x01,
  0xF0, 0xA7, 0x77, 0x10, 0xEF, 0x0D, 0x2F, 0x0D, 0x77, 0x70, 0x3F, 0x90, 0xD2, 0x0E, 0xF0, 0x17,
  0x76, 0x0A, 0xF9, 0x0D, 0x20, 0xBF, 0x07, 0x77, 0x50, 0x3F, 0xA0, 0xD2, 0x07, 0xF0, 0xE0, 0x17,
  0x74, 0x0B, 0xFA, 0x0D, 0x20, 0x3F, 0x90, 0xA7, 0x73, 0x09, 0xFB, 0x0D, 0x30, 0xDF, 0x90, 0x97,
  0x70, 0x10, 0xAF, 0xC0, 0xD3, 0x07, 0xFA, 0x0C, 0x04, 0x73, 0x81, 0x28, 0xEF, 0xD0, 0xD4, 0x0D,
  0xFB, 0x89, 0x0D, 0xA6, 0x54, 0x45, 0x79, 0xCF, 0x0C, 0x06, 0xE0, 0xD4, 0x04, 0xFF, 0xFD, 0x81,
  0xE2, 0x3E, 0x0D, 0x50, 0x7F, 0xFF, 0xB0, 0xE0, 0x32, 0xE0, 0xD6, 0x06, 0xFF, 0xF9, 0x0D, 0x03,
  0x30, 0xCD, 0x0D, 0x70, 0x30, 0xCF, 0xFC, 0x0E, 0x08, 0x50, 0x9D, 0x0D, 0x72, 0x04, 0x0B, 0xFF,
  0x81, 0xD7, 0x16, 0x0E, 0xD0, 0xD7, 0x48, 0x41, 0x58, 0xBD, 0xEA, 0x84, 0xEE, 0xC9, 0x62, 0x71,
  0x09, 0xC0, 0xE0, 0x27, 0x77, 0x75, 0x0A, 0xC0, 0xE0, 0x37, 0x77, 0x75, 0x0A, 0xD0, 0x37, 0x77,
  0x75, 0x08, 0xD0, 0x57, 0x77, 0x75, 0x04, 0xD0, 0x97, 0x77, 0x76, 0x0D, 0xC0, 0xD7, 0x77, 0x76,
  0x07, 0xD0, 0x67, 0x77, 0x76, 0x0D, 0xD7, 0x77, 0x76, 0x03, 0xD0, 0xC7, 0x77, 0x76, 0x06, 0xD0,
  0xA7, 0x77, 0x76, 0x08, 0xD0, 0xA7, 0x77, 0x76, 0x08, 0xD0, 0xC7, 0x77, 0x76, 0x06, 0xE0, 0x47,
  0x77, 0x75, 0x03, 0xE8, 0x1E, 0x62, 0x28, 0x12, 0x44, 0x77, 0x76, 0x0E, 0xFD, 0x09, 0x77, 0x76,
  0x06, 0xFD, 0x09, 0x77, 0x77, 0x0A, 0xFC, 0x09, 0x77, 0x77, 0x10, 0x8F, 0xB0, 0x97, 0x77, 0x72,
  0x89, 0x11, 0x7B, 0xDE, 0xFE, 0xDB, 0x83,
  // "Ŵ" (U+0174), RLE, 2260 bytes saved (71.5%)
  0x77, 0x77, 0x60, 0x4F, 0x0E, 0x01, 0x80, 0x98, 0x00, 0x0D, 0xF9, 0x0A, 0x80, 0xF7, 0x00, 0x9F,
  0xB0, 0x58, 0x0F, 0x50, 0x05, 0xFC, 0x0E, 0x02, 0x80, 0xF3, 0x00, 0x20, 0xEF, 0xD0, 0xC8, 0x0F,
  0x20, 0x01, 0x0D, 0xFF, 0x0B, 0x80, 0xF1, 0x00, 0xCF, 0x07, 0x0B, 0xF0, 0x88, 0x0E, 0x70, 0x09,
  0xF0, 0x62, 0x0B, 0xF0, 0x68, 0x0E, 0x50, 0x07, 0xF0, 0x54, 0x0B, 0xF0, 0x48, 0x0E, 0x30, 0x05,
  0xE0, 0xE0, 0x46, 0x09, 0xE0, 0xE0, 0x38, 0x0E, 0x10, 0x04, 0xE0, 0xE0, 0x37, 0x10, 0x7E, 0x0E,
  0x02, 0x80, 0xD7, 0x00, 0x30, 0xED, 0x0C, 0x01, 0x73, 0x05, 0x0E, 0xD0, 0xD0, 0x28, 0x0D, 0x50,
  0x02, 0x0E, 0xD0, 0x97, 0x60, 0x20, 0xCD, 0x0D, 0x01, 0x80, 0xD4, 0x00, 0x8C, 0x0E, 0x05, 0x77,
  0x20, 0x8D, 0x07, 0x80, 0xFD, 0x00, 0x0D, 0xF0, 0x37, 0x77, 0x40, 0x7F, 0x0D, 0x77, 0x75, 0x05,
  0xF0, 0xB0, 0x8F, 0x07, 0x77, 0x74, 0x0B, 0xF9, 0x02, 0x77, 0x74, 0x09, 0xF0, 0x70, 0x4F, 0x0B,
  0x77, 0x73, 0x01, 0xFA, 0x06, 0x77, 0x74, 0x0D, 0xF0, 0x21, 0xF9, 0x77, 0x73, 0x05, 0xFA, 0x0B,
  0x77, 0x73, 0x01, 0xF0, 0xE2, 0x0C, 0xF0, 0x47, 0x77, 0x20, 0x9F, 0xB0, 0x17, 0x77, 0x20, 0x5F,
  0x0A, 0x20, 0x7F, 0x08, 0x77, 0x72, 0x0E, 0xFB, 0x05, 0x77, 0x72, 0x09, 0xF0, 0x52, 0x03, 0xF0,
  0xB7, 0x77, 0x10, 0x3F, 0xC0, 0xA7, 0x77, 0x20, 0xDF, 0x01, 0x30, 0xEF, 0x77, 0x71, 0x08, 0xFC,
  0x0E, 0x77, 0x71, 0x01, 0xF0, 0xD4, 0x0B, 0xF0, 0x47, 0x77, 0x0C, 0xFD, 0x04, 0x77, 0x70, 0x5F,
  0x09, 0x40, 0x6F, 0x08, 0x77, 0x60, 0x1E, 0x0E, 0xE0, 0x87, 0x77, 0x09, 0xF0, 0x44, 0x02, 0xF0,
  0xC7, 0x76, 0x06, 0xE0, 0x9E, 0x0D, 0x77, 0x70, 0xDF, 0x60, 0xEF, 0x01, 0x77, 0x50, 0xAE, 0x04,
  0x0D, 0xE0, 0x27, 0x75, 0x02, 0xF0, 0xC6, 0x09, 0xF0, 0x47, 0x75, 0x0E, 0xE0, 0x10, 0xAE, 0x07,
  0x77, 0x50, 0x6F, 0x07, 0x60, 0x5F, 0x08, 0x77, 0x40, 0x4E, 0x81, 0xD0, 0x6E, 0x0C, 0x77, 0x50,
  0xAF, 0x03, 0x60, 0x1F, 0x0C, 0x77, 0x40, 0x8E, 0x81, 0x90, 0x2F, 0x01, 0x77, 0x40, 0xEE, 0x0E,
  0x71, 0x0D, 0xF0, 0x17, 0x73, 0x0D, 0xE0, 0x62, 0x0D, 0xE0, 0x67, 0x73, 0x02, 0xF0, 0xA7, 0x10,
  0x8F, 0x05, 0x77, 0x20, 0x2F, 0x02, 0x20, 0x9E, 0x0A, 0x77, 0x30, 0x6F, 0x06, 0x71, 0x04, 0xF0,
  0x97, 0x72, 0x07, 0xE0, 0xD3, 0x05, 0xE0, 0xE7, 0x73, 0x0A, 0xF0, 0x27, 0x2F, 0x0D, 0x77, 0x20,
  0xBE, 0x09, 0x30, 0x1F, 0x04, 0x77, 0x20, 0xEE, 0x0D, 0x73, 0x0C, 0xF0, 0x17, 0x71, 0xF0, 0x54,
  0x0C, 0xE0, 0x97, 0x71, 0x02, 0xF0, 0x97, 0x30, 0x7F, 0x05, 0x77, 0x05, 0xF5, 0x07, 0xE0, 0xD7,
  0x71, 0x06, 0xF0, 0x57, 0x30, 0x3F, 0x09, 0x77, 0x09, 0xE0, 0xB5, 0x03, 0xF0, 0x37, 0x70, 0xAF,
  0x01, 0x74, 0x0E, 0xE0, 0xD7, 0x70, 0xEE, 0x07, 0x60, 0xEE, 0x07, 0x77, 0x0E, 0xE0, 0xC7, 0x50,
  0xBF, 0x01, 0x75, 0x03, 0xF0, 0x26, 0x09, 0xE0, 0xC7, 0x60, 0x3F, 0x08, 0x75, 0x06, 0xF0, 0x57,
  0x50, 0x7E, 0x0D, 0x70, 0x4F, 0x01, 0x75, 0x07, 0xF0, 0x47, 0x50, 0x2F, 0x09, 0x75, 0x0C, 0xE0,
  0x87, 0x1F, 0x06, 0x75, 0x0B, 0xF7, 0x70, 0xEE, 0x0D, 0x74, 0x01, 0xF0, 0x47, 0x10, 0xBE, 0x0B,
  0x75, 0x0E, 0xE0, 0xB7, 0x70, 0xAF, 0x02, 0x73, 0x05, 0xE0, 0xE7, 0x20, 0x6F, 0x74, 0x03, 0xF0,
  0x77, 0x70, 0x5F, 0x06, 0x73, 0x0A, 0xE0, 0xA7, 0x20, 0x1F, 0x05, 0x73, 0x07, 0xF0, 0x37, 0x70,
  0x1F, 0x0A, 0x73, 0x0E, 0xE0, 0x67, 0x30, 0xCE, 0x09, 0x73, 0x0B, 0xE0, 0xE7, 0x72, 0x0D, 0xE0,
  0xE7, 0x20, 0x4F, 0x01, 0x73, 0x07, 0xE0, 0xE7, 0x30, 0xEE, 0x0A, 0x77, 0x20, 0x9F, 0x02, 0x71,
  0x08, 0xE0, 0xC7, 0x40, 0x3F, 0x03, 0x71, 0x03, 0xF0, 0x67, 0x72, 0x04, 0xF0, 0x67, 0x10, 0xDE,
  0x07, 0x75, 0x0D, 0xE0, 0x87, 0x10, 0x7F, 0x02, 0x77, 0x3F, 0x0A, 0x70, 0x2F, 0x03, 0x75, 0x09,
  0xE0, 0xD7, 0x10, 0xBE, 0x0D, 0x77, 0x40, 0xCE, 0x0E, 0x70, 0x6E, 0x0E, 0x76, 0x04, 0xF0, 0x27,
  0xF0, 0x97, 0x74, 0x07, 0xF0, 0x36, 0x0B, 0xE0, 0x97, 0x70, 0xEE, 0x07, 0x60, 0x3F, 0x05, 0x77,
  0x40, 0x3F, 0x06, 0x6F, 0x05, 0x77, 0x0A, 0xE0, 0xB6, 0x07, 0xF0, 0x17, 0x75, 0x0E, 0xE0, 0xA5,
  0x04, 0xF7, 0x71, 0x06, 0xF0, 0x15, 0x0B, 0xE0, 0xC7, 0x76, 0x0B, 0xE0, 0xE5, 0x09, 0xE0, 0xB7,
  0x71, 0x01, 0xF0, 0x55, 0xF0, 0x87, 0x76, 0x07, 0xF0, 0x34, 0x0D, 0xE0, 0x67, 0x72, 0x0C, 0xE0,
  0x94, 0x03, 0xF0, 0x47, 0x76, 0x02, 0xF0, 0x63, 0x02, 0xF0, 0x27, 0x72, 0x07, 0xE0, 0xE4, 0x07,
  0xF7, 0x77, 0x10, 0xEE, 0x0A, 0x30, 0x6E, 0x0D, 0x77, 0x30, 0x2F, 0x02, 0x30, 0xBE, 0x0B, 0x77,
  0x71, 0x0A, 0xE0, 0xD3, 0x09, 0xE0, 0x87, 0x74, 0x0D, 0xE0, 0x63, 0x0E, 0xE0, 0x77, 0x77, 0x10,
  0x5F, 0x01, 0x20, 0xDE, 0x04, 0x77, 0x40, 0x9E, 0x0A, 0x20, 0x2F, 0x03, 0x77, 0x71, 0x01, 0xF8,
  0x15, 0x01, 0xE0, 0xE7, 0x75, 0x04, 0xE0, 0xD2, 0x06, 0xE0, 0xE7, 0x77, 0x30, 0xDE, 0x81, 0x80,
  0x4E, 0x0A, 0x77, 0x60, 0xEE, 0x81, 0x10, 0x9E, 0x0A, 0x77, 0x73, 0x09, 0xE8, 0x1B, 0x07, 0xE0,
  0x57, 0x76, 0x0A, 0xE8, 0x15, 0x0C, 0xE0, 0x67, 0x77, 0x30, 0x4E, 0x81, 0xD0, 0xAE, 0x01, 0x77,
  0x60, 0x5E, 0x08, 0x1F, 0x02, 0x77, 0x73, 0x01, 0xF0, 0x10, 0xDD, 0x0C, 0x77, 0x70, 0x1E, 0x0B,
  0x02, 0xE0, 0xD7, 0x77, 0x50, 0xCE, 0x04, 0xE0, 0x77, 0x77, 0x10, 0xBD, 0x0E, 0x05, 0xE0, 0x97,
  0x77, 0x50, 0x8E, 0x09, 0xE0, 0x37, 0x77, 0x10, 0x7E, 0x08, 0xE0, 0x57, 0x77, 0x50, 0x3E, 0x0D,
  0xD0, 0xD7, 0x77, 0x20, 0x2E, 0x0D, 0xE0, 0x17, 0x77, 0x60, 0xEF, 0xC0, 0x97, 0x77, 0x30, 0xDF,
  0xC0, 0xC7, 0x77, 0x70, 0xBF, 0xC0, 0x47, 0x77, 0x30, 0x8F, 0xC0, 0x87, 0x77, 0x70, 0x7F, 0xC7,
  0x77, 0x40, 0x4F, 0xC0, 0x37, 0x77, 0x70, 0x2F, 0xB0, 0xB7, 0x77, 0x50, 0xEF, 0xA0, 0xE7, 0x77,
  0x72, 0x0E, 0xFA, 0x06, 0x77, 0x75, 0x0A, 0xFA, 0x0B, 0x77, 0x77, 0x20, 0xAF, 0xA0, 0x27, 0x77,
  0x50, 0x5F, 0xA0, 0x77, 0x77, 0x72, 0x06, 0xF9, 0x0D, 0x77, 0x76, 0x01, 0xFA, 0x02, 0x77, 0x77,
  0x20, 0x1F, 0x90, 0x87, 0x77, 0x70, 0xBF, 0x0E, 0x77, 0x77, 0x40, 0xDF, 0x03, 0x77, 0x77, 0x07,
  0xF0, 0xA7, 0x72,
  // "ŵ" (U+0175), RLE, 1510 bytes saved (69.3%)
  0x77, 0x77, 0x04, 0xF0, 0xE0, 0x18, 0x0E, 0x40, 0x0D, 0xF9, 0x0A, 0x80, 0xE3, 0x00, 0x9F, 0xB0,
  0x58, 0x0E, 0x10, 0x05, 0xFC, 0x0E, 0x02, 0x80, 0xD7, 0x00, 0x20, 0xEF, 0xD0, 0xC8, 0x0D, 0x60,
  0x01, 0x0D, 0xFF, 0x0B, 0x80, 0xD5, 0x00, 0xCF, 0x07, 0x0B, 0xF0, 0x88, 0x0D, 0x30, 0x09, 0xF0,
  0x62, 0x0B, 0xF0, 0x68, 0x0D, 0x10, 0x07, 0xF0, 0x54, 0x0B, 0xF0, 0x48, 0x0C, 0x70, 0x05, 0xE0,
  0xE0, 0x46, 0x09, 0xE0, 0xE0, 0x38, 0x0C, 0x50, 0x04, 0xE0, 0xE0, 0x37, 0x10, 0x7E, 0x0E, 0x02,
  0x80, 0xC3, 0x00, 0x30, 0xED, 0x0C, 0x01, 0x73, 0x05, 0x0E, 0xD0, 0xD0, 0x28, 0x0C, 0x10, 0x02,
  0x0E, 0xD0, 0x97, 0x60, 0x20, 0xCD, 0x0D, 0x01, 0x80, 0xC0, 0x00, 0x8C, 0x0E, 0x05, 0x77, 0x20,
  0x8D, 0x07, 0x80, 0xEB, 0x20, 0x0E, 0xE0, 0xD7, 0x76, 0x06, 0xF9, 0x02, 0x77, 0x50, 0x3F, 0x07,
  0x09, 0xF0, 0x27, 0x75, 0x0B, 0xF9, 0x07, 0x77, 0x50, 0x7F, 0x03, 0x05, 0xF0, 0x67, 0x75, 0xFA,
  0x0C, 0x77, 0x50, 0xBE, 0x81, 0xE0, 0x1F, 0x0A, 0x77, 0x40, 0x5F, 0xB0, 0x17, 0x74, 0xF0, 0xA2,
  0x0C, 0xE0, 0xE7, 0x74, 0x0A, 0xFB, 0x05, 0x77, 0x30, 0x4F, 0x06, 0x20, 0x8F, 0x02, 0x77, 0x30,
  0xEF, 0xB0, 0xA7, 0x73, 0x08, 0xF0, 0x12, 0x04, 0xF0, 0x67, 0x72, 0x04, 0xFC, 0x0E, 0x77, 0x30,
  0xCE, 0x0D, 0x40, 0xEE, 0x0A, 0x77, 0x20, 0x9F, 0xD0, 0x47, 0x71, 0x01, 0xF0, 0x84, 0x0B, 0xE0,
  0xE7, 0x72, 0x0E, 0xD0, 0xBE, 0x09, 0x77, 0x10, 0x5F, 0x04, 0x40, 0x6F, 0x03, 0x77, 0x03, 0xE0,
  0x50, 0xDD, 0x0D, 0x77, 0x10, 0x9F, 0x50, 0x2F, 0x07, 0x77, 0x08, 0xE0, 0x10, 0x9E, 0x03, 0x77,
  0x0D, 0xE0, 0xB6, 0x0D, 0xE0, 0xB7, 0x70, 0xDD, 0x81, 0xD0, 0x5E, 0x07, 0x76, 0x01, 0xF0, 0x76,
  0x09, 0xF7, 0x60, 0x2E, 0x81, 0xA0, 0x2E, 0x0C, 0x76, 0x05, 0xF0, 0x26, 0x05, 0xF0, 0x47, 0x50,
  0x7E, 0x06, 0x20, 0xDE, 0x01, 0x75, 0x09, 0xE0, 0xD7, 0x01, 0xF0, 0x87, 0x50, 0xCE, 0x02, 0x20,
  0x9E, 0x06, 0x75, 0x0D, 0xE0, 0x97, 0x10, 0xCE, 0x0C, 0x74, 0x01, 0xE0, 0xE3, 0x05, 0xE0, 0xB7,
  0x40, 0x2F, 0x05, 0x71, 0x08, 0xF7, 0x40, 0x6E, 0x0A, 0x30, 0x1F, 0x74, 0x06, 0xF0, 0x17, 0x10,
  0x3F, 0x04, 0x73, 0x0B, 0xE0, 0x54, 0x0C, 0xE0, 0x57, 0x30, 0xAE, 0x0C, 0x73, 0x0E, 0xE0, 0x87,
  0x20, 0x1F, 0x01, 0x40, 0x8E, 0x09, 0x73, 0x0E, 0xE0, 0x77, 0x30, 0xAE, 0x0C, 0x72, 0x05, 0xE0,
  0xB5, 0x03, 0xE0, 0xE7, 0x20, 0x3F, 0x03, 0x73, 0x06, 0xF0, 0x17, 0x10, 0xAE, 0x06, 0x60, 0xEE,
  0x03, 0x71, 0x07, 0xE0, 0xE7, 0x40, 0x2F, 0x05, 0x71, 0x0E, 0xE0, 0x16, 0x09, 0xE0, 0x87, 0x10,
  0xBE, 0x0A, 0x75, 0x0D, 0xE0, 0x97, 0x04, 0xE0, 0xC7, 0x04, 0xE0, 0xD7, 0x10, 0xEE, 0x06, 0x75,
  0x09, 0xE0, 0xD7, 0x09, 0xE0, 0x77, 0x10, 0xEE, 0x02, 0x60, 0x3F, 0x01, 0x75, 0x04, 0xF0, 0x16,
  0x0E, 0xE0, 0x27, 0x10, 0xAE, 0x07, 0x60, 0x7E, 0x0C, 0x77, 0xF0, 0x55, 0x03, 0xE0, 0xC7, 0x20,
  0x5E, 0x0B, 0x60, 0xBE, 0x08, 0x77, 0x0B, 0xE0, 0x95, 0x08, 0xE0, 0x77, 0x20, 0x1F, 0x01, 0x5F,
  0x04, 0x77, 0x07, 0xE0, 0xC5, 0x0D, 0xE0, 0x27, 0x30, 0xBE, 0x05, 0x40, 0x4E, 0x0E, 0x77, 0x10,
  0x3F, 0x01, 0x30, 0x2E, 0x0D, 0x74, 0x06, 0xE0, 0xA4, 0x08, 0xE0, 0xB7, 0x72, 0x0E, 0xE0, 0x43,
  0x06, 0xE0, 0x87, 0x40, 0x1E, 0x0E, 0x40, 0xBE, 0x06, 0x77, 0x20, 0xAE, 0x08, 0x30, 0xAE, 0x03,
  0x75, 0x0C, 0xE0, 0x33, 0xF0, 0x27, 0x72, 0x06, 0xE0, 0xC3, 0x0E, 0xD0, 0xD7, 0x60, 0x7E, 0x08,
  0x20, 0x4E, 0x0D, 0x77, 0x30, 0x1F, 0x20, 0x2E, 0x08, 0x76, 0x03, 0xE0, 0xC2, 0x07, 0xE0, 0x97,
  0x74, 0x0D, 0xE8, 0x13, 0x06, 0xE0, 0x37, 0x70, 0xDE, 0x20, 0xBE, 0x05, 0x77, 0x40, 0x8E, 0x81,
  0x70, 0x9D, 0x0D, 0x77, 0x10, 0x9E, 0x81, 0x40, 0xEE, 0x77, 0x50, 0x4E, 0x81, 0xA0, 0xDD, 0x09,
  0x77, 0x10, 0x4E, 0x07, 0x02, 0xE0, 0xB7, 0x76, 0xE0, 0xC0, 0x1E, 0x04, 0x77, 0x20, 0xED, 0x0A,
  0x05, 0xE0, 0x77, 0x76, 0x0B, 0xE0, 0x5D, 0x0E, 0x77, 0x30, 0xAD, 0x0D, 0x08, 0xE0, 0x37, 0x76,
  0x07, 0xE0, 0xDD, 0x09, 0x77, 0x30, 0x5E, 0x0D, 0xD0, 0xE7, 0x77, 0x03, 0xFD, 0x04, 0x77, 0x4F,
  0xD0, 0xA7, 0x77, 0x10, 0xEF, 0xB0, 0xE7, 0x75, 0x0B, 0xFC, 0x05, 0x77, 0x71, 0x0A, 0xFB, 0x09,
  0x77, 0x50, 0x6F, 0xC0, 0x17, 0x77, 0x10, 0x5F, 0xB0, 0x47, 0x75, 0x01, 0xFB, 0x0C, 0x77, 0x72,
  0x01, 0xFA, 0x0E, 0x77, 0x70, 0xCF, 0xA0, 0x87, 0x77, 0x30, 0xCF, 0x90, 0xA7, 0x77, 0x07, 0xFA,
  0x04, 0x77, 0x73, 0x08, 0xF9, 0x05, 0x77, 0x70, 0x2F, 0x90, 0xE7, 0x60,
  // "Ŷ" (U+0176), RLE, 1471 bytes saved (74.1%)
  0x77, 0x60, 0x4F, 0x0E, 0x01, 0x80, 0xC3, 0x00, 0xDF, 0x90, 0xA8, 0x0C, 0x20, 0x09, 0xFB, 0x05,
  0x80, 0xC0, 0x00, 0x5F, 0xC0, 0xE0, 0x27, 0x77, 0x76, 0x02, 0x0E, 0xFD, 0x0C, 0x77, 0x77, 0x50,
  0x10, 0xDF, 0xF0, 0xB7, 0x77, 0x74, 0x0C, 0xF0, 0x70, 0xBF, 0x08, 0x77, 0x77, 0x20, 0x9F, 0x06,
  0x20, 0xBF, 0x06, 0x77, 0x77, 0x07, 0xF0, 0x54, 0x0B, 0xF0, 0x47, 0x77, 0x50, 0x5E, 0x0E, 0x04,
  0x60, 0x9E, 0x0E, 0x03, 0x77, 0x73, 0x04, 0xE0, 0xE0, 0x37, 0x10, 0x7E, 0x0E, 0x02, 0x77, 0x71,
  0x03, 0x0E, 0xD0, 0xC0, 0x17, 0x30, 0x50, 0xED, 0x0D, 0x02, 0x77, 0x60, 0x20, 0xED, 0x09, 0x76,
  0x02, 0x0C, 0xD0, 0xD0, 0x17, 0x75, 0x08, 0xC0, 0xE0, 0x57, 0x72, 0x08, 0xD0, 0x78, 0x0C, 0xD3,
  0x00, 0xBF, 0x0A, 0x77, 0x77, 0x30, 0xDF, 0x06, 0x03, 0xF9, 0x03, 0x77, 0x77, 0x10, 0x7F, 0x0D,
  0x20, 0xAF, 0x0B, 0x77, 0x77, 0x01, 0x0E, 0xF0, 0x42, 0x02, 0xF9, 0x04, 0x77, 0x76, 0x08, 0xF0,
  0xB4, 0x08, 0xF0, 0xC7, 0x77, 0x50, 0x10, 0xEF, 0x03, 0x40, 0x10, 0xEF, 0x05, 0x77, 0x74, 0x09,
  0xF0, 0xA6, 0x07, 0xF0, 0xD7, 0x77, 0x30, 0x2F, 0x90, 0x27, 0x0E, 0xF0, 0x57, 0x77, 0x20, 0xAF,
  0x09, 0x71, 0x06, 0xF0, 0xD7, 0x77, 0x10, 0x2F, 0x0E, 0x01, 0x72, 0x0D, 0xF0, 0x67, 0x77, 0x0A,
  0xF0, 0x77, 0x30, 0x5F, 0x0E, 0x77, 0x60, 0x3F, 0x0D, 0x75, 0x0C, 0xF0, 0x77, 0x75, 0x0B, 0xF0,
  0x67, 0x50, 0x3F, 0x0E, 0x01, 0x77, 0x30, 0x4F, 0x0D, 0x77, 0x0A, 0xF0, 0x87, 0x73, 0x0C, 0xF0,
  0x47, 0x70, 0x2F, 0x0E, 0x01, 0x77, 0x10, 0x5F, 0x0B, 0x77, 0x20, 0x9F, 0x09, 0x77, 0x10, 0xDF,
  0x03, 0x77, 0x20, 0x1F, 0x90, 0x27, 0x60, 0x6F, 0x0A, 0x77, 0x40, 0x8F, 0x0A, 0x76, 0x0D, 0xF0,
  0x27, 0x74, 0x01, 0x0E, 0xF0, 0x27, 0x40, 0x7F, 0x09, 0x77, 0x60, 0x7F, 0x0A, 0x73, 0x01, 0x0E,
  0xE0, 0xE0, 0x17, 0x77, 0x0D, 0xF0, 0x37, 0x20, 0x8F, 0x07, 0x77, 0x71, 0x05, 0xF0, 0xB7, 0x10,
  0x10, 0xEE, 0x0D, 0x77, 0x73, 0x0C, 0xF0, 0x47, 0x09, 0xF0, 0x67, 0x77, 0x30, 0x4F, 0x0C, 0x60,
  0x2F, 0x0D, 0x77, 0x75, 0x0B, 0xF0, 0x55, 0x0A, 0xF0, 0x47, 0x77, 0x50, 0x3F, 0x0D, 0x40, 0x2F,
  0x0B, 0x77, 0x77, 0x0A, 0xF0, 0x63, 0x0A, 0xF0, 0x37, 0x77, 0x70, 0x2F, 0x0D, 0x20, 0x3F, 0x0A,
  0x77, 0x77, 0x20, 0x9F, 0x81, 0x70, 0xBF, 0x02, 0x77, 0x77, 0x20, 0x10, 0xEE, 0x0E, 0x05, 0xF0,
  0x97, 0x77, 0x74, 0x07, 0xFF, 0x0E, 0x01, 0x77, 0x77, 0x50, 0xEF, 0xE0, 0x77, 0x77, 0x76, 0x06,
  0xFD, 0x0E, 0x80, 0xC0, 0x00, 0xDF, 0xC0, 0x68, 0x0C, 0x00, 0x05, 0xFB, 0x0D, 0x80, 0xC2, 0x00,
  0xCF, 0xA0, 0x48, 0x0C, 0x20, 0x04, 0xF9, 0x0B, 0x80, 0xC4, 0x00, 0xBF, 0x04, 0x80, 0xC4, 0x00,
  0x8F, 0x03, 0x80, 0xC4, 0x00, 0x8F, 0x03, 0x80, 0xC4, 0x00, 0x8F, 0x03, 0x80, 0xC4, 0x00, 0x8F,
  0x03, 0x80, 0xC4, 0x00, 0x8F, 0x03, 0x80, 0xC4, 0x00, 0x8F, 0x03, 0x80, 0xC4, 0x00, 0x8F, 0x03,
  0x80, 0xC4, 0x00, 0x8F, 0x03, 0x80, 0xC4, 0x00, 0x8F, 0x03, 0x80, 0xC4, 0x00, 0x8F, 0x03, 0x80,
  0xC4, 0x00, 0x8F, 0x03, 0x80, 0xC4, 0x00, 0x8F, 0x03, 0x80, 0xC4, 0x00, 0x8F, 0x03, 0x80, 0xC4,
  0x00, 0x8F, 0x03, 0x80, 0xC4, 0x00, 0x8F, 0x03, 0x80, 0xC4, 0x00, 0x8F, 0x03, 0x80, 0xC4, 0x00,
  0x8F, 0x03, 0x80, 0xC4, 0x00, 0x8F, 0x03, 0x80, 0xC4, 0x00, 0x8F, 0x03, 0x80, 0xC4, 0x00, 0x8F,
  0x03, 0x80, 0xC4, 0x00, 0x8F, 0x03, 0x80, 0xC4, 0x00, 0x8F, 0x03, 0x80, 0xC4, 0x00, 0x8F, 0x03,
  0x77, 0x60,
  // "ŷ" (U+0177), RLE, 1362 bytes saved (71.2%)
  0x77, 0x30, 0x4F, 0x0E, 0x01, 0x77, 0x77, 0x60, 0xDF, 0x90, 0xA7, 0x77, 0x75, 0x09, 0xFB, 0x05,
  0x77, 0x77, 0x30, 0x5F, 0xC0, 0xE0, 0x27, 0x77, 0x71, 0x02, 0x0E, 0xFD, 0x0C, 0x77, 0x77, 0x01,
  0x0D, 0xFF, 0x0B, 0x77, 0x76, 0x0C, 0xF0, 0x70, 0xBF, 0x08, 0x77, 0x74, 0x09, 0xF0, 0x62, 0x0B,
  0xF0, 0x67, 0x77, 0x20, 0x7F, 0x05, 0x40, 0xBF, 0x04, 0x77, 0x70, 0x5E, 0x0E, 0x04, 0x60, 0x9E,
  0x0E, 0x03, 0x77, 0x50, 0x4E, 0x0E, 0x03, 0x71, 0x07, 0xE0, 0xE0, 0x27, 0x73, 0x03, 0x0E, 0xD0,
  0xC0, 0x17, 0x30, 0x50, 0xED, 0x0D, 0x02, 0x77, 0x10, 0x20, 0xED, 0x09, 0x76, 0x02, 0x0C, 0xD0,
  0xD0, 0x17, 0x70, 0x8C, 0x0E, 0x05, 0x77, 0x20, 0x8D, 0x07, 0x80, 0xC9, 0x30, 0x0B, 0xF0, 0x57,
  0x77, 0x50, 0x7F, 0x0A, 0x04, 0xF0, 0xB7, 0x77, 0x50, 0xDF, 0x81, 0x40, 0xDF, 0x01, 0x77, 0x73,
  0x03, 0xF0, 0xD2, 0x07, 0xF0, 0x77, 0x77, 0x30, 0x8F, 0x08, 0x20, 0x1F, 0x0D, 0x77, 0x73, 0x0E,
  0xF0, 0x23, 0x0B, 0xF0, 0x37, 0x77, 0x10, 0x4F, 0x0C, 0x40, 0x4F, 0x09, 0x77, 0x71, 0x09, 0xF0,
  0x65, 0x0D, 0xE0, 0xE7, 0x77, 0x10, 0xEF, 0x01, 0x50, 0x7F, 0x05, 0x77, 0x60, 0x5F, 0x0A, 0x60,
  0x1F, 0x0B, 0x77, 0x60, 0xAF, 0x04, 0x70, 0xBF, 0x02, 0x77, 0x40, 0x1F, 0x0D, 0x71, 0x04, 0xF0,
  0x87, 0x74, 0x06, 0xF0, 0x87, 0x20, 0xDE, 0x0D, 0x77, 0x40, 0xCF, 0x02, 0x72, 0x07, 0xF0, 0x47,
  0x72, 0x02, 0xF0, 0xB7, 0x30, 0x1F, 0x0A, 0x77, 0x20, 0x7F, 0x06, 0x74, 0x0B, 0xF0, 0x17, 0x71,
  0x0D, 0xE0, 0xE7, 0x50, 0x4F, 0x06, 0x77, 0x03, 0xF0, 0x97, 0x60, 0xDE, 0x0C, 0x77, 0x08, 0xF0,
  0x47, 0x60, 0x8F, 0x02, 0x76, 0x0E, 0xE0, 0xD7, 0x70, 0x1F, 0x08, 0x75, 0x04, 0xF0, 0x77, 0x71,
  0x0B, 0xE0, 0xE7, 0x50, 0x9F, 0x02, 0x77, 0x10, 0x4F, 0x04, 0x74, 0x0E, 0xE0, 0xB7, 0x73, 0x0D,
  0xE0, 0xA7, 0x30, 0x5F, 0x05, 0x77, 0x30, 0x8F, 0x01, 0x72, 0x0A, 0xE0, 0xE7, 0x74, 0x01, 0xF0,
  0x67, 0x10, 0x1F, 0x09, 0x77, 0x50, 0xBE, 0x0C, 0x71, 0x06, 0xF0, 0x37, 0x75, 0x04, 0xF0, 0x27,
  0x0B, 0xE0, 0xD7, 0x77, 0x0D, 0xE0, 0x86, 0x01, 0xF0, 0x77, 0x77, 0x08, 0xE0, 0xE6, 0x06, 0xF0,
  0x17, 0x77, 0x01, 0xF0, 0x45, 0x0B, 0xE0, 0xB7, 0x77, 0x20, 0xBE, 0x09, 0x40, 0x1F, 0x05, 0x77,
  0x72, 0x05, 0xE0, 0xE4, 0x06, 0xE0, 0xE7, 0x77, 0x40, 0xEE, 0x04, 0x30, 0xBE, 0x09, 0x77, 0x74,
  0x08, 0xE0, 0x92, 0x01, 0xF0, 0x37, 0x77, 0x40, 0x1E, 0x0E, 0x20, 0x5E, 0x0D, 0x77, 0x76, 0x0B,
  0xE8, 0x13, 0x0A, 0xE0, 0x77, 0x77, 0x60, 0x5E, 0x81, 0x70, 0xEE, 0x01, 0x77, 0x77, 0x0E, 0xD0,
  0xA0, 0x4E, 0x0B, 0x77, 0x77, 0x10, 0x8D, 0x0E, 0x08, 0xE0, 0x57, 0x77, 0x71, 0x02, 0xFD, 0x0E,
  0x77, 0x77, 0x30, 0xBF, 0xC0, 0x97, 0x77, 0x73, 0x05, 0xFC, 0x03, 0x77, 0x77, 0x40, 0xEF, 0xA0,
  0xC7, 0x77, 0x75, 0x08, 0xFA, 0x07, 0x77, 0x77, 0x50, 0x2F, 0xA0, 0x17, 0x77, 0x76, 0x0B, 0xF0,
  0xA7, 0x77, 0x77, 0x06, 0xF0, 0x57, 0x77, 0x77, 0x0B, 0xE0, 0xE7, 0x77, 0x77, 0x02, 0xF0, 0x87,
  0x77, 0x77, 0x08, 0xF0, 0x37, 0x77, 0x77, 0x0E, 0xE0, 0xC7, 0x77, 0x77, 0x05, 0xF0, 0x67, 0x77,
  0x77, 0x0B, 0xF0, 0x17, 0x77, 0x76, 0x02, 0xF0, 0xA7, 0x77, 0x77, 0x09, 0xF0, 0x37, 0x77, 0x76,
  0x02, 0xF0, 0xC7, 0x77, 0x77, 0x0C, 0xF0, 0x57, 0x77, 0x76, 0x09, 0xF0, 0xC7, 0x77, 0x76, 0x09,
  0xF9, 0x04, 0x77, 0x77, 0x40, 0x30, 0xCF, 0x90, 0x97, 0x77, 0x38, 0x7A, 0x86, 0x54, 0x46, 0x8C,
  0xFA, 0x0D, 0x77, 0x74, 0xFF, 0xB0, 0xE0, 0x37, 0x77, 0x4F, 0xFB, 0x04, 0x77, 0x75, 0xFF, 0x90,
  0xE0, 0x57, 0x77, 0x6F, 0xF0, 0xD0, 0x27, 0x77, 0x7F, 0xD0, 0xD0, 0x67, 0x77, 0x72, 0x83, 0x69,
  0xCD, 0xEA, 0x83, 0xEC, 0xB7, 0x37, 0x77, 0x73,
  // "Ÿ" (U+0178), RLE, 1426 bytes saved (74.6%)
  0x76, 0x84, 0x4B, 0xFE, 0xA2, 0x73, 0x84, 0x3B, 0xEE, 0xA2, 0x77, 0x75, 0x05, 0xD0, 0xE0, 0x17,
  0x10, 0x3D, 0x0E, 0x02, 0x77, 0x74, 0x0D, 0xE0, 0x97, 0x10, 0xBE, 0x0A, 0x77, 0x73, 0x01, 0xF0,
  0xC7, 0x10, 0xEE, 0x0E, 0x77, 0x73, 0x02, 0xF0, 0xD7, 0x1F, 0x0E, 0x77, 0x73, 0x01, 0xF0, 0xC7,
  0x10, 0xEE, 0x0D, 0x77, 0x74, 0x0D, 0xE0, 0x87, 0x10, 0xAE, 0x09, 0x77, 0x74, 0x04, 0xD0, 0xD0,
  0x17, 0x10, 0x20, 0xEC, 0x0E, 0x02, 0x77, 0x75, 0x84, 0x3B, 0xFE, 0x91, 0x73, 0x84, 0x3B, 0xEE,
  0xA2, 0x80, 0xEA, 0x20, 0x0B, 0xF0, 0xA7, 0x77, 0x73, 0x0D, 0xF0, 0x60, 0x3F, 0x90, 0x37, 0x77,
  0x71, 0x07, 0xF0, 0xD2, 0x0A, 0xF0, 0xB7, 0x77, 0x70, 0x10, 0xEF, 0x04, 0x20, 0x2F, 0x90, 0x47,
  0x77, 0x60, 0x8F, 0x0B, 0x40, 0x8F, 0x0C, 0x77, 0x75, 0x01, 0x0E, 0xF0, 0x34, 0x01, 0x0E, 0xF0,
  0x57, 0x77, 0x40, 0x9F, 0x0A, 0x60, 0x7F, 0x0D, 0x77, 0x73, 0x02, 0xF9, 0x02, 0x70, 0xEF, 0x05,
  0x77, 0x72, 0x0A, 0xF0, 0x97, 0x10, 0x6F, 0x0D, 0x77, 0x71, 0x02, 0xF0, 0xE0, 0x17, 0x20, 0xDF,
  0x06, 0x77, 0x70, 0xAF, 0x07, 0x73, 0x05, 0xF0, 0xE7, 0x76, 0x03, 0xF0, 0xD7, 0x50, 0xCF, 0x07,
  0x77, 0x50, 0xBF, 0x06, 0x75, 0x03, 0xF0, 0xE0, 0x17, 0x73, 0x04, 0xF0, 0xD7, 0x70, 0xAF, 0x08,
  0x77, 0x30, 0xCF, 0x04, 0x77, 0x02, 0xF0, 0xE0, 0x17, 0x71, 0x05, 0xF0, 0xB7, 0x72, 0x09, 0xF0,
  0x97, 0x71, 0x0D, 0xF0, 0x37, 0x72, 0x01, 0xF9, 0x02, 0x76, 0x06, 0xF0, 0xA7, 0x74, 0x08, 0xF0,
  0xA7, 0x60, 0xDF, 0x02, 0x77, 0x40, 0x10, 0xEF, 0x02, 0x74, 0x07, 0xF0, 0x97, 0x76, 0x07, 0xF0,
  0xA7, 0x30, 0x10, 0xEE, 0x0E, 0x01, 0x77, 0x70, 0xDF, 0x03, 0x72, 0x08, 0xF0, 0x77, 0x77, 0x10,
  0x5F, 0x0B, 0x71, 0x01, 0x0E, 0xE0, 0xD7, 0x77, 0x30, 0xCF, 0x04, 0x70, 0x9F, 0x06, 0x77, 0x73,
  0x04, 0xF0, 0xC6, 0x02, 0xF0, 0xD7, 0x77, 0x50, 0xBF, 0x05, 0x50, 0xAF, 0x04, 0x77, 0x75, 0x03,
  0xF0, 0xD4, 0x02, 0xF0, 0xB7, 0x77, 0x70, 0xAF, 0x06, 0x30, 0xAF, 0x03, 0x77, 0x77, 0x02, 0xF0,
  0xD2, 0x03, 0xF0, 0xA7, 0x77, 0x72, 0x09, 0xF8, 0x17, 0x0B, 0xF0, 0x27, 0x77, 0x72, 0x01, 0x0E,
  0xE0, 0xE0, 0x5F, 0x09, 0x77, 0x77, 0x40, 0x7F, 0xF0, 0xE0, 0x17, 0x77, 0x75, 0x0E, 0xFE, 0x07,
  0x77, 0x77, 0x60, 0x6F, 0xD0, 0xE8, 0x0C, 0x00, 0x0D, 0xFC, 0x06, 0x80, 0xC0, 0x00, 0x5F, 0xB0,
  0xD8, 0x0C, 0x20, 0x0C, 0xFA, 0x04, 0x80, 0xC2, 0x00, 0x4F, 0x90, 0xB8, 0x0C, 0x40, 0x0B, 0xF0,
  0x48, 0x0C, 0x40, 0x08, 0xF0, 0x38, 0x0C, 0x40, 0x08, 0xF0, 0x38, 0x0C, 0x40, 0x08, 0xF0, 0x38,
  0x0C, 0x40, 0x08, 0xF0, 0x38, 0x0C, 0x40, 0x08, 0xF0, 0x38, 0x0C, 0x40, 0x08, 0xF0, 0x38, 0x0C,
  0x40, 0x08, 0xF0, 0x38, 0x0C, 0x40, 0x08, 0xF0, 0x38, 0x0C, 0x40, 0x08, 0xF0, 0x38, 0x0C, 0x40,
  0x08, 0xF0, 0x38, 0x0C, 0x40, 0x08, 0xF0, 0x38, 0x0C, 0x40, 0x08, 0xF0, 0x38, 0x0C, 0x40, 0x08,
  0xF0, 0x38, 0x0C, 0x40, 0x08, 0xF0, 0x38, 0x0C, 0x40, 0x08, 0xF0, 0x38, 0x0C, 0x40, 0x08, 0xF0,
  0x38, 0x0C, 0x40, 0x08, 0xF0, 0x38, 0x0C, 0x40, 0x08, 0xF0, 0x38, 0x0C, 0x40, 0x08, 0xF0, 0x38,
  0x0C, 0x40, 0x08, 0xF0, 0x38, 0x0C, 0x40, 0x08, 0xF0, 0x38, 0x0C, 0x40, 0x08, 0xF0, 0x38, 0x0C,
  0x40, 0x08, 0xF0, 0x37, 0x76,
  // "Ź" (U+0179), RLE, 1331 bytes saved (76.4%)
  0x77, 0x73, 0x0A, 0xF9, 0x0B, 0x77, 0x77, 0x40, 0x3F, 0xA0, 0x47, 0x77, 0x74, 0x0B, 0xF9, 0x08,
  0x77, 0x77, 0x40, 0x5F, 0x90, 0xB7, 0x77, 0x75, 0x0D, 0xF0, 0xD0, 0x17, 0x77, 0x74, 0x08, 0xF0,
  0xE0, 0x27, 0x77, 0x74, 0x03, 0xF0, 0xE0, 0x37, 0x77, 0x75, 0x0C, 0xF0, 0x47, 0x77, 0x75, 0x06,
  0xF0, 0x57, 0x77, 0x75, 0x02, 0x0E, 0xE0, 0x57, 0x77, 0x76, 0x0B, 0xE0, 0x57, 0x77, 0x76, 0x07,
  0xE0, 0x57, 0x77, 0x76, 0x03, 0xD0, 0xE0, 0x47, 0x77, 0x77, 0x08, 0xC0, 0xD0, 0x28, 0x0C, 0xA3,
  0x00, 0xA8, 0x0C, 0x4F, 0x20, 0xA8, 0x0C, 0x4F, 0x20, 0xA8, 0x0C, 0x4F, 0x20, 0xA8, 0x0C, 0x4F,
  0x20, 0xA8, 0x0C, 0x4F, 0x20, 0xA8, 0x0C, 0x3F, 0x0D, 0x20, 0x38, 0x0B, 0x24, 0x0B, 0xF9, 0x03,
  0x77, 0x77, 0x40, 0x3F, 0x90, 0x87, 0x77, 0x75, 0x0C, 0xF0, 0xD7, 0x77, 0x75, 0x07, 0xF9, 0x04,
  0x77, 0x77, 0x40, 0x2F, 0x90, 0x97, 0x77, 0x75, 0x0C, 0xF0, 0xD7, 0x77, 0x75, 0x07, 0xF9, 0x04,
  0x77, 0x77, 0x40, 0x2F, 0x90, 0x97, 0x77, 0x75, 0x0B, 0xF0, 0xE0, 0x17, 0x77, 0x74, 0x06, 0xF9,
  0x05, 0x77, 0x77, 0x40, 0x10, 0xEF, 0x0A, 0x77, 0x77, 0x50, 0xBF, 0x0E, 0x01, 0x77, 0x77, 0x40,
  0x6F, 0x90, 0x57, 0x77, 0x74, 0x01, 0x0E, 0xF0, 0xB7, 0x77, 0x75, 0x0A, 0xF0, 0xE0, 0x17, 0x77,
  0x74, 0x05, 0xF9, 0x06, 0x77, 0x77, 0x40, 0x10, 0xEF, 0x0B, 0x77, 0x77, 0x50, 0xAF, 0x0E, 0x02,
  0x77, 0x77, 0x40, 0x4F, 0x90, 0x67, 0x77, 0x74, 0x01, 0x0D, 0xF0, 0xB7, 0x77, 0x75, 0x09, 0xF9,
  0x02, 0x77, 0x77, 0x40, 0x4F, 0x90, 0x77, 0x77, 0x75, 0x0D, 0xF0, 0xC7, 0x77, 0x75, 0x09, 0xF9,
  0x02, 0x77, 0x77, 0x40, 0x3F, 0x90, 0x77, 0x77, 0x75, 0x0D, 0xF0, 0xC7, 0x77, 0x75, 0x08, 0xF9,
  0x03, 0x77, 0x77, 0x40, 0x3F, 0x90, 0x87, 0x77, 0x75, 0x0C, 0xF0, 0xD7, 0x77, 0x75, 0x07, 0xF9,
  0x03, 0x77, 0x77, 0x40, 0x2F, 0x90, 0x87, 0x77, 0x75, 0x0C, 0xF0, 0xD7, 0x77, 0x75, 0x07, 0xF9,
  0x04, 0x77, 0x77, 0x40, 0x2F, 0x90, 0x97, 0x77, 0x75, 0x0C, 0xF0, 0xD7, 0x77, 0x75, 0x06, 0xF9,
  0x04, 0x77, 0x77, 0x40, 0x20, 0xEF, 0x09, 0x77, 0x77, 0x50, 0xBF, 0x0E, 0x01, 0x77, 0x77, 0x40,
  0x6F, 0x90, 0x57, 0x77, 0x74, 0x01, 0x0E, 0xF0, 0xA7, 0x77, 0x75, 0x0B, 0xF0, 0xE0, 0x17, 0x77,
  0x74, 0x05, 0xF9, 0x05, 0x77, 0x77, 0x40, 0x10, 0xEF, 0x0B, 0x77, 0x77, 0x50, 0xAF, 0x0E, 0x01,
  0x77, 0x77, 0x40, 0x5F, 0x90, 0x67, 0x77, 0x74, 0x01, 0x0E, 0xF0, 0xB7, 0x77, 0x75, 0x09, 0xF0,
  0xE0, 0x27, 0x77, 0x74, 0x04, 0xF9, 0x06, 0x77, 0x77, 0x50, 0xDF, 0x0D, 0x80, 0xB4, 0x40, 0x30,
  0x88, 0x0C, 0x5F, 0x0D, 0x0B, 0x80, 0xC5, 0xF0, 0xD0, 0xB8, 0x0C, 0x5F, 0x0D, 0x0B, 0x80, 0xC5,
  0xF0, 0xD0, 0xB8, 0x0C, 0x5F, 0x0D, 0x0B, 0x80, 0xC5, 0xF0, 0xD0,
  // "ź" (U+017A), RLE, 855 bytes saved (74.0%)
  0x77, 0x60, 0xAF, 0x90, 0xB7, 0x77, 0x30, 0x3F, 0xA0, 0x47, 0x77, 0x30, 0xBF, 0x90, 0x87, 0x77,
  0x30, 0x5F, 0x90, 0xB7, 0x77, 0x40, 0xDF, 0x0D, 0x01, 0x77, 0x73, 0x08, 0xF0, 0xE0, 0x27, 0x77,
  0x30, 0x3F, 0x0E, 0x03, 0x77, 0x74, 0x0C, 0xF0, 0x47, 0x77, 0x40, 0x6F, 0x05, 0x77, 0x74, 0x02,
  0x0E, 0xE0, 0x57, 0x77, 0x50, 0xBE, 0x05, 0x77, 0x75, 0x07, 0xE0, 0x57, 0x77, 0x50, 0x3D, 0x0E,
  0x04, 0x77, 0x76, 0x08, 0xC0, 0xD0, 0x28, 0x0B, 0xB7, 0x00, 0x2F, 0xFF, 0xFB, 0x07, 0x20, 0x2F,
  0xFF, 0xFB, 0x07, 0x20, 0x2F, 0xFF, 0xFB, 0x07, 0x20, 0x2F, 0xFF, 0xFB, 0x07, 0x20, 0x2F, 0xFF,
  0xFB, 0x07, 0x20, 0x2F, 0xFF, 0xFB, 0x07, 0x38, 0x0A, 0x24, 0x06, 0xF9, 0x03, 0x77, 0x74, 0x0B,
  0xF0, 0x67, 0x77, 0x40, 0x7F, 0x0B, 0x77, 0x74, 0x03, 0xF0, 0xE0, 0x17, 0x77, 0x40, 0xDF, 0x04,
  0x77, 0x74, 0x09, 0xF0, 0x87, 0x77, 0x40, 0x5F, 0x0C, 0x77, 0x74, 0x01, 0x0E, 0xE0, 0xE0, 0x27,
  0x77, 0x40, 0xBF, 0x05, 0x77, 0x74, 0x07, 0xF0, 0x97, 0x77, 0x40, 0x3F, 0x0D, 0x77, 0x74, 0x01,
  0x0D, 0xF0, 0x37, 0x77, 0x40, 0xAF, 0x07, 0x77, 0x74, 0x06, 0xF0, 0xB7, 0x77, 0x40, 0x20, 0xEE,
  0x0E, 0x01, 0x77, 0x74, 0x0C, 0xF0, 0x47, 0x77, 0x40, 0x8F, 0x08, 0x77, 0x74, 0x04, 0xF0, 0xC7,
  0x77, 0x40, 0x10, 0xDE, 0x0E, 0x02, 0x77, 0x74, 0x0A, 0xF0, 0x57, 0x77, 0x40, 0x6F, 0x0A, 0x77,
  0x74, 0x02, 0xF0, 0xD7, 0x77, 0x50, 0xCF, 0x03, 0x77, 0x74, 0x09, 0xF0, 0x77, 0x77, 0x40, 0x4F,
  0x0B, 0x77, 0x74, 0x01, 0x0E, 0xE0, 0xE0, 0x17, 0x77, 0x40, 0xBF, 0x04, 0x77, 0x74, 0x07, 0xF0,
  0x87, 0x77, 0x40, 0x3F, 0x0C, 0x77, 0x75, 0x0D, 0xE0, 0xE0, 0x27, 0x77, 0x40, 0x9F, 0x05, 0x77,
  0x74, 0x05, 0xF0, 0xA7, 0x77, 0x40, 0x10, 0xEE, 0x0D, 0x77, 0x75, 0x0B, 0xF0, 0x78, 0x0A, 0x44,
  0x10, 0x7F, 0xFF, 0xFD, 0x01, 0x09, 0xFF, 0xFF, 0xD0, 0x10, 0x9F, 0xFF, 0xFD, 0x01, 0x09, 0xFF,
  0xFF, 0xD0, 0x10, 0x9F, 0xFF, 0xFD, 0x01, 0x09, 0xFF, 0xFF, 0xD0, 0x10,
  // "Ż" (U+017B), RLE, 1310 bytes saved (77.1%)
  0x77, 0x58, 0x45, 0xCE, 0xEA, 0x28, 0x0C, 0x00, 0x07, 0xD0, 0xE0, 0x37, 0x77, 0x76, 0x02, 0xF0,
  0xC7, 0x77, 0x76, 0x06, 0xF9, 0x02, 0x77, 0x77, 0x50, 0x8F, 0x90, 0x47, 0x77, 0x75, 0x08, 0xF9,
  0x04, 0x77, 0x77, 0x50, 0x6F, 0x90, 0x17, 0x77, 0x75, 0x01, 0xF0, 0xC7, 0x77, 0x77, 0x07, 0xD0,
  0xE0, 0x38, 0x0C, 0x00, 0x84, 0x5C, 0xFE, 0xA2, 0x80, 0xDC, 0x70, 0x0A, 0x80, 0xC4, 0xF2, 0x0A,
  0x80, 0xC4, 0xF2, 0x0A, 0x80, 0xC4, 0xF2, 0x0A, 0x80, 0xC4, 0xF2, 0x0A, 0x80, 0xC4, 0xF2, 0x0A,
  0x80, 0xC3, 0xF0, 0xD2, 0x03, 0x80, 0xB2, 0x40, 0xBF, 0x90, 0x37, 0x77, 0x74, 0x03, 0xF9, 0x08,
  0x77, 0x77, 0x50, 0xCF, 0x0D, 0x77, 0x77, 0x50, 0x7F, 0x90, 0x47, 0x77, 0x74, 0x02, 0xF9, 0x09,
  0x77, 0x77, 0x50, 0xCF, 0x0D, 0x77, 0x77, 0x50, 0x7F, 0x90, 0x47, 0x77, 0x74, 0x02, 0xF9, 0x09,
  0x77, 0x77, 0x50, 0xBF, 0x0E, 0x01, 0x77, 0x77, 0x40, 0x6F, 0x90, 0x57, 0x77, 0x74, 0x01, 0x0E,
  0xF0, 0xA7, 0x77, 0x75, 0x0B, 0xF0, 0xE0, 0x17, 0x77, 0x74, 0x06, 0xF9, 0x05, 0x77, 0x77, 0x40,
  0x10, 0xEF, 0x0B, 0x77, 0x77, 0x50, 0xAF, 0x0E, 0x01, 0x77, 0x77, 0x40, 0x5F, 0x90, 0x67, 0x77,
  0x74, 0x01, 0x0E, 0xF0, 0xB7, 0x77, 0x75, 0x0A, 0xF0, 0xE0, 0x27, 0x77, 0x74, 0x04, 0xF9, 0x06,
  0x77, 0x77, 0x40, 0x10, 0xDF, 0x0B, 0x77, 0x77, 0x50, 0x9F, 0x90, 0x27, 0x77, 0x74, 0x04, 0xF9,
  0x07, 0x77, 0x77, 0x50, 0xDF, 0x0C, 0x77, 0x77, 0x50, 0x9F, 0x90, 0x27, 0x77, 0x74, 0x03, 0xF9,
  0x07, 0x77, 0x77, 0x50, 0xDF, 0x0C, 0x77, 0x77, 0x50, 0x8F, 0x90, 0x37, 0x77, 0x74, 0x03, 0xF9,
  0x08, 0x77, 0x77, 0x50, 0xCF, 0x0D, 0x77, 0x77, 0x50, 0x7F, 0x90, 0x37, 0x77, 0x74, 0x02, 0xF9,
  0x08, 0x77, 0x77, 0x50, 0xCF, 0x0D, 0x77, 0x77, 0x50, 0x7F, 0x90, 0x47, 0x77, 0x74, 0x02, 0xF9,
  0x09, 0x77, 0x77, 0x50, 0xCF, 0x0D, 0x77, 0x77, 0x50, 0x6F, 0x90, 0x47, 0x77, 0x74, 0x02, 0x0E,
  0xF0, 0x97, 0x77, 0x75, 0x0B, 0xF0, 0xE0, 0x17, 0x77, 0x74, 0x06, 0xF9, 0x05, 0x77, 0x77, 0x40,
  0x10, 0xEF, 0x0A, 0x77, 0x77, 0x50, 0xBF, 0x0E, 0x01, 0x77, 0x77, 0x40, 0x5F, 0x90, 0x57, 0x77,
  0x74, 0x01, 0x0E, 0xF0, 0xB7, 0x77, 0x75, 0x0A, 0xF0, 0xE0, 0x17, 0x77, 0x74, 0x05, 0xF9, 0x06,
  0x77, 0x77, 0x40, 0x10, 0xEF, 0x0B, 0x77, 0x77, 0x50, 0x9F, 0x0E, 0x02, 0x77, 0x77, 0x40, 0x4F,
  0x90, 0x67, 0x77, 0x75, 0x0D, 0xF0, 0xD8, 0x0B, 0x44, 0x03, 0x08, 0x80, 0xC5, 0xF0, 0xD0, 0xB8,
  0x0C, 0x5F, 0x0D, 0x0B, 0x80, 0xC5, 0xF0, 0xD0, 0xB8, 0x0C, 0x5F, 0x0D, 0x0B, 0x80, 0xC5, 0xF0,
  0xD0, 0xB8, 0x0C, 0x5F, 0x0D,
  // "ż" (U+017C), RLE, 839 bytes saved (74.9%)
  0x77, 0x18, 0x45, 0xCE, 0xEA, 0x27, 0x77, 0x70, 0x7D, 0x0E, 0x03, 0x77, 0x75, 0x02, 0xF0, 0xC7,
  0x77, 0x50, 0x6F, 0x90, 0x27, 0x77, 0x40, 0x8F, 0x90, 0x47, 0x77, 0x40, 0x8F, 0x90, 0x47, 0x77,
  0x40, 0x6F, 0x90, 0x17, 0x77, 0x40, 0x1F, 0x0C, 0x77, 0x76, 0x07, 0xD0, 0xE0, 0x37, 0x77, 0x78,
  0x45, 0xCF, 0xEA, 0x28, 0x0C, 0xC3, 0x00, 0x2F, 0xFF, 0xFB, 0x07, 0x20, 0x2F, 0xFF, 0xFB, 0x07,
  0x20, 0x2F, 0xFF, 0xFB, 0x07, 0x20, 0x2F, 0xFF, 0xFB, 0x07, 0x20, 0x2F, 0xFF, 0xFB, 0x07, 0x20,
  0x2F, 0xFF, 0xFB, 0x07, 0x38, 0x0A, 0x24, 0x06, 0xF9, 0x03, 0x77, 0x74, 0x0B, 0xF0, 0x67, 0x77,
  0x40, 0x7F, 0x0B, 0x77, 0x74, 0x03, 0xF0, 0xE0, 0x17, 0x77, 0x40, 0xDF, 0x04, 0x77, 0x74, 0x09,
  0xF0, 0x87, 0x77, 0x40, 0x5F, 0x0C, 0x77, 0x74, 0x01, 0x0E, 0xE0, 0xE0, 0x27, 0x77, 0x40, 0xBF,
  0x05, 0x77, 0x74, 0x07, 0xF0, 0x97, 0x77, 0x40, 0x3F, 0x0D, 0x77, 0x74, 0x01, 0x0D, 0xF0, 0x37,
  0x77, 0x40, 0xAF, 0x07, 0x77, 0x74, 0x06, 0xF0, 0xB7, 0x77, 0x40, 0x20, 0xEE, 0x0E, 0x01, 0x77,
  0x74, 0x0C, 0xF0, 0x47, 0x77, 0x40, 0x8F, 0x08, 0x77, 0x74, 0x04, 0xF0, 0xC7, 0x77, 0x40, 0x10,
  0xDE, 0x0E, 0x02, 0x77, 0x74, 0x0A, 0xF0, 0x57, 0x77, 0x40, 0x6F, 0x0A, 0x77, 0x74, 0x02, 0xF0,
  0xD7, 0x77, 0x50, 0xCF, 0x03, 0x77, 0x74, 0x09, 0xF0, 0x77, 0x77, 0x40, 0x4F, 0x0B, 0x77, 0x74,
  0x01, 0x0E, 0xE0, 0xE0, 0x17, 0x77, 0x40, 0xBF, 0x04, 0x77, 0x74, 0x07, 0xF0, 0x87, 0x77, 0x40,
  0x3F, 0x0C, 0x77, 0x75, 0x0D, 0xE0, 0xE0, 0x27, 0x77, 0x40, 0x9F, 0x05, 0x77, 0x74, 0x05, 0xF0,
  0xA7, 0x77, 0x40, 0x10, 0xEE, 0x0D, 0x77, 0x75, 0x0B, 0xF0, 0x78, 0x0A, 0x44, 0x10, 0x7F, 0xFF,
  0xFD, 0x01, 0x09, 0xFF, 0xFF, 0xD0, 0x10, 0x9F, 0xFF, 0xFD, 0x01, 0x09, 0xFF, 0xFF, 0xD0, 0x10,
  0x9F, 0xFF, 0xFD, 0x01, 0x09, 0xFF, 0xFF, 0xD0, 0x10,
  // "Ž" (U+017D), RLE, 1308 bytes saved (75.1%)
  0x70, 0x8C, 0x0E, 0x05, 0x77, 0x20, 0x7D, 0x08, 0x76, 0x03, 0xE0, 0x97, 0x60, 0x10, 0xCD, 0x0E,
  0x03, 0x77, 0x04, 0xE0, 0xC0, 0x17, 0x30, 0x30, 0xED, 0x0E, 0x03, 0x77, 0x20, 0x6E, 0x0E, 0x03,
  0x71, 0x05, 0xF0, 0x47, 0x74, 0x07, 0xE0, 0xE0, 0x46, 0x07, 0xF0, 0x47, 0x76, 0x09, 0xF0, 0x54,
  0x08, 0xF0, 0x67, 0x77, 0x10, 0xBF, 0x05, 0x20, 0x9F, 0x07, 0x77, 0x73, 0x0C, 0xF0, 0x40, 0x9F,
  0x09, 0x77, 0x74, 0x01, 0x0D, 0xFF, 0x0B, 0x77, 0x76, 0x03, 0x0E, 0xFD, 0x0C, 0x77, 0x77, 0x10,
  0x5F, 0xC0, 0xE0, 0x27, 0x77, 0x72, 0x09, 0xFB, 0x05, 0x77, 0x77, 0x40, 0xDF, 0x90, 0xA7, 0x77,
  0x75, 0x04, 0xF0, 0xE0, 0x18, 0x0C, 0x97, 0x00, 0xA8, 0x0C, 0x4F, 0x20, 0xA8, 0x0C, 0x4F, 0x20,
  0xA8, 0x0C, 0x4F, 0x20, 0xA8, 0x0C, 0x4F, 0x20, 0xA8, 0x0C, 0x4F, 0x20, 0xA8, 0x0C, 0x3F, 0x0D,
  0x20, 0x38, 0x0B, 0x24, 0x0B, 0xF9, 0x03, 0x77, 0x77, 0x40, 0x3F, 0x90, 0x87, 0x77, 0x75, 0x0C,
  0xF0, 0xD7, 0x77, 0x75, 0x07, 0xF9, 0x04, 0x77, 0x77, 0x40, 0x2F, 0x90, 0x97, 0x77, 0x75, 0x0C,
  0xF0, 0xD7, 0x77, 0x75, 0x07, 0xF9, 0x04, 0x77, 0x77, 0x40, 0x2F, 0x90, 0x97, 0x77, 0x75, 0x0B,
  0xF0, 0xE0, 0x17, 0x77, 0x74, 0x06, 0xF9, 0x05, 0x77, 0x77, 0x40, 0x10, 0xEF, 0x0A, 0x77, 0x77,
  0x50, 0xBF, 0x0E, 0x01, 0x77, 0x77, 0x40, 0x6F, 0x90, 0x57, 0x77, 0x74, 0x01, 0x0E, 0xF0, 0xB7,
  0x77, 0x75, 0x0A, 0xF0, 0xE0, 0x17, 0x77, 0x74, 0x05, 0xF9, 0x06, 0x77, 0x77, 0x40, 0x10, 0xEF,
  0x0B, 0x77, 0x77, 0x50, 0xAF, 0x0E, 0x02, 0x77, 0x77, 0x40, 0x4F, 0x90, 0x67, 0x77, 0x74, 0x01,
  0x0D, 0xF0, 0xB7, 0x77, 0x75, 0x09, 0xF9, 0x02, 0x77, 0x77, 0x40, 0x4F, 0x90, 0x77, 0x77, 0x75,
  0x0D, 0xF0, 0xC7, 0x77, 0x75, 0x09, 0xF9, 0x02, 0x77, 0x77, 0x40, 0x3F, 0x90, 0x77, 0x77, 0x75,
  0x0D, 0xF0, 0xC7, 0x77, 0x75, 0x08, 0xF9, 0x03, 0x77, 0x77, 0x40, 0x3F, 0x90, 0x87, 0x77, 0x75,
  0x0C, 0xF0, 0xD7, 0x77, 0x75, 0x07, 0xF9, 0x03, 0x77, 0x77, 0x40, 0x2F, 0x90, 0x87, 0x77, 0x75,
  0x0C, 0xF0, 0xD7, 0x77, 0x75, 0x07, 0xF9, 0x04, 0x77, 0x77, 0x40, 0x2F, 0x90, 0x97, 0x77, 0x75,
  0x0C, 0xF0, 0xD7, 0x77, 0x75, 0x06, 0xF9, 0x04, 0x77, 0x77, 0x40, 0x20, 0xEF, 0x09, 0x77, 0x77,
  0x50, 0xBF, 0x0E, 0x01, 0x77, 0x77, 0x40, 0x6F, 0x90, 0x57, 0x77, 0x74, 0x01, 0x0E, 0xF0, 0xA7,
  0x77, 0x75, 0x0B, 0xF0, 0xE0, 0x17, 0x77, 0x74, 0x05, 0xF9, 0x05, 0x77, 0x77, 0x40, 0x10, 0xEF,
  0x0B, 0x77, 0x77, 0x50, 0xAF, 0x0E, 0x01, 0x77, 0x77, 0x40, 0x5F, 0x90, 0x67, 0x77, 0x74, 0x01,
  0x0E, 0xF0, 0xB7, 0x77, 0x75, 0x09, 0xF0, 0xE0, 0x27, 0x77, 0x74, 0x04, 0xF9, 0x06, 0x77, 0x77,
  0x50, 0xDF, 0x0D, 0x80, 0xB4, 0x40, 0x30, 0x88, 0x0C, 0x5F, 0x0D, 0x0B, 0x80, 0xC5, 0xF0, 0xD0,
  0xB8, 0x0C, 0x5F, 0x0D, 0x0B, 0x80, 0xC5, 0xF0, 0xD0, 0xB8, 0x0C, 0x5F, 0x0D, 0x0B, 0x80, 0xC5,
  0xF0, 0xD0,
  // "ž" (U+017E), RLE, 833 bytes saved (72.1%)
  0x20, 0x8C, 0x0E, 0x05, 0x77, 0x20, 0x7D, 0x08, 0x50, 0x3E, 0x09, 0x76, 0x01, 0x0C, 0xD0, 0xE0,
  0x36, 0x04, 0xE0, 0xC0, 0x17, 0x30, 0x30, 0xED, 0x0E, 0x03, 0x71, 0x06, 0xE0, 0xE0, 0x37, 0x10,
  0x5F, 0x04, 0x73, 0x07, 0xE0, 0xE0, 0x46, 0x07, 0xF0, 0x47, 0x50, 0x9F, 0x05, 0x40, 0x8F, 0x06,
  0x77, 0x0B, 0xF0, 0x52, 0x09, 0xF0, 0x77, 0x72, 0x0C, 0xF0, 0x40, 0x9F, 0x09, 0x77, 0x30, 0x10,
  0xDF, 0xF0, 0xB7, 0x75, 0x03, 0x0E, 0xFD, 0x0C, 0x77, 0x70, 0x5F, 0xC0, 0xE0, 0x27, 0x77, 0x10,
  0x9F, 0xB0, 0x57, 0x77, 0x30, 0xDF, 0x90, 0xA7, 0x77, 0x40, 0x4F, 0x0E, 0x01, 0x80, 0xBB, 0x40,
  0x02, 0xFF, 0xFF, 0xB0, 0x72, 0x02, 0xFF, 0xFF, 0xB0, 0x72, 0x02, 0xFF, 0xFF, 0xB0, 0x72, 0x02,
  0xFF, 0xFF, 0xB0, 0x72, 0x02, 0xFF, 0xFF, 0xB0, 0x72, 0x02, 0xFF, 0xFF, 0xB0, 0x73, 0x80, 0xA2,
  0x40, 0x6F, 0x90, 0x37, 0x77, 0x40, 0xBF, 0x06, 0x77, 0x74, 0x07, 0xF0, 0xB7, 0x77, 0x40, 0x3F,
  0x0E, 0x01, 0x77, 0x74, 0x0D, 0xF0, 0x47, 0x77, 0x40, 0x9F, 0x08, 0x77, 0x74, 0x05, 0xF0, 0xC7,
  0x77, 0x40, 0x10, 0xEE, 0x0E, 0x02, 0x77, 0x74, 0x0B, 0xF0, 0x57, 0x77, 0x40, 0x7F, 0x09, 0x77,
  0x74, 0x03, 0xF0, 0xD7, 0x77, 0x40, 0x10, 0xDF, 0x03, 0x77, 0x74, 0x0A, 0xF0, 0x77, 0x77, 0x40,
  0x6F, 0x0B, 0x77, 0x74, 0x02, 0x0E, 0xE0, 0xE0, 0x17, 0x77, 0x40, 0xCF, 0x04, 0x77, 0x74, 0x08,
  0xF0, 0x87, 0x77, 0x40, 0x4F, 0x0C, 0x77, 0x74, 0x01, 0x0D, 0xE0, 0xE0, 0x27, 0x77, 0x40, 0xAF,
  0x05, 0x77, 0x74, 0x06, 0xF0, 0xA7, 0x77, 0x40, 0x2F, 0x0D, 0x77, 0x75, 0x0C, 0xF0, 0x37, 0x77,
  0x40, 0x9F, 0x07, 0x77, 0x74, 0x04, 0xF0, 0xB7, 0x77, 0x40, 0x10, 0xEE, 0x0E, 0x01, 0x77, 0x74,
  0x0B, 0xF0, 0x47, 0x77, 0x40, 0x7F, 0x08, 0x77, 0x74, 0x03, 0xF0, 0xC7, 0x77, 0x50, 0xDE, 0x0E,
  0x02, 0x77, 0x74, 0x09, 0xF0, 0x57, 0x77, 0x40, 0x5F, 0x0A, 0x77, 0x74, 0x01, 0x0E, 0xE0, 0xD7,
  0x77, 0x50, 0xBF, 0x07, 0x80, 0xA4, 0x41, 0x07, 0xFF, 0xFF, 0xD0, 0x10, 0x9F, 0xFF, 0xFD, 0x01,
  0x09, 0xFF, 0xFF, 0xD0, 0x10, 0x9F, 0xFF, 0xFD, 0x01, 0x09, 0xFF, 0xFF, 0xD0, 0x10, 0x9F, 0xFF,
  0xFD, 0x01,
  // "ſ" (U+017F), RLE, 509 bytes saved (64.3%)
  0x72, 0x89, 0x31, 0x59, 0xCD, 0xEF, 0xED, 0xC9, 0x72, 0x72, 0x04, 0x0B, 0xFE, 0x0D, 0x08, 0x50,
  0x10, 0xBF, 0xFA, 0x0D, 0x40, 0x40, 0xEF, 0xFB, 0x08, 0x30, 0x5F, 0xFD, 0x03, 0x20, 0x20, 0xEF,
  0xFC, 0x0D, 0x30, 0xBF, 0xA8, 0x6C, 0x75, 0x45, 0x7A, 0xEA, 0x08, 0x20, 0x3F, 0x90, 0xD0, 0x47,
  0x18, 0x13, 0x83, 0x20, 0x9F, 0x0D, 0x01, 0x77, 0x0D, 0xF0, 0x37, 0x70, 0x2F, 0x0B, 0x77, 0x10,
  0x5F, 0x06, 0x77, 0x10, 0x7F, 0x03, 0x77, 0x10, 0x8F, 0x77, 0x20, 0x9E, 0x0E, 0x77, 0x20, 0xAE,
  0x0E, 0x77, 0x20, 0xAE, 0x0D, 0x77, 0x20, 0xAE, 0x0D, 0x77, 0x20, 0xAE, 0x0D, 0x77, 0x20, 0xAE,
  0x0D, 0x77, 0x20, 0xAE, 0x0D, 0x77, 0x20, 0xAE, 0x0D, 0x77, 0x20, 0xAE, 0x0D, 0x77, 0x20, 0xAE,
  0x0D, 0x77, 0x20, 0xAE, 0x0D, 0x77, 0x20, 0xAE, 0x0D, 0x77, 0x20, 0xAE, 0x0D, 0x77, 0x20, 0xAE,
  0x0D, 0x77, 0x20, 0xAE, 0x0D, 0x77, 0x20, 0xAE, 0x0D, 0x77, 0x20, 0xAE, 0x0D, 0x77, 0x20, 0xAE,
  0x0D, 0x77, 0x20, 0xAE, 0x0D, 0x77, 0x20, 0xAE, 0x0D, 0x77, 0x20, 0xAE, 0x0D, 0x77, 0x20, 0xAE,
  0x0D, 0x77, 0x20, 0xAE, 0x0D, 0x77, 0x20, 0xAE, 0x0D, 0x77, 0x20, 0xAE, 0x0D, 0x77, 0x20, 0xAE,
  0x0D, 0x77, 0x20, 0xAE, 0x0D, 0x77, 0x20, 0xAE, 0x0D, 0x77, 0x20, 0xAE, 0x0D, 0x77, 0x20, 0xAE,
  0x0D, 0x77, 0x20, 0xAE, 0x0D, 0x77, 0x20, 0xAE, 0x0D, 0x77, 0x20, 0xAE, 0x0D, 0x77, 0x20, 0xAE,
  0x0D, 0x77, 0x20, 0xAE, 0x0D, 0x77, 0x20, 0xAE, 0x0D, 0x77, 0x20, 0xAE, 0x0D, 0x77, 0x20, 0xAE,
  0x0D, 0x77, 0x20, 0xAE, 0x0D, 0x77, 0x20, 0xAE, 0x0D, 0x77, 0x20, 0xAE, 0x0D, 0x77, 0x20, 0xAE,
  0x0D, 0x77, 0x20, 0xAE, 0x0D, 0x77, 0x20, 0xAE, 0x0D, 0x77, 0x20, 0xAE, 0x0D, 0x77, 0x20, 0xAE,
  0x0D, 0x77, 0x20, 0xAE, 0x0D, 0x77, 0x20, 0xAE, 0x0D, 0x77, 0x20, 0xAE, 0x0D, 0x77, 0x20, 0xAE,
  0x0D, 0x77, 0x20, 0xAE, 0x0D, 0x77, 0x20, 0xAE, 0x0D, 0x77, 0x20,
  // "Ω" (U+03A9), RLE, 1367 bytes saved (71.1%)
  0x77, 0x71, 0x89, 0x72, 0x57, 0xAC, 0xDD, 0xEF, 0xEE, 0xDC, 0xB8, 0x63, 0x80, 0xC6, 0x08, 0x15,
  0x9E, 0xFF, 0xC8, 0x1B, 0x72, 0x77, 0x77, 0x78, 0x12, 0x9E, 0xFF, 0xFB, 0x0B, 0x05, 0x77, 0x77,
  0x30, 0x20, 0xAF, 0xFF, 0xF9, 0x0D, 0x05, 0x77, 0x77, 0x07, 0xFF, 0xFF, 0xD0, 0xB0, 0x27, 0x77,
  0x30, 0x10, 0xC8, 0x0C, 0x0F, 0x05, 0x77, 0x71, 0x03, 0x0E, 0xFD, 0x89, 0x3D, 0xA8, 0x65, 0x54,
  0x45, 0x68, 0xAD, 0xFE, 0x08, 0x77, 0x60, 0x40, 0xEF, 0xB8, 0x1C, 0x62, 0x77, 0x05, 0x0A, 0xFC,
  0x0A, 0x77, 0x40, 0x20, 0xEF, 0xA0, 0xA0, 0x37, 0x75, 0x81, 0x18, 0xEF, 0xA0, 0x87, 0x72, 0x01,
  0x0D, 0xF9, 0x0E, 0x04, 0x77, 0x72, 0x01, 0x0B, 0xFA, 0x06, 0x77, 0x10, 0xBF, 0x90, 0xC0, 0x17,
  0x77, 0x50, 0x8F, 0xA0, 0x27, 0x60, 0x5F, 0x90, 0xC0, 0x17, 0x77, 0x70, 0x7F, 0x90, 0xB7, 0x50,
  0x10, 0xEF, 0x0E, 0x01, 0x77, 0x77, 0x20, 0xAF, 0x90, 0x57, 0x40, 0x8F, 0x90, 0x47, 0x77, 0x74,
  0x0D, 0xF0, 0xD7, 0x40, 0xEF, 0x0A, 0x77, 0x77, 0x50, 0x4F, 0x90, 0x57, 0x20, 0x6F, 0x90, 0x27,
  0x77, 0x76, 0x0B, 0xF0, 0xB7, 0x20, 0xCF, 0x0A, 0x77, 0x77, 0x70, 0x4F, 0x90, 0x27, 0x01, 0xF9,
  0x04, 0x80, 0xC0, 0x00, 0xDF, 0x06, 0x70, 0x5F, 0x0D, 0x80, 0xC1, 0x00, 0x7F, 0x0B, 0x70, 0xAF,
  0x09, 0x80, 0xC1, 0x00, 0x3F, 0x97, 0x0D, 0xF0, 0x58, 0x0C, 0x20, 0x0E, 0xF0, 0x26, 0xF9, 0x02,
  0x80, 0xC2, 0x00, 0xBF, 0x05, 0x50, 0x2F, 0x98, 0x0C, 0x30, 0x09, 0xF0, 0x75, 0x04, 0xF0, 0xD8,
  0x0C, 0x30, 0x07, 0xF0, 0x95, 0x05, 0xF0, 0xC8, 0x0C, 0x30, 0x05, 0xF0, 0xA5, 0x06, 0xF0, 0xB8,
  0x0C, 0x30, 0x04, 0xF0, 0xB5, 0x07, 0xF0, 0xA8, 0x0C, 0x30, 0x04, 0xF0, 0xC5, 0x07, 0xF0, 0xA8,
  0x0C, 0x30, 0x04, 0xF0, 0xC5, 0x06, 0xF0, 0xB8, 0x0C, 0x30, 0x04, 0xF0, 0xB5, 0x06, 0xF0, 0xB8,
  0x0C, 0x30, 0x05, 0xF0, 0xB5, 0x05, 0xF0, 0xC8, 0x0C, 0x30, 0x06, 0xF0, 0xA5, 0x04, 0xF0, 0xD8,
  0x0C, 0x30, 0x07, 0xF0, 0x95, 0x02, 0xF9, 0x80, 0xC3, 0x00, 0x9F, 0x07, 0x6F, 0x90, 0x28, 0x0C,
  0x20, 0x0B, 0xF0, 0x56, 0x0D, 0xF0, 0x48, 0x0C, 0x20, 0x0E, 0xF0, 0x26, 0x0A, 0xF0, 0x78, 0x0C,
  0x10, 0x01, 0xF9, 0x70, 0x7F, 0x0B, 0x80, 0xC1, 0x00, 0x5F, 0x0C, 0x70, 0x2F, 0x0E, 0x80, 0xC1,
  0x00, 0x9F, 0x07, 0x71, 0x0D, 0xF0, 0x38, 0x0C, 0x00, 0x0D, 0xF0, 0x37, 0x10, 0x9F, 0x08, 0x77,
  0x77, 0x70, 0x2F, 0x0E, 0x72, 0x03, 0xF0, 0xE7, 0x77, 0x77, 0x08, 0xF0, 0x87, 0x30, 0xCF, 0x04,
  0x77, 0x77, 0x60, 0xEF, 0x02, 0x73, 0x05, 0xF0, 0xA7, 0x77, 0x75, 0x05, 0xF0, 0xA7, 0x50, 0xDF,
  0x02, 0x77, 0x77, 0x40, 0xCF, 0x03, 0x75, 0x05, 0xF0, 0xA7, 0x77, 0x73, 0x04, 0xF0, 0xA7, 0x70,
  0xBF, 0x04, 0x77, 0x77, 0x20, 0xDE, 0x0E, 0x01, 0x77, 0x02, 0xF0, 0xD7, 0x77, 0x71, 0x08, 0xF0,
  0x77, 0x72, 0x07, 0xF0, 0x97, 0x77, 0x60, 0x3F, 0x0C, 0x77, 0x40, 0xBF, 0x05, 0x77, 0x74, 0x01,
  0x0E, 0xE0, 0xE0, 0x27, 0x74, 0x01, 0x0D, 0xF0, 0x37, 0x77, 0x30, 0xCF, 0x05, 0x77, 0x60, 0x30,
  0xEE, 0x0E, 0x03, 0x77, 0x71, 0x0B, 0xF0, 0x87, 0x77, 0x10, 0x3F, 0x0E, 0x03, 0x77, 0x60, 0xBF,
  0x09, 0x77, 0x73, 0x04, 0xF0, 0xE0, 0x37, 0x73, 0x01, 0x0B, 0xF0, 0xA7, 0x77, 0x50, 0x30, 0xEF,
  0x05, 0x77, 0x10, 0x20, 0xDF, 0x09, 0x77, 0x77, 0x02, 0x0D, 0xF0, 0x87, 0x60, 0x50, 0xEF, 0x06,
  0x77, 0x10, 0xBF, 0xFF, 0xA0, 0xC7, 0x40, 0x7F, 0xFF, 0xB0, 0x10, 0xBF, 0xFF, 0xB7, 0x40, 0xAF,
  0xFF, 0xB0, 0x10, 0xBF, 0xFF, 0xB7, 0x40, 0xAF, 0xFF, 0xB0, 0x10, 0xBF, 0xFF, 0xB7, 0x40, 0xAF,
  0xFF, 0xB0, 0x10, 0xBF, 0xFF, 0xB7, 0x40, 0xAF, 0xFF, 0xB0, 0x10, 0xBF, 0xFF, 0xB7, 0x40, 0xAF,
  0xFF, 0xB0, 0x10, 0x38, 0x0A, 0x44, 0x74, 0x03, 0x80, 0xA4, 0x41,
  // "μ" (U+03BC), RLE, 883 bytes saved (65.9%)
  0x0A, 0xE0, 0xD7, 0x77, 0x20, 0x4F, 0x04, 0x0A, 0xE0, 0xD7, 0x77, 0x20, 0x4F, 0x04, 0x0A, 0xE0,
  0xD7, 0x77, 0x20, 0x4F, 0x04, 0x0A, 0xE0, 0xD7, 0x77, 0x20, 0x4F, 0x04, 0x0A, 0xE0, 0xD7, 0x77,
  0x20, 0x4F, 0x04, 0x0A, 0xE0, 0xD7, 0x77, 0x20, 0x4F, 0x04, 0x0A, 0xE0, 0xD7, 0x77, 0x20, 0x4F,
  0x04, 0x0A, 0xE0, 0xD7, 0x77, 0x20, 0x4F, 0x04, 0x0A, 0xE0, 0xD7, 0x77, 0x20, 0x4F, 0x04, 0x0A,
  0xE0, 0xD7, 0x77, 0x20, 0x4F, 0x04, 0x0A, 0xE0, 0xD7, 0x77, 0x20, 0x4F, 0x04, 0x0A, 0xE0, 0xD7,
  0x77, 0x20, 0x4F, 0x04, 0x0A, 0xE0, 0xD7, 0x77, 0x20, 0x4F, 0x04, 0x0A, 0xE0, 0xD7, 0x77, 0x20,
  0x4F, 0x04, 0x0A, 0xE0, 0xD7, 0x77, 0x20, 0x4F, 0x04, 0x0A, 0xE0, 0xD7, 0x77, 0x20, 0x4F, 0x04,
  0x0A, 0xE0, 0xD7, 0x77, 0x20, 0x4F, 0x04, 0x0A, 0xE0, 0xD7, 0x77, 0x20, 0x4F, 0x04, 0x0A, 0xE0,
  0xD7, 0x77, 0x20, 0x4F, 0x04, 0x0A, 0xE0, 0xD7, 0x77, 0x20, 0x4F, 0x04, 0x0A, 0xE0, 0xD7, 0x77,
  0x20, 0x4F, 0x04, 0x0A, 0xE0, 0xD7, 0x77, 0x20, 0x4F, 0x04, 0x0A, 0xE0, 0xD7, 0x77, 0x20, 0x4F,
  0x04, 0x0A, 0xE0, 0xD7, 0x77, 0x20, 0x4F, 0x04, 0x0A, 0xE0, 0xD7, 0x77, 0x20, 0x5F, 0x04, 0x0A,
  0xE0, 0xD7, 0x77, 0x20, 0x5F, 0x04, 0x0A, 0xE0, 0xD7, 0x77, 0x20, 0x6F, 0x04, 0x0A, 0xE0, 0xD7,
  0x77, 0x20, 0x7F, 0x04, 0x0A, 0xE0, 0xD7, 0x77, 0x20, 0x9F, 0x04, 0x0A, 0xE0, 0xD7, 0x77, 0x20,
  0xBF, 0x04, 0x0A, 0xE0, 0xE7, 0x77, 0x20, 0xEF, 0x04, 0x0A, 0xF7, 0x77, 0x10, 0x2F, 0x90, 0x40,
  0xAF, 0x01, 0x77, 0x70, 0x7F, 0x90, 0x40, 0xAF, 0x04, 0x77, 0x70, 0xCF, 0x90, 0x40, 0xAF, 0x08,
  0x77, 0x60, 0x3F, 0xA0, 0x40, 0xAF, 0x0D, 0x77, 0x60, 0xBF, 0xA0, 0x40, 0xAF, 0x90, 0x67, 0x74,
  0x04, 0xFB, 0x04, 0x0A, 0xF9, 0x0E, 0x02, 0x77, 0x20, 0x30, 0xEF, 0xB0, 0x40, 0xAF, 0xA0, 0xD0,
  0x37, 0x70, 0x50, 0xEF, 0xC0, 0x40, 0xAF, 0xB8, 0x1E, 0x81, 0x73, 0x04, 0x0B, 0xFE, 0x04, 0x0A,
  0xFE, 0x89, 0x0B, 0x86, 0x54, 0x56, 0x8B, 0xEF, 0x02, 0x0E, 0xE0, 0x40, 0xAF, 0xFF, 0xF9, 0x81,
  0x60, 0xBE, 0x04, 0x0A, 0xFF, 0xFF, 0x07, 0x20, 0x8E, 0x04, 0x0A, 0xE0, 0x80, 0xAF, 0xFD, 0x06,
  0x30, 0x5E, 0x04, 0x0A, 0xE8, 0x19, 0x07, 0xFF, 0xA0, 0xC0, 0x34, 0x02, 0xE0, 0x40, 0xAE, 0x0A,
  0x20, 0x20, 0xAF, 0xD0, 0xC0, 0x67, 0x0E, 0xD0, 0x40, 0xAE, 0x0B, 0x48, 0x32, 0x7A, 0xDE, 0xA8,
  0x3E, 0xCA, 0x72, 0x77, 0x20, 0xAE, 0x0B, 0x77, 0x77, 0x40, 0xAE, 0x0C, 0x77, 0x77, 0x40, 0xAE,
  0x0C, 0x77, 0x77, 0x40, 0xAE, 0x0D, 0x77, 0x77, 0x40, 0xAE, 0x0D, 0x77, 0x77, 0x40, 0xAE, 0x0D,
  0x77, 0x77, 0x40, 0xAE, 0x0D, 0x77, 0x77, 0x40, 0xAE, 0x0D, 0x77, 0x77, 0x40, 0xAE, 0x0D, 0x77,
  0x77, 0x40, 0xAE, 0x0D, 0x77, 0x77, 0x40, 0xAE, 0x0D, 0x77, 0x77, 0x40, 0xAE, 0x0D, 0x77, 0x77,
  0x40, 0xAE, 0x0D, 0x77, 0x77, 0x40, 0xAE, 0x0D, 0x77, 0x77, 0x40, 0xAE, 0x0D, 0x77, 0x77, 0x40,
  0xAE, 0x0D, 0x77, 0x77, 0x40, 0xAE, 0x0D, 0x77, 0x77, 0x40, 0xAE, 0x0D, 0x77, 0x77, 0x40, 0xAE,
  0x0D, 0x77, 0x77, 0x40, 0xAE, 0x0D, 0x77, 0x77, 0x40,
  // "π" (U+03C0), RLE, 876 bytes saved (70.3%)
  0x40, 0x20, 0xA8, 0x0D, 0x2F, 0x0E, 0x20, 0x30, 0xA8, 0x0D, 0x4F, 0x81, 0xE3, 0xB8, 0x0D, 0x6F,
  0x0E, 0x80, 0xE0, 0xF0, 0xE8, 0x0E, 0x0F, 0x0E, 0x80, 0xE0, 0xF0, 0xE8, 0x05, 0x40, 0xBE, 0x0E,
  0x80, 0x97, 0x40, 0xBE, 0x0E, 0x80, 0x54, 0x72, 0x09, 0xE0, 0xD7, 0x75, 0x09, 0xE0, 0xD7, 0x74,
  0x09, 0xE0, 0xD7, 0x75, 0x09, 0xE0, 0xD7, 0x74, 0x09, 0xE0, 0xD7, 0x75, 0x09, 0xE0, 0xD7, 0x74,
  0x09, 0xE0, 0xD7, 0x75, 0x09, 0xE0, 0xD7, 0x74, 0x09, 0xE0, 0xD7, 0x75, 0x09, 0xE0, 0xD7, 0x74,
  0x09, 0xE0, 0xD7, 0x75, 0x09, 0xE0, 0xD7, 0x74, 0x09, 0xE0, 0xD7, 0x75, 0x09, 0xE0, 0xD7, 0x74,
  0x09, 0xE0, 0xD7, 0x75, 0x09, 0xE0, 0xD7, 0x74, 0x09, 0xE0, 0xD7, 0x75, 0x09, 0xE0, 0xD7, 0x74,
  0x09, 0xE0, 0xD7, 0x75, 0x09, 0xE0, 0xD7, 0x74, 0x09, 0xE0, 0xD7, 0x75, 0x09, 0xE0, 0xD7, 0x74,
  0x09, 0xE0, 0xD7, 0x75, 0x09, 0xE0, 0xD7, 0x74, 0x09, 0xE0, 0xD7, 0x75, 0x09, 0xE0, 0xD7, 0x74,
  0x09, 0xE0, 0xD7, 0x75, 0x09, 0xE0, 0xD7, 0x74, 0x09, 0xE0, 0xD7, 0x75, 0x09, 0xE0, 0xD7, 0x74,
  0x09, 0xE0, 0xD7, 0x75, 0x09, 0xE0, 0xD7, 0x74, 0x09, 0xE0, 0xD7, 0x75, 0x09, 0xE0, 0xD7, 0x74,
  0x09, 0xE0, 0xD7, 0x75, 0x09, 0xE0, 0xD7, 0x74, 0x09, 0xE0, 0xD7, 0x75, 0x09, 0xE0, 0xD7, 0x74,
  0x09, 0xE0, 0xD7, 0x75, 0x09, 0xE0, 0xD7, 0x74, 0x09, 0xE0, 0xD7, 0x75, 0x09, 0xE0, 0xD7, 0x74,
  0x09, 0xE0, 0xD7, 0x75, 0x09, 0xE0, 0xD7, 0x74, 0x09, 0xE0, 0xD7, 0x75, 0x09, 0xE0, 0xD7, 0x74,
  0x09, 0xE0, 0xD7, 0x75, 0x09, 0xE0, 0xD7, 0x74, 0x09, 0xE0, 0xD7, 0x75, 0x09, 0xE0, 0xD7, 0x74,
  0x09, 0xE0, 0xD7, 0x75, 0x09, 0xE0, 0xD7, 0x74, 0x09, 0xE0, 0xD7, 0x75, 0x09, 0xE0, 0xD7, 0x74,
  0x09, 0xE0, 0xD7, 0x75, 0x09, 0xE0, 0xD7, 0x74, 0x09, 0xE0, 0xD7, 0x75, 0x09, 0xE0, 0xD7, 0x74,
  0x09, 0xE0, 0xD7, 0x75, 0x08, 0xE0, 0xE7, 0x74, 0x09, 0xE0, 0xD7, 0x75, 0x07, 0xF0, 0x17, 0x73,
  0x09, 0xE0, 0xD7, 0x75, 0x06, 0xF0, 0x57, 0x73, 0x09, 0xE0, 0xD7, 0x75, 0x04, 0xF0, 0xD0, 0x17,
  0x72, 0x09, 0xE0, 0xD7, 0x75, 0x01, 0xF9, 0x85, 0xE7, 0x45, 0x7A, 0x97, 0x30, 0x9E, 0x0D, 0x77,
  0x60, 0xBF, 0xE0, 0x97, 0x30, 0x9E, 0x0D, 0x77, 0x60, 0x5F, 0xE0, 0x97, 0x30, 0x9E, 0x0D, 0x77,
  0x70, 0xBF, 0xD0, 0x97, 0x30, 0x9E, 0x0D, 0x77, 0x70, 0x10, 0xCF, 0xC0, 0x97, 0x30, 0x9E, 0x0D,
  0x77, 0x72, 0x09, 0xFB, 0x09, 0x73, 0x01, 0x80, 0x32, 0x77, 0x73, 0x82, 0x27, 0xBD, 0xA8, 0x2E,
  0xC9, 0x42,
  // "–" (U+2013), RLE, 101 bytes saved (77.7%)
  0x02, 0x80, 0xB7, 0x40, 0x20, 0x8F, 0xFF, 0xFF, 0x00, 0x8F, 0xFF, 0xFF, 0x00, 0x8F, 0xFF, 0xFF,
  0x00, 0x8F, 0xFF, 0xFF, 0x00, 0x8F, 0xFF, 0xFF, 0x00, 0x8F, 0xFF, 0xFF, 0x08,
  // "—" (U+2014), RLE, 247 bytes saved (88.2%)
  0x02, 0x80, 0x99, 0x24, 0x02, 0x08, 0x80, 0x99, 0x2F, 0x00, 0x88, 0x09, 0x92, 0xF0, 0x08, 0x80,
  0x99, 0x2F, 0x00, 0x88, 0x09, 0x92, 0xF0, 0x08, 0x80, 0x99, 0x2F, 0x00, 0x88, 0x09, 0x92, 0xF0,
  0x80,
  // "₂" (U+2082), RLE, 277 bytes saved (58.3%)
  0x78, 0x91, 0x37, 0xBD, 0xEF, 0xED, 0xB8, 0x47, 0x50, 0x50, 0xCF, 0xC0, 0xD0, 0x67, 0x10, 0x30,
  0xCF, 0xF9, 0x0B, 0x01, 0x50, 0x8F, 0xFC, 0x0D, 0x01, 0x20, 0x10, 0xBF, 0xFE, 0x0B, 0x20, 0x3F,
  0x98, 0x5B, 0x86, 0x56, 0x9E, 0xF0, 0x52, 0x06, 0xD0, 0x80, 0x17, 0x09, 0xE0, 0xB3, 0x0A, 0xA0,
  0xA0, 0x17, 0x30, 0x9E, 0x01, 0x28, 0x11, 0xD6, 0x75, 0x01, 0xE0, 0x37, 0x74, 0x0D, 0xD0, 0x57,
  0x74, 0x0B, 0xD0, 0x57, 0x74, 0x0B, 0xD0, 0x47, 0x74, 0x0D, 0xD0, 0x37, 0x73, 0x01, 0xD0, 0xE7,
  0x74, 0x06, 0xD0, 0xA7, 0x74, 0x0D, 0xD0, 0x47, 0x73, 0x07, 0xD0, 0xB7, 0x73, 0x03, 0xE0, 0x27,
  0x72, 0x01, 0x0D, 0xD0, 0x67, 0x72, 0x01, 0x0C, 0xD0, 0x97, 0x73, 0x0C, 0xD0, 0xB7, 0x73, 0x0B,
  0xD0, 0xC7, 0x73, 0x0B, 0xD0, 0xD0, 0x17, 0x72, 0x0C, 0xD0, 0xD0, 0x17, 0x71, 0x01, 0x0C, 0xD0,
  0xD0, 0x17, 0x71, 0x01, 0x0C, 0xD0, 0xD0, 0x17, 0x71, 0x01, 0x0C, 0xD0, 0xD0, 0x17, 0x71, 0x01,
  0x0D, 0xD0, 0xC0, 0x17, 0x71, 0x01, 0x0D, 0xD0, 0xC0, 0x17, 0x71, 0x01, 0x0D, 0xD0, 0xC0, 0x17,
  0x71, 0x02, 0x0D, 0xD0, 0xB7, 0x72, 0x02, 0x0D, 0xD0, 0xB7, 0x72, 0x02, 0x0D, 0xD0, 0xD8, 0x09,
  0x45, 0x01, 0x0D, 0xFF, 0xFA, 0x04, 0x0E, 0xFF, 0xFA, 0x04, 0x0E, 0xFF, 0xFA, 0x04, 0x0E, 0xFF,
  0xFA, 0x04, 0x0E, 0xFF, 0xFA, 0x04,
  // "₃" (U+2083), RLE, 307 bytes saved (58.3%)
  0x73, 0x85, 0x23, 0x44, 0x32, 0x17, 0x72, 0x81, 0x28, 0xCF, 0x98, 0x1D, 0x94, 0x74, 0x03, 0x0B,
  0xFF, 0x0D, 0x03, 0x70, 0x10, 0xAF, 0xFC, 0x07, 0x50, 0x50, 0xEF, 0xFE, 0x07, 0x30, 0x1F, 0xFF,
  0xA0, 0x23, 0x05, 0xE8, 0x7D, 0x84, 0x21, 0x01, 0x4A, 0xF0, 0xB4, 0x09, 0xB0, 0xA0, 0x37, 0x20,
  0x30, 0xEE, 0x01, 0x48, 0x1C, 0xB3, 0x75, 0x04, 0xE0, 0x47, 0x76, 0x0D, 0xD0, 0x67, 0x76, 0x0B,
  0xD0, 0x77, 0x76, 0x0B, 0xD0, 0x67, 0x76, 0x0E, 0xD0, 0x37, 0x75, 0x05, 0xD0, 0xE7, 0x75, 0x03,
  0x0E, 0xD0, 0x77, 0x74, 0x06, 0x0E, 0xD0, 0xD7, 0x20, 0x48, 0x01, 0x58, 0x26, 0x8A, 0xEE, 0x0E,
  0x02, 0x72, 0x0E, 0xFF, 0x0C, 0x02, 0x73, 0x0E, 0xFD, 0x0D, 0x06, 0x75, 0x0E, 0xFD, 0x81, 0xB6,
  0x17, 0x40, 0xEF, 0xF9, 0x08, 0x73, 0x0E, 0xFF, 0xA0, 0xD0, 0x17, 0x78, 0x31, 0x24, 0x7B, 0xF0,
  0xD7, 0x75, 0x02, 0x0B, 0xE0, 0x97, 0x76, 0x0A, 0xE0, 0x17, 0x75, 0x01, 0xE0, 0x57, 0x76, 0x0B,
  0xD0, 0x77, 0x76, 0x09, 0xD0, 0x97, 0x76, 0x0A, 0xD0, 0x87, 0x76, 0x0E, 0xD0, 0x67, 0x75, 0x05,
  0xE8, 0x24, 0x79, 0x37, 0x71, 0x03, 0x0E, 0xD8, 0x1E, 0x08, 0xA8, 0x1C, 0x83, 0x74, 0x07, 0x0E,
  0xE8, 0x18, 0x08, 0xD8, 0x90, 0xEC, 0x97, 0x65, 0x56, 0x8B, 0xF9, 0x82, 0xE1, 0x08, 0xFF, 0xFA,
  0x04, 0x20, 0x8F, 0xFF, 0x90, 0x53, 0x04, 0x0D, 0xFF, 0xD0, 0xC0, 0x36, 0x05, 0x0B, 0xFF, 0x90,
  0xC0, 0x67, 0x48, 0x94, 0x48, 0xAC, 0xDE, 0xFE, 0xED, 0xB8, 0x52, 0x71,
  // "₄" (U+2084), RLE, 350 bytes saved (63.1%)
  0x77, 0x30, 0x8E, 0x01, 0x77, 0x70, 0x3F, 0x01, 0x77, 0x70, 0xDF, 0x01, 0x77, 0x60, 0x9F, 0x90,
  0x17, 0x75, 0x05, 0xFA, 0x01, 0x77, 0x40, 0x10, 0xEF, 0xA0, 0x17, 0x74, 0x0B, 0xFB, 0x01, 0x77,
  0x30, 0x6C, 0x0B, 0xE0, 0x17, 0x72, 0x02, 0x0E, 0xB0, 0xE0, 0x4E, 0x01, 0x77, 0x20, 0xCC, 0x06,
  0x03, 0xE0, 0x17, 0x71, 0x07, 0xC8, 0x1B, 0x04, 0xE0, 0x17, 0x70, 0x3D, 0x81, 0x20, 0x4E, 0x01,
  0x77, 0x0D, 0xC0, 0x72, 0x05, 0xE0, 0x17, 0x60, 0x9C, 0x0C, 0x30, 0x5E, 0x01, 0x75, 0x04, 0xD0,
  0x23, 0x05, 0xE0, 0x17, 0x40, 0x10, 0xDC, 0x07, 0x40, 0x5E, 0x01, 0x74, 0x0A, 0xC0, 0xC5, 0x05,
  0xE0, 0x17, 0x30, 0x5C, 0x0E, 0x02, 0x50, 0x5E, 0x01, 0x72, 0x01, 0x0E, 0xC0, 0x66, 0x05, 0xE0,
  0x17, 0x20, 0xBC, 0x0B, 0x70, 0x5E, 0x01, 0x71, 0x06, 0xC0, 0xE0, 0x17, 0x05, 0xE0, 0x17, 0x02,
  0xD0, 0x57, 0x10, 0x5E, 0x01, 0x70, 0xCC, 0x0A, 0x72, 0x05, 0xE0, 0x16, 0x08, 0xD0, 0x68, 0x05,
  0x50, 0x9E, 0x80, 0x15, 0x00, 0x1F, 0xFF, 0xF0, 0x50, 0x2F, 0xFF, 0xF0, 0x50, 0x2F, 0xFF, 0xF0,
  0x50, 0x2F, 0xFF, 0xF0, 0x50, 0x2F, 0xFF, 0xF0, 0x57, 0x73, 0x05, 0xE0, 0x17, 0x77, 0x10, 0x5E,
  0x01, 0x77, 0x71, 0x05, 0xE0, 0x17, 0x77, 0x10, 0x5E, 0x01, 0x77, 0x71, 0x05, 0xE0, 0x17, 0x77,
  0x10, 0x5E, 0x01, 0x77, 0x71, 0x05, 0xE0, 0x17, 0x77, 0x10, 0x5E, 0x01, 0x50,
  // "₅" (U+2085), RLE, 300 bytes saved (60.7%)
  0x20, 0x3F, 0xFE, 0x0B, 0x40, 0x4F, 0xFE, 0x0B, 0x40, 0x5F, 0xFE, 0x0B, 0x40, 0x7F, 0xFE, 0x0B,
  0x40, 0x8F, 0xFE, 0x0B, 0x40, 0x9C, 0x0D, 0x80, 0x93, 0x50, 0x34, 0x0A, 0xC0, 0xA7, 0x76, 0x0B,
  0xC0, 0x97, 0x76, 0x0C, 0xC0, 0x87, 0x76, 0x0E, 0xC0, 0x67, 0x76, 0xD0, 0x57, 0x76, 0xD0, 0x47,
  0x75, 0x02, 0xD0, 0x27, 0x75, 0x03, 0xD8, 0x61, 0x02, 0x34, 0x43, 0x27, 0x50, 0x4D, 0x0D, 0xF8,
  0x2E, 0xB7, 0x17, 0x10, 0x5F, 0xFB, 0x0A, 0x01, 0x60, 0x6F, 0xFC, 0x0E, 0x06, 0x50, 0x7F, 0xFE,
  0x08, 0x40, 0x30, 0xEF, 0xFE, 0x07, 0x48, 0x51, 0xAE, 0xB7, 0x42, 0x38, 0x21, 0x37, 0xCF, 0x0E,
  0x01, 0x77, 0x30, 0x50, 0xEE, 0x09, 0x77, 0x40, 0x20, 0xDD, 0x0E, 0x77, 0x50, 0x4E, 0x03, 0x77,
  0x50, 0xDD, 0x05, 0x77, 0x50, 0x9D, 0x07, 0x77, 0x50, 0x8D, 0x07, 0x77, 0x50, 0x8D, 0x06, 0x77,
  0x50, 0xAD, 0x05, 0x77, 0x50, 0xED, 0x02, 0x01, 0x77, 0x30, 0x7D, 0x83, 0xD0, 0x6C, 0x57, 0x70,
  0x4E, 0x81, 0x90, 0x6A, 0x81, 0xD9, 0x37, 0x20, 0x10, 0x8F, 0x81, 0x20, 0x6E, 0x86, 0xC8, 0x75,
  0x56, 0x8B, 0xF9, 0x09, 0x20, 0x6F, 0xFF, 0x0C, 0x30, 0x6F, 0xFE, 0x0D, 0x01, 0x30, 0x4F, 0xFD,
  0x0A, 0x68, 0x12, 0x8D, 0xFF, 0x0B, 0x04, 0x73, 0x89, 0x42, 0x68, 0xBD, 0xEE, 0xFE, 0xDC, 0x95,
  0x17, 0x10,
  // "€" (U+20AC), RLE, 1066 bytes saved (73.6%)
  0x77, 0x72, 0x89, 0x61, 0x48, 0xAC, 0xEE, 0xFE, 0xDD, 0xCA, 0x74, 0x27, 0x77, 0x70, 0x60, 0xBF,
  0xFA, 0x81, 0xD9, 0x47, 0x77, 0x20, 0x80, 0xEF, 0xFF, 0x81, 0xD7, 0x17, 0x74, 0x05, 0x0E, 0xFF,
  0xFC, 0x0E, 0x07, 0x77, 0x20, 0x9F, 0xFF, 0xF0, 0xB7, 0x71, 0x0B, 0xFF, 0xFF, 0x90, 0x27, 0x70,
  0xCF, 0xC8, 0x90, 0xC8, 0x65, 0x44, 0x57, 0xAD, 0xF9, 0x0A, 0x77, 0x0A, 0xFA, 0x81, 0xD7, 0x17,
  0x38, 0x13, 0x8D, 0xD0, 0x27, 0x60, 0x7F, 0xA0, 0x77, 0x72, 0x04, 0x0B, 0xA0, 0x97, 0x60, 0x3F,
  0x90, 0xE0, 0x37, 0x75, 0x81, 0x3A, 0x17, 0x60, 0xDF, 0x0E, 0x02, 0x77, 0x77, 0x70, 0x7F, 0x90,
  0x38, 0x0C, 0x00, 0x0E, 0xF0, 0x68, 0x0C, 0x00, 0x07, 0xF0, 0xC8, 0x0C, 0x10, 0x0D, 0xF0, 0x38,
  0x0C, 0x00, 0x04, 0xF0, 0xB8, 0x0C, 0x10, 0x0A, 0xF0, 0x48, 0x0C, 0x10, 0x0E, 0xE0, 0xD8, 0x0C,
  0x10, 0x04, 0xF0, 0x88, 0x0C, 0x10, 0x08, 0xF0, 0x38, 0x0C, 0x10, 0x0B, 0xE0, 0xE8, 0x0C, 0x20,
  0x0E, 0xE0, 0xB8, 0x0C, 0x10, 0x02, 0xF0, 0x87, 0x77, 0x73, 0xFF, 0xFF, 0xF0, 0x67, 0x3F, 0xFF,
  0xFF, 0x06, 0x73, 0xFF, 0xFF, 0xF0, 0x67, 0x3F, 0xFF, 0xFF, 0x06, 0x73, 0xFF, 0xFF, 0xF0, 0x67,
  0x3F, 0xFF, 0xFF, 0x06, 0x77, 0x20, 0xDE, 0x0C, 0x80, 0xC2, 0x00, 0xDE, 0x0B, 0x80, 0xC2, 0x00,
  0xEE, 0x0B, 0x80, 0xC2, 0x00, 0xEE, 0x0B, 0x80, 0xC2, 0x00, 0xEE, 0x0B, 0x80, 0xC2, 0x00, 0xDE,
  0x0C, 0x77, 0x77, 0x4F, 0xFF, 0xFC, 0x0C, 0x76, 0xFF, 0xFF, 0xC0, 0xC7, 0x6F, 0xFF, 0xFC, 0x0C,
  0x76, 0xFF, 0xFF, 0xC0, 0xC7, 0x6F, 0xFF, 0xFC, 0x0C, 0x76, 0xFF, 0xFF, 0xC0, 0xC7, 0x76, 0xF0,
  0x98, 0x0C, 0x20, 0x0C, 0xE0, 0xD8, 0x0C, 0x20, 0x09, 0xF0, 0x28, 0x0C, 0x10, 0x04, 0xF0, 0x68,
  0x0C, 0x20, 0xF0, 0xC8, 0x0C, 0x20, 0x0A, 0xF0, 0x28, 0x0C, 0x10, 0x05, 0xF0, 0x98, 0x0C, 0x20,
  0x0E, 0xF0, 0x28, 0x0C, 0x10, 0x07, 0xF0, 0xB8, 0x0C, 0x10, 0x01, 0x0E, 0xF0, 0x58, 0x0C, 0x10,
  0x07, 0xF9, 0x03, 0x80, 0xC1, 0x00, 0xDF, 0x0E, 0x02, 0x80, 0xC0, 0x00, 0x4F, 0x90, 0xE0, 0x38,
  0x0C, 0x00, 0x08, 0xFA, 0x08, 0x77, 0x48, 0x21, 0x6C, 0x27, 0x70, 0xBF, 0xA8, 0x1E, 0x82, 0x75,
  0x81, 0x37, 0xCB, 0x02, 0x77, 0x01, 0x0C, 0xFC, 0x89, 0x1D, 0x97, 0x54, 0x45, 0x67, 0x9C, 0xF0,
  0x27, 0x71, 0x01, 0x0C, 0xFF, 0xFF, 0x02, 0x77, 0x30, 0xAF, 0xFF, 0xE0, 0x27, 0x74, 0x06, 0x0E,
  0xFF, 0xFC, 0x02, 0x77, 0x58, 0x11, 0x8E, 0xFF, 0xF9, 0x0A, 0x01, 0x77, 0x78, 0x11, 0x6C, 0xFF,
  0xA8, 0x1E, 0xA5, 0x77, 0x76, 0x85, 0x15, 0x8A, 0xCE, 0xEA, 0x85, 0xED, 0xCB, 0x85, 0x27,
  // "₿" (U+20BF), RLE, 971 bytes saved (63.0%)
  0x71, 0x0B, 0xC0, 0xB5, 0x03, 0xD0, 0x47, 0x77, 0x0B, 0xC0, 0xB5, 0x03, 0xD0, 0x47, 0x77, 0x0B,
  0xC0, 0xB5, 0x03, 0xD0, 0x47, 0x77, 0x0B, 0xC0, 0xB5, 0x03, 0xD0, 0x47, 0x77, 0x0B, 0xC0, 0xB5,
  0x03, 0xD0, 0x47, 0x77, 0x0B, 0xC0, 0xB5, 0x03, 0xD0, 0x47, 0x77, 0x0B, 0xC0, 0xB5, 0x03, 0xD0,
  0x47, 0x77, 0x0B, 0xC0, 0xB5, 0x03, 0xD0, 0x47, 0x77, 0x0B, 0xC0, 0xB5, 0x03, 0xD0, 0x47, 0x60,
  0xAF, 0xF9, 0x82, 0xED, 0xCC, 0xD0, 0x47, 0x60, 0xAF, 0xFF, 0xB8, 0x1C, 0x72, 0x74, 0x0A, 0xFF,
  0xFE, 0x0B, 0x04, 0x72, 0x0A, 0xFF, 0xFF, 0x90, 0xA0, 0x17, 0x0A, 0xFF, 0xFF, 0xA0, 0xE0, 0x36,
  0x0A, 0xFF, 0xFF, 0xB0, 0xE0, 0x35, 0x0A, 0xF0, 0x58, 0x03, 0x48, 0x35, 0x67, 0x9B, 0xFD, 0x0D,
  0x50, 0xAF, 0x01, 0x76, 0x04, 0x0A, 0xFB, 0x09, 0x40, 0xAF, 0x01, 0x77, 0x10, 0x20, 0xCF, 0xA0,
  0x13, 0x0A, 0xF0, 0x17, 0x73, 0x0B, 0xF9, 0x07, 0x30, 0xAF, 0x01, 0x77, 0x30, 0x10, 0xEF, 0x0B,
  0x30, 0xAF, 0x01, 0x77, 0x40, 0x7F, 0x0E, 0x30, 0xAF, 0x01, 0x77, 0x40, 0x2F, 0x90, 0x22, 0x0A,
  0xF0, 0x17, 0x75, 0x0E, 0xF0, 0x32, 0x0A, 0xF0, 0x17, 0x75, 0x0C, 0xF0, 0x42, 0x0A, 0xF0, 0x17,
  0x75, 0x0B, 0xF0, 0x42, 0x0A, 0xF0, 0x17, 0x75, 0x0B, 0xF0, 0x32, 0x0A, 0xF0, 0x17, 0x75, 0x0C,
  0xF0, 0x12, 0x0A, 0xF0, 0x17, 0x75, 0x0E, 0xE0, 0xE3, 0x0A, 0xF0, 0x17, 0x74, 0x03, 0xF0, 0xB3,
  0x0A, 0xF0, 0x17, 0x74, 0x08, 0xF0, 0x53, 0x0A, 0xF0, 0x17, 0x73, 0x01, 0x0E, 0xE0, 0xE4, 0x0A,
  0xF0, 0x17, 0x73, 0x0B, 0xF0, 0x74, 0x0A, 0xF0, 0x17, 0x72, 0x0A, 0xF0, 0xC5, 0x0A, 0xF0, 0x17,
  0x68, 0x11, 0x6D, 0xF0, 0xE0, 0x25, 0x0A, 0xF0, 0x58, 0x05, 0x48, 0x25, 0x79, 0xCF, 0xA0, 0xD0,
  0x26, 0x0A, 0xFF, 0xFF, 0x90, 0x97, 0x10, 0xAF, 0xFF, 0xD8, 0x1E, 0x92, 0x72, 0x0A, 0xFF, 0xFC,
  0x05, 0x75, 0x0A, 0xFF, 0xFD, 0x81, 0xE9, 0x47, 0x20, 0xAF, 0xFF, 0xF9, 0x0D, 0x05, 0x70, 0xAF,
  0xFF, 0xFB, 0x0B, 0x02, 0x50, 0xAF, 0x01, 0x72, 0x84, 0x12, 0x47, 0xAE, 0xFA, 0x0E, 0x03, 0x40,
  0xAF, 0x01, 0x77, 0x10, 0x60, 0xDF, 0x90, 0xE0, 0x13, 0x0A, 0xF0, 0x17, 0x73, 0x0A, 0xF9, 0x0C,
  0x30, 0xAF, 0x01, 0x77, 0x40, 0xBF, 0x90, 0x52, 0x0A, 0xF0, 0x17, 0x74, 0x01, 0x0D, 0xF0, 0xD2,
  0x0A, 0xF0, 0x17, 0x75, 0x06, 0xF9, 0x81, 0x30, 0xAF, 0x01, 0x77, 0x60, 0xEF, 0x81, 0x80, 0xAF,
  0x01, 0x77, 0x60, 0x9F, 0x81, 0xB0, 0xAF, 0x01, 0x77, 0x60, 0x6F, 0x81, 0xD0, 0xAF, 0x01, 0x77,
  0x60, 0x4F, 0x91, 0x0A, 0xF0, 0x17, 0x76, 0x03, 0xF9, 0x10, 0xAF, 0x01, 0x77, 0x60, 0x3F, 0x90,
  0x10, 0xAF, 0x01, 0x77, 0x60, 0x4F, 0x91, 0x0A, 0xF0, 0x17, 0x76, 0x05, 0xF8, 0x1E, 0x0A, 0xF0,
  0x17, 0x76, 0x09, 0xF8, 0x1D, 0x0A, 0xF0, 0x17, 0x76, 0x0C, 0xF8, 0x1B, 0x0A, 0xF0, 0x17, 0x75,
  0x03, 0xF9, 0x81, 0x70, 0xAF, 0x01, 0x77, 0x50, 0xAF, 0x98, 0x13, 0x0A, 0xF0, 0x17, 0x74, 0x04,
  0xF9, 0x0D, 0x20, 0xAF, 0x01, 0x77, 0x30, 0x20, 0xEF, 0x90, 0x72, 0x0A, 0xF0, 0x17, 0x72, 0x03,
  0x0D, 0xF9, 0x0E, 0x01, 0x20, 0xAF, 0x01, 0x77, 0x03, 0x0A, 0xFB, 0x05, 0x30, 0xAF, 0x05, 0x80,
  0x54, 0x83, 0x56, 0x7A, 0xEF, 0xC0, 0xA4, 0x0A, 0xFF, 0xFF, 0xC0, 0xB5, 0x0A, 0xFF, 0xFF, 0xB0,
  0xB6, 0x0A, 0xFF, 0xFF, 0xA0, 0x77, 0x0A, 0xFF, 0xFF, 0x0A, 0x02, 0x71, 0x0A, 0xFF, 0xFC, 0x81,
  0xD8, 0x27, 0x30, 0xAF, 0xFF, 0xB0, 0x57, 0x77, 0x0B, 0xC0, 0xB5, 0x03, 0xD0, 0x47, 0x77, 0x0B,
  0xC0, 0xB5, 0x03, 0xD0, 0x47, 0x77, 0x0B, 0xC0, 0xB5, 0x03, 0xD0, 0x47, 0x77, 0x0B, 0xC0, 0xB5,
  0x03, 0xD0, 0x47, 0x77, 0x0B, 0xC0, 0xB5, 0x03, 0xD0, 0x47, 0x77, 0x0B, 0xC0, 0xB5, 0x03, 0xD0,
  0x47, 0x77, 0x0B, 0xC0, 0xB5, 0x03, 0xD0, 0x47, 0x77, 0x0B, 0xC0, 0xB5, 0x03, 0xD0, 0x47, 0x77,
  0x84, 0x57, 0x77, 0x75, 0x50, 0x18, 0x01, 0x70, 0x27, 0x60,
  // "‘" (U+2018), RLE, 73 bytes saved (53.3%)
  0x70, 0xCC, 0x0D, 0x60, 0x3D, 0x0A, 0x60, 0xAD, 0x06, 0x50, 0x1E, 0x03, 0x50, 0x8D, 0x0E, 0x60,
  0xED, 0x0B, 0x50, 0x4E, 0x07, 0x50, 0xBE, 0x04, 0x40, 0x1F, 0x01, 0x40, 0x7E, 0x0D, 0x50, 0xDE,
  0x0A, 0x40, 0x3F, 0x06, 0x40, 0x8F, 0x03, 0x40, 0xEF, 0x40, 0x4F, 0x0C, 0x40, 0x9F, 0x09, 0x40,
  0xEF, 0x06, 0x30, 0x3F, 0x90, 0x43, 0x07, 0xF9, 0x01, 0x30, 0xCF, 0x0E, 0x40, 0xBF, 0x0C, 0x40,
  // "’" (U+2019), RLE, 75 bytes saved (54.7%)
  0x40, 0xBF, 0x0B, 0x40, 0xEF, 0x0D, 0x4F, 0x90, 0x93, 0x03, 0xF9, 0x04, 0x30, 0x6F, 0x94, 0x09,
  0xF0, 0xA4, 0x0B, 0xF0, 0x54, 0x0E, 0xF0, 0x13, 0x02, 0xF0, 0xA4, 0x05, 0xF0, 0x54, 0x08, 0xE0,
  0xE5, 0x0C, 0xE0, 0x85, 0xF0, 0x24, 0x03, 0xE0, 0xC5, 0x06, 0xE0, 0x55, 0x09, 0xD0, 0xE6, 0x0D,
  0xD0, 0x85, 0x01, 0xE0, 0x25, 0x05, 0xD0, 0xA6, 0x09, 0xD0, 0x46, 0x0D, 0xC0, 0xD7,
  // "‚" (U+201A), RLE, 75 bytes saved (54.7%)
  0x40, 0xBF, 0x0B, 0x40, 0xEF, 0x0D, 0x4F, 0x90, 0x93, 0x03, 0xF9, 0x04, 0x30, 0x6F, 0x94, 0x09,
  0xF0, 0xA4, 0x0B, 0xF0, 0x54, 0x0E, 0xF0, 0x13, 0x02, 0xF0, 0xA4, 0x05, 0xF0, 0x54, 0x08, 0xE0,
  0xE5, 0x0C, 0xE0, 0x85, 0xF0, 0x24, 0x03, 0xE0, 0xC5, 0x06, 0xE0, 0x55, 0x09, 0xD0, 0xE6, 0x0D,
  0xD0, 0x85, 0x01, 0xE0, 0x25, 0x05, 0xD0, 0xA6, 0x09, 0xD0, 0x46, 0x0D, 0xC0, 0xD7,
  // "‛" (U+201B), RLE, 75 bytes saved (54.7%)
  0x0A, 0xF0, 0xD4, 0x0C, 0xF9, 0x40, 0x8F, 0x90, 0x33, 0x03, 0xF9, 0x05, 0x40, 0xEF, 0x08, 0x40,
  0x9F, 0x0B, 0x40, 0x4F, 0x0D, 0x50, 0xEF, 0x01, 0x40, 0x9F, 0x04, 0x40, 0x3F, 0x08, 0x50, 0xDE,
  0x0B, 0x50, 0x7E, 0x0E, 0x50, 0x1F, 0x02, 0x50, 0xAE, 0x05, 0x50, 0x4E, 0x09, 0x60, 0xDD, 0x0C,
  0x60, 0x7E, 0x60, 0x10, 0xED, 0x04, 0x60, 0x9D, 0x07, 0x60, 0x2D, 0x0B, 0x70, 0xBD,
  // "“" (U+201C), RLE, 174 bytes saved (57.0%)
  0x70, 0xCC, 0x0C, 0x73, 0x0E, 0xC0, 0xB6, 0x03, 0xD0, 0x97, 0x20, 0x6D, 0x07, 0x60, 0xAD, 0x05,
  0x72, 0x0D, 0xD0, 0x45, 0x01, 0xE0, 0x17, 0x10, 0x4E, 0x60, 0x8D, 0x0D, 0x72, 0x0B, 0xD0, 0xC6,
  0x0E, 0xD0, 0xA7, 0x10, 0x2E, 0x08, 0x50, 0x5E, 0x06, 0x71, 0x08, 0xE0, 0x55, 0x0B, 0xE0, 0x37,
  0x10, 0xEE, 0x02, 0x40, 0x2F, 0x71, 0x05, 0xE0, 0xE5, 0x08, 0xE0, 0xC7, 0x10, 0xBE, 0x0B, 0x50,
  0xDE, 0x08, 0x70, 0x1F, 0x07, 0x40, 0x3F, 0x05, 0x70, 0x7F, 0x04, 0x40, 0x9F, 0x02, 0x70, 0xCF,
  0x01, 0x40, 0xEE, 0x0E, 0x70, 0x2F, 0x0D, 0x40, 0x4F, 0x0B, 0x70, 0x8F, 0x0A, 0x40, 0x9F, 0x08,
  0x70, 0xDF, 0x07, 0x40, 0xEF, 0x06, 0x60, 0x2F, 0x90, 0x43, 0x03, 0xF9, 0x03, 0x60, 0x7F, 0x90,
  0x23, 0x07, 0xF9, 0x70, 0xCF, 0x0E, 0x40, 0xCF, 0x0D, 0x60, 0x1F, 0x90, 0xC4, 0x0B, 0xF0, 0xA7,
  0x0D, 0xF0, 0x94,
  // "”" (U+201D), RLE, 175 bytes saved (57.4%)
  0x40, 0xCF, 0x0A, 0x70, 0xEF, 0x08, 0x4F, 0x90, 0xC6, 0x01, 0xF9, 0x0A, 0x30, 0x2F, 0x90, 0x76,
  0x03, 0xF9, 0x06, 0x30, 0x4F, 0x90, 0x36, 0x06, 0xF9, 0x01, 0x30, 0x7F, 0x0E, 0x70, 0x9F, 0x0C,
  0x40, 0xAF, 0x09, 0x70, 0xCF, 0x08, 0x40, 0xDF, 0x04, 0x7F, 0x90, 0x34, 0xF0, 0xE7, 0x03, 0xF0,
  0xD4, 0x03, 0xF0, 0x87, 0x06, 0xF0, 0x74, 0x06, 0xF0, 0x37, 0x09, 0xF0, 0x24, 0x0A, 0xE0, 0xD7,
  0x10, 0xCE, 0x0C, 0x50, 0xDE, 0x07, 0x71, 0xF0, 0x65, 0xF0, 0x17, 0x03, 0xE0, 0xE5, 0x03, 0xE0,
  0xA7, 0x10, 0x7E, 0x09, 0x50, 0x7E, 0x04, 0x71, 0x0A, 0xE0, 0x35, 0x0A, 0xD0, 0xD7, 0x20, 0xDD,
  0x0C, 0x60, 0xDD, 0x07, 0x71, 0x02, 0xE0, 0x65, 0x01, 0xE0, 0x17, 0x10, 0x5D, 0x0E, 0x60, 0x5D,
  0x09, 0x72, 0x09, 0xD0, 0x86, 0x09, 0xD0, 0x27, 0x20, 0xDD, 0x01, 0x60, 0xDC, 0x0B, 0x72, 0x01,
  0xD0, 0xA7,
  // "„" (U+201E), RLE, 175 bytes saved (57.4%)
  0x40, 0xCF, 0x0A, 0x70, 0xEF, 0x08, 0x4F, 0x90, 0xC6, 0x01, 0xF9, 0x0A, 0x30, 0x2F, 0x90, 0x76,
  0x03, 0xF9, 0x06, 0x30, 0x4F, 0x90, 0x36, 0x06, 0xF9, 0x01, 0x30, 0x7F, 0x0E, 0x70, 0x9F, 0x0C,
  0x40, 0xAF, 0x09, 0x70, 0xCF, 0x08, 0x40, 0xDF, 0x04, 0x7F, 0x90, 0x34, 0xF0, 0xE7, 0x03, 0xF0,
  0xD4, 0x03, 0xF0, 0x87, 0x06, 0xF0, 0x74, 0x06, 0xF0, 0x37, 0x09, 0xF0, 0x24, 0x0A, 0xE0, 0xD7,
  0x10, 0xCE, 0x0C, 0x50, 0xDE, 0x07, 0x71, 0xF0, 0x65, 0xF0, 0x17, 0x03, 0xE0, 0xE5, 0x03, 0xE0,
  0xA7, 0x10, 0x7E, 0x09, 0x50, 0x7E, 0x04, 0x71, 0x0A, 0xE0, 0x35, 0x0A, 0xD0, 0xD7, 0x20, 0xDD,
  0x0C, 0x60, 0xDD, 0x07, 0x71, 0x02, 0xE0, 0x65, 0x01, 0xE0, 0x17, 0x10, 0x5D, 0x0E, 0x60, 0x5D,
  0x09, 0x72, 0x09, 0xD0, 0x86, 0x09, 0xD0, 0x27, 0x20, 0xDD, 0x01, 0x60, 0xDC, 0x0B, 0x72, 0x01,
  0xD0, 0xA7,
  // "‟" (U+201F), RLE, 175 bytes saved (57.4%)
  0x0B, 0xF0, 0xA7, 0x0D, 0xF0, 0x94, 0x0C, 0xF0, 0xD6, 0x01, 0xF9, 0x0C, 0x40, 0x8F, 0x97, 0x0C,
  0xF0, 0xE4, 0x03, 0xF9, 0x03, 0x60, 0x7F, 0x90, 0x24, 0x0E, 0xF0, 0x66, 0x02, 0xF9, 0x04, 0x40,
  0x9F, 0x08, 0x70, 0xDF, 0x07, 0x40, 0x4F, 0x0B, 0x70, 0x8F, 0x0A, 0x50, 0xEE, 0x0E, 0x70, 0x3F,
  0x0D, 0x50, 0x9F, 0x02, 0x70, 0xDF, 0x01, 0x40, 0x3F, 0x05, 0x70, 0x7F, 0x04, 0x50, 0xDE, 0x08,
  0x70, 0x1F, 0x07, 0x50, 0x8E, 0x0C, 0x71, 0x0B, 0xE0, 0xA5, 0x02, 0xF7, 0x10, 0x5E, 0x0E, 0x60,
  0xBE, 0x03, 0x71, 0x0E, 0xE0, 0x25, 0x05, 0xE0, 0x67, 0x10, 0x8E, 0x05, 0x60, 0xED, 0x0A, 0x71,
  0x02, 0xE0, 0x86, 0x08, 0xD0, 0xD7, 0x20, 0xBD, 0x0C, 0x60, 0x1E, 0x01, 0x71, 0x04, 0xE7, 0x0A,
  0xD0, 0x57, 0x20, 0xDD, 0x04, 0x60, 0x3D, 0x09, 0x72, 0x06, 0xD0, 0x77, 0x0C, 0xC0, 0xC7, 0x30,
  0xEC, 0x0B,
  // "†" (U+2020), RLE, 785 bytes saved (71.0%)
  0x75, 0x08, 0xF0, 0xE7, 0x77, 0x40, 0x7F, 0x0C, 0x77, 0x74, 0x05, 0xF0, 0xA7, 0x77, 0x40, 0x3F,
  0x08, 0x77, 0x74, 0x01, 0xF0, 0x67, 0x77, 0x5F, 0x04, 0x77, 0x75, 0x0D, 0xE0, 0x27, 0x77, 0x50,
  0xBE, 0x01, 0x77, 0x75, 0x0A, 0xD0, 0xE7, 0x77, 0x60, 0x8D, 0x0C, 0x77, 0x76, 0x06, 0xD0, 0xB7,
  0x77, 0x60, 0x4D, 0x09, 0x77, 0x76, 0x02, 0xD0, 0x77, 0x77, 0x60, 0x1D, 0x05, 0x77, 0x77, 0x0E,
  0xC0, 0x37, 0x77, 0x70, 0xDC, 0x01, 0x77, 0x82, 0x24, 0x31, 0x73, 0x0B, 0xC7, 0x48, 0x31, 0x34,
  0x36, 0xC8, 0x90, 0xED, 0xBA, 0x87, 0x54, 0x3A, 0xB8, 0x91, 0xD2, 0x35, 0x68, 0x9A, 0xCD, 0xEC,
  0x08, 0x06, 0xFF, 0xFF, 0xC0, 0x80, 0x6F, 0xFF, 0xFC, 0x08, 0x06, 0xFF, 0xFF, 0xC0, 0x80, 0x6F,
  0xFF, 0xFC, 0x08, 0x06, 0xFC, 0x81, 0xEC, 0xDB, 0x82, 0xEC, 0xDE, 0xFC, 0x89, 0x28, 0x6E, 0xCB,
  0xA8, 0x75, 0x42, 0x13, 0x09, 0xB0, 0xD4, 0x89, 0x12, 0x34, 0x67, 0x8A, 0xBC, 0xE8, 0x77, 0x0A,
  0xB0, 0xE7, 0x77, 0x71, 0x0A, 0xC7, 0x77, 0x71, 0x0B, 0xC7, 0x77, 0x71, 0x0C, 0xC0, 0x17, 0x77,
  0x70, 0xDC, 0x01, 0x77, 0x77, 0x0D, 0xC0, 0x27, 0x77, 0x70, 0xEC, 0x03, 0x77, 0x77, 0xD0, 0x47,
  0x77, 0x7D, 0x05, 0x77, 0x76, 0x01, 0xD0, 0x57, 0x77, 0x60, 0x2D, 0x06, 0x77, 0x76, 0x02, 0xD0,
  0x77, 0x77, 0x60, 0x3D, 0x08, 0x77, 0x76, 0x04, 0xD0, 0x87, 0x77, 0x60, 0x5D, 0x09, 0x77, 0x76,
  0x05, 0xD0, 0xA7, 0x77, 0x60, 0x6D, 0x0B, 0x77, 0x76, 0x07, 0xD0, 0xC7, 0x77, 0x60, 0x8D, 0x0C,
  0x77, 0x76, 0x09, 0xD0, 0xD7, 0x77, 0x60, 0x9D, 0x0E, 0x77, 0x76, 0x0A, 0xE7, 0x77, 0x60, 0xBE,
  0x77, 0x76, 0x0C, 0xE0, 0x17, 0x77, 0x50, 0xCE, 0x02, 0x77, 0x75, 0x0D, 0xE0, 0x27, 0x77, 0x50,
  0xEE, 0x03, 0x77, 0x75, 0xF0, 0x47, 0x77, 0x5F, 0x05, 0x77, 0x74, 0x01, 0xF0, 0x57, 0x77, 0x40,
  0x1F, 0x06, 0x77, 0x74, 0x02, 0xF0, 0x77, 0x77, 0x40, 0x3F, 0x08, 0x77, 0x74, 0x04, 0xF0, 0x97,
  0x77, 0x40, 0x4F, 0x09, 0x77, 0x74, 0x05, 0xF0, 0xA7, 0x77, 0x40, 0x6F, 0x0B, 0x77, 0x74, 0x07,
  0xF0, 0xC7, 0x77, 0x40, 0x7F, 0x0D, 0x77, 0x74, 0x08, 0xF0, 0xD7, 0x77, 0x40, 0x9F, 0x0E, 0x76,
  // "‡" (U+2021), RLE, 759 bytes saved (68.7%)
  0x75, 0x06, 0xF9, 0x02, 0x77, 0x73, 0x04, 0xF9, 0x77, 0x74, 0x02, 0xF0, 0xE7, 0x77, 0x5F, 0x0C,
  0x77, 0x75, 0x0D, 0xE0, 0xA7, 0x77, 0x50, 0xBE, 0x08, 0x77, 0x75, 0x09, 0xE0, 0x67, 0x77, 0x50,
  0x7E, 0x04, 0x77, 0x75, 0x05, 0xE0, 0x27, 0x77, 0x50, 0x4E, 0x77, 0x76, 0x02, 0xD0, 0xE7, 0x77,
  0x7D, 0x0C, 0x77, 0x77, 0x0D, 0xC0, 0xA7, 0x77, 0x70, 0xBC, 0x08, 0x77, 0x77, 0x09, 0xC0, 0x67,
  0x78, 0x90, 0xBC, 0xA9, 0x86, 0x54, 0x21, 0x40, 0x7C, 0x04, 0x48, 0x91, 0x12, 0x45, 0x68, 0x9A,
  0xCB, 0xDF, 0xB8, 0x2E, 0xCB, 0xCC, 0x82, 0xBB, 0xDE, 0xFB, 0x00, 0xDF, 0xFF, 0xFC, 0x00, 0xDF,
  0xFF, 0xFC, 0x00, 0xDF, 0xFF, 0xFC, 0x00, 0xDF, 0xFF, 0xFC, 0x00, 0xDB, 0x89, 0x1E, 0xCB, 0xA8,
  0x76, 0x43, 0x27, 0xC8, 0x91, 0x42, 0x35, 0x67, 0x9A, 0xBD, 0xEB, 0x82, 0xD3, 0x21, 0x74, 0x09,
  0xC0, 0x67, 0x48, 0x11, 0x23, 0x77, 0x0C, 0xC0, 0x87, 0x77, 0x70, 0xEC, 0x0B, 0x77, 0x76, 0x01,
  0xD0, 0xD7, 0x77, 0x60, 0x4E, 0x77, 0x76, 0x06, 0xE0, 0x27, 0x77, 0x50, 0x9E, 0x05, 0x77, 0x75,
  0x0B, 0xE0, 0x77, 0x77, 0x50, 0xDE, 0x0A, 0x77, 0x75, 0xF0, 0xC7, 0x77, 0x40, 0x2F, 0x0E, 0x77,
  0x75, 0xF0, 0xC7, 0x77, 0x50, 0xDE, 0x0A, 0x77, 0x75, 0x0B, 0xE0, 0x87, 0x77, 0x50, 0x9E, 0x05,
  0x77, 0x75, 0x07, 0xE0, 0x37, 0x77, 0x50, 0x4E, 0x01, 0x77, 0x75, 0x02, 0xD0, 0xE7, 0x77, 0x7D,
  0x0C, 0x77, 0x77, 0x0D, 0xC0, 0x97, 0x77, 0x70, 0xAC, 0x07, 0x77, 0x85, 0x88, 0x76, 0x43, 0x17,
  0x08, 0xC0, 0x57, 0x86, 0x13, 0x46, 0x78, 0x8D, 0xF8, 0x5E, 0xDB, 0xA9, 0x7A, 0xC8, 0x58, 0x79,
  0xAB, 0xDE, 0xF0, 0x0D, 0xFF, 0xFF, 0xC0, 0x0D, 0xFF, 0xFF, 0xC0, 0x0D, 0xFF, 0xFF, 0xC0, 0x0D,
  0xFF, 0xFF, 0xC0, 0x0D, 0xE8, 0x6E, 0xDB, 0xA9, 0x76, 0x9C, 0x86, 0x76, 0x89, 0xAB, 0xDE, 0xE8,
  0x5D, 0x66, 0x53, 0x21, 0x71, 0x08, 0xC0, 0x57, 0x18, 0x41, 0x23, 0x56, 0x67, 0x70, 0xAC, 0x07,
  0x77, 0x77, 0x0C, 0xC0, 0x97, 0x77, 0x70, 0xEC, 0x0B, 0x77, 0x76, 0x01, 0xD0, 0xD7, 0x77, 0x60,
  0x3E, 0x77, 0x76, 0x05, 0xE0, 0x17, 0x77, 0x50, 0x7E, 0x03, 0x77, 0x75, 0x09, 0xE0, 0x57, 0x77,
  0x50, 0xBE, 0x07, 0x77, 0x75, 0x0D, 0xE0, 0x97, 0x77, 0x5F, 0x0B, 0x77, 0x74, 0x01, 0xF0, 0xE7,
  0x77, 0x40, 0x4F, 0x97, 0x77, 0x40, 0x6F, 0x90, 0x27, 0x50,
  // "•" (U+2022), RLE, 121 bytes saved (57.6%)
  0x68, 0x76, 0xAD, 0xEF, 0xDB, 0x72, 0x72, 0x06, 0x0E, 0xFA, 0x09, 0x01, 0x60, 0xAF, 0xD0, 0xD0,
  0x24, 0x09, 0xFF, 0x0D, 0x01, 0x20, 0x2F, 0xFA, 0x07, 0x20, 0x9F, 0xFA, 0x0E, 0x20, 0xDF, 0xFB,
  0x03, 0x01, 0xFF, 0xC0, 0x70, 0x3F, 0xFC, 0x09, 0x04, 0xFF, 0xC0, 0xA0, 0x5F, 0xFC, 0x0A, 0x04,
  0xFF, 0xC0, 0xA0, 0x3F, 0xFC, 0x09, 0x01, 0xFF, 0xC8, 0x16, 0x0D, 0xFF, 0xB8, 0x13, 0x09, 0xFF,
  0xA0, 0xE2, 0x02, 0xFF, 0xA0, 0x73, 0x07, 0xFF, 0x0C, 0x50, 0x9F, 0xD0, 0xD0, 0x16, 0x05, 0x0E,
  0xFA, 0x09, 0x73, 0x87, 0x5A, 0xDE, 0xFD, 0xB7, 0x15,
  // "…" (U+2026), RLE, 190 bytes saved (56.5%)
  0x28, 0x53, 0xAE, 0xFD, 0x92, 0x77, 0x28, 0x53, 0xAE, 0xFD, 0x92, 0x77, 0x18, 0x53, 0xAE, 0xFD,
  0x92, 0x30, 0x5F, 0x06, 0x77, 0x05, 0xF0, 0x67, 0x60, 0x5F, 0x81, 0x60, 0x2F, 0xA0, 0x27, 0x50,
  0x2F, 0xA0, 0x27, 0x40, 0x2F, 0xA0, 0x20, 0x7F, 0xA0, 0x87, 0x50, 0x7F, 0xA0, 0x87, 0x40, 0x7F,
  0xA0, 0x80, 0xBF, 0xA0, 0xB7, 0x50, 0xBF, 0xA0, 0xB7, 0x40, 0xBF, 0xA0, 0xB0, 0xCF, 0xA0, 0xC7,
  0x50, 0xCF, 0xA0, 0xC7, 0x40, 0xCF, 0xA0, 0x0C, 0xFA, 0x0C, 0x75, 0x0C, 0xFA, 0x0C, 0x74, 0x0C,
  0xFA, 0x0C, 0x0A, 0xFA, 0x0B, 0x75, 0x0A, 0xFA, 0x0B, 0x74, 0x0A, 0xFA, 0x0B, 0x07, 0xFA, 0x07,
  0x75, 0x07, 0xFA, 0x07, 0x74, 0x07, 0xFA, 0x81, 0x71, 0xEF, 0x0E, 0x01, 0x75, 0x01, 0x0E, 0xF0,
  0xE0, 0x17, 0x40, 0x10, 0xEF, 0x82, 0xE1, 0x04, 0xF0, 0x57, 0x70, 0x4F, 0x05, 0x76, 0x04, 0xF0,
  0x53, 0x85, 0x29, 0xEF, 0xD9, 0x27, 0x72, 0x85, 0x29, 0xEF, 0xD9, 0x27, 0x71, 0x85, 0x29, 0xEF,
  0xD9, 0x22,
  // "‰" (U+2030), RLE, 1920 bytes saved (65.5%)
  0x71, 0x89, 0x05, 0x9C, 0xEF, 0xED, 0xB7, 0x28, 0x09, 0x95, 0x00, 0x50, 0xDF, 0xB0, 0xA0, 0x17,
  0x77, 0x40, 0xCD, 0x0C, 0x80, 0xD2, 0x00, 0xAF, 0xE0, 0xE0, 0x47, 0x77, 0x20, 0x5E, 0x03, 0x80,
  0xD1, 0x00, 0xAF, 0xFA, 0x04, 0x77, 0x71, 0x0D, 0xD0, 0xA8, 0x0D, 0x10, 0x07, 0xFF, 0xB0, 0xE0,
  0x17, 0x76, 0x07, 0xE0, 0x28, 0x0D, 0x00, 0x01, 0x0E, 0xE8, 0x49, 0x30, 0x15, 0xCE, 0x0A, 0x77,
  0x50, 0x10, 0xED, 0x08, 0x80, 0xD1, 0x00, 0x8E, 0x05, 0x60, 0xAE, 0x03, 0x77, 0x40, 0x9D, 0x0E,
  0x01, 0x80, 0xD1, 0x00, 0xED, 0x08, 0x71, 0x0D, 0xD0, 0xB7, 0x73, 0x02, 0xE0, 0x68, 0x0D, 0x10,
  0x05, 0xD0, 0xE0, 0x17, 0x10, 0x4E, 0x01, 0x77, 0x20, 0xBD, 0x0D, 0x80, 0xD2, 0x00, 0x9D, 0x0A,
  0x73, 0x0D, 0xD0, 0x67, 0x71, 0x04, 0xE0, 0x58, 0x0D, 0x20, 0x0D, 0xD0, 0x57, 0x30, 0x8D, 0x0B,
  0x77, 0x10, 0xDD, 0x0B, 0x80, 0xD2, 0x00, 0x1E, 0x01, 0x73, 0x04, 0xD0, 0xE7, 0x70, 0x6E, 0x03,
  0x80, 0xD2, 0x00, 0x4D, 0x0E, 0x74, 0x01, 0xE0, 0x17, 0x60, 0xED, 0x0A, 0x80, 0xD3, 0x00, 0x6D,
  0x0C, 0x75, 0x0E, 0xD0, 0x47, 0x50, 0x8E, 0x01, 0x80, 0xD3, 0x00, 0x8D, 0x0A, 0x75, 0x0D, 0xD0,
  0x67, 0x40, 0x1E, 0x08, 0x80, 0xD4, 0x00, 0x9D, 0x09, 0x75, 0x0B, 0xD0, 0x77, 0x40, 0xAD, 0x0E,
  0x80, 0xD5, 0x00, 0xAD, 0x08, 0x75, 0x0A, 0xD0, 0x87, 0x30, 0x3E, 0x06, 0x80, 0xD5, 0x00, 0xBD,
  0x08, 0x75, 0x0A, 0xD0, 0x97, 0x30, 0xBD, 0x0D, 0x80, 0xD6, 0x00, 0xBD, 0x07, 0x75, 0x09, 0xD0,
  0xA7, 0x20, 0x5E, 0x04, 0x80, 0xD6, 0x00, 0xBD, 0x07, 0x75, 0x09, 0xD0, 0xA7, 0x20, 0xDD, 0x0B,
  0x80, 0xD7, 0x00, 0xBD, 0x08, 0x75, 0x0A, 0xD0, 0x97, 0x10, 0x6E, 0x03, 0x80, 0xD7, 0x00, 0xAD,
  0x08, 0x75, 0x0A, 0xD0, 0x87, 0x01, 0x0E, 0xD0, 0x98, 0x0E, 0x00, 0x09, 0xD0, 0x97, 0x50, 0xBD,
  0x07, 0x70, 0x8D, 0x0E, 0x01, 0x80, 0xE0, 0x00, 0x8D, 0x0A, 0x75, 0x0D, 0xD0, 0x66, 0x02, 0xE0,
  0x78, 0x0E, 0x10, 0x05, 0xD0, 0xC7, 0x50, 0xED, 0x04, 0x60, 0xAD, 0x0E, 0x80, 0xE2, 0x00, 0x3D,
  0x0E, 0x74, 0x01, 0xE0, 0x15, 0x03, 0xE0, 0x66, 0x89, 0x01, 0x7B, 0xDE, 0xFE, 0xC9, 0x57, 0x76,
  0x82, 0x38, 0xBE, 0xA8, 0x2E, 0xC8, 0x37, 0x2E, 0x02, 0x73, 0x05, 0xD0, 0xE6, 0x0C, 0xD0, 0xC5,
  0x01, 0x09, 0xFB, 0x0D, 0x05, 0x77, 0x20, 0x20, 0xBF, 0xB0, 0xC0, 0x37, 0x0C, 0xD0, 0x57, 0x30,
  0x8D, 0x0B, 0x50, 0x5E, 0x04, 0x40, 0x30, 0xEF, 0xE0, 0xA7, 0x70, 0x5F, 0xF0, 0x76, 0x07, 0xD0,
  0xA7, 0x30, 0xDD, 0x06, 0x50, 0xDD, 0x0B, 0x40, 0x20, 0xEF, 0xF9, 0x0B, 0x75, 0x05, 0xFF, 0xA0,
  0x85, 0x02, 0xD0, 0xE0, 0x17, 0x10, 0x4E, 0x01, 0x40, 0x7E, 0x02, 0x40, 0xDF, 0xFB, 0x09, 0x73,
  0x02, 0x0E, 0xFF, 0xB0, 0x55, 0x0C, 0xD0, 0x87, 0x10, 0xDD, 0x0B, 0x40, 0x10, 0xED, 0x09, 0x40,
  0x7E, 0x85, 0xD6, 0x10, 0x27, 0xEE, 0x03, 0x72, 0x0A, 0xE8, 0x4B, 0x41, 0x03, 0x9E, 0x0E, 0x50,
  0x4E, 0x05, 0x60, 0xAE, 0x03, 0x40, 0x9D, 0x0E, 0x01, 0x40, 0xED, 0x0C, 0x01, 0x50, 0x20, 0xED,
  0x0B, 0x71, 0x02, 0xE0, 0x96, 0x05, 0xE0, 0x75, 0x0C, 0xE8, 0x49, 0x30, 0x15, 0xCE, 0x0B, 0x40,
  0x2E, 0x07, 0x40, 0x6E, 0x02, 0x70, 0x4E, 0x04, 0x70, 0xAD, 0x0D, 0x71, 0x08, 0xD0, 0xE0, 0x14,
  0x03, 0xFF, 0xC0, 0x24, 0x0A, 0xD0, 0xD5, 0x0B, 0xD0, 0x97, 0x20, 0xAD, 0x09, 0x70, 0xED, 0x05,
  0x72, 0x0E, 0xD0, 0x65, 0x05, 0xFF, 0xA0, 0x54, 0x03, 0xE0, 0x55, 0xE0, 0x37, 0x20, 0x4D, 0x0E,
  0x60, 0x4D, 0x0E, 0x73, 0x08, 0xD0, 0xB6, 0x06, 0xFF, 0x05, 0x50, 0xCD, 0x0C, 0x50, 0x5D, 0x0E,
  0x74, 0x0E, 0xD0, 0x45, 0x08, 0xD0, 0xA7, 0x30, 0x3E, 0x01, 0x60, 0x30, 0xCF, 0xB0, 0xB0, 0x25,
  0x05, 0xE0, 0x35, 0x08, 0xD0, 0xB7, 0x40, 0xBD, 0x07, 0x50, 0xCD, 0x07, 0x74, 0x0E, 0xD0, 0x47,
  0x18, 0x23, 0x8C, 0xEA, 0x82, 0xDB, 0x72, 0x70, 0xDD, 0x0A, 0x60, 0xAD, 0x08, 0x74, 0x08, 0xD0,
  0xA5, 0x0E, 0xD0, 0x47, 0x40, 0xBD, 0x06, 0x77, 0x73, 0x07, 0xE0, 0x26, 0x0D, 0xD0, 0x57, 0x40,
  0x5D, 0x0D, 0x40, 0x1E, 0x02, 0x74, 0x09, 0xD0, 0x97, 0x77, 0x20, 0x10, 0xED, 0x08, 0x7E, 0x04,
  0x74, 0x04, 0xE4, 0x03, 0xE7, 0x50, 0x7D, 0x0B, 0x77, 0x72, 0x09, 0xD0, 0xE0, 0x17, 0xE0, 0x27,
  0x40, 0x2E, 0x01, 0x30, 0x4D, 0x0E, 0x75, 0x06, 0xD0, 0xD7, 0x77, 0x10, 0x2E, 0x07, 0x70, 0x1E,
  0x02, 0x74, 0x01, 0xE0, 0x23, 0x05, 0xD0, 0xD7, 0x50, 0x5D, 0x0D, 0x77, 0x71, 0x0B, 0xD0, 0xD7,
  0x10, 0x2E, 0x01, 0x74, 0x01, 0xE0, 0x23, 0x06, 0xD0, 0xD7, 0x50, 0x4D, 0x0E, 0x77, 0x70, 0x4E,
  0x05, 0x71, 0x02, 0xE0, 0x17, 0x5E, 0x03, 0x30, 0x6D, 0x0D, 0x75, 0x04, 0xE7, 0x77, 0x0C, 0xD0,
  0xC7, 0x20, 0x2E, 0x01, 0x75, 0xE0, 0x33, 0x06, 0xD0, 0xD7, 0x50, 0x4E, 0x77, 0x60, 0x6E, 0x03,
  0x72, 0x02, 0xE0, 0x17, 0x40, 0x1E, 0x02, 0x30, 0x5D, 0x0D, 0x75, 0x04, 0xD0, 0xE7, 0x76, 0x0E,
  0xD0, 0xA7, 0x30, 0x1E, 0x02, 0x74, 0x01, 0xE0, 0x23, 0x05, 0xD0, 0xD7, 0x50, 0x5D, 0x0D, 0x77,
  0x50, 0x7E, 0x02, 0x74, 0xE0, 0x37, 0x40, 0x2E, 0x01, 0x30, 0x4D, 0x0E, 0x75, 0x06, 0xD0, 0xD7,
  0x74, 0x01, 0x0E, 0xD0, 0x87, 0x50, 0xED, 0x04, 0x74, 0x04, 0xE4, 0x03, 0xE7, 0x50, 0x7D, 0x0B,
  0x77, 0x40, 0x9D, 0x0E, 0x01, 0x75, 0x0C, 0xD0, 0x67, 0x40, 0x5D, 0x0D, 0x5E, 0x02, 0x74, 0x09,
  0xD0, 0x97, 0x73, 0x03, 0xE0, 0x67, 0x60, 0x9D, 0x08, 0x74, 0x08, 0xD0, 0xA5, 0x0D, 0xD0, 0x47,
  0x40, 0xBD, 0x07, 0x77, 0x30, 0xBD, 0x0D, 0x77, 0x07, 0xD0, 0xB7, 0x40, 0xBD, 0x08, 0x50, 0xBD,
  0x07, 0x74, 0xE0, 0x47, 0x72, 0x04, 0xE0, 0x47, 0x70, 0x3D, 0x0E, 0x74, 0x0E, 0xD0, 0x45, 0x07,
  0xD0, 0xA7, 0x30, 0x3E, 0x01, 0x77, 0x20, 0xDD, 0x0B, 0x77, 0x20, 0xED, 0x03, 0x72, 0x05, 0xD0,
  0xE6, 0x02, 0xD0, 0xE7, 0x30, 0x8D, 0x0B, 0x77, 0x20, 0x6E, 0x03, 0x77, 0x20, 0x9D, 0x09, 0x72,
  0x0B, 0xD0, 0xA7, 0x0D, 0xD0, 0x57, 0x20, 0xED, 0x07, 0x77, 0x20, 0xED, 0x09, 0x77, 0x30, 0x3E,
  0x02, 0x70, 0x4E, 0x04, 0x70, 0x7D, 0x0D, 0x71, 0x08, 0xE0, 0x17, 0x71, 0x08, 0xE0, 0x17, 0x74,
  0x0B, 0xD0, 0xC0, 0x15, 0x02, 0x0E, 0xD0, 0xC7, 0x20, 0xED, 0x0A, 0x60, 0x5E, 0x09, 0x77, 0x10,
  0x1E, 0x08, 0x77, 0x50, 0x3E, 0x85, 0xD6, 0x10, 0x27, 0xEE, 0x05, 0x72, 0x07, 0xE8, 0x4C, 0x41,
  0x03, 0x9F, 0x01, 0x77, 0x10, 0xAD, 0x0E, 0x77, 0x70, 0x9F, 0xFB, 0x0B, 0x74, 0x0C, 0xFF, 0xB0,
  0x77, 0x71, 0x03, 0xE0, 0x67, 0x77, 0x10, 0xBF, 0xF9, 0x0D, 0x01, 0x74, 0x02, 0x0E, 0xFF, 0x90,
  0xA7, 0x72, 0x0B, 0xD0, 0xD7, 0x77, 0x30, 0xBF, 0xE0, 0xC0, 0x17, 0x60, 0x20, 0xDF, 0xE0, 0x97,
  0x72, 0x05, 0xE0, 0x47, 0x77, 0x40, 0x60, 0xEF, 0xA0, 0xE0, 0x77, 0x72, 0x01, 0x09, 0xFB, 0x0D,
  0x05, 0x80, 0xE0, 0x08, 0x76, 0xAD, 0xEF, 0xED, 0xA5, 0x77, 0x68, 0x21, 0x7B, 0xDA, 0x82, 0xEC,
  0x94, 0x71,
  // "‹" (U+2039), RLE, 231 bytes saved (61.1%)
  0x77, 0x00, 0x27, 0x74, 0x83, 0x1D, 0xF9, 0x17, 0x72, 0x0B, 0xB0, 0xE0, 0x67, 0x70, 0x9E, 0x0D,
  0x01, 0x74, 0x07, 0xF0, 0x87, 0x40, 0x4F, 0x0B, 0x74, 0x02, 0x0E, 0xE0, 0xD0, 0x17, 0x30, 0x10,
  0xDE, 0x0E, 0x02, 0x74, 0x0B, 0xF0, 0x47, 0x40, 0x9F, 0x07, 0x74, 0x07, 0xF0, 0xA7, 0x40, 0x4F,
  0x0C, 0x74, 0x02, 0x0E, 0xE0, 0xE0, 0x17, 0x30, 0x10, 0xDF, 0x03, 0x74, 0x0C, 0xF0, 0x57, 0x40,
  0xAF, 0x08, 0x74, 0x07, 0xF0, 0xB7, 0x40, 0x4F, 0x0D, 0x01, 0x74, 0x08, 0xF0, 0x77, 0x50, 0x20,
  0xEF, 0x04, 0x75, 0x03, 0xF0, 0xE0, 0x27, 0x50, 0x6F, 0x0C, 0x76, 0x08, 0xF0, 0xA7, 0x60, 0xBF,
  0x08, 0x76, 0x0C, 0xF0, 0x57, 0x50, 0x20, 0xEE, 0x0E, 0x03, 0x75, 0x03, 0xF0, 0xD0, 0x17, 0x50,
  0x5F, 0x0C, 0x76, 0x08, 0xF0, 0x97, 0x60, 0xAF, 0x06, 0x76, 0x0C, 0xF0, 0x47, 0x50, 0x10, 0xEE,
  0x0E, 0x02, 0x75, 0x03, 0xF0, 0xD7, 0x60, 0x5D, 0x0E, 0x07, 0x77, 0x08, 0xB0, 0xA0, 0x17, 0x72,
  0x81, 0xAC, 0x34,
  // "›" (U+203A), RLE, 231 bytes saved (61.1%)
  0x50, 0x47, 0x74, 0x82, 0x3C, 0xF8, 0x77, 0x10, 0x10, 0xAC, 0x05, 0x76, 0x04, 0x0E, 0xE0, 0x37,
  0x60, 0xDE, 0x0E, 0x02, 0x75, 0x02, 0x0E, 0xE0, 0xC7, 0x60, 0x4F, 0x0B, 0x76, 0x06, 0xF0, 0x87,
  0x60, 0x9F, 0x06, 0x76, 0x0C, 0xF0, 0x47, 0x50, 0x10, 0xDE, 0x0E, 0x02, 0x75, 0x03, 0xF0, 0xD0,
  0x17, 0x50, 0x5F, 0x0B, 0x76, 0x08, 0xF0, 0x97, 0x60, 0xBF, 0x07, 0x76, 0x0D, 0xF0, 0x47, 0x50,
  0x20, 0xEE, 0x0E, 0x02, 0x75, 0x04, 0xF0, 0xD0, 0x17, 0x50, 0xCF, 0x03, 0x74, 0x09, 0xF0, 0xB7,
  0x40, 0x6F, 0x0C, 0x74, 0x03, 0xF0, 0xE0, 0x17, 0x30, 0x10, 0xEF, 0x03, 0x74, 0x0C, 0xF0, 0x57,
  0x40, 0xAF, 0x07, 0x74, 0x07, 0xF0, 0xA7, 0x40, 0x5F, 0x0C, 0x74, 0x02, 0x0E, 0xE0, 0xD0, 0x17,
  0x30, 0x10, 0xDE, 0x0E, 0x03, 0x74, 0x0B, 0xF0, 0x47, 0x40, 0x9F, 0x07, 0x74, 0x06, 0xF0, 0x97,
  0x40, 0x3F, 0x0B, 0x75, 0x01, 0x0A, 0xD0, 0xD0, 0x17, 0x70, 0x40, 0xDA, 0x0E, 0x02, 0x77, 0x38,
  0x17, 0xE4, 0x77,
  // "⁄" (U+2044), RLE, 1048 bytes saved (76.3%)
  0x80, 0xC1, 0x00, 0x3E, 0x03, 0x80, 0xC1, 0x00, 0xDD, 0x09, 0x80, 0xC1, 0x00, 0x7D, 0x0E, 0x01,
  0x80, 0xC0, 0x00, 0x10, 0xED, 0x05, 0x80, 0xC1, 0x00, 0xAD, 0x0B, 0x80, 0xC1, 0x00, 0x4E, 0x02,
  0x80, 0xC1, 0x00, 0xDD, 0x08, 0x80, 0xC1, 0x00, 0x8D, 0x0D, 0x80, 0xC1, 0x00, 0x2E, 0x04, 0x80,
  0xC1, 0x00, 0xBD, 0x0A, 0x80, 0xC1, 0x00, 0x6D, 0x0E, 0x01, 0x80, 0xC0, 0x00, 0x10, 0xED, 0x06,
  0x80, 0xC1, 0x00, 0x9D, 0x0C, 0x80, 0xC1, 0x00, 0x3E, 0x03, 0x80, 0xC1, 0x00, 0xCD, 0x09, 0x80,
  0xC1, 0x00, 0x7D, 0x0E, 0x01, 0x80, 0xC0, 0x00, 0x10, 0xED, 0x05, 0x80, 0xC1, 0x00, 0xAD, 0x0B,
  0x80, 0xC1, 0x00, 0x4E, 0x02, 0x80, 0xC1, 0x00, 0xDD, 0x08, 0x80, 0xC1, 0x00, 0x8D, 0x0D, 0x80,
  0xC1, 0x00, 0x2E, 0x04, 0x80, 0xC1, 0x00, 0xBD, 0x0A, 0x80, 0xC1, 0x00, 0x5D, 0x0E, 0x01, 0x80,
  0xC0, 0x00, 0x10, 0xED, 0x07, 0x80, 0xC1, 0x00, 0x9D, 0x0C, 0x80, 0xC1, 0x00, 0x3E, 0x03, 0x80,
  0xC1, 0x00, 0xCD, 0x09, 0x80, 0xC1, 0x00, 0x7D, 0x0E, 0x01, 0x80, 0xC0, 0x00, 0x10, 0xED, 0x05,
  0x80, 0xC1, 0x00, 0xAD, 0x0B, 0x80, 0xC1, 0x00, 0x4E, 0x02, 0x80, 0xC1, 0x00, 0xDD, 0x08, 0x80,
  0xC1, 0x00, 0x8D, 0x0D, 0x80, 0xC1, 0x00, 0x2E, 0x04, 0x80, 0xC1, 0x00, 0xBD, 0x0A, 0x80, 0xC1,
  0x00, 0x5D, 0x0E, 0x01, 0x80, 0xC0, 0x00, 0x10, 0xED, 0x07, 0x80, 0xC1, 0x00, 0x9D, 0x0C, 0x80,
  0xC1, 0x00, 0x3E, 0x03, 0x80, 0xC1, 0x00, 0xCD, 0x09, 0x80, 0xC1, 0x00, 0x6D, 0x0E, 0x01, 0x80,
  0xC0, 0x00, 0x10, 0xED, 0x06, 0x80, 0xC1, 0x00, 0xAD, 0x0C, 0x80, 0xC1, 0x00, 0x4E, 0x02, 0x80,
  0xC1, 0x00, 0xDD, 0x08, 0x80, 0xC1, 0x00, 0x7D, 0x0D, 0x80, 0xC1, 0x00, 0x2E, 0x05, 0x80, 0xC1,
  0x00, 0xBD, 0x0B, 0x80, 0xC1, 0x00, 0x5D, 0x0E, 0x02, 0x80, 0xC1, 0x00, 0xED, 0x07, 0x80, 0xC1,
  0x00, 0x9D, 0x0D, 0x80, 0xC1, 0x00, 0x3E, 0x03, 0x80, 0xC1, 0x00, 0xCD, 0x09, 0x80, 0xC1, 0x00,
  0x6D, 0x0E, 0x01, 0x80, 0xC0, 0x00, 0x10, 0xED, 0x06, 0x80, 0xC1, 0x00, 0xAD, 0x0C, 0x80, 0xC1,
  0x00, 0x4E, 0x03, 0x80, 0xC1, 0x00, 0xDD, 0x08, 0x80, 0xC1, 0x00, 0x7D, 0x0D, 0x80, 0xC1, 0x00,
  0x2E, 0x05, 0x80, 0xC1, 0x00,
  // "™" (U+2122), RLE, 518 bytes saved (55.7%)
  0x05, 0x80, 0xA2, 0x90, 0x33, 0x80, 0x49, 0x01, 0x77, 0x10, 0x68, 0x03, 0x90, 0x20, 0x8F, 0xFF,
  0x90, 0x53, 0xF9, 0x06, 0x77, 0x10, 0xEF, 0x04, 0x08, 0xFF, 0xF9, 0x05, 0x3F, 0x90, 0xC7, 0x70,
  0x4F, 0x90, 0x40, 0x8F, 0xFF, 0x90, 0x53, 0xFA, 0x01, 0x76, 0x0A, 0xF9, 0x04, 0x08, 0xFF, 0xF9,
  0x05, 0x3F, 0xA0, 0x77, 0x6F, 0xA0, 0x47, 0x20, 0xDC, 0x08, 0x75, 0xFA, 0x0C, 0x75, 0x06, 0xFA,
  0x04, 0x72, 0x0D, 0xC0, 0x87, 0x5F, 0xB0, 0x27, 0x40, 0xBF, 0xA0, 0x47, 0x20, 0xDC, 0x08, 0x75,
  0xC0, 0xE0, 0xDC, 0x07, 0x73, 0x01, 0xC0, 0xCD, 0x04, 0x72, 0x0D, 0xC0, 0x87, 0x5C, 0x0E, 0x07,
  0xC0, 0xD7, 0x30, 0x7C, 0x05, 0xD0, 0x47, 0x20, 0xDC, 0x08, 0x75, 0xC0, 0xE0, 0x1D, 0x03, 0x72,
  0x0C, 0xB0, 0xE0, 0x1D, 0x04, 0x72, 0x0D, 0xC0, 0x87, 0x5D, 0x10, 0xBC, 0x08, 0x71, 0x02, 0xC0,
  0x80, 0x2D, 0x04, 0x72, 0x0D, 0xC0, 0x87, 0x5D, 0x10, 0x5C, 0x0D, 0x71, 0x08, 0xC0, 0x30, 0x2D,
  0x04, 0x72, 0x0D, 0xC0, 0x87, 0x5D, 0x81, 0x10, 0xEC, 0x03, 0x70, 0xDB, 0x81, 0xC0, 0x3D, 0x04,
  0x72, 0x0D, 0xC0, 0x87, 0x5D, 0x81, 0x10, 0xAC, 0x09, 0x60, 0x3C, 0x81, 0x60, 0x3D, 0x04, 0x72,
  0x0D, 0xC0, 0x87, 0x5D, 0x81, 0x10, 0x4C, 0x0E, 0x60, 0x9C, 0x81, 0x10, 0x3D, 0x04, 0x72, 0x0D,
  0xC0, 0x87, 0x5D, 0x01, 0x20, 0xEC, 0x04, 0x50, 0xEB, 0x0A, 0x20, 0x3D, 0x04, 0x72, 0x0D, 0xC0,
  0x87, 0x5D, 0x01, 0x20, 0x8C, 0x09, 0x40, 0x5C, 0x04, 0x20, 0x3D, 0x04, 0x72, 0x0D, 0xC0, 0x87,
  0x5D, 0x01, 0x20, 0x3C, 0x0E, 0x40, 0xAB, 0x0E, 0x30, 0x3D, 0x04, 0x72, 0x0D, 0xC0, 0x87, 0x5D,
  0x01, 0x30, 0xDC, 0x05, 0x20, 0x1C, 0x08, 0x30, 0x3D, 0x04, 0x72, 0x0D, 0xC0, 0x87, 0x5D, 0x01,
  0x30, 0x7C, 0x0A, 0x20, 0x6C, 0x02, 0x30, 0x3D, 0x04, 0x72, 0x0D, 0xC0, 0x87, 0x5D, 0x01, 0x30,
  0x2D, 0x81, 0x10, 0xBB, 0x0C, 0x40, 0x3D, 0x04, 0x72, 0x0D, 0xC0, 0x87, 0x5D, 0x01, 0x40, 0xCC,
  0x05, 0x01, 0xC0, 0x64, 0x03, 0xD0, 0x47, 0x20, 0xDC, 0x08, 0x75, 0xD0, 0x14, 0x06, 0xC0, 0xB0,
  0x7C, 0x01, 0x40, 0x3D, 0x04, 0x72, 0x0D, 0xC0, 0x87, 0x5D, 0x01, 0x40, 0x1D, 0x0D, 0xB0, 0xA5,
  0x03, 0xD0, 0x47, 0x20, 0xDC, 0x08, 0x75, 0xD0, 0x15, 0x0A, 0xF9, 0x04, 0x50, 0x3D, 0x04, 0x72,
  0x0D, 0xC0, 0x87, 0x5D, 0x01, 0x50, 0x5F, 0x0D, 0x60, 0x3D, 0x04, 0x72, 0x0D, 0xC0, 0x87, 0x5D,
  0x01, 0x60, 0xEE, 0x08, 0x60, 0x3D, 0x04, 0x72, 0x0D, 0xC0, 0x87, 0x5D, 0x01, 0x60, 0x9E, 0x02,
  0x60, 0x3D, 0x04, 0x72, 0x0D, 0xC0, 0x87, 0x5D, 0x01, 0x60, 0x4D, 0x0B, 0x70, 0x3D, 0x04, 0x72,
  0x0D, 0xC0, 0x87, 0x5D, 0x01, 0x70, 0xDC, 0x05, 0x70, 0x3D, 0x04, 0x72, 0x84, 0x67, 0x77, 0x74,
  0x75, 0x80, 0x17, 0x71, 0x04, 0x80, 0x07, 0x71, 0x01, 0x80, 0x17, 0x02,
  // "⅒" (U+2152), RLE, 1814 bytes saved (67.7%)
  0x73, 0x05, 0x0E, 0xD0, 0x98, 0x09, 0x90, 0x00, 0xAF, 0x09, 0x77, 0x73, 0x03, 0xE0, 0x38, 0x0C,
  0x60, 0x03, 0x0D, 0xF9, 0x09, 0x77, 0x73, 0x0D, 0xD0, 0x98, 0x0C, 0x60, 0x07, 0xFB, 0x09, 0x77,
  0x72, 0x07, 0xD0, 0xE0, 0x18, 0x0C, 0x40, 0x01, 0x0B, 0xFC, 0x09, 0x77, 0x71, 0x01, 0x0E, 0xD0,
  0x58, 0x0C, 0x40, 0x04, 0x0E, 0xE0, 0xED, 0x09, 0x77, 0x71, 0x0A, 0xD0, 0xB8, 0x0C, 0x40, 0x08,
  0xF0, 0xC0, 0x4D, 0x09, 0x77, 0x70, 0x4E, 0x02, 0x80, 0xC2, 0x00, 0x20, 0xCF, 0x81, 0xA0, 0x3D,
  0x09, 0x77, 0x70, 0xDD, 0x08, 0x80, 0xC3, 0x00, 0x8F, 0x07, 0x20, 0x4D, 0x09, 0x77, 0x60, 0x8D,
  0x0D, 0x80, 0xC5, 0x00, 0xCC, 0x0D, 0x03, 0x30, 0x5D, 0x09, 0x77, 0x50, 0x2E, 0x04, 0x80, 0xC5,
  0x00, 0x20, 0xEA, 0x0A, 0x50, 0x6D, 0x09, 0x77, 0x50, 0xBD, 0x0A, 0x80, 0xC7, 0x08, 0x16, 0xE5,
  0x60, 0x6D, 0x09, 0x77, 0x40, 0x6D, 0x0E, 0x01, 0x80, 0xD0, 0x00, 0x17, 0x07, 0xD0, 0x97, 0x73,
  0x01, 0x0E, 0xD0, 0x68, 0x0E, 0x10, 0x07, 0xD0, 0x97, 0x73, 0x09, 0xD0, 0xC8, 0x0E, 0x20, 0x07,
  0xD0, 0x97, 0x72, 0x03, 0xE0, 0x38, 0x0E, 0x20, 0x07, 0xD0, 0x97, 0x72, 0x0C, 0xD0, 0x98, 0x0E,
  0x30, 0x07, 0xD0, 0x97, 0x71, 0x07, 0xD0, 0xE0, 0x18, 0x0E, 0x30, 0x07, 0xD0, 0x97, 0x70, 0x10,
  0xED, 0x05, 0x80, 0xE4, 0x00, 0x7D, 0x09, 0x77, 0x0A, 0xD0, 0xB8, 0x0E, 0x50, 0x07, 0xD0, 0x97,
  0x60, 0x4E, 0x02, 0x80, 0xE5, 0x00, 0x7D, 0x09, 0x76, 0x0D, 0xD0, 0x88, 0x0E, 0x60, 0x07, 0xD0,
  0x97, 0x50, 0x8D, 0x0D, 0x80, 0xE7, 0x00, 0x7D, 0x09, 0x74, 0x02, 0xE0, 0x48, 0x0E, 0x70, 0x07,
  0xD0, 0x97, 0x40, 0xBD, 0x0A, 0x80, 0xF0, 0x00, 0x7D, 0x09, 0x73, 0x05, 0xD0, 0xE0, 0x17, 0x77,
  0x74, 0x84, 0x23, 0x44, 0x31, 0x77, 0x71, 0x07, 0xD0, 0x97, 0x20, 0x10, 0xED, 0x07, 0x72, 0x05,
  0x0E, 0xD0, 0x97, 0x68, 0x14, 0xAE, 0xE8, 0x1D, 0x93, 0x77, 0x50, 0x7D, 0x09, 0x72, 0x09, 0xD0,
  0xC7, 0x20, 0xAF, 0x09, 0x74, 0x03, 0x0C, 0xFD, 0x0A, 0x01, 0x77, 0x30, 0x7D, 0x09, 0x71, 0x03,
  0xE0, 0x37, 0x03, 0x0D, 0xF9, 0x09, 0x73, 0x05, 0xFF, 0x90, 0xE0, 0x37, 0x72, 0x07, 0xD0, 0x97,
  0x10, 0xCD, 0x09, 0x70, 0x7F, 0xB0, 0x97, 0x20, 0x5F, 0xFB, 0x0E, 0x02, 0x77, 0x10, 0x7D, 0x09,
  0x70, 0x7D, 0x0E, 0x01, 0x50, 0x10, 0xBF, 0xC0, 0x97, 0x10, 0x10, 0xEF, 0xFC, 0x0D, 0x77, 0x10,
  0x7D, 0x09, 0x60, 0x10, 0xED, 0x05, 0x50, 0x40, 0xEE, 0x0E, 0xD0, 0x97, 0x10, 0xAE, 0x85, 0xE8,
  0x30, 0x13, 0x9F, 0x08, 0x77, 0x07, 0xD0, 0x96, 0x0A, 0xD0, 0xB5, 0x08, 0xF0, 0xC0, 0x4D, 0x09,
  0x70, 0x2E, 0x0D, 0x02, 0x60, 0x30, 0xEE, 0x01, 0x76, 0x07, 0xD0, 0x95, 0x04, 0xE0, 0x23, 0x02,
  0x0C, 0xF8, 0x1A, 0x03, 0xD0, 0x97, 0x09, 0xE0, 0x37, 0x10, 0x4E, 0x08, 0x76, 0x07, 0xD0, 0x95,
  0x0D, 0xD0, 0x84, 0x08, 0xF0, 0x72, 0x04, 0xD0, 0x97, 0x0E, 0xD0, 0x97, 0x30, 0x9D, 0x0D, 0x76,
  0x07, 0xD0, 0x94, 0x08, 0xD0, 0xD6, 0x0C, 0xC0, 0xD0, 0x33, 0x05, 0xD0, 0x96, 0x04, 0xE0, 0x27,
  0x30, 0x2E, 0x03, 0x75, 0x07, 0xD0, 0x93, 0x02, 0xE0, 0x46, 0x02, 0x0E, 0xA0, 0xA5, 0x06, 0xD0,
  0x96, 0x08, 0xD0, 0xC7, 0x50, 0xCD, 0x07, 0x75, 0x07, 0xD0, 0x93, 0x0B, 0xD0, 0xA7, 0x18, 0x16,
  0xE5, 0x60, 0x6D, 0x09, 0x60, 0xBD, 0x09, 0x75, 0x08, 0xD0, 0xA7, 0x77, 0x05, 0xD0, 0xE0, 0x17,
  0x20, 0x17, 0x07, 0xD0, 0x96, 0x0E, 0xD0, 0x57, 0x50, 0x5D, 0x0D, 0x77, 0x60, 0x10, 0xED, 0x07,
  0x77, 0x40, 0x7D, 0x09, 0x6E, 0x03, 0x75, 0x02, 0xE7, 0x76, 0x09, 0xD0, 0xC7, 0x75, 0x07, 0xD0,
  0x95, 0x02, 0xE0, 0x17, 0x6E, 0x02, 0x77, 0x40, 0x3E, 0x03, 0x77, 0x50, 0x7D, 0x09, 0x50, 0x3E,
  0x77, 0x0E, 0xD0, 0x37, 0x74, 0x0C, 0xD0, 0x97, 0x76, 0x07, 0xD0, 0x95, 0x04, 0xE7, 0x70, 0xDD,
  0x04, 0x77, 0x30, 0x6D, 0x0E, 0x01, 0x77, 0x60, 0x7D, 0x09, 0x50, 0x5D, 0x0E, 0x77, 0x0D, 0xD0,
  0x57, 0x72, 0x01, 0x0E, 0xD0, 0x67, 0x77, 0x07, 0xD0, 0x95, 0x05, 0xD0, 0xE7, 0x70, 0xCD, 0x05,
  0x77, 0x20, 0xAD, 0x0C, 0x77, 0x71, 0x07, 0xD0, 0x95, 0x05, 0xD0, 0xE7, 0x70, 0xDD, 0x05, 0x77,
  0x10, 0x4E, 0x02, 0x77, 0x71, 0x07, 0xD0, 0x95, 0x05, 0xD0, 0xE7, 0x70, 0xDD, 0x05, 0x77, 0x10,
  0xDD, 0x08, 0x77, 0x72, 0x07, 0xD0, 0x95, 0x04, 0xE7, 0x70, 0xED, 0x04, 0x77, 0x07, 0xD0, 0xD7,
  0x77, 0x30, 0x7D, 0x09, 0x50, 0x3E, 0x77, 0xE0, 0x37, 0x60, 0x2E, 0x05, 0x77, 0x73, 0x07, 0xD0,
  0x95, 0x01, 0xE0, 0x27, 0x50, 0x1E, 0x01, 0x76, 0x0B, 0xD0, 0xB7, 0x77, 0x40, 0x7D, 0x09, 0x6E,
  0x04, 0x75, 0x03, 0xE7, 0x60, 0x5D, 0x0E, 0x02, 0x77, 0x74, 0x07, 0xD0, 0x96, 0x0C, 0xD0, 0x77,
  0x50, 0x6D, 0x0D, 0x76, 0x0E, 0xD0, 0x77, 0x77, 0x50, 0x7D, 0x09, 0x60, 0x9D, 0x0A, 0x75, 0x0A,
  0xD0, 0xA7, 0x50, 0x9D, 0x0D, 0x77, 0x76, 0x07, 0xD0, 0x96, 0x06, 0xD0, 0xE7, 0x50, 0xED, 0x06,
  0x74, 0x03, 0xE0, 0x37, 0x77, 0x60, 0x7D, 0x09, 0x60, 0x1E, 0x04, 0x73, 0x05, 0xE0, 0x27, 0x40,
  0xCD, 0x09, 0x77, 0x77, 0x07, 0xD0, 0x97, 0x0B, 0xD0, 0xB7, 0x30, 0xCD, 0x0C, 0x74, 0x06, 0xD0,
  0xE0, 0x17, 0x77, 0x70, 0x7D, 0x09, 0x70, 0x5E, 0x06, 0x71, 0x07, 0xE0, 0x77, 0x30, 0x10, 0xED,
  0x06, 0x77, 0x77, 0x10, 0x7D, 0x09, 0x71, 0x0D, 0xE0, 0x66, 0x08, 0xE0, 0xE0, 0x17, 0x30, 0xAD,
  0x0C, 0x77, 0x77, 0x20, 0x7D, 0x09, 0x71, 0x05, 0xF8, 0x4D, 0x85, 0x68, 0xDF, 0x07, 0x73, 0x04,
  0xE0, 0x37, 0x77, 0x72, 0x07, 0xD0, 0x97, 0x20, 0xAF, 0xFC, 0x0C, 0x74, 0x0D, 0xD0, 0x87, 0x77,
  0x73, 0x07, 0xD0, 0x97, 0x30, 0xCF, 0xFA, 0x0E, 0x02, 0x73, 0x07, 0xD0, 0xD7, 0x77, 0x74, 0x07,
  0xD0, 0x97, 0x40, 0xAF, 0xF0, 0xD0, 0x27, 0x30, 0x2E, 0x05, 0x77, 0x77, 0x40, 0x7D, 0x09, 0x75,
  0x05, 0x0D, 0xFB, 0x0E, 0x07, 0x80, 0x98, 0x50, 0x82, 0x49, 0xCE, 0xA8, 0x2E, 0xC9, 0x57, 0x20,
  // "ﬁ" (U+FB01), RLE, 980 bytes saved (66.0%)
  0x77, 0x38, 0x93, 0x15, 0x9C, 0xDE, 0xFE, 0xDC, 0x97, 0x37, 0x77, 0x72, 0x03, 0x0B, 0xFE, 0x81,
  0xE9, 0x17, 0x77, 0x40, 0x10, 0xBF, 0xFA, 0x0E, 0x58, 0x43, 0xAE, 0xFC, 0x47, 0x70, 0x30, 0xDF,
  0xFB, 0x0A, 0x40, 0x4E, 0x07, 0x75, 0x02, 0x0E, 0xFF, 0xC0, 0x54, 0x0D, 0xF0, 0x17, 0x40, 0xDF,
  0xFD, 0x40, 0x2F, 0x90, 0x67, 0x30, 0x7F, 0xA8, 0x6C, 0x75, 0x45, 0x7A, 0xDA, 0x0A, 0x40, 0x4F,
  0x90, 0x87, 0x30, 0xEF, 0x0E, 0x04, 0x71, 0x81, 0x27, 0x44, 0x04, 0xF9, 0x08, 0x72, 0x05, 0xF0,
  0xE0, 0x27, 0x72, 0x02, 0xF9, 0x06, 0x72, 0x0A, 0xF0, 0x67, 0x74, 0x0C, 0xF0, 0x17, 0x20, 0xEE,
  0x0E, 0x77, 0x50, 0x3E, 0x06, 0x72, 0x02, 0xF0, 0x97, 0x76, 0x84, 0x2A, 0xEF, 0xC4, 0x73, 0x05,
  0xF0, 0x58, 0x0C, 0x00, 0x06, 0xF0, 0x28, 0x0C, 0x00, 0x08, 0xF8, 0x0C, 0x10, 0x09, 0xF8, 0x0C,
  0x10, 0x09, 0xE0, 0xE8, 0x0C, 0x10, 0x09, 0xE0, 0xE8, 0x0C, 0x10, 0x09, 0xE0, 0xE8, 0x0C, 0x10,
  0x0A, 0xE0, 0xE7, 0x77, 0x76, 0x81, 0x49, 0xEF, 0xFD, 0x08, 0x71, 0x0A, 0xE0, 0xD3, 0x81, 0x38,
  0xEF, 0xFF, 0x90, 0x87, 0x10, 0xAE, 0x82, 0xD0, 0x6D, 0xFF, 0xFC, 0x08, 0x71, 0x0A, 0xE8, 0x1D,
  0x0A, 0xFF, 0xFD, 0x08, 0x71, 0x0A, 0xE8, 0x1D, 0x0A, 0xFF, 0xFD, 0x08, 0x71, 0x0A, 0xE8, 0x1D,
  0x0A, 0xFF, 0xFD, 0x08, 0x71, 0x0A, 0xE8, 0x1D, 0x03, 0x80, 0x34, 0x0B, 0xE0, 0xE8, 0x07, 0x40,
  0x27, 0x10, 0xAE, 0x0D, 0x72, 0x09, 0xE0, 0xE7, 0x76, 0x0A, 0xE0, 0xD7, 0x20, 0x9E, 0x0E, 0x77,
  0x60, 0xAE, 0x0D, 0x72, 0x09, 0xE0, 0xE7, 0x76, 0x0A, 0xE0, 0xD7, 0x20, 0x9E, 0x0E, 0x77, 0x60,
  0xAE, 0x0D, 0x72, 0x09, 0xE0, 0xE7, 0x76, 0x0A, 0xE0, 0xD7, 0x20, 0x9E, 0x0E, 0x77, 0x60, 0xAE,
  0x0D, 0x72, 0x09, 0xE0, 0xE7, 0x76, 0x0A, 0xE0, 0xD7, 0x20, 0x9E, 0x0E, 0x77, 0x60, 0xAE, 0x0D,
  0x72, 0x09, 0xE0, 0xE7, 0x76, 0x0A, 0xE0, 0xD7, 0x20, 0x9E, 0x0E, 0x77, 0x60, 0xAE, 0x0D, 0x72,
  0x09, 0xE0, 0xE7, 0x76, 0x0A, 0xE0, 0xD7, 0x20, 0x9E, 0x0E, 0x77, 0x60, 0xAE, 0x0D, 0x72, 0x09,
  0xE0, 0xE7, 0x76, 0x0A, 0xE0, 0xD7, 0x20, 0x9E, 0x0E, 0x77, 0x60, 0xAE, 0x0D, 0x72, 0x09, 0xE0,
  0xE7, 0x76, 0x0A, 0xE0, 0xD7, 0x20, 0x9E, 0x0E, 0x77, 0x60, 0xAE, 0x0D, 0x72, 0x09, 0xE0, 0xE7,
  0x76, 0x0A, 0xE0, 0xD7, 0x20, 0x9E, 0x0E, 0x77, 0x60, 0xAE, 0x0D, 0x72, 0x09, 0xE0, 0xE7, 0x76,
  0x0A, 0xE0, 0xD7, 0x20, 0x9E, 0x0E, 0x77, 0x60, 0xAE, 0x0D, 0x72, 0x09, 0xE0, 0xE7, 0x76, 0x0A,
  0xE0, 0xD7, 0x20, 0x9E, 0x0E, 0x77, 0x60, 0xAE, 0x0D, 0x72, 0x09, 0xE0, 0xE7, 0x76, 0x0A, 0xE0,
  0xD7, 0x20, 0x9E, 0x0E, 0x77, 0x60, 0xAE, 0x0D, 0x72, 0x09, 0xE0, 0xE7, 0x76, 0x0A, 0xE0, 0xD7,
  0x20, 0x9E, 0x0E, 0x77, 0x60, 0xAE, 0x0D, 0x72, 0x09, 0xE0, 0xE7, 0x76, 0x0A, 0xE0, 0xD7, 0x20,
  0x9E, 0x0E, 0x77, 0x60, 0xAE, 0x0D, 0x72, 0x09, 0xE0, 0xE7, 0x76, 0x0A, 0xE0, 0xD7, 0x20, 0x9E,
  0x0E, 0x77, 0x60, 0xAE, 0x0D, 0x72, 0x09, 0xE0, 0xE7, 0x76, 0x0A, 0xE0, 0xD7, 0x20, 0x9E, 0x0E,
  0x77, 0x60, 0xAE, 0x0D, 0x72, 0x09, 0xE0, 0xE7, 0x76, 0x0A, 0xE0, 0xD7, 0x20, 0x9E, 0x0E, 0x77,
  0x60, 0xAE, 0x0D, 0x72, 0x09, 0xE0, 0xE7, 0x76, 0x0A, 0xE0, 0xD7, 0x20, 0x9E, 0x0E, 0x77, 0x60,
  0xAE, 0x0D, 0x72, 0x09, 0xE0, 0xE7, 0x76, 0x0A, 0xE0, 0xD7, 0x20, 0x9E, 0x0E, 0x77, 0x60, 0xAE,
  0x0D, 0x72, 0x09, 0xE0, 0xE7, 0x76, 0x0A, 0xE0, 0xD1,
  // "ﬂ" (U+FB02), RLE, 933 bytes saved (64.3%)
  0x77, 0x38, 0x93, 0x15, 0x9C, 0xDE, 0xFE, 0xDC, 0x97, 0x37, 0x77, 0x71, 0x03, 0x0B, 0xFE, 0x81,
  0xE9, 0x13, 0x0A, 0xE0, 0xD7, 0x60, 0x10, 0xBF, 0xFA, 0x0E, 0x40, 0xAE, 0x0D, 0x75, 0x03, 0x0D,
  0xFF, 0xB0, 0xA4, 0x0A, 0xE0, 0xD7, 0x40, 0x20, 0xEF, 0xFC, 0x05, 0x40, 0xAE, 0x0D, 0x74, 0x0D,
  0xFF, 0xD5, 0x0A, 0xE0, 0xD7, 0x30, 0x7F, 0xA8, 0x6C, 0x75, 0x45, 0x7A, 0xDA, 0x0A, 0x50, 0xAE,
  0x0D, 0x73, 0x0E, 0xF0, 0xE0, 0x47, 0x18, 0x12, 0x74, 0x50, 0xAE, 0x0D, 0x72, 0x05, 0xF0, 0xE0,
  0x27, 0x73, 0x0A, 0xE0, 0xD7, 0x20, 0xAF, 0x06, 0x77, 0x40, 0xAE, 0x0D, 0x72, 0x0E, 0xE0, 0xE7,
  0x75, 0x0A, 0xE0, 0xD7, 0x10, 0x2F, 0x09, 0x77, 0x50, 0xAE, 0x0D, 0x71, 0x05, 0xF0, 0x57, 0x75,
  0x0A, 0xE0, 0xD7, 0x10, 0x6F, 0x02, 0x77, 0x50, 0xAE, 0x0D, 0x71, 0x08, 0xF7, 0x76, 0x0A, 0xE0,
  0xD7, 0x10, 0x9F, 0x77, 0x60, 0xAE, 0x0D, 0x71, 0x09, 0xE0, 0xE7, 0x76, 0x0A, 0xE0, 0xD7, 0x10,
  0x9E, 0x0E, 0x77, 0x60, 0xAE, 0x0D, 0x71, 0x09, 0xE0, 0xE7, 0x76, 0x0A, 0xE0, 0xD7, 0x10, 0xAE,
  0x0E, 0x77, 0x60, 0xAE, 0x0D, 0x58, 0x14, 0x9E, 0xFF, 0xD0, 0x87, 0x10, 0xAE, 0x0D, 0x28, 0x13,
  0x8E, 0xFF, 0xF9, 0x08, 0x71, 0x0A, 0xE8, 0x1D, 0x6D, 0xFF, 0xFC, 0x08, 0x71, 0x0A, 0xE0, 0xD0,
  0xAF, 0xFF, 0xD0, 0x87, 0x10, 0xAE, 0x0D, 0x0A, 0xFF, 0xFD, 0x08, 0x71, 0x0A, 0xE0, 0xD0, 0xAF,
  0xFF, 0xD0, 0x87, 0x10, 0xAE, 0x0D, 0x03, 0x80, 0x34, 0x0B, 0xE0, 0xE8, 0x07, 0x40, 0x27, 0x10,
  0xAE, 0x0D, 0x71, 0x09, 0xE0, 0xE7, 0x76, 0x0A, 0xE0, 0xD7, 0x10, 0x9E, 0x0E, 0x77, 0x60, 0xAE,
  0x0D, 0x71, 0x09, 0xE0, 0xE7, 0x76, 0x0A, 0xE0, 0xD7, 0x10, 0x9E, 0x0E, 0x77, 0x60, 0xAE, 0x0D,
  0x71, 0x09, 0xE0, 0xE7, 0x76, 0x0A, 0xE0, 0xD7, 0x10, 0x9E, 0x0E, 0x77, 0x60, 0xAE, 0x0D, 0x71,
  0x09, 0xE0, 0xE7, 0x76, 0x0A, 0xE0, 0xD7, 0x10, 0x9E, 0x0E, 0x77, 0x60, 0xAE, 0x0D, 0x71, 0x09,
  0xE0, 0xE7, 0x76, 0x0A, 0xE0, 0xD7, 0x10, 0x9E, 0x0E, 0x77, 0x60, 0xAE, 0x0D, 0x71, 0x09, 0xE0,
  0xE7, 0x76, 0x0A, 0xE0, 0xD7, 0x10, 0x9E, 0x0E, 0x77, 0x60, 0xAE, 0x0D, 0x71, 0x09, 0xE0, 0xE7,
  0x76, 0x0A, 0xE0, 0xD7, 0x10, 0x9E, 0x0E, 0x77, 0x60, 0xAE, 0x0D, 0x71, 0x09, 0xE0, 0xE7, 0x76,
  0x0A, 0xE0, 0xD7, 0x10, 0x9E, 0x0E, 0x77, 0x60, 0xAE, 0x0D, 0x71, 0x09, 0xE0, 0xE7, 0x76, 0x0A,
  0xE0, 0xD7, 0x10, 0x9E, 0x0E, 0x77, 0x60, 0xAE, 0x0D, 0x71, 0x09, 0xE0, 0xE7, 0x76, 0x0A, 0xE0,
  0xD7, 0x10, 0x9E, 0x0E, 0x77, 0x60, 0xAE, 0x0D, 0x71, 0x09, 0xE0, 0xE7, 0x76, 0x0A, 0xE0, 0xD7,
  0x10, 0x9E, 0x0E, 0x77, 0x60, 0xAE, 0x0D, 0x71, 0x09, 0xE0, 0xE7, 0x76, 0x0A, 0xE0, 0xD7, 0x10,
  0x9E, 0x0E, 0x77, 0x60, 0xAE, 0x0D, 0x71, 0x09, 0xE0, 0xE7, 0x76, 0x0A, 0xE0, 0xD7, 0x10, 0x9E,
  0x0E, 0x77, 0x60, 0xAE, 0x0D, 0x71, 0x09, 0xE0, 0xE7, 0x76, 0x0A, 0xE0, 0xD7, 0x10, 0x9E, 0x0E,
  0x77, 0x60, 0xAE, 0x0D, 0x71, 0x09, 0xE0, 0xE7, 0x76, 0x0A, 0xE0, 0xD7, 0x10, 0x9E, 0x0E, 0x77,
  0x60, 0xAE, 0x0D, 0x71, 0x09, 0xE0, 0xE7, 0x76, 0x0A, 0xE0, 0xD7, 0x10, 0x9E, 0x0E, 0x77, 0x60,
  0xAE, 0x0D, 0x71, 0x09, 0xE0, 0xE7, 0x76, 0x0A, 0xE0, 0xD7, 0x10, 0x9E, 0x0E, 0x77, 0x60, 0xAE,
  0x0D, 0x71, 0x09, 0xE0, 0xE7, 0x76, 0x0A, 0xE0, 0xD7, 0x10, 0x9E, 0x0E, 0x77, 0x60, 0xAE, 0x0D,
  0x71, 0x09, 0xE0, 0xE7, 0x76, 0x0A, 0xE0, 0xD7, 0x10, 0x9E, 0x0E, 0x77, 0x60, 0xAE, 0x0D, 0x71,
  0x09, 0xE0, 0xE7, 0x76, 0x0A, 0xE0, 0xD0,
  // Total: 143896 bytes.
};

const Font& font_NotoSans_Regular_86() {
  static SmoothFontV2 font(font_NotoSans_Regular_86_data);
  return font;
}

}  // namespace roo_display
